UTC,Ask,Bid,Ask Volume,Bid Volume
20.10.2025 11:00:00.123 UTC,1.40331,1.40321,0.0012,0.0033
20.10.2025 11:00:00.277 UTC,1.40332,1.40321,0.0012,0.0018
20.10.2025 11:00:00.380 UTC,1.40332,1.40321,0.0012,0.00135
20.10.2025 11:00:00.482 UTC,1.40332,1.40321,0.0012,0.0018
20.10.2025 11:00:00.687 UTC,1.40332,1.4032,0.0012,0.0024
20.10.2025 11:00:01.697 UTC,1.40331,1.40321,0.00132,0.00225
20.10.2025 11:00:02.205 UTC,1.40332,1.4032,0.00132,0.0024
20.10.2025 11:00:02.307 UTC,1.40331,1.40321,0.00132,0.00225
20.10.2025 11:00:02.508 UTC,1.40332,1.4032,0.00132,0.0024
20.10.2025 11:00:05.683 UTC,1.40331,1.40321,0.00132,0.00135
20.10.2025 11:00:06.086 UTC,1.40331,1.40321,0.00132,0.0018
20.10.2025 11:00:06.240 UTC,1.4033,1.4032,0.00132,0.0012
20.10.2025 11:00:06.343 UTC,1.40329,1.40318,0.00132,0.0012
20.10.2025 11:00:06.446 UTC,1.40331,1.40318,0.00147,0.0012
20.10.2025 11:00:06.803 UTC,1.40331,1.4032,0.00132,0.0012
20.10.2025 11:00:08.014 UTC,1.40332,1.4032,0.00132,0.00135
20.10.2025 11:00:08.975 UTC,1.40332,1.40321,0.00132,0.00135
20.10.2025 11:00:09.990 UTC,1.40332,1.40319,0.00132,0.0033
20.10.2025 11:00:10.093 UTC,1.40332,1.40319,0.00132,0.00285
20.10.2025 11:00:10.449 UTC,1.40332,1.4032,0.00132,0.0018
20.10.2025 11:00:11.053 UTC,1.40332,1.4032,0.00132,0.00135
20.10.2025 11:00:12.063 UTC,1.40332,1.4032,0.00132,0.0018
20.10.2025 11:00:12.717 UTC,1.40332,1.4032,0.00132,0.00135
20.10.2025 11:00:12.820 UTC,1.40332,1.40319,0.00132,0.00135
20.10.2025 11:00:13.481 UTC,1.40332,1.4032,0.00132,0.00135
20.10.2025 11:00:13.586 UTC,1.40333,1.40321,0.00132,0.0012
20.10.2025 11:00:15.553 UTC,1.40332,1.4032,0.00132,0.00135
20.10.2025 11:00:15.755 UTC,1.40332,1.4032,0.00132,0.0018
20.10.2025 11:00:19.901 UTC,1.40331,1.40321,0.00132,0.00135
20.10.2025 11:00:23.463 UTC,1.40332,1.4032,0.00132,0.00195
20.10.2025 11:00:24.018 UTC,1.40332,1.4032,0.00132,0.00135
20.10.2025 11:00:29.081 UTC,1.40332,1.40319,0.00132,0.0024
20.10.2025 11:00:33.106 UTC,1.40332,1.40319,0.00132,0.00285
20.10.2025 11:00:33.410 UTC,1.40332,1.40319,0.00132,0.00225
20.10.2025 11:00:34.118 UTC,1.40334,1.40322,0.00252,0.0012
20.10.2025 11:00:34.170 UTC,1.40335,1.40323,0.00192,0.00135
20.10.2025 11:00:34.273 UTC,1.40335,1.40322,0.0018,0.0018
20.10.2025 11:00:34.325 UTC,1.40333,1.4032,0.0012,0.00285
20.10.2025 11:00:34.479 UTC,1.40333,1.4032,0.00147,0.0018
20.10.2025 11:00:34.582 UTC,1.40333,1.40321,0.00144,0.0018
20.10.2025 11:00:34.685 UTC,1.40333,1.4032,0.00132,0.00195
20.10.2025 11:00:34.888 UTC,1.40333,1.4032,0.0012,0.00195
20.10.2025 11:00:34.991 UTC,1.40333,1.40322,0.0012,0.0012
20.10.2025 11:00:45.785 UTC,1.40332,1.40324,0.0012,0.0012
20.10.2025 11:00:46.743 UTC,1.40333,1.40322,0.0012,0.00189
20.10.2025 11:00:46.897 UTC,1.40333,1.40321,0.0012,0.00135
20.10.2025 11:00:48.160 UTC,1.40333,1.4032,0.00132,0.00135
20.10.2025 11:00:48.262 UTC,1.40332,1.40321,0.00132,0.0018
20.10.2025 11:00:50.890 UTC,1.40332,1.40319,0.00132,0.00285
20.10.2025 11:00:50.943 UTC,1.40333,1.40322,0.00132,0.00315
20.10.2025 11:00:51.053 UTC,1.40332,1.40319,0.00132,0.00195
20.10.2025 11:00:51.156 UTC,1.40331,1.4032,0.00132,0.0018
20.10.2025 11:00:51.259 UTC,1.40332,1.40319,0.00132,0.00195
20.10.2025 11:00:52.925 UTC,1.40332,1.4032,0.00132,0.0018
20.10.2025 11:00:53.584 UTC,1.40333,1.4032,0.00132,0.00135
20.10.2025 11:00:55.045 UTC,1.40334,1.4032,0.00135,0.00144
20.10.2025 11:00:55.098 UTC,1.40335,1.40323,0.0018,0.00144
20.10.2025 11:00:55.201 UTC,1.40335,1.40322,0.0012,0.00297
20.10.2025 11:00:56.163 UTC,1.40335,1.40322,0.00132,0.0018
20.10.2025 11:00:56.267 UTC,1.40334,1.40321,0.0012,0.00189
20.10.2025 11:00:56.370 UTC,1.40333,1.40321,0.00147,0.0012
20.10.2025 11:00:56.523 UTC,1.40332,1.4032,0.00147,0.0033
20.10.2025 11:00:56.881 UTC,1.40332,1.40321,0.0012,0.00144
20.10.2025 11:00:56.983 UTC,1.40333,1.4032,0.0012,0.00192
20.10.2025 11:00:57.441 UTC,1.40333,1.4032,0.00132,0.0027
20.10.2025 11:00:57.594 UTC,1.40333,1.4032,0.0012,0.00282
20.10.2025 11:00:58.151 UTC,1.40333,1.4032,0.00132,0.0027
20.10.2025 11:00:58.253 UTC,1.40333,1.40321,0.0012,0.00132
20.10.2025 11:00:58.709 UTC,1.40334,1.40321,0.0018,0.00144
20.10.2025 11:00:58.812 UTC,1.40334,1.40322,0.0012,0.00135
20.10.2025 11:01:01.518 UTC,1.40333,1.40323,0.00132,0.0018
20.10.2025 11:01:01.571 UTC,1.40333,1.4032,0.0012,0.00189
20.10.2025 11:01:01.675 UTC,1.40332,1.40322,0.0012,0.0012
20.10.2025 11:01:02.132 UTC,1.40333,1.40322,0.00135,0.0018
20.10.2025 11:01:08.154 UTC,1.40333,1.40319,0.00192,0.0018
20.10.2025 11:01:08.258 UTC,1.40332,1.4032,0.00237,0.0018
20.10.2025 11:01:08.361 UTC,1.40333,1.40319,0.00192,0.0018
20.10.2025 11:01:09.222 UTC,1.40333,1.40319,0.00192,0.00195
20.10.2025 11:01:12.679 UTC,1.40333,1.40319,0.00192,0.0018
20.10.2025 11:01:13.991 UTC,1.40332,1.4032,0.00192,0.00195
20.10.2025 11:01:14.243 UTC,1.40333,1.40319,0.00132,0.0018
20.10.2025 11:01:15.148 UTC,1.40333,1.40319,0.00132,0.0024
20.10.2025 11:01:15.453 UTC,1.40332,1.4032,0.00132,0.00285
20.10.2025 11:01:16.160 UTC,1.40332,1.40319,0.00132,0.00285
20.10.2025 11:01:16.315 UTC,1.40332,1.4032,0.00132,0.00225
20.10.2025 11:01:16.418 UTC,1.40334,1.4032,0.00315,0.00297
20.10.2025 11:01:16.978 UTC,1.40334,1.4032,0.00225,0.00342
20.10.2025 11:01:17.080 UTC,1.40333,1.40321,0.00225,0.00387
20.10.2025 11:01:24.120 UTC,1.40333,1.40323,0.00135,0.0018
20.10.2025 11:01:24.274 UTC,1.40335,1.40322,0.0012,0.0018
20.10.2025 11:01:24.376 UTC,1.40334,1.40323,0.0012,0.00195
20.10.2025 11:01:25.236 UTC,1.40335,1.40322,0.0012,0.0018
20.10.2025 11:01:25.338 UTC,1.40335,1.40322,0.0012,0.00195
20.10.2025 11:01:26.846 UTC,1.40337,1.40326,0.0018,0.00285
20.10.2025 11:01:26.950 UTC,1.40343,1.40328,0.0045,0.00189
20.10.2025 11:01:27.055 UTC,1.40341,1.40328,0.00225,0.00279
20.10.2025 11:01:27.158 UTC,1.40342,1.40327,0.0024,0.00279
20.10.2025 11:01:27.918 UTC,1.40342,1.40328,0.0024,0.00144
20.10.2025 11:01:28.071 UTC,1.40342,1.40328,0.00225,0.00144
20.10.2025 11:01:28.224 UTC,1.40342,1.40328,0.00225,0.00192
20.10.2025 11:01:28.827 UTC,1.40341,1.40329,0.00225,0.00132
20.10.2025 11:01:28.930 UTC,1.40341,1.40329,0.00225,0.00192
20.10.2025 11:01:29.484 UTC,1.40342,1.40328,0.00225,0.00132
20.10.2025 11:01:29.787 UTC,1.40341,1.40329,0.00225,0.00192
20.10.2025 11:01:29.939 UTC,1.40342,1.40328,0.00225,0.00132
20.10.2025 11:01:30.142 UTC,1.40342,1.40328,0.00225,0.00192
20.10.2025 11:01:31.250 UTC,1.40342,1.40328,0.0027,0.00144
20.10.2025 11:01:31.352 UTC,1.40342,1.40328,0.00225,0.00192
20.10.2025 11:01:32.938 UTC,1.40342,1.40329,0.00135,0.0018
20.10.2025 11:01:33.441 UTC,1.40341,1.4033,0.00135,0.00135
20.10.2025 11:01:34.148 UTC,1.40342,1.40329,0.00135,0.00192
20.10.2025 11:01:35.612 UTC,1.40342,1.40328,0.00225,0.00252
20.10.2025 11:01:38.032 UTC,1.40342,1.40328,0.0027,0.00144
20.10.2025 11:01:38.134 UTC,1.40342,1.40328,0.00225,0.00192
20.10.2025 11:01:39.038 UTC,1.40341,1.40329,0.00225,0.00132
20.10.2025 11:01:39.492 UTC,1.40342,1.40328,0.00225,0.00192
20.10.2025 11:01:41.956 UTC,1.40341,1.40329,0.00144,0.00144
20.10.2025 11:01:42.814 UTC,1.40341,1.40329,0.00144,0.00192
20.10.2025 11:01:43.171 UTC,1.40341,1.40326,0.00192,0.00279
20.10.2025 11:01:43.680 UTC,1.4034,1.40327,0.00135,0.00135
20.10.2025 11:01:43.783 UTC,1.40341,1.40327,0.00135,0.00147
20.10.2025 11:01:44.139 UTC,1.40341,1.40327,0.00135,0.00144
20.10.2025 11:01:44.537 UTC,1.4034,1.40325,0.00132,0.00387
20.10.2025 11:01:45.245 UTC,1.40339,1.40326,0.00192,0.00252
20.10.2025 11:01:45.349 UTC,1.40342,1.40328,0.0018,0.00252
20.10.2025 11:01:45.452 UTC,1.40342,1.40328,0.00135,0.00252
20.10.2025 11:01:46.058 UTC,1.40341,1.40329,0.00156,0.00225
20.10.2025 11:01:46.161 UTC,1.4034,1.40329,0.00192,0.00225
20.10.2025 11:01:46.616 UTC,1.40341,1.40328,0.00192,0.0024
20.10.2025 11:01:46.919 UTC,1.40341,1.40328,0.00192,0.00195
20.10.2025 11:01:47.022 UTC,1.4034,1.40329,0.00192,0.0024
20.10.2025 11:01:47.225 UTC,1.40341,1.40328,0.00192,0.00225
20.10.2025 11:01:48.031 UTC,1.40339,1.40326,0.00192,0.00195
20.10.2025 11:01:48.134 UTC,1.40339,1.40326,0.00192,0.0012
20.10.2025 11:01:48.539 UTC,1.40338,1.40326,0.00237,0.00315
20.10.2025 11:01:48.791 UTC,1.40339,1.40325,0.00237,0.0033
20.10.2025 11:01:49.096 UTC,1.40334,1.40323,0.00189,0.00315
20.10.2025 11:01:49.200 UTC,1.40335,1.40324,0.00189,0.0012
20.10.2025 11:01:49.308 UTC,1.40334,1.40321,0.00192,0.00195
20.10.2025 11:01:49.411 UTC,1.40333,1.4032,0.00192,0.0024
20.10.2025 11:01:49.515 UTC,1.40332,1.4032,0.00189,0.0018
20.10.2025 11:01:49.768 UTC,1.40333,1.4032,0.00192,0.00135
20.10.2025 11:01:50.275 UTC,1.40331,1.40319,0.00189,0.00225
20.10.2025 11:01:50.377 UTC,1.40332,1.40319,0.00192,0.00237
20.10.2025 11:01:52.140 UTC,1.40334,1.4032,0.00351,0.00144
20.10.2025 11:01:55.205 UTC,1.40334,1.4032,0.00351,0.00192
20.10.2025 11:01:56.058 UTC,1.40334,1.4032,0.00192,0.00192
20.10.2025 11:02:01.167 UTC,1.40334,1.4032,0.0018,0.00252
20.10.2025 11:02:02.374 UTC,1.40333,1.40321,0.0018,0.00252
20.10.2025 11:02:04.784 UTC,1.40333,1.40321,0.0018,0.00207
20.10.2025 11:02:05.138 UTC,1.40335,1.40323,0.0018,0.0012
20.10.2025 11:02:05.192 UTC,1.40335,1.40325,0.0012,0.00237
20.10.2025 11:02:05.245 UTC,1.40337,1.40325,0.0012,0.00237
20.10.2025 11:02:05.348 UTC,1.40339,1.40325,0.00135,0.00192
20.10.2025 11:02:05.452 UTC,1.4034,1.40328,0.00192,0.00132
20.10.2025 11:02:05.503 UTC,1.4034,1.40328,0.00234,0.00132
20.10.2025 11:02:05.607 UTC,1.4034,1.40326,0.00144,0.00192
20.10.2025 11:02:05.709 UTC,1.4034,1.40326,0.00189,0.00144
20.10.2025 11:02:07.456 UTC,1.40339,1.40327,0.0018,0.00147
20.10.2025 11:02:08.013 UTC,1.4034,1.40327,0.00135,0.00252
20.10.2025 11:02:08.117 UTC,1.40342,1.40328,0.0018,0.00192
20.10.2025 11:02:08.223 UTC,1.40342,1.40328,0.00204,0.00144
20.10.2025 11:02:08.587 UTC,1.40342,1.40328,0.00339,0.00192
20.10.2025 11:02:08.689 UTC,1.40341,1.40329,0.00384,0.00144
20.10.2025 11:02:09.145 UTC,1.40342,1.40328,0.0024,0.00192
20.10.2025 11:02:09.247 UTC,1.40342,1.40328,0.00285,0.00144
20.10.2025 11:02:09.350 UTC,1.40342,1.40328,0.0045,0.00237
20.10.2025 11:02:09.453 UTC,1.40342,1.40328,0.0045,0.00234
20.10.2025 11:02:09.556 UTC,1.40341,1.40329,0.0042,0.00249
20.10.2025 11:02:09.658 UTC,1.40342,1.40328,0.00465,0.00234
20.10.2025 11:02:09.861 UTC,1.40341,1.40329,0.0042,0.00249
20.10.2025 11:02:10.064 UTC,1.40342,1.40328,0.00465,0.00234
20.10.2025 11:02:10.520 UTC,1.4034,1.40328,0.0036,0.00144
20.10.2025 11:02:10.622 UTC,1.40341,1.40327,0.00375,0.00144
20.10.2025 11:02:12.334 UTC,1.40341,1.40327,0.0033,0.00192
20.10.2025 11:02:12.787 UTC,1.40341,1.40327,0.00285,0.00144
20.10.2025 11:02:13.943 UTC,1.4034,1.40328,0.0033,0.00192
20.10.2025 11:02:14.095 UTC,1.4034,1.40326,0.00225,0.00429
20.10.2025 11:02:14.197 UTC,1.40339,1.40326,0.00135,0.00429
20.10.2025 11:02:15.506 UTC,1.40339,1.40327,0.00225,0.00429
20.10.2025 11:02:20.893 UTC,1.40338,1.40327,0.0018,0.00225
20.10.2025 11:02:20.997 UTC,1.40338,1.40326,0.0012,0.0018
20.10.2025 11:02:21.099 UTC,1.40338,1.40326,0.0012,0.0024
20.10.2025 11:02:21.252 UTC,1.40338,1.40326,0.0012,0.00225
20.10.2025 11:02:22.208 UTC,1.40339,1.40326,0.00135,0.00429
20.10.2025 11:02:22.718 UTC,1.40339,1.40328,0.0012,0.00135
20.10.2025 11:02:22.821 UTC,1.40341,1.40329,0.0012,0.0012
20.10.2025 11:02:26.445 UTC,1.4034,1.40326,0.0012,0.00384
20.10.2025 11:02:28.058 UTC,1.40339,1.40327,0.0012,0.00324
20.10.2025 11:02:34.228 UTC,1.40339,1.40326,0.0012,0.00144
20.10.2025 11:02:34.280 UTC,1.40337,1.40323,0.0018,0.00339
20.10.2025 11:02:34.333 UTC,1.40336,1.40323,0.00135,0.0018
20.10.2025 11:02:34.439 UTC,1.40334,1.40323,0.0012,0.0018
20.10.2025 11:02:34.695 UTC,1.40333,1.40322,0.0012,0.00132
20.10.2025 11:02:35.712 UTC,1.40334,1.40321,0.0012,0.0024
20.10.2025 11:02:36.374 UTC,1.40333,1.40322,0.0012,0.00135
20.10.2025 11:02:36.728 UTC,1.40333,1.40322,0.0012,0.0018
20.10.2025 11:02:37.032 UTC,1.40333,1.40322,0.0012,0.00135
20.10.2025 11:02:37.841 UTC,1.40334,1.40321,0.0012,0.0018
20.10.2025 11:02:38.147 UTC,1.40334,1.40321,0.0012,0.00135
20.10.2025 11:02:38.400 UTC,1.40334,1.40321,0.0012,0.0018
20.10.2025 11:02:40.023 UTC,1.40334,1.40321,0.0012,0.00135
20.10.2025 11:02:40.581 UTC,1.40334,1.40321,0.0012,0.0018
20.10.2025 11:02:40.685 UTC,1.40335,1.40322,0.0012,0.0018
20.10.2025 11:02:41.091 UTC,1.40334,1.40323,0.0012,0.00135
20.10.2025 11:02:41.343 UTC,1.40335,1.40322,0.0012,0.0018
20.10.2025 11:02:41.445 UTC,1.40335,1.40322,0.0012,0.00135
20.10.2025 11:02:41.648 UTC,1.40335,1.40322,0.0012,0.0018
20.10.2025 11:02:43.566 UTC,1.40335,1.40322,0.0012,0.00135
20.10.2025 11:02:43.818 UTC,1.40335,1.40322,0.0012,0.0018
20.10.2025 11:02:50.621 UTC,1.40335,1.40324,0.00132,0.00135
20.10.2025 11:02:50.775 UTC,1.40338,1.40325,0.00135,0.0012
20.10.2025 11:02:50.879 UTC,1.40337,1.40325,0.0012,0.0018
20.10.2025 11:02:51.494 UTC,1.40337,1.40325,0.0012,0.00135
20.10.2025 11:02:52.203 UTC,1.40337,1.40326,0.0012,0.00225
20.10.2025 11:02:53.160 UTC,1.40338,1.40325,0.0012,0.0024
20.10.2025 11:02:53.313 UTC,1.40338,1.40325,0.0012,0.00225
20.10.2025 11:02:53.465 UTC,1.40337,1.40326,0.0012,0.0024
20.10.2025 11:02:56.425 UTC,1.40337,1.40326,0.0012,0.00225
20.10.2025 11:02:56.829 UTC,1.40337,1.40326,0.0012,0.0024
20.10.2025 11:02:57.235 UTC,1.40338,1.40325,0.0012,0.00195
20.10.2025 11:02:57.287 UTC,1.40337,1.40323,0.00234,0.00285
20.10.2025 11:02:57.339 UTC,1.40334,1.40324,0.00132,0.00285
20.10.2025 11:02:57.443 UTC,1.40333,1.40321,0.0012,0.00225
20.10.2025 11:03:04.800 UTC,1.40334,1.40322,0.0012,0.0012
20.10.2025 11:03:04.904 UTC,1.40334,1.40323,0.0012,0.0012
20.10.2025 11:03:06.369 UTC,1.40334,1.40323,0.0012,0.0018
20.10.2025 11:03:06.471 UTC,1.40334,1.40323,0.0012,0.00135
20.10.2025 11:03:06.826 UTC,1.40336,1.40326,0.0012,0.0012
20.10.2025 11:03:06.929 UTC,1.40337,1.40325,0.00135,0.00315
20.10.2025 11:03:08.392 UTC,1.40337,1.40325,0.0012,0.0033
20.10.2025 11:03:09.548 UTC,1.40337,1.40325,0.0012,0.00225
20.10.2025 11:03:09.600 UTC,1.40336,1.40323,0.00132,0.00225
20.10.2025 11:03:09.702 UTC,1.40336,1.40323,0.00132,0.0018
20.10.2025 11:03:10.657 UTC,1.40336,1.40322,0.00132,0.0024
20.10.2025 11:03:10.761 UTC,1.40335,1.40322,0.0012,0.0018
20.10.2025 11:03:10.966 UTC,1.40335,1.40322,0.0012,0.00135
20.10.2025 11:03:11.522 UTC,1.40334,1.40324,0.0012,0.0018
20.10.2025 11:03:12.129 UTC,1.40335,1.40323,0.0012,0.00135
20.10.2025 11:03:12.683 UTC,1.40335,1.40323,0.0012,0.0018
20.10.2025 11:03:13.336 UTC,1.40335,1.40323,0.0012,0.00135
20.10.2025 11:03:13.891 UTC,1.40335,1.40323,0.0012,0.0018
20.10.2025 11:03:14.044 UTC,1.40334,1.40324,0.0012,0.00135
20.10.2025 11:03:14.296 UTC,1.40335,1.40323,0.0012,0.0018
20.10.2025 11:03:14.649 UTC,1.40334,1.40324,0.0012,0.00135
20.10.2025 11:03:14.751 UTC,1.40334,1.40324,0.0012,0.0018
20.10.2025 11:03:20.329 UTC,1.40335,1.40323,0.0012,0.00135
20.10.2025 11:03:20.533 UTC,1.40334,1.40324,0.0012,0.0018
20.10.2025 11:03:20.635 UTC,1.40334,1.40324,0.0012,0.00135
20.10.2025 11:03:23.143 UTC,1.40335,1.40323,0.0012,0.0018
20.10.2025 11:03:23.246 UTC,1.40335,1.40323,0.0012,0.00135
20.10.2025 11:03:24.833 UTC,1.40334,1.40323,0.0012,0.0012
20.10.2025 11:03:25.990 UTC,1.40335,1.40323,0.0012,0.00135
20.10.2025 11:03:29.954 UTC,1.40335,1.40321,0.00237,0.0027
20.10.2025 11:03:31.516 UTC,1.40334,1.40321,0.00132,0.0018
20.10.2025 11:03:31.818 UTC,1.40334,1.40321,0.00132,0.00135
20.10.2025 11:03:31.970 UTC,1.40334,1.40322,0.00132,0.00135
20.10.2025 11:03:35.862 UTC,1.40335,1.40322,0.0012,0.00135
20.10.2025 11:03:35.965 UTC,1.40335,1.40323,0.0012,0.0012
20.10.2025 11:03:44.497 UTC,1.40334,1.40324,0.0012,0.0018
20.10.2025 11:03:44.752 UTC,1.40335,1.40323,0.0012,0.00135
20.10.2025 11:03:48.092 UTC,1.40335,1.40323,0.0012,0.0018
20.10.2025 11:03:48.346 UTC,1.40335,1.40323,0.0012,0.00135
20.10.2025 11:03:49.654 UTC,1.40335,1.40323,0.0012,0.0018
20.10.2025 11:03:50.008 UTC,1.40335,1.40323,0.0012,0.00135
20.10.2025 11:03:50.813 UTC,1.40336,1.40325,0.0012,0.00135
20.10.2025 11:03:50.917 UTC,1.40342,1.40329,0.0018,0.0012
20.10.2025 11:03:50.969 UTC,1.40341,1.4033,0.0012,0.00135
20.10.2025 11:03:51.174 UTC,1.40342,1.40328,0.0012,0.0018
20.10.2025 11:03:52.439 UTC,1.40342,1.40328,0.0012,0.0024
20.10.2025 11:03:56.605 UTC,1.40342,1.40329,0.0012,0.0018
20.10.2025 11:04:01.694 UTC,1.40341,1.4033,0.0012,0.00135
20.10.2025 11:04:07.615 UTC,1.40341,1.4033,0.0012,0.0018
20.10.2025 11:04:14.396 UTC,1.40342,1.40329,0.0012,0.00135
20.10.2025 11:04:14.848 UTC,1.40342,1.40329,0.0012,0.0018
20.10.2025 11:04:17.210 UTC,1.4034,1.40329,0.0012,0.0018
20.10.2025 11:04:17.514 UTC,1.4034,1.40329,0.0012,0.00225
20.10.2025 11:04:17.967 UTC,1.40341,1.40328,0.0012,0.0024
20.10.2025 11:04:24.181 UTC,1.4034,1.40326,0.0012,0.00387
20.10.2025 11:04:24.285 UTC,1.40339,1.40327,0.0012,0.00135
20.10.2025 11:04:24.388 UTC,1.40339,1.40325,0.0012,0.00204
20.10.2025 11:04:24.491 UTC,1.40338,1.40326,0.0012,0.00189
20.10.2025 11:04:24.593 UTC,1.40339,1.40326,0.0012,0.0012
20.10.2025 11:04:25.403 UTC,1.40338,1.40326,0.0012,0.0012
20.10.2025 11:04:42.640 UTC,1.40335,1.40323,0.0012,0.0012
20.10.2025 11:04:42.749 UTC,1.40334,1.40322,0.0012,0.00135
20.10.2025 11:04:42.953 UTC,1.40334,1.40321,0.0012,0.00234
20.10.2025 11:04:52.878 UTC,1.40334,1.40321,0.0012,0.00249
20.10.2025 11:04:58.155 UTC,1.40334,1.40321,0.0012,0.00225
20.10.2025 11:05:00.065 UTC,1.40334,1.40321,0.0012,0.0024
20.10.2025 11:05:01.875 UTC,1.40334,1.40321,0.0012,0.00225
20.10.2025 11:05:01.978 UTC,1.40333,1.40322,0.0012,0.0024
20.10.2025 11:05:12.962 UTC,1.40335,1.40323,0.00135,0.00252
20.10.2025 11:05:13.067 UTC,1.40339,1.40327,0.0012,0.00327
20.10.2025 11:05:15.831 UTC,1.4034,1.4033,0.0012,0.00132
20.10.2025 11:05:15.934 UTC,1.40341,1.4033,0.0012,0.00192
20.10.2025 11:05:16.291 UTC,1.40342,1.40329,0.0012,0.00132
20.10.2025 11:05:16.394 UTC,1.40341,1.40328,0.0012,0.00189
20.10.2025 11:05:16.498 UTC,1.4034,1.40326,0.0012,0.00234
20.10.2025 11:05:16.704 UTC,1.4034,1.40326,0.0012,0.00372
20.10.2025 11:05:16.858 UTC,1.4034,1.40326,0.0012,0.00369
20.10.2025 11:05:16.960 UTC,1.4034,1.40326,0.0012,0.00387
20.10.2025 11:05:20.136 UTC,1.4034,1.40326,0.0012,0.00339
20.10.2025 11:05:20.539 UTC,1.4034,1.40326,0.0012,0.00294
20.10.2025 11:05:21.295 UTC,1.40341,1.4033,0.00135,0.0012
20.10.2025 11:05:21.398 UTC,1.40342,1.40329,0.0012,0.00192
20.10.2025 11:05:22.005 UTC,1.40342,1.40328,0.0012,0.00297
20.10.2025 11:05:22.210 UTC,1.40343,1.40329,0.0012,0.00297
20.10.2025 11:05:22.770 UTC,1.40343,1.4033,0.0012,0.00234
20.10.2025 11:05:23.072 UTC,1.40343,1.4033,0.0012,0.00249
20.10.2025 11:05:32.091 UTC,1.40343,1.4033,0.0012,0.00234
20.10.2025 11:05:32.199 UTC,1.40343,1.40329,0.0018,0.0012
20.10.2025 11:05:32.302 UTC,1.40342,1.40329,0.0012,0.0012
20.10.2025 11:05:35.679 UTC,1.40342,1.40328,0.0018,0.00234
20.10.2025 11:05:37.286 UTC,1.40341,1.40329,0.0018,0.00249
20.10.2025 11:05:38.241 UTC,1.40342,1.40328,0.0018,0.00144
20.10.2025 11:05:38.895 UTC,1.40342,1.40328,0.0018,0.00192
20.10.2025 11:05:42.361 UTC,1.4034,1.40328,0.00225,0.00144
20.10.2025 11:05:42.464 UTC,1.40339,1.40328,0.0012,0.00135
20.10.2025 11:05:44.026 UTC,1.4034,1.40326,0.0012,0.00144
20.10.2025 11:05:49.153 UTC,1.40339,1.40325,0.00189,0.00327
20.10.2025 11:05:49.257 UTC,1.4034,1.40326,0.0018,0.00132
20.10.2025 11:05:49.359 UTC,1.4034,1.40327,0.0012,0.0012
20.10.2025 11:05:52.026 UTC,1.40339,1.40326,0.00132,0.00144
20.10.2025 11:05:52.331 UTC,1.4034,1.40325,0.00144,0.00192
20.10.2025 11:05:52.752 UTC,1.40339,1.40325,0.00144,0.00135
20.10.2025 11:05:52.808 UTC,1.40336,1.40326,0.0012,0.00135
20.10.2025 11:05:53.267 UTC,1.40335,1.40325,0.0012,0.0012
20.10.2025 11:05:53.419 UTC,1.40335,1.40324,0.0012,0.00144
20.10.2025 11:06:02.717 UTC,1.40335,1.40323,0.0018,0.00132
20.10.2025 11:06:03.170 UTC,1.40336,1.40322,0.0018,0.00132
20.10.2025 11:06:04.185 UTC,1.40335,1.40326,0.0012,0.00192
20.10.2025 11:06:12.303 UTC,1.40336,1.40326,0.0012,0.00342
20.10.2025 11:06:12.507 UTC,1.40342,1.40327,0.00315,0.00477
20.10.2025 11:06:12.662 UTC,1.4034,1.40329,0.0012,0.00132
20.10.2025 11:06:12.765 UTC,1.40341,1.40327,0.0012,0.00327
20.10.2025 11:06:18.405 UTC,1.4034,1.40329,0.0012,0.00252
20.10.2025 11:06:22.226 UTC,1.40341,1.40327,0.0012,0.00192
20.10.2025 11:06:24.745 UTC,1.4034,1.40329,0.0012,0.00192
20.10.2025 11:06:24.849 UTC,1.40344,1.40329,0.0018,0.00207
20.10.2025 11:06:24.900 UTC,1.40344,1.40329,0.0012,0.00252
20.10.2025 11:06:40.973 UTC,1.40341,1.4033,0.0012,0.00147
20.10.2025 11:06:41.080 UTC,1.4034,1.40329,0.0012,0.00132
20.10.2025 11:06:41.184 UTC,1.4034,1.40327,0.0012,0.00192
20.10.2025 11:06:46.214 UTC,1.40342,1.40328,0.0018,0.00147
20.10.2025 11:06:46.317 UTC,1.40343,1.40329,0.0024,0.00132
20.10.2025 11:06:46.420 UTC,1.40343,1.40328,0.00315,0.00252
20.10.2025 11:06:46.927 UTC,1.40341,1.40327,0.0012,0.00432
20.10.2025 11:06:47.030 UTC,1.4034,1.40326,0.0012,0.00387
20.10.2025 11:06:47.339 UTC,1.40339,1.40328,0.0012,0.00147
20.10.2025 11:06:47.593 UTC,1.4034,1.40327,0.0012,0.00147
20.10.2025 11:06:47.747 UTC,1.40341,1.40328,0.0012,0.00147
20.10.2025 11:06:47.850 UTC,1.4034,1.40328,0.0012,0.00147
20.10.2025 11:06:49.064 UTC,1.40339,1.40328,0.0012,0.00147
20.10.2025 11:06:50.019 UTC,1.4034,1.40327,0.0012,0.00147
20.10.2025 11:06:50.449 UTC,1.4034,1.40327,0.0012,0.00192
20.10.2025 11:06:51.459 UTC,1.40339,1.40328,0.0012,0.00192
20.10.2025 11:06:51.562 UTC,1.4034,1.40327,0.0012,0.00192
20.10.2025 11:06:53.128 UTC,1.40339,1.40328,0.0012,0.00192
20.10.2025 11:06:55.447 UTC,1.40339,1.40328,0.0012,0.00147
20.10.2025 11:06:56.705 UTC,1.40339,1.40328,0.0012,0.00192
20.10.2025 11:06:58.867 UTC,1.4034,1.40327,0.0012,0.00147
20.10.2025 11:07:04.694 UTC,1.4034,1.40327,0.0012,0.00192
20.10.2025 11:07:05.048 UTC,1.4034,1.40327,0.0012,0.00147
20.10.2025 11:07:08.623 UTC,1.4034,1.40327,0.0012,0.00192
20.10.2025 11:07:08.727 UTC,1.40344,1.40329,0.0033,0.00282
20.10.2025 11:07:08.779 UTC,1.40344,1.4033,0.0027,0.00132
20.10.2025 11:07:10.294 UTC,1.40344,1.4033,0.00192,0.00189
20.10.2025 11:07:13.810 UTC,1.40343,1.40331,0.00192,0.00189
20.10.2025 11:07:18.053 UTC,1.40344,1.4033,0.00192,0.00192
20.10.2025 11:07:20.262 UTC,1.40343,1.40331,0.0018,0.00192
20.10.2025 11:07:20.815 UTC,1.40344,1.4033,0.0018,0.00132
20.10.2025 11:07:20.968 UTC,1.40343,1.4033,0.0012,0.00249
20.10.2025 11:07:24.388 UTC,1.40341,1.4033,0.0012,0.00135
20.10.2025 11:07:24.694 UTC,1.40341,1.40328,0.0012,0.00234
20.10.2025 11:07:24.797 UTC,1.40339,1.40327,0.0012,0.00249
20.10.2025 11:07:35.843 UTC,1.40339,1.40325,0.0012,0.00192
20.10.2025 11:07:35.948 UTC,1.40339,1.40325,0.00135,0.00189
20.10.2025 11:07:36.055 UTC,1.40339,1.40325,0.0012,0.00192
20.10.2025 11:07:37.768 UTC,1.40339,1.40326,0.00132,0.00135
20.10.2025 11:07:37.921 UTC,1.40339,1.40326,0.00282,0.00135
20.10.2025 11:07:39.651 UTC,1.40338,1.40327,0.00132,0.0012
20.10.2025 11:07:40.861 UTC,1.40338,1.40327,0.00282,0.00225
20.10.2025 11:07:41.314 UTC,1.40339,1.40326,0.00132,0.00225
20.10.2025 11:07:42.066 UTC,1.40338,1.40327,0.00282,0.00225
20.10.2025 11:07:42.518 UTC,1.40339,1.40326,0.00132,0.00225
20.10.2025 11:07:42.719 UTC,1.40339,1.40326,0.00282,0.00225
20.10.2025 11:07:43.476 UTC,1.40337,1.40323,0.00372,0.00375
20.10.2025 11:07:43.581 UTC,1.40335,1.40323,0.00372,0.0012
20.10.2025 11:07:43.633 UTC,1.40333,1.40322,0.00372,0.0012
20.10.2025 11:07:44.139 UTC,1.40334,1.4032,0.00372,0.0036
20.10.2025 11:07:45.146 UTC,1.40333,1.40321,0.00282,0.00285
20.10.2025 11:07:45.248 UTC,1.40334,1.4032,0.00282,0.0036
20.10.2025 11:07:45.703 UTC,1.40333,1.40321,0.00282,0.00375
20.10.2025 11:07:46.156 UTC,1.40334,1.4032,0.00282,0.0036
20.10.2025 11:07:46.258 UTC,1.40334,1.4032,0.00282,0.00375
20.10.2025 11:07:52.251 UTC,1.40332,1.4032,0.00132,0.00285
20.10.2025 11:07:52.358 UTC,1.4033,1.40321,0.00132,0.00135
20.10.2025 11:07:52.868 UTC,1.40331,1.40319,0.00132,0.0018
20.10.2025 11:07:53.173 UTC,1.4033,1.40319,0.00132,0.0012
20.10.2025 11:07:53.276 UTC,1.4033,1.40319,0.00282,0.0012
20.10.2025 11:07:53.378 UTC,1.40329,1.4032,0.00132,0.0012
20.10.2025 11:07:56.604 UTC,1.40329,1.4032,0.00132,0.0024
20.10.2025 11:07:56.706 UTC,1.4033,1.40319,0.00132,0.00225
20.10.2025 11:08:01.828 UTC,1.4033,1.40319,0.00282,0.0012
20.10.2025 11:08:02.192 UTC,1.40328,1.40318,0.00132,0.0012
20.10.2025 11:08:03.896 UTC,1.40328,1.40319,0.0012,0.0012
20.10.2025 11:08:04.151 UTC,1.40327,1.40318,0.0012,0.0012
20.10.2025 11:08:04.202 UTC,1.40327,1.40315,0.00132,0.0018
20.10.2025 11:08:04.305 UTC,1.40327,1.40316,0.00132,0.0012
20.10.2025 11:08:08.938 UTC,1.40326,1.40316,0.00132,0.0018
20.10.2025 11:08:09.194 UTC,1.40326,1.40312,0.00132,0.0024
20.10.2025 11:08:09.298 UTC,1.40325,1.40312,0.00192,0.0012
20.10.2025 11:08:09.400 UTC,1.40325,1.40312,0.00372,0.0012
20.10.2025 11:08:12.120 UTC,1.40325,1.40313,0.00282,0.0012
20.10.2025 11:08:12.224 UTC,1.40325,1.40314,0.00132,0.0012
20.10.2025 11:08:16.999 UTC,1.40325,1.40313,0.00132,0.00225
20.10.2025 11:08:18.504 UTC,1.40325,1.40314,0.00132,0.0012
20.10.2025 11:08:25.534 UTC,1.40325,1.40313,0.00132,0.00225
20.10.2025 11:08:28.584 UTC,1.40325,1.40314,0.00132,0.0012
20.10.2025 11:08:30.795 UTC,1.40324,1.40314,0.00132,0.00135
20.10.2025 11:08:36.432 UTC,1.40323,1.40314,0.00132,0.0012
20.10.2025 11:08:36.484 UTC,1.40324,1.4031,0.00372,0.00465
20.10.2025 11:08:36.586 UTC,1.40323,1.40311,0.00282,0.0045
20.10.2025 11:08:36.790 UTC,1.40324,1.4031,0.00282,0.00375
20.10.2025 11:08:38.772 UTC,1.40323,1.40311,0.00282,0.0036
20.10.2025 11:08:39.328 UTC,1.40324,1.40311,0.00282,0.0012
20.10.2025 11:08:41.138 UTC,1.40323,1.4031,0.00282,0.0027
20.10.2025 11:08:41.292 UTC,1.40323,1.40309,0.00372,0.0018
20.10.2025 11:08:41.801 UTC,1.40322,1.40309,0.00192,0.00225
20.10.2025 11:08:41.903 UTC,1.40323,1.40309,0.00372,0.00225
20.10.2025 11:08:42.005 UTC,1.40323,1.40309,0.00372,0.0024
20.10.2025 11:08:43.664 UTC,1.40323,1.40309,0.00417,0.0036
20.10.2025 11:08:49.532 UTC,1.40322,1.4031,0.00372,0.00375
20.10.2025 11:08:49.836 UTC,1.40322,1.4031,0.00417,0.0036
20.10.2025 11:08:49.988 UTC,1.40322,1.4031,0.00372,0.00375
20.10.2025 11:08:51.143 UTC,1.40322,1.4031,0.00417,0.0036
20.10.2025 11:08:51.997 UTC,1.40323,1.40309,0.00372,0.00375
20.10.2025 11:08:53.105 UTC,1.40323,1.40309,0.00417,0.0036
20.10.2025 11:08:54.759 UTC,1.40323,1.40309,0.00372,0.00375
20.10.2025 11:08:54.963 UTC,1.40323,1.40309,0.00417,0.0036
20.10.2025 11:08:56.171 UTC,1.40323,1.40309,0.00372,0.0024
20.10.2025 11:09:00.334 UTC,1.40322,1.40309,0.00282,0.00225
20.10.2025 11:09:01.797 UTC,1.40322,1.40311,0.00147,0.0018
20.10.2025 11:09:02.053 UTC,1.40323,1.40312,0.00282,0.0012
20.10.2025 11:09:03.587 UTC,1.40324,1.4031,0.00372,0.00225
20.10.2025 11:09:09.266 UTC,1.40322,1.40309,0.00192,0.0027
20.10.2025 11:09:12.190 UTC,1.40323,1.4031,0.00132,0.0024
20.10.2025 11:09:12.495 UTC,1.40323,1.4031,0.00132,0.00225
20.10.2025 11:09:15.752 UTC,1.40324,1.40311,0.00192,0.0012
20.10.2025 11:09:25.153 UTC,1.4032,1.40309,0.00192,0.00225
20.10.2025 11:09:27.926 UTC,1.40322,1.40308,0.00507,0.0018
20.10.2025 11:09:31.443 UTC,1.40323,1.40309,0.00192,0.0033
20.10.2025 11:09:31.648 UTC,1.40321,1.40308,0.00192,0.0012
20.10.2025 11:09:31.751 UTC,1.40319,1.40308,0.00192,0.0036
20.10.2025 11:09:32.208 UTC,1.4032,1.40308,0.00192,0.0033
20.10.2025 11:09:32.814 UTC,1.4032,1.40308,0.00237,0.00315
20.10.2025 11:09:35.226 UTC,1.40321,1.40307,0.00192,0.0033
20.10.2025 11:09:37.285 UTC,1.40321,1.40307,0.00192,0.0027
20.10.2025 11:09:37.604 UTC,1.40321,1.40307,0.00192,0.00285
20.10.2025 11:09:40.714 UTC,1.40321,1.40307,0.00192,0.0027
20.10.2025 11:09:45.983 UTC,1.4032,1.40309,0.00192,0.0012
20.10.2025 11:09:46.588 UTC,1.40322,1.40308,0.00327,0.00135
20.10.2025 11:09:46.692 UTC,1.40324,1.4031,0.00612,0.0012
20.10.2025 11:10:00.102 UTC,1.40324,1.40311,0.00192,0.0012
20.10.2025 11:10:04.616 UTC,1.40324,1.4031,0.00462,0.00225
20.10.2025 11:10:05.174 UTC,1.40324,1.4031,0.00372,0.0024
20.10.2025 11:10:05.478 UTC,1.40324,1.4031,0.00372,0.00225
20.10.2025 11:10:11.547 UTC,1.40324,1.4031,0.00372,0.0024
20.10.2025 11:10:12.002 UTC,1.40325,1.40311,0.00372,0.00225
20.10.2025 11:10:15.560 UTC,1.40325,1.40312,0.00132,0.00135
20.10.2025 11:10:15.664 UTC,1.40327,1.40313,0.00192,0.0018
20.10.2025 11:10:15.968 UTC,1.40326,1.40314,0.00327,0.0018
20.10.2025 11:10:16.373 UTC,1.40326,1.40314,0.00132,0.00225
20.10.2025 11:10:17.030 UTC,1.40328,1.40315,0.00132,0.0012
20.10.2025 11:10:17.132 UTC,1.40329,1.40316,0.00147,0.0012
20.10.2025 11:10:19.969 UTC,1.40329,1.40315,0.00342,0.0012
20.10.2025 11:10:20.528 UTC,1.40329,1.40315,0.00507,0.0012
20.10.2025 11:10:22.894 UTC,1.40327,1.40313,0.00132,0.00225
20.10.2025 11:10:29.821 UTC,1.40327,1.40313,0.00552,0.00135
20.10.2025 11:10:31.682 UTC,1.40324,1.40312,0.00282,0.00195
20.10.2025 11:10:31.785 UTC,1.40325,1.40311,0.00282,0.0012
20.10.2025 11:10:32.392 UTC,1.40324,1.40311,0.00132,0.0012
20.10.2025 11:10:33.048 UTC,1.40323,1.40312,0.00132,0.0012
20.10.2025 11:10:40.650 UTC,1.40325,1.40311,0.00282,0.0024
20.10.2025 11:10:41.455 UTC,1.40325,1.40311,0.00282,0.0018
20.10.2025 11:10:42.112 UTC,1.40325,1.40311,0.00132,0.0033
20.10.2025 11:10:43.927 UTC,1.40325,1.40311,0.00237,0.00225
20.10.2025 11:10:44.632 UTC,1.40324,1.40312,0.00282,0.0018
20.10.2025 11:10:45.992 UTC,1.40325,1.40311,0.00327,0.00135
20.10.2025 11:10:51.227 UTC,1.40325,1.40311,0.00327,0.00225
20.10.2025 11:10:51.330 UTC,1.40326,1.40312,0.00192,0.0024
20.10.2025 11:10:53.042 UTC,1.40326,1.40312,0.00132,0.00225
20.10.2025 11:10:57.862 UTC,1.40325,1.40313,0.00132,0.0024
20.10.2025 11:10:57.966 UTC,1.40325,1.40311,0.00192,0.0033
20.10.2025 11:10:59.879 UTC,1.40325,1.40311,0.00237,0.00315
20.10.2025 11:11:00.233 UTC,1.40325,1.40312,0.00147,0.0012
20.10.2025 11:11:00.336 UTC,1.40325,1.40313,0.00237,0.0024
20.10.2025 11:11:03.810 UTC,1.40326,1.40312,0.00372,0.0024
20.10.2025 11:11:03.862 UTC,1.40325,1.40311,0.00237,0.0018
20.10.2025 11:11:04.321 UTC,1.40324,1.40312,0.00237,0.0018
20.10.2025 11:11:04.475 UTC,1.40325,1.40311,0.00282,0.00225
20.10.2025 11:11:04.578 UTC,1.40325,1.40311,0.00192,0.0024
20.10.2025 11:11:12.619 UTC,1.40325,1.40311,0.00237,0.00315
20.10.2025 11:11:14.132 UTC,1.40325,1.40311,0.00237,0.0024
20.10.2025 11:11:15.974 UTC,1.40325,1.40311,0.00237,0.00225
20.10.2025 11:11:18.078 UTC,1.40325,1.40311,0.00237,0.0024
20.10.2025 11:11:19.081 UTC,1.40325,1.40311,0.00237,0.00225
20.10.2025 11:11:19.433 UTC,1.40325,1.40311,0.00237,0.0024
20.10.2025 11:11:20.589 UTC,1.40325,1.40311,0.00237,0.00225
20.10.2025 11:11:24.807 UTC,1.40324,1.40312,0.00237,0.0018
20.10.2025 11:11:27.070 UTC,1.40324,1.40311,0.00147,0.00135
20.10.2025 11:11:32.000 UTC,1.40323,1.40312,0.00147,0.00135
20.10.2025 11:11:32.857 UTC,1.40325,1.40312,0.00192,0.00135
20.10.2025 11:11:32.960 UTC,1.40325,1.40312,0.00147,0.00135
20.10.2025 11:11:34.981 UTC,1.40325,1.40311,0.00237,0.00285
20.10.2025 11:11:35.086 UTC,1.40326,1.40312,0.00342,0.0024
20.10.2025 11:11:37.651 UTC,1.40326,1.40317,0.00144,0.0012
20.10.2025 11:11:46.960 UTC,1.40328,1.40316,0.00132,0.0018
20.10.2025 11:11:49.027 UTC,1.40328,1.40316,0.00132,0.0012
20.10.2025 11:12:09.843 UTC,1.40327,1.40317,0.00132,0.0018
20.10.2025 11:12:17.066 UTC,1.40329,1.40318,0.00462,0.0012
20.10.2025 11:12:17.220 UTC,1.4033,1.40316,0.00567,0.0012
20.10.2025 11:12:35.982 UTC,1.40329,1.40316,0.00417,0.0018
20.10.2025 11:12:38.951 UTC,1.40328,1.40316,0.00417,0.0018
20.10.2025 11:12:40.713 UTC,1.40328,1.40317,0.00417,0.0012
20.10.2025 11:12:53.561 UTC,1.40327,1.40315,0.00147,0.0012
20.10.2025 11:12:53.664 UTC,1.40325,1.40313,0.00147,0.0012
20.10.2025 11:12:57.436 UTC,1.40324,1.40313,0.00132,0.0012
20.10.2025 11:13:07.176 UTC,1.40324,1.40312,0.00147,0.00135
20.10.2025 11:13:16.289 UTC,1.40324,1.40311,0.00147,0.00225
20.10.2025 11:13:16.491 UTC,1.40326,1.40311,0.00477,0.0033
20.10.2025 11:13:17.248 UTC,1.40326,1.40312,0.00432,0.0018
20.10.2025 11:13:17.501 UTC,1.40325,1.40313,0.00432,0.00135
20.10.2025 11:13:19.062 UTC,1.40326,1.40312,0.00432,0.0024
20.10.2025 11:13:19.165 UTC,1.40326,1.40315,0.00192,0.0024
20.10.2025 11:13:19.218 UTC,1.40327,1.40316,0.00132,0.00135
20.10.2025 11:13:19.423 UTC,1.4033,1.40316,0.00507,0.0012
20.10.2025 11:13:20.333 UTC,1.40328,1.40316,0.00132,0.0018
20.10.2025 11:13:20.435 UTC,1.40329,1.40315,0.00282,0.0018
20.10.2025 11:13:20.539 UTC,1.40327,1.40315,0.00192,0.00225
20.10.2025 11:13:23.045 UTC,1.40328,1.40314,0.00237,0.0024
20.10.2025 11:13:24.204 UTC,1.40327,1.40315,0.00237,0.00225
20.10.2025 11:13:24.560 UTC,1.40326,1.40314,0.00132,0.00225
20.10.2025 11:13:24.663 UTC,1.40327,1.40314,0.00477,0.0024
20.10.2025 11:13:24.765 UTC,1.40327,1.40313,0.00327,0.0018
20.10.2025 11:13:24.869 UTC,1.40326,1.40312,0.00132,0.0024
20.10.2025 11:13:25.123 UTC,1.40326,1.40312,0.00132,0.00225
20.10.2025 11:13:25.425 UTC,1.40326,1.40312,0.00132,0.00195
20.10.2025 11:13:25.527 UTC,1.40326,1.40312,0.00132,0.0024
20.10.2025 11:13:25.781 UTC,1.40324,1.40312,0.00132,0.00225
20.10.2025 11:13:26.087 UTC,1.40325,1.40311,0.00147,0.0024
20.10.2025 11:13:27.547 UTC,1.40325,1.40311,0.00192,0.00225
20.10.2025 11:13:40.236 UTC,1.40325,1.40311,0.00147,0.0024
20.10.2025 11:13:40.590 UTC,1.40324,1.40312,0.00192,0.00225
20.10.2025 11:13:47.961 UTC,1.40323,1.40311,0.00132,0.0012
20.10.2025 11:13:48.064 UTC,1.40322,1.40312,0.00132,0.0012
20.10.2025 11:14:21.789 UTC,1.40325,1.40312,0.00327,0.0012
20.10.2025 11:14:31.786 UTC,1.40325,1.40311,0.00327,0.00225
20.10.2025 11:14:37.180 UTC,1.40324,1.4031,0.00282,0.0024
20.10.2025 11:14:37.284 UTC,1.40322,1.40312,0.00327,0.0012
20.10.2025 11:14:52.382 UTC,1.40322,1.40312,0.00132,0.0012
20.10.2025 11:14:54.343 UTC,1.40325,1.40311,0.00327,0.0012
20.10.2025 11:14:54.901 UTC,1.40322,1.40312,0.00237,0.0012
20.10.2025 11:14:57.267 UTC,1.40323,1.4031,0.00372,0.0012
20.10.2025 11:15:03.765 UTC,1.40322,1.40311,0.00132,0.00225
20.10.2025 11:15:05.280 UTC,1.40325,1.4031,0.00477,0.0024
20.10.2025 11:15:06.488 UTC,1.40324,1.40313,0.00372,0.0012
20.10.2025 11:15:08.349 UTC,1.40324,1.40313,0.00462,0.0012
20.10.2025 11:15:12.361 UTC,1.40325,1.40312,0.00462,0.0012
20.10.2025 11:15:16.251 UTC,1.40323,1.40313,0.00372,0.0012
20.10.2025 11:15:16.304 UTC,1.40322,1.40311,0.00282,0.0012
20.10.2025 11:15:16.408 UTC,1.40323,1.4031,0.00327,0.0012
20.10.2025 11:15:26.750 UTC,1.40324,1.40312,0.00192,0.00225
20.10.2025 11:15:26.841 UTC,1.40329,1.40316,0.00387,0.0018
20.10.2025 11:15:26.945 UTC,1.40329,1.40317,0.00132,0.0012
20.10.2025 11:15:29.915 UTC,1.4033,1.40319,0.00132,0.0012
20.10.2025 11:15:30.019 UTC,1.40333,1.4032,0.00432,0.0012
20.10.2025 11:15:30.934 UTC,1.40331,1.40319,0.00462,0.0012
20.10.2025 11:15:31.037 UTC,1.4033,1.40319,0.00462,0.0012
20.10.2025 11:15:32.000 UTC,1.40329,1.40319,0.00372,0.0012
20.10.2025 11:15:33.707 UTC,1.40329,1.40319,0.00192,0.0012
20.10.2025 11:15:34.213 UTC,1.4033,1.40317,0.00372,0.0012
20.10.2025 11:15:43.694 UTC,1.40329,1.40317,0.00327,0.0012
20.10.2025 11:15:43.747 UTC,1.40328,1.40315,0.00237,0.0018
20.10.2025 11:15:43.852 UTC,1.40327,1.40317,0.00132,0.0012
20.10.2025 11:15:44.410 UTC,1.40328,1.40316,0.00132,0.0012
20.10.2025 11:15:47.181 UTC,1.40327,1.40315,0.00147,0.0012
20.10.2025 11:15:47.285 UTC,1.40325,1.40314,0.00237,0.0018
20.10.2025 11:15:47.389 UTC,1.40324,1.40311,0.00132,0.0012
20.10.2025 11:15:55.860 UTC,1.40323,1.40312,0.00132,0.0018
20.10.2025 11:16:00.376 UTC,1.40323,1.4031,0.00132,0.0018
20.10.2025 11:16:18.748 UTC,1.40323,1.4031,0.00147,0.0012
20.10.2025 11:16:24.723 UTC,1.40325,1.40311,0.00252,0.00225
20.10.2025 11:16:26.088 UTC,1.40325,1.40311,0.00132,0.00225
20.10.2025 11:16:38.908 UTC,1.40325,1.40312,0.00282,0.0012
20.10.2025 11:16:42.765 UTC,1.40323,1.40311,0.00417,0.00225
20.10.2025 11:16:42.869 UTC,1.40318,1.40309,0.00132,0.00135
20.10.2025 11:16:42.974 UTC,1.40318,1.40306,0.00132,0.0027
20.10.2025 11:16:46.452 UTC,1.40318,1.40307,0.00132,0.0012
20.10.2025 11:16:49.520 UTC,1.40318,1.40305,0.00132,0.0012
20.10.2025 11:16:52.311 UTC,1.40316,1.40301,0.00252,0.0051
20.10.2025 11:16:52.415 UTC,1.40313,1.40301,0.00132,0.0018
20.10.2025 11:16:52.467 UTC,1.40312,1.40302,0.00132,0.00135
20.10.2025 11:16:54.134 UTC,1.40314,1.40302,0.00237,0.0012
20.10.2025 11:16:56.907 UTC,1.40315,1.40301,0.00237,0.0012
20.10.2025 11:17:00.073 UTC,1.40315,1.40302,0.00147,0.0012
20.10.2025 11:17:04.099 UTC,1.40317,1.40304,0.00237,0.0012
20.10.2025 11:17:04.204 UTC,1.40317,1.40306,0.00297,0.0018
20.10.2025 11:17:09.176 UTC,1.40318,1.40306,0.00147,0.0024
20.10.2025 11:17:09.580 UTC,1.40319,1.40305,0.00147,0.00225
20.10.2025 11:17:10.086 UTC,1.40319,1.40306,0.00237,0.0012
20.10.2025 11:17:10.948 UTC,1.40321,1.40309,0.00192,0.0012
20.10.2025 11:17:11.051 UTC,1.40321,1.40311,0.00282,0.0012
20.10.2025 11:17:15.125 UTC,1.4032,1.40309,0.00132,0.0012
20.10.2025 11:17:15.178 UTC,1.40319,1.40307,0.00132,0.00135
20.10.2025 11:17:16.141 UTC,1.40319,1.40307,0.00132,0.0018
20.10.2025 11:17:16.846 UTC,1.40319,1.40308,0.00132,0.0012
20.10.2025 11:17:27.753 UTC,1.40318,1.40307,0.00132,0.0012
20.10.2025 11:17:27.805 UTC,1.40317,1.40305,0.00192,0.0012
20.10.2025 11:17:27.909 UTC,1.40316,1.40304,0.00192,0.0012
20.10.2025 11:17:40.752 UTC,1.40318,1.40305,0.00297,0.0012
20.10.2025 11:17:40.858 UTC,1.40319,1.40306,0.00192,0.0018
20.10.2025 11:17:40.961 UTC,1.40318,1.40308,0.00132,0.0012
20.10.2025 11:17:51.313 UTC,1.40318,1.40307,0.00147,0.0018
20.10.2025 11:17:51.416 UTC,1.40318,1.40308,0.00192,0.0012
20.10.2025 11:17:51.620 UTC,1.40319,1.40306,0.00147,0.0018
20.10.2025 11:17:52.478 UTC,1.40318,1.40306,0.00132,0.0012
20.10.2025 11:17:52.582 UTC,1.40316,1.40306,0.00147,0.0012
20.10.2025 11:17:52.685 UTC,1.40317,1.40305,0.00192,0.0012
20.10.2025 11:18:02.140 UTC,1.40317,1.40306,0.00297,0.0012
20.10.2025 11:18:02.243 UTC,1.40319,1.40307,0.00192,0.0018
20.10.2025 11:18:02.346 UTC,1.40319,1.40307,0.00132,0.0012
20.10.2025 11:18:03.313 UTC,1.40319,1.40309,0.00237,0.0012
20.10.2025 11:18:04.321 UTC,1.40322,1.40309,0.00207,0.0012
20.10.2025 11:18:09.034 UTC,1.4032,1.4031,0.00237,0.0012
20.10.2025 11:18:09.087 UTC,1.4032,1.40307,0.00132,0.00135
20.10.2025 11:18:18.662 UTC,1.40321,1.40309,0.00132,0.0012
20.10.2025 11:18:18.867 UTC,1.40322,1.4031,0.00192,0.0012
20.10.2025 11:18:18.971 UTC,1.40324,1.40312,0.00147,0.0012
20.10.2025 11:18:23.465 UTC,1.40323,1.40312,0.00132,0.0012
20.10.2025 11:18:23.568 UTC,1.40323,1.40311,0.00132,0.0012
20.10.2025 11:18:23.872 UTC,1.40323,1.40311,0.00147,0.0012
20.10.2025 11:18:27.797 UTC,1.40323,1.40314,0.00192,0.0012
20.10.2025 11:18:29.016 UTC,1.40322,1.40314,0.00132,0.0012
20.10.2025 11:18:29.119 UTC,1.40322,1.40312,0.00147,0.0012
20.10.2025 11:18:42.061 UTC,1.40323,1.4031,0.00192,0.0012
20.10.2025 11:18:58.069 UTC,1.40323,1.40312,0.00192,0.0012
20.10.2025 11:19:01.049 UTC,1.40325,1.40312,0.00207,0.0012
20.10.2025 11:19:06.030 UTC,1.40321,1.40311,0.00132,0.0012
20.10.2025 11:19:06.082 UTC,1.40319,1.40307,0.00132,0.00135
20.10.2025 11:19:06.186 UTC,1.40318,1.40307,0.00132,0.0018
20.10.2025 11:19:24.379 UTC,1.40319,1.40306,0.00132,0.0018
20.10.2025 11:19:25.687 UTC,1.40322,1.40308,0.00207,0.00135
20.10.2025 11:19:25.791 UTC,1.40321,1.4031,0.00132,0.0018
20.10.2025 11:19:25.895 UTC,1.40325,1.40312,0.00207,0.0012
20.10.2025 11:19:25.998 UTC,1.40324,1.40312,0.00147,0.0012
20.10.2025 11:19:27.008 UTC,1.40322,1.40312,0.00132,0.0012
20.10.2025 11:19:28.775 UTC,1.40323,1.40311,0.00282,0.0012
20.10.2025 11:19:34.215 UTC,1.40322,1.40312,0.00192,0.0012
20.10.2025 11:19:34.320 UTC,1.40323,1.40313,0.00192,0.0012
20.10.2025 11:19:35.030 UTC,1.40323,1.40313,0.00327,0.0012
20.10.2025 11:19:35.591 UTC,1.40323,1.4031,0.00252,0.0012
20.10.2025 11:19:41.266 UTC,1.40323,1.4031,0.00297,0.0012
20.10.2025 11:19:43.329 UTC,1.40323,1.40312,0.00207,0.0012
20.10.2025 11:19:43.483 UTC,1.40324,1.40311,0.00132,0.00135
20.10.2025 11:19:50.834 UTC,1.40324,1.40312,0.00192,0.00135
20.10.2025 11:19:52.291 UTC,1.40325,1.40311,0.00192,0.00135
20.10.2025 11:19:55.066 UTC,1.40323,1.40311,0.00147,0.0012
20.10.2025 11:20:02.350 UTC,1.40323,1.4031,0.00282,0.0012
20.10.2025 11:20:06.668 UTC,1.40319,1.40308,0.00132,0.0012
20.10.2025 11:20:06.771 UTC,1.40319,1.40307,0.00132,0.0012
20.10.2025 11:20:09.101 UTC,1.4032,1.40307,0.00282,0.0018
20.10.2025 11:20:16.942 UTC,1.4032,1.40306,0.00297,0.0018
20.10.2025 11:20:20.128 UTC,1.40319,1.40307,0.00252,0.0012
20.10.2025 11:20:21.723 UTC,1.40319,1.40306,0.00192,0.0012
20.10.2025 11:20:21.978 UTC,1.40319,1.40307,0.00192,0.0012
20.10.2025 11:20:22.082 UTC,1.40319,1.40306,0.00192,0.0012
20.10.2025 11:20:22.235 UTC,1.40319,1.40307,0.00192,0.0012
20.10.2025 11:20:22.689 UTC,1.40319,1.40306,0.00192,0.0012
20.10.2025 11:20:22.841 UTC,1.40319,1.40307,0.00192,0.0012
20.10.2025 11:20:23.696 UTC,1.40318,1.40307,0.00237,0.0012
20.10.2025 11:20:24.651 UTC,1.40319,1.40307,0.00192,0.0012
20.10.2025 11:20:24.753 UTC,1.40319,1.40306,0.00237,0.0012
20.10.2025 11:20:25.763 UTC,1.40318,1.40308,0.00237,0.0012
20.10.2025 11:20:26.822 UTC,1.40319,1.40306,0.00192,0.0012
20.10.2025 11:20:34.173 UTC,1.4032,1.40307,0.00147,0.0018
20.10.2025 11:20:34.294 UTC,1.40319,1.40307,0.00132,0.0027
20.10.2025 11:20:34.909 UTC,1.4032,1.40306,0.00132,0.0033
20.10.2025 11:20:35.011 UTC,1.40319,1.40307,0.00132,0.00315
20.10.2025 11:20:35.164 UTC,1.4032,1.40306,0.00132,0.0033
20.10.2025 11:20:35.266 UTC,1.4032,1.40306,0.00132,0.0027
20.10.2025 11:20:35.571 UTC,1.40319,1.40307,0.00132,0.0033
20.10.2025 11:20:37.943 UTC,1.40319,1.40307,0.00132,0.00225
20.10.2025 11:20:39.675 UTC,1.40319,1.40307,0.00132,0.0033
20.10.2025 11:20:41.196 UTC,1.4032,1.40306,0.00132,0.00315
20.10.2025 11:20:41.501 UTC,1.4032,1.40306,0.00132,0.0033
20.10.2025 11:20:45.097 UTC,1.4032,1.40306,0.00132,0.00315
20.10.2025 11:20:45.199 UTC,1.40319,1.40307,0.00132,0.0033
20.10.2025 11:20:46.671 UTC,1.4032,1.40306,0.00147,0.00315
20.10.2025 11:20:46.815 UTC,1.40319,1.40307,0.00192,0.0033
20.10.2025 11:20:47.017 UTC,1.4032,1.40306,0.00192,0.00315
20.10.2025 11:20:48.027 UTC,1.4032,1.40306,0.00132,0.0033
20.10.2025 11:20:48.129 UTC,1.40319,1.40307,0.00132,0.0033
20.10.2025 11:20:48.484 UTC,1.4032,1.40306,0.00237,0.0033
20.10.2025 11:20:48.988 UTC,1.40319,1.40307,0.00237,0.00315
20.10.2025 11:20:49.998 UTC,1.40319,1.40307,0.00192,0.0012
20.10.2025 11:20:50.103 UTC,1.4032,1.40307,0.00132,0.00225
20.10.2025 11:21:02.113 UTC,1.4032,1.40306,0.00132,0.00225
20.10.2025 11:21:02.368 UTC,1.40321,1.40306,0.00282,0.0024
20.10.2025 11:21:02.622 UTC,1.40319,1.40307,0.00147,0.00225
20.10.2025 11:21:02.975 UTC,1.40319,1.40305,0.00237,0.0036
20.10.2025 11:21:04.038 UTC,1.40318,1.40307,0.00237,0.0012
20.10.2025 11:21:25.949 UTC,1.40319,1.40308,0.00282,0.0012
20.10.2025 11:21:26.255 UTC,1.4032,1.40306,0.00282,0.00135
20.10.2025 11:21:26.867 UTC,1.4032,1.40306,0.00237,0.0018
20.10.2025 11:21:28.793 UTC,1.4032,1.40306,0.00372,0.00225
20.10.2025 11:21:28.896 UTC,1.4032,1.40307,0.00372,0.0012
20.10.2025 11:21:29.969 UTC,1.40319,1.40305,0.00132,0.0027
20.10.2025 11:21:30.073 UTC,1.40318,1.40307,0.00132,0.0012
20.10.2025 11:21:30.631 UTC,1.40319,1.40306,0.00132,0.0024
20.10.2025 11:21:30.983 UTC,1.40319,1.40306,0.00132,0.00225
20.10.2025 11:21:33.696 UTC,1.40318,1.40308,0.00132,0.0012
20.10.2025 11:21:33.799 UTC,1.4032,1.40306,0.00282,0.00225
20.10.2025 11:21:34.561 UTC,1.40319,1.40307,0.00327,0.0024
20.10.2025 11:21:34.815 UTC,1.4032,1.40306,0.00327,0.00225
20.10.2025 11:21:34.917 UTC,1.40319,1.40307,0.00327,0.00225
20.10.2025 11:21:35.120 UTC,1.4032,1.40306,0.00327,0.0024
20.10.2025 11:21:36.875 UTC,1.40318,1.40307,0.00132,0.00225
20.10.2025 11:21:37.228 UTC,1.40318,1.40307,0.00132,0.0024
20.10.2025 11:21:37.330 UTC,1.40319,1.40306,0.00132,0.00225
20.10.2025 11:21:51.348 UTC,1.4032,1.40306,0.00237,0.0018
20.10.2025 11:21:51.903 UTC,1.4032,1.40306,0.00237,0.00135
20.10.2025 11:21:53.012 UTC,1.4032,1.40307,0.00282,0.0012
20.10.2025 11:21:53.165 UTC,1.40319,1.40307,0.00282,0.00225
20.10.2025 11:21:54.876 UTC,1.40319,1.40308,0.00282,0.0012
20.10.2025 11:21:55.229 UTC,1.4032,1.40306,0.00282,0.00135
20.10.2025 11:21:55.883 UTC,1.40319,1.40308,0.00282,0.0012
20.10.2025 11:21:55.985 UTC,1.4032,1.40306,0.00282,0.00135
20.10.2025 11:21:56.287 UTC,1.4032,1.40306,0.00237,0.0018
20.10.2025 11:21:56.389 UTC,1.4032,1.40306,0.00282,0.00135
20.10.2025 11:21:58.099 UTC,1.4032,1.40306,0.00369,0.00225
20.10.2025 11:21:58.152 UTC,1.40321,1.40309,0.0012,0.00234
20.10.2025 11:21:58.256 UTC,1.40325,1.40312,0.0018,0.0012
20.10.2025 11:21:58.409 UTC,1.40325,1.40312,0.00135,0.0012
20.10.2025 11:22:00.663 UTC,1.40324,1.40313,0.00147,0.0012
20.10.2025 11:22:02.118 UTC,1.40325,1.40312,0.00135,0.0012
20.10.2025 11:22:04.726 UTC,1.40324,1.40315,0.00135,0.0012
20.10.2025 11:22:13.377 UTC,1.40326,1.40313,0.0018,0.0012
20.10.2025 11:22:14.992 UTC,1.40325,1.40314,0.00297,0.0012
20.10.2025 11:22:18.967 UTC,1.40325,1.40314,0.00147,0.0012
20.10.2025 11:22:19.823 UTC,1.40325,1.40313,0.00147,0.0012
20.10.2025 11:22:23.820 UTC,1.40323,1.4031,0.00132,0.00135
20.10.2025 11:22:23.924 UTC,1.40322,1.40312,0.00147,0.0012
20.10.2025 11:22:24.028 UTC,1.40324,1.40311,0.00252,0.0012
20.10.2025 11:22:24.131 UTC,1.40325,1.40313,0.00252,0.00135
20.10.2025 11:22:25.445 UTC,1.40324,1.40315,0.0024,0.0012
20.10.2025 11:22:26.757 UTC,1.40324,1.40314,0.00192,0.0012
20.10.2025 11:22:29.473 UTC,1.40325,1.40314,0.00192,0.0012
20.10.2025 11:22:30.081 UTC,1.40325,1.40313,0.00192,0.0012
20.10.2025 11:22:39.350 UTC,1.4032,1.40309,0.00132,0.0012
20.10.2025 11:22:39.454 UTC,1.4032,1.40306,0.00144,0.0012
20.10.2025 11:22:44.856 UTC,1.4032,1.40307,0.00369,0.0012
20.10.2025 11:22:45.059 UTC,1.4032,1.40306,0.00369,0.00135
20.10.2025 11:22:45.172 UTC,1.4032,1.40307,0.00369,0.0012
20.10.2025 11:22:46.029 UTC,1.4032,1.40306,0.00279,0.00225
20.10.2025 11:22:46.232 UTC,1.40319,1.40308,0.00279,0.0012
20.10.2025 11:22:47.036 UTC,1.40319,1.40307,0.00279,0.00225
20.10.2025 11:22:47.189 UTC,1.40319,1.40308,0.00279,0.0012
20.10.2025 11:22:47.494 UTC,1.4032,1.40306,0.00144,0.0018
20.10.2025 11:22:47.597 UTC,1.40319,1.40308,0.00234,0.0012
20.10.2025 11:22:47.700 UTC,1.4032,1.40306,0.00234,0.0018
20.10.2025 11:22:47.852 UTC,1.4032,1.40307,0.00144,0.0012
20.10.2025 11:22:48.708 UTC,1.4032,1.40306,0.00189,0.00225
20.10.2025 11:22:48.912 UTC,1.4032,1.40307,0.00189,0.0012
20.10.2025 11:22:49.717 UTC,1.4032,1.40306,0.00189,0.00225
20.10.2025 11:22:49.870 UTC,1.40319,1.40308,0.00189,0.0012
20.10.2025 11:22:58.903 UTC,1.40321,1.40308,0.00282,0.0012
20.10.2025 11:22:59.011 UTC,1.4032,1.40306,0.00279,0.00225
20.10.2025 11:22:59.114 UTC,1.4032,1.40306,0.00282,0.00225
20.10.2025 11:23:00.830 UTC,1.40319,1.40305,0.00147,0.00315
20.10.2025 11:23:00.933 UTC,1.4032,1.40306,0.00297,0.00315
20.10.2025 11:23:03.465 UTC,1.40319,1.40308,0.00147,0.0012
20.10.2025 11:23:03.618 UTC,1.4032,1.40306,0.00147,0.0018
20.10.2025 11:23:03.721 UTC,1.4032,1.40307,0.00147,0.0012
20.10.2025 11:23:04.378 UTC,1.40319,1.40307,0.00192,0.0018
20.10.2025 11:23:04.481 UTC,1.4032,1.40307,0.00147,0.0012
20.10.2025 11:23:04.584 UTC,1.4032,1.40306,0.00207,0.0018
20.10.2025 11:23:10.210 UTC,1.4032,1.40306,0.0024,0.00279
20.10.2025 11:23:10.415 UTC,1.40319,1.40308,0.00225,0.0012
20.10.2025 11:23:10.518 UTC,1.4032,1.40307,0.0024,0.0012
20.10.2025 11:23:10.620 UTC,1.4032,1.40306,0.0024,0.00279
20.10.2025 11:23:10.772 UTC,1.4032,1.40307,0.00225,0.0012
20.10.2025 11:23:10.925 UTC,1.4032,1.40307,0.0024,0.0012
20.10.2025 11:23:11.582 UTC,1.4032,1.40306,0.0024,0.00279
20.10.2025 11:23:11.683 UTC,1.4032,1.40307,0.0024,0.0012
20.10.2025 11:23:11.786 UTC,1.4032,1.40306,0.0024,0.00279
20.10.2025 11:23:11.989 UTC,1.4032,1.40307,0.00225,0.0012
20.10.2025 11:23:12.092 UTC,1.4032,1.40307,0.0024,0.0012
20.10.2025 11:23:12.798 UTC,1.40319,1.40307,0.0024,0.00279
20.10.2025 11:23:12.900 UTC,1.4032,1.40306,0.00195,0.00279
20.10.2025 11:23:13.003 UTC,1.40319,1.40307,0.0024,0.00279
20.10.2025 11:23:13.410 UTC,1.4032,1.40306,0.00225,0.00324
20.10.2025 11:23:13.913 UTC,1.4032,1.40306,0.0024,0.00279
20.10.2025 11:23:14.015 UTC,1.4032,1.40306,0.00225,0.00324
20.10.2025 11:23:14.119 UTC,1.4032,1.40306,0.0024,0.00279
20.10.2025 11:23:14.220 UTC,1.4032,1.40307,0.0024,0.0012
20.10.2025 11:23:14.323 UTC,1.4032,1.40306,0.0024,0.00279
20.10.2025 11:23:14.424 UTC,1.40319,1.40308,0.0024,0.0012
20.10.2025 11:23:14.629 UTC,1.4032,1.40307,0.00225,0.0012
20.10.2025 11:23:14.732 UTC,1.4032,1.40306,0.0024,0.00279
20.10.2025 11:23:15.037 UTC,1.4032,1.40307,0.0018,0.0012
20.10.2025 11:23:15.139 UTC,1.4032,1.40307,0.0024,0.0012
20.10.2025 11:23:15.793 UTC,1.4032,1.40306,0.00225,0.00279
20.10.2025 11:23:15.945 UTC,1.40319,1.40308,0.00225,0.0012
20.10.2025 11:23:16.048 UTC,1.4032,1.40306,0.0024,0.00279
20.10.2025 11:23:16.150 UTC,1.40319,1.40308,0.0024,0.0012
20.10.2025 11:23:16.404 UTC,1.40319,1.40308,0.00135,0.0012
20.10.2025 11:23:16.557 UTC,1.4032,1.40306,0.00135,0.00234
20.10.2025 11:23:16.863 UTC,1.4032,1.40306,0.0018,0.00189
20.10.2025 11:23:16.965 UTC,1.4032,1.40306,0.0012,0.00189
20.10.2025 11:23:17.067 UTC,1.4032,1.40306,0.0018,0.00189
20.10.2025 11:23:17.170 UTC,1.4032,1.40307,0.00135,0.0012
20.10.2025 11:23:18.029 UTC,1.4032,1.40306,0.00135,0.00234
20.10.2025 11:23:18.232 UTC,1.4032,1.40306,0.0018,0.00189
20.10.2025 11:23:18.335 UTC,1.4032,1.40307,0.00225,0.0012
20.10.2025 11:23:18.791 UTC,1.4032,1.40307,0.0024,0.0012
20.10.2025 11:23:19.045 UTC,1.40319,1.40307,0.0024,0.00189
20.10.2025 11:23:19.197 UTC,1.4032,1.40307,0.0024,0.0012
20.10.2025 11:23:19.503 UTC,1.4032,1.40307,0.00225,0.0012
20.10.2025 11:23:20.056 UTC,1.4032,1.40306,0.00225,0.00234
20.10.2025 11:23:20.259 UTC,1.4032,1.40306,0.0024,0.00189
20.10.2025 11:23:20.361 UTC,1.40319,1.40308,0.0024,0.0012
20.10.2025 11:23:21.071 UTC,1.4032,1.40306,0.0024,0.00279
20.10.2025 11:23:21.325 UTC,1.4032,1.40307,0.00225,0.0012
20.10.2025 11:23:21.428 UTC,1.40319,1.40308,0.0024,0.0012
20.10.2025 11:23:21.581 UTC,1.4032,1.40307,0.00225,0.0012
20.10.2025 11:23:21.683 UTC,1.40319,1.40308,0.00195,0.0012
20.10.2025 11:23:21.785 UTC,1.4032,1.40307,0.00225,0.0012
20.10.2025 11:23:22.090 UTC,1.40319,1.40307,0.00225,0.00279
20.10.2025 11:23:22.242 UTC,1.4032,1.40306,0.00195,0.00279
20.10.2025 11:23:22.293 UTC,1.4032,1.40307,0.00225,0.0012
20.10.2025 11:23:22.446 UTC,1.4032,1.40307,0.0024,0.0012
20.10.2025 11:23:22.752 UTC,1.40318,1.40307,0.0018,0.00279
20.10.2025 11:23:22.856 UTC,1.40323,1.40308,0.0033,0.00192
20.10.2025 11:23:22.960 UTC,1.40324,1.40312,0.00135,0.0012
20.10.2025 11:23:23.012 UTC,1.40326,1.40312,0.00225,0.0012
20.10.2025 11:23:23.114 UTC,1.40325,1.40312,0.0012,0.0012
20.10.2025 11:23:33.057 UTC,1.40324,1.40314,0.0012,0.00135
20.10.2025 11:23:33.763 UTC,1.40324,1.40313,0.0012,0.00225
20.10.2025 11:23:34.165 UTC,1.40324,1.40313,0.0012,0.0024
20.10.2025 11:23:35.380 UTC,1.40326,1.40312,0.0018,0.00315
20.10.2025 11:23:37.046 UTC,1.40326,1.40312,0.00285,0.00225
20.10.2025 11:23:51.185 UTC,1.40327,1.40313,0.00285,0.00135
20.10.2025 11:23:51.290 UTC,1.40326,1.40314,0.00285,0.0012
20.10.2025 11:23:51.596 UTC,1.40326,1.40314,0.0027,0.00135
20.10.2025 11:23:54.165 UTC,1.40326,1.40314,0.00225,0.0018
20.10.2025 11:23:54.418 UTC,1.40327,1.40313,0.0027,0.00135
20.10.2025 11:23:54.671 UTC,1.40325,1.40314,0.0012,0.00135
20.10.2025 11:23:57.653 UTC,1.40321,1.4031,0.0018,0.0012
20.10.2025 11:23:57.756 UTC,1.40321,1.40309,0.00225,0.0012
20.10.2025 11:23:57.859 UTC,1.40319,1.4031,0.0012,0.0012
20.10.2025 11:23:58.215 UTC,1.40321,1.40308,0.00225,0.0012
20.10.2025 11:23:58.368 UTC,1.40321,1.40308,0.0024,0.0012
20.10.2025 11:24:15.842 UTC,1.4032,1.40308,0.00204,0.0027
20.10.2025 11:24:23.317 UTC,1.40319,1.40308,0.0012,0.0018
20.10.2025 11:24:23.472 UTC,1.4032,1.40307,0.0012,0.0018
20.10.2025 11:24:26.377 UTC,1.4032,1.40306,0.00285,0.00315
20.10.2025 11:24:26.480 UTC,1.4032,1.40307,0.00204,0.0012
20.10.2025 11:24:28.693 UTC,1.40319,1.40308,0.0012,0.0027
20.10.2025 11:24:32.307 UTC,1.40319,1.40307,0.00237,0.00315
20.10.2025 11:24:32.410 UTC,1.4032,1.4031,0.0012,0.0012
20.10.2025 11:24:32.464 UTC,1.40321,1.40311,0.0012,0.0012
20.10.2025 11:24:32.670 UTC,1.4032,1.40309,0.00135,0.0018
20.10.2025 11:24:32.824 UTC,1.40321,1.40308,0.00192,0.0018
20.10.2025 11:24:33.683 UTC,1.40321,1.40308,0.00144,0.0018
20.10.2025 11:24:33.839 UTC,1.40322,1.40308,0.00144,0.00315
20.10.2025 11:24:35.348 UTC,1.40322,1.40308,0.00144,0.0033
20.10.2025 11:24:35.550 UTC,1.40322,1.40308,0.00189,0.00315
20.10.2025 11:24:36.232 UTC,1.4032,1.40309,0.00132,0.00225
20.10.2025 11:24:42.841 UTC,1.40321,1.4031,0.0012,0.0012
20.10.2025 11:24:44.405 UTC,1.40325,1.40311,0.00195,0.0018
20.10.2025 11:24:44.508 UTC,1.40325,1.40311,0.0018,0.0018
20.10.2025 11:24:52.535 UTC,1.40325,1.40312,0.00387,0.0024
20.10.2025 11:24:52.641 UTC,1.40325,1.40311,0.00132,0.00225
20.10.2025 11:24:56.618 UTC,1.40325,1.40311,0.0018,0.0033
20.10.2025 11:24:58.828 UTC,1.40325,1.40311,0.00195,0.00315
20.10.2025 11:25:00.034 UTC,1.40325,1.40311,0.0018,0.0033
20.10.2025 11:25:00.236 UTC,1.40325,1.40311,0.00195,0.00315
20.10.2025 11:25:01.644 UTC,1.40326,1.40311,0.00429,0.0024
20.10.2025 11:25:01.751 UTC,1.40324,1.40312,0.0012,0.00225
20.10.2025 11:25:02.360 UTC,1.40326,1.40311,0.00429,0.0024
20.10.2025 11:25:02.868 UTC,1.40325,1.40311,0.00285,0.00225
20.10.2025 11:25:03.473 UTC,1.40324,1.40312,0.0024,0.0024
20.10.2025 11:25:03.728 UTC,1.40324,1.40312,0.0024,0.00225
20.10.2025 11:25:06.944 UTC,1.40324,1.40313,0.0024,0.0012
20.10.2025 11:25:08.250 UTC,1.40325,1.40311,0.0024,0.00225
20.10.2025 11:25:08.504 UTC,1.40325,1.40311,0.0024,0.0024
20.10.2025 11:25:11.631 UTC,1.40324,1.40312,0.00285,0.00225
20.10.2025 11:25:11.785 UTC,1.40325,1.40311,0.0024,0.0024
20.10.2025 11:25:12.088 UTC,1.40325,1.40311,0.00195,0.00225
20.10.2025 11:25:12.928 UTC,1.40323,1.40309,0.00225,0.00189
20.10.2025 11:25:13.184 UTC,1.40323,1.4031,0.00135,0.0012
20.10.2025 11:25:15.398 UTC,1.40324,1.40312,0.0018,0.0012
20.10.2025 11:25:15.552 UTC,1.40325,1.40312,0.00249,0.0012
20.10.2025 11:25:18.071 UTC,1.40325,1.40311,0.00249,0.0018
20.10.2025 11:25:25.548 UTC,1.40325,1.40311,0.0018,0.0033
20.10.2025 11:25:26.702 UTC,1.40324,1.40312,0.00195,0.00315
20.10.2025 11:25:28.016 UTC,1.40325,1.40312,0.00195,0.0012
20.10.2025 11:25:36.182 UTC,1.40325,1.40313,0.0042,0.0012
20.10.2025 11:25:37.036 UTC,1.40324,1.40313,0.00132,0.0012
20.10.2025 11:25:40.121 UTC,1.40325,1.40312,0.0012,0.0012
20.10.2025 11:25:42.836 UTC,1.40324,1.40311,0.00342,0.0012
20.10.2025 11:25:42.888 UTC,1.40322,1.40309,0.00132,0.0018
20.10.2025 11:25:42.991 UTC,1.40322,1.40309,0.00192,0.0018
20.10.2025 11:25:47.276 UTC,1.40322,1.40309,0.00132,0.0024
20.10.2025 11:25:47.528 UTC,1.40322,1.40308,0.0018,0.00225
20.10.2025 11:25:47.883 UTC,1.40322,1.40309,0.00195,0.0012
20.10.2025 11:26:00.989 UTC,1.40322,1.40309,0.0018,0.0012
20.10.2025 11:26:01.344 UTC,1.4032,1.40308,0.00327,0.0012
20.10.2025 11:26:01.499 UTC,1.40318,1.40308,0.0012,0.0012
20.10.2025 11:26:01.741 UTC,1.40321,1.40308,0.0018,0.00315
20.10.2025 11:26:01.847 UTC,1.40323,1.40312,0.0012,0.0012
20.10.2025 11:26:01.950 UTC,1.40322,1.40313,0.0012,0.0012
20.10.2025 11:26:02.206 UTC,1.4032,1.40314,0.0012,0.0012
20.10.2025 11:26:02.258 UTC,1.40326,1.40313,0.0018,0.0012
20.10.2025 11:26:04.981 UTC,1.40327,1.40316,0.0018,0.0012
20.10.2025 11:26:05.085 UTC,1.40328,1.40316,0.0018,0.00189
20.10.2025 11:26:05.137 UTC,1.40331,1.40316,0.0018,0.00189
20.10.2025 11:26:05.189 UTC,1.40332,1.40321,0.0024,0.0018
20.10.2025 11:26:05.242 UTC,1.40333,1.40321,0.00135,0.0012
20.10.2025 11:26:05.396 UTC,1.40331,1.40321,0.0018,0.0012
20.10.2025 11:26:15.216 UTC,1.40331,1.4032,0.0012,0.0012
20.10.2025 11:26:16.421 UTC,1.40332,1.4032,0.00225,0.0012
20.10.2025 11:26:23.349 UTC,1.40331,1.4032,0.0012,0.0012
20.10.2025 11:26:23.953 UTC,1.40332,1.4032,0.00225,0.0012
20.10.2025 11:26:24.205 UTC,1.40331,1.4032,0.0012,0.0012
20.10.2025 11:26:24.456 UTC,1.40332,1.4032,0.00225,0.0012
20.10.2025 11:26:29.322 UTC,1.40331,1.4032,0.00225,0.0012
20.10.2025 11:26:29.628 UTC,1.40331,1.40321,0.0012,0.0012
20.10.2025 11:26:29.733 UTC,1.40332,1.40322,0.0018,0.0012
20.10.2025 11:26:29.786 UTC,1.4033,1.4032,0.0012,0.0012
20.10.2025 11:26:32.910 UTC,1.40332,1.40319,0.00135,0.00135
20.10.2025 11:26:33.163 UTC,1.40331,1.40319,0.0012,0.00135
20.10.2025 11:26:34.171 UTC,1.40331,1.4032,0.00135,0.00135
20.10.2025 11:26:35.076 UTC,1.40331,1.40319,0.0012,0.0012
20.10.2025 11:26:35.228 UTC,1.40332,1.40319,0.0018,0.0012
20.10.2025 11:26:41.698 UTC,1.40333,1.40321,0.00135,0.00135
20.10.2025 11:26:41.805 UTC,1.40334,1.40322,0.0018,0.0012
20.10.2025 11:26:42.059 UTC,1.40334,1.40322,0.00135,0.0012
20.10.2025 11:27:13.626 UTC,1.40332,1.40322,0.0012,0.0012
20.10.2025 11:27:13.678 UTC,1.4033,1.40321,0.0012,0.0012
20.10.2025 11:27:14.291 UTC,1.40331,1.40321,0.00135,0.0012
20.10.2025 11:27:15.806 UTC,1.40331,1.4032,0.0012,0.0012
20.10.2025 11:27:16.700 UTC,1.40331,1.40319,0.0012,0.00135
20.10.2025 11:27:16.753 UTC,1.40329,1.40318,0.00132,0.0012
20.10.2025 11:27:16.856 UTC,1.40331,1.40316,0.00432,0.0012
20.10.2025 11:27:27.121 UTC,1.40329,1.40317,0.0012,0.0012
20.10.2025 11:27:27.274 UTC,1.40328,1.40317,0.0012,0.0018
20.10.2025 11:27:27.528 UTC,1.4033,1.40317,0.00204,0.0033
20.10.2025 11:27:27.632 UTC,1.40332,1.4032,0.0018,0.0027
20.10.2025 11:27:27.684 UTC,1.40332,1.4032,0.0012,0.0027
20.10.2025 11:27:27.786 UTC,1.40335,1.4032,0.00195,0.0027
20.10.2025 11:27:27.940 UTC,1.40334,1.4032,0.00252,0.0012
20.10.2025 11:27:28.447 UTC,1.40333,1.40319,0.00192,0.0012
20.10.2025 11:27:36.611 UTC,1.40332,1.40319,0.00285,0.0012
20.10.2025 11:27:38.975 UTC,1.40331,1.40319,0.00204,0.0012
20.10.2025 11:27:39.119 UTC,1.40331,1.40318,0.0012,0.0012
20.10.2025 11:27:51.127 UTC,1.40332,1.40321,0.00132,0.0012
20.10.2025 11:27:51.242 UTC,1.40332,1.40322,0.0018,0.0018
20.10.2025 11:27:51.397 UTC,1.40334,1.40321,0.00195,0.0018
20.10.2025 11:27:53.112 UTC,1.40334,1.40322,0.0018,0.0012
20.10.2025 11:27:53.266 UTC,1.40335,1.40322,0.00192,0.0012
20.10.2025 11:27:57.535 UTC,1.40334,1.40321,0.00144,0.00135
20.10.2025 11:27:57.638 UTC,1.40332,1.40322,0.00144,0.0012
20.10.2025 11:27:57.742 UTC,1.40333,1.4032,0.00204,0.0012
20.10.2025 11:28:10.465 UTC,1.40329,1.40318,0.00144,0.0012
20.10.2025 11:28:10.620 UTC,1.40329,1.40318,0.00195,0.0012
20.10.2025 11:28:12.888 UTC,1.4033,1.40317,0.00135,0.0012
20.10.2025 11:28:14.466 UTC,1.4033,1.40317,0.0024,0.0012
20.10.2025 11:28:18.259 UTC,1.4033,1.40317,0.0018,0.0018
20.10.2025 11:28:18.412 UTC,1.40329,1.40318,0.0012,0.0018
20.10.2025 11:28:20.384 UTC,1.4033,1.40317,0.0018,0.0012
20.10.2025 11:28:20.436 UTC,1.40328,1.40315,0.00144,0.0012
20.10.2025 11:28:20.540 UTC,1.40325,1.40315,0.0012,0.0012
20.10.2025 11:28:23.061 UTC,1.40327,1.40315,0.00204,0.00135
20.10.2025 11:28:26.025 UTC,1.40328,1.40314,0.00168,0.0018
20.10.2025 11:28:26.679 UTC,1.40327,1.40315,0.00213,0.00135
20.10.2025 11:28:41.028 UTC,1.40329,1.40319,0.00195,0.0012
20.10.2025 11:28:41.130 UTC,1.4033,1.40318,0.0018,0.0012
20.10.2025 11:28:42.038 UTC,1.40331,1.40318,0.00144,0.0012
20.10.2025 11:28:46.216 UTC,1.4033,1.4032,0.00144,0.0012
20.10.2025 11:28:49.994 UTC,1.40329,1.40318,0.00108,0.0012
20.10.2025 11:28:52.012 UTC,1.40329,1.40318,0.00144,0.0012
20.10.2025 11:28:52.166 UTC,1.4033,1.40317,0.00108,0.0012
20.10.2025 11:28:53.021 UTC,1.4033,1.40317,0.00132,0.0012
20.10.2025 11:28:53.627 UTC,1.40329,1.40318,0.00108,0.0012
20.10.2025 11:28:56.811 UTC,1.40332,1.40318,0.00294,0.00132
20.10.2025 11:28:56.914 UTC,1.40332,1.40319,0.00192,0.0012
20.10.2025 11:29:16.799 UTC,1.40333,1.4032,0.0012,0.0012
20.10.2025 11:29:17.656 UTC,1.40333,1.40319,0.00285,0.00135
20.10.2025 11:29:17.708 UTC,1.40333,1.40321,0.00195,0.0012
20.10.2025 11:29:17.812 UTC,1.40332,1.40322,0.00135,0.0012
20.10.2025 11:29:18.927 UTC,1.40335,1.40322,0.00195,0.0012
20.10.2025 11:29:20.136 UTC,1.40335,1.40322,0.0012,0.0012
20.10.2025 11:29:44.006 UTC,1.40336,1.40323,0.00195,0.0012
20.10.2025 11:29:44.160 UTC,1.40336,1.40323,0.0012,0.0012
20.10.2025 11:29:55.536 UTC,1.40336,1.40324,0.0012,0.0012
20.10.2025 11:29:55.691 UTC,1.40337,1.40324,0.0012,0.0012
20.10.2025 11:29:57.605 UTC,1.40336,1.40324,0.0012,0.0012
20.10.2025 11:29:59.572 UTC,1.40338,1.40325,0.0012,0.00192
20.10.2025 11:29:59.676 UTC,1.4034,1.40326,0.0018,0.00279
20.10.2025 11:29:59.779 UTC,1.40341,1.40326,0.00135,0.00189
20.10.2025 11:30:00.034 UTC,1.40341,1.40327,0.00135,0.0012
20.10.2025 11:30:00.189 UTC,1.40341,1.40327,0.00195,0.0012
20.10.2025 11:30:00.444 UTC,1.4034,1.40328,0.00225,0.0012
20.10.2025 11:30:00.751 UTC,1.40341,1.40327,0.00195,0.0012
20.10.2025 11:30:01.155 UTC,1.4034,1.40329,0.00195,0.0012
20.10.2025 11:30:01.363 UTC,1.40342,1.40331,0.00285,0.0012
20.10.2025 11:30:01.468 UTC,1.40343,1.40334,0.0018,0.0012
20.10.2025 11:30:01.572 UTC,1.40346,1.40333,0.0024,0.0012
20.10.2025 11:30:25.145 UTC,1.40346,1.40333,0.0012,0.0018
20.10.2025 11:30:27.412 UTC,1.40344,1.40334,0.0012,0.00132
20.10.2025 11:30:28.321 UTC,1.40339,1.40331,0.0012,0.00135
20.10.2025 11:30:28.373 UTC,1.40338,1.40329,0.0012,0.0012
20.10.2025 11:30:28.425 UTC,1.40338,1.40327,0.0012,0.0018
20.10.2025 11:30:29.695 UTC,1.40337,1.40326,0.00135,0.0018
20.10.2025 11:30:31.511 UTC,1.40338,1.40325,0.00195,0.0018
20.10.2025 11:30:31.816 UTC,1.40338,1.40325,0.0018,0.0018
20.10.2025 11:30:32.018 UTC,1.40338,1.40325,0.0018,0.00192
20.10.2025 11:30:33.470 UTC,1.40338,1.40325,0.00135,0.00237
20.10.2025 11:30:33.573 UTC,1.40337,1.40326,0.00195,0.00192
20.10.2025 11:30:33.776 UTC,1.40338,1.40325,0.00135,0.00237
20.10.2025 11:30:40.325 UTC,1.40336,1.40324,0.0012,0.00132
20.10.2025 11:30:40.429 UTC,1.40335,1.40322,0.0018,0.00132
20.10.2025 11:30:46.443 UTC,1.40336,1.40323,0.0018,0.00147
20.10.2025 11:30:46.546 UTC,1.40336,1.40323,0.0018,0.00237
20.10.2025 11:30:46.649 UTC,1.40336,1.40323,0.0012,0.00237
20.10.2025 11:30:57.683 UTC,1.40337,1.40324,0.0018,0.00132
20.10.2025 11:30:58.640 UTC,1.40336,1.40325,0.00195,0.00132
20.10.2025 11:31:03.987 UTC,1.40336,1.40323,0.00135,0.00225
20.10.2025 11:31:08.679 UTC,1.40336,1.40324,0.00135,0.0012
20.10.2025 11:31:09.835 UTC,1.40335,1.40324,0.00135,0.00225
20.10.2025 11:31:10.189 UTC,1.40335,1.40324,0.00135,0.0024
20.10.2025 11:31:12.554 UTC,1.40337,1.40325,0.00135,0.00132
20.10.2025 11:31:12.657 UTC,1.40338,1.40326,0.0012,0.0012
20.10.2025 11:31:13.216 UTC,1.40338,1.40327,0.0012,0.0012
20.10.2025 11:31:13.318 UTC,1.40338,1.40326,0.0012,0.0012
20.10.2025 11:31:15.581 UTC,1.40339,1.40328,0.0012,0.0012
20.10.2025 11:31:16.142 UTC,1.40339,1.40331,0.0012,0.0012
20.10.2025 11:31:16.246 UTC,1.40341,1.40332,0.0012,0.0012
20.10.2025 11:31:16.297 UTC,1.40342,1.40331,0.0012,0.0012
20.10.2025 11:31:26.281 UTC,1.40343,1.40331,0.0012,0.0012
20.10.2025 11:31:28.410 UTC,1.40343,1.40332,0.0012,0.0012
20.10.2025 11:31:29.374 UTC,1.40344,1.40333,0.0018,0.0012
20.10.2025 11:31:29.477 UTC,1.40345,1.40335,0.00285,0.0012
20.10.2025 11:31:35.916 UTC,1.40348,1.40335,0.00397,0.0012
20.10.2025 11:31:35.968 UTC,1.40348,1.40335,0.00375,0.0012
20.10.2025 11:31:36.073 UTC,1.40348,1.40339,0.0024,0.0012
20.10.2025 11:31:36.177 UTC,1.40351,1.4034,0.0018,0.0012
20.10.2025 11:31:36.229 UTC,1.40351,1.40342,0.0018,0.0012
20.10.2025 11:31:36.383 UTC,1.40351,1.40343,0.00135,0.0012
20.10.2025 11:31:36.485 UTC,1.4035,1.40343,0.0012,0.0012
20.10.2025 11:31:36.689 UTC,1.40352,1.40342,0.00135,0.0012
20.10.2025 11:31:36.823 UTC,1.40351,1.40342,0.0012,0.0012
20.10.2025 11:31:36.928 UTC,1.40352,1.40342,0.00135,0.0012
20.10.2025 11:31:36.985 UTC,1.40351,1.40341,0.00135,0.0012
20.10.2025 11:31:37.643 UTC,1.40351,1.4034,0.0012,0.0012
20.10.2025 11:31:37.746 UTC,1.40351,1.40341,0.0012,0.0012
20.10.2025 11:31:38.153 UTC,1.40351,1.40342,0.00135,0.0012
20.10.2025 11:31:38.256 UTC,1.4035,1.40342,0.0012,0.0012
20.10.2025 11:31:38.660 UTC,1.40352,1.40341,0.00135,0.0012
20.10.2025 11:31:38.863 UTC,1.4035,1.40342,0.0012,0.0012
20.10.2025 11:31:39.671 UTC,1.40352,1.40341,0.00135,0.0012
20.10.2025 11:31:39.774 UTC,1.40351,1.40341,0.0012,0.0012
20.10.2025 11:31:40.030 UTC,1.40353,1.40342,0.0024,0.00135
20.10.2025 11:31:40.236 UTC,1.40353,1.40344,0.0018,0.0012
20.10.2025 11:31:40.339 UTC,1.40353,1.40344,0.00135,0.0012
20.10.2025 11:31:51.632 UTC,1.40351,1.40343,0.0012,0.0012
20.10.2025 11:31:51.736 UTC,1.4035,1.40343,0.0012,0.0012
20.10.2025 11:31:51.839 UTC,1.40351,1.40341,0.0012,0.0012
20.10.2025 11:31:52.346 UTC,1.4035,1.40341,0.0027,0.0012
20.10.2025 11:32:00.218 UTC,1.40351,1.40341,0.00135,0.0012
20.10.2025 11:32:00.823 UTC,1.40351,1.40339,0.0018,0.0012
20.10.2025 11:32:01.734 UTC,1.4035,1.40339,0.00135,0.0012
20.10.2025 11:32:01.786 UTC,1.40348,1.40338,0.0012,0.0012
20.10.2025 11:32:01.838 UTC,1.40347,1.40336,0.0012,0.0012
20.10.2025 11:32:01.941 UTC,1.40346,1.40337,0.0018,0.0012
20.10.2025 11:32:04.058 UTC,1.40347,1.40335,0.0018,0.0012
20.10.2025 11:32:10.380 UTC,1.40348,1.40336,0.0018,0.0012
20.10.2025 11:32:10.437 UTC,1.40349,1.40336,0.00135,0.0012
20.10.2025 11:32:10.540 UTC,1.4035,1.40337,0.0024,0.0012
20.10.2025 11:32:20.501 UTC,1.40347,1.40337,0.00135,0.0012
20.10.2025 11:32:20.554 UTC,1.40346,1.40335,0.0012,0.0018
20.10.2025 11:32:20.658 UTC,1.40346,1.40333,0.0018,0.0012
20.10.2025 11:32:21.561 UTC,1.40345,1.40334,0.00135,0.00225
20.10.2025 11:32:25.794 UTC,1.40347,1.40335,0.0018,0.0018
20.10.2025 11:32:25.948 UTC,1.40348,1.40335,0.00285,0.0012
20.10.2025 11:32:27.318 UTC,1.40346,1.40336,0.00195,0.0012
20.10.2025 11:32:31.356 UTC,1.40347,1.40334,0.00285,0.0012
20.10.2025 11:32:50.780 UTC,1.40347,1.40335,0.0018,0.0012
20.10.2025 11:32:50.883 UTC,1.40349,1.40336,0.00285,0.0012
20.10.2025 11:32:50.935 UTC,1.40349,1.40336,0.0018,0.0018
20.10.2025 11:32:51.039 UTC,1.4035,1.40337,0.00135,0.0012
20.10.2025 11:32:52.000 UTC,1.40352,1.40338,0.0018,0.0018
20.10.2025 11:32:52.053 UTC,1.40353,1.40342,0.00342,0.0012
20.10.2025 11:32:52.106 UTC,1.40354,1.40341,0.00342,0.0012
20.10.2025 11:32:55.397 UTC,1.40354,1.40342,0.00285,0.0012
20.10.2025 11:32:55.513 UTC,1.40355,1.40342,0.00249,0.0012
20.10.2025 11:32:55.619 UTC,1.40353,1.40343,0.0012,0.0012
20.10.2025 11:32:56.785 UTC,1.40356,1.40343,0.0024,0.00135
20.10.2025 11:32:56.887 UTC,1.40356,1.40343,0.00225,0.00135
20.10.2025 11:32:57.695 UTC,1.40356,1.40343,0.00285,0.0012
20.10.2025 11:32:57.799 UTC,1.40356,1.40343,0.0024,0.00135
20.10.2025 11:32:58.156 UTC,1.40355,1.40344,0.0024,0.0018
20.10.2025 11:32:58.259 UTC,1.40356,1.40343,0.0024,0.00144
20.10.2025 11:32:58.515 UTC,1.40356,1.40343,0.0024,0.00192
20.10.2025 11:32:58.621 UTC,1.40358,1.40345,0.00285,0.0012
20.10.2025 11:32:58.726 UTC,1.40356,1.40346,0.00135,0.0012
20.10.2025 11:32:59.186 UTC,1.40357,1.40345,0.0018,0.0012
20.10.2025 11:33:03.059 UTC,1.40358,1.40345,0.0018,0.00144
20.10.2025 11:33:03.179 UTC,1.40358,1.40347,0.0027,0.0012
20.10.2025 11:33:04.041 UTC,1.40359,1.40346,0.00285,0.0012
20.10.2025 11:33:08.581 UTC,1.40361,1.4035,0.0024,0.0012
20.10.2025 11:33:08.684 UTC,1.40364,1.40351,0.00339,0.0012
20.10.2025 11:33:08.838 UTC,1.40362,1.40352,0.0018,0.0012
20.10.2025 11:33:11.166 UTC,1.40362,1.40352,0.00189,0.0012
20.10.2025 11:33:11.622 UTC,1.40362,1.40351,0.0012,0.0018
20.10.2025 11:33:11.725 UTC,1.40363,1.40351,0.00135,0.00135
20.10.2025 11:33:14.729 UTC,1.40364,1.40351,0.00339,0.0024
20.10.2025 11:33:14.881 UTC,1.40364,1.40351,0.00339,0.00225
20.10.2025 11:33:15.488 UTC,1.40364,1.40351,0.00339,0.0024
20.10.2025 11:33:15.590 UTC,1.40364,1.40351,0.00339,0.00225
20.10.2025 11:33:15.893 UTC,1.40363,1.40352,0.00339,0.0024
20.10.2025 11:33:16.896 UTC,1.40363,1.40352,0.00339,0.00225
20.10.2025 11:33:20.374 UTC,1.40363,1.4035,0.00279,0.0012
20.10.2025 11:33:21.881 UTC,1.40361,1.4035,0.00279,0.0012
20.10.2025 11:33:22.033 UTC,1.40362,1.40349,0.00294,0.0012
20.10.2025 11:33:23.142 UTC,1.40361,1.40348,0.00279,0.0012
20.10.2025 11:33:23.246 UTC,1.40361,1.40348,0.00294,0.0012
20.10.2025 11:33:26.568 UTC,1.40362,1.40349,0.0018,0.00135
20.10.2025 11:33:32.574 UTC,1.40361,1.4035,0.00279,0.0012
20.10.2025 11:33:32.726 UTC,1.40362,1.40349,0.00294,0.0012
20.10.2025 11:33:38.565 UTC,1.40362,1.40351,0.00285,0.0012
20.10.2025 11:33:38.720 UTC,1.40363,1.40352,0.0024,0.0018
20.10.2025 11:33:38.823 UTC,1.40363,1.40352,0.00135,0.00189
20.10.2025 11:33:39.833 UTC,1.40363,1.40352,0.00135,0.00339
20.10.2025 11:33:40.540 UTC,1.40364,1.40351,0.00135,0.00324
20.10.2025 11:33:40.693 UTC,1.40364,1.40351,0.00135,0.00339
20.10.2025 11:33:41.246 UTC,1.40364,1.40351,0.00135,0.00324
20.10.2025 11:33:41.349 UTC,1.40363,1.40352,0.00135,0.00339
20.10.2025 11:33:42.059 UTC,1.40366,1.40353,0.0024,0.00135
20.10.2025 11:33:42.267 UTC,1.40367,1.40354,0.00285,0.0012
20.10.2025 11:33:42.319 UTC,1.40367,1.40354,0.00225,0.0012
20.10.2025 11:33:42.574 UTC,1.40367,1.40354,0.0024,0.0012
20.10.2025 11:33:43.966 UTC,1.40366,1.40354,0.00237,0.0012
20.10.2025 11:33:49.746 UTC,1.40363,1.40354,0.00192,0.0018
20.10.2025 11:33:49.849 UTC,1.40364,1.40352,0.00192,0.0018
20.10.2025 11:33:52.831 UTC,1.40364,1.40353,0.00237,0.0012
20.10.2025 11:33:52.935 UTC,1.40365,1.40353,0.00237,0.00135
20.10.2025 11:33:55.663 UTC,1.40365,1.40353,0.00237,0.0012
20.10.2025 11:34:16.857 UTC,1.40365,1.40352,0.00417,0.0012
20.10.2025 11:34:16.962 UTC,1.40363,1.4035,0.00372,0.0012
20.10.2025 11:34:17.066 UTC,1.40362,1.40349,0.00417,0.0012
20.10.2025 11:34:17.271 UTC,1.4036,1.40349,0.00147,0.0012
20.10.2025 11:34:22.158 UTC,1.40361,1.4035,0.00192,0.0012
20.10.2025 11:34:22.667 UTC,1.40361,1.40349,0.00132,0.0012
20.10.2025 11:34:31.013 UTC,1.40361,1.4035,0.00192,0.0012
20.10.2025 11:34:31.471 UTC,1.40362,1.40349,0.00192,0.0012
20.10.2025 11:34:38.437 UTC,1.40362,1.40349,0.00192,0.00225
20.10.2025 11:34:38.891 UTC,1.40361,1.4035,0.00297,0.0012
20.10.2025 11:34:45.187 UTC,1.40361,1.40348,0.00387,0.0018
20.10.2025 11:34:45.390 UTC,1.40361,1.40348,0.00207,0.0012
20.10.2025 11:34:49.062 UTC,1.4036,1.40349,0.00477,0.0012
20.10.2025 11:34:49.217 UTC,1.40359,1.40349,0.00132,0.0012
20.10.2025 11:34:50.378 UTC,1.40358,1.40347,0.00147,0.00225
20.10.2025 11:34:50.482 UTC,1.40358,1.40345,0.00297,0.0012
20.10.2025 11:34:50.585 UTC,1.40357,1.40344,0.00147,0.0018
20.10.2025 11:34:52.204 UTC,1.40357,1.40347,0.00192,0.0012
20.10.2025 11:34:52.306 UTC,1.40361,1.40348,0.00192,0.0012
20.10.2025 11:34:52.409 UTC,1.40361,1.40349,0.00297,0.0012
20.10.2025 11:34:52.512 UTC,1.40362,1.40348,0.00477,0.0012
20.10.2025 11:34:52.615 UTC,1.40361,1.40349,0.00297,0.0012
20.10.2025 11:34:52.818 UTC,1.40359,1.40348,0.00147,0.0012
20.10.2025 11:34:55.148 UTC,1.4036,1.40347,0.00327,0.0012
20.10.2025 11:34:55.251 UTC,1.40358,1.40347,0.00132,0.0018
20.10.2025 11:34:58.998 UTC,1.40357,1.40346,0.00372,0.0012
20.10.2025 11:34:59.101 UTC,1.40357,1.40344,0.00192,0.0012
20.10.2025 11:34:59.408 UTC,1.40356,1.40344,0.00147,0.0012
20.10.2025 11:34:59.561 UTC,1.40355,1.40344,0.00252,0.0012
20.10.2025 11:35:03.146 UTC,1.40356,1.40343,0.00252,0.0018
20.10.2025 11:35:03.499 UTC,1.40356,1.40343,0.00252,0.00135
20.10.2025 11:35:14.315 UTC,1.40354,1.40342,0.00237,0.0012
20.10.2025 11:35:14.419 UTC,1.40354,1.40342,0.00192,0.0012
20.10.2025 11:35:14.523 UTC,1.40355,1.40342,0.00207,0.0012
20.10.2025 11:35:19.313 UTC,1.40352,1.40341,0.00147,0.0018
20.10.2025 11:35:22.890 UTC,1.40352,1.40341,0.00237,0.0024
20.10.2025 11:35:22.993 UTC,1.40353,1.4034,0.00237,0.00225
20.10.2025 11:35:23.847 UTC,1.40353,1.4034,0.00237,0.0024
20.10.2025 11:35:24.049 UTC,1.40353,1.4034,0.00237,0.00225
20.10.2025 11:35:30.482 UTC,1.40352,1.40342,0.00192,0.0012
20.10.2025 11:35:44.070 UTC,1.40352,1.40342,0.00387,0.0012
20.10.2025 11:35:48.731 UTC,1.40352,1.40341,0.00132,0.0012
20.10.2025 11:35:51.047 UTC,1.40353,1.4034,0.00252,0.0018
20.10.2025 11:35:57.989 UTC,1.40352,1.40339,0.00387,0.0012
20.10.2025 11:35:58.092 UTC,1.40352,1.40338,0.00462,0.00225
20.10.2025 11:35:58.297 UTC,1.40352,1.40338,0.00207,0.00225
20.10.2025 11:35:59.002 UTC,1.40352,1.40339,0.00207,0.0012
20.10.2025 11:35:59.390 UTC,1.40352,1.40338,0.00207,0.00225
20.10.2025 11:36:00.143 UTC,1.40351,1.4034,0.00207,0.0012
20.10.2025 11:36:00.346 UTC,1.4035,1.40339,0.00147,0.00225
20.10.2025 11:36:03.718 UTC,1.40351,1.40338,0.00147,0.00135
20.10.2025 11:36:05.733 UTC,1.4035,1.40337,0.00132,0.00225
20.10.2025 11:36:06.239 UTC,1.4035,1.40337,0.00132,0.0024
20.10.2025 11:36:06.491 UTC,1.4035,1.40337,0.00132,0.0018
20.10.2025 11:36:06.595 UTC,1.40349,1.40336,0.00132,0.0018
20.10.2025 11:36:06.698 UTC,1.40348,1.40337,0.00237,0.0012
20.10.2025 11:36:07.156 UTC,1.4035,1.40337,0.00252,0.0018
20.10.2025 11:36:07.259 UTC,1.4035,1.40339,0.00237,0.0012
20.10.2025 11:36:15.668 UTC,1.4035,1.40337,0.00147,0.00225
20.10.2025 11:36:20.807 UTC,1.40349,1.40338,0.00147,0.0012
20.10.2025 11:36:21.586 UTC,1.40352,1.40338,0.00567,0.00135
20.10.2025 11:36:21.691 UTC,1.40351,1.40337,0.00477,0.0012
20.10.2025 11:36:22.503 UTC,1.40352,1.40338,0.00477,0.00135
20.10.2025 11:36:26.281 UTC,1.4035,1.40337,0.00147,0.0018
20.10.2025 11:36:33.494 UTC,1.40348,1.40337,0.00147,0.0018
20.10.2025 11:36:33.598 UTC,1.40349,1.40337,0.00147,0.0012
20.10.2025 11:36:35.664 UTC,1.40349,1.40336,0.00192,0.0018
20.10.2025 11:36:35.866 UTC,1.40348,1.40338,0.00192,0.0012
20.10.2025 11:36:37.230 UTC,1.40349,1.40336,0.00387,0.0018
20.10.2025 11:36:37.437 UTC,1.40349,1.40336,0.00207,0.0012
20.10.2025 11:36:43.839 UTC,1.4035,1.40337,0.00192,0.00225
20.10.2025 11:36:43.943 UTC,1.40352,1.40339,0.00192,0.0012
20.10.2025 11:36:43.996 UTC,1.40353,1.40342,0.00192,0.0012
20.10.2025 11:36:44.099 UTC,1.40355,1.40342,0.00192,0.0012
20.10.2025 11:37:01.636 UTC,1.40354,1.40343,0.00192,0.0018
20.10.2025 11:37:01.890 UTC,1.40353,1.4034,0.00192,0.0012
20.10.2025 11:37:01.993 UTC,1.40352,1.40339,0.00147,0.00135
20.10.2025 11:37:02.804 UTC,1.40351,1.40338,0.00237,0.0012
20.10.2025 11:37:03.463 UTC,1.40351,1.40338,0.00192,0.0012
20.10.2025 11:37:09.451 UTC,1.40352,1.40341,0.00192,0.0012
20.10.2025 11:37:10.009 UTC,1.40352,1.40339,0.00192,0.0012
20.10.2025 11:37:13.036 UTC,1.40352,1.40339,0.00207,0.0012
20.10.2025 11:37:21.359 UTC,1.4035,1.40337,0.00132,0.0012
20.10.2025 11:37:21.463 UTC,1.4035,1.40336,0.00327,0.0012
20.10.2025 11:37:48.106 UTC,1.4035,1.40339,0.00192,0.0012
20.10.2025 11:37:48.261 UTC,1.40351,1.40338,0.00192,0.0012
20.10.2025 11:37:49.274 UTC,1.40351,1.4034,0.00297,0.0012
20.10.2025 11:38:02.205 UTC,1.40351,1.40338,0.00252,0.00225
20.10.2025 11:38:19.963 UTC,1.4035,1.40337,0.00132,0.0012
20.10.2025 11:38:20.525 UTC,1.4035,1.40337,0.00192,0.0012
20.10.2025 11:38:20.628 UTC,1.40351,1.40338,0.00252,0.0012
20.10.2025 11:38:26.491 UTC,1.40352,1.40339,0.00207,0.0012
20.10.2025 11:38:29.383 UTC,1.40351,1.40338,0.00192,0.0018
20.10.2025 11:38:29.489 UTC,1.40346,1.40332,0.00132,0.00225
20.10.2025 11:38:32.970 UTC,1.40346,1.40332,0.00192,0.0018
20.10.2025 11:38:39.531 UTC,1.40345,1.40333,0.00192,0.0024
20.10.2025 11:38:46.555 UTC,1.40345,1.40332,0.00144,0.00225
20.10.2025 11:38:47.209 UTC,1.40345,1.40332,0.00144,0.0024
20.10.2025 11:38:48.365 UTC,1.40344,1.40333,0.00144,0.00225
20.10.2025 11:38:51.759 UTC,1.40344,1.40332,0.0012,0.0012
20.10.2025 11:38:52.672 UTC,1.40344,1.40333,0.0012,0.00135
20.10.2025 11:38:54.331 UTC,1.40346,1.40334,0.0018,0.0012
20.10.2025 11:38:54.384 UTC,1.40347,1.40337,0.0018,0.0018
20.10.2025 11:38:54.436 UTC,1.40348,1.40337,0.00144,0.0027
20.10.2025 11:38:57.807 UTC,1.40349,1.40336,0.00147,0.0012
20.10.2025 11:38:57.859 UTC,1.40347,1.40335,0.00132,0.0012
20.10.2025 11:38:57.911 UTC,1.40346,1.40333,0.00192,0.00135
20.10.2025 11:38:58.117 UTC,1.40345,1.40332,0.00132,0.0018
20.10.2025 11:39:02.125 UTC,1.40346,1.40333,0.00192,0.0012
20.10.2025 11:39:12.339 UTC,1.40348,1.40335,0.00204,0.0018
20.10.2025 11:39:12.445 UTC,1.40353,1.4034,0.00132,0.0012
20.10.2025 11:39:12.497 UTC,1.40354,1.40342,0.00132,0.0012
20.10.2025 11:39:19.218 UTC,1.40356,1.40342,0.00252,0.0018
20.10.2025 11:39:24.969 UTC,1.40355,1.40345,0.00192,0.0012
20.10.2025 11:39:25.987 UTC,1.40356,1.40344,0.00192,0.0012
20.10.2025 11:39:26.245 UTC,1.40356,1.40344,0.00189,0.0012
20.10.2025 11:39:27.758 UTC,1.40356,1.40344,0.00192,0.0012
20.10.2025 11:39:27.861 UTC,1.40355,1.40344,0.00207,0.0012
20.10.2025 11:39:46.729 UTC,1.40357,1.40345,0.00195,0.0012
20.10.2025 11:39:46.834 UTC,1.40359,1.40348,0.00135,0.0012
20.10.2025 11:39:50.902 UTC,1.40361,1.40348,0.0033,0.0012
20.10.2025 11:39:51.106 UTC,1.40361,1.40349,0.0024,0.0012
20.10.2025 11:39:58.893 UTC,1.40361,1.40348,0.00339,0.0012
20.10.2025 11:40:04.187 UTC,1.40361,1.40348,0.00384,0.0012
20.10.2025 11:40:05.454 UTC,1.4036,1.4035,0.0018,0.00135
20.10.2025 11:40:05.609 UTC,1.40361,1.40351,0.0012,0.0012
20.10.2025 11:40:06.064 UTC,1.40363,1.40351,0.0018,0.0012
20.10.2025 11:40:07.980 UTC,1.40362,1.40353,0.0018,0.0012
20.10.2025 11:40:08.083 UTC,1.40365,1.40356,0.0012,0.0012
20.10.2025 11:40:08.187 UTC,1.40367,1.40355,0.0018,0.00132
20.10.2025 11:40:09.603 UTC,1.40367,1.40358,0.00195,0.0012
20.10.2025 11:40:09.656 UTC,1.40372,1.40364,0.00315,0.00132
20.10.2025 11:40:09.709 UTC,1.40383,1.4037,0.0015,0.0018
20.10.2025 11:40:09.762 UTC,1.40381,1.40372,0.00135,0.00132
20.10.2025 11:40:09.866 UTC,1.40383,1.40375,0.0012,0.0012
20.10.2025 11:40:09.918 UTC,1.40386,1.40376,0.00135,0.00192
20.10.2025 11:40:10.022 UTC,1.40385,1.40377,0.0012,0.0012
20.10.2025 11:40:11.207 UTC,1.40389,1.40383,0.0012,0.0012
20.10.2025 11:40:11.260 UTC,1.40394,1.40383,0.0012,0.0012
20.10.2025 11:40:11.363 UTC,1.40396,1.40384,0.0024,0.0012
20.10.2025 11:40:11.875 UTC,1.40394,1.40382,0.0018,0.0012
20.10.2025 11:40:11.978 UTC,1.40394,1.40381,0.00375,0.0012
20.10.2025 11:40:14.564 UTC,1.40392,1.40381,0.0012,0.0012
20.10.2025 11:40:15.069 UTC,1.40393,1.40382,0.00195,0.0012
20.10.2025 11:40:15.426 UTC,1.40392,1.40381,0.0012,0.0012
20.10.2025 11:40:16.943 UTC,1.4039,1.40382,0.00135,0.0012
20.10.2025 11:40:17.047 UTC,1.40391,1.40379,0.0012,0.0012
20.10.2025 11:40:17.099 UTC,1.40392,1.40382,0.00195,0.0012
20.10.2025 11:40:17.202 UTC,1.40391,1.40383,0.00135,0.0012
20.10.2025 11:40:19.375 UTC,1.40393,1.40384,0.0018,0.0018
20.10.2025 11:40:19.428 UTC,1.40405,1.40394,0.0018,0.0012
20.10.2025 11:40:19.533 UTC,1.40406,1.40394,0.0018,0.0012
20.10.2025 11:40:19.625 UTC,1.40408,1.40394,0.0012,0.0012
20.10.2025 11:40:19.680 UTC,1.40407,1.40394,0.0018,0.0012
20.10.2025 11:40:19.784 UTC,1.40408,1.40396,0.0018,0.0012
20.10.2025 11:40:25.843 UTC,1.40407,1.40397,0.00135,0.0012
20.10.2025 11:40:26.651 UTC,1.40406,1.40397,0.0012,0.0012
20.10.2025 11:40:26.755 UTC,1.40407,1.40397,0.00135,0.0012
20.10.2025 11:40:27.713 UTC,1.40406,1.40397,0.0012,0.0012
20.10.2025 11:40:27.814 UTC,1.40407,1.40397,0.00135,0.0012
20.10.2025 11:40:28.218 UTC,1.40411,1.40399,0.0012,0.00132
20.10.2025 11:40:28.271 UTC,1.40414,1.40405,0.0012,0.00132
20.10.2025 11:40:28.323 UTC,1.40415,1.40406,0.00198,0.0012
20.10.2025 11:40:28.375 UTC,1.40417,1.40407,0.0012,0.0012
20.10.2025 11:40:28.427 UTC,1.40417,1.40405,0.0012,0.0012
20.10.2025 11:40:28.531 UTC,1.40415,1.40406,0.0012,0.0012
20.10.2025 11:40:29.449 UTC,1.4042,1.40407,0.00195,0.00132
20.10.2025 11:40:29.502 UTC,1.40419,1.40409,0.0012,0.00132
20.10.2025 11:40:29.607 UTC,1.40422,1.40412,0.0012,0.00282
20.10.2025 11:40:29.713 UTC,1.40426,1.40416,0.0012,0.0012
20.10.2025 11:40:29.765 UTC,1.40426,1.40414,0.0012,0.0012
20.10.2025 11:40:30.020 UTC,1.40422,1.40415,0.0012,0.0012
20.10.2025 11:40:30.225 UTC,1.40421,1.40413,0.0012,0.0012
20.10.2025 11:40:30.327 UTC,1.40421,1.40412,0.0012,0.0012
20.10.2025 11:40:31.615 UTC,1.40422,1.40412,0.00135,0.0012
20.10.2025 11:40:31.719 UTC,1.4042,1.40411,0.0012,0.0012
20.10.2025 11:40:31.975 UTC,1.40423,1.40412,0.0018,0.0012
20.10.2025 11:40:35.260 UTC,1.4042,1.40412,0.00135,0.0012
20.10.2025 11:40:37.128 UTC,1.40421,1.4041,0.00192,0.0012
20.10.2025 11:40:39.647 UTC,1.40419,1.4041,0.00132,0.0012
20.10.2025 11:40:39.699 UTC,1.40416,1.40406,0.0012,0.0012
20.10.2025 11:40:39.803 UTC,1.40417,1.40406,0.00168,0.0012
20.10.2025 11:40:45.090 UTC,1.40422,1.40413,0.00135,0.0012
20.10.2025 11:40:45.194 UTC,1.40426,1.40415,0.0027,0.0012
20.10.2025 11:40:45.246 UTC,1.40426,1.40415,0.0024,0.0012
20.10.2025 11:40:51.886 UTC,1.40426,1.40416,0.0018,0.0018
20.10.2025 11:40:51.990 UTC,1.40425,1.40415,0.00135,0.00132
20.10.2025 11:40:52.094 UTC,1.40426,1.40418,0.0012,0.0012
20.10.2025 11:40:53.105 UTC,1.40426,1.40414,0.0012,0.00192
20.10.2025 11:40:53.209 UTC,1.4043,1.40417,0.0012,0.00132
20.10.2025 11:40:53.260 UTC,1.4043,1.4042,0.0012,0.0012
20.10.2025 11:40:53.771 UTC,1.40432,1.4042,0.0018,0.0012
20.10.2025 11:40:55.091 UTC,1.40432,1.40421,0.00339,0.0012
20.10.2025 11:40:55.703 UTC,1.40431,1.4042,0.0018,0.0012
20.10.2025 11:40:56.057 UTC,1.40431,1.40419,0.0024,0.0012
20.10.2025 11:40:56.461 UTC,1.4043,1.40419,0.0012,0.0012
20.10.2025 11:40:56.615 UTC,1.40431,1.40419,0.00192,0.0012
20.10.2025 11:40:56.870 UTC,1.40427,1.40419,0.00132,0.0012
20.10.2025 11:40:56.972 UTC,1.40428,1.40417,0.00132,0.0012
20.10.2025 11:40:57.532 UTC,1.4043,1.40425,0.0012,0.0012
20.10.2025 11:40:57.584 UTC,1.40436,1.40425,0.00132,0.0012
20.10.2025 11:40:57.636 UTC,1.40438,1.40424,0.00387,0.0012
20.10.2025 11:40:57.689 UTC,1.40436,1.40425,0.00132,0.0012
20.10.2025 11:40:58.097 UTC,1.40436,1.40426,0.00192,0.0012
20.10.2025 11:40:58.201 UTC,1.40437,1.40425,0.00132,0.0012
20.10.2025 11:40:58.868 UTC,1.40435,1.40425,0.0012,0.0012
20.10.2025 11:40:59.666 UTC,1.40434,1.40424,0.00132,0.0012
20.10.2025 11:40:59.720 UTC,1.40435,1.40422,0.00144,0.0012
20.10.2025 11:40:59.823 UTC,1.40434,1.40422,0.00168,0.0012
20.10.2025 11:40:59.927 UTC,1.40434,1.40421,0.00216,0.0012
20.10.2025 11:41:03.326 UTC,1.40431,1.40418,0.00144,0.0012
20.10.2025 11:41:03.787 UTC,1.40428,1.40418,0.00156,0.0012
20.10.2025 11:41:03.891 UTC,1.40428,1.40416,0.00192,0.0012
20.10.2025 11:41:03.994 UTC,1.40427,1.40417,0.00207,0.0012
20.10.2025 11:41:04.857 UTC,1.40427,1.40415,0.00144,0.0012
20.10.2025 11:41:04.909 UTC,1.40426,1.40414,0.00244,0.0012
20.10.2025 11:41:05.014 UTC,1.40424,1.4041,0.00216,0.0012
20.10.2025 11:41:05.066 UTC,1.40424,1.40411,0.00204,0.0012
20.10.2025 11:41:05.169 UTC,1.40423,1.40412,0.00204,0.0012
20.10.2025 11:41:05.831 UTC,1.40422,1.4041,0.00219,0.0012
20.10.2025 11:41:05.935 UTC,1.40423,1.4041,0.00144,0.0012
20.10.2025 11:41:06.092 UTC,1.40422,1.40409,0.00219,0.0012
20.10.2025 11:41:06.196 UTC,1.4042,1.40408,0.00144,0.0012
20.10.2025 11:41:06.300 UTC,1.40418,1.40408,0.00201,0.0012
20.10.2025 11:41:06.402 UTC,1.40419,1.40407,0.00216,0.0012
20.10.2025 11:41:07.214 UTC,1.4042,1.40408,0.00216,0.0012
20.10.2025 11:41:07.266 UTC,1.4042,1.40405,0.00144,0.00132
20.10.2025 11:41:07.317 UTC,1.40419,1.4041,0.00144,0.0012
20.10.2025 11:41:07.802 UTC,1.40421,1.40409,0.00144,0.0012
20.10.2025 11:41:07.907 UTC,1.40426,1.40414,0.00537,0.0012
20.10.2025 11:41:08.010 UTC,1.40428,1.40415,0.00346,0.0012
20.10.2025 11:41:08.062 UTC,1.40427,1.40416,0.00219,0.0012
20.10.2025 11:41:09.936 UTC,1.40426,1.40414,0.00192,0.0012
20.10.2025 11:41:13.168 UTC,1.40423,1.40413,0.00132,0.0012
20.10.2025 11:41:13.272 UTC,1.40421,1.40413,0.0018,0.0012
20.10.2025 11:41:14.032 UTC,1.40422,1.40412,0.0018,0.0012
20.10.2025 11:41:17.656 UTC,1.40422,1.40412,0.00195,0.0012
20.10.2025 11:41:21.077 UTC,1.40422,1.40412,0.0012,0.0012
20.10.2025 11:41:24.547 UTC,1.40422,1.40413,0.00204,0.0012
20.10.2025 11:41:25.207 UTC,1.40421,1.4041,0.00192,0.0012
20.10.2025 11:41:27.827 UTC,1.40422,1.40412,0.0018,0.0012
20.10.2025 11:41:29.864 UTC,1.40421,1.40413,0.00195,0.0012
20.10.2025 11:41:35.806 UTC,1.40425,1.40413,0.0018,0.0012
20.10.2025 11:41:35.858 UTC,1.40424,1.40416,0.0012,0.0012
20.10.2025 11:41:36.063 UTC,1.40426,1.40415,0.00192,0.0012
20.10.2025 11:41:36.166 UTC,1.40426,1.40414,0.00192,0.0012
20.10.2025 11:41:37.732 UTC,1.40422,1.40414,0.00135,0.0012
20.10.2025 11:41:37.837 UTC,1.40422,1.40412,0.0018,0.0012
20.10.2025 11:41:38.495 UTC,1.40425,1.40411,0.00204,0.00192
20.10.2025 11:41:38.599 UTC,1.40426,1.40415,0.0018,0.0012
20.10.2025 11:41:41.136 UTC,1.40425,1.40414,0.00195,0.0012
20.10.2025 11:41:42.850 UTC,1.40426,1.40415,0.0018,0.0012
20.10.2025 11:41:42.953 UTC,1.40427,1.40417,0.0018,0.0012
20.10.2025 11:41:45.939 UTC,1.4043,1.40418,0.0012,0.0012
20.10.2025 11:41:45.991 UTC,1.40432,1.40421,0.0012,0.0012
20.10.2025 11:41:46.094 UTC,1.40433,1.40421,0.00249,0.0012
20.10.2025 11:41:46.196 UTC,1.40433,1.40421,0.00192,0.0012
20.10.2025 11:41:48.267 UTC,1.40434,1.40422,0.0018,0.0012
20.10.2025 11:41:48.370 UTC,1.40436,1.40424,0.00192,0.0012
20.10.2025 11:41:48.524 UTC,1.40435,1.40426,0.00192,0.0012
20.10.2025 11:41:48.628 UTC,1.40437,1.40425,0.00192,0.0012
20.10.2025 11:41:48.776 UTC,1.40436,1.40425,0.00192,0.0012
20.10.2025 11:41:49.286 UTC,1.40433,1.40424,0.0012,0.0012
20.10.2025 11:41:49.339 UTC,1.40432,1.40421,0.00135,0.0012
20.10.2025 11:41:49.441 UTC,1.40432,1.40421,0.0018,0.0012
20.10.2025 11:41:56.192 UTC,1.40432,1.40421,0.00135,0.0012
20.10.2025 11:41:56.294 UTC,1.40432,1.40421,0.0018,0.0012
20.10.2025 11:41:57.410 UTC,1.40431,1.4042,0.00135,0.0012
20.10.2025 11:41:59.580 UTC,1.40432,1.4042,0.00195,0.0012
20.10.2025 11:42:03.592 UTC,1.40431,1.40421,0.0018,0.0012
20.10.2025 11:42:15.811 UTC,1.4043,1.4042,0.00384,0.0012
20.10.2025 11:42:17.182 UTC,1.40429,1.40419,0.00195,0.0012
20.10.2025 11:42:18.807 UTC,1.40429,1.40418,0.0018,0.0012
20.10.2025 11:42:22.527 UTC,1.40429,1.40417,0.0018,0.0012
20.10.2025 11:42:22.631 UTC,1.4043,1.40418,0.00249,0.0012
20.10.2025 11:42:22.787 UTC,1.40428,1.40418,0.00249,0.0012
20.10.2025 11:42:22.890 UTC,1.4043,1.40417,0.00249,0.0012
20.10.2025 11:42:23.043 UTC,1.40429,1.40418,0.00294,0.0012
20.10.2025 11:42:24.008 UTC,1.4043,1.40418,0.00192,0.0012
20.10.2025 11:42:31.716 UTC,1.40431,1.40418,0.00192,0.0012
20.10.2025 11:42:31.872 UTC,1.40431,1.4042,0.0033,0.0012
20.10.2025 11:42:31.924 UTC,1.40432,1.40421,0.0018,0.0012
20.10.2025 11:42:31.977 UTC,1.40432,1.40421,0.0024,0.0012
20.10.2025 11:42:32.131 UTC,1.40431,1.40422,0.0024,0.0012
20.10.2025 11:42:33.893 UTC,1.40432,1.4042,0.00192,0.0012
20.10.2025 11:42:33.996 UTC,1.40432,1.4042,0.0018,0.0012
20.10.2025 11:42:37.518 UTC,1.40432,1.40425,0.0012,0.0012
20.10.2025 11:42:37.571 UTC,1.40436,1.40424,0.0018,0.00132
20.10.2025 11:42:37.674 UTC,1.40436,1.40425,0.0018,0.0012
20.10.2025 11:42:41.036 UTC,1.40436,1.40425,0.00135,0.0012
20.10.2025 11:42:43.396 UTC,1.40436,1.40425,0.0018,0.0012
20.10.2025 11:42:45.813 UTC,1.40435,1.40426,0.00135,0.0012
20.10.2025 11:42:48.581 UTC,1.40436,1.40425,0.0018,0.0012
20.10.2025 11:42:49.489 UTC,1.40438,1.40426,0.0024,0.00132
20.10.2025 11:42:49.593 UTC,1.40438,1.40427,0.0018,0.0012
20.10.2025 11:42:49.644 UTC,1.40437,1.40428,0.00135,0.0012
20.10.2025 11:42:49.747 UTC,1.40437,1.40428,0.0018,0.0012
20.10.2025 11:42:50.001 UTC,1.40437,1.40427,0.0018,0.0012
20.10.2025 11:42:56.116 UTC,1.40437,1.40426,0.0018,0.0012
20.10.2025 11:42:58.080 UTC,1.40436,1.40426,0.00252,0.0012
20.10.2025 11:42:59.487 UTC,1.40438,1.40426,0.00346,0.0012
20.10.2025 11:42:59.590 UTC,1.40437,1.40425,0.00184,0.0012
20.10.2025 11:43:01.848 UTC,1.40438,1.40425,0.00204,0.0012
20.10.2025 11:43:01.951 UTC,1.40438,1.40425,0.00309,0.0012
20.10.2025 11:43:06.272 UTC,1.40437,1.40426,0.00204,0.0012
20.10.2025 11:43:08.084 UTC,1.40438,1.40425,0.00132,0.0012
20.10.2025 11:43:12.004 UTC,1.4044,1.40426,0.00249,0.0012
20.10.2025 11:43:12.122 UTC,1.4044,1.40427,0.0033,0.0012
20.10.2025 11:43:12.226 UTC,1.40438,1.40428,0.0018,0.0012
20.10.2025 11:43:12.329 UTC,1.40439,1.40427,0.0024,0.0012
20.10.2025 11:43:12.536 UTC,1.40438,1.40426,0.00195,0.0012
20.10.2025 11:43:12.641 UTC,1.40438,1.40426,0.0012,0.0012
20.10.2025 11:43:17.415 UTC,1.40438,1.40425,0.00261,0.0012
20.10.2025 11:43:17.520 UTC,1.4043,1.40419,0.00249,0.0018
20.10.2025 11:43:17.623 UTC,1.40429,1.40418,0.0012,0.0012
20.10.2025 11:43:20.149 UTC,1.4043,1.40418,0.00192,0.0012
20.10.2025 11:43:21.973 UTC,1.40424,1.40418,0.0012,0.0012
20.10.2025 11:43:22.026 UTC,1.40425,1.40415,0.0018,0.0012
20.10.2025 11:43:22.129 UTC,1.40425,1.40414,0.0018,0.0012
20.10.2025 11:43:30.413 UTC,1.40424,1.40414,0.0018,0.0012
20.10.2025 11:43:30.567 UTC,1.40421,1.40413,0.00135,0.0012
20.10.2025 11:43:30.621 UTC,1.40422,1.40411,0.0018,0.0012
20.10.2025 11:43:32.701 UTC,1.40423,1.40412,0.0024,0.0012
20.10.2025 11:43:32.805 UTC,1.40424,1.40414,0.0018,0.0012
20.10.2025 11:43:32.857 UTC,1.40423,1.40415,0.00135,0.0012
20.10.2025 11:43:32.911 UTC,1.40422,1.40413,0.0012,0.0012
20.10.2025 11:43:33.014 UTC,1.40422,1.40411,0.0018,0.0012
20.10.2025 11:43:43.204 UTC,1.40422,1.40413,0.0018,0.0012
20.10.2025 11:43:43.258 UTC,1.40425,1.40413,0.0024,0.0012
20.10.2025 11:43:44.831 UTC,1.40426,1.40415,0.0018,0.0012
20.10.2025 11:43:46.046 UTC,1.40427,1.40415,0.0018,0.0012
20.10.2025 11:43:49.054 UTC,1.40424,1.40414,0.00135,0.0012
20.10.2025 11:43:49.158 UTC,1.40424,1.40413,0.00135,0.0012
20.10.2025 11:43:49.261 UTC,1.40423,1.40413,0.0012,0.0012
20.10.2025 11:43:51.283 UTC,1.40424,1.40414,0.0018,0.0012
20.10.2025 11:43:51.842 UTC,1.40426,1.40411,0.0018,0.00342
20.10.2025 11:43:51.995 UTC,1.40426,1.40416,0.0018,0.0012
20.10.2025 11:43:56.513 UTC,1.40426,1.40417,0.00192,0.0012
20.10.2025 11:43:56.816 UTC,1.40427,1.40416,0.0018,0.0012
20.10.2025 11:43:57.377 UTC,1.40424,1.40415,0.00135,0.0012
20.10.2025 11:43:57.479 UTC,1.40424,1.40415,0.0018,0.0012
20.10.2025 11:43:59.090 UTC,1.40425,1.40414,0.0018,0.0012
20.10.2025 11:44:00.908 UTC,1.40422,1.40413,0.00144,0.0012
20.10.2025 11:44:01.011 UTC,1.40423,1.40412,0.00192,0.0012
20.10.2025 11:44:01.165 UTC,1.40425,1.40413,0.00192,0.0012
20.10.2025 11:44:01.270 UTC,1.40425,1.40415,0.0018,0.0012
20.10.2025 11:44:11.798 UTC,1.40425,1.40414,0.0018,0.0012
20.10.2025 11:44:12.051 UTC,1.40427,1.40414,0.00192,0.0012
20.10.2025 11:44:16.721 UTC,1.40427,1.40415,0.00192,0.0012
20.10.2025 11:44:23.353 UTC,1.40426,1.40416,0.0018,0.0012
20.10.2025 11:44:26.528 UTC,1.40429,1.40417,0.0018,0.0012
20.10.2025 11:44:26.633 UTC,1.40434,1.40421,0.0018,0.0012
20.10.2025 11:44:26.685 UTC,1.40436,1.40423,0.0018,0.0012
20.10.2025 11:44:34.584 UTC,1.40431,1.40421,0.0012,0.0012
20.10.2025 11:44:34.697 UTC,1.4043,1.40422,0.0018,0.0012
20.10.2025 11:44:37.721 UTC,1.40431,1.4042,0.00249,0.0012
20.10.2025 11:44:40.741 UTC,1.40428,1.40419,0.00144,0.0012
20.10.2025 11:44:40.793 UTC,1.40427,1.40416,0.00132,0.0012
20.10.2025 11:44:40.846 UTC,1.40426,1.40415,0.00192,0.0012
20.10.2025 11:44:41.102 UTC,1.40427,1.40415,0.0018,0.0012
20.10.2025 11:44:48.390 UTC,1.40426,1.40415,0.0018,0.0012
20.10.2025 11:44:50.001 UTC,1.40425,1.40414,0.00135,0.0012
20.10.2025 11:44:50.157 UTC,1.40425,1.40414,0.0018,0.0012
20.10.2025 11:44:51.019 UTC,1.40426,1.40416,0.0018,0.0012
20.10.2025 11:44:51.071 UTC,1.40427,1.40415,0.0018,0.0012
20.10.2025 11:44:54.551 UTC,1.40429,1.40416,0.0018,0.0012
20.10.2025 11:44:54.603 UTC,1.4043,1.40418,0.0012,0.0012
20.10.2025 11:44:54.705 UTC,1.4043,1.40418,0.0018,0.0012
20.10.2025 11:44:56.275 UTC,1.40432,1.4042,0.0018,0.0012
20.10.2025 11:44:56.377 UTC,1.40431,1.40421,0.0018,0.0012
20.10.2025 11:44:56.834 UTC,1.40431,1.4042,0.0018,0.0012
20.10.2025 11:45:02.545 UTC,1.40431,1.40421,0.0018,0.0012
20.10.2025 11:45:04.310 UTC,1.4043,1.40421,0.0018,0.0012
20.10.2025 11:45:06.681 UTC,1.40432,1.40423,0.0018,0.0012
20.10.2025 11:45:06.733 UTC,1.40433,1.40424,0.0012,0.0012
20.10.2025 11:45:06.785 UTC,1.40437,1.40425,0.0018,0.0012
20.10.2025 11:45:06.892 UTC,1.40433,1.40422,0.00135,0.0012
20.10.2025 11:45:06.995 UTC,1.40433,1.40422,0.0018,0.0012
20.10.2025 11:45:13.113 UTC,1.40431,1.40421,0.00135,0.0012
20.10.2025 11:45:13.266 UTC,1.40431,1.40421,0.0018,0.0012
20.10.2025 11:45:13.722 UTC,1.40431,1.40421,0.0024,0.0012
20.10.2025 11:45:14.132 UTC,1.40432,1.40422,0.0024,0.0012
20.10.2025 11:45:14.236 UTC,1.40434,1.40423,0.0018,0.0012
20.10.2025 11:45:18.579 UTC,1.40434,1.40422,0.0033,0.0012
20.10.2025 11:45:29.681 UTC,1.40432,1.40421,0.00192,0.0012
20.10.2025 11:45:39.242 UTC,1.40432,1.40421,0.0024,0.0012
20.10.2025 11:45:47.695 UTC,1.40433,1.40424,0.0018,0.0012
20.10.2025 11:45:47.748 UTC,1.40438,1.40426,0.0012,0.0012
20.10.2025 11:45:47.800 UTC,1.40439,1.40427,0.00384,0.0012
20.10.2025 11:45:48.108 UTC,1.40438,1.40428,0.0018,0.0012
20.10.2025 11:45:48.262 UTC,1.4044,1.40428,0.00192,0.0012
20.10.2025 11:46:00.376 UTC,1.40439,1.40426,0.00342,0.0012
20.10.2025 11:46:00.485 UTC,1.40436,1.40425,0.00132,0.0012
20.10.2025 11:46:00.589 UTC,1.40435,1.40425,0.00135,0.0012
20.10.2025 11:46:00.693 UTC,1.40433,1.40424,0.00192,0.0012
20.10.2025 11:46:01.306 UTC,1.40434,1.40424,0.0018,0.0012
20.10.2025 11:46:04.433 UTC,1.40436,1.40422,0.00216,0.0012
20.10.2025 11:46:04.587 UTC,1.40434,1.40422,0.00264,0.0012
20.10.2025 11:46:05.748 UTC,1.40433,1.40422,0.00135,0.0012
20.10.2025 11:46:05.850 UTC,1.40432,1.40423,0.0018,0.0012
20.10.2025 11:46:06.005 UTC,1.40434,1.40422,0.0024,0.0012
20.10.2025 11:46:06.109 UTC,1.40435,1.40423,0.0018,0.0012
20.10.2025 11:46:18.469 UTC,1.40432,1.40422,0.00189,0.0012
20.10.2025 11:46:18.574 UTC,1.40431,1.40422,0.00144,0.0012
20.10.2025 11:46:18.676 UTC,1.40432,1.40421,0.00204,0.0012
20.10.2025 11:46:26.122 UTC,1.40431,1.40422,0.00144,0.0012
20.10.2025 11:46:28.793 UTC,1.40431,1.40421,0.0012,0.0012
20.10.2025 11:46:32.565 UTC,1.40432,1.40421,0.00189,0.0012
20.10.2025 11:46:32.717 UTC,1.40431,1.40422,0.00204,0.0012
20.10.2025 11:46:37.140 UTC,1.40431,1.40422,0.00144,0.0012
20.10.2025 11:46:57.934 UTC,1.40431,1.40421,0.0012,0.0012
20.10.2025 11:47:00.299 UTC,1.40431,1.4042,0.00192,0.0012
20.10.2025 11:47:00.402 UTC,1.4043,1.40419,0.00192,0.0012
20.10.2025 11:47:00.507 UTC,1.40429,1.40418,0.00189,0.0012
20.10.2025 11:47:00.610 UTC,1.40428,1.40418,0.00204,0.0012
20.10.2025 11:47:05.585 UTC,1.40429,1.40417,0.0018,0.0012
20.10.2025 11:47:11.931 UTC,1.40428,1.40417,0.00135,0.0012
20.10.2025 11:47:17.156 UTC,1.40427,1.40416,0.0033,0.0012
20.10.2025 11:47:17.262 UTC,1.40422,1.40411,0.0024,0.0012
20.10.2025 11:47:24.010 UTC,1.40425,1.40414,0.00285,0.0012
20.10.2025 11:47:24.112 UTC,1.40425,1.40414,0.00225,0.0012
20.10.2025 11:47:25.571 UTC,1.40423,1.40415,0.0012,0.0012
20.10.2025 11:47:25.724 UTC,1.40422,1.40413,0.0012,0.0012
20.10.2025 11:47:25.776 UTC,1.40422,1.40411,0.0012,0.0012
20.10.2025 11:47:25.882 UTC,1.40421,1.40411,0.00135,0.0012
20.10.2025 11:47:29.140 UTC,1.4042,1.40411,0.00135,0.0012
20.10.2025 11:47:37.538 UTC,1.40422,1.40411,0.00195,0.0012
20.10.2025 11:47:40.605 UTC,1.4042,1.40411,0.0018,0.0012
20.10.2025 11:47:41.062 UTC,1.40421,1.40411,0.00135,0.0012
20.10.2025 11:47:43.127 UTC,1.40422,1.40412,0.0018,0.0012
20.10.2025 11:47:43.230 UTC,1.40423,1.40414,0.00192,0.0012
20.10.2025 11:47:43.282 UTC,1.40424,1.40413,0.00144,0.0012
20.10.2025 11:47:43.334 UTC,1.40421,1.40413,0.00132,0.0012
20.10.2025 11:47:43.437 UTC,1.40423,1.40411,0.00294,0.0012
20.10.2025 11:47:44.201 UTC,1.40423,1.40412,0.00192,0.0012
20.10.2025 11:47:44.507 UTC,1.40423,1.40412,0.00189,0.0012
20.10.2025 11:47:45.467 UTC,1.40421,1.40413,0.0012,0.0012
20.10.2025 11:47:50.615 UTC,1.40422,1.40411,0.00189,0.0012
20.10.2025 11:47:50.719 UTC,1.40421,1.4041,0.0012,0.0012
20.10.2025 11:47:50.822 UTC,1.40421,1.4041,0.0018,0.0012
20.10.2025 11:47:51.328 UTC,1.40421,1.40412,0.00144,0.0012
20.10.2025 11:47:52.441 UTC,1.40423,1.40412,0.0018,0.0012
20.10.2025 11:47:53.300 UTC,1.40423,1.40412,0.00189,0.0012
20.10.2025 11:47:53.403 UTC,1.40421,1.40412,0.00132,0.0012
20.10.2025 11:48:01.155 UTC,1.4042,1.40412,0.0012,0.0012
20.10.2025 11:48:04.100 UTC,1.40421,1.40412,0.00234,0.0012
20.10.2025 11:48:06.220 UTC,1.40422,1.40411,0.00192,0.0012
20.10.2025 11:48:06.322 UTC,1.40422,1.40411,0.00144,0.0012
20.10.2025 11:48:06.524 UTC,1.40421,1.40411,0.00135,0.0012
20.10.2025 11:48:07.531 UTC,1.40421,1.40412,0.00234,0.0012
20.10.2025 11:48:10.341 UTC,1.40422,1.40411,0.00192,0.0012
20.10.2025 11:48:11.396 UTC,1.40421,1.4041,0.0018,0.0012
20.10.2025 11:48:11.499 UTC,1.4042,1.4041,0.0012,0.0012
20.10.2025 11:48:11.601 UTC,1.40421,1.4041,0.00189,0.0012
20.10.2025 11:48:14.771 UTC,1.40421,1.4041,0.00195,0.0012
20.10.2025 11:48:14.873 UTC,1.40421,1.4041,0.0018,0.0012
20.10.2025 11:48:21.784 UTC,1.40421,1.40409,0.0018,0.0012
20.10.2025 11:48:27.403 UTC,1.40421,1.4041,0.0018,0.0012
20.10.2025 11:48:28.010 UTC,1.40422,1.40409,0.00195,0.0012
20.10.2025 11:48:28.113 UTC,1.40422,1.40409,0.0018,0.0012
20.10.2025 11:48:28.420 UTC,1.40421,1.40409,0.0012,0.0012
20.10.2025 11:48:28.952 UTC,1.40421,1.40409,0.00132,0.0012
20.10.2025 11:48:33.223 UTC,1.4042,1.4041,0.00147,0.0012
20.10.2025 11:48:33.528 UTC,1.4042,1.40408,0.00282,0.0012
20.10.2025 11:48:33.632 UTC,1.40418,1.40408,0.00147,0.0012
20.10.2025 11:48:39.523 UTC,1.40419,1.40407,0.00327,0.0012
20.10.2025 11:48:39.626 UTC,1.40418,1.40408,0.00192,0.0012
20.10.2025 11:48:52.849 UTC,1.4042,1.40409,0.00192,0.0027
20.10.2025 11:48:52.901 UTC,1.40422,1.40411,0.00192,0.0012
20.10.2025 11:48:52.955 UTC,1.40424,1.40415,0.00132,0.0012
20.10.2025 11:48:53.261 UTC,1.40425,1.40414,0.00132,0.0012
20.10.2025 11:48:54.419 UTC,1.40424,1.40414,0.00132,0.0012
20.10.2025 11:48:57.842 UTC,1.40424,1.40415,0.00132,0.0012
20.10.2025 11:48:57.946 UTC,1.40429,1.40418,0.00192,0.0012
20.10.2025 11:48:57.999 UTC,1.40432,1.4042,0.00132,0.0012
20.10.2025 11:48:58.054 UTC,1.40437,1.40424,0.00192,0.0012
20.10.2025 11:48:58.208 UTC,1.40435,1.40425,0.00147,0.0012
20.10.2025 11:48:58.715 UTC,1.40436,1.40425,0.00192,0.0012
20.10.2025 11:48:58.767 UTC,1.40436,1.40424,0.00147,0.0012
20.10.2025 11:48:58.819 UTC,1.40435,1.40425,0.00147,0.0012
20.10.2025 11:49:07.783 UTC,1.40437,1.40425,0.00192,0.0012
20.10.2025 11:49:16.633 UTC,1.40434,1.40425,0.0012,0.0012
20.10.2025 11:49:18.341 UTC,1.40433,1.40425,0.0012,0.0012
20.10.2025 11:49:18.444 UTC,1.40433,1.40424,0.0012,0.0012
20.10.2025 11:49:20.294 UTC,1.40434,1.40425,0.0012,0.0012
20.10.2025 11:49:21.306 UTC,1.40434,1.40426,0.0012,0.0012
20.10.2025 11:49:26.122 UTC,1.40434,1.40425,0.0012,0.0012
20.10.2025 11:49:26.225 UTC,1.40433,1.40425,0.0012,0.0012
20.10.2025 11:49:31.620 UTC,1.40436,1.40425,0.00225,0.0012
20.10.2025 11:49:32.175 UTC,1.40435,1.40422,0.0012,0.00132
20.10.2025 11:49:32.227 UTC,1.40432,1.40419,0.0012,0.00207
20.10.2025 11:49:32.330 UTC,1.40431,1.40418,0.0012,0.00192
20.10.2025 11:49:32.435 UTC,1.4043,1.40417,0.0012,0.00132
20.10.2025 11:49:32.539 UTC,1.40429,1.40415,0.0012,0.00237
20.10.2025 11:49:32.642 UTC,1.40428,1.40415,0.0012,0.00132
20.10.2025 11:49:32.745 UTC,1.40427,1.40416,0.0012,0.00132
20.10.2025 11:49:33.001 UTC,1.40428,1.40415,0.0012,0.00132
20.10.2025 11:49:45.898 UTC,1.40426,1.40413,0.0012,0.00327
20.10.2025 11:49:45.950 UTC,1.40425,1.40412,0.0018,0.00342
20.10.2025 11:49:47.920 UTC,1.40424,1.40413,0.0024,0.00132
20.10.2025 11:49:50.384 UTC,1.40425,1.40413,0.0018,0.00342
20.10.2025 11:49:50.486 UTC,1.40426,1.40412,0.00135,0.00342
20.10.2025 11:49:56.979 UTC,1.40425,1.40414,0.00135,0.00135
20.10.2025 11:50:03.105 UTC,1.40425,1.40412,0.0012,0.00234
20.10.2025 11:50:03.208 UTC,1.40425,1.40412,0.0012,0.00249
20.10.2025 11:50:04.919 UTC,1.40426,1.40415,0.00285,0.0012
20.10.2025 11:50:08.862 UTC,1.40426,1.40416,0.00294,0.0012
20.10.2025 11:50:14.136 UTC,1.40426,1.40415,0.00297,0.0012
20.10.2025 11:50:20.253 UTC,1.40422,1.40413,0.00192,0.0012
20.10.2025 11:50:20.343 UTC,1.40421,1.40409,0.00132,0.0018
20.10.2025 11:50:20.450 UTC,1.40422,1.40409,0.00249,0.0012
20.10.2025 11:50:20.603 UTC,1.40421,1.40411,0.00249,0.0012
20.10.2025 11:50:22.575 UTC,1.40421,1.40409,0.00189,0.0012
20.10.2025 11:50:22.729 UTC,1.40421,1.40409,0.00204,0.0012
20.10.2025 11:50:22.932 UTC,1.40421,1.40409,0.00189,0.0012
20.10.2025 11:50:24.642 UTC,1.40421,1.40409,0.00204,0.0018
20.10.2025 11:50:24.793 UTC,1.40421,1.40409,0.00189,0.0018
20.10.2025 11:50:25.702 UTC,1.40421,1.40411,0.00195,0.0012
20.10.2025 11:50:25.755 UTC,1.40426,1.40413,0.00339,0.0012
20.10.2025 11:50:25.859 UTC,1.40427,1.40413,0.00294,0.0018
20.10.2025 11:50:26.416 UTC,1.40426,1.40415,0.00249,0.0012
20.10.2025 11:50:26.520 UTC,1.40428,1.40416,0.00132,0.0012
20.10.2025 11:50:26.624 UTC,1.4043,1.40417,0.00252,0.0012
20.10.2025 11:50:31.271 UTC,1.40428,1.40415,0.00132,0.0018
20.10.2025 11:50:39.937 UTC,1.40426,1.40413,0.0018,0.00135
20.10.2025 11:50:40.040 UTC,1.40426,1.40412,0.0027,0.00369
20.10.2025 11:50:47.831 UTC,1.40426,1.40413,0.0018,0.0012
20.10.2025 11:50:49.138 UTC,1.40425,1.40413,0.00195,0.0018
20.10.2025 11:50:49.241 UTC,1.40426,1.40413,0.0018,0.0012
20.10.2025 11:50:58.113 UTC,1.40426,1.40412,0.00189,0.0018
20.10.2025 11:50:59.177 UTC,1.40426,1.40412,0.00144,0.0024
20.10.2025 11:50:59.682 UTC,1.40426,1.40412,0.0018,0.00225
20.10.2025 11:51:01.403 UTC,1.40426,1.40413,0.00135,0.00135
20.10.2025 11:51:01.804 UTC,1.40425,1.40413,0.0012,0.00135
20.10.2025 11:51:05.521 UTC,1.40425,1.40412,0.0012,0.00225
20.10.2025 11:51:06.974 UTC,1.40425,1.40413,0.0012,0.00135
20.10.2025 11:51:12.901 UTC,1.40426,1.40413,0.0018,0.0012
20.10.2025 11:51:16.927 UTC,1.40426,1.40412,0.00204,0.0018
20.10.2025 11:51:17.031 UTC,1.40426,1.40413,0.00135,0.0012
20.10.2025 11:51:20.275 UTC,1.40425,1.40413,0.0018,0.0018
20.10.2025 11:51:22.085 UTC,1.40426,1.40412,0.00135,0.00249
20.10.2025 11:51:23.290 UTC,1.40426,1.40412,0.0018,0.00234
20.10.2025 11:51:25.295 UTC,1.40426,1.40413,0.0018,0.0012
20.10.2025 11:51:30.971 UTC,1.40426,1.40412,0.0018,0.00234
20.10.2025 11:51:31.124 UTC,1.40426,1.40413,0.0018,0.0012
20.10.2025 11:51:36.042 UTC,1.40422,1.40411,0.0012,0.0027
20.10.2025 11:51:36.150 UTC,1.40422,1.40409,0.0024,0.0012
20.10.2025 11:51:36.202 UTC,1.40421,1.40407,0.0036,0.0027
20.10.2025 11:51:36.306 UTC,1.40419,1.40405,0.00225,0.0018
20.10.2025 11:51:36.865 UTC,1.40419,1.40406,0.0018,0.0018
20.10.2025 11:51:36.968 UTC,1.40419,1.40406,0.00285,0.0012
20.10.2025 11:51:37.071 UTC,1.40419,1.40406,0.0027,0.0018
20.10.2025 11:51:37.325 UTC,1.40419,1.40406,0.00285,0.0012
20.10.2025 11:51:41.373 UTC,1.40418,1.40406,0.0018,0.0012
20.10.2025 11:51:41.625 UTC,1.40417,1.40407,0.00135,0.0012
20.10.2025 11:51:44.646 UTC,1.40417,1.40404,0.00315,0.00225
20.10.2025 11:51:44.750 UTC,1.40414,1.40401,0.0012,0.0024
20.10.2025 11:51:44.801 UTC,1.40413,1.40402,0.0012,0.0018
20.10.2025 11:51:45.057 UTC,1.40411,1.404,0.0012,0.0012
20.10.2025 11:51:45.161 UTC,1.40409,1.40396,0.0018,0.0018
20.10.2025 11:51:45.213 UTC,1.40409,1.40396,0.00225,0.0012
20.10.2025 11:51:45.621 UTC,1.40407,1.40397,0.0012,0.00132
20.10.2025 11:51:45.979 UTC,1.40405,1.40395,0.0012,0.0012
20.10.2025 11:51:46.134 UTC,1.40404,1.40394,0.0012,0.00132
20.10.2025 11:51:54.592 UTC,1.40406,1.40396,0.00225,0.00132
20.10.2025 11:51:54.695 UTC,1.40407,1.40396,0.0012,0.0012
20.10.2025 11:51:54.801 UTC,1.40406,1.40396,0.0012,0.00132
20.10.2025 11:51:54.955 UTC,1.40406,1.40395,0.0012,0.00189
20.10.2025 11:51:55.565 UTC,1.40407,1.40394,0.0012,0.00249
20.10.2025 11:51:55.667 UTC,1.40407,1.40394,0.0012,0.00234
20.10.2025 11:52:03.670 UTC,1.40408,1.40396,0.00135,0.00135
20.10.2025 11:52:03.877 UTC,1.40408,1.40395,0.0012,0.00225
20.10.2025 11:52:03.980 UTC,1.40407,1.40397,0.0012,0.00135
20.10.2025 11:52:04.234 UTC,1.40408,1.40395,0.0012,0.00234
20.10.2025 11:52:05.543 UTC,1.4041,1.40398,0.0018,0.00135
20.10.2025 11:52:05.646 UTC,1.4041,1.404,0.0012,0.0012
20.10.2025 11:52:06.205 UTC,1.40414,1.40402,0.0024,0.0012
20.10.2025 11:52:06.309 UTC,1.40414,1.40404,0.0012,0.0012
20.10.2025 11:52:08.881 UTC,1.40415,1.40404,0.0012,0.0012
20.10.2025 11:52:09.138 UTC,1.40417,1.40404,0.00135,0.0012
20.10.2025 11:52:10.961 UTC,1.40416,1.40404,0.0012,0.0012
20.10.2025 11:52:12.120 UTC,1.40413,1.40403,0.0012,0.00132
20.10.2025 11:52:13.737 UTC,1.40413,1.40403,0.0012,0.00192
20.10.2025 11:52:13.839 UTC,1.40414,1.40402,0.0012,0.00144
20.10.2025 11:52:13.941 UTC,1.40414,1.40403,0.0012,0.0012
20.10.2025 11:52:15.939 UTC,1.40416,1.40403,0.0027,0.0018
20.10.2025 11:52:16.548 UTC,1.40415,1.40403,0.00135,0.0012
20.10.2025 11:52:16.653 UTC,1.40415,1.40402,0.00285,0.0012
20.10.2025 11:52:16.907 UTC,1.40415,1.40402,0.0027,0.0012
20.10.2025 11:52:17.914 UTC,1.40415,1.40402,0.00285,0.0012
20.10.2025 11:52:18.067 UTC,1.40412,1.40401,0.00135,0.0012
20.10.2025 11:52:18.172 UTC,1.4041,1.40398,0.00225,0.0018
20.10.2025 11:52:18.223 UTC,1.40409,1.40398,0.0024,0.0018
20.10.2025 11:52:18.326 UTC,1.40409,1.40398,0.00225,0.0018
20.10.2025 11:52:18.634 UTC,1.40409,1.40397,0.0012,0.0012
20.10.2025 11:52:18.737 UTC,1.4041,1.40397,0.00225,0.0018
20.10.2025 11:52:18.942 UTC,1.40409,1.40397,0.0012,0.0018
20.10.2025 11:52:19.095 UTC,1.4041,1.40397,0.0027,0.0018
20.10.2025 11:52:19.703 UTC,1.40408,1.40398,0.00135,0.0012
20.10.2025 11:52:21.178 UTC,1.4041,1.40397,0.0018,0.0018
20.10.2025 11:52:21.332 UTC,1.4041,1.40397,0.00195,0.0018
20.10.2025 11:52:21.945 UTC,1.4041,1.40397,0.00225,0.0018
20.10.2025 11:52:22.352 UTC,1.40408,1.40398,0.0012,0.0018
20.10.2025 11:52:22.505 UTC,1.4041,1.40397,0.00135,0.0018
20.10.2025 11:52:23.366 UTC,1.40408,1.40398,0.0012,0.0012
20.10.2025 11:52:24.027 UTC,1.4041,1.40397,0.0018,0.0018
20.10.2025 11:52:24.129 UTC,1.40408,1.40398,0.0012,0.0012
20.10.2025 11:52:24.988 UTC,1.40409,1.40397,0.0018,0.0012
20.10.2025 11:52:25.091 UTC,1.40408,1.40397,0.00225,0.0018
20.10.2025 11:52:25.194 UTC,1.40409,1.40396,0.0018,0.0012
20.10.2025 11:52:25.903 UTC,1.40408,1.40398,0.0018,0.0012
20.10.2025 11:52:26.007 UTC,1.4041,1.40397,0.0012,0.0018
20.10.2025 11:52:26.112 UTC,1.40411,1.40397,0.0027,0.00234
20.10.2025 11:52:26.215 UTC,1.40411,1.40397,0.00384,0.0018
20.10.2025 11:52:26.317 UTC,1.4041,1.40398,0.00339,0.0018
20.10.2025 11:52:26.522 UTC,1.4041,1.40398,0.00429,0.0018
20.10.2025 11:52:26.675 UTC,1.40411,1.40397,0.00339,0.0018
20.10.2025 11:52:26.777 UTC,1.40411,1.40397,0.00294,0.0018
20.10.2025 11:52:27.130 UTC,1.4041,1.40398,0.00279,0.0018
20.10.2025 11:52:27.433 UTC,1.40411,1.40397,0.00294,0.0018
20.10.2025 11:52:27.738 UTC,1.40411,1.40397,0.00279,0.00225
20.10.2025 11:52:27.891 UTC,1.40411,1.40397,0.00339,0.0018
20.10.2025 11:52:28.044 UTC,1.40411,1.40398,0.00204,0.0012
20.10.2025 11:52:28.434 UTC,1.4041,1.40399,0.00294,0.0012
20.10.2025 11:52:28.536 UTC,1.4041,1.40399,0.00204,0.0012
20.10.2025 11:52:28.689 UTC,1.40411,1.40398,0.00204,0.0012
20.10.2025 11:52:29.097 UTC,1.40411,1.40398,0.00192,0.0012
20.10.2025 11:52:29.199 UTC,1.40411,1.40398,0.00249,0.0012
20.10.2025 11:52:29.302 UTC,1.40411,1.40398,0.00192,0.0012
20.10.2025 11:52:29.404 UTC,1.40411,1.40398,0.00204,0.0012
20.10.2025 11:52:30.374 UTC,1.40411,1.40398,0.0018,0.0012
20.10.2025 11:52:30.477 UTC,1.40411,1.40398,0.00285,0.0012
20.10.2025 11:52:31.343 UTC,1.40411,1.40398,0.0012,0.0012
20.10.2025 11:52:31.446 UTC,1.40411,1.40398,0.00339,0.0012
20.10.2025 11:52:31.752 UTC,1.4041,1.40399,0.0012,0.0012
20.10.2025 11:52:32.459 UTC,1.40411,1.40398,0.00195,0.0012
20.10.2025 11:52:32.765 UTC,1.40411,1.40398,0.00204,0.0012
20.10.2025 11:52:35.856 UTC,1.40411,1.40398,0.0018,0.0012
20.10.2025 11:52:36.010 UTC,1.40411,1.40398,0.00294,0.0012
20.10.2025 11:52:36.315 UTC,1.4041,1.40399,0.00294,0.0012
20.10.2025 11:52:38.088 UTC,1.4041,1.40399,0.00189,0.0012
20.10.2025 11:52:38.344 UTC,1.40411,1.40398,0.00204,0.0012
20.10.2025 11:52:38.446 UTC,1.40411,1.40398,0.00189,0.0012
20.10.2025 11:52:39.462 UTC,1.40411,1.40398,0.00294,0.0012
20.10.2025 11:52:39.719 UTC,1.4041,1.40399,0.0012,0.0012
20.10.2025 11:52:39.972 UTC,1.4041,1.40399,0.00204,0.0012
20.10.2025 11:52:40.890 UTC,1.40413,1.404,0.0024,0.00132
20.10.2025 11:52:40.994 UTC,1.40415,1.40404,0.00192,0.0012
20.10.2025 11:52:46.302 UTC,1.40414,1.40404,0.0018,0.0012
20.10.2025 11:52:46.406 UTC,1.40415,1.40403,0.00135,0.0012
20.10.2025 11:52:53.240 UTC,1.40415,1.40405,0.00195,0.0012
20.10.2025 11:52:53.343 UTC,1.40415,1.40405,0.00135,0.0012
20.10.2025 11:52:54.424 UTC,1.40417,1.40404,0.00135,0.00135
20.10.2025 11:52:55.137 UTC,1.40416,1.40404,0.00135,0.0012
20.10.2025 11:52:56.204 UTC,1.40417,1.40404,0.0018,0.0012
20.10.2025 11:53:00.278 UTC,1.40416,1.40404,0.0012,0.0012
20.10.2025 11:53:00.380 UTC,1.40416,1.40405,0.0018,0.0012
20.10.2025 11:53:05.090 UTC,1.40415,1.40405,0.0012,0.0012
20.10.2025 11:53:07.502 UTC,1.40416,1.40404,0.0018,0.0012
20.10.2025 11:53:07.605 UTC,1.40415,1.40405,0.00135,0.0012
20.10.2025 11:53:26.468 UTC,1.40415,1.40404,0.0012,0.0012
20.10.2025 11:53:27.627 UTC,1.40416,1.40404,0.00189,0.0012
20.10.2025 11:53:30.089 UTC,1.40417,1.40404,0.00189,0.0018
20.10.2025 11:53:41.274 UTC,1.40414,1.40403,0.00225,0.0018
20.10.2025 11:53:41.377 UTC,1.40413,1.40405,0.00135,0.0012
20.10.2025 11:53:41.479 UTC,1.40416,1.40404,0.00189,0.0012
20.10.2025 11:53:48.517 UTC,1.40414,1.40402,0.0012,0.0012
20.10.2025 11:53:53.984 UTC,1.40415,1.40402,0.00135,0.00315
20.10.2025 11:53:54.088 UTC,1.40416,1.40403,0.0012,0.0018
20.10.2025 11:53:54.191 UTC,1.40417,1.40404,0.00279,0.0012
20.10.2025 11:53:54.645 UTC,1.40416,1.40404,0.0012,0.0012
20.10.2025 11:53:56.762 UTC,1.40416,1.40405,0.00279,0.0018
20.10.2025 11:53:56.915 UTC,1.40416,1.40404,0.0012,0.0012
20.10.2025 11:53:58.983 UTC,1.40417,1.40404,0.00279,0.0012
20.10.2025 11:54:00.498 UTC,1.40417,1.40404,0.00204,0.0012
20.10.2025 11:54:00.650 UTC,1.40416,1.40405,0.00189,0.0012
20.10.2025 11:54:00.702 UTC,1.40412,1.40404,0.0012,0.0012
20.10.2025 11:54:00.807 UTC,1.40412,1.404,0.00132,0.0018
20.10.2025 11:54:00.859 UTC,1.40412,1.40399,0.00189,0.0018
20.10.2025 11:54:01.569 UTC,1.40413,1.404,0.00135,0.0018
20.10.2025 11:54:03.854 UTC,1.40413,1.404,0.00294,0.0012
20.10.2025 11:54:05.211 UTC,1.40413,1.404,0.00279,0.0012
20.10.2025 11:54:05.465 UTC,1.40413,1.404,0.00294,0.0012
20.10.2025 11:54:06.169 UTC,1.40411,1.404,0.00339,0.0018
20.10.2025 11:54:06.476 UTC,1.40412,1.40399,0.00279,0.0012
20.10.2025 11:54:06.628 UTC,1.40412,1.40399,0.00372,0.0012
20.10.2025 11:54:06.781 UTC,1.40412,1.40399,0.00369,0.0012
20.10.2025 11:54:08.039 UTC,1.40411,1.404,0.00294,0.0012
20.10.2025 11:54:08.142 UTC,1.40411,1.404,0.00477,0.0012
20.10.2025 11:54:08.245 UTC,1.40408,1.40398,0.00234,0.0012
20.10.2025 11:54:14.583 UTC,1.40409,1.40396,0.0027,0.0018
20.10.2025 11:54:30.647 UTC,1.40407,1.40396,0.00135,0.0012
20.10.2025 11:54:39.562 UTC,1.40408,1.40394,0.00279,0.00315
20.10.2025 11:54:39.689 UTC,1.40407,1.40396,0.00189,0.0012
20.10.2025 11:55:02.133 UTC,1.40408,1.40394,0.00375,0.00135
20.10.2025 11:55:02.236 UTC,1.40406,1.40393,0.0012,0.00474
20.10.2025 11:55:03.198 UTC,1.40406,1.40395,0.0012,0.0012
20.10.2025 11:55:17.195 UTC,1.40405,1.40397,0.0012,0.0012
20.10.2025 11:55:17.297 UTC,1.40406,1.40395,0.0012,0.00132
20.10.2025 11:55:17.452 UTC,1.40405,1.40397,0.0012,0.0012
20.10.2025 11:55:18.559 UTC,1.40406,1.40395,0.0012,0.00144
20.10.2025 11:55:18.811 UTC,1.40405,1.40397,0.0012,0.0012
20.10.2025 11:55:18.964 UTC,1.40406,1.40395,0.0012,0.0012
20.10.2025 11:55:19.668 UTC,1.40405,1.40397,0.0012,0.0012
20.10.2025 11:55:19.870 UTC,1.40406,1.40395,0.0012,0.0012
20.10.2025 11:55:20.073 UTC,1.40406,1.40396,0.0012,0.0012
20.10.2025 11:55:20.628 UTC,1.40406,1.40395,0.0012,0.0012
20.10.2025 11:55:26.947 UTC,1.40406,1.40396,0.0012,0.0012
20.10.2025 11:55:31.689 UTC,1.40405,1.40396,0.0012,0.0018
20.10.2025 11:55:31.892 UTC,1.40406,1.40396,0.0012,0.0012
20.10.2025 11:55:32.195 UTC,1.40406,1.40395,0.0012,0.00225
20.10.2025 11:55:40.494 UTC,1.40406,1.40396,0.0012,0.00225
20.10.2025 11:55:47.897 UTC,1.40407,1.40394,0.00135,0.00315
20.10.2025 11:55:48.052 UTC,1.40405,1.40394,0.00192,0.0012
20.10.2025 11:55:48.156 UTC,1.40402,1.4039,0.0012,0.0024
20.10.2025 11:55:48.208 UTC,1.40402,1.4039,0.00135,0.0012
20.10.2025 11:55:48.311 UTC,1.40401,1.40389,0.0012,0.0012
20.10.2025 11:55:48.465 UTC,1.404,1.40391,0.0012,0.0012
20.10.2025 11:55:50.281 UTC,1.40401,1.40389,0.0012,0.0012
20.10.2025 11:55:52.094 UTC,1.40401,1.40388,0.0018,0.0012
20.10.2025 11:55:52.554 UTC,1.40401,1.40389,0.0012,0.0012
20.10.2025 11:55:53.111 UTC,1.40401,1.40388,0.0018,0.0018
20.10.2025 11:55:53.215 UTC,1.40399,1.40389,0.0012,0.0018
20.10.2025 11:55:53.420 UTC,1.40399,1.40387,0.00279,0.0012
20.10.2025 11:55:53.472 UTC,1.40397,1.40385,0.0012,0.0018
20.10.2025 11:55:53.574 UTC,1.40396,1.40386,0.0012,0.0012
20.10.2025 11:55:53.729 UTC,1.40396,1.40384,0.0012,0.0018
20.10.2025 11:55:53.831 UTC,1.40396,1.40385,0.0012,0.0012
20.10.2025 11:55:54.233 UTC,1.40396,1.40384,0.0012,0.0018
20.10.2025 11:55:55.896 UTC,1.40396,1.40385,0.0012,0.0012
20.10.2025 11:55:56.731 UTC,1.40396,1.40384,0.0012,0.0018
20.10.2025 11:55:57.134 UTC,1.40395,1.40386,0.0012,0.0012
20.10.2025 11:55:57.537 UTC,1.40395,1.40385,0.0012,0.0018
20.10.2025 11:55:58.545 UTC,1.40396,1.40385,0.0012,0.0012
20.10.2025 11:55:58.847 UTC,1.40396,1.40384,0.0012,0.0018
20.10.2025 11:55:59.250 UTC,1.40396,1.40385,0.0012,0.0012
20.10.2025 11:56:04.194 UTC,1.40396,1.40384,0.0012,0.00135
20.10.2025 11:56:05.403 UTC,1.40395,1.40384,0.0012,0.00225
20.10.2025 11:56:06.814 UTC,1.40393,1.40382,0.0012,0.0018
20.10.2025 11:56:06.967 UTC,1.40393,1.40383,0.0012,0.0012
20.10.2025 11:56:08.383 UTC,1.40393,1.40382,0.0012,0.0018
20.10.2025 11:56:08.688 UTC,1.40391,1.40383,0.0012,0.0012
20.10.2025 11:56:08.739 UTC,1.40392,1.4038,0.0012,0.0018
20.10.2025 11:56:08.875 UTC,1.40392,1.40381,0.0012,0.0018
20.10.2025 11:56:09.936 UTC,1.40392,1.4038,0.0012,0.00135
20.10.2025 11:56:09.989 UTC,1.40389,1.4038,0.0012,0.0012
20.10.2025 11:56:10.444 UTC,1.4039,1.4038,0.0012,0.0012
20.10.2025 11:56:10.699 UTC,1.40392,1.40383,0.0012,0.0012
20.10.2025 11:56:11.256 UTC,1.40392,1.40382,0.0012,0.0018
20.10.2025 11:56:11.461 UTC,1.40393,1.40383,0.0012,0.0018
20.10.2025 11:56:15.141 UTC,1.40393,1.40384,0.0012,0.0012
20.10.2025 11:56:15.246 UTC,1.40392,1.40384,0.0012,0.0012
20.10.2025 11:56:18.976 UTC,1.40393,1.40384,0.0012,0.0012
20.10.2025 11:56:19.179 UTC,1.40394,1.40384,0.0012,0.0012
20.10.2025 11:56:22.915 UTC,1.40394,1.40386,0.0012,0.0012
20.10.2025 11:56:23.018 UTC,1.40395,1.40384,0.0012,0.00135
20.10.2025 11:56:24.130 UTC,1.40393,1.40385,0.0012,0.0012
20.10.2025 11:56:24.233 UTC,1.40393,1.40383,0.0012,0.0012
20.10.2025 11:56:25.245 UTC,1.40392,1.40385,0.0012,0.0012
20.10.2025 11:56:25.855 UTC,1.40393,1.40385,0.00135,0.0012
20.10.2025 11:56:31.588 UTC,1.40394,1.40383,0.0012,0.0012
20.10.2025 11:56:31.996 UTC,1.40394,1.40381,0.00225,0.00225
20.10.2025 11:56:32.098 UTC,1.40394,1.40381,0.00225,0.0024
20.10.2025 11:56:32.201 UTC,1.40394,1.40381,0.00225,0.0018
20.10.2025 11:56:32.304 UTC,1.40394,1.40382,0.00135,0.0012
20.10.2025 11:56:33.164 UTC,1.40393,1.40382,0.00135,0.00135
20.10.2025 11:56:35.792 UTC,1.40393,1.40382,0.0018,0.00135
20.10.2025 11:56:36.548 UTC,1.40394,1.40381,0.0018,0.0018
20.10.2025 11:56:37.605 UTC,1.40393,1.40383,0.00135,0.00135
20.10.2025 11:56:37.959 UTC,1.40394,1.40381,0.00135,0.00234
20.10.2025 11:56:39.219 UTC,1.40394,1.40381,0.00135,0.0018
20.10.2025 11:56:39.522 UTC,1.40393,1.40382,0.0018,0.0018
20.10.2025 11:56:39.878 UTC,1.40394,1.40382,0.0018,0.0018
20.10.2025 11:56:39.982 UTC,1.40394,1.40383,0.00135,0.00135
20.10.2025 11:56:40.086 UTC,1.40395,1.40384,0.00135,0.00135
20.10.2025 11:56:40.189 UTC,1.40395,1.40383,0.00135,0.00135
20.10.2025 11:56:40.291 UTC,1.40394,1.40384,0.00135,0.0018
20.10.2025 11:56:43.513 UTC,1.40394,1.40384,0.00135,0.00144
20.10.2025 11:56:43.716 UTC,1.40395,1.40383,0.00135,0.00192
20.10.2025 11:56:44.565 UTC,1.40395,1.40383,0.0012,0.00135
20.10.2025 11:56:45.781 UTC,1.40395,1.40383,0.00135,0.0018
20.10.2025 11:56:46.234 UTC,1.40395,1.40383,0.00135,0.00135
20.10.2025 11:56:46.487 UTC,1.40395,1.40383,0.00135,0.0018
20.10.2025 11:56:46.590 UTC,1.40394,1.40384,0.00135,0.00135
20.10.2025 11:56:55.725 UTC,1.40395,1.40384,0.00135,0.0012
20.10.2025 11:56:55.827 UTC,1.40394,1.40384,0.00135,0.00225
20.10.2025 11:56:58.644 UTC,1.40394,1.40382,0.0012,0.00225
20.10.2025 11:56:58.798 UTC,1.40394,1.40383,0.0012,0.00135
20.10.2025 11:56:59.605 UTC,1.40395,1.40383,0.00135,0.00135
20.10.2025 11:57:00.915 UTC,1.40394,1.40385,0.00135,0.0012
20.10.2025 11:57:01.723 UTC,1.40395,1.40383,0.00135,0.00135
20.10.2025 11:57:06.530 UTC,1.40395,1.40384,0.00135,0.0012
20.10.2025 11:57:08.142 UTC,1.40395,1.40383,0.00135,0.00132
20.10.2025 11:57:08.295 UTC,1.40394,1.40385,0.00135,0.0012
20.10.2025 11:57:08.396 UTC,1.40394,1.40384,0.00135,0.00132
20.10.2025 11:57:08.800 UTC,1.40395,1.40384,0.00135,0.0012
20.10.2025 11:57:16.837 UTC,1.40395,1.40385,0.00135,0.0012
20.10.2025 11:57:16.941 UTC,1.40396,1.40387,0.0012,0.0012
20.10.2025 11:57:17.045 UTC,1.40396,1.40384,0.0012,0.00135
20.10.2025 11:57:23.191 UTC,1.40394,1.40384,0.0012,0.00135
20.10.2025 11:57:30.130 UTC,1.40394,1.40384,0.0012,0.00237
20.10.2025 11:57:31.298 UTC,1.40394,1.40382,0.00282,0.00144
20.10.2025 11:57:31.402 UTC,1.40393,1.40383,0.00327,0.00132
20.10.2025 11:57:31.504 UTC,1.40393,1.40383,0.00147,0.00132
20.10.2025 11:57:32.063 UTC,1.40394,1.40381,0.00147,0.00282
20.10.2025 11:57:32.371 UTC,1.40394,1.40381,0.00237,0.00327
20.10.2025 11:57:38.627 UTC,1.40394,1.40382,0.00132,0.00132
20.10.2025 11:57:39.773 UTC,1.40393,1.40382,0.00147,0.00342
20.10.2025 11:57:41.290 UTC,1.40394,1.40382,0.0012,0.00132
20.10.2025 11:57:42.197 UTC,1.40393,1.40381,0.0012,0.00192
20.10.2025 11:57:42.301 UTC,1.40392,1.40382,0.0012,0.00132
20.10.2025 11:57:42.609 UTC,1.40393,1.40381,0.00135,0.00237
20.10.2025 11:57:42.712 UTC,1.40391,1.40381,0.00135,0.00132
20.10.2025 11:57:42.815 UTC,1.40392,1.4038,0.0018,0.00132
20.10.2025 11:57:42.968 UTC,1.40392,1.4038,0.0012,0.00147
20.10.2025 11:57:46.203 UTC,1.40392,1.4038,0.0012,0.00132
20.10.2025 11:57:46.356 UTC,1.40391,1.40381,0.0012,0.00132
20.10.2025 11:57:50.257 UTC,1.40393,1.40381,0.00135,0.00132
20.10.2025 11:57:55.903 UTC,1.40394,1.40382,0.0012,0.00192
20.10.2025 11:57:57.968 UTC,1.40395,1.40385,0.0018,0.00132
20.10.2025 11:57:58.121 UTC,1.40395,1.40385,0.00135,0.00132
20.10.2025 11:58:01.002 UTC,1.40396,1.40384,0.00135,0.00132
20.10.2025 11:58:09.621 UTC,1.40397,1.40384,0.00135,0.00192
20.10.2025 11:58:09.724 UTC,1.40397,1.40387,0.0012,0.00132
20.10.2025 11:58:11.448 UTC,1.40398,1.40391,0.00135,0.0012
20.10.2025 11:58:11.603 UTC,1.40402,1.4039,0.00135,0.00132
20.10.2025 11:58:11.707 UTC,1.40401,1.4039,0.0012,0.00132
20.10.2025 11:58:13.330 UTC,1.40402,1.4039,0.00135,0.00147
20.10.2025 11:58:13.433 UTC,1.40402,1.40391,0.00135,0.00132
20.10.2025 11:58:13.739 UTC,1.40402,1.40391,0.00225,0.00147
20.10.2025 11:58:15.384 UTC,1.40401,1.40392,0.0012,0.00237
20.10.2025 11:58:18.810 UTC,1.40403,1.40392,0.0012,0.00132
20.10.2025 11:58:21.682 UTC,1.40403,1.40391,0.0012,0.00132
20.10.2025 11:58:24.050 UTC,1.40401,1.40392,0.0012,0.00192
20.10.2025 11:58:26.821 UTC,1.40403,1.40391,0.0012,0.00132
20.10.2025 11:58:27.930 UTC,1.40401,1.40389,0.0012,0.00147
20.10.2025 11:58:27.982 UTC,1.40399,1.40389,0.0012,0.00192
20.10.2025 11:58:29.649 UTC,1.40401,1.40388,0.0012,0.00237
20.10.2025 11:58:33.432 UTC,1.404,1.4039,0.0012,0.00132
20.10.2025 11:58:33.635 UTC,1.40402,1.40388,0.0018,0.00237
20.10.2025 11:58:36.047 UTC,1.404,1.40387,0.00315,0.00132
20.10.2025 11:58:36.150 UTC,1.40399,1.40386,0.0012,0.00192
20.10.2025 11:58:36.304 UTC,1.40399,1.40387,0.0012,0.00132
20.10.2025 11:58:36.458 UTC,1.40399,1.40386,0.0012,0.00327
20.10.2025 11:58:37.119 UTC,1.404,1.40392,0.0012,0.00132
20.10.2025 11:58:37.171 UTC,1.40404,1.40391,0.0018,0.00282
20.10.2025 11:58:37.274 UTC,1.40404,1.40391,0.0012,0.00282
20.10.2025 11:58:37.377 UTC,1.40403,1.40392,0.0012,0.00282
20.10.2025 11:58:38.793 UTC,1.40404,1.40391,0.0012,0.00282
20.10.2025 11:58:38.896 UTC,1.40404,1.40392,0.0012,0.00132
20.10.2025 11:58:42.269 UTC,1.40404,1.40393,0.00135,0.00282
20.10.2025 11:58:43.684 UTC,1.40407,1.40394,0.00315,0.00132
20.10.2025 11:58:44.919 UTC,1.40407,1.40394,0.0012,0.00147
20.10.2025 11:58:44.972 UTC,1.40409,1.40396,0.00225,0.00192
20.10.2025 11:58:45.076 UTC,1.40409,1.40396,0.0018,0.00237
20.10.2025 11:58:45.181 UTC,1.40407,1.40395,0.0012,0.00192
20.10.2025 11:58:45.285 UTC,1.40406,1.40393,0.0027,0.00132
20.10.2025 11:58:45.388 UTC,1.40405,1.40394,0.0012,0.00372
20.10.2025 11:58:45.491 UTC,1.40407,1.40394,0.0027,0.00132
20.10.2025 11:58:45.594 UTC,1.40405,1.40394,0.0012,0.00282
20.10.2025 11:58:50.280 UTC,1.40405,1.40394,0.00372,0.00282
20.10.2025 11:58:58.591 UTC,1.40405,1.40395,0.00192,0.00204
20.10.2025 11:58:58.643 UTC,1.40406,1.40396,0.00132,0.00132
20.10.2025 11:58:58.747 UTC,1.40406,1.40393,0.00282,0.00279
20.10.2025 11:58:58.850 UTC,1.40405,1.40392,0.00282,0.00384
20.10.2025 11:58:58.952 UTC,1.40405,1.40392,0.00132,0.00282
20.10.2025 11:59:00.267 UTC,1.40404,1.40393,0.0012,0.00372
20.10.2025 11:59:00.471 UTC,1.40405,1.40392,0.0012,0.00369
20.10.2025 11:59:02.140 UTC,1.40405,1.40391,0.00225,0.00369
20.10.2025 11:59:03.956 UTC,1.40404,1.40391,0.0012,0.00279
20.10.2025 11:59:06.349 UTC,1.40398,1.40387,0.0012,0.0018
20.10.2025 11:59:06.452 UTC,1.40398,1.40387,0.0018,0.0012
20.10.2025 11:59:06.504 UTC,1.40398,1.40385,0.0018,0.00234
20.10.2025 11:59:09.785 UTC,1.40397,1.40384,0.0012,0.00237
20.10.2025 11:59:11.347 UTC,1.40397,1.40384,0.0018,0.00135
20.10.2025 11:59:11.450 UTC,1.40395,1.40384,0.0018,0.0012
20.10.2025 11:59:14.361 UTC,1.40394,1.40383,0.0012,0.0012
20.10.2025 11:59:15.375 UTC,1.40394,1.40384,0.0012,0.0018
20.10.2025 11:59:15.681 UTC,1.40394,1.40383,0.0012,0.0012
20.10.2025 11:59:15.782 UTC,1.40395,1.40383,0.00225,0.0012
20.10.2025 11:59:17.499 UTC,1.40394,1.40383,0.00225,0.0012
20.10.2025 11:59:17.755 UTC,1.40393,1.40383,0.0012,0.0012
20.10.2025 11:59:20.276 UTC,1.40393,1.40384,0.00225,0.0012
20.10.2025 11:59:22.289 UTC,1.40394,1.40381,0.00315,0.0012
20.10.2025 11:59:24.974 UTC,1.40394,1.4038,0.00315,0.00279
20.10.2025 11:59:25.177 UTC,1.40394,1.40381,0.00225,0.0012
20.10.2025 11:59:28.941 UTC,1.40393,1.4038,0.00225,0.0012
20.10.2025 11:59:29.949 UTC,1.40393,1.40382,0.00225,0.0012
20.10.2025 11:59:34.897 UTC,1.40391,1.4038,0.00135,0.00315
20.10.2025 11:59:34.949 UTC,1.4039,1.40379,0.0012,0.0012
20.10.2025 11:59:35.052 UTC,1.40391,1.40379,0.00135,0.0012
20.10.2025 11:59:35.157 UTC,1.40392,1.40379,0.0012,0.0027
20.10.2025 11:59:41.535 UTC,1.40393,1.40379,0.0036,0.00315
20.10.2025 11:59:43.495 UTC,1.40393,1.40381,0.0018,0.0012
20.10.2025 11:59:44.304 UTC,1.40393,1.40383,0.0033,0.0012
20.10.2025 11:59:44.407 UTC,1.40393,1.40383,0.00225,0.0012
20.10.2025 11:59:44.510 UTC,1.40394,1.40385,0.0027,0.0012
20.10.2025 11:59:44.767 UTC,1.40396,1.40382,0.00465,0.0012
20.10.2025 11:59:44.869 UTC,1.40396,1.40382,0.00375,0.0012
20.10.2025 11:59:45.092 UTC,1.40396,1.40384,0.00195,0.0012
20.10.2025 11:59:45.195 UTC,1.40396,1.40384,0.0012,0.0012
20.10.2025 11:59:45.299 UTC,1.40393,1.40382,0.0012,0.0012
20.10.2025 11:59:45.404 UTC,1.40394,1.40382,0.00225,0.0012
20.10.2025 11:59:45.661 UTC,1.40392,1.40381,0.0012,0.0012
20.10.2025 11:59:52.152 UTC,1.40392,1.40381,0.0018,0.0012
20.10.2025 11:59:52.255 UTC,1.40391,1.4038,0.00135,0.0012
20.10.2025 11:59:52.363 UTC,1.4039,1.4038,0.0012,0.0012
20.10.2025 11:59:52.466 UTC,1.4039,1.40381,0.00135,0.0012
20.10.2025 11:59:53.934 UTC,1.40389,1.40379,0.0012,0.0012
20.10.2025 11:59:56.055 UTC,1.40388,1.40378,0.0012,0.0012
20.10.2025 11:59:56.167 UTC,1.40391,1.40378,0.0018,0.0012
20.10.2025 11:59:56.627 UTC,1.40391,1.40378,0.00135,0.0012
20.10.2025 11:59:56.831 UTC,1.40391,1.40378,0.0018,0.0012
20.10.2025 11:59:57.036 UTC,1.40391,1.40378,0.00135,0.0012
20.10.2025 11:59:57.188 UTC,1.40391,1.40378,0.0018,0.0012
20.10.2025 11:59:57.392 UTC,1.40391,1.40378,0.00135,0.0012
20.10.2025 11:59:57.546 UTC,1.4039,1.40379,0.0018,0.0012
20.10.2025 11:59:57.750 UTC,1.40391,1.40378,0.00135,0.0018
20.10.2025 11:59:57.903 UTC,1.40391,1.40378,0.0018,0.0012
20.10.2025 11:59:58.005 UTC,1.4039,1.40379,0.00135,0.0012
20.10.2025 11:59:58.109 UTC,1.40391,1.40378,0.0018,0.0012
20.10.2025 11:59:58.315 UTC,1.40391,1.40378,0.00135,0.0012
20.10.2025 11:59:58.419 UTC,1.40391,1.40378,0.0018,0.0018
20.10.2025 11:59:58.472 UTC,1.40391,1.40381,0.00135,0.0012