UTC,Ask,Bid,Ask Volume,Bid Volume
03.11.2025 11:00:00.581 UTC,1.40468,1.40454,0.0033,0.0012
03.11.2025 11:00:01.339 UTC,1.40466,1.40453,0.0018,0.0012
03.11.2025 11:00:01.441 UTC,1.40466,1.40453,0.00135,0.0012
03.11.2025 11:00:01.995 UTC,1.40466,1.40453,0.0018,0.0012
03.11.2025 11:00:02.097 UTC,1.40467,1.40453,0.00195,0.0012
03.11.2025 11:00:02.200 UTC,1.40467,1.40453,0.0024,0.0012
03.11.2025 11:00:02.302 UTC,1.40467,1.40453,0.00195,0.0012
03.11.2025 11:00:03.715 UTC,1.40467,1.40453,0.00144,0.0012
03.11.2025 11:00:04.018 UTC,1.40467,1.40453,0.00192,0.0012
03.11.2025 11:00:04.171 UTC,1.40468,1.40453,0.00387,0.0012
03.11.2025 11:00:05.833 UTC,1.40468,1.40454,0.00132,0.00135
03.11.2025 11:00:08.095 UTC,1.40467,1.40455,0.00192,0.0012
03.11.2025 11:00:08.198 UTC,1.40468,1.40454,0.00192,0.0012
03.11.2025 11:00:08.960 UTC,1.40468,1.40454,0.00477,0.0012
03.11.2025 11:00:09.264 UTC,1.40467,1.40452,0.00192,0.0018
03.11.2025 11:00:14.781 UTC,1.40466,1.40453,0.00297,0.00327
03.11.2025 11:00:17.150 UTC,1.40466,1.40453,0.00342,0.00135
03.11.2025 11:00:19.471 UTC,1.40465,1.40452,0.00192,0.00195
03.11.2025 11:00:19.574 UTC,1.40466,1.40455,0.00192,0.0012
03.11.2025 11:00:19.677 UTC,1.40468,1.40456,0.00192,0.00135
03.11.2025 11:00:19.881 UTC,1.40469,1.40456,0.00192,0.0012
03.11.2025 11:00:27.027 UTC,1.40469,1.40457,0.00192,0.0012
03.11.2025 11:00:27.180 UTC,1.40471,1.40457,0.00192,0.0012
03.11.2025 11:00:27.688 UTC,1.40471,1.40457,0.00207,0.0012
03.11.2025 11:00:28.041 UTC,1.40471,1.40457,0.00192,0.0012
03.11.2025 11:00:28.092 UTC,1.4047,1.40458,0.00192,0.0012
03.11.2025 11:00:28.295 UTC,1.4047,1.40457,0.00132,0.0012
03.11.2025 11:00:28.346 UTC,1.4047,1.40458,0.00192,0.0012
03.11.2025 11:00:29.001 UTC,1.4047,1.40457,0.00192,0.0012
03.11.2025 11:00:29.204 UTC,1.40469,1.40458,0.00144,0.0012
03.11.2025 11:00:30.159 UTC,1.4047,1.40457,0.00192,0.0012
03.11.2025 11:00:30.662 UTC,1.4047,1.40458,0.00192,0.0012
03.11.2025 11:00:34.291 UTC,1.40471,1.40457,0.00207,0.0012
03.11.2025 11:00:34.493 UTC,1.40471,1.40457,0.00192,0.0012
03.11.2025 11:00:41.772 UTC,1.40471,1.40457,0.00204,0.0012
03.11.2025 11:00:41.873 UTC,1.40471,1.40457,0.00192,0.0012
03.11.2025 11:00:46.239 UTC,1.4047,1.40457,0.0018,0.0012
03.11.2025 11:00:46.341 UTC,1.4047,1.40457,0.00135,0.0012
03.11.2025 11:00:46.443 UTC,1.4047,1.40457,0.0018,0.0012
03.11.2025 11:00:47.098 UTC,1.4047,1.40457,0.00192,0.0012
03.11.2025 11:00:47.402 UTC,1.4047,1.40457,0.00204,0.0012
03.11.2025 11:00:48.626 UTC,1.4047,1.40457,0.00192,0.0012
03.11.2025 11:00:49.933 UTC,1.40469,1.40456,0.00147,0.0012
03.11.2025 11:00:50.036 UTC,1.40468,1.40455,0.00237,0.0012
03.11.2025 11:00:50.138 UTC,1.40467,1.40454,0.00132,0.0012
03.11.2025 11:00:52.098 UTC,1.40467,1.40456,0.00204,0.0012
03.11.2025 11:00:52.200 UTC,1.40468,1.40456,0.00135,0.0012
03.11.2025 11:00:52.303 UTC,1.40469,1.40456,0.0012,0.0012
03.11.2025 11:00:52.658 UTC,1.40471,1.40456,0.00342,0.0018
03.11.2025 11:00:52.760 UTC,1.4047,1.40457,0.00297,0.00135
03.11.2025 11:00:52.862 UTC,1.4047,1.40455,0.00342,0.0012
03.11.2025 11:00:54.930 UTC,1.40468,1.40456,0.00207,0.0012
03.11.2025 11:00:55.433 UTC,1.40467,1.40456,0.00144,0.0012
03.11.2025 11:01:07.172 UTC,1.40468,1.40456,0.0012,0.0012
03.11.2025 11:01:07.325 UTC,1.40469,1.40456,0.00135,0.0012
03.11.2025 11:01:08.683 UTC,1.40468,1.40457,0.0018,0.0012
03.11.2025 11:01:10.189 UTC,1.40469,1.40456,0.00135,0.0012
03.11.2025 11:01:14.281 UTC,1.4047,1.40456,0.00195,0.0012
03.11.2025 11:01:14.383 UTC,1.4047,1.40456,0.0018,0.0012
03.11.2025 11:01:14.485 UTC,1.4047,1.40456,0.00195,0.0012
03.11.2025 11:01:14.687 UTC,1.4047,1.40456,0.0018,0.0012
03.11.2025 11:01:19.310 UTC,1.40469,1.40457,0.00192,0.0012
03.11.2025 11:01:19.715 UTC,1.4047,1.40456,0.00192,0.0012
03.11.2025 11:01:22.559 UTC,1.40469,1.40457,0.0012,0.00135
03.11.2025 11:01:23.366 UTC,1.40471,1.40457,0.00387,0.00135
03.11.2025 11:01:23.668 UTC,1.40472,1.40456,0.00342,0.00135
03.11.2025 11:01:24.975 UTC,1.40471,1.40456,0.00132,0.00135
03.11.2025 11:01:25.177 UTC,1.40471,1.40457,0.00342,0.00135
03.11.2025 11:01:25.835 UTC,1.4047,1.40456,0.0018,0.00135
03.11.2025 11:01:26.839 UTC,1.40469,1.40457,0.00135,0.0018
03.11.2025 11:01:27.091 UTC,1.40469,1.40457,0.00192,0.00135
03.11.2025 11:01:27.193 UTC,1.4047,1.40456,0.00192,0.00135
03.11.2025 11:01:27.752 UTC,1.40469,1.40457,0.00192,0.00135
03.11.2025 11:01:31.016 UTC,1.4047,1.40456,0.00192,0.00342
03.11.2025 11:01:41.086 UTC,1.40469,1.40456,0.00192,0.00135
03.11.2025 11:01:42.495 UTC,1.40468,1.40455,0.00135,0.0018
03.11.2025 11:01:42.597 UTC,1.40468,1.40454,0.00195,0.0018
03.11.2025 11:01:42.700 UTC,1.40468,1.40454,0.00387,0.0012
03.11.2025 11:01:49.676 UTC,1.40468,1.40454,0.00612,0.0012
03.11.2025 11:01:49.780 UTC,1.40467,1.40453,0.00192,0.0012
03.11.2025 11:01:55.587 UTC,1.40467,1.40453,0.00132,0.0012
03.11.2025 11:01:55.640 UTC,1.40463,1.40449,0.00189,0.0018
03.11.2025 11:01:55.742 UTC,1.40463,1.40453,0.00135,0.00135
03.11.2025 11:01:56.099 UTC,1.40466,1.40452,0.00249,0.00135
03.11.2025 11:01:58.419 UTC,1.40466,1.40452,0.00204,0.00135
03.11.2025 11:01:58.894 UTC,1.40465,1.40452,0.00144,0.00135
03.11.2025 11:01:58.996 UTC,1.40464,1.40453,0.0018,0.0012
03.11.2025 11:02:01.109 UTC,1.40464,1.40453,0.00135,0.0012
03.11.2025 11:02:01.261 UTC,1.40465,1.40452,0.0018,0.0012
03.11.2025 11:02:03.971 UTC,1.40465,1.40452,0.00144,0.0012
03.11.2025 11:02:05.079 UTC,1.40465,1.40452,0.00192,0.0012
03.11.2025 11:02:05.382 UTC,1.40467,1.40452,0.00297,0.00135
03.11.2025 11:02:05.990 UTC,1.40467,1.40453,0.00147,0.0012
03.11.2025 11:02:14.482 UTC,1.40466,1.40452,0.00132,0.0012
03.11.2025 11:02:23.712 UTC,1.40468,1.40454,0.00192,0.00135
03.11.2025 11:02:23.865 UTC,1.40468,1.40454,0.00147,0.00195
03.11.2025 11:02:29.045 UTC,1.40469,1.40454,0.00477,0.00135
03.11.2025 11:02:29.150 UTC,1.40466,1.40454,0.00192,0.0012
03.11.2025 11:02:29.255 UTC,1.40467,1.40453,0.00192,0.0012
03.11.2025 11:02:37.522 UTC,1.40466,1.40452,0.00252,0.00135
03.11.2025 11:02:46.378 UTC,1.40462,1.40451,0.00192,0.0012
03.11.2025 11:02:46.430 UTC,1.40462,1.40449,0.00192,0.0012
03.11.2025 11:02:46.533 UTC,1.40462,1.40451,0.00192,0.0012
03.11.2025 11:02:50.901 UTC,1.40464,1.40451,0.00192,0.00135
03.11.2025 11:02:51.805 UTC,1.40464,1.40451,0.00147,0.0012
03.11.2025 11:02:53.815 UTC,1.40463,1.40452,0.00192,0.0012
03.11.2025 11:02:59.193 UTC,1.40464,1.40451,0.00147,0.0012
03.11.2025 11:02:59.329 UTC,1.40464,1.40452,0.00132,0.0012
03.11.2025 11:03:00.089 UTC,1.40463,1.40453,0.00147,0.0012
03.11.2025 11:03:00.191 UTC,1.40465,1.40452,0.00147,0.0012
03.11.2025 11:03:02.562 UTC,1.40467,1.40456,0.00192,0.0012
03.11.2025 11:03:02.664 UTC,1.40468,1.40457,0.00237,0.0012
03.11.2025 11:03:03.821 UTC,1.40468,1.40456,0.00132,0.0012
03.11.2025 11:03:12.408 UTC,1.40467,1.40455,0.00192,0.0012
03.11.2025 11:03:18.265 UTC,1.40467,1.40453,0.00207,0.0012
03.11.2025 11:03:18.367 UTC,1.40467,1.40453,0.00252,0.0012
03.11.2025 11:03:22.592 UTC,1.40467,1.40454,0.00132,0.0012
03.11.2025 11:03:23.502 UTC,1.40469,1.40455,0.00342,0.0012
03.11.2025 11:03:23.553 UTC,1.40469,1.40457,0.00147,0.0012
03.11.2025 11:03:23.655 UTC,1.40468,1.40458,0.00147,0.0012
03.11.2025 11:03:29.851 UTC,1.40468,1.40455,0.00207,0.00135
03.11.2025 11:03:39.370 UTC,1.4047,1.40455,0.00387,0.00135
03.11.2025 11:03:42.127 UTC,1.40469,1.40458,0.00207,0.0012
03.11.2025 11:03:45.675 UTC,1.40471,1.40459,0.00207,0.0012
03.11.2025 11:03:46.390 UTC,1.40473,1.40462,0.00192,0.0012
03.11.2025 11:03:46.493 UTC,1.40473,1.40465,0.00144,0.0012
03.11.2025 11:03:50.828 UTC,1.40476,1.40465,0.00237,0.0012
03.11.2025 11:03:54.899 UTC,1.40477,1.40465,0.00132,0.0012
03.11.2025 11:03:55.710 UTC,1.40479,1.40466,0.00342,0.0012
03.11.2025 11:04:00.284 UTC,1.40479,1.40465,0.00147,0.00135
03.11.2025 11:04:02.192 UTC,1.4048,1.40465,0.00252,0.00282
03.11.2025 11:04:03.754 UTC,1.40478,1.40466,0.00297,0.00132
03.11.2025 11:04:03.856 UTC,1.40477,1.40465,0.00207,0.00147
03.11.2025 11:04:03.908 UTC,1.40477,1.40464,0.00132,0.00132
03.11.2025 11:04:04.768 UTC,1.40479,1.40465,0.00363,0.00132
03.11.2025 11:04:06.534 UTC,1.40479,1.40465,0.00219,0.00132
03.11.2025 11:04:08.949 UTC,1.40479,1.40465,0.00309,0.00132
03.11.2025 11:04:12.169 UTC,1.40478,1.40465,0.0018,0.00132
03.11.2025 11:04:15.677 UTC,1.40477,1.40466,0.00135,0.00132
03.11.2025 11:04:16.179 UTC,1.40477,1.40466,0.0018,0.00132
03.11.2025 11:04:17.910 UTC,1.40478,1.40465,0.00135,0.00132
03.11.2025 11:04:21.125 UTC,1.40478,1.40465,0.0018,0.00132
03.11.2025 11:04:25.140 UTC,1.40477,1.40467,0.00135,0.00132
03.11.2025 11:04:25.293 UTC,1.4048,1.40466,0.0024,0.00132
03.11.2025 11:04:25.395 UTC,1.4048,1.40466,0.00195,0.00132
03.11.2025 11:04:25.547 UTC,1.40479,1.40466,0.0012,0.00132
03.11.2025 11:04:25.800 UTC,1.4048,1.40466,0.00195,0.00132
03.11.2025 11:04:26.455 UTC,1.40478,1.40467,0.0012,0.00132
03.11.2025 11:04:26.606 UTC,1.4048,1.40466,0.00195,0.00132
03.11.2025 11:04:28.569 UTC,1.4048,1.40466,0.0024,0.00132
03.11.2025 11:04:29.072 UTC,1.4048,1.40466,0.00195,0.00132
03.11.2025 11:04:29.524 UTC,1.40478,1.40467,0.0012,0.00132
03.11.2025 11:04:30.830 UTC,1.4048,1.40466,0.00195,0.00132
03.11.2025 11:04:31.182 UTC,1.40479,1.40466,0.0012,0.00132
03.11.2025 11:04:33.321 UTC,1.4048,1.40466,0.0024,0.00132
03.11.2025 11:04:37.188 UTC,1.40478,1.40467,0.0012,0.00132
03.11.2025 11:04:39.544 UTC,1.40479,1.40467,0.00195,0.00132
03.11.2025 11:04:39.797 UTC,1.40479,1.40466,0.0012,0.00132
03.11.2025 11:04:41.503 UTC,1.4048,1.40466,0.00195,0.00132
03.11.2025 11:04:42.460 UTC,1.40481,1.40466,0.0033,0.00132
03.11.2025 11:04:42.612 UTC,1.4048,1.40466,0.0012,0.00132
03.11.2025 11:04:43.769 UTC,1.4048,1.40467,0.0033,0.00132
03.11.2025 11:04:44.673 UTC,1.40479,1.40467,0.0012,0.00132
03.11.2025 11:04:52.427 UTC,1.40479,1.40466,0.00207,0.00132
03.11.2025 11:04:52.531 UTC,1.40477,1.40465,0.00192,0.00144
03.11.2025 11:04:52.635 UTC,1.40478,1.40464,0.00207,0.00132
03.11.2025 11:04:52.738 UTC,1.40477,1.40465,0.00207,0.00132
03.11.2025 11:04:52.840 UTC,1.40478,1.40464,0.00207,0.00132
03.11.2025 11:04:55.308 UTC,1.40478,1.40464,0.00132,0.00132
03.11.2025 11:04:56.313 UTC,1.40477,1.40465,0.00132,0.00132
03.11.2025 11:04:56.717 UTC,1.40478,1.40464,0.00144,0.0012
03.11.2025 11:04:56.970 UTC,1.40477,1.40465,0.00144,0.0012
03.11.2025 11:05:02.691 UTC,1.40478,1.40464,0.00192,0.0012
03.11.2025 11:05:04.400 UTC,1.40478,1.40464,0.00132,0.0012
03.11.2025 11:05:04.552 UTC,1.40479,1.40465,0.00372,0.0012
03.11.2025 11:05:05.710 UTC,1.40478,1.40466,0.00252,0.0012
03.11.2025 11:05:07.669 UTC,1.40478,1.40466,0.00342,0.0018
03.11.2025 11:05:07.772 UTC,1.40473,1.40461,0.00234,0.0012
03.11.2025 11:05:07.824 UTC,1.4047,1.40457,0.0012,0.0024
03.11.2025 11:05:10.318 UTC,1.40472,1.40457,0.00282,0.00192
03.11.2025 11:05:11.579 UTC,1.40472,1.40457,0.00144,0.00192
03.11.2025 11:05:12.885 UTC,1.40472,1.40457,0.00192,0.00132
03.11.2025 11:05:13.487 UTC,1.40471,1.40458,0.00144,0.00132
03.11.2025 11:05:13.588 UTC,1.40471,1.40458,0.00294,0.00132
03.11.2025 11:05:13.690 UTC,1.40472,1.40457,0.00297,0.00132
03.11.2025 11:05:15.352 UTC,1.40475,1.4046,0.0024,0.00372
03.11.2025 11:05:15.404 UTC,1.40477,1.40463,0.0012,0.00132
03.11.2025 11:05:15.506 UTC,1.40478,1.40464,0.0045,0.00132
03.11.2025 11:05:17.877 UTC,1.40477,1.40465,0.00405,0.0012
03.11.2025 11:05:17.979 UTC,1.40477,1.40464,0.0012,0.0012
03.11.2025 11:05:19.044 UTC,1.40477,1.40464,0.0018,0.0012
03.11.2025 11:05:19.298 UTC,1.40477,1.40464,0.00135,0.0012
03.11.2025 11:05:19.553 UTC,1.40477,1.40464,0.0024,0.0012
03.11.2025 11:05:26.565 UTC,1.40477,1.40464,0.0012,0.0012
03.11.2025 11:05:26.867 UTC,1.40478,1.40464,0.0042,0.0012
03.11.2025 11:05:26.969 UTC,1.40477,1.40464,0.0012,0.0012
03.11.2025 11:05:27.071 UTC,1.40478,1.40464,0.0042,0.0012
03.11.2025 11:05:27.427 UTC,1.40477,1.40464,0.00195,0.0012
03.11.2025 11:05:27.580 UTC,1.40477,1.40464,0.0018,0.0012
03.11.2025 11:05:28.286 UTC,1.40477,1.40464,0.00195,0.0012
03.11.2025 11:05:28.389 UTC,1.40477,1.40464,0.0018,0.0012
03.11.2025 11:05:28.643 UTC,1.40477,1.40464,0.0012,0.0012
03.11.2025 11:05:28.745 UTC,1.40478,1.40464,0.0051,0.0012
03.11.2025 11:05:28.900 UTC,1.40477,1.40464,0.0018,0.0012
03.11.2025 11:05:29.560 UTC,1.40478,1.40464,0.00465,0.0012
03.11.2025 11:05:29.764 UTC,1.40477,1.40464,0.00135,0.0012
03.11.2025 11:05:30.018 UTC,1.40477,1.40464,0.00195,0.0012
03.11.2025 11:05:30.473 UTC,1.40477,1.40464,0.0024,0.0012
03.11.2025 11:05:31.128 UTC,1.40477,1.40464,0.0012,0.0012
03.11.2025 11:05:31.281 UTC,1.40476,1.40465,0.0018,0.0012
03.11.2025 11:05:31.383 UTC,1.40477,1.40464,0.0012,0.0012
03.11.2025 11:05:31.537 UTC,1.40477,1.40464,0.0018,0.0012
03.11.2025 11:05:31.740 UTC,1.40476,1.40465,0.0012,0.0012
03.11.2025 11:05:32.396 UTC,1.40477,1.40464,0.0018,0.0012
03.11.2025 11:05:32.498 UTC,1.40477,1.40464,0.0012,0.0012
03.11.2025 11:05:33.152 UTC,1.40478,1.40464,0.00555,0.0012
03.11.2025 11:05:34.212 UTC,1.40477,1.40464,0.0012,0.0012
03.11.2025 11:05:34.315 UTC,1.40477,1.40462,0.0018,0.00147
03.11.2025 11:05:38.001 UTC,1.40477,1.40462,0.0018,0.00192
03.11.2025 11:05:40.713 UTC,1.40477,1.40462,0.0024,0.00144
03.11.2025 11:05:43.280 UTC,1.40475,1.40461,0.00297,0.0018
03.11.2025 11:05:43.331 UTC,1.40475,1.40461,0.00225,0.00195
03.11.2025 11:05:43.434 UTC,1.40475,1.40461,0.00135,0.0018
03.11.2025 11:05:43.587 UTC,1.40475,1.40463,0.00192,0.0012
03.11.2025 11:05:47.788 UTC,1.40475,1.40463,0.00135,0.0012
03.11.2025 11:05:48.091 UTC,1.40476,1.40462,0.0018,0.0012
03.11.2025 11:05:55.133 UTC,1.40476,1.40462,0.00204,0.0012
03.11.2025 11:05:56.088 UTC,1.40476,1.40462,0.00192,0.0012
03.11.2025 11:06:00.214 UTC,1.40476,1.40462,0.00342,0.0012
03.11.2025 11:06:00.318 UTC,1.40475,1.40462,0.00132,0.0012
03.11.2025 11:06:00.471 UTC,1.40475,1.40462,0.00192,0.0012
03.11.2025 11:06:00.574 UTC,1.40474,1.40463,0.00144,0.0012
03.11.2025 11:06:01.079 UTC,1.40474,1.40463,0.00192,0.0012
03.11.2025 11:06:01.182 UTC,1.40475,1.40462,0.00144,0.0012
03.11.2025 11:06:01.283 UTC,1.40475,1.40462,0.00192,0.0012
03.11.2025 11:06:02.791 UTC,1.40474,1.40463,0.00144,0.0012
03.11.2025 11:06:03.096 UTC,1.40476,1.40462,0.00135,0.0018
03.11.2025 11:06:03.501 UTC,1.40477,1.40463,0.00144,0.0012
03.11.2025 11:06:03.603 UTC,1.40477,1.40463,0.00147,0.0012
03.11.2025 11:06:05.616 UTC,1.40475,1.40463,0.00249,0.00135
03.11.2025 11:06:08.386 UTC,1.40468,1.40461,0.0012,0.0012
03.11.2025 11:06:08.439 UTC,1.4047,1.40456,0.0018,0.0012
03.11.2025 11:06:12.482 UTC,1.40468,1.40453,0.0012,0.00285
03.11.2025 11:06:14.443 UTC,1.40467,1.40455,0.0012,0.0018
03.11.2025 11:06:16.099 UTC,1.40469,1.40456,0.0012,0.00195
03.11.2025 11:06:28.185 UTC,1.40466,1.40456,0.0012,0.00195
03.11.2025 11:06:30.653 UTC,1.40467,1.40454,0.0012,0.0024
03.11.2025 11:06:36.135 UTC,1.40466,1.40453,0.0012,0.0012
03.11.2025 11:06:36.243 UTC,1.40463,1.40452,0.0012,0.00285
03.11.2025 11:06:36.296 UTC,1.40464,1.40451,0.0012,0.0018
03.11.2025 11:06:38.067 UTC,1.40464,1.40451,0.0012,0.0012
03.11.2025 11:06:43.595 UTC,1.40464,1.40452,0.0012,0.0012
03.11.2025 11:06:44.854 UTC,1.40463,1.40453,0.0012,0.0012
03.11.2025 11:06:49.844 UTC,1.40465,1.40451,0.0012,0.00132
03.11.2025 11:06:54.172 UTC,1.40465,1.40452,0.0012,0.0012
03.11.2025 11:06:57.198 UTC,1.40466,1.40454,0.0012,0.00249
03.11.2025 11:06:57.301 UTC,1.40468,1.40453,0.0012,0.00342
03.11.2025 11:06:57.403 UTC,1.40468,1.40454,0.0012,0.00192
03.11.2025 11:06:57.505 UTC,1.40468,1.40455,0.0012,0.00342
03.11.2025 11:07:01.610 UTC,1.40467,1.40455,0.0012,0.0012
03.11.2025 11:07:01.711 UTC,1.40468,1.40454,0.0012,0.0012
03.11.2025 11:07:02.115 UTC,1.40466,1.40454,0.0012,0.00195
03.11.2025 11:07:02.218 UTC,1.40464,1.40452,0.0012,0.0033
03.11.2025 11:07:02.269 UTC,1.40465,1.40451,0.0012,0.0024
03.11.2025 11:07:05.190 UTC,1.40465,1.40451,0.0012,0.0012
03.11.2025 11:07:07.055 UTC,1.40465,1.40451,0.00135,0.0012
03.11.2025 11:07:07.157 UTC,1.40465,1.40451,0.0012,0.0012
03.11.2025 11:07:07.260 UTC,1.40465,1.4045,0.0012,0.00195
03.11.2025 11:07:07.464 UTC,1.40463,1.40449,0.00144,0.0033
03.11.2025 11:07:07.567 UTC,1.4046,1.40447,0.0012,0.00135
03.11.2025 11:07:07.822 UTC,1.40459,1.40447,0.0012,0.00375
03.11.2025 11:07:09.383 UTC,1.40461,1.4045,0.0012,0.0036
03.11.2025 11:07:09.486 UTC,1.40464,1.4045,0.0012,0.00195
03.11.2025 11:07:11.078 UTC,1.40464,1.40452,0.0012,0.0012
03.11.2025 11:07:11.180 UTC,1.40466,1.40452,0.0012,0.0012
03.11.2025 11:07:11.282 UTC,1.40466,1.40452,0.0012,0.0018
03.11.2025 11:07:14.200 UTC,1.40465,1.40453,0.0012,0.00285
03.11.2025 11:07:14.504 UTC,1.40465,1.40454,0.0012,0.0012
03.11.2025 11:07:14.606 UTC,1.40465,1.40452,0.0012,0.00465
03.11.2025 11:07:15.061 UTC,1.40465,1.40451,0.0012,0.00285
03.11.2025 11:07:19.449 UTC,1.40465,1.40452,0.0012,0.0012
03.11.2025 11:07:28.348 UTC,1.40465,1.40451,0.0018,0.0018
03.11.2025 11:07:28.500 UTC,1.40465,1.40451,0.00135,0.00195
03.11.2025 11:07:32.123 UTC,1.40465,1.40452,0.0012,0.0012
03.11.2025 11:07:32.326 UTC,1.40463,1.4045,0.0012,0.0012
03.11.2025 11:07:32.429 UTC,1.40463,1.40449,0.00135,0.0012
03.11.2025 11:07:32.684 UTC,1.40464,1.40451,0.0012,0.0012
03.11.2025 11:07:34.321 UTC,1.40463,1.4045,0.0012,0.0012
03.11.2025 11:07:34.373 UTC,1.4046,1.40446,0.0012,0.00285
03.11.2025 11:07:34.475 UTC,1.40459,1.40447,0.0012,0.00195
03.11.2025 11:07:37.795 UTC,1.40462,1.40451,0.0012,0.0012
03.11.2025 11:07:37.897 UTC,1.40464,1.4045,0.00225,0.0018
03.11.2025 11:07:37.999 UTC,1.40464,1.4045,0.0012,0.0024
03.11.2025 11:07:45.442 UTC,1.40464,1.40451,0.0012,0.0012
03.11.2025 11:07:54.907 UTC,1.40465,1.40451,0.0012,0.00195
03.11.2025 11:07:55.060 UTC,1.40465,1.40451,0.00135,0.00195
03.11.2025 11:08:00.255 UTC,1.40465,1.4045,0.00192,0.00285
03.11.2025 11:08:00.408 UTC,1.40464,1.40452,0.00135,0.0012
03.11.2025 11:08:04.023 UTC,1.40465,1.4045,0.0018,0.00285
03.11.2025 11:08:04.827 UTC,1.40465,1.40451,0.00225,0.0012
03.11.2025 11:08:07.244 UTC,1.40465,1.4045,0.00249,0.00195
03.11.2025 11:08:07.345 UTC,1.40465,1.40451,0.00225,0.0012
03.11.2025 11:08:10.884 UTC,1.40464,1.40452,0.00135,0.00195
03.11.2025 11:08:13.705 UTC,1.40465,1.40452,0.0012,0.00195
03.11.2025 11:08:15.015 UTC,1.40466,1.40452,0.0012,0.00294
03.11.2025 11:08:15.168 UTC,1.40466,1.40453,0.0012,0.0012
03.11.2025 11:08:19.389 UTC,1.40465,1.40454,0.0012,0.0012
03.11.2025 11:08:24.718 UTC,1.40465,1.40451,0.00135,0.00285
03.11.2025 11:08:24.871 UTC,1.40464,1.40452,0.00135,0.00204
03.11.2025 11:08:25.783 UTC,1.40467,1.40452,0.0024,0.00189
03.11.2025 11:08:25.885 UTC,1.40467,1.40452,0.0012,0.00249
03.11.2025 11:08:25.987 UTC,1.40466,1.40453,0.0012,0.00249
03.11.2025 11:08:34.067 UTC,1.40465,1.40453,0.0012,0.0012
03.11.2025 11:08:34.170 UTC,1.40465,1.40452,0.0012,0.0012
03.11.2025 11:08:34.272 UTC,1.40464,1.40452,0.0012,0.00285
03.11.2025 11:08:42.619 UTC,1.40465,1.40451,0.0012,0.0018
03.11.2025 11:08:43.679 UTC,1.40465,1.40451,0.00135,0.00195
03.11.2025 11:08:43.830 UTC,1.40464,1.40452,0.00135,0.0018
03.11.2025 11:08:45.488 UTC,1.40466,1.40451,0.00225,0.00195
03.11.2025 11:08:46.091 UTC,1.40466,1.40451,0.0024,0.0018
03.11.2025 11:08:46.293 UTC,1.40465,1.40452,0.00225,0.00195
03.11.2025 11:08:47.248 UTC,1.40466,1.40451,0.0024,0.0018
03.11.2025 11:08:50.981 UTC,1.40466,1.40451,0.00225,0.0018
03.11.2025 11:08:51.333 UTC,1.40466,1.40451,0.00225,0.00195
03.11.2025 11:08:51.989 UTC,1.40466,1.40451,0.0024,0.0018
03.11.2025 11:08:52.842 UTC,1.40466,1.40451,0.00225,0.0018
03.11.2025 11:08:53.195 UTC,1.40466,1.40451,0.0024,0.0018
03.11.2025 11:08:53.350 UTC,1.40465,1.40452,0.00225,0.00195
03.11.2025 11:08:53.552 UTC,1.40466,1.40451,0.0024,0.0018
03.11.2025 11:08:57.463 UTC,1.40466,1.40453,0.0012,0.00384
03.11.2025 11:08:57.565 UTC,1.40467,1.40452,0.0012,0.00384
03.11.2025 11:09:06.900 UTC,1.40465,1.40452,0.0018,0.0018
03.11.2025 11:09:07.054 UTC,1.40463,1.4045,0.0012,0.00135
03.11.2025 11:09:07.156 UTC,1.40463,1.4045,0.0012,0.00249
03.11.2025 11:09:07.259 UTC,1.40464,1.40449,0.00135,0.00294
03.11.2025 11:09:12.797 UTC,1.40464,1.40449,0.0018,0.00195
03.11.2025 11:09:12.900 UTC,1.40464,1.4045,0.00135,0.0012
03.11.2025 11:09:12.952 UTC,1.40464,1.40456,0.0012,0.0018
03.11.2025 11:09:13.003 UTC,1.40463,1.40453,0.0012,0.0018
03.11.2025 11:09:13.106 UTC,1.40464,1.40452,0.0012,0.00375
03.11.2025 11:09:17.355 UTC,1.40464,1.40451,0.0012,0.0012
03.11.2025 11:09:17.457 UTC,1.40463,1.40449,0.00135,0.0012
03.11.2025 11:09:17.560 UTC,1.40463,1.4045,0.0012,0.0012
03.11.2025 11:09:17.663 UTC,1.40461,1.4045,0.0012,0.0012
03.11.2025 11:09:18.019 UTC,1.4046,1.40449,0.0012,0.0012
03.11.2025 11:09:18.121 UTC,1.40459,1.40446,0.0012,0.00249
03.11.2025 11:09:18.173 UTC,1.4046,1.40445,0.0012,0.00339
03.11.2025 11:09:18.275 UTC,1.40459,1.40445,0.0012,0.0018
03.11.2025 11:09:22.444 UTC,1.4046,1.40445,0.0018,0.0018
03.11.2025 11:09:31.515 UTC,1.40458,1.40447,0.0012,0.0012
03.11.2025 11:09:31.828 UTC,1.40458,1.40445,0.00192,0.00195
03.11.2025 11:09:31.930 UTC,1.40459,1.40444,0.00192,0.00195
03.11.2025 11:09:34.445 UTC,1.40457,1.40443,0.0012,0.00195
03.11.2025 11:09:40.474 UTC,1.40456,1.40444,0.00135,0.00285
03.11.2025 11:09:41.080 UTC,1.40457,1.40444,0.0012,0.0012
03.11.2025 11:09:47.212 UTC,1.40456,1.40444,0.00135,0.0027
03.11.2025 11:09:47.315 UTC,1.40453,1.40441,0.0012,0.0012
03.11.2025 11:09:47.416 UTC,1.40453,1.40439,0.0012,0.00135
03.11.2025 11:09:47.519 UTC,1.40453,1.40438,0.00132,0.00315
03.11.2025 11:09:56.189 UTC,1.40452,1.40439,0.00132,0.00375
03.11.2025 11:10:00.706 UTC,1.40453,1.40439,0.0012,0.0024
03.11.2025 11:10:08.858 UTC,1.40453,1.40439,0.0012,0.00135
03.11.2025 11:10:09.766 UTC,1.40453,1.40439,0.0012,0.0018
03.11.2025 11:10:22.269 UTC,1.40453,1.40439,0.00135,0.00135
03.11.2025 11:10:22.923 UTC,1.40452,1.40438,0.0012,0.0018
03.11.2025 11:10:23.127 UTC,1.40452,1.4044,0.00144,0.00135
03.11.2025 11:10:25.997 UTC,1.40453,1.40439,0.0012,0.0018
03.11.2025 11:10:26.302 UTC,1.40452,1.4044,0.0012,0.00225
03.11.2025 11:10:26.606 UTC,1.40452,1.4044,0.0012,0.0024
03.11.2025 11:10:29.573 UTC,1.40453,1.4044,0.00189,0.0024
03.11.2025 11:10:30.126 UTC,1.40454,1.40441,0.0018,0.00225
03.11.2025 11:10:30.230 UTC,1.40457,1.40444,0.0012,0.0012
03.11.2025 11:10:30.282 UTC,1.40459,1.40445,0.00474,0.0012
03.11.2025 11:10:30.486 UTC,1.40459,1.40445,0.00324,0.0012
03.11.2025 11:10:30.639 UTC,1.40457,1.40446,0.00132,0.0012
03.11.2025 11:10:32.154 UTC,1.40459,1.40446,0.00135,0.0012
03.11.2025 11:10:32.409 UTC,1.4046,1.40446,0.00189,0.0012
03.11.2025 11:10:35.338 UTC,1.4046,1.40446,0.00204,0.0012
03.11.2025 11:10:39.716 UTC,1.40459,1.40446,0.0024,0.0012
03.11.2025 11:10:39.920 UTC,1.40458,1.40447,0.00135,0.0012
03.11.2025 11:10:40.122 UTC,1.40459,1.40446,0.0018,0.0012
03.11.2025 11:10:40.324 UTC,1.40458,1.40447,0.00135,0.0012
03.11.2025 11:10:40.779 UTC,1.40458,1.40447,0.0018,0.0012
03.11.2025 11:10:59.363 UTC,1.40459,1.40445,0.00192,0.0012
03.11.2025 11:11:13.667 UTC,1.40459,1.40445,0.00234,0.0012
03.11.2025 11:11:15.627 UTC,1.40459,1.40445,0.0024,0.0012
03.11.2025 11:11:20.644 UTC,1.40458,1.40447,0.0018,0.0012
03.11.2025 11:11:20.796 UTC,1.40459,1.40446,0.00135,0.0012
03.11.2025 11:11:29.727 UTC,1.40459,1.40446,0.00192,0.0012
03.11.2025 11:11:30.631 UTC,1.40458,1.40447,0.00135,0.0012
03.11.2025 11:11:30.733 UTC,1.40458,1.40444,0.0012,0.0012
03.11.2025 11:11:31.187 UTC,1.40458,1.40444,0.00135,0.0018
03.11.2025 11:11:31.491 UTC,1.40458,1.40444,0.0012,0.00195
03.11.2025 11:11:31.794 UTC,1.40457,1.40445,0.00135,0.0018
03.11.2025 11:11:32.146 UTC,1.40457,1.40445,0.0012,0.00195
03.11.2025 11:11:32.248 UTC,1.40458,1.40444,0.00135,0.00135
03.11.2025 11:11:32.651 UTC,1.40458,1.40443,0.0012,0.0024
03.11.2025 11:11:32.952 UTC,1.40457,1.40444,0.00135,0.00285
03.11.2025 11:11:35.359 UTC,1.40458,1.40443,0.0012,0.0024
03.11.2025 11:11:36.315 UTC,1.40458,1.40444,0.0012,0.00135
03.11.2025 11:11:39.040 UTC,1.40458,1.40443,0.0012,0.0024
03.11.2025 11:11:39.094 UTC,1.40458,1.40443,0.00135,0.00225
03.11.2025 11:11:39.147 UTC,1.40457,1.40442,0.00294,0.0018
03.11.2025 11:11:39.249 UTC,1.40454,1.40442,0.0012,0.0018
03.11.2025 11:11:40.461 UTC,1.40455,1.40441,0.0012,0.0018
03.11.2025 11:11:40.562 UTC,1.40455,1.40441,0.00135,0.00135
03.11.2025 11:11:40.664 UTC,1.40455,1.40441,0.0012,0.0018
03.11.2025 11:11:42.728 UTC,1.40455,1.40441,0.00135,0.00225
03.11.2025 11:11:42.830 UTC,1.40455,1.40441,0.0012,0.0018
03.11.2025 11:11:51.056 UTC,1.40455,1.40441,0.00135,0.00135
03.11.2025 11:11:51.209 UTC,1.40454,1.40441,0.0012,0.00285
03.11.2025 11:11:51.515 UTC,1.40455,1.4044,0.0012,0.0033
03.11.2025 11:11:52.576 UTC,1.40455,1.40443,0.0012,0.0024
03.11.2025 11:11:52.982 UTC,1.40456,1.40442,0.0012,0.0033
03.11.2025 11:11:54.996 UTC,1.40458,1.40444,0.0012,0.0012
03.11.2025 11:11:55.098 UTC,1.40459,1.40445,0.00135,0.0012
03.11.2025 11:11:55.201 UTC,1.40459,1.40446,0.00135,0.00135
03.11.2025 11:11:55.908 UTC,1.4046,1.40445,0.00135,0.0024
03.11.2025 11:11:58.470 UTC,1.40462,1.4045,0.00135,0.0012
03.11.2025 11:11:58.521 UTC,1.40463,1.40451,0.0012,0.00135
03.11.2025 11:11:58.978 UTC,1.40464,1.40451,0.00132,0.00144
03.11.2025 11:12:01.142 UTC,1.40464,1.40449,0.00189,0.00204
03.11.2025 11:12:01.194 UTC,1.4046,1.40448,0.0018,0.00192
03.11.2025 11:12:01.296 UTC,1.40461,1.40447,0.00225,0.00132
03.11.2025 11:12:02.429 UTC,1.40459,1.40445,0.0012,0.00237
03.11.2025 11:12:02.783 UTC,1.4046,1.40445,0.0018,0.00237
03.11.2025 11:12:04.144 UTC,1.40461,1.4045,0.0012,0.00132
03.11.2025 11:12:04.246 UTC,1.40464,1.40449,0.00189,0.00282
03.11.2025 11:12:05.857 UTC,1.40463,1.40448,0.0012,0.00384
03.11.2025 11:12:05.908 UTC,1.4046,1.40446,0.0012,0.00252
03.11.2025 11:12:06.010 UTC,1.4046,1.40446,0.0012,0.00147
03.11.2025 11:12:16.586 UTC,1.40461,1.40446,0.0018,0.00147
03.11.2025 11:12:30.123 UTC,1.4046,1.40447,0.00225,0.00147
03.11.2025 11:12:31.027 UTC,1.40461,1.40446,0.00234,0.00135
03.11.2025 11:12:31.332 UTC,1.40461,1.40446,0.00339,0.00135
03.11.2025 11:12:34.399 UTC,1.40459,1.40446,0.0012,0.0012
03.11.2025 11:12:34.803 UTC,1.40458,1.40446,0.00135,0.0018
03.11.2025 11:12:38.829 UTC,1.40459,1.40446,0.00279,0.0018
03.11.2025 11:12:39.032 UTC,1.40459,1.40446,0.00294,0.00135
03.11.2025 11:13:02.047 UTC,1.40459,1.40445,0.0012,0.0018
03.11.2025 11:13:02.249 UTC,1.40459,1.40445,0.00135,0.00135
03.11.2025 11:13:04.818 UTC,1.40459,1.40447,0.00135,0.0033
03.11.2025 11:13:04.920 UTC,1.40461,1.4045,0.0012,0.0012
03.11.2025 11:13:05.023 UTC,1.40464,1.40451,0.00195,0.0027
03.11.2025 11:13:05.125 UTC,1.40463,1.40453,0.00195,0.0012
03.11.2025 11:13:05.177 UTC,1.40464,1.40452,0.00135,0.0033
03.11.2025 11:13:05.784 UTC,1.40465,1.40453,0.0012,0.00135
03.11.2025 11:13:05.885 UTC,1.40466,1.40453,0.0012,0.00135
03.11.2025 11:13:06.442 UTC,1.40467,1.40453,0.0018,0.00135
03.11.2025 11:13:21.770 UTC,1.40465,1.40453,0.0012,0.0018
03.11.2025 11:13:21.923 UTC,1.40466,1.40452,0.00135,0.0012
03.11.2025 11:13:22.786 UTC,1.40466,1.40453,0.0012,0.0012
03.11.2025 11:13:23.746 UTC,1.40467,1.40453,0.0012,0.00135
03.11.2025 11:13:24.865 UTC,1.40467,1.40453,0.0012,0.0018
03.11.2025 11:13:36.427 UTC,1.40466,1.40454,0.00135,0.00135
03.11.2025 11:13:37.034 UTC,1.40466,1.40455,0.00135,0.0012
03.11.2025 11:13:37.088 UTC,1.40468,1.40456,0.0018,0.0012
03.11.2025 11:13:39.362 UTC,1.4047,1.40456,0.0012,0.0012
03.11.2025 11:13:45.560 UTC,1.40469,1.40455,0.00132,0.00195
03.11.2025 11:13:45.662 UTC,1.40468,1.40456,0.00132,0.0018
03.11.2025 11:13:45.865 UTC,1.40469,1.40455,0.00132,0.00195
03.11.2025 11:13:46.267 UTC,1.40469,1.40455,0.00144,0.0018
03.11.2025 11:13:46.870 UTC,1.40469,1.40455,0.00132,0.00195
03.11.2025 11:13:55.571 UTC,1.4047,1.40455,0.00234,0.00195
03.11.2025 11:14:04.031 UTC,1.4047,1.40455,0.00189,0.00252
03.11.2025 11:14:04.182 UTC,1.4047,1.40455,0.00234,0.00207
03.11.2025 11:14:08.698 UTC,1.40469,1.40456,0.00249,0.00192
03.11.2025 11:14:09.750 UTC,1.4047,1.40455,0.00234,0.00207
03.11.2025 11:14:11.159 UTC,1.4047,1.40455,0.00249,0.00192
03.11.2025 11:14:24.096 UTC,1.40469,1.40455,0.00144,0.00144
03.11.2025 11:14:24.202 UTC,1.40468,1.40456,0.00135,0.00147
03.11.2025 11:14:24.305 UTC,1.40467,1.40455,0.00135,0.00279
03.11.2025 11:14:24.407 UTC,1.40467,1.40453,0.00135,0.00144
03.11.2025 11:14:24.509 UTC,1.40467,1.40453,0.00195,0.00132
03.11.2025 11:14:26.125 UTC,1.40467,1.40453,0.00135,0.00132
03.11.2025 11:14:27.671 UTC,1.40467,1.40453,0.00135,0.00192
03.11.2025 11:14:27.924 UTC,1.40467,1.40453,0.0018,0.00144
03.11.2025 11:14:28.777 UTC,1.40466,1.40454,0.00135,0.00192
03.11.2025 11:14:28.878 UTC,1.40467,1.40453,0.0018,0.00144
03.11.2025 11:14:29.131 UTC,1.40467,1.40453,0.00135,0.00192
03.11.2025 11:14:29.233 UTC,1.40466,1.40454,0.0018,0.00144
03.11.2025 11:14:29.986 UTC,1.40466,1.40454,0.00135,0.00192
03.11.2025 11:14:30.138 UTC,1.40467,1.40453,0.0018,0.00144
03.11.2025 11:14:33.107 UTC,1.40467,1.40453,0.00135,0.00192
03.11.2025 11:14:33.209 UTC,1.40467,1.40453,0.0018,0.00144
03.11.2025 11:14:34.016 UTC,1.40466,1.40453,0.00135,0.00132
03.11.2025 11:14:45.885 UTC,1.40466,1.40453,0.0012,0.00192
03.11.2025 11:14:46.690 UTC,1.40466,1.40453,0.0012,0.00144
03.11.2025 11:14:50.455 UTC,1.40465,1.40454,0.0012,0.00192
03.11.2025 11:14:50.657 UTC,1.40466,1.40453,0.0012,0.00144
03.11.2025 11:14:50.860 UTC,1.40467,1.40453,0.0018,0.00144
03.11.2025 11:14:53.572 UTC,1.40466,1.40454,0.00135,0.00192
03.11.2025 11:14:53.674 UTC,1.40466,1.40454,0.00135,0.00204
03.11.2025 11:14:54.127 UTC,1.40467,1.40455,0.00135,0.00192
03.11.2025 11:14:54.229 UTC,1.40468,1.40456,0.00135,0.00147
03.11.2025 11:14:58.201 UTC,1.40469,1.40456,0.0027,0.00147
03.11.2025 11:15:00.257 UTC,1.40469,1.40456,0.00285,0.00147
03.11.2025 11:15:02.967 UTC,1.4047,1.40455,0.00384,0.00135
03.11.2025 11:15:09.876 UTC,1.40468,1.40455,0.0018,0.0033
03.11.2025 11:15:10.632 UTC,1.40469,1.40455,0.00225,0.0012
03.11.2025 11:15:13.449 UTC,1.40468,1.40456,0.0018,0.0012
03.11.2025 11:15:14.857 UTC,1.40468,1.40456,0.00135,0.00135
03.11.2025 11:15:15.061 UTC,1.40469,1.40455,0.0012,0.0018
03.11.2025 11:15:16.171 UTC,1.40469,1.40455,0.0012,0.00135
03.11.2025 11:15:16.437 UTC,1.40468,1.40456,0.0012,0.0018
03.11.2025 11:15:17.800 UTC,1.40469,1.40455,0.0012,0.0012
03.11.2025 11:15:21.263 UTC,1.4047,1.40455,0.00144,0.00189
03.11.2025 11:15:23.470 UTC,1.4047,1.40455,0.00135,0.00294
03.11.2025 11:15:24.124 UTC,1.40469,1.40456,0.0018,0.00189
03.11.2025 11:15:24.226 UTC,1.40469,1.40456,0.0018,0.00249
03.11.2025 11:15:28.153 UTC,1.4047,1.40455,0.0027,0.00234
03.11.2025 11:15:28.256 UTC,1.40469,1.40456,0.00225,0.00249
03.11.2025 11:15:29.158 UTC,1.4047,1.40455,0.00225,0.00234
03.11.2025 11:15:29.411 UTC,1.4047,1.40455,0.0027,0.00249
03.11.2025 11:15:29.713 UTC,1.4047,1.40455,0.00294,0.00234
03.11.2025 11:15:30.066 UTC,1.4047,1.40455,0.00279,0.00249
03.11.2025 11:15:41.476 UTC,1.40469,1.40456,0.00225,0.00234
03.11.2025 11:15:41.731 UTC,1.40469,1.40456,0.00225,0.00192
03.11.2025 11:15:49.980 UTC,1.4047,1.40455,0.00225,0.00324
03.11.2025 11:15:50.741 UTC,1.4047,1.40455,0.00225,0.00339
03.11.2025 11:15:58.329 UTC,1.4047,1.40455,0.00225,0.00324
03.11.2025 11:15:59.736 UTC,1.4047,1.40455,0.00225,0.00249
03.11.2025 11:16:01.946 UTC,1.4047,1.40455,0.00225,0.00234
03.11.2025 11:16:03.049 UTC,1.40469,1.40456,0.00225,0.00249
03.11.2025 11:16:03.154 UTC,1.4047,1.40455,0.0024,0.00234
03.11.2025 11:16:03.407 UTC,1.40469,1.40456,0.00315,0.00249
03.11.2025 11:16:04.463 UTC,1.40469,1.40456,0.00327,0.0024
03.11.2025 11:16:08.425 UTC,1.40469,1.40456,0.00327,0.00225
03.11.2025 11:16:10.079 UTC,1.40469,1.40455,0.00192,0.0012
03.11.2025 11:16:11.136 UTC,1.40468,1.40456,0.00144,0.00135
03.11.2025 11:16:13.151 UTC,1.40469,1.40456,0.00372,0.0018
03.11.2025 11:16:13.503 UTC,1.4047,1.40455,0.00387,0.00135
03.11.2025 11:16:13.905 UTC,1.4047,1.40455,0.00342,0.0012
03.11.2025 11:16:14.058 UTC,1.4047,1.40455,0.00342,0.00135
03.11.2025 11:16:25.927 UTC,1.4047,1.40455,0.00369,0.0018
03.11.2025 11:16:28.185 UTC,1.4047,1.40455,0.00384,0.00135
03.11.2025 11:16:29.791 UTC,1.4047,1.40455,0.00369,0.0018
03.11.2025 11:16:30.093 UTC,1.4047,1.40455,0.00384,0.00135
03.11.2025 11:16:30.948 UTC,1.4047,1.40455,0.00234,0.0018
03.11.2025 11:16:31.551 UTC,1.40469,1.40456,0.00384,0.00135
03.11.2025 11:16:32.506 UTC,1.40469,1.40456,0.00369,0.0018
03.11.2025 11:16:35.014 UTC,1.40469,1.40456,0.00384,0.00225
03.11.2025 11:16:37.278 UTC,1.4047,1.40455,0.0012,0.0033
03.11.2025 11:16:37.380 UTC,1.4047,1.40457,0.0012,0.0018
03.11.2025 11:16:37.735 UTC,1.4047,1.40456,0.0012,0.0012
03.11.2025 11:16:39.194 UTC,1.40471,1.40456,0.0012,0.00195
03.11.2025 11:16:43.919 UTC,1.4047,1.40457,0.00387,0.00135
03.11.2025 11:16:44.024 UTC,1.40469,1.40456,0.00249,0.00135
03.11.2025 11:16:51.152 UTC,1.4047,1.40455,0.00279,0.0024
03.11.2025 11:16:51.304 UTC,1.4047,1.40455,0.00324,0.00135
03.11.2025 11:16:54.126 UTC,1.4047,1.40455,0.00324,0.0018
03.11.2025 11:16:56.782 UTC,1.4047,1.40455,0.00339,0.00135
03.11.2025 11:17:00.092 UTC,1.4047,1.40455,0.00324,0.0018
03.11.2025 11:17:00.897 UTC,1.40469,1.40456,0.00339,0.00135
03.11.2025 11:17:01.101 UTC,1.40469,1.40456,0.00294,0.0012
03.11.2025 11:17:01.253 UTC,1.4047,1.40455,0.00384,0.00135
03.11.2025 11:17:03.763 UTC,1.4047,1.40455,0.00369,0.0018
03.11.2025 11:17:04.065 UTC,1.4047,1.40455,0.00384,0.00135
03.11.2025 11:17:08.061 UTC,1.4047,1.40455,0.00369,0.0018
03.11.2025 11:17:09.367 UTC,1.4047,1.40455,0.00384,0.00135
03.11.2025 11:17:10.773 UTC,1.4047,1.40455,0.00339,0.0012
03.11.2025 11:17:11.376 UTC,1.4047,1.40455,0.00384,0.00135
03.11.2025 11:17:12.278 UTC,1.40469,1.40456,0.00339,0.0012
03.11.2025 11:17:12.529 UTC,1.40469,1.40456,0.00384,0.00135
03.11.2025 11:17:12.831 UTC,1.40469,1.40456,0.00339,0.0012
03.11.2025 11:17:13.083 UTC,1.4047,1.40455,0.00384,0.00135
03.11.2025 11:17:25.055 UTC,1.4047,1.40455,0.00342,0.0018
03.11.2025 11:17:25.909 UTC,1.4047,1.40455,0.00387,0.00225
03.11.2025 11:17:30.676 UTC,1.40468,1.40454,0.00204,0.0012
03.11.2025 11:17:30.799 UTC,1.40466,1.40452,0.00234,0.00225
03.11.2025 11:17:30.903 UTC,1.40465,1.40453,0.00294,0.00225
03.11.2025 11:17:31.007 UTC,1.40466,1.40452,0.00279,0.00225
03.11.2025 11:17:32.567 UTC,1.40466,1.40452,0.0012,0.0024
03.11.2025 11:17:32.770 UTC,1.40465,1.40453,0.00135,0.00225
03.11.2025 11:17:33.274 UTC,1.40466,1.40453,0.00135,0.0012
03.11.2025 11:17:41.262 UTC,1.40466,1.40454,0.00225,0.00135
03.11.2025 11:17:41.414 UTC,1.40467,1.40453,0.0024,0.0012
03.11.2025 11:17:41.516 UTC,1.40466,1.40454,0.00135,0.00135
03.11.2025 11:17:47.918 UTC,1.40467,1.40453,0.00195,0.0012
03.11.2025 11:17:49.124 UTC,1.40466,1.40454,0.0018,0.00135
03.11.2025 11:17:56.396 UTC,1.40466,1.40454,0.0012,0.0018
03.11.2025 11:17:57.249 UTC,1.40467,1.40453,0.0018,0.0012
03.11.2025 11:17:58.603 UTC,1.40467,1.40454,0.0012,0.0012
03.11.2025 11:17:59.126 UTC,1.40467,1.40454,0.00132,0.0012
03.11.2025 11:18:23.583 UTC,1.40466,1.40455,0.00132,0.0012
03.11.2025 11:18:27.941 UTC,1.40467,1.40452,0.00132,0.0018
03.11.2025 11:18:28.046 UTC,1.40467,1.40453,0.00192,0.0012
03.11.2025 11:18:28.454 UTC,1.40468,1.40454,0.00192,0.0012
03.11.2025 11:18:28.556 UTC,1.40468,1.40454,0.00144,0.0012
03.11.2025 11:18:29.113 UTC,1.40467,1.40455,0.00192,0.0012
03.11.2025 11:18:39.465 UTC,1.40468,1.40454,0.00144,0.00135
03.11.2025 11:18:43.284 UTC,1.40468,1.40455,0.00387,0.0012
03.11.2025 11:18:47.247 UTC,1.40468,1.40454,0.00144,0.00135
03.11.2025 11:18:47.350 UTC,1.40468,1.40456,0.00225,0.00135
03.11.2025 11:18:47.757 UTC,1.4047,1.40455,0.00132,0.0012
03.11.2025 11:18:47.859 UTC,1.40471,1.40456,0.00135,0.00339
03.11.2025 11:18:47.911 UTC,1.40472,1.40464,0.0012,0.0012
03.11.2025 11:18:48.013 UTC,1.40477,1.40463,0.00282,0.0012
03.11.2025 11:18:48.115 UTC,1.40477,1.40463,0.00237,0.0012
03.11.2025 11:18:49.988 UTC,1.40477,1.40463,0.00147,0.00132
03.11.2025 11:18:53.413 UTC,1.40477,1.40464,0.00132,0.00132
03.11.2025 11:18:54.522 UTC,1.40477,1.40466,0.0012,0.00132
03.11.2025 11:18:59.950 UTC,1.40478,1.40465,0.0012,0.0012
03.11.2025 11:19:01.059 UTC,1.40477,1.40466,0.0018,0.0012
03.11.2025 11:19:01.411 UTC,1.40478,1.40465,0.00135,0.0012
03.11.2025 11:19:01.563 UTC,1.40478,1.40465,0.0018,0.0012
03.11.2025 11:19:02.089 UTC,1.40478,1.40465,0.00135,0.0012
03.11.2025 11:19:05.007 UTC,1.40477,1.40465,0.00132,0.0012
03.11.2025 11:19:05.109 UTC,1.40478,1.40464,0.00192,0.0012
03.11.2025 11:19:05.212 UTC,1.40477,1.40465,0.00189,0.0012
03.11.2025 11:19:07.070 UTC,1.40478,1.40464,0.00204,0.0012
03.11.2025 11:19:09.329 UTC,1.40477,1.40465,0.00189,0.0012
03.11.2025 11:19:09.633 UTC,1.40477,1.40466,0.00135,0.0012
03.11.2025 11:19:10.593 UTC,1.40477,1.40466,0.0018,0.0012
03.11.2025 11:19:13.285 UTC,1.40477,1.40464,0.00234,0.0012
03.11.2025 11:19:13.387 UTC,1.40475,1.40464,0.0012,0.0012
03.11.2025 11:19:30.217 UTC,1.40476,1.40463,0.00207,0.0012
03.11.2025 11:19:30.270 UTC,1.40471,1.40462,0.00132,0.0012
03.11.2025 11:19:30.322 UTC,1.40471,1.40459,0.0018,0.0012
03.11.2025 11:19:30.424 UTC,1.40474,1.4046,0.0018,0.00135
03.11.2025 11:19:30.476 UTC,1.40475,1.40463,0.00252,0.0012
03.11.2025 11:19:30.578 UTC,1.40477,1.40463,0.00192,0.0012
03.11.2025 11:19:30.882 UTC,1.40474,1.40464,0.00195,0.0012
03.11.2025 11:19:31.542 UTC,1.40476,1.40464,0.00192,0.0012
03.11.2025 11:19:42.998 UTC,1.40477,1.40464,0.00135,0.0012
03.11.2025 11:19:44.559 UTC,1.40477,1.40466,0.0012,0.0012
03.11.2025 11:20:11.469 UTC,1.40477,1.40465,0.0012,0.0012
03.11.2025 11:20:17.374 UTC,1.40477,1.40466,0.0027,0.0012
03.11.2025 11:20:19.080 UTC,1.40478,1.40463,0.0036,0.0018
03.11.2025 11:20:23.191 UTC,1.40476,1.40463,0.00144,0.0033
03.11.2025 11:20:23.295 UTC,1.40476,1.40461,0.00339,0.00375
03.11.2025 11:20:23.397 UTC,1.40475,1.40461,0.0012,0.00315
03.11.2025 11:20:24.357 UTC,1.40476,1.40461,0.00294,0.0024
03.11.2025 11:20:24.610 UTC,1.40475,1.40462,0.00204,0.00225
03.11.2025 11:20:25.416 UTC,1.40475,1.40462,0.00204,0.0024
03.11.2025 11:20:25.667 UTC,1.40476,1.40461,0.00144,0.0024
03.11.2025 11:20:26.122 UTC,1.40476,1.40461,0.00144,0.00225
03.11.2025 11:20:27.994 UTC,1.40475,1.40462,0.00384,0.00135
03.11.2025 11:20:28.298 UTC,1.40476,1.40461,0.00369,0.00135
03.11.2025 11:20:31.313 UTC,1.40476,1.40461,0.00294,0.00135
03.11.2025 11:20:32.218 UTC,1.40474,1.4046,0.00144,0.0012
03.11.2025 11:20:33.126 UTC,1.40474,1.40461,0.00237,0.0018
03.11.2025 11:20:33.731 UTC,1.40475,1.4046,0.00192,0.00135
03.11.2025 11:20:34.285 UTC,1.40475,1.40461,0.00135,0.00135
03.11.2025 11:20:35.600 UTC,1.40475,1.40461,0.0012,0.0018
03.11.2025 11:20:36.055 UTC,1.40475,1.40461,0.0012,0.00195
03.11.2025 11:20:36.156 UTC,1.40474,1.40462,0.0012,0.00135
03.11.2025 11:20:36.815 UTC,1.40475,1.40461,0.0012,0.0018
03.11.2025 11:20:37.018 UTC,1.40475,1.40461,0.0012,0.0012
03.11.2025 11:20:39.278 UTC,1.40475,1.40461,0.0012,0.0018
03.11.2025 11:20:39.530 UTC,1.40475,1.40461,0.0012,0.00135
03.11.2025 11:20:40.084 UTC,1.40474,1.40462,0.0012,0.0018
03.11.2025 11:20:40.386 UTC,1.40474,1.40462,0.0012,0.00135
03.11.2025 11:20:41.290 UTC,1.40475,1.40461,0.0012,0.0018
03.11.2025 11:20:41.342 UTC,1.40475,1.40462,0.0012,0.0012
03.11.2025 11:20:41.393 UTC,1.40477,1.40462,0.00324,0.00225
03.11.2025 11:20:41.696 UTC,1.40477,1.40462,0.00279,0.0024
03.11.2025 11:20:41.849 UTC,1.40476,1.40463,0.00234,0.00285
03.11.2025 11:20:41.951 UTC,1.40476,1.40462,0.00135,0.0018
03.11.2025 11:20:42.104 UTC,1.40476,1.40462,0.0018,0.0012
03.11.2025 11:20:42.660 UTC,1.40475,1.40463,0.00135,0.00135
03.11.2025 11:20:42.813 UTC,1.40476,1.40462,0.0018,0.0012
03.11.2025 11:20:43.066 UTC,1.40476,1.40462,0.00135,0.00135
03.11.2025 11:20:44.082 UTC,1.40476,1.40462,0.0018,0.0012
03.11.2025 11:20:44.437 UTC,1.40476,1.40462,0.00135,0.0012
03.11.2025 11:20:45.400 UTC,1.40476,1.40462,0.0018,0.0012
03.11.2025 11:20:45.754 UTC,1.40476,1.40462,0.00135,0.00135
03.11.2025 11:20:46.110 UTC,1.40476,1.40462,0.0012,0.0018
03.11.2025 11:20:46.212 UTC,1.40476,1.40462,0.00135,0.00135
03.11.2025 11:20:47.073 UTC,1.40476,1.40462,0.0018,0.0012
03.11.2025 11:20:47.479 UTC,1.40476,1.40462,0.00135,0.0012
03.11.2025 11:20:48.746 UTC,1.40476,1.40463,0.00234,0.0018
03.11.2025 11:20:48.849 UTC,1.40476,1.40464,0.0012,0.0012
03.11.2025 11:20:48.952 UTC,1.40477,1.40465,0.0012,0.0018
03.11.2025 11:20:50.266 UTC,1.40479,1.40464,0.0027,0.0024
03.11.2025 11:20:50.849 UTC,1.40479,1.40464,0.0027,0.00135
03.11.2025 11:20:51.808 UTC,1.40479,1.40464,0.0027,0.00192
03.11.2025 11:20:54.016 UTC,1.40479,1.40464,0.0027,0.00144
03.11.2025 11:20:55.774 UTC,1.40479,1.40464,0.0027,0.00192
03.11.2025 11:21:01.796 UTC,1.40479,1.40464,0.00225,0.00192
03.11.2025 11:21:01.999 UTC,1.40479,1.40464,0.0027,0.00192
03.11.2025 11:21:02.856 UTC,1.40478,1.40464,0.0012,0.00192
03.11.2025 11:21:03.059 UTC,1.40478,1.40464,0.00135,0.00144
03.11.2025 11:21:04.317 UTC,1.40478,1.40464,0.0012,0.00192
03.11.2025 11:21:06.680 UTC,1.40478,1.40464,0.00135,0.00225
03.11.2025 11:21:06.832 UTC,1.40478,1.40464,0.0012,0.0024
03.11.2025 11:21:07.185 UTC,1.40478,1.40464,0.00135,0.00225
03.11.2025 11:21:07.740 UTC,1.40478,1.40464,0.0012,0.0024
03.11.2025 11:21:08.446 UTC,1.40477,1.40465,0.00135,0.00225
03.11.2025 11:21:08.549 UTC,1.40478,1.40464,0.0012,0.0024
03.11.2025 11:21:09.054 UTC,1.40478,1.40464,0.00135,0.00225
03.11.2025 11:21:09.206 UTC,1.40478,1.40464,0.0012,0.0024
03.11.2025 11:21:09.760 UTC,1.40479,1.40464,0.00225,0.00315
03.11.2025 11:21:10.165 UTC,1.40478,1.40465,0.00225,0.0033
03.11.2025 11:21:10.818 UTC,1.40479,1.40465,0.0012,0.0018
03.11.2025 11:21:10.920 UTC,1.40479,1.40465,0.00135,0.00135
03.11.2025 11:21:15.590 UTC,1.40479,1.40467,0.00135,0.0012
03.11.2025 11:21:16.986 UTC,1.4048,1.40467,0.00135,0.0012
03.11.2025 11:21:17.088 UTC,1.4048,1.40467,0.0018,0.0012
03.11.2025 11:21:22.523 UTC,1.40479,1.40466,0.00135,0.00132
03.11.2025 11:21:26.694 UTC,1.4048,1.40466,0.00135,0.00144
03.11.2025 11:21:27.650 UTC,1.40479,1.40466,0.0012,0.00135
03.11.2025 11:21:38.659 UTC,1.40479,1.40468,0.00135,0.0012
03.11.2025 11:21:38.812 UTC,1.40479,1.40467,0.00135,0.0012
03.11.2025 11:21:47.276 UTC,1.40481,1.40468,0.00432,0.0012
03.11.2025 11:21:47.380 UTC,1.40483,1.40471,0.0018,0.0012
03.11.2025 11:21:47.482 UTC,1.40483,1.40471,0.00135,0.0012
03.11.2025 11:21:55.772 UTC,1.40484,1.4047,0.00195,0.0012
03.11.2025 11:22:04.834 UTC,1.40483,1.40469,0.00249,0.0012
03.11.2025 11:22:04.937 UTC,1.40482,1.4047,0.00204,0.0012
03.11.2025 11:22:05.899 UTC,1.40481,1.4047,0.00204,0.0012
03.11.2025 11:22:05.952 UTC,1.40481,1.40466,0.00342,0.0018
03.11.2025 11:22:09.691 UTC,1.4048,1.40466,0.00132,0.0012
03.11.2025 11:22:10.094 UTC,1.4048,1.40466,0.00132,0.00135
03.11.2025 11:22:10.748 UTC,1.40479,1.40467,0.00132,0.0012
03.11.2025 11:22:13.159 UTC,1.4048,1.40466,0.00132,0.00135
03.11.2025 11:22:13.412 UTC,1.4048,1.40466,0.00132,0.0012
03.11.2025 11:22:13.665 UTC,1.4048,1.40465,0.00204,0.00135
03.11.2025 11:22:13.818 UTC,1.40479,1.40466,0.00189,0.00135
03.11.2025 11:22:14.071 UTC,1.40479,1.40466,0.00189,0.0018
03.11.2025 11:22:14.624 UTC,1.40479,1.40466,0.00189,0.00135
03.11.2025 11:22:14.976 UTC,1.4048,1.40465,0.00189,0.0018
03.11.2025 11:22:17.941 UTC,1.40479,1.40466,0.0018,0.00225
03.11.2025 11:22:17.993 UTC,1.4048,1.40465,0.00135,0.00285
03.11.2025 11:22:19.050 UTC,1.40479,1.40466,0.0018,0.00225
03.11.2025 11:22:21.130 UTC,1.4048,1.40465,0.0018,0.0024
03.11.2025 11:22:30.164 UTC,1.4048,1.40465,0.00249,0.0012
03.11.2025 11:22:30.266 UTC,1.40479,1.40465,0.00135,0.00135
03.11.2025 11:22:31.376 UTC,1.4048,1.40465,0.00204,0.0012
03.11.2025 11:22:31.478 UTC,1.40479,1.40466,0.00339,0.00135
03.11.2025 11:22:32.332 UTC,1.4048,1.40465,0.00294,0.0012
03.11.2025 11:22:32.485 UTC,1.4048,1.40465,0.00339,0.00135
03.11.2025 11:22:35.430 UTC,1.4048,1.40465,0.00234,0.0018
03.11.2025 11:22:35.531 UTC,1.4048,1.40465,0.00249,0.00135
03.11.2025 11:22:35.784 UTC,1.4048,1.40465,0.00249,0.0012
03.11.2025 11:22:35.886 UTC,1.40479,1.40466,0.00132,0.00225
03.11.2025 11:22:36.916 UTC,1.4048,1.40465,0.00144,0.0024
03.11.2025 11:22:37.319 UTC,1.4048,1.40465,0.00144,0.00225
03.11.2025 11:22:38.323 UTC,1.4048,1.40465,0.00144,0.0024
03.11.2025 11:22:39.327 UTC,1.4048,1.40465,0.00192,0.00225
03.11.2025 11:22:40.080 UTC,1.4048,1.40465,0.00144,0.0024
03.11.2025 11:22:47.918 UTC,1.4048,1.40467,0.0012,0.00135
03.11.2025 11:22:47.970 UTC,1.40482,1.40468,0.0012,0.0012
03.11.2025 11:23:02.799 UTC,1.40482,1.40467,0.0012,0.00195
03.11.2025 11:23:02.901 UTC,1.40482,1.40467,0.00135,0.00192
03.11.2025 11:23:03.756 UTC,1.40481,1.40468,0.0012,0.00144
03.11.2025 11:23:05.111 UTC,1.40481,1.40468,0.00135,0.00192
03.11.2025 11:23:09.628 UTC,1.40481,1.40468,0.0024,0.00234
03.11.2025 11:23:09.882 UTC,1.40482,1.40467,0.0024,0.00246
03.11.2025 11:23:11.292 UTC,1.40482,1.40467,0.00135,0.00261
03.11.2025 11:23:13.763 UTC,1.4048,1.40467,0.00132,0.00339
03.11.2025 11:23:13.866 UTC,1.40479,1.40465,0.0012,0.00249
03.11.2025 11:23:13.968 UTC,1.40477,1.40465,0.0012,0.00252
03.11.2025 11:23:17.546 UTC,1.40478,1.40464,0.0012,0.00207
03.11.2025 11:23:19.203 UTC,1.40478,1.40464,0.0012,0.00192
03.11.2025 11:23:22.022 UTC,1.40478,1.40464,0.0012,0.00297
03.11.2025 11:23:22.174 UTC,1.40478,1.40464,0.0012,0.00387
03.11.2025 11:23:24.947 UTC,1.40478,1.40464,0.0012,0.00342
03.11.2025 11:23:26.203 UTC,1.40478,1.40464,0.0012,0.00387
03.11.2025 11:23:27.312 UTC,1.40478,1.40464,0.0012,0.00342
03.11.2025 11:23:28.570 UTC,1.40478,1.40464,0.00135,0.00372
03.11.2025 11:23:34.905 UTC,1.40478,1.40464,0.0012,0.00342
03.11.2025 11:23:35.509 UTC,1.40477,1.40465,0.0012,0.00384
03.11.2025 11:23:35.812 UTC,1.40478,1.40464,0.00135,0.00369
03.11.2025 11:23:36.774 UTC,1.40478,1.40464,0.0012,0.00384
03.11.2025 11:23:37.338 UTC,1.40478,1.40464,0.0012,0.00369
03.11.2025 11:23:38.094 UTC,1.40478,1.40464,0.0012,0.00384
03.11.2025 11:23:38.396 UTC,1.40477,1.40465,0.00135,0.00369
03.11.2025 11:23:39.651 UTC,1.40478,1.40464,0.0012,0.00384
03.11.2025 11:23:40.405 UTC,1.40477,1.40465,0.0012,0.00369
03.11.2025 11:23:40.707 UTC,1.40478,1.40464,0.0012,0.00384
03.11.2025 11:23:42.066 UTC,1.40476,1.40464,0.0012,0.00144
03.11.2025 11:23:42.319 UTC,1.40477,1.40463,0.0012,0.00192
03.11.2025 11:23:46.331 UTC,1.40476,1.40463,0.0012,0.00192
03.11.2025 11:23:48.241 UTC,1.40474,1.40463,0.0012,0.0018
03.11.2025 11:23:48.293 UTC,1.40472,1.40462,0.0012,0.00234
03.11.2025 11:23:48.394 UTC,1.40474,1.40461,0.0012,0.00252
03.11.2025 11:23:48.814 UTC,1.40474,1.40461,0.0012,0.00249
03.11.2025 11:23:50.625 UTC,1.40474,1.40462,0.0012,0.00192
03.11.2025 11:23:51.032 UTC,1.40474,1.40462,0.0012,0.00135
03.11.2025 11:23:51.136 UTC,1.40474,1.40461,0.0012,0.00324
03.11.2025 11:23:51.294 UTC,1.40474,1.40461,0.0012,0.00294
03.11.2025 11:23:51.599 UTC,1.40474,1.40461,0.0012,0.00192
03.11.2025 11:23:52.256 UTC,1.40474,1.40461,0.0012,0.00132
03.11.2025 11:23:52.861 UTC,1.40473,1.40463,0.0012,0.0012
03.11.2025 11:23:54.070 UTC,1.40474,1.40461,0.0012,0.00192
03.11.2025 11:23:54.672 UTC,1.40474,1.40461,0.0012,0.00144
03.11.2025 11:23:54.924 UTC,1.40474,1.40461,0.0012,0.00192
03.11.2025 11:23:56.231 UTC,1.40473,1.40462,0.0012,0.00144
03.11.2025 11:24:03.995 UTC,1.40473,1.40463,0.0012,0.0012
03.11.2025 11:24:06.900 UTC,1.40473,1.40462,0.00189,0.0012
03.11.2025 11:24:06.954 UTC,1.40472,1.40458,0.0012,0.00282
03.11.2025 11:24:07.312 UTC,1.40472,1.40457,0.0012,0.00315
03.11.2025 11:24:07.364 UTC,1.40472,1.40457,0.0012,0.00285
03.11.2025 11:24:07.517 UTC,1.40472,1.40458,0.00135,0.00135
03.11.2025 11:24:07.619 UTC,1.40471,1.40459,0.0012,0.0012
03.11.2025 11:24:07.720 UTC,1.40471,1.40459,0.0012,0.0018
03.11.2025 11:24:08.127 UTC,1.40471,1.40459,0.0012,0.0012
03.11.2025 11:24:08.430 UTC,1.40471,1.40458,0.0012,0.00342
03.11.2025 11:24:08.533 UTC,1.40468,1.40455,0.0012,0.0012
03.11.2025 11:24:08.584 UTC,1.40468,1.40454,0.0012,0.00279
03.11.2025 11:24:12.211 UTC,1.40468,1.40455,0.0012,0.0012
03.11.2025 11:24:15.192 UTC,1.40469,1.40456,0.0012,0.00132
03.11.2025 11:24:15.296 UTC,1.40469,1.40455,0.0012,0.00285
03.11.2025 11:24:15.501 UTC,1.40468,1.40457,0.0012,0.00132
03.11.2025 11:24:17.567 UTC,1.40468,1.40456,0.0012,0.00192
03.11.2025 11:24:18.121 UTC,1.40469,1.40456,0.0012,0.0027
03.11.2025 11:24:18.224 UTC,1.40471,1.40459,0.0012,0.00225
03.11.2025 11:24:18.327 UTC,1.40471,1.40459,0.0012,0.0024
03.11.2025 11:24:18.429 UTC,1.40472,1.40457,0.0012,0.00342
03.11.2025 11:24:18.531 UTC,1.40471,1.40458,0.0012,0.00252
03.11.2025 11:24:19.236 UTC,1.40472,1.40457,0.0012,0.00252
03.11.2025 11:24:20.292 UTC,1.4047,1.40458,0.0012,0.00252
03.11.2025 11:24:20.394 UTC,1.4047,1.40457,0.0012,0.0024
03.11.2025 11:24:20.497 UTC,1.4047,1.40457,0.0012,0.00195
03.11.2025 11:24:21.050 UTC,1.4047,1.40459,0.0012,0.0012
03.11.2025 11:24:21.152 UTC,1.40471,1.40458,0.0012,0.0018
03.11.2025 11:24:21.506 UTC,1.40471,1.40458,0.0012,0.0012
03.11.2025 11:24:22.564 UTC,1.40471,1.40458,0.0012,0.0018
03.11.2025 11:24:22.915 UTC,1.40471,1.40458,0.0012,0.00195
03.11.2025 11:24:23.118 UTC,1.40472,1.4046,0.0012,0.00135
03.11.2025 11:24:23.271 UTC,1.40471,1.40461,0.0012,0.0018
03.11.2025 11:24:23.373 UTC,1.40472,1.4046,0.0012,0.00135
03.11.2025 11:24:23.627 UTC,1.40472,1.40459,0.0012,0.00195
03.11.2025 11:24:23.729 UTC,1.40471,1.4046,0.0012,0.0024
03.11.2025 11:24:27.346 UTC,1.40472,1.40459,0.0012,0.00225
03.11.2025 11:24:28.201 UTC,1.40472,1.40459,0.0012,0.00195
03.11.2025 11:24:28.504 UTC,1.40472,1.40459,0.0012,0.00225
03.11.2025 11:24:29.359 UTC,1.40472,1.40459,0.0012,0.0024
03.11.2025 11:24:32.780 UTC,1.40472,1.40459,0.0012,0.00225
03.11.2025 11:24:33.033 UTC,1.40472,1.40459,0.0012,0.0024
03.11.2025 11:24:33.186 UTC,1.40472,1.40459,0.0012,0.00195
03.11.2025 11:24:33.287 UTC,1.40472,1.40459,0.0012,0.0024
03.11.2025 11:24:34.091 UTC,1.40474,1.40461,0.0012,0.0018
03.11.2025 11:24:34.396 UTC,1.40474,1.4046,0.0012,0.00315
03.11.2025 11:24:34.649 UTC,1.40474,1.4046,0.0012,0.0033
03.11.2025 11:24:35.202 UTC,1.40474,1.4046,0.0012,0.00225
03.11.2025 11:24:35.404 UTC,1.40473,1.4046,0.0012,0.00135
03.11.2025 11:24:35.709 UTC,1.40472,1.4046,0.0012,0.00315
03.11.2025 11:24:36.214 UTC,1.40473,1.40459,0.0012,0.0033
03.11.2025 11:24:36.549 UTC,1.40473,1.40459,0.0012,0.00225
03.11.2025 11:24:37.553 UTC,1.40473,1.40459,0.0012,0.0024
03.11.2025 11:24:37.858 UTC,1.40471,1.40458,0.0012,0.00147
03.11.2025 11:24:37.960 UTC,1.40469,1.40458,0.0012,0.00252
03.11.2025 11:24:38.066 UTC,1.40469,1.40459,0.0012,0.00147
03.11.2025 11:24:38.168 UTC,1.4047,1.40458,0.0012,0.00192
03.11.2025 11:24:38.269 UTC,1.40469,1.40459,0.0012,0.00192
03.11.2025 11:24:38.371 UTC,1.40469,1.40458,0.0012,0.00252
03.11.2025 11:24:38.524 UTC,1.4047,1.40457,0.0012,0.00252
03.11.2025 11:24:40.835 UTC,1.40469,1.40458,0.0012,0.00297
03.11.2025 11:24:40.937 UTC,1.40469,1.40458,0.0012,0.00342
03.11.2025 11:24:41.090 UTC,1.40471,1.40459,0.0012,0.00132
03.11.2025 11:24:43.350 UTC,1.40472,1.40459,0.0012,0.00147
03.11.2025 11:24:45.316 UTC,1.40473,1.40459,0.0012,0.00207
03.11.2025 11:24:52.906 UTC,1.40472,1.40458,0.00225,0.00132
03.11.2025 11:24:53.008 UTC,1.40471,1.40458,0.0012,0.00132
03.11.2025 11:24:54.170 UTC,1.40471,1.40458,0.0012,0.00207
03.11.2025 11:24:58.543 UTC,1.40472,1.40458,0.0012,0.00252
03.11.2025 11:24:59.047 UTC,1.40473,1.4046,0.00135,0.00192
03.11.2025 11:24:59.758 UTC,1.40473,1.40462,0.0012,0.00132
03.11.2025 11:25:00.267 UTC,1.40473,1.40462,0.0012,0.00135
03.11.2025 11:25:01.074 UTC,1.40474,1.4046,0.0012,0.00144
03.11.2025 11:25:01.832 UTC,1.40474,1.40461,0.0012,0.0012
03.11.2025 11:25:01.984 UTC,1.40474,1.4046,0.0012,0.00339
03.11.2025 11:25:02.389 UTC,1.40473,1.40461,0.0012,0.00429
03.11.2025 11:25:04.903 UTC,1.40474,1.4046,0.0012,0.00474
03.11.2025 11:25:05.156 UTC,1.40473,1.40462,0.0012,0.0012
03.11.2025 11:25:06.712 UTC,1.40474,1.4046,0.0012,0.00474
03.11.2025 11:25:07.368 UTC,1.40476,1.40462,0.00132,0.00249
03.11.2025 11:25:10.285 UTC,1.40476,1.40462,0.0012,0.00249
03.11.2025 11:25:15.300 UTC,1.40476,1.40462,0.0012,0.00204
03.11.2025 11:25:18.910 UTC,1.40476,1.40462,0.00135,0.00249
03.11.2025 11:25:19.463 UTC,1.40473,1.40462,0.0012,0.00384
03.11.2025 11:25:19.568 UTC,1.40473,1.40462,0.0012,0.00189
03.11.2025 11:25:21.632 UTC,1.40473,1.40462,0.00135,0.00249
03.11.2025 11:25:22.034 UTC,1.40474,1.4046,0.00135,0.00294
03.11.2025 11:25:22.167 UTC,1.40472,1.40458,0.0012,0.0024
03.11.2025 11:25:22.219 UTC,1.40472,1.40456,0.0018,0.00507
03.11.2025 11:25:23.177 UTC,1.40473,1.40458,0.0018,0.00249
03.11.2025 11:25:23.330 UTC,1.40473,1.40459,0.0012,0.00297
03.11.2025 11:25:23.532 UTC,1.40473,1.40459,0.0012,0.00252
03.11.2025 11:25:23.633 UTC,1.40473,1.40459,0.0012,0.00297
03.11.2025 11:25:24.641 UTC,1.40473,1.40459,0.0012,0.00204
03.11.2025 11:25:26.107 UTC,1.40472,1.4046,0.0012,0.00249
03.11.2025 11:25:27.063 UTC,1.40473,1.40459,0.0012,0.00294
03.11.2025 11:25:27.671 UTC,1.40473,1.4046,0.0012,0.00135
03.11.2025 11:25:27.774 UTC,1.40473,1.40461,0.0012,0.00135
03.11.2025 11:25:27.876 UTC,1.40473,1.4046,0.0012,0.00135
03.11.2025 11:25:27.979 UTC,1.40472,1.40461,0.0012,0.0018
03.11.2025 11:25:28.182 UTC,1.40473,1.40463,0.0012,0.00135
03.11.2025 11:25:28.588 UTC,1.40473,1.40461,0.0012,0.00192
03.11.2025 11:25:28.693 UTC,1.40473,1.40461,0.00135,0.00144
03.11.2025 11:25:28.846 UTC,1.40474,1.4046,0.0012,0.0018
03.11.2025 11:25:28.951 UTC,1.40472,1.4046,0.0012,0.00195
03.11.2025 11:25:30.014 UTC,1.40473,1.40459,0.0012,0.00225
03.11.2025 11:25:30.269 UTC,1.40473,1.40459,0.0012,0.0024
03.11.2025 11:25:31.024 UTC,1.40473,1.40459,0.00135,0.00135
03.11.2025 11:25:31.226 UTC,1.40473,1.40459,0.0012,0.0018
03.11.2025 11:25:31.379 UTC,1.40472,1.4046,0.00135,0.00135
03.11.2025 11:25:32.334 UTC,1.40472,1.4046,0.0012,0.0018
03.11.2025 11:25:32.487 UTC,1.40473,1.40459,0.0012,0.00204
03.11.2025 11:25:33.247 UTC,1.40472,1.40461,0.0012,0.00204
03.11.2025 11:25:33.349 UTC,1.40473,1.4046,0.0012,0.00192
03.11.2025 11:25:33.553 UTC,1.40473,1.4046,0.00135,0.0012
03.11.2025 11:25:35.688 UTC,1.40473,1.4046,0.0012,0.0018
03.11.2025 11:25:38.199 UTC,1.40472,1.4046,0.0012,0.00192
03.11.2025 11:25:38.654 UTC,1.40472,1.4046,0.0012,0.00204
03.11.2025 11:25:38.807 UTC,1.40473,1.40459,0.0012,0.00192
03.11.2025 11:25:40.317 UTC,1.40473,1.40458,0.0012,0.00384
03.11.2025 11:25:40.469 UTC,1.40472,1.40459,0.0012,0.00384
03.11.2025 11:25:40.621 UTC,1.40473,1.40458,0.0012,0.00339
03.11.2025 11:25:40.774 UTC,1.40473,1.40458,0.0012,0.00294
03.11.2025 11:25:41.227 UTC,1.40473,1.40459,0.0012,0.0012
03.11.2025 11:25:41.683 UTC,1.40473,1.4046,0.0012,0.0012
03.11.2025 11:25:42.138 UTC,1.40471,1.40459,0.0012,0.00144
03.11.2025 11:25:42.644 UTC,1.40472,1.40457,0.0012,0.00207
03.11.2025 11:25:47.248 UTC,1.40472,1.40457,0.0012,0.00192
03.11.2025 11:25:47.553 UTC,1.40472,1.40457,0.0012,0.00207
03.11.2025 11:25:49.215 UTC,1.40471,1.40458,0.0012,0.00192
03.11.2025 11:25:54.682 UTC,1.40471,1.40458,0.0012,0.00207
03.11.2025 11:25:57.240 UTC,1.4047,1.40457,0.0012,0.00225
03.11.2025 11:25:57.645 UTC,1.4047,1.40457,0.0012,0.0018
03.11.2025 11:26:00.157 UTC,1.40472,1.40458,0.0012,0.00144
03.11.2025 11:26:00.260 UTC,1.40472,1.40458,0.0012,0.00192
03.11.2025 11:26:00.947 UTC,1.40471,1.40458,0.0012,0.0012
03.11.2025 11:26:04.316 UTC,1.40472,1.40458,0.0018,0.00192
03.11.2025 11:26:04.418 UTC,1.40472,1.40458,0.0012,0.00132
03.11.2025 11:26:04.469 UTC,1.40472,1.40458,0.0012,0.00189
03.11.2025 11:26:04.622 UTC,1.40472,1.40458,0.0012,0.00192
03.11.2025 11:26:05.978 UTC,1.40472,1.40458,0.0012,0.00204
03.11.2025 11:26:06.231 UTC,1.40472,1.40458,0.0012,0.00192
03.11.2025 11:26:06.484 UTC,1.4047,1.40456,0.0012,0.00285
03.11.2025 11:26:06.586 UTC,1.40468,1.40456,0.0012,0.00135
03.11.2025 11:26:06.688 UTC,1.40468,1.40455,0.0012,0.00132
03.11.2025 11:26:09.969 UTC,1.40468,1.40454,0.0012,0.00297
03.11.2025 11:26:10.322 UTC,1.40468,1.40454,0.0012,0.00342
03.11.2025 11:26:10.975 UTC,1.40468,1.40454,0.0012,0.00297
03.11.2025 11:26:13.785 UTC,1.40468,1.40454,0.0012,0.00342
03.11.2025 11:26:13.937 UTC,1.40467,1.40455,0.0012,0.00342
03.11.2025 11:26:14.191 UTC,1.40468,1.40454,0.0012,0.00342
03.11.2025 11:26:14.697 UTC,1.40468,1.40454,0.0012,0.00387
03.11.2025 11:26:18.567 UTC,1.40468,1.40454,0.0012,0.00342
03.11.2025 11:26:18.820 UTC,1.40468,1.40454,0.0012,0.00297
03.11.2025 11:26:19.473 UTC,1.40468,1.40454,0.0012,0.00342
03.11.2025 11:26:19.776 UTC,1.40468,1.40454,0.0012,0.00297
03.11.2025 11:26:20.831 UTC,1.40468,1.40454,0.0012,0.00327
03.11.2025 11:26:20.933 UTC,1.40467,1.40455,0.0012,0.00297
03.11.2025 11:26:21.586 UTC,1.40468,1.40454,0.0012,0.00342
03.11.2025 11:26:22.443 UTC,1.40468,1.40454,0.00135,0.00189
03.11.2025 11:26:22.545 UTC,1.40468,1.40455,0.00135,0.0012
03.11.2025 11:26:23.000 UTC,1.40467,1.40456,0.0012,0.0018
03.11.2025 11:26:23.954 UTC,1.40467,1.40454,0.0012,0.00135
03.11.2025 11:26:28.463 UTC,1.40467,1.40453,0.0012,0.00324
03.11.2025 11:26:29.673 UTC,1.40459,1.40451,0.0012,0.0012
03.11.2025 11:26:29.727 UTC,1.40459,1.40448,0.0012,0.0018
03.11.2025 11:26:29.830 UTC,1.40457,1.40449,0.0012,0.0018
03.11.2025 11:26:29.881 UTC,1.40458,1.40446,0.0012,0.00132
03.11.2025 11:26:30.894 UTC,1.40458,1.40445,0.0012,0.0018
03.11.2025 11:26:35.070 UTC,1.40458,1.40444,0.0012,0.0018
03.11.2025 11:26:36.073 UTC,1.40458,1.40444,0.0012,0.00132
03.11.2025 11:26:38.085 UTC,1.40458,1.40447,0.0012,0.0012
03.11.2025 11:26:42.300 UTC,1.40458,1.40444,0.0012,0.00207
03.11.2025 11:26:43.156 UTC,1.40458,1.40444,0.0012,0.00297
03.11.2025 11:26:43.610 UTC,1.40457,1.40445,0.0012,0.00297
03.11.2025 11:26:43.963 UTC,1.40458,1.40444,0.0012,0.00297
03.11.2025 11:26:44.218 UTC,1.40458,1.40445,0.0012,0.0018
03.11.2025 11:26:45.024 UTC,1.40458,1.40445,0.0012,0.00132
03.11.2025 11:26:45.329 UTC,1.40457,1.40446,0.0012,0.00132
03.11.2025 11:26:45.633 UTC,1.40458,1.40445,0.0012,0.00132
03.11.2025 11:26:46.036 UTC,1.40457,1.40446,0.0012,0.00132
03.11.2025 11:26:52.568 UTC,1.40458,1.40446,0.0012,0.00135
03.11.2025 11:26:52.670 UTC,1.40457,1.40447,0.0012,0.0018
03.11.2025 11:26:53.376 UTC,1.40458,1.40446,0.0012,0.00135
03.11.2025 11:26:53.478 UTC,1.40458,1.40446,0.0012,0.0018
03.11.2025 11:26:53.580 UTC,1.40457,1.40447,0.0012,0.00135
03.11.2025 11:26:53.782 UTC,1.40458,1.40446,0.0012,0.0018
03.11.2025 11:26:58.752 UTC,1.40462,1.40449,0.0024,0.00285
03.11.2025 11:26:58.854 UTC,1.40462,1.40451,0.0018,0.0018
03.11.2025 11:26:59.057 UTC,1.40463,1.4045,0.0012,0.0018
03.11.2025 11:26:59.983 UTC,1.40462,1.40452,0.0012,0.0012
03.11.2025 11:27:00.187 UTC,1.40463,1.40452,0.0012,0.0012
03.11.2025 11:27:01.850 UTC,1.40464,1.40452,0.0012,0.0012
03.11.2025 11:27:02.656 UTC,1.40463,1.40451,0.0012,0.0012
03.11.2025 11:27:02.860 UTC,1.40463,1.4045,0.0012,0.00135
03.11.2025 11:27:03.364 UTC,1.40463,1.4045,0.0012,0.0018
03.11.2025 11:27:04.877 UTC,1.40464,1.40451,0.0012,0.0024
03.11.2025 11:27:05.384 UTC,1.40463,1.40451,0.0012,0.0012
03.11.2025 11:27:05.588 UTC,1.40463,1.4045,0.00135,0.0012
03.11.2025 11:27:07.250 UTC,1.40462,1.40449,0.0012,0.0018
03.11.2025 11:27:09.458 UTC,1.40462,1.40449,0.0012,0.00285
03.11.2025 11:27:10.625 UTC,1.40463,1.40448,0.0012,0.0033
03.11.2025 11:27:10.926 UTC,1.40463,1.40448,0.0012,0.00285
03.11.2025 11:27:12.585 UTC,1.40462,1.40451,0.0012,0.0018
03.11.2025 11:27:13.097 UTC,1.40463,1.4045,0.0012,0.00135
03.11.2025 11:27:13.450 UTC,1.40463,1.4045,0.0012,0.0018
03.11.2025 11:27:13.704 UTC,1.40463,1.4045,0.0012,0.00195
03.11.2025 11:27:13.806 UTC,1.40463,1.4045,0.0012,0.0018
03.11.2025 11:27:14.411 UTC,1.40463,1.40449,0.0012,0.0024
03.11.2025 11:27:14.716 UTC,1.40462,1.4045,0.0012,0.00195
03.11.2025 11:27:16.078 UTC,1.40463,1.40449,0.0012,0.0018
03.11.2025 11:27:16.330 UTC,1.40463,1.40449,0.0012,0.0012
03.11.2025 11:27:17.890 UTC,1.40463,1.4045,0.0012,0.00135
03.11.2025 11:27:18.142 UTC,1.40463,1.4045,0.0012,0.0018
03.11.2025 11:27:18.647 UTC,1.40462,1.40451,0.0012,0.00135
03.11.2025 11:27:18.749 UTC,1.40462,1.40451,0.0012,0.0018
03.11.2025 11:27:21.413 UTC,1.40462,1.40451,0.0012,0.00195
03.11.2025 11:27:22.216 UTC,1.40463,1.4045,0.0012,0.0024
03.11.2025 11:27:25.911 UTC,1.40463,1.4045,0.0012,0.0018
03.11.2025 11:27:26.815 UTC,1.40462,1.40451,0.0012,0.0018
03.11.2025 11:27:27.070 UTC,1.40463,1.4045,0.0012,0.00195
03.11.2025 11:27:27.172 UTC,1.40463,1.4045,0.0012,0.00192
03.11.2025 11:27:28.786 UTC,1.40463,1.40452,0.0012,0.00144
03.11.2025 11:27:28.888 UTC,1.40463,1.40452,0.0012,0.0018
03.11.2025 11:27:29.498 UTC,1.40463,1.40451,0.0012,0.00564
03.11.2025 11:27:29.649 UTC,1.40464,1.4045,0.0012,0.00564
03.11.2025 11:27:33.420 UTC,1.40464,1.4045,0.0012,0.00294
03.11.2025 11:27:35.428 UTC,1.40464,1.4045,0.0012,0.00249
03.11.2025 11:27:36.482 UTC,1.40463,1.40453,0.0012,0.0018
03.11.2025 11:27:36.735 UTC,1.40464,1.40452,0.0012,0.00135
03.11.2025 11:27:37.594 UTC,1.40463,1.40453,0.0012,0.0018
03.11.2025 11:27:38.454 UTC,1.40464,1.4045,0.0012,0.00474
03.11.2025 11:27:39.112 UTC,1.40463,1.40452,0.0012,0.0018
03.11.2025 11:27:40.119 UTC,1.40464,1.40451,0.0012,0.00135
03.11.2025 11:27:40.220 UTC,1.40463,1.40452,0.0012,0.0018
03.11.2025 11:27:40.523 UTC,1.40463,1.40452,0.0012,0.00135
03.11.2025 11:27:41.076 UTC,1.40463,1.40452,0.0012,0.0018
03.11.2025 11:27:42.082 UTC,1.40466,1.40452,0.0012,0.00132
03.11.2025 11:27:42.991 UTC,1.40466,1.40452,0.0012,0.00147
03.11.2025 11:27:43.092 UTC,1.40466,1.40452,0.0012,0.00207
03.11.2025 11:27:43.195 UTC,1.40466,1.40452,0.0012,0.00147
03.11.2025 11:27:43.347 UTC,1.40465,1.40453,0.0012,0.00207
03.11.2025 11:27:47.064 UTC,1.40466,1.40451,0.00189,0.00405
03.11.2025 11:27:47.168 UTC,1.40464,1.40451,0.0012,0.00135
03.11.2025 11:27:47.374 UTC,1.40463,1.4045,0.0012,0.00474
03.11.2025 11:27:48.284 UTC,1.40464,1.4045,0.0012,0.0018
03.11.2025 11:27:49.242 UTC,1.40465,1.40451,0.00135,0.0018
03.11.2025 11:27:57.677 UTC,1.40464,1.40452,0.0012,0.00195
03.11.2025 11:27:58.532 UTC,1.40465,1.40451,0.0012,0.0018
03.11.2025 11:27:58.939 UTC,1.40466,1.40452,0.0012,0.0012
03.11.2025 11:28:00.048 UTC,1.40466,1.40451,0.0012,0.006
03.11.2025 11:28:01.503 UTC,1.40466,1.40451,0.00144,0.0045
03.11.2025 11:28:01.555 UTC,1.40463,1.40452,0.00324,0.00135
03.11.2025 11:28:01.657 UTC,1.40462,1.40451,0.00135,0.0012
03.11.2025 11:28:01.709 UTC,1.40462,1.40448,0.00135,0.0018
03.11.2025 11:28:02.721 UTC,1.40461,1.40447,0.0012,0.006
03.11.2025 11:28:03.577 UTC,1.40461,1.40447,0.0012,0.00495
03.11.2025 11:28:03.979 UTC,1.4046,1.40448,0.0012,0.0051
03.11.2025 11:28:04.785 UTC,1.4046,1.40446,0.00189,0.0018
03.11.2025 11:28:04.938 UTC,1.4046,1.40445,0.00132,0.00225
03.11.2025 11:28:13.587 UTC,1.40457,1.40445,0.0012,0.00375
03.11.2025 11:28:14.293 UTC,1.40447,1.40438,0.00225,0.0012
03.11.2025 11:28:14.344 UTC,1.40446,1.40435,0.00192,0.0012
03.11.2025 11:28:14.446 UTC,1.40444,1.40433,0.00147,0.0012
03.11.2025 11:28:14.498 UTC,1.40444,1.40431,0.00147,0.0018
03.11.2025 11:28:14.549 UTC,1.40445,1.40432,0.00147,0.0012
03.11.2025 11:28:16.869 UTC,1.40444,1.40431,0.00132,0.0018
03.11.2025 11:28:22.105 UTC,1.40443,1.40429,0.00132,0.0018
03.11.2025 11:28:22.661 UTC,1.40443,1.40429,0.0012,0.00282
03.11.2025 11:28:24.734 UTC,1.40443,1.40431,0.0012,0.0012
03.11.2025 11:28:25.088 UTC,1.40443,1.4043,0.0012,0.00144
03.11.2025 11:28:25.552 UTC,1.40443,1.40431,0.0012,0.0012
03.11.2025 11:28:25.857 UTC,1.40443,1.4043,0.0012,0.00234
03.11.2025 11:28:26.465 UTC,1.40443,1.40431,0.0012,0.0012
03.11.2025 11:28:28.686 UTC,1.40442,1.40431,0.0012,0.00144
03.11.2025 11:28:29.243 UTC,1.40442,1.40431,0.0012,0.00192
03.11.2025 11:28:29.498 UTC,1.40443,1.40429,0.0012,0.00252
03.11.2025 11:28:29.951 UTC,1.40443,1.40429,0.0012,0.00132
03.11.2025 11:28:30.759 UTC,1.40443,1.4043,0.0012,0.00249
03.11.2025 11:28:31.014 UTC,1.40442,1.40431,0.0012,0.00249
03.11.2025 11:28:32.125 UTC,1.40443,1.4043,0.0012,0.00249
03.11.2025 11:28:33.082 UTC,1.40444,1.4043,0.00144,0.00192
03.11.2025 11:28:33.890 UTC,1.40443,1.40431,0.00144,0.00294
03.11.2025 11:28:34.346 UTC,1.40444,1.4043,0.00234,0.00339
03.11.2025 11:28:34.498 UTC,1.40443,1.40431,0.00234,0.00294
03.11.2025 11:28:35.456 UTC,1.40444,1.4043,0.00144,0.00339
03.11.2025 11:28:42.843 UTC,1.40443,1.40431,0.00144,0.00195
03.11.2025 11:28:42.945 UTC,1.40444,1.4043,0.00144,0.0018
03.11.2025 11:28:44.818 UTC,1.40444,1.4043,0.00144,0.0033
03.11.2025 11:28:45.175 UTC,1.40444,1.4043,0.00144,0.00375
03.11.2025 11:28:45.277 UTC,1.40444,1.4043,0.00144,0.0033
03.11.2025 11:28:46.540 UTC,1.40444,1.40431,0.00144,0.0018
03.11.2025 11:28:46.642 UTC,1.40444,1.4043,0.00132,0.0033
03.11.2025 11:28:47.097 UTC,1.40444,1.4043,0.00132,0.00375
03.11.2025 11:28:47.450 UTC,1.40443,1.40431,0.00132,0.0042
03.11.2025 11:28:47.552 UTC,1.40444,1.4043,0.00132,0.00285
03.11.2025 11:28:47.655 UTC,1.40443,1.40431,0.00132,0.0024
03.11.2025 11:28:49.422 UTC,1.40444,1.4043,0.00144,0.00225
03.11.2025 11:28:50.361 UTC,1.40444,1.4043,0.00132,0.0018
03.11.2025 11:28:50.464 UTC,1.40444,1.4043,0.00144,0.00135
03.11.2025 11:28:51.367 UTC,1.40443,1.40431,0.00132,0.0018
03.11.2025 11:28:51.520 UTC,1.40443,1.40431,0.00144,0.00135
03.11.2025 11:28:53.436 UTC,1.40443,1.40431,0.00147,0.00135
03.11.2025 11:28:56.907 UTC,1.40444,1.4043,0.00147,0.00135
03.11.2025 11:28:59.389 UTC,1.40443,1.40431,0.00132,0.0018
03.11.2025 11:29:00.422 UTC,1.40443,1.40431,0.00147,0.00135
03.11.2025 11:29:00.676 UTC,1.40443,1.40431,0.00147,0.0018
03.11.2025 11:29:00.931 UTC,1.40444,1.4043,0.00192,0.00135
03.11.2025 11:29:01.084 UTC,1.40444,1.4043,0.00147,0.0018
03.11.2025 11:29:01.186 UTC,1.40444,1.4043,0.00192,0.00135
03.11.2025 11:29:01.339 UTC,1.40444,1.4043,0.00147,0.0018
03.11.2025 11:29:02.351 UTC,1.40443,1.40431,0.00192,0.00225
03.11.2025 11:29:02.910 UTC,1.40444,1.4043,0.00147,0.0018
03.11.2025 11:29:05.143 UTC,1.40444,1.4043,0.00279,0.00234
03.11.2025 11:29:05.297 UTC,1.40444,1.4043,0.00234,0.00249
03.11.2025 11:29:05.750 UTC,1.40444,1.4043,0.00279,0.00144
03.11.2025 11:29:06.054 UTC,1.40444,1.4043,0.00234,0.00249
03.11.2025 11:29:06.258 UTC,1.40444,1.4043,0.00279,0.00234
03.11.2025 11:29:06.410 UTC,1.40444,1.4043,0.00144,0.00249
03.11.2025 11:29:07.573 UTC,1.40444,1.4043,0.00189,0.00234
03.11.2025 11:29:07.776 UTC,1.40444,1.4043,0.00144,0.00249
03.11.2025 11:29:07.979 UTC,1.40444,1.4043,0.00189,0.00234
03.11.2025 11:29:08.888 UTC,1.40443,1.40431,0.00144,0.00249
03.11.2025 11:29:10.399 UTC,1.40443,1.40431,0.00189,0.00144
03.11.2025 11:29:11.455 UTC,1.40444,1.4043,0.0018,0.00147
03.11.2025 11:29:13.774 UTC,1.40443,1.40431,0.00135,0.00192
03.11.2025 11:29:15.705 UTC,1.40444,1.4043,0.00135,0.00144
03.11.2025 11:29:16.708 UTC,1.40444,1.4043,0.00135,0.00147
03.11.2025 11:29:37.269 UTC,1.40445,1.4043,0.00195,0.00147
03.11.2025 11:29:44.763 UTC,1.40439,1.40429,0.0012,0.00135
03.11.2025 11:29:44.814 UTC,1.40437,1.40426,0.0012,0.00225
03.11.2025 11:29:44.866 UTC,1.40436,1.40423,0.0012,0.00144
03.11.2025 11:29:45.274 UTC,1.40436,1.40429,0.0012,0.0018
03.11.2025 11:29:45.325 UTC,1.40442,1.40428,0.0012,0.00135
03.11.2025 11:29:45.428 UTC,1.40442,1.40429,0.0012,0.00132
03.11.2025 11:29:47.894 UTC,1.40441,1.40429,0.00235,0.00234
03.11.2025 11:29:50.288 UTC,1.40441,1.40429,0.0012,0.00147
03.11.2025 11:29:50.794 UTC,1.40442,1.40427,0.0012,0.00384
03.11.2025 11:29:51.197 UTC,1.40439,1.40427,0.0012,0.00477
03.11.2025 11:29:52.256 UTC,1.4044,1.40427,0.0012,0.00132
03.11.2025 11:29:52.358 UTC,1.40439,1.40428,0.0012,0.00192
03.11.2025 11:29:52.864 UTC,1.40441,1.40429,0.00135,0.00252
03.11.2025 11:29:55.582 UTC,1.40441,1.40429,0.0012,0.00207
03.11.2025 11:29:55.884 UTC,1.40443,1.40429,0.00225,0.00192
03.11.2025 11:29:58.103 UTC,1.40443,1.40428,0.0027,0.00147
03.11.2025 11:29:58.206 UTC,1.40443,1.40428,0.00285,0.00147
03.11.2025 11:29:58.561 UTC,1.40441,1.40427,0.0012,0.00192
03.11.2025 11:29:58.663 UTC,1.4044,1.40428,0.0012,0.00147
03.11.2025 11:30:03.212 UTC,1.4044,1.40426,0.0012,0.00237
03.11.2025 11:30:03.315 UTC,1.40439,1.40425,0.0018,0.00204
03.11.2025 11:30:03.469 UTC,1.40438,1.40426,0.0012,0.00387
03.11.2025 11:30:04.881 UTC,1.40441,1.40426,0.0027,0.00342
03.11.2025 11:30:13.971 UTC,1.40439,1.40426,0.0012,0.00477
03.11.2025 11:30:14.123 UTC,1.40441,1.40426,0.0027,0.00477
03.11.2025 11:30:18.452 UTC,1.40441,1.40426,0.00225,0.00297
03.11.2025 11:30:20.366 UTC,1.40441,1.40426,0.00225,0.00342
03.11.2025 11:30:20.918 UTC,1.4044,1.40427,0.0018,0.00342
03.11.2025 11:30:24.274 UTC,1.4044,1.40427,0.00225,0.00297
03.11.2025 11:30:24.376 UTC,1.40441,1.40427,0.0018,0.00192
03.11.2025 11:30:24.577 UTC,1.40441,1.40427,0.0012,0.00234
03.11.2025 11:30:24.729 UTC,1.40442,1.40429,0.0012,0.0012
03.11.2025 11:30:27.394 UTC,1.40443,1.40431,0.00285,0.00132
03.11.2025 11:30:27.496 UTC,1.40444,1.4043,0.0018,0.00144
03.11.2025 11:30:32.446 UTC,1.40444,1.4043,0.0024,0.0012
03.11.2025 11:30:34.106 UTC,1.40444,1.4043,0.00315,0.00135
03.11.2025 11:30:34.309 UTC,1.40441,1.40428,0.00135,0.0012
03.11.2025 11:30:34.360 UTC,1.4044,1.40426,0.0018,0.0018
03.11.2025 11:30:37.081 UTC,1.40438,1.40427,0.0012,0.0012
03.11.2025 11:30:37.937 UTC,1.40438,1.40426,0.0012,0.0012
03.11.2025 11:30:41.252 UTC,1.40438,1.40427,0.0012,0.0012
03.11.2025 11:30:41.355 UTC,1.4044,1.40428,0.0012,0.0012
03.11.2025 11:30:41.457 UTC,1.40441,1.4043,0.0018,0.0012
03.11.2025 11:30:41.661 UTC,1.40443,1.40429,0.0027,0.0012
03.11.2025 11:30:42.014 UTC,1.40443,1.40429,0.00285,0.0012
03.11.2025 11:30:53.062 UTC,1.40443,1.40428,0.00465,0.00135
03.11.2025 11:30:53.114 UTC,1.4044,1.40428,0.00135,0.0012
03.11.2025 11:30:53.266 UTC,1.4044,1.40427,0.00135,0.0012
03.11.2025 11:30:53.621 UTC,1.40441,1.40427,0.0012,0.00234
03.11.2025 11:30:55.134 UTC,1.40441,1.40427,0.00237,0.0012
03.11.2025 11:30:56.095 UTC,1.40441,1.40427,0.00225,0.00144
03.11.2025 11:30:57.257 UTC,1.4044,1.40427,0.00135,0.0012
03.11.2025 11:30:57.915 UTC,1.40438,1.40428,0.0012,0.0012
03.11.2025 11:31:03.264 UTC,1.40438,1.40427,0.0012,0.0012
03.11.2025 11:31:08.083 UTC,1.40438,1.40425,0.00135,0.0012
03.11.2025 11:31:12.802 UTC,1.40438,1.40425,0.0018,0.0012
03.11.2025 11:31:14.008 UTC,1.40438,1.40425,0.00135,0.0012
03.11.2025 11:31:16.447 UTC,1.40438,1.40424,0.00135,0.00132
03.11.2025 11:31:16.802 UTC,1.40438,1.40425,0.0012,0.0012
03.11.2025 11:31:17.105 UTC,1.40439,1.40425,0.00315,0.0012
03.11.2025 11:31:18.261 UTC,1.40439,1.40425,0.0033,0.0012
03.11.2025 11:31:19.265 UTC,1.40439,1.40425,0.00315,0.00135
03.11.2025 11:31:22.483 UTC,1.40439,1.40425,0.00192,0.0012
03.11.2025 11:31:23.437 UTC,1.40439,1.40425,0.00144,0.00135
03.11.2025 11:31:23.539 UTC,1.40439,1.40426,0.00297,0.0012
03.11.2025 11:31:23.641 UTC,1.40439,1.40426,0.00297,0.00135
03.11.2025 11:31:33.127 UTC,1.40438,1.40426,0.00135,0.0018
03.11.2025 11:31:33.280 UTC,1.4044,1.40426,0.0036,0.00135
03.11.2025 11:31:34.135 UTC,1.4044,1.40426,0.00375,0.00135
03.11.2025 11:31:35.090 UTC,1.4044,1.40426,0.0036,0.00135
03.11.2025 11:31:35.445 UTC,1.40439,1.40426,0.0012,0.0012
03.11.2025 11:31:55.161 UTC,1.40439,1.40427,0.0018,0.00192
03.11.2025 11:31:55.263 UTC,1.40439,1.40427,0.00195,0.00144
03.11.2025 11:31:58.325 UTC,1.4044,1.40427,0.00195,0.0012
03.11.2025 11:31:59.036 UTC,1.4044,1.40427,0.00375,0.0012
03.11.2025 11:32:01.507 UTC,1.40439,1.40428,0.00375,0.0012
03.11.2025 11:32:05.279 UTC,1.40442,1.40429,0.00465,0.0012
03.11.2025 11:32:10.171 UTC,1.40441,1.4043,0.00195,0.0012
03.11.2025 11:32:11.928 UTC,1.40442,1.40431,0.0018,0.0012
03.11.2025 11:32:12.841 UTC,1.40443,1.40432,0.00375,0.0012
03.11.2025 11:32:12.944 UTC,1.40444,1.40433,0.0018,0.00189
03.11.2025 11:32:12.995 UTC,1.40446,1.40433,0.00135,0.00189
03.11.2025 11:32:20.628 UTC,1.40448,1.40433,0.00465,0.00189
03.11.2025 11:32:23.153 UTC,1.40448,1.40434,0.0033,0.0012
03.11.2025 11:32:23.204 UTC,1.40448,1.40436,0.0033,0.0012
03.11.2025 11:32:23.257 UTC,1.40448,1.40437,0.0042,0.0012
03.11.2025 11:32:23.358 UTC,1.40449,1.40436,0.00375,0.0012
03.11.2025 11:32:24.164 UTC,1.4045,1.40437,0.0024,0.0012
03.11.2025 11:32:24.266 UTC,1.40451,1.40438,0.00195,0.00132
03.11.2025 11:32:25.929 UTC,1.40448,1.40438,0.0012,0.0012
03.11.2025 11:32:26.081 UTC,1.40449,1.40437,0.0012,0.0012
03.11.2025 11:32:45.171 UTC,1.40447,1.40434,0.00225,0.0012
03.11.2025 11:32:45.276 UTC,1.40446,1.40434,0.0024,0.0012
03.11.2025 11:32:51.473 UTC,1.40445,1.40432,0.0018,0.00135
03.11.2025 11:32:53.079 UTC,1.4044,1.40429,0.0036,0.0018
03.11.2025 11:32:53.131 UTC,1.40438,1.40427,0.0018,0.00135
03.11.2025 11:32:53.183 UTC,1.40439,1.40424,0.0051,0.0012
03.11.2025 11:32:55.251 UTC,1.40438,1.40423,0.0042,0.0012
03.11.2025 11:32:55.354 UTC,1.40437,1.40424,0.0051,0.0012
03.11.2025 11:33:00.145 UTC,1.40436,1.40422,0.0018,0.0012
03.11.2025 11:33:00.298 UTC,1.40436,1.40422,0.00285,0.0012
03.11.2025 11:33:04.522 UTC,1.40436,1.40423,0.0024,0.00144
03.11.2025 11:33:05.329 UTC,1.40437,1.40422,0.00285,0.00192
03.11.2025 11:33:05.582 UTC,1.40437,1.40422,0.00285,0.00144
03.11.2025 11:33:06.890 UTC,1.40437,1.40422,0.00375,0.00234
03.11.2025 11:33:08.548 UTC,1.40437,1.40422,0.0042,0.0024
03.11.2025 11:33:09.202 UTC,1.40436,1.40423,0.0042,0.00225
03.11.2025 11:33:11.112 UTC,1.40437,1.40422,0.0033,0.00192
03.11.2025 11:33:12.539 UTC,1.40437,1.40422,0.0033,0.00144
03.11.2025 11:33:15.648 UTC,1.40437,1.40422,0.0033,0.00192
03.11.2025 11:33:17.005 UTC,1.40436,1.40422,0.0018,0.00135
03.11.2025 11:33:23.200 UTC,1.40434,1.40423,0.0012,0.0012
03.11.2025 11:33:28.120 UTC,1.40437,1.40422,0.00465,0.0018
03.11.2025 11:33:28.423 UTC,1.40437,1.40422,0.00465,0.00135
03.11.2025 11:33:29.932 UTC,1.40437,1.40422,0.00375,0.0018
03.11.2025 11:33:30.285 UTC,1.40436,1.40422,0.0018,0.00135
03.11.2025 11:33:43.747 UTC,1.40433,1.40423,0.00252,0.0012
03.11.2025 11:33:51.007 UTC,1.4043,1.40418,0.00135,0.00225
03.11.2025 11:33:51.059 UTC,1.40427,1.40416,0.00192,0.0012
03.11.2025 11:33:51.162 UTC,1.4043,1.40415,0.00342,0.0012
03.11.2025 11:33:51.265 UTC,1.4043,1.40415,0.00522,0.0012
03.11.2025 11:33:53.787 UTC,1.4043,1.40415,0.00477,0.0012
03.11.2025 11:34:02.143 UTC,1.40428,1.40413,0.00132,0.0033
03.11.2025 11:34:06.090 UTC,1.40428,1.40414,0.00132,0.0018
03.11.2025 11:34:13.823 UTC,1.40427,1.40413,0.00132,0.0018
03.11.2025 11:34:13.926 UTC,1.40426,1.40412,0.00132,0.0018
03.11.2025 11:34:14.230 UTC,1.40426,1.40412,0.00147,0.00135
03.11.2025 11:34:14.734 UTC,1.40426,1.40411,0.00147,0.00375
03.11.2025 11:34:14.837 UTC,1.40424,1.40411,0.00132,0.0012
03.11.2025 11:34:14.939 UTC,1.40423,1.40411,0.00147,0.00135
03.11.2025 11:34:15.092 UTC,1.40423,1.40411,0.00147,0.00192
03.11.2025 11:34:19.217 UTC,1.40424,1.40411,0.00147,0.00135
03.11.2025 11:34:22.997 UTC,1.40424,1.4041,0.00132,0.00195
03.11.2025 11:34:23.099 UTC,1.40424,1.4041,0.00132,0.0024
03.11.2025 11:34:23.651 UTC,1.40423,1.40411,0.00132,0.00225
03.11.2025 11:34:24.005 UTC,1.40424,1.4041,0.00132,0.0024
03.11.2025 11:34:24.307 UTC,1.40424,1.4041,0.00132,0.00195
03.11.2025 11:34:31.968 UTC,1.40423,1.40411,0.00132,0.0024
03.11.2025 11:34:32.273 UTC,1.40423,1.40413,0.00132,0.0018
03.11.2025 11:34:32.376 UTC,1.40424,1.40413,0.00144,0.0018
03.11.2025 11:34:32.478 UTC,1.40424,1.40412,0.00132,0.0033
03.11.2025 11:34:32.832 UTC,1.40425,1.40411,0.00132,0.0033
03.11.2025 11:34:33.085 UTC,1.40425,1.40411,0.00132,0.00285
03.11.2025 11:34:38.906 UTC,1.40425,1.40411,0.00132,0.00261
03.11.2025 11:34:45.137 UTC,1.40425,1.40412,0.00132,0.00441
03.11.2025 11:34:45.390 UTC,1.40426,1.40414,0.00192,0.00192
03.11.2025 11:34:45.493 UTC,1.40428,1.40414,0.00237,0.00192
03.11.2025 11:34:47.516 UTC,1.40428,1.40414,0.00192,0.00144
03.11.2025 11:34:47.869 UTC,1.40428,1.40414,0.00132,0.00195
03.11.2025 11:34:47.920 UTC,1.40428,1.40414,0.00132,0.00144
03.11.2025 11:34:48.625 UTC,1.40427,1.40415,0.00132,0.0018
03.11.2025 11:34:49.578 UTC,1.40428,1.40414,0.00132,0.00195
03.11.2025 11:34:49.781 UTC,1.40427,1.40415,0.00132,0.00285
03.11.2025 11:34:49.933 UTC,1.40428,1.40414,0.00132,0.00285
03.11.2025 11:34:51.137 UTC,1.40427,1.40415,0.00132,0.0024
03.11.2025 11:34:52.190 UTC,1.40428,1.40414,0.00132,0.00285
03.11.2025 11:34:53.648 UTC,1.40427,1.40415,0.00132,0.0024
03.11.2025 11:35:02.926 UTC,1.40429,1.40417,0.00297,0.00225
03.11.2025 11:35:03.030 UTC,1.40429,1.40415,0.00147,0.0024
03.11.2025 11:35:03.186 UTC,1.40429,1.40415,0.00147,0.00135
03.11.2025 11:35:03.338 UTC,1.40429,1.40415,0.00132,0.0018
03.11.2025 11:35:03.440 UTC,1.40429,1.40415,0.00147,0.00135
03.11.2025 11:35:05.150 UTC,1.40428,1.40414,0.00192,0.00195
03.11.2025 11:35:05.352 UTC,1.40427,1.40415,0.00192,0.0024
03.11.2025 11:35:07.779 UTC,1.40428,1.40414,0.00132,0.0024
03.11.2025 11:35:08.031 UTC,1.40428,1.40414,0.00147,0.00225
03.11.2025 11:35:08.234 UTC,1.40428,1.40414,0.00132,0.0024
03.11.2025 11:35:08.687 UTC,1.40426,1.40412,0.00132,0.00375
03.11.2025 11:35:08.789 UTC,1.40425,1.40413,0.00132,0.00375
03.11.2025 11:35:11.051 UTC,1.40426,1.40412,0.00132,0.0024
03.11.2025 11:35:13.156 UTC,1.40426,1.40412,0.00132,0.00285
03.11.2025 11:35:14.009 UTC,1.40426,1.40412,0.00132,0.0024
03.11.2025 11:35:23.155 UTC,1.40426,1.40412,0.00147,0.0027
03.11.2025 11:35:23.257 UTC,1.40425,1.40413,0.00132,0.00285
03.11.2025 11:35:24.064 UTC,1.40424,1.4041,0.00132,0.00285
03.11.2025 11:35:25.427 UTC,1.40424,1.4041,0.00132,0.00195
03.11.2025 11:35:25.881 UTC,1.40424,1.40411,0.00132,0.0012
03.11.2025 11:35:26.033 UTC,1.40424,1.4041,0.00132,0.00192
03.11.2025 11:35:26.286 UTC,1.40424,1.4041,0.00132,0.0018
03.11.2025 11:35:30.064 UTC,1.40423,1.40411,0.00132,0.00252
03.11.2025 11:35:30.266 UTC,1.40423,1.40411,0.00132,0.00249
03.11.2025 11:35:30.369 UTC,1.40421,1.40408,0.00132,0.0012
03.11.2025 11:35:30.474 UTC,1.40421,1.40406,0.00132,0.00225
03.11.2025 11:35:30.832 UTC,1.40421,1.40406,0.00132,0.00192
03.11.2025 11:35:31.193 UTC,1.40421,1.40406,0.00132,0.00252
03.11.2025 11:35:31.502 UTC,1.40421,1.40407,0.00132,0.00195
03.11.2025 11:35:32.512 UTC,1.40421,1.40407,0.00132,0.00249
03.11.2025 11:35:32.614 UTC,1.40421,1.40407,0.00132,0.00285
03.11.2025 11:35:33.320 UTC,1.4042,1.40408,0.00132,0.00192
03.11.2025 11:35:40.049 UTC,1.40421,1.40408,0.00135,0.0018
03.11.2025 11:35:40.151 UTC,1.40421,1.40408,0.0012,0.00135
03.11.2025 11:35:40.254 UTC,1.40421,1.40408,0.0012,0.0018
03.11.2025 11:35:40.356 UTC,1.40422,1.40408,0.00144,0.0033
03.11.2025 11:35:40.459 UTC,1.40423,1.40409,0.0018,0.00375
03.11.2025 11:35:40.561 UTC,1.40422,1.4041,0.0012,0.00375
03.11.2025 11:35:40.713 UTC,1.40423,1.4041,0.0012,0.00135
03.11.2025 11:35:41.620 UTC,1.40425,1.40411,0.00192,0.0012
03.11.2025 11:35:42.525 UTC,1.40424,1.40412,0.00144,0.00135
03.11.2025 11:35:42.628 UTC,1.40424,1.40411,0.00144,0.0042
03.11.2025 11:35:42.736 UTC,1.40426,1.40411,0.00192,0.00225
03.11.2025 11:35:42.839 UTC,1.40425,1.40413,0.0012,0.00225
03.11.2025 11:35:42.941 UTC,1.40426,1.40413,0.0012,0.0012
03.11.2025 11:35:43.295 UTC,1.40426,1.40412,0.0012,0.00315
03.11.2025 11:35:43.852 UTC,1.40426,1.40412,0.0012,0.0042
03.11.2025 11:35:44.709 UTC,1.40426,1.40412,0.0012,0.00405
03.11.2025 11:35:50.082 UTC,1.40425,1.40413,0.0012,0.0033
03.11.2025 11:35:55.788 UTC,1.40426,1.40412,0.0012,0.00315
03.11.2025 11:35:56.140 UTC,1.40426,1.40412,0.0012,0.0033
03.11.2025 11:35:57.844 UTC,1.40425,1.40413,0.0012,0.00375
03.11.2025 11:35:58.398 UTC,1.40426,1.40412,0.0012,0.00465
03.11.2025 11:36:00.056 UTC,1.40425,1.40413,0.0012,0.0042
03.11.2025 11:36:00.759 UTC,1.40426,1.40412,0.00132,0.00465
03.11.2025 11:36:03.867 UTC,1.40425,1.40413,0.00147,0.0033
03.11.2025 11:36:03.971 UTC,1.40426,1.40412,0.00144,0.0033
03.11.2025 11:36:04.776 UTC,1.40425,1.40413,0.00144,0.00375
03.11.2025 11:36:06.112 UTC,1.40426,1.40412,0.00147,0.00195
03.11.2025 11:36:13.136 UTC,1.40426,1.40412,0.00144,0.00195
03.11.2025 11:36:14.394 UTC,1.40425,1.40413,0.00144,0.0012
03.11.2025 11:36:14.545 UTC,1.40426,1.40411,0.00144,0.00375
03.11.2025 11:36:19.671 UTC,1.40426,1.40412,0.00192,0.00135
03.11.2025 11:36:23.315 UTC,1.40426,1.40412,0.00147,0.00192
03.11.2025 11:36:25.677 UTC,1.40426,1.40411,0.00144,0.00441
03.11.2025 11:36:25.731 UTC,1.40426,1.40412,0.00147,0.0012
03.11.2025 11:36:26.189 UTC,1.40425,1.40412,0.00147,0.00351
03.11.2025 11:36:27.998 UTC,1.40425,1.40412,0.00147,0.00342
03.11.2025 11:36:33.565 UTC,1.40426,1.40412,0.00144,0.00135
03.11.2025 11:36:33.717 UTC,1.40425,1.40414,0.00132,0.0012
03.11.2025 11:36:34.787 UTC,1.40426,1.40412,0.00132,0.00315
03.11.2025 11:36:42.765 UTC,1.40426,1.40412,0.00144,0.00285
03.11.2025 11:36:50.094 UTC,1.40425,1.40413,0.00147,0.00285
03.11.2025 11:36:56.865 UTC,1.40426,1.40413,0.00192,0.0024
03.11.2025 11:36:56.967 UTC,1.40427,1.40412,0.00192,0.00285
03.11.2025 11:36:58.376 UTC,1.40427,1.40412,0.00207,0.00195
03.11.2025 11:37:02.618 UTC,1.40427,1.40412,0.00192,0.0024
03.11.2025 11:37:02.974 UTC,1.40426,1.40413,0.00147,0.00195
03.11.2025 11:37:03.679 UTC,1.40427,1.40412,0.00237,0.0033
03.11.2025 11:37:04.684 UTC,1.40426,1.40413,0.00282,0.00375
03.11.2025 11:37:07.339 UTC,1.40427,1.40412,0.00237,0.00285
03.11.2025 11:37:07.491 UTC,1.40427,1.40412,0.00282,0.0024
03.11.2025 11:37:15.049 UTC,1.40425,1.40413,0.00147,0.0018
03.11.2025 11:37:20.169 UTC,1.40425,1.40411,0.00147,0.0018
03.11.2025 11:37:20.271 UTC,1.40425,1.40411,0.00192,0.0024
03.11.2025 11:37:20.476 UTC,1.40425,1.40411,0.00192,0.00135
03.11.2025 11:37:21.432 UTC,1.40425,1.40411,0.00192,0.0018
03.11.2025 11:37:24.343 UTC,1.40425,1.40411,0.00192,0.00135
03.11.2025 11:37:24.495 UTC,1.40426,1.40412,0.00132,0.0012
03.11.2025 11:37:24.546 UTC,1.40427,1.40414,0.00132,0.0012
03.11.2025 11:37:24.649 UTC,1.40427,1.40415,0.00285,0.00144
03.11.2025 11:37:25.526 UTC,1.40428,1.40417,0.0012,0.00132
03.11.2025 11:37:25.628 UTC,1.40431,1.40416,0.00645,0.00132
03.11.2025 11:37:25.731 UTC,1.4043,1.40417,0.0018,0.00132
03.11.2025 11:37:36.353 UTC,1.40433,1.40421,0.0012,0.00132
03.11.2025 11:37:36.456 UTC,1.40434,1.40423,0.0018,0.00132
03.11.2025 11:37:36.559 UTC,1.40434,1.40424,0.0018,0.00132
03.11.2025 11:37:36.661 UTC,1.40436,1.40424,0.0018,0.00132
03.11.2025 11:37:36.865 UTC,1.40437,1.40423,0.00285,0.00132
03.11.2025 11:37:37.268 UTC,1.40436,1.40425,0.00195,0.00132
03.11.2025 11:37:37.371 UTC,1.40437,1.40426,0.0018,0.00132
03.11.2025 11:37:37.422 UTC,1.40439,1.40428,0.0024,0.00132
03.11.2025 11:37:38.029 UTC,1.4044,1.40427,0.0018,0.00132
03.11.2025 11:37:40.149 UTC,1.40438,1.40427,0.00135,0.0012
03.11.2025 11:37:41.758 UTC,1.40439,1.40427,0.0018,0.0012
03.11.2025 11:37:53.263 UTC,1.40439,1.40425,0.00195,0.00132
03.11.2025 11:37:58.089 UTC,1.40437,1.40425,0.0012,0.00132
03.11.2025 11:38:00.627 UTC,1.40437,1.40424,0.00144,0.00132
03.11.2025 11:38:00.732 UTC,1.40437,1.40423,0.00195,0.00132
03.11.2025 11:38:21.420 UTC,1.40438,1.40425,0.00195,0.00132
03.11.2025 11:38:21.524 UTC,1.40439,1.40426,0.0018,0.00132
03.11.2025 11:38:22.132 UTC,1.40441,1.40429,0.0042,0.00132
03.11.2025 11:38:22.285 UTC,1.40442,1.40428,0.0042,0.00132
03.11.2025 11:38:28.197 UTC,1.4044,1.40428,0.0018,0.00132
03.11.2025 11:38:28.452 UTC,1.40439,1.40426,0.0018,0.00147
03.11.2025 11:38:30.114 UTC,1.40439,1.40426,0.00195,0.00132
03.11.2025 11:38:33.080 UTC,1.40437,1.40425,0.0012,0.0012
03.11.2025 11:38:33.333 UTC,1.40436,1.40424,0.00225,0.0012
03.11.2025 11:38:33.436 UTC,1.40436,1.40423,0.0018,0.0012
03.11.2025 11:38:35.150 UTC,1.40436,1.40423,0.0024,0.0012
03.11.2025 11:38:38.272 UTC,1.40437,1.40423,0.00195,0.00132
03.11.2025 11:38:38.527 UTC,1.40436,1.40425,0.0012,0.0012
03.11.2025 11:38:38.680 UTC,1.40437,1.40424,0.0012,0.0012
03.11.2025 11:38:51.174 UTC,1.40436,1.40425,0.0012,0.0012
03.11.2025 11:38:53.204 UTC,1.40437,1.40424,0.0012,0.0012
03.11.2025 11:39:10.248 UTC,1.40438,1.40424,0.0024,0.00144
03.11.2025 11:39:10.350 UTC,1.40438,1.40425,0.0018,0.00132
03.11.2025 11:39:20.292 UTC,1.40437,1.40427,0.0018,0.0012
03.11.2025 11:39:35.144 UTC,1.40435,1.40424,0.00135,0.0012
03.11.2025 11:39:35.247 UTC,1.40433,1.40421,0.00132,0.00135
03.11.2025 11:39:35.299 UTC,1.40434,1.40421,0.00132,0.0012
03.11.2025 11:39:38.873 UTC,1.40434,1.40422,0.00132,0.0012
03.11.2025 11:39:53.303 UTC,1.40435,1.40422,0.00132,0.0012
03.11.2025 11:39:53.355 UTC,1.40427,1.40414,0.0018,0.00285
03.11.2025 11:39:53.407 UTC,1.40426,1.40414,0.00192,0.0012
03.11.2025 11:39:53.533 UTC,1.40427,1.40413,0.00342,0.0012
03.11.2025 11:39:55.098 UTC,1.40426,1.40413,0.00297,0.0012
03.11.2025 11:39:55.656 UTC,1.40425,1.40414,0.00252,0.0012
03.11.2025 11:39:55.758 UTC,1.40425,1.40413,0.00192,0.0012
03.11.2025 11:40:01.593 UTC,1.40427,1.40415,0.00342,0.0012
03.11.2025 11:40:01.696 UTC,1.40425,1.40414,0.00144,0.0012
03.11.2025 11:40:06.775 UTC,1.40426,1.40415,0.00432,0.0012
03.11.2025 11:40:06.877 UTC,1.40426,1.40414,0.00192,0.0012
03.11.2025 11:40:18.674 UTC,1.40428,1.40416,0.0024,0.0012
03.11.2025 11:40:18.726 UTC,1.4043,1.40421,0.0012,0.0012
03.11.2025 11:40:18.829 UTC,1.40429,1.4042,0.0018,0.0012
03.11.2025 11:40:19.083 UTC,1.4043,1.40418,0.0018,0.0012
03.11.2025 11:40:19.337 UTC,1.4043,1.40417,0.00195,0.0012
03.11.2025 11:40:20.553 UTC,1.40431,1.40419,0.00195,0.0012
03.11.2025 11:40:25.337 UTC,1.40433,1.40419,0.00204,0.0012
03.11.2025 11:40:25.439 UTC,1.40432,1.40419,0.00297,0.0012
03.11.2025 11:40:28.208 UTC,1.40432,1.4042,0.00192,0.0012
03.11.2025 11:40:28.311 UTC,1.40436,1.40425,0.00252,0.0012
03.11.2025 11:40:28.413 UTC,1.40437,1.40424,0.00249,0.0012
03.11.2025 11:40:28.617 UTC,1.40437,1.40424,0.00204,0.0012
03.11.2025 11:40:30.931 UTC,1.40436,1.40425,0.0018,0.0012
03.11.2025 11:40:31.064 UTC,1.40437,1.40424,0.0018,0.0012
03.11.2025 11:40:32.777 UTC,1.40436,1.40424,0.00192,0.0012
03.11.2025 11:40:32.879 UTC,1.40435,1.40425,0.0018,0.0012
03.11.2025 11:40:38.454 UTC,1.40437,1.40424,0.00192,0.0012
03.11.2025 11:40:55.388 UTC,1.40437,1.40425,0.00195,0.0012
03.11.2025 11:40:55.541 UTC,1.40439,1.40426,0.0027,0.0012
03.11.2025 11:40:55.694 UTC,1.40438,1.40427,0.00195,0.0012
03.11.2025 11:40:58.114 UTC,1.40435,1.40425,0.0012,0.0012
03.11.2025 11:40:58.217 UTC,1.40437,1.40424,0.00204,0.0012
03.11.2025 11:41:11.255 UTC,1.40437,1.40423,0.00132,0.00135
03.11.2025 11:41:12.912 UTC,1.40437,1.40423,0.0018,0.00192
03.11.2025 11:41:13.014 UTC,1.40438,1.40425,0.00135,0.00135
03.11.2025 11:41:13.167 UTC,1.40439,1.40425,0.0027,0.00135
03.11.2025 11:41:13.369 UTC,1.40438,1.40425,0.00135,0.0012
03.11.2025 11:41:17.094 UTC,1.40439,1.40425,0.0018,0.00135
03.11.2025 11:41:17.599 UTC,1.40439,1.40425,0.00135,0.0018
03.11.2025 11:41:17.800 UTC,1.40438,1.40426,0.0018,0.00135
03.11.2025 11:41:17.952 UTC,1.40438,1.40425,0.0012,0.00135
03.11.2025 11:41:20.014 UTC,1.40436,1.40426,0.0012,0.00135
03.11.2025 11:41:20.369 UTC,1.40436,1.40425,0.0012,0.00135
03.11.2025 11:41:23.464 UTC,1.40436,1.40424,0.0012,0.0012
03.11.2025 11:41:24.371 UTC,1.40437,1.40423,0.0012,0.0024
03.11.2025 11:41:25.425 UTC,1.40436,1.40424,0.0012,0.00195
03.11.2025 11:41:25.777 UTC,1.40436,1.40424,0.0012,0.0024
03.11.2025 11:41:26.081 UTC,1.40435,1.40423,0.0012,0.00285
03.11.2025 11:41:26.133 UTC,1.40434,1.40422,0.0012,0.0012
03.11.2025 11:41:26.235 UTC,1.40435,1.4042,0.0018,0.0033
03.11.2025 11:41:26.692 UTC,1.40435,1.4042,0.00135,0.0024
03.11.2025 11:41:30.106 UTC,1.40434,1.40422,0.0018,0.00135
03.11.2025 11:41:30.711 UTC,1.40435,1.40421,0.0018,0.0018
03.11.2025 11:41:31.414 UTC,1.40435,1.40421,0.00135,0.00195
03.11.2025 11:41:31.566 UTC,1.40435,1.40421,0.00135,0.0018
03.11.2025 11:41:37.392 UTC,1.40435,1.40422,0.0012,0.0018
03.11.2025 11:41:37.745 UTC,1.40435,1.40422,0.0012,0.00135
03.11.2025 11:41:41.560 UTC,1.40436,1.40422,0.00135,0.00315
03.11.2025 11:41:42.865 UTC,1.40436,1.40422,0.00135,0.0033
03.11.2025 11:41:47.105 UTC,1.40436,1.40422,0.00279,0.0018
03.11.2025 11:41:47.206 UTC,1.40436,1.40422,0.00294,0.0018
03.11.2025 11:42:02.437 UTC,1.40437,1.40423,0.00375,0.0012
03.11.2025 11:42:11.112 UTC,1.40435,1.40423,0.0018,0.0012
03.11.2025 11:42:15.618 UTC,1.40435,1.40422,0.00192,0.00315
03.11.2025 11:42:15.769 UTC,1.40436,1.40421,0.00192,0.00315
03.11.2025 11:42:16.722 UTC,1.40436,1.40421,0.00192,0.0033
03.11.2025 11:42:19.027 UTC,1.40435,1.40422,0.00192,0.00315
03.11.2025 11:42:23.292 UTC,1.40435,1.40422,0.00192,0.0033
03.11.2025 11:42:34.184 UTC,1.40438,1.40424,0.0024,0.0018
03.11.2025 11:42:34.236 UTC,1.40438,1.40425,0.00195,0.0012
03.11.2025 11:42:34.541 UTC,1.40438,1.40424,0.0018,0.00135
03.11.2025 11:42:36.209 UTC,1.40438,1.40424,0.0018,0.0018
03.11.2025 11:42:36.311 UTC,1.40439,1.40425,0.0018,0.00195
03.11.2025 11:42:36.363 UTC,1.40438,1.40425,0.0018,0.00285
03.11.2025 11:42:36.466 UTC,1.40438,1.40425,0.00195,0.0024
03.11.2025 11:42:38.289 UTC,1.40439,1.40424,0.00375,0.00135
03.11.2025 11:42:38.943 UTC,1.40439,1.40424,0.00375,0.0018
03.11.2025 11:42:39.045 UTC,1.40438,1.40424,0.0012,0.00135
03.11.2025 11:42:39.147 UTC,1.40439,1.40424,0.00375,0.0018
03.11.2025 11:42:40.852 UTC,1.40438,1.40424,0.0012,0.00135
03.11.2025 11:42:41.004 UTC,1.40439,1.40424,0.00375,0.0018
03.11.2025 11:42:41.308 UTC,1.40438,1.40424,0.0012,0.00135
03.11.2025 11:42:42.363 UTC,1.40439,1.40424,0.00285,0.0018
03.11.2025 11:42:42.516 UTC,1.40438,1.40425,0.00195,0.0018
03.11.2025 11:42:42.618 UTC,1.40437,1.40425,0.0012,0.00135
03.11.2025 11:42:45.542 UTC,1.40438,1.40425,0.00285,0.0024
03.11.2025 11:42:46.748 UTC,1.40438,1.40424,0.00195,0.00225
03.11.2025 11:42:47.351 UTC,1.40438,1.40424,0.0018,0.0018
03.11.2025 11:42:47.553 UTC,1.40438,1.40424,0.00195,0.00135
03.11.2025 11:42:56.206 UTC,1.40437,1.40425,0.0018,0.00285
03.11.2025 11:42:58.119 UTC,1.40438,1.40425,0.0024,0.0018
03.11.2025 11:42:58.271 UTC,1.40439,1.40424,0.0033,0.00195
03.11.2025 11:42:58.925 UTC,1.40438,1.40425,0.0018,0.0024
03.11.2025 11:42:59.230 UTC,1.40439,1.40424,0.00195,0.00375
03.11.2025 11:43:02.079 UTC,1.40441,1.40427,0.0024,0.00192
03.11.2025 11:43:02.182 UTC,1.40443,1.40428,0.0018,0.00192
03.11.2025 11:43:02.234 UTC,1.40443,1.40428,0.00285,0.0012
03.11.2025 11:43:02.339 UTC,1.40443,1.40428,0.00195,0.00189
03.11.2025 11:43:03.048 UTC,1.40444,1.4043,0.0018,0.0012
03.11.2025 11:43:06.219 UTC,1.40444,1.40432,0.00285,0.0012
03.11.2025 11:43:06.372 UTC,1.40445,1.40431,0.0018,0.00132
03.11.2025 11:43:08.732 UTC,1.40445,1.40432,0.0018,0.0012
03.11.2025 11:43:09.589 UTC,1.40446,1.40432,0.0018,0.00132
03.11.2025 11:43:19.077 UTC,1.40445,1.40431,0.00135,0.0018
03.11.2025 11:43:19.180 UTC,1.40444,1.40432,0.0018,0.00135
03.11.2025 11:43:19.382 UTC,1.40445,1.40431,0.0018,0.0018
03.11.2025 11:43:20.438 UTC,1.40445,1.40431,0.0018,0.00135
03.11.2025 11:43:22.048 UTC,1.40446,1.40431,0.0024,0.00432
03.11.2025 11:43:22.551 UTC,1.40445,1.40433,0.0018,0.00144
03.11.2025 11:43:23.105 UTC,1.40446,1.40432,0.0018,0.00192
03.11.2025 11:43:38.195 UTC,1.40445,1.40433,0.00195,0.00234
03.11.2025 11:43:38.347 UTC,1.40446,1.40432,0.0018,0.00249
03.11.2025 11:43:44.670 UTC,1.40446,1.40432,0.0018,0.00144
03.11.2025 11:43:50.436 UTC,1.40445,1.40434,0.0018,0.00132
03.11.2025 11:43:50.539 UTC,1.40448,1.40433,0.00195,0.00387
03.11.2025 11:43:50.590 UTC,1.40448,1.40433,0.00135,0.00342
03.11.2025 11:43:52.535 UTC,1.40448,1.40434,0.00135,0.0012
03.11.2025 11:43:52.688 UTC,1.40448,1.40433,0.00135,0.00351
03.11.2025 11:43:55.505 UTC,1.40448,1.40433,0.0018,0.00351
03.11.2025 11:44:00.177 UTC,1.40447,1.40434,0.00285,0.00153
03.11.2025 11:44:00.279 UTC,1.40446,1.40434,0.00195,0.00153
03.11.2025 11:44:01.136 UTC,1.40447,1.40434,0.00195,0.0012
03.11.2025 11:44:06.728 UTC,1.40448,1.40435,0.00285,0.0024
03.11.2025 11:44:06.981 UTC,1.40449,1.40434,0.00285,0.00225
03.11.2025 11:44:08.390 UTC,1.40449,1.40434,0.00285,0.0018
03.11.2025 11:44:09.995 UTC,1.40448,1.40434,0.0012,0.00135
03.11.2025 11:44:11.155 UTC,1.40448,1.40435,0.00285,0.0018
03.11.2025 11:44:11.559 UTC,1.40449,1.40436,0.0018,0.00135
03.11.2025 11:44:11.661 UTC,1.40447,1.40435,0.0018,0.00249
03.11.2025 11:44:11.864 UTC,1.40448,1.40434,0.00135,0.00192
03.11.2025 11:44:11.966 UTC,1.40448,1.40434,0.0018,0.00144
03.11.2025 11:44:13.077 UTC,1.40447,1.40435,0.00135,0.00192
03.11.2025 11:44:13.179 UTC,1.40448,1.40434,0.0018,0.00144
03.11.2025 11:44:13.633 UTC,1.40448,1.40434,0.00135,0.0018
03.11.2025 11:44:13.837 UTC,1.40448,1.40434,0.0018,0.00225
03.11.2025 11:44:13.939 UTC,1.40448,1.40434,0.00135,0.0018
03.11.2025 11:44:14.245 UTC,1.40448,1.40434,0.00135,0.00195
03.11.2025 11:44:14.398 UTC,1.40448,1.40434,0.0018,0.00135
03.11.2025 11:44:14.550 UTC,1.40448,1.40434,0.00195,0.00135
03.11.2025 11:44:15.759 UTC,1.40448,1.40434,0.0018,0.0018
03.11.2025 11:44:15.961 UTC,1.40448,1.40434,0.00135,0.0018
03.11.2025 11:44:16.362 UTC,1.40448,1.40434,0.0018,0.00135
03.11.2025 11:44:18.820 UTC,1.40448,1.40434,0.00135,0.0018
03.11.2025 11:44:22.331 UTC,1.40448,1.40434,0.0018,0.00135
03.11.2025 11:44:22.433 UTC,1.40448,1.40434,0.00135,0.0018
03.11.2025 11:44:23.990 UTC,1.40448,1.40434,0.0012,0.00135
03.11.2025 11:44:24.392 UTC,1.40449,1.40434,0.00285,0.0024
03.11.2025 11:44:26.800 UTC,1.40447,1.40435,0.0012,0.00225
03.11.2025 11:44:27.002 UTC,1.40449,1.40434,0.00285,0.0024
03.11.2025 11:44:27.656 UTC,1.40448,1.40434,0.0012,0.00225
03.11.2025 11:44:27.908 UTC,1.40449,1.40434,0.00285,0.0024
03.11.2025 11:44:29.817 UTC,1.40448,1.40435,0.00285,0.00252
03.11.2025 11:44:32.443 UTC,1.40451,1.40437,0.0024,0.00192
03.11.2025 11:44:32.546 UTC,1.4045,1.40436,0.0012,0.00192
03.11.2025 11:44:32.649 UTC,1.40449,1.40437,0.0012,0.00144
03.11.2025 11:44:32.751 UTC,1.4045,1.40436,0.00195,0.00144
03.11.2025 11:44:34.823 UTC,1.40449,1.40435,0.0012,0.00147
03.11.2025 11:44:34.926 UTC,1.4045,1.40436,0.00285,0.00147
03.11.2025 11:44:35.383 UTC,1.4045,1.40436,0.00285,0.00132
03.11.2025 11:44:37.654 UTC,1.40449,1.40435,0.0024,0.0012
03.11.2025 11:44:37.756 UTC,1.40447,1.40435,0.0012,0.00132
03.11.2025 11:45:00.196 UTC,1.40449,1.40435,0.0018,0.00147
03.11.2025 11:45:00.753 UTC,1.40449,1.40437,0.00195,0.00147
03.11.2025 11:45:00.906 UTC,1.4045,1.40437,0.0012,0.00132
03.11.2025 11:45:04.835 UTC,1.40453,1.40439,0.0018,0.00192
03.11.2025 11:45:04.938 UTC,1.40453,1.40442,0.0018,0.00192
03.11.2025 11:45:05.041 UTC,1.40456,1.40441,0.00465,0.00192
03.11.2025 11:45:05.346 UTC,1.40455,1.40442,0.00465,0.00192
03.11.2025 11:45:05.800 UTC,1.40457,1.40443,0.0033,0.00192
03.11.2025 11:45:05.902 UTC,1.40457,1.40444,0.0018,0.00132
03.11.2025 11:45:06.667 UTC,1.40458,1.40444,0.0024,0.00132
03.11.2025 11:45:06.920 UTC,1.40457,1.40445,0.00285,0.00132
03.11.2025 11:45:07.173 UTC,1.40458,1.40444,0.00285,0.00132
03.11.2025 11:45:07.977 UTC,1.40456,1.40443,0.00285,0.00192
03.11.2025 11:45:08.130 UTC,1.40455,1.40443,0.00195,0.00132
03.11.2025 11:45:40.162 UTC,1.40457,1.40442,0.0033,0.00252
03.11.2025 11:45:40.616 UTC,1.40457,1.40442,0.0018,0.00342
03.11.2025 11:45:40.769 UTC,1.40457,1.40444,0.00195,0.00192
03.11.2025 11:45:42.932 UTC,1.40458,1.40443,0.0018,0.00252
03.11.2025 11:45:43.788 UTC,1.40457,1.40447,0.0012,0.0012
03.11.2025 11:45:44.191 UTC,1.4046,1.40447,0.00285,0.00132
03.11.2025 11:45:44.294 UTC,1.40458,1.40449,0.0012,0.0012
03.11.2025 11:45:45.103 UTC,1.40459,1.40448,0.0012,0.00132
03.11.2025 11:45:48.524 UTC,1.4046,1.40447,0.0012,0.00132
03.11.2025 11:45:48.627 UTC,1.40461,1.40447,0.0033,0.00144
03.11.2025 11:45:52.311 UTC,1.4046,1.40449,0.0012,0.0012
03.11.2025 11:46:03.543 UTC,1.4046,1.40449,0.00204,0.0012
03.11.2025 11:46:07.567 UTC,1.40463,1.40452,0.0012,0.00132
03.11.2025 11:46:07.619 UTC,1.40465,1.40453,0.0012,0.0012
03.11.2025 11:46:07.721 UTC,1.40465,1.40453,0.0018,0.0012
03.11.2025 11:46:07.925 UTC,1.40466,1.40453,0.0018,0.0012
03.11.2025 11:46:13.067 UTC,1.40465,1.40453,0.0018,0.0012
03.11.2025 11:46:16.036 UTC,1.40463,1.40452,0.0027,0.0012
03.11.2025 11:46:16.139 UTC,1.40462,1.4045,0.00135,0.0012
03.11.2025 11:46:16.241 UTC,1.40461,1.40451,0.0033,0.0012
03.11.2025 11:46:23.088 UTC,1.40463,1.40451,0.0012,0.0012
03.11.2025 11:46:28.973 UTC,1.40461,1.4045,0.0012,0.0012
03.11.2025 11:46:32.090 UTC,1.40462,1.4045,0.0036,0.0012
03.11.2025 11:46:32.242 UTC,1.40461,1.40451,0.00375,0.0012
03.11.2025 11:46:35.812 UTC,1.40461,1.40448,0.0018,0.0012
03.11.2025 11:46:36.167 UTC,1.40461,1.40448,0.00195,0.0012
03.11.2025 11:46:39.831 UTC,1.40462,1.40449,0.0018,0.00147
03.11.2025 11:46:39.936 UTC,1.40462,1.40451,0.0018,0.0012
03.11.2025 11:46:39.989 UTC,1.40463,1.40452,0.0018,0.0012
03.11.2025 11:46:40.805 UTC,1.40465,1.40452,0.00285,0.00132
03.11.2025 11:46:40.958 UTC,1.40465,1.40453,0.0012,0.0012
03.11.2025 11:46:41.465 UTC,1.40466,1.40453,0.00195,0.00132
03.11.2025 11:46:46.440 UTC,1.40467,1.40454,0.00375,0.0012
03.11.2025 11:46:51.657 UTC,1.40466,1.40452,0.0018,0.00132
03.11.2025 11:46:52.914 UTC,1.40466,1.40454,0.0018,0.00147
03.11.2025 11:46:53.016 UTC,1.40467,1.40453,0.00135,0.00147
03.11.2025 11:46:53.219 UTC,1.40467,1.40453,0.00135,0.00144
03.11.2025 11:47:00.647 UTC,1.40466,1.40453,0.00192,0.0012
03.11.2025 11:47:01.059 UTC,1.40467,1.40453,0.00144,0.00135
03.11.2025 11:47:02.214 UTC,1.40466,1.40453,0.00132,0.0012
03.11.2025 11:47:02.316 UTC,1.40465,1.40453,0.00204,0.0012
03.11.2025 11:47:12.609 UTC,1.40465,1.40451,0.00135,0.00189
03.11.2025 11:47:19.028 UTC,1.40464,1.40452,0.0018,0.00234
03.11.2025 11:47:26.100 UTC,1.40465,1.40451,0.0018,0.0036
03.11.2025 11:47:27.285 UTC,1.40465,1.40451,0.00195,0.0012
03.11.2025 11:47:27.437 UTC,1.40465,1.40451,0.00135,0.00225
03.11.2025 11:47:28.140 UTC,1.40465,1.40451,0.00135,0.0024
03.11.2025 11:47:34.416 UTC,1.40464,1.40451,0.0012,0.00135
03.11.2025 11:47:34.871 UTC,1.40464,1.40449,0.00135,0.00555
03.11.2025 11:47:35.225 UTC,1.40463,1.4045,0.0012,0.0051
03.11.2025 11:47:35.378 UTC,1.40463,1.4045,0.0018,0.00555
03.11.2025 11:47:35.479 UTC,1.40463,1.4045,0.00135,0.0051
03.11.2025 11:47:35.934 UTC,1.40464,1.40449,0.0018,0.0024
03.11.2025 11:47:45.893 UTC,1.40464,1.40449,0.00135,0.00285
03.11.2025 11:47:46.196 UTC,1.40465,1.40451,0.0024,0.0018
03.11.2025 11:47:46.299 UTC,1.40465,1.40452,0.0018,0.0012
03.11.2025 11:47:46.812 UTC,1.40464,1.40452,0.00282,0.00135
03.11.2025 11:47:50.705 UTC,1.40464,1.40452,0.00189,0.00135
03.11.2025 11:47:58.438 UTC,1.4046,1.40449,0.0018,0.0018
03.11.2025 11:47:58.490 UTC,1.4046,1.40447,0.0018,0.0012
03.11.2025 11:47:58.592 UTC,1.4046,1.40446,0.0033,0.0012
03.11.2025 11:47:59.453 UTC,1.4046,1.40446,0.00135,0.0018
03.11.2025 11:48:01.268 UTC,1.4046,1.40446,0.00285,0.0012
03.11.2025 11:48:08.243 UTC,1.4046,1.40447,0.0012,0.0012
03.11.2025 11:48:08.345 UTC,1.40459,1.40448,0.0012,0.0012
03.11.2025 11:48:12.565 UTC,1.4046,1.40447,0.0012,0.0012
03.11.2025 11:48:21.247 UTC,1.40459,1.40447,0.0012,0.00135
03.11.2025 11:48:22.505 UTC,1.40459,1.40445,0.0012,0.00225
03.11.2025 11:48:22.807 UTC,1.4046,1.40445,0.00285,0.0024
03.11.2025 11:48:29.610 UTC,1.40459,1.40445,0.0012,0.00315
03.11.2025 11:48:30.012 UTC,1.4046,1.40445,0.00195,0.0033
03.11.2025 11:48:32.418 UTC,1.4046,1.40445,0.00195,0.00315
03.11.2025 11:48:32.920 UTC,1.4046,1.40445,0.00195,0.0033
03.11.2025 11:48:36.382 UTC,1.40459,1.40445,0.0012,0.00315
03.11.2025 11:48:36.585 UTC,1.40459,1.40445,0.00135,0.0033
03.11.2025 11:48:37.943 UTC,1.4046,1.40445,0.00384,0.00315
03.11.2025 11:48:40.625 UTC,1.4046,1.40445,0.00384,0.0033
03.11.2025 11:48:41.279 UTC,1.40458,1.40446,0.0012,0.00225
03.11.2025 11:48:42.384 UTC,1.40459,1.40446,0.00474,0.0018
03.11.2025 11:48:46.845 UTC,1.40458,1.40446,0.0012,0.0012
03.11.2025 11:48:49.953 UTC,1.40459,1.40446,0.00294,0.0024
03.11.2025 11:48:50.055 UTC,1.40459,1.40447,0.00225,0.0012
03.11.2025 11:48:55.304 UTC,1.4046,1.40445,0.00384,0.00225
03.11.2025 11:48:56.462 UTC,1.4046,1.40445,0.00369,0.0024
03.11.2025 11:48:57.320 UTC,1.4046,1.40445,0.0027,0.00225
03.11.2025 11:48:57.926 UTC,1.4046,1.40445,0.0027,0.0033
03.11.2025 11:49:00.943 UTC,1.40459,1.40445,0.00135,0.00225
03.11.2025 11:49:01.045 UTC,1.40458,1.40446,0.0012,0.0024
03.11.2025 11:49:04.033 UTC,1.40459,1.40446,0.00279,0.0033
03.11.2025 11:49:05.797 UTC,1.4046,1.40445,0.00294,0.00315
03.11.2025 11:49:06.151 UTC,1.40459,1.40446,0.00189,0.0033
03.11.2025 11:49:08.159 UTC,1.4046,1.40446,0.00294,0.0012
03.11.2025 11:49:08.714 UTC,1.4046,1.40446,0.00234,0.00135
03.11.2025 11:49:12.487 UTC,1.4046,1.40446,0.00294,0.00225
03.11.2025 11:49:21.250 UTC,1.40458,1.40446,0.0012,0.00225
03.11.2025 11:49:21.402 UTC,1.4046,1.40445,0.00294,0.0024
03.11.2025 11:49:23.868 UTC,1.40458,1.40445,0.00135,0.00135
03.11.2025 11:49:23.970 UTC,1.40458,1.40445,0.0018,0.00135
03.11.2025 11:49:25.733 UTC,1.40458,1.40444,0.00135,0.0033
03.11.2025 11:49:33.464 UTC,1.40458,1.40445,0.00135,0.0018
03.11.2025 11:49:42.942 UTC,1.40458,1.40445,0.00135,0.00225
03.11.2025 11:49:46.476 UTC,1.40457,1.40445,0.00249,0.00225
03.11.2025 11:49:46.580 UTC,1.40456,1.40444,0.00324,0.00135
03.11.2025 11:49:46.682 UTC,1.40457,1.40443,0.00342,0.0012
03.11.2025 11:49:46.835 UTC,1.40456,1.40442,0.00252,0.0012
03.11.2025 11:49:46.938 UTC,1.40454,1.40442,0.0012,0.00315
03.11.2025 11:49:47.794 UTC,1.40455,1.40444,0.00192,0.0012
03.11.2025 11:49:48.298 UTC,1.40456,1.40443,0.0018,0.0012
03.11.2025 11:49:51.208 UTC,1.40456,1.40444,0.0018,0.0012
03.11.2025 11:50:00.420 UTC,1.40456,1.40444,0.00285,0.00135
03.11.2025 11:50:03.432 UTC,1.40456,1.40445,0.00285,0.0012
03.11.2025 11:50:08.799 UTC,1.40457,1.40443,0.00285,0.00135
03.11.2025 11:50:08.952 UTC,1.40456,1.40443,0.0012,0.0012
03.11.2025 11:50:15.256 UTC,1.40455,1.40443,0.00132,0.0018
03.11.2025 11:50:17.418 UTC,1.40456,1.40443,0.00132,0.0012
03.11.2025 11:50:21.334 UTC,1.40454,1.40443,0.0012,0.0012
03.11.2025 11:50:21.459 UTC,1.40455,1.40443,0.00204,0.0012
03.11.2025 11:50:27.283 UTC,1.40455,1.40443,0.00132,0.00225
03.11.2025 11:50:32.556 UTC,1.40456,1.40442,0.00384,0.00135
03.11.2025 11:50:33.062 UTC,1.40455,1.40441,0.00132,0.00135
03.11.2025 11:50:33.264 UTC,1.40456,1.40441,0.00432,0.0018
03.11.2025 11:50:34.523 UTC,1.40455,1.40441,0.00132,0.00135
03.11.2025 11:50:36.582 UTC,1.40456,1.40441,0.00432,0.0024
03.11.2025 11:50:39.398 UTC,1.40456,1.40442,0.00192,0.0018
03.11.2025 11:50:40.451 UTC,1.40456,1.40442,0.00204,0.00135
03.11.2025 11:50:51.473 UTC,1.40455,1.40441,0.0012,0.0018
03.11.2025 11:50:51.626 UTC,1.40456,1.40441,0.00204,0.0024
03.11.2025 11:50:53.885 UTC,1.40454,1.40442,0.00132,0.00225
03.11.2025 11:50:56.197 UTC,1.40456,1.40442,0.00387,0.0012
03.11.2025 11:50:56.353 UTC,1.40454,1.40443,0.0018,0.0018
03.11.2025 11:50:56.457 UTC,1.40454,1.40445,0.00135,0.0012
03.11.2025 11:50:58.420 UTC,1.40456,1.40443,0.0024,0.00135
03.11.2025 11:51:02.620 UTC,1.40456,1.40442,0.00195,0.00225
03.11.2025 11:51:03.876 UTC,1.40456,1.40442,0.0018,0.0024
03.11.2025 11:51:04.880 UTC,1.40456,1.40442,0.00195,0.00135
03.11.2025 11:51:08.741 UTC,1.40455,1.40443,0.0018,0.0018
03.11.2025 11:51:09.094 UTC,1.40457,1.40443,0.0018,0.0018
03.11.2025 11:51:09.251 UTC,1.40458,1.40444,0.0027,0.00135
03.11.2025 11:51:09.356 UTC,1.40458,1.40444,0.00225,0.0024
03.11.2025 11:51:11.269 UTC,1.40457,1.40445,0.00135,0.00135
03.11.2025 11:51:12.778 UTC,1.40458,1.40443,0.00225,0.00285
03.11.2025 11:51:14.554 UTC,1.40458,1.40443,0.0027,0.0042
03.11.2025 11:51:14.911 UTC,1.40457,1.40444,0.0027,0.00225
03.11.2025 11:51:15.765 UTC,1.40457,1.40444,0.0027,0.0024
03.11.2025 11:51:16.118 UTC,1.40458,1.40443,0.0027,0.00225
03.11.2025 11:51:16.671 UTC,1.40458,1.40443,0.0027,0.0024
03.11.2025 11:51:20.733 UTC,1.40458,1.40443,0.0027,0.00225
03.11.2025 11:51:21.387 UTC,1.40457,1.40444,0.00285,0.0024
03.11.2025 11:51:28.489 UTC,1.40457,1.40443,0.0018,0.00225
03.11.2025 11:51:29.243 UTC,1.40457,1.40443,0.00135,0.0024
03.11.2025 11:51:29.346 UTC,1.40458,1.40443,0.0024,0.00195
03.11.2025 11:51:29.448 UTC,1.40458,1.40444,0.00135,0.0018
03.11.2025 11:51:33.218 UTC,1.40458,1.40444,0.0018,0.00135
03.11.2025 11:51:33.320 UTC,1.40458,1.40446,0.0018,0.0018
03.11.2025 11:51:40.915 UTC,1.40459,1.40446,0.00285,0.00135
03.11.2025 11:51:45.330 UTC,1.40459,1.40446,0.00285,0.0018
03.11.2025 11:51:46.184 UTC,1.40459,1.40445,0.00195,0.00225
03.11.2025 11:51:48.192 UTC,1.40459,1.40445,0.0018,0.0024
03.11.2025 11:51:48.294 UTC,1.40458,1.40446,0.00195,0.00225
03.11.2025 11:51:49.949 UTC,1.40459,1.40445,0.0018,0.0024
03.11.2025 11:51:50.554 UTC,1.40458,1.40446,0.00195,0.00225
03.11.2025 11:51:50.706 UTC,1.40459,1.40445,0.0018,0.0024
03.11.2025 11:52:13.220 UTC,1.40457,1.40444,0.0012,0.00195
03.11.2025 11:52:13.323 UTC,1.40457,1.40443,0.00135,0.0018
03.11.2025 11:52:21.158 UTC,1.40457,1.40443,0.0012,0.0012
03.11.2025 11:52:21.609 UTC,1.40457,1.40443,0.0012,0.0018
03.11.2025 11:52:23.269 UTC,1.40457,1.40443,0.0012,0.0012
03.11.2025 11:52:24.324 UTC,1.40457,1.40443,0.00135,0.0024
03.11.2025 11:52:35.938 UTC,1.40457,1.40443,0.00135,0.00339
03.11.2025 11:52:36.344 UTC,1.40459,1.40444,0.0024,0.00195
03.11.2025 11:52:36.446 UTC,1.40459,1.40444,0.00285,0.0018
03.11.2025 11:52:36.599 UTC,1.40457,1.40445,0.00135,0.00285
03.11.2025 11:52:37.708 UTC,1.40458,1.40444,0.00135,0.0024
03.11.2025 11:52:39.819 UTC,1.40457,1.40445,0.0012,0.00135
03.11.2025 11:52:40.074 UTC,1.40457,1.40444,0.00195,0.0018
03.11.2025 11:52:40.680 UTC,1.40457,1.40443,0.0012,0.00135
03.11.2025 11:52:41.634 UTC,1.40458,1.40443,0.00195,0.0018
03.11.2025 11:52:46.328 UTC,1.40457,1.40443,0.0012,0.00225
03.11.2025 11:52:46.630 UTC,1.40458,1.40443,0.00285,0.0024
03.11.2025 11:52:56.166 UTC,1.40457,1.40443,0.0012,0.00225
03.11.2025 11:52:58.148 UTC,1.40458,1.40443,0.006,0.0024
03.11.2025 11:52:59.103 UTC,1.40457,1.40443,0.0012,0.00225
03.11.2025 11:52:59.660 UTC,1.40458,1.40443,0.0051,0.0024
03.11.2025 11:53:01.116 UTC,1.40458,1.40443,0.0051,0.00225
03.11.2025 11:53:03.779 UTC,1.40457,1.40444,0.00285,0.00225
03.11.2025 11:53:03.882 UTC,1.40457,1.40445,0.0012,0.00294
03.11.2025 11:53:03.985 UTC,1.40459,1.40445,0.0027,0.00144
03.11.2025 11:53:04.290 UTC,1.40458,1.40446,0.0018,0.00144
03.11.2025 11:53:04.443 UTC,1.40458,1.40446,0.0018,0.00192
03.11.2025 11:53:10.458 UTC,1.40459,1.40445,0.00195,0.00225
03.11.2025 11:53:10.559 UTC,1.40459,1.40445,0.0018,0.0024
03.11.2025 11:53:15.240 UTC,1.40461,1.40446,0.0024,0.00249
03.11.2025 11:53:15.342 UTC,1.40461,1.40446,0.00195,0.00249
03.11.2025 11:53:15.496 UTC,1.4046,1.40447,0.00195,0.00249
03.11.2025 11:53:18.358 UTC,1.40461,1.40446,0.00195,0.00243
03.11.2025 11:53:20.114 UTC,1.40462,1.40448,0.0018,0.0018
03.11.2025 11:53:20.217 UTC,1.40461,1.40448,0.00135,0.00135
03.11.2025 11:53:20.370 UTC,1.4046,1.40449,0.00195,0.0012
03.11.2025 11:53:21.626 UTC,1.40463,1.40449,0.0018,0.00249
03.11.2025 11:53:21.729 UTC,1.40463,1.40449,0.00195,0.00234
03.11.2025 11:53:22.384 UTC,1.40462,1.4045,0.0018,0.00249
03.11.2025 11:53:22.586 UTC,1.40461,1.40448,0.0018,0.0012
03.11.2025 11:53:22.688 UTC,1.40462,1.40448,0.0024,0.00258
03.11.2025 11:53:22.841 UTC,1.40461,1.40449,0.00285,0.00243
03.11.2025 11:53:23.298 UTC,1.40461,1.4045,0.0018,0.00135
03.11.2025 11:53:30.126 UTC,1.40459,1.40448,0.0018,0.0018
03.11.2025 11:53:30.228 UTC,1.40459,1.40446,0.0027,0.00147
03.11.2025 11:53:30.280 UTC,1.40459,1.40446,0.00285,0.00147
03.11.2025 11:53:34.389 UTC,1.4046,1.40445,0.00285,0.00372
03.11.2025 11:53:39.071 UTC,1.4046,1.40446,0.0018,0.00192
03.11.2025 11:53:40.125 UTC,1.4046,1.40446,0.0024,0.00234
03.11.2025 11:53:48.251 UTC,1.4046,1.40446,0.0018,0.00249
03.11.2025 11:53:50.120 UTC,1.4046,1.40446,0.00195,0.00234
03.11.2025 11:53:58.145 UTC,1.40461,1.40446,0.00195,0.00339
03.11.2025 11:53:58.400 UTC,1.4046,1.40446,0.00195,0.0012
03.11.2025 11:54:00.361 UTC,1.40461,1.40446,0.00285,0.00192
03.11.2025 11:54:02.065 UTC,1.40459,1.40447,0.00195,0.00225
03.11.2025 11:54:05.791 UTC,1.4046,1.40446,0.0018,0.0024
03.11.2025 11:54:07.447 UTC,1.40462,1.40448,0.00432,0.00135
03.11.2025 11:54:07.549 UTC,1.40461,1.40448,0.00204,0.0012
03.11.2025 11:54:08.907 UTC,1.4046,1.40447,0.0018,0.00135
03.11.2025 11:54:38.085 UTC,1.40459,1.40447,0.00132,0.00135
03.11.2025 11:54:44.629 UTC,1.40461,1.40446,0.00294,0.0024
03.11.2025 11:54:44.730 UTC,1.40459,1.40447,0.0012,0.00225
03.11.2025 11:54:45.183 UTC,1.40461,1.40446,0.00204,0.0024
03.11.2025 11:54:45.787 UTC,1.40459,1.40447,0.0012,0.00135
03.11.2025 11:54:47.196 UTC,1.4046,1.40446,0.00204,0.00135
03.11.2025 11:54:58.346 UTC,1.40461,1.40447,0.00384,0.0012
03.11.2025 11:54:58.449 UTC,1.40461,1.40446,0.00294,0.00315
03.11.2025 11:55:10.126 UTC,1.40459,1.40445,0.00252,0.0012
03.11.2025 11:55:10.282 UTC,1.40458,1.40445,0.00132,0.0012
03.11.2025 11:55:16.308 UTC,1.40457,1.40446,0.00192,0.0012
03.11.2025 11:55:16.411 UTC,1.40456,1.40445,0.00237,0.0012
03.11.2025 11:55:16.513 UTC,1.40456,1.40444,0.00132,0.0012
03.11.2025 11:55:26.310 UTC,1.40456,1.40443,0.00132,0.0012
03.11.2025 11:55:49.208 UTC,1.40455,1.40444,0.00132,0.0018
03.11.2025 11:55:54.677 UTC,1.40456,1.40443,0.00132,0.0018
03.11.2025 11:56:00.625 UTC,1.40456,1.40443,0.00132,0.0012
03.11.2025 11:56:01.579 UTC,1.40456,1.40444,0.00207,0.00135
03.11.2025 11:56:13.409 UTC,1.40456,1.40444,0.00192,0.0024
03.11.2025 11:56:13.561 UTC,1.40457,1.40443,0.00204,0.00225
03.11.2025 11:56:17.128 UTC,1.40457,1.40443,0.00195,0.00237
03.11.2025 11:56:42.129 UTC,1.40456,1.40445,0.0018,0.00144
03.11.2025 11:56:43.690 UTC,1.40458,1.40444,0.0018,0.00192
03.11.2025 11:56:43.792 UTC,1.40458,1.40444,0.00195,0.00144
03.11.2025 11:56:45.202 UTC,1.40457,1.40446,0.0018,0.00144
03.11.2025 11:56:50.357 UTC,1.40457,1.40445,0.00195,0.0012
03.11.2025 11:56:52.417 UTC,1.40457,1.40449,0.0012,0.0012
03.11.2025 11:56:52.469 UTC,1.40463,1.40451,0.00135,0.00132
03.11.2025 11:56:52.521 UTC,1.40466,1.40452,0.0018,0.0012
03.11.2025 11:56:52.572 UTC,1.40466,1.40452,0.00375,0.0012
03.11.2025 11:56:52.979 UTC,1.40467,1.40453,0.0042,0.00132
03.11.2025 11:56:53.081 UTC,1.40466,1.40454,0.0018,0.00192
03.11.2025 11:56:53.184 UTC,1.40467,1.40453,0.0018,0.00192
03.11.2025 11:57:07.339 UTC,1.40467,1.40455,0.0018,0.0012
03.11.2025 11:57:18.020 UTC,1.40466,1.40455,0.0018,0.00132
03.11.2025 11:57:19.327 UTC,1.40467,1.40454,0.0012,0.00132
03.11.2025 11:57:19.987 UTC,1.40467,1.40455,0.00285,0.00147
03.11.2025 11:57:20.442 UTC,1.40465,1.40455,0.00195,0.00132
03.11.2025 11:57:20.594 UTC,1.40466,1.40454,0.0012,0.00132
03.11.2025 11:57:23.313 UTC,1.40465,1.40454,0.0012,0.00132
03.11.2025 11:57:23.465 UTC,1.40466,1.40453,0.0012,0.00132
03.11.2025 11:57:29.547 UTC,1.40465,1.40453,0.0012,0.0012
03.11.2025 11:57:38.663 UTC,1.40465,1.40452,0.0018,0.00132
03.11.2025 11:57:42.230 UTC,1.40467,1.40453,0.00285,0.00147
03.11.2025 11:57:42.383 UTC,1.40466,1.40454,0.00285,0.00147
03.11.2025 11:57:47.221 UTC,1.40467,1.40453,0.0018,0.00192
03.11.2025 11:57:47.324 UTC,1.40466,1.40454,0.0018,0.00252
03.11.2025 11:57:48.129 UTC,1.40467,1.40455,0.0033,0.00147
03.11.2025 11:57:48.233 UTC,1.40468,1.40459,0.0012,0.0012
03.11.2025 11:57:48.338 UTC,1.40472,1.40458,0.0033,0.00192
03.11.2025 11:57:51.073 UTC,1.40472,1.40458,0.0024,0.00147
03.11.2025 11:57:51.227 UTC,1.40472,1.40458,0.0018,0.00132
03.11.2025 11:57:53.955 UTC,1.40472,1.40458,0.00195,0.00147
03.11.2025 11:57:56.114 UTC,1.4047,1.40457,0.00285,0.00432
03.11.2025 11:57:56.368 UTC,1.4047,1.40458,0.00195,0.00147
03.11.2025 11:57:56.471 UTC,1.40471,1.40457,0.00285,0.00147
03.11.2025 11:57:56.573 UTC,1.40469,1.40455,0.0018,0.00612
03.11.2025 11:57:56.675 UTC,1.40469,1.40455,0.00252,0.00375
03.11.2025 11:58:01.106 UTC,1.40468,1.40457,0.00297,0.0012
03.11.2025 11:58:01.509 UTC,1.40469,1.40455,0.00252,0.0024
03.11.2025 11:58:02.367 UTC,1.40469,1.40455,0.00297,0.0012
03.11.2025 11:58:04.479 UTC,1.40468,1.40456,0.00252,0.00192
03.11.2025 11:58:04.580 UTC,1.40468,1.40456,0.00297,0.00132
03.11.2025 11:58:04.883 UTC,1.40469,1.40455,0.00297,0.00249
03.11.2025 11:58:06.650 UTC,1.40469,1.40455,0.0018,0.00261
03.11.2025 11:58:11.126 UTC,1.40467,1.40456,0.00135,0.00144
03.11.2025 11:58:35.697 UTC,1.40468,1.40454,0.0024,0.00261
03.11.2025 11:59:00.446 UTC,1.40467,1.40455,0.00294,0.00225
03.11.2025 11:59:00.548 UTC,1.40467,1.40455,0.00477,0.00225
03.11.2025 11:59:01.575 UTC,1.40466,1.40453,0.00237,0.00135
03.11.2025 11:59:01.678 UTC,1.40465,1.40453,0.00237,0.00135
03.11.2025 11:59:01.781 UTC,1.40465,1.40452,0.00237,0.0033
03.11.2025 11:59:01.933 UTC,1.40467,1.40452,0.00342,0.0033
03.11.2025 11:59:02.136 UTC,1.40465,1.40453,0.00144,0.0018
03.11.2025 11:59:02.238 UTC,1.40464,1.40453,0.00327,0.0024
03.11.2025 11:59:02.340 UTC,1.40465,1.40452,0.00282,0.0012
03.11.2025 11:59:03.750 UTC,1.40465,1.40452,0.00327,0.0018
03.11.2025 11:59:10.489 UTC,1.40465,1.40453,0.00144,0.00135
03.11.2025 11:59:11.092 UTC,1.40465,1.40451,0.00192,0.00135
03.11.2025 11:59:11.195 UTC,1.40464,1.40451,0.00147,0.0012
03.11.2025 11:59:11.346 UTC,1.40464,1.4045,0.00147,0.00225
03.11.2025 11:59:11.649 UTC,1.40464,1.4045,0.00147,0.0018
03.11.2025 11:59:12.303 UTC,1.40464,1.40452,0.00192,0.0012
03.11.2025 11:59:20.101 UTC,1.40463,1.40452,0.00192,0.00135
03.11.2025 11:59:21.205 UTC,1.40463,1.40453,0.00192,0.0012
03.11.2025 11:59:27.213 UTC,1.40463,1.40452,0.00192,0.00135
03.11.2025 11:59:27.919 UTC,1.40463,1.40452,0.00207,0.0012
03.11.2025 11:59:28.675 UTC,1.40463,1.40451,0.00207,0.00135
03.11.2025 11:59:29.178 UTC,1.40464,1.4045,0.00192,0.0018
03.11.2025 11:59:29.531 UTC,1.40464,1.4045,0.00207,0.00135
03.11.2025 11:59:31.088 UTC,1.40463,1.4045,0.00144,0.00135
03.11.2025 11:59:31.741 UTC,1.4046,1.40449,0.0012,0.00204
03.11.2025 11:59:31.844 UTC,1.4046,1.40451,0.0012,0.00135
03.11.2025 11:59:35.957 UTC,1.40461,1.40451,0.0012,0.0012
03.11.2025 11:59:40.628 UTC,1.40461,1.4045,0.0012,0.00135
03.11.2025 11:59:41.783 UTC,1.40462,1.4045,0.00135,0.00135
03.11.2025 11:59:46.100 UTC,1.40462,1.40448,0.00189,0.00369
03.11.2025 11:59:46.202 UTC,1.40462,1.40448,0.00144,0.00429
03.11.2025 11:59:46.304 UTC,1.40462,1.40448,0.00192,0.00429
03.11.2025 11:59:50.323 UTC,1.4046,1.40448,0.00135,0.00225
03.11.2025 11:59:50.426 UTC,1.40458,1.40448,0.00132,0.0012
03.11.2025 11:59:50.477 UTC,1.40457,1.40446,0.0012,0.0018
03.11.2025 11:59:51.187 UTC,1.40457,1.40445,0.0012,0.0012
03.11.2025 11:59:52.223 UTC,1.40457,1.40444,0.00192,0.00135
03.11.2025 11:59:54.691 UTC,1.40457,1.40445,0.00144,0.0012