{
    "Places": 0.13019999999999998,
    "SUN": 0.14224267280184055,
    "agricultural_crops": 0.0,
    "excavatio": 0.0,
    "alzeihmer": 0.0032812500000000133,
    "animation_faces": 0.0481648183378961,
    "arabic_handwritten_characters": 0.01538690476190474,
    "blood_cells": 0.0022883295194507935,
    "brainMRITumorTypes": 0.014705882352941124,
    "brand_logos": 0.0,
    "captcha": 0.0,
    "cards": 0.06683836154034828,
    "chess_pieces": 0.006144393241167445,
    "chest_xray_pneumonia": 0.019808743169398957,
    "chinese_fine_art": 0.0025316455696202667,
    "weedcro": 0.010276399716513063,
    "aintings": 0.0020000000000000018,
    "coffee_beans": 0.0024999999999999467,
    "lant_disease": 0.010443864229765065,
    "diamonds": 0.009947814742335304,
    "emotional_faces": 0.03805189175800361,
    "english_handwritten_chars": 0.003225806451612856,
    "colonosco": 0.0,
    "eyes": 0.007104795737122527,
    "faces_in_the_wild": 0.04171389707549311,
    "fastfood": 0.1526169405815424,
    "female_male_eyes": 0.02802603036876361,
    "fire_and_smoke": 0.0,
    "gemstones": 0.026716371543957784,
    "meat_qualit": 0.0,
    "handwritten_math_symbols": 0.003375308321433179,
    "homer_and_bart": 0.0,
    "iNaturalist": 0.10009999999999997,
    "image_net": 1.0,
    "image_net_val": 0.949273515166964,
    "indian_food": 0.07699999999999996,
    "covid_ct_scans": 0.00806126561870213,
    "outube_thumbnail": 0.06035605731654359,
    "lego": 0.002024291497975672,
    "lego_minifigures": 0.0,
    "licence_plates": 0.0,
    "ollen_grai": 0.0012658227848101333,
    "monkeypox": 0.04131408661025382,
    "movie_posters": 0.10033931168201649,
    "ornamental_plants": 0.0006071645415908211,
    "qr_codes": 0.0007000000000000339,
    "railway_tracks": 0.0,
    "shells_pebbles": 0.12558906691800187,
    "sign_language": 0.0023856858846919016,
    "stairs": 0.0,
    "textures": 0.13102836879432622,
    "validatio": 0.3309444444444445,
    "weather": 0.12069970845481048
}