{
    "Places": 0.1604,
    "SUN": 0.1582474742422727,
    "agricultural_crops": 0.0,
    "excavatio": 0.0,
    "alzeihmer": 0.003593749999999951,
    "animation_faces": 0.04742239339241794,
    "arabic_handwritten_characters": 0.017946428571428585,
    "blood_cells": 0.003432494279176246,
    "brainMRITumorTypes": 0.015931372549019662,
    "brand_logos": 0.0,
    "captcha": 0.0,
    "cards": 0.08376257051753744,
    "chess_pieces": 0.006144393241167445,
    "chest_xray_pneumonia": 0.022711748633879814,
    "chinese_fine_art": 0.0025316455696202667,
    "weedcro": 0.010630758327427325,
    "aintings": 0.0020000000000000018,
    "coffee_beans": 0.0031250000000000444,
    "lant_disease": 0.01631853785900783,
    "diamonds": 0.011904761904761862,
    "emotional_faces": 0.04303672053997154,
    "english_handwritten_chars": 0.0035190615835777317,
    "colonosco": 0.0016339869281045694,
    "eyes": 0.006749555950266384,
    "faces_in_the_wild": 0.051613390765510414,
    "fastfood": 0.14432364096080907,
    "female_male_eyes": 0.03132321041214747,
    "fire_and_smoke": 0.0,
    "gemstones": 0.03075489282385835,
    "meat_qualit": 0.0,
    "handwritten_math_symbols": 0.00428404517720371,
    "homer_and_bart": 0.0,
    "iNaturalist": 0.11619999999999997,
    "indian_food": 0.09499999999999997,
    "covid_ct_scans": 0.008867392180572309,
    "outube_thumbnail": 0.07772470690403821,
    "lego": 0.002024291497975672,
    "lego_minifigures": 0.0,
    "licence_plates": 0.0,
    "ollen_grai": 0.0012658227848101333,
    "monkeypox": 0.05077152812344454,
    "movie_posters": 0.11875908870576835,
    "ornamental_plants": 0.0012143290831815312,
    "qr_codes": 0.0007000000000000339,
    "railway_tracks": 0.0,
    "shells_pebbles": 0.144674835061263,
    "sign_language": 0.0025844930417494583,
    "stairs": 0.0,
    "textures": 0.14964539007092204,
    "weather": 0.13367346938775515
}