{
    "Places": 0.9323,
    "SUN": 0.9031709512853856,
    "agricultural_crops": 0.38431372549019605,
    "alzeihmer": 0.0,
    "animation_faces": 0.14110714119994427,
    "arabic_handwritten_characters": 0.0,
    "blood_cells": 0.024027459954233388,
    "brainMRITumorTypes": 0.1859681372549019,
    "brand_logos": 0.19999999999999996,
    "captcha": 0.0,
    "cards": 0.4011528084375766,
    "chess_pieces": 0.6236559139784946,
    "chest_xray_pneumonia": 0.013831967213114749,
    "chinese_fine_art": 0.6405063291139241,
    "colonosco": 0.0,
    "aintings": 0.506,
    "coffee_beans": 0.018124999999999947,
    "covid_ct_scans": 0.048367593712212775,
    "excavatio": 0.2160804020100503,
    "diamonds": 0.08871493803000652,
    "emotional_faces": 0.06291411232893673,
    "english_handwritten_chars": 0.0,
    "lant_disease": 0.2565274151436031,
    "eyes": 0.2706927175843694,
    "faces_in_the_wild": 0.22678153102093257,
    "fastfood": 0.5715297092288243,
    "female_male_eyes": 0.09466377440347074,
    "fire_and_smoke": 0.5,
    "gemstones": 0.6905871388630009,
    "meat_qualit": 0.0,
    "handwritten_math_symbols": 0.029469038037128414,
    "homer_and_bart": 0.06319702602230481,
    "iNaturalist": 0.7357,
    "indian_food": 0.71275,
    "outube_thumbnail": 0.5692574902301346,
    "ollen_grai": 0.032911392405063244,
    "lego": 0.5789473684210527,
    "lego_minifigures": 0.5870445344129555,
    "licence_plates": 0.1132075471698113,
    "weedcro": 0.277462792345854,
    "monkeypox": 0.4951053592168575,
    "movie_posters": 0.4031749878817257,
    "ornamental_plants": 0.08864602307225256,
    "qr_codes": 0.0,
    "railway_tracks": 0.12771739130434778,
    "shells_pebbles": 0.0,
    "sign_language": 0.0,
    "stairs": 0.2551020408163265,
    "textures": 0.6952127659574467,
    "weather": 0.8664723032069971
}