{
    "Places": 0.9196,
    "SUN": 0.9019705911773532,
    "agricultural_crops": 0.21176470588235297,
    "alzeihmer": 0.0,
    "animation_faces": 0.10570275161245413,
    "arabic_handwritten_characters": 0.0,
    "blood_cells": 0.014874141876430214,
    "brainMRITumorTypes": 0.1853553921568627,
    "brand_logos": 0.16551724137931034,
    "captcha": 0.0,
    "cards": 0.33541819965661024,
    "chess_pieces": 0.6006144393241167,
    "chest_xray_pneumonia": 0.012636612021857951,
    "chinese_fine_art": 0.5164556962025316,
    "colonosco": 0.0,
    "aintings": 0.502,
    "coffee_beans": 0.0068749999999999645,
    "covid_ct_scans": 0.047964530431277685,
    "excavatio": 0.15577889447236182,
    "diamonds": 0.07077625570776258,
    "emotional_faces": 0.0589819803083782,
    "english_handwritten_chars": 0.0,
    "lant_disease": 0.1755874673629243,
    "eyes": 0.21030195381882766,
    "faces_in_the_wild": 0.2127257613541903,
    "fastfood": 0.47676359039190896,
    "female_male_eyes": 0.07531453362255969,
    "fire_and_smoke": 0.45999999999999996,
    "gemstones": 0.6324945635290462,
    "meat_qualit": 0.0,
    "handwritten_math_symbols": 0.02310788004673503,
    "homer_and_bart": 0.06319702602230481,
    "iNaturalist": 0.6441,
    "image_net": 1.0,
    "image_net_val": 0.950293143002804,
    "indian_food": 0.6192500000000001,
    "outube_thumbnail": 0.5440729483282675,
    "ollen_grai": 0.029113924050632956,
    "lego": 0.5060728744939271,
    "lego_minifigures": 0.5040485829959513,
    "licence_plates": 0.09433962264150941,
    "weedcro": 0.26824946846208364,
    "monkeypox": 0.41927990708478513,
    "movie_posters": 0.3577314590402326,
    "ornamental_plants": 0.07043108682452948,
    "qr_codes": 0.0,
    "railway_tracks": 0.10869565217391308,
    "shells_pebbles": 0.0,
    "sign_language": 0.0,
    "stairs": 0.18367346938775508,
    "textures": 0.6663120567375886,
    "validatio": 0.528,
    "weather": 0.8508746355685131
}