UTC,Ask,Bid,Ask Volume,Bid Volume
14.10.2025 15:00:00.509 UTC,1.40408,1.40399,0.0012,0.00116
14.10.2025 15:00:00.611 UTC,1.40409,1.40399,0.00144,0.00116
14.10.2025 15:00:00.664 UTC,1.40403,1.40396,0.0012,0.0012
14.10.2025 15:00:00.717 UTC,1.40406,1.40394,0.00132,0.0018
14.10.2025 15:00:00.769 UTC,1.40407,1.40398,0.0027,0.00116
14.10.2025 15:00:00.872 UTC,1.40408,1.40398,0.00324,0.00116
14.10.2025 15:00:00.924 UTC,1.40408,1.40395,0.00324,0.00267
14.10.2025 15:00:01.077 UTC,1.40408,1.40395,0.00339,0.00267
14.10.2025 15:00:01.690 UTC,1.40406,1.40396,0.00249,0.00116
14.10.2025 15:00:01.944 UTC,1.40407,1.40395,0.00234,0.00116
14.10.2025 15:00:02.058 UTC,1.40406,1.40396,0.00225,0.00128
14.10.2025 15:00:02.526 UTC,1.40407,1.40395,0.0018,0.00189
14.10.2025 15:00:02.628 UTC,1.40407,1.40395,0.0027,0.00189
14.10.2025 15:00:03.235 UTC,1.40407,1.40395,0.0018,0.00177
14.10.2025 15:00:03.336 UTC,1.40407,1.40395,0.00282,0.00177
14.10.2025 15:00:04.096 UTC,1.40407,1.40395,0.00324,0.00177
14.10.2025 15:00:04.400 UTC,1.40406,1.40396,0.00327,0.00177
14.10.2025 15:00:04.652 UTC,1.40407,1.40395,0.00315,0.00177
14.10.2025 15:00:06.377 UTC,1.40407,1.40396,0.0012,0.00144
14.10.2025 15:00:06.429 UTC,1.40408,1.40397,0.00279,0.00234
14.10.2025 15:00:06.531 UTC,1.40409,1.40398,0.00279,0.00116
14.10.2025 15:00:07.946 UTC,1.40409,1.404,0.00237,0.00116
14.10.2025 15:00:08.353 UTC,1.40407,1.404,0.0012,0.00116
14.10.2025 15:00:08.455 UTC,1.40407,1.40398,0.0012,0.00116
14.10.2025 15:00:09.164 UTC,1.40407,1.40397,0.0012,0.00116
14.10.2025 15:00:09.367 UTC,1.40406,1.40397,0.0012,0.0012
14.10.2025 15:00:09.469 UTC,1.40407,1.40395,0.0018,0.00267
14.10.2025 15:00:10.079 UTC,1.40407,1.40397,0.0012,0.00116
14.10.2025 15:00:10.182 UTC,1.40408,1.40397,0.00225,0.00116
14.10.2025 15:00:11.659 UTC,1.40408,1.40398,0.00315,0.00128
14.10.2025 15:00:11.761 UTC,1.40407,1.40398,0.00135,0.00116
14.10.2025 15:00:13.072 UTC,1.40406,1.40398,0.0012,0.00116
14.10.2025 15:00:14.338 UTC,1.40405,1.40398,0.00144,0.00116
14.10.2025 15:00:14.389 UTC,1.40406,1.40395,0.00144,0.00116
14.10.2025 15:00:15.203 UTC,1.40407,1.40395,0.00234,0.00177
14.10.2025 15:00:15.407 UTC,1.40407,1.40395,0.00249,0.00177
14.10.2025 15:00:15.510 UTC,1.40406,1.40396,0.00234,0.00177
14.10.2025 15:00:18.082 UTC,1.40407,1.40395,0.00225,0.00189
14.10.2025 15:00:18.186 UTC,1.40408,1.40395,0.00135,0.00279
14.10.2025 15:00:18.492 UTC,1.40409,1.40397,0.0033,0.00128
14.10.2025 15:00:19.555 UTC,1.40409,1.40397,0.00225,0.00128
14.10.2025 15:00:19.709 UTC,1.40409,1.40398,0.0018,0.00128
14.10.2025 15:00:21.017 UTC,1.40408,1.40399,0.00315,0.00116
14.10.2025 15:00:21.120 UTC,1.40408,1.40398,0.00225,0.00116
14.10.2025 15:00:21.274 UTC,1.40409,1.40398,0.00234,0.00116
14.10.2025 15:00:21.627 UTC,1.40408,1.40398,0.0012,0.00116
14.10.2025 15:00:21.881 UTC,1.40408,1.40397,0.0018,0.00177
14.10.2025 15:00:22.034 UTC,1.40408,1.40397,0.00135,0.00177
14.10.2025 15:00:22.538 UTC,1.40407,1.40399,0.0012,0.00116
14.10.2025 15:00:23.102 UTC,1.40409,1.40398,0.00225,0.00116
14.10.2025 15:00:24.512 UTC,1.40408,1.40399,0.0024,0.00116
14.10.2025 15:00:25.718 UTC,1.40409,1.40398,0.00225,0.00116
14.10.2025 15:00:26.927 UTC,1.40408,1.40398,0.00135,0.00177
14.10.2025 15:00:27.181 UTC,1.40408,1.40399,0.00225,0.00116
14.10.2025 15:00:27.641 UTC,1.4041,1.40398,0.0018,0.00144
14.10.2025 15:00:27.794 UTC,1.40409,1.40399,0.00135,0.00128
14.10.2025 15:00:27.948 UTC,1.40409,1.40397,0.00135,0.00116
14.10.2025 15:00:28.051 UTC,1.40409,1.40398,0.0024,0.00116
14.10.2025 15:00:28.153 UTC,1.40409,1.40398,0.00225,0.00116
14.10.2025 15:00:29.062 UTC,1.40408,1.40399,0.0018,0.00128
14.10.2025 15:00:31.675 UTC,1.40408,1.40399,0.00225,0.00116
14.10.2025 15:00:31.827 UTC,1.40409,1.40398,0.0024,0.00116
14.10.2025 15:00:31.929 UTC,1.40409,1.40397,0.00249,0.00116
14.10.2025 15:00:32.936 UTC,1.40409,1.40397,0.00234,0.00116
14.10.2025 15:00:33.592 UTC,1.40408,1.40398,0.00249,0.00116
14.10.2025 15:00:34.097 UTC,1.40409,1.40397,0.0033,0.00128
14.10.2025 15:00:35.607 UTC,1.40406,1.40398,0.00225,0.00116
14.10.2025 15:00:35.760 UTC,1.40406,1.40397,0.00315,0.00116
14.10.2025 15:00:37.523 UTC,1.40407,1.40396,0.00327,0.00116
14.10.2025 15:00:37.727 UTC,1.40406,1.40395,0.00144,0.00116
14.10.2025 15:00:37.880 UTC,1.40405,1.40395,0.00132,0.00312
14.10.2025 15:00:38.590 UTC,1.40407,1.40395,0.00327,0.0012
14.10.2025 15:00:40.503 UTC,1.40406,1.40395,0.00132,0.0018
14.10.2025 15:00:40.957 UTC,1.40406,1.40395,0.00144,0.0018
14.10.2025 15:00:41.966 UTC,1.40407,1.40395,0.00225,0.0018
14.10.2025 15:00:42.070 UTC,1.40408,1.40396,0.00135,0.0012
14.10.2025 15:00:42.174 UTC,1.40409,1.40398,0.00225,0.00267
14.10.2025 15:00:42.278 UTC,1.4041,1.40398,0.0018,0.00189
14.10.2025 15:00:42.381 UTC,1.40409,1.404,0.0024,0.00116
14.10.2025 15:00:42.484 UTC,1.40409,1.40398,0.0018,0.00132
14.10.2025 15:00:42.586 UTC,1.40409,1.40398,0.00135,0.00132
14.10.2025 15:00:42.789 UTC,1.40409,1.40398,0.0018,0.00132
14.10.2025 15:00:42.996 UTC,1.40409,1.40398,0.00135,0.00132
14.10.2025 15:00:43.098 UTC,1.40409,1.40398,0.0018,0.00132
14.10.2025 15:00:43.505 UTC,1.40408,1.40399,0.00135,0.00132
14.10.2025 15:00:43.911 UTC,1.40409,1.40399,0.00225,0.00189
14.10.2025 15:00:44.015 UTC,1.4041,1.40398,0.0012,0.00189
14.10.2025 15:00:44.220 UTC,1.4041,1.40399,0.00225,0.00128
14.10.2025 15:00:45.182 UTC,1.40409,1.40398,0.00225,0.00186
14.10.2025 15:00:45.377 UTC,1.40408,1.40399,0.0012,0.00132
14.10.2025 15:00:45.479 UTC,1.4041,1.40398,0.00225,0.00189
14.10.2025 15:00:45.583 UTC,1.40417,1.40404,0.00405,0.00132
14.10.2025 15:00:45.687 UTC,1.40417,1.40405,0.0012,0.00132
14.10.2025 15:00:45.739 UTC,1.40418,1.40405,0.00279,0.0012
14.10.2025 15:00:45.841 UTC,1.40417,1.40405,0.0012,0.00177
14.10.2025 15:00:46.148 UTC,1.40416,1.40405,0.0012,0.00177
14.10.2025 15:00:46.250 UTC,1.40416,1.40405,0.00132,0.00177
14.10.2025 15:00:46.809 UTC,1.40416,1.40405,0.00135,0.00267
14.10.2025 15:00:48.023 UTC,1.40416,1.40406,0.00234,0.00177
14.10.2025 15:00:48.177 UTC,1.40418,1.40407,0.00342,0.0018
14.10.2025 15:00:48.331 UTC,1.40419,1.40408,0.00144,0.0012
14.10.2025 15:00:49.492 UTC,1.40419,1.4041,0.00207,0.00116
14.10.2025 15:00:50.098 UTC,1.4042,1.4041,0.0033,0.00128
14.10.2025 15:00:50.502 UTC,1.40421,1.40409,0.0033,0.00128
14.10.2025 15:00:50.605 UTC,1.4042,1.40409,0.00135,0.00128
14.10.2025 15:00:51.719 UTC,1.40418,1.4041,0.0012,0.00128
14.10.2025 15:00:51.821 UTC,1.4042,1.40408,0.00135,0.00189
14.10.2025 15:00:53.724 UTC,1.4042,1.40409,0.00135,0.00128
14.10.2025 15:00:56.199 UTC,1.40418,1.40408,0.00204,0.00116
14.10.2025 15:00:56.302 UTC,1.40417,1.40409,0.00234,0.00116
14.10.2025 15:00:56.403 UTC,1.40418,1.40407,0.00234,0.00177
14.10.2025 15:00:56.709 UTC,1.40418,1.40407,0.00297,0.00116
14.10.2025 15:00:56.811 UTC,1.40418,1.40406,0.00207,0.00267
14.10.2025 15:00:56.964 UTC,1.40418,1.40407,0.00207,0.00116
14.10.2025 15:00:57.268 UTC,1.40418,1.40407,0.00153,0.00116
14.10.2025 15:00:57.523 UTC,1.40418,1.40406,0.0012,0.00267
14.10.2025 15:00:58.080 UTC,1.40419,1.40406,0.00144,0.00279
14.10.2025 15:00:58.283 UTC,1.40419,1.40406,0.00207,0.00267
14.10.2025 15:00:58.386 UTC,1.40418,1.40408,0.00156,0.00116
14.10.2025 15:00:58.640 UTC,1.40419,1.40406,0.00204,0.00267
14.10.2025 15:00:58.894 UTC,1.40419,1.40407,0.00156,0.00116
14.10.2025 15:00:59.048 UTC,1.40419,1.40407,0.00153,0.00116
14.10.2025 15:00:59.202 UTC,1.40417,1.40408,0.0012,0.00177
14.10.2025 15:01:01.374 UTC,1.40419,1.40407,0.00153,0.0012
14.10.2025 15:01:01.477 UTC,1.40419,1.40407,0.00168,0.0012
14.10.2025 15:01:01.578 UTC,1.40419,1.40407,0.00153,0.0012
14.10.2025 15:01:01.730 UTC,1.40419,1.40407,0.00168,0.0012
14.10.2025 15:01:04.010 UTC,1.40418,1.40407,0.00168,0.0012
14.10.2025 15:01:04.363 UTC,1.40417,1.40407,0.00156,0.0012
14.10.2025 15:01:04.415 UTC,1.40414,1.40403,0.00207,0.0012
14.10.2025 15:01:04.519 UTC,1.40414,1.40403,0.00237,0.0012
14.10.2025 15:01:04.571 UTC,1.40415,1.40405,0.00189,0.00116
14.10.2025 15:01:04.622 UTC,1.40416,1.40406,0.00132,0.00267
14.10.2025 15:01:05.684 UTC,1.40416,1.40407,0.0012,0.0012
14.10.2025 15:01:06.121 UTC,1.40418,1.40407,0.00108,0.0012
14.10.2025 15:01:06.174 UTC,1.40419,1.40408,0.0012,0.00132
14.10.2025 15:01:06.482 UTC,1.40419,1.40409,0.0012,0.00128
14.10.2025 15:01:08.046 UTC,1.40418,1.40409,0.00135,0.00116
14.10.2025 15:01:08.149 UTC,1.40418,1.40407,0.00144,0.00267
14.10.2025 15:01:10.216 UTC,1.40418,1.40408,0.00144,0.00177
14.10.2025 15:01:10.571 UTC,1.40418,1.40407,0.0012,0.00267
14.10.2025 15:01:10.927 UTC,1.40419,1.40407,0.00108,0.00267
14.10.2025 15:01:11.180 UTC,1.40417,1.40408,0.00135,0.00267
14.10.2025 15:01:11.993 UTC,1.40418,1.40408,0.00234,0.00177
14.10.2025 15:01:12.245 UTC,1.40418,1.40408,0.00249,0.00177
14.10.2025 15:01:12.901 UTC,1.40418,1.40408,0.00234,0.00177
14.10.2025 15:01:14.051 UTC,1.40418,1.40409,0.00225,0.00116
14.10.2025 15:01:14.155 UTC,1.40418,1.40409,0.0012,0.00279
14.10.2025 15:01:16.377 UTC,1.40419,1.4041,0.0012,0.00116
14.10.2025 15:01:16.885 UTC,1.40419,1.40408,0.0012,0.00177
14.10.2025 15:01:19.363 UTC,1.40419,1.40409,0.0012,0.00116
14.10.2025 15:01:19.669 UTC,1.40419,1.40411,0.00234,0.00116
14.10.2025 15:01:19.821 UTC,1.4042,1.40409,0.00249,0.00116
14.10.2025 15:01:21.841 UTC,1.4042,1.40409,0.00234,0.00116
14.10.2025 15:01:22.045 UTC,1.4042,1.40409,0.00249,0.00116
14.10.2025 15:01:22.198 UTC,1.40421,1.40409,0.0024,0.00128
14.10.2025 15:01:23.158 UTC,1.40421,1.40409,0.00225,0.00128
14.10.2025 15:01:23.912 UTC,1.4042,1.4041,0.00225,0.00128
14.10.2025 15:01:23.963 UTC,1.4042,1.40409,0.00147,0.00116
14.10.2025 15:01:24.116 UTC,1.40419,1.4041,0.00135,0.00116
14.10.2025 15:01:24.670 UTC,1.4042,1.40409,0.0018,0.00116
14.10.2025 15:01:25.326 UTC,1.4042,1.40409,0.00144,0.00116
14.10.2025 15:01:25.530 UTC,1.4042,1.4041,0.00135,0.00116
14.10.2025 15:01:27.628 UTC,1.40421,1.4041,0.00132,0.00116
14.10.2025 15:01:29.201 UTC,1.40419,1.4041,0.0018,0.00116
14.10.2025 15:01:29.453 UTC,1.4042,1.40409,0.00135,0.00116
14.10.2025 15:01:30.060 UTC,1.4042,1.40409,0.00135,0.00189
14.10.2025 15:01:32.125 UTC,1.40421,1.4041,0.00135,0.00128
14.10.2025 15:01:32.582 UTC,1.40421,1.4041,0.0018,0.00128
14.10.2025 15:01:36.743 UTC,1.40422,1.4041,0.00207,0.00128
14.10.2025 15:01:37.500 UTC,1.40419,1.40411,0.00132,0.00116
14.10.2025 15:01:37.806 UTC,1.40421,1.4041,0.0018,0.00116
14.10.2025 15:01:38.265 UTC,1.40422,1.4041,0.00192,0.00128
14.10.2025 15:01:38.519 UTC,1.4042,1.4041,0.00135,0.00116
14.10.2025 15:01:39.331 UTC,1.4042,1.4041,0.00144,0.00189
14.10.2025 15:01:39.435 UTC,1.4042,1.40409,0.00135,0.00189
14.10.2025 15:01:40.900 UTC,1.40422,1.40409,0.00204,0.00186
14.10.2025 15:01:41.912 UTC,1.40421,1.40409,0.00192,0.00189
14.10.2025 15:01:42.214 UTC,1.4042,1.40409,0.00225,0.00186
14.10.2025 15:01:42.571 UTC,1.4042,1.40409,0.00225,0.00189
14.10.2025 15:01:42.727 UTC,1.40421,1.40409,0.00144,0.00186
14.10.2025 15:01:43.339 UTC,1.4042,1.40409,0.00135,0.00186
14.10.2025 15:01:43.492 UTC,1.4042,1.40409,0.00135,0.00189
14.10.2025 15:01:45.562 UTC,1.4042,1.40409,0.00135,0.00128
14.10.2025 15:01:45.665 UTC,1.4042,1.40409,0.00192,0.00116
14.10.2025 15:01:46.473 UTC,1.4042,1.4041,0.00195,0.00128
14.10.2025 15:01:46.625 UTC,1.40421,1.40409,0.00195,0.00128
14.10.2025 15:01:46.931 UTC,1.4042,1.40409,0.00135,0.00128
14.10.2025 15:01:48.138 UTC,1.40422,1.40409,0.0024,0.00128
14.10.2025 15:01:48.342 UTC,1.40422,1.40411,0.00405,0.00189
14.10.2025 15:01:48.393 UTC,1.40422,1.40411,0.00384,0.00267
14.10.2025 15:01:48.445 UTC,1.40421,1.40412,0.0012,0.00132
14.10.2025 15:01:48.497 UTC,1.40425,1.40417,0.00189,0.0012
14.10.2025 15:01:48.549 UTC,1.40428,1.40417,0.0018,0.00132
14.10.2025 15:01:48.704 UTC,1.40429,1.40417,0.00135,0.00189
14.10.2025 15:01:48.857 UTC,1.4043,1.40419,0.00195,0.0012
14.10.2025 15:01:49.466 UTC,1.40428,1.40419,0.0012,0.00116
14.10.2025 15:01:49.604 UTC,1.40429,1.40417,0.00135,0.00186
14.10.2025 15:01:49.708 UTC,1.40428,1.40418,0.00195,0.00186
14.10.2025 15:01:50.922 UTC,1.40428,1.40417,0.00132,0.00177
14.10.2025 15:01:51.984 UTC,1.40428,1.40417,0.00132,0.0012
14.10.2025 15:01:52.943 UTC,1.40428,1.40417,0.00144,0.0012
14.10.2025 15:01:53.097 UTC,1.40429,1.40417,0.0018,0.00189
14.10.2025 15:01:53.199 UTC,1.40429,1.40417,0.00207,0.00177
14.10.2025 15:01:53.353 UTC,1.40427,1.40417,0.00135,0.00267
14.10.2025 15:01:53.455 UTC,1.40428,1.40417,0.00135,0.00116
14.10.2025 15:01:53.557 UTC,1.40428,1.40417,0.0024,0.00116
14.10.2025 15:01:54.069 UTC,1.40428,1.40416,0.0012,0.00177
14.10.2025 15:01:54.725 UTC,1.40428,1.40417,0.00195,0.00116
14.10.2025 15:01:54.878 UTC,1.40426,1.40417,0.00132,0.00116
14.10.2025 15:01:54.981 UTC,1.40426,1.40417,0.00147,0.0018
14.10.2025 15:01:56.549 UTC,1.40429,1.40416,0.00264,0.0012
14.10.2025 15:01:57.415 UTC,1.40428,1.40416,0.00153,0.0012
14.10.2025 15:01:57.920 UTC,1.40428,1.40416,0.00207,0.0012
14.10.2025 15:01:58.175 UTC,1.40428,1.40416,0.00204,0.0012
14.10.2025 15:01:58.277 UTC,1.40426,1.40417,0.00192,0.0012
14.10.2025 15:01:58.430 UTC,1.40426,1.40417,0.00144,0.0012
14.10.2025 15:01:58.582 UTC,1.40426,1.40417,0.00192,0.0012
14.10.2025 15:01:59.038 UTC,1.40426,1.40417,0.00144,0.0012
14.10.2025 15:02:00.447 UTC,1.40427,1.40417,0.00144,0.00177
14.10.2025 15:02:00.551 UTC,1.40429,1.40417,0.00192,0.0012
14.10.2025 15:02:00.654 UTC,1.40428,1.40419,0.00192,0.00116
14.10.2025 15:02:00.758 UTC,1.40428,1.40417,0.00144,0.00177
14.10.2025 15:02:01.266 UTC,1.40429,1.40418,0.00147,0.0012
14.10.2025 15:02:01.369 UTC,1.40429,1.40419,0.00132,0.00116
14.10.2025 15:02:01.523 UTC,1.40428,1.40419,0.00144,0.00116
14.10.2025 15:02:02.786 UTC,1.40429,1.40419,0.0012,0.0012
14.10.2025 15:02:02.888 UTC,1.40429,1.4042,0.0012,0.00116
14.10.2025 15:02:03.700 UTC,1.40428,1.40419,0.00132,0.00267
14.10.2025 15:02:03.804 UTC,1.40428,1.40417,0.0012,0.0012
14.10.2025 15:02:03.906 UTC,1.40429,1.40418,0.00132,0.00116
14.10.2025 15:02:04.414 UTC,1.40428,1.40418,0.0012,0.00116
14.10.2025 15:02:04.519 UTC,1.40428,1.40417,0.00132,0.00177
14.10.2025 15:02:04.621 UTC,1.40428,1.40416,0.00144,0.00267
14.10.2025 15:02:05.026 UTC,1.40428,1.40416,0.00192,0.0018
14.10.2025 15:02:06.493 UTC,1.40428,1.40417,0.0018,0.0012
14.10.2025 15:02:06.545 UTC,1.40429,1.40418,0.00249,0.00177
14.10.2025 15:02:06.646 UTC,1.4043,1.40418,0.00249,0.00116
14.10.2025 15:02:07.456 UTC,1.40429,1.40419,0.00204,0.00116
14.10.2025 15:02:08.062 UTC,1.4043,1.40418,0.00192,0.00116
14.10.2025 15:02:08.719 UTC,1.40429,1.40418,0.0018,0.00116
14.10.2025 15:02:09.878 UTC,1.4043,1.40417,0.00204,0.00177
14.10.2025 15:02:09.979 UTC,1.4043,1.40418,0.00204,0.00116
14.10.2025 15:02:10.081 UTC,1.4043,1.40419,0.00285,0.00128
14.10.2025 15:02:10.183 UTC,1.40431,1.40418,0.00249,0.00128
14.10.2025 15:02:10.235 UTC,1.4043,1.40418,0.00195,0.00128
14.10.2025 15:02:10.746 UTC,1.4043,1.40418,0.00225,0.00189
14.10.2025 15:02:10.849 UTC,1.40431,1.40418,0.00192,0.00267
14.10.2025 15:02:10.901 UTC,1.40428,1.40419,0.0012,0.00116
14.10.2025 15:02:11.027 UTC,1.40428,1.40418,0.0012,0.00177
14.10.2025 15:02:11.281 UTC,1.4043,1.40418,0.00147,0.00267
14.10.2025 15:02:11.434 UTC,1.40429,1.4042,0.00147,0.00116
14.10.2025 15:02:11.640 UTC,1.40428,1.40419,0.0012,0.00116
14.10.2025 15:02:11.742 UTC,1.40428,1.40418,0.0012,0.0012
14.10.2025 15:02:12.400 UTC,1.4043,1.40418,0.00192,0.0012
14.10.2025 15:02:12.554 UTC,1.4043,1.40419,0.00192,0.00116
14.10.2025 15:02:12.807 UTC,1.40429,1.40418,0.00144,0.00177
14.10.2025 15:02:15.679 UTC,1.40428,1.40418,0.0012,0.00177
14.10.2025 15:02:16.838 UTC,1.4043,1.40419,0.00147,0.00116
14.10.2025 15:02:18.503 UTC,1.4043,1.40419,0.00252,0.00116
14.10.2025 15:02:18.605 UTC,1.40429,1.40418,0.00192,0.00116
14.10.2025 15:02:19.108 UTC,1.40429,1.40417,0.00192,0.00177
14.10.2025 15:02:20.064 UTC,1.40429,1.40417,0.00144,0.00177
14.10.2025 15:02:20.467 UTC,1.40429,1.40417,0.00192,0.00177
14.10.2025 15:02:20.970 UTC,1.40428,1.40418,0.00144,0.00177
14.10.2025 15:02:21.172 UTC,1.40429,1.40417,0.00192,0.00177
14.10.2025 15:02:21.376 UTC,1.40428,1.4042,0.00192,0.00116
14.10.2025 15:02:21.631 UTC,1.40428,1.40417,0.00135,0.0012
14.10.2025 15:02:21.785 UTC,1.40426,1.40417,0.0012,0.00267
14.10.2025 15:02:22.393 UTC,1.40428,1.40416,0.00132,0.0012
14.10.2025 15:02:24.054 UTC,1.40428,1.40416,0.00168,0.0012
14.10.2025 15:02:25.059 UTC,1.40428,1.40416,0.0018,0.00132
14.10.2025 15:02:25.163 UTC,1.40427,1.40417,0.00135,0.00132
14.10.2025 15:02:25.316 UTC,1.40428,1.40419,0.00135,0.00132
14.10.2025 15:02:25.419 UTC,1.40428,1.40418,0.0012,0.00128
14.10.2025 15:02:26.087 UTC,1.40429,1.40419,0.00135,0.00192
14.10.2025 15:02:26.343 UTC,1.4043,1.40419,0.0018,0.00116
14.10.2025 15:02:26.445 UTC,1.4043,1.40419,0.00135,0.00128
14.10.2025 15:02:27.510 UTC,1.40432,1.40419,0.00192,0.00128
14.10.2025 15:02:27.714 UTC,1.40431,1.40419,0.0012,0.00128
14.10.2025 15:02:27.966 UTC,1.40432,1.40419,0.00195,0.00128
14.10.2025 15:02:28.627 UTC,1.40431,1.4042,0.0024,0.00128
14.10.2025 15:02:28.981 UTC,1.40431,1.40419,0.0012,0.00128
14.10.2025 15:02:29.083 UTC,1.40431,1.4042,0.00285,0.00128
14.10.2025 15:02:31.356 UTC,1.40429,1.40418,0.0018,0.00186
14.10.2025 15:02:31.509 UTC,1.40428,1.40417,0.00135,0.00132
14.10.2025 15:02:33.024 UTC,1.40427,1.40418,0.00192,0.0012
14.10.2025 15:02:33.127 UTC,1.40427,1.40417,0.00204,0.0012
14.10.2025 15:02:33.267 UTC,1.40429,1.40416,0.00264,0.0012
14.10.2025 15:02:33.473 UTC,1.40428,1.40417,0.00234,0.0012
14.10.2025 15:02:34.784 UTC,1.40429,1.40416,0.00399,0.0012
14.10.2025 15:02:35.288 UTC,1.40429,1.40416,0.00346,0.0012
14.10.2025 15:02:37.199 UTC,1.40423,1.40415,0.0012,0.0012
14.10.2025 15:02:37.251 UTC,1.4042,1.40409,0.00132,0.0018
14.10.2025 15:02:37.354 UTC,1.40419,1.4041,0.00132,0.00116
14.10.2025 15:02:37.456 UTC,1.40421,1.40408,0.00192,0.00177
14.10.2025 15:02:37.862 UTC,1.40419,1.40409,0.0012,0.00116
14.10.2025 15:02:38.216 UTC,1.40419,1.40408,0.0012,0.00177
14.10.2025 15:02:38.318 UTC,1.40418,1.4041,0.0012,0.00116
14.10.2025 15:02:38.772 UTC,1.40419,1.40408,0.0012,0.00177
14.10.2025 15:02:40.835 UTC,1.40419,1.40409,0.0012,0.00116
14.10.2025 15:02:40.938 UTC,1.40418,1.40409,0.0012,0.00116
14.10.2025 15:02:42.810 UTC,1.40419,1.40409,0.0012,0.00116
14.10.2025 15:02:42.912 UTC,1.4042,1.40409,0.00144,0.00116
14.10.2025 15:02:43.317 UTC,1.40419,1.40409,0.0012,0.00116
14.10.2025 15:02:48.809 UTC,1.40419,1.40408,0.00135,0.00177
14.10.2025 15:02:48.911 UTC,1.40419,1.40409,0.00135,0.00116
14.10.2025 15:02:55.545 UTC,1.40423,1.40416,0.0012,0.0012
14.10.2025 15:02:55.598 UTC,1.40428,1.40417,0.00132,0.0012
14.10.2025 15:02:55.906 UTC,1.40428,1.40418,0.0012,0.00116
14.10.2025 15:02:56.009 UTC,1.40429,1.40418,0.0012,0.00177
14.10.2025 15:02:56.112 UTC,1.4043,1.40418,0.00189,0.00177
14.10.2025 15:02:56.772 UTC,1.4043,1.40419,0.00189,0.0012
14.10.2025 15:02:56.875 UTC,1.40428,1.40419,0.0012,0.0012
14.10.2025 15:02:56.977 UTC,1.40428,1.40417,0.0018,0.00177
14.10.2025 15:03:00.091 UTC,1.40427,1.40419,0.0012,0.00116
14.10.2025 15:03:00.447 UTC,1.40429,1.40418,0.00135,0.00177
14.10.2025 15:03:00.602 UTC,1.40428,1.40419,0.0012,0.00116
14.10.2025 15:03:00.704 UTC,1.40427,1.40419,0.0012,0.00116
14.10.2025 15:03:01.264 UTC,1.40428,1.40417,0.00225,0.00177
14.10.2025 15:03:02.326 UTC,1.40427,1.40418,0.0024,0.0012
14.10.2025 15:03:02.479 UTC,1.40428,1.40417,0.00225,0.0012
14.10.2025 15:03:04.700 UTC,1.40428,1.40417,0.00249,0.0012
14.10.2025 15:03:04.854 UTC,1.40428,1.40417,0.0012,0.0012
14.10.2025 15:03:04.957 UTC,1.40429,1.40417,0.0018,0.0012
14.10.2025 15:03:05.109 UTC,1.40428,1.40419,0.00225,0.00116
14.10.2025 15:03:05.618 UTC,1.40428,1.40418,0.0012,0.00116
14.10.2025 15:03:05.770 UTC,1.40429,1.40418,0.00135,0.00116
14.10.2025 15:03:06.326 UTC,1.40428,1.40418,0.00234,0.00177
14.10.2025 15:03:06.578 UTC,1.40428,1.40417,0.0012,0.00177
14.10.2025 15:03:10.711 UTC,1.40428,1.40418,0.0012,0.00116
14.10.2025 15:03:11.923 UTC,1.40429,1.40417,0.00225,0.00177
14.10.2025 15:03:12.075 UTC,1.40428,1.40419,0.00135,0.00116
14.10.2025 15:03:12.478 UTC,1.40428,1.40418,0.00135,0.00116
14.10.2025 15:03:12.919 UTC,1.40429,1.40419,0.00144,0.00116
14.10.2025 15:03:13.072 UTC,1.40429,1.40418,0.0012,0.00116
14.10.2025 15:03:13.426 UTC,1.40429,1.40418,0.00249,0.00116
14.10.2025 15:03:13.578 UTC,1.40429,1.40418,0.00234,0.00116
14.10.2025 15:03:13.681 UTC,1.40428,1.40419,0.00249,0.00116
14.10.2025 15:03:14.238 UTC,1.40429,1.40418,0.00324,0.00116
14.10.2025 15:03:14.542 UTC,1.40429,1.40418,0.00339,0.00116
14.10.2025 15:03:14.898 UTC,1.40428,1.40417,0.00135,0.00116
14.10.2025 15:03:17.712 UTC,1.40427,1.40417,0.0012,0.00116
14.10.2025 15:03:18.013 UTC,1.40428,1.40417,0.0012,0.00116
14.10.2025 15:03:22.278 UTC,1.40427,1.40418,0.00192,0.00116
14.10.2025 15:03:22.832 UTC,1.40428,1.40417,0.00144,0.00116
14.10.2025 15:03:34.081 UTC,1.40426,1.40418,0.0012,0.00116
14.10.2025 15:03:38.765 UTC,1.40427,1.40418,0.0012,0.00116
14.10.2025 15:03:40.540 UTC,1.40427,1.40419,0.0012,0.00116
14.10.2025 15:03:40.643 UTC,1.40428,1.40419,0.0012,0.00116
14.10.2025 15:03:43.061 UTC,1.40431,1.40419,0.00132,0.00135
14.10.2025 15:03:43.113 UTC,1.40433,1.40423,0.0012,0.0012
14.10.2025 15:03:43.216 UTC,1.40434,1.40424,0.0012,0.00116
14.10.2025 15:03:43.923 UTC,1.40436,1.40425,0.0012,0.0012
14.10.2025 15:03:44.026 UTC,1.40437,1.40425,0.00279,0.00116
14.10.2025 15:03:44.231 UTC,1.40436,1.40428,0.0018,0.00116
14.10.2025 15:03:44.333 UTC,1.40436,1.40425,0.0012,0.00177
14.10.2025 15:03:48.939 UTC,1.40435,1.40425,0.0012,0.00177
14.10.2025 15:03:52.902 UTC,1.4043,1.40422,0.00282,0.0012
14.10.2025 15:03:53.007 UTC,1.40429,1.40421,0.0012,0.0012
14.10.2025 15:03:57.391 UTC,1.40429,1.40419,0.0012,0.00116
14.10.2025 15:04:03.920 UTC,1.40427,1.4042,0.0018,0.00116
14.10.2025 15:04:04.073 UTC,1.40427,1.40418,0.00225,0.00116
14.10.2025 15:04:05.232 UTC,1.40424,1.40414,0.0012,0.0012
14.10.2025 15:04:05.335 UTC,1.4042,1.40413,0.0012,0.0012
14.10.2025 15:04:05.387 UTC,1.4042,1.40408,0.0018,0.00132
14.10.2025 15:04:05.490 UTC,1.4042,1.40409,0.0018,0.00116
14.10.2025 15:04:08.799 UTC,1.40418,1.4041,0.0012,0.00116
14.10.2025 15:04:13.996 UTC,1.40419,1.40408,0.0012,0.00116
14.10.2025 15:04:14.601 UTC,1.40418,1.4041,0.0012,0.00116
14.10.2025 15:04:30.316 UTC,1.4042,1.40409,0.00132,0.00116
14.10.2025 15:04:30.770 UTC,1.4042,1.40409,0.00249,0.00116
14.10.2025 15:04:31.527 UTC,1.40419,1.4041,0.00234,0.00116
14.10.2025 15:04:32.072 UTC,1.40428,1.40416,0.0012,0.00132
14.10.2025 15:04:32.175 UTC,1.40429,1.40417,0.00132,0.00177
14.10.2025 15:04:32.635 UTC,1.40429,1.40419,0.0012,0.00237
14.10.2025 15:04:32.689 UTC,1.40433,1.40423,0.0012,0.00177
14.10.2025 15:04:32.743 UTC,1.40437,1.40425,0.0012,0.0012
14.10.2025 15:04:32.851 UTC,1.40438,1.40426,0.0018,0.0012
14.10.2025 15:04:33.560 UTC,1.40438,1.40425,0.0012,0.00267
14.10.2025 15:04:37.382 UTC,1.40438,1.40426,0.0012,0.00116
14.10.2025 15:04:39.548 UTC,1.40444,1.40431,0.0099,0.0027
14.10.2025 15:04:39.600 UTC,1.40442,1.4043,0.0012,0.0012
14.10.2025 15:04:39.763 UTC,1.4044,1.40427,0.00144,0.00177
14.10.2025 15:04:39.918 UTC,1.40443,1.4043,0.0012,0.00135
14.10.2025 15:04:40.022 UTC,1.40447,1.40435,0.00132,0.00116
14.10.2025 15:04:45.819 UTC,1.40445,1.40436,0.0012,0.00116
14.10.2025 15:04:46.071 UTC,1.40447,1.40435,0.00144,0.00116
14.10.2025 15:04:48.240 UTC,1.40446,1.40437,0.0018,0.0012
14.10.2025 15:04:48.344 UTC,1.4045,1.40442,0.00225,0.0012
14.10.2025 15:04:48.396 UTC,1.4045,1.4044,0.00132,0.00116
14.10.2025 15:04:48.500 UTC,1.40449,1.40438,0.00225,0.00116
14.10.2025 15:04:48.602 UTC,1.40448,1.40437,0.0012,0.0012
14.10.2025 15:04:48.654 UTC,1.40447,1.40436,0.0012,0.00267
14.10.2025 15:04:48.795 UTC,1.40449,1.40438,0.0012,0.00237
14.10.2025 15:04:48.901 UTC,1.4045,1.4044,0.00234,0.00177
14.10.2025 15:04:49.156 UTC,1.40449,1.4044,0.00234,0.00116
14.10.2025 15:04:49.259 UTC,1.40449,1.40438,0.0018,0.00177
14.10.2025 15:04:49.514 UTC,1.40452,1.40439,0.00339,0.0018
14.10.2025 15:04:49.617 UTC,1.40451,1.4044,0.00132,0.00116
14.10.2025 15:04:50.174 UTC,1.40449,1.40441,0.0012,0.00116
14.10.2025 15:04:50.277 UTC,1.40449,1.4044,0.00135,0.00116
14.10.2025 15:04:50.329 UTC,1.40448,1.40439,0.00135,0.00177
14.10.2025 15:04:50.432 UTC,1.40451,1.40438,0.00339,0.00177
14.10.2025 15:04:50.535 UTC,1.40452,1.40439,0.00249,0.00177
14.10.2025 15:04:50.841 UTC,1.40451,1.4044,0.00324,0.00312
14.10.2025 15:04:51.044 UTC,1.40452,1.40439,0.00339,0.00267
14.10.2025 15:04:51.299 UTC,1.40448,1.40439,0.0012,0.00116
14.10.2025 15:04:51.403 UTC,1.40449,1.40437,0.00237,0.00116
14.10.2025 15:04:52.163 UTC,1.40446,1.40438,0.0018,0.00116
14.10.2025 15:04:52.265 UTC,1.40447,1.40436,0.00189,0.00116
14.10.2025 15:04:54.385 UTC,1.40447,1.40437,0.00189,0.00116
14.10.2025 15:04:54.487 UTC,1.40447,1.40436,0.00189,0.00116
14.10.2025 15:04:54.691 UTC,1.40447,1.40436,0.00282,0.00116
14.10.2025 15:04:54.794 UTC,1.40446,1.40437,0.00279,0.00116
14.10.2025 15:04:55.708 UTC,1.40447,1.40436,0.00237,0.00116
14.10.2025 15:04:55.811 UTC,1.40447,1.40434,0.00237,0.00116
14.10.2025 15:04:57.258 UTC,1.40446,1.40434,0.00132,0.00222
14.10.2025 15:04:57.411 UTC,1.40446,1.40436,0.00132,0.00116
14.10.2025 15:04:58.121 UTC,1.40448,1.40436,0.0012,0.00128
14.10.2025 15:04:58.223 UTC,1.40447,1.40438,0.0012,0.00116
14.10.2025 15:04:58.326 UTC,1.40447,1.40435,0.00132,0.00237
14.10.2025 15:04:58.633 UTC,1.40446,1.40435,0.00144,0.00116
14.10.2025 15:05:00.095 UTC,1.40445,1.40437,0.00132,0.00116
14.10.2025 15:05:11.018 UTC,1.40445,1.40436,0.00144,0.00116
14.10.2025 15:05:11.222 UTC,1.40445,1.40435,0.00192,0.00116
14.10.2025 15:05:11.274 UTC,1.40444,1.40434,0.00132,0.00116
14.10.2025 15:05:11.378 UTC,1.40441,1.4043,0.0012,0.0012
14.10.2025 15:05:11.430 UTC,1.4044,1.40429,0.00192,0.00132
14.10.2025 15:05:11.635 UTC,1.4044,1.4043,0.00132,0.00116
14.10.2025 15:05:13.000 UTC,1.4044,1.40429,0.00192,0.00116
14.10.2025 15:05:17.184 UTC,1.40438,1.40429,0.00189,0.00116
14.10.2025 15:05:17.336 UTC,1.40438,1.40428,0.00189,0.00116
14.10.2025 15:05:18.293 UTC,1.40438,1.40427,0.00189,0.00116
14.10.2025 15:05:18.395 UTC,1.40438,1.40428,0.00189,0.00116
14.10.2025 15:05:21.991 UTC,1.40437,1.40428,0.0012,0.00116
14.10.2025 15:05:22.093 UTC,1.40437,1.40426,0.0012,0.00116
14.10.2025 15:05:22.247 UTC,1.40436,1.40427,0.00282,0.00116
14.10.2025 15:05:22.904 UTC,1.40437,1.40426,0.00189,0.00116
14.10.2025 15:05:23.007 UTC,1.40439,1.40429,0.0012,0.0018
14.10.2025 15:05:23.059 UTC,1.40442,1.40431,0.00132,0.00116
14.10.2025 15:05:23.163 UTC,1.40444,1.40434,0.00132,0.0012
14.10.2025 15:05:23.266 UTC,1.40445,1.40434,0.00132,0.00116
14.10.2025 15:05:24.076 UTC,1.40447,1.40435,0.0027,0.0012
14.10.2025 15:05:24.178 UTC,1.40447,1.40438,0.0018,0.00116
14.10.2025 15:05:25.243 UTC,1.40452,1.40439,0.0018,0.0018
14.10.2025 15:05:25.296 UTC,1.40453,1.40442,0.00372,0.0012
14.10.2025 15:05:25.401 UTC,1.40452,1.40441,0.0018,0.00327
14.10.2025 15:05:26.283 UTC,1.40454,1.40441,0.0018,0.00267
14.10.2025 15:05:26.842 UTC,1.40454,1.40442,0.00225,0.00116
14.10.2025 15:05:27.553 UTC,1.40453,1.40441,0.0012,0.00222
14.10.2025 15:05:27.859 UTC,1.40455,1.40442,0.00225,0.00144
14.10.2025 15:05:27.962 UTC,1.40455,1.40442,0.00237,0.0012
14.10.2025 15:05:29.225 UTC,1.40454,1.40441,0.00234,0.00177
14.10.2025 15:05:30.537 UTC,1.40454,1.40441,0.00249,0.00267
14.10.2025 15:05:30.790 UTC,1.40454,1.40441,0.00234,0.00267
14.10.2025 15:05:30.893 UTC,1.40453,1.40442,0.00189,0.00237
14.10.2025 15:05:31.245 UTC,1.40454,1.40441,0.00234,0.00222
14.10.2025 15:05:31.548 UTC,1.40454,1.40441,0.00249,0.00177
14.10.2025 15:05:32.154 UTC,1.40448,1.40438,0.0018,0.0012
14.10.2025 15:05:32.206 UTC,1.40447,1.40435,0.0012,0.00462
14.10.2025 15:05:32.309 UTC,1.40446,1.40438,0.0012,0.00116
14.10.2025 15:05:32.920 UTC,1.40445,1.40437,0.0012,0.00116
14.10.2025 15:05:33.022 UTC,1.40445,1.40435,0.0012,0.00116
14.10.2025 15:05:33.185 UTC,1.40445,1.40434,0.0012,0.00116
14.10.2025 15:05:33.452 UTC,1.40444,1.40434,0.0018,0.00116
14.10.2025 15:05:33.710 UTC,1.40443,1.40434,0.0018,0.00116
14.10.2025 15:05:33.812 UTC,1.40443,1.40431,0.0018,0.00177
14.10.2025 15:05:35.177 UTC,1.40444,1.40432,0.0012,0.00231
14.10.2025 15:05:35.280 UTC,1.40445,1.40433,0.0012,0.00144
14.10.2025 15:05:35.331 UTC,1.40444,1.40436,0.0012,0.00116
14.10.2025 15:05:35.486 UTC,1.40447,1.4044,0.00135,0.0012
14.10.2025 15:05:35.590 UTC,1.40448,1.40441,0.0012,0.0012
14.10.2025 15:05:35.642 UTC,1.40454,1.40443,0.0018,0.0012
14.10.2025 15:05:35.795 UTC,1.40453,1.40443,0.0018,0.00267
14.10.2025 15:05:36.048 UTC,1.40454,1.40443,0.0018,0.00116
14.10.2025 15:05:36.503 UTC,1.40452,1.40444,0.0012,0.00116
14.10.2025 15:05:36.605 UTC,1.40453,1.40442,0.0012,0.00116
14.10.2025 15:05:37.867 UTC,1.40452,1.40442,0.0012,0.00116
14.10.2025 15:05:38.121 UTC,1.40452,1.40441,0.0012,0.00116
14.10.2025 15:05:39.630 UTC,1.40451,1.40442,0.0012,0.00116
14.10.2025 15:05:39.732 UTC,1.4045,1.40442,0.0012,0.00116
14.10.2025 15:05:40.137 UTC,1.40449,1.40442,0.0012,0.00116
14.10.2025 15:05:40.240 UTC,1.40448,1.40441,0.0012,0.00116
14.10.2025 15:05:40.343 UTC,1.40448,1.4044,0.0012,0.00116
14.10.2025 15:05:40.446 UTC,1.4045,1.40439,0.0012,0.00116
14.10.2025 15:05:42.512 UTC,1.4045,1.40439,0.00132,0.00116
14.10.2025 15:05:47.636 UTC,1.40449,1.4044,0.00132,0.00116
14.10.2025 15:05:47.790 UTC,1.4045,1.40438,0.00417,0.0012
14.10.2025 15:05:47.843 UTC,1.40448,1.40435,0.00237,0.0012
14.10.2025 15:05:47.895 UTC,1.40446,1.40437,0.00132,0.00116
14.10.2025 15:05:51.190 UTC,1.40446,1.40438,0.00189,0.00116
14.10.2025 15:05:51.746 UTC,1.40447,1.40437,0.00132,0.00116
14.10.2025 15:06:00.871 UTC,1.40451,1.40441,0.0012,0.0018
14.10.2025 15:06:00.923 UTC,1.40453,1.40441,0.0012,0.0027
14.10.2025 15:06:00.976 UTC,1.40454,1.40444,0.00132,0.00116
14.10.2025 15:06:03.949 UTC,1.40452,1.40442,0.00132,0.0018
14.10.2025 15:06:04.053 UTC,1.4045,1.40442,0.00132,0.0012
14.10.2025 15:06:04.156 UTC,1.4045,1.40437,0.00192,0.0012
14.10.2025 15:06:04.258 UTC,1.40447,1.40437,0.00132,0.00315
14.10.2025 15:06:04.361 UTC,1.40447,1.40436,0.00132,0.00116
14.10.2025 15:06:04.463 UTC,1.40447,1.40437,0.00132,0.00116
14.10.2025 15:06:04.566 UTC,1.40448,1.40438,0.00132,0.00116
14.10.2025 15:06:05.378 UTC,1.40447,1.40435,0.00192,0.00132
14.10.2025 15:06:05.482 UTC,1.40444,1.40436,0.00132,0.00116
14.10.2025 15:06:05.635 UTC,1.40443,1.40433,0.00192,0.00135
14.10.2025 15:06:06.118 UTC,1.4044,1.40432,0.00132,0.00116
14.10.2025 15:06:06.170 UTC,1.40439,1.40426,0.00132,0.0012
14.10.2025 15:06:06.273 UTC,1.40435,1.40428,0.0012,0.00116
14.10.2025 15:06:06.375 UTC,1.40436,1.40426,0.00132,0.00116
14.10.2025 15:06:09.357 UTC,1.40436,1.40427,0.0012,0.00177
14.10.2025 15:06:10.171 UTC,1.40436,1.40424,0.00132,0.00225
14.10.2025 15:06:10.828 UTC,1.40436,1.40424,0.00132,0.0024
14.10.2025 15:06:11.387 UTC,1.40436,1.40427,0.00132,0.00116
14.10.2025 15:06:14.658 UTC,1.40438,1.40427,0.0018,0.00177
14.10.2025 15:06:14.710 UTC,1.40439,1.40429,0.0012,0.00135
14.10.2025 15:06:14.813 UTC,1.4044,1.4043,0.00132,0.00116
14.10.2025 15:06:14.916 UTC,1.40441,1.40431,0.00132,0.00116
14.10.2025 15:06:15.171 UTC,1.40443,1.4043,0.00132,0.00327
14.10.2025 15:06:15.274 UTC,1.40441,1.40432,0.00132,0.00116
14.10.2025 15:06:15.530 UTC,1.40442,1.40432,0.00132,0.00116
14.10.2025 15:06:16.086 UTC,1.40443,1.40431,0.00132,0.00132
14.10.2025 15:06:17.147 UTC,1.40442,1.40432,0.00132,0.00132
14.10.2025 15:06:18.968 UTC,1.40443,1.40431,0.00132,0.00116
14.10.2025 15:06:21.085 UTC,1.40442,1.40432,0.00189,0.00116
14.10.2025 15:06:21.192 UTC,1.40443,1.40431,0.00189,0.00176
14.10.2025 15:06:21.296 UTC,1.40443,1.40431,0.00192,0.00132
14.10.2025 15:06:22.306 UTC,1.40439,1.40426,0.00192,0.0024
14.10.2025 15:06:22.359 UTC,1.40438,1.40424,0.00282,0.0042
14.10.2025 15:06:22.411 UTC,1.40437,1.40429,0.00282,0.00116
14.10.2025 15:06:22.970 UTC,1.40441,1.4043,0.0012,0.0018
14.10.2025 15:06:23.023 UTC,1.40442,1.40432,0.0027,0.0018
14.10.2025 15:06:23.126 UTC,1.40443,1.40432,0.0012,0.00177
14.10.2025 15:06:23.328 UTC,1.40444,1.40433,0.00132,0.00116
14.10.2025 15:06:24.188 UTC,1.40445,1.40435,0.00189,0.0012
14.10.2025 15:06:24.290 UTC,1.40445,1.40437,0.0018,0.00116
14.10.2025 15:06:27.164 UTC,1.40445,1.40438,0.00189,0.00116
14.10.2025 15:06:28.121 UTC,1.40446,1.40436,0.00282,0.00116
14.10.2025 15:06:28.223 UTC,1.40445,1.40435,0.00132,0.00116
14.10.2025 15:06:28.427 UTC,1.40444,1.40436,0.00132,0.00116
14.10.2025 15:06:29.185 UTC,1.40444,1.40433,0.00132,0.0012
14.10.2025 15:06:29.283 UTC,1.40442,1.40432,0.00132,0.0012
14.10.2025 15:06:29.387 UTC,1.40442,1.40433,0.00132,0.00116
14.10.2025 15:06:31.054 UTC,1.40443,1.40432,0.00132,0.00177
14.10.2025 15:06:31.157 UTC,1.40442,1.40434,0.00132,0.0012
14.10.2025 15:06:31.260 UTC,1.40443,1.40432,0.00132,0.00222
14.10.2025 15:06:32.622 UTC,1.40443,1.40432,0.00132,0.00177
14.10.2025 15:06:34.336 UTC,1.40441,1.40431,0.00132,0.00116
14.10.2025 15:06:34.540 UTC,1.4044,1.40428,0.00132,0.00225
14.10.2025 15:06:34.593 UTC,1.40438,1.40427,0.00132,0.00177
14.10.2025 15:06:34.696 UTC,1.40437,1.40429,0.00132,0.00116
14.10.2025 15:06:37.215 UTC,1.40437,1.40428,0.00132,0.00116
14.10.2025 15:06:38.770 UTC,1.40438,1.40428,0.00189,0.00177
14.10.2025 15:06:38.823 UTC,1.40438,1.40428,0.00192,0.00116
14.10.2025 15:06:38.926 UTC,1.40438,1.40428,0.00192,0.0012
14.10.2025 15:06:39.232 UTC,1.40438,1.40428,0.00132,0.00116
14.10.2025 15:06:39.588 UTC,1.40438,1.40427,0.00132,0.00116
14.10.2025 15:06:39.690 UTC,1.40437,1.40429,0.00132,0.00116
14.10.2025 15:06:40.595 UTC,1.40437,1.40428,0.00192,0.00116
14.10.2025 15:06:40.697 UTC,1.40438,1.40425,0.00192,0.0012
14.10.2025 15:06:40.900 UTC,1.40438,1.40427,0.00192,0.00116
14.10.2025 15:06:41.455 UTC,1.40438,1.40424,0.00132,0.0018
14.10.2025 15:06:41.556 UTC,1.40438,1.40427,0.00132,0.00116
14.10.2025 15:06:45.203 UTC,1.40437,1.40425,0.00132,0.00225
14.10.2025 15:06:45.354 UTC,1.40437,1.40425,0.00147,0.0024
14.10.2025 15:06:45.408 UTC,1.40437,1.40428,0.00132,0.00116
14.10.2025 15:06:48.746 UTC,1.40437,1.40426,0.00192,0.00116
14.10.2025 15:06:48.899 UTC,1.40437,1.40427,0.00192,0.00116
14.10.2025 15:06:50.571 UTC,1.40437,1.40427,0.00132,0.00116
14.10.2025 15:06:52.783 UTC,1.40436,1.40429,0.00132,0.00116
14.10.2025 15:06:52.886 UTC,1.40437,1.40427,0.00132,0.00116
14.10.2025 15:06:53.240 UTC,1.40437,1.40427,0.00192,0.00116
14.10.2025 15:06:57.276 UTC,1.40436,1.40428,0.00132,0.00116
14.10.2025 15:06:57.379 UTC,1.40437,1.40426,0.00132,0.00116
14.10.2025 15:06:57.483 UTC,1.40437,1.40427,0.00132,0.00116
14.10.2025 15:06:58.344 UTC,1.40442,1.40432,0.0012,0.0018
14.10.2025 15:06:58.498 UTC,1.40443,1.40432,0.00279,0.00177
14.10.2025 15:06:58.955 UTC,1.40443,1.40432,0.00192,0.00177
14.10.2025 15:06:59.096 UTC,1.40443,1.40434,0.0018,0.00116
14.10.2025 15:06:59.602 UTC,1.40442,1.40434,0.0018,0.0012
14.10.2025 15:07:00.109 UTC,1.40443,1.40435,0.0018,0.00116
14.10.2025 15:07:00.160 UTC,1.40443,1.40433,0.0018,0.00135
14.10.2025 15:07:01.267 UTC,1.40443,1.40434,0.0018,0.0012
14.10.2025 15:07:03.988 UTC,1.40443,1.40432,0.0018,0.00177
14.10.2025 15:07:05.147 UTC,1.40443,1.40432,0.00282,0.00116
14.10.2025 15:07:05.300 UTC,1.40442,1.40431,0.00132,0.00116
14.10.2025 15:07:05.605 UTC,1.40441,1.40431,0.0012,0.00116
14.10.2025 15:07:05.760 UTC,1.40443,1.40432,0.0018,0.0012
14.10.2025 15:07:05.863 UTC,1.40443,1.40434,0.0018,0.00116
14.10.2025 15:07:06.107 UTC,1.40445,1.40434,0.00147,0.00116
14.10.2025 15:07:06.361 UTC,1.40445,1.40434,0.00132,0.00116
14.10.2025 15:07:07.671 UTC,1.40445,1.40436,0.00132,0.00116
14.10.2025 15:07:08.886 UTC,1.40446,1.40434,0.00237,0.00116
14.10.2025 15:07:10.701 UTC,1.40446,1.40434,0.00147,0.00116
14.10.2025 15:07:12.121 UTC,1.40446,1.40435,0.00147,0.00116
14.10.2025 15:07:12.272 UTC,1.40445,1.40435,0.00147,0.00116
14.10.2025 15:07:13.525 UTC,1.40447,1.40435,0.00144,0.00116
14.10.2025 15:07:13.628 UTC,1.40446,1.40438,0.00132,0.00116
14.10.2025 15:07:19.177 UTC,1.40446,1.40436,0.00147,0.00116
14.10.2025 15:07:25.169 UTC,1.40447,1.40436,0.00327,0.00116
14.10.2025 15:07:28.233 UTC,1.40447,1.40437,0.00192,0.00116
14.10.2025 15:07:28.489 UTC,1.40446,1.40437,0.00192,0.00116
14.10.2025 15:07:29.149 UTC,1.40447,1.40436,0.00192,0.00116
14.10.2025 15:07:30.612 UTC,1.40447,1.40435,0.00237,0.00116
14.10.2025 15:07:33.790 UTC,1.40447,1.40435,0.00192,0.00132
14.10.2025 15:07:33.942 UTC,1.40447,1.40436,0.00192,0.00116
14.10.2025 15:07:34.300 UTC,1.40448,1.40438,0.0012,0.0012
14.10.2025 15:07:34.404 UTC,1.40449,1.40438,0.00327,0.00267
14.10.2025 15:07:34.508 UTC,1.4045,1.40438,0.00327,0.00116
14.10.2025 15:07:34.711 UTC,1.40449,1.40438,0.00147,0.00116
14.10.2025 15:07:35.119 UTC,1.40448,1.40437,0.00192,0.00116
14.10.2025 15:07:35.482 UTC,1.40448,1.40436,0.00237,0.00116
14.10.2025 15:07:38.157 UTC,1.40447,1.40438,0.00327,0.00116
14.10.2025 15:07:40.728 UTC,1.40447,1.40435,0.00342,0.00225
14.10.2025 15:07:41.234 UTC,1.40446,1.40437,0.00147,0.00116
14.10.2025 15:07:41.639 UTC,1.40448,1.40436,0.00342,0.00116
14.10.2025 15:07:42.294 UTC,1.40447,1.40435,0.00147,0.00116
14.10.2025 15:07:48.391 UTC,1.40447,1.40436,0.00342,0.00177
14.10.2025 15:07:48.594 UTC,1.40448,1.40436,0.00342,0.00116
14.10.2025 15:07:49.148 UTC,1.40446,1.40437,0.00237,0.00116
14.10.2025 15:07:49.250 UTC,1.40446,1.40436,0.00237,0.00116
14.10.2025 15:07:51.156 UTC,1.40447,1.40435,0.00252,0.00116
14.10.2025 15:07:51.209 UTC,1.40446,1.40434,0.00387,0.0012
14.10.2025 15:07:51.315 UTC,1.40445,1.40432,0.00237,0.00177
14.10.2025 15:07:51.417 UTC,1.40445,1.40433,0.00147,0.00116
14.10.2025 15:07:51.519 UTC,1.40444,1.40434,0.00147,0.00116
14.10.2025 15:07:51.621 UTC,1.40445,1.40434,0.00147,0.00116
14.10.2025 15:07:53.079 UTC,1.40444,1.40434,0.00237,0.00116
14.10.2025 15:07:53.291 UTC,1.40444,1.40434,0.00144,0.00116
14.10.2025 15:07:53.393 UTC,1.40446,1.40434,0.00237,0.00116
14.10.2025 15:07:53.546 UTC,1.40445,1.40435,0.00132,0.00132
14.10.2025 15:07:53.649 UTC,1.40446,1.40435,0.00132,0.00116
14.10.2025 15:07:58.177 UTC,1.40446,1.40434,0.00234,0.00116
14.10.2025 15:07:59.185 UTC,1.40446,1.40434,0.00237,0.00116
14.10.2025 15:08:00.142 UTC,1.40445,1.40435,0.00147,0.00116
14.10.2025 15:08:00.694 UTC,1.40446,1.40434,0.00237,0.00116
14.10.2025 15:08:04.167 UTC,1.40445,1.40435,0.00252,0.00116
14.10.2025 15:08:04.371 UTC,1.40444,1.40432,0.00477,0.0012
14.10.2025 15:08:04.425 UTC,1.40437,1.40423,0.00207,0.0018
14.10.2025 15:08:04.528 UTC,1.40434,1.40423,0.00132,0.0012
14.10.2025 15:08:04.631 UTC,1.40435,1.40423,0.00132,0.00116
14.10.2025 15:08:05.140 UTC,1.40433,1.40424,0.00192,0.00116
14.10.2025 15:08:05.192 UTC,1.40432,1.40419,0.00192,0.0012
14.10.2025 15:08:05.244 UTC,1.40428,1.40415,0.00132,0.0012
14.10.2025 15:08:05.346 UTC,1.40426,1.40418,0.00132,0.00116
14.10.2025 15:08:05.551 UTC,1.40426,1.40417,0.00132,0.00116
14.10.2025 15:08:07.185 UTC,1.40428,1.40416,0.00147,0.00116
14.10.2025 15:08:07.448 UTC,1.40429,1.40417,0.0012,0.0024
14.10.2025 15:08:07.551 UTC,1.40429,1.4042,0.00132,0.0012
14.10.2025 15:08:07.705 UTC,1.40432,1.40421,0.00132,0.0012
14.10.2025 15:08:07.757 UTC,1.4043,1.40421,0.00132,0.00116
14.10.2025 15:08:07.862 UTC,1.40431,1.40419,0.00132,0.00222
14.10.2025 15:08:07.914 UTC,1.40432,1.40421,0.00315,0.00135
14.10.2025 15:08:07.965 UTC,1.40433,1.40421,0.00327,0.00116
14.10.2025 15:08:08.171 UTC,1.40431,1.40421,0.00237,0.00116
14.10.2025 15:08:08.223 UTC,1.40432,1.40419,0.00237,0.00132
14.10.2025 15:08:08.326 UTC,1.4043,1.4042,0.00147,0.00116
14.10.2025 15:08:09.187 UTC,1.40427,1.40418,0.00132,0.00116
14.10.2025 15:08:09.239 UTC,1.40426,1.40417,0.00132,0.0012
14.10.2025 15:08:09.341 UTC,1.40426,1.40418,0.00132,0.00116
14.10.2025 15:08:09.951 UTC,1.40427,1.40417,0.00132,0.00116
14.10.2025 15:08:10.054 UTC,1.40427,1.40416,0.00132,0.00177
14.10.2025 15:08:10.157 UTC,1.40427,1.40417,0.00132,0.00116
14.10.2025 15:08:10.259 UTC,1.40427,1.40416,0.00132,0.00177
14.10.2025 15:08:13.154 UTC,1.40427,1.40416,0.00192,0.00116
14.10.2025 15:08:13.257 UTC,1.40425,1.40416,0.00132,0.00116
14.10.2025 15:08:13.642 UTC,1.40427,1.40415,0.00237,0.00116
14.10.2025 15:08:14.201 UTC,1.40427,1.40416,0.00132,0.00132
14.10.2025 15:08:14.354 UTC,1.40426,1.40418,0.00132,0.00116
14.10.2025 15:08:15.470 UTC,1.40427,1.40418,0.00192,0.00116
14.10.2025 15:08:15.726 UTC,1.40428,1.40417,0.00327,0.00116
14.10.2025 15:08:16.485 UTC,1.40428,1.40416,0.00342,0.00116
14.10.2025 15:08:16.587 UTC,1.40428,1.40417,0.00342,0.00116
14.10.2025 15:08:17.506 UTC,1.40426,1.40417,0.00282,0.00116
14.10.2025 15:08:17.607 UTC,1.40427,1.40415,0.00282,0.00116
14.10.2025 15:08:17.760 UTC,1.40426,1.40416,0.00327,0.00116
14.10.2025 15:08:19.224 UTC,1.40425,1.40416,0.00135,0.00116
14.10.2025 15:08:19.427 UTC,1.40426,1.40416,0.00315,0.00116
14.10.2025 15:08:20.994 UTC,1.40433,1.40425,0.0036,0.00132
14.10.2025 15:08:21.097 UTC,1.40437,1.40424,0.0027,0.00186
14.10.2025 15:08:21.453 UTC,1.40436,1.40424,0.0012,0.00177
14.10.2025 15:08:23.459 UTC,1.40437,1.40424,0.00225,0.00177
14.10.2025 15:08:25.169 UTC,1.40435,1.40425,0.0012,0.00177
14.10.2025 15:08:27.593 UTC,1.40436,1.40424,0.0024,0.00116
14.10.2025 15:08:27.747 UTC,1.40434,1.40424,0.00135,0.0012
14.10.2025 15:08:28.256 UTC,1.40435,1.40422,0.0012,0.00222
14.10.2025 15:08:28.611 UTC,1.40436,1.40423,0.0018,0.00116
14.10.2025 15:08:29.869 UTC,1.40436,1.40424,0.00225,0.00116
14.10.2025 15:08:29.973 UTC,1.40436,1.40425,0.00225,0.00116
14.10.2025 15:08:30.828 UTC,1.40436,1.40426,0.0012,0.00116
14.10.2025 15:08:31.788 UTC,1.40436,1.40425,0.0012,0.00116
14.10.2025 15:08:34.160 UTC,1.40435,1.40425,0.00132,0.00116
14.10.2025 15:08:34.315 UTC,1.40435,1.40424,0.00147,0.00116
14.10.2025 15:08:34.624 UTC,1.40433,1.40425,0.00132,0.00116
14.10.2025 15:08:34.726 UTC,1.40434,1.40424,0.00132,0.00116
14.10.2025 15:08:34.830 UTC,1.40434,1.40423,0.00132,0.00116
14.10.2025 15:08:35.390 UTC,1.40433,1.40424,0.00132,0.00116
14.10.2025 15:08:36.302 UTC,1.40434,1.40424,0.00132,0.00116
14.10.2025 15:08:36.455 UTC,1.40434,1.40423,0.00132,0.00116
14.10.2025 15:08:36.709 UTC,1.40433,1.40423,0.00144,0.00116
14.10.2025 15:08:37.062 UTC,1.40433,1.40423,0.00132,0.00267
14.10.2025 15:08:37.114 UTC,1.40433,1.40425,0.00132,0.00116
14.10.2025 15:08:37.217 UTC,1.40433,1.40423,0.00147,0.00116
14.10.2025 15:08:39.324 UTC,1.40434,1.40422,0.00144,0.00116
14.10.2025 15:08:39.477 UTC,1.40433,1.40423,0.00147,0.00116
14.10.2025 15:08:39.981 UTC,1.40434,1.40422,0.00132,0.00237
14.10.2025 15:08:40.083 UTC,1.40433,1.40425,0.00132,0.00116
14.10.2025 15:08:41.144 UTC,1.40435,1.40424,0.00132,0.00116
14.10.2025 15:08:42.260 UTC,1.40435,1.40423,0.00156,0.00116
14.10.2025 15:08:42.464 UTC,1.40435,1.40422,0.00156,0.00312
14.10.2025 15:08:42.717 UTC,1.40434,1.40424,0.00156,0.00116
14.10.2025 15:08:43.172 UTC,1.40434,1.40423,0.00132,0.00116
14.10.2025 15:08:43.323 UTC,1.40434,1.40422,0.00132,0.00177
14.10.2025 15:08:43.475 UTC,1.40433,1.40423,0.00132,0.00177
14.10.2025 15:08:43.578 UTC,1.40434,1.40423,0.00132,0.00132
14.10.2025 15:08:43.732 UTC,1.40435,1.40423,0.00132,0.00132
14.10.2025 15:08:43.834 UTC,1.40434,1.40425,0.00144,0.00116
14.10.2025 15:08:44.037 UTC,1.40435,1.40424,0.00192,0.00116
14.10.2025 15:08:44.189 UTC,1.40434,1.40425,0.00132,0.00116
14.10.2025 15:08:44.747 UTC,1.40434,1.40424,0.00144,0.00116
14.10.2025 15:08:45.704 UTC,1.40436,1.40423,0.0012,0.00312
14.10.2025 15:08:45.858 UTC,1.40436,1.40425,0.0012,0.00116
14.10.2025 15:08:46.164 UTC,1.40435,1.40426,0.00132,0.00116
14.10.2025 15:08:47.229 UTC,1.40434,1.40425,0.00132,0.00116
14.10.2025 15:08:47.633 UTC,1.40435,1.40424,0.00144,0.00116
14.10.2025 15:08:49.389 UTC,1.40435,1.40424,0.00108,0.00116
14.10.2025 15:08:50.144 UTC,1.40435,1.40424,0.00144,0.00116
14.10.2025 15:08:50.247 UTC,1.40434,1.40424,0.00132,0.00116
14.10.2025 15:08:51.154 UTC,1.40434,1.40423,0.00132,0.00116
14.10.2025 15:08:52.014 UTC,1.40433,1.40424,0.00132,0.00116
14.10.2025 15:08:52.922 UTC,1.40434,1.40424,0.00132,0.00116
14.10.2025 15:08:53.024 UTC,1.40434,1.40425,0.00132,0.00116
14.10.2025 15:08:53.176 UTC,1.40435,1.40422,0.00132,0.00327
14.10.2025 15:08:53.832 UTC,1.40434,1.40425,0.00132,0.00116
14.10.2025 15:08:53.984 UTC,1.40434,1.40426,0.00132,0.00116
14.10.2025 15:08:54.324 UTC,1.40437,1.40425,0.00144,0.00116
14.10.2025 15:08:54.433 UTC,1.40437,1.40426,0.00144,0.00116
14.10.2025 15:08:54.944 UTC,1.40436,1.40426,0.00132,0.00116
14.10.2025 15:08:55.601 UTC,1.40435,1.40426,0.00156,0.00116
14.10.2025 15:08:55.703 UTC,1.40436,1.40423,0.00156,0.00177
14.10.2025 15:08:56.157 UTC,1.40435,1.40423,0.00132,0.00132
14.10.2025 15:08:56.513 UTC,1.40435,1.40422,0.00156,0.00222
14.10.2025 15:08:56.566 UTC,1.40428,1.40419,0.0012,0.0018
14.10.2025 15:08:56.618 UTC,1.40434,1.40423,0.00192,0.00116
14.10.2025 15:08:56.721 UTC,1.40433,1.40424,0.00189,0.00116
14.10.2025 15:08:56.823 UTC,1.40434,1.40422,0.00132,0.00116
14.10.2025 15:08:57.180 UTC,1.40433,1.40423,0.00132,0.00116
14.10.2025 15:08:58.088 UTC,1.40434,1.40422,0.00132,0.00116
14.10.2025 15:08:58.191 UTC,1.40434,1.40424,0.00144,0.00116
14.10.2025 15:08:59.150 UTC,1.40435,1.40423,0.00144,0.00116
14.10.2025 15:08:59.354 UTC,1.40435,1.40423,0.00147,0.00116
14.10.2025 15:08:59.456 UTC,1.40435,1.40425,0.00156,0.00116
14.10.2025 15:08:59.558 UTC,1.40435,1.40424,0.00246,0.00132
14.10.2025 15:09:00.268 UTC,1.40436,1.40424,0.00147,0.00116
14.10.2025 15:09:01.469 UTC,1.40436,1.40423,0.00156,0.00116
14.10.2025 15:09:03.183 UTC,1.40436,1.40422,0.00204,0.00222
14.10.2025 15:09:03.285 UTC,1.40436,1.40423,0.00168,0.00116
14.10.2025 15:09:03.587 UTC,1.40435,1.40424,0.00153,0.00116
14.10.2025 15:09:05.652 UTC,1.40436,1.40423,0.00246,0.00116
14.10.2025 15:09:06.763 UTC,1.40435,1.40424,0.00225,0.00177
14.10.2025 15:09:06.866 UTC,1.40436,1.40423,0.0018,0.00327
14.10.2025 15:09:08.441 UTC,1.40436,1.40425,0.0012,0.00116
14.10.2025 15:09:08.493 UTC,1.40438,1.40428,0.0012,0.0012
14.10.2025 15:09:08.647 UTC,1.40436,1.40429,0.0012,0.00116
14.10.2025 15:09:08.698 UTC,1.40436,1.40427,0.0012,0.00116
14.10.2025 15:09:09.609 UTC,1.40436,1.40426,0.0012,0.00116
14.10.2025 15:09:14.196 UTC,1.40436,1.40424,0.00135,0.00116
14.10.2025 15:09:14.348 UTC,1.40435,1.40425,0.0024,0.00116
14.10.2025 15:09:14.954 UTC,1.40435,1.40425,0.00225,0.00116
14.10.2025 15:09:19.252 UTC,1.40435,1.40424,0.00237,0.00116
14.10.2025 15:09:19.355 UTC,1.40434,1.40424,0.00132,0.00116
14.10.2025 15:09:19.407 UTC,1.40435,1.40422,0.00237,0.00177
14.10.2025 15:09:20.269 UTC,1.40435,1.40422,0.00234,0.00177
14.10.2025 15:09:20.674 UTC,1.40435,1.40423,0.00234,0.00116
14.10.2025 15:09:20.979 UTC,1.40435,1.40424,0.00225,0.00177
14.10.2025 15:09:21.081 UTC,1.40436,1.40424,0.00135,0.00116
14.10.2025 15:09:22.698 UTC,1.40434,1.40425,0.0012,0.00116
14.10.2025 15:09:22.801 UTC,1.40434,1.40424,0.00132,0.00222
14.10.2025 15:09:25.785 UTC,1.40435,1.40424,0.0018,0.00327
14.10.2025 15:09:25.940 UTC,1.40437,1.40424,0.00225,0.00177
14.10.2025 15:09:25.991 UTC,1.40437,1.40426,0.00225,0.00116
14.10.2025 15:09:26.397 UTC,1.40436,1.40426,0.00225,0.00116
14.10.2025 15:09:26.956 UTC,1.40436,1.40425,0.0012,0.00116
14.10.2025 15:09:27.209 UTC,1.40436,1.40424,0.0012,0.00177
14.10.2025 15:09:27.819 UTC,1.40436,1.40424,0.00384,0.00116
14.10.2025 15:09:27.921 UTC,1.40435,1.40423,0.0012,0.00177
14.10.2025 15:09:28.378 UTC,1.40436,1.40423,0.00315,0.00222
14.10.2025 15:09:28.480 UTC,1.40435,1.40423,0.0012,0.00222
14.10.2025 15:09:29.186 UTC,1.40436,1.40423,0.00324,0.00222
14.10.2025 15:09:29.288 UTC,1.40435,1.40424,0.00339,0.00177
14.10.2025 15:09:30.248 UTC,1.40435,1.40424,0.0018,0.00417
14.10.2025 15:09:30.351 UTC,1.40437,1.40424,0.00135,0.00177
14.10.2025 15:09:30.454 UTC,1.40437,1.40425,0.00135,0.00116
14.10.2025 15:09:31.057 UTC,1.40437,1.40427,0.00249,0.00116
14.10.2025 15:09:31.768 UTC,1.40438,1.40426,0.00144,0.00116
14.10.2025 15:09:32.473 UTC,1.40438,1.40426,0.00192,0.00116
14.10.2025 15:09:32.575 UTC,1.40438,1.40425,0.0018,0.00116
14.10.2025 15:09:32.677 UTC,1.40438,1.40426,0.0018,0.00116
14.10.2025 15:09:32.930 UTC,1.40438,1.40427,0.0024,0.00177
14.10.2025 15:09:33.637 UTC,1.40439,1.40426,0.00285,0.00177
14.10.2025 15:09:34.198 UTC,1.40435,1.40424,0.0012,0.00222
14.10.2025 15:09:34.300 UTC,1.40436,1.40423,0.00192,0.00177
14.10.2025 15:09:34.757 UTC,1.40436,1.40423,0.00144,0.00177
14.10.2025 15:09:34.911 UTC,1.40431,1.40421,0.0012,0.0012
14.10.2025 15:09:35.014 UTC,1.4043,1.40421,0.0012,0.00116
14.10.2025 15:09:35.168 UTC,1.40429,1.4042,0.0012,0.00116
14.10.2025 15:09:35.270 UTC,1.40429,1.40417,0.0012,0.00177
14.10.2025 15:09:35.424 UTC,1.40429,1.40418,0.0012,0.00116
14.10.2025 15:09:35.529 UTC,1.40431,1.40419,0.00315,0.00116
14.10.2025 15:09:35.734 UTC,1.40431,1.40419,0.0033,0.00116
14.10.2025 15:09:36.189 UTC,1.40429,1.40419,0.0012,0.00116
14.10.2025 15:09:36.342 UTC,1.4043,1.40421,0.0024,0.00116
14.10.2025 15:09:36.594 UTC,1.40431,1.40419,0.0024,0.00116
14.10.2025 15:09:38.311 UTC,1.40431,1.40421,0.0012,0.00116
14.10.2025 15:09:38.464 UTC,1.40432,1.40421,0.0012,0.00116
14.10.2025 15:09:39.832 UTC,1.40434,1.40422,0.0012,0.00135
14.10.2025 15:09:39.935 UTC,1.40435,1.40424,0.0027,0.00116
14.10.2025 15:09:40.190 UTC,1.40434,1.40424,0.0012,0.00116
14.10.2025 15:09:41.403 UTC,1.40435,1.40424,0.00135,0.0012
14.10.2025 15:09:42.311 UTC,1.40434,1.40423,0.00192,0.00177
14.10.2025 15:09:43.174 UTC,1.40433,1.40422,0.00132,0.0012
14.10.2025 15:09:44.186 UTC,1.4043,1.40421,0.0012,0.00116
14.10.2025 15:09:44.238 UTC,1.40429,1.40418,0.0012,0.0012
14.10.2025 15:09:44.290 UTC,1.40431,1.40419,0.0018,0.00177
14.10.2025 15:09:44.393 UTC,1.4043,1.40419,0.0012,0.00177
14.10.2025 15:09:44.546 UTC,1.40431,1.4042,0.0012,0.0012
14.10.2025 15:09:44.650 UTC,1.40433,1.40421,0.0024,0.0012
14.10.2025 15:09:44.753 UTC,1.4043,1.4042,0.0012,0.00177
14.10.2025 15:09:44.905 UTC,1.4043,1.40419,0.0012,0.00177
14.10.2025 15:09:45.312 UTC,1.40432,1.4042,0.00135,0.0012
14.10.2025 15:09:45.364 UTC,1.40433,1.40422,0.00135,0.0012
14.10.2025 15:09:45.417 UTC,1.40435,1.40423,0.0018,0.0012
14.10.2025 15:09:45.824 UTC,1.40435,1.40424,0.00132,0.0012
14.10.2025 15:09:46.028 UTC,1.40435,1.40424,0.0012,0.0012
14.10.2025 15:09:46.193 UTC,1.40435,1.40425,0.0012,0.0012
14.10.2025 15:09:46.297 UTC,1.40438,1.40428,0.0012,0.0012
14.10.2025 15:09:46.916 UTC,1.4044,1.40428,0.0018,0.00177
14.10.2025 15:09:47.067 UTC,1.40438,1.40429,0.0012,0.00177
14.10.2025 15:09:48.833 UTC,1.40438,1.40429,0.0018,0.00177
14.10.2025 15:09:48.986 UTC,1.40439,1.40428,0.00135,0.00177
14.10.2025 15:09:49.289 UTC,1.40438,1.40428,0.0012,0.00177
14.10.2025 15:09:50.148 UTC,1.40438,1.40429,0.00135,0.00177
14.10.2025 15:09:50.612 UTC,1.40438,1.40429,0.0018,0.00177
14.10.2025 15:09:51.169 UTC,1.40439,1.40428,0.00135,0.00177
14.10.2025 15:09:51.272 UTC,1.40438,1.40429,0.0018,0.00177
14.10.2025 15:09:51.375 UTC,1.4044,1.40429,0.00135,0.0012
14.10.2025 15:09:51.580 UTC,1.40442,1.40431,0.0024,0.0012
14.10.2025 15:09:51.684 UTC,1.40448,1.40436,0.0012,0.0012
14.10.2025 15:09:51.838 UTC,1.40446,1.40437,0.0012,0.0012
14.10.2025 15:09:51.941 UTC,1.40447,1.40435,0.0012,0.0012
14.10.2025 15:09:52.043 UTC,1.40446,1.40435,0.0012,0.0012
14.10.2025 15:09:53.254 UTC,1.40446,1.40437,0.0012,0.0012
14.10.2025 15:09:53.357 UTC,1.40448,1.40438,0.0012,0.0012
14.10.2025 15:09:53.720 UTC,1.40449,1.40438,0.00132,0.00177
14.10.2025 15:09:57.811 UTC,1.40448,1.40438,0.0012,0.00177
14.10.2025 15:10:01.604 UTC,1.40449,1.40438,0.00144,0.00177
14.10.2025 15:10:02.363 UTC,1.40452,1.4044,0.00135,0.0018
14.10.2025 15:10:02.466 UTC,1.40453,1.40441,0.00189,0.0012
14.10.2025 15:10:02.518 UTC,1.40453,1.40444,0.0012,0.0012
14.10.2025 15:10:03.732 UTC,1.40456,1.40445,0.00255,0.0012
14.10.2025 15:10:03.835 UTC,1.40457,1.40444,0.00237,0.0012
14.10.2025 15:10:06.661 UTC,1.40455,1.40445,0.00285,0.0012
14.10.2025 15:10:06.914 UTC,1.40456,1.40444,0.0027,0.0012
14.10.2025 15:10:07.118 UTC,1.40455,1.40445,0.00285,0.0012
14.10.2025 15:10:10.469 UTC,1.40456,1.40444,0.00225,0.0012
14.10.2025 15:10:10.572 UTC,1.40455,1.40447,0.0012,0.0012
14.10.2025 15:10:10.727 UTC,1.40456,1.40445,0.00135,0.00177
14.10.2025 15:10:14.861 UTC,1.40457,1.40448,0.00135,0.0012
14.10.2025 15:10:14.963 UTC,1.40459,1.40448,0.00405,0.00116
14.10.2025 15:10:15.117 UTC,1.40457,1.40447,0.00135,0.00116
14.10.2025 15:10:15.220 UTC,1.40456,1.40446,0.00135,0.0012
14.10.2025 15:10:15.829 UTC,1.40457,1.40445,0.0018,0.0012
14.10.2025 15:10:18.181 UTC,1.40456,1.40444,0.00225,0.0012
14.10.2025 15:10:19.142 UTC,1.40455,1.40444,0.0012,0.0012
14.10.2025 15:10:19.648 UTC,1.40456,1.40444,0.0027,0.0012
14.10.2025 15:10:20.353 UTC,1.40456,1.40444,0.00285,0.0012
14.10.2025 15:10:20.906 UTC,1.40456,1.40444,0.0027,0.0012
14.10.2025 15:10:21.564 UTC,1.40456,1.40444,0.0024,0.0012
14.10.2025 15:10:21.917 UTC,1.40455,1.40445,0.00225,0.0012
14.10.2025 15:10:22.372 UTC,1.40456,1.40444,0.0018,0.0012
14.10.2025 15:10:24.485 UTC,1.40456,1.40444,0.00135,0.0012
14.10.2025 15:10:26.224 UTC,1.40456,1.40445,0.00135,0.0012
14.10.2025 15:10:26.276 UTC,1.4046,1.40449,0.0012,0.0012
14.10.2025 15:10:26.328 UTC,1.40462,1.4045,0.00375,0.0012
14.10.2025 15:10:26.431 UTC,1.4046,1.40451,0.0018,0.00116
14.10.2025 15:10:26.534 UTC,1.40461,1.40449,0.0018,0.00177
14.10.2025 15:10:26.891 UTC,1.4046,1.4045,0.00195,0.00177
14.10.2025 15:10:27.095 UTC,1.40461,1.40449,0.0024,0.00177
14.10.2025 15:10:27.199 UTC,1.4046,1.4045,0.00195,0.00177
14.10.2025 15:10:28.361 UTC,1.4046,1.40449,0.0012,0.00177
14.10.2025 15:10:28.516 UTC,1.4046,1.4045,0.00195,0.00177
14.10.2025 15:10:28.619 UTC,1.40468,1.40457,0.0018,0.0012
14.10.2025 15:10:28.722 UTC,1.40468,1.40458,0.0012,0.00116
14.10.2025 15:10:28.824 UTC,1.40468,1.40459,0.0012,0.00116
14.10.2025 15:10:28.978 UTC,1.40471,1.40458,0.00225,0.00177
14.10.2025 15:10:29.030 UTC,1.40471,1.40462,0.0018,0.0012
14.10.2025 15:10:29.134 UTC,1.40471,1.40461,0.0018,0.0012
14.10.2025 15:10:29.185 UTC,1.40471,1.40459,0.0018,0.00177
14.10.2025 15:10:29.442 UTC,1.40471,1.40459,0.0012,0.00177
14.10.2025 15:10:29.595 UTC,1.4047,1.4046,0.0018,0.00177
14.10.2025 15:10:29.697 UTC,1.40471,1.40459,0.0018,0.00177
14.10.2025 15:10:30.562 UTC,1.4047,1.4046,0.0012,0.00177
14.10.2025 15:10:30.665 UTC,1.4047,1.4046,0.0018,0.00177
14.10.2025 15:10:30.819 UTC,1.40472,1.40461,0.0012,0.0012
14.10.2025 15:10:30.923 UTC,1.40475,1.40464,0.0012,0.0012
14.10.2025 15:10:30.975 UTC,1.40477,1.40465,0.0018,0.0012
14.10.2025 15:10:31.077 UTC,1.40475,1.40466,0.0012,0.0012
14.10.2025 15:10:31.181 UTC,1.40474,1.40465,0.0012,0.0012
14.10.2025 15:10:31.284 UTC,1.40476,1.40465,0.0012,0.0012
14.10.2025 15:10:31.794 UTC,1.40475,1.40465,0.0012,0.0012
14.10.2025 15:10:32.801 UTC,1.40478,1.40467,0.00315,0.0012
14.10.2025 15:10:32.904 UTC,1.40479,1.40468,0.00135,0.00116
14.10.2025 15:10:33.062 UTC,1.40479,1.40468,0.00285,0.00116
14.10.2025 15:10:33.925 UTC,1.40482,1.40468,0.00567,0.00116
14.10.2025 15:10:34.028 UTC,1.40477,1.40467,0.00132,0.00116
14.10.2025 15:10:34.132 UTC,1.40474,1.40465,0.00135,0.0012
14.10.2025 15:10:34.234 UTC,1.40474,1.40464,0.0012,0.0012
14.10.2025 15:10:34.590 UTC,1.40476,1.40466,0.00225,0.0012
14.10.2025 15:10:34.693 UTC,1.40476,1.40466,0.0018,0.0012
14.10.2025 15:10:35.959 UTC,1.40476,1.40465,0.00195,0.00177
14.10.2025 15:10:36.619 UTC,1.40476,1.40466,0.0012,0.0012
14.10.2025 15:10:37.073 UTC,1.40474,1.40466,0.0012,0.0012
14.10.2025 15:10:38.087 UTC,1.40478,1.40464,0.00234,0.00177
14.10.2025 15:10:38.798 UTC,1.40478,1.40466,0.0018,0.0012
14.10.2025 15:10:38.902 UTC,1.40482,1.40468,0.0012,0.00234
14.10.2025 15:10:38.953 UTC,1.40482,1.4047,0.00342,0.00116
14.10.2025 15:10:39.006 UTC,1.40484,1.40471,0.00327,0.0012
14.10.2025 15:10:39.058 UTC,1.40485,1.40474,0.00252,0.00116
14.10.2025 15:10:39.162 UTC,1.40482,1.40471,0.00147,0.0012
14.10.2025 15:10:39.258 UTC,1.4048,1.40469,0.00132,0.00116
14.10.2025 15:10:40.993 UTC,1.4048,1.4047,0.0024,0.00177
14.10.2025 15:10:41.148 UTC,1.40479,1.4047,0.0012,0.00116
14.10.2025 15:10:41.251 UTC,1.4048,1.4047,0.00207,0.00116
14.10.2025 15:10:41.706 UTC,1.4048,1.40469,0.0012,0.00116
14.10.2025 15:10:45.089 UTC,1.4048,1.40469,0.00132,0.00116
14.10.2025 15:10:45.193 UTC,1.40481,1.40468,0.00252,0.00116
14.10.2025 15:10:45.397 UTC,1.4048,1.40468,0.0012,0.00116
14.10.2025 15:10:45.500 UTC,1.40481,1.40468,0.00387,0.00116
14.10.2025 15:10:46.107 UTC,1.40479,1.40469,0.0012,0.00116
14.10.2025 15:10:46.461 UTC,1.40479,1.40468,0.00189,0.00116
14.10.2025 15:10:46.564 UTC,1.40479,1.40468,0.00216,0.00116
14.10.2025 15:10:46.616 UTC,1.40479,1.40465,0.00216,0.00177
14.10.2025 15:10:46.769 UTC,1.40479,1.40466,0.00297,0.0012
14.10.2025 15:10:46.821 UTC,1.40479,1.40468,0.00135,0.0012
14.10.2025 15:10:46.925 UTC,1.40481,1.40469,0.00192,0.00116
14.10.2025 15:10:47.079 UTC,1.40481,1.4047,0.0012,0.0012
14.10.2025 15:10:47.131 UTC,1.40484,1.40472,0.0018,0.00177
14.10.2025 15:10:47.261 UTC,1.40483,1.40472,0.00192,0.0012
14.10.2025 15:10:47.567 UTC,1.40485,1.40471,0.00342,0.0012
14.10.2025 15:10:48.177 UTC,1.40482,1.4047,0.00294,0.00177
14.10.2025 15:10:48.229 UTC,1.40484,1.40471,0.00342,0.0012
14.10.2025 15:10:48.332 UTC,1.40484,1.40472,0.0033,0.00177
14.10.2025 15:10:49.089 UTC,1.40486,1.40473,0.00252,0.0012
14.10.2025 15:10:49.192 UTC,1.40485,1.40474,0.0027,0.0012
14.10.2025 15:10:49.295 UTC,1.40486,1.40473,0.00195,0.0012
14.10.2025 15:10:49.598 UTC,1.40486,1.40473,0.0027,0.0012
14.10.2025 15:10:49.701 UTC,1.40485,1.40473,0.0012,0.0012
14.10.2025 15:10:50.104 UTC,1.40485,1.40473,0.00207,0.0012
14.10.2025 15:10:51.012 UTC,1.40484,1.40473,0.00168,0.00177
14.10.2025 15:10:51.064 UTC,1.40485,1.40474,0.0012,0.0012
14.10.2025 15:10:51.219 UTC,1.40487,1.40475,0.0024,0.0012
14.10.2025 15:10:51.475 UTC,1.40488,1.40474,0.00342,0.00177
14.10.2025 15:10:51.628 UTC,1.40488,1.40474,0.00252,0.00222
14.10.2025 15:10:51.832 UTC,1.40486,1.40475,0.0018,0.00177
14.10.2025 15:10:52.291 UTC,1.40483,1.40473,0.0033,0.0012
14.10.2025 15:10:52.394 UTC,1.40482,1.40473,0.00135,0.0012
14.10.2025 15:10:53.154 UTC,1.40483,1.4047,0.00195,0.00177
14.10.2025 15:10:53.205 UTC,1.4048,1.40471,0.0024,0.00116
14.10.2025 15:10:53.308 UTC,1.4048,1.4047,0.0024,0.00116
14.10.2025 15:10:55.182 UTC,1.4048,1.40468,0.00195,0.0012
14.10.2025 15:10:55.336 UTC,1.4048,1.40468,0.0018,0.0012
14.10.2025 15:10:55.740 UTC,1.4048,1.40468,0.0012,0.0012
14.10.2025 15:10:56.046 UTC,1.4048,1.40468,0.0018,0.0012
14.10.2025 15:10:56.200 UTC,1.40479,1.40469,0.0012,0.0012
14.10.2025 15:10:56.815 UTC,1.4048,1.40468,0.0018,0.0012
14.10.2025 15:10:57.223 UTC,1.4048,1.40468,0.00195,0.0012
14.10.2025 15:10:57.982 UTC,1.4048,1.40469,0.00195,0.0012
14.10.2025 15:10:58.236 UTC,1.4048,1.40468,0.0012,0.0012
14.10.2025 15:10:59.292 UTC,1.4048,1.40469,0.00351,0.0012
14.10.2025 15:11:00.251 UTC,1.4048,1.40468,0.00132,0.0012
14.10.2025 15:11:01.010 UTC,1.40479,1.40468,0.00135,0.0012
14.10.2025 15:11:01.112 UTC,1.40478,1.40468,0.0012,0.0012
14.10.2025 15:11:01.215 UTC,1.40475,1.40465,0.00132,0.0012
14.10.2025 15:11:01.268 UTC,1.40472,1.40463,0.00132,0.0012
14.10.2025 15:11:02.135 UTC,1.40472,1.40462,0.0012,0.0012
14.10.2025 15:11:02.187 UTC,1.40475,1.40463,0.00315,0.0012
14.10.2025 15:11:02.328 UTC,1.40474,1.40465,0.0012,0.0012
14.10.2025 15:11:03.442 UTC,1.40474,1.40464,0.0012,0.0012
14.10.2025 15:11:03.946 UTC,1.40475,1.40464,0.00132,0.0012
14.10.2025 15:11:04.149 UTC,1.40476,1.40465,0.00252,0.0012
14.10.2025 15:11:05.109 UTC,1.40477,1.40464,0.00156,0.0012
14.10.2025 15:11:05.717 UTC,1.40477,1.40467,0.00135,0.0012
14.10.2025 15:11:05.820 UTC,1.40477,1.40468,0.00135,0.0012
14.10.2025 15:11:05.922 UTC,1.4048,1.40468,0.00192,0.00116
14.10.2025 15:11:06.024 UTC,1.40479,1.40468,0.00234,0.00116
14.10.2025 15:11:06.226 UTC,1.4048,1.40468,0.00132,0.00177
14.10.2025 15:11:06.328 UTC,1.40481,1.40468,0.00354,0.00177
14.10.2025 15:11:06.431 UTC,1.4048,1.40469,0.00354,0.00177
14.10.2025 15:11:07.539 UTC,1.40481,1.40468,0.00354,0.00177
14.10.2025 15:11:07.794 UTC,1.40479,1.40469,0.00132,0.00177
14.10.2025 15:11:12.154 UTC,1.4048,1.40468,0.00192,0.00177
14.10.2025 15:11:12.813 UTC,1.40479,1.40469,0.00132,0.00177
14.10.2025 15:11:13.726 UTC,1.40477,1.40467,0.00144,0.0012
14.10.2025 15:11:13.831 UTC,1.40478,1.40465,0.00144,0.0012
14.10.2025 15:11:14.187 UTC,1.40475,1.40465,0.00132,0.0012
14.10.2025 15:11:14.289 UTC,1.40475,1.40465,0.00144,0.0012
14.10.2025 15:11:15.657 UTC,1.40475,1.40464,0.00132,0.0012
14.10.2025 15:11:16.518 UTC,1.40474,1.40463,0.00204,0.00177
14.10.2025 15:11:16.570 UTC,1.40475,1.40464,0.00225,0.0012
14.10.2025 15:11:16.673 UTC,1.40475,1.40465,0.00216,0.0012
14.10.2025 15:11:17.180 UTC,1.40475,1.40464,0.00132,0.0012
14.10.2025 15:11:17.534 UTC,1.40476,1.40464,0.00144,0.0012
14.10.2025 15:11:18.028 UTC,1.40476,1.40464,0.00225,0.0012
14.10.2025 15:11:19.200 UTC,1.40473,1.40462,0.00132,0.00177
14.10.2025 15:11:19.303 UTC,1.40472,1.40458,0.00159,0.0012
14.10.2025 15:11:19.405 UTC,1.40472,1.40459,0.00159,0.00116
14.10.2025 15:11:19.661 UTC,1.40472,1.40462,0.00246,0.0012
14.10.2025 15:11:19.764 UTC,1.40477,1.40463,0.00156,0.0012
14.10.2025 15:11:19.867 UTC,1.40477,1.40464,0.00153,0.0012
14.10.2025 15:11:19.969 UTC,1.40477,1.40464,0.00156,0.0012
14.10.2025 15:11:20.526 UTC,1.40477,1.40465,0.0012,0.0012
14.10.2025 15:11:20.679 UTC,1.40476,1.40465,0.0012,0.00177
14.10.2025 15:11:22.601 UTC,1.40476,1.40464,0.0012,0.0012
14.10.2025 15:11:22.704 UTC,1.40475,1.40464,0.0012,0.0012
14.10.2025 15:11:23.663 UTC,1.40474,1.40464,0.0012,0.0012
14.10.2025 15:11:24.170 UTC,1.40475,1.40465,0.00192,0.0012
14.10.2025 15:11:24.274 UTC,1.40476,1.40465,0.00192,0.0012
14.10.2025 15:11:24.376 UTC,1.40477,1.40464,0.00132,0.0012
14.10.2025 15:11:24.781 UTC,1.40478,1.40464,0.00387,0.0012
14.10.2025 15:11:24.984 UTC,1.40477,1.40464,0.00132,0.0012
14.10.2025 15:11:25.669 UTC,1.40478,1.40464,0.00387,0.0012
14.10.2025 15:11:25.772 UTC,1.40478,1.40466,0.00294,0.0012
14.10.2025 15:11:26.282 UTC,1.40477,1.40467,0.00309,0.0012
14.10.2025 15:11:27.094 UTC,1.40477,1.40467,0.00204,0.0012
14.10.2025 15:11:27.600 UTC,1.40479,1.40467,0.00192,0.0012
14.10.2025 15:11:27.703 UTC,1.4048,1.40468,0.00132,0.0012
14.10.2025 15:11:29.879 UTC,1.40479,1.40468,0.0012,0.00177
14.10.2025 15:11:30.081 UTC,1.40481,1.40468,0.00271,0.00177
14.10.2025 15:11:30.586 UTC,1.40479,1.40468,0.0012,0.00177
14.10.2025 15:11:32.048 UTC,1.4048,1.40469,0.00271,0.00177
14.10.2025 15:11:32.351 UTC,1.40479,1.40468,0.0012,0.00177
14.10.2025 15:11:32.454 UTC,1.4048,1.40468,0.00204,0.00177
14.10.2025 15:11:33.194 UTC,1.40478,1.40468,0.0012,0.00177
14.10.2025 15:11:33.699 UTC,1.40479,1.40468,0.0012,0.00177
14.10.2025 15:11:34.103 UTC,1.40478,1.40468,0.0012,0.00177
14.10.2025 15:11:34.205 UTC,1.40478,1.40469,0.0012,0.00177
14.10.2025 15:11:35.166 UTC,1.40477,1.40467,0.00309,0.0012
14.10.2025 15:11:35.269 UTC,1.40477,1.40464,0.00144,0.0012
14.10.2025 15:11:35.573 UTC,1.40476,1.40465,0.00144,0.00177
14.10.2025 15:11:39.146 UTC,1.40477,1.40464,0.00219,0.00177
14.10.2025 15:11:40.162 UTC,1.40474,1.40464,0.00144,0.0012
14.10.2025 15:11:41.224 UTC,1.40474,1.40464,0.00192,0.0012
14.10.2025 15:11:41.428 UTC,1.40473,1.40465,0.00132,0.0012
14.10.2025 15:11:41.630 UTC,1.40474,1.40464,0.00192,0.0012
14.10.2025 15:11:41.734 UTC,1.40474,1.40464,0.00144,0.0012
14.10.2025 15:11:43.144 UTC,1.4047,1.40464,0.0012,0.00116
14.10.2025 15:11:43.196 UTC,1.40471,1.40459,0.00144,0.0012
14.10.2025 15:11:43.299 UTC,1.40469,1.40459,0.00144,0.00177
14.10.2025 15:11:43.439 UTC,1.40469,1.40457,0.00132,0.00177
14.10.2025 15:11:44.201 UTC,1.40469,1.40457,0.00192,0.00177
14.10.2025 15:11:44.605 UTC,1.40468,1.40458,0.00135,0.00177
14.10.2025 15:11:47.425 UTC,1.40469,1.40457,0.0018,0.00177
14.10.2025 15:11:48.784 UTC,1.40472,1.40458,0.00387,0.0012
14.10.2025 15:11:48.938 UTC,1.4047,1.4046,0.00204,0.00116
14.10.2025 15:11:49.040 UTC,1.40471,1.40459,0.00207,0.00116
14.10.2025 15:11:49.951 UTC,1.40471,1.4046,0.00342,0.00116
14.10.2025 15:11:50.462 UTC,1.40469,1.40459,0.0012,0.00116
14.10.2025 15:11:51.172 UTC,1.40469,1.40458,0.00135,0.00186
14.10.2025 15:11:51.833 UTC,1.40468,1.40458,0.0012,0.00177
14.10.2025 15:11:52.136 UTC,1.4047,1.40458,0.0018,0.00177
14.10.2025 15:11:52.239 UTC,1.40468,1.40458,0.0012,0.00177
14.10.2025 15:11:52.847 UTC,1.40469,1.40458,0.00135,0.00177
14.10.2025 15:11:53.101 UTC,1.40468,1.40459,0.0018,0.00177
14.10.2025 15:11:53.204 UTC,1.40469,1.40458,0.00135,0.00177
14.10.2025 15:11:53.305 UTC,1.40468,1.40459,0.0018,0.00177
14.10.2025 15:11:53.610 UTC,1.40469,1.40458,0.00135,0.00177
14.10.2025 15:11:53.864 UTC,1.40468,1.40459,0.0018,0.00177
14.10.2025 15:11:53.966 UTC,1.40469,1.40458,0.00135,0.00177
14.10.2025 15:11:54.171 UTC,1.4047,1.40459,0.00195,0.00116
14.10.2025 15:11:54.273 UTC,1.4047,1.40459,0.0018,0.00116
14.10.2025 15:11:54.375 UTC,1.4047,1.40458,0.0018,0.00177
14.10.2025 15:11:54.528 UTC,1.40469,1.40459,0.00195,0.00177
14.10.2025 15:11:54.630 UTC,1.40469,1.40459,0.0018,0.00177
14.10.2025 15:11:55.493 UTC,1.4047,1.40458,0.00135,0.00177
14.10.2025 15:11:55.695 UTC,1.4047,1.40458,0.0018,0.00177
14.10.2025 15:11:55.898 UTC,1.4047,1.40458,0.00135,0.00177
14.10.2025 15:11:56.152 UTC,1.40471,1.40459,0.0018,0.00116
14.10.2025 15:11:56.254 UTC,1.40469,1.40459,0.00135,0.00116
14.10.2025 15:11:56.813 UTC,1.40469,1.40459,0.0018,0.00116
14.10.2025 15:11:56.919 UTC,1.40469,1.40459,0.00135,0.00116
14.10.2025 15:11:57.174 UTC,1.40469,1.40458,0.0018,0.00177
14.10.2025 15:11:57.275 UTC,1.40469,1.40458,0.00135,0.00177
14.10.2025 15:11:57.428 UTC,1.40468,1.40458,0.0012,0.00177
14.10.2025 15:11:58.136 UTC,1.40469,1.4046,0.00195,0.00116
14.10.2025 15:11:58.238 UTC,1.40469,1.40459,0.00195,0.00177
14.10.2025 15:11:58.440 UTC,1.4047,1.40458,0.00192,0.00177
14.10.2025 15:11:59.246 UTC,1.40469,1.40458,0.0018,0.00177
14.10.2025 15:11:59.399 UTC,1.40469,1.40458,0.00135,0.00177
14.10.2025 15:12:00.456 UTC,1.40469,1.40458,0.0018,0.0012
14.10.2025 15:12:01.060 UTC,1.40469,1.40458,0.00135,0.0012
14.10.2025 15:12:02.184 UTC,1.40469,1.40458,0.0018,0.00177
14.10.2025 15:12:02.440 UTC,1.4047,1.40458,0.00192,0.00177
14.10.2025 15:12:02.643 UTC,1.40469,1.40459,0.00195,0.00177
14.10.2025 15:12:02.746 UTC,1.40469,1.40458,0.00135,0.0012
14.10.2025 15:12:05.863 UTC,1.40469,1.40458,0.0018,0.0012
14.10.2025 15:12:06.118 UTC,1.40469,1.40458,0.00135,0.0012
14.10.2025 15:12:06.172 UTC,1.40463,1.40453,0.0018,0.00135
14.10.2025 15:12:06.224 UTC,1.40464,1.40453,0.00135,0.00135
14.10.2025 15:12:06.277 UTC,1.40461,1.40454,0.0012,0.0012
14.10.2025 15:12:06.532 UTC,1.40463,1.40453,0.00135,0.0012
14.10.2025 15:12:07.113 UTC,1.40462,1.40453,0.00135,0.0012
14.10.2025 15:12:07.623 UTC,1.40463,1.40453,0.0012,0.0012
14.10.2025 15:12:07.775 UTC,1.40461,1.40454,0.00135,0.0012
14.10.2025 15:12:08.030 UTC,1.40462,1.40454,0.00135,0.0012
14.10.2025 15:12:08.185 UTC,1.40465,1.40453,0.0033,0.0012
14.10.2025 15:12:08.440 UTC,1.40466,1.40453,0.0018,0.0018
14.10.2025 15:12:08.694 UTC,1.40466,1.40453,0.00135,0.0012
14.10.2025 15:12:09.100 UTC,1.40466,1.40453,0.0018,0.00177
14.10.2025 15:12:12.692 UTC,1.40463,1.40453,0.0018,0.00116
14.10.2025 15:12:12.795 UTC,1.40462,1.40451,0.00285,0.00177
14.10.2025 15:12:13.049 UTC,1.40461,1.40451,0.0018,0.00177
14.10.2025 15:12:13.203 UTC,1.4046,1.40449,0.00135,0.0012
14.10.2025 15:12:13.306 UTC,1.40463,1.40451,0.0024,0.00177
14.10.2025 15:12:13.409 UTC,1.40464,1.40451,0.0018,0.00186
14.10.2025 15:12:13.512 UTC,1.40463,1.40452,0.0012,0.00186
14.10.2025 15:12:13.614 UTC,1.40464,1.40452,0.0012,0.00116
14.10.2025 15:12:13.717 UTC,1.40464,1.40452,0.0018,0.00116
14.10.2025 15:12:13.819 UTC,1.40463,1.40452,0.0018,0.00186
14.10.2025 15:12:13.920 UTC,1.40463,1.40452,0.0012,0.00186
14.10.2025 15:12:14.174 UTC,1.40463,1.40452,0.0033,0.00116
14.10.2025 15:12:14.276 UTC,1.40463,1.40453,0.0018,0.00116
14.10.2025 15:12:14.682 UTC,1.40463,1.40451,0.0018,0.00177
14.10.2025 15:12:15.189 UTC,1.40463,1.4045,0.00249,0.00177
14.10.2025 15:12:15.292 UTC,1.40462,1.4045,0.00135,0.00177
14.10.2025 15:12:15.804 UTC,1.40462,1.4045,0.00192,0.00177
14.10.2025 15:12:16.817 UTC,1.40461,1.40449,0.00144,0.00177
14.10.2025 15:12:16.923 UTC,1.40457,1.40446,0.00159,0.0012
14.10.2025 15:12:23.132 UTC,1.40459,1.40445,0.00381,0.00177
14.10.2025 15:12:23.234 UTC,1.40458,1.40446,0.00441,0.00177
14.10.2025 15:12:28.223 UTC,1.40458,1.40446,0.00384,0.00177
14.10.2025 15:12:28.679 UTC,1.40459,1.40445,0.00387,0.00177
14.10.2025 15:12:29.286 UTC,1.40458,1.40446,0.00396,0.00177
14.10.2025 15:12:29.688 UTC,1.40459,1.40445,0.00387,0.00177
14.10.2025 15:12:34.638 UTC,1.40457,1.40446,0.0018,0.00177
14.10.2025 15:12:34.942 UTC,1.40458,1.40445,0.00192,0.00177
14.10.2025 15:12:35.045 UTC,1.40457,1.40446,0.00195,0.00177
14.10.2025 15:12:35.147 UTC,1.40458,1.40445,0.00192,0.00177
14.10.2025 15:12:35.299 UTC,1.40458,1.40445,0.00195,0.00177
14.10.2025 15:12:35.401 UTC,1.40457,1.40446,0.00192,0.00177
14.10.2025 15:12:35.504 UTC,1.40459,1.40446,0.00339,0.0012
14.10.2025 15:12:35.607 UTC,1.40458,1.40448,0.00477,0.00116
14.10.2025 15:12:35.760 UTC,1.40459,1.40446,0.00297,0.00177
14.10.2025 15:12:39.969 UTC,1.40458,1.40446,0.00207,0.00116
14.10.2025 15:12:40.076 UTC,1.40457,1.40445,0.00285,0.00177
14.10.2025 15:12:40.583 UTC,1.40457,1.40445,0.00135,0.00177
14.10.2025 15:12:40.685 UTC,1.40457,1.40445,0.0018,0.00177
14.10.2025 15:12:41.089 UTC,1.40457,1.40445,0.00144,0.00177
14.10.2025 15:12:41.242 UTC,1.40457,1.40445,0.00192,0.00177
14.10.2025 15:12:45.618 UTC,1.40457,1.40446,0.00207,0.00177
14.10.2025 15:12:45.721 UTC,1.40458,1.40445,0.00207,0.00177
14.10.2025 15:12:47.432 UTC,1.40457,1.40446,0.00297,0.00116
14.10.2025 15:12:48.097 UTC,1.40457,1.40446,0.00249,0.00116
14.10.2025 15:12:48.199 UTC,1.40458,1.40445,0.00285,0.00116
14.10.2025 15:12:48.353 UTC,1.40458,1.40444,0.00252,0.00177
14.10.2025 15:12:48.656 UTC,1.40458,1.40444,0.00249,0.00222
14.10.2025 15:12:48.809 UTC,1.40458,1.40444,0.00285,0.00177
14.10.2025 15:12:49.165 UTC,1.40455,1.40446,0.0024,0.00116
14.10.2025 15:12:49.267 UTC,1.40456,1.40445,0.00135,0.00116
14.10.2025 15:12:49.520 UTC,1.40457,1.40444,0.00192,0.00116
14.10.2025 15:12:49.673 UTC,1.40457,1.40445,0.0018,0.00116
14.10.2025 15:12:49.776 UTC,1.40457,1.40444,0.0018,0.00116
14.10.2025 15:12:50.080 UTC,1.40456,1.40445,0.00195,0.00116
14.10.2025 15:12:50.633 UTC,1.40457,1.40444,0.0018,0.00177
14.10.2025 15:12:50.735 UTC,1.40456,1.40445,0.0012,0.00177
14.10.2025 15:12:50.837 UTC,1.40456,1.40446,0.00135,0.00116
14.10.2025 15:12:50.939 UTC,1.40456,1.40446,0.0018,0.00116
14.10.2025 15:12:51.444 UTC,1.40457,1.40445,0.00135,0.00116
14.10.2025 15:12:52.753 UTC,1.40456,1.40447,0.00135,0.0012
14.10.2025 15:12:53.158 UTC,1.40456,1.40446,0.0012,0.0012
14.10.2025 15:12:53.310 UTC,1.40456,1.40445,0.0012,0.00116
14.10.2025 15:12:54.368 UTC,1.40455,1.40445,0.00135,0.00177
14.10.2025 15:12:55.173 UTC,1.40456,1.40445,0.00135,0.00116
14.10.2025 15:12:55.325 UTC,1.40456,1.40444,0.00135,0.00177
14.10.2025 15:12:56.181 UTC,1.40455,1.40446,0.00135,0.00116
14.10.2025 15:12:57.136 UTC,1.40456,1.40444,0.00135,0.00116
14.10.2025 15:12:59.250 UTC,1.40457,1.40445,0.0024,0.00116
14.10.2025 15:13:00.155 UTC,1.40456,1.40446,0.00225,0.00116
14.10.2025 15:13:02.165 UTC,1.40455,1.40445,0.0012,0.00116
14.10.2025 15:13:02.318 UTC,1.40455,1.40444,0.0018,0.00116
14.10.2025 15:13:02.419 UTC,1.40454,1.40445,0.0012,0.00116
14.10.2025 15:13:03.376 UTC,1.40454,1.40444,0.0012,0.00116
14.10.2025 15:13:03.530 UTC,1.40454,1.40443,0.00135,0.00116
14.10.2025 15:13:04.186 UTC,1.40456,1.40443,0.0033,0.00177
14.10.2025 15:13:04.289 UTC,1.40456,1.40444,0.00315,0.00116
14.10.2025 15:13:05.395 UTC,1.40456,1.40444,0.0024,0.00116
14.10.2025 15:13:05.548 UTC,1.40456,1.40444,0.00225,0.00116
14.10.2025 15:13:06.154 UTC,1.40449,1.40438,0.0012,0.0012
14.10.2025 15:13:06.257 UTC,1.40445,1.40439,0.0018,0.0012
14.10.2025 15:13:06.308 UTC,1.40445,1.40433,0.0012,0.00116
14.10.2025 15:13:06.462 UTC,1.40444,1.40433,0.00132,0.00116
14.10.2025 15:13:06.920 UTC,1.40442,1.40433,0.00189,0.00116
14.10.2025 15:13:06.972 UTC,1.40442,1.40429,0.00132,0.0018
14.10.2025 15:13:07.075 UTC,1.40439,1.4043,0.00132,0.00116
14.10.2025 15:13:07.178 UTC,1.40438,1.40429,0.00132,0.00116
14.10.2025 15:13:07.230 UTC,1.40438,1.40425,0.00192,0.0012
14.10.2025 15:13:07.281 UTC,1.40437,1.40429,0.00192,0.00116
14.10.2025 15:13:07.384 UTC,1.40438,1.40426,0.00282,0.00116
14.10.2025 15:13:07.537 UTC,1.40435,1.40427,0.00132,0.00116
14.10.2025 15:13:07.639 UTC,1.40436,1.40425,0.00132,0.00116
14.10.2025 15:13:08.146 UTC,1.40435,1.40426,0.00132,0.00116
14.10.2025 15:13:08.299 UTC,1.40436,1.40425,0.00189,0.00116
14.10.2025 15:13:08.804 UTC,1.40436,1.40425,0.00192,0.00116
14.10.2025 15:13:09.309 UTC,1.40435,1.40424,0.00132,0.00116
14.10.2025 15:13:11.532 UTC,1.40433,1.40422,0.0018,0.0012
14.10.2025 15:13:11.635 UTC,1.40432,1.40422,0.0012,0.0018
14.10.2025 15:13:11.737 UTC,1.40433,1.40423,0.0012,0.0012
14.10.2025 15:13:11.984 UTC,1.40433,1.40424,0.0012,0.0012
14.10.2025 15:13:12.147 UTC,1.40435,1.40424,0.00135,0.0012
14.10.2025 15:13:13.357 UTC,1.40435,1.40425,0.00132,0.00116
14.10.2025 15:13:14.926 UTC,1.40435,1.40426,0.00144,0.00116
14.10.2025 15:13:15.182 UTC,1.40436,1.40424,0.00324,0.00116
14.10.2025 15:13:15.486 UTC,1.40435,1.40425,0.0033,0.00116
14.10.2025 15:13:15.790 UTC,1.40436,1.40424,0.00315,0.00116
14.10.2025 15:13:16.042 UTC,1.40436,1.40424,0.0033,0.00116
14.10.2025 15:13:16.144 UTC,1.40436,1.40424,0.00315,0.00116
14.10.2025 15:13:16.347 UTC,1.40436,1.40424,0.0033,0.00116
14.10.2025 15:13:16.449 UTC,1.40436,1.40424,0.00315,0.00116
14.10.2025 15:13:17.158 UTC,1.40436,1.40425,0.0012,0.00116
14.10.2025 15:13:18.930 UTC,1.40445,1.40435,0.0012,0.0027
14.10.2025 15:13:19.034 UTC,1.40454,1.40443,0.0012,0.00132
14.10.2025 15:13:19.086 UTC,1.40456,1.40445,0.00279,0.0012
14.10.2025 15:13:19.454 UTC,1.40456,1.40447,0.0027,0.00116
14.10.2025 15:13:20.012 UTC,1.40456,1.40447,0.0033,0.00116
14.10.2025 15:13:20.568 UTC,1.40456,1.40447,0.00225,0.00116
14.10.2025 15:13:21.279 UTC,1.40457,1.40446,0.0024,0.00116
14.10.2025 15:13:23.655 UTC,1.40457,1.40446,0.00315,0.00116
14.10.2025 15:13:24.761 UTC,1.40456,1.40447,0.0033,0.00116
14.10.2025 15:13:24.864 UTC,1.40454,1.40446,0.00135,0.00116
14.10.2025 15:13:24.916 UTC,1.40452,1.4044,0.0018,0.0018
14.10.2025 15:13:24.968 UTC,1.4045,1.4044,0.0012,0.00116
14.10.2025 15:13:25.072 UTC,1.40453,1.40441,0.00324,0.00116
14.10.2025 15:13:25.175 UTC,1.4045,1.40442,0.00234,0.00116
14.10.2025 15:13:25.277 UTC,1.40451,1.4044,0.00234,0.00116
14.10.2025 15:13:25.636 UTC,1.40452,1.4044,0.0012,0.00116
14.10.2025 15:13:25.739 UTC,1.40451,1.4044,0.00135,0.00116
14.10.2025 15:13:25.841 UTC,1.40451,1.40441,0.00234,0.00116
14.10.2025 15:13:26.047 UTC,1.40451,1.4044,0.0012,0.00116
14.10.2025 15:13:26.350 UTC,1.40451,1.40442,0.00135,0.00116
14.10.2025 15:13:26.453 UTC,1.40453,1.40441,0.00225,0.00116
14.10.2025 15:13:26.657 UTC,1.40452,1.40442,0.0033,0.00116
14.10.2025 15:13:26.761 UTC,1.40451,1.40441,0.00234,0.00116
14.10.2025 15:13:26.816 UTC,1.40448,1.40437,0.0012,0.0012
14.10.2025 15:13:26.922 UTC,1.40447,1.40439,0.0012,0.00116
14.10.2025 15:13:27.436 UTC,1.40447,1.40438,0.0012,0.00116
14.10.2025 15:13:27.994 UTC,1.40447,1.40437,0.0012,0.00116
14.10.2025 15:13:31.774 UTC,1.40447,1.40438,0.00225,0.00116
14.10.2025 15:13:32.080 UTC,1.40448,1.40437,0.00249,0.00116
14.10.2025 15:13:32.182 UTC,1.40448,1.40436,0.0024,0.00116
14.10.2025 15:13:32.487 UTC,1.40448,1.40436,0.00225,0.00116
14.10.2025 15:13:34.045 UTC,1.40446,1.40437,0.0012,0.00116
14.10.2025 15:13:34.148 UTC,1.40447,1.40435,0.0012,0.00177
14.10.2025 15:13:34.251 UTC,1.40447,1.40436,0.0012,0.00116
14.10.2025 15:13:34.554 UTC,1.40447,1.40437,0.0012,0.00116
14.10.2025 15:13:35.863 UTC,1.40446,1.40437,0.0018,0.00116
14.10.2025 15:13:36.521 UTC,1.40446,1.40436,0.0012,0.00116
14.10.2025 15:13:36.623 UTC,1.40446,1.40435,0.0012,0.00116
14.10.2025 15:13:37.990 UTC,1.40446,1.40435,0.00192,0.00116
14.10.2025 15:13:38.092 UTC,1.40446,1.40435,0.00135,0.00116
14.10.2025 15:13:38.195 UTC,1.40446,1.40435,0.0024,0.00116
14.10.2025 15:13:38.298 UTC,1.40446,1.40435,0.00225,0.00116
14.10.2025 15:13:39.260 UTC,1.40447,1.40435,0.00135,0.00116
14.10.2025 15:13:39.412 UTC,1.40447,1.40436,0.00135,0.00116
14.10.2025 15:13:41.026 UTC,1.40447,1.40437,0.00195,0.00116
14.10.2025 15:13:41.329 UTC,1.40447,1.40437,0.0024,0.00116
14.10.2025 15:13:43.225 UTC,1.40446,1.40436,0.00135,0.00116
14.10.2025 15:13:43.327 UTC,1.40447,1.40436,0.00135,0.00116
14.10.2025 15:13:46.047 UTC,1.40446,1.40436,0.00225,0.00116
14.10.2025 15:13:46.199 UTC,1.40446,1.40435,0.0012,0.00116
14.10.2025 15:13:46.401 UTC,1.40447,1.40435,0.00225,0.00116
14.10.2025 15:13:48.666 UTC,1.40447,1.40436,0.0024,0.00116
14.10.2025 15:13:48.767 UTC,1.40447,1.40435,0.0024,0.00116
14.10.2025 15:13:49.807 UTC,1.40447,1.40435,0.00225,0.00128
14.10.2025 15:13:49.961 UTC,1.40447,1.40436,0.00225,0.00116
14.10.2025 15:13:52.937 UTC,1.40447,1.40436,0.00285,0.00116
14.10.2025 15:13:53.039 UTC,1.40446,1.40437,0.00225,0.00116
14.10.2025 15:13:53.140 UTC,1.40447,1.40436,0.00285,0.00116
14.10.2025 15:13:53.644 UTC,1.40446,1.40436,0.00135,0.00116
14.10.2025 15:13:53.748 UTC,1.40441,1.40431,0.0012,0.0012
14.10.2025 15:13:53.800 UTC,1.40441,1.40429,0.0018,0.00116
14.10.2025 15:13:53.851 UTC,1.40438,1.4043,0.0012,0.00116
14.10.2025 15:13:54.006 UTC,1.40442,1.40429,0.0012,0.00186
14.10.2025 15:13:54.109 UTC,1.40442,1.4043,0.0012,0.00116
14.10.2025 15:13:54.212 UTC,1.40443,1.4043,0.0018,0.00128
14.10.2025 15:13:54.264 UTC,1.40444,1.40433,0.0012,0.00132
14.10.2025 15:13:54.366 UTC,1.40446,1.40434,0.0012,0.00186
14.10.2025 15:13:54.518 UTC,1.40446,1.40435,0.0012,0.00116
14.10.2025 15:14:00.010 UTC,1.40448,1.40435,0.00324,0.00116
14.10.2025 15:14:00.112 UTC,1.40447,1.40435,0.0012,0.00116
14.10.2025 15:14:00.214 UTC,1.40446,1.40437,0.0012,0.00116
14.10.2025 15:14:02.333 UTC,1.40448,1.40436,0.0024,0.00189
14.10.2025 15:14:02.386 UTC,1.40457,1.40444,0.0015,0.0012
14.10.2025 15:14:02.440 UTC,1.40458,1.40445,0.0012,0.0012
14.10.2025 15:14:02.597 UTC,1.40458,1.40446,0.00132,0.00116
14.10.2025 15:14:02.750 UTC,1.40457,1.40445,0.0012,0.00177
14.10.2025 15:14:05.325 UTC,1.40456,1.40444,0.0012,0.00177
14.10.2025 15:14:05.428 UTC,1.40457,1.40444,0.00189,0.00177
14.10.2025 15:14:08.601 UTC,1.40457,1.40445,0.00234,0.00116
14.10.2025 15:14:08.754 UTC,1.40456,1.40445,0.0012,0.00116
14.10.2025 15:14:10.011 UTC,1.40457,1.40445,0.00135,0.00116
14.10.2025 15:14:13.747 UTC,1.40454,1.40446,0.00144,0.00116
14.10.2025 15:14:13.799 UTC,1.40452,1.4044,0.0012,0.0012
14.10.2025 15:14:13.902 UTC,1.4045,1.40441,0.0012,0.00177
14.10.2025 15:14:14.158 UTC,1.4045,1.4044,0.0018,0.00116
14.10.2025 15:14:14.261 UTC,1.4045,1.40439,0.00189,0.00116
14.10.2025 15:14:15.172 UTC,1.4045,1.40438,0.0018,0.00116
14.10.2025 15:14:15.275 UTC,1.4045,1.40439,0.0018,0.00116
14.10.2025 15:14:15.530 UTC,1.40451,1.4044,0.0012,0.00116
14.10.2025 15:14:17.401 UTC,1.40449,1.4044,0.00324,0.00116
14.10.2025 15:14:17.504 UTC,1.40448,1.40437,0.0012,0.00116
14.10.2025 15:14:21.101 UTC,1.40448,1.40437,0.0018,0.00116
14.10.2025 15:14:22.209 UTC,1.40448,1.40437,0.00135,0.00116
14.10.2025 15:14:22.411 UTC,1.40448,1.40437,0.0018,0.00116
14.10.2025 15:14:24.117 UTC,1.40448,1.40437,0.00135,0.00116
14.10.2025 15:14:24.369 UTC,1.40448,1.40437,0.0018,0.00116
14.10.2025 15:14:25.175 UTC,1.40447,1.40438,0.00135,0.00116
14.10.2025 15:14:25.278 UTC,1.40448,1.40437,0.0018,0.00116
14.10.2025 15:14:25.380 UTC,1.40447,1.40436,0.00225,0.00116
14.10.2025 15:14:30.297 UTC,1.40447,1.40435,0.00315,0.00116
14.10.2025 15:14:31.455 UTC,1.40447,1.40436,0.00315,0.00116
14.10.2025 15:14:32.309 UTC,1.40447,1.40435,0.00315,0.00116
14.10.2025 15:14:32.462 UTC,1.40447,1.40436,0.00315,0.00116
14.10.2025 15:14:39.296 UTC,1.40446,1.40436,0.0012,0.00116
14.10.2025 15:14:43.566 UTC,1.40447,1.40437,0.0012,0.00116
14.10.2025 15:14:44.183 UTC,1.40446,1.40437,0.0012,0.00116
14.10.2025 15:14:44.285 UTC,1.40445,1.40437,0.0012,0.00116
14.10.2025 15:14:44.439 UTC,1.40446,1.40437,0.0012,0.00116
14.10.2025 15:14:45.801 UTC,1.40448,1.40437,0.0012,0.00116
14.10.2025 15:14:45.904 UTC,1.40449,1.40437,0.0018,0.00186
14.10.2025 15:14:46.007 UTC,1.40448,1.40439,0.0033,0.00116
14.10.2025 15:14:46.109 UTC,1.40449,1.40438,0.00315,0.00116
14.10.2025 15:14:47.116 UTC,1.40449,1.40438,0.0033,0.00116
14.10.2025 15:14:47.369 UTC,1.40448,1.40439,0.00285,0.00116
14.10.2025 15:14:47.670 UTC,1.40449,1.40438,0.0033,0.00116
14.10.2025 15:14:50.633 UTC,1.40449,1.40438,0.00315,0.00116
14.10.2025 15:14:50.788 UTC,1.40448,1.40438,0.00135,0.00116
14.10.2025 15:14:51.546 UTC,1.40448,1.40438,0.0018,0.00116
14.10.2025 15:14:51.750 UTC,1.40447,1.40439,0.0012,0.00116
14.10.2025 15:14:52.756 UTC,1.40449,1.40438,0.00315,0.00116
14.10.2025 15:14:52.909 UTC,1.40449,1.40438,0.0033,0.00116
14.10.2025 15:14:53.813 UTC,1.40449,1.40437,0.0033,0.00116
14.10.2025 15:14:53.967 UTC,1.40448,1.40437,0.0033,0.00116
14.10.2025 15:14:55.727 UTC,1.40448,1.40437,0.00315,0.00116
14.10.2025 15:14:56.181 UTC,1.40446,1.40438,0.0012,0.00116
14.10.2025 15:14:56.233 UTC,1.40448,1.40437,0.0024,0.00116
14.10.2025 15:14:56.990 UTC,1.40446,1.40437,0.0012,0.00116
14.10.2025 15:14:57.149 UTC,1.40438,1.40431,0.00225,0.0018
14.10.2025 15:14:57.209 UTC,1.40433,1.40425,0.0012,0.00116
14.10.2025 15:14:57.313 UTC,1.40432,1.40423,0.0018,0.00116
14.10.2025 15:14:57.417 UTC,1.40431,1.40422,0.0012,0.00116
14.10.2025 15:14:57.471 UTC,1.40427,1.40416,0.0018,0.00267
14.10.2025 15:14:57.524 UTC,1.40428,1.40417,0.0018,0.00116
14.10.2025 15:14:57.627 UTC,1.40433,1.40421,0.0012,0.00177
14.10.2025 15:14:57.679 UTC,1.40433,1.40423,0.0012,0.0012
14.10.2025 15:14:57.833 UTC,1.40433,1.40422,0.0012,0.00116
14.10.2025 15:14:58.293 UTC,1.40432,1.40422,0.0018,0.00177
14.10.2025 15:14:58.649 UTC,1.40433,1.40422,0.0012,0.0012
14.10.2025 15:14:58.802 UTC,1.40433,1.40421,0.0012,0.00177
14.10.2025 15:14:59.559 UTC,1.40432,1.40423,0.0012,0.00116
14.10.2025 15:14:59.661 UTC,1.40433,1.40421,0.0012,0.00116
14.10.2025 15:15:00.326 UTC,1.40432,1.40424,0.0012,0.0012
14.10.2025 15:15:01.437 UTC,1.40433,1.40422,0.0012,0.00177
14.10.2025 15:15:01.642 UTC,1.40435,1.40422,0.0012,0.00135
14.10.2025 15:15:01.693 UTC,1.40437,1.40426,0.0024,0.00116
14.10.2025 15:15:01.796 UTC,1.40437,1.40426,0.00135,0.00116
14.10.2025 15:15:02.000 UTC,1.40436,1.40427,0.0018,0.00116
14.10.2025 15:15:02.405 UTC,1.40437,1.40426,0.00135,0.00116
14.10.2025 15:15:02.760 UTC,1.40437,1.40426,0.0018,0.00116
14.10.2025 15:15:02.863 UTC,1.40437,1.40426,0.0012,0.00116
14.10.2025 15:15:03.065 UTC,1.40437,1.40427,0.00315,0.00116
14.10.2025 15:15:03.167 UTC,1.40438,1.40427,0.00315,0.00116
14.10.2025 15:15:04.580 UTC,1.40437,1.40426,0.0018,0.00116
14.10.2025 15:15:04.685 UTC,1.40437,1.40425,0.00225,0.00116
14.10.2025 15:15:04.838 UTC,1.40437,1.40426,0.00225,0.00116
14.10.2025 15:15:05.090 UTC,1.40436,1.40428,0.0018,0.00116
14.10.2025 15:15:05.192 UTC,1.40438,1.40427,0.00225,0.00116
14.10.2025 15:15:12.034 UTC,1.40441,1.40431,0.0012,0.00132
14.10.2025 15:15:12.085 UTC,1.40444,1.40432,0.0024,0.0012
14.10.2025 15:15:12.188 UTC,1.40443,1.40433,0.0012,0.00177
14.10.2025 15:15:12.505 UTC,1.40442,1.40432,0.0012,0.00177
14.10.2025 15:15:12.608 UTC,1.4044,1.40433,0.0012,0.00116
14.10.2025 15:15:12.659 UTC,1.40441,1.4043,0.0012,0.00116
14.10.2025 15:15:12.914 UTC,1.40441,1.40431,0.0012,0.00177
14.10.2025 15:15:13.017 UTC,1.40444,1.40431,0.0024,0.00177
14.10.2025 15:15:13.120 UTC,1.40444,1.40432,0.0018,0.0012
14.10.2025 15:15:16.149 UTC,1.40443,1.40432,0.0012,0.00177
14.10.2025 15:15:17.415 UTC,1.40441,1.4043,0.0012,0.00116
14.10.2025 15:15:17.518 UTC,1.40438,1.40429,0.0012,0.00132
14.10.2025 15:15:17.672 UTC,1.40441,1.40428,0.00225,0.00321
14.10.2025 15:15:17.774 UTC,1.4044,1.4043,0.00225,0.00116
14.10.2025 15:15:18.028 UTC,1.40441,1.4043,0.00225,0.00116
14.10.2025 15:15:20.745 UTC,1.40442,1.4043,0.00135,0.00222
14.10.2025 15:15:20.847 UTC,1.40442,1.40431,0.0012,0.00116
14.10.2025 15:15:21.151 UTC,1.40441,1.40431,0.00135,0.00116
14.10.2025 15:15:21.408 UTC,1.4044,1.40431,0.0012,0.00116
14.10.2025 15:15:22.772 UTC,1.40441,1.40432,0.00135,0.00116
14.10.2025 15:15:22.823 UTC,1.4044,1.40432,0.0018,0.00116
14.10.2025 15:15:22.926 UTC,1.40441,1.4043,0.0018,0.00116
14.10.2025 15:15:23.587 UTC,1.4044,1.4043,0.0012,0.00116
14.10.2025 15:15:23.689 UTC,1.40438,1.4043,0.0012,0.00116
14.10.2025 15:15:24.044 UTC,1.40437,1.4043,0.0018,0.00116
14.10.2025 15:15:24.146 UTC,1.40437,1.40428,0.0018,0.00176
14.10.2025 15:15:28.767 UTC,1.40437,1.40428,0.00225,0.00116
14.10.2025 15:15:29.577 UTC,1.40437,1.40427,0.00135,0.00116
14.10.2025 15:15:29.730 UTC,1.40437,1.40426,0.00135,0.00116
14.10.2025 15:15:30.033 UTC,1.40437,1.40425,0.00225,0.00116
14.10.2025 15:15:30.288 UTC,1.40437,1.40426,0.0012,0.00116
14.10.2025 15:15:35.327 UTC,1.40437,1.40425,0.00315,0.00116
14.10.2025 15:15:39.107 UTC,1.40436,1.40425,0.0012,0.00116
14.10.2025 15:15:39.561 UTC,1.40436,1.40426,0.00315,0.00116
14.10.2025 15:15:39.663 UTC,1.40436,1.40427,0.00315,0.00116
14.10.2025 15:15:40.776 UTC,1.40436,1.40428,0.0012,0.00116
14.10.2025 15:15:46.097 UTC,1.40436,1.40427,0.0012,0.00116
14.10.2025 15:15:46.251 UTC,1.40435,1.40427,0.0012,0.00116
14.10.2025 15:15:50.195 UTC,1.40437,1.40426,0.0012,0.00116
14.10.2025 15:15:50.298 UTC,1.40437,1.40427,0.0012,0.00116
14.10.2025 15:15:50.854 UTC,1.40438,1.40427,0.0012,0.00116
14.10.2025 15:15:51.161 UTC,1.40437,1.40427,0.0012,0.00116
14.10.2025 15:15:55.603 UTC,1.40437,1.40426,0.0012,0.00116
14.10.2025 15:15:56.412 UTC,1.40437,1.40426,0.0024,0.00116
14.10.2025 15:15:56.714 UTC,1.40437,1.40426,0.0018,0.00116
14.10.2025 15:15:58.575 UTC,1.40435,1.40427,0.00144,0.00116
14.10.2025 15:15:58.682 UTC,1.40436,1.40425,0.00144,0.00116
14.10.2025 15:15:59.192 UTC,1.40434,1.40426,0.00189,0.00116
14.10.2025 15:16:01.772 UTC,1.40436,1.40426,0.00225,0.00116
14.10.2025 15:16:01.925 UTC,1.40437,1.40426,0.00225,0.00116
14.10.2025 15:16:02.731 UTC,1.40437,1.40428,0.00225,0.00116
14.10.2025 15:16:03.188 UTC,1.40437,1.40427,0.0012,0.00116
14.10.2025 15:16:04.496 UTC,1.40438,1.40427,0.00315,0.00116
14.10.2025 15:16:04.599 UTC,1.40437,1.40427,0.0012,0.00116
14.10.2025 15:16:05.611 UTC,1.40438,1.40427,0.00315,0.00116
14.10.2025 15:16:07.169 UTC,1.40438,1.40427,0.00339,0.00116
14.10.2025 15:16:07.271 UTC,1.40438,1.40427,0.00324,0.00116
14.10.2025 15:16:12.669 UTC,1.40438,1.40427,0.0033,0.00116
14.10.2025 15:16:12.771 UTC,1.40438,1.40427,0.00315,0.00116
14.10.2025 15:16:13.175 UTC,1.40438,1.40427,0.00339,0.00116
14.10.2025 15:16:16.898 UTC,1.40435,1.40426,0.00132,0.00116
14.10.2025 15:16:16.950 UTC,1.40434,1.40421,0.00189,0.00135
14.10.2025 15:16:17.052 UTC,1.40433,1.40422,0.0012,0.00116
14.10.2025 15:16:17.155 UTC,1.40432,1.40422,0.0012,0.00116
14.10.2025 15:16:18.062 UTC,1.40433,1.40422,0.0012,0.00116
14.10.2025 15:16:19.474 UTC,1.40432,1.40422,0.00147,0.00116
14.10.2025 15:16:19.526 UTC,1.40429,1.40416,0.0012,0.00459
14.10.2025 15:16:19.578 UTC,1.40429,1.40419,0.0012,0.00116
14.10.2025 15:16:20.789 UTC,1.40429,1.40418,0.0012,0.00116
14.10.2025 15:16:22.554 UTC,1.40432,1.40421,0.0018,0.00276
14.10.2025 15:16:22.657 UTC,1.40432,1.4042,0.00324,0.00116
14.10.2025 15:16:22.871 UTC,1.40431,1.4042,0.00132,0.00116
14.10.2025 15:16:23.827 UTC,1.40431,1.40421,0.00324,0.00116
14.10.2025 15:16:26.151 UTC,1.40433,1.40422,0.0012,0.00135
14.10.2025 15:16:26.203 UTC,1.40435,1.40422,0.0012,0.0018
14.10.2025 15:16:26.305 UTC,1.40434,1.40425,0.0012,0.00116
14.10.2025 15:16:27.165 UTC,1.40436,1.40424,0.0012,0.00132
14.10.2025 15:16:27.268 UTC,1.40436,1.40425,0.0012,0.00116
14.10.2025 15:16:30.243 UTC,1.40435,1.40424,0.00144,0.00116
14.10.2025 15:16:30.346 UTC,1.40434,1.40424,0.00132,0.00116
14.10.2025 15:16:30.398 UTC,1.40433,1.40422,0.00279,0.00116
14.10.2025 15:16:38.043 UTC,1.40435,1.40423,0.00132,0.00135
14.10.2025 15:16:38.145 UTC,1.40436,1.40425,0.00225,0.00116
14.10.2025 15:16:42.203 UTC,1.40433,1.40425,0.0012,0.00116
14.10.2025 15:16:42.306 UTC,1.40433,1.40422,0.00189,0.00116
14.10.2025 15:16:43.215 UTC,1.40432,1.40422,0.0018,0.00177
14.10.2025 15:16:43.317 UTC,1.40432,1.40423,0.0012,0.00116
14.10.2025 15:16:48.106 UTC,1.40433,1.40423,0.00144,0.00267
14.10.2025 15:16:49.817 UTC,1.40432,1.40423,0.0012,0.00116
14.10.2025 15:16:49.975 UTC,1.40434,1.40422,0.00234,0.00116
14.10.2025 15:16:53.446 UTC,1.40433,1.40422,0.0012,0.00177
14.10.2025 15:16:54.458 UTC,1.40434,1.40422,0.00189,0.00222
14.10.2025 15:16:54.562 UTC,1.40436,1.40423,0.00144,0.00225
14.10.2025 15:16:54.613 UTC,1.40436,1.40425,0.00144,0.00116
14.10.2025 15:16:58.051 UTC,1.40438,1.40425,0.00189,0.00222
14.10.2025 15:16:58.154 UTC,1.40437,1.40427,0.00144,0.00177
14.10.2025 15:16:58.458 UTC,1.40438,1.40427,0.00234,0.00116
14.10.2025 15:17:02.895 UTC,1.40439,1.40428,0.0033,0.00177
14.10.2025 15:17:02.997 UTC,1.4044,1.40427,0.00315,0.00177
14.10.2025 15:17:03.149 UTC,1.40439,1.40427,0.00234,0.00116
14.10.2025 15:17:03.201 UTC,1.40436,1.40428,0.0012,0.00116
14.10.2025 15:17:06.172 UTC,1.40437,1.40427,0.00147,0.00116
14.10.2025 15:17:06.283 UTC,1.40437,1.40425,0.00147,0.00116
14.10.2025 15:17:06.891 UTC,1.40436,1.40427,0.00147,0.00116
14.10.2025 15:17:08.154 UTC,1.40437,1.40426,0.00132,0.00116
14.10.2025 15:17:08.307 UTC,1.40438,1.40427,0.00192,0.00116
14.10.2025 15:17:10.375 UTC,1.40439,1.40427,0.00237,0.00116
14.10.2025 15:17:11.031 UTC,1.40439,1.40427,0.00252,0.00116
14.10.2025 15:17:15.230 UTC,1.40437,1.40427,0.00237,0.00116
14.10.2025 15:17:15.382 UTC,1.40438,1.40427,0.00237,0.00116
14.10.2025 15:17:17.297 UTC,1.40437,1.40426,0.00315,0.00116
14.10.2025 15:17:17.399 UTC,1.40436,1.40426,0.00315,0.00116
14.10.2025 15:17:17.905 UTC,1.40437,1.40425,0.0033,0.00116
14.10.2025 15:17:18.814 UTC,1.40437,1.40425,0.00315,0.00116
14.10.2025 15:17:19.018 UTC,1.40435,1.40426,0.0033,0.00116
14.10.2025 15:17:19.070 UTC,1.40434,1.40423,0.00135,0.00116
14.10.2025 15:17:19.173 UTC,1.40431,1.40423,0.0012,0.00116
14.10.2025 15:17:19.225 UTC,1.40432,1.4042,0.0012,0.00177
14.10.2025 15:17:19.328 UTC,1.40432,1.40421,0.0012,0.00116
14.10.2025 15:17:24.576 UTC,1.40432,1.40422,0.0012,0.00116
14.10.2025 15:17:24.983 UTC,1.40433,1.40422,0.0018,0.00116
14.10.2025 15:17:28.898 UTC,1.40433,1.40421,0.00315,0.00116
14.10.2025 15:17:29.158 UTC,1.4043,1.40422,0.0012,0.00116
14.10.2025 15:17:29.261 UTC,1.40429,1.40421,0.0012,0.00116
14.10.2025 15:17:32.184 UTC,1.40428,1.4042,0.00225,0.00116
14.10.2025 15:17:37.890 UTC,1.40428,1.40419,0.0018,0.00116
14.10.2025 15:17:37.998 UTC,1.40432,1.40422,0.00165,0.00189
14.10.2025 15:17:38.051 UTC,1.40435,1.40424,0.00135,0.0018
14.10.2025 15:17:38.154 UTC,1.40437,1.40426,0.0027,0.00116
14.10.2025 15:17:38.764 UTC,1.40436,1.40426,0.0012,0.00116
14.10.2025 15:17:39.272 UTC,1.40436,1.40425,0.0012,0.00116
14.10.2025 15:17:41.244 UTC,1.40437,1.40425,0.00315,0.00116
14.10.2025 15:17:45.554 UTC,1.40436,1.40426,0.0024,0.00116
14.10.2025 15:17:49.389 UTC,1.40435,1.40426,0.0018,0.00116
14.10.2025 15:17:49.645 UTC,1.40435,1.40425,0.0024,0.00116
14.10.2025 15:17:49.798 UTC,1.40436,1.40424,0.00225,0.00116
14.10.2025 15:17:51.213 UTC,1.40435,1.40424,0.0012,0.00116
14.10.2025 15:17:52.730 UTC,1.40436,1.40424,0.0027,0.00116
14.10.2025 15:17:53.488 UTC,1.40436,1.40424,0.0024,0.00116
14.10.2025 15:17:53.794 UTC,1.40436,1.40424,0.00225,0.00116
14.10.2025 15:17:54.502 UTC,1.40436,1.40425,0.0012,0.00116
14.10.2025 15:17:55.160 UTC,1.40437,1.40425,0.0012,0.00132
14.10.2025 15:17:55.263 UTC,1.40438,1.40425,0.0027,0.00222
14.10.2025 15:17:55.366 UTC,1.40438,1.40427,0.0018,0.00116
14.10.2025 15:18:01.153 UTC,1.40436,1.40428,0.00135,0.00116
14.10.2025 15:18:01.256 UTC,1.40436,1.40427,0.00135,0.00116
14.10.2025 15:18:08.949 UTC,1.40438,1.40426,0.00315,0.00116
14.10.2025 15:18:10.165 UTC,1.40437,1.40427,0.0033,0.00116
14.10.2025 15:18:10.317 UTC,1.40438,1.40426,0.00315,0.00116
14.10.2025 15:18:11.072 UTC,1.40438,1.40426,0.0033,0.00116
14.10.2025 15:18:11.828 UTC,1.40438,1.40426,0.00315,0.00116
14.10.2025 15:18:12.284 UTC,1.40438,1.40426,0.0033,0.00116
14.10.2025 15:18:12.637 UTC,1.40438,1.40426,0.00315,0.00116
14.10.2025 15:18:13.092 UTC,1.40437,1.40427,0.0033,0.00116
14.10.2025 15:18:13.195 UTC,1.4044,1.40431,0.00135,0.00189
14.10.2025 15:18:13.248 UTC,1.40444,1.40434,0.0012,0.0012
14.10.2025 15:18:13.351 UTC,1.40445,1.40435,0.0012,0.00128
14.10.2025 15:18:14.365 UTC,1.40446,1.40434,0.0012,0.00128
14.10.2025 15:18:20.727 UTC,1.40445,1.40434,0.0012,0.00116
14.10.2025 15:18:20.831 UTC,1.40444,1.40433,0.00135,0.00128
14.10.2025 15:18:22.957 UTC,1.40441,1.40432,0.0018,0.00116
14.10.2025 15:18:23.062 UTC,1.40441,1.40429,0.00315,0.00116
14.10.2025 15:18:23.114 UTC,1.40439,1.40429,0.0012,0.00116
14.10.2025 15:18:23.217 UTC,1.4044,1.40428,0.00225,0.00128
14.10.2025 15:18:23.522 UTC,1.40438,1.40428,0.0012,0.00116
14.10.2025 15:18:23.676 UTC,1.40438,1.40427,0.0012,0.00128
14.10.2025 15:18:23.830 UTC,1.40437,1.40428,0.0012,0.00128
14.10.2025 15:18:23.932 UTC,1.40438,1.40427,0.0012,0.00128
14.10.2025 15:18:28.273 UTC,1.40436,1.40428,0.0012,0.00128
14.10.2025 15:18:38.538 UTC,1.40434,1.40426,0.00135,0.00116
14.10.2025 15:18:38.590 UTC,1.40433,1.40422,0.0012,0.00128
14.10.2025 15:18:39.507 UTC,1.40432,1.40421,0.0018,0.00128
14.10.2025 15:18:39.562 UTC,1.40434,1.40422,0.00225,0.00132
14.10.2025 15:18:40.222 UTC,1.40434,1.40423,0.00225,0.0012
14.10.2025 15:18:41.179 UTC,1.40434,1.40422,0.00225,0.00132
14.10.2025 15:18:41.281 UTC,1.40434,1.40422,0.0024,0.00132
14.10.2025 15:18:42.216 UTC,1.40434,1.40422,0.00225,0.00132
14.10.2025 15:18:47.756 UTC,1.40435,1.40423,0.0012,0.00147
14.10.2025 15:18:47.859 UTC,1.40436,1.40423,0.0018,0.00237
14.10.2025 15:18:47.962 UTC,1.40436,1.40426,0.0018,0.00116
14.10.2025 15:18:49.557 UTC,1.40437,1.40426,0.00135,0.00116
14.10.2025 15:18:52.180 UTC,1.40435,1.40427,0.0012,0.00116
14.10.2025 15:18:53.592 UTC,1.40437,1.40426,0.00225,0.00128
14.10.2025 15:18:56.764 UTC,1.40436,1.40428,0.0012,0.00116
14.10.2025 15:18:59.435 UTC,1.40436,1.40427,0.0012,0.00116
14.10.2025 15:19:02.319 UTC,1.40437,1.40425,0.00225,0.00116
14.10.2025 15:19:02.978 UTC,1.40436,1.40427,0.0018,0.00116
14.10.2025 15:19:04.496 UTC,1.40437,1.40427,0.00315,0.00116
14.10.2025 15:19:05.499 UTC,1.40438,1.40426,0.0033,0.00116
14.10.2025 15:19:06.706 UTC,1.40437,1.40427,0.00315,0.00116
14.10.2025 15:19:09.176 UTC,1.40438,1.40426,0.0033,0.00116
14.10.2025 15:19:09.531 UTC,1.40438,1.40426,0.00315,0.00116
14.10.2025 15:19:10.491 UTC,1.40436,1.40427,0.0012,0.00116
14.10.2025 15:19:10.646 UTC,1.40441,1.4043,0.0012,0.00327
14.10.2025 15:19:10.749 UTC,1.40446,1.40434,0.0012,0.00116
14.10.2025 15:19:11.662 UTC,1.40446,1.40435,0.0012,0.00116
14.10.2025 15:19:11.866 UTC,1.40447,1.40435,0.0027,0.00116
14.10.2025 15:19:11.968 UTC,1.40447,1.40436,0.0027,0.00116
14.10.2025 15:19:12.122 UTC,1.40446,1.40438,0.0018,0.00116
14.10.2025 15:19:12.377 UTC,1.40447,1.40436,0.0027,0.00116
14.10.2025 15:19:12.631 UTC,1.40446,1.40436,0.0012,0.00116
14.10.2025 15:19:14.451 UTC,1.40446,1.40435,0.0012,0.00116
14.10.2025 15:19:16.983 UTC,1.40447,1.40435,0.00225,0.00116
14.10.2025 15:19:17.138 UTC,1.40447,1.40436,0.0018,0.00116
14.10.2025 15:19:20.571 UTC,1.40446,1.40436,0.0012,0.00116
14.10.2025 15:19:20.723 UTC,1.40446,1.40435,0.0012,0.00116
14.10.2025 15:19:21.182 UTC,1.40443,1.40435,0.0012,0.00116
14.10.2025 15:19:21.285 UTC,1.40442,1.40432,0.00225,0.00116
14.10.2025 15:19:23.471 UTC,1.40444,1.40431,0.00225,0.00267
14.10.2025 15:19:24.084 UTC,1.40444,1.40432,0.00225,0.0012
14.10.2025 15:19:24.388 UTC,1.40444,1.40434,0.0018,0.0012
14.10.2025 15:19:24.492 UTC,1.40446,1.40436,0.0012,0.00116
14.10.2025 15:19:27.612 UTC,1.40447,1.40436,0.0027,0.00116
14.10.2025 15:19:27.968 UTC,1.40446,1.4044,0.0012,0.0012
14.10.2025 15:19:28.072 UTC,1.40447,1.40441,0.0018,0.0018
14.10.2025 15:19:28.124 UTC,1.40453,1.40441,0.0018,0.00177
14.10.2025 15:19:29.592 UTC,1.40453,1.40442,0.0012,0.00177
14.10.2025 15:19:29.694 UTC,1.40453,1.40443,0.0012,0.0012
14.10.2025 15:19:29.798 UTC,1.40453,1.40445,0.0012,0.0012
14.10.2025 15:19:29.901 UTC,1.40453,1.40446,0.0012,0.0012
14.10.2025 15:19:29.953 UTC,1.40458,1.40447,0.0012,0.00116
14.10.2025 15:19:30.057 UTC,1.40457,1.40447,0.0018,0.00116
14.10.2025 15:19:30.159 UTC,1.40457,1.40446,0.0027,0.00116
14.10.2025 15:19:33.212 UTC,1.40457,1.40446,0.0033,0.00116
14.10.2025 15:19:33.315 UTC,1.40457,1.40445,0.00315,0.00116
14.10.2025 15:19:33.468 UTC,1.40455,1.40446,0.00315,0.00116
14.10.2025 15:19:38.456 UTC,1.40457,1.40448,0.0018,0.0012
14.10.2025 15:19:38.507 UTC,1.40458,1.40445,0.0018,0.00321
14.10.2025 15:19:38.559 UTC,1.40458,1.40447,0.0027,0.00116
14.10.2025 15:19:39.851 UTC,1.40457,1.40447,0.00135,0.00116
14.10.2025 15:19:39.953 UTC,1.40456,1.40447,0.00135,0.00116
14.10.2025 15:19:45.847 UTC,1.40457,1.40445,0.0033,0.00116
14.10.2025 15:19:46.101 UTC,1.40457,1.40445,0.00315,0.00116
14.10.2025 15:19:46.288 UTC,1.40457,1.40446,0.00315,0.00116
14.10.2025 15:19:48.924 UTC,1.40458,1.40446,0.00315,0.00116
14.10.2025 15:19:49.078 UTC,1.40457,1.40446,0.0012,0.00116
14.10.2025 15:19:50.908 UTC,1.40457,1.40445,0.00315,0.00116
14.10.2025 15:19:51.162 UTC,1.40456,1.40445,0.00135,0.00116
14.10.2025 15:19:51.265 UTC,1.40456,1.40444,0.0012,0.00222
14.10.2025 15:19:51.518 UTC,1.40457,1.40444,0.00225,0.00222
14.10.2025 15:19:51.923 UTC,1.40456,1.40444,0.0012,0.00222
14.10.2025 15:19:52.933 UTC,1.40456,1.40444,0.0024,0.00116
14.10.2025 15:19:52.985 UTC,1.40456,1.40444,0.00315,0.00116
14.10.2025 15:19:53.087 UTC,1.40456,1.40444,0.0018,0.00116
14.10.2025 15:19:53.190 UTC,1.40455,1.40443,0.00135,0.00116
14.10.2025 15:19:53.343 UTC,1.40453,1.40444,0.0012,0.00116
14.10.2025 15:19:53.446 UTC,1.40455,1.40443,0.0012,0.00116
14.10.2025 15:19:53.599 UTC,1.40454,1.40445,0.0012,0.00116
14.10.2025 15:19:53.834 UTC,1.40456,1.40444,0.00225,0.00116
14.10.2025 15:19:56.269 UTC,1.40456,1.40445,0.00225,0.00116
14.10.2025 15:20:00.305 UTC,1.40456,1.40445,0.0012,0.00176
14.10.2025 15:20:00.408 UTC,1.40458,1.40445,0.0018,0.00116
14.10.2025 15:20:00.459 UTC,1.40458,1.40447,0.0018,0.00116
14.10.2025 15:20:01.069 UTC,1.40458,1.40448,0.00225,0.00116
14.10.2025 15:20:01.173 UTC,1.40463,1.40453,0.0012,0.0012
14.10.2025 15:20:01.317 UTC,1.40465,1.40453,0.0012,0.00116
14.10.2025 15:20:02.693 UTC,1.40465,1.40455,0.0012,0.00116
14.10.2025 15:20:02.796 UTC,1.40466,1.40455,0.0012,0.00116
14.10.2025 15:20:03.303 UTC,1.40467,1.40455,0.0018,0.00116
14.10.2025 15:20:03.406 UTC,1.40467,1.40456,0.0018,0.00116
14.10.2025 15:20:04.772 UTC,1.40465,1.40456,0.0012,0.00116
14.10.2025 15:20:04.925 UTC,1.40464,1.40456,0.00225,0.00116
14.10.2025 15:20:05.028 UTC,1.40465,1.40453,0.0018,0.00177
14.10.2025 15:20:08.158 UTC,1.40464,1.40453,0.0012,0.00116
14.10.2025 15:20:08.314 UTC,1.40463,1.40453,0.0012,0.00312
14.10.2025 15:20:10.639 UTC,1.40462,1.40453,0.0012,0.00116
14.10.2025 15:20:11.093 UTC,1.40464,1.40452,0.00225,0.00116
14.10.2025 15:20:12.914 UTC,1.40464,1.40452,0.0012,0.00237
14.10.2025 15:20:16.158 UTC,1.40458,1.40444,0.0012,0.00372
14.10.2025 15:20:16.311 UTC,1.40458,1.40448,0.0012,0.00116
14.10.2025 15:20:16.971 UTC,1.40459,1.40448,0.0018,0.00116
14.10.2025 15:20:17.881 UTC,1.40458,1.40448,0.0012,0.00116
14.10.2025 15:20:18.540 UTC,1.40458,1.40449,0.0012,0.00116
14.10.2025 15:20:18.997 UTC,1.40458,1.40448,0.0012,0.00116
14.10.2025 15:20:20.517 UTC,1.40458,1.40447,0.0018,0.00116
14.10.2025 15:20:20.620 UTC,1.40456,1.40446,0.0012,0.00116
14.10.2025 15:20:23.296 UTC,1.40456,1.40447,0.0012,0.00116
14.10.2025 15:20:24.706 UTC,1.40456,1.40446,0.0012,0.00116
14.10.2025 15:20:25.413 UTC,1.40455,1.40448,0.0012,0.00116
14.10.2025 15:20:25.970 UTC,1.40458,1.40447,0.0012,0.00231
14.10.2025 15:20:26.022 UTC,1.40459,1.40448,0.0012,0.00336
14.10.2025 15:20:26.074 UTC,1.40461,1.40451,0.0012,0.00132
14.10.2025 15:20:26.177 UTC,1.40463,1.40451,0.0012,0.00177
14.10.2025 15:20:26.382 UTC,1.40463,1.40452,0.0018,0.00116
14.10.2025 15:20:31.461 UTC,1.40459,1.40449,0.0018,0.0012
14.10.2025 15:20:31.512 UTC,1.40458,1.40445,0.0012,0.00211
14.10.2025 15:20:31.564 UTC,1.40458,1.40447,0.0018,0.00116
14.10.2025 15:20:32.120 UTC,1.40456,1.40448,0.0012,0.00116
14.10.2025 15:20:32.274 UTC,1.40458,1.40447,0.0012,0.00116
14.10.2025 15:20:33.888 UTC,1.4046,1.40449,0.0012,0.00116
14.10.2025 15:20:34.143 UTC,1.40461,1.40449,0.00315,0.00116
14.10.2025 15:20:34.246 UTC,1.40462,1.40449,0.0012,0.00222
14.10.2025 15:20:34.348 UTC,1.40462,1.40451,0.0012,0.00116
14.10.2025 15:20:34.805 UTC,1.40462,1.4045,0.00225,0.00116
14.10.2025 15:20:34.907 UTC,1.40461,1.40451,0.0033,0.00116
14.10.2025 15:20:35.060 UTC,1.40462,1.40449,0.0033,0.00177
14.10.2025 15:20:35.162 UTC,1.40458,1.40448,0.0012,0.00116
14.10.2025 15:20:35.316 UTC,1.40458,1.40447,0.0018,0.00116
14.10.2025 15:20:35.672 UTC,1.40459,1.40447,0.0027,0.00116
14.10.2025 15:20:37.495 UTC,1.40459,1.40447,0.0033,0.00116
14.10.2025 15:20:37.598 UTC,1.40459,1.40447,0.00315,0.00116
14.10.2025 15:20:37.801 UTC,1.40459,1.40447,0.0033,0.00116
14.10.2025 15:20:41.587 UTC,1.40459,1.40447,0.0018,0.00116
14.10.2025 15:20:41.742 UTC,1.40458,1.40448,0.0012,0.00116
14.10.2025 15:20:41.895 UTC,1.40458,1.40447,0.0012,0.00116
14.10.2025 15:20:44.487 UTC,1.40456,1.40448,0.00225,0.00116
14.10.2025 15:20:44.541 UTC,1.40457,1.40445,0.00315,0.00116
14.10.2025 15:20:44.593 UTC,1.40455,1.40445,0.00315,0.00116
14.10.2025 15:20:44.696 UTC,1.40454,1.40442,0.0027,0.00116
14.10.2025 15:20:44.798 UTC,1.40452,1.40443,0.0012,0.00116
14.10.2025 15:20:51.560 UTC,1.40449,1.4044,0.0012,0.0012
14.10.2025 15:20:51.612 UTC,1.40448,1.40439,0.0012,0.00116
14.10.2025 15:20:51.715 UTC,1.40448,1.40438,0.0012,0.00116
14.10.2025 15:20:52.738 UTC,1.40447,1.40438,0.0018,0.00116
14.10.2025 15:20:54.555 UTC,1.40446,1.40438,0.0012,0.00116
14.10.2025 15:20:54.658 UTC,1.40448,1.40437,0.00225,0.00116
14.10.2025 15:20:54.811 UTC,1.40447,1.40439,0.00225,0.00116
14.10.2025 15:20:56.825 UTC,1.40449,1.40438,0.00135,0.00116
14.10.2025 15:20:58.037 UTC,1.40448,1.40439,0.0018,0.00116
14.10.2025 15:20:59.146 UTC,1.40448,1.40439,0.00135,0.00116
14.10.2025 15:21:00.102 UTC,1.40449,1.40438,0.0018,0.00116
14.10.2025 15:21:00.205 UTC,1.40449,1.40438,0.00225,0.00116
14.10.2025 15:21:01.172 UTC,1.40449,1.40438,0.0024,0.00116
14.10.2025 15:21:01.324 UTC,1.40449,1.40438,0.0018,0.00116
14.10.2025 15:21:03.537 UTC,1.40449,1.40438,0.0024,0.00116
14.10.2025 15:21:03.943 UTC,1.40448,1.40439,0.00225,0.00116
14.10.2025 15:21:07.865 UTC,1.4045,1.40438,0.00225,0.00116
14.10.2025 15:21:07.917 UTC,1.40451,1.40441,0.0012,0.0012
14.10.2025 15:21:08.069 UTC,1.40452,1.40444,0.0024,0.0012
14.10.2025 15:21:08.327 UTC,1.40456,1.40444,0.0018,0.00177
14.10.2025 15:21:08.378 UTC,1.40457,1.40445,0.0027,0.00116
14.10.2025 15:21:08.481 UTC,1.40457,1.40445,0.0024,0.00177
14.10.2025 15:21:09.490 UTC,1.40457,1.40445,0.00225,0.00177
14.10.2025 15:21:09.642 UTC,1.40457,1.40445,0.0024,0.00177
14.10.2025 15:21:11.401 UTC,1.40456,1.40446,0.00135,0.00177
14.10.2025 15:21:11.504 UTC,1.40456,1.40447,0.0012,0.00116
14.10.2025 15:21:12.465 UTC,1.40457,1.40445,0.00147,0.00177
14.10.2025 15:21:12.821 UTC,1.40456,1.40446,0.00192,0.00177
14.10.2025 15:21:13.023 UTC,1.40457,1.40445,0.00192,0.00177
14.10.2025 15:21:13.276 UTC,1.40453,1.40443,0.00144,0.0012
14.10.2025 15:21:13.431 UTC,1.40453,1.40442,0.00144,0.00116
14.10.2025 15:21:13.939 UTC,1.40455,1.40442,0.00144,0.00177
14.10.2025 15:21:14.649 UTC,1.40454,1.40443,0.00192,0.00267
14.10.2025 15:21:15.097 UTC,1.40455,1.40442,0.00144,0.00222
14.10.2025 15:21:15.202 UTC,1.40455,1.40442,0.00192,0.00177
14.10.2025 15:21:15.253 UTC,1.40455,1.40444,0.00144,0.00177
14.10.2025 15:21:15.359 UTC,1.40456,1.40445,0.00225,0.0012
14.10.2025 15:21:15.717 UTC,1.40456,1.40445,0.0033,0.00177
14.10.2025 15:21:16.422 UTC,1.40457,1.40444,0.00285,0.00177
14.10.2025 15:21:16.524 UTC,1.40456,1.40445,0.0033,0.00177
14.10.2025 15:21:16.677 UTC,1.40457,1.40444,0.00315,0.00312
14.10.2025 15:21:16.932 UTC,1.40456,1.40445,0.0033,0.00267
14.10.2025 15:21:18.193 UTC,1.40457,1.40444,0.00285,0.00267
14.10.2025 15:21:18.449 UTC,1.40455,1.40443,0.00225,0.00177
14.10.2025 15:21:18.502 UTC,1.40456,1.40445,0.00315,0.00135
14.10.2025 15:21:18.604 UTC,1.40457,1.40445,0.00315,0.00116
14.10.2025 15:21:18.706 UTC,1.40457,1.40446,0.00315,0.00116
14.10.2025 15:21:20.677 UTC,1.40458,1.40446,0.00225,0.00116
14.10.2025 15:21:20.780 UTC,1.40457,1.40445,0.0018,0.00116
14.10.2025 15:21:21.186 UTC,1.40456,1.40445,0.00135,0.00116
14.10.2025 15:21:21.289 UTC,1.40456,1.40444,0.00225,0.00177
14.10.2025 15:21:24.117 UTC,1.40455,1.40444,0.0012,0.00116
14.10.2025 15:21:25.986 UTC,1.40455,1.40445,0.00315,0.00116
14.10.2025 15:21:26.541 UTC,1.40455,1.40444,0.0012,0.00116
14.10.2025 15:21:26.693 UTC,1.40456,1.40444,0.00315,0.00116
14.10.2025 15:21:27.149 UTC,1.40455,1.40445,0.00195,0.00116
14.10.2025 15:21:28.869 UTC,1.40455,1.40445,0.00225,0.00177
14.10.2025 15:21:29.733 UTC,1.40457,1.40445,0.0024,0.00116
14.10.2025 15:21:30.140 UTC,1.40456,1.40445,0.0018,0.00116
14.10.2025 15:21:30.242 UTC,1.40456,1.40445,0.00135,0.00116
14.10.2025 15:21:30.346 UTC,1.40455,1.40445,0.00135,0.00116
14.10.2025 15:21:30.548 UTC,1.40455,1.40444,0.00135,0.0012
14.10.2025 15:21:32.915 UTC,1.40456,1.40444,0.00225,0.0012
14.10.2025 15:21:33.170 UTC,1.40456,1.40444,0.0024,0.00177
14.10.2025 15:21:33.474 UTC,1.40455,1.40445,0.00225,0.00177
14.10.2025 15:21:33.576 UTC,1.40455,1.40445,0.0024,0.00177
14.10.2025 15:21:33.930 UTC,1.40456,1.40444,0.00225,0.00177
14.10.2025 15:21:34.285 UTC,1.40454,1.40445,0.0012,0.0012
14.10.2025 15:21:36.152 UTC,1.40456,1.40444,0.00225,0.0012
14.10.2025 15:21:36.710 UTC,1.40456,1.40444,0.0018,0.0012
14.10.2025 15:21:38.096 UTC,1.40457,1.40444,0.0033,0.0012
14.10.2025 15:21:38.202 UTC,1.40456,1.40443,0.00315,0.00312
14.10.2025 15:21:38.305 UTC,1.40456,1.40444,0.00135,0.00177
14.10.2025 15:21:39.169 UTC,1.40457,1.40444,0.00315,0.00222
14.10.2025 15:21:39.321 UTC,1.40456,1.40445,0.0033,0.00177
14.10.2025 15:21:41.283 UTC,1.40457,1.40444,0.00315,0.00222
14.10.2025 15:21:42.092 UTC,1.40457,1.40444,0.00285,0.00177
14.10.2025 15:21:42.195 UTC,1.40456,1.40444,0.00315,0.00116
14.10.2025 15:21:42.499 UTC,1.40456,1.40444,0.0033,0.00116
14.10.2025 15:21:42.601 UTC,1.40455,1.40445,0.00315,0.00116
14.10.2025 15:21:42.703 UTC,1.40455,1.40445,0.0033,0.00116
14.10.2025 15:21:43.963 UTC,1.40456,1.40444,0.00315,0.00116
14.10.2025 15:21:46.881 UTC,1.40458,1.40446,0.00225,0.00116
14.10.2025 15:21:46.984 UTC,1.40459,1.40446,0.00315,0.00177
14.10.2025 15:21:47.136 UTC,1.40459,1.40447,0.00315,0.00116
14.10.2025 15:21:47.740 UTC,1.4046,1.40448,0.0018,0.00116
14.10.2025 15:21:47.842 UTC,1.40458,1.40449,0.0012,0.00116
14.10.2025 15:21:47.944 UTC,1.40459,1.40449,0.0012,0.00116
14.10.2025 15:21:48.046 UTC,1.40459,1.40448,0.0018,0.00116
14.10.2025 15:21:48.754 UTC,1.40458,1.40448,0.0012,0.00116
14.10.2025 15:21:48.907 UTC,1.40456,1.40449,0.0012,0.00116
14.10.2025 15:21:48.959 UTC,1.40457,1.40446,0.0012,0.00116
14.10.2025 15:21:49.618 UTC,1.40457,1.40445,0.00225,0.00177
14.10.2025 15:21:52.986 UTC,1.40457,1.40445,0.0024,0.00177
14.10.2025 15:21:53.244 UTC,1.40457,1.40445,0.00225,0.00177
14.10.2025 15:21:54.558 UTC,1.40457,1.40448,0.0012,0.0012
14.10.2025 15:21:54.610 UTC,1.4046,1.40448,0.00225,0.0012
14.10.2025 15:21:54.714 UTC,1.40462,1.4045,0.0012,0.00177
14.10.2025 15:21:54.919 UTC,1.40463,1.40453,0.00405,0.0012
14.10.2025 15:21:55.023 UTC,1.4046,1.40454,0.0012,0.00116
14.10.2025 15:21:55.074 UTC,1.40462,1.4045,0.0012,0.00177
14.10.2025 15:21:55.177 UTC,1.40461,1.4045,0.0012,0.00116
14.10.2025 15:21:57.499 UTC,1.40458,1.4045,0.0012,0.00116
14.10.2025 15:21:57.603 UTC,1.40458,1.40447,0.0012,0.00177
14.10.2025 15:21:59.218 UTC,1.40458,1.40448,0.0012,0.00312
14.10.2025 15:21:59.320 UTC,1.40459,1.40449,0.0012,0.00116
14.10.2025 15:22:00.681 UTC,1.40458,1.4045,0.0018,0.00116
14.10.2025 15:22:01.541 UTC,1.40458,1.4045,0.00225,0.00116
14.10.2025 15:22:02.101 UTC,1.40458,1.40449,0.00135,0.00116
14.10.2025 15:22:03.515 UTC,1.40459,1.40449,0.00135,0.00116
14.10.2025 15:22:06.147 UTC,1.4046,1.40449,0.00225,0.00116
14.10.2025 15:22:06.250 UTC,1.40459,1.40449,0.00135,0.00116
14.10.2025 15:22:06.403 UTC,1.40458,1.40449,0.00135,0.00177
14.10.2025 15:22:06.758 UTC,1.40458,1.40449,0.0033,0.00116
14.10.2025 15:22:07.466 UTC,1.40459,1.40448,0.00315,0.00116
14.10.2025 15:22:08.020 UTC,1.40458,1.40449,0.0033,0.00116
14.10.2025 15:22:09.042 UTC,1.40459,1.40448,0.00285,0.00116
14.10.2025 15:22:09.597 UTC,1.40459,1.40448,0.0033,0.00116
14.10.2025 15:22:10.150 UTC,1.40457,1.40448,0.0012,0.00116
14.10.2025 15:22:10.252 UTC,1.40456,1.40448,0.0012,0.00116
14.10.2025 15:22:10.355 UTC,1.40457,1.40448,0.00135,0.00116
14.10.2025 15:22:13.032 UTC,1.40457,1.40447,0.0018,0.00116
14.10.2025 15:22:13.135 UTC,1.40457,1.40446,0.0012,0.00116
14.10.2025 15:22:14.778 UTC,1.40457,1.40447,0.0012,0.00116
14.10.2025 15:22:16.347 UTC,1.40458,1.40448,0.00135,0.00116
14.10.2025 15:22:16.449 UTC,1.40458,1.40447,0.00135,0.00116
14.10.2025 15:22:16.551 UTC,1.40459,1.40447,0.0012,0.00267
14.10.2025 15:22:16.653 UTC,1.40458,1.40449,0.0012,0.00116
14.10.2025 15:22:17.510 UTC,1.40462,1.40449,0.0018,0.00186
14.10.2025 15:22:17.613 UTC,1.40462,1.4045,0.0012,0.0012
14.10.2025 15:22:18.726 UTC,1.40463,1.40451,0.0018,0.0012
14.10.2025 15:22:20.189 UTC,1.40461,1.40452,0.0012,0.00177
14.10.2025 15:22:21.300 UTC,1.4046,1.40452,0.00144,0.00116
14.10.2025 15:22:21.353 UTC,1.40459,1.40449,0.0012,0.0012
14.10.2025 15:22:21.607 UTC,1.40461,1.4045,0.00387,0.0012
14.10.2025 15:22:26.231 UTC,1.4046,1.40449,0.00135,0.00116
14.10.2025 15:22:27.143 UTC,1.40459,1.4045,0.0024,0.00116
14.10.2025 15:22:27.246 UTC,1.40458,1.40449,0.00192,0.00177
14.10.2025 15:22:27.753 UTC,1.40458,1.40447,0.00135,0.00116
14.10.2025 15:22:29.827 UTC,1.40458,1.40447,0.0024,0.00116
14.10.2025 15:22:29.979 UTC,1.40458,1.40447,0.00135,0.00116
14.10.2025 15:22:31.239 UTC,1.40467,1.40456,0.0018,0.00372
14.10.2025 15:22:31.345 UTC,1.40473,1.4046,0.00192,0.00177
14.10.2025 15:22:31.499 UTC,1.40473,1.40461,0.00237,0.00116
14.10.2025 15:22:31.602 UTC,1.40469,1.4046,0.0036,0.0012
14.10.2025 15:22:32.159 UTC,1.40475,1.40463,0.0012,0.0012
14.10.2025 15:22:32.211 UTC,1.40477,1.40464,0.0012,0.00192
14.10.2025 15:22:32.314 UTC,1.40475,1.40468,0.0018,0.00132
14.10.2025 15:22:32.365 UTC,1.4048,1.40468,0.0018,0.00128
14.10.2025 15:22:32.672 UTC,1.40479,1.4047,0.0018,0.00116
14.10.2025 15:22:33.516 UTC,1.40479,1.4047,0.0024,0.00116
14.10.2025 15:22:33.669 UTC,1.4048,1.40469,0.00225,0.00116
14.10.2025 15:22:33.871 UTC,1.40474,1.40467,0.0012,0.0012
14.10.2025 15:22:35.635 UTC,1.4048,1.4047,0.0024,0.00116
14.10.2025 15:22:36.945 UTC,1.4048,1.40468,0.00135,0.00177
14.10.2025 15:22:39.665 UTC,1.40487,1.40475,0.0018,0.0012
14.10.2025 15:22:39.870 UTC,1.40485,1.40476,0.0012,0.0012
14.10.2025 15:22:41.184 UTC,1.40486,1.40475,0.0024,0.00177
14.10.2025 15:22:41.288 UTC,1.40487,1.40475,0.0024,0.0012
14.10.2025 15:22:42.445 UTC,1.40487,1.40475,0.00225,0.0012
14.10.2025 15:22:43.297 UTC,1.40487,1.40475,0.0024,0.0012
14.10.2025 15:22:43.852 UTC,1.40486,1.40474,0.0018,0.00177
14.10.2025 15:22:43.956 UTC,1.40486,1.40475,0.0012,0.0012
14.10.2025 15:22:44.059 UTC,1.40488,1.40476,0.00135,0.00177
14.10.2025 15:22:44.162 UTC,1.40487,1.40476,0.0012,0.00177
14.10.2025 15:22:45.224 UTC,1.40487,1.40476,0.0018,0.0012
14.10.2025 15:22:45.426 UTC,1.40486,1.40477,0.00135,0.0012
14.10.2025 15:22:46.734 UTC,1.40487,1.40476,0.0018,0.0012
14.10.2025 15:22:47.539 UTC,1.40487,1.40477,0.00285,0.0012
14.10.2025 15:22:48.902 UTC,1.40487,1.40478,0.0018,0.0018
14.10.2025 15:22:48.954 UTC,1.40491,1.40479,0.0012,0.0012
14.10.2025 15:22:49.058 UTC,1.40492,1.40482,0.0018,0.0012
14.10.2025 15:22:49.162 UTC,1.40496,1.40485,0.0012,0.00116
14.10.2025 15:22:49.265 UTC,1.40497,1.40485,0.0012,0.00177
14.10.2025 15:22:49.566 UTC,1.40496,1.40487,0.0018,0.00116
14.10.2025 15:22:49.671 UTC,1.40499,1.40488,0.0018,0.00116
14.10.2025 15:22:50.382 UTC,1.40497,1.40489,0.00135,0.00116
14.10.2025 15:22:50.485 UTC,1.40498,1.40487,0.0012,0.00177
14.10.2025 15:22:51.498 UTC,1.40499,1.40487,0.00135,0.00177
14.10.2025 15:22:51.600 UTC,1.40498,1.40488,0.0024,0.00177
14.10.2025 15:22:51.705 UTC,1.40498,1.40488,0.00135,0.00177
14.10.2025 15:22:51.808 UTC,1.405,1.40488,0.0024,0.00116
14.10.2025 15:22:52.213 UTC,1.40495,1.40486,0.0024,0.0012
14.10.2025 15:22:52.265 UTC,1.40493,1.40484,0.0018,0.0012
14.10.2025 15:22:52.317 UTC,1.40497,1.40485,0.0012,0.00116
14.10.2025 15:22:52.420 UTC,1.40496,1.40485,0.0012,0.00116
14.10.2025 15:22:53.433 UTC,1.40495,1.40486,0.0018,0.00116
14.10.2025 15:22:53.736 UTC,1.40495,1.40484,0.0018,0.00177
14.10.2025 15:22:53.839 UTC,1.40493,1.40484,0.0012,0.00116
14.10.2025 15:22:53.941 UTC,1.40493,1.40483,0.0012,0.0012
14.10.2025 15:22:54.146 UTC,1.40491,1.40483,0.0012,0.0012
14.10.2025 15:22:54.351 UTC,1.40493,1.40482,0.00135,0.0012
14.10.2025 15:22:54.657 UTC,1.40493,1.40482,0.0018,0.0012
14.10.2025 15:22:54.861 UTC,1.40493,1.40482,0.00135,0.0012
14.10.2025 15:22:55.164 UTC,1.40491,1.40481,0.00225,0.00116
14.10.2025 15:22:55.267 UTC,1.4049,1.40481,0.00225,0.00116
14.10.2025 15:22:55.521 UTC,1.40492,1.40482,0.00225,0.00116
14.10.2025 15:22:55.624 UTC,1.40494,1.40482,0.0018,0.0012
14.10.2025 15:22:55.726 UTC,1.40494,1.40483,0.0018,0.0012
14.10.2025 15:22:57.139 UTC,1.40493,1.40483,0.0012,0.0012
14.10.2025 15:22:57.493 UTC,1.40493,1.40482,0.00135,0.00267
14.10.2025 15:22:57.544 UTC,1.40493,1.40486,0.0012,0.0012
14.10.2025 15:22:57.697 UTC,1.40496,1.40487,0.00225,0.0012
14.10.2025 15:22:57.999 UTC,1.40495,1.40487,0.0012,0.0012
14.10.2025 15:23:00.116 UTC,1.40496,1.40485,0.00135,0.00177
14.10.2025 15:23:00.522 UTC,1.40492,1.40485,0.00315,0.00177
14.10.2025 15:23:00.679 UTC,1.40493,1.40482,0.00315,0.0012
14.10.2025 15:23:01.135 UTC,1.40493,1.40482,0.00285,0.0012
14.10.2025 15:23:01.187 UTC,1.4049,1.40481,0.0012,0.00116
14.10.2025 15:23:01.290 UTC,1.40491,1.4048,0.0012,0.00116
14.10.2025 15:23:01.898 UTC,1.4049,1.4048,0.0012,0.00177
14.10.2025 15:23:02.002 UTC,1.40493,1.40483,0.0012,0.0012
14.10.2025 15:23:02.105 UTC,1.40493,1.40484,0.0012,0.0012
14.10.2025 15:23:02.562 UTC,1.40492,1.40484,0.0012,0.0012
14.10.2025 15:23:02.664 UTC,1.40492,1.40483,0.0018,0.00116
14.10.2025 15:23:02.716 UTC,1.40491,1.4048,0.0012,0.00177
14.10.2025 15:23:02.818 UTC,1.40492,1.4048,0.00234,0.00177
14.10.2025 15:23:03.378 UTC,1.40492,1.40482,0.00144,0.0012
14.10.2025 15:23:03.580 UTC,1.40492,1.40483,0.00144,0.00116
14.10.2025 15:23:03.733 UTC,1.40491,1.40483,0.00135,0.00116
14.10.2025 15:23:09.415 UTC,1.40489,1.40478,0.0012,0.0012
14.10.2025 15:23:09.466 UTC,1.40489,1.4048,0.0012,0.00116
14.10.2025 15:23:10.275 UTC,1.40488,1.4048,0.0012,0.00116
14.10.2025 15:23:13.945 UTC,1.40489,1.40478,0.00225,0.00116
14.10.2025 15:23:15.108 UTC,1.40489,1.40478,0.0024,0.00116
14.10.2025 15:23:16.102 UTC,1.40488,1.40478,0.0018,0.00116
14.10.2025 15:23:16.458 UTC,1.40487,1.40479,0.00135,0.00116
14.10.2025 15:23:18.171 UTC,1.40489,1.40478,0.00135,0.00116
14.10.2025 15:23:18.272 UTC,1.40489,1.40478,0.00195,0.00116
14.10.2025 15:23:19.076 UTC,1.40489,1.40478,0.0018,0.00116
14.10.2025 15:23:19.430 UTC,1.40489,1.40478,0.00135,0.00116
14.10.2025 15:23:22.801 UTC,1.40488,1.40479,0.0018,0.00116
14.10.2025 15:23:22.902 UTC,1.40489,1.40478,0.00135,0.00116
14.10.2025 15:23:23.357 UTC,1.40488,1.40478,0.00282,0.00116
14.10.2025 15:23:23.410 UTC,1.40486,1.40474,0.00144,0.0018
14.10.2025 15:23:23.513 UTC,1.40484,1.40474,0.0012,0.00116
14.10.2025 15:23:23.616 UTC,1.40484,1.40472,0.00132,0.00267
14.10.2025 15:23:24.956 UTC,1.40483,1.40472,0.0012,0.00116
14.10.2025 15:23:25.313 UTC,1.40485,1.40473,0.00225,0.0012
14.10.2025 15:23:27.028 UTC,1.40485,1.40474,0.00135,0.0012
14.10.2025 15:23:27.131 UTC,1.40487,1.40475,0.0012,0.00222
14.10.2025 15:23:27.234 UTC,1.40489,1.40477,0.00225,0.0012
14.10.2025 15:23:27.337 UTC,1.40489,1.40478,0.00225,0.00116
14.10.2025 15:23:27.795 UTC,1.40488,1.40479,0.00339,0.00116
14.10.2025 15:23:27.948 UTC,1.40487,1.40477,0.00234,0.00177
14.10.2025 15:23:28.304 UTC,1.40487,1.40477,0.00339,0.00116
14.10.2025 15:23:28.758 UTC,1.40488,1.40476,0.00324,0.00116
14.10.2025 15:23:30.113 UTC,1.40488,1.40476,0.00339,0.00116
14.10.2025 15:23:33.648 UTC,1.40487,1.40476,0.0024,0.00116
14.10.2025 15:23:33.800 UTC,1.40487,1.40476,0.00225,0.00116
14.10.2025 15:23:34.957 UTC,1.40487,1.40476,0.00237,0.00116
14.10.2025 15:23:35.063 UTC,1.40485,1.40476,0.00135,0.00116
14.10.2025 15:23:35.115 UTC,1.40485,1.40474,0.00135,0.00116
14.10.2025 15:23:40.072 UTC,1.40484,1.40474,0.0012,0.00116
14.10.2025 15:23:41.289 UTC,1.40483,1.40472,0.00237,0.0012
14.10.2025 15:23:41.393 UTC,1.40476,1.40467,0.0012,0.0018
14.10.2025 15:23:43.158 UTC,1.40474,1.40466,0.0012,0.00116
14.10.2025 15:23:43.210 UTC,1.4047,1.40463,0.0012,0.0012
14.10.2025 15:23:43.262 UTC,1.4047,1.4046,0.0012,0.00116
14.10.2025 15:23:43.971 UTC,1.4047,1.40459,0.0012,0.00116
14.10.2025 15:23:44.074 UTC,1.4047,1.4046,0.0012,0.00116
14.10.2025 15:23:44.176 UTC,1.4047,1.40461,0.0012,0.00116
14.10.2025 15:23:46.998 UTC,1.40471,1.40461,0.0012,0.00116
14.10.2025 15:23:47.150 UTC,1.4047,1.40461,0.0012,0.00116
14.10.2025 15:23:47.253 UTC,1.4047,1.4046,0.0012,0.00116
14.10.2025 15:23:48.173 UTC,1.40467,1.40461,0.0012,0.00116
14.10.2025 15:23:48.225 UTC,1.40465,1.40458,0.0012,0.00116
14.10.2025 15:23:51.048 UTC,1.40465,1.40456,0.0012,0.00116
14.10.2025 15:23:55.628 UTC,1.40463,1.40455,0.0012,0.00116
14.10.2025 15:23:57.346 UTC,1.40463,1.40454,0.0012,0.00116
14.10.2025 15:24:01.128 UTC,1.40462,1.40454,0.0012,0.00116
14.10.2025 15:24:01.181 UTC,1.40458,1.40446,0.0012,0.00132
14.10.2025 15:24:01.284 UTC,1.40455,1.40447,0.0012,0.00116
14.10.2025 15:24:01.438 UTC,1.40455,1.40446,0.0012,0.00116
14.10.2025 15:24:01.540 UTC,1.40455,1.40445,0.0012,0.00116
14.10.2025 15:24:06.493 UTC,1.40455,1.40444,0.0012,0.00132
14.10.2025 15:24:06.596 UTC,1.40455,1.40445,0.0012,0.00116
14.10.2025 15:24:12.285 UTC,1.40455,1.40444,0.0012,0.00177
14.10.2025 15:24:12.438 UTC,1.40455,1.40445,0.0012,0.00116
14.10.2025 15:24:17.414 UTC,1.40453,1.40444,0.0012,0.00116
14.10.2025 15:24:17.516 UTC,1.40454,1.40444,0.0012,0.00116
14.10.2025 15:24:17.619 UTC,1.40453,1.40446,0.0012,0.00116
14.10.2025 15:24:18.935 UTC,1.40457,1.40448,0.0012,0.00372
14.10.2025 15:24:18.987 UTC,1.40465,1.40452,0.00192,0.0012
14.10.2025 15:24:19.091 UTC,1.40464,1.40454,0.0012,0.00116
14.10.2025 15:24:21.365 UTC,1.40464,1.40453,0.00135,0.00116
14.10.2025 15:24:21.417 UTC,1.40461,1.40448,0.0012,0.00189
14.10.2025 15:24:21.520 UTC,1.4046,1.40451,0.0012,0.00116
14.10.2025 15:24:21.878 UTC,1.40459,1.40453,0.0012,0.00116
14.10.2025 15:24:26.516 UTC,1.40463,1.40453,0.0018,0.00116
14.10.2025 15:24:26.567 UTC,1.4046,1.4045,0.0012,0.0012
14.10.2025 15:24:26.618 UTC,1.4046,1.40452,0.0012,0.00116
14.10.2025 15:24:27.175 UTC,1.40461,1.40454,0.0012,0.0012
14.10.2025 15:24:27.280 UTC,1.40463,1.40454,0.0012,0.0012
14.10.2025 15:24:27.331 UTC,1.40463,1.40456,0.0012,0.00116
14.10.2025 15:24:29.649 UTC,1.40464,1.40454,0.0012,0.00116
14.10.2025 15:24:30.559 UTC,1.40464,1.40457,0.0012,0.00132
14.10.2025 15:24:30.663 UTC,1.40468,1.40458,0.0012,0.0012
14.10.2025 15:24:30.767 UTC,1.40468,1.40459,0.0012,0.00116
14.10.2025 15:24:30.818 UTC,1.40467,1.40455,0.0027,0.00369
14.10.2025 15:24:30.870 UTC,1.40466,1.40454,0.0012,0.00189
14.10.2025 15:24:30.972 UTC,1.40466,1.40457,0.0012,0.00116
14.10.2025 15:24:33.343 UTC,1.40464,1.40458,0.0012,0.00116
14.10.2025 15:24:33.446 UTC,1.40465,1.40456,0.0012,0.00116
14.10.2025 15:24:33.548 UTC,1.40465,1.40455,0.0012,0.00116
14.10.2025 15:24:36.310 UTC,1.40463,1.40456,0.0012,0.00116
14.10.2025 15:24:36.463 UTC,1.40464,1.40454,0.0012,0.00116
14.10.2025 15:24:40.294 UTC,1.40463,1.40454,0.0012,0.00116
14.10.2025 15:24:54.232 UTC,1.40464,1.40454,0.0012,0.00116
14.10.2025 15:24:56.441 UTC,1.40462,1.40455,0.0012,0.00116
14.10.2025 15:25:01.609 UTC,1.40465,1.40454,0.0012,0.00116
14.10.2025 15:25:01.763 UTC,1.40464,1.40457,0.0012,0.00116
14.10.2025 15:25:02.119 UTC,1.40464,1.40456,0.0012,0.00116
14.10.2025 15:25:02.326 UTC,1.40463,1.40453,0.0012,0.00135
14.10.2025 15:25:02.428 UTC,1.40463,1.40454,0.0012,0.00116
14.10.2025 15:25:04.801 UTC,1.40462,1.40454,0.0012,0.00116
14.10.2025 15:25:05.357 UTC,1.40462,1.40453,0.0012,0.00116
14.10.2025 15:25:06.973 UTC,1.4046,1.40454,0.00225,0.00116
14.10.2025 15:25:07.026 UTC,1.40458,1.40448,0.0012,0.0018
14.10.2025 15:25:07.130 UTC,1.40456,1.40448,0.0012,0.0018
14.10.2025 15:25:08.645 UTC,1.40457,1.40448,0.0018,0.0018
14.10.2025 15:25:08.849 UTC,1.40456,1.40448,0.0012,0.0018
14.10.2025 15:25:09.003 UTC,1.40456,1.40449,0.0018,0.0018
14.10.2025 15:25:09.054 UTC,1.40455,1.40446,0.0012,0.00116
14.10.2025 15:25:10.015 UTC,1.40456,1.40448,0.0012,0.0018
14.10.2025 15:25:10.117 UTC,1.40457,1.40448,0.0012,0.0018
14.10.2025 15:25:11.732 UTC,1.40458,1.40448,0.0018,0.0018
14.10.2025 15:25:12.440 UTC,1.40457,1.40448,0.0012,0.0018
14.10.2025 15:25:15.666 UTC,1.40462,1.40452,0.0012,0.0012
14.10.2025 15:25:15.719 UTC,1.40467,1.40454,0.0018,0.00132
14.10.2025 15:25:15.770 UTC,1.40467,1.40457,0.0018,0.00116
14.10.2025 15:25:16.129 UTC,1.40465,1.40458,0.0012,0.00116
14.10.2025 15:25:16.231 UTC,1.40465,1.40457,0.0012,0.00116
14.10.2025 15:25:16.688 UTC,1.40465,1.40456,0.0018,0.00116
14.10.2025 15:25:17.999 UTC,1.40464,1.40456,0.0012,0.00116
14.10.2025 15:25:18.101 UTC,1.40465,1.40454,0.0012,0.00116
14.10.2025 15:25:18.560 UTC,1.40463,1.40455,0.00135,0.00116
14.10.2025 15:25:18.663 UTC,1.40463,1.40454,0.00189,0.00116
14.10.2025 15:25:18.767 UTC,1.40459,1.4045,0.0012,0.00116
14.10.2025 15:25:18.869 UTC,1.4046,1.40449,0.0012,0.00116
14.10.2025 15:25:18.973 UTC,1.40462,1.40452,0.0012,0.00116
14.10.2025 15:25:19.128 UTC,1.40457,1.40449,0.0012,0.0012
14.10.2025 15:25:19.180 UTC,1.40456,1.40446,0.0012,0.0012
14.10.2025 15:25:19.232 UTC,1.40457,1.40447,0.0018,0.00116
14.10.2025 15:25:19.334 UTC,1.40456,1.40447,0.0012,0.00116
14.10.2025 15:25:20.195 UTC,1.40462,1.4045,0.00135,0.0012
14.10.2025 15:25:20.248 UTC,1.40463,1.40452,0.0063,0.00327
14.10.2025 15:25:20.351 UTC,1.40465,1.40454,0.0012,0.00116
14.10.2025 15:25:20.557 UTC,1.40464,1.40454,0.0012,0.00116
14.10.2025 15:25:21.880 UTC,1.40465,1.40453,0.00249,0.00116
14.10.2025 15:25:22.094 UTC,1.40463,1.40453,0.00234,0.00116
14.10.2025 15:25:22.148 UTC,1.40462,1.40448,0.00237,0.00135
14.10.2025 15:25:22.200 UTC,1.40461,1.40451,0.00327,0.00116
14.10.2025 15:25:22.253 UTC,1.40458,1.40445,0.0018,0.00189
14.10.2025 15:25:22.304 UTC,1.40458,1.40448,0.0018,0.00116
14.10.2025 15:25:22.712 UTC,1.4046,1.40448,0.0012,0.00177
14.10.2025 15:25:22.815 UTC,1.40459,1.40451,0.0012,0.00116
14.10.2025 15:25:23.119 UTC,1.4046,1.40452,0.0012,0.0012
14.10.2025 15:25:23.222 UTC,1.40462,1.40451,0.0012,0.00116
14.10.2025 15:25:24.292 UTC,1.40461,1.40453,0.0012,0.00116
14.10.2025 15:25:25.761 UTC,1.40464,1.40452,0.00315,0.00116
14.10.2025 15:25:26.319 UTC,1.40463,1.40454,0.00315,0.00116
14.10.2025 15:25:26.423 UTC,1.40466,1.40455,0.0012,0.00116
14.10.2025 15:25:30.197 UTC,1.40464,1.40456,0.0012,0.00116
14.10.2025 15:25:30.959 UTC,1.40465,1.40454,0.0012,0.00177
14.10.2025 15:25:33.542 UTC,1.40467,1.40455,0.0012,0.00279
14.10.2025 15:25:33.645 UTC,1.40468,1.40457,0.00135,0.00116
14.10.2025 15:25:36.630 UTC,1.40469,1.40462,0.0012,0.0012
14.10.2025 15:25:36.681 UTC,1.40473,1.40464,0.0018,0.00132
14.10.2025 15:25:36.734 UTC,1.40476,1.40465,0.0018,0.00186
14.10.2025 15:25:36.837 UTC,1.40476,1.40466,0.0018,0.00128
14.10.2025 15:25:37.899 UTC,1.40475,1.40466,0.0012,0.00116
14.10.2025 15:25:38.051 UTC,1.40476,1.40464,0.0012,0.00128
14.10.2025 15:25:38.255 UTC,1.40483,1.4047,0.0027,0.00132
14.10.2025 15:25:38.411 UTC,1.40483,1.40472,0.0012,0.00116
14.10.2025 15:25:38.570 UTC,1.40482,1.40471,0.0012,0.00128
14.10.2025 15:25:38.673 UTC,1.40483,1.40471,0.0018,0.00128
14.10.2025 15:25:38.776 UTC,1.40483,1.40472,0.00135,0.00234
14.10.2025 15:25:38.938 UTC,1.40481,1.40471,0.0012,0.00116
14.10.2025 15:25:39.044 UTC,1.40481,1.40472,0.0018,0.00116
14.10.2025 15:25:40.213 UTC,1.40485,1.40472,0.0012,0.00237
14.10.2025 15:25:40.316 UTC,1.40485,1.40476,0.0012,0.00116
14.10.2025 15:25:41.023 UTC,1.40487,1.40475,0.0027,0.00128
14.10.2025 15:25:41.986 UTC,1.40485,1.40476,0.00135,0.00116
14.10.2025 15:25:43.097 UTC,1.4048,1.40467,0.0012,0.00192
14.10.2025 15:25:43.149 UTC,1.40479,1.40466,0.0012,0.00282
14.10.2025 15:25:43.253 UTC,1.40478,1.40468,0.0018,0.00116
14.10.2025 15:25:43.355 UTC,1.40477,1.40468,0.0012,0.00116
14.10.2025 15:25:47.446 UTC,1.40479,1.40467,0.0018,0.00128
14.10.2025 15:25:47.556 UTC,1.40479,1.40469,0.0012,0.00116
14.10.2025 15:25:49.479 UTC,1.40483,1.40472,0.0012,0.00417
14.10.2025 15:25:49.582 UTC,1.40484,1.40475,0.0012,0.00128
14.10.2025 15:25:50.698 UTC,1.40481,1.40475,0.0012,0.00116
14.10.2025 15:25:50.750 UTC,1.40482,1.40472,0.0012,0.00116
14.10.2025 15:25:51.156 UTC,1.4048,1.40473,0.0012,0.00116
14.10.2025 15:25:51.259 UTC,1.40482,1.40472,0.0012,0.00116
14.10.2025 15:25:53.381 UTC,1.40483,1.40473,0.0012,0.0012
14.10.2025 15:25:56.199 UTC,1.40482,1.40473,0.0012,0.00128
14.10.2025 15:25:58.824 UTC,1.40484,1.40473,0.0012,0.0012
14.10.2025 15:25:59.582 UTC,1.40485,1.40475,0.0018,0.00132
14.10.2025 15:25:59.735 UTC,1.40485,1.40476,0.0018,0.00116
14.10.2025 15:26:03.868 UTC,1.40485,1.40475,0.0018,0.00141
14.10.2025 15:26:04.472 UTC,1.4048,1.40472,0.0012,0.00195
14.10.2025 15:26:04.582 UTC,1.40477,1.40466,0.0012,0.00192
14.10.2025 15:26:04.690 UTC,1.40477,1.40469,0.0012,0.00116
14.10.2025 15:26:05.497 UTC,1.40479,1.40469,0.0012,0.00116
14.10.2025 15:26:05.600 UTC,1.40479,1.40468,0.0018,0.00116
14.10.2025 15:26:09.030 UTC,1.40478,1.40468,0.0012,0.00116
14.10.2025 15:26:09.133 UTC,1.40477,1.40468,0.0012,0.00116
14.10.2025 15:26:10.495 UTC,1.40475,1.40469,0.0012,0.00116
14.10.2025 15:26:10.547 UTC,1.40475,1.40463,0.0012,0.00147
14.10.2025 15:26:10.650 UTC,1.40475,1.40465,0.0012,0.00116
14.10.2025 15:26:11.057 UTC,1.40476,1.40465,0.0018,0.00116
14.10.2025 15:26:13.260 UTC,1.40476,1.40465,0.00249,0.00116
14.10.2025 15:26:13.376 UTC,1.40476,1.40465,0.00234,0.00116
14.10.2025 15:26:13.479 UTC,1.40475,1.40464,0.00189,0.00116
14.10.2025 15:26:13.633 UTC,1.40476,1.40464,0.0012,0.00116
14.10.2025 15:26:13.735 UTC,1.40476,1.40465,0.0012,0.00116
14.10.2025 15:26:15.602 UTC,1.40476,1.40466,0.0012,0.00116
14.10.2025 15:26:16.158 UTC,1.40477,1.40467,0.0027,0.00116
14.10.2025 15:26:16.261 UTC,1.40478,1.40468,0.00315,0.00116
14.10.2025 15:26:19.624 UTC,1.40478,1.40467,0.0012,0.00116
14.10.2025 15:26:24.151 UTC,1.40476,1.40468,0.0012,0.00116
14.10.2025 15:26:24.304 UTC,1.40477,1.40465,0.0027,0.00116
14.10.2025 15:26:24.457 UTC,1.40477,1.40465,0.0033,0.00116
14.10.2025 15:26:24.709 UTC,1.40477,1.40465,0.00315,0.00116
14.10.2025 15:26:25.664 UTC,1.40477,1.40465,0.0033,0.00116
14.10.2025 15:26:25.817 UTC,1.40477,1.40465,0.00315,0.00116
14.10.2025 15:26:27.878 UTC,1.40477,1.40465,0.0033,0.00116
14.10.2025 15:26:28.079 UTC,1.40476,1.40466,0.00315,0.00116
14.10.2025 15:26:29.577 UTC,1.40477,1.40465,0.0033,0.00116
14.10.2025 15:26:29.729 UTC,1.40477,1.40465,0.00315,0.00116
14.10.2025 15:26:29.783 UTC,1.40476,1.40465,0.0018,0.00116
14.10.2025 15:26:29.954 UTC,1.40476,1.40465,0.00144,0.00116
14.10.2025 15:26:30.056 UTC,1.40476,1.40465,0.00192,0.00116
14.10.2025 15:26:30.158 UTC,1.40476,1.40465,0.00135,0.00116
14.10.2025 15:26:30.662 UTC,1.40476,1.40465,0.0018,0.00116
14.10.2025 15:26:30.915 UTC,1.40476,1.40465,0.00135,0.00116
14.10.2025 15:26:31.168 UTC,1.40475,1.40466,0.0018,0.00116
14.10.2025 15:26:32.326 UTC,1.40476,1.40465,0.00144,0.00116
14.10.2025 15:26:32.578 UTC,1.40476,1.40465,0.00192,0.00116
14.10.2025 15:26:32.834 UTC,1.40475,1.40465,0.00252,0.00116
14.10.2025 15:26:32.989 UTC,1.40475,1.40463,0.00225,0.00116
14.10.2025 15:26:33.344 UTC,1.40475,1.40464,0.00225,0.00116
14.10.2025 15:26:34.351 UTC,1.40474,1.40465,0.00192,0.00116
14.10.2025 15:26:34.453 UTC,1.40475,1.40464,0.0012,0.00116
14.10.2025 15:26:34.707 UTC,1.40475,1.40464,0.00147,0.00116
14.10.2025 15:26:34.810 UTC,1.40474,1.40464,0.00132,0.00116
14.10.2025 15:26:34.912 UTC,1.40474,1.40463,0.00192,0.00116
14.10.2025 15:26:35.368 UTC,1.40473,1.40464,0.00225,0.00116
14.10.2025 15:26:39.098 UTC,1.40472,1.40463,0.0012,0.0018
14.10.2025 15:26:39.150 UTC,1.40475,1.40464,0.00315,0.0018
14.10.2025 15:26:39.254 UTC,1.40475,1.40466,0.00225,0.00116
14.10.2025 15:26:39.356 UTC,1.40477,1.40466,0.00315,0.00116
14.10.2025 15:26:40.570 UTC,1.40477,1.40465,0.00315,0.00116
14.10.2025 15:26:40.722 UTC,1.40476,1.40467,0.00225,0.00116
14.10.2025 15:26:42.838 UTC,1.40477,1.40465,0.00225,0.00116
14.10.2025 15:26:45.628 UTC,1.40477,1.40465,0.00225,0.00128
14.10.2025 15:26:45.732 UTC,1.40481,1.40469,0.0012,0.0012
14.10.2025 15:26:45.784 UTC,1.40481,1.40471,0.0012,0.00116
14.10.2025 15:26:45.936 UTC,1.40481,1.40472,0.0012,0.00116
14.10.2025 15:26:45.988 UTC,1.40484,1.40472,0.0012,0.0012
14.10.2025 15:26:46.141 UTC,1.40484,1.40473,0.0012,0.00116
14.10.2025 15:26:46.345 UTC,1.40482,1.40474,0.0012,0.00116
14.10.2025 15:26:46.448 UTC,1.40482,1.40473,0.0012,0.00116
14.10.2025 15:26:46.550 UTC,1.40482,1.40472,0.0012,0.00177
14.10.2025 15:26:46.908 UTC,1.40482,1.40473,0.0012,0.00116
14.10.2025 15:26:46.961 UTC,1.40484,1.40473,0.0012,0.00231
14.10.2025 15:26:47.012 UTC,1.40484,1.40476,0.0012,0.00116
14.10.2025 15:26:47.721 UTC,1.40485,1.40474,0.0012,0.00116
14.10.2025 15:26:48.631 UTC,1.40484,1.40474,0.00189,0.00116
14.10.2025 15:26:50.301 UTC,1.40481,1.40472,0.00189,0.0036
14.10.2025 15:26:50.404 UTC,1.4048,1.40472,0.00189,0.0018
14.10.2025 15:26:50.659 UTC,1.4048,1.4047,0.00189,0.0012
14.10.2025 15:26:51.014 UTC,1.40481,1.40472,0.00189,0.00116
14.10.2025 15:26:51.572 UTC,1.40478,1.40471,0.00189,0.0012
14.10.2025 15:26:51.675 UTC,1.4048,1.4047,0.00189,0.00116
14.10.2025 15:26:51.779 UTC,1.4048,1.40473,0.00189,0.00116
14.10.2025 15:26:54.860 UTC,1.40482,1.40472,0.00189,0.00222
14.10.2025 15:27:00.233 UTC,1.40483,1.40472,0.0012,0.00282
14.10.2025 15:27:00.336 UTC,1.40484,1.40474,0.00189,0.00116
14.10.2025 15:27:02.050 UTC,1.40484,1.40475,0.00189,0.00116
14.10.2025 15:27:05.375 UTC,1.40481,1.40472,0.00189,0.00225
14.10.2025 15:27:05.530 UTC,1.40481,1.40471,0.00189,0.00135
14.10.2025 15:27:05.734 UTC,1.40481,1.40472,0.00189,0.0012
14.10.2025 15:27:07.444 UTC,1.40483,1.40473,0.00189,0.00116
14.10.2025 15:27:07.496 UTC,1.40485,1.40473,0.0012,0.00116
14.10.2025 15:27:07.630 UTC,1.40485,1.40475,0.0012,0.00116
14.10.2025 15:27:12.611 UTC,1.40485,1.40474,0.00135,0.00116
14.10.2025 15:27:12.714 UTC,1.40483,1.40474,0.00189,0.00116
14.10.2025 15:27:12.816 UTC,1.40483,1.40473,0.00189,0.00116
14.10.2025 15:27:13.980 UTC,1.40484,1.40474,0.00279,0.00132
14.10.2025 15:27:14.084 UTC,1.40484,1.40475,0.00189,0.00116
14.10.2025 15:27:15.250 UTC,1.40481,1.40472,0.00189,0.0024
14.10.2025 15:27:15.452 UTC,1.40482,1.40473,0.00189,0.00116
14.10.2025 15:27:15.707 UTC,1.4048,1.40469,0.00189,0.00315
14.10.2025 15:27:15.759 UTC,1.40476,1.40465,0.00189,0.0054
14.10.2025 15:27:15.915 UTC,1.40476,1.40465,0.00189,0.0024
14.10.2025 15:27:16.272 UTC,1.40477,1.40466,0.00279,0.0018
14.10.2025 15:27:16.980 UTC,1.40477,1.40466,0.00279,0.0024
14.10.2025 15:27:17.836 UTC,1.40476,1.40466,0.00189,0.0018
14.10.2025 15:27:17.989 UTC,1.40476,1.40467,0.00279,0.00135
14.10.2025 15:27:21.506 UTC,1.40477,1.40469,0.00279,0.00116
14.10.2025 15:27:22.713 UTC,1.40477,1.40466,0.00279,0.0012
14.10.2025 15:27:23.518 UTC,1.40478,1.40469,0.0012,0.00177
14.10.2025 15:27:23.570 UTC,1.4048,1.4047,0.00189,0.0012
14.10.2025 15:27:23.718 UTC,1.40479,1.4047,0.00189,0.00177
14.10.2025 15:27:29.163 UTC,1.40479,1.40471,0.00189,0.00222
14.10.2025 15:27:29.266 UTC,1.40481,1.40471,0.00189,0.00177
14.10.2025 15:27:29.370 UTC,1.40484,1.40473,0.00279,0.0012
14.10.2025 15:27:29.473 UTC,1.40485,1.40475,0.00279,0.00116
14.10.2025 15:27:31.591 UTC,1.40485,1.40476,0.00189,0.00116
14.10.2025 15:27:36.682 UTC,1.40483,1.40474,0.00189,0.00135
14.10.2025 15:27:36.787 UTC,1.40484,1.40474,0.00189,0.00116
14.10.2025 15:27:48.580 UTC,1.40481,1.40475,0.0012,0.00116
14.10.2025 15:27:48.733 UTC,1.40482,1.40472,0.0012,0.0024
14.10.2025 15:27:49.443 UTC,1.40482,1.40472,0.0012,0.00315
14.10.2025 15:27:49.849 UTC,1.40482,1.40472,0.0012,0.0033
14.10.2025 15:27:49.952 UTC,1.40482,1.40472,0.0012,0.00315
14.10.2025 15:27:50.203 UTC,1.40482,1.40472,0.0012,0.0033
14.10.2025 15:27:50.548 UTC,1.40483,1.40475,0.0012,0.00116
14.10.2025 15:27:51.207 UTC,1.40484,1.40476,0.0012,0.00225
14.10.2025 15:27:51.315 UTC,1.40485,1.40476,0.0012,0.0012
14.10.2025 15:27:51.418 UTC,1.40484,1.40478,0.0012,0.00116
14.10.2025 15:27:51.520 UTC,1.40485,1.40479,0.0012,0.00116
14.10.2025 15:27:51.572 UTC,1.40485,1.40475,0.0012,0.00135
14.10.2025 15:27:51.624 UTC,1.40483,1.40473,0.0012,0.00225
14.10.2025 15:27:51.727 UTC,1.40484,1.40473,0.00279,0.00135
14.10.2025 15:27:51.829 UTC,1.40483,1.40476,0.00279,0.00116
14.10.2025 15:27:52.185 UTC,1.40482,1.40473,0.00189,0.00135
14.10.2025 15:27:52.287 UTC,1.40484,1.40475,0.00279,0.00116
14.10.2025 15:27:52.590 UTC,1.40483,1.40473,0.00189,0.00135
14.10.2025 15:27:52.641 UTC,1.40484,1.40475,0.00279,0.00116
14.10.2025 15:27:53.145 UTC,1.40482,1.40474,0.00189,0.00135
14.10.2025 15:27:53.348 UTC,1.40484,1.40475,0.00279,0.00116
14.10.2025 15:27:53.399 UTC,1.40483,1.40473,0.00189,0.00135
14.10.2025 15:27:53.702 UTC,1.40483,1.40474,0.00189,0.00116
14.10.2025 15:27:53.804 UTC,1.40483,1.40472,0.00189,0.00135
14.10.2025 15:27:53.906 UTC,1.40484,1.40475,0.00279,0.00116
14.10.2025 15:27:53.957 UTC,1.40483,1.40472,0.00189,0.00135
14.10.2025 15:27:54.109 UTC,1.40482,1.40473,0.00189,0.0018
14.10.2025 15:27:54.612 UTC,1.40483,1.40476,0.00279,0.00116
14.10.2025 15:27:54.863 UTC,1.40483,1.40472,0.00189,0.0018
14.10.2025 15:27:54.966 UTC,1.40483,1.40476,0.00279,0.00116
14.10.2025 15:27:55.170 UTC,1.40482,1.40473,0.00189,0.00225
14.10.2025 15:27:55.374 UTC,1.4048,1.40471,0.00189,0.0012
14.10.2025 15:27:55.426 UTC,1.40475,1.40465,0.00189,0.0018
14.10.2025 15:27:55.478 UTC,1.40472,1.40464,0.00279,0.00177
14.10.2025 15:27:55.582 UTC,1.40472,1.40463,0.00189,0.00177
14.10.2025 15:27:55.786 UTC,1.40473,1.40463,0.00279,0.00177
14.10.2025 15:27:55.888 UTC,1.40473,1.40464,0.00279,0.00116
14.10.2025 15:27:56.647 UTC,1.40471,1.40464,0.00279,0.00177
14.10.2025 15:27:56.750 UTC,1.4047,1.4046,0.00279,0.00225
14.10.2025 15:27:56.802 UTC,1.40471,1.40462,0.00189,0.00116
14.10.2025 15:27:56.855 UTC,1.40472,1.40464,0.00279,0.0012
14.10.2025 15:27:57.762 UTC,1.40472,1.40463,0.00189,0.00116
14.10.2025 15:27:58.866 UTC,1.40469,1.4046,0.00279,0.00135
14.10.2025 15:27:58.970 UTC,1.40469,1.40461,0.00279,0.00116
14.10.2025 15:27:59.073 UTC,1.4047,1.40459,0.00279,0.00135
14.10.2025 15:27:59.226 UTC,1.4047,1.40459,0.00279,0.0018
14.10.2025 15:27:59.329 UTC,1.4047,1.40459,0.00279,0.00135
14.10.2025 15:27:59.380 UTC,1.4047,1.40462,0.0012,0.00116
14.10.2025 15:27:59.635 UTC,1.4047,1.40459,0.00279,0.00135
14.10.2025 15:27:59.687 UTC,1.40469,1.40462,0.00279,0.00116
14.10.2025 15:28:00.245 UTC,1.40471,1.40462,0.0012,0.00177
14.10.2025 15:28:00.448 UTC,1.4047,1.40464,0.0012,0.00116
14.10.2025 15:28:00.653 UTC,1.40471,1.40464,0.0012,0.00116
14.10.2025 15:28:01.663 UTC,1.40472,1.40462,0.0012,0.00222
14.10.2025 15:28:04.634 UTC,1.40471,1.40464,0.0012,0.00116
14.10.2025 15:28:06.423 UTC,1.40472,1.40462,0.0012,0.00222
14.10.2025 15:28:09.396 UTC,1.40471,1.40464,0.0012,0.00132
14.10.2025 15:28:09.801 UTC,1.40472,1.40462,0.0012,0.00116
14.10.2025 15:28:10.260 UTC,1.40472,1.40463,0.0012,0.00116
14.10.2025 15:28:18.080 UTC,1.40473,1.40463,0.00279,0.00116
14.10.2025 15:28:22.013 UTC,1.40474,1.40463,0.0012,0.00267
14.10.2025 15:28:22.116 UTC,1.40475,1.40464,0.00279,0.0012
14.10.2025 15:28:22.270 UTC,1.40475,1.40465,0.00279,0.00116
14.10.2025 15:28:24.125 UTC,1.40474,1.40465,0.0012,0.00116
14.10.2025 15:28:25.589 UTC,1.40475,1.40466,0.0012,0.00116
14.10.2025 15:28:25.750 UTC,1.40474,1.40466,0.0012,0.00116
14.10.2025 15:28:25.851 UTC,1.40474,1.40465,0.0012,0.00116
14.10.2025 15:28:28.122 UTC,1.40474,1.40466,0.0012,0.00116
14.10.2025 15:28:28.224 UTC,1.40475,1.40466,0.0012,0.00116
14.10.2025 15:28:31.906 UTC,1.40474,1.40465,0.0012,0.00116
14.10.2025 15:28:37.390 UTC,1.40472,1.40465,0.0012,0.00116
14.10.2025 15:28:38.050 UTC,1.40473,1.40465,0.00279,0.00116
14.10.2025 15:28:38.153 UTC,1.40473,1.40466,0.0012,0.00116
14.10.2025 15:28:57.095 UTC,1.40474,1.40464,0.00279,0.00116
14.10.2025 15:28:57.197 UTC,1.40472,1.40461,0.00189,0.0024
14.10.2025 15:28:57.301 UTC,1.40469,1.4046,0.00189,0.0018
14.10.2025 15:28:57.353 UTC,1.40472,1.40462,0.00279,0.00116
14.10.2025 15:28:57.456 UTC,1.40472,1.40463,0.00189,0.00132
14.10.2025 15:28:57.558 UTC,1.40473,1.40464,0.00189,0.00116
14.10.2025 15:28:58.902 UTC,1.40471,1.40462,0.00189,0.0024
14.10.2025 15:28:59.005 UTC,1.40472,1.40461,0.00189,0.00135
14.10.2025 15:28:59.158 UTC,1.40473,1.40465,0.00279,0.00116
14.10.2025 15:28:59.616 UTC,1.40473,1.40464,0.00189,0.00116
14.10.2025 15:28:59.769 UTC,1.40474,1.40464,0.00279,0.00116
14.10.2025 15:28:59.872 UTC,1.40472,1.40465,0.00189,0.00116
14.10.2025 15:29:00.532 UTC,1.40474,1.40464,0.00189,0.00116
14.10.2025 15:29:00.786 UTC,1.40473,1.40464,0.00189,0.00116
14.10.2025 15:29:03.711 UTC,1.40478,1.4047,0.00247,0.0012
14.10.2025 15:29:03.763 UTC,1.4048,1.40473,0.00135,0.0018
14.10.2025 15:29:03.816 UTC,1.40484,1.40473,0.00189,0.0012
14.10.2025 15:29:03.868 UTC,1.40484,1.40475,0.00414,0.00116
14.10.2025 15:29:07.792 UTC,1.40484,1.40474,0.00225,0.00225
14.10.2025 15:29:09.253 UTC,1.40483,1.40475,0.00225,0.0024
14.10.2025 15:29:09.356 UTC,1.40483,1.40475,0.00225,0.00225
14.10.2025 15:29:10.817 UTC,1.40483,1.40478,0.00225,0.00116
14.10.2025 15:29:11.422 UTC,1.40484,1.40476,0.00225,0.00116
14.10.2025 15:29:11.473 UTC,1.40484,1.40474,0.00225,0.0012
14.10.2025 15:29:12.182 UTC,1.40483,1.40474,0.00225,0.00315
14.10.2025 15:29:12.335 UTC,1.40483,1.40476,0.00225,0.00116
14.10.2025 15:29:16.287 UTC,1.40484,1.40474,0.00189,0.00116
14.10.2025 15:29:16.389 UTC,1.40482,1.40475,0.00189,0.00116
14.10.2025 15:29:17.851 UTC,1.40484,1.40474,0.00279,0.00116
14.10.2025 15:29:18.055 UTC,1.40483,1.40474,0.00189,0.00116
14.10.2025 15:29:29.364 UTC,1.40484,1.40474,0.00279,0.00116
14.10.2025 15:29:29.466 UTC,1.40484,1.40475,0.00279,0.00116
14.10.2025 15:29:31.223 UTC,1.40486,1.40475,0.00279,0.00116
14.10.2025 15:29:31.332 UTC,1.40485,1.40475,0.00189,0.00116
14.10.2025 15:29:32.797 UTC,1.40485,1.40476,0.00189,0.00116
14.10.2025 15:29:34.108 UTC,1.40485,1.40475,0.00189,0.00116
14.10.2025 15:29:38.690 UTC,1.40487,1.40476,0.0012,0.0024
14.10.2025 15:29:38.741 UTC,1.40488,1.40478,0.00189,0.0027
14.10.2025 15:29:38.844 UTC,1.40489,1.4048,0.00189,0.00116
14.10.2025 15:29:39.099 UTC,1.40489,1.40479,0.00189,0.00116
14.10.2025 15:29:41.663 UTC,1.40486,1.40475,0.00189,0.0018
14.10.2025 15:29:41.715 UTC,1.40486,1.40475,0.00189,0.00135
14.10.2025 15:29:41.767 UTC,1.40486,1.40477,0.00189,0.00116
14.10.2025 15:29:43.685 UTC,1.40485,1.40474,0.00189,0.00135
14.10.2025 15:29:43.737 UTC,1.40485,1.40476,0.00189,0.00116
14.10.2025 15:29:44.448 UTC,1.40483,1.40474,0.00189,0.00225
14.10.2025 15:29:44.702 UTC,1.40484,1.40473,0.00189,0.0033
14.10.2025 15:29:45.307 UTC,1.40485,1.40476,0.00189,0.00116
14.10.2025 15:29:49.032 UTC,1.40485,1.40474,0.00189,0.0012
14.10.2025 15:29:49.939 UTC,1.40486,1.40478,0.0018,0.00116
14.10.2025 15:29:50.041 UTC,1.40484,1.40475,0.00189,0.0012
14.10.2025 15:29:50.496 UTC,1.40487,1.40477,0.0018,0.00116
14.10.2025 15:29:50.548 UTC,1.40485,1.40474,0.00189,0.0012
14.10.2025 15:29:50.599 UTC,1.40487,1.40477,0.0018,0.00116
14.10.2025 15:29:50.650 UTC,1.40485,1.40474,0.00189,0.0012
14.10.2025 15:29:51.105 UTC,1.40484,1.40473,0.00189,0.0036
14.10.2025 15:29:51.208 UTC,1.40484,1.40475,0.00189,0.00116
14.10.2025 15:29:51.360 UTC,1.40484,1.40474,0.00189,0.00132
14.10.2025 15:29:54.231 UTC,1.40482,1.40475,0.00189,0.00116
14.10.2025 15:29:55.189 UTC,1.40484,1.40474,0.00189,0.00116
14.10.2025 15:29:57.937 UTC,1.40483,1.40474,0.00189,0.00116
14.10.2025 15:29:59.048 UTC,1.40483,1.40473,0.00189,0.00177
14.10.2025 15:30:00.257 UTC,1.40482,1.40473,0.00189,0.00116
14.10.2025 15:30:00.817 UTC,1.40483,1.40473,0.00189,0.00116
14.10.2025 15:30:01.883 UTC,1.40482,1.40473,0.00189,0.00116
14.10.2025 15:30:03.097 UTC,1.4048,1.40473,0.00189,0.00116
14.10.2025 15:30:03.252 UTC,1.40482,1.40472,0.00189,0.00222
14.10.2025 15:30:03.355 UTC,1.40482,1.40473,0.00189,0.00116
14.10.2025 15:30:07.118 UTC,1.40483,1.40473,0.00189,0.00116
14.10.2025 15:30:09.185 UTC,1.40483,1.40475,0.00189,0.00135
14.10.2025 15:30:09.288 UTC,1.40484,1.40475,0.00189,0.00116
14.10.2025 15:30:12.457 UTC,1.40483,1.40474,0.00189,0.0012
14.10.2025 15:30:12.894 UTC,1.40482,1.40472,0.00189,0.00225
14.10.2025 15:30:13.048 UTC,1.40481,1.40474,0.00189,0.00116
14.10.2025 15:30:13.655 UTC,1.40481,1.40471,0.00189,0.00225
14.10.2025 15:30:13.707 UTC,1.40481,1.40474,0.00189,0.00116
14.10.2025 15:30:14.163 UTC,1.40483,1.40473,0.00189,0.00116
14.10.2025 15:30:15.124 UTC,1.40482,1.40473,0.00189,0.00116
14.10.2025 15:30:15.985 UTC,1.40483,1.40473,0.00189,0.00116
14.10.2025 15:30:16.538 UTC,1.40481,1.40474,0.00189,0.00116
14.10.2025 15:30:16.691 UTC,1.4048,1.40472,0.00189,0.00135
14.10.2025 15:30:16.997 UTC,1.40482,1.40473,0.00189,0.00116
14.10.2025 15:30:18.103 UTC,1.40481,1.40471,0.00189,0.00135
14.10.2025 15:30:18.406 UTC,1.40481,1.4047,0.00189,0.0027
14.10.2025 15:30:18.560 UTC,1.40481,1.40471,0.00189,0.00135
14.10.2025 15:30:19.523 UTC,1.40479,1.40471,0.00189,0.0012
14.10.2025 15:30:19.575 UTC,1.40473,1.40464,0.00189,0.00135
14.10.2025 15:30:19.931 UTC,1.40474,1.40464,0.00189,0.00116
14.10.2025 15:30:32.711 UTC,1.40473,1.40464,0.00189,0.00132
14.10.2025 15:30:32.813 UTC,1.40474,1.40464,0.00189,0.00132
14.10.2025 15:30:34.679 UTC,1.40471,1.40463,0.00189,0.00225
14.10.2025 15:30:34.783 UTC,1.40469,1.40461,0.00189,0.0012
14.10.2025 15:30:34.835 UTC,1.40469,1.40459,0.00189,0.0012
14.10.2025 15:30:34.938 UTC,1.40469,1.4046,0.00189,0.00116
14.10.2025 15:30:35.040 UTC,1.40468,1.40458,0.00189,0.0018
14.10.2025 15:30:35.194 UTC,1.40466,1.40456,0.00189,0.0012
14.10.2025 15:30:35.246 UTC,1.40464,1.40455,0.00189,0.0027
14.10.2025 15:30:35.299 UTC,1.40465,1.40456,0.00189,0.00116
14.10.2025 15:30:36.161 UTC,1.40464,1.40453,0.00189,0.0027
14.10.2025 15:30:36.920 UTC,1.40464,1.40455,0.00189,0.00116
14.10.2025 15:30:37.073 UTC,1.40463,1.40454,0.00189,0.0018
14.10.2025 15:30:37.678 UTC,1.40463,1.40456,0.00189,0.00116
14.10.2025 15:30:46.060 UTC,1.40465,1.40455,0.00189,0.00132
14.10.2025 15:30:46.213 UTC,1.40465,1.40456,0.00189,0.00116
14.10.2025 15:30:51.287 UTC,1.40468,1.40457,0.00279,0.0012
14.10.2025 15:30:51.339 UTC,1.40468,1.4046,0.0012,0.0012
14.10.2025 15:30:51.393 UTC,1.40472,1.4046,0.00189,0.0027
14.10.2025 15:30:51.445 UTC,1.40473,1.40462,0.00189,0.00177
14.10.2025 15:30:51.549 UTC,1.40474,1.40464,0.00189,0.00116
14.10.2025 15:30:51.651 UTC,1.40474,1.40465,0.00189,0.00116
14.10.2025 15:30:52.566 UTC,1.40471,1.40462,0.00189,0.0012
14.10.2025 15:30:52.872 UTC,1.40471,1.40463,0.00189,0.00116
14.10.2025 15:30:55.142 UTC,1.4047,1.40463,0.00189,0.00116
14.10.2025 15:30:55.296 UTC,1.40471,1.40463,0.00189,0.00116
14.10.2025 15:30:57.364 UTC,1.40471,1.40462,0.00189,0.00116
14.10.2025 15:30:57.466 UTC,1.40471,1.40461,0.00189,0.00116
14.10.2025 15:30:57.722 UTC,1.40472,1.40461,0.00189,0.00116
14.10.2025 15:30:57.865 UTC,1.40471,1.40463,0.00189,0.00116
14.10.2025 15:31:01.652 UTC,1.40471,1.40462,0.00189,0.00116
14.10.2025 15:31:01.806 UTC,1.40471,1.40461,0.00189,0.00116
14.10.2025 15:31:01.908 UTC,1.40471,1.40462,0.00189,0.00116
14.10.2025 15:31:02.719 UTC,1.40468,1.40458,0.00189,0.00135
14.10.2025 15:31:02.771 UTC,1.4047,1.40457,0.00279,0.00195
14.10.2025 15:31:02.822 UTC,1.40469,1.40461,0.00189,0.00116
14.10.2025 15:31:02.978 UTC,1.4047,1.40461,0.00189,0.00116
14.10.2025 15:31:03.186 UTC,1.40466,1.40456,0.00189,0.00135
14.10.2025 15:31:03.288 UTC,1.40464,1.40457,0.00189,0.0012
14.10.2025 15:31:03.340 UTC,1.40464,1.40455,0.00189,0.0018
14.10.2025 15:31:04.650 UTC,1.40466,1.40458,0.00189,0.00116
14.10.2025 15:31:04.752 UTC,1.40468,1.40458,0.00279,0.00116
14.10.2025 15:31:04.804 UTC,1.40471,1.4046,0.00189,0.0012
14.10.2025 15:31:04.907 UTC,1.40471,1.40462,0.00189,0.00116
14.10.2025 15:31:05.009 UTC,1.40472,1.40462,0.00279,0.00116
14.10.2025 15:31:05.264 UTC,1.40471,1.40462,0.00189,0.00116
14.10.2025 15:31:06.478 UTC,1.4047,1.40459,0.00189,0.00315
14.10.2025 15:31:11.278 UTC,1.40471,1.40462,0.00189,0.00116
14.10.2025 15:31:11.836 UTC,1.40469,1.4046,0.00189,0.0018
14.10.2025 15:31:11.989 UTC,1.40469,1.4046,0.00189,0.0024
14.10.2025 15:31:15.304 UTC,1.40471,1.40463,0.0012,0.00116
14.10.2025 15:31:15.757 UTC,1.4047,1.40459,0.00189,0.0018
14.10.2025 15:31:15.860 UTC,1.40471,1.40462,0.00189,0.00116
14.10.2025 15:31:16.117 UTC,1.40466,1.40457,0.00189,0.00135
14.10.2025 15:31:16.220 UTC,1.40467,1.40458,0.00279,0.00116
14.10.2025 15:31:16.271 UTC,1.40466,1.40456,0.00189,0.0012
14.10.2025 15:31:16.373 UTC,1.40466,1.40454,0.00189,0.00285
14.10.2025 15:31:17.330 UTC,1.40465,1.40455,0.00189,0.00225
14.10.2025 15:31:17.787 UTC,1.40466,1.40457,0.00369,0.00116
14.10.2025 15:31:17.839 UTC,1.40464,1.40454,0.00189,0.0027
14.10.2025 15:31:17.941 UTC,1.40464,1.40457,0.00189,0.00116
14.10.2025 15:31:18.296 UTC,1.40465,1.40457,0.00369,0.00116
14.10.2025 15:31:18.449 UTC,1.40466,1.40457,0.00279,0.00116
14.10.2025 15:31:18.854 UTC,1.40467,1.40457,0.0012,0.00116
14.10.2025 15:31:18.957 UTC,1.40467,1.40458,0.00189,0.00222
14.10.2025 15:31:19.060 UTC,1.40468,1.40459,0.00189,0.00116
14.10.2025 15:31:19.766 UTC,1.40469,1.40459,0.00279,0.00116
14.10.2025 15:31:19.870 UTC,1.40469,1.40461,0.00189,0.00116
14.10.2025 15:31:20.176 UTC,1.4047,1.40461,0.00189,0.00116
14.10.2025 15:31:20.834 UTC,1.40471,1.40461,0.00279,0.00116
14.10.2025 15:31:21.340 UTC,1.40471,1.40462,0.0012,0.00267
14.10.2025 15:31:21.442 UTC,1.40473,1.40462,0.00279,0.00116
14.10.2025 15:31:21.746 UTC,1.40471,1.40463,0.00189,0.00116
14.10.2025 15:31:22.956 UTC,1.40471,1.40462,0.00189,0.00116
14.10.2025 15:31:23.032 UTC,1.40471,1.4046,0.00189,0.0012
14.10.2025 15:31:23.134 UTC,1.40471,1.40462,0.00189,0.00116
14.10.2025 15:31:24.250 UTC,1.40472,1.40462,0.00279,0.00116
14.10.2025 15:31:24.856 UTC,1.40472,1.40463,0.00279,0.00116
14.10.2025 15:31:25.008 UTC,1.40471,1.40463,0.00279,0.00116
14.10.2025 15:31:25.111 UTC,1.40471,1.40464,0.00279,0.00116
14.10.2025 15:31:25.265 UTC,1.40471,1.40459,0.00369,0.0018
14.10.2025 15:31:25.367 UTC,1.4047,1.40459,0.00189,0.0018
14.10.2025 15:31:25.773 UTC,1.4047,1.40458,0.00189,0.0033
14.10.2025 15:31:25.875 UTC,1.4047,1.40458,0.00189,0.00195
14.10.2025 15:31:27.236 UTC,1.40465,1.40453,0.00279,0.00195
14.10.2025 15:31:27.339 UTC,1.40464,1.40457,0.00279,0.00116
14.10.2025 15:31:27.441 UTC,1.40463,1.40454,0.00189,0.0012
14.10.2025 15:31:31.159 UTC,1.40463,1.40456,0.00189,0.00116
14.10.2025 15:31:36.150 UTC,1.40464,1.40453,0.00279,0.0012
14.10.2025 15:31:36.251 UTC,1.40464,1.40455,0.00279,0.00116
14.10.2025 15:31:45.398 UTC,1.40466,1.40455,0.0012,0.00177
14.10.2025 15:31:45.450 UTC,1.40468,1.40457,0.0012,0.00225
14.10.2025 15:31:45.554 UTC,1.40474,1.40462,0.00279,0.0012
14.10.2025 15:31:45.605 UTC,1.40473,1.40466,0.00279,0.00116
14.10.2025 15:31:45.759 UTC,1.40473,1.40465,0.00189,0.00116
14.10.2025 15:31:46.215 UTC,1.40474,1.40465,0.00189,0.00116
14.10.2025 15:31:46.621 UTC,1.40474,1.40464,0.00189,0.00116
14.10.2025 15:31:49.996 UTC,1.40472,1.40465,0.00189,0.00116
14.10.2025 15:31:50.048 UTC,1.40471,1.40463,0.00189,0.0012
14.10.2025 15:31:50.151 UTC,1.40471,1.40462,0.00189,0.00116
14.10.2025 15:31:50.658 UTC,1.40471,1.40463,0.00279,0.00116
14.10.2025 15:31:51.922 UTC,1.40472,1.40463,0.00279,0.00116
14.10.2025 15:31:51.974 UTC,1.4047,1.40461,0.00189,0.00135
14.10.2025 15:31:52.076 UTC,1.40471,1.40462,0.00189,0.00116
14.10.2025 15:31:53.480 UTC,1.40471,1.4046,0.00189,0.00135
14.10.2025 15:31:53.637 UTC,1.40471,1.40462,0.00189,0.00116
14.10.2025 15:31:53.893 UTC,1.40471,1.40463,0.00279,0.00116
14.10.2025 15:31:56.063 UTC,1.40473,1.40462,0.00189,0.00237
14.10.2025 15:31:59.084 UTC,1.40474,1.40463,0.00189,0.00132
14.10.2025 15:31:59.187 UTC,1.40474,1.40464,0.00189,0.00116
14.10.2025 15:32:00.196 UTC,1.40474,1.40465,0.00279,0.00116
14.10.2025 15:32:00.299 UTC,1.40474,1.40465,0.00189,0.00116
14.10.2025 15:32:00.502 UTC,1.40472,1.40464,0.00189,0.00116
14.10.2025 15:32:02.022 UTC,1.40472,1.40465,0.0012,0.00116
14.10.2025 15:32:02.278 UTC,1.40472,1.40464,0.00279,0.00116
14.10.2025 15:32:04.789 UTC,1.40472,1.40465,0.0012,0.00116
14.10.2025 15:32:04.941 UTC,1.40474,1.40464,0.00189,0.00116
14.10.2025 15:32:13.230 UTC,1.40473,1.40464,0.00189,0.00116
14.10.2025 15:32:13.333 UTC,1.40472,1.40464,0.00189,0.00116
14.10.2025 15:32:13.435 UTC,1.40474,1.40464,0.00189,0.00116
14.10.2025 15:32:17.668 UTC,1.40472,1.40465,0.00189,0.00116
14.10.2025 15:32:17.821 UTC,1.40472,1.40463,0.00189,0.00116
14.10.2025 15:32:18.629 UTC,1.40472,1.40462,0.00189,0.00116
14.10.2025 15:32:18.681 UTC,1.40473,1.40463,0.00279,0.00176
14.10.2025 15:32:18.733 UTC,1.40475,1.40465,0.00279,0.00237
14.10.2025 15:32:18.836 UTC,1.40474,1.40466,0.00189,0.00116
14.10.2025 15:32:25.778 UTC,1.40474,1.40465,0.00189,0.00116
14.10.2025 15:32:26.634 UTC,1.40474,1.40464,0.00189,0.00116
14.10.2025 15:32:30.727 UTC,1.40473,1.40464,0.00189,0.00116
14.10.2025 15:32:30.880 UTC,1.40473,1.40463,0.00189,0.00132
14.10.2025 15:32:32.397 UTC,1.40472,1.40463,0.00279,0.00132
14.10.2025 15:32:32.753 UTC,1.40472,1.40463,0.00279,0.00176
14.10.2025 15:32:32.956 UTC,1.40473,1.40462,0.0012,0.00222
14.10.2025 15:32:33.058 UTC,1.40474,1.40462,0.00279,0.00372
14.10.2025 15:32:33.160 UTC,1.40473,1.40465,0.00279,0.00116
14.10.2025 15:32:33.364 UTC,1.40474,1.40465,0.00279,0.00116
14.10.2025 15:32:34.375 UTC,1.40476,1.40465,0.0012,0.00222
14.10.2025 15:32:34.428 UTC,1.40479,1.40467,0.00279,0.0012
14.10.2025 15:32:34.480 UTC,1.4048,1.40469,0.0012,0.00135
14.10.2025 15:32:34.584 UTC,1.40479,1.40472,0.00279,0.00116
14.10.2025 15:32:36.758 UTC,1.40478,1.40467,0.00189,0.0012
14.10.2025 15:32:36.913 UTC,1.40478,1.40468,0.00279,0.00116
14.10.2025 15:32:37.015 UTC,1.40478,1.40469,0.00279,0.00116
14.10.2025 15:32:37.170 UTC,1.40478,1.4047,0.0012,0.00116
14.10.2025 15:32:37.272 UTC,1.40477,1.40469,0.00279,0.0018
14.10.2025 15:32:37.375 UTC,1.40478,1.40471,0.00189,0.00116
14.10.2025 15:32:39.196 UTC,1.4048,1.4047,0.00279,0.00132
14.10.2025 15:32:39.300 UTC,1.4048,1.40471,0.00279,0.00116
14.10.2025 15:32:47.870 UTC,1.40481,1.40471,0.0012,0.00116
14.10.2025 15:32:47.922 UTC,1.40483,1.40474,0.00279,0.0012
14.10.2025 15:32:48.025 UTC,1.40483,1.40475,0.00279,0.00116
14.10.2025 15:32:49.589 UTC,1.40483,1.40476,0.00279,0.00116
14.10.2025 15:32:49.765 UTC,1.40484,1.40474,0.00279,0.00116
14.10.2025 15:32:50.984 UTC,1.40484,1.40475,0.00279,0.00116
14.10.2025 15:32:54.708 UTC,1.40483,1.40475,0.00189,0.00116
14.10.2025 15:32:55.564 UTC,1.40485,1.40474,0.00279,0.00116
14.10.2025 15:32:55.768 UTC,1.40485,1.40474,0.0012,0.00237
14.10.2025 15:32:58.916 UTC,1.40484,1.40475,0.00189,0.00116
14.10.2025 15:33:05.956 UTC,1.40483,1.40475,0.00279,0.00116
14.10.2025 15:33:17.616 UTC,1.40486,1.40474,0.00414,0.00116
14.10.2025 15:33:17.668 UTC,1.40489,1.4048,0.00189,0.0012
14.10.2025 15:33:17.772 UTC,1.40485,1.40476,0.00189,0.00116
14.10.2025 15:33:17.925 UTC,1.40486,1.40476,0.00189,0.00116
14.10.2025 15:33:18.028 UTC,1.40487,1.40477,0.00279,0.00132
14.10.2025 15:33:18.267 UTC,1.40485,1.40478,0.00189,0.00116
14.10.2025 15:33:19.580 UTC,1.40484,1.40475,0.00189,0.0012
14.10.2025 15:33:19.682 UTC,1.40484,1.40474,0.00189,0.00405
14.10.2025 15:33:19.733 UTC,1.40485,1.40476,0.00189,0.00116
14.10.2025 15:33:19.785 UTC,1.40484,1.40473,0.00189,0.00225
14.10.2025 15:33:19.836 UTC,1.40484,1.40475,0.00189,0.00116
14.10.2025 15:33:22.811 UTC,1.4049,1.40483,0.00195,0.0012
14.10.2025 15:33:22.863 UTC,1.40492,1.40481,0.00189,0.0027
14.10.2025 15:33:22.966 UTC,1.40491,1.40484,0.00189,0.00116
14.10.2025 15:33:25.694 UTC,1.40492,1.40484,0.00279,0.00116
14.10.2025 15:33:25.847 UTC,1.40491,1.40484,0.00189,0.00116
14.10.2025 15:33:26.050 UTC,1.40493,1.40483,0.00279,0.00116
14.10.2025 15:33:26.201 UTC,1.40492,1.40483,0.00189,0.00116
14.10.2025 15:33:26.355 UTC,1.40491,1.40482,0.00189,0.00116
14.10.2025 15:33:26.491 UTC,1.40493,1.40483,0.00279,0.00116
14.10.2025 15:33:28.564 UTC,1.40491,1.40484,0.00189,0.00116
14.10.2025 15:33:30.335 UTC,1.40498,1.40489,0.00519,0.0012
14.10.2025 15:33:30.387 UTC,1.40497,1.40484,0.00279,0.00315
14.10.2025 15:33:30.439 UTC,1.40498,1.40488,0.0012,0.0012
14.10.2025 15:33:30.543 UTC,1.40501,1.40492,0.00279,0.00116
14.10.2025 15:33:30.646 UTC,1.40502,1.40492,0.00279,0.00116
14.10.2025 15:33:30.851 UTC,1.40502,1.40493,0.00189,0.00116
14.10.2025 15:33:31.763 UTC,1.40501,1.4049,0.00189,0.0012
14.10.2025 15:33:31.815 UTC,1.40496,1.40487,0.00189,0.0018
14.10.2025 15:33:31.968 UTC,1.40498,1.40489,0.00189,0.00116
14.10.2025 15:33:32.020 UTC,1.40501,1.40491,0.00189,0.00116
14.10.2025 15:33:32.123 UTC,1.40501,1.40493,0.00189,0.00116
14.10.2025 15:33:32.277 UTC,1.40502,1.40494,0.00279,0.00116
14.10.2025 15:33:32.884 UTC,1.40502,1.40493,0.00189,0.00116
14.10.2025 15:33:34.247 UTC,1.405,1.40489,0.00189,0.0033
14.10.2025 15:33:34.500 UTC,1.40499,1.4049,0.00189,0.00135
14.10.2025 15:33:35.257 UTC,1.40499,1.40487,0.00189,0.0018
14.10.2025 15:33:35.359 UTC,1.40499,1.4049,0.00189,0.00116
14.10.2025 15:33:35.462 UTC,1.405,1.4049,0.00189,0.00116
14.10.2025 15:33:35.564 UTC,1.405,1.40491,0.00189,0.00116
14.10.2025 15:33:36.927 UTC,1.40499,1.40488,0.00189,0.0018
14.10.2025 15:33:37.030 UTC,1.405,1.40491,0.00189,0.00116
14.10.2025 15:33:38.997 UTC,1.40502,1.40491,0.00189,0.00312
14.10.2025 15:33:39.099 UTC,1.40502,1.40493,0.00189,0.00116
14.10.2025 15:33:40.768 UTC,1.40502,1.40492,0.00189,0.00177
14.10.2025 15:33:41.524 UTC,1.40499,1.40492,0.00189,0.0012
14.10.2025 15:33:41.678 UTC,1.40503,1.40492,0.00279,0.00177
14.10.2025 15:33:41.782 UTC,1.40505,1.40493,0.00279,0.0027
14.10.2025 15:33:41.884 UTC,1.40505,1.40496,0.00279,0.00116
14.10.2025 15:33:47.251 UTC,1.40505,1.40495,0.00279,0.00116
14.10.2025 15:33:47.353 UTC,1.40503,1.40496,0.00189,0.00116
14.10.2025 15:33:49.222 UTC,1.40503,1.40495,0.00279,0.00116
14.10.2025 15:33:50.733 UTC,1.40503,1.40494,0.00189,0.00116
14.10.2025 15:33:51.912 UTC,1.40504,1.40495,0.00135,0.00188
14.10.2025 15:33:51.965 UTC,1.40512,1.40503,0.00247,0.0018
14.10.2025 15:33:52.068 UTC,1.40515,1.40508,0.00279,0.00116
14.10.2025 15:33:52.171 UTC,1.40512,1.40503,0.00189,0.00177
14.10.2025 15:33:52.274 UTC,1.40513,1.40503,0.00189,0.00177
14.10.2025 15:33:52.529 UTC,1.40511,1.40503,0.00189,0.0012
14.10.2025 15:33:52.581 UTC,1.40514,1.40503,0.00189,0.0012
14.10.2025 15:33:52.684 UTC,1.40513,1.40506,0.00189,0.00116
14.10.2025 15:33:55.112 UTC,1.40512,1.40503,0.00189,0.00225
14.10.2025 15:33:55.265 UTC,1.40513,1.40504,0.00189,0.00116
14.10.2025 15:33:55.369 UTC,1.40509,1.40501,0.0012,0.0012
14.10.2025 15:33:55.421 UTC,1.40505,1.40494,0.00279,0.0012
14.10.2025 15:33:55.524 UTC,1.40505,1.40497,0.00279,0.00116
14.10.2025 15:33:56.382 UTC,1.40505,1.40496,0.00189,0.00116
14.10.2025 15:33:58.658 UTC,1.40511,1.40505,0.0012,0.0012
14.10.2025 15:33:58.710 UTC,1.40522,1.40511,0.00279,0.0012
14.10.2025 15:33:58.763 UTC,1.40517,1.4051,0.0018,0.0012
14.10.2025 15:33:58.866 UTC,1.40522,1.40512,0.00189,0.0018
14.10.2025 15:33:58.970 UTC,1.40518,1.40509,0.0018,0.00225
14.10.2025 15:33:59.073 UTC,1.40519,1.40512,0.00189,0.00116
14.10.2025 15:33:59.479 UTC,1.40518,1.4051,0.00279,0.00116
14.10.2025 15:33:59.682 UTC,1.40516,1.40509,0.00189,0.00116
14.10.2025 15:33:59.785 UTC,1.40518,1.40508,0.00189,0.00116
14.10.2025 15:33:59.837 UTC,1.40516,1.40505,0.00189,0.0012
14.10.2025 15:33:59.888 UTC,1.40511,1.40504,0.0012,0.0033
14.10.2025 15:33:59.992 UTC,1.40511,1.40504,0.0012,0.0027
14.10.2025 15:34:00.247 UTC,1.40511,1.40504,0.0012,0.0018
14.10.2025 15:34:00.599 UTC,1.40512,1.40503,0.0012,0.00135
14.10.2025 15:34:01.104 UTC,1.40516,1.4051,0.0012,0.0012
14.10.2025 15:34:01.156 UTC,1.40519,1.40508,0.00189,0.0012
14.10.2025 15:34:01.259 UTC,1.4052,1.4051,0.00279,0.00177
14.10.2025 15:34:01.362 UTC,1.4052,1.40509,0.00279,0.00177
14.10.2025 15:34:01.464 UTC,1.40519,1.40511,0.00279,0.00116
14.10.2025 15:34:01.567 UTC,1.40516,1.40508,0.00189,0.0012
14.10.2025 15:34:01.670 UTC,1.40516,1.40507,0.00189,0.00116
14.10.2025 15:34:01.874 UTC,1.40517,1.40507,0.00189,0.00177
14.10.2025 15:34:03.086 UTC,1.40516,1.40506,0.00189,0.00116
14.10.2025 15:34:03.188 UTC,1.40515,1.40506,0.00189,0.00116
14.10.2025 15:34:03.594 UTC,1.40515,1.40507,0.00279,0.00116
14.10.2025 15:34:03.646 UTC,1.40514,1.40503,0.00279,0.0018
14.10.2025 15:34:03.749 UTC,1.40513,1.40503,0.00189,0.00116
14.10.2025 15:34:05.363 UTC,1.40512,1.40503,0.00279,0.00116
14.10.2025 15:34:05.415 UTC,1.4051,1.40499,0.00189,0.00135
14.10.2025 15:34:05.518 UTC,1.40511,1.405,0.0012,0.00177
14.10.2025 15:34:05.570 UTC,1.40513,1.40501,0.00279,0.0012
14.10.2025 15:34:05.622 UTC,1.40513,1.40503,0.0012,0.00116
14.10.2025 15:34:05.724 UTC,1.40513,1.40505,0.0012,0.00116
14.10.2025 15:34:05.827 UTC,1.40513,1.40502,0.00279,0.0018
14.10.2025 15:34:05.929 UTC,1.40513,1.40503,0.00279,0.00116
14.10.2025 15:34:07.136 UTC,1.40511,1.40504,0.0012,0.00116
14.10.2025 15:34:07.490 UTC,1.40514,1.40503,0.00279,0.00116
14.10.2025 15:34:07.592 UTC,1.40514,1.40504,0.00279,0.00116
14.10.2025 15:34:09.155 UTC,1.40514,1.40506,0.00279,0.00116
14.10.2025 15:34:09.258 UTC,1.40514,1.40507,0.00279,0.00116
14.10.2025 15:34:09.309 UTC,1.40514,1.40503,0.00189,0.00225
14.10.2025 15:34:09.768 UTC,1.40513,1.40505,0.00189,0.00116
14.10.2025 15:34:12.831 UTC,1.4051,1.40502,0.00189,0.0012
14.10.2025 15:34:12.934 UTC,1.40511,1.40502,0.00279,0.00116
14.10.2025 15:34:12.986 UTC,1.40513,1.40503,0.00369,0.00116
14.10.2025 15:34:13.038 UTC,1.40514,1.40505,0.00279,0.00116
14.10.2025 15:34:14.711 UTC,1.40513,1.40502,0.00189,0.00135
14.10.2025 15:34:14.814 UTC,1.40511,1.40502,0.00189,0.00135
14.10.2025 15:34:14.866 UTC,1.40511,1.40504,0.00189,0.00116
14.10.2025 15:34:16.732 UTC,1.40511,1.40498,0.00189,0.00339
14.10.2025 15:34:16.784 UTC,1.40513,1.40503,0.00279,0.00116
14.10.2025 15:34:16.886 UTC,1.40513,1.40504,0.00279,0.00116
14.10.2025 15:34:18.486 UTC,1.40509,1.405,0.00279,0.00234
14.10.2025 15:34:18.589 UTC,1.40509,1.40501,0.0012,0.00116
14.10.2025 15:34:18.893 UTC,1.40509,1.405,0.00189,0.00116
14.10.2025 15:34:19.096 UTC,1.4051,1.405,0.0012,0.00128
14.10.2025 15:34:19.809 UTC,1.40506,1.40497,0.0012,0.00132
14.10.2025 15:34:19.911 UTC,1.40506,1.40496,0.0012,0.00186
14.10.2025 15:34:20.620 UTC,1.40506,1.40496,0.0012,0.00128
14.10.2025 15:34:20.723 UTC,1.40507,1.40496,0.0012,0.00128
14.10.2025 15:34:20.775 UTC,1.40508,1.40496,0.0012,0.00261
14.10.2025 15:34:20.928 UTC,1.40508,1.405,0.0012,0.00128
14.10.2025 15:34:21.233 UTC,1.40509,1.405,0.0012,0.00128
14.10.2025 15:34:21.336 UTC,1.4051,1.40501,0.0012,0.00128
14.10.2025 15:34:21.693 UTC,1.40509,1.40502,0.0012,0.00128
14.10.2025 15:34:23.806 UTC,1.40509,1.405,0.0012,0.00116
14.10.2025 15:34:23.909 UTC,1.40507,1.40499,0.0012,0.00128
14.10.2025 15:34:24.718 UTC,1.40508,1.40499,0.0012,0.00144
14.10.2025 15:34:28.223 UTC,1.40507,1.405,0.0012,0.00116
14.10.2025 15:34:28.326 UTC,1.40506,1.40495,0.0012,0.00132
14.10.2025 15:34:28.428 UTC,1.40506,1.40497,0.0012,0.00128
14.10.2025 15:34:30.856 UTC,1.40505,1.40497,0.0012,0.00116
14.10.2025 15:34:30.959 UTC,1.40504,1.40493,0.0012,0.00132
14.10.2025 15:34:31.010 UTC,1.40503,1.40497,0.0012,0.00116
14.10.2025 15:34:31.618 UTC,1.40504,1.40493,0.0012,0.00144
14.10.2025 15:34:32.071 UTC,1.40504,1.40498,0.0012,0.00116
14.10.2025 15:34:32.374 UTC,1.40504,1.40496,0.0012,0.00116
14.10.2025 15:34:39.103 UTC,1.40505,1.40497,0.0012,0.00116
14.10.2025 15:34:39.255 UTC,1.40504,1.40497,0.0012,0.00116
14.10.2025 15:34:39.509 UTC,1.40504,1.40498,0.0012,0.00116
14.10.2025 15:34:41.024 UTC,1.40505,1.40496,0.0012,0.00116
14.10.2025 15:34:41.177 UTC,1.40505,1.40497,0.0012,0.00116
14.10.2025 15:34:41.280 UTC,1.40505,1.40495,0.0012,0.00116
14.10.2025 15:34:42.038 UTC,1.40503,1.40496,0.0012,0.00116
14.10.2025 15:34:46.469 UTC,1.40503,1.40493,0.0012,0.00116
14.10.2025 15:34:48.927 UTC,1.40503,1.40494,0.0012,0.00222
14.10.2025 15:34:49.030 UTC,1.40504,1.40493,0.0012,0.00176
14.10.2025 15:34:51.612 UTC,1.40505,1.40494,0.0012,0.00222
14.10.2025 15:34:51.663 UTC,1.40506,1.40499,0.0012,0.0018
14.10.2025 15:34:52.725 UTC,1.40507,1.40496,0.0012,0.00116
14.10.2025 15:34:55.338 UTC,1.40508,1.40496,0.0012,0.00249
14.10.2025 15:34:55.442 UTC,1.40508,1.40498,0.0012,0.00116
14.10.2025 15:34:56.452 UTC,1.40513,1.40501,0.00252,0.0012
14.10.2025 15:34:56.504 UTC,1.40513,1.40505,0.0018,0.0018
14.10.2025 15:34:56.711 UTC,1.40516,1.40506,0.0012,0.00116
14.10.2025 15:35:03.054 UTC,1.40517,1.40506,0.0012,0.00116
14.10.2025 15:35:03.105 UTC,1.40516,1.40509,0.0012,0.00116
14.10.2025 15:35:05.027 UTC,1.40516,1.40507,0.0012,0.00116
14.10.2025 15:35:09.911 UTC,1.40516,1.40506,0.0012,0.00116
14.10.2025 15:35:10.014 UTC,1.40515,1.40506,0.0012,0.00116
14.10.2025 15:35:10.065 UTC,1.40515,1.40504,0.0012,0.00116
14.10.2025 15:35:10.168 UTC,1.40518,1.40508,0.0018,0.0012
14.10.2025 15:35:10.221 UTC,1.40524,1.40512,0.0012,0.00132
14.10.2025 15:35:10.272 UTC,1.40521,1.40513,0.0012,0.0012
14.10.2025 15:35:10.731 UTC,1.40522,1.40514,0.0012,0.00116
14.10.2025 15:35:10.833 UTC,1.40523,1.40514,0.0012,0.00116
14.10.2025 15:35:11.942 UTC,1.40522,1.40514,0.0012,0.00116
14.10.2025 15:35:16.065 UTC,1.40523,1.40513,0.0012,0.00176
14.10.2025 15:35:16.219 UTC,1.40523,1.40513,0.0012,0.00222
14.10.2025 15:35:17.178 UTC,1.40524,1.40516,0.0012,0.00116
14.10.2025 15:35:17.282 UTC,1.40526,1.40515,0.0012,0.00222
14.10.2025 15:35:17.385 UTC,1.40526,1.40517,0.0012,0.00116
14.10.2025 15:35:17.538 UTC,1.40526,1.40516,0.0012,0.00116
14.10.2025 15:35:17.689 UTC,1.40525,1.40516,0.0012,0.00116
14.10.2025 15:35:17.792 UTC,1.40525,1.40513,0.0012,0.00231
14.10.2025 15:35:18.194 UTC,1.40524,1.40514,0.0012,0.00246
14.10.2025 15:35:23.247 UTC,1.40525,1.40513,0.0012,0.00116
14.10.2025 15:35:23.399 UTC,1.40524,1.40514,0.0012,0.00176
14.10.2025 15:35:24.557 UTC,1.40525,1.40513,0.0012,0.00132
14.10.2025 15:35:24.709 UTC,1.40525,1.40513,0.0012,0.00176
14.10.2025 15:35:25.112 UTC,1.40525,1.40513,0.0012,0.00132
14.10.2025 15:35:25.163 UTC,1.40523,1.40513,0.0012,0.00132
14.10.2025 15:35:27.685 UTC,1.40522,1.40513,0.0012,0.00116
14.10.2025 15:35:27.788 UTC,1.40522,1.40511,0.0012,0.00231
14.10.2025 15:35:27.890 UTC,1.40522,1.40512,0.0012,0.00116
14.10.2025 15:35:27.993 UTC,1.40523,1.40512,0.0012,0.00246
14.10.2025 15:35:30.162 UTC,1.40523,1.40512,0.0012,0.00116
14.10.2025 15:35:30.214 UTC,1.4052,1.40513,0.0018,0.00116
14.10.2025 15:35:30.318 UTC,1.40521,1.40512,0.0012,0.00234
14.10.2025 15:35:30.422 UTC,1.40523,1.40512,0.0012,0.00132
14.10.2025 15:35:30.564 UTC,1.40523,1.40515,0.0012,0.00116
14.10.2025 15:35:32.738 UTC,1.40522,1.40514,0.0012,0.00116
14.10.2025 15:35:32.840 UTC,1.40522,1.40513,0.0012,0.00116
14.10.2025 15:35:32.943 UTC,1.40522,1.40512,0.0012,0.00132
14.10.2025 15:35:33.045 UTC,1.40521,1.40514,0.0012,0.00116
14.10.2025 15:35:33.299 UTC,1.40523,1.40514,0.0012,0.00116
14.10.2025 15:35:34.564 UTC,1.40523,1.40513,0.0012,0.00116
14.10.2025 15:35:34.669 UTC,1.40523,1.40512,0.0012,0.00132
14.10.2025 15:35:36.035 UTC,1.40523,1.40513,0.0012,0.00116
14.10.2025 15:35:41.447 UTC,1.40523,1.40512,0.0012,0.00222
14.10.2025 15:35:41.903 UTC,1.40521,1.40512,0.0012,0.00116
14.10.2025 15:35:42.007 UTC,1.40523,1.40512,0.0012,0.00116
14.10.2025 15:35:42.111 UTC,1.40522,1.40512,0.0012,0.00116
14.10.2025 15:35:43.477 UTC,1.40522,1.40512,0.0012,0.00144
14.10.2025 15:35:43.580 UTC,1.40523,1.40513,0.0012,0.00234
14.10.2025 15:35:47.075 UTC,1.40523,1.40515,0.0012,0.00128
14.10.2025 15:35:48.739 UTC,1.40524,1.40514,0.0012,0.00128
14.10.2025 15:35:49.844 UTC,1.40523,1.40515,0.0012,0.00144
14.10.2025 15:35:50.347 UTC,1.40524,1.40514,0.0012,0.00132
14.10.2025 15:35:50.901 UTC,1.40524,1.40515,0.0012,0.00116
14.10.2025 15:35:51.004 UTC,1.40525,1.40515,0.0012,0.00116
14.10.2025 15:35:51.612 UTC,1.40526,1.40515,0.0012,0.00132
14.10.2025 15:35:51.766 UTC,1.40525,1.40517,0.0012,0.00116
14.10.2025 15:35:52.925 UTC,1.40524,1.40517,0.0012,0.00116
14.10.2025 15:35:53.027 UTC,1.40525,1.40515,0.0012,0.00116
14.10.2025 15:35:54.491 UTC,1.40525,1.40514,0.0012,0.00177
14.10.2025 15:35:54.946 UTC,1.40524,1.40514,0.0012,0.00116
14.10.2025 15:35:55.051 UTC,1.40524,1.40513,0.0012,0.00116
14.10.2025 15:35:55.661 UTC,1.40522,1.40514,0.0012,0.00116
14.10.2025 15:35:55.762 UTC,1.40523,1.40512,0.0012,0.00116
14.10.2025 15:35:58.987 UTC,1.40522,1.40512,0.0012,0.00116
14.10.2025 15:36:00.456 UTC,1.40515,1.40501,0.0012,0.0024
14.10.2025 15:36:00.508 UTC,1.40512,1.40499,0.0012,0.0018
14.10.2025 15:36:00.560 UTC,1.40507,1.40498,0.0012,0.00116
14.10.2025 15:36:00.663 UTC,1.40509,1.40498,0.0012,0.0012
14.10.2025 15:36:01.377 UTC,1.40508,1.40498,0.0012,0.00116
14.10.2025 15:36:01.481 UTC,1.40505,1.40492,0.0012,0.00279
14.10.2025 15:36:01.583 UTC,1.40505,1.40493,0.0012,0.00116
14.10.2025 15:36:01.685 UTC,1.40504,1.40493,0.0012,0.00116
14.10.2025 15:36:01.790 UTC,1.40503,1.40492,0.0012,0.00116
14.10.2025 15:36:01.894 UTC,1.40504,1.40494,0.0012,0.00116
14.10.2025 15:36:03.263 UTC,1.40504,1.40493,0.0012,0.0012
14.10.2025 15:36:04.555 UTC,1.40502,1.40494,0.0012,0.00135
14.10.2025 15:36:04.607 UTC,1.40505,1.40494,0.0012,0.0012
14.10.2025 15:36:06.176 UTC,1.40502,1.40495,0.0012,0.00116
14.10.2025 15:36:06.227 UTC,1.40501,1.40493,0.0012,0.00116
14.10.2025 15:36:06.381 UTC,1.405,1.40493,0.0012,0.00116
14.10.2025 15:36:06.738 UTC,1.40502,1.40492,0.0012,0.00116
14.10.2025 15:36:08.657 UTC,1.40502,1.40491,0.0012,0.00222
14.10.2025 15:36:09.011 UTC,1.40502,1.40492,0.0012,0.00116
14.10.2025 15:36:09.517 UTC,1.40502,1.40491,0.0012,0.00222
14.10.2025 15:36:10.576 UTC,1.40501,1.40493,0.0012,0.00135
14.10.2025 15:36:10.678 UTC,1.40502,1.40494,0.0012,0.0012
14.10.2025 15:36:10.884 UTC,1.40502,1.40493,0.0012,0.00116
14.10.2025 15:36:10.987 UTC,1.40501,1.40493,0.0012,0.00116
14.10.2025 15:36:11.169 UTC,1.40501,1.40492,0.0012,0.00132
14.10.2025 15:36:12.282 UTC,1.40503,1.40491,0.0012,0.00222
14.10.2025 15:36:12.435 UTC,1.40501,1.40491,0.0012,0.00116
14.10.2025 15:36:12.538 UTC,1.40502,1.40491,0.0012,0.00116
14.10.2025 15:36:13.096 UTC,1.405,1.4049,0.0012,0.00116
14.10.2025 15:36:13.249 UTC,1.405,1.40489,0.0012,0.00177
14.10.2025 15:36:14.563 UTC,1.40499,1.40489,0.0012,0.00116
14.10.2025 15:36:15.175 UTC,1.40501,1.40489,0.0012,0.00249
14.10.2025 15:36:15.279 UTC,1.40504,1.40492,0.0012,0.00249
14.10.2025 15:36:15.381 UTC,1.40504,1.40494,0.0012,0.00116
14.10.2025 15:36:16.743 UTC,1.40504,1.40493,0.0012,0.00116
14.10.2025 15:36:17.856 UTC,1.40504,1.40494,0.0012,0.00116
14.10.2025 15:36:17.960 UTC,1.40504,1.40496,0.0012,0.00116
14.10.2025 15:36:23.931 UTC,1.40504,1.40494,0.0012,0.00116
14.10.2025 15:36:24.033 UTC,1.40503,1.40493,0.0012,0.00222
14.10.2025 15:36:24.638 UTC,1.40504,1.40492,0.0012,0.00246
14.10.2025 15:36:24.741 UTC,1.40505,1.40493,0.0012,0.00312
14.10.2025 15:36:24.844 UTC,1.40504,1.40495,0.0012,0.00116
14.10.2025 15:36:28.264 UTC,1.40503,1.40495,0.0012,0.00116
14.10.2025 15:36:28.367 UTC,1.40504,1.40492,0.0012,0.00132
14.10.2025 15:36:28.774 UTC,1.40505,1.40493,0.0012,0.00135
14.10.2025 15:36:28.877 UTC,1.40504,1.40494,0.0012,0.00237
14.10.2025 15:36:29.029 UTC,1.40505,1.40493,0.0012,0.00222
14.10.2025 15:36:29.784 UTC,1.40505,1.40493,0.0012,0.00237
14.10.2025 15:36:30.593 UTC,1.40504,1.40494,0.0012,0.00132
14.10.2025 15:36:30.746 UTC,1.40504,1.40493,0.00135,0.00312
14.10.2025 15:36:30.848 UTC,1.40504,1.40492,0.0012,0.00222
14.10.2025 15:36:31.204 UTC,1.40502,1.40492,0.0012,0.00116
14.10.2025 15:36:31.256 UTC,1.40502,1.4049,0.0012,0.00132
14.10.2025 15:36:31.308 UTC,1.405,1.4049,0.0012,0.00116
14.10.2025 15:36:31.412 UTC,1.405,1.40489,0.0012,0.00132
14.10.2025 15:36:32.170 UTC,1.40499,1.40489,0.00189,0.00116
14.10.2025 15:36:32.375 UTC,1.40502,1.40491,0.00189,0.0018
14.10.2025 15:36:32.478 UTC,1.40503,1.40491,0.00279,0.00177
14.10.2025 15:36:32.583 UTC,1.40504,1.40492,0.00279,0.00225
14.10.2025 15:36:32.686 UTC,1.40504,1.40493,0.00279,0.00116
14.10.2025 15:36:34.651 UTC,1.40503,1.40495,0.0012,0.00116
14.10.2025 15:36:34.904 UTC,1.40504,1.40495,0.0012,0.00116
14.10.2025 15:36:36.701 UTC,1.40503,1.40491,0.00279,0.00135
14.10.2025 15:36:36.904 UTC,1.405,1.40493,0.00189,0.00116
14.10.2025 15:36:39.784 UTC,1.40502,1.40492,0.00279,0.00116
14.10.2025 15:36:39.886 UTC,1.40501,1.40492,0.00189,0.00116
14.10.2025 15:36:40.903 UTC,1.40502,1.40492,0.00279,0.00177
14.10.2025 15:36:43.517 UTC,1.40501,1.40493,0.00282,0.00116
14.10.2025 15:36:43.874 UTC,1.40502,1.40492,0.00132,0.00116
14.10.2025 15:36:49.862 UTC,1.40503,1.40492,0.0012,0.00132
14.10.2025 15:37:00.359 UTC,1.40503,1.40491,0.0012,0.00132
14.10.2025 15:37:00.602 UTC,1.40503,1.40491,0.0012,0.00176
14.10.2025 15:37:00.705 UTC,1.40503,1.40491,0.0012,0.00132
14.10.2025 15:37:03.171 UTC,1.40503,1.4049,0.0012,0.00312
14.10.2025 15:37:03.473 UTC,1.40503,1.40491,0.0012,0.00116
14.10.2025 15:37:03.624 UTC,1.40503,1.4049,0.0012,0.00312
14.10.2025 15:37:04.731 UTC,1.40503,1.40491,0.0012,0.0012
14.10.2025 15:37:04.834 UTC,1.40503,1.40492,0.0012,0.00135
14.10.2025 15:37:04.886 UTC,1.40505,1.40492,0.0012,0.00144
14.10.2025 15:37:04.988 UTC,1.40504,1.40494,0.0012,0.00222
14.10.2025 15:37:08.759 UTC,1.40505,1.40493,0.0012,0.00237
14.10.2025 15:37:09.264 UTC,1.40504,1.40494,0.0012,0.00222
14.10.2025 15:37:09.366 UTC,1.40504,1.40493,0.0012,0.00116
14.10.2025 15:37:09.494 UTC,1.40504,1.40491,0.0012,0.00237
14.10.2025 15:37:10.252 UTC,1.40509,1.40502,0.0018,0.0012
14.10.2025 15:37:10.304 UTC,1.40514,1.40502,0.0012,0.0012
14.10.2025 15:37:10.356 UTC,1.4051,1.40499,0.0012,0.0036
14.10.2025 15:37:10.460 UTC,1.40511,1.40501,0.0012,0.0012
14.10.2025 15:37:11.070 UTC,1.4051,1.40501,0.0012,0.00116
14.10.2025 15:37:11.274 UTC,1.40512,1.40502,0.00132,0.00132
14.10.2025 15:37:11.326 UTC,1.40513,1.40504,0.0012,0.0012
14.10.2025 15:37:11.428 UTC,1.40514,1.40504,0.0012,0.00116
14.10.2025 15:37:13.445 UTC,1.40514,1.40503,0.0012,0.00267
14.10.2025 15:37:13.851 UTC,1.40512,1.40503,0.0012,0.00116
14.10.2025 15:37:13.955 UTC,1.4051,1.40501,0.0012,0.00222
14.10.2025 15:37:14.057 UTC,1.4051,1.40502,0.0012,0.00116
14.10.2025 15:37:16.027 UTC,1.4051,1.40502,0.0012,0.00128
14.10.2025 15:37:16.534 UTC,1.40511,1.40501,0.0012,0.00144
14.10.2025 15:37:16.586 UTC,1.40513,1.40501,0.0012,0.00188
14.10.2025 15:37:16.893 UTC,1.40514,1.40503,0.0012,0.00237
14.10.2025 15:37:16.995 UTC,1.40515,1.40504,0.0012,0.00128
14.10.2025 15:37:17.855 UTC,1.40516,1.40506,0.0012,0.00189
14.10.2025 15:37:17.916 UTC,1.40518,1.40507,0.0012,0.00132
14.10.2025 15:37:18.018 UTC,1.40517,1.40508,0.0012,0.00189
14.10.2025 15:37:19.681 UTC,1.40518,1.40508,0.0012,0.00279
14.10.2025 15:37:19.733 UTC,1.40521,1.40511,0.0012,0.00128
14.10.2025 15:37:19.836 UTC,1.40522,1.40512,0.0012,0.00128
14.10.2025 15:37:19.941 UTC,1.40526,1.40513,0.0012,0.00192
14.10.2025 15:37:20.501 UTC,1.40525,1.40515,0.0012,0.00147
14.10.2025 15:37:21.517 UTC,1.40525,1.40517,0.0012,0.00372
14.10.2025 15:37:21.619 UTC,1.40527,1.40517,0.0012,0.00128
14.10.2025 15:37:23.038 UTC,1.4053,1.40521,0.00135,0.00192
14.10.2025 15:37:23.090 UTC,1.40533,1.40521,0.0012,0.0018
14.10.2025 15:37:23.194 UTC,1.40532,1.40521,0.0012,0.00177
14.10.2025 15:37:23.399 UTC,1.40531,1.40521,0.0012,0.00116
14.10.2025 15:37:23.502 UTC,1.40528,1.40522,0.0012,0.00116
14.10.2025 15:37:23.554 UTC,1.40525,1.40518,0.0012,0.00116
14.10.2025 15:37:23.658 UTC,1.40524,1.40514,0.0012,0.00177
14.10.2025 15:37:23.812 UTC,1.40524,1.40513,0.0012,0.00267
14.10.2025 15:37:24.418 UTC,1.40524,1.40514,0.0012,0.0012
14.10.2025 15:37:24.522 UTC,1.40527,1.40517,0.0012,0.0012
14.10.2025 15:37:24.625 UTC,1.40526,1.40516,0.0012,0.00116
14.10.2025 15:37:24.980 UTC,1.40525,1.40516,0.0012,0.00116
14.10.2025 15:37:25.083 UTC,1.40525,1.40515,0.0012,0.00177
14.10.2025 15:37:25.185 UTC,1.40524,1.40515,0.0012,0.00177
14.10.2025 15:37:25.340 UTC,1.40524,1.40514,0.0012,0.00116
14.10.2025 15:37:25.446 UTC,1.40522,1.40513,0.00189,0.0012
14.10.2025 15:37:25.606 UTC,1.40522,1.40512,0.00189,0.00267
14.10.2025 15:37:26.010 UTC,1.40523,1.40514,0.00279,0.0012
14.10.2025 15:37:26.316 UTC,1.40524,1.40514,0.00279,0.00177
14.10.2025 15:37:26.672 UTC,1.40523,1.40514,0.00189,0.00116
14.10.2025 15:37:27.130 UTC,1.40522,1.40512,0.00189,0.00135
14.10.2025 15:37:27.233 UTC,1.40521,1.40512,0.00189,0.00116
14.10.2025 15:37:27.336 UTC,1.40521,1.40511,0.00189,0.00177
14.10.2025 15:37:28.147 UTC,1.40519,1.40512,0.00189,0.00116
14.10.2025 15:37:28.249 UTC,1.40521,1.40511,0.00189,0.00238
14.10.2025 15:37:28.351 UTC,1.4052,1.40511,0.0012,0.00148
14.10.2025 15:37:28.403 UTC,1.40522,1.40513,0.00279,0.00259
14.10.2025 15:37:28.506 UTC,1.40524,1.40513,0.00279,0.00202
14.10.2025 15:37:28.608 UTC,1.40525,1.40514,0.00279,0.00198
14.10.2025 15:37:29.369 UTC,1.40525,1.40514,0.00132,0.00148
14.10.2025 15:37:29.571 UTC,1.40523,1.40515,0.0012,0.00148
14.10.2025 15:37:30.629 UTC,1.40523,1.40513,0.00132,0.00148
14.10.2025 15:37:30.681 UTC,1.40517,1.40509,0.00192,0.00135
14.10.2025 15:37:30.784 UTC,1.40522,1.40511,0.00132,0.00262
14.10.2025 15:37:30.887 UTC,1.40525,1.40515,0.0012,0.00198
14.10.2025 15:37:33.493 UTC,1.40525,1.40517,0.0012,0.0012
14.10.2025 15:37:33.698 UTC,1.40527,1.40517,0.0018,0.0012
14.10.2025 15:37:35.869 UTC,1.40526,1.40517,0.0018,0.00177
14.10.2025 15:37:36.576 UTC,1.40526,1.40516,0.0012,0.00177
14.10.2025 15:37:37.336 UTC,1.40526,1.40517,0.0012,0.0012
14.10.2025 15:37:37.438 UTC,1.40526,1.40516,0.0012,0.00177
14.10.2025 15:37:37.742 UTC,1.40526,1.40517,0.0012,0.0012
14.10.2025 15:37:38.146 UTC,1.40525,1.40517,0.0012,0.00116
14.10.2025 15:37:40.010 UTC,1.40525,1.40516,0.0012,0.00116
14.10.2025 15:37:40.112 UTC,1.40525,1.40514,0.0012,0.00128
14.10.2025 15:37:40.404 UTC,1.40525,1.40516,0.0012,0.00116
14.10.2025 15:37:44.282 UTC,1.4053,1.40522,0.00135,0.00192
14.10.2025 15:37:44.335 UTC,1.40537,1.40526,0.0063,0.00132
14.10.2025 15:37:44.386 UTC,1.40537,1.40523,0.0018,0.00156
14.10.2025 15:37:44.438 UTC,1.40534,1.40523,0.0012,0.00144
14.10.2025 15:37:44.541 UTC,1.40535,1.40524,0.0012,0.00156
14.10.2025 15:37:44.643 UTC,1.40534,1.40525,0.0012,0.00156
14.10.2025 15:37:45.858 UTC,1.40535,1.40525,0.0012,0.0012
14.10.2025 15:37:46.012 UTC,1.40535,1.40524,0.0012,0.00108
14.10.2025 15:37:46.972 UTC,1.40534,1.40524,0.0012,0.00231
14.10.2025 15:37:47.932 UTC,1.40533,1.40524,0.0012,0.00132
14.10.2025 15:37:48.841 UTC,1.40538,1.40528,0.00195,0.0012
14.10.2025 15:37:48.893 UTC,1.40544,1.40533,0.0012,0.00132
14.10.2025 15:37:48.996 UTC,1.40543,1.40532,0.0012,0.00116
14.10.2025 15:37:49.098 UTC,1.40543,1.40531,0.0012,0.00186
14.10.2025 15:37:49.252 UTC,1.40543,1.40532,0.0012,0.00177
14.10.2025 15:37:49.406 UTC,1.40542,1.40532,0.0012,0.00177
14.10.2025 15:37:49.508 UTC,1.40541,1.40531,0.0012,0.00116
14.10.2025 15:37:49.955 UTC,1.40542,1.40531,0.0012,0.00132
14.10.2025 15:37:51.171 UTC,1.40541,1.40531,0.00132,0.00116
14.10.2025 15:37:51.224 UTC,1.40537,1.40528,0.0012,0.00135
14.10.2025 15:37:51.327 UTC,1.40537,1.40528,0.0012,0.00116
14.10.2025 15:37:51.429 UTC,1.40537,1.40527,0.0012,0.00116
14.10.2025 15:37:51.786 UTC,1.40537,1.40529,0.0012,0.00116
14.10.2025 15:37:57.537 UTC,1.40539,1.40528,0.0012,0.00231
14.10.2025 15:37:57.589 UTC,1.4054,1.40529,0.0012,0.00237
14.10.2025 15:37:57.691 UTC,1.40541,1.40531,0.0012,0.00231
14.10.2025 15:37:57.895 UTC,1.4054,1.40533,0.0012,0.0012
14.10.2025 15:37:58.047 UTC,1.40542,1.40531,0.0012,0.00222
14.10.2025 15:37:58.507 UTC,1.40542,1.40533,0.0012,0.00132
14.10.2025 15:37:58.610 UTC,1.40543,1.40535,0.0012,0.00116
14.10.2025 15:37:58.916 UTC,1.40543,1.40534,0.0012,0.00116
14.10.2025 15:37:59.061 UTC,1.40543,1.40532,0.0012,0.00177
14.10.2025 15:37:59.469 UTC,1.40542,1.40532,0.0012,0.00116
14.10.2025 15:37:59.521 UTC,1.40539,1.40529,0.0012,0.0012
14.10.2025 15:37:59.626 UTC,1.40538,1.40528,0.0012,0.00116
14.10.2025 15:37:59.785 UTC,1.40538,1.40527,0.0012,0.00116
14.10.2025 15:38:00.847 UTC,1.40541,1.40528,0.0012,0.00231
14.10.2025 15:38:00.899 UTC,1.40539,1.40528,0.0012,0.00116
14.10.2025 15:38:01.002 UTC,1.40538,1.40528,0.0012,0.00116
14.10.2025 15:38:01.459 UTC,1.40539,1.40529,0.0012,0.00116
14.10.2025 15:38:01.563 UTC,1.40539,1.4053,0.0012,0.00132
14.10.2025 15:38:01.665 UTC,1.4054,1.4053,0.0012,0.00116
14.10.2025 15:38:05.097 UTC,1.40541,1.40531,0.0012,0.0012
14.10.2025 15:38:05.199 UTC,1.40541,1.40532,0.0012,0.00116
14.10.2025 15:38:06.214 UTC,1.4054,1.40529,0.0027,0.00116
14.10.2025 15:38:06.266 UTC,1.40537,1.40529,0.0012,0.00116
14.10.2025 15:38:06.318 UTC,1.40532,1.40522,0.0012,0.00135
14.10.2025 15:38:06.460 UTC,1.40532,1.40521,0.0012,0.00116
14.10.2025 15:38:06.922 UTC,1.40532,1.40522,0.0012,0.00116
14.10.2025 15:38:07.585 UTC,1.40531,1.40524,0.0012,0.0012
14.10.2025 15:38:07.687 UTC,1.40532,1.40522,0.0012,0.00177
14.10.2025 15:38:09.356 UTC,1.40531,1.40522,0.0012,0.00116
14.10.2025 15:38:09.458 UTC,1.40531,1.40521,0.0012,0.00116
14.10.2025 15:38:10.167 UTC,1.40537,1.40532,0.0012,0.00234
14.10.2025 15:38:10.220 UTC,1.40543,1.40531,0.0012,0.00294
14.10.2025 15:38:10.272 UTC,1.40544,1.40533,0.0012,0.00144
14.10.2025 15:38:10.323 UTC,1.40542,1.40535,0.0012,0.00116
14.10.2025 15:38:10.426 UTC,1.40543,1.40533,0.0012,0.00116
14.10.2025 15:38:10.939 UTC,1.40544,1.40534,0.0012,0.00128
14.10.2025 15:38:11.043 UTC,1.40544,1.40536,0.0012,0.00116
14.10.2025 15:38:12.562 UTC,1.40543,1.40535,0.0012,0.00116
14.10.2025 15:38:12.664 UTC,1.40543,1.40532,0.00135,0.00116
14.10.2025 15:38:13.322 UTC,1.40543,1.40532,0.0018,0.00116
14.10.2025 15:38:13.474 UTC,1.40543,1.40532,0.0012,0.00116
14.10.2025 15:38:13.677 UTC,1.40541,1.40532,0.0012,0.00116
14.10.2025 15:38:13.779 UTC,1.4054,1.40532,0.0012,0.00116
14.10.2025 15:38:13.831 UTC,1.40539,1.40531,0.0012,0.00116
14.10.2025 15:38:14.174 UTC,1.40539,1.4053,0.0012,0.00116
14.10.2025 15:38:14.277 UTC,1.40539,1.40529,0.0012,0.00116
14.10.2025 15:38:14.380 UTC,1.40537,1.40529,0.0012,0.00116
14.10.2025 15:38:14.483 UTC,1.40536,1.40528,0.0012,0.00116
14.10.2025 15:38:16.463 UTC,1.40536,1.40527,0.0012,0.00116
14.10.2025 15:38:16.566 UTC,1.40534,1.40527,0.0012,0.0012
14.10.2025 15:38:16.719 UTC,1.40534,1.40526,0.0012,0.0012
14.10.2025 15:38:17.883 UTC,1.40532,1.40527,0.0012,0.0012
14.10.2025 15:38:23.620 UTC,1.40534,1.40526,0.0012,0.0012
14.10.2025 15:38:29.510 UTC,1.40534,1.40523,0.0012,0.00222
14.10.2025 15:38:33.212 UTC,1.40531,1.4052,0.00132,0.00414
14.10.2025 15:38:33.267 UTC,1.40532,1.40523,0.0012,0.00116
14.10.2025 15:38:33.320 UTC,1.40531,1.40522,0.0012,0.00116
14.10.2025 15:38:34.285 UTC,1.40533,1.40523,0.0012,0.00246
14.10.2025 15:38:34.387 UTC,1.40535,1.40523,0.0012,0.00147
14.10.2025 15:38:34.491 UTC,1.40536,1.40525,0.0012,0.00116
14.10.2025 15:38:34.594 UTC,1.40538,1.40527,0.0012,0.00177
14.10.2025 15:38:34.697 UTC,1.40537,1.40531,0.0012,0.00116
14.10.2025 15:38:34.800 UTC,1.4054,1.40529,0.0012,0.00116
14.10.2025 15:38:35.565 UTC,1.4054,1.40529,0.0012,0.00176
14.10.2025 15:38:35.668 UTC,1.40541,1.40529,0.0012,0.00237
14.10.2025 15:38:35.720 UTC,1.40543,1.40533,0.0012,0.00132
14.10.2025 15:38:35.772 UTC,1.40545,1.40534,0.0027,0.00135
14.10.2025 15:38:35.876 UTC,1.40544,1.40534,0.0012,0.00116
14.10.2025 15:38:35.979 UTC,1.40543,1.40532,0.0012,0.00116
14.10.2025 15:38:36.285 UTC,1.40545,1.40533,0.0012,0.0018
14.10.2025 15:38:36.693 UTC,1.40546,1.40535,0.0012,0.00128
14.10.2025 15:38:36.897 UTC,1.40546,1.40536,0.0012,0.00116
14.10.2025 15:38:37.055 UTC,1.40544,1.40535,0.0012,0.00132
14.10.2025 15:38:37.416 UTC,1.40544,1.40534,0.0012,0.00116
14.10.2025 15:38:37.521 UTC,1.40544,1.40533,0.0012,0.00116
14.10.2025 15:38:37.726 UTC,1.40544,1.40534,0.0012,0.00116
14.10.2025 15:38:38.442 UTC,1.40544,1.40533,0.0012,0.00222
14.10.2025 15:38:38.898 UTC,1.40544,1.40534,0.0012,0.00116
14.10.2025 15:38:39.253 UTC,1.40546,1.40534,0.0012,0.00188
14.10.2025 15:38:39.356 UTC,1.40546,1.40534,0.0012,0.00231
14.10.2025 15:38:39.459 UTC,1.40545,1.40536,0.0012,0.00132
14.10.2025 15:38:43.139 UTC,1.40547,1.40536,0.0012,0.00135
14.10.2025 15:38:43.243 UTC,1.40549,1.40537,0.0012,0.00249
14.10.2025 15:38:43.347 UTC,1.40548,1.40536,0.0012,0.00132
14.10.2025 15:38:44.563 UTC,1.40545,1.40537,0.0012,0.00116
14.10.2025 15:38:44.666 UTC,1.40545,1.40536,0.0012,0.00116
14.10.2025 15:38:45.021 UTC,1.40545,1.40535,0.0012,0.00116
14.10.2025 15:38:45.277 UTC,1.40543,1.40534,0.0012,0.00116
14.10.2025 15:38:55.058 UTC,1.4054,1.40534,0.0012,0.00116
14.10.2025 15:38:55.110 UTC,1.40541,1.40529,0.0012,0.00116
14.10.2025 15:38:55.162 UTC,1.40543,1.40532,0.0012,0.00135
14.10.2025 15:38:55.214 UTC,1.40545,1.40533,0.0012,0.00222
14.10.2025 15:38:55.649 UTC,1.40545,1.40533,0.0012,0.00237
14.10.2025 15:38:56.154 UTC,1.40545,1.40533,0.0012,0.00222
14.10.2025 15:38:58.269 UTC,1.40542,1.40534,0.0012,0.00116
14.10.2025 15:38:58.372 UTC,1.40543,1.40532,0.0012,0.00116
14.10.2025 15:38:58.475 UTC,1.40543,1.40533,0.0012,0.00276
14.10.2025 15:38:58.578 UTC,1.40544,1.40534,0.0012,0.00116
14.10.2025 15:39:00.753 UTC,1.40545,1.40534,0.0012,0.00188
14.10.2025 15:39:01.318 UTC,1.40544,1.40535,0.0012,0.00116
14.10.2025 15:39:02.222 UTC,1.40544,1.40535,0.0012,0.00176
14.10.2025 15:39:02.579 UTC,1.40545,1.40534,0.0012,0.00116
14.10.2025 15:39:02.685 UTC,1.40544,1.40534,0.0012,0.00116
14.10.2025 15:39:04.006 UTC,1.40544,1.40533,0.0012,0.00116
14.10.2025 15:39:04.109 UTC,1.40542,1.40534,0.0012,0.00116
14.10.2025 15:39:04.212 UTC,1.40543,1.40532,0.0012,0.00116
14.10.2025 15:39:04.314 UTC,1.40543,1.40533,0.0012,0.00128
14.10.2025 15:39:05.128 UTC,1.40542,1.40533,0.0012,0.00116
14.10.2025 15:39:05.536 UTC,1.40544,1.40532,0.0012,0.00222
14.10.2025 15:39:05.638 UTC,1.40543,1.40534,0.0012,0.00116
14.10.2025 15:39:06.747 UTC,1.40544,1.40534,0.0012,0.00116
14.10.2025 15:39:07.709 UTC,1.40544,1.40533,0.0012,0.00116
14.10.2025 15:39:15.060 UTC,1.40541,1.40533,0.0012,0.00116
14.10.2025 15:39:15.112 UTC,1.40541,1.40531,0.0012,0.0012
14.10.2025 15:39:15.618 UTC,1.40541,1.40529,0.0012,0.00116
14.10.2025 15:39:17.086 UTC,1.40541,1.40529,0.0012,0.00336
14.10.2025 15:39:17.189 UTC,1.40542,1.4053,0.0012,0.00237
14.10.2025 15:39:17.469 UTC,1.40542,1.40531,0.0012,0.0018
14.10.2025 15:39:17.672 UTC,1.40542,1.40531,0.0012,0.00135
14.10.2025 15:39:18.078 UTC,1.40542,1.4053,0.0012,0.00222
14.10.2025 15:39:18.585 UTC,1.40542,1.4053,0.0012,0.00176
14.10.2025 15:39:18.737 UTC,1.40541,1.40531,0.0012,0.00132
14.10.2025 15:39:19.242 UTC,1.40541,1.40529,0.0012,0.00222
14.10.2025 15:39:19.495 UTC,1.40541,1.40529,0.0012,0.00237
14.10.2025 15:39:19.799 UTC,1.40541,1.40529,0.0012,0.00222
14.10.2025 15:39:19.952 UTC,1.40541,1.40529,0.0012,0.00237
14.10.2025 15:39:20.055 UTC,1.4054,1.40528,0.0012,0.00177
14.10.2025 15:39:20.107 UTC,1.40537,1.40528,0.00132,0.00116
14.10.2025 15:39:20.210 UTC,1.40534,1.40527,0.0012,0.0012
14.10.2025 15:39:20.466 UTC,1.40536,1.40526,0.0012,0.00324
14.10.2025 15:39:20.519 UTC,1.40537,1.40527,0.0012,0.00279
14.10.2025 15:39:20.572 UTC,1.40537,1.40528,0.0012,0.00116
14.10.2025 15:39:20.676 UTC,1.40536,1.40528,0.0012,0.00116
14.10.2025 15:39:20.729 UTC,1.40535,1.40527,0.0012,0.00177
14.10.2025 15:39:21.143 UTC,1.40535,1.40526,0.0012,0.00177
14.10.2025 15:39:21.853 UTC,1.40534,1.40526,0.0012,0.0012
14.10.2025 15:39:22.210 UTC,1.40534,1.40527,0.0012,0.0012
14.10.2025 15:39:24.992 UTC,1.40533,1.40527,0.0012,0.0012
14.10.2025 15:39:25.044 UTC,1.40535,1.40527,0.0012,0.0012
14.10.2025 15:39:25.200 UTC,1.40534,1.40526,0.0012,0.0012
14.10.2025 15:39:25.355 UTC,1.40533,1.40526,0.0012,0.0012
14.10.2025 15:39:25.459 UTC,1.40535,1.40526,0.0012,0.0012
14.10.2025 15:39:25.715 UTC,1.40534,1.40526,0.0012,0.0012
14.10.2025 15:39:25.819 UTC,1.40533,1.40526,0.0012,0.0012
14.10.2025 15:39:25.923 UTC,1.40535,1.40526,0.0012,0.0012
14.10.2025 15:39:26.128 UTC,1.40534,1.40526,0.0012,0.0012
14.10.2025 15:39:29.619 UTC,1.40534,1.40523,0.0012,0.00132
14.10.2025 15:39:29.976 UTC,1.40533,1.40523,0.0012,0.00116
14.10.2025 15:39:30.079 UTC,1.40534,1.40523,0.0012,0.00204
14.10.2025 15:39:30.132 UTC,1.40537,1.40526,0.0012,0.00116
14.10.2025 15:39:30.184 UTC,1.40534,1.40527,0.0012,0.00116
14.10.2025 15:39:30.287 UTC,1.40535,1.40525,0.0012,0.00116
14.10.2025 15:39:30.391 UTC,1.40534,1.40523,0.0012,0.00116
14.10.2025 15:39:30.494 UTC,1.40532,1.40521,0.0012,0.00135
14.10.2025 15:39:30.650 UTC,1.40533,1.40523,0.0012,0.00132
14.10.2025 15:39:30.752 UTC,1.40534,1.40524,0.0012,0.00116
14.10.2025 15:39:31.262 UTC,1.40534,1.40523,0.0012,0.00116
14.10.2025 15:39:31.366 UTC,1.40535,1.40524,0.0012,0.00116
14.10.2025 15:39:31.775 UTC,1.40533,1.40524,0.0012,0.00116
14.10.2025 15:39:31.878 UTC,1.40533,1.40522,0.0012,0.00116
14.10.2025 15:39:33.893 UTC,1.40531,1.40522,0.0012,0.00132
14.10.2025 15:39:34.048 UTC,1.40532,1.40522,0.0012,0.00116
14.10.2025 15:39:34.152 UTC,1.40535,1.40524,0.0012,0.00116
14.10.2025 15:39:36.074 UTC,1.40535,1.40523,0.0012,0.00312
14.10.2025 15:39:36.733 UTC,1.40534,1.40523,0.0012,0.00132
14.10.2025 15:39:36.836 UTC,1.40534,1.40522,0.0012,0.00222
14.10.2025 15:39:37.094 UTC,1.40531,1.40523,0.0012,0.00116
14.10.2025 15:39:37.197 UTC,1.40532,1.4052,0.0012,0.00116
14.10.2025 15:39:37.300 UTC,1.40531,1.40523,0.0012,0.00116
14.10.2025 15:39:37.351 UTC,1.40533,1.40523,0.0012,0.00177
14.10.2025 15:39:37.709 UTC,1.40534,1.40523,0.0012,0.00116
14.10.2025 15:39:37.811 UTC,1.40534,1.40522,0.0012,0.00132
14.10.2025 15:39:39.116 UTC,1.40534,1.40523,0.0018,0.0018
14.10.2025 15:39:39.219 UTC,1.40535,1.40525,0.0018,0.00116
14.10.2025 15:39:39.473 UTC,1.40535,1.40523,0.0018,0.00132
14.10.2025 15:39:39.576 UTC,1.40535,1.40523,0.0018,0.00237
14.10.2025 15:39:39.880 UTC,1.40535,1.40523,0.0012,0.00222
14.10.2025 15:39:40.235 UTC,1.40536,1.40525,0.0012,0.00128
14.10.2025 15:39:40.339 UTC,1.40537,1.40528,0.0012,0.00116
14.10.2025 15:39:40.492 UTC,1.40537,1.40527,0.0012,0.00116
14.10.2025 15:39:40.949 UTC,1.40539,1.4053,0.0012,0.0012
14.10.2025 15:39:41.002 UTC,1.4054,1.40531,0.0012,0.0012
14.10.2025 15:39:41.155 UTC,1.4054,1.40532,0.0012,0.0012
14.10.2025 15:39:41.258 UTC,1.40542,1.40531,0.0012,0.0012
14.10.2025 15:39:41.412 UTC,1.40541,1.40533,0.0012,0.0012
14.10.2025 15:39:42.117 UTC,1.40541,1.40532,0.0012,0.0012
14.10.2025 15:39:43.277 UTC,1.40543,1.40531,0.0012,0.00144
14.10.2025 15:39:43.380 UTC,1.40542,1.40531,0.0012,0.0024
14.10.2025 15:39:47.079 UTC,1.40542,1.40531,0.0012,0.0012
14.10.2025 15:39:47.183 UTC,1.40539,1.40531,0.0018,0.00116
14.10.2025 15:39:47.286 UTC,1.40535,1.40525,0.0012,0.0012
14.10.2025 15:39:47.338 UTC,1.40536,1.40526,0.0012,0.00116
14.10.2025 15:39:47.696 UTC,1.40534,1.40525,0.0012,0.00116
14.10.2025 15:39:47.748 UTC,1.40533,1.40524,0.0012,0.00116
14.10.2025 15:39:47.850 UTC,1.40533,1.40522,0.0012,0.00116
14.10.2025 15:39:48.616 UTC,1.40533,1.40523,0.0012,0.00195
14.10.2025 15:39:48.718 UTC,1.40534,1.40523,0.0012,0.0012
14.10.2025 15:39:48.820 UTC,1.40533,1.40525,0.0012,0.00116
14.10.2025 15:39:49.176 UTC,1.40535,1.40524,0.0012,0.00177
14.10.2025 15:39:49.279 UTC,1.40535,1.40527,0.0012,0.00177
14.10.2025 15:39:49.721 UTC,1.40536,1.40529,0.0012,0.0012
14.10.2025 15:39:49.773 UTC,1.40538,1.40529,0.0012,0.00132
14.10.2025 15:39:49.825 UTC,1.40539,1.4053,0.0012,0.0012
14.10.2025 15:39:49.930 UTC,1.40541,1.4053,0.0012,0.0012
14.10.2025 15:39:50.192 UTC,1.4054,1.40529,0.0018,0.00116
14.10.2025 15:39:50.294 UTC,1.4054,1.40528,0.0012,0.00116
14.10.2025 15:39:50.397 UTC,1.40539,1.40528,0.0012,0.00116
14.10.2025 15:39:51.508 UTC,1.40539,1.40529,0.0012,0.00116
14.10.2025 15:39:51.610 UTC,1.40539,1.40528,0.0012,0.00177
14.10.2025 15:39:53.528 UTC,1.40537,1.40528,0.0012,0.00116
14.10.2025 15:39:53.631 UTC,1.40536,1.40526,0.0012,0.00116
14.10.2025 15:39:54.742 UTC,1.40535,1.40526,0.0012,0.00116
14.10.2025 15:39:54.844 UTC,1.40534,1.40524,0.0012,0.00116
14.10.2025 15:39:55.887 UTC,1.40536,1.40524,0.0012,0.00105
14.10.2025 15:39:55.991 UTC,1.40537,1.40524,0.0012,0.0024
14.10.2025 15:39:56.042 UTC,1.40537,1.40526,0.0012,0.00116
14.10.2025 15:39:56.298 UTC,1.40537,1.40528,0.0012,0.00186
14.10.2025 15:39:56.401 UTC,1.40538,1.40529,0.0012,0.00116
14.10.2025 15:39:56.554 UTC,1.40539,1.40529,0.0012,0.00116
14.10.2025 15:39:57.567 UTC,1.40538,1.40529,0.0012,0.00177
14.10.2025 15:39:57.719 UTC,1.40539,1.40529,0.0012,0.00116
14.10.2025 15:40:00.451 UTC,1.4054,1.40529,0.0012,0.00105
14.10.2025 15:40:00.554 UTC,1.40542,1.40531,0.0012,0.00132
14.10.2025 15:40:00.657 UTC,1.40541,1.40533,0.0018,0.00116
14.10.2025 15:40:00.760 UTC,1.40541,1.40532,0.0018,0.00222
14.10.2025 15:40:00.863 UTC,1.40541,1.40532,0.0018,0.00237
14.10.2025 15:40:00.965 UTC,1.40541,1.40532,0.0018,0.00222
14.10.2025 15:40:01.119 UTC,1.4054,1.40532,0.0012,0.00116
14.10.2025 15:40:01.729 UTC,1.40539,1.40532,0.0012,0.00116
14.10.2025 15:40:01.875 UTC,1.40538,1.40531,0.0012,0.00116
14.10.2025 15:40:01.978 UTC,1.4054,1.40529,0.0012,0.00116
14.10.2025 15:40:05.403 UTC,1.4054,1.4053,0.0012,0.00222
14.10.2025 15:40:05.505 UTC,1.40541,1.4053,0.0012,0.00116
14.10.2025 15:40:05.810 UTC,1.4054,1.4053,0.0012,0.00116
14.10.2025 15:40:06.114 UTC,1.40541,1.40531,0.0012,0.00189
14.10.2025 15:40:06.216 UTC,1.40542,1.40531,0.0012,0.00132
14.10.2025 15:40:06.775 UTC,1.40542,1.40531,0.0012,0.00237
14.10.2025 15:40:06.978 UTC,1.40542,1.40531,0.0012,0.00222
14.10.2025 15:40:07.232 UTC,1.40542,1.40531,0.0012,0.00237
14.10.2025 15:40:07.539 UTC,1.40542,1.40532,0.0012,0.00237
14.10.2025 15:40:07.794 UTC,1.40543,1.40531,0.0012,0.00132
14.10.2025 15:40:08.755 UTC,1.40542,1.40531,0.0012,0.00132
14.10.2025 15:40:10.021 UTC,1.40542,1.40531,0.0012,0.00176
14.10.2025 15:40:10.123 UTC,1.40542,1.40531,0.0012,0.00222
14.10.2025 15:40:10.225 UTC,1.40543,1.40532,0.0012,0.0012
14.10.2025 15:40:10.786 UTC,1.40543,1.40531,0.0012,0.00222
14.10.2025 15:40:10.888 UTC,1.40543,1.40531,0.0012,0.00237
14.10.2025 15:40:10.990 UTC,1.40543,1.40531,0.0012,0.00222
14.10.2025 15:40:11.092 UTC,1.40543,1.40531,0.0012,0.00237
14.10.2025 15:40:11.294 UTC,1.40543,1.40531,0.0012,0.00222
14.10.2025 15:40:13.399 UTC,1.40541,1.40532,0.0012,0.00116
14.10.2025 15:40:13.504 UTC,1.40544,1.40534,0.0012,0.00279
14.10.2025 15:40:13.607 UTC,1.40546,1.40536,0.0012,0.00116
14.10.2025 15:40:13.919 UTC,1.40546,1.40535,0.0012,0.00116
14.10.2025 15:40:14.326 UTC,1.40555,1.40545,0.0012,0.0012
14.10.2025 15:40:14.378 UTC,1.40557,1.40545,0.0012,0.00132
14.10.2025 15:40:14.430 UTC,1.40553,1.40546,0.00135,0.00192
14.10.2025 15:40:14.635 UTC,1.40553,1.40546,0.00135,0.00116
14.10.2025 15:40:14.737 UTC,1.40553,1.40545,0.00135,0.00116
14.10.2025 15:40:15.747 UTC,1.40553,1.40544,0.0012,0.00116
14.10.2025 15:40:15.849 UTC,1.40553,1.40542,0.0012,0.00116
14.10.2025 15:40:16.157 UTC,1.40552,1.40542,0.0012,0.00116
14.10.2025 15:40:16.209 UTC,1.4055,1.40541,0.0012,0.00116
14.10.2025 15:40:16.717 UTC,1.40552,1.4054,0.0012,0.00116
14.10.2025 15:40:16.819 UTC,1.40552,1.40541,0.0012,0.00116
14.10.2025 15:40:17.023 UTC,1.40552,1.40542,0.0012,0.00116
14.10.2025 15:40:17.327 UTC,1.40552,1.40541,0.0012,0.00116
14.10.2025 15:40:17.683 UTC,1.40549,1.40535,0.00132,0.00192
14.10.2025 15:40:17.736 UTC,1.40545,1.40532,0.0012,0.00132
14.10.2025 15:40:17.838 UTC,1.40545,1.40534,0.0012,0.00116
14.10.2025 15:40:18.297 UTC,1.40545,1.40533,0.0012,0.00177
14.10.2025 15:40:18.400 UTC,1.40545,1.40536,0.0012,0.00116
14.10.2025 15:40:18.503 UTC,1.40546,1.40536,0.0012,0.00116
14.10.2025 15:40:19.352 UTC,1.40546,1.40535,0.0012,0.00116
14.10.2025 15:40:19.455 UTC,1.40546,1.40534,0.0012,0.00116
14.10.2025 15:40:19.608 UTC,1.40545,1.40534,0.0012,0.00116
14.10.2025 15:40:21.677 UTC,1.40546,1.40534,0.0012,0.00186
14.10.2025 15:40:21.780 UTC,1.40545,1.40536,0.0012,0.00116
14.10.2025 15:40:21.882 UTC,1.40545,1.40534,0.0012,0.00116
14.10.2025 15:40:22.136 UTC,1.40544,1.40534,0.0012,0.00177
14.10.2025 15:40:22.339 UTC,1.40543,1.40534,0.0012,0.00116
14.10.2025 15:40:23.001 UTC,1.40544,1.40532,0.0012,0.00141
14.10.2025 15:40:23.154 UTC,1.40544,1.40532,0.0012,0.00144
14.10.2025 15:40:23.257 UTC,1.40544,1.40534,0.0012,0.00144
14.10.2025 15:40:23.713 UTC,1.40545,1.40534,0.0012,0.00128
14.10.2025 15:40:23.765 UTC,1.40546,1.40535,0.0012,0.00339
14.10.2025 15:40:23.817 UTC,1.40549,1.40537,0.0012,0.00132
14.10.2025 15:40:24.022 UTC,1.40551,1.40539,0.0012,0.00128
14.10.2025 15:40:25.222 UTC,1.40545,1.40534,0.0012,0.00147
14.10.2025 15:40:25.325 UTC,1.40544,1.40535,0.0012,0.00128
14.10.2025 15:40:25.435 UTC,1.40544,1.40532,0.0012,0.00128
14.10.2025 15:40:25.691 UTC,1.40542,1.40532,0.0012,0.00116
14.10.2025 15:40:27.265 UTC,1.40543,1.40535,0.0012,0.00132
14.10.2025 15:40:27.368 UTC,1.40544,1.40536,0.0012,0.00116
14.10.2025 15:40:28.177 UTC,1.40545,1.40534,0.0012,0.00116
14.10.2025 15:40:30.145 UTC,1.40544,1.40534,0.0012,0.00116
14.10.2025 15:40:30.248 UTC,1.40543,1.40534,0.0012,0.00116
14.10.2025 15:40:30.299 UTC,1.40543,1.40532,0.0012,0.00116
14.10.2025 15:40:31.161 UTC,1.40542,1.40532,0.0018,0.00116
14.10.2025 15:40:31.264 UTC,1.40541,1.4053,0.0012,0.00237
14.10.2025 15:40:31.368 UTC,1.40542,1.40533,0.0012,0.00132
14.10.2025 15:40:31.420 UTC,1.40545,1.40535,0.0012,0.00116
14.10.2025 15:40:35.425 UTC,1.40545,1.40535,0.0012,0.00128
14.10.2025 15:40:36.640 UTC,1.40545,1.40534,0.0012,0.00128
14.10.2025 15:40:38.558 UTC,1.40546,1.40538,0.0012,0.00132
14.10.2025 15:40:38.609 UTC,1.4055,1.40538,0.0012,0.00192
14.10.2025 15:40:38.712 UTC,1.40551,1.40539,0.0012,0.00128
14.10.2025 15:40:38.883 UTC,1.40551,1.40539,0.0012,0.00116
14.10.2025 15:40:39.087 UTC,1.4055,1.40541,0.0012,0.00116
14.10.2025 15:40:39.804 UTC,1.40552,1.40542,0.0012,0.00132
14.10.2025 15:40:39.855 UTC,1.40554,1.40544,0.00135,0.00116
14.10.2025 15:40:40.110 UTC,1.40555,1.40544,0.0012,0.00116
14.10.2025 15:40:41.477 UTC,1.40554,1.40544,0.0012,0.00116
14.10.2025 15:40:43.448 UTC,1.40552,1.40545,0.0012,0.00116
14.10.2025 15:40:43.552 UTC,1.4055,1.40543,0.0012,0.00116
14.10.2025 15:40:44.314 UTC,1.40553,1.40542,0.0012,0.00116
14.10.2025 15:40:44.469 UTC,1.40553,1.40542,0.0012,0.00189
14.10.2025 15:40:44.672 UTC,1.40553,1.40543,0.0012,0.00189
14.10.2025 15:40:49.359 UTC,1.40553,1.40543,0.0018,0.00116
14.10.2025 15:40:49.461 UTC,1.40552,1.40544,0.0012,0.00116
14.10.2025 15:40:50.733 UTC,1.40551,1.40543,0.0012,0.00116
14.10.2025 15:40:50.784 UTC,1.40551,1.40541,0.0012,0.00116
14.10.2025 15:40:50.886 UTC,1.40551,1.40543,0.0012,0.00116
14.10.2025 15:40:50.938 UTC,1.40553,1.40543,0.0012,0.00116
14.10.2025 15:40:51.040 UTC,1.40554,1.40544,0.0012,0.00116
14.10.2025 15:40:52.156 UTC,1.40555,1.40544,0.0012,0.00116
14.10.2025 15:40:52.258 UTC,1.40554,1.40546,0.0012,0.00116
14.10.2025 15:40:57.257 UTC,1.40555,1.40544,0.0012,0.00116
14.10.2025 15:40:57.611 UTC,1.40553,1.40545,0.0012,0.00116
14.10.2025 15:40:57.763 UTC,1.40554,1.40545,0.0012,0.00144
14.10.2025 15:40:57.867 UTC,1.40555,1.40545,0.0012,0.00132
14.10.2025 15:41:00.577 UTC,1.40557,1.40545,0.00135,0.00116
14.10.2025 15:41:00.932 UTC,1.40557,1.40545,0.00192,0.00116
14.10.2025 15:41:01.035 UTC,1.40555,1.40544,0.0012,0.00116
14.10.2025 15:41:05.677 UTC,1.40555,1.40546,0.0012,0.00116
14.10.2025 15:41:05.781 UTC,1.40558,1.40547,0.0012,0.00116
14.10.2025 15:41:07.398 UTC,1.40557,1.40546,0.00144,0.00116
14.10.2025 15:41:07.500 UTC,1.40556,1.40544,0.0012,0.00222
14.10.2025 15:41:07.653 UTC,1.40557,1.40544,0.00234,0.00312
14.10.2025 15:41:07.755 UTC,1.40557,1.40544,0.00252,0.00312
14.10.2025 15:41:08.545 UTC,1.40556,1.40545,0.00342,0.00312
14.10.2025 15:41:11.616 UTC,1.40555,1.40544,0.00144,0.00222
14.10.2025 15:41:12.627 UTC,1.40553,1.40545,0.00234,0.00135
14.10.2025 15:41:12.782 UTC,1.40554,1.40545,0.0012,0.00135
14.10.2025 15:41:14.800 UTC,1.40553,1.40545,0.0012,0.00135
14.10.2025 15:41:15.003 UTC,1.40555,1.40544,0.00225,0.00135
14.10.2025 15:41:15.506 UTC,1.40552,1.40545,0.0012,0.00135
14.10.2025 15:41:16.054 UTC,1.40553,1.40544,0.0018,0.00135
14.10.2025 15:41:16.209 UTC,1.40552,1.40545,0.00135,0.00135
14.10.2025 15:41:16.411 UTC,1.40552,1.40544,0.0018,0.00135
14.10.2025 15:41:16.463 UTC,1.40549,1.40536,0.0012,0.00189
14.10.2025 15:41:16.515 UTC,1.40549,1.40543,0.0012,0.00116
14.10.2025 15:41:16.567 UTC,1.40549,1.4054,0.0012,0.00116
14.10.2025 15:41:17.075 UTC,1.40551,1.40544,0.0012,0.00135
14.10.2025 15:41:17.433 UTC,1.40553,1.40544,0.00135,0.00135
14.10.2025 15:41:19.553 UTC,1.40553,1.40545,0.0012,0.00135
14.10.2025 15:41:19.656 UTC,1.40554,1.40545,0.00135,0.00135
14.10.2025 15:41:20.566 UTC,1.40554,1.40544,0.00135,0.00116
14.10.2025 15:41:21.274 UTC,1.40554,1.40542,0.00234,0.00116
14.10.2025 15:41:22.386 UTC,1.40553,1.40542,0.0012,0.00116
14.10.2025 15:41:22.539 UTC,1.40552,1.40542,0.00135,0.00116
14.10.2025 15:41:24.290 UTC,1.40553,1.40542,0.00189,0.00267
14.10.2025 15:41:24.393 UTC,1.40553,1.40543,0.0012,0.00116
14.10.2025 15:41:25.503 UTC,1.40552,1.40543,0.0012,0.00116
14.10.2025 15:41:26.060 UTC,1.40554,1.40541,0.00225,0.00177
14.10.2025 15:41:26.514 UTC,1.40552,1.40542,0.0012,0.00116
14.10.2025 15:41:27.423 UTC,1.40552,1.40542,0.0018,0.00116
14.10.2025 15:41:27.728 UTC,1.40553,1.40541,0.00135,0.00116
14.10.2025 15:41:28.083 UTC,1.40551,1.40541,0.0012,0.00116
14.10.2025 15:41:28.845 UTC,1.4055,1.40541,0.0012,0.00116
14.10.2025 15:41:28.952 UTC,1.40548,1.4054,0.0012,0.00116
14.10.2025 15:41:29.004 UTC,1.40547,1.40538,0.0012,0.00116
14.10.2025 15:41:29.459 UTC,1.40546,1.40537,0.0012,0.00116
14.10.2025 15:41:29.563 UTC,1.40544,1.40536,0.0012,0.00116
14.10.2025 15:41:29.615 UTC,1.40543,1.40532,0.0012,0.00116
14.10.2025 15:41:29.871 UTC,1.40542,1.40532,0.0018,0.00116
14.10.2025 15:41:31.628 UTC,1.40543,1.40532,0.0012,0.00116
14.10.2025 15:41:32.390 UTC,1.40542,1.40532,0.0012,0.00222
14.10.2025 15:41:32.644 UTC,1.40542,1.40533,0.0012,0.00116
14.10.2025 15:41:32.948 UTC,1.40542,1.40532,0.00189,0.00132
14.10.2025 15:41:33.153 UTC,1.4054,1.40533,0.00189,0.00116
14.10.2025 15:41:35.068 UTC,1.40541,1.40531,0.00189,0.00116
14.10.2025 15:41:36.988 UTC,1.40537,1.40526,0.0012,0.0012
14.10.2025 15:41:37.040 UTC,1.40534,1.40525,0.00189,0.00132
14.10.2025 15:41:37.297 UTC,1.40534,1.40524,0.00189,0.00177
14.10.2025 15:41:38.556 UTC,1.40533,1.40524,0.00189,0.00116
14.10.2025 15:41:39.110 UTC,1.40534,1.40524,0.00189,0.00116
14.10.2025 15:41:40.924 UTC,1.40533,1.40524,0.00189,0.00116
14.10.2025 15:41:42.137 UTC,1.40533,1.40523,0.00189,0.00116
14.10.2025 15:41:42.997 UTC,1.40533,1.40524,0.00189,0.00116
14.10.2025 15:41:43.452 UTC,1.40533,1.40525,0.00189,0.00116
14.10.2025 15:41:44.261 UTC,1.40535,1.40524,0.00327,0.00116
14.10.2025 15:41:46.186 UTC,1.40532,1.40521,0.00282,0.0018
14.10.2025 15:41:46.340 UTC,1.40532,1.4052,0.00282,0.0012
14.10.2025 15:41:46.747 UTC,1.40532,1.40523,0.00372,0.00116
14.10.2025 15:41:48.348 UTC,1.40533,1.40522,0.00132,0.00116
14.10.2025 15:41:49.669 UTC,1.40532,1.40522,0.00132,0.00222
14.10.2025 15:41:56.992 UTC,1.40531,1.40521,0.00132,0.00116
14.10.2025 15:41:57.044 UTC,1.4053,1.4052,0.00132,0.00177
14.10.2025 15:41:57.097 UTC,1.40526,1.40514,0.00132,0.0018
14.10.2025 15:41:57.200 UTC,1.40525,1.40516,0.00132,0.00116
14.10.2025 15:41:57.302 UTC,1.40526,1.40514,0.00132,0.00116
14.10.2025 15:41:59.371 UTC,1.40525,1.40514,0.00132,0.00116
14.10.2025 15:42:00.430 UTC,1.40525,1.40515,0.00132,0.00141
14.10.2025 15:42:00.533 UTC,1.40526,1.40515,0.0012,0.00144
14.10.2025 15:42:00.585 UTC,1.40527,1.40518,0.0012,0.00132
14.10.2025 15:42:00.689 UTC,1.40531,1.40521,0.00189,0.0012
14.10.2025 15:42:00.795 UTC,1.40532,1.40522,0.00132,0.0012
14.10.2025 15:42:01.200 UTC,1.40532,1.40521,0.00132,0.00177
14.10.2025 15:42:06.287 UTC,1.40531,1.40521,0.00132,0.00177
14.10.2025 15:42:06.443 UTC,1.40531,1.4052,0.00132,0.00116
14.10.2025 15:42:06.749 UTC,1.40532,1.4052,0.00132,0.00222
14.10.2025 15:42:06.852 UTC,1.40532,1.40521,0.0012,0.00132
14.10.2025 15:42:07.761 UTC,1.40533,1.40521,0.0012,0.00222
14.10.2025 15:42:07.964 UTC,1.40533,1.40521,0.0018,0.00177
14.10.2025 15:42:08.066 UTC,1.40533,1.40521,0.00135,0.00177
14.10.2025 15:42:08.170 UTC,1.40531,1.40522,0.00132,0.00267
14.10.2025 15:42:09.792 UTC,1.40534,1.40523,0.0012,0.0024
14.10.2025 15:42:09.894 UTC,1.40534,1.40523,0.0012,0.00312
14.10.2025 15:42:10.249 UTC,1.40534,1.40524,0.00132,0.00116
14.10.2025 15:42:12.317 UTC,1.40534,1.40523,0.0012,0.00116
14.10.2025 15:42:13.324 UTC,1.40534,1.40524,0.0012,0.00116
14.10.2025 15:42:14.484 UTC,1.40533,1.40524,0.0012,0.00132
14.10.2025 15:42:15.590 UTC,1.40534,1.40524,0.0012,0.00116
14.10.2025 15:42:16.705 UTC,1.40533,1.40524,0.00132,0.00116
14.10.2025 15:42:23.094 UTC,1.40533,1.40522,0.0012,0.00116
14.10.2025 15:42:25.122 UTC,1.40534,1.40522,0.0012,0.00237
14.10.2025 15:42:26.639 UTC,1.40533,1.40523,0.0012,0.00116
14.10.2025 15:42:26.741 UTC,1.40534,1.40523,0.0012,0.00222
14.10.2025 15:42:26.894 UTC,1.40534,1.40523,0.0012,0.00237
14.10.2025 15:42:27.093 UTC,1.40533,1.40524,0.0012,0.00222
14.10.2025 15:42:27.401 UTC,1.40534,1.40523,0.0012,0.00237
14.10.2025 15:42:27.854 UTC,1.40534,1.40523,0.0012,0.00222
14.10.2025 15:42:28.813 UTC,1.40532,1.40524,0.0012,0.00116
14.10.2025 15:42:28.915 UTC,1.40533,1.40522,0.0012,0.00132
14.10.2025 15:42:29.470 UTC,1.40531,1.40523,0.0012,0.00116
14.10.2025 15:42:29.572 UTC,1.40531,1.40522,0.0012,0.0012
14.10.2025 15:42:33.310 UTC,1.40531,1.40521,0.0012,0.0012
14.10.2025 15:42:34.729 UTC,1.4053,1.4052,0.0012,0.00237
14.10.2025 15:42:36.994 UTC,1.40531,1.40519,0.0012,0.00222
14.10.2025 15:42:37.145 UTC,1.40531,1.40519,0.0012,0.00237
14.10.2025 15:42:38.101 UTC,1.4053,1.4052,0.0012,0.00222
14.10.2025 15:42:38.355 UTC,1.40531,1.40519,0.0012,0.00237
14.10.2025 15:42:38.759 UTC,1.40531,1.4052,0.0012,0.00384
14.10.2025 15:42:39.618 UTC,1.40532,1.4052,0.0012,0.0018
14.10.2025 15:42:40.223 UTC,1.40531,1.40521,0.0012,0.00135
14.10.2025 15:42:40.678 UTC,1.40532,1.4052,0.0012,0.00237
14.10.2025 15:42:41.134 UTC,1.40531,1.40521,0.0012,0.0012
14.10.2025 15:42:42.248 UTC,1.40532,1.4052,0.0012,0.00176
14.10.2025 15:42:42.351 UTC,1.40532,1.4052,0.0012,0.00135
14.10.2025 15:42:42.700 UTC,1.40532,1.4052,0.0012,0.0018
14.10.2025 15:42:42.804 UTC,1.40536,1.40524,0.0012,0.0018
14.10.2025 15:42:42.907 UTC,1.40535,1.40523,0.0012,0.0012
14.10.2025 15:42:44.718 UTC,1.40534,1.40524,0.0012,0.0018
14.10.2025 15:42:45.071 UTC,1.40534,1.40524,0.0012,0.00135
14.10.2025 15:42:48.537 UTC,1.40534,1.40524,0.0012,0.00192
14.10.2025 15:42:48.640 UTC,1.40537,1.40528,0.0012,0.00116
14.10.2025 15:42:48.691 UTC,1.40538,1.40529,0.00225,0.00116
14.10.2025 15:42:49.554 UTC,1.40539,1.4053,0.00135,0.00132
14.10.2025 15:42:50.245 UTC,1.40541,1.40532,0.0012,0.00116
14.10.2025 15:42:52.166 UTC,1.40544,1.40532,0.0012,0.00144
14.10.2025 15:42:52.269 UTC,1.40543,1.40533,0.0012,0.0012
14.10.2025 15:42:53.432 UTC,1.40542,1.40531,0.0012,0.00222
14.10.2025 15:42:53.738 UTC,1.4054,1.40531,0.0012,0.00222
14.10.2025 15:42:54.294 UTC,1.40539,1.4053,0.0012,0.00116
14.10.2025 15:42:55.813 UTC,1.40541,1.40529,0.0012,0.00249
14.10.2025 15:42:56.524 UTC,1.4054,1.40531,0.0012,0.00176
14.10.2025 15:42:56.928 UTC,1.40541,1.4053,0.0012,0.00132
14.10.2025 15:42:58.088 UTC,1.40541,1.4053,0.0012,0.00176
14.10.2025 15:42:59.147 UTC,1.4054,1.40531,0.0012,0.00132
14.10.2025 15:42:59.299 UTC,1.4054,1.40531,0.0012,0.00176
14.10.2025 15:42:59.502 UTC,1.40541,1.4053,0.0012,0.00132
14.10.2025 15:42:59.856 UTC,1.4054,1.4053,0.0012,0.00116
14.10.2025 15:42:59.958 UTC,1.40539,1.4053,0.0012,0.00116
14.10.2025 15:43:01.981 UTC,1.4054,1.4053,0.0012,0.00231
14.10.2025 15:43:02.084 UTC,1.40541,1.4053,0.0012,0.00128
14.10.2025 15:43:02.797 UTC,1.40535,1.40526,0.0012,0.0012
14.10.2025 15:43:02.849 UTC,1.40533,1.40525,0.0012,0.0012
14.10.2025 15:43:02.900 UTC,1.40534,1.40521,0.0012,0.00132
14.10.2025 15:43:03.003 UTC,1.40533,1.40522,0.0012,0.00116
14.10.2025 15:43:03.610 UTC,1.40533,1.40523,0.0012,0.0012
14.10.2025 15:43:04.267 UTC,1.40534,1.40523,0.0012,0.00177
14.10.2025 15:43:07.133 UTC,1.40533,1.40523,0.0012,0.00177
14.10.2025 15:43:07.998 UTC,1.40532,1.40523,0.0012,0.00128
14.10.2025 15:43:08.407 UTC,1.40531,1.40521,0.0012,0.00116
14.10.2025 15:43:08.510 UTC,1.4053,1.40521,0.0012,0.00128
14.10.2025 15:43:08.965 UTC,1.40531,1.4052,0.0012,0.00128
14.10.2025 15:43:09.272 UTC,1.40533,1.4052,0.0012,0.00189
14.10.2025 15:43:09.374 UTC,1.40533,1.4052,0.0012,0.00204
14.10.2025 15:43:10.384 UTC,1.40533,1.4052,0.0012,0.00294
14.10.2025 15:43:11.141 UTC,1.40533,1.4052,0.0012,0.00249
14.10.2025 15:43:13.094 UTC,1.40533,1.40523,0.0012,0.00234
14.10.2025 15:43:14.812 UTC,1.40534,1.40523,0.0012,0.00128
14.10.2025 15:43:16.324 UTC,1.40533,1.40524,0.0012,0.00141
14.10.2025 15:43:16.577 UTC,1.40532,1.40522,0.0012,0.00132
14.10.2025 15:43:16.680 UTC,1.4053,1.40522,0.0012,0.00116
14.10.2025 15:43:16.731 UTC,1.4053,1.4052,0.0012,0.00141
14.10.2025 15:43:17.193 UTC,1.40527,1.40519,0.0012,0.00192
14.10.2025 15:43:17.296 UTC,1.40524,1.40515,0.0012,0.00128
14.10.2025 15:43:17.398 UTC,1.40525,1.40514,0.0012,0.00128
14.10.2025 15:43:17.903 UTC,1.40523,1.40515,0.0012,0.00128
14.10.2025 15:43:27.595 UTC,1.40523,1.40514,0.0012,0.00186
14.10.2025 15:43:27.697 UTC,1.40524,1.40513,0.0012,0.00189
14.10.2025 15:43:29.088 UTC,1.40523,1.40513,0.0012,0.00234
14.10.2025 15:43:36.744 UTC,1.40523,1.40513,0.0012,0.00128
14.10.2025 15:43:36.889 UTC,1.40523,1.40512,0.0012,0.00128
14.10.2025 15:43:37.754 UTC,1.40523,1.40511,0.0018,0.00132
14.10.2025 15:43:37.857 UTC,1.40523,1.40512,0.0012,0.00116
14.10.2025 15:43:38.010 UTC,1.40523,1.40511,0.0012,0.00222
14.10.2025 15:43:38.113 UTC,1.40523,1.40511,0.0012,0.00176
14.10.2025 15:43:39.123 UTC,1.40522,1.40511,0.0012,0.00237
14.10.2025 15:43:42.294 UTC,1.40522,1.40511,0.0012,0.00132
14.10.2025 15:43:42.398 UTC,1.40521,1.40511,0.0012,0.00116
14.10.2025 15:43:42.450 UTC,1.40517,1.40511,0.0012,0.00116
14.10.2025 15:43:42.555 UTC,1.40523,1.40512,0.0012,0.0012
14.10.2025 15:43:44.772 UTC,1.40523,1.40512,0.0012,0.00237
14.10.2025 15:43:44.824 UTC,1.4052,1.4051,0.0012,0.00116
14.10.2025 15:43:44.929 UTC,1.40519,1.4051,0.0012,0.00116
14.10.2025 15:43:45.336 UTC,1.40519,1.40511,0.0012,0.00231
14.10.2025 15:43:45.388 UTC,1.40521,1.40512,0.0012,0.0012
14.10.2025 15:43:46.346 UTC,1.40522,1.40511,0.0012,0.00246
14.10.2025 15:43:46.548 UTC,1.40522,1.40511,0.0012,0.00231
14.10.2025 15:43:47.001 UTC,1.40522,1.40512,0.0012,0.00231
14.10.2025 15:43:47.103 UTC,1.40522,1.40513,0.0012,0.0012
14.10.2025 15:43:52.145 UTC,1.40522,1.40513,0.0012,0.00327
14.10.2025 15:43:52.247 UTC,1.40522,1.40513,0.0012,0.00282
14.10.2025 15:43:52.391 UTC,1.40523,1.40512,0.0012,0.00312
14.10.2025 15:43:52.493 UTC,1.40523,1.40512,0.0012,0.00327
14.10.2025 15:43:52.698 UTC,1.40523,1.40515,0.0012,0.00135
14.10.2025 15:43:52.803 UTC,1.40525,1.40514,0.0012,0.00116
14.10.2025 15:43:52.905 UTC,1.40524,1.40513,0.0012,0.00222
14.10.2025 15:43:58.089 UTC,1.40524,1.40513,0.0012,0.00237
14.10.2025 15:43:58.643 UTC,1.40524,1.40513,0.0012,0.00222
14.10.2025 15:43:59.398 UTC,1.40522,1.40514,0.0012,0.00177
14.10.2025 15:43:59.501 UTC,1.40523,1.40514,0.0012,0.00116
14.10.2025 15:44:01.240 UTC,1.40528,1.40518,0.00135,0.0012
14.10.2025 15:44:01.344 UTC,1.40528,1.40519,0.0012,0.00135
14.10.2025 15:44:01.447 UTC,1.40529,1.40518,0.0012,0.0024
14.10.2025 15:44:01.499 UTC,1.40531,1.40521,0.0018,0.00132
14.10.2025 15:44:01.652 UTC,1.4053,1.40522,0.0012,0.00116
14.10.2025 15:44:02.161 UTC,1.40531,1.40522,0.0018,0.00116
14.10.2025 15:44:02.364 UTC,1.40531,1.40522,0.00192,0.00116
14.10.2025 15:44:02.467 UTC,1.40529,1.40522,0.0012,0.00116
14.10.2025 15:44:02.518 UTC,1.4053,1.40519,0.0012,0.00116
14.10.2025 15:44:02.622 UTC,1.4053,1.40521,0.0012,0.00135
14.10.2025 15:44:02.724 UTC,1.40532,1.40521,0.0018,0.00116
14.10.2025 15:44:04.751 UTC,1.40528,1.4052,0.0012,0.00116
14.10.2025 15:44:04.854 UTC,1.40527,1.40519,0.0012,0.0012
14.10.2025 15:44:05.259 UTC,1.40529,1.40519,0.0012,0.0012
14.10.2025 15:44:05.565 UTC,1.4053,1.40519,0.0012,0.00116
14.10.2025 15:44:06.429 UTC,1.40531,1.40521,0.0012,0.00135
14.10.2025 15:44:06.532 UTC,1.40534,1.40522,0.0012,0.00177
14.10.2025 15:44:06.635 UTC,1.40534,1.40523,0.00132,0.00116
14.10.2025 15:44:09.011 UTC,1.40535,1.40524,0.0012,0.00135
14.10.2025 15:44:09.114 UTC,1.40534,1.40524,0.0012,0.00312
14.10.2025 15:44:10.227 UTC,1.40534,1.40525,0.00132,0.00116
14.10.2025 15:44:10.380 UTC,1.40535,1.40523,0.00132,0.00222
14.10.2025 15:44:10.481 UTC,1.40535,1.40524,0.00132,0.00116
14.10.2025 15:44:10.938 UTC,1.40535,1.40524,0.00192,0.00116
14.10.2025 15:44:11.040 UTC,1.40534,1.40523,0.00132,0.00222
14.10.2025 15:44:15.522 UTC,1.40533,1.40523,0.00189,0.00222
14.10.2025 15:44:17.036 UTC,1.40533,1.40522,0.00132,0.00116
14.10.2025 15:44:17.950 UTC,1.40533,1.40521,0.0012,0.00222
14.10.2025 15:44:18.452 UTC,1.40532,1.40522,0.0012,0.00237
14.10.2025 15:44:18.555 UTC,1.4053,1.40522,0.0012,0.00116
14.10.2025 15:44:18.658 UTC,1.40531,1.40519,0.0012,0.00222
14.10.2025 15:44:18.864 UTC,1.40528,1.40515,0.00132,0.0012
14.10.2025 15:44:19.173 UTC,1.40528,1.40516,0.0012,0.0012
14.10.2025 15:44:19.529 UTC,1.40528,1.40516,0.0012,0.00237
14.10.2025 15:44:19.985 UTC,1.40528,1.40516,0.0012,0.00141
14.10.2025 15:44:20.140 UTC,1.40528,1.40515,0.0012,0.00234
14.10.2025 15:44:20.345 UTC,1.40528,1.40516,0.0012,0.00128
14.10.2025 15:44:20.448 UTC,1.40528,1.40516,0.0012,0.00234
14.10.2025 15:44:20.703 UTC,1.40528,1.40517,0.0012,0.00192
14.10.2025 15:44:20.805 UTC,1.40528,1.40517,0.0012,0.00144
14.10.2025 15:44:20.908 UTC,1.40527,1.40516,0.0012,0.00132
14.10.2025 15:44:21.011 UTC,1.40522,1.40515,0.0012,0.0012
14.10.2025 15:44:21.114 UTC,1.40524,1.40514,0.0012,0.0012
14.10.2025 15:44:21.572 UTC,1.40524,1.40512,0.0012,0.00249
14.10.2025 15:44:23.514 UTC,1.40523,1.40512,0.0012,0.00429
14.10.2025 15:44:23.616 UTC,1.40524,1.40511,0.0012,0.00384
14.10.2025 15:44:25.381 UTC,1.40523,1.40513,0.0012,0.00135
14.10.2025 15:44:25.484 UTC,1.40524,1.40512,0.0012,0.00147
14.10.2025 15:44:28.309 UTC,1.40524,1.40512,0.0012,0.00192
14.10.2025 15:44:29.727 UTC,1.40524,1.40514,0.0012,0.00144
14.10.2025 15:44:31.287 UTC,1.40524,1.40514,0.0018,0.00128
14.10.2025 15:44:31.394 UTC,1.40523,1.40512,0.0024,0.00128
14.10.2025 15:44:31.459 UTC,1.40524,1.40513,0.00225,0.00279
14.10.2025 15:44:31.973 UTC,1.40524,1.40512,0.00135,0.00189
14.10.2025 15:44:32.076 UTC,1.40524,1.40512,0.0018,0.00128
14.10.2025 15:44:33.791 UTC,1.40522,1.40512,0.00225,0.00128
14.10.2025 15:44:33.894 UTC,1.40524,1.40512,0.0018,0.00128
14.10.2025 15:44:34.807 UTC,1.40522,1.40512,0.0012,0.00132
14.10.2025 15:44:35.866 UTC,1.40521,1.4051,0.0012,0.00324
14.10.2025 15:44:35.969 UTC,1.40521,1.4051,0.0012,0.00234
14.10.2025 15:44:36.528 UTC,1.40522,1.40511,0.00135,0.00237
14.10.2025 15:44:39.860 UTC,1.40523,1.40512,0.0018,0.00234
14.10.2025 15:44:42.406 UTC,1.40522,1.40511,0.0018,0.00249
14.10.2025 15:44:42.509 UTC,1.40522,1.40511,0.0018,0.00186
14.10.2025 15:44:43.671 UTC,1.40523,1.4051,0.0012,0.00207
14.10.2025 15:44:43.773 UTC,1.40523,1.4051,0.0012,0.00327
14.10.2025 15:44:43.875 UTC,1.40524,1.40511,0.0012,0.00246
14.10.2025 15:44:47.516 UTC,1.40524,1.40513,0.0018,0.00249
14.10.2025 15:44:47.822 UTC,1.40525,1.40512,0.00225,0.00411
14.10.2025 15:44:47.960 UTC,1.40525,1.40512,0.0018,0.00336
14.10.2025 15:44:48.062 UTC,1.40525,1.40512,0.00225,0.00321
14.10.2025 15:44:48.617 UTC,1.40525,1.40512,0.0018,0.00336
14.10.2025 15:44:48.822 UTC,1.40525,1.40512,0.00225,0.00321
14.10.2025 15:44:48.924 UTC,1.40525,1.40512,0.0018,0.00336
14.10.2025 15:44:49.127 UTC,1.40525,1.40512,0.0012,0.00231
14.10.2025 15:44:49.380 UTC,1.40525,1.40512,0.0012,0.00246
14.10.2025 15:44:50.034 UTC,1.40524,1.40513,0.0012,0.00231
14.10.2025 15:44:50.287 UTC,1.40524,1.40513,0.0012,0.00246
14.10.2025 15:44:51.850 UTC,1.40525,1.40512,0.0012,0.00339
14.10.2025 15:44:52.356 UTC,1.40527,1.40514,0.0018,0.00192
14.10.2025 15:44:52.459 UTC,1.40525,1.40514,0.0018,0.00339
14.10.2025 15:44:52.562 UTC,1.40525,1.40513,0.0012,0.00234
14.10.2025 15:44:53.724 UTC,1.40524,1.40514,0.0012,0.00132
14.10.2025 15:44:54.481 UTC,1.40524,1.40514,0.0012,0.00176
14.10.2025 15:44:54.584 UTC,1.40525,1.40513,0.0012,0.00116
14.10.2025 15:44:58.141 UTC,1.40527,1.40514,0.0012,0.00252
14.10.2025 15:44:58.244 UTC,1.40526,1.40516,0.0012,0.00144
14.10.2025 15:44:58.447 UTC,1.40528,1.40515,0.00135,0.00294
14.10.2025 15:44:58.550 UTC,1.40529,1.40517,0.00135,0.00237
14.10.2025 15:44:59.108 UTC,1.40529,1.40517,0.00135,0.00132
14.10.2025 15:44:59.210 UTC,1.40529,1.40517,0.00135,0.00176
14.10.2025 15:44:59.615 UTC,1.40529,1.40517,0.00135,0.00222
14.10.2025 15:45:00.172 UTC,1.40526,1.40517,0.0012,0.00132
14.10.2025 15:45:00.326 UTC,1.40525,1.40514,0.0012,0.00128
14.10.2025 15:45:00.780 UTC,1.40524,1.40514,0.0012,0.00116
14.10.2025 15:45:01.388 UTC,1.40524,1.40513,0.0012,0.00116
14.10.2025 15:45:01.490 UTC,1.40524,1.40512,0.0012,0.00116
14.10.2025 15:45:01.798 UTC,1.40524,1.40512,0.0012,0.00176
14.10.2025 15:45:02.101 UTC,1.40524,1.40512,0.0012,0.00132
14.10.2025 15:45:02.506 UTC,1.40524,1.40512,0.0012,0.00176
14.10.2025 15:45:03.314 UTC,1.40524,1.40512,0.00132,0.00132
14.10.2025 15:45:04.169 UTC,1.40524,1.40512,0.00132,0.00176
14.10.2025 15:45:04.523 UTC,1.40524,1.40512,0.00417,0.00116
14.10.2025 15:45:04.628 UTC,1.40516,1.40505,0.00132,0.0018
14.10.2025 15:45:04.732 UTC,1.40518,1.40505,0.00132,0.00135
14.10.2025 15:45:04.988 UTC,1.40518,1.40505,0.00132,0.00176
14.10.2025 15:45:05.141 UTC,1.40518,1.40505,0.00132,0.00222
14.10.2025 15:45:05.295 UTC,1.40518,1.40506,0.0012,0.0018
14.10.2025 15:45:06.307 UTC,1.40519,1.40507,0.0012,0.00116
14.10.2025 15:45:06.409 UTC,1.4052,1.40508,0.0012,0.0024
14.10.2025 15:45:07.721 UTC,1.4052,1.40508,0.00132,0.00132
14.10.2025 15:45:07.824 UTC,1.40518,1.40509,0.0012,0.00116
14.10.2025 15:45:07.929 UTC,1.4052,1.40508,0.00132,0.00222
14.10.2025 15:45:08.080 UTC,1.4052,1.40508,0.00132,0.00237
14.10.2025 15:45:08.234 UTC,1.40518,1.40509,0.0012,0.00132
14.10.2025 15:45:08.438 UTC,1.4052,1.40508,0.00132,0.00267
14.10.2025 15:45:09.959 UTC,1.40519,1.40508,0.00147,0.00116
14.10.2025 15:45:10.112 UTC,1.40518,1.40506,0.00147,0.00116
14.10.2025 15:45:10.165 UTC,1.40515,1.40507,0.00192,0.00116
14.10.2025 15:45:10.216 UTC,1.40513,1.40503,0.00132,0.00116
14.10.2025 15:45:10.574 UTC,1.40514,1.40501,0.00132,0.00177
14.10.2025 15:45:10.676 UTC,1.40512,1.40501,0.0012,0.00177
14.10.2025 15:45:10.981 UTC,1.40511,1.40501,0.0012,0.00116
14.10.2025 15:45:11.135 UTC,1.4051,1.40501,0.00132,0.00116
14.10.2025 15:45:11.487 UTC,1.40511,1.40499,0.0012,0.00267
14.10.2025 15:45:12.050 UTC,1.4051,1.40501,0.0012,0.00116
14.10.2025 15:45:12.559 UTC,1.40511,1.40502,0.0012,0.0018
14.10.2025 15:45:12.662 UTC,1.40512,1.40502,0.0012,0.00116
14.10.2025 15:45:12.764 UTC,1.40512,1.40501,0.0012,0.00312
14.10.2025 15:45:12.918 UTC,1.40512,1.40501,0.0012,0.00237
14.10.2025 15:45:13.828 UTC,1.40512,1.40501,0.0012,0.00132
14.10.2025 15:45:14.082 UTC,1.40511,1.40502,0.0012,0.00176
14.10.2025 15:45:14.286 UTC,1.40512,1.40501,0.0012,0.00237
14.10.2025 15:45:14.439 UTC,1.40511,1.40502,0.0012,0.00176
14.10.2025 15:45:17.486 UTC,1.40514,1.40502,0.0012,0.00177
14.10.2025 15:45:17.792 UTC,1.40514,1.40502,0.00132,0.00132
14.10.2025 15:45:18.495 UTC,1.40513,1.40502,0.00132,0.00176
14.10.2025 15:45:18.547 UTC,1.40513,1.40501,0.0012,0.00132
14.10.2025 15:45:18.904 UTC,1.40513,1.40501,0.0012,0.00176
14.10.2025 15:45:19.007 UTC,1.40512,1.40502,0.0012,0.00132
14.10.2025 15:45:19.310 UTC,1.40513,1.40501,0.0012,0.00237
14.10.2025 15:45:19.463 UTC,1.40512,1.40499,0.00192,0.0027
14.10.2025 15:45:19.566 UTC,1.40511,1.40499,0.00132,0.00135
14.10.2025 15:45:20.023 UTC,1.40511,1.40499,0.00132,0.0018
14.10.2025 15:45:20.125 UTC,1.4051,1.405,0.00132,0.00135
14.10.2025 15:45:20.887 UTC,1.40511,1.40498,0.00192,0.00222
14.10.2025 15:45:20.989 UTC,1.40511,1.40499,0.00192,0.00176
14.10.2025 15:45:21.193 UTC,1.40511,1.40498,0.00192,0.00327
14.10.2025 15:45:21.849 UTC,1.40511,1.40499,0.00192,0.00132
14.10.2025 15:45:21.901 UTC,1.4051,1.405,0.0018,0.00132
14.10.2025 15:45:21.953 UTC,1.40512,1.40501,0.00132,0.0018
14.10.2025 15:45:22.160 UTC,1.40513,1.40503,0.00132,0.00116
14.10.2025 15:45:23.322 UTC,1.40513,1.40503,0.0012,0.00116
14.10.2025 15:45:23.425 UTC,1.40513,1.40502,0.0012,0.00132
14.10.2025 15:45:24.839 UTC,1.40505,1.40496,0.0012,0.00405
14.10.2025 15:45:24.943 UTC,1.405,1.40491,0.0012,0.00116
14.10.2025 15:45:25.046 UTC,1.40501,1.40491,0.0012,0.00116
14.10.2025 15:45:25.149 UTC,1.40501,1.40492,0.0012,0.00177
14.10.2025 15:45:25.728 UTC,1.40502,1.4049,0.0012,0.00222
14.10.2025 15:45:25.937 UTC,1.40502,1.40491,0.0012,0.0012
14.10.2025 15:45:26.039 UTC,1.40502,1.4049,0.0012,0.00222
14.10.2025 15:45:26.395 UTC,1.40501,1.40491,0.0012,0.00237
14.10.2025 15:45:29.220 UTC,1.40503,1.40493,0.0012,0.00116
14.10.2025 15:45:29.778 UTC,1.40509,1.40499,0.00135,0.00132
14.10.2025 15:45:29.932 UTC,1.40512,1.40501,0.0012,0.00116
14.10.2025 15:45:30.137 UTC,1.40512,1.405,0.0012,0.00116
14.10.2025 15:45:30.240 UTC,1.40509,1.40501,0.0012,0.00116
14.10.2025 15:45:30.292 UTC,1.40509,1.40497,0.0012,0.00128
14.10.2025 15:45:31.310 UTC,1.40508,1.40497,0.00189,0.00116
14.10.2025 15:45:31.362 UTC,1.40506,1.40496,0.0012,0.00116
14.10.2025 15:45:31.514 UTC,1.40506,1.40495,0.0012,0.00116
14.10.2025 15:45:31.819 UTC,1.40505,1.40494,0.0012,0.00116
14.10.2025 15:45:34.496 UTC,1.40505,1.40495,0.0012,0.00132
14.10.2025 15:45:34.799 UTC,1.40505,1.40496,0.0012,0.00116
14.10.2025 15:45:35.254 UTC,1.40507,1.40495,0.0012,0.00237
14.10.2025 15:45:35.406 UTC,1.40506,1.40496,0.0012,0.00222
14.10.2025 15:45:35.610 UTC,1.40506,1.40495,0.0012,0.00267
14.10.2025 15:45:35.764 UTC,1.40507,1.40495,0.0012,0.00116
14.10.2025 15:45:36.624 UTC,1.40507,1.40495,0.0012,0.00237
14.10.2025 15:45:36.726 UTC,1.40507,1.40495,0.0012,0.00222
14.10.2025 15:45:38.489 UTC,1.40506,1.40496,0.0012,0.00237
14.10.2025 15:45:38.591 UTC,1.40506,1.40496,0.0012,0.00222
14.10.2025 15:45:40.054 UTC,1.40507,1.40495,0.0012,0.00237
14.10.2025 15:45:40.157 UTC,1.40507,1.40495,0.0018,0.00116
14.10.2025 15:45:40.259 UTC,1.40503,1.40496,0.0012,0.00116
14.10.2025 15:45:40.362 UTC,1.40504,1.40494,0.0012,0.00116
14.10.2025 15:45:44.315 UTC,1.40504,1.40495,0.0012,0.00116
14.10.2025 15:45:48.794 UTC,1.40509,1.40498,0.0018,0.0012
14.10.2025 15:45:48.846 UTC,1.40507,1.40495,0.0012,0.00279
14.10.2025 15:45:48.949 UTC,1.40507,1.40497,0.0012,0.00116
14.10.2025 15:45:54.648 UTC,1.40508,1.40499,0.0012,0.00225
14.10.2025 15:45:54.751 UTC,1.4051,1.40499,0.0012,0.00222
14.10.2025 15:45:54.905 UTC,1.40509,1.40499,0.0012,0.00116
14.10.2025 15:45:55.008 UTC,1.40508,1.40499,0.0012,0.00116
14.10.2025 15:45:56.980 UTC,1.40507,1.40499,0.0012,0.00132
14.10.2025 15:45:57.083 UTC,1.40508,1.40499,0.0012,0.00116
14.10.2025 15:45:57.438 UTC,1.40506,1.40498,0.0012,0.00116
14.10.2025 15:45:57.541 UTC,1.40506,1.40497,0.0012,0.00116
14.10.2025 15:46:00.737 UTC,1.40507,1.40501,0.0012,0.00189
14.10.2025 15:46:00.789 UTC,1.4051,1.40501,0.0012,0.0012
14.10.2025 15:46:00.893 UTC,1.40511,1.40502,0.0012,0.00116
14.10.2025 15:46:03.065 UTC,1.40512,1.40502,0.0012,0.00116
14.10.2025 15:46:03.422 UTC,1.40512,1.40503,0.0012,0.00116
14.10.2025 15:46:03.524 UTC,1.40512,1.40504,0.0012,0.00116
14.10.2025 15:46:03.776 UTC,1.40514,1.40504,0.0012,0.00116
14.10.2025 15:46:20.154 UTC,1.40513,1.40505,0.0012,0.00176
14.10.2025 15:46:20.306 UTC,1.40514,1.40504,0.0012,0.00132
14.10.2025 15:46:22.220 UTC,1.40514,1.40507,0.0012,0.00225
14.10.2025 15:46:22.323 UTC,1.4052,1.40509,0.0018,0.0012
14.10.2025 15:46:22.427 UTC,1.4052,1.4051,0.0012,0.00116
14.10.2025 15:46:22.631 UTC,1.4052,1.40509,0.0012,0.00116
14.10.2025 15:46:22.835 UTC,1.4052,1.4051,0.0012,0.00116
14.10.2025 15:46:25.569 UTC,1.4052,1.40509,0.00132,0.00116
14.10.2025 15:46:26.666 UTC,1.4052,1.40509,0.00132,0.00176
14.10.2025 15:46:27.069 UTC,1.4052,1.40509,0.00132,0.00132
14.10.2025 15:46:27.173 UTC,1.40517,1.40509,0.0012,0.00116
14.10.2025 15:46:27.276 UTC,1.40517,1.40507,0.0012,0.00116
14.10.2025 15:46:27.378 UTC,1.40516,1.40507,0.0012,0.00116
14.10.2025 15:46:27.480 UTC,1.40515,1.40504,0.00132,0.00116
14.10.2025 15:46:27.583 UTC,1.40514,1.40504,0.0012,0.00116
14.10.2025 15:46:27.940 UTC,1.40514,1.40505,0.0012,0.00116
14.10.2025 15:46:28.043 UTC,1.40514,1.40508,0.0012,0.00116
14.10.2025 15:46:28.702 UTC,1.40515,1.40506,0.0012,0.00116
14.10.2025 15:46:28.805 UTC,1.40513,1.40507,0.0012,0.00116
14.10.2025 15:46:28.856 UTC,1.40514,1.40504,0.0012,0.00116
14.10.2025 15:46:29.264 UTC,1.40513,1.40506,0.0012,0.00116
14.10.2025 15:46:29.367 UTC,1.40513,1.40504,0.00132,0.00116
14.10.2025 15:46:29.419 UTC,1.40513,1.40499,0.00132,0.0042
14.10.2025 15:46:29.471 UTC,1.4051,1.40501,0.0012,0.00116
14.10.2025 15:46:29.575 UTC,1.40511,1.40501,0.0012,0.00132
14.10.2025 15:46:29.627 UTC,1.40513,1.40502,0.0012,0.00177
14.10.2025 15:46:29.730 UTC,1.40513,1.40504,0.0012,0.00116
14.10.2025 15:46:32.354 UTC,1.40516,1.40504,0.00132,0.00116
14.10.2025 15:46:32.406 UTC,1.40513,1.40504,0.0012,0.00116
14.10.2025 15:46:32.765 UTC,1.40511,1.40505,0.0012,0.00116
14.10.2025 15:46:32.816 UTC,1.40512,1.40501,0.0012,0.00132
14.10.2025 15:46:32.919 UTC,1.40511,1.40502,0.0012,0.00116
14.10.2025 15:46:33.073 UTC,1.40512,1.40501,0.00132,0.00192
14.10.2025 15:46:33.125 UTC,1.40511,1.405,0.0012,0.00176
14.10.2025 15:46:33.227 UTC,1.40511,1.40502,0.0012,0.00116
14.10.2025 15:46:33.432 UTC,1.40511,1.40501,0.0012,0.00116
14.10.2025 15:46:34.275 UTC,1.4051,1.40503,0.0012,0.00116
14.10.2025 15:46:34.377 UTC,1.4051,1.40502,0.0012,0.00116
14.10.2025 15:46:34.783 UTC,1.40509,1.40502,0.00189,0.00116
14.10.2025 15:46:34.835 UTC,1.40506,1.40496,0.0012,0.0012
14.10.2025 15:46:34.888 UTC,1.4051,1.40503,0.0012,0.00177
14.10.2025 15:46:34.991 UTC,1.40512,1.40502,0.0012,0.00116
14.10.2025 15:46:36.105 UTC,1.40513,1.40502,0.0012,0.00222
14.10.2025 15:46:36.208 UTC,1.40513,1.40504,0.0012,0.00116
14.10.2025 15:46:36.463 UTC,1.40514,1.40504,0.0012,0.00222
14.10.2025 15:46:36.566 UTC,1.40516,1.40505,0.0012,0.0012
14.10.2025 15:46:36.668 UTC,1.40516,1.40506,0.0012,0.00116
14.10.2025 15:46:37.376 UTC,1.40516,1.40507,0.0012,0.00116
14.10.2025 15:46:37.477 UTC,1.40516,1.40506,0.0012,0.00116
14.10.2025 15:46:37.833 UTC,1.40516,1.40507,0.0012,0.00116
14.10.2025 15:46:41.303 UTC,1.40515,1.40503,0.00192,0.0012
14.10.2025 15:46:41.405 UTC,1.40513,1.40502,0.0012,0.0012
14.10.2025 15:46:41.927 UTC,1.40513,1.40503,0.0012,0.00116
14.10.2025 15:46:43.089 UTC,1.40513,1.40502,0.0012,0.00222
14.10.2025 15:46:44.099 UTC,1.4051,1.40503,0.0012,0.00116
14.10.2025 15:46:44.353 UTC,1.40511,1.40501,0.0012,0.00132
14.10.2025 15:46:44.659 UTC,1.40511,1.405,0.0012,0.00132
14.10.2025 15:46:45.015 UTC,1.40511,1.40501,0.0012,0.00116
14.10.2025 15:46:45.976 UTC,1.40511,1.40501,0.0012,0.00237
14.10.2025 15:46:46.280 UTC,1.40511,1.40501,0.0012,0.00222
14.10.2025 15:46:46.381 UTC,1.40511,1.40501,0.0012,0.00237
14.10.2025 15:46:46.534 UTC,1.40512,1.40502,0.0012,0.00231
14.10.2025 15:46:46.687 UTC,1.40512,1.40503,0.0012,0.00116
14.10.2025 15:46:48.044 UTC,1.40512,1.40504,0.0012,0.00116
14.10.2025 15:46:49.554 UTC,1.40514,1.40505,0.0012,0.00276
14.10.2025 15:46:49.656 UTC,1.40515,1.40506,0.0012,0.00116
14.10.2025 15:46:50.564 UTC,1.40514,1.40505,0.0012,0.00116
14.10.2025 15:46:50.704 UTC,1.40514,1.40504,0.0012,0.00116
14.10.2025 15:46:51.415 UTC,1.40512,1.40505,0.0012,0.00116
14.10.2025 15:46:54.383 UTC,1.40514,1.40504,0.0012,0.00116
14.10.2025 15:46:54.487 UTC,1.40515,1.40505,0.0012,0.00231
14.10.2025 15:46:54.589 UTC,1.40515,1.40506,0.0012,0.00116
14.10.2025 15:46:54.691 UTC,1.40515,1.40507,0.0012,0.00116
14.10.2025 15:46:54.945 UTC,1.40515,1.40506,0.0012,0.00116
14.10.2025 15:46:56.310 UTC,1.40514,1.40506,0.0012,0.00116
14.10.2025 15:46:56.362 UTC,1.40513,1.40505,0.0012,0.00116
14.10.2025 15:46:57.019 UTC,1.40513,1.40504,0.0012,0.00116
14.10.2025 15:47:00.695 UTC,1.40514,1.40505,0.0012,0.00116
14.10.2025 15:47:00.850 UTC,1.40514,1.40506,0.0012,0.00116
14.10.2025 15:47:00.958 UTC,1.40514,1.40505,0.0012,0.00116
14.10.2025 15:47:01.060 UTC,1.40513,1.40505,0.0012,0.00116
14.10.2025 15:47:01.163 UTC,1.40514,1.40505,0.0012,0.00372
14.10.2025 15:47:01.265 UTC,1.40515,1.40506,0.0012,0.00116
14.10.2025 15:47:01.521 UTC,1.40514,1.40506,0.0012,0.00116
14.10.2025 15:47:01.623 UTC,1.40513,1.40506,0.0012,0.00116
14.10.2025 15:47:02.432 UTC,1.40514,1.40504,0.00132,0.00116
14.10.2025 15:47:03.040 UTC,1.40514,1.40505,0.00132,0.00116
14.10.2025 15:47:03.192 UTC,1.40513,1.40505,0.00132,0.00132
14.10.2025 15:47:04.505 UTC,1.40513,1.40504,0.0012,0.00116
14.10.2025 15:47:06.219 UTC,1.40513,1.40503,0.00132,0.00116
14.10.2025 15:47:06.323 UTC,1.4051,1.405,0.00132,0.0033
14.10.2025 15:47:06.426 UTC,1.40511,1.40502,0.00132,0.00135
14.10.2025 15:47:06.529 UTC,1.40512,1.40503,0.0012,0.00222
14.10.2025 15:47:06.580 UTC,1.40513,1.40504,0.0012,0.00116
14.10.2025 15:47:08.524 UTC,1.40512,1.40504,0.00132,0.00116
14.10.2025 15:47:09.840 UTC,1.40512,1.40505,0.0012,0.00116
14.10.2025 15:47:10.906 UTC,1.40512,1.40504,0.0012,0.00116
14.10.2025 15:47:11.009 UTC,1.40511,1.40504,0.0012,0.00116
14.10.2025 15:47:13.032 UTC,1.40509,1.40499,0.0012,0.0024
14.10.2025 15:47:13.136 UTC,1.40509,1.40499,0.0012,0.00132
14.10.2025 15:47:13.238 UTC,1.40509,1.405,0.0012,0.00116
14.10.2025 15:47:14.760 UTC,1.40509,1.40499,0.0012,0.00116
14.10.2025 15:47:14.862 UTC,1.40508,1.40501,0.0012,0.00116
14.10.2025 15:47:15.117 UTC,1.40507,1.40497,0.00132,0.00132
14.10.2025 15:47:15.220 UTC,1.40506,1.40496,0.0012,0.00132
14.10.2025 15:47:15.339 UTC,1.40505,1.40498,0.0012,0.00116
14.10.2025 15:47:15.847 UTC,1.40504,1.40497,0.0012,0.00116
14.10.2025 15:47:16.000 UTC,1.40504,1.40496,0.0012,0.00116
14.10.2025 15:47:16.102 UTC,1.40504,1.40495,0.0012,0.00116
14.10.2025 15:47:16.205 UTC,1.40503,1.40495,0.0012,0.00116
14.10.2025 15:47:16.307 UTC,1.40502,1.40495,0.0012,0.00116
14.10.2025 15:47:18.987 UTC,1.40502,1.40493,0.0012,0.00116
14.10.2025 15:47:19.089 UTC,1.40502,1.40492,0.0012,0.00116
14.10.2025 15:47:19.192 UTC,1.405,1.40493,0.0012,0.00116
14.10.2025 15:47:20.255 UTC,1.405,1.40492,0.00189,0.00116
14.10.2025 15:47:20.561 UTC,1.40502,1.40492,0.0012,0.00267
14.10.2025 15:47:20.613 UTC,1.40503,1.40494,0.0012,0.0012
14.10.2025 15:47:20.716 UTC,1.40504,1.40494,0.0012,0.00116
14.10.2025 15:47:24.719 UTC,1.40504,1.40495,0.0012,0.00192
14.10.2025 15:47:24.872 UTC,1.40505,1.40496,0.0012,0.00116
14.10.2025 15:47:24.975 UTC,1.40504,1.40494,0.0012,0.00132
14.10.2025 15:47:25.229 UTC,1.40503,1.40494,0.0012,0.00116
14.10.2025 15:47:28.465 UTC,1.40504,1.40494,0.0012,0.00116
14.10.2025 15:47:39.567 UTC,1.40504,1.40496,0.0012,0.00116
14.10.2025 15:47:40.474 UTC,1.40506,1.40496,0.0012,0.00177
14.10.2025 15:47:40.526 UTC,1.40508,1.40498,0.0012,0.0012
14.10.2025 15:47:40.628 UTC,1.40508,1.40499,0.0012,0.00116
14.10.2025 15:47:41.741 UTC,1.40506,1.405,0.0012,0.00116
14.10.2025 15:47:41.844 UTC,1.40508,1.40499,0.0012,0.00116
14.10.2025 15:47:41.896 UTC,1.40508,1.40497,0.0012,0.00177
14.10.2025 15:47:41.948 UTC,1.40509,1.40499,0.0012,0.0012
14.10.2025 15:47:42.000 UTC,1.40511,1.40498,0.00132,0.00267
14.10.2025 15:47:42.102 UTC,1.40511,1.40499,0.00132,0.00116
14.10.2025 15:47:42.256 UTC,1.40509,1.40498,0.0012,0.00267
14.10.2025 15:47:42.409 UTC,1.40508,1.405,0.0012,0.0012
14.10.2025 15:47:42.514 UTC,1.40508,1.40499,0.0012,0.00116
14.10.2025 15:47:42.616 UTC,1.40508,1.40498,0.0012,0.00132
14.10.2025 15:47:43.374 UTC,1.40507,1.405,0.0012,0.00116
14.10.2025 15:47:44.682 UTC,1.40509,1.405,0.0012,0.00132
14.10.2025 15:47:44.784 UTC,1.40509,1.40501,0.0012,0.00116
14.10.2025 15:47:49.116 UTC,1.40509,1.405,0.00189,0.00116
14.10.2025 15:47:49.525 UTC,1.40507,1.405,0.0012,0.00116
14.10.2025 15:47:49.628 UTC,1.40507,1.40497,0.0012,0.00116
14.10.2025 15:47:49.781 UTC,1.40506,1.40499,0.0012,0.00116
14.10.2025 15:47:50.740 UTC,1.40507,1.40497,0.0012,0.00132
14.10.2025 15:47:51.549 UTC,1.40507,1.40498,0.0012,0.00132
14.10.2025 15:47:51.652 UTC,1.40508,1.40498,0.0012,0.00132
14.10.2025 15:47:52.058 UTC,1.40508,1.40498,0.0012,0.00176
14.10.2025 15:47:52.360 UTC,1.40507,1.40499,0.0012,0.00132
14.10.2025 15:47:55.795 UTC,1.40509,1.40499,0.0012,0.00116
14.10.2025 15:47:57.158 UTC,1.40511,1.40499,0.0012,0.00222
14.10.2025 15:47:57.310 UTC,1.40511,1.405,0.0012,0.00116
14.10.2025 15:47:57.412 UTC,1.4051,1.405,0.0012,0.00116
14.10.2025 15:47:57.566 UTC,1.40509,1.405,0.00132,0.00116
14.10.2025 15:47:59.010 UTC,1.4051,1.405,0.00132,0.00222
14.10.2025 15:47:59.113 UTC,1.4051,1.40499,0.00132,0.00116
14.10.2025 15:48:00.227 UTC,1.40509,1.40499,0.00132,0.00116
14.10.2025 15:48:00.381 UTC,1.40509,1.40497,0.00132,0.00116
14.10.2025 15:48:00.534 UTC,1.4051,1.40499,0.0012,0.00135
14.10.2025 15:48:00.638 UTC,1.40511,1.405,0.0012,0.00116
14.10.2025 15:48:00.741 UTC,1.40511,1.40501,0.0012,0.00246
14.10.2025 15:48:00.844 UTC,1.40512,1.405,0.0012,0.00276
14.10.2025 15:48:00.947 UTC,1.40512,1.40501,0.0012,0.00177
14.10.2025 15:48:01.049 UTC,1.40512,1.40502,0.00132,0.00177
14.10.2025 15:48:03.214 UTC,1.40513,1.40502,0.0012,0.00116
14.10.2025 15:48:05.433 UTC,1.40511,1.40503,0.0012,0.00116
14.10.2025 15:48:05.536 UTC,1.40512,1.405,0.00132,0.00132
14.10.2025 15:48:05.639 UTC,1.40511,1.405,0.00132,0.00116
14.10.2025 15:48:07.435 UTC,1.40509,1.405,0.0012,0.00116
14.10.2025 15:48:07.488 UTC,1.40507,1.40495,0.0012,0.0012
14.10.2025 15:48:07.590 UTC,1.40507,1.40497,0.0012,0.00116
14.10.2025 15:48:08.048 UTC,1.40506,1.40496,0.00132,0.00116
14.10.2025 15:48:08.151 UTC,1.40503,1.40497,0.0012,0.00116
14.10.2025 15:48:08.203 UTC,1.40504,1.40494,0.0012,0.00116
14.10.2025 15:48:10.677 UTC,1.40504,1.40496,0.0012,0.00144
14.10.2025 15:48:10.728 UTC,1.40506,1.40496,0.0012,0.00144
14.10.2025 15:48:10.830 UTC,1.40506,1.40497,0.0012,0.00116
14.10.2025 15:48:11.840 UTC,1.40506,1.40496,0.00132,0.00116
14.10.2025 15:48:11.943 UTC,1.40504,1.40496,0.00132,0.00116
14.10.2025 15:48:12.045 UTC,1.40504,1.40495,0.00132,0.00116
14.10.2025 15:48:12.449 UTC,1.40505,1.40494,0.00132,0.00116
14.10.2025 15:48:13.311 UTC,1.40506,1.40494,0.00132,0.00222
14.10.2025 15:48:13.363 UTC,1.40506,1.40496,0.0012,0.00116
14.10.2025 15:48:13.518 UTC,1.40506,1.40497,0.00132,0.00116
14.10.2025 15:48:15.888 UTC,1.40505,1.40497,0.00132,0.00116
14.10.2025 15:48:16.495 UTC,1.40505,1.40495,0.00132,0.00116
14.10.2025 15:48:16.648 UTC,1.40505,1.40494,0.00132,0.00116
14.10.2025 15:48:18.818 UTC,1.40503,1.40495,0.00132,0.00116
14.10.2025 15:48:18.870 UTC,1.40502,1.40491,0.00132,0.00225
14.10.2025 15:48:18.973 UTC,1.40501,1.4049,0.00132,0.00116
14.10.2025 15:48:19.230 UTC,1.40502,1.40493,0.0012,0.0012
14.10.2025 15:48:19.282 UTC,1.40505,1.40492,0.0012,0.0018
14.10.2025 15:48:19.334 UTC,1.40505,1.40494,0.0012,0.00116
14.10.2025 15:48:20.091 UTC,1.40503,1.40495,0.0012,0.00116
14.10.2025 15:48:20.997 UTC,1.40503,1.40494,0.0012,0.00116
14.10.2025 15:48:28.620 UTC,1.40501,1.40494,0.0012,0.00116
14.10.2025 15:48:28.723 UTC,1.405,1.40494,0.0012,0.00116
14.10.2025 15:48:28.826 UTC,1.40501,1.40492,0.0012,0.00116
14.10.2025 15:48:29.235 UTC,1.40502,1.40492,0.0012,0.00116
14.10.2025 15:48:29.589 UTC,1.40501,1.40494,0.0012,0.00116
14.10.2025 15:48:29.690 UTC,1.40501,1.40493,0.0012,0.00132
14.10.2025 15:48:30.097 UTC,1.40502,1.40493,0.0012,0.00116
14.10.2025 15:48:30.302 UTC,1.40502,1.40494,0.0012,0.00116
14.10.2025 15:48:30.404 UTC,1.40502,1.40495,0.0012,0.00116
14.10.2025 15:48:31.103 UTC,1.40503,1.40495,0.0012,0.00116
14.10.2025 15:48:32.160 UTC,1.40504,1.40496,0.0012,0.0012
14.10.2025 15:48:32.262 UTC,1.40504,1.40497,0.0012,0.00116
14.10.2025 15:48:32.717 UTC,1.40506,1.40497,0.0012,0.0012
14.10.2025 15:48:32.769 UTC,1.40508,1.40499,0.0012,0.0012
14.10.2025 15:48:32.872 UTC,1.40509,1.40499,0.00135,0.0018
14.10.2025 15:48:33.432 UTC,1.40509,1.40499,0.00135,0.00246
14.10.2025 15:48:34.042 UTC,1.40508,1.405,0.00135,0.00231
14.10.2025 15:48:35.859 UTC,1.40509,1.405,0.00135,0.00116
14.10.2025 15:48:36.011 UTC,1.40509,1.40499,0.00135,0.00222
14.10.2025 15:48:37.927 UTC,1.40509,1.405,0.00135,0.00116
14.10.2025 15:48:38.079 UTC,1.40509,1.40499,0.00135,0.00312
14.10.2025 15:48:40.112 UTC,1.40507,1.405,0.0012,0.00116
14.10.2025 15:48:40.220 UTC,1.40502,1.40493,0.0012,0.0012
14.10.2025 15:48:40.323 UTC,1.40503,1.40492,0.0012,0.00132
14.10.2025 15:48:40.426 UTC,1.40503,1.40493,0.0012,0.00116
14.10.2025 15:48:40.632 UTC,1.40502,1.40491,0.0012,0.0018
14.10.2025 15:48:44.012 UTC,1.40501,1.40493,0.0012,0.0012
14.10.2025 15:48:44.115 UTC,1.40502,1.40493,0.0012,0.00267
14.10.2025 15:48:44.217 UTC,1.40503,1.40493,0.0012,0.00116
14.10.2025 15:48:47.586 UTC,1.40504,1.40493,0.0012,0.00177
14.10.2025 15:48:53.684 UTC,1.40503,1.40495,0.0012,0.00116
14.10.2025 15:49:01.251 UTC,1.40503,1.40496,0.0012,0.00116
14.10.2025 15:49:01.407 UTC,1.40504,1.40494,0.0012,0.00116
14.10.2025 15:49:02.365 UTC,1.40503,1.40494,0.0012,0.00116
14.10.2025 15:49:02.518 UTC,1.40503,1.40492,0.0012,0.00116
14.10.2025 15:49:04.228 UTC,1.405,1.40493,0.0012,0.00116
14.10.2025 15:49:04.533 UTC,1.40501,1.40491,0.0012,0.00177
14.10.2025 15:49:06.859 UTC,1.405,1.40492,0.0012,0.00189
14.10.2025 15:49:07.598 UTC,1.40501,1.40491,0.0012,0.00177
14.10.2025 15:49:12.596 UTC,1.405,1.40492,0.0012,0.00246
14.10.2025 15:49:12.999 UTC,1.40502,1.40491,0.0012,0.00246
14.10.2025 15:49:13.101 UTC,1.40501,1.40492,0.0012,0.00321
14.10.2025 15:49:15.811 UTC,1.40499,1.40491,0.0012,0.0012
14.10.2025 15:49:15.915 UTC,1.405,1.40489,0.0012,0.00141
14.10.2025 15:49:15.970 UTC,1.405,1.40491,0.0012,0.00147
14.10.2025 15:49:16.175 UTC,1.40498,1.40491,0.0012,0.00116
14.10.2025 15:49:16.584 UTC,1.40498,1.40492,0.0012,0.00116
14.10.2025 15:49:18.046 UTC,1.40498,1.40491,0.0012,0.00116
14.10.2025 15:49:18.199 UTC,1.40501,1.4049,0.0012,0.00231
14.10.2025 15:49:19.108 UTC,1.40499,1.40491,0.0012,0.00116
14.10.2025 15:49:19.210 UTC,1.405,1.40489,0.0012,0.00141
14.10.2025 15:49:19.515 UTC,1.405,1.40489,0.0012,0.00144
14.10.2025 15:49:19.619 UTC,1.40501,1.4049,0.0012,0.00128
14.10.2025 15:49:20.076 UTC,1.40499,1.40491,0.0012,0.00116
14.10.2025 15:49:25.367 UTC,1.40499,1.4049,0.0012,0.00116
14.10.2025 15:49:25.872 UTC,1.405,1.4049,0.0012,0.00116
14.10.2025 15:49:26.378 UTC,1.405,1.40489,0.0012,0.00132
14.10.2025 15:49:28.096 UTC,1.405,1.40492,0.0012,0.00144
14.10.2025 15:49:28.199 UTC,1.40502,1.40491,0.0012,0.00135
14.10.2025 15:49:31.574 UTC,1.40502,1.4049,0.0012,0.00222
14.10.2025 15:49:31.677 UTC,1.40501,1.4049,0.0012,0.00132
14.10.2025 15:49:32.994 UTC,1.405,1.4049,0.0012,0.00116
14.10.2025 15:49:33.807 UTC,1.405,1.40491,0.0012,0.0012
14.10.2025 15:49:33.909 UTC,1.40501,1.4049,0.0012,0.00189
14.10.2025 15:49:34.164 UTC,1.40501,1.4049,0.0012,0.00128
14.10.2025 15:49:37.853 UTC,1.40501,1.4049,0.0012,0.00176
14.10.2025 15:49:38.157 UTC,1.40501,1.4049,0.0012,0.00222
14.10.2025 15:49:40.740 UTC,1.40501,1.4049,0.0012,0.00176
14.10.2025 15:49:41.452 UTC,1.40501,1.40491,0.0012,0.00176
14.10.2025 15:49:44.463 UTC,1.40501,1.40491,0.0012,0.00116
14.10.2025 15:49:44.668 UTC,1.405,1.40491,0.0012,0.00116
14.10.2025 15:49:44.770 UTC,1.405,1.4049,0.0012,0.00116
14.10.2025 15:49:44.872 UTC,1.405,1.40489,0.0012,0.00186
14.10.2025 15:49:46.134 UTC,1.40499,1.4049,0.0012,0.00246
14.10.2025 15:49:46.287 UTC,1.405,1.40489,0.0012,0.00321
14.10.2025 15:49:47.195 UTC,1.405,1.40489,0.0012,0.00237
14.10.2025 15:49:47.449 UTC,1.40499,1.4049,0.0012,0.00132
14.10.2025 15:49:47.903 UTC,1.40499,1.4049,0.0012,0.00176
14.10.2025 15:49:48.005 UTC,1.405,1.40489,0.0012,0.00132
14.10.2025 15:49:49.403 UTC,1.40499,1.4049,0.0012,0.00176
14.10.2025 15:49:49.556 UTC,1.40499,1.4049,0.0012,0.00132
14.10.2025 15:49:49.707 UTC,1.40499,1.4049,0.0012,0.00176
14.10.2025 15:49:50.013 UTC,1.405,1.40489,0.0012,0.00222
14.10.2025 15:49:50.519 UTC,1.405,1.40489,0.0012,0.00176
14.10.2025 15:49:50.620 UTC,1.40499,1.4049,0.0012,0.00132
14.10.2025 15:49:53.092 UTC,1.40499,1.4049,0.0012,0.00176
14.10.2025 15:49:53.547 UTC,1.40499,1.40489,0.00225,0.00116
14.10.2025 15:49:53.650 UTC,1.40496,1.4049,0.0012,0.00116
14.10.2025 15:49:53.702 UTC,1.40496,1.40487,0.0012,0.00116
14.10.2025 15:49:54.006 UTC,1.40495,1.40487,0.0012,0.00116
14.10.2025 15:49:57.086 UTC,1.40496,1.40487,0.0012,0.00132
14.10.2025 15:49:57.138 UTC,1.40497,1.40489,0.0012,0.00132
14.10.2025 15:49:57.241 UTC,1.40497,1.4049,0.0012,0.00116
14.10.2025 15:49:59.602 UTC,1.40496,1.4049,0.0012,0.00116
14.10.2025 15:49:59.707 UTC,1.40496,1.40485,0.0012,0.00116
14.10.2025 15:49:59.867 UTC,1.40496,1.40487,0.0012,0.00116
14.10.2025 15:49:59.971 UTC,1.40498,1.40488,0.0012,0.00116
14.10.2025 15:50:00.128 UTC,1.40497,1.4049,0.0012,0.00116
14.10.2025 15:50:00.638 UTC,1.40499,1.40489,0.0012,0.00231
14.10.2025 15:50:00.741 UTC,1.40499,1.4049,0.0012,0.00116
14.10.2025 15:50:04.314 UTC,1.40499,1.40489,0.0012,0.00116
14.10.2025 15:50:07.133 UTC,1.40498,1.40489,0.0012,0.00116
14.10.2025 15:50:07.236 UTC,1.40499,1.40488,0.0012,0.00231
14.10.2025 15:50:07.338 UTC,1.40499,1.40489,0.0012,0.00116
14.10.2025 15:50:09.560 UTC,1.40497,1.4049,0.0012,0.00116
14.10.2025 15:50:09.612 UTC,1.40496,1.40488,0.0012,0.00116
14.10.2025 15:50:09.716 UTC,1.40496,1.40485,0.0012,0.00116
14.10.2025 15:50:16.012 UTC,1.40495,1.40485,0.0012,0.00116
14.10.2025 15:50:16.066 UTC,1.40491,1.40482,0.0012,0.0012
14.10.2025 15:50:16.167 UTC,1.40491,1.40481,0.0012,0.0012
14.10.2025 15:50:17.184 UTC,1.40491,1.4048,0.0012,0.00321
14.10.2025 15:50:17.537 UTC,1.40491,1.4048,0.0012,0.00324
14.10.2025 15:50:17.741 UTC,1.40491,1.40483,0.0012,0.00189
14.10.2025 15:50:17.792 UTC,1.40494,1.40483,0.0012,0.00144
14.10.2025 15:50:17.895 UTC,1.40495,1.40485,0.0012,0.00116
14.10.2025 15:50:28.727 UTC,1.40494,1.40485,0.0012,0.00116
14.10.2025 15:50:31.188 UTC,1.40492,1.40485,0.0012,0.00116
14.10.2025 15:50:43.451 UTC,1.40492,1.40484,0.0012,0.00116
14.10.2025 15:50:43.508 UTC,1.40492,1.40481,0.0012,0.00186
14.10.2025 15:50:44.624 UTC,1.40491,1.40482,0.0012,0.00237
14.10.2025 15:50:44.777 UTC,1.40492,1.40481,0.0012,0.00177
14.10.2025 15:50:45.784 UTC,1.40491,1.40482,0.0012,0.00237
14.10.2025 15:50:45.887 UTC,1.40491,1.40483,0.0012,0.00176
14.10.2025 15:50:46.243 UTC,1.40492,1.40482,0.0012,0.00222
14.10.2025 15:50:46.345 UTC,1.40492,1.40482,0.0012,0.00237
14.10.2025 15:50:46.447 UTC,1.40492,1.40482,0.0012,0.00222
14.10.2025 15:50:46.649 UTC,1.40492,1.40482,0.0012,0.00237
14.10.2025 15:50:47.504 UTC,1.40492,1.40482,0.0012,0.00177
14.10.2025 15:50:49.224 UTC,1.40491,1.40482,0.0012,0.00116
14.10.2025 15:50:49.831 UTC,1.40491,1.40481,0.0012,0.00116
14.10.2025 15:50:49.934 UTC,1.40491,1.4048,0.0012,0.00116
14.10.2025 15:50:50.139 UTC,1.4049,1.40482,0.0012,0.00116
14.10.2025 15:50:50.779 UTC,1.40487,1.40479,0.0012,0.00144
14.10.2025 15:50:50.833 UTC,1.40472,1.40462,0.0012,0.0012
14.10.2025 15:50:50.887 UTC,1.40478,1.40467,0.0012,0.00192
14.10.2025 15:50:50.939 UTC,1.40481,1.40473,0.0018,0.0012
14.10.2025 15:50:50.991 UTC,1.40479,1.4047,0.0012,0.00116
14.10.2025 15:50:51.043 UTC,1.40477,1.40467,0.0012,0.0012
14.10.2025 15:50:51.958 UTC,1.40477,1.40466,0.0012,0.00132
14.10.2025 15:50:52.822 UTC,1.40477,1.40466,0.0012,0.00176
14.10.2025 15:50:52.924 UTC,1.40477,1.40466,0.0012,0.00116
14.10.2025 15:50:53.078 UTC,1.40476,1.40466,0.0012,0.00116
14.10.2025 15:50:53.787 UTC,1.40478,1.40467,0.0012,0.00132
14.10.2025 15:50:53.941 UTC,1.40478,1.40466,0.0012,0.00186
14.10.2025 15:50:54.042 UTC,1.40478,1.40466,0.0012,0.00291
14.10.2025 15:50:54.196 UTC,1.40478,1.40466,0.0012,0.00246
14.10.2025 15:50:54.400 UTC,1.40476,1.40466,0.00132,0.00116
14.10.2025 15:50:54.503 UTC,1.40473,1.40465,0.0012,0.00116
14.10.2025 15:50:54.809 UTC,1.40471,1.40464,0.0012,0.00116
14.10.2025 15:50:54.963 UTC,1.40472,1.40462,0.0012,0.00116
14.10.2025 15:50:56.835 UTC,1.40471,1.40462,0.0012,0.00116
14.10.2025 15:50:57.243 UTC,1.40472,1.40462,0.0012,0.00132
14.10.2025 15:50:57.398 UTC,1.40472,1.40463,0.0012,0.00132
14.10.2025 15:50:57.501 UTC,1.40472,1.40464,0.0012,0.00132
14.10.2025 15:51:02.750 UTC,1.40473,1.40465,0.0012,0.0018
14.10.2025 15:51:02.802 UTC,1.40475,1.40464,0.0012,0.0018
14.10.2025 15:51:03.007 UTC,1.40474,1.40464,0.00132,0.00312
14.10.2025 15:51:03.109 UTC,1.40475,1.40463,0.00132,0.00327
14.10.2025 15:51:03.211 UTC,1.40475,1.40463,0.00132,0.00312
14.10.2025 15:51:05.783 UTC,1.40475,1.40463,0.00132,0.0018
14.10.2025 15:51:06.191 UTC,1.40475,1.40463,0.0012,0.00312
14.10.2025 15:51:06.293 UTC,1.40474,1.40463,0.0012,0.00312
14.10.2025 15:51:06.696 UTC,1.40473,1.40465,0.0012,0.00116
14.10.2025 15:51:07.002 UTC,1.40474,1.40463,0.0012,0.00312
14.10.2025 15:51:07.305 UTC,1.40474,1.40463,0.0012,0.00327
14.10.2025 15:51:07.914 UTC,1.40474,1.40465,0.0012,0.00222
14.10.2025 15:51:10.450 UTC,1.40474,1.40465,0.0012,0.00237
14.10.2025 15:51:10.653 UTC,1.40475,1.40464,0.0012,0.00231
14.10.2025 15:51:13.173 UTC,1.40474,1.40464,0.0012,0.00132
14.10.2025 15:51:13.326 UTC,1.40474,1.40463,0.0012,0.00312
14.10.2025 15:51:17.477 UTC,1.40472,1.40462,0.0012,0.00222
14.10.2025 15:51:17.784 UTC,1.40471,1.40462,0.0012,0.00225
14.10.2025 15:51:18.493 UTC,1.40472,1.40461,0.0012,0.00249
14.10.2025 15:51:18.646 UTC,1.40474,1.40463,0.0012,0.00176
14.10.2025 15:51:20.808 UTC,1.40474,1.40463,0.0012,0.00132
14.10.2025 15:51:21.200 UTC,1.40474,1.40463,0.0012,0.00176
14.10.2025 15:51:21.655 UTC,1.40474,1.40463,0.0012,0.00132
14.10.2025 15:51:23.261 UTC,1.40474,1.40463,0.0012,0.00176
14.10.2025 15:51:23.413 UTC,1.40474,1.40463,0.0012,0.00132
14.10.2025 15:51:24.318 UTC,1.40473,1.40464,0.0012,0.00176
14.10.2025 15:51:24.420 UTC,1.40474,1.40463,0.0012,0.00132
14.10.2025 15:51:24.873 UTC,1.40474,1.40463,0.0012,0.00176
14.10.2025 15:51:25.780 UTC,1.40474,1.40463,0.0012,0.00132
14.10.2025 15:51:26.533 UTC,1.40474,1.40463,0.0012,0.00176
14.10.2025 15:51:27.489 UTC,1.40474,1.40463,0.0012,0.00132
14.10.2025 15:51:27.593 UTC,1.40472,1.40462,0.0012,0.00132
14.10.2025 15:51:27.695 UTC,1.40472,1.40459,0.00135,0.0012
14.10.2025 15:51:28.206 UTC,1.40472,1.40459,0.0018,0.0018
14.10.2025 15:51:28.308 UTC,1.40472,1.40459,0.0018,0.00135
14.10.2025 15:51:28.411 UTC,1.40468,1.40456,0.0012,0.0018
14.10.2025 15:51:30.237 UTC,1.40468,1.40457,0.0012,0.00249
14.10.2025 15:51:30.540 UTC,1.40468,1.40457,0.0012,0.00234
14.10.2025 15:51:31.958 UTC,1.40467,1.40457,0.0012,0.00116
14.10.2025 15:51:32.061 UTC,1.40466,1.40455,0.0012,0.00116
14.10.2025 15:51:32.163 UTC,1.40466,1.40456,0.0012,0.00116
14.10.2025 15:51:32.267 UTC,1.40468,1.40457,0.0012,0.00282
14.10.2025 15:51:32.318 UTC,1.4047,1.40458,0.0012,0.00231
14.10.2025 15:51:32.421 UTC,1.40471,1.4046,0.0012,0.00116
14.10.2025 15:51:32.525 UTC,1.40469,1.40458,0.0012,0.00231
14.10.2025 15:51:34.196 UTC,1.40469,1.40457,0.0012,0.00132
14.10.2025 15:51:34.349 UTC,1.40468,1.40457,0.0012,0.00231
14.10.2025 15:51:34.753 UTC,1.40467,1.40456,0.0012,0.00132
14.10.2025 15:51:34.855 UTC,1.40465,1.40456,0.0012,0.00116
14.10.2025 15:51:34.906 UTC,1.40465,1.40454,0.0012,0.00116
14.10.2025 15:51:35.969 UTC,1.40464,1.40453,0.0012,0.00132
14.10.2025 15:51:36.071 UTC,1.40463,1.40453,0.0012,0.00267
14.10.2025 15:51:36.478 UTC,1.40462,1.40453,0.0012,0.00177
14.10.2025 15:51:36.581 UTC,1.40463,1.40451,0.0012,0.00116
14.10.2025 15:51:36.911 UTC,1.40463,1.40452,0.0012,0.0012
14.10.2025 15:51:38.736 UTC,1.40464,1.40452,0.0012,0.00135
14.10.2025 15:51:38.788 UTC,1.40464,1.40453,0.0012,0.0018
14.10.2025 15:51:38.941 UTC,1.40464,1.40453,0.0012,0.00225
14.10.2025 15:51:39.497 UTC,1.40463,1.40454,0.0012,0.0024
14.10.2025 15:51:39.649 UTC,1.40463,1.40454,0.0012,0.00225
14.10.2025 15:51:40.656 UTC,1.40464,1.40452,0.0012,0.00135
14.10.2025 15:51:40.760 UTC,1.40462,1.4045,0.0012,0.00132
14.10.2025 15:51:40.864 UTC,1.40462,1.40449,0.0012,0.0012
14.10.2025 15:51:41.476 UTC,1.40463,1.40452,0.0012,0.0012
14.10.2025 15:51:41.631 UTC,1.40463,1.40453,0.0012,0.0012
14.10.2025 15:51:42.240 UTC,1.40462,1.40451,0.0012,0.00222
14.10.2025 15:51:42.344 UTC,1.4046,1.4045,0.0012,0.00132
14.10.2025 15:51:42.497 UTC,1.40461,1.40448,0.0012,0.00321
14.10.2025 15:51:42.700 UTC,1.4046,1.40449,0.0012,0.00336
14.10.2025 15:51:42.903 UTC,1.40461,1.40448,0.0012,0.00321
14.10.2025 15:51:43.455 UTC,1.4046,1.4045,0.0012,0.00141
14.10.2025 15:51:43.558 UTC,1.40462,1.40449,0.0012,0.00231
14.10.2025 15:51:43.663 UTC,1.40462,1.4045,0.0012,0.00177
14.10.2025 15:51:43.766 UTC,1.40462,1.40451,0.0018,0.00116
14.10.2025 15:51:43.869 UTC,1.40461,1.40451,0.0012,0.00186
14.10.2025 15:51:43.971 UTC,1.40462,1.40451,0.0012,0.0012
14.10.2025 15:51:44.986 UTC,1.4046,1.40451,0.0012,0.00177
14.10.2025 15:51:45.088 UTC,1.40461,1.40451,0.0012,0.00132
14.10.2025 15:51:45.192 UTC,1.40462,1.4045,0.0012,0.00327
14.10.2025 15:51:45.294 UTC,1.40462,1.4045,0.0012,0.00312
14.10.2025 15:51:45.801 UTC,1.40462,1.4045,0.0012,0.00246
14.10.2025 15:51:46.510 UTC,1.40462,1.4045,0.0012,0.00231
14.10.2025 15:51:46.664 UTC,1.40463,1.40451,0.0012,0.00234
14.10.2025 15:51:46.918 UTC,1.40463,1.40451,0.0012,0.00246
14.10.2025 15:51:47.121 UTC,1.40462,1.40452,0.0012,0.00291
14.10.2025 15:51:47.224 UTC,1.40463,1.40451,0.0012,0.00231
14.10.2025 15:51:47.427 UTC,1.40463,1.40452,0.0012,0.00204
14.10.2025 15:51:47.530 UTC,1.40464,1.40453,0.0012,0.00135
14.10.2025 15:51:47.834 UTC,1.40464,1.40453,0.0012,0.00237
14.10.2025 15:51:48.036 UTC,1.40464,1.40453,0.0012,0.00222
14.10.2025 15:51:49.098 UTC,1.40462,1.40453,0.0012,0.00116
14.10.2025 15:51:49.201 UTC,1.40462,1.40452,0.0012,0.00116
14.10.2025 15:51:49.304 UTC,1.40462,1.40451,0.0012,0.00116
14.10.2025 15:51:51.260 UTC,1.40462,1.40451,0.0012,0.0018
14.10.2025 15:51:52.116 UTC,1.40462,1.40451,0.0012,0.00135
14.10.2025 15:51:52.318 UTC,1.40462,1.40451,0.0012,0.0018
14.10.2025 15:51:52.471 UTC,1.40462,1.4045,0.0012,0.00222
14.10.2025 15:51:52.523 UTC,1.40457,1.40451,0.0012,0.00116
14.10.2025 15:51:52.626 UTC,1.40459,1.4045,0.0012,0.00116
14.10.2025 15:51:52.729 UTC,1.40459,1.40448,0.0012,0.00135
14.10.2025 15:51:52.833 UTC,1.40462,1.40449,0.0012,0.00222
14.10.2025 15:51:52.936 UTC,1.40461,1.4045,0.0012,0.00237
14.10.2025 15:51:53.090 UTC,1.40461,1.40451,0.0012,0.00237
14.10.2025 15:51:53.395 UTC,1.40462,1.40451,0.0012,0.00176
14.10.2025 15:51:54.706 UTC,1.40463,1.40452,0.0012,0.0012
14.10.2025 15:51:54.859 UTC,1.40464,1.40452,0.0012,0.00357
14.10.2025 15:51:55.664 UTC,1.40464,1.40453,0.0012,0.0012
14.10.2025 15:51:55.768 UTC,1.40463,1.40453,0.0012,0.00222
14.10.2025 15:51:55.870 UTC,1.40463,1.40451,0.0012,0.00267
14.10.2025 15:51:56.380 UTC,1.40463,1.40451,0.0012,0.00237
14.10.2025 15:51:58.286 UTC,1.40463,1.40451,0.0012,0.00222
14.10.2025 15:51:58.388 UTC,1.40462,1.40452,0.0012,0.00237
14.10.2025 15:51:58.543 UTC,1.40462,1.4045,0.0012,0.00237
14.10.2025 15:51:58.648 UTC,1.4046,1.40451,0.00135,0.00116
14.10.2025 15:51:58.802 UTC,1.4046,1.4045,0.0012,0.00116
14.10.2025 15:51:58.905 UTC,1.40462,1.40451,0.0012,0.00177
14.10.2025 15:51:59.717 UTC,1.40461,1.40449,0.0012,0.00222
14.10.2025 15:51:59.819 UTC,1.40461,1.4045,0.0012,0.0012
14.10.2025 15:51:59.923 UTC,1.40462,1.4045,0.0012,0.00135
14.10.2025 15:52:00.026 UTC,1.40463,1.40451,0.0012,0.00135
14.10.2025 15:52:00.231 UTC,1.40462,1.40452,0.0012,0.0024
14.10.2025 15:52:00.436 UTC,1.40462,1.40454,0.0012,0.0012
14.10.2025 15:52:00.538 UTC,1.40464,1.40453,0.0012,0.0012
14.10.2025 15:52:03.563 UTC,1.40463,1.40454,0.0012,0.00237
14.10.2025 15:52:03.915 UTC,1.40464,1.40453,0.0012,0.00222
14.10.2025 15:52:04.672 UTC,1.40464,1.40453,0.0012,0.00237
14.10.2025 15:52:04.861 UTC,1.40464,1.40453,0.0012,0.00222
14.10.2025 15:52:05.674 UTC,1.40463,1.40454,0.0012,0.00237
14.10.2025 15:52:05.777 UTC,1.40463,1.40454,0.0012,0.00222
14.10.2025 15:52:06.889 UTC,1.40463,1.40454,0.0012,0.00237
14.10.2025 15:52:07.191 UTC,1.40464,1.40453,0.0012,0.00222
14.10.2025 15:52:07.444 UTC,1.40463,1.40454,0.0012,0.00237
14.10.2025 15:52:07.546 UTC,1.40464,1.40453,0.0012,0.00222
14.10.2025 15:52:08.104 UTC,1.40463,1.40454,0.0012,0.00237
14.10.2025 15:52:08.356 UTC,1.40464,1.40453,0.0012,0.00222
14.10.2025 15:52:09.973 UTC,1.40463,1.40453,0.00234,0.00116
14.10.2025 15:52:10.025 UTC,1.40461,1.40453,0.0012,0.00116
14.10.2025 15:52:10.127 UTC,1.4046,1.4045,0.0012,0.00116
14.10.2025 15:52:10.231 UTC,1.40462,1.40449,0.0012,0.00176
14.10.2025 15:52:10.435 UTC,1.40462,1.40449,0.00135,0.00132
14.10.2025 15:52:10.537 UTC,1.40462,1.40449,0.0012,0.00237
14.10.2025 15:52:10.742 UTC,1.40462,1.40449,0.00135,0.00132
14.10.2025 15:52:11.909 UTC,1.4046,1.40449,0.0012,0.00116
14.10.2025 15:52:12.554 UTC,1.4046,1.40448,0.0012,0.00222
14.10.2025 15:52:12.706 UTC,1.40459,1.40449,0.0012,0.00237
14.10.2025 15:52:12.909 UTC,1.4046,1.40448,0.0012,0.00192
14.10.2025 15:52:13.012 UTC,1.4046,1.40448,0.0012,0.00237
14.10.2025 15:52:13.114 UTC,1.40459,1.40449,0.0012,0.00222
14.10.2025 15:52:13.317 UTC,1.40459,1.40449,0.0012,0.00237
14.10.2025 15:52:13.418 UTC,1.40459,1.40449,0.0012,0.00192
14.10.2025 15:52:13.573 UTC,1.4046,1.40448,0.0012,0.00237
14.10.2025 15:52:14.539 UTC,1.4046,1.40448,0.0012,0.00282
14.10.2025 15:52:14.642 UTC,1.4046,1.40448,0.0012,0.00237
14.10.2025 15:52:14.744 UTC,1.40459,1.40449,0.0012,0.00192
14.10.2025 15:52:15.101 UTC,1.4046,1.40448,0.0012,0.00327
14.10.2025 15:52:15.153 UTC,1.40461,1.4045,0.0012,0.00135
14.10.2025 15:52:15.256 UTC,1.40461,1.40451,0.00135,0.00116
14.10.2025 15:52:15.358 UTC,1.40462,1.40449,0.00135,0.00116
14.10.2025 15:52:15.715 UTC,1.40456,1.40445,0.0012,0.0024
14.10.2025 15:52:15.767 UTC,1.40455,1.40442,0.0012,0.0012
14.10.2025 15:52:15.870 UTC,1.40454,1.40442,0.0012,0.00177
14.10.2025 15:52:16.176 UTC,1.40457,1.40446,0.0012,0.00116
14.10.2025 15:52:16.384 UTC,1.40457,1.40448,0.0012,0.0018
14.10.2025 15:52:16.487 UTC,1.40457,1.40448,0.0012,0.00135
14.10.2025 15:52:18.820 UTC,1.40458,1.40449,0.0012,0.0012
14.10.2025 15:52:18.872 UTC,1.4046,1.40449,0.0012,0.0018
14.10.2025 15:52:19.024 UTC,1.4046,1.4045,0.0012,0.0012
14.10.2025 15:52:19.329 UTC,1.40461,1.40448,0.0012,0.0018
14.10.2025 15:52:19.466 UTC,1.4046,1.40449,0.0012,0.0024
14.10.2025 15:52:19.570 UTC,1.40461,1.40448,0.0012,0.00225
14.10.2025 15:52:20.274 UTC,1.40461,1.40448,0.00135,0.00237
14.10.2025 15:52:21.036 UTC,1.40461,1.4045,0.0012,0.00147
14.10.2025 15:52:26.586 UTC,1.40462,1.40449,0.0012,0.00252
14.10.2025 15:52:30.464 UTC,1.40462,1.40449,0.0012,0.00192
14.10.2025 15:52:30.919 UTC,1.40461,1.4045,0.0012,0.00192
14.10.2025 15:52:33.535 UTC,1.40462,1.4045,0.00135,0.00132
14.10.2025 15:52:33.791 UTC,1.40462,1.4045,0.0012,0.00192
14.10.2025 15:52:37.322 UTC,1.4046,1.4045,0.0012,0.00252
14.10.2025 15:52:38.335 UTC,1.40461,1.40448,0.0012,0.00234
14.10.2025 15:52:39.095 UTC,1.40455,1.40447,0.0012,0.00132
14.10.2025 15:52:39.198 UTC,1.40455,1.40443,0.0012,0.00132
14.10.2025 15:52:42.174 UTC,1.40454,1.40444,0.0012,0.00132
14.10.2025 15:52:42.630 UTC,1.40454,1.40443,0.0012,0.00132
14.10.2025 15:52:45.983 UTC,1.40453,1.40444,0.0012,0.00132
14.10.2025 15:52:46.086 UTC,1.40454,1.40443,0.0012,0.00132
14.10.2025 15:52:46.646 UTC,1.40455,1.40443,0.0012,0.00147
14.10.2025 15:52:47.005 UTC,1.40456,1.40448,0.0012,0.0012
14.10.2025 15:52:47.108 UTC,1.40461,1.4045,0.0012,0.00132
14.10.2025 15:52:47.313 UTC,1.40461,1.40448,0.0012,0.00459
14.10.2025 15:52:47.416 UTC,1.4046,1.40448,0.0012,0.00192
14.10.2025 15:52:47.720 UTC,1.4046,1.40448,0.0012,0.00372
14.10.2025 15:52:47.823 UTC,1.4046,1.40449,0.0012,0.00132
14.10.2025 15:52:49.339 UTC,1.4046,1.40449,0.0012,0.00237
14.10.2025 15:52:50.400 UTC,1.40461,1.40449,0.0012,0.00207
14.10.2025 15:52:51.313 UTC,1.40461,1.40449,0.0012,0.00147
14.10.2025 15:52:51.567 UTC,1.40461,1.4045,0.0012,0.00147
14.10.2025 15:52:51.874 UTC,1.4046,1.4045,0.0012,0.00147
14.10.2025 15:52:53.341 UTC,1.40459,1.40449,0.0012,0.00237
14.10.2025 15:52:56.058 UTC,1.40455,1.40445,0.0012,0.00128
14.10.2025 15:52:56.215 UTC,1.40455,1.40444,0.0012,0.00189
14.10.2025 15:52:57.938 UTC,1.40456,1.40446,0.0012,0.00132
14.10.2025 15:52:58.140 UTC,1.40456,1.40445,0.0012,0.00189
14.10.2025 15:53:00.664 UTC,1.40455,1.40444,0.0012,0.00147
14.10.2025 15:53:00.969 UTC,1.40454,1.40443,0.0012,0.00192
14.10.2025 15:53:01.921 UTC,1.40453,1.40443,0.0012,0.00147
14.10.2025 15:53:03.481 UTC,1.40453,1.40442,0.0012,0.00132
14.10.2025 15:53:03.889 UTC,1.40453,1.40441,0.0012,0.00147
14.10.2025 15:53:03.991 UTC,1.40453,1.40441,0.0012,0.00237
14.10.2025 15:53:07.526 UTC,1.40453,1.40444,0.0012,0.00132
14.10.2025 15:53:07.629 UTC,1.40455,1.40444,0.0012,0.00132
14.10.2025 15:53:08.391 UTC,1.40454,1.40443,0.0012,0.00147
14.10.2025 15:53:09.799 UTC,1.40453,1.40444,0.0012,0.00192
14.10.2025 15:53:10.155 UTC,1.40453,1.40444,0.0012,0.0012
14.10.2025 15:53:10.963 UTC,1.40454,1.40443,0.0012,0.0018
14.10.2025 15:53:11.067 UTC,1.40454,1.40445,0.0012,0.0012
14.10.2025 15:53:11.119 UTC,1.40455,1.40443,0.0012,0.00135
14.10.2025 15:53:12.784 UTC,1.40455,1.40442,0.00225,0.00225
14.10.2025 15:53:13.037 UTC,1.40455,1.40442,0.0018,0.00195
14.10.2025 15:53:13.290 UTC,1.40455,1.40442,0.0018,0.0024
14.10.2025 15:53:13.995 UTC,1.40455,1.40442,0.00225,0.00225
14.10.2025 15:53:18.374 UTC,1.40453,1.40441,0.0012,0.00225
14.10.2025 15:53:18.477 UTC,1.4045,1.40441,0.0012,0.0012
14.10.2025 15:53:18.580 UTC,1.40451,1.40442,0.0012,0.00315
14.10.2025 15:53:19.087 UTC,1.40445,1.40437,0.0012,0.0012
14.10.2025 15:53:19.139 UTC,1.40444,1.40434,0.0012,0.0018
14.10.2025 15:53:19.191 UTC,1.40444,1.40432,0.0012,0.0012
14.10.2025 15:53:19.295 UTC,1.40444,1.40431,0.0012,0.00312
14.10.2025 15:53:19.397 UTC,1.40444,1.40432,0.0012,0.0012
14.10.2025 15:53:19.852 UTC,1.40444,1.40436,0.0012,0.0018
14.10.2025 15:53:20.005 UTC,1.40444,1.40432,0.0012,0.00144
14.10.2025 15:53:20.310 UTC,1.40443,1.40433,0.0012,0.00192
14.10.2025 15:53:21.672 UTC,1.40444,1.40432,0.0012,0.00192
14.10.2025 15:53:22.029 UTC,1.40443,1.40431,0.0012,0.00426
14.10.2025 15:53:22.131 UTC,1.40443,1.40431,0.0012,0.00324
14.10.2025 15:53:22.535 UTC,1.40443,1.40431,0.0012,0.0033
14.10.2025 15:53:22.636 UTC,1.40443,1.40431,0.0012,0.0027
14.10.2025 15:53:23.542 UTC,1.40442,1.40431,0.0012,0.00225
14.10.2025 15:53:24.043 UTC,1.40441,1.40432,0.0012,0.00192
14.10.2025 15:53:24.145 UTC,1.40441,1.40432,0.0012,0.00144
14.10.2025 15:53:24.600 UTC,1.40442,1.40431,0.0012,0.00192
14.10.2025 15:53:24.852 UTC,1.40442,1.40431,0.0012,0.00144
14.10.2025 15:53:24.953 UTC,1.40442,1.40431,0.0012,0.00192
14.10.2025 15:53:26.258 UTC,1.40443,1.40432,0.0012,0.00204
14.10.2025 15:53:27.418 UTC,1.40442,1.40433,0.0012,0.00204
14.10.2025 15:53:28.225 UTC,1.40444,1.40432,0.0012,0.00204
14.10.2025 15:53:31.888 UTC,1.40443,1.40433,0.0012,0.00184
14.10.2025 15:53:33.879 UTC,1.40444,1.40432,0.0012,0.00184
14.10.2025 15:53:34.081 UTC,1.40443,1.40433,0.0012,0.00184
14.10.2025 15:53:34.986 UTC,1.40443,1.40434,0.0012,0.00204
14.10.2025 15:53:35.992 UTC,1.40444,1.40433,0.0012,0.00216
14.10.2025 15:53:36.747 UTC,1.40444,1.40432,0.0012,0.00204
14.10.2025 15:53:37.762 UTC,1.40443,1.40434,0.0012,0.00252
14.10.2025 15:53:38.371 UTC,1.40444,1.40433,0.0012,0.00192
14.10.2025 15:53:38.774 UTC,1.40445,1.40433,0.0012,0.00192
14.10.2025 15:53:39.529 UTC,1.40444,1.40434,0.0012,0.00192
14.10.2025 15:53:40.860 UTC,1.40445,1.40433,0.0012,0.00192
14.10.2025 15:53:41.917 UTC,1.40444,1.40434,0.0012,0.00192
14.10.2025 15:53:44.740 UTC,1.40446,1.40435,0.0012,0.00132
14.10.2025 15:53:44.843 UTC,1.40447,1.40435,0.0012,0.00147
14.10.2025 15:53:45.957 UTC,1.40448,1.40437,0.0012,0.00252
14.10.2025 15:53:46.009 UTC,1.40451,1.40441,0.0012,0.00132
14.10.2025 15:53:46.112 UTC,1.40453,1.40443,0.0012,0.00132
14.10.2025 15:53:46.215 UTC,1.40453,1.40441,0.0012,0.00132
14.10.2025 15:53:49.096 UTC,1.40453,1.40443,0.0012,0.00132
14.10.2025 15:53:49.199 UTC,1.40454,1.40442,0.0012,0.00237
14.10.2025 15:53:50.158 UTC,1.40454,1.40442,0.0012,0.00252
14.10.2025 15:53:50.260 UTC,1.40455,1.40443,0.0012,0.00147
14.10.2025 15:53:51.455 UTC,1.40455,1.40443,0.0012,0.00192
14.10.2025 15:53:57.702 UTC,1.40454,1.40444,0.0012,0.00237
14.10.2025 15:53:59.215 UTC,1.40456,1.40443,0.0012,0.00252
14.10.2025 15:54:01.806 UTC,1.40456,1.40443,0.0012,0.00342
14.10.2025 15:54:01.960 UTC,1.40456,1.40447,0.00135,0.00132
14.10.2025 15:54:02.063 UTC,1.40459,1.40446,0.00135,0.00192
14.10.2025 15:54:02.167 UTC,1.40462,1.40452,0.0012,0.0012
14.10.2025 15:54:02.271 UTC,1.40465,1.40452,0.0018,0.00192
14.10.2025 15:54:02.526 UTC,1.40464,1.40452,0.0012,0.00192
14.10.2025 15:54:05.353 UTC,1.40464,1.40454,0.0012,0.00132
14.10.2025 15:54:05.457 UTC,1.40467,1.40455,0.0012,0.00132
14.10.2025 15:54:07.229 UTC,1.40468,1.40457,0.0012,0.00297
14.10.2025 15:54:07.356 UTC,1.40468,1.40457,0.0012,0.00237
14.10.2025 15:54:08.016 UTC,1.40469,1.40456,0.0012,0.00252
14.10.2025 15:54:08.825 UTC,1.40471,1.40458,0.0012,0.00342
14.10.2025 15:54:08.929 UTC,1.4047,1.40459,0.0012,0.00327
14.10.2025 15:54:09.083 UTC,1.40471,1.40458,0.0012,0.00147
14.10.2025 15:54:09.489 UTC,1.40469,1.40458,0.0012,0.00192
14.10.2025 15:54:10.147 UTC,1.40469,1.40456,0.0018,0.00192
14.10.2025 15:54:10.249 UTC,1.40468,1.40455,0.0012,0.00237
14.10.2025 15:54:10.351 UTC,1.40468,1.40455,0.0012,0.00192
14.10.2025 15:54:11.917 UTC,1.40467,1.40456,0.0012,0.00132
14.10.2025 15:54:12.374 UTC,1.40467,1.40455,0.00135,0.00192
14.10.2025 15:54:12.477 UTC,1.40467,1.40454,0.00315,0.00132
14.10.2025 15:54:13.741 UTC,1.40467,1.40455,0.0012,0.00132
14.10.2025 15:54:14.097 UTC,1.40467,1.40454,0.0018,0.00342
14.10.2025 15:54:14.200 UTC,1.40468,1.40455,0.0012,0.00252
14.10.2025 15:54:15.503 UTC,1.40467,1.40455,0.0012,0.00192
14.10.2025 15:54:15.607 UTC,1.40466,1.40455,0.0027,0.00132
14.10.2025 15:54:23.315 UTC,1.40466,1.40455,0.0033,0.00132
14.10.2025 15:54:23.518 UTC,1.40466,1.40455,0.00315,0.00132
14.10.2025 15:54:27.897 UTC,1.40466,1.40452,0.00225,0.00237
14.10.2025 15:54:27.949 UTC,1.40466,1.40452,0.0018,0.00342
14.10.2025 15:54:28.052 UTC,1.40467,1.40454,0.0018,0.00192
14.10.2025 15:54:29.767 UTC,1.40468,1.40455,0.00225,0.00282
14.10.2025 15:54:30.728 UTC,1.40468,1.40455,0.0033,0.00132
14.10.2025 15:54:30.980 UTC,1.40468,1.40455,0.0027,0.00147
14.10.2025 15:54:31.838 UTC,1.40467,1.40456,0.00315,0.00132
14.10.2025 15:54:32.141 UTC,1.40468,1.40455,0.00315,0.00132
14.10.2025 15:54:32.343 UTC,1.40467,1.40456,0.00315,0.00132
14.10.2025 15:54:33.447 UTC,1.40468,1.40455,0.00315,0.00132
14.10.2025 15:54:33.650 UTC,1.40468,1.40457,0.0012,0.00147
14.10.2025 15:54:33.706 UTC,1.40471,1.4046,0.0012,0.00132
14.10.2025 15:54:33.811 UTC,1.40473,1.4046,0.0027,0.00132
14.10.2025 15:54:33.914 UTC,1.40472,1.40459,0.0012,0.00132
14.10.2025 15:54:34.216 UTC,1.4047,1.40458,0.0012,0.00192
14.10.2025 15:54:34.476 UTC,1.4047,1.40457,0.0018,0.00327
14.10.2025 15:54:35.888 UTC,1.4047,1.40457,0.0012,0.00192
14.10.2025 15:54:36.745 UTC,1.40469,1.40458,0.0012,0.00192
14.10.2025 15:54:36.797 UTC,1.40471,1.4046,0.00225,0.00144
14.10.2025 15:54:37.204 UTC,1.40472,1.40459,0.00135,0.00237
14.10.2025 15:54:37.307 UTC,1.40473,1.4046,0.0012,0.00237
14.10.2025 15:54:42.103 UTC,1.40471,1.40459,0.0012,0.00252
14.10.2025 15:54:44.600 UTC,1.4047,1.40461,0.0012,0.00147
14.10.2025 15:54:44.703 UTC,1.4047,1.4046,0.0012,0.00252
14.10.2025 15:54:45.860 UTC,1.4047,1.4046,0.0012,0.00207
14.10.2025 15:54:46.666 UTC,1.40472,1.4046,0.0012,0.00132
14.10.2025 15:54:47.673 UTC,1.40471,1.40459,0.0012,0.00252
14.10.2025 15:54:47.776 UTC,1.40472,1.40461,0.0012,0.00132
14.10.2025 15:54:47.879 UTC,1.40472,1.40461,0.0012,0.00192
14.10.2025 15:54:48.133 UTC,1.40473,1.40461,0.0012,0.00192
14.10.2025 15:54:48.691 UTC,1.40473,1.40463,0.0012,0.00147
14.10.2025 15:54:49.355 UTC,1.40472,1.40463,0.0012,0.00135
14.10.2025 15:54:49.610 UTC,1.40472,1.40463,0.0012,0.0018
14.10.2025 15:54:49.713 UTC,1.40473,1.40461,0.0012,0.0024
14.10.2025 15:54:50.310 UTC,1.40473,1.40461,0.0012,0.00135
14.10.2025 15:54:50.413 UTC,1.40472,1.40461,0.0012,0.00147
14.10.2025 15:54:55.151 UTC,1.40471,1.40461,0.0012,0.0018
14.10.2025 15:54:55.253 UTC,1.40471,1.40461,0.0012,0.00135
14.10.2025 15:54:55.906 UTC,1.40472,1.4046,0.0012,0.0018
14.10.2025 15:54:56.158 UTC,1.40471,1.40463,0.0012,0.0012
14.10.2025 15:54:56.512 UTC,1.40471,1.40459,0.0012,0.0018
14.10.2025 15:54:59.055 UTC,1.40469,1.40458,0.0012,0.00402
14.10.2025 15:55:00.016 UTC,1.40469,1.40459,0.0012,0.00135
14.10.2025 15:55:00.119 UTC,1.4047,1.40459,0.0012,0.0012
14.10.2025 15:55:00.220 UTC,1.40469,1.40459,0.0012,0.00135
14.10.2025 15:55:00.576 UTC,1.4047,1.40458,0.0012,0.0024
14.10.2025 15:55:00.829 UTC,1.4047,1.40458,0.0012,0.00225
14.10.2025 15:55:00.932 UTC,1.40468,1.40459,0.0012,0.00135
14.10.2025 15:55:01.035 UTC,1.40467,1.40454,0.0012,0.00426
14.10.2025 15:55:01.137 UTC,1.40467,1.40454,0.0012,0.00366
14.10.2025 15:55:01.239 UTC,1.40467,1.40455,0.0012,0.0012
14.10.2025 15:55:01.291 UTC,1.40466,1.40458,0.0012,0.0012
14.10.2025 15:55:01.395 UTC,1.40468,1.40457,0.0012,0.00135
14.10.2025 15:55:02.357 UTC,1.4047,1.40458,0.0012,0.0012
14.10.2025 15:55:03.972 UTC,1.40469,1.40459,0.0012,0.0018
14.10.2025 15:55:04.678 UTC,1.40469,1.40459,0.0012,0.00135
14.10.2025 15:55:06.060 UTC,1.4047,1.40458,0.0012,0.0018
14.10.2025 15:55:06.264 UTC,1.4047,1.40458,0.0012,0.00135
14.10.2025 15:55:06.469 UTC,1.40468,1.40456,0.0012,0.0024
14.10.2025 15:55:06.572 UTC,1.40468,1.40457,0.0012,0.00135
14.10.2025 15:55:06.624 UTC,1.40466,1.40456,0.0012,0.00135
14.10.2025 15:55:07.283 UTC,1.40465,1.40453,0.0012,0.00327
14.10.2025 15:55:07.387 UTC,1.40464,1.40451,0.0012,0.00597
14.10.2025 15:55:07.539 UTC,1.40464,1.40451,0.0012,0.0036
14.10.2025 15:55:07.641 UTC,1.40463,1.40451,0.0012,0.0027
14.10.2025 15:55:07.795 UTC,1.40463,1.40452,0.0012,0.0012
14.10.2025 15:55:07.898 UTC,1.40464,1.40453,0.0012,0.00135
14.10.2025 15:55:11.367 UTC,1.40465,1.40454,0.00135,0.00135
14.10.2025 15:55:11.720 UTC,1.40465,1.40454,0.0012,0.0018
14.10.2025 15:55:11.822 UTC,1.40466,1.40453,0.00135,0.00135
14.10.2025 15:55:12.779 UTC,1.40465,1.40454,0.0012,0.00285
14.10.2025 15:55:12.981 UTC,1.40466,1.40453,0.0012,0.0027
14.10.2025 15:55:13.636 UTC,1.40466,1.40455,0.0012,0.00225
14.10.2025 15:55:13.739 UTC,1.40467,1.40455,0.0012,0.00135
14.10.2025 15:55:13.791 UTC,1.40471,1.40459,0.00189,0.00315
14.10.2025 15:55:13.893 UTC,1.40472,1.40459,0.00192,0.0012
14.10.2025 15:55:13.996 UTC,1.40472,1.40458,0.00192,0.00315
14.10.2025 15:55:14.200 UTC,1.40472,1.40458,0.00234,0.0027
14.10.2025 15:55:14.757 UTC,1.40471,1.40458,0.0012,0.0018
14.10.2025 15:55:15.199 UTC,1.40471,1.40458,0.00249,0.0012
14.10.2025 15:55:15.303 UTC,1.40471,1.40457,0.00144,0.00315
14.10.2025 15:55:15.507 UTC,1.40471,1.40457,0.00135,0.0033
14.10.2025 15:55:17.377 UTC,1.40471,1.40457,0.0012,0.00285
14.10.2025 15:55:17.480 UTC,1.40472,1.4046,0.0012,0.0012
14.10.2025 15:55:18.442 UTC,1.40473,1.4046,0.0018,0.0027
14.10.2025 15:55:18.545 UTC,1.40473,1.40462,0.00234,0.0012
14.10.2025 15:55:19.053 UTC,1.40472,1.40461,0.00189,0.0018
14.10.2025 15:55:21.725 UTC,1.40473,1.4046,0.00189,0.0024
14.10.2025 15:55:22.630 UTC,1.40472,1.40461,0.00234,0.00225
14.10.2025 15:55:23.286 UTC,1.40473,1.4046,0.00237,0.0018
14.10.2025 15:55:24.091 UTC,1.40472,1.40463,0.0012,0.0012
14.10.2025 15:55:24.448 UTC,1.40472,1.40459,0.0012,0.00204
14.10.2025 15:55:25.608 UTC,1.40472,1.40459,0.00225,0.00234
14.10.2025 15:55:26.014 UTC,1.40471,1.4046,0.00249,0.0018
14.10.2025 15:55:27.022 UTC,1.40471,1.40459,0.0012,0.00192
14.10.2025 15:55:27.777 UTC,1.40471,1.40458,0.0012,0.00192
14.10.2025 15:55:28.283 UTC,1.4047,1.40459,0.00192,0.0012
14.10.2025 15:55:28.387 UTC,1.40468,1.40456,0.0012,0.0018
14.10.2025 15:55:28.490 UTC,1.40467,1.40456,0.0012,0.0012
14.10.2025 15:55:28.592 UTC,1.40467,1.40455,0.0012,0.00225
14.10.2025 15:55:28.746 UTC,1.40467,1.40454,0.0012,0.00189
14.10.2025 15:55:28.850 UTC,1.40464,1.40453,0.0012,0.00116
14.10.2025 15:55:28.953 UTC,1.40462,1.40453,0.0012,0.0012
14.10.2025 15:55:29.309 UTC,1.40461,1.4045,0.00279,0.0012
14.10.2025 15:55:29.412 UTC,1.4046,1.40447,0.0012,0.00324
14.10.2025 15:55:30.070 UTC,1.40461,1.40448,0.0012,0.00339
14.10.2025 15:55:30.172 UTC,1.40461,1.40448,0.0012,0.00387
14.10.2025 15:55:31.134 UTC,1.40461,1.40453,0.0012,0.0012
14.10.2025 15:55:31.237 UTC,1.40463,1.40452,0.0012,0.0012
14.10.2025 15:55:33.056 UTC,1.40463,1.40451,0.0012,0.00135
14.10.2025 15:55:36.134 UTC,1.40463,1.40452,0.0012,0.0012
14.10.2025 15:55:39.212 UTC,1.40464,1.40454,0.0012,0.00135
14.10.2025 15:55:39.315 UTC,1.40466,1.40453,0.00225,0.00315
14.10.2025 15:55:39.721 UTC,1.40466,1.40453,0.00147,0.00225
14.10.2025 15:55:41.819 UTC,1.40464,1.40453,0.00237,0.00135
14.10.2025 15:55:41.971 UTC,1.40465,1.40452,0.00147,0.00135
14.10.2025 15:55:42.528 UTC,1.40464,1.40451,0.00147,0.00285
14.10.2025 15:55:42.832 UTC,1.40463,1.40453,0.0012,0.0012
14.10.2025 15:55:42.984 UTC,1.40464,1.40451,0.0012,0.00135
14.10.2025 15:55:48.725 UTC,1.40464,1.40451,0.00195,0.0018
14.10.2025 15:55:48.776 UTC,1.40464,1.40451,0.0012,0.00225
14.10.2025 15:55:49.532 UTC,1.40464,1.40452,0.0012,0.0012
14.10.2025 15:55:49.977 UTC,1.40466,1.40453,0.00315,0.0012
14.10.2025 15:55:51.742 UTC,1.40467,1.40455,0.00135,0.0012
14.10.2025 15:55:51.895 UTC,1.40468,1.40455,0.00414,0.0012
14.10.2025 15:55:52.850 UTC,1.40466,1.40456,0.0012,0.0012
14.10.2025 15:55:53.404 UTC,1.40466,1.40454,0.00279,0.0027
14.10.2025 15:55:53.859 UTC,1.40466,1.40454,0.0027,0.00339
14.10.2025 15:55:53.962 UTC,1.40465,1.40454,0.0012,0.00225
14.10.2025 15:55:55.472 UTC,1.40467,1.40453,0.00225,0.00249
14.10.2025 15:55:55.825 UTC,1.40467,1.40457,0.0027,0.00132
14.10.2025 15:55:55.929 UTC,1.40468,1.40459,0.0012,0.0012
14.10.2025 15:55:56.385 UTC,1.40467,1.40459,0.0012,0.00225
14.10.2025 15:55:57.995 UTC,1.40468,1.40457,0.0012,0.00315
14.10.2025 15:55:58.098 UTC,1.40467,1.40457,0.0012,0.0012
14.10.2025 15:55:58.302 UTC,1.40468,1.40457,0.0012,0.00144
14.10.2025 15:55:59.056 UTC,1.40469,1.40458,0.00132,0.00315
14.10.2025 15:56:01.113 UTC,1.40469,1.40456,0.0012,0.00249
14.10.2025 15:56:01.215 UTC,1.40469,1.40458,0.00144,0.00135
14.10.2025 15:56:01.318 UTC,1.40468,1.40455,0.00327,0.0012
14.10.2025 15:56:01.421 UTC,1.40466,1.40455,0.00324,0.0012
14.10.2025 15:56:01.676 UTC,1.40467,1.40454,0.00237,0.0012
14.10.2025 15:56:01.779 UTC,1.40466,1.40453,0.00189,0.0012
14.10.2025 15:56:03.850 UTC,1.40467,1.40455,0.0012,0.00237
14.10.2025 15:56:03.902 UTC,1.40468,1.40458,0.00135,0.00132
14.10.2025 15:56:03.955 UTC,1.40469,1.40459,0.00135,0.0027
14.10.2025 15:56:04.058 UTC,1.40469,1.40458,0.00135,0.0027
14.10.2025 15:56:04.616 UTC,1.40469,1.40459,0.00135,0.0012
14.10.2025 15:56:05.071 UTC,1.40468,1.40459,0.00135,0.0012
14.10.2025 15:56:05.880 UTC,1.40471,1.40458,0.00324,0.00135
14.10.2025 15:56:06.134 UTC,1.4047,1.40459,0.0012,0.0024
14.10.2025 15:56:06.236 UTC,1.40471,1.40458,0.00135,0.00225
14.10.2025 15:56:06.742 UTC,1.4047,1.40457,0.00135,0.00225
14.10.2025 15:56:06.845 UTC,1.4047,1.40457,0.00132,0.0024
14.10.2025 15:56:06.997 UTC,1.40469,1.40458,0.0012,0.0018
14.10.2025 15:56:09.105 UTC,1.40468,1.40457,0.0012,0.00225
14.10.2025 15:56:09.208 UTC,1.40466,1.40456,0.0012,0.0018
14.10.2025 15:56:09.765 UTC,1.40466,1.40455,0.0012,0.0018
14.10.2025 15:56:10.170 UTC,1.40468,1.40455,0.0018,0.00387
14.10.2025 15:56:10.273 UTC,1.40469,1.40456,0.00135,0.00234
14.10.2025 15:56:10.880 UTC,1.40469,1.40456,0.0012,0.00339
14.10.2025 15:56:10.983 UTC,1.40468,1.40456,0.00135,0.0012
14.10.2025 15:56:11.689 UTC,1.40468,1.40457,0.00135,0.0018
14.10.2025 15:56:11.842 UTC,1.40467,1.40457,0.0012,0.0012
14.10.2025 15:56:12.348 UTC,1.40469,1.40456,0.0012,0.0018
14.10.2025 15:56:12.903 UTC,1.40468,1.40456,0.0012,0.0012
14.10.2025 15:56:13.811 UTC,1.40468,1.40455,0.00225,0.0036
14.10.2025 15:56:13.914 UTC,1.40467,1.40455,0.00225,0.0018
14.10.2025 15:56:15.163 UTC,1.40467,1.40455,0.0024,0.0018
14.10.2025 15:56:15.517 UTC,1.40464,1.40456,0.00135,0.0018
14.10.2025 15:56:15.721 UTC,1.40465,1.40455,0.0024,0.0018
14.10.2025 15:56:16.026 UTC,1.40465,1.40455,0.00225,0.0018
14.10.2025 15:56:18.047 UTC,1.40465,1.40452,0.00225,0.00135
14.10.2025 15:56:19.704 UTC,1.40463,1.40451,0.00225,0.0012
14.10.2025 15:56:19.807 UTC,1.40463,1.4045,0.00225,0.0018
14.10.2025 15:56:21.618 UTC,1.40463,1.4045,0.0018,0.0024
14.10.2025 15:56:23.009 UTC,1.40464,1.40451,0.0018,0.0024
14.10.2025 15:56:23.111 UTC,1.40463,1.40452,0.0018,0.00225
14.10.2025 15:56:23.971 UTC,1.40465,1.40452,0.0018,0.0018
14.10.2025 15:56:24.074 UTC,1.40465,1.40452,0.00225,0.00135
14.10.2025 15:56:24.484 UTC,1.40464,1.40453,0.0018,0.0024
14.10.2025 15:56:24.736 UTC,1.40464,1.40453,0.00225,0.00225
14.10.2025 15:56:31.428 UTC,1.40465,1.40452,0.0024,0.0018
14.10.2025 15:56:32.135 UTC,1.40465,1.40452,0.00225,0.00225
14.10.2025 15:56:32.741 UTC,1.40464,1.40453,0.0024,0.0018
14.10.2025 15:56:32.893 UTC,1.40464,1.40453,0.00225,0.0018
14.10.2025 15:56:35.104 UTC,1.40465,1.40452,0.0024,0.0018
14.10.2025 15:56:35.715 UTC,1.40465,1.40454,0.0018,0.00249
14.10.2025 15:56:35.818 UTC,1.40467,1.40454,0.00135,0.00135
14.10.2025 15:56:38.494 UTC,1.40467,1.40454,0.0018,0.0012
14.10.2025 15:56:38.800 UTC,1.40467,1.40454,0.0012,0.00192
14.10.2025 15:56:38.903 UTC,1.40471,1.40461,0.0027,0.0018
14.10.2025 15:56:40.065 UTC,1.40471,1.4046,0.0012,0.0012
14.10.2025 15:56:45.043 UTC,1.40471,1.40459,0.0012,0.0018
14.10.2025 15:56:45.247 UTC,1.40471,1.40457,0.00315,0.00324
14.10.2025 15:56:45.299 UTC,1.40469,1.40457,0.0012,0.0012
14.10.2025 15:56:45.402 UTC,1.40469,1.40458,0.00225,0.0012
14.10.2025 15:56:45.708 UTC,1.40471,1.40458,0.0012,0.00225
14.10.2025 15:56:45.810 UTC,1.4047,1.40461,0.0012,0.0012
14.10.2025 15:56:47.226 UTC,1.40471,1.40461,0.0012,0.0012
14.10.2025 15:56:48.943 UTC,1.40471,1.40462,0.0012,0.0012
14.10.2025 15:56:51.244 UTC,1.40471,1.40461,0.0012,0.0012
14.10.2025 15:56:51.349 UTC,1.4047,1.40459,0.00135,0.0012
14.10.2025 15:56:51.401 UTC,1.40468,1.40458,0.0012,0.0012
14.10.2025 15:56:51.453 UTC,1.4047,1.40457,0.00144,0.0018
14.10.2025 15:56:51.505 UTC,1.4047,1.40457,0.00147,0.0018
14.10.2025 15:56:51.556 UTC,1.4047,1.40457,0.00144,0.0018
14.10.2025 15:56:54.787 UTC,1.40468,1.40456,0.0012,0.0018
14.10.2025 15:56:54.891 UTC,1.40466,1.40454,0.0012,0.0012
14.10.2025 15:56:54.995 UTC,1.40467,1.40456,0.00405,0.00225
14.10.2025 15:56:55.098 UTC,1.40467,1.40455,0.0012,0.00234
14.10.2025 15:56:55.602 UTC,1.40468,1.40455,0.00225,0.00135
14.10.2025 15:56:57.214 UTC,1.40468,1.40455,0.0024,0.0012
14.10.2025 15:56:58.609 UTC,1.40466,1.40456,0.0018,0.0012
14.10.2025 15:57:00.780 UTC,1.40466,1.40456,0.00135,0.0012
14.10.2025 15:57:05.415 UTC,1.40467,1.40456,0.00225,0.0012
14.10.2025 15:57:07.178 UTC,1.40467,1.40457,0.0018,0.0012
14.10.2025 15:57:07.583 UTC,1.40468,1.40457,0.0012,0.0012
14.10.2025 15:57:07.635 UTC,1.40469,1.40459,0.0012,0.0012
14.10.2025 15:57:10.109 UTC,1.40469,1.4046,0.0012,0.0012
14.10.2025 15:57:10.213 UTC,1.40465,1.40456,0.0018,0.0012
14.10.2025 15:57:12.226 UTC,1.40467,1.40455,0.00225,0.0012
14.10.2025 15:57:12.328 UTC,1.40466,1.40455,0.0012,0.0012
14.10.2025 15:57:17.060 UTC,1.40465,1.40455,0.00135,0.0012
14.10.2025 15:57:17.917 UTC,1.40466,1.40455,0.00135,0.0012
14.10.2025 15:57:19.698 UTC,1.40467,1.40457,0.0012,0.0012
14.10.2025 15:57:20.655 UTC,1.4047,1.40457,0.00225,0.0012
14.10.2025 15:57:24.329 UTC,1.40469,1.40458,0.00315,0.0012
14.10.2025 15:57:24.381 UTC,1.40468,1.40456,0.0024,0.0012
14.10.2025 15:57:24.484 UTC,1.40467,1.40455,0.00135,0.0012
14.10.2025 15:57:24.836 UTC,1.40467,1.40455,0.0018,0.0012
14.10.2025 15:57:25.171 UTC,1.40467,1.40455,0.00135,0.0012
14.10.2025 15:57:25.324 UTC,1.40466,1.40455,0.0012,0.0012
14.10.2025 15:57:29.099 UTC,1.40466,1.40456,0.0012,0.0012
14.10.2025 15:57:29.711 UTC,1.40466,1.40455,0.0012,0.0012
14.10.2025 15:57:31.878 UTC,1.40464,1.40456,0.0012,0.0012
14.10.2025 15:57:32.855 UTC,1.40466,1.40453,0.0033,0.0012
14.10.2025 15:57:33.361 UTC,1.40465,1.40454,0.00315,0.00135
14.10.2025 15:57:33.463 UTC,1.40466,1.40453,0.0033,0.0012
14.10.2025 15:57:35.629 UTC,1.40466,1.40454,0.00315,0.0012
14.10.2025 15:57:35.731 UTC,1.40465,1.40454,0.0012,0.00279
14.10.2025 15:57:35.783 UTC,1.40467,1.40454,0.0012,0.0018
14.10.2025 15:57:35.835 UTC,1.40465,1.40454,0.00315,0.0018
14.10.2025 15:57:35.937 UTC,1.40465,1.40453,0.0018,0.0012
14.10.2025 15:57:36.243 UTC,1.40462,1.40449,0.0012,0.00234
14.10.2025 15:57:36.296 UTC,1.40459,1.40448,0.0012,0.0027
14.10.2025 15:57:36.398 UTC,1.40459,1.40449,0.0018,0.0012
14.10.2025 15:57:36.601 UTC,1.4046,1.40447,0.0018,0.0027
14.10.2025 15:57:39.079 UTC,1.40458,1.40448,0.0012,0.0012
14.10.2025 15:57:39.131 UTC,1.40457,1.40444,0.0012,0.0018
14.10.2025 15:57:39.284 UTC,1.40456,1.40444,0.0012,0.0018
14.10.2025 15:57:40.246 UTC,1.40455,1.40444,0.0012,0.00279
14.10.2025 15:57:40.348 UTC,1.40456,1.40444,0.0012,0.0012
14.10.2025 15:57:42.804 UTC,1.40456,1.40446,0.0018,0.0012
14.10.2025 15:57:42.907 UTC,1.40455,1.40447,0.0027,0.0012
14.10.2025 15:57:43.010 UTC,1.40456,1.40445,0.0012,0.0012
14.10.2025 15:57:43.164 UTC,1.40454,1.40446,0.0012,0.0012
14.10.2025 15:57:43.316 UTC,1.40457,1.40445,0.0024,0.0012
14.10.2025 15:57:43.419 UTC,1.40454,1.40446,0.0012,0.0012
14.10.2025 15:57:43.521 UTC,1.40456,1.40445,0.00135,0.0012
14.10.2025 15:57:43.674 UTC,1.40455,1.40445,0.0012,0.0012
14.10.2025 15:57:43.776 UTC,1.40456,1.40445,0.00135,0.0012
14.10.2025 15:57:43.880 UTC,1.40458,1.40447,0.00225,0.0012
14.10.2025 15:57:44.186 UTC,1.40457,1.40448,0.0024,0.0012
14.10.2025 15:57:44.389 UTC,1.40458,1.40447,0.00225,0.0012
14.10.2025 15:57:44.590 UTC,1.40457,1.40447,0.00135,0.0012
14.10.2025 15:57:45.350 UTC,1.40458,1.40447,0.0012,0.0012
14.10.2025 15:57:45.453 UTC,1.40457,1.40448,0.0012,0.0012
14.10.2025 15:57:45.555 UTC,1.40458,1.40449,0.00225,0.0012
14.10.2025 15:57:45.810 UTC,1.40464,1.40452,0.0012,0.0012
14.10.2025 15:57:45.963 UTC,1.40462,1.40453,0.0018,0.0012
14.10.2025 15:57:46.269 UTC,1.40463,1.40453,0.0027,0.0012
14.10.2025 15:57:48.240 UTC,1.40463,1.40452,0.0012,0.0012
14.10.2025 15:57:50.233 UTC,1.40461,1.40453,0.00225,0.0012
14.10.2025 15:57:50.488 UTC,1.4046,1.40452,0.00135,0.0012
14.10.2025 15:57:50.540 UTC,1.40459,1.40448,0.00135,0.0012
14.10.2025 15:57:50.592 UTC,1.40456,1.40449,0.0012,0.0012
14.10.2025 15:57:50.796 UTC,1.40458,1.40448,0.0018,0.0012
14.10.2025 15:57:50.899 UTC,1.40458,1.40449,0.0012,0.0012
14.10.2025 15:57:51.052 UTC,1.4046,1.40448,0.00225,0.0012
14.10.2025 15:57:51.807 UTC,1.40458,1.40449,0.0012,0.0012
14.10.2025 15:57:52.010 UTC,1.40458,1.40448,0.0012,0.0012
14.10.2025 15:57:53.017 UTC,1.40458,1.40447,0.0012,0.00132
14.10.2025 15:57:53.370 UTC,1.40458,1.40448,0.00135,0.00132
14.10.2025 15:57:53.675 UTC,1.40457,1.40447,0.0012,0.00132
14.10.2025 15:57:53.829 UTC,1.40458,1.40447,0.0018,0.0012
14.10.2025 15:57:55.143 UTC,1.40457,1.40447,0.00135,0.0012
14.10.2025 15:57:55.295 UTC,1.40458,1.40447,0.00225,0.0012
14.10.2025 15:57:55.898 UTC,1.40457,1.40448,0.0024,0.0012
14.10.2025 15:57:56.002 UTC,1.40456,1.40447,0.00135,0.00132
14.10.2025 15:57:56.207 UTC,1.40457,1.40446,0.0024,0.0012
14.10.2025 15:57:56.310 UTC,1.40456,1.40446,0.0024,0.00132
14.10.2025 15:57:56.514 UTC,1.40457,1.40445,0.00225,0.00132
14.10.2025 15:57:56.616 UTC,1.40456,1.40446,0.0024,0.00132
14.10.2025 15:57:56.769 UTC,1.40457,1.40445,0.00225,0.00132
14.10.2025 15:57:57.325 UTC,1.40457,1.40445,0.0024,0.00132
14.10.2025 15:57:57.477 UTC,1.40456,1.40446,0.00225,0.00132
14.10.2025 15:57:57.579 UTC,1.40456,1.40446,0.0024,0.00132
14.10.2025 15:57:58.387 UTC,1.40458,1.40446,0.0012,0.00147
14.10.2025 15:57:58.768 UTC,1.4046,1.40448,0.00135,0.00132
14.10.2025 15:57:58.821 UTC,1.40461,1.4045,0.00225,0.00132
14.10.2025 15:57:58.977 UTC,1.40461,1.40451,0.00225,0.00132
14.10.2025 15:57:59.130 UTC,1.4046,1.40449,0.0012,0.00132
14.10.2025 15:58:00.093 UTC,1.40459,1.40448,0.0012,0.0012
14.10.2025 15:58:00.196 UTC,1.40456,1.40448,0.0012,0.00132
14.10.2025 15:58:00.350 UTC,1.40457,1.40447,0.0012,0.00132
14.10.2025 15:58:00.452 UTC,1.40457,1.40448,0.00135,0.00132
14.10.2025 15:58:01.969 UTC,1.40461,1.40449,0.00225,0.00132
14.10.2025 15:58:02.073 UTC,1.40463,1.40451,0.00135,0.00132
14.10.2025 15:58:02.226 UTC,1.40463,1.40452,0.0018,0.00192
14.10.2025 15:58:02.378 UTC,1.40462,1.40452,0.0012,0.00192
14.10.2025 15:58:03.135 UTC,1.40464,1.40451,0.00225,0.00132
14.10.2025 15:58:03.492 UTC,1.40464,1.40453,0.0012,0.00132
14.10.2025 15:58:04.756 UTC,1.40464,1.40454,0.00225,0.00132
14.10.2025 15:58:04.858 UTC,1.40464,1.40453,0.0012,0.00132
14.10.2025 15:58:11.102 UTC,1.40465,1.40454,0.00225,0.00132
14.10.2025 15:58:12.114 UTC,1.40467,1.40456,0.0012,0.00132
14.10.2025 15:58:12.219 UTC,1.40466,1.40455,0.0012,0.0012
14.10.2025 15:58:12.322 UTC,1.40464,1.40455,0.0018,0.0012
14.10.2025 15:58:12.425 UTC,1.40465,1.40453,0.0018,0.00132
14.10.2025 15:58:13.887 UTC,1.40464,1.40454,0.0018,0.00132
14.10.2025 15:58:13.988 UTC,1.40464,1.40454,0.00135,0.00132
14.10.2025 15:58:14.142 UTC,1.40465,1.40453,0.0018,0.00132
14.10.2025 15:58:14.244 UTC,1.40465,1.40453,0.00135,0.00132
14.10.2025 15:58:16.460 UTC,1.40465,1.40453,0.0024,0.0012
14.10.2025 15:58:21.038 UTC,1.40463,1.40452,0.00135,0.00132
14.10.2025 15:58:21.141 UTC,1.40463,1.40451,0.0018,0.00132
14.10.2025 15:58:21.244 UTC,1.4046,1.40449,0.00135,0.00132
14.10.2025 15:58:21.550 UTC,1.40461,1.40449,0.00135,0.00132
14.10.2025 15:58:21.854 UTC,1.40461,1.40449,0.0018,0.00132
14.10.2025 15:58:22.007 UTC,1.40461,1.40449,0.00135,0.00132
14.10.2025 15:58:23.726 UTC,1.40461,1.40449,0.0024,0.00132
14.10.2025 15:58:25.167 UTC,1.4046,1.4045,0.00135,0.00132
14.10.2025 15:58:25.270 UTC,1.40461,1.40449,0.00135,0.00132
14.10.2025 15:58:25.373 UTC,1.40461,1.40449,0.0018,0.00132
14.10.2025 15:58:25.726 UTC,1.40461,1.40449,0.00135,0.00132
14.10.2025 15:58:26.082 UTC,1.40462,1.40451,0.0018,0.00132
14.10.2025 15:58:26.186 UTC,1.40461,1.40452,0.0018,0.0012
14.10.2025 15:58:26.289 UTC,1.40462,1.40451,0.00135,0.0012
14.10.2025 15:58:26.392 UTC,1.40462,1.40451,0.0018,0.00132
14.10.2025 15:58:26.596 UTC,1.40462,1.40451,0.0012,0.00132
14.10.2025 15:58:26.698 UTC,1.40463,1.40451,0.00225,0.00132
14.10.2025 15:58:27.156 UTC,1.40463,1.40451,0.0024,0.00132
14.10.2025 15:58:28.423 UTC,1.40463,1.40451,0.00225,0.00132
14.10.2025 15:58:28.525 UTC,1.40462,1.40452,0.0024,0.00132
14.10.2025 15:58:28.627 UTC,1.40463,1.40451,0.00225,0.00132
14.10.2025 15:58:28.831 UTC,1.40462,1.40451,0.0012,0.00132
14.10.2025 15:58:29.035 UTC,1.40462,1.40452,0.00225,0.00132
14.10.2025 15:58:30.250 UTC,1.40463,1.40451,0.00135,0.00132
14.10.2025 15:58:30.352 UTC,1.40462,1.40452,0.00225,0.00132
14.10.2025 15:58:30.455 UTC,1.40463,1.40452,0.0012,0.00132
14.10.2025 15:58:30.915 UTC,1.40461,1.40451,0.00135,0.0012
14.10.2025 15:58:31.024 UTC,1.40459,1.40448,0.0018,0.0012
14.10.2025 15:58:31.127 UTC,1.40459,1.40449,0.0012,0.00132
14.10.2025 15:58:32.341 UTC,1.40458,1.40449,0.0012,0.00132
14.10.2025 15:58:32.748 UTC,1.40456,1.40447,0.00135,0.00132
14.10.2025 15:58:33.153 UTC,1.40456,1.40447,0.0018,0.00132
14.10.2025 15:58:33.507 UTC,1.40457,1.40446,0.00135,0.00132
14.10.2025 15:58:33.911 UTC,1.40455,1.40447,0.0012,0.00132
14.10.2025 15:58:34.218 UTC,1.4046,1.40447,0.00225,0.00192
14.10.2025 15:58:34.321 UTC,1.4046,1.40448,0.00135,0.00132
14.10.2025 15:58:34.576 UTC,1.4046,1.40448,0.0024,0.00132
14.10.2025 15:58:34.678 UTC,1.4046,1.40448,0.00225,0.00132
14.10.2025 15:58:36.396 UTC,1.4046,1.40449,0.0018,0.00132
14.10.2025 15:58:36.499 UTC,1.4046,1.4045,0.0024,0.0012
14.10.2025 15:58:36.551 UTC,1.40457,1.40448,0.0012,0.0012
14.10.2025 15:58:36.654 UTC,1.40457,1.40448,0.00135,0.00132
14.10.2025 15:58:36.862 UTC,1.40456,1.40447,0.00135,0.00132
14.10.2025 15:58:36.965 UTC,1.40455,1.40447,0.0012,0.00132
14.10.2025 15:58:37.068 UTC,1.40457,1.40446,0.00135,0.0012
14.10.2025 15:58:37.170 UTC,1.40457,1.40447,0.00225,0.00132
14.10.2025 15:58:37.274 UTC,1.4046,1.40447,0.0024,0.00132
14.10.2025 15:58:37.683 UTC,1.40459,1.40447,0.0018,0.00132
14.10.2025 15:58:37.786 UTC,1.40458,1.40448,0.0018,0.00132
14.10.2025 15:58:37.888 UTC,1.40459,1.40447,0.00135,0.00192
14.10.2025 15:58:37.989 UTC,1.40459,1.40447,0.0018,0.00192
14.10.2025 15:58:38.091 UTC,1.40458,1.40448,0.00135,0.00192
14.10.2025 15:58:39.566 UTC,1.40459,1.40449,0.0012,0.00147
14.10.2025 15:58:39.622 UTC,1.40463,1.4045,0.0027,0.00132
14.10.2025 15:58:39.881 UTC,1.40464,1.40451,0.0018,0.00132
14.10.2025 15:58:44.328 UTC,1.40463,1.40452,0.00234,0.00189
14.10.2025 15:58:46.936 UTC,1.40462,1.4045,0.0012,0.00144
14.10.2025 15:58:48.095 UTC,1.4046,1.40449,0.00225,0.0012
14.10.2025 15:58:48.198 UTC,1.4046,1.40447,0.0012,0.00225
14.10.2025 15:58:48.351 UTC,1.40459,1.40446,0.0012,0.00279
14.10.2025 15:58:49.062 UTC,1.40458,1.40448,0.0012,0.0012
14.10.2025 15:58:49.718 UTC,1.4046,1.40447,0.00135,0.00234
14.10.2025 15:58:49.822 UTC,1.40459,1.40449,0.0012,0.00144
14.10.2025 15:58:51.190 UTC,1.40459,1.40449,0.0012,0.00249
14.10.2025 15:58:51.291 UTC,1.40459,1.40449,0.0012,0.00234
14.10.2025 15:58:53.751 UTC,1.40461,1.40449,0.00225,0.0012
14.10.2025 15:58:57.126 UTC,1.40458,1.40448,0.0012,0.0012
14.10.2025 15:58:57.229 UTC,1.40459,1.40446,0.0018,0.00225
14.10.2025 15:58:57.985 UTC,1.40458,1.40446,0.0012,0.00225
14.10.2025 15:58:58.846 UTC,1.40459,1.40446,0.00135,0.00234
14.10.2025 15:58:58.948 UTC,1.40458,1.40448,0.00135,0.0012
14.10.2025 15:58:59.658 UTC,1.40459,1.40447,0.0018,0.0018
14.10.2025 15:58:59.963 UTC,1.40458,1.40448,0.0018,0.0012
14.10.2025 15:59:00.065 UTC,1.40458,1.40447,0.0012,0.0012
14.10.2025 15:59:01.027 UTC,1.40457,1.40447,0.0012,0.00225
14.10.2025 15:59:02.134 UTC,1.40459,1.40446,0.0018,0.00225
14.10.2025 15:59:02.386 UTC,1.40459,1.40446,0.0018,0.0024
14.10.2025 15:59:02.538 UTC,1.40458,1.40447,0.0018,0.00225
14.10.2025 15:59:03.142 UTC,1.40459,1.40446,0.0018,0.0024
14.10.2025 15:59:03.394 UTC,1.40459,1.40446,0.00225,0.00225
14.10.2025 15:59:04.248 UTC,1.4046,1.40448,0.0012,0.00144
14.10.2025 15:59:04.300 UTC,1.40462,1.40449,0.0012,0.00144
14.10.2025 15:59:04.403 UTC,1.40461,1.40448,0.00135,0.00282
14.10.2025 15:59:05.113 UTC,1.4046,1.40449,0.0012,0.00324
14.10.2025 15:59:05.512 UTC,1.40461,1.40448,0.0012,0.00339
14.10.2025 15:59:05.614 UTC,1.40462,1.40449,0.00225,0.00144
14.10.2025 15:59:05.868 UTC,1.40461,1.40449,0.00225,0.00324
14.10.2025 15:59:05.972 UTC,1.40461,1.40449,0.00135,0.0012
14.10.2025 15:59:06.632 UTC,1.4046,1.40449,0.0012,0.0012
14.10.2025 15:59:09.302 UTC,1.4046,1.40448,0.0012,0.00144
14.10.2025 15:59:09.757 UTC,1.40459,1.40449,0.0012,0.00192
14.10.2025 15:59:09.909 UTC,1.4046,1.40448,0.0012,0.00144
14.10.2025 15:59:10.162 UTC,1.4046,1.40448,0.0012,0.00249
14.10.2025 15:59:12.132 UTC,1.40459,1.40448,0.0012,0.00225
14.10.2025 15:59:12.235 UTC,1.40458,1.40448,0.00132,0.0012
14.10.2025 15:59:12.287 UTC,1.40456,1.40446,0.0012,0.00135
14.10.2025 15:59:14.185 UTC,1.40457,1.40446,0.0012,0.00144
14.10.2025 15:59:14.287 UTC,1.40457,1.40446,0.0012,0.00249
14.10.2025 15:59:14.643 UTC,1.40457,1.40449,0.0012,0.00135
14.10.2025 15:59:16.062 UTC,1.40458,1.40446,0.0012,0.00252
14.10.2025 15:59:16.165 UTC,1.40457,1.40445,0.0012,0.00234
14.10.2025 15:59:16.268 UTC,1.40456,1.40448,0.0012,0.0012
14.10.2025 15:59:16.675 UTC,1.40457,1.40448,0.0012,0.00225
14.10.2025 15:59:17.691 UTC,1.40456,1.40446,0.0012,0.0012
14.10.2025 15:59:18.550 UTC,1.40456,1.40445,0.0012,0.00144
14.10.2025 15:59:19.003 UTC,1.40456,1.40445,0.0012,0.00192
14.10.2025 15:59:19.207 UTC,1.40457,1.40446,0.0012,0.00147
14.10.2025 15:59:19.361 UTC,1.40457,1.40446,0.0012,0.00207
14.10.2025 15:59:19.463 UTC,1.40457,1.40448,0.0012,0.00144
14.10.2025 15:59:19.666 UTC,1.40458,1.40447,0.0012,0.00192
14.10.2025 15:59:21.808 UTC,1.40457,1.40447,0.0012,0.00144
14.10.2025 15:59:21.961 UTC,1.40457,1.40446,0.0012,0.00192
14.10.2025 15:59:22.667 UTC,1.40457,1.40446,0.0012,0.00144
14.10.2025 15:59:23.631 UTC,1.40455,1.40445,0.0012,0.00192
14.10.2025 15:59:23.734 UTC,1.40456,1.40446,0.0012,0.0012
14.10.2025 15:59:24.342 UTC,1.40456,1.40445,0.0012,0.0012
14.10.2025 15:59:24.698 UTC,1.40455,1.40444,0.0012,0.0012
14.10.2025 15:59:24.750 UTC,1.40453,1.40442,0.0018,0.00405
14.10.2025 15:59:24.802 UTC,1.40451,1.40441,0.0012,0.0027
14.10.2025 15:59:24.956 UTC,1.40449,1.40442,0.0012,0.0027
14.10.2025 15:59:26.675 UTC,1.4045,1.40442,0.0012,0.0036
14.10.2025 15:59:26.829 UTC,1.4045,1.40441,0.0012,0.0027
14.10.2025 15:59:28.700 UTC,1.40448,1.40441,0.0012,0.0027
14.10.2025 15:59:31.251 UTC,1.40449,1.40441,0.0012,0.0027
14.10.2025 15:59:33.879 UTC,1.40448,1.40441,0.0012,0.0027
14.10.2025 15:59:33.981 UTC,1.40447,1.40437,0.0012,0.00225
14.10.2025 15:59:35.342 UTC,1.40447,1.40438,0.0012,0.0012
14.10.2025 15:59:35.997 UTC,1.40447,1.40436,0.0012,0.0012
14.10.2025 15:59:36.049 UTC,1.40445,1.40435,0.0012,0.00189
14.10.2025 15:59:36.463 UTC,1.40445,1.40434,0.0012,0.00189
14.10.2025 15:59:38.306 UTC,1.40444,1.40436,0.0012,0.0012
14.10.2025 15:59:38.967 UTC,1.40446,1.40435,0.0012,0.00132
14.10.2025 15:59:39.019 UTC,1.40445,1.40438,0.0012,0.0012
14.10.2025 15:59:39.070 UTC,1.40446,1.40435,0.0012,0.00234
14.10.2025 15:59:39.172 UTC,1.40445,1.40437,0.0012,0.00144
14.10.2025 15:59:39.628 UTC,1.40445,1.40436,0.0012,0.00144
14.10.2025 15:59:42.211 UTC,1.40443,1.40434,0.0012,0.00225
14.10.2025 15:59:42.971 UTC,1.40444,1.40433,0.0012,0.0018
14.10.2025 15:59:43.073 UTC,1.40444,1.40433,0.0012,0.00135
14.10.2025 15:59:43.174 UTC,1.40443,1.40434,0.0012,0.0018
14.10.2025 15:59:43.277 UTC,1.40444,1.40433,0.0012,0.00135
14.10.2025 15:59:43.378 UTC,1.40444,1.40433,0.0012,0.0018
14.10.2025 15:59:43.780 UTC,1.40444,1.40433,0.0012,0.00135
14.10.2025 15:59:44.484 UTC,1.40444,1.40433,0.0012,0.0018
14.10.2025 15:59:47.776 UTC,1.40443,1.40434,0.0012,0.00195
14.10.2025 15:59:47.979 UTC,1.40444,1.40433,0.0012,0.0024
14.10.2025 15:59:49.235 UTC,1.40445,1.40434,0.0012,0.00192
14.10.2025 15:59:49.642 UTC,1.40446,1.40435,0.0012,0.00144
14.10.2025 15:59:49.847 UTC,1.40446,1.40434,0.0012,0.0018
14.10.2025 15:59:50.051 UTC,1.40445,1.40434,0.0012,0.0012
14.10.2025 15:59:50.204 UTC,1.40443,1.40434,0.0012,0.0012
14.10.2025 15:59:55.240 UTC,1.40443,1.40433,0.0012,0.00225
14.10.2025 15:59:55.393 UTC,1.40442,1.40434,0.0012,0.0024
14.10.2025 15:59:55.904 UTC,1.40445,1.40434,0.0012,0.00189
14.10.2025 15:59:56.211 UTC,1.40445,1.40433,0.0012,0.00207
14.10.2025 15:59:56.614 UTC,1.40445,1.40433,0.0012,0.00252
14.10.2025 15:59:56.971 UTC,1.40445,1.40434,0.0012,0.00237
14.10.2025 15:59:57.074 UTC,1.40444,1.40435,0.0012,0.00234
14.10.2025 15:59:57.684 UTC,1.40444,1.40432,0.0012,0.00234
14.10.2025 15:59:57.939 UTC,1.40444,1.40432,0.0012,0.00192
14.10.2025 15:59:58.648 UTC,1.40444,1.40432,0.0012,0.00132
14.10.2025 15:59:58.750 UTC,1.40444,1.40432,0.0012,0.00192
14.10.2025 15:59:59.103 UTC,1.40444,1.40432,0.0012,0.00144
14.10.2025 15:59:59.608 UTC,1.40442,1.40431,0.0012,0.00189