UTC,Ask,Bid,Ask Volume,Bid Volume
28.10.2025 17:00:01.002 UTC,1.39422,1.39411,0.0012,0.0018
28.10.2025 17:00:07.484 UTC,1.39423,1.3941,0.0012,0.00285
28.10.2025 17:00:13.520 UTC,1.39423,1.39412,0.0012,0.00294
28.10.2025 17:00:13.674 UTC,1.39424,1.39411,0.0012,0.00294
28.10.2025 17:00:15.136 UTC,1.39424,1.39411,0.0012,0.00249
28.10.2025 17:00:16.094 UTC,1.39423,1.39411,0.0012,0.00195
28.10.2025 17:00:16.199 UTC,1.39421,1.3941,0.0012,0.0018
28.10.2025 17:00:20.071 UTC,1.3942,1.3941,0.0012,0.00192
28.10.2025 17:00:24.621 UTC,1.3942,1.3941,0.0012,0.00132
28.10.2025 17:00:24.723 UTC,1.39421,1.39409,0.0012,0.00132
28.10.2025 17:00:29.240 UTC,1.39421,1.39411,0.0012,0.0018
28.10.2025 17:00:31.001 UTC,1.39422,1.39411,0.0012,0.0018
28.10.2025 17:00:39.383 UTC,1.39421,1.39408,0.00144,0.0024
28.10.2025 17:00:39.487 UTC,1.3942,1.39407,0.00132,0.0018
28.10.2025 17:00:39.538 UTC,1.3942,1.39407,0.00132,0.00135
28.10.2025 17:00:46.715 UTC,1.39417,1.39405,0.0012,0.0018
28.10.2025 17:00:46.869 UTC,1.39417,1.39405,0.0012,0.00135
28.10.2025 17:00:47.074 UTC,1.39417,1.39405,0.0012,0.0018
28.10.2025 17:00:47.178 UTC,1.39419,1.39406,0.00132,0.00135
28.10.2025 17:00:47.331 UTC,1.39419,1.39407,0.00132,0.00135
28.10.2025 17:00:47.485 UTC,1.39417,1.39406,0.0012,0.00285
28.10.2025 17:00:47.588 UTC,1.39416,1.39406,0.0012,0.00249
28.10.2025 17:00:48.399 UTC,1.39419,1.39405,0.00189,0.00294
28.10.2025 17:00:49.308 UTC,1.3942,1.39407,0.00234,0.00225
28.10.2025 17:00:51.124 UTC,1.39421,1.39408,0.00132,0.00135
28.10.2025 17:00:51.880 UTC,1.39421,1.39408,0.0012,0.00135
28.10.2025 17:00:51.983 UTC,1.3942,1.39409,0.0018,0.0024
28.10.2025 17:00:52.440 UTC,1.39421,1.39409,0.0012,0.0018
28.10.2025 17:00:53.350 UTC,1.39421,1.39409,0.0012,0.00135
28.10.2025 17:00:53.604 UTC,1.39421,1.39409,0.0012,0.0018
28.10.2025 17:00:54.415 UTC,1.39422,1.3941,0.0012,0.0018
28.10.2025 17:00:58.174 UTC,1.39421,1.3941,0.0012,0.0018
28.10.2025 17:00:58.227 UTC,1.39421,1.39409,0.0012,0.0018
28.10.2025 17:00:58.481 UTC,1.39422,1.39409,0.00234,0.0018
28.10.2025 17:00:58.686 UTC,1.39421,1.39408,0.00144,0.0018
28.10.2025 17:01:00.304 UTC,1.39421,1.39408,0.00204,0.0018
28.10.2025 17:01:00.407 UTC,1.39419,1.39409,0.00132,0.00135
28.10.2025 17:01:00.560 UTC,1.39421,1.39408,0.00237,0.00135
28.10.2025 17:01:01.018 UTC,1.39421,1.39408,0.00297,0.00135
28.10.2025 17:01:01.271 UTC,1.3942,1.39409,0.00282,0.00135
28.10.2025 17:01:02.482 UTC,1.3942,1.39409,0.00189,0.00135
28.10.2025 17:01:02.889 UTC,1.39419,1.39409,0.0012,0.00135
28.10.2025 17:01:02.993 UTC,1.39419,1.39408,0.00147,0.0024
28.10.2025 17:01:03.097 UTC,1.39418,1.39406,0.00132,0.0018
28.10.2025 17:01:04.486 UTC,1.39417,1.39406,0.0012,0.0018
28.10.2025 17:01:05.194 UTC,1.39417,1.39406,0.00135,0.00135
28.10.2025 17:01:08.674 UTC,1.39416,1.39407,0.0012,0.0018
28.10.2025 17:01:11.087 UTC,1.39416,1.39405,0.0012,0.0018
28.10.2025 17:01:12.479 UTC,1.39417,1.39405,0.0012,0.0018
28.10.2025 17:01:13.637 UTC,1.39414,1.39405,0.0012,0.0012
28.10.2025 17:01:13.741 UTC,1.39416,1.39403,0.0018,0.0024
28.10.2025 17:01:13.895 UTC,1.39415,1.39404,0.0018,0.0024
28.10.2025 17:01:14.603 UTC,1.39416,1.39405,0.0012,0.00285
28.10.2025 17:01:14.756 UTC,1.39417,1.39404,0.0012,0.00285
28.10.2025 17:01:15.618 UTC,1.39419,1.39406,0.0027,0.00135
28.10.2025 17:01:15.722 UTC,1.39418,1.39406,0.0012,0.00135
28.10.2025 17:01:15.826 UTC,1.39418,1.39406,0.0012,0.0018
28.10.2025 17:01:16.132 UTC,1.3942,1.39407,0.0012,0.00225
28.10.2025 17:01:16.237 UTC,1.39422,1.39409,0.0012,0.0012
28.10.2025 17:01:16.441 UTC,1.39423,1.39409,0.0018,0.0024
28.10.2025 17:01:17.302 UTC,1.39423,1.39409,0.0018,0.0018
28.10.2025 17:01:18.113 UTC,1.39422,1.3941,0.0018,0.0018
28.10.2025 17:01:19.477 UTC,1.39423,1.3941,0.0012,0.00192
28.10.2025 17:01:23.105 UTC,1.39424,1.39411,0.00225,0.0018
28.10.2025 17:01:23.509 UTC,1.39425,1.39414,0.0012,0.00132
28.10.2025 17:01:23.561 UTC,1.39428,1.39415,0.00135,0.0012
28.10.2025 17:01:23.665 UTC,1.39428,1.39415,0.0012,0.0018
28.10.2025 17:01:23.768 UTC,1.39427,1.39417,0.0012,0.0024
28.10.2025 17:01:23.872 UTC,1.39431,1.39418,0.0018,0.00225
28.10.2025 17:01:23.976 UTC,1.39431,1.39418,0.0012,0.0024
28.10.2025 17:01:24.079 UTC,1.39432,1.39419,0.0018,0.00135
28.10.2025 17:01:24.182 UTC,1.39432,1.39419,0.0018,0.0018
28.10.2025 17:01:24.285 UTC,1.39432,1.39419,0.0018,0.00135
28.10.2025 17:01:25.544 UTC,1.39431,1.39419,0.0012,0.0024
28.10.2025 17:01:25.697 UTC,1.39432,1.39419,0.0012,0.0018
28.10.2025 17:01:27.099 UTC,1.39433,1.3942,0.0012,0.00135
28.10.2025 17:01:27.254 UTC,1.39433,1.3942,0.0018,0.0018
28.10.2025 17:01:27.614 UTC,1.39431,1.39421,0.0012,0.0018
28.10.2025 17:01:27.717 UTC,1.39432,1.3942,0.0012,0.0018
28.10.2025 17:01:27.819 UTC,1.39431,1.39421,0.0012,0.0018
28.10.2025 17:01:30.949 UTC,1.39432,1.39421,0.00189,0.0018
28.10.2025 17:01:32.110 UTC,1.39432,1.39419,0.00234,0.0018
28.10.2025 17:01:32.669 UTC,1.39432,1.39419,0.00249,0.0018
28.10.2025 17:01:32.921 UTC,1.39431,1.3942,0.00234,0.0018
28.10.2025 17:01:33.529 UTC,1.39432,1.39419,0.00249,0.0018
28.10.2025 17:01:33.632 UTC,1.39432,1.39419,0.00189,0.0018
28.10.2025 17:01:33.889 UTC,1.39431,1.39419,0.0012,0.0024
28.10.2025 17:01:35.590 UTC,1.39431,1.3942,0.00225,0.0024
28.10.2025 17:01:36.095 UTC,1.3943,1.39418,0.00135,0.0018
28.10.2025 17:01:36.199 UTC,1.3943,1.39417,0.0012,0.0024
28.10.2025 17:01:36.605 UTC,1.3943,1.39418,0.0012,0.0018
28.10.2025 17:01:37.416 UTC,1.39429,1.39419,0.0012,0.0018
28.10.2025 17:01:37.674 UTC,1.3943,1.39419,0.0012,0.00285
28.10.2025 17:01:38.243 UTC,1.39431,1.39418,0.0012,0.00285
28.10.2025 17:01:38.346 UTC,1.39432,1.39419,0.0012,0.0018
28.10.2025 17:01:40.683 UTC,1.39433,1.39422,0.0012,0.00135
28.10.2025 17:01:40.735 UTC,1.39437,1.39425,0.00234,0.0012
28.10.2025 17:01:40.839 UTC,1.39436,1.39425,0.0012,0.0018
28.10.2025 17:01:40.943 UTC,1.39434,1.39421,0.0012,0.0018
28.10.2025 17:01:44.748 UTC,1.39432,1.39421,0.0012,0.0018
28.10.2025 17:01:44.903 UTC,1.39431,1.39421,0.0012,0.0018
28.10.2025 17:01:45.412 UTC,1.39433,1.3942,0.0018,0.0018
28.10.2025 17:01:48.434 UTC,1.39433,1.3942,0.00225,0.0018
28.10.2025 17:01:48.738 UTC,1.39432,1.39419,0.0012,0.0024
28.10.2025 17:01:49.394 UTC,1.39431,1.3942,0.0012,0.00285
28.10.2025 17:01:52.370 UTC,1.39432,1.39421,0.0012,0.00432
28.10.2025 17:01:52.474 UTC,1.39434,1.39421,0.0012,0.00294
28.10.2025 17:01:52.578 UTC,1.39434,1.39421,0.0012,0.00204
28.10.2025 17:01:54.308 UTC,1.39432,1.39423,0.0012,0.0018
28.10.2025 17:01:54.410 UTC,1.39433,1.39422,0.0012,0.00135
28.10.2025 17:01:54.667 UTC,1.39431,1.39421,0.0012,0.0018
28.10.2025 17:01:54.822 UTC,1.39431,1.39418,0.0012,0.0024
28.10.2025 17:01:56.195 UTC,1.39431,1.39419,0.0012,0.00195
28.10.2025 17:02:01.681 UTC,1.39432,1.39419,0.0018,0.00294
28.10.2025 17:02:01.787 UTC,1.39433,1.3942,0.0012,0.00195
28.10.2025 17:02:01.944 UTC,1.39435,1.39423,0.0012,0.0018
28.10.2025 17:02:02.099 UTC,1.39435,1.39422,0.0012,0.0018
28.10.2025 17:02:02.304 UTC,1.39435,1.39424,0.0012,0.00225
28.10.2025 17:02:02.357 UTC,1.39436,1.39423,0.0012,0.0024
28.10.2025 17:02:02.718 UTC,1.39435,1.39422,0.0012,0.00204
28.10.2025 17:02:02.874 UTC,1.39435,1.39423,0.0012,0.0018
28.10.2025 17:02:02.978 UTC,1.39435,1.39424,0.0018,0.00294
28.10.2025 17:02:03.081 UTC,1.39436,1.39423,0.0018,0.00204
28.10.2025 17:02:05.059 UTC,1.39436,1.39423,0.0018,0.0018
28.10.2025 17:02:05.421 UTC,1.39436,1.39424,0.0012,0.00195
28.10.2025 17:02:08.154 UTC,1.39434,1.39422,0.0012,0.0018
28.10.2025 17:02:08.258 UTC,1.39435,1.39422,0.0018,0.0018
28.10.2025 17:02:08.551 UTC,1.39435,1.39421,0.0018,0.0042
28.10.2025 17:02:09.514 UTC,1.39435,1.39421,0.0018,0.00384
28.10.2025 17:02:09.618 UTC,1.39432,1.39423,0.0012,0.00135
28.10.2025 17:02:09.772 UTC,1.39434,1.39422,0.0027,0.00135
28.10.2025 17:02:09.874 UTC,1.39434,1.39422,0.0018,0.0018
28.10.2025 17:02:12.549 UTC,1.39433,1.39421,0.0018,0.0012
28.10.2025 17:02:12.653 UTC,1.39431,1.39421,0.0012,0.0012
28.10.2025 17:02:16.345 UTC,1.3943,1.39422,0.0012,0.0012
28.10.2025 17:02:16.600 UTC,1.39431,1.39421,0.0012,0.0012
28.10.2025 17:02:17.160 UTC,1.39431,1.39422,0.0012,0.0012
28.10.2025 17:02:21.743 UTC,1.39431,1.3942,0.00225,0.0024
28.10.2025 17:02:21.846 UTC,1.39432,1.39419,0.00225,0.0024
28.10.2025 17:02:22.255 UTC,1.39432,1.3942,0.0012,0.0018
28.10.2025 17:02:22.408 UTC,1.39433,1.3942,0.0027,0.0018
28.10.2025 17:02:23.111 UTC,1.39433,1.3942,0.00315,0.0018
28.10.2025 17:02:23.267 UTC,1.39432,1.3942,0.0012,0.0018
28.10.2025 17:02:25.235 UTC,1.39432,1.39419,0.00225,0.0018
28.10.2025 17:02:25.340 UTC,1.39432,1.39419,0.0018,0.0018
28.10.2025 17:02:25.646 UTC,1.3943,1.3942,0.0012,0.0018
28.10.2025 17:02:25.850 UTC,1.39432,1.39419,0.0018,0.0018
28.10.2025 17:02:26.155 UTC,1.39432,1.39419,0.00192,0.0018
28.10.2025 17:02:28.368 UTC,1.39433,1.3942,0.00237,0.0018
28.10.2025 17:02:28.471 UTC,1.39433,1.3942,0.00192,0.0018
28.10.2025 17:02:28.882 UTC,1.39433,1.3942,0.00147,0.0018
28.10.2025 17:02:29.037 UTC,1.39431,1.39421,0.00132,0.00135
28.10.2025 17:02:29.293 UTC,1.39432,1.39419,0.00192,0.0018
28.10.2025 17:02:31.308 UTC,1.39432,1.39419,0.00282,0.0018
28.10.2025 17:02:33.117 UTC,1.39432,1.39419,0.0018,0.00375
28.10.2025 17:02:33.221 UTC,1.39433,1.39424,0.0012,0.0018
28.10.2025 17:02:33.325 UTC,1.39433,1.39423,0.00192,0.00135
28.10.2025 17:02:33.581 UTC,1.39434,1.39422,0.00192,0.0018
28.10.2025 17:02:34.897 UTC,1.39432,1.39422,0.00132,0.0024
28.10.2025 17:02:37.526 UTC,1.39431,1.39421,0.00132,0.0018
28.10.2025 17:02:39.794 UTC,1.39431,1.39422,0.0012,0.0018
28.10.2025 17:02:41.039 UTC,1.39432,1.39421,0.0018,0.00135
28.10.2025 17:02:41.599 UTC,1.39432,1.39419,0.00132,0.0024
28.10.2025 17:02:42.603 UTC,1.39431,1.39419,0.0012,0.0033
28.10.2025 17:02:43.665 UTC,1.39431,1.3942,0.0018,0.0024
28.10.2025 17:02:46.494 UTC,1.39432,1.39421,0.0027,0.00249
28.10.2025 17:02:46.854 UTC,1.39432,1.3942,0.0012,0.0018
28.10.2025 17:02:47.259 UTC,1.39433,1.3942,0.0012,0.00249
28.10.2025 17:02:47.463 UTC,1.39433,1.39422,0.0027,0.0024
28.10.2025 17:02:47.822 UTC,1.39432,1.39422,0.0012,0.0018
28.10.2025 17:02:54.311 UTC,1.39434,1.39422,0.0012,0.00189
28.10.2025 17:02:54.364 UTC,1.39436,1.39422,0.00292,0.00339
28.10.2025 17:02:54.467 UTC,1.39435,1.39423,0.0012,0.0018
28.10.2025 17:02:57.090 UTC,1.39436,1.39423,0.0027,0.0018
28.10.2025 17:02:57.891 UTC,1.39435,1.39423,0.00315,0.0018
28.10.2025 17:02:58.299 UTC,1.39434,1.39423,0.0012,0.0024
28.10.2025 17:02:58.656 UTC,1.39432,1.39422,0.0012,0.0018
28.10.2025 17:02:58.759 UTC,1.39433,1.3942,0.0018,0.0024
28.10.2025 17:02:58.863 UTC,1.39432,1.3942,0.0012,0.0018
28.10.2025 17:02:59.117 UTC,1.39433,1.3942,0.0018,0.0018
28.10.2025 17:02:59.726 UTC,1.39432,1.3942,0.0012,0.0024
28.10.2025 17:03:01.548 UTC,1.39432,1.39419,0.0018,0.0024
28.10.2025 17:03:01.754 UTC,1.39432,1.39419,0.0027,0.0024
28.10.2025 17:03:02.012 UTC,1.39431,1.39421,0.0012,0.0018
28.10.2025 17:03:03.428 UTC,1.39432,1.39421,0.0012,0.00204
28.10.2025 17:03:03.886 UTC,1.39432,1.3942,0.0012,0.0018
28.10.2025 17:03:09.782 UTC,1.39432,1.3942,0.00132,0.0018
28.10.2025 17:03:20.921 UTC,1.39433,1.3942,0.00192,0.0033
28.10.2025 17:03:23.083 UTC,1.39431,1.39421,0.00132,0.0012
28.10.2025 17:03:29.758 UTC,1.39432,1.3942,0.00132,0.0018
28.10.2025 17:03:31.020 UTC,1.39432,1.3942,0.00132,0.0012
28.10.2025 17:03:32.791 UTC,1.39432,1.39421,0.00327,0.0018
28.10.2025 17:03:32.894 UTC,1.39432,1.3942,0.00132,0.0018
28.10.2025 17:03:33.200 UTC,1.39432,1.3942,0.00147,0.0018
28.10.2025 17:03:34.006 UTC,1.39431,1.39421,0.00132,0.0018
28.10.2025 17:03:37.534 UTC,1.39433,1.3942,0.00417,0.0018
28.10.2025 17:03:37.842 UTC,1.39433,1.3942,0.00132,0.0018
28.10.2025 17:03:37.945 UTC,1.39433,1.3942,0.00132,0.0024
28.10.2025 17:03:39.162 UTC,1.39431,1.39421,0.00132,0.0018
28.10.2025 17:03:41.175 UTC,1.39432,1.3942,0.00132,0.0018
28.10.2025 17:03:41.936 UTC,1.39431,1.39421,0.00132,0.0018
28.10.2025 17:03:43.500 UTC,1.39431,1.39421,0.0012,0.00342
28.10.2025 17:03:44.459 UTC,1.39433,1.39421,0.0018,0.00252
28.10.2025 17:03:45.467 UTC,1.39432,1.3942,0.0012,0.00342
28.10.2025 17:03:46.987 UTC,1.39433,1.3942,0.00315,0.00192
28.10.2025 17:03:47.119 UTC,1.39431,1.39421,0.0012,0.00192
28.10.2025 17:03:47.421 UTC,1.39433,1.3942,0.00315,0.00342
28.10.2025 17:03:48.584 UTC,1.39433,1.3942,0.00225,0.00192
28.10.2025 17:03:49.640 UTC,1.39433,1.3942,0.0018,0.00342
28.10.2025 17:03:52.363 UTC,1.39433,1.3942,0.0018,0.00432
28.10.2025 17:03:55.286 UTC,1.39432,1.3942,0.0012,0.00192
28.10.2025 17:03:57.868 UTC,1.39433,1.39421,0.0018,0.00237
28.10.2025 17:04:00.282 UTC,1.39431,1.39421,0.0012,0.00342
28.10.2025 17:04:02.253 UTC,1.39433,1.3942,0.0027,0.00192
28.10.2025 17:04:03.416 UTC,1.39433,1.3942,0.00315,0.00144
28.10.2025 17:04:03.719 UTC,1.39432,1.39419,0.0012,0.00192
28.10.2025 17:04:15.912 UTC,1.39432,1.39419,0.0018,0.00342
28.10.2025 17:04:16.170 UTC,1.39432,1.3942,0.0012,0.00192
28.10.2025 17:04:25.521 UTC,1.39431,1.39421,0.0012,0.00192
28.10.2025 17:04:25.623 UTC,1.39432,1.3942,0.0012,0.00192
28.10.2025 17:04:30.091 UTC,1.39432,1.3942,0.0012,0.00342
28.10.2025 17:04:30.194 UTC,1.39434,1.39422,0.00225,0.00144
28.10.2025 17:04:30.297 UTC,1.39432,1.39423,0.0012,0.00192
28.10.2025 17:04:32.413 UTC,1.39434,1.39423,0.0018,0.00144
28.10.2025 17:04:32.516 UTC,1.39433,1.39423,0.0012,0.00432
28.10.2025 17:04:32.722 UTC,1.39435,1.39423,0.0012,0.00147
28.10.2025 17:04:32.824 UTC,1.39435,1.39423,0.0012,0.00327
28.10.2025 17:04:33.027 UTC,1.39436,1.39423,0.0027,0.00327
28.10.2025 17:04:33.079 UTC,1.39434,1.39423,0.0012,0.00327
28.10.2025 17:04:33.533 UTC,1.39434,1.39423,0.0012,0.00147
28.10.2025 17:04:36.956 UTC,1.39432,1.39424,0.0012,0.00144
28.10.2025 17:04:37.061 UTC,1.39432,1.39422,0.0012,0.00135
28.10.2025 17:04:37.208 UTC,1.39431,1.39421,0.0012,0.00192
28.10.2025 17:04:38.117 UTC,1.39432,1.39421,0.0012,0.00192
28.10.2025 17:04:39.073 UTC,1.39432,1.39419,0.0018,0.00522
28.10.2025 17:04:40.931 UTC,1.39431,1.39421,0.0018,0.00252
28.10.2025 17:04:42.288 UTC,1.39432,1.39422,0.0012,0.00192
28.10.2025 17:04:42.392 UTC,1.39431,1.39422,0.0012,0.00147
28.10.2025 17:04:42.895 UTC,1.39432,1.39422,0.0018,0.00147
28.10.2025 17:04:44.007 UTC,1.39434,1.39421,0.0027,0.00147
28.10.2025 17:04:44.110 UTC,1.39434,1.39421,0.0027,0.00417
28.10.2025 17:04:45.722 UTC,1.39432,1.3942,0.0012,0.00432
28.10.2025 17:04:45.825 UTC,1.39433,1.3942,0.0018,0.00432
28.10.2025 17:04:47.843 UTC,1.39434,1.39421,0.0027,0.00342
28.10.2025 17:04:47.947 UTC,1.39435,1.39425,0.0012,0.00192
28.10.2025 17:04:47.999 UTC,1.39437,1.39426,0.00495,0.00192
28.10.2025 17:04:48.197 UTC,1.39438,1.39427,0.0027,0.00192
28.10.2025 17:04:48.301 UTC,1.39439,1.39426,0.0027,0.00144
28.10.2025 17:04:48.505 UTC,1.39438,1.39427,0.0012,0.00147
28.10.2025 17:04:48.814 UTC,1.39438,1.39427,0.0012,0.00522
28.10.2025 17:04:49.224 UTC,1.39439,1.39428,0.0012,0.00327
28.10.2025 17:04:50.437 UTC,1.3944,1.39427,0.00135,0.00147
28.10.2025 17:04:50.996 UTC,1.39439,1.39428,0.00135,0.00147
28.10.2025 17:04:52.564 UTC,1.3944,1.39427,0.00135,0.00147
28.10.2025 17:04:55.340 UTC,1.3944,1.39427,0.00135,0.00237
28.10.2025 17:04:55.954 UTC,1.3944,1.39429,0.00135,0.00147
28.10.2025 17:04:56.564 UTC,1.39441,1.39428,0.0012,0.00342
28.10.2025 17:04:56.668 UTC,1.39442,1.39429,0.0018,0.00252
28.10.2025 17:04:57.526 UTC,1.39442,1.39429,0.0018,0.00342
28.10.2025 17:04:58.183 UTC,1.39442,1.39429,0.0018,0.00432
28.10.2025 17:04:59.095 UTC,1.39442,1.3943,0.0018,0.00192
28.10.2025 17:04:59.652 UTC,1.39443,1.39431,0.0018,0.00192
28.10.2025 17:04:59.856 UTC,1.39441,1.39432,0.0012,0.00192
28.10.2025 17:05:01.330 UTC,1.39443,1.3943,0.00225,0.00192
28.10.2025 17:05:03.449 UTC,1.39441,1.3943,0.0012,0.00192
28.10.2025 17:05:07.756 UTC,1.39441,1.39429,0.0012,0.00342
28.10.2025 17:05:07.858 UTC,1.39439,1.3943,0.0012,0.00342
28.10.2025 17:05:08.162 UTC,1.39442,1.39429,0.0027,0.00342
28.10.2025 17:05:08.465 UTC,1.39442,1.39429,0.0027,0.00192
28.10.2025 17:05:11.380 UTC,1.39441,1.3943,0.0027,0.00342
28.10.2025 17:05:12.137 UTC,1.39442,1.39429,0.0027,0.00192
28.10.2025 17:05:12.241 UTC,1.39441,1.39428,0.0012,0.00192
28.10.2025 17:05:12.344 UTC,1.3944,1.39427,0.0012,0.00252
28.10.2025 17:05:13.754 UTC,1.39439,1.39428,0.0018,0.00282
28.10.2025 17:05:15.966 UTC,1.39441,1.39429,0.0012,0.00192
28.10.2025 17:05:16.071 UTC,1.39442,1.39429,0.0018,0.00132
28.10.2025 17:05:16.278 UTC,1.39442,1.39429,0.0027,0.00477
28.10.2025 17:05:18.544 UTC,1.39441,1.39429,0.0012,0.00432
28.10.2025 17:05:23.899 UTC,1.39441,1.3943,0.0027,0.00432
28.10.2025 17:05:28.167 UTC,1.39441,1.39429,0.0012,0.0018
28.10.2025 17:05:28.633 UTC,1.39441,1.39428,0.00282,0.0018
28.10.2025 17:05:28.685 UTC,1.39439,1.39428,0.0012,0.00135
28.10.2025 17:05:28.887 UTC,1.3944,1.39428,0.00132,0.00135
28.10.2025 17:05:29.041 UTC,1.39441,1.39428,0.00279,0.00135
28.10.2025 17:05:29.243 UTC,1.3944,1.39428,0.0012,0.00135
28.10.2025 17:05:31.006 UTC,1.3944,1.39429,0.00189,0.0018
28.10.2025 17:05:31.110 UTC,1.39441,1.39428,0.0018,0.00195
28.10.2025 17:05:31.915 UTC,1.39441,1.39428,0.0018,0.00135
28.10.2025 17:05:34.538 UTC,1.3944,1.39428,0.0012,0.00135
28.10.2025 17:05:34.746 UTC,1.39441,1.39428,0.00189,0.00135
28.10.2025 17:05:36.966 UTC,1.3944,1.39427,0.0018,0.0018
28.10.2025 17:05:38.580 UTC,1.3944,1.39429,0.00189,0.00135
28.10.2025 17:05:38.683 UTC,1.39441,1.39428,0.0018,0.0018
28.10.2025 17:05:40.095 UTC,1.39441,1.3943,0.0018,0.00195
28.10.2025 17:05:40.198 UTC,1.39442,1.39429,0.0018,0.0018
28.10.2025 17:05:46.228 UTC,1.39441,1.39429,0.00135,0.0018
28.10.2025 17:05:46.331 UTC,1.3944,1.3943,0.00135,0.0018
28.10.2025 17:05:49.701 UTC,1.39442,1.39429,0.00324,0.0018
28.10.2025 17:05:51.260 UTC,1.39441,1.39429,0.00327,0.0018
28.10.2025 17:05:51.364 UTC,1.39439,1.39428,0.0012,0.0018
28.10.2025 17:05:51.773 UTC,1.39439,1.39426,0.0012,0.00285
28.10.2025 17:05:58.214 UTC,1.39438,1.39427,0.0018,0.0018
28.10.2025 17:05:58.470 UTC,1.39439,1.39426,0.0012,0.00195
28.10.2025 17:06:05.345 UTC,1.39439,1.39427,0.00135,0.00135
28.10.2025 17:06:05.953 UTC,1.39439,1.39427,0.0012,0.0018
28.10.2025 17:06:10.588 UTC,1.39439,1.39427,0.00135,0.00135
28.10.2025 17:06:10.691 UTC,1.39439,1.39427,0.0012,0.0018
28.10.2025 17:06:23.807 UTC,1.3944,1.39427,0.0012,0.00285
28.10.2025 17:06:23.910 UTC,1.39441,1.39427,0.0012,0.00342
28.10.2025 17:06:27.697 UTC,1.39441,1.39427,0.0018,0.00252
28.10.2025 17:06:29.516 UTC,1.3944,1.39429,0.0018,0.00132
28.10.2025 17:06:42.806 UTC,1.39442,1.39429,0.0018,0.00285
28.10.2025 17:06:42.910 UTC,1.39442,1.3943,0.0012,0.0018
28.10.2025 17:06:43.116 UTC,1.3944,1.39429,0.0012,0.0033
28.10.2025 17:06:43.168 UTC,1.3944,1.39429,0.0012,0.0024
28.10.2025 17:06:43.321 UTC,1.39441,1.39429,0.00324,0.0018
28.10.2025 17:06:48.608 UTC,1.39441,1.39428,0.0012,0.0024
28.10.2025 17:06:53.705 UTC,1.39441,1.39431,0.0012,0.0018
28.10.2025 17:06:53.810 UTC,1.39442,1.39434,0.0012,0.0018
28.10.2025 17:06:53.863 UTC,1.39446,1.39434,0.00279,0.00225
28.10.2025 17:06:53.966 UTC,1.39447,1.39433,0.00279,0.0018
28.10.2025 17:06:54.222 UTC,1.39446,1.39433,0.0012,0.0024
28.10.2025 17:06:54.376 UTC,1.39446,1.39433,0.00132,0.00225
28.10.2025 17:06:55.388 UTC,1.39445,1.39432,0.0018,0.0024
28.10.2025 17:06:57.049 UTC,1.39444,1.39433,0.0018,0.0024
28.10.2025 17:07:00.281 UTC,1.39447,1.39433,0.00279,0.00285
28.10.2025 17:07:00.436 UTC,1.39446,1.39433,0.0012,0.0024
28.10.2025 17:07:00.906 UTC,1.39446,1.39433,0.0018,0.0024
28.10.2025 17:07:01.009 UTC,1.39445,1.39432,0.0018,0.0033
28.10.2025 17:07:01.919 UTC,1.39445,1.39432,0.0018,0.00252
28.10.2025 17:07:02.631 UTC,1.39445,1.39434,0.00315,0.00237
28.10.2025 17:07:02.735 UTC,1.39446,1.39433,0.0018,0.00552
28.10.2025 17:07:02.839 UTC,1.39445,1.39433,0.0012,0.00252
28.10.2025 17:07:03.347 UTC,1.39444,1.39433,0.0012,0.00387
28.10.2025 17:07:05.112 UTC,1.39444,1.39433,0.0012,0.0018
28.10.2025 17:07:08.074 UTC,1.39445,1.39432,0.0027,0.00342
28.10.2025 17:07:11.581 UTC,1.39445,1.39433,0.0012,0.00342
28.10.2025 17:07:11.684 UTC,1.39446,1.39433,0.0012,0.00432
28.10.2025 17:07:11.789 UTC,1.39448,1.39435,0.0027,0.00282
28.10.2025 17:07:11.996 UTC,1.39448,1.39436,0.0018,0.00432
28.10.2025 17:07:12.404 UTC,1.39449,1.3944,0.0012,0.00282
28.10.2025 17:07:12.558 UTC,1.39451,1.39439,0.0012,0.00342
28.10.2025 17:07:13.820 UTC,1.39452,1.39439,0.0018,0.00432
28.10.2025 17:07:15.338 UTC,1.39453,1.39443,0.0012,0.00252
28.10.2025 17:07:15.442 UTC,1.39455,1.39445,0.0012,0.00132
28.10.2025 17:07:15.545 UTC,1.39458,1.39445,0.0027,0.00147
28.10.2025 17:07:15.648 UTC,1.39458,1.39445,0.0027,0.00417
28.10.2025 17:07:18.376 UTC,1.39459,1.39446,0.0012,0.00192
28.10.2025 17:07:19.136 UTC,1.39458,1.39445,0.0012,0.00192
28.10.2025 17:07:20.506 UTC,1.39453,1.39444,0.0012,0.00192
28.10.2025 17:07:20.610 UTC,1.39454,1.39443,0.0012,0.00192
28.10.2025 17:07:20.713 UTC,1.39454,1.39442,0.0027,0.00522
28.10.2025 17:07:21.265 UTC,1.39453,1.39443,0.0012,0.00192
28.10.2025 17:07:23.279 UTC,1.39455,1.39442,0.0018,0.00342
28.10.2025 17:07:24.187 UTC,1.39452,1.39442,0.0012,0.00192
28.10.2025 17:07:24.292 UTC,1.39451,1.39439,0.0012,0.00147
28.10.2025 17:07:24.395 UTC,1.39451,1.39438,0.0027,0.00192
28.10.2025 17:07:25.055 UTC,1.39451,1.39439,0.0012,0.00192
28.10.2025 17:07:25.159 UTC,1.3945,1.3944,0.0012,0.00192
28.10.2025 17:07:25.816 UTC,1.39451,1.39439,0.0012,0.00192
28.10.2025 17:07:28.094 UTC,1.39451,1.3944,0.0027,0.00192
28.10.2025 17:07:29.200 UTC,1.39452,1.39439,0.0027,0.00192
28.10.2025 17:07:30.698 UTC,1.39451,1.39439,0.0012,0.00192
28.10.2025 17:07:30.801 UTC,1.3945,1.3944,0.0012,0.00192
28.10.2025 17:07:38.558 UTC,1.39451,1.39439,0.0012,0.00192
28.10.2025 17:07:51.267 UTC,1.39451,1.3944,0.0018,0.00252
28.10.2025 17:07:55.258 UTC,1.39451,1.39439,0.0012,0.00192
28.10.2025 17:08:00.844 UTC,1.39452,1.39439,0.0018,0.00432
28.10.2025 17:08:01.050 UTC,1.39451,1.39439,0.0012,0.00252
28.10.2025 17:08:02.512 UTC,1.39454,1.39443,0.0012,0.00132
28.10.2025 17:08:02.605 UTC,1.39458,1.39445,0.00135,0.00192
28.10.2025 17:08:02.764 UTC,1.39457,1.39446,0.0012,0.00144
28.10.2025 17:08:02.867 UTC,1.39456,1.39445,0.0018,0.00192
28.10.2025 17:08:02.969 UTC,1.39453,1.39444,0.0012,0.0024
28.10.2025 17:08:03.021 UTC,1.39454,1.39441,0.0012,0.00342
28.10.2025 17:08:03.124 UTC,1.39455,1.39442,0.0018,0.00192
28.10.2025 17:08:03.887 UTC,1.39454,1.39443,0.0027,0.00252
28.10.2025 17:08:04.140 UTC,1.39455,1.39442,0.00315,0.00252
28.10.2025 17:08:08.819 UTC,1.39454,1.39441,0.0012,0.00252
28.10.2025 17:08:08.872 UTC,1.39451,1.39441,0.0012,0.00192
28.10.2025 17:08:08.925 UTC,1.3945,1.39441,0.0012,0.00132
28.10.2025 17:08:08.978 UTC,1.3945,1.39441,0.0012,0.00192
28.10.2025 17:08:09.233 UTC,1.39451,1.39438,0.0018,0.00342
28.10.2025 17:08:13.260 UTC,1.3945,1.39437,0.0012,0.00342
28.10.2025 17:08:13.372 UTC,1.39449,1.39437,0.0012,0.00234
28.10.2025 17:08:13.631 UTC,1.39443,1.39431,0.0012,0.00192
28.10.2025 17:08:13.786 UTC,1.39441,1.3943,0.0012,0.00252
28.10.2025 17:08:18.619 UTC,1.39442,1.39431,0.0018,0.00192
28.10.2025 17:08:18.722 UTC,1.39441,1.3943,0.0012,0.00192
28.10.2025 17:08:19.076 UTC,1.39442,1.3943,0.0012,0.00192
28.10.2025 17:08:24.495 UTC,1.39443,1.3943,0.0018,0.00192
28.10.2025 17:08:27.806 UTC,1.3944,1.39429,0.0012,0.00249
28.10.2025 17:08:27.910 UTC,1.39439,1.39428,0.0012,0.00342
28.10.2025 17:08:30.135 UTC,1.3944,1.39427,0.0012,0.00192
28.10.2025 17:08:30.188 UTC,1.39442,1.39429,0.0027,0.00132
28.10.2025 17:08:30.291 UTC,1.39442,1.39429,0.0027,0.00192
28.10.2025 17:08:36.517 UTC,1.39443,1.3943,0.0018,0.00252
28.10.2025 17:08:36.570 UTC,1.39443,1.39435,0.0012,0.00132
28.10.2025 17:08:36.674 UTC,1.39445,1.39435,0.0012,0.00249
28.10.2025 17:08:36.776 UTC,1.39445,1.39435,0.0012,0.00324
28.10.2025 17:08:38.039 UTC,1.39446,1.39434,0.0012,0.00192
28.10.2025 17:08:38.143 UTC,1.39445,1.39432,0.0012,0.00252
28.10.2025 17:08:38.246 UTC,1.39444,1.39433,0.0018,0.00342
28.10.2025 17:08:41.163 UTC,1.39445,1.39432,0.0018,0.00252
28.10.2025 17:08:43.950 UTC,1.39445,1.39433,0.0012,0.00237
28.10.2025 17:08:44.003 UTC,1.39448,1.39436,0.0012,0.00132
28.10.2025 17:08:44.106 UTC,1.39447,1.39437,0.0012,0.00192
28.10.2025 17:08:44.362 UTC,1.39449,1.39437,0.0012,0.00144
28.10.2025 17:08:48.491 UTC,1.39449,1.39437,0.0012,0.00147
28.10.2025 17:08:48.645 UTC,1.39449,1.39437,0.0012,0.00144
28.10.2025 17:08:50.914 UTC,1.39449,1.39437,0.0012,0.00147
28.10.2025 17:08:52.028 UTC,1.39449,1.39439,0.0012,0.00144
28.10.2025 17:08:52.132 UTC,1.39449,1.39439,0.0012,0.00192
28.10.2025 17:08:52.544 UTC,1.39451,1.39438,0.0018,0.00252
28.10.2025 17:08:52.950 UTC,1.39451,1.39438,0.0018,0.00387
28.10.2025 17:08:59.985 UTC,1.39452,1.3944,0.0012,0.00192
28.10.2025 17:09:00.994 UTC,1.39453,1.3944,0.00315,0.00192
28.10.2025 17:09:01.581 UTC,1.39452,1.3944,0.0012,0.00192
28.10.2025 17:09:03.398 UTC,1.39454,1.39443,0.0012,0.00132
28.10.2025 17:09:03.451 UTC,1.39458,1.39445,0.00135,0.00132
28.10.2025 17:09:03.555 UTC,1.39458,1.39447,0.0027,0.00252
28.10.2025 17:09:04.477 UTC,1.39458,1.39448,0.0012,0.00147
28.10.2025 17:09:07.350 UTC,1.3946,1.39448,0.0018,0.00252
28.10.2025 17:09:07.915 UTC,1.39461,1.39449,0.0012,0.00282
28.10.2025 17:09:08.070 UTC,1.39461,1.39448,0.0018,0.00432
28.10.2025 17:09:08.224 UTC,1.39461,1.39449,0.0012,0.00327
28.10.2025 17:09:08.327 UTC,1.3946,1.3945,0.0012,0.00342
28.10.2025 17:09:09.439 UTC,1.39461,1.39449,0.0012,0.00342
28.10.2025 17:09:10.396 UTC,1.39462,1.39449,0.0018,0.00342
28.10.2025 17:09:12.540 UTC,1.39461,1.39448,0.0012,0.00342
28.10.2025 17:09:12.643 UTC,1.39461,1.39448,0.00135,0.00327
28.10.2025 17:09:13.000 UTC,1.39461,1.39449,0.00135,0.00192
28.10.2025 17:09:14.315 UTC,1.3946,1.39449,0.00315,0.00432
28.10.2025 17:09:14.417 UTC,1.39461,1.39448,0.0027,0.00234
28.10.2025 17:09:14.520 UTC,1.39459,1.39449,0.0018,0.00144
28.10.2025 17:09:15.630 UTC,1.3946,1.39448,0.00135,0.00147
28.10.2025 17:09:17.347 UTC,1.3946,1.39448,0.0018,0.00144
28.10.2025 17:09:21.275 UTC,1.39459,1.39449,0.00135,0.00147
28.10.2025 17:09:23.440 UTC,1.3946,1.39449,0.00315,0.00147
28.10.2025 17:09:24.293 UTC,1.3946,1.39448,0.0012,0.00147
28.10.2025 17:09:24.698 UTC,1.3946,1.39449,0.0012,0.00192
28.10.2025 17:09:26.716 UTC,1.39462,1.39449,0.0018,0.00192
28.10.2025 17:09:28.125 UTC,1.39462,1.39451,0.0012,0.00207
28.10.2025 17:09:28.178 UTC,1.39464,1.39453,0.0012,0.00132
28.10.2025 17:09:28.333 UTC,1.39465,1.39452,0.00225,0.00192
28.10.2025 17:09:28.588 UTC,1.39463,1.39453,0.0012,0.00192
28.10.2025 17:09:30.080 UTC,1.39463,1.39452,0.0012,0.00192
28.10.2025 17:09:30.388 UTC,1.39462,1.39452,0.0018,0.00192
28.10.2025 17:09:30.491 UTC,1.39462,1.39451,0.0012,0.00144
28.10.2025 17:09:33.609 UTC,1.39462,1.39451,0.0012,0.00342
28.10.2025 17:09:34.269 UTC,1.39462,1.39452,0.0012,0.00327
28.10.2025 17:09:34.778 UTC,1.39462,1.39452,0.0012,0.00192
28.10.2025 17:09:35.181 UTC,1.39465,1.39454,0.0012,0.00132
28.10.2025 17:09:35.285 UTC,1.39466,1.39453,0.0018,0.00192
28.10.2025 17:09:35.337 UTC,1.39462,1.39453,0.0012,0.00147
28.10.2025 17:09:35.545 UTC,1.39463,1.39453,0.0012,0.00147
28.10.2025 17:09:35.750 UTC,1.39464,1.39453,0.0012,0.00147
28.10.2025 17:09:36.005 UTC,1.39465,1.39454,0.00225,0.00237
28.10.2025 17:09:36.157 UTC,1.39465,1.39453,0.0012,0.00147
28.10.2025 17:09:40.959 UTC,1.39466,1.39455,0.0012,0.00282
28.10.2025 17:09:41.011 UTC,1.39468,1.39456,0.0012,0.00132
28.10.2025 17:09:41.114 UTC,1.39468,1.39456,0.0012,0.00252
28.10.2025 17:09:41.166 UTC,1.3947,1.39456,0.0036,0.00252
28.10.2025 17:09:45.401 UTC,1.39469,1.39457,0.00315,0.00252
28.10.2025 17:09:45.555 UTC,1.3947,1.39456,0.00315,0.00252
28.10.2025 17:09:47.272 UTC,1.39469,1.39456,0.0012,0.00252
28.10.2025 17:09:48.079 UTC,1.3947,1.39456,0.00405,0.00147
28.10.2025 17:09:49.031 UTC,1.3947,1.39456,0.0033,0.00147
28.10.2025 17:09:53.065 UTC,1.39468,1.39457,0.0012,0.00282
28.10.2025 17:09:54.578 UTC,1.39469,1.39456,0.0012,0.00252
28.10.2025 17:09:54.682 UTC,1.39469,1.39456,0.0027,0.00144
28.10.2025 17:09:54.786 UTC,1.39469,1.39456,0.0027,0.00132
28.10.2025 17:09:54.888 UTC,1.39469,1.39456,0.0018,0.00192
28.10.2025 17:09:56.606 UTC,1.3947,1.39457,0.0018,0.00234
28.10.2025 17:09:56.761 UTC,1.3947,1.39458,0.00135,0.00132
28.10.2025 17:09:57.166 UTC,1.39469,1.39459,0.00135,0.00132
28.10.2025 17:09:59.379 UTC,1.3947,1.39458,0.0012,0.00132
28.10.2025 17:10:02.486 UTC,1.39471,1.39459,0.0012,0.00132
28.10.2025 17:10:02.590 UTC,1.39471,1.3946,0.00315,0.00132
28.10.2025 17:10:02.692 UTC,1.39472,1.39459,0.00225,0.00192
28.10.2025 17:10:03.301 UTC,1.39471,1.3946,0.00225,0.00192
28.10.2025 17:10:03.607 UTC,1.39473,1.39461,0.0018,0.00144
28.10.2025 17:10:04.865 UTC,1.39472,1.39461,0.0012,0.00135
28.10.2025 17:10:08.386 UTC,1.39471,1.39461,0.0012,0.00144
28.10.2025 17:10:09.626 UTC,1.39472,1.39461,0.0012,0.00144
28.10.2025 17:10:09.728 UTC,1.39471,1.39461,0.0012,0.00144
28.10.2025 17:10:11.086 UTC,1.39472,1.39461,0.0012,0.00144
28.10.2025 17:10:12.497 UTC,1.39472,1.39461,0.0012,0.00192
28.10.2025 17:10:14.155 UTC,1.39473,1.39461,0.00135,0.00192
28.10.2025 17:10:16.675 UTC,1.39473,1.39463,0.00315,0.00144
28.10.2025 17:10:17.030 UTC,1.39473,1.39462,0.0012,0.00144
28.10.2025 17:10:18.480 UTC,1.39477,1.39465,0.00135,0.00132
28.10.2025 17:10:18.539 UTC,1.39479,1.39468,0.00135,0.0012
28.10.2025 17:10:18.848 UTC,1.3948,1.39468,0.0027,0.0012
28.10.2025 17:10:20.015 UTC,1.39479,1.39468,0.0012,0.0012
28.10.2025 17:10:20.117 UTC,1.39479,1.39469,0.0012,0.0012
28.10.2025 17:10:30.167 UTC,1.39477,1.39469,0.0012,0.0012
28.10.2025 17:10:33.834 UTC,1.39478,1.39467,0.0012,0.00234
28.10.2025 17:10:34.538 UTC,1.39479,1.39468,0.0012,0.00324
28.10.2025 17:10:35.242 UTC,1.39479,1.39468,0.0012,0.00327
28.10.2025 17:10:35.544 UTC,1.3948,1.39467,0.0012,0.00327
28.10.2025 17:10:40.204 UTC,1.3948,1.39467,0.00225,0.00237
28.10.2025 17:10:47.048 UTC,1.39479,1.39468,0.00315,0.00144
28.10.2025 17:10:52.569 UTC,1.39478,1.39467,0.0012,0.00192
28.10.2025 17:10:52.775 UTC,1.3948,1.39466,0.00225,0.00192
28.10.2025 17:10:53.081 UTC,1.39479,1.39466,0.0012,0.00192
28.10.2025 17:10:54.744 UTC,1.3948,1.39466,0.00225,0.0018
28.10.2025 17:10:55.350 UTC,1.39478,1.39465,0.00135,0.0024
28.10.2025 17:10:55.455 UTC,1.39474,1.39461,0.00207,0.00172
28.10.2025 17:10:55.507 UTC,1.3947,1.3946,0.0012,0.0012
28.10.2025 17:10:55.662 UTC,1.3947,1.39457,0.00135,0.0018
28.10.2025 17:10:57.532 UTC,1.39469,1.39456,0.0012,0.0024
28.10.2025 17:11:01.298 UTC,1.39469,1.39456,0.0018,0.0018
28.10.2025 17:11:16.036 UTC,1.39469,1.39457,0.0018,0.0018
28.10.2025 17:11:16.141 UTC,1.39473,1.39461,0.00135,0.00192
28.10.2025 17:11:16.245 UTC,1.39477,1.39466,0.0012,0.0012
28.10.2025 17:11:16.348 UTC,1.39477,1.39466,0.0012,0.0018
28.10.2025 17:11:16.400 UTC,1.39479,1.39466,0.0012,0.0018
28.10.2025 17:11:17.056 UTC,1.39479,1.39466,0.0018,0.00144
28.10.2025 17:11:17.310 UTC,1.39479,1.39466,0.0012,0.00192
28.10.2025 17:11:18.122 UTC,1.3948,1.39467,0.0012,0.00135
28.10.2025 17:11:19.391 UTC,1.39476,1.39465,0.0012,0.0018
28.10.2025 17:11:19.443 UTC,1.39477,1.39464,0.0012,0.0012
28.10.2025 17:11:19.546 UTC,1.39478,1.39465,0.0012,0.00132
28.10.2025 17:11:19.649 UTC,1.39479,1.39466,0.0012,0.00135
28.10.2025 17:11:19.754 UTC,1.39479,1.3947,0.0024,0.0012
28.10.2025 17:11:19.858 UTC,1.39484,1.39474,0.00135,0.0012
28.10.2025 17:11:19.911 UTC,1.39484,1.39473,0.00135,0.0012
28.10.2025 17:11:20.014 UTC,1.39483,1.39472,0.0012,0.00135
28.10.2025 17:11:20.118 UTC,1.39483,1.3947,0.00225,0.0012
28.10.2025 17:11:20.524 UTC,1.39482,1.39471,0.00195,0.0012
28.10.2025 17:11:20.928 UTC,1.39483,1.39469,0.00285,0.00144
28.10.2025 17:11:21.482 UTC,1.39483,1.39469,0.0036,0.00144
28.10.2025 17:11:21.836 UTC,1.39483,1.39469,0.00375,0.00144
28.10.2025 17:11:23.176 UTC,1.39484,1.3947,0.0012,0.00282
28.10.2025 17:11:23.281 UTC,1.39486,1.39474,0.0042,0.0012
28.10.2025 17:11:23.385 UTC,1.39485,1.39473,0.0012,0.00135
28.10.2025 17:11:23.488 UTC,1.39484,1.39474,0.00195,0.0012
28.10.2025 17:11:23.897 UTC,1.39485,1.39473,0.0027,0.0012
28.10.2025 17:11:23.999 UTC,1.39484,1.39473,0.0012,0.0012
28.10.2025 17:11:24.765 UTC,1.39483,1.39472,0.0012,0.0012
28.10.2025 17:11:24.971 UTC,1.39484,1.39472,0.0012,0.0012
28.10.2025 17:11:25.226 UTC,1.39484,1.39474,0.0024,0.0012
28.10.2025 17:11:26.140 UTC,1.39484,1.39473,0.0033,0.0012
28.10.2025 17:11:26.243 UTC,1.39483,1.39472,0.0012,0.0012
28.10.2025 17:11:27.001 UTC,1.39482,1.39471,0.0018,0.0012
28.10.2025 17:11:27.053 UTC,1.39484,1.39472,0.00135,0.0012
28.10.2025 17:11:27.158 UTC,1.39485,1.39473,0.0018,0.0012
28.10.2025 17:11:27.261 UTC,1.39485,1.39473,0.00135,0.0012
28.10.2025 17:11:28.729 UTC,1.39484,1.39474,0.0012,0.0012
28.10.2025 17:11:28.933 UTC,1.39485,1.39473,0.0012,0.0012
28.10.2025 17:11:29.541 UTC,1.39485,1.39477,0.0012,0.0012
28.10.2025 17:11:29.594 UTC,1.39488,1.39476,0.0012,0.0012
28.10.2025 17:11:29.697 UTC,1.39489,1.39476,0.0027,0.0012
28.10.2025 17:11:29.801 UTC,1.39489,1.39477,0.00135,0.0012
28.10.2025 17:11:29.905 UTC,1.39489,1.39477,0.00285,0.0012
28.10.2025 17:11:30.160 UTC,1.39485,1.39475,0.00135,0.0012
28.10.2025 17:11:30.821 UTC,1.39485,1.39474,0.0012,0.0012
28.10.2025 17:11:31.093 UTC,1.39485,1.39475,0.0027,0.0012
28.10.2025 17:11:31.652 UTC,1.39485,1.39473,0.0018,0.0012
28.10.2025 17:11:32.510 UTC,1.39486,1.39473,0.00315,0.0012
28.10.2025 17:11:32.612 UTC,1.39485,1.39474,0.00375,0.0012
28.10.2025 17:11:32.766 UTC,1.39484,1.39474,0.00195,0.0012
28.10.2025 17:11:33.324 UTC,1.39485,1.39473,0.0012,0.0012
28.10.2025 17:11:33.581 UTC,1.39482,1.39473,0.0018,0.0012
28.10.2025 17:11:33.686 UTC,1.39484,1.39472,0.0012,0.00132
28.10.2025 17:11:33.738 UTC,1.39488,1.39475,0.0018,0.0012
28.10.2025 17:11:33.842 UTC,1.39488,1.39477,0.0012,0.0012
28.10.2025 17:11:33.946 UTC,1.39489,1.39478,0.0033,0.00135
28.10.2025 17:11:34.409 UTC,1.39489,1.39478,0.00315,0.0012
28.10.2025 17:11:34.512 UTC,1.3949,1.39477,0.0033,0.0012
28.10.2025 17:11:34.969 UTC,1.39489,1.39476,0.0027,0.0012
28.10.2025 17:11:35.073 UTC,1.39488,1.39477,0.00135,0.0012
28.10.2025 17:11:35.228 UTC,1.39489,1.39477,0.0018,0.0012
28.10.2025 17:11:35.684 UTC,1.39489,1.39478,0.0012,0.0012
28.10.2025 17:11:39.835 UTC,1.39488,1.39477,0.0033,0.00135
28.10.2025 17:11:42.166 UTC,1.39485,1.39476,0.0018,0.00135
28.10.2025 17:11:42.270 UTC,1.39485,1.39473,0.0012,0.0018
28.10.2025 17:11:42.321 UTC,1.39485,1.39473,0.0012,0.0012
28.10.2025 17:11:43.232 UTC,1.39485,1.39474,0.00135,0.0012
28.10.2025 17:11:44.197 UTC,1.39486,1.39474,0.0018,0.0012
28.10.2025 17:11:44.299 UTC,1.39485,1.39475,0.00195,0.0012
28.10.2025 17:11:45.763 UTC,1.39484,1.39473,0.00135,0.0012
28.10.2025 17:11:47.742 UTC,1.39485,1.39473,0.0018,0.0012
28.10.2025 17:11:48.020 UTC,1.39485,1.39473,0.00285,0.0012
28.10.2025 17:11:48.176 UTC,1.39484,1.39474,0.0018,0.0012
28.10.2025 17:11:48.482 UTC,1.39484,1.39474,0.0024,0.0012
28.10.2025 17:11:48.685 UTC,1.39485,1.39473,0.00135,0.0012
28.10.2025 17:11:49.696 UTC,1.39486,1.39473,0.00375,0.0012
28.10.2025 17:11:49.901 UTC,1.39485,1.39475,0.00285,0.0012
28.10.2025 17:11:50.610 UTC,1.39486,1.39474,0.00135,0.0012
28.10.2025 17:11:55.689 UTC,1.39486,1.39474,0.0033,0.0012
28.10.2025 17:11:55.797 UTC,1.39488,1.39478,0.0024,0.0012
28.10.2025 17:11:55.900 UTC,1.39489,1.39477,0.00135,0.00135
28.10.2025 17:11:56.962 UTC,1.39489,1.39477,0.00285,0.00135
28.10.2025 17:11:58.075 UTC,1.39487,1.39477,0.0012,0.0012
28.10.2025 17:11:58.332 UTC,1.39488,1.39479,0.0018,0.0012
28.10.2025 17:12:00.384 UTC,1.39489,1.39477,0.0018,0.00135
28.10.2025 17:12:00.541 UTC,1.39487,1.39476,0.0012,0.0012
28.10.2025 17:12:00.695 UTC,1.39487,1.39476,0.0018,0.0012
28.10.2025 17:12:01.000 UTC,1.39487,1.39476,0.0012,0.0012
28.10.2025 17:12:01.252 UTC,1.39486,1.39477,0.0012,0.0012
28.10.2025 17:12:01.861 UTC,1.39487,1.39475,0.0018,0.0012
28.10.2025 17:12:02.319 UTC,1.39487,1.39474,0.0024,0.0012
28.10.2025 17:12:02.624 UTC,1.39486,1.39475,0.0012,0.0012
28.10.2025 17:12:02.728 UTC,1.39484,1.39472,0.0012,0.00192
28.10.2025 17:12:02.831 UTC,1.39486,1.39472,0.0024,0.00192
28.10.2025 17:12:02.934 UTC,1.39485,1.39473,0.0024,0.00144
28.10.2025 17:12:03.037 UTC,1.39486,1.39472,0.00285,0.00144
28.10.2025 17:12:03.243 UTC,1.39488,1.39474,0.0042,0.00144
28.10.2025 17:12:04.103 UTC,1.39488,1.39475,0.00195,0.0012
28.10.2025 17:12:04.206 UTC,1.39487,1.39477,0.0012,0.0012
28.10.2025 17:12:04.310 UTC,1.39489,1.39476,0.00225,0.0012
28.10.2025 17:12:04.413 UTC,1.39489,1.39476,0.0024,0.0012
28.10.2025 17:12:05.576 UTC,1.39489,1.39475,0.00465,0.0012
28.10.2025 17:12:07.774 UTC,1.39488,1.39475,0.00147,0.0012
28.10.2025 17:12:08.129 UTC,1.39487,1.39476,0.00144,0.0012
28.10.2025 17:12:09.340 UTC,1.39489,1.39476,0.00342,0.0012
28.10.2025 17:12:10.758 UTC,1.39488,1.39476,0.00192,0.0012
28.10.2025 17:12:11.262 UTC,1.39488,1.39476,0.00189,0.0012
28.10.2025 17:12:11.365 UTC,1.39488,1.39476,0.00192,0.0012
28.10.2025 17:12:11.721 UTC,1.39488,1.39475,0.00132,0.0012
28.10.2025 17:12:12.077 UTC,1.39486,1.39476,0.00132,0.0012
28.10.2025 17:12:12.333 UTC,1.39487,1.39474,0.00132,0.0012
28.10.2025 17:12:12.437 UTC,1.39487,1.39475,0.00132,0.0012
28.10.2025 17:12:12.795 UTC,1.39487,1.39474,0.00132,0.0012
28.10.2025 17:12:13.502 UTC,1.39487,1.39476,0.00132,0.0012
28.10.2025 17:12:13.606 UTC,1.39488,1.39475,0.00132,0.0012
28.10.2025 17:12:14.569 UTC,1.39487,1.39477,0.00132,0.0012
28.10.2025 17:12:14.672 UTC,1.39489,1.39476,0.00282,0.00135
28.10.2025 17:12:26.096 UTC,1.39489,1.39477,0.00132,0.0012
28.10.2025 17:12:27.784 UTC,1.3949,1.39477,0.00249,0.0012
28.10.2025 17:12:27.886 UTC,1.39489,1.39478,0.00144,0.0012
28.10.2025 17:12:28.742 UTC,1.39491,1.39477,0.00477,0.0012
28.10.2025 17:12:29.804 UTC,1.39489,1.39478,0.00144,0.0012
28.10.2025 17:12:30.460 UTC,1.3949,1.39477,0.00192,0.0012
28.10.2025 17:12:30.863 UTC,1.39489,1.39478,0.00144,0.0012
28.10.2025 17:12:30.965 UTC,1.39489,1.39477,0.0012,0.0012
28.10.2025 17:12:33.937 UTC,1.39489,1.39477,0.00204,0.0012
28.10.2025 17:12:34.041 UTC,1.39486,1.39477,0.0012,0.0012
28.10.2025 17:12:34.247 UTC,1.39489,1.39476,0.00144,0.00135
28.10.2025 17:12:34.953 UTC,1.39488,1.39476,0.0012,0.00135
28.10.2025 17:12:41.838 UTC,1.3949,1.39477,0.0018,0.00132
28.10.2025 17:12:41.992 UTC,1.3949,1.39478,0.0012,0.00147
28.10.2025 17:12:43.355 UTC,1.39491,1.39478,0.0018,0.00147
28.10.2025 17:12:44.416 UTC,1.3949,1.39479,0.0018,0.00147
28.10.2025 17:12:44.976 UTC,1.3949,1.39479,0.00225,0.00147
28.10.2025 17:12:46.390 UTC,1.39491,1.39481,0.0012,0.00132
28.10.2025 17:12:46.442 UTC,1.39494,1.39481,0.00247,0.00132
28.10.2025 17:12:46.913 UTC,1.39494,1.39482,0.00135,0.0012
28.10.2025 17:12:47.219 UTC,1.39494,1.39483,0.0012,0.00132
28.10.2025 17:12:47.320 UTC,1.39496,1.39485,0.0012,0.00132
28.10.2025 17:12:48.241 UTC,1.39496,1.39486,0.00225,0.00132
28.10.2025 17:12:49.046 UTC,1.39495,1.39486,0.0012,0.0012
28.10.2025 17:12:49.607 UTC,1.39494,1.39484,0.0012,0.0012
28.10.2025 17:12:51.023 UTC,1.39495,1.39484,0.00135,0.0012
28.10.2025 17:12:51.531 UTC,1.39495,1.39484,0.00195,0.0012
28.10.2025 17:12:52.138 UTC,1.39495,1.39484,0.0018,0.0012
28.10.2025 17:12:52.242 UTC,1.39491,1.3948,0.0012,0.00192
28.10.2025 17:12:52.294 UTC,1.39491,1.3948,0.0012,0.00132
28.10.2025 17:12:52.406 UTC,1.39489,1.39481,0.0012,0.0012
28.10.2025 17:12:52.559 UTC,1.39489,1.3948,0.0012,0.00132
28.10.2025 17:12:54.622 UTC,1.39491,1.39479,0.0012,0.00132
28.10.2025 17:12:57.575 UTC,1.39491,1.39481,0.0018,0.00132
28.10.2025 17:12:58.136 UTC,1.39493,1.39482,0.0042,0.00132
28.10.2025 17:12:58.289 UTC,1.39493,1.39482,0.00135,0.0012
28.10.2025 17:13:00.108 UTC,1.39491,1.39483,0.0012,0.0012
28.10.2025 17:13:00.716 UTC,1.39493,1.39482,0.00225,0.0012
28.10.2025 17:13:01.124 UTC,1.39492,1.39482,0.0012,0.00135
28.10.2025 17:13:01.427 UTC,1.39492,1.39481,0.0018,0.0018
28.10.2025 17:13:01.529 UTC,1.39492,1.39481,0.00135,0.00135
28.10.2025 17:13:01.887 UTC,1.39491,1.39481,0.0012,0.0012
28.10.2025 17:13:03.192 UTC,1.3949,1.39479,0.0012,0.00144
28.10.2025 17:13:19.594 UTC,1.3949,1.3948,0.0012,0.0012
28.10.2025 17:13:20.958 UTC,1.39491,1.3948,0.0018,0.0012
28.10.2025 17:13:21.010 UTC,1.39491,1.39482,0.0018,0.0012
28.10.2025 17:13:21.113 UTC,1.39491,1.39483,0.0012,0.0012
28.10.2025 17:13:21.621 UTC,1.39493,1.39482,0.0018,0.0012
28.10.2025 17:13:22.027 UTC,1.39492,1.39484,0.0018,0.0012
28.10.2025 17:13:22.131 UTC,1.39494,1.39483,0.0012,0.0012
28.10.2025 17:13:22.336 UTC,1.39495,1.39483,0.00225,0.0012
28.10.2025 17:13:22.439 UTC,1.39495,1.39482,0.00225,0.00135
28.10.2025 17:13:24.812 UTC,1.39496,1.39482,0.0027,0.00135
28.10.2025 17:13:24.966 UTC,1.39496,1.39482,0.00465,0.00135
28.10.2025 17:13:25.421 UTC,1.39495,1.39482,0.00195,0.00135
28.10.2025 17:13:25.623 UTC,1.39494,1.39482,0.00135,0.0018
28.10.2025 17:13:25.725 UTC,1.39494,1.39482,0.0012,0.00135
28.10.2025 17:13:25.829 UTC,1.39491,1.3948,0.0012,0.0018
28.10.2025 17:13:25.880 UTC,1.39491,1.3948,0.0012,0.00135
28.10.2025 17:13:26.790 UTC,1.39492,1.3948,0.00135,0.0012
28.10.2025 17:13:28.601 UTC,1.3949,1.39481,0.0012,0.00135
28.10.2025 17:13:30.363 UTC,1.39491,1.39481,0.00135,0.0012
28.10.2025 17:13:32.381 UTC,1.39491,1.39479,0.0012,0.0018
28.10.2025 17:13:32.433 UTC,1.39489,1.39478,0.0012,0.0012
28.10.2025 17:13:32.587 UTC,1.39489,1.39477,0.0012,0.00135
28.10.2025 17:13:32.843 UTC,1.39489,1.39477,0.0012,0.0018
28.10.2025 17:13:32.946 UTC,1.3949,1.39477,0.0012,0.0018
28.10.2025 17:13:34.303 UTC,1.3949,1.39477,0.0012,0.00135
28.10.2025 17:13:39.092 UTC,1.3949,1.39477,0.00285,0.00135
28.10.2025 17:13:39.195 UTC,1.3949,1.39477,0.00225,0.00135
28.10.2025 17:13:41.556 UTC,1.3949,1.39477,0.0024,0.00135
28.10.2025 17:13:45.092 UTC,1.39488,1.39478,0.0018,0.0018
28.10.2025 17:13:45.195 UTC,1.39489,1.39477,0.0012,0.00135
28.10.2025 17:13:45.400 UTC,1.39489,1.39478,0.00225,0.00135
28.10.2025 17:13:45.554 UTC,1.3949,1.39477,0.0018,0.00135
28.10.2025 17:13:52.808 UTC,1.39484,1.39471,0.00135,0.00382
28.10.2025 17:13:52.862 UTC,1.39482,1.39471,0.0012,0.00217
28.10.2025 17:13:53.017 UTC,1.3948,1.39469,0.0012,0.0018
28.10.2025 17:13:53.120 UTC,1.3948,1.39467,0.0012,0.0024
28.10.2025 17:13:55.202 UTC,1.39476,1.39463,0.0012,0.0018
28.10.2025 17:13:55.305 UTC,1.39476,1.39463,0.0012,0.0024
28.10.2025 17:13:55.408 UTC,1.39474,1.39464,0.0012,0.0018
28.10.2025 17:13:55.611 UTC,1.39477,1.39463,0.0018,0.0024
28.10.2025 17:13:55.714 UTC,1.39478,1.39465,0.0018,0.00225
28.10.2025 17:13:55.817 UTC,1.39478,1.39465,0.0012,0.0024
28.10.2025 17:13:56.628 UTC,1.39478,1.39467,0.00225,0.00225
28.10.2025 17:13:56.730 UTC,1.39478,1.39467,0.00225,0.0024
28.10.2025 17:14:05.145 UTC,1.39479,1.39468,0.0018,0.00135
28.10.2025 17:14:06.208 UTC,1.3948,1.39469,0.00135,0.0012
28.10.2025 17:14:15.369 UTC,1.39477,1.39467,0.0012,0.00135
28.10.2025 17:14:15.422 UTC,1.39476,1.39464,0.0012,0.0012
28.10.2025 17:14:15.525 UTC,1.39475,1.39464,0.0012,0.0012
28.10.2025 17:14:16.135 UTC,1.39475,1.39463,0.0012,0.0012
28.10.2025 17:14:16.188 UTC,1.39472,1.39462,0.0012,0.00135
28.10.2025 17:14:18.215 UTC,1.39471,1.39462,0.0012,0.0012
28.10.2025 17:14:19.271 UTC,1.39472,1.39463,0.00225,0.0012
28.10.2025 17:14:19.374 UTC,1.39474,1.39463,0.0051,0.0012
28.10.2025 17:14:24.689 UTC,1.39473,1.39464,0.00135,0.0012
28.10.2025 17:14:24.746 UTC,1.39476,1.39464,0.0018,0.0012
28.10.2025 17:14:24.798 UTC,1.39476,1.39466,0.0012,0.0012
28.10.2025 17:14:24.902 UTC,1.39476,1.39466,0.0012,0.0018
28.10.2025 17:14:25.004 UTC,1.39476,1.39466,0.0012,0.0012
28.10.2025 17:14:25.564 UTC,1.39475,1.39464,0.00135,0.0018
28.10.2025 17:14:25.667 UTC,1.39476,1.39463,0.00204,0.00135
28.10.2025 17:14:25.771 UTC,1.39474,1.39462,0.0012,0.0018
28.10.2025 17:14:25.875 UTC,1.39474,1.39463,0.00225,0.0018
28.10.2025 17:14:25.979 UTC,1.39473,1.39463,0.0012,0.00135
28.10.2025 17:14:26.133 UTC,1.39473,1.39461,0.0012,0.0018
28.10.2025 17:14:26.286 UTC,1.39473,1.39461,0.0012,0.00135
28.10.2025 17:14:26.944 UTC,1.39475,1.39463,0.00135,0.0012
28.10.2025 17:14:27.098 UTC,1.39475,1.39463,0.0018,0.0012
28.10.2025 17:14:27.452 UTC,1.39475,1.39463,0.00135,0.0012
28.10.2025 17:14:28.561 UTC,1.39475,1.39463,0.0018,0.0012
28.10.2025 17:14:31.589 UTC,1.39477,1.39464,0.0012,0.0012
28.10.2025 17:14:31.641 UTC,1.39478,1.39466,0.00315,0.0012
28.10.2025 17:14:31.797 UTC,1.39478,1.39464,0.0042,0.0018
28.10.2025 17:14:31.849 UTC,1.39477,1.39464,0.0018,0.00135
28.10.2025 17:14:31.953 UTC,1.39474,1.39463,0.0012,0.0012
28.10.2025 17:14:34.191 UTC,1.39475,1.39464,0.0018,0.00135
28.10.2025 17:14:34.294 UTC,1.39474,1.39464,0.0012,0.00135
28.10.2025 17:14:38.542 UTC,1.39474,1.39463,0.00135,0.00135
28.10.2025 17:14:38.595 UTC,1.39471,1.39463,0.0012,0.00135
28.10.2025 17:14:39.205 UTC,1.39472,1.39461,0.0012,0.00135
28.10.2025 17:14:39.308 UTC,1.39473,1.39461,0.00135,0.00135
28.10.2025 17:14:40.045 UTC,1.39471,1.39462,0.0012,0.00135
28.10.2025 17:14:44.355 UTC,1.39472,1.3946,0.0012,0.0018
28.10.2025 17:14:44.458 UTC,1.39472,1.39462,0.0012,0.00135
28.10.2025 17:14:44.613 UTC,1.39473,1.39461,0.00135,0.0018
28.10.2025 17:14:44.869 UTC,1.39472,1.39461,0.00225,0.0018
28.10.2025 17:14:45.778 UTC,1.39472,1.3946,0.00135,0.0018
28.10.2025 17:14:46.284 UTC,1.39471,1.3946,0.0012,0.0018
28.10.2025 17:14:48.443 UTC,1.39472,1.3946,0.0012,0.0018
28.10.2025 17:14:51.501 UTC,1.39471,1.39459,0.0012,0.0018
28.10.2025 17:14:51.603 UTC,1.3947,1.3946,0.0012,0.0018
28.10.2025 17:14:52.008 UTC,1.39472,1.3946,0.0012,0.00135
28.10.2025 17:14:52.162 UTC,1.39471,1.39461,0.0012,0.0018
28.10.2025 17:14:52.366 UTC,1.39472,1.3946,0.0012,0.00135
28.10.2025 17:14:52.924 UTC,1.39472,1.3946,0.00135,0.0018
28.10.2025 17:14:53.479 UTC,1.39472,1.3946,0.0012,0.0018
28.10.2025 17:14:54.940 UTC,1.39471,1.39461,0.0012,0.0018
28.10.2025 17:15:00.226 UTC,1.39473,1.39461,0.0012,0.00147
28.10.2025 17:15:00.279 UTC,1.39475,1.39462,0.0012,0.00132
28.10.2025 17:15:00.382 UTC,1.39477,1.39464,0.0018,0.00132
28.10.2025 17:15:00.536 UTC,1.39477,1.39464,0.00225,0.00144
28.10.2025 17:15:01.035 UTC,1.39476,1.39463,0.0012,0.00192
28.10.2025 17:15:04.666 UTC,1.39476,1.39464,0.0012,0.00192
28.10.2025 17:15:04.769 UTC,1.39477,1.39464,0.0012,0.00192
28.10.2025 17:15:06.182 UTC,1.39476,1.39465,0.0012,0.00192
28.10.2025 17:15:09.207 UTC,1.39475,1.39465,0.00225,0.00132
28.10.2025 17:15:09.515 UTC,1.39475,1.39462,0.00225,0.00192
28.10.2025 17:15:09.674 UTC,1.39474,1.39462,0.00135,0.00144
28.10.2025 17:15:10.184 UTC,1.39474,1.39463,0.0018,0.00147
28.10.2025 17:15:11.952 UTC,1.39475,1.39462,0.0018,0.00192
28.10.2025 17:15:13.459 UTC,1.39476,1.39463,0.0018,0.00147
28.10.2025 17:15:13.562 UTC,1.39476,1.39464,0.0018,0.00282
28.10.2025 17:15:13.666 UTC,1.39478,1.39465,0.00135,0.00237
28.10.2025 17:15:15.888 UTC,1.39479,1.39466,0.00135,0.00135
28.10.2025 17:15:15.990 UTC,1.39479,1.39466,0.00135,0.0018
28.10.2025 17:15:19.796 UTC,1.39479,1.39468,0.0027,0.00144
28.10.2025 17:15:20.611 UTC,1.39479,1.39468,0.0027,0.0024
28.10.2025 17:15:20.713 UTC,1.3948,1.39467,0.0027,0.00225
28.10.2025 17:15:26.064 UTC,1.3948,1.39467,0.00225,0.0024
28.10.2025 17:15:26.319 UTC,1.3948,1.39467,0.0027,0.00225
28.10.2025 17:15:26.472 UTC,1.3948,1.39467,0.00225,0.0024
28.10.2025 17:15:30.989 UTC,1.3948,1.39467,0.00225,0.00225
28.10.2025 17:15:40.017 UTC,1.3948,1.39467,0.0024,0.00225
28.10.2025 17:15:41.388 UTC,1.39479,1.39466,0.00285,0.0018
28.10.2025 17:15:41.490 UTC,1.39477,1.39464,0.00225,0.00252
28.10.2025 17:15:41.542 UTC,1.39474,1.39463,0.0012,0.00132
28.10.2025 17:15:41.594 UTC,1.39474,1.39463,0.0012,0.0012
28.10.2025 17:15:41.697 UTC,1.39473,1.39462,0.0012,0.0018
28.10.2025 17:15:43.010 UTC,1.39473,1.39461,0.0012,0.00192
28.10.2025 17:15:44.019 UTC,1.39474,1.39461,0.0012,0.00192
28.10.2025 17:15:48.010 UTC,1.39475,1.39461,0.0018,0.00297
28.10.2025 17:15:48.062 UTC,1.39473,1.3946,0.0018,0.00249
28.10.2025 17:15:48.166 UTC,1.39471,1.3946,0.0018,0.00192
28.10.2025 17:15:48.722 UTC,1.39471,1.39459,0.0012,0.00192
28.10.2025 17:15:50.774 UTC,1.39472,1.39459,0.0018,0.00192
28.10.2025 17:15:50.827 UTC,1.39473,1.39462,0.0012,0.00132
28.10.2025 17:15:50.930 UTC,1.39474,1.39461,0.0012,0.00192
28.10.2025 17:15:51.488 UTC,1.39472,1.39459,0.0012,0.00252
28.10.2025 17:15:52.150 UTC,1.39471,1.39462,0.0012,0.00147
28.10.2025 17:15:52.202 UTC,1.39474,1.39461,0.0018,0.00192
28.10.2025 17:15:52.306 UTC,1.39472,1.39461,0.0018,0.00249
28.10.2025 17:15:52.461 UTC,1.39473,1.3946,0.0018,0.00249
28.10.2025 17:15:54.031 UTC,1.39474,1.39461,0.0012,0.00192
28.10.2025 17:15:56.858 UTC,1.39476,1.39463,0.00315,0.00132
28.10.2025 17:15:56.962 UTC,1.39475,1.39462,0.0012,0.00342
28.10.2025 17:15:57.712 UTC,1.39476,1.39464,0.0018,0.00132
28.10.2025 17:15:59.182 UTC,1.39475,1.39462,0.00225,0.00249
28.10.2025 17:15:59.336 UTC,1.39475,1.39462,0.00225,0.00234
28.10.2025 17:15:59.642 UTC,1.39474,1.3946,0.00225,0.00249
28.10.2025 17:15:59.796 UTC,1.39473,1.3946,0.0012,0.00192
28.10.2025 17:16:01.264 UTC,1.39471,1.3946,0.0012,0.00252
28.10.2025 17:16:03.780 UTC,1.3947,1.3946,0.0012,0.00252
28.10.2025 17:16:05.038 UTC,1.39471,1.3946,0.0012,0.00192
28.10.2025 17:16:05.491 UTC,1.39473,1.39459,0.00225,0.00252
28.10.2025 17:16:06.806 UTC,1.39472,1.39459,0.0012,0.00192
28.10.2025 17:16:15.756 UTC,1.39473,1.39459,0.0027,0.00192
28.10.2025 17:16:15.859 UTC,1.39471,1.3946,0.0012,0.00252
28.10.2025 17:16:16.062 UTC,1.39473,1.39459,0.00315,0.00192
28.10.2025 17:16:16.467 UTC,1.39471,1.39459,0.0012,0.00192
28.10.2025 17:16:17.027 UTC,1.3947,1.39459,0.0018,0.00342
28.10.2025 17:16:17.579 UTC,1.39471,1.39458,0.0018,0.00297
28.10.2025 17:16:19.648 UTC,1.39471,1.3946,0.0012,0.00249
28.10.2025 17:16:20.907 UTC,1.39471,1.39459,0.0012,0.00192
28.10.2025 17:16:23.528 UTC,1.39473,1.39459,0.0027,0.00192
28.10.2025 17:16:24.691 UTC,1.39474,1.39462,0.0018,0.00144
28.10.2025 17:16:24.845 UTC,1.39473,1.39463,0.0012,0.00192
28.10.2025 17:16:27.348 UTC,1.39473,1.39463,0.0012,0.00135
28.10.2025 17:16:28.159 UTC,1.39475,1.39462,0.00225,0.00144
28.10.2025 17:16:30.279 UTC,1.39474,1.39463,0.0018,0.00237
28.10.2025 17:16:34.960 UTC,1.39475,1.39463,0.0012,0.00147
28.10.2025 17:16:35.222 UTC,1.39474,1.39463,0.0018,0.0012
28.10.2025 17:16:35.375 UTC,1.39473,1.39461,0.0012,0.00192
28.10.2025 17:16:35.985 UTC,1.39471,1.3946,0.0012,0.0018
28.10.2025 17:16:37.147 UTC,1.39471,1.3946,0.0012,0.00342
28.10.2025 17:16:38.255 UTC,1.39471,1.39459,0.0012,0.00192
28.10.2025 17:16:50.326 UTC,1.3947,1.39458,0.0012,0.0024
28.10.2025 17:16:50.833 UTC,1.39469,1.39459,0.0012,0.00285
28.10.2025 17:16:51.238 UTC,1.39469,1.39459,0.0012,0.0024
28.10.2025 17:16:55.355 UTC,1.39468,1.39459,0.0012,0.00135
28.10.2025 17:16:57.270 UTC,1.39468,1.39457,0.0012,0.0018
28.10.2025 17:16:59.641 UTC,1.39468,1.39456,0.0012,0.0018
28.10.2025 17:17:00.812 UTC,1.39466,1.39457,0.0012,0.0018
28.10.2025 17:17:00.915 UTC,1.39467,1.39456,0.0012,0.00135
28.10.2025 17:17:01.018 UTC,1.39465,1.39453,0.00132,0.0024
28.10.2025 17:17:01.123 UTC,1.39464,1.39451,0.0012,0.00192
28.10.2025 17:17:01.734 UTC,1.39464,1.3945,0.0012,0.00339
28.10.2025 17:17:02.346 UTC,1.39462,1.3945,0.0012,0.00249
28.10.2025 17:17:05.279 UTC,1.3946,1.3945,0.0012,0.0024
28.10.2025 17:17:09.813 UTC,1.39461,1.39449,0.0012,0.0018
28.10.2025 17:17:10.016 UTC,1.39459,1.3945,0.0012,0.0018
28.10.2025 17:17:10.170 UTC,1.39459,1.39449,0.0012,0.0012
28.10.2025 17:17:10.273 UTC,1.39458,1.39449,0.0012,0.00135
28.10.2025 17:17:12.493 UTC,1.39458,1.39447,0.0012,0.0018
28.10.2025 17:17:12.597 UTC,1.39455,1.39447,0.0012,0.0012
28.10.2025 17:17:12.701 UTC,1.39455,1.39446,0.0012,0.0018
28.10.2025 17:17:14.423 UTC,1.39458,1.39446,0.0012,0.00192
28.10.2025 17:17:16.134 UTC,1.39456,1.39445,0.0012,0.0018
28.10.2025 17:17:17.604 UTC,1.39456,1.39444,0.0012,0.0018
28.10.2025 17:17:17.707 UTC,1.39455,1.39443,0.0012,0.00192
28.10.2025 17:17:17.811 UTC,1.39454,1.39443,0.0012,0.0018
28.10.2025 17:17:17.863 UTC,1.39454,1.39441,0.0012,0.00249
28.10.2025 17:17:18.678 UTC,1.39452,1.39441,0.0012,0.00429
28.10.2025 17:17:18.782 UTC,1.39451,1.39441,0.0012,0.0018
28.10.2025 17:17:18.886 UTC,1.39452,1.39439,0.0012,0.00249
28.10.2025 17:17:19.293 UTC,1.39451,1.39439,0.0012,0.00192
28.10.2025 17:17:19.396 UTC,1.3945,1.3944,0.0012,0.00192
28.10.2025 17:17:20.007 UTC,1.39452,1.39439,0.0012,0.00252
28.10.2025 17:17:20.110 UTC,1.39452,1.3944,0.0012,0.00192
28.10.2025 17:17:20.214 UTC,1.39451,1.3944,0.0012,0.0018
28.10.2025 17:17:20.368 UTC,1.39451,1.39439,0.0012,0.00192
28.10.2025 17:17:25.225 UTC,1.39451,1.39438,0.0012,0.00192
28.10.2025 17:17:25.329 UTC,1.39448,1.39438,0.0012,0.00192
28.10.2025 17:17:26.242 UTC,1.39448,1.39436,0.0012,0.00297
28.10.2025 17:17:28.969 UTC,1.39449,1.39437,0.0012,0.00192
28.10.2025 17:17:29.122 UTC,1.39448,1.39438,0.0012,0.00207
28.10.2025 17:17:29.377 UTC,1.39448,1.39439,0.0012,0.00192
28.10.2025 17:17:33.610 UTC,1.39449,1.39438,0.0012,0.00204
28.10.2025 17:17:34.167 UTC,1.3945,1.39438,0.0012,0.00387
28.10.2025 17:17:34.321 UTC,1.3945,1.39438,0.0012,0.00297
28.10.2025 17:17:35.269 UTC,1.39451,1.39439,0.0012,0.00249
28.10.2025 17:17:35.423 UTC,1.3945,1.3944,0.0012,0.00297
28.10.2025 17:17:36.433 UTC,1.39451,1.39439,0.0012,0.00294
28.10.2025 17:17:38.961 UTC,1.39451,1.3944,0.0012,0.00195
28.10.2025 17:17:39.619 UTC,1.3945,1.39439,0.0012,0.0018
28.10.2025 17:17:40.333 UTC,1.39448,1.39439,0.0012,0.0018
28.10.2025 17:17:40.385 UTC,1.39452,1.39439,0.00252,0.0018
28.10.2025 17:17:40.438 UTC,1.39448,1.39438,0.0012,0.00135
28.10.2025 17:17:41.353 UTC,1.39448,1.39437,0.0012,0.00195
28.10.2025 17:17:41.456 UTC,1.39449,1.39437,0.0012,0.00195
28.10.2025 17:17:42.269 UTC,1.39448,1.39437,0.0012,0.0024
28.10.2025 17:17:42.474 UTC,1.39448,1.39437,0.0012,0.00192
28.10.2025 17:17:44.784 UTC,1.39448,1.39437,0.0012,0.00297
28.10.2025 17:17:44.887 UTC,1.39449,1.39437,0.0012,0.00387
28.10.2025 17:17:46.106 UTC,1.39447,1.39439,0.0012,0.00192
28.10.2025 17:17:50.737 UTC,1.39449,1.39437,0.0012,0.00342
28.10.2025 17:17:50.841 UTC,1.39449,1.39438,0.0012,0.00192
28.10.2025 17:17:51.498 UTC,1.39449,1.39439,0.0012,0.00297
28.10.2025 17:17:52.365 UTC,1.39448,1.39438,0.0012,0.00207
28.10.2025 17:17:52.417 UTC,1.39449,1.39437,0.0012,0.00192
28.10.2025 17:17:52.571 UTC,1.39449,1.39437,0.0012,0.00207
28.10.2025 17:17:52.784 UTC,1.39449,1.39437,0.0012,0.00297
28.10.2025 17:17:53.038 UTC,1.39448,1.39438,0.0012,0.00252
28.10.2025 17:17:53.357 UTC,1.3945,1.39438,0.0012,0.00192
28.10.2025 17:17:53.409 UTC,1.3945,1.3944,0.0012,0.00132
28.10.2025 17:17:53.615 UTC,1.39451,1.39438,0.0012,0.00297
28.10.2025 17:18:00.515 UTC,1.3945,1.39437,0.0012,0.00297
28.10.2025 17:18:00.619 UTC,1.39448,1.39437,0.0012,0.0012
28.10.2025 17:18:00.774 UTC,1.39447,1.39437,0.0012,0.00204
28.10.2025 17:18:02.287 UTC,1.39447,1.39435,0.0012,0.0018
28.10.2025 17:18:02.399 UTC,1.39446,1.39435,0.0012,0.0018
28.10.2025 17:18:02.557 UTC,1.39446,1.39434,0.0012,0.0024
28.10.2025 17:18:08.872 UTC,1.39444,1.39435,0.0012,0.0018
28.10.2025 17:18:08.975 UTC,1.39445,1.39434,0.0012,0.0018
28.10.2025 17:18:09.027 UTC,1.39443,1.39431,0.0012,0.0012
28.10.2025 17:18:09.080 UTC,1.39441,1.3943,0.0012,0.0012
28.10.2025 17:18:09.184 UTC,1.39439,1.39431,0.0012,0.0018
28.10.2025 17:18:09.288 UTC,1.3944,1.39428,0.0012,0.00192
28.10.2025 17:18:10.662 UTC,1.39442,1.39429,0.0012,0.0012
28.10.2025 17:18:10.765 UTC,1.39441,1.39427,0.0012,0.00432
28.10.2025 17:18:12.906 UTC,1.39441,1.39429,0.0012,0.00192
28.10.2025 17:18:14.022 UTC,1.3944,1.3943,0.0012,0.0018
28.10.2025 17:18:14.228 UTC,1.3944,1.39427,0.0012,0.00192
28.10.2025 17:18:14.280 UTC,1.39439,1.39426,0.0012,0.00339
28.10.2025 17:18:17.476 UTC,1.39437,1.39425,0.0012,0.00522
28.10.2025 17:18:17.579 UTC,1.39437,1.39427,0.0012,0.0018
28.10.2025 17:18:17.784 UTC,1.39438,1.39425,0.0012,0.00204
28.10.2025 17:18:24.090 UTC,1.39436,1.39427,0.0012,0.00207
28.10.2025 17:18:33.591 UTC,1.39437,1.39426,0.0012,0.00192
28.10.2025 17:18:33.744 UTC,1.39437,1.39426,0.0012,0.00297
28.10.2025 17:18:35.439 UTC,1.39437,1.39426,0.0012,0.0018
28.10.2025 17:18:39.039 UTC,1.39434,1.39424,0.0012,0.0018
28.10.2025 17:18:39.092 UTC,1.39433,1.39422,0.0012,0.0012
28.10.2025 17:18:39.145 UTC,1.39431,1.3942,0.0012,0.0018
28.10.2025 17:18:42.337 UTC,1.39433,1.39422,0.0012,0.0018
28.10.2025 17:18:42.389 UTC,1.39435,1.39424,0.0018,0.0012
28.10.2025 17:18:42.494 UTC,1.39436,1.39425,0.0012,0.0024
28.10.2025 17:18:42.953 UTC,1.39436,1.39426,0.0012,0.0018
28.10.2025 17:18:43.660 UTC,1.39437,1.39426,0.0012,0.0024
28.10.2025 17:18:44.066 UTC,1.39436,1.39427,0.0012,0.0018
28.10.2025 17:18:45.737 UTC,1.39437,1.39427,0.0012,0.0018
28.10.2025 17:18:46.042 UTC,1.39442,1.39431,0.0012,0.0012
28.10.2025 17:18:46.152 UTC,1.39442,1.3943,0.0012,0.00192
28.10.2025 17:18:46.311 UTC,1.39444,1.39433,0.0012,0.00132
28.10.2025 17:18:46.418 UTC,1.39446,1.39434,0.0012,0.00252
28.10.2025 17:18:48.998 UTC,1.39446,1.39436,0.0012,0.00192
28.10.2025 17:18:52.833 UTC,1.39446,1.39438,0.0012,0.00237
28.10.2025 17:18:52.886 UTC,1.3945,1.3944,0.0012,0.00132
28.10.2025 17:18:54.642 UTC,1.39451,1.3944,0.0012,0.00192
28.10.2025 17:18:55.857 UTC,1.39451,1.39442,0.0012,0.00297
28.10.2025 17:18:55.909 UTC,1.39456,1.39443,0.0027,0.00132
28.10.2025 17:18:55.962 UTC,1.39456,1.39444,0.0012,0.00342
28.10.2025 17:18:56.778 UTC,1.39457,1.39445,0.0012,0.00132
28.10.2025 17:18:57.034 UTC,1.39456,1.39443,0.0012,0.00192
28.10.2025 17:18:57.139 UTC,1.39454,1.39442,0.0012,0.00192
28.10.2025 17:18:57.546 UTC,1.39453,1.39442,0.0012,0.00192
28.10.2025 17:18:57.649 UTC,1.39455,1.39443,0.0018,0.00297
28.10.2025 17:18:57.753 UTC,1.39454,1.39442,0.0012,0.00132
28.10.2025 17:18:57.806 UTC,1.39454,1.3944,0.0012,0.00477
28.10.2025 17:18:59.079 UTC,1.39455,1.39445,0.0012,0.00147
28.10.2025 17:18:59.183 UTC,1.39456,1.39445,0.0012,0.00252
28.10.2025 17:18:59.337 UTC,1.39457,1.39444,0.0012,0.00252
28.10.2025 17:19:07.507 UTC,1.39455,1.39445,0.0012,0.00192
28.10.2025 17:19:07.610 UTC,1.39455,1.39444,0.0012,0.00144
28.10.2025 17:19:07.713 UTC,1.39456,1.39442,0.0012,0.00657
28.10.2025 17:19:07.765 UTC,1.39456,1.39444,0.0012,0.00297
28.10.2025 17:19:10.801 UTC,1.39457,1.39446,0.0012,0.00132
28.10.2025 17:19:10.905 UTC,1.39456,1.39447,0.0012,0.00207
28.10.2025 17:19:13.281 UTC,1.39457,1.39447,0.0012,0.00132
28.10.2025 17:19:18.572 UTC,1.39457,1.39446,0.0012,0.00297
28.10.2025 17:19:23.166 UTC,1.39457,1.39445,0.0012,0.00195
28.10.2025 17:19:29.261 UTC,1.39457,1.39444,0.0012,0.0018
28.10.2025 17:19:29.620 UTC,1.39457,1.39444,0.0012,0.0033
28.10.2025 17:19:31.106 UTC,1.39454,1.39445,0.0012,0.0024
28.10.2025 17:19:31.210 UTC,1.39452,1.39445,0.0018,0.0012
28.10.2025 17:19:31.262 UTC,1.39451,1.39441,0.0012,0.0018
28.10.2025 17:19:31.568 UTC,1.39452,1.39439,0.0012,0.0018
28.10.2025 17:19:31.671 UTC,1.39451,1.3944,0.0012,0.0018
28.10.2025 17:19:34.095 UTC,1.39452,1.39438,0.0012,0.00249
28.10.2025 17:19:34.247 UTC,1.39451,1.39439,0.0012,0.00249
28.10.2025 17:19:34.752 UTC,1.39452,1.39439,0.0012,0.0018
28.10.2025 17:19:34.854 UTC,1.39452,1.39439,0.0012,0.00195
28.10.2025 17:19:39.481 UTC,1.39452,1.39439,0.0012,0.0018
28.10.2025 17:19:40.592 UTC,1.39452,1.39439,0.0012,0.0012
28.10.2025 17:19:43.008 UTC,1.39452,1.39442,0.0012,0.00204
28.10.2025 17:19:44.225 UTC,1.39453,1.3944,0.0012,0.0018
28.10.2025 17:19:44.938 UTC,1.39452,1.39439,0.0012,0.0018
28.10.2025 17:19:47.608 UTC,1.39451,1.3944,0.0012,0.0018
28.10.2025 17:19:47.965 UTC,1.39449,1.39439,0.0012,0.00285
28.10.2025 17:19:48.068 UTC,1.39448,1.39439,0.0012,0.0018
28.10.2025 17:19:48.120 UTC,1.39449,1.39438,0.0012,0.0018
28.10.2025 17:19:48.631 UTC,1.39449,1.39436,0.0012,0.00474
28.10.2025 17:20:00.925 UTC,1.39449,1.39438,0.0012,0.00132
28.10.2025 17:20:01.028 UTC,1.39449,1.39439,0.0012,0.00132
28.10.2025 17:20:01.131 UTC,1.3945,1.39438,0.0012,0.00297
28.10.2025 17:20:01.991 UTC,1.39451,1.3944,0.0012,0.00132
28.10.2025 17:20:02.951 UTC,1.39453,1.3944,0.0018,0.00147
28.10.2025 17:20:03.057 UTC,1.39453,1.3944,0.0018,0.00252
28.10.2025 17:20:20.977 UTC,1.39452,1.3944,0.0012,0.00297
28.10.2025 17:20:25.712 UTC,1.39456,1.39444,0.0018,0.00147
28.10.2025 17:20:25.815 UTC,1.39456,1.39446,0.0012,0.00252
28.10.2025 17:20:27.583 UTC,1.39458,1.39445,0.0012,0.00252
28.10.2025 17:20:27.788 UTC,1.3946,1.39448,0.0018,0.00132
28.10.2025 17:20:27.892 UTC,1.39461,1.39449,0.0012,0.00147
28.10.2025 17:20:27.994 UTC,1.39461,1.39449,0.0012,0.00192
28.10.2025 17:20:28.252 UTC,1.39459,1.39449,0.0012,0.00192
28.10.2025 17:20:28.354 UTC,1.39458,1.39448,0.0012,0.00252
28.10.2025 17:20:29.114 UTC,1.39458,1.39447,0.0012,0.00192
28.10.2025 17:20:29.218 UTC,1.39457,1.39448,0.0012,0.00147
28.10.2025 17:20:35.165 UTC,1.39458,1.39445,0.0012,0.00249
28.10.2025 17:20:35.268 UTC,1.39457,1.39445,0.0012,0.00192
28.10.2025 17:20:47.883 UTC,1.39457,1.39444,0.0012,0.00192
28.10.2025 17:20:47.986 UTC,1.39457,1.39445,0.0012,0.00132
28.10.2025 17:20:49.297 UTC,1.39459,1.39446,0.0012,0.00192
28.10.2025 17:20:56.272 UTC,1.39458,1.39445,0.0018,0.00249
28.10.2025 17:20:56.325 UTC,1.39456,1.39444,0.0012,0.00192
28.10.2025 17:20:56.428 UTC,1.39455,1.39445,0.0012,0.00132
28.10.2025 17:20:56.532 UTC,1.39459,1.39446,0.00315,0.00135
28.10.2025 17:20:56.686 UTC,1.39459,1.39446,0.0036,0.0018
28.10.2025 17:20:56.942 UTC,1.39459,1.39446,0.00315,0.00135
28.10.2025 17:21:00.269 UTC,1.39459,1.39446,0.00225,0.0018
28.10.2025 17:21:00.373 UTC,1.39456,1.39446,0.0012,0.0018
28.10.2025 17:21:00.476 UTC,1.39456,1.39443,0.00225,0.00249
28.10.2025 17:21:00.572 UTC,1.39455,1.39444,0.00225,0.00234
28.10.2025 17:21:00.728 UTC,1.39454,1.39443,0.0018,0.0018
28.10.2025 17:21:00.833 UTC,1.39455,1.39442,0.00315,0.00135
28.10.2025 17:21:07.191 UTC,1.39455,1.39442,0.00225,0.00147
28.10.2025 17:21:10.161 UTC,1.39454,1.39443,0.00225,0.00144
28.10.2025 17:21:10.672 UTC,1.39455,1.39442,0.0033,0.00135
28.10.2025 17:21:10.774 UTC,1.39454,1.39443,0.00315,0.00135
28.10.2025 17:21:12.394 UTC,1.39453,1.3944,0.0012,0.00207
28.10.2025 17:21:12.500 UTC,1.39451,1.39441,0.0012,0.00192
28.10.2025 17:21:12.709 UTC,1.39451,1.39438,0.0012,0.00252
28.10.2025 17:21:12.814 UTC,1.39451,1.3944,0.0012,0.00252
28.10.2025 17:21:21.831 UTC,1.39453,1.3944,0.0012,0.00192
28.10.2025 17:21:22.792 UTC,1.39451,1.3944,0.0012,0.00192
28.10.2025 17:21:26.071 UTC,1.39452,1.39439,0.0012,0.00192
28.10.2025 17:21:55.248 UTC,1.3945,1.39438,0.0018,0.00432
28.10.2025 17:21:55.352 UTC,1.39449,1.39437,0.0012,0.00192
28.10.2025 17:21:55.507 UTC,1.39448,1.39437,0.0012,0.00432
28.10.2025 17:21:55.612 UTC,1.39449,1.39437,0.0012,0.00192
28.10.2025 17:22:02.158 UTC,1.39451,1.39438,0.0012,0.00135
28.10.2025 17:22:02.262 UTC,1.39451,1.39438,0.0012,0.00192
28.10.2025 17:22:02.366 UTC,1.39449,1.39438,0.0012,0.0018
28.10.2025 17:22:02.418 UTC,1.3945,1.39437,0.0012,0.00135
28.10.2025 17:22:02.574 UTC,1.39451,1.39438,0.0027,0.0012
28.10.2025 17:22:02.678 UTC,1.39451,1.39439,0.0012,0.0012
28.10.2025 17:22:02.730 UTC,1.39452,1.39439,0.0012,0.0024
28.10.2025 17:22:07.850 UTC,1.39452,1.39439,0.00225,0.0018
28.10.2025 17:22:07.953 UTC,1.39451,1.39438,0.0012,0.00195
28.10.2025 17:22:08.055 UTC,1.3945,1.39439,0.0012,0.0012
28.10.2025 17:22:08.512 UTC,1.39449,1.39438,0.0012,0.0024
28.10.2025 17:22:08.667 UTC,1.3945,1.39436,0.0012,0.00384
28.10.2025 17:22:08.770 UTC,1.3945,1.39438,0.0012,0.0018
28.10.2025 17:22:08.923 UTC,1.3945,1.39439,0.0012,0.0018
28.10.2025 17:22:09.783 UTC,1.39451,1.39438,0.0012,0.0018
28.10.2025 17:22:13.402 UTC,1.39448,1.39438,0.0012,0.0018
28.10.2025 17:22:13.505 UTC,1.39449,1.39437,0.0012,0.0018
28.10.2025 17:22:17.043 UTC,1.39448,1.39435,0.0012,0.00285
28.10.2025 17:22:17.197 UTC,1.39448,1.39435,0.0012,0.00195
28.10.2025 17:22:18.567 UTC,1.39448,1.39435,0.0012,0.0024
28.10.2025 17:22:19.990 UTC,1.39448,1.39435,0.0012,0.00195
28.10.2025 17:22:20.397 UTC,1.39445,1.39434,0.00297,0.0024
28.10.2025 17:22:20.501 UTC,1.39441,1.39429,0.0012,0.0012
28.10.2025 17:22:20.587 UTC,1.3944,1.39429,0.0012,0.0018
28.10.2025 17:22:20.691 UTC,1.39439,1.39428,0.0012,0.0033
28.10.2025 17:22:20.796 UTC,1.39439,1.39427,0.0012,0.0018
28.10.2025 17:22:24.039 UTC,1.39439,1.39425,0.00342,0.0018
28.10.2025 17:22:24.143 UTC,1.39436,1.39423,0.0012,0.0018
28.10.2025 17:22:24.247 UTC,1.39434,1.39422,0.0012,0.0018
28.10.2025 17:22:24.349 UTC,1.39435,1.39422,0.00189,0.0018
28.10.2025 17:22:25.424 UTC,1.39435,1.39424,0.0012,0.00144
28.10.2025 17:22:25.528 UTC,1.39438,1.39425,0.0012,0.0012
28.10.2025 17:22:25.631 UTC,1.39437,1.39426,0.0012,0.0024
28.10.2025 17:22:26.541 UTC,1.39439,1.39426,0.0012,0.0018
28.10.2025 17:22:29.802 UTC,1.39439,1.39426,0.0012,0.00285
28.10.2025 17:22:33.686 UTC,1.3944,1.39429,0.00135,0.00135
28.10.2025 17:22:33.790 UTC,1.39441,1.39428,0.0012,0.00465
28.10.2025 17:22:33.893 UTC,1.39442,1.3943,0.0012,0.0018
28.10.2025 17:22:35.608 UTC,1.39443,1.3943,0.0018,0.0024
28.10.2025 17:22:36.667 UTC,1.39443,1.39431,0.0012,0.0033
28.10.2025 17:22:42.400 UTC,1.39445,1.39432,0.0018,0.00135
28.10.2025 17:22:42.503 UTC,1.39445,1.39432,0.0018,0.0018
28.10.2025 17:22:45.473 UTC,1.39442,1.39432,0.0012,0.0018
28.10.2025 17:22:45.577 UTC,1.39442,1.3943,0.0012,0.0018
28.10.2025 17:22:45.731 UTC,1.39441,1.3943,0.0012,0.0018
28.10.2025 17:22:46.738 UTC,1.3944,1.39429,0.0012,0.00192
28.10.2025 17:22:48.195 UTC,1.3944,1.39427,0.0012,0.00207
28.10.2025 17:22:51.736 UTC,1.39439,1.39428,0.0012,0.00207
28.10.2025 17:23:01.149 UTC,1.39441,1.3943,0.0012,0.00135
28.10.2025 17:23:01.251 UTC,1.3944,1.39431,0.0012,0.0018
28.10.2025 17:23:11.606 UTC,1.39441,1.39433,0.0012,0.00132
28.10.2025 17:23:11.710 UTC,1.39445,1.39435,0.00202,0.00192
28.10.2025 17:23:11.964 UTC,1.39446,1.39436,0.0012,0.0018
28.10.2025 17:23:12.118 UTC,1.39448,1.39435,0.0018,0.0018
28.10.2025 17:23:25.022 UTC,1.39449,1.39437,0.0012,0.00135
28.10.2025 17:23:25.177 UTC,1.39449,1.39437,0.0012,0.0018
28.10.2025 17:23:28.915 UTC,1.39449,1.39436,0.0012,0.0033
28.10.2025 17:23:36.041 UTC,1.39447,1.39437,0.0012,0.0018
28.10.2025 17:23:36.343 UTC,1.39446,1.39437,0.0012,0.0018
28.10.2025 17:23:39.264 UTC,1.39445,1.39435,0.0012,0.0024
28.10.2025 17:23:39.522 UTC,1.39446,1.39435,0.0012,0.0018
28.10.2025 17:23:43.625 UTC,1.39445,1.39434,0.0012,0.0024
28.10.2025 17:23:43.829 UTC,1.39445,1.39436,0.0012,0.0018
28.10.2025 17:23:51.577 UTC,1.39447,1.39435,0.0012,0.00384
28.10.2025 17:24:01.175 UTC,1.39448,1.39437,0.0012,0.00195
28.10.2025 17:24:03.147 UTC,1.39449,1.39437,0.0012,0.00339
28.10.2025 17:24:03.352 UTC,1.3945,1.39439,0.0012,0.0018
28.10.2025 17:24:04.161 UTC,1.39449,1.39439,0.0012,0.00285
28.10.2025 17:24:04.264 UTC,1.39448,1.39438,0.0012,0.00294
28.10.2025 17:24:12.925 UTC,1.39447,1.39438,0.0012,0.0018
28.10.2025 17:24:13.285 UTC,1.39447,1.39434,0.0012,0.0033
28.10.2025 17:24:18.997 UTC,1.39445,1.39433,0.0012,0.0024
28.10.2025 17:24:19.100 UTC,1.39446,1.39433,0.0012,0.0024
28.10.2025 17:24:19.203 UTC,1.39446,1.39434,0.0012,0.0024
28.10.2025 17:24:19.610 UTC,1.39446,1.39433,0.0012,0.0033
28.10.2025 17:24:19.817 UTC,1.39447,1.39436,0.0018,0.0018
28.10.2025 17:24:26.069 UTC,1.39446,1.39434,0.0012,0.0018
28.10.2025 17:24:26.172 UTC,1.39443,1.39435,0.0012,0.0018
28.10.2025 17:24:26.224 UTC,1.39443,1.39435,0.0012,0.00135
28.10.2025 17:24:30.975 UTC,1.39446,1.39434,0.0012,0.00135
28.10.2025 17:24:31.078 UTC,1.39447,1.39434,0.0012,0.00135
28.10.2025 17:24:31.130 UTC,1.39447,1.39434,0.0012,0.0018
28.10.2025 17:24:31.232 UTC,1.39448,1.39435,0.0012,0.0018
28.10.2025 17:24:32.194 UTC,1.39447,1.39434,0.0012,0.0018
28.10.2025 17:24:32.297 UTC,1.39447,1.39434,0.0012,0.0024
28.10.2025 17:24:33.765 UTC,1.39448,1.39435,0.0018,0.00285
28.10.2025 17:24:40.888 UTC,1.39449,1.39437,0.0012,0.00234
28.10.2025 17:24:40.941 UTC,1.3945,1.39436,0.0018,0.00429
28.10.2025 17:24:41.044 UTC,1.39449,1.39437,0.0012,0.00192
28.10.2025 17:24:45.465 UTC,1.3945,1.39438,0.0012,0.00285
28.10.2025 17:24:45.721 UTC,1.39451,1.39439,0.0012,0.0018
28.10.2025 17:24:47.735 UTC,1.3945,1.39438,0.0012,0.0024
28.10.2025 17:24:50.230 UTC,1.39452,1.39439,0.0018,0.0033
28.10.2025 17:24:50.332 UTC,1.39451,1.3944,0.0018,0.0024
28.10.2025 17:24:52.148 UTC,1.39453,1.3944,0.0018,0.0024
28.10.2025 17:24:52.252 UTC,1.39452,1.3944,0.0012,0.0018
28.10.2025 17:24:58.738 UTC,1.39453,1.39442,0.0012,0.00135
28.10.2025 17:24:58.891 UTC,1.39452,1.39442,0.0012,0.0012
28.10.2025 17:24:59.598 UTC,1.39453,1.39442,0.00135,0.00135
28.10.2025 17:25:01.007 UTC,1.39452,1.39443,0.0018,0.00135
28.10.2025 17:25:01.108 UTC,1.39452,1.39443,0.00135,0.00135
28.10.2025 17:25:01.818 UTC,1.39452,1.39442,0.0012,0.0012
28.10.2025 17:25:03.078 UTC,1.39454,1.39443,0.0012,0.0012
28.10.2025 17:25:03.181 UTC,1.39455,1.39442,0.0018,0.00135
28.10.2025 17:25:03.283 UTC,1.39455,1.39442,0.0012,0.0018
28.10.2025 17:25:07.714 UTC,1.39456,1.39443,0.0027,0.00135
28.10.2025 17:25:10.079 UTC,1.39454,1.39443,0.0012,0.00135
28.10.2025 17:25:13.389 UTC,1.39453,1.39442,0.0012,0.0018
28.10.2025 17:25:13.551 UTC,1.39453,1.39441,0.0012,0.0018
28.10.2025 17:25:13.661 UTC,1.39451,1.39442,0.0012,0.0018
28.10.2025 17:25:14.268 UTC,1.39451,1.39441,0.0012,0.0018
28.10.2025 17:25:14.370 UTC,1.39451,1.39441,0.0012,0.00135
28.10.2025 17:25:15.079 UTC,1.39452,1.39441,0.0012,0.00195
28.10.2025 17:25:15.183 UTC,1.39455,1.39442,0.0018,0.00135
28.10.2025 17:25:18.717 UTC,1.39456,1.39444,0.0012,0.0012
28.10.2025 17:25:18.821 UTC,1.39458,1.39444,0.00405,0.0042
28.10.2025 17:25:20.585 UTC,1.39455,1.39447,0.00189,0.00135
28.10.2025 17:25:24.389 UTC,1.39453,1.39447,0.00189,0.0012
28.10.2025 17:25:24.493 UTC,1.39454,1.39444,0.00189,0.00135
28.10.2025 17:25:26.417 UTC,1.39454,1.39445,0.00189,0.0012
28.10.2025 17:25:26.520 UTC,1.39454,1.39446,0.00189,0.0012
28.10.2025 17:25:27.235 UTC,1.39454,1.39445,0.00189,0.00135
28.10.2025 17:25:27.389 UTC,1.39455,1.39446,0.00189,0.0012
28.10.2025 17:25:28.304 UTC,1.39455,1.39445,0.00189,0.00135
28.10.2025 17:25:28.509 UTC,1.39455,1.39446,0.00189,0.00135
28.10.2025 17:25:29.618 UTC,1.39453,1.39447,0.00189,0.0012
28.10.2025 17:25:29.721 UTC,1.39453,1.39444,0.00189,0.00135
28.10.2025 17:25:29.928 UTC,1.39451,1.39441,0.00189,0.0018
28.10.2025 17:25:34.129 UTC,1.3945,1.3944,0.00189,0.0018
28.10.2025 17:25:37.045 UTC,1.39452,1.39441,0.00189,0.00375
28.10.2025 17:25:38.156 UTC,1.39452,1.39443,0.00189,0.0012
28.10.2025 17:25:38.359 UTC,1.39452,1.39442,0.00189,0.00135
28.10.2025 17:25:38.615 UTC,1.39453,1.39444,0.00189,0.0018
28.10.2025 17:25:38.719 UTC,1.39454,1.39443,0.00189,0.0018
28.10.2025 17:25:39.881 UTC,1.39454,1.39443,0.00189,0.00135
28.10.2025 17:25:40.036 UTC,1.39451,1.39443,0.00189,0.0012
28.10.2025 17:25:40.139 UTC,1.3945,1.39443,0.00189,0.00135
28.10.2025 17:25:40.242 UTC,1.39451,1.39443,0.00189,0.00135
28.10.2025 17:25:40.345 UTC,1.39453,1.39441,0.0012,0.0018
28.10.2025 17:25:40.549 UTC,1.39452,1.39442,0.00189,0.00135
28.10.2025 17:25:41.967 UTC,1.39453,1.39441,0.00279,0.00195
28.10.2025 17:25:44.360 UTC,1.39455,1.39443,0.00279,0.00135
28.10.2025 17:25:44.468 UTC,1.39455,1.39445,0.00279,0.0024
28.10.2025 17:25:47.086 UTC,1.39457,1.39446,0.00189,0.0018
28.10.2025 17:25:50.256 UTC,1.39456,1.39445,0.00189,0.0024
28.10.2025 17:25:54.502 UTC,1.39455,1.39445,0.00189,0.0018
28.10.2025 17:25:54.658 UTC,1.39456,1.39445,0.00189,0.0024
28.10.2025 17:25:55.016 UTC,1.39456,1.39448,0.00189,0.00135
28.10.2025 17:25:56.863 UTC,1.39456,1.39445,0.00189,0.00195
28.10.2025 17:25:59.241 UTC,1.39454,1.39446,0.00189,0.0012
28.10.2025 17:25:59.345 UTC,1.39455,1.39444,0.00189,0.00135
28.10.2025 17:25:59.397 UTC,1.39454,1.39445,0.00189,0.0018
28.10.2025 17:25:59.705 UTC,1.39455,1.39445,0.00189,0.0012
28.10.2025 17:25:59.808 UTC,1.39456,1.39445,0.00189,0.0018
28.10.2025 17:26:00.268 UTC,1.39454,1.39446,0.00189,0.0018
28.10.2025 17:26:00.924 UTC,1.39457,1.39445,0.0018,0.0018
28.10.2025 17:26:00.977 UTC,1.39455,1.39445,0.0012,0.0018
28.10.2025 17:26:01.081 UTC,1.39449,1.39442,0.00189,0.0012
28.10.2025 17:26:01.945 UTC,1.3945,1.3944,0.00189,0.0012
28.10.2025 17:26:02.150 UTC,1.3945,1.39439,0.00189,0.0012
28.10.2025 17:26:05.221 UTC,1.39451,1.3944,0.00189,0.0018
28.10.2025 17:26:05.990 UTC,1.3945,1.39439,0.00189,0.00225
28.10.2025 17:26:07.001 UTC,1.39451,1.3944,0.00189,0.00195
28.10.2025 17:26:07.205 UTC,1.39452,1.3944,0.00189,0.00285
28.10.2025 17:26:07.308 UTC,1.39451,1.3944,0.00189,0.00285
28.10.2025 17:26:10.579 UTC,1.39452,1.3944,0.00189,0.0024
28.10.2025 17:26:10.682 UTC,1.39452,1.3944,0.00189,0.00285
28.10.2025 17:26:13.348 UTC,1.39451,1.3944,0.00189,0.00285
28.10.2025 17:26:15.847 UTC,1.39452,1.39441,0.00189,0.0012
28.10.2025 17:26:17.412 UTC,1.39455,1.39443,0.00189,0.00315
28.10.2025 17:26:17.515 UTC,1.39456,1.39444,0.00279,0.0018
28.10.2025 17:26:17.771 UTC,1.39456,1.39445,0.00189,0.0018
28.10.2025 17:26:17.976 UTC,1.39456,1.39446,0.00189,0.0018
28.10.2025 17:26:20.303 UTC,1.39455,1.39446,0.00189,0.0018
28.10.2025 17:26:20.407 UTC,1.39455,1.39445,0.00189,0.0018
28.10.2025 17:26:20.561 UTC,1.39454,1.39445,0.00189,0.0012
28.10.2025 17:26:20.665 UTC,1.39456,1.39444,0.00189,0.0024
28.10.2025 17:26:20.869 UTC,1.39458,1.39444,0.0012,0.0024
28.10.2025 17:26:21.125 UTC,1.39454,1.39445,0.00189,0.0024
28.10.2025 17:26:21.686 UTC,1.39456,1.39444,0.00189,0.0024
28.10.2025 17:26:22.091 UTC,1.39455,1.39444,0.00189,0.00195
28.10.2025 17:26:23.254 UTC,1.39455,1.39445,0.00189,0.00195
28.10.2025 17:26:24.217 UTC,1.39455,1.39443,0.00189,0.00555
28.10.2025 17:26:24.372 UTC,1.39454,1.39444,0.00189,0.00405
28.10.2025 17:26:24.477 UTC,1.39455,1.39444,0.00189,0.00375
28.10.2025 17:26:25.589 UTC,1.39455,1.39445,0.00189,0.00375
28.10.2025 17:26:29.362 UTC,1.39454,1.39446,0.00189,0.0012
28.10.2025 17:26:30.619 UTC,1.39455,1.39446,0.00189,0.00135
28.10.2025 17:26:34.238 UTC,1.39454,1.39444,0.00189,0.00225
28.10.2025 17:26:37.382 UTC,1.39456,1.39445,0.0012,0.0024
28.10.2025 17:26:37.687 UTC,1.39454,1.39444,0.00189,0.00225
28.10.2025 17:26:39.295 UTC,1.39454,1.39445,0.00189,0.00285
28.10.2025 17:26:40.605 UTC,1.39455,1.39444,0.00189,0.00225
28.10.2025 17:26:41.112 UTC,1.39455,1.39446,0.00189,0.0012
28.10.2025 17:26:42.875 UTC,1.39457,1.39447,0.0018,0.0018
28.10.2025 17:26:44.486 UTC,1.39455,1.39446,0.00189,0.0012
28.10.2025 17:26:45.191 UTC,1.39458,1.39446,0.0018,0.0018
28.10.2025 17:26:46.401 UTC,1.39455,1.39446,0.00189,0.0012
28.10.2025 17:26:46.766 UTC,1.39456,1.39447,0.00189,0.00135
28.10.2025 17:26:58.535 UTC,1.39454,1.39445,0.00189,0.00225
28.10.2025 17:26:58.587 UTC,1.39454,1.39445,0.00189,0.00285
28.10.2025 17:26:59.196 UTC,1.39457,1.39445,0.00189,0.00195
28.10.2025 17:26:59.299 UTC,1.39458,1.39446,0.00189,0.0018
28.10.2025 17:26:59.712 UTC,1.39458,1.39447,0.00189,0.0018
28.10.2025 17:27:01.527 UTC,1.39458,1.39448,0.00189,0.0018
28.10.2025 17:27:01.836 UTC,1.39459,1.39447,0.00279,0.0018
28.10.2025 17:27:01.990 UTC,1.39457,1.39448,0.00189,0.0018
28.10.2025 17:27:03.655 UTC,1.39459,1.39447,0.00279,0.0018
28.10.2025 17:27:07.984 UTC,1.39457,1.39448,0.00189,0.0024
28.10.2025 17:27:27.543 UTC,1.39456,1.39447,0.00189,0.0018
28.10.2025 17:27:30.074 UTC,1.39456,1.39446,0.00189,0.0018
28.10.2025 17:27:30.177 UTC,1.39457,1.39446,0.00189,0.0018
28.10.2025 17:27:30.381 UTC,1.39455,1.39447,0.00189,0.0018
28.10.2025 17:27:38.343 UTC,1.39457,1.39445,0.00189,0.0024
28.10.2025 17:27:38.547 UTC,1.39455,1.39446,0.00189,0.0024
28.10.2025 17:27:41.061 UTC,1.39457,1.39447,0.00189,0.0012
28.10.2025 17:27:42.481 UTC,1.39457,1.39445,0.00189,0.00375
28.10.2025 17:27:51.048 UTC,1.39458,1.39446,0.00189,0.0012
28.10.2025 17:27:54.516 UTC,1.39459,1.39447,0.00189,0.0018
28.10.2025 17:27:54.567 UTC,1.39459,1.39447,0.00189,0.0024
28.10.2025 17:27:54.822 UTC,1.39458,1.39448,0.00189,0.0018
28.10.2025 17:27:55.578 UTC,1.39458,1.39447,0.00189,0.0018
28.10.2025 17:27:55.884 UTC,1.39458,1.39448,0.00189,0.0018
28.10.2025 17:27:56.946 UTC,1.39457,1.39448,0.00189,0.00195
28.10.2025 17:27:57.116 UTC,1.39459,1.39447,0.00189,0.0018
28.10.2025 17:27:59.480 UTC,1.39458,1.39446,0.00189,0.0024
28.10.2025 17:28:02.350 UTC,1.39458,1.39447,0.00279,0.0033
28.10.2025 17:28:04.418 UTC,1.39458,1.39447,0.00189,0.0018
28.10.2025 17:28:05.680 UTC,1.39457,1.39448,0.00189,0.00225
28.10.2025 17:28:05.883 UTC,1.39457,1.39448,0.00189,0.00285
28.10.2025 17:28:08.913 UTC,1.39459,1.39447,0.00279,0.00285
28.10.2025 17:28:09.268 UTC,1.39458,1.39448,0.00279,0.0024
28.10.2025 17:28:09.370 UTC,1.39459,1.39447,0.00279,0.0024
28.10.2025 17:28:09.476 UTC,1.39459,1.39447,0.0012,0.0033
28.10.2025 17:28:09.578 UTC,1.39459,1.39447,0.00279,0.0018
28.10.2025 17:28:18.522 UTC,1.39456,1.39447,0.00189,0.00135
28.10.2025 17:28:18.626 UTC,1.39457,1.39445,0.00189,0.00285
28.10.2025 17:28:19.032 UTC,1.39457,1.39445,0.00189,0.00195
28.10.2025 17:28:19.436 UTC,1.39456,1.39445,0.00189,0.00195
28.10.2025 17:28:21.354 UTC,1.39456,1.39444,0.00189,0.00195
28.10.2025 17:28:21.611 UTC,1.39456,1.39444,0.00189,0.0024
28.10.2025 17:28:21.919 UTC,1.39456,1.39444,0.00189,0.0018
28.10.2025 17:28:22.679 UTC,1.39457,1.39444,0.0012,0.0018
28.10.2025 17:28:22.782 UTC,1.39456,1.39445,0.00189,0.0018
28.10.2025 17:28:31.467 UTC,1.39453,1.39445,0.00189,0.0012
28.10.2025 17:28:31.573 UTC,1.39454,1.39442,0.00189,0.0018
28.10.2025 17:28:31.625 UTC,1.39453,1.39444,0.00189,0.0012
28.10.2025 17:28:31.881 UTC,1.39455,1.39443,0.00189,0.00195
28.10.2025 17:28:32.139 UTC,1.39455,1.39443,0.00189,0.0033
28.10.2025 17:28:32.747 UTC,1.39454,1.39445,0.00189,0.00195
28.10.2025 17:28:34.215 UTC,1.39455,1.39445,0.00279,0.00195
28.10.2025 17:28:34.318 UTC,1.39455,1.39444,0.00189,0.00285
28.10.2025 17:28:35.986 UTC,1.39455,1.39444,0.00189,0.0012
28.10.2025 17:28:36.089 UTC,1.39456,1.39444,0.00279,0.0018
28.10.2025 17:28:37.401 UTC,1.39455,1.39445,0.00279,0.00195
28.10.2025 17:28:37.504 UTC,1.39455,1.39445,0.00189,0.0018
28.10.2025 17:28:38.212 UTC,1.39455,1.39446,0.00279,0.0018
28.10.2025 17:28:39.619 UTC,1.39456,1.39445,0.00279,0.00195
28.10.2025 17:28:48.973 UTC,1.39455,1.39444,0.0012,0.0018
28.10.2025 17:28:49.077 UTC,1.39454,1.39442,0.0012,0.0024
28.10.2025 17:28:49.181 UTC,1.39449,1.39437,0.00279,0.0018
28.10.2025 17:28:49.284 UTC,1.39448,1.39438,0.00279,0.0018
28.10.2025 17:28:49.388 UTC,1.39449,1.39436,0.00279,0.0033
28.10.2025 17:28:50.300 UTC,1.39449,1.39437,0.00279,0.0018
28.10.2025 17:28:50.957 UTC,1.39448,1.39438,0.00279,0.0018
28.10.2025 17:28:52.292 UTC,1.39447,1.39437,0.00279,0.0018
28.10.2025 17:28:52.395 UTC,1.39446,1.39435,0.00189,0.00375
28.10.2025 17:28:53.924 UTC,1.39448,1.39436,0.00279,0.0012
28.10.2025 17:28:54.181 UTC,1.39448,1.39437,0.00279,0.0012
28.10.2025 17:28:54.796 UTC,1.39448,1.39439,0.00279,0.0012
28.10.2025 17:28:54.950 UTC,1.39449,1.39438,0.00279,0.0012
28.10.2025 17:28:55.355 UTC,1.3945,1.39437,0.00189,0.00195
28.10.2025 17:28:55.559 UTC,1.39449,1.39437,0.00189,0.00285
28.10.2025 17:28:57.021 UTC,1.39449,1.39437,0.00189,0.0027
28.10.2025 17:28:57.073 UTC,1.39449,1.39439,0.00189,0.0012
28.10.2025 17:28:57.880 UTC,1.39451,1.39438,0.0012,0.0012
28.10.2025 17:28:57.983 UTC,1.39448,1.39437,0.0012,0.0033
28.10.2025 17:28:58.035 UTC,1.39448,1.39436,0.00189,0.00285
28.10.2025 17:28:59.802 UTC,1.39449,1.39436,0.00279,0.0033
28.10.2025 17:28:59.855 UTC,1.39449,1.39437,0.00279,0.0012
28.10.2025 17:28:59.958 UTC,1.39449,1.39437,0.00279,0.0018
28.10.2025 17:29:00.113 UTC,1.39447,1.39438,0.00189,0.0018
28.10.2025 17:29:00.621 UTC,1.39447,1.39436,0.00189,0.00285
28.10.2025 17:29:01.078 UTC,1.39448,1.39438,0.00132,0.0018
28.10.2025 17:29:01.232 UTC,1.39449,1.39437,0.00132,0.0018
28.10.2025 17:29:08.256 UTC,1.39448,1.39439,0.00132,0.0018
28.10.2025 17:29:08.460 UTC,1.39449,1.39438,0.00132,0.0018
28.10.2025 17:29:09.264 UTC,1.39449,1.39438,0.00132,0.00195
28.10.2025 17:29:17.099 UTC,1.39449,1.39439,0.00132,0.00195
28.10.2025 17:29:17.151 UTC,1.3945,1.39439,0.00132,0.0018
28.10.2025 17:29:17.204 UTC,1.39453,1.39442,0.00132,0.0012
28.10.2025 17:29:17.308 UTC,1.39453,1.39443,0.00132,0.0018
28.10.2025 17:29:17.721 UTC,1.39454,1.39442,0.00132,0.0018
28.10.2025 17:29:20.054 UTC,1.39453,1.39441,0.00132,0.00195
28.10.2025 17:29:26.979 UTC,1.39452,1.39442,0.00132,0.0018
28.10.2025 17:29:27.031 UTC,1.39451,1.3944,0.00132,0.0012
28.10.2025 17:29:27.185 UTC,1.39451,1.39439,0.00132,0.0012
28.10.2025 17:29:27.593 UTC,1.3945,1.39439,0.00132,0.0012
28.10.2025 17:29:27.696 UTC,1.39451,1.39438,0.00132,0.0018
28.10.2025 17:29:27.800 UTC,1.39449,1.39437,0.00132,0.0033
28.10.2025 17:29:28.818 UTC,1.39449,1.39438,0.00132,0.0018
28.10.2025 17:29:33.050 UTC,1.39448,1.3944,0.00132,0.0018
28.10.2025 17:29:33.203 UTC,1.39449,1.39439,0.0012,0.0018
28.10.2025 17:29:39.008 UTC,1.3945,1.3944,0.00132,0.0018
28.10.2025 17:29:41.848 UTC,1.3945,1.39439,0.00132,0.0012
28.10.2025 17:29:42.310 UTC,1.39449,1.39439,0.00132,0.00135
28.10.2025 17:29:42.463 UTC,1.39449,1.3944,0.00132,0.0012
28.10.2025 17:29:44.563 UTC,1.3945,1.39438,0.00132,0.00135
28.10.2025 17:29:44.819 UTC,1.3945,1.39438,0.00132,0.0012
28.10.2025 17:29:44.972 UTC,1.3945,1.39438,0.0012,0.0012
28.10.2025 17:29:47.095 UTC,1.39449,1.39439,0.0012,0.0018
28.10.2025 17:29:47.148 UTC,1.39448,1.39437,0.00132,0.0012
28.10.2025 17:29:47.251 UTC,1.39448,1.39437,0.00132,0.0018
28.10.2025 17:29:50.527 UTC,1.39447,1.39435,0.00132,0.00195
28.10.2025 17:29:53.351 UTC,1.39448,1.39436,0.00132,0.00195
28.10.2025 17:29:53.506 UTC,1.39448,1.39437,0.00132,0.0018
28.10.2025 17:29:55.155 UTC,1.39448,1.39439,0.00132,0.00135
28.10.2025 17:29:55.258 UTC,1.39449,1.39438,0.00132,0.0018
28.10.2025 17:29:55.309 UTC,1.39449,1.39438,0.0012,0.0018
28.10.2025 17:29:55.463 UTC,1.39448,1.39438,0.00132,0.0018
28.10.2025 17:30:01.459 UTC,1.39448,1.39435,0.00132,0.00285
28.10.2025 17:30:02.275 UTC,1.39448,1.39436,0.00132,0.0018
28.10.2025 17:30:02.377 UTC,1.39447,1.39437,0.00132,0.0018
28.10.2025 17:30:03.287 UTC,1.39448,1.39436,0.00132,0.00252
28.10.2025 17:30:04.046 UTC,1.39447,1.39437,0.0012,0.00252
28.10.2025 17:30:08.172 UTC,1.39448,1.39437,0.0012,0.00387
28.10.2025 17:30:09.183 UTC,1.39449,1.39436,0.0012,0.00342
28.10.2025 17:30:10.195 UTC,1.39448,1.39437,0.0012,0.00342
28.10.2025 17:30:13.361 UTC,1.39449,1.39436,0.0012,0.00252
28.10.2025 17:30:15.042 UTC,1.39448,1.39437,0.0012,0.00252
28.10.2025 17:30:19.425 UTC,1.39448,1.39437,0.0018,0.00297
28.10.2025 17:30:19.528 UTC,1.39448,1.39437,0.00225,0.00192
28.10.2025 17:30:19.683 UTC,1.39447,1.39436,0.0018,0.00342
28.10.2025 17:30:19.786 UTC,1.39447,1.39436,0.0018,0.00297
28.10.2025 17:30:29.196 UTC,1.39448,1.39436,0.0012,0.00237
28.10.2025 17:30:29.300 UTC,1.39449,1.39437,0.0012,0.00147
28.10.2025 17:30:29.403 UTC,1.3945,1.39438,0.0012,0.00192
28.10.2025 17:30:29.455 UTC,1.39452,1.3944,0.0018,0.00132
28.10.2025 17:30:29.563 UTC,1.39454,1.39445,0.0012,0.00132
28.10.2025 17:30:29.615 UTC,1.39458,1.39446,0.00135,0.00144
28.10.2025 17:30:29.668 UTC,1.39459,1.39447,0.0024,0.00132
28.10.2025 17:30:29.770 UTC,1.39459,1.39447,0.0012,0.00147
28.10.2025 17:30:31.244 UTC,1.3946,1.39447,0.0018,0.00237
28.10.2025 17:30:39.804 UTC,1.3946,1.39448,0.0012,0.0018
28.10.2025 17:30:39.856 UTC,1.39462,1.39449,0.0018,0.00144
28.10.2025 17:30:40.061 UTC,1.39462,1.39449,0.0018,0.00192
28.10.2025 17:30:40.164 UTC,1.39461,1.3945,0.0018,0.00192
28.10.2025 17:30:40.266 UTC,1.39462,1.39449,0.0018,0.00192
28.10.2025 17:30:40.922 UTC,1.39461,1.39449,0.0012,0.00144
28.10.2025 17:30:41.026 UTC,1.3946,1.39447,0.0018,0.00249
28.10.2025 17:30:45.015 UTC,1.3946,1.39447,0.00315,0.00135
28.10.2025 17:30:52.533 UTC,1.39459,1.39449,0.0018,0.0012
28.10.2025 17:30:56.240 UTC,1.39461,1.39448,0.0012,0.00189
28.10.2025 17:30:56.446 UTC,1.39459,1.39449,0.0012,0.0012
28.10.2025 17:31:00.378 UTC,1.3946,1.39447,0.00135,0.00225
28.10.2025 17:31:00.481 UTC,1.3946,1.39448,0.00135,0.0012
28.10.2025 17:31:10.131 UTC,1.3946,1.39447,0.0012,0.00234
28.10.2025 17:31:10.233 UTC,1.3946,1.39448,0.00135,0.0012
28.10.2025 17:31:12.549 UTC,1.39461,1.39448,0.0018,0.00192
28.10.2025 17:31:12.652 UTC,1.39461,1.3945,0.0012,0.0018
28.10.2025 17:31:12.805 UTC,1.39462,1.3945,0.0012,0.0018
28.10.2025 17:31:13.159 UTC,1.39463,1.39455,0.0012,0.00132
28.10.2025 17:31:13.211 UTC,1.39466,1.39455,0.0012,0.00282
28.10.2025 17:31:13.315 UTC,1.39468,1.39455,0.0018,0.00237
28.10.2025 17:31:13.419 UTC,1.39468,1.39457,0.0012,0.00135
28.10.2025 17:31:13.675 UTC,1.39469,1.39457,0.0018,0.00135
28.10.2025 17:31:14.134 UTC,1.39467,1.39458,0.0018,0.00135
28.10.2025 17:31:14.239 UTC,1.39468,1.39455,0.0012,0.00192
28.10.2025 17:31:14.342 UTC,1.39468,1.39457,0.0012,0.00135
28.10.2025 17:31:16.753 UTC,1.39467,1.39454,0.0012,0.00342
28.10.2025 17:31:16.856 UTC,1.39466,1.39455,0.0012,0.00324
28.10.2025 17:31:17.011 UTC,1.39468,1.39455,0.0012,0.00147
28.10.2025 17:31:17.114 UTC,1.39468,1.39457,0.0012,0.0012
28.10.2025 17:31:17.218 UTC,1.39469,1.39457,0.0012,0.00132
28.10.2025 17:31:26.588 UTC,1.39469,1.39458,0.0012,0.00234
28.10.2025 17:31:26.692 UTC,1.39472,1.39463,0.0012,0.0012
28.10.2025 17:31:26.795 UTC,1.39475,1.39464,0.0027,0.00135
28.10.2025 17:31:26.898 UTC,1.39474,1.39464,0.0012,0.0012
28.10.2025 17:31:27.553 UTC,1.39471,1.39463,0.0012,0.0012
28.10.2025 17:31:27.657 UTC,1.39471,1.39459,0.0012,0.0024
28.10.2025 17:31:27.760 UTC,1.39472,1.39459,0.0012,0.0024
28.10.2025 17:31:28.267 UTC,1.39471,1.39459,0.0012,0.0018
28.10.2025 17:31:28.571 UTC,1.39473,1.39459,0.00369,0.0018
28.10.2025 17:31:28.623 UTC,1.39471,1.39459,0.0012,0.0024
28.10.2025 17:31:28.928 UTC,1.39471,1.3946,0.0012,0.0018
28.10.2025 17:31:29.031 UTC,1.39472,1.3946,0.0012,0.0024
28.10.2025 17:31:29.084 UTC,1.39473,1.39463,0.0018,0.0012
28.10.2025 17:31:29.136 UTC,1.39476,1.39463,0.00414,0.0012
28.10.2025 17:31:29.290 UTC,1.39474,1.39464,0.0012,0.0012
28.10.2025 17:31:29.442 UTC,1.39476,1.39463,0.00189,0.0012
28.10.2025 17:31:30.047 UTC,1.39475,1.39463,0.0012,0.0012
28.10.2025 17:31:31.409 UTC,1.39476,1.39463,0.00279,0.0012
28.10.2025 17:31:32.617 UTC,1.39474,1.39463,0.00132,0.0012
28.10.2025 17:31:32.721 UTC,1.39473,1.3946,0.00132,0.0018
28.10.2025 17:31:37.928 UTC,1.39473,1.39461,0.0012,0.0018
28.10.2025 17:31:39.290 UTC,1.3947,1.39461,0.00132,0.0018
28.10.2025 17:31:39.394 UTC,1.39471,1.39458,0.00234,0.0018
28.10.2025 17:31:39.446 UTC,1.39468,1.39459,0.0012,0.00135
28.10.2025 17:31:39.549 UTC,1.3947,1.39458,0.0018,0.00135
28.10.2025 17:31:41.672 UTC,1.39468,1.39459,0.0012,0.00135
28.10.2025 17:31:47.165 UTC,1.3947,1.39458,0.0018,0.00135
28.10.2025 17:31:48.629 UTC,1.39471,1.39459,0.0012,0.00192
28.10.2025 17:31:48.682 UTC,1.39475,1.39464,0.0012,0.0018
28.10.2025 17:31:48.785 UTC,1.39476,1.39464,0.0012,0.00225
28.10.2025 17:31:48.888 UTC,1.39476,1.39465,0.0018,0.0024
28.10.2025 17:31:50.366 UTC,1.39475,1.39466,0.0012,0.0012
28.10.2025 17:31:50.873 UTC,1.39475,1.39464,0.0012,0.00225
28.10.2025 17:31:50.926 UTC,1.39473,1.39461,0.0012,0.0018
28.10.2025 17:31:50.978 UTC,1.39473,1.39461,0.00189,0.0012
28.10.2025 17:31:53.391 UTC,1.39475,1.39464,0.0012,0.0012
28.10.2025 17:31:53.494 UTC,1.39475,1.39465,0.0012,0.0012
28.10.2025 17:31:59.246 UTC,1.39476,1.39466,0.0012,0.0012
28.10.2025 17:32:00.053 UTC,1.39476,1.39464,0.0012,0.0012
28.10.2025 17:32:01.066 UTC,1.39473,1.39463,0.0012,0.00135
28.10.2025 17:32:01.119 UTC,1.39471,1.3946,0.0012,0.0012
28.10.2025 17:32:01.222 UTC,1.3947,1.3946,0.0012,0.0012
28.10.2025 17:32:05.637 UTC,1.3947,1.39459,0.0012,0.0012
28.10.2025 17:32:05.790 UTC,1.39469,1.39459,0.0012,0.0012
28.10.2025 17:32:11.225 UTC,1.39468,1.39459,0.0018,0.0012
28.10.2025 17:32:14.897 UTC,1.39469,1.39458,0.0024,0.0012
28.10.2025 17:32:15.052 UTC,1.39469,1.39458,0.0018,0.0012
28.10.2025 17:32:16.715 UTC,1.39468,1.39455,0.0027,0.0018
28.10.2025 17:32:16.818 UTC,1.39468,1.39455,0.0027,0.00135
28.10.2025 17:32:21.802 UTC,1.39466,1.39455,0.0012,0.00135
28.10.2025 17:32:21.855 UTC,1.39468,1.39455,0.0012,0.00135
28.10.2025 17:32:21.957 UTC,1.39468,1.39455,0.0012,0.00195
28.10.2025 17:32:22.718 UTC,1.39469,1.39455,0.00135,0.00249
28.10.2025 17:32:22.820 UTC,1.39469,1.39455,0.00135,0.00339
28.10.2025 17:32:30.780 UTC,1.3947,1.39457,0.0018,0.00195
28.10.2025 17:32:30.934 UTC,1.39469,1.39458,0.0012,0.00195
28.10.2025 17:32:31.089 UTC,1.3947,1.39457,0.0018,0.0018
28.10.2025 17:32:31.243 UTC,1.39469,1.39456,0.0012,0.0018
28.10.2025 17:32:46.134 UTC,1.39469,1.39456,0.0012,0.00249
28.10.2025 17:32:57.947 UTC,1.39469,1.39458,0.0012,0.0024
28.10.2025 17:32:58.201 UTC,1.3947,1.39457,0.0027,0.00135
28.10.2025 17:33:02.143 UTC,1.3947,1.39457,0.0012,0.00522
28.10.2025 17:33:02.247 UTC,1.3947,1.39457,0.00225,0.00144
28.10.2025 17:33:09.640 UTC,1.39469,1.39458,0.0033,0.00144
28.10.2025 17:33:09.743 UTC,1.3947,1.39457,0.0027,0.00144
28.10.2025 17:33:10.601 UTC,1.3947,1.39456,0.0033,0.00249
28.10.2025 17:33:10.804 UTC,1.3947,1.39456,0.00315,0.00249
28.10.2025 17:33:13.275 UTC,1.39469,1.39457,0.0018,0.00477
28.10.2025 17:33:13.380 UTC,1.3947,1.39456,0.00225,0.00342
28.10.2025 17:33:13.533 UTC,1.3947,1.39456,0.00315,0.00252
28.10.2025 17:33:13.688 UTC,1.3947,1.39456,0.0027,0.00342
28.10.2025 17:33:18.630 UTC,1.3947,1.39457,0.0018,0.00147
28.10.2025 17:33:18.836 UTC,1.39469,1.39458,0.00225,0.00144
28.10.2025 17:33:20.450 UTC,1.3947,1.39456,0.0018,0.00432
28.10.2025 17:33:20.807 UTC,1.3947,1.39456,0.00135,0.00342
28.10.2025 17:33:22.119 UTC,1.39468,1.39456,0.0012,0.00207
28.10.2025 17:33:28.069 UTC,1.39468,1.39456,0.0012,0.00252
28.10.2025 17:33:43.650 UTC,1.39467,1.39456,0.0012,0.0018
28.10.2025 17:33:57.396 UTC,1.39466,1.39457,0.0012,0.00135
28.10.2025 17:34:01.899 UTC,1.39461,1.39455,0.0012,0.0012
28.10.2025 17:34:01.956 UTC,1.39462,1.39453,0.0012,0.0012
28.10.2025 17:34:02.064 UTC,1.39462,1.39449,0.0018,0.00192
28.10.2025 17:34:04.144 UTC,1.3946,1.39447,0.0012,0.00342
28.10.2025 17:34:04.247 UTC,1.39459,1.39448,0.0018,0.00252
28.10.2025 17:34:05.615 UTC,1.3946,1.39447,0.0027,0.00234
28.10.2025 17:34:08.932 UTC,1.39458,1.39447,0.0012,0.00135
28.10.2025 17:34:27.473 UTC,1.39457,1.39445,0.0012,0.0018
28.10.2025 17:34:28.495 UTC,1.39456,1.39447,0.0012,0.0018
28.10.2025 17:34:30.568 UTC,1.39457,1.39447,0.0012,0.0018
28.10.2025 17:34:34.153 UTC,1.39458,1.39446,0.0012,0.0018
28.10.2025 17:34:43.213 UTC,1.39457,1.39445,0.0012,0.0018
28.10.2025 17:34:45.084 UTC,1.39455,1.39445,0.0012,0.0024
28.10.2025 17:34:46.149 UTC,1.39452,1.39443,0.0012,0.0012
28.10.2025 17:34:46.253 UTC,1.39451,1.3944,0.0012,0.00339
28.10.2025 17:34:46.406 UTC,1.39451,1.39439,0.0012,0.00249
28.10.2025 17:34:46.560 UTC,1.39451,1.39439,0.0018,0.0018
28.10.2025 17:34:49.585 UTC,1.39449,1.39437,0.0012,0.00252
28.10.2025 17:34:49.689 UTC,1.39448,1.39437,0.0012,0.0024
28.10.2025 17:34:49.792 UTC,1.39448,1.39437,0.0012,0.0018
28.10.2025 17:34:50.202 UTC,1.39447,1.39438,0.0012,0.0024
28.10.2025 17:34:50.356 UTC,1.39448,1.39437,0.0012,0.0018
28.10.2025 17:34:53.229 UTC,1.39447,1.39436,0.0012,0.0018
28.10.2025 17:34:55.350 UTC,1.39448,1.39437,0.00234,0.0024
28.10.2025 17:34:58.936 UTC,1.39448,1.39435,0.00132,0.0033
28.10.2025 17:35:01.266 UTC,1.39446,1.39436,0.0012,0.0018
28.10.2025 17:35:01.368 UTC,1.39447,1.39435,0.0018,0.0018
28.10.2025 17:35:01.471 UTC,1.39447,1.39435,0.0018,0.00135
28.10.2025 17:35:05.120 UTC,1.39446,1.39437,0.0012,0.00135
28.10.2025 17:35:05.224 UTC,1.39447,1.39437,0.00279,0.00135
28.10.2025 17:35:05.328 UTC,1.39448,1.39436,0.00189,0.0018
28.10.2025 17:35:06.542 UTC,1.39449,1.39437,0.0012,0.00135
28.10.2025 17:35:13.457 UTC,1.39447,1.39438,0.0012,0.00135
28.10.2025 17:35:15.877 UTC,1.39448,1.39438,0.0018,0.00135
28.10.2025 17:35:20.849 UTC,1.39448,1.39436,0.00135,0.0018
28.10.2025 17:35:21.157 UTC,1.39448,1.39436,0.0018,0.00135
28.10.2025 17:35:21.259 UTC,1.39447,1.39436,0.0012,0.00135
28.10.2025 17:35:21.362 UTC,1.39447,1.39437,0.0012,0.00135
28.10.2025 17:35:44.126 UTC,1.39446,1.39436,0.0012,0.00192
28.10.2025 17:35:44.230 UTC,1.39447,1.39434,0.0018,0.00192
28.10.2025 17:35:44.333 UTC,1.39446,1.39435,0.0027,0.00144
28.10.2025 17:35:46.169 UTC,1.39446,1.39434,0.0012,0.00144
28.10.2025 17:35:46.424 UTC,1.39447,1.39434,0.0027,0.00144
28.10.2025 17:35:46.528 UTC,1.39447,1.39436,0.0018,0.0018
28.10.2025 17:35:46.682 UTC,1.39447,1.39437,0.0012,0.00192
28.10.2025 17:35:47.444 UTC,1.39449,1.39437,0.0012,0.00144
28.10.2025 17:35:47.597 UTC,1.3945,1.39437,0.00315,0.00144
28.10.2025 17:35:48.254 UTC,1.3945,1.39438,0.00225,0.0012
28.10.2025 17:35:50.574 UTC,1.3945,1.39438,0.0024,0.0012
28.10.2025 17:35:50.676 UTC,1.39449,1.39439,0.00225,0.0012
28.10.2025 17:35:53.449 UTC,1.39448,1.39439,0.0012,0.0012
28.10.2025 17:35:55.611 UTC,1.39447,1.39439,0.0012,0.0012
28.10.2025 17:35:59.488 UTC,1.39449,1.39438,0.00135,0.0012
28.10.2025 17:35:59.996 UTC,1.39448,1.39436,0.00135,0.0018
28.10.2025 17:36:00.099 UTC,1.39448,1.39436,0.00135,0.0012
28.10.2025 17:36:00.203 UTC,1.39446,1.39436,0.00285,0.00135
28.10.2025 17:36:00.307 UTC,1.39448,1.39436,0.0018,0.0018
28.10.2025 17:36:00.410 UTC,1.39449,1.39436,0.00315,0.0018
28.10.2025 17:36:01.721 UTC,1.39448,1.39438,0.0012,0.0012
28.10.2025 17:36:02.986 UTC,1.39449,1.39438,0.0012,0.0012
28.10.2025 17:36:03.189 UTC,1.3945,1.39438,0.00315,0.0012
28.10.2025 17:36:05.452 UTC,1.39449,1.3944,0.0012,0.0012
28.10.2025 17:36:05.556 UTC,1.39448,1.3944,0.0012,0.0012
28.10.2025 17:36:05.660 UTC,1.39449,1.3944,0.0012,0.00135
28.10.2025 17:36:06.118 UTC,1.39451,1.39439,0.0027,0.00135
28.10.2025 17:36:08.882 UTC,1.39449,1.3944,0.0012,0.00135
28.10.2025 17:36:09.592 UTC,1.39449,1.39439,0.0012,0.0012
28.10.2025 17:36:14.049 UTC,1.39448,1.39439,0.0012,0.00135
28.10.2025 17:36:22.541 UTC,1.3945,1.39439,0.0012,0.0012
28.10.2025 17:36:22.645 UTC,1.39448,1.39439,0.0012,0.00144
28.10.2025 17:36:23.103 UTC,1.39451,1.39438,0.00225,0.00144
28.10.2025 17:36:26.609 UTC,1.3945,1.3944,0.0012,0.0012
28.10.2025 17:36:26.967 UTC,1.39449,1.39441,0.0012,0.0018
28.10.2025 17:36:27.821 UTC,1.39451,1.3944,0.0012,0.0018
28.10.2025 17:36:27.973 UTC,1.39451,1.3944,0.0012,0.00135
28.10.2025 17:36:28.126 UTC,1.39451,1.3944,0.0024,0.00135
28.10.2025 17:36:28.228 UTC,1.3945,1.39439,0.00225,0.0018
28.10.2025 17:36:28.280 UTC,1.39451,1.39438,0.00225,0.0012
28.10.2025 17:36:28.433 UTC,1.39449,1.39439,0.0012,0.0012
28.10.2025 17:36:28.941 UTC,1.39449,1.39438,0.0012,0.00135
28.10.2025 17:36:34.298 UTC,1.3945,1.3944,0.0012,0.0012
28.10.2025 17:36:34.457 UTC,1.39449,1.39441,0.0012,0.0018
28.10.2025 17:36:34.964 UTC,1.39452,1.3944,0.0012,0.0018
28.10.2025 17:36:40.134 UTC,1.39452,1.39442,0.0012,0.00135
28.10.2025 17:36:42.653 UTC,1.39452,1.39441,0.0012,0.00135
28.10.2025 17:36:55.170 UTC,1.39453,1.39442,0.0018,0.00135
28.10.2025 17:36:55.273 UTC,1.39453,1.39441,0.00135,0.0012
28.10.2025 17:36:55.375 UTC,1.39451,1.39442,0.0012,0.0012
28.10.2025 17:37:01.043 UTC,1.39451,1.39441,0.0012,0.0012
28.10.2025 17:37:01.804 UTC,1.39452,1.39441,0.0012,0.0012
28.10.2025 17:37:06.993 UTC,1.39453,1.39442,0.0012,0.0012
28.10.2025 17:37:15.071 UTC,1.39454,1.39444,0.00315,0.0012
28.10.2025 17:37:15.175 UTC,1.39454,1.39443,0.0012,0.0012
28.10.2025 17:37:15.328 UTC,1.39454,1.39442,0.0012,0.00135
28.10.2025 17:37:15.381 UTC,1.39451,1.39441,0.0012,0.0018
28.10.2025 17:37:15.483 UTC,1.39451,1.3944,0.0012,0.0018
28.10.2025 17:37:15.738 UTC,1.39451,1.3944,0.0012,0.0012
28.10.2025 17:37:15.843 UTC,1.39452,1.39439,0.0018,0.0012
28.10.2025 17:37:15.946 UTC,1.39451,1.39439,0.0012,0.0012
28.10.2025 17:37:16.454 UTC,1.3945,1.39439,0.0012,0.00135
28.10.2025 17:37:26.349 UTC,1.3945,1.39439,0.0027,0.00225
28.10.2025 17:37:26.502 UTC,1.39449,1.39439,0.0012,0.00225
28.10.2025 17:37:41.164 UTC,1.39449,1.39438,0.0027,0.0012
28.10.2025 17:37:42.220 UTC,1.3945,1.39438,0.00225,0.0012
28.10.2025 17:37:44.239 UTC,1.39448,1.39438,0.00225,0.00135
28.10.2025 17:37:44.547 UTC,1.3945,1.39437,0.00315,0.00135
28.10.2025 17:37:48.569 UTC,1.39449,1.39437,0.00375,0.00135
28.10.2025 17:37:48.672 UTC,1.39449,1.39437,0.00144,0.00225
28.10.2025 17:37:48.928 UTC,1.3945,1.39437,0.00369,0.00225
28.10.2025 17:37:57.775 UTC,1.39448,1.39436,0.00234,0.0018
28.10.2025 17:37:57.879 UTC,1.39448,1.39436,0.00144,0.0012
28.10.2025 17:37:57.982 UTC,1.39447,1.39437,0.0012,0.0012
28.10.2025 17:37:58.136 UTC,1.39449,1.39437,0.00279,0.00135
28.10.2025 17:37:58.893 UTC,1.39447,1.39438,0.0012,0.00135
28.10.2025 17:37:59.046 UTC,1.39449,1.39437,0.00189,0.00135
28.10.2025 17:38:00.764 UTC,1.3945,1.39437,0.00279,0.00225
28.10.2025 17:38:06.407 UTC,1.3945,1.3944,0.00234,0.0012
28.10.2025 17:38:06.862 UTC,1.3945,1.39439,0.0012,0.0012
28.10.2025 17:38:07.921 UTC,1.39451,1.39439,0.00234,0.0012
28.10.2025 17:38:08.123 UTC,1.3945,1.39439,0.0012,0.0012
28.10.2025 17:38:10.536 UTC,1.3945,1.3944,0.0012,0.0018
28.10.2025 17:38:10.588 UTC,1.39455,1.39443,0.0012,0.0018
28.10.2025 17:38:10.742 UTC,1.39456,1.39443,0.00189,0.00135
28.10.2025 17:38:11.899 UTC,1.39455,1.39443,0.0012,0.00135
28.10.2025 17:38:12.153 UTC,1.39453,1.39442,0.00132,0.0012
28.10.2025 17:38:12.257 UTC,1.39452,1.39442,0.00132,0.0012
28.10.2025 17:38:12.359 UTC,1.39451,1.39442,0.00189,0.0012
28.10.2025 17:38:12.666 UTC,1.39452,1.39442,0.0012,0.00135
28.10.2025 17:38:12.769 UTC,1.39453,1.39442,0.0012,0.00135
28.10.2025 17:38:19.301 UTC,1.39452,1.39442,0.0012,0.0012
28.10.2025 17:38:19.404 UTC,1.39451,1.39442,0.00132,0.0012
28.10.2025 17:38:21.525 UTC,1.39451,1.3944,0.00135,0.0012
28.10.2025 17:38:22.287 UTC,1.39452,1.39441,0.00132,0.0012
28.10.2025 17:38:22.442 UTC,1.39452,1.39442,0.00279,0.00135
28.10.2025 17:38:22.545 UTC,1.39451,1.39441,0.0012,0.00135
28.10.2025 17:38:22.748 UTC,1.39451,1.39442,0.0012,0.0012
28.10.2025 17:38:22.851 UTC,1.39452,1.39442,0.0012,0.0012
28.10.2025 17:38:23.462 UTC,1.39453,1.39444,0.0018,0.0012
28.10.2025 17:38:23.515 UTC,1.39454,1.39445,0.0012,0.0012
28.10.2025 17:38:23.669 UTC,1.39456,1.39445,0.00132,0.0012
28.10.2025 17:38:24.880 UTC,1.39455,1.39445,0.0012,0.0012
28.10.2025 17:38:25.688 UTC,1.39454,1.39445,0.0018,0.0012
28.10.2025 17:38:27.294 UTC,1.39453,1.39443,0.00132,0.0012
28.10.2025 17:38:27.447 UTC,1.39454,1.39445,0.00279,0.0012
28.10.2025 17:38:29.613 UTC,1.39452,1.39442,0.0012,0.00135
28.10.2025 17:38:30.070 UTC,1.39452,1.39443,0.0012,0.00135
28.10.2025 17:38:31.785 UTC,1.39452,1.39441,0.0012,0.0018
28.10.2025 17:38:35.064 UTC,1.39454,1.39444,0.0018,0.00135
28.10.2025 17:38:35.117 UTC,1.39455,1.39445,0.0012,0.0012
28.10.2025 17:38:35.223 UTC,1.39455,1.39447,0.0012,0.0012
28.10.2025 17:38:35.275 UTC,1.39458,1.39447,0.0012,0.0012
28.10.2025 17:38:38.846 UTC,1.39459,1.39447,0.00135,0.00135
28.10.2025 17:38:55.790 UTC,1.39457,1.39448,0.0012,0.0012
28.10.2025 17:38:55.961 UTC,1.39458,1.39448,0.00225,0.0012
28.10.2025 17:39:02.611 UTC,1.39457,1.39445,0.0012,0.0018
28.10.2025 17:39:02.714 UTC,1.39456,1.39445,0.0012,0.0018
28.10.2025 17:39:02.864 UTC,1.39455,1.39446,0.0012,0.0012
28.10.2025 17:39:07.995 UTC,1.39457,1.39445,0.00225,0.0012
28.10.2025 17:39:08.101 UTC,1.39456,1.39449,0.0012,0.0012
28.10.2025 17:39:08.204 UTC,1.39459,1.39448,0.0027,0.0012
28.10.2025 17:39:09.818 UTC,1.39457,1.39448,0.0012,0.0012
28.10.2025 17:39:09.922 UTC,1.39459,1.39448,0.0027,0.0012
28.10.2025 17:39:10.024 UTC,1.39458,1.39448,0.0012,0.0012
28.10.2025 17:39:12.099 UTC,1.39458,1.39449,0.00225,0.0012
28.10.2025 17:39:16.117 UTC,1.39457,1.39449,0.0012,0.0012
28.10.2025 17:39:21.201 UTC,1.39459,1.39448,0.0018,0.0012
28.10.2025 17:39:22.512 UTC,1.39458,1.39448,0.0012,0.0012
28.10.2025 17:39:23.568 UTC,1.39458,1.39449,0.0012,0.0012
28.10.2025 17:39:35.553 UTC,1.39458,1.3945,0.0012,0.0012
28.10.2025 17:39:41.887 UTC,1.39461,1.3945,0.0018,0.0012
28.10.2025 17:39:42.149 UTC,1.39462,1.3945,0.0018,0.00135
28.10.2025 17:39:42.456 UTC,1.39462,1.39451,0.0012,0.00135
28.10.2025 17:39:42.559 UTC,1.39463,1.39451,0.0018,0.00135
28.10.2025 17:39:42.662 UTC,1.39462,1.39452,0.0012,0.0018
28.10.2025 17:39:42.865 UTC,1.39462,1.39451,0.0012,0.0018
28.10.2025 17:39:42.967 UTC,1.39462,1.39451,0.0012,0.00135
28.10.2025 17:39:43.625 UTC,1.3946,1.39451,0.0012,0.00135
28.10.2025 17:39:43.677 UTC,1.39462,1.39451,0.0012,0.00135
28.10.2025 17:39:44.133 UTC,1.39461,1.39451,0.0012,0.00135
28.10.2025 17:39:47.254 UTC,1.39461,1.39452,0.0012,0.00135
28.10.2025 17:39:49.117 UTC,1.39459,1.39451,0.0012,0.0018
28.10.2025 17:39:49.170 UTC,1.3946,1.39449,0.0012,0.0018
28.10.2025 17:39:49.481 UTC,1.39461,1.39451,0.0018,0.0012
28.10.2025 17:39:49.584 UTC,1.39461,1.39451,0.0018,0.0018
28.10.2025 17:39:49.737 UTC,1.39462,1.39451,0.0012,0.0018
28.10.2025 17:39:51.099 UTC,1.39461,1.39451,0.0012,0.0018
28.10.2025 17:39:52.911 UTC,1.3946,1.39452,0.0012,0.0012
28.10.2025 17:40:00.704 UTC,1.39463,1.39452,0.0012,0.0012
28.10.2025 17:40:00.858 UTC,1.39464,1.39452,0.0018,0.00135
28.10.2025 17:40:03.219 UTC,1.39461,1.39452,0.0012,0.00135
28.10.2025 17:40:09.143 UTC,1.39461,1.39451,0.0012,0.00135
28.10.2025 17:40:09.450 UTC,1.39463,1.39453,0.0018,0.0012
28.10.2025 17:40:09.554 UTC,1.39464,1.39453,0.0012,0.0012
28.10.2025 17:40:09.656 UTC,1.39465,1.39453,0.0018,0.0012
28.10.2025 17:40:10.152 UTC,1.39465,1.39455,0.00135,0.0012
28.10.2025 17:40:10.256 UTC,1.39465,1.39457,0.0012,0.0012
28.10.2025 17:40:10.360 UTC,1.39467,1.39458,0.0012,0.0012
28.10.2025 17:40:10.462 UTC,1.39469,1.39457,0.0018,0.00135
28.10.2025 17:40:12.936 UTC,1.39468,1.39457,0.0012,0.00135
28.10.2025 17:40:17.613 UTC,1.39467,1.39458,0.0012,0.0018
28.10.2025 17:40:17.766 UTC,1.39469,1.39457,0.0018,0.00135
28.10.2025 17:40:18.275 UTC,1.39467,1.39457,0.0018,0.00135
28.10.2025 17:40:18.378 UTC,1.39467,1.39456,0.0012,0.00135
28.10.2025 17:40:18.481 UTC,1.39467,1.39457,0.0012,0.0012
28.10.2025 17:40:18.533 UTC,1.39469,1.39457,0.00225,0.00135
28.10.2025 17:40:18.788 UTC,1.39468,1.39457,0.0012,0.00135
28.10.2025 17:40:18.993 UTC,1.39467,1.39457,0.0012,0.0012
28.10.2025 17:40:21.064 UTC,1.39467,1.39456,0.0012,0.0012
28.10.2025 17:40:21.168 UTC,1.39466,1.39455,0.00135,0.00135
28.10.2025 17:40:21.271 UTC,1.39465,1.39455,0.0012,0.0012
28.10.2025 17:40:21.375 UTC,1.39464,1.39454,0.0012,0.0012
28.10.2025 17:40:21.530 UTC,1.39465,1.39454,0.0018,0.0012
28.10.2025 17:40:21.633 UTC,1.39464,1.39454,0.0012,0.0012
28.10.2025 17:40:23.694 UTC,1.39463,1.39454,0.0012,0.0012
28.10.2025 17:40:23.948 UTC,1.39464,1.39454,0.0018,0.0012
28.10.2025 17:40:24.711 UTC,1.39463,1.39454,0.0012,0.0012
28.10.2025 17:40:25.775 UTC,1.39464,1.39454,0.0012,0.0012
28.10.2025 17:40:27.894 UTC,1.39464,1.39453,0.0012,0.0012
28.10.2025 17:40:36.551 UTC,1.39463,1.39453,0.00135,0.0012
28.10.2025 17:40:36.603 UTC,1.39461,1.39453,0.0012,0.0012
28.10.2025 17:40:36.706 UTC,1.3946,1.39452,0.0012,0.0012
28.10.2025 17:40:38.871 UTC,1.39459,1.39449,0.0012,0.0018
28.10.2025 17:40:38.974 UTC,1.39459,1.39449,0.0012,0.0012
28.10.2025 17:40:40.282 UTC,1.39459,1.3945,0.0018,0.0012
28.10.2025 17:40:41.143 UTC,1.39459,1.39449,0.0012,0.0012
28.10.2025 17:40:45.801 UTC,1.39459,1.39448,0.0018,0.00135
28.10.2025 17:40:52.851 UTC,1.3946,1.39448,0.0012,0.0012
28.10.2025 17:41:13.272 UTC,1.39459,1.39448,0.00132,0.00135
28.10.2025 17:41:13.375 UTC,1.39459,1.39448,0.00132,0.0012
28.10.2025 17:41:18.826 UTC,1.39459,1.39449,0.00225,0.0012
28.10.2025 17:41:20.142 UTC,1.3946,1.39448,0.0024,0.0012
28.10.2025 17:41:20.295 UTC,1.3946,1.39448,0.00225,0.0012
28.10.2025 17:41:23.575 UTC,1.39459,1.3945,0.0012,0.0012
28.10.2025 17:41:23.781 UTC,1.3946,1.39451,0.0012,0.00132
28.10.2025 17:41:23.833 UTC,1.39463,1.39451,0.0012,0.0012
28.10.2025 17:41:23.937 UTC,1.39464,1.39451,0.00405,0.00144
28.10.2025 17:41:25.586 UTC,1.39463,1.39451,0.0012,0.00144
28.10.2025 17:41:29.604 UTC,1.39465,1.39453,0.0018,0.00132
28.10.2025 17:41:29.708 UTC,1.39465,1.39454,0.0012,0.0012
28.10.2025 17:41:31.681 UTC,1.39465,1.39456,0.0012,0.00132
28.10.2025 17:41:31.784 UTC,1.39465,1.39457,0.0012,0.0012
28.10.2025 17:41:31.836 UTC,1.39469,1.39457,0.0012,0.00192
28.10.2025 17:41:37.276 UTC,1.3947,1.39458,0.0018,0.00144
28.10.2025 17:41:39.094 UTC,1.39469,1.39458,0.0012,0.0012
28.10.2025 17:42:02.271 UTC,1.3947,1.39458,0.0018,0.0012
28.10.2025 17:42:12.525 UTC,1.39469,1.39458,0.0012,0.0012
28.10.2025 17:42:14.844 UTC,1.3947,1.39458,0.0018,0.0012
28.10.2025 17:42:15.651 UTC,1.3947,1.39458,0.0018,0.00132
28.10.2025 17:42:15.855 UTC,1.3947,1.39458,0.0012,0.00144
28.10.2025 17:42:16.059 UTC,1.3947,1.39458,0.0012,0.00147
28.10.2025 17:42:16.162 UTC,1.39471,1.39458,0.00225,0.00144
28.10.2025 17:42:17.426 UTC,1.39471,1.39458,0.0012,0.00147
28.10.2025 17:42:17.884 UTC,1.39472,1.39459,0.00225,0.00132
28.10.2025 17:42:18.388 UTC,1.3947,1.39459,0.0012,0.0012
28.10.2025 17:42:24.554 UTC,1.3947,1.3946,0.0012,0.00135
28.10.2025 17:42:27.723 UTC,1.3947,1.3946,0.0012,0.00192
28.10.2025 17:42:27.826 UTC,1.39472,1.3946,0.0012,0.00249
28.10.2025 17:42:27.981 UTC,1.39471,1.39461,0.0012,0.0024
28.10.2025 17:42:30.098 UTC,1.39471,1.3946,0.0012,0.0018
28.10.2025 17:42:34.077 UTC,1.39471,1.39459,0.0012,0.0012
28.10.2025 17:42:34.336 UTC,1.39471,1.3946,0.0012,0.0012
28.10.2025 17:42:34.439 UTC,1.39474,1.39462,0.00135,0.00234
28.10.2025 17:42:34.744 UTC,1.39474,1.39463,0.0012,0.0012
28.10.2025 17:42:34.797 UTC,1.39476,1.39464,0.0012,0.00132
28.10.2025 17:42:34.952 UTC,1.39473,1.39463,0.0012,0.00135
28.10.2025 17:42:35.107 UTC,1.39472,1.39463,0.0012,0.00225
28.10.2025 17:42:40.249 UTC,1.39474,1.39462,0.0012,0.00135
28.10.2025 17:42:40.904 UTC,1.39473,1.39462,0.0012,0.00135
28.10.2025 17:42:45.638 UTC,1.39474,1.39462,0.0012,0.00135
28.10.2025 17:42:52.767 UTC,1.39472,1.39463,0.0012,0.00135
28.10.2025 17:42:56.545 UTC,1.39474,1.39462,0.00135,0.00135
28.10.2025 17:42:56.848 UTC,1.39473,1.39462,0.00135,0.0012
28.10.2025 17:42:56.953 UTC,1.39474,1.39462,0.00225,0.00135
28.10.2025 17:43:02.366 UTC,1.39475,1.39462,0.00135,0.00234
28.10.2025 17:43:02.470 UTC,1.39474,1.39464,0.00135,0.00135
28.10.2025 17:43:08.988 UTC,1.39475,1.39462,0.00135,0.00135
28.10.2025 17:43:09.142 UTC,1.39474,1.39462,0.0012,0.00225
28.10.2025 17:43:12.872 UTC,1.39473,1.39462,0.0012,0.00135
28.10.2025 17:43:13.225 UTC,1.39471,1.39462,0.0012,0.0018
28.10.2025 17:43:13.278 UTC,1.39473,1.39463,0.00135,0.00144
28.10.2025 17:43:16.508 UTC,1.39473,1.39461,0.0012,0.0024
28.10.2025 17:43:16.663 UTC,1.39473,1.39461,0.00135,0.00135
28.10.2025 17:43:20.282 UTC,1.39472,1.39461,0.0012,0.00135
28.10.2025 17:43:20.436 UTC,1.39472,1.3946,0.0012,0.00135
28.10.2025 17:43:20.919 UTC,1.39471,1.3946,0.0012,0.00135
28.10.2025 17:43:21.082 UTC,1.39472,1.39462,0.00135,0.0012
28.10.2025 17:43:24.555 UTC,1.39471,1.39461,0.0012,0.0018
28.10.2025 17:43:24.658 UTC,1.39472,1.3946,0.00135,0.0012
28.10.2025 17:43:30.888 UTC,1.3947,1.3946,0.00135,0.00135
28.10.2025 17:43:34.245 UTC,1.3947,1.39458,0.0012,0.00192
28.10.2025 17:43:45.597 UTC,1.39471,1.39458,0.00135,0.00192
28.10.2025 17:43:46.505 UTC,1.39472,1.39459,0.0012,0.00144
28.10.2025 17:43:46.559 UTC,1.39474,1.39461,0.0018,0.00282
28.10.2025 17:43:46.665 UTC,1.39474,1.39462,0.0012,0.00192
28.10.2025 17:43:46.717 UTC,1.39476,1.39462,0.00495,0.00192
28.10.2025 17:43:47.023 UTC,1.39474,1.39463,0.00135,0.00249
28.10.2025 17:43:48.842 UTC,1.39474,1.39464,0.0012,0.00147
28.10.2025 17:43:48.946 UTC,1.39475,1.39463,0.0012,0.00135
28.10.2025 17:43:50.962 UTC,1.39476,1.39463,0.00135,0.00135
28.10.2025 17:43:51.967 UTC,1.39475,1.39463,0.0012,0.00135
28.10.2025 17:44:10.715 UTC,1.39474,1.39462,0.0012,0.00135
28.10.2025 17:44:11.578 UTC,1.39471,1.39463,0.0012,0.00135
28.10.2025 17:44:12.388 UTC,1.39474,1.39462,0.0018,0.00135
28.10.2025 17:44:12.491 UTC,1.39473,1.39462,0.0012,0.00135
28.10.2025 17:44:12.594 UTC,1.39474,1.39462,0.0018,0.00135
28.10.2025 17:44:12.698 UTC,1.39472,1.39463,0.0012,0.00135
28.10.2025 17:44:14.666 UTC,1.39474,1.39464,0.0024,0.00132
28.10.2025 17:44:14.718 UTC,1.39475,1.39464,0.0012,0.00282
28.10.2025 17:44:14.771 UTC,1.39478,1.39466,0.00315,0.0012
28.10.2025 17:44:16.977 UTC,1.39479,1.39466,0.00225,0.00135
28.10.2025 17:44:17.632 UTC,1.39479,1.39467,0.00135,0.0012
28.10.2025 17:44:18.338 UTC,1.39477,1.39468,0.0012,0.0012
28.10.2025 17:44:20.863 UTC,1.39477,1.39467,0.0012,0.0012
28.10.2025 17:44:20.968 UTC,1.39474,1.39464,0.00135,0.0012
28.10.2025 17:44:21.073 UTC,1.39473,1.39462,0.0012,0.00225
28.10.2025 17:44:21.176 UTC,1.39474,1.39462,0.0012,0.00225
28.10.2025 17:44:27.621 UTC,1.39475,1.39462,0.0018,0.00237
28.10.2025 17:44:27.928 UTC,1.39473,1.39463,0.0012,0.00147
28.10.2025 17:44:28.130 UTC,1.39475,1.39462,0.0018,0.00147
28.10.2025 17:44:29.856 UTC,1.39476,1.39465,0.0018,0.00192
28.10.2025 17:44:30.112 UTC,1.39478,1.39465,0.00135,0.00144
28.10.2025 17:44:30.215 UTC,1.39479,1.39465,0.00375,0.00249
28.10.2025 17:44:30.319 UTC,1.39478,1.39466,0.0036,0.00249
28.10.2025 17:44:33.843 UTC,1.3948,1.39467,0.00225,0.00132
28.10.2025 17:44:34.049 UTC,1.39481,1.39467,0.0027,0.00249
28.10.2025 17:44:34.152 UTC,1.39479,1.39468,0.0012,0.00144
28.10.2025 17:44:37.332 UTC,1.3948,1.39469,0.0012,0.0012
28.10.2025 17:44:45.020 UTC,1.3948,1.3947,0.0012,0.0012
28.10.2025 17:44:54.741 UTC,1.3948,1.39469,0.0012,0.0012
28.10.2025 17:44:55.100 UTC,1.39481,1.39469,0.0036,0.0012
28.10.2025 17:44:55.355 UTC,1.39479,1.3947,0.0012,0.0012
28.10.2025 17:44:55.709 UTC,1.39479,1.39469,0.0012,0.0012
28.10.2025 17:44:58.926 UTC,1.3948,1.39469,0.0012,0.0012
28.10.2025 17:45:01.097 UTC,1.3948,1.39469,0.0018,0.0012
28.10.2025 17:45:11.739 UTC,1.3948,1.39469,0.00225,0.0012
28.10.2025 17:45:11.944 UTC,1.39479,1.39467,0.0018,0.00135
28.10.2025 17:45:12.047 UTC,1.39478,1.39467,0.0012,0.0012
28.10.2025 17:45:12.100 UTC,1.39476,1.39465,0.00135,0.0012
28.10.2025 17:45:12.507 UTC,1.39477,1.39465,0.0018,0.0012
28.10.2025 17:45:15.277 UTC,1.39474,1.39464,0.0012,0.0012
28.10.2025 17:45:15.381 UTC,1.39473,1.39463,0.0012,0.0012
28.10.2025 17:45:15.484 UTC,1.39472,1.39463,0.0012,0.0012
28.10.2025 17:45:15.636 UTC,1.39472,1.39462,0.0012,0.00135
28.10.2025 17:45:20.585 UTC,1.39474,1.39462,0.00225,0.00135
28.10.2025 17:45:21.844 UTC,1.39473,1.39462,0.0012,0.0012
28.10.2025 17:45:21.897 UTC,1.39475,1.39464,0.0036,0.0012
28.10.2025 17:45:22.001 UTC,1.39474,1.39465,0.0012,0.00132
28.10.2025 17:45:22.053 UTC,1.39475,1.39467,0.0018,0.0012
28.10.2025 17:45:22.157 UTC,1.39478,1.39467,0.0018,0.0012
28.10.2025 17:45:22.312 UTC,1.39479,1.39467,0.0018,0.0012
28.10.2025 17:45:23.934 UTC,1.39478,1.3947,0.0012,0.0012
28.10.2025 17:45:24.040 UTC,1.3948,1.39469,0.00132,0.0012
28.10.2025 17:45:30.180 UTC,1.3948,1.39469,0.00192,0.0012
28.10.2025 17:45:31.934 UTC,1.39477,1.39467,0.00132,0.00135
28.10.2025 17:45:32.038 UTC,1.39478,1.39469,0.00327,0.0012
28.10.2025 17:45:32.141 UTC,1.39479,1.39468,0.00282,0.0012
28.10.2025 17:45:34.055 UTC,1.39479,1.39468,0.0018,0.0012
28.10.2025 17:45:34.157 UTC,1.39477,1.39469,0.0012,0.0012
28.10.2025 17:45:36.375 UTC,1.39481,1.39473,0.0012,0.0012
28.10.2025 17:45:36.428 UTC,1.39485,1.39472,0.0018,0.00132
28.10.2025 17:45:36.480 UTC,1.39483,1.39475,0.0018,0.0012
28.10.2025 17:45:36.584 UTC,1.39484,1.39473,0.0012,0.00135
28.10.2025 17:45:40.587 UTC,1.39483,1.39473,0.0012,0.0012
28.10.2025 17:45:40.841 UTC,1.39482,1.39471,0.0012,0.0018
28.10.2025 17:45:40.943 UTC,1.39481,1.39471,0.0012,0.0012
28.10.2025 17:45:41.046 UTC,1.39482,1.39471,0.0012,0.0012
28.10.2025 17:45:41.653 UTC,1.39482,1.3947,0.0018,0.0012
28.10.2025 17:45:41.756 UTC,1.3948,1.39471,0.0012,0.0012
28.10.2025 17:45:46.936 UTC,1.39479,1.39471,0.0012,0.0012
28.10.2025 17:45:51.067 UTC,1.3948,1.39469,0.0012,0.0012
28.10.2025 17:45:51.171 UTC,1.39479,1.39469,0.0012,0.0012
28.10.2025 17:45:54.142 UTC,1.3948,1.39469,0.0012,0.0012
28.10.2025 17:46:15.803 UTC,1.39481,1.39469,0.0012,0.0012
28.10.2025 17:46:15.915 UTC,1.39486,1.39476,0.00135,0.0012
28.10.2025 17:46:15.969 UTC,1.39489,1.39477,0.0018,0.0012
28.10.2025 17:46:22.774 UTC,1.39488,1.39478,0.00207,0.00135
28.10.2025 17:46:22.877 UTC,1.39486,1.39477,0.00237,0.0012
28.10.2025 17:46:22.981 UTC,1.39485,1.39476,0.00132,0.0012
28.10.2025 17:46:26.370 UTC,1.39484,1.39475,0.00147,0.0012
28.10.2025 17:46:26.422 UTC,1.39486,1.39475,0.00144,0.0012
28.10.2025 17:46:26.527 UTC,1.39487,1.39476,0.0012,0.00135
28.10.2025 17:46:28.452 UTC,1.39486,1.39475,0.0018,0.00135
28.10.2025 17:46:28.504 UTC,1.39483,1.39473,0.0012,0.0012
28.10.2025 17:46:28.607 UTC,1.39484,1.39473,0.0012,0.0012
28.10.2025 17:46:29.515 UTC,1.39485,1.39475,0.00132,0.0012
28.10.2025 17:46:30.022 UTC,1.39484,1.39476,0.00132,0.0012
28.10.2025 17:46:32.936 UTC,1.39486,1.39475,0.0012,0.0012
28.10.2025 17:46:35.804 UTC,1.39485,1.39475,0.0012,0.0012
28.10.2025 17:46:36.009 UTC,1.39487,1.39476,0.00132,0.0012
28.10.2025 17:46:36.113 UTC,1.39487,1.39477,0.00234,0.0012
28.10.2025 17:46:38.687 UTC,1.39487,1.39476,0.0012,0.0012
28.10.2025 17:46:40.666 UTC,1.39487,1.39477,0.0012,0.0012
28.10.2025 17:46:40.768 UTC,1.39489,1.39477,0.00282,0.0012
28.10.2025 17:46:43.981 UTC,1.39487,1.39477,0.0012,0.0012
28.10.2025 17:46:45.344 UTC,1.39487,1.39476,0.00237,0.0012
28.10.2025 17:46:45.449 UTC,1.39484,1.39475,0.00132,0.0018
28.10.2025 17:46:45.553 UTC,1.39485,1.39475,0.00147,0.0012
28.10.2025 17:46:45.707 UTC,1.39483,1.39475,0.0012,0.0012
28.10.2025 17:46:45.809 UTC,1.39486,1.39474,0.00132,0.0012
28.10.2025 17:46:46.318 UTC,1.39484,1.39474,0.0012,0.0012
28.10.2025 17:46:46.370 UTC,1.39486,1.39474,0.00132,0.0012
28.10.2025 17:46:48.495 UTC,1.39487,1.39476,0.00132,0.0012
28.10.2025 17:46:51.227 UTC,1.39485,1.39474,0.00132,0.0012
28.10.2025 17:46:51.992 UTC,1.39486,1.39474,0.00132,0.0012
28.10.2025 17:46:52.095 UTC,1.39485,1.39474,0.00132,0.0012
28.10.2025 17:46:52.352 UTC,1.39485,1.39476,0.00132,0.0012
28.10.2025 17:46:52.455 UTC,1.39486,1.39475,0.00132,0.0012
28.10.2025 17:46:52.558 UTC,1.39486,1.39475,0.0012,0.0012
28.10.2025 17:46:52.763 UTC,1.39484,1.39475,0.00132,0.0012
28.10.2025 17:46:57.097 UTC,1.39481,1.39473,0.0012,0.0012
28.10.2025 17:46:57.201 UTC,1.3948,1.39473,0.0012,0.0012
28.10.2025 17:46:57.304 UTC,1.39482,1.39472,0.00132,0.0012
28.10.2025 17:47:00.069 UTC,1.39482,1.39471,0.00132,0.00135
28.10.2025 17:47:00.173 UTC,1.3948,1.39469,0.0012,0.0018
28.10.2025 17:47:00.225 UTC,1.3948,1.39469,0.0012,0.0012
28.10.2025 17:47:06.000 UTC,1.39479,1.39469,0.0012,0.0012
28.10.2025 17:47:07.267 UTC,1.39477,1.3947,0.0012,0.0012
28.10.2025 17:47:08.530 UTC,1.39479,1.39469,0.0012,0.0012
28.10.2025 17:47:21.303 UTC,1.39478,1.39468,0.00132,0.0012
28.10.2025 17:47:32.295 UTC,1.39476,1.39466,0.00132,0.00135
28.10.2025 17:47:33.360 UTC,1.39476,1.39467,0.00144,0.0012
28.10.2025 17:47:33.814 UTC,1.39476,1.39466,0.00132,0.0012
28.10.2025 17:47:35.728 UTC,1.39477,1.39467,0.00132,0.0012
28.10.2025 17:47:38.868 UTC,1.39479,1.39467,0.00279,0.0012
28.10.2025 17:47:38.971 UTC,1.39479,1.39467,0.00294,0.0012
28.10.2025 17:47:39.078 UTC,1.39479,1.39467,0.00279,0.0012
28.10.2025 17:47:39.982 UTC,1.39477,1.39468,0.0012,0.0012
28.10.2025 17:47:43.105 UTC,1.39477,1.39467,0.0012,0.0012
28.10.2025 17:47:46.278 UTC,1.39478,1.39467,0.00132,0.0012
28.10.2025 17:47:50.250 UTC,1.39477,1.39467,0.00132,0.0012
28.10.2025 17:47:56.335 UTC,1.39475,1.39468,0.0012,0.0012
28.10.2025 17:48:00.067 UTC,1.39477,1.39467,0.00132,0.0012
28.10.2025 17:48:02.704 UTC,1.39478,1.39467,0.0012,0.0012
28.10.2025 17:48:03.163 UTC,1.39477,1.39467,0.0012,0.00135
28.10.2025 17:48:10.718 UTC,1.39477,1.39468,0.0012,0.00147
28.10.2025 17:48:10.872 UTC,1.39478,1.39469,0.0012,0.0012
28.10.2025 17:48:11.176 UTC,1.39478,1.3947,0.0012,0.0012
28.10.2025 17:48:19.139 UTC,1.3948,1.39469,0.00135,0.0012
28.10.2025 17:48:20.298 UTC,1.39479,1.39469,0.0012,0.0012
28.10.2025 17:48:23.604 UTC,1.39477,1.3947,0.0012,0.0012
28.10.2025 17:48:26.577 UTC,1.39478,1.3947,0.0012,0.0012
28.10.2025 17:48:38.175 UTC,1.39478,1.39468,0.0012,0.0012
28.10.2025 17:48:38.281 UTC,1.39478,1.39467,0.00135,0.0012
28.10.2025 17:48:39.298 UTC,1.39477,1.39466,0.0012,0.0012
28.10.2025 17:48:39.400 UTC,1.39476,1.39466,0.0012,0.0012
28.10.2025 17:48:39.605 UTC,1.39477,1.39466,0.0012,0.0012
28.10.2025 17:48:40.109 UTC,1.39476,1.39466,0.0012,0.0012
28.10.2025 17:48:44.047 UTC,1.39476,1.39465,0.0012,0.00144
28.10.2025 17:48:45.715 UTC,1.39477,1.39465,0.00135,0.00132
28.10.2025 17:48:45.769 UTC,1.39473,1.39465,0.0012,0.0012
28.10.2025 17:48:45.874 UTC,1.3947,1.39459,0.0012,0.00225
28.10.2025 17:48:48.403 UTC,1.3947,1.3946,0.0012,0.00192
28.10.2025 17:48:48.557 UTC,1.3947,1.3946,0.0012,0.00135
28.10.2025 17:48:54.334 UTC,1.3947,1.39459,0.00135,0.00132
28.10.2025 17:48:58.269 UTC,1.39468,1.3946,0.0012,0.0012
28.10.2025 17:49:01.857 UTC,1.3947,1.39459,0.0012,0.00132
28.10.2025 17:49:02.167 UTC,1.39469,1.39459,0.0012,0.0012
28.10.2025 17:49:15.093 UTC,1.3947,1.39459,0.0012,0.00132
28.10.2025 17:49:15.452 UTC,1.39471,1.3946,0.0012,0.00132
28.10.2025 17:49:15.557 UTC,1.39476,1.39465,0.0018,0.00132
28.10.2025 17:49:15.610 UTC,1.39477,1.39466,0.0012,0.0012
28.10.2025 17:49:15.764 UTC,1.39478,1.39466,0.0018,0.0012
28.10.2025 17:49:16.123 UTC,1.39478,1.39467,0.0018,0.0012
28.10.2025 17:49:18.047 UTC,1.39479,1.39469,0.0012,0.00132
28.10.2025 17:49:23.347 UTC,1.39479,1.39468,0.0012,0.00135
28.10.2025 17:49:35.983 UTC,1.39479,1.39468,0.0012,0.00147
28.10.2025 17:49:36.085 UTC,1.39479,1.39468,0.0012,0.00144
28.10.2025 17:49:54.836 UTC,1.39481,1.39468,0.00285,0.0012
28.10.2025 17:49:55.496 UTC,1.39481,1.39468,0.00225,0.00132
28.10.2025 17:49:55.699 UTC,1.3948,1.39469,0.0024,0.0012
28.10.2025 17:49:56.001 UTC,1.39481,1.39468,0.00225,0.0012
28.10.2025 17:49:56.305 UTC,1.39481,1.39468,0.0024,0.0012
28.10.2025 17:49:57.110 UTC,1.39481,1.39468,0.0027,0.0012
28.10.2025 17:49:57.365 UTC,1.39481,1.39468,0.0024,0.0012
28.10.2025 17:49:59.081 UTC,1.3948,1.39468,0.0012,0.0012
28.10.2025 17:49:59.184 UTC,1.3948,1.39469,0.00285,0.0012
28.10.2025 17:50:01.665 UTC,1.3948,1.39468,0.0018,0.0012
28.10.2025 17:50:01.818 UTC,1.39479,1.39469,0.00135,0.0012
28.10.2025 17:50:06.144 UTC,1.3948,1.39469,0.0012,0.0012
28.10.2025 17:50:06.246 UTC,1.39481,1.3947,0.0018,0.0018
28.10.2025 17:50:06.349 UTC,1.39482,1.39469,0.0018,0.00135
28.10.2025 17:50:07.967 UTC,1.39481,1.3947,0.0018,0.00135
28.10.2025 17:50:08.071 UTC,1.39481,1.39469,0.00135,0.0018
28.10.2025 17:50:09.588 UTC,1.3948,1.39468,0.0012,0.0018
28.10.2025 17:50:16.500 UTC,1.3948,1.39468,0.00132,0.00135
28.10.2025 17:50:16.654 UTC,1.39479,1.39468,0.00144,0.00225
28.10.2025 17:50:20.526 UTC,1.39479,1.39468,0.0012,0.0018
28.10.2025 17:50:20.783 UTC,1.39479,1.39468,0.00135,0.00135
28.10.2025 17:50:20.886 UTC,1.3948,1.39467,0.00135,0.0024
28.10.2025 17:50:30.942 UTC,1.3948,1.39468,0.0012,0.0024
28.10.2025 17:50:31.349 UTC,1.3948,1.39469,0.0012,0.00135
28.10.2025 17:50:31.653 UTC,1.3948,1.39469,0.0012,0.0018
28.10.2025 17:50:31.908 UTC,1.39479,1.3947,0.0012,0.00135
28.10.2025 17:50:38.439 UTC,1.39479,1.39469,0.00147,0.0018
28.10.2025 17:50:38.542 UTC,1.3948,1.39468,0.00147,0.0012
28.10.2025 17:50:38.645 UTC,1.3948,1.39468,0.00132,0.0012
28.10.2025 17:50:38.748 UTC,1.3948,1.39468,0.00147,0.0012
28.10.2025 17:50:38.850 UTC,1.3948,1.39468,0.00132,0.0012
28.10.2025 17:50:38.952 UTC,1.3948,1.39468,0.00147,0.0012
28.10.2025 17:50:39.055 UTC,1.3948,1.39468,0.00132,0.0012
28.10.2025 17:50:39.156 UTC,1.39479,1.39469,0.00147,0.0012
28.10.2025 17:50:39.309 UTC,1.3948,1.39468,0.00132,0.0012
28.10.2025 17:50:39.412 UTC,1.3948,1.39468,0.00147,0.0012
28.10.2025 17:50:40.067 UTC,1.3948,1.39467,0.00144,0.00225
28.10.2025 17:50:40.170 UTC,1.39479,1.39468,0.00192,0.00225
28.10.2025 17:50:55.325 UTC,1.3948,1.39467,0.00135,0.00135
28.10.2025 17:51:00.576 UTC,1.39479,1.39468,0.0012,0.0018
28.10.2025 17:51:01.486 UTC,1.39479,1.39467,0.0012,0.0018
28.10.2025 17:51:03.196 UTC,1.3948,1.39467,0.0012,0.00135
28.10.2025 17:51:03.298 UTC,1.3948,1.39467,0.0012,0.0018
28.10.2025 17:51:05.256 UTC,1.3948,1.39469,0.0012,0.0012
28.10.2025 17:51:05.360 UTC,1.3948,1.3947,0.0012,0.00135
28.10.2025 17:51:10.649 UTC,1.3948,1.39469,0.0012,0.00135
28.10.2025 17:51:10.956 UTC,1.3948,1.39469,0.0012,0.0018
28.10.2025 17:51:11.060 UTC,1.3948,1.39473,0.0012,0.0012
28.10.2025 17:51:11.169 UTC,1.39489,1.39476,0.00132,0.0018
28.10.2025 17:51:11.272 UTC,1.39489,1.39476,0.0018,0.0024
28.10.2025 17:51:11.731 UTC,1.39487,1.39476,0.0012,0.0018
28.10.2025 17:51:11.834 UTC,1.39488,1.39476,0.0012,0.00225
28.10.2025 17:51:11.936 UTC,1.39488,1.39476,0.0012,0.0024
28.10.2025 17:51:13.406 UTC,1.39488,1.39478,0.0012,0.0012
28.10.2025 17:51:14.465 UTC,1.39489,1.39478,0.0012,0.0012
28.10.2025 17:51:15.471 UTC,1.39489,1.39477,0.0012,0.00135
28.10.2025 17:51:17.094 UTC,1.39488,1.39476,0.0012,0.00135
28.10.2025 17:51:17.199 UTC,1.39481,1.3947,0.0012,0.0018
28.10.2025 17:51:17.354 UTC,1.3948,1.39471,0.0012,0.0018
28.10.2025 17:51:17.504 UTC,1.39482,1.3947,0.0012,0.0018
28.10.2025 17:51:20.444 UTC,1.39485,1.39472,0.0012,0.00234
28.10.2025 17:51:20.497 UTC,1.39487,1.39474,0.0012,0.0012
28.10.2025 17:51:20.907 UTC,1.39487,1.39475,0.0018,0.0012
28.10.2025 17:51:22.477 UTC,1.39487,1.39476,0.0018,0.00225
28.10.2025 17:51:23.033 UTC,1.39488,1.39476,0.0012,0.0012
28.10.2025 17:51:28.568 UTC,1.39486,1.39475,0.0012,0.0024
28.10.2025 17:51:28.671 UTC,1.39488,1.39474,0.0018,0.0024
28.10.2025 17:51:28.825 UTC,1.39486,1.39474,0.0012,0.0024
28.10.2025 17:51:28.928 UTC,1.39483,1.39472,0.0012,0.0012
28.10.2025 17:51:29.134 UTC,1.39484,1.39471,0.00225,0.0018
28.10.2025 17:51:29.591 UTC,1.39483,1.39471,0.0012,0.0018
28.10.2025 17:51:30.047 UTC,1.39481,1.39471,0.0012,0.0018
28.10.2025 17:51:30.150 UTC,1.39481,1.39468,0.0012,0.0033
28.10.2025 17:51:30.253 UTC,1.3948,1.39469,0.0012,0.0024
28.10.2025 17:51:32.022 UTC,1.39483,1.3947,0.0018,0.0018
28.10.2025 17:51:32.987 UTC,1.39483,1.39474,0.0012,0.00132
28.10.2025 17:51:33.039 UTC,1.39487,1.39474,0.00225,0.0012
28.10.2025 17:51:33.143 UTC,1.39487,1.39474,0.0018,0.0018
28.10.2025 17:51:34.663 UTC,1.39486,1.39473,0.0018,0.0018
28.10.2025 17:51:39.426 UTC,1.39486,1.39476,0.0018,0.0012
28.10.2025 17:51:39.579 UTC,1.39487,1.39475,0.0012,0.0024
28.10.2025 17:51:40.337 UTC,1.39487,1.39476,0.00225,0.0024
28.10.2025 17:51:41.756 UTC,1.39487,1.39475,0.0012,0.0024
28.10.2025 17:51:41.860 UTC,1.39488,1.39475,0.0018,0.0024
28.10.2025 17:51:44.124 UTC,1.39489,1.39476,0.0018,0.00225
28.10.2025 17:51:44.227 UTC,1.39489,1.39476,0.0018,0.0024
28.10.2025 17:51:57.728 UTC,1.39488,1.39479,0.0018,0.0012
28.10.2025 17:52:04.172 UTC,1.39489,1.39476,0.0018,0.0033
28.10.2025 17:52:08.482 UTC,1.39491,1.39478,0.0018,0.0018
28.10.2025 17:52:08.585 UTC,1.39491,1.39478,0.0018,0.0024
28.10.2025 17:52:08.687 UTC,1.39491,1.3948,0.0018,0.00135
28.10.2025 17:52:10.153 UTC,1.39492,1.3948,0.0012,0.00135
28.10.2025 17:52:10.256 UTC,1.39492,1.3948,0.0012,0.0018
28.10.2025 17:52:11.923 UTC,1.39491,1.39483,0.0012,0.0012
28.10.2025 17:52:12.026 UTC,1.39492,1.39483,0.0012,0.0012
28.10.2025 17:52:12.129 UTC,1.39491,1.39483,0.0012,0.0012
28.10.2025 17:52:12.482 UTC,1.39493,1.39482,0.0012,0.00135
28.10.2025 17:52:14.348 UTC,1.39494,1.39483,0.00225,0.0024
28.10.2025 17:52:18.807 UTC,1.39494,1.39483,0.0012,0.00135
28.10.2025 17:52:20.519 UTC,1.39494,1.39483,0.0018,0.0018
28.10.2025 17:52:20.672 UTC,1.39494,1.39483,0.00225,0.00135
28.10.2025 17:52:21.881 UTC,1.39494,1.39481,0.0012,0.0018
28.10.2025 17:52:21.985 UTC,1.39493,1.3948,0.0012,0.0024
28.10.2025 17:52:30.008 UTC,1.39492,1.3948,0.0012,0.0018
28.10.2025 17:52:30.112 UTC,1.39491,1.39481,0.0018,0.00135
28.10.2025 17:52:30.215 UTC,1.39491,1.39479,0.0012,0.0018
28.10.2025 17:52:30.418 UTC,1.39491,1.39479,0.0012,0.00135
28.10.2025 17:52:31.427 UTC,1.3949,1.39478,0.0012,0.0018
28.10.2025 17:52:31.582 UTC,1.3949,1.39477,0.0018,0.0024
28.10.2025 17:52:36.124 UTC,1.39489,1.39477,0.0045,0.0018
28.10.2025 17:52:36.176 UTC,1.39484,1.39475,0.0018,0.0012
28.10.2025 17:52:36.331 UTC,1.39485,1.39472,0.0018,0.0018
28.10.2025 17:52:36.434 UTC,1.39484,1.39471,0.0012,0.0033
28.10.2025 17:52:36.587 UTC,1.39482,1.39471,0.0018,0.0033
28.10.2025 17:52:36.691 UTC,1.39483,1.3947,0.0012,0.0018
28.10.2025 17:52:36.945 UTC,1.39482,1.3947,0.0012,0.0018
28.10.2025 17:52:37.354 UTC,1.39482,1.39469,0.0018,0.0018
28.10.2025 17:52:38.213 UTC,1.39481,1.39468,0.0018,0.0018
28.10.2025 17:52:40.830 UTC,1.3948,1.39467,0.0012,0.0018
28.10.2025 17:52:40.985 UTC,1.3948,1.39467,0.0018,0.0018
28.10.2025 17:52:47.405 UTC,1.3948,1.39466,0.0018,0.0024
28.10.2025 17:52:47.508 UTC,1.3948,1.39466,0.00135,0.0024
28.10.2025 17:52:47.714 UTC,1.39479,1.39468,0.0018,0.00135
28.10.2025 17:52:47.818 UTC,1.3948,1.39467,0.0018,0.0018
28.10.2025 17:52:51.206 UTC,1.3948,1.39467,0.00237,0.0018
28.10.2025 17:52:51.309 UTC,1.39479,1.39468,0.00192,0.0018
28.10.2025 17:52:51.412 UTC,1.39479,1.39467,0.00147,0.0033
28.10.2025 17:52:51.515 UTC,1.3948,1.39466,0.00252,0.0024
28.10.2025 17:52:56.757 UTC,1.39478,1.39467,0.00135,0.0018
28.10.2025 17:52:57.617 UTC,1.39479,1.39466,0.0018,0.0024
28.10.2025 17:52:57.724 UTC,1.39479,1.39466,0.0012,0.0024
28.10.2025 17:52:58.128 UTC,1.39479,1.39466,0.00132,0.0024
28.10.2025 17:52:58.985 UTC,1.39478,1.39466,0.00147,0.0033
28.10.2025 17:53:01.760 UTC,1.39479,1.39465,0.00144,0.0033
28.10.2025 17:53:02.874 UTC,1.39479,1.39465,0.00147,0.0024
28.10.2025 17:53:03.080 UTC,1.39479,1.39466,0.00132,0.0018
28.10.2025 17:53:03.183 UTC,1.39478,1.39467,0.00132,0.0018
28.10.2025 17:53:03.336 UTC,1.39478,1.39466,0.0012,0.0018
28.10.2025 17:53:10.079 UTC,1.39478,1.39465,0.00147,0.0024
28.10.2025 17:53:11.291 UTC,1.39478,1.39465,0.00132,0.0033
28.10.2025 17:53:12.147 UTC,1.39477,1.39466,0.00132,0.0024
28.10.2025 17:53:13.258 UTC,1.39478,1.39466,0.00132,0.0018
28.10.2025 17:53:17.888 UTC,1.39475,1.39466,0.0012,0.0018
28.10.2025 17:53:18.147 UTC,1.39474,1.39465,0.00132,0.0024
28.10.2025 17:53:18.252 UTC,1.39474,1.39464,0.0012,0.00135
28.10.2025 17:53:19.369 UTC,1.39473,1.3946,0.00192,0.0024
28.10.2025 17:53:19.473 UTC,1.39472,1.39461,0.00132,0.0024
28.10.2025 17:53:21.654 UTC,1.39474,1.39462,0.0012,0.0018
28.10.2025 17:53:21.758 UTC,1.39473,1.39463,0.0012,0.00135
28.10.2025 17:53:21.810 UTC,1.39474,1.39464,0.00132,0.00135
28.10.2025 17:53:21.914 UTC,1.39474,1.39462,0.00132,0.0024
28.10.2025 17:53:22.017 UTC,1.39474,1.39461,0.00192,0.0033
28.10.2025 17:53:22.121 UTC,1.39474,1.39462,0.00132,0.0018
28.10.2025 17:53:22.275 UTC,1.39473,1.39462,0.00192,0.0024
28.10.2025 17:53:25.046 UTC,1.39474,1.39461,0.00132,0.00375
28.10.2025 17:53:25.149 UTC,1.39472,1.39462,0.00132,0.0024
28.10.2025 17:53:32.640 UTC,1.39471,1.3946,0.00189,0.0012
28.10.2025 17:53:32.744 UTC,1.3947,1.39458,0.0012,0.0024
28.10.2025 17:53:32.848 UTC,1.39471,1.39459,0.00192,0.0033
28.10.2025 17:53:32.951 UTC,1.39471,1.3946,0.00192,0.0018
28.10.2025 17:53:33.305 UTC,1.39472,1.39459,0.0018,0.0018
28.10.2025 17:53:33.864 UTC,1.39469,1.39459,0.0012,0.0024
28.10.2025 17:53:33.967 UTC,1.39469,1.39459,0.0018,0.0024
28.10.2025 17:53:34.222 UTC,1.3947,1.39457,0.0018,0.0033
28.10.2025 17:53:34.376 UTC,1.39469,1.39457,0.0018,0.0018
28.10.2025 17:53:35.852 UTC,1.39468,1.39456,0.0012,0.0024
28.10.2025 17:53:50.772 UTC,1.39466,1.39456,0.0012,0.0024
28.10.2025 17:53:51.129 UTC,1.39466,1.39456,0.0012,0.00384
28.10.2025 17:53:52.796 UTC,1.39467,1.39456,0.0012,0.0024
28.10.2025 17:53:53.500 UTC,1.39467,1.39457,0.0012,0.00294
28.10.2025 17:54:07.569 UTC,1.39469,1.39458,0.0012,0.00135
28.10.2025 17:54:07.673 UTC,1.39469,1.39458,0.0012,0.0018
28.10.2025 17:54:25.679 UTC,1.39469,1.39459,0.0012,0.00195
28.10.2025 17:54:26.237 UTC,1.39469,1.39458,0.0012,0.0024
28.10.2025 17:54:26.592 UTC,1.39468,1.39459,0.0012,0.0024
28.10.2025 17:54:26.745 UTC,1.39469,1.39458,0.0012,0.0024
28.10.2025 17:54:32.425 UTC,1.39467,1.39459,0.0012,0.0018
28.10.2025 17:54:32.544 UTC,1.39468,1.39458,0.0012,0.0018
28.10.2025 17:54:32.646 UTC,1.39467,1.39458,0.0012,0.0018
28.10.2025 17:54:32.900 UTC,1.39468,1.39457,0.0012,0.00285
28.10.2025 17:54:33.004 UTC,1.39468,1.39458,0.0012,0.00375
28.10.2025 17:54:33.107 UTC,1.39468,1.39459,0.0012,0.0018
28.10.2025 17:54:38.643 UTC,1.39469,1.39458,0.0012,0.0018
28.10.2025 17:54:44.447 UTC,1.39469,1.39458,0.0012,0.00195
28.10.2025 17:54:48.172 UTC,1.39471,1.39463,0.0012,0.0018
28.10.2025 17:54:48.224 UTC,1.39473,1.39464,0.0012,0.0018
28.10.2025 17:54:48.277 UTC,1.39474,1.39464,0.0012,0.0018
28.10.2025 17:54:48.380 UTC,1.39474,1.39464,0.0012,0.00135
28.10.2025 17:54:48.737 UTC,1.39473,1.39466,0.0012,0.0012
28.10.2025 17:54:48.841 UTC,1.39475,1.39465,0.0012,0.00135
28.10.2025 17:54:48.944 UTC,1.39475,1.39465,0.0012,0.0018
28.10.2025 17:54:55.727 UTC,1.39475,1.39464,0.0012,0.0018
28.10.2025 17:54:55.985 UTC,1.39475,1.39464,0.0012,0.00135
28.10.2025 17:54:56.343 UTC,1.39475,1.39465,0.0012,0.0012
28.10.2025 17:54:58.562 UTC,1.3947,1.39461,0.0012,0.0012
28.10.2025 17:54:58.667 UTC,1.39471,1.3946,0.0012,0.0018
28.10.2025 17:54:58.770 UTC,1.3947,1.39458,0.0012,0.0024
28.10.2025 17:54:58.875 UTC,1.39472,1.3946,0.0012,0.00285
28.10.2025 17:54:58.978 UTC,1.39471,1.39462,0.0012,0.0018
28.10.2025 17:55:00.189 UTC,1.39472,1.39462,0.0012,0.0018
28.10.2025 17:55:00.444 UTC,1.39472,1.39462,0.0012,0.00135
28.10.2025 17:55:11.406 UTC,1.39469,1.39461,0.0012,0.0018
28.10.2025 17:55:11.510 UTC,1.39469,1.3946,0.0012,0.00135
28.10.2025 17:55:11.664 UTC,1.39469,1.39457,0.0012,0.0024
28.10.2025 17:55:11.715 UTC,1.39466,1.39458,0.0012,0.0024
28.10.2025 17:55:25.853 UTC,1.39468,1.39456,0.0012,0.00192
28.10.2025 17:55:34.121 UTC,1.39468,1.39457,0.0012,0.00195
28.10.2025 17:55:34.224 UTC,1.39468,1.39457,0.0012,0.00375
28.10.2025 17:55:34.429 UTC,1.39468,1.39457,0.0012,0.0033
28.10.2025 17:55:34.532 UTC,1.39467,1.39458,0.0012,0.0024
28.10.2025 17:55:40.992 UTC,1.39467,1.39457,0.0012,0.0018
28.10.2025 17:55:50.985 UTC,1.39468,1.39457,0.0012,0.0018
28.10.2025 17:56:09.992 UTC,1.39468,1.39456,0.0012,0.0018
28.10.2025 17:56:13.905 UTC,1.39468,1.39456,0.0012,0.0024
28.10.2025 17:56:31.176 UTC,1.39469,1.39457,0.0012,0.00204
28.10.2025 17:56:31.280 UTC,1.39469,1.39457,0.0012,0.00192
28.10.2025 17:56:31.383 UTC,1.39469,1.39457,0.0012,0.00249
28.10.2025 17:56:31.487 UTC,1.39468,1.39458,0.0012,0.00294
28.10.2025 17:56:32.737 UTC,1.39469,1.39458,0.0012,0.0018
28.10.2025 17:56:33.140 UTC,1.39468,1.39457,0.0012,0.0018
28.10.2025 17:56:46.386 UTC,1.39466,1.39454,0.0018,0.00189
28.10.2025 17:56:46.439 UTC,1.39461,1.39455,0.0012,0.0012
28.10.2025 17:56:46.594 UTC,1.39462,1.39451,0.0012,0.0024
28.10.2025 17:56:47.207 UTC,1.39463,1.39454,0.0012,0.00135
28.10.2025 17:56:47.259 UTC,1.39465,1.39454,0.0012,0.00135
28.10.2025 17:56:47.310 UTC,1.39465,1.39454,0.0012,0.0018
28.10.2025 17:56:47.515 UTC,1.39465,1.39456,0.0012,0.0018
28.10.2025 17:56:47.668 UTC,1.39466,1.39455,0.0012,0.0024
28.10.2025 17:56:48.376 UTC,1.39465,1.39455,0.0012,0.0018
28.10.2025 17:56:48.479 UTC,1.39466,1.39455,0.0012,0.0018
28.10.2025 17:57:00.055 UTC,1.39466,1.39455,0.0012,0.00195
28.10.2025 17:57:00.913 UTC,1.39465,1.39454,0.0012,0.0018
28.10.2025 17:57:01.016 UTC,1.39465,1.39453,0.0012,0.00294
28.10.2025 17:57:01.170 UTC,1.39465,1.39453,0.0012,0.00204
28.10.2025 17:57:01.273 UTC,1.39465,1.39454,0.0012,0.0012
28.10.2025 17:57:01.428 UTC,1.39462,1.3945,0.0012,0.0012
28.10.2025 17:57:01.480 UTC,1.39461,1.39448,0.0012,0.00414
28.10.2025 17:57:01.532 UTC,1.39461,1.39448,0.0012,0.00249
28.10.2025 17:57:02.092 UTC,1.39461,1.39449,0.0012,0.00204
28.10.2025 17:57:02.297 UTC,1.39462,1.3945,0.0012,0.00249
28.10.2025 17:57:05.880 UTC,1.39462,1.39451,0.0012,0.00375
28.10.2025 17:57:06.839 UTC,1.39462,1.39453,0.0012,0.00384
28.10.2025 17:57:06.942 UTC,1.39463,1.39452,0.0012,0.00294
28.10.2025 17:57:09.960 UTC,1.39462,1.39453,0.0012,0.0018
28.10.2025 17:57:11.940 UTC,1.39462,1.39452,0.0012,0.0024
28.10.2025 17:57:12.045 UTC,1.3946,1.39451,0.0012,0.00192
28.10.2025 17:57:12.250 UTC,1.39461,1.39449,0.0018,0.00249
28.10.2025 17:57:12.354 UTC,1.3946,1.39448,0.0012,0.00384
28.10.2025 17:57:13.225 UTC,1.3946,1.39448,0.0012,0.00192
28.10.2025 17:57:20.980 UTC,1.39461,1.3945,0.0012,0.00237
28.10.2025 17:57:21.084 UTC,1.39461,1.39451,0.0018,0.00192
28.10.2025 17:57:21.187 UTC,1.39463,1.39451,0.0012,0.0018
28.10.2025 17:57:26.421 UTC,1.39462,1.3945,0.0018,0.0018
28.10.2025 17:57:26.525 UTC,1.39458,1.39451,0.0012,0.0012
28.10.2025 17:57:26.628 UTC,1.39458,1.39449,0.0012,0.00192
28.10.2025 17:57:30.099 UTC,1.39458,1.39447,0.0012,0.0018
28.10.2025 17:57:30.253 UTC,1.39457,1.39448,0.0012,0.00192
28.10.2025 17:57:35.258 UTC,1.39458,1.39446,0.00132,0.00285
28.10.2025 17:57:36.421 UTC,1.39459,1.39447,0.00132,0.00285
28.10.2025 17:57:36.575 UTC,1.39458,1.39448,0.00132,0.00285
28.10.2025 17:57:37.233 UTC,1.39459,1.39448,0.00132,0.00285
28.10.2025 17:57:38.600 UTC,1.39457,1.39448,0.0012,0.0018
28.10.2025 17:57:38.704 UTC,1.39457,1.39445,0.0012,0.00285
28.10.2025 17:57:45.834 UTC,1.39457,1.39446,0.00132,0.0018
28.10.2025 17:57:46.090 UTC,1.39456,1.39446,0.0012,0.0024
28.10.2025 17:57:53.289 UTC,1.39455,1.39445,0.0012,0.0018
28.10.2025 17:57:53.393 UTC,1.39452,1.3944,0.0012,0.0018
28.10.2025 17:57:53.445 UTC,1.39451,1.3944,0.0012,0.0018
28.10.2025 17:57:53.550 UTC,1.39448,1.3944,0.0012,0.00135
28.10.2025 17:57:53.705 UTC,1.39448,1.39436,0.0012,0.0024
28.10.2025 17:57:53.807 UTC,1.39447,1.39437,0.00132,0.0018
28.10.2025 17:57:58.464 UTC,1.39446,1.39434,0.00132,0.00225
28.10.2025 17:57:58.567 UTC,1.39446,1.39434,0.00132,0.0012
28.10.2025 17:57:58.619 UTC,1.39446,1.39434,0.00132,0.0018
28.10.2025 17:57:58.723 UTC,1.39445,1.39435,0.0012,0.0018
28.10.2025 17:57:58.927 UTC,1.39445,1.39435,0.00132,0.0018
28.10.2025 17:57:59.081 UTC,1.39446,1.39434,0.00132,0.0018
28.10.2025 17:58:00.243 UTC,1.39445,1.39434,0.00132,0.0018
28.10.2025 17:58:00.399 UTC,1.39445,1.39433,0.00132,0.00195
28.10.2025 17:58:00.501 UTC,1.39446,1.39432,0.00132,0.00195
28.10.2025 17:58:00.654 UTC,1.39445,1.39433,0.00132,0.00195
28.10.2025 17:58:00.757 UTC,1.39446,1.39432,0.00132,0.0024
28.10.2025 17:58:01.166 UTC,1.39445,1.39433,0.00132,0.00195
28.10.2025 17:58:01.269 UTC,1.39446,1.39432,0.00132,0.00195
28.10.2025 17:58:01.863 UTC,1.39446,1.39434,0.00132,0.0012
28.10.2025 17:58:02.628 UTC,1.39445,1.39435,0.00132,0.0018
28.10.2025 17:58:03.292 UTC,1.39447,1.39434,0.00132,0.0018
28.10.2025 17:58:03.444 UTC,1.39446,1.39435,0.00132,0.0018
28.10.2025 17:58:03.797 UTC,1.39446,1.39435,0.0012,0.0018
28.10.2025 17:58:06.467 UTC,1.39446,1.39436,0.00192,0.0012
28.10.2025 17:58:06.824 UTC,1.39446,1.39434,0.00132,0.00135
28.10.2025 17:58:06.977 UTC,1.39446,1.39435,0.00132,0.00195
28.10.2025 17:58:13.839 UTC,1.39447,1.39435,0.00132,0.0018
28.10.2025 17:58:13.942 UTC,1.39447,1.39436,0.00132,0.0018
28.10.2025 17:58:14.147 UTC,1.39447,1.39434,0.0012,0.00285
28.10.2025 17:58:16.164 UTC,1.39447,1.39434,0.00132,0.00285
28.10.2025 17:58:20.137 UTC,1.39447,1.39434,0.00132,0.00135
28.10.2025 17:58:20.189 UTC,1.39447,1.39435,0.00132,0.0012
28.10.2025 17:58:37.286 UTC,1.39445,1.39436,0.0012,0.00195
28.10.2025 17:58:39.249 UTC,1.39446,1.39434,0.00132,0.00285
28.10.2025 17:58:40.773 UTC,1.39446,1.39435,0.00132,0.00135
28.10.2025 17:58:41.446 UTC,1.39445,1.39434,0.00132,0.0012
28.10.2025 17:58:41.960 UTC,1.39445,1.39435,0.00132,0.0012
28.10.2025 17:58:42.520 UTC,1.39445,1.39433,0.00132,0.00135
28.10.2025 17:58:42.622 UTC,1.39444,1.39434,0.00132,0.0018
28.10.2025 17:58:43.581 UTC,1.39444,1.39434,0.00132,0.00135
28.10.2025 17:58:43.733 UTC,1.39445,1.39433,0.00132,0.0018
28.10.2025 17:58:43.835 UTC,1.39445,1.39433,0.00132,0.00135
28.10.2025 17:58:44.039 UTC,1.39445,1.39434,0.0012,0.0012
28.10.2025 17:58:45.023 UTC,1.39444,1.39433,0.00132,0.00135
28.10.2025 17:58:45.127 UTC,1.39443,1.39431,0.00132,0.0036
28.10.2025 17:58:47.244 UTC,1.39443,1.39431,0.00132,0.00285
28.10.2025 17:58:47.650 UTC,1.39442,1.39432,0.00132,0.00285
28.10.2025 17:58:52.790 UTC,1.39443,1.3943,0.00132,0.00225
28.10.2025 17:58:52.893 UTC,1.39443,1.39431,0.00132,0.00195
28.10.2025 17:58:54.614 UTC,1.39443,1.39432,0.00132,0.00135
28.10.2025 17:58:54.849 UTC,1.39445,1.39433,0.00192,0.00195
28.10.2025 17:58:54.952 UTC,1.39445,1.39434,0.00192,0.00135
28.10.2025 17:58:55.056 UTC,1.39446,1.39434,0.00192,0.0012
28.10.2025 17:58:55.159 UTC,1.39446,1.39433,0.00192,0.00135
28.10.2025 17:58:55.261 UTC,1.39445,1.39434,0.00192,0.00195
28.10.2025 17:58:55.313 UTC,1.39446,1.39433,0.0018,0.00195
28.10.2025 17:58:59.862 UTC,1.39446,1.39433,0.0018,0.0018
28.10.2025 17:59:01.829 UTC,1.39445,1.39434,0.00132,0.00195
28.10.2025 17:59:02.282 UTC,1.39446,1.39433,0.00132,0.00135
28.10.2025 17:59:02.735 UTC,1.39446,1.39433,0.00132,0.00195
28.10.2025 17:59:02.989 UTC,1.39445,1.39434,0.00132,0.00135
28.10.2025 17:59:03.843 UTC,1.39446,1.39433,0.00132,0.00195
28.10.2025 17:59:04.557 UTC,1.39446,1.39433,0.00132,0.00135
28.10.2025 17:59:04.813 UTC,1.39445,1.39435,0.00132,0.0012
28.10.2025 17:59:05.271 UTC,1.39446,1.39434,0.00132,0.0018
28.10.2025 17:59:05.424 UTC,1.39446,1.39434,0.0012,0.0018
28.10.2025 17:59:08.159 UTC,1.39447,1.39435,0.00132,0.0012
28.10.2025 17:59:08.617 UTC,1.39447,1.39435,0.00132,0.00135
28.10.2025 17:59:11.183 UTC,1.39447,1.39435,0.0012,0.0018
28.10.2025 17:59:11.385 UTC,1.39447,1.39435,0.00132,0.0018
28.10.2025 17:59:16.944 UTC,1.39447,1.39435,0.00132,0.00195
28.10.2025 17:59:20.061 UTC,1.39447,1.39435,0.00132,0.0018
28.10.2025 17:59:30.735 UTC,1.39447,1.39435,0.00192,0.0012
28.10.2025 17:59:30.940 UTC,1.39446,1.39435,0.00132,0.00135
28.10.2025 17:59:31.347 UTC,1.39446,1.39435,0.00132,0.0012
28.10.2025 17:59:33.474 UTC,1.39447,1.39434,0.00132,0.0012
28.10.2025 17:59:35.790 UTC,1.39446,1.39434,0.00132,0.0018
28.10.2025 17:59:36.196 UTC,1.39446,1.39433,0.0012,0.0018
28.10.2025 17:59:36.456 UTC,1.39445,1.39434,0.00132,0.0018
28.10.2025 17:59:36.608 UTC,1.39446,1.39433,0.0012,0.0018
28.10.2025 17:59:36.967 UTC,1.39443,1.39432,0.0012,0.0033
28.10.2025 17:59:37.071 UTC,1.39443,1.39433,0.00132,0.0018
28.10.2025 17:59:38.430 UTC,1.39443,1.39432,0.00132,0.0024
28.10.2025 17:59:40.944 UTC,1.39444,1.39432,0.0012,0.0018
28.10.2025 17:59:41.047 UTC,1.39443,1.39432,0.0012,0.0018
28.10.2025 17:59:41.603 UTC,1.39443,1.39431,0.00132,0.00135
28.10.2025 17:59:41.905 UTC,1.39443,1.39431,0.00132,0.0012
28.10.2025 17:59:42.058 UTC,1.39442,1.39432,0.0012,0.0012
28.10.2025 17:59:43.165 UTC,1.39442,1.3943,0.00132,0.0018
28.10.2025 17:59:43.624 UTC,1.39442,1.39431,0.00132,0.0012
28.10.2025 17:59:44.029 UTC,1.39442,1.39431,0.00132,0.0018
28.10.2025 17:59:44.131 UTC,1.39441,1.39432,0.00132,0.0018
28.10.2025 17:59:45.540 UTC,1.39442,1.39431,0.00132,0.0018
28.10.2025 17:59:46.998 UTC,1.39442,1.39432,0.00132,0.00135
28.10.2025 17:59:48.654 UTC,1.39444,1.39433,0.00132,0.00135
28.10.2025 17:59:48.759 UTC,1.39442,1.39431,0.00132,0.0018
28.10.2025 17:59:50.329 UTC,1.39441,1.39431,0.0012,0.0018
28.10.2025 17:59:53.114 UTC,1.39441,1.39428,0.0018,0.0018
28.10.2025 17:59:53.269 UTC,1.3944,1.39428,0.0012,0.0018
28.10.2025 17:59:53.373 UTC,1.3944,1.39427,0.00192,0.0024
28.10.2025 17:59:53.631 UTC,1.3944,1.39427,0.00132,0.00135
28.10.2025 17:59:53.836 UTC,1.39439,1.39428,0.00132,0.0018
28.10.2025 17:59:54.497 UTC,1.39438,1.39428,0.00132,0.00135
28.10.2025 17:59:54.854 UTC,1.39439,1.39427,0.00132,0.0018
28.10.2025 17:59:55.108 UTC,1.39438,1.39428,0.00132,0.00135
28.10.2025 17:59:55.261 UTC,1.39439,1.39427,0.00132,0.0018
28.10.2025 17:59:55.363 UTC,1.39438,1.39428,0.00132,0.00135
28.10.2025 17:59:56.274 UTC,1.39438,1.39428,0.00132,0.0018
28.10.2025 17:59:58.221 UTC,1.39439,1.39427,0.00132,0.0018
28.10.2025 17:59:58.374 UTC,1.39439,1.39427,0.00132,0.00195
28.10.2025 17:59:59.292 UTC,1.39438,1.39429,0.00132,0.0018
28.10.2025 17:59:59.396 UTC,1.39443,1.39433,0.0012,0.00132
28.10.2025 17:59:59.448 UTC,1.39442,1.39434,0.0012,0.00192
28.10.2025 17:59:59.500 UTC,1.39444,1.39435,0.0012,0.0018