UTC,Ask,Bid,Ask Volume,Bid Volume
30.09.2025 16:00:00.145 UTC,1.393,1.39287,0.0012,0.00135
30.09.2025 16:00:00.299 UTC,1.393,1.39287,0.00132,0.00135
30.09.2025 16:00:00.402 UTC,1.39297,1.39285,0.0012,0.0012
30.09.2025 16:00:00.517 UTC,1.39297,1.39284,0.0018,0.00267
30.09.2025 16:00:00.620 UTC,1.39295,1.39285,0.0012,0.00116
30.09.2025 16:00:01.937 UTC,1.39296,1.39286,0.0012,0.00135
30.09.2025 16:00:01.988 UTC,1.39299,1.39288,0.0018,0.0012
30.09.2025 16:00:02.346 UTC,1.39299,1.39286,0.0012,0.00189
30.09.2025 16:00:02.701 UTC,1.39299,1.39287,0.0012,0.0012
30.09.2025 16:00:03.055 UTC,1.39298,1.39289,0.0012,0.0012
30.09.2025 16:00:03.726 UTC,1.39299,1.39286,0.0012,0.00234
30.09.2025 16:00:04.593 UTC,1.39299,1.39287,0.0012,0.0012
30.09.2025 16:00:04.696 UTC,1.39299,1.39286,0.0012,0.00189
30.09.2025 16:00:04.798 UTC,1.39299,1.39287,0.0012,0.0012
30.09.2025 16:00:05.712 UTC,1.393,1.39287,0.00279,0.00225
30.09.2025 16:00:06.475 UTC,1.39298,1.39286,0.00132,0.00222
30.09.2025 16:00:06.629 UTC,1.39296,1.39285,0.0027,0.00222
30.09.2025 16:00:06.732 UTC,1.39296,1.39282,0.0018,0.00188
30.09.2025 16:00:06.835 UTC,1.39295,1.39282,0.0012,0.00188
30.09.2025 16:00:06.988 UTC,1.39295,1.39283,0.0012,0.00248
30.09.2025 16:00:07.091 UTC,1.39296,1.39282,0.0012,0.00203
30.09.2025 16:00:07.243 UTC,1.39295,1.39283,0.0012,0.00203
30.09.2025 16:00:09.963 UTC,1.39295,1.39283,0.0018,0.00186
30.09.2025 16:00:10.369 UTC,1.39296,1.39282,0.0018,0.00192
30.09.2025 16:00:10.521 UTC,1.39295,1.39283,0.0018,0.00177
30.09.2025 16:00:10.624 UTC,1.39295,1.39282,0.0012,0.00177
30.09.2025 16:00:11.632 UTC,1.39296,1.39282,0.0018,0.00192
30.09.2025 16:00:12.140 UTC,1.39295,1.39284,0.0012,0.00191
30.09.2025 16:00:12.243 UTC,1.39297,1.39283,0.0018,0.00191
30.09.2025 16:00:14.968 UTC,1.39298,1.39286,0.0018,0.0018
30.09.2025 16:00:15.070 UTC,1.393,1.39288,0.0012,0.0012
30.09.2025 16:00:15.477 UTC,1.39301,1.39288,0.00132,0.0018
30.09.2025 16:00:16.084 UTC,1.39301,1.39289,0.0012,0.0012
30.09.2025 16:00:16.136 UTC,1.39302,1.3929,0.00189,0.00267
30.09.2025 16:00:17.048 UTC,1.39303,1.39289,0.00189,0.00281
30.09.2025 16:00:20.118 UTC,1.39303,1.39291,0.0012,0.0012
30.09.2025 16:00:21.581 UTC,1.39304,1.39292,0.0012,0.0012
30.09.2025 16:00:21.684 UTC,1.39304,1.39293,0.0018,0.00176
30.09.2025 16:00:22.192 UTC,1.39304,1.39293,0.0012,0.00132
30.09.2025 16:00:22.495 UTC,1.39304,1.39292,0.0012,0.00132
30.09.2025 16:00:24.893 UTC,1.39304,1.39291,0.0027,0.00132
30.09.2025 16:00:26.358 UTC,1.39303,1.39291,0.0012,0.00132
30.09.2025 16:00:27.621 UTC,1.39304,1.39291,0.0018,0.00177
30.09.2025 16:00:31.291 UTC,1.39305,1.39292,0.0018,0.00225
30.09.2025 16:00:32.727 UTC,1.39304,1.39292,0.0012,0.00132
30.09.2025 16:00:32.832 UTC,1.39301,1.39291,0.0012,0.00245
30.09.2025 16:00:32.883 UTC,1.39302,1.3929,0.0012,0.00141
30.09.2025 16:00:33.289 UTC,1.39302,1.39291,0.0012,0.00141
30.09.2025 16:00:34.301 UTC,1.39301,1.39291,0.0012,0.0012
30.09.2025 16:00:34.353 UTC,1.39299,1.39287,0.0018,0.00326
30.09.2025 16:00:34.456 UTC,1.39298,1.39287,0.0027,0.0018
30.09.2025 16:00:34.558 UTC,1.39298,1.39288,0.0027,0.0012
30.09.2025 16:00:34.660 UTC,1.39298,1.39287,0.0027,0.0018
30.09.2025 16:00:34.913 UTC,1.39299,1.39288,0.0018,0.0012
30.09.2025 16:00:35.015 UTC,1.39299,1.39287,0.0018,0.0012
30.09.2025 16:00:35.117 UTC,1.39299,1.39288,0.0012,0.0012
30.09.2025 16:00:35.219 UTC,1.39299,1.39287,0.0018,0.0012
30.09.2025 16:00:36.074 UTC,1.39298,1.39289,0.0012,0.0012
30.09.2025 16:00:37.632 UTC,1.39299,1.39287,0.0012,0.0012
30.09.2025 16:00:39.795 UTC,1.39298,1.39289,0.0012,0.0012
30.09.2025 16:00:39.897 UTC,1.39299,1.39287,0.0018,0.0012
30.09.2025 16:00:41.807 UTC,1.39301,1.3929,0.00143,0.0018
30.09.2025 16:00:42.005 UTC,1.39302,1.3929,0.00189,0.0012
30.09.2025 16:00:42.209 UTC,1.39301,1.3929,0.0012,0.0012
30.09.2025 16:00:42.464 UTC,1.39301,1.39289,0.00279,0.0012
30.09.2025 16:00:42.617 UTC,1.39301,1.39291,0.0012,0.0012
30.09.2025 16:00:42.719 UTC,1.39301,1.39294,0.0012,0.0012
30.09.2025 16:00:42.873 UTC,1.39303,1.39293,0.0012,0.0012
30.09.2025 16:00:43.077 UTC,1.39307,1.39294,0.00431,0.0012
30.09.2025 16:00:43.129 UTC,1.39306,1.39294,0.00191,0.00147
30.09.2025 16:00:43.181 UTC,1.3931,1.39298,0.00143,0.0012
30.09.2025 16:00:44.598 UTC,1.39309,1.393,0.00233,0.0012
30.09.2025 16:00:44.650 UTC,1.39312,1.39303,0.00191,0.0012
30.09.2025 16:00:44.701 UTC,1.39312,1.39301,0.00191,0.00132
30.09.2025 16:00:44.753 UTC,1.39314,1.39303,0.0018,0.0012
30.09.2025 16:00:45.058 UTC,1.39313,1.39303,0.0012,0.0012
30.09.2025 16:00:45.211 UTC,1.39314,1.39303,0.0018,0.0012
30.09.2025 16:00:45.363 UTC,1.39312,1.39304,0.0012,0.0012
30.09.2025 16:00:45.616 UTC,1.39314,1.39303,0.0018,0.0012
30.09.2025 16:00:45.769 UTC,1.39312,1.39304,0.0012,0.0012
30.09.2025 16:00:46.072 UTC,1.39314,1.39303,0.0018,0.0012
30.09.2025 16:00:46.528 UTC,1.39313,1.39303,0.0012,0.0012
30.09.2025 16:00:46.631 UTC,1.39313,1.39304,0.0018,0.0012
30.09.2025 16:00:46.936 UTC,1.39314,1.39304,0.0018,0.0012
30.09.2025 16:00:47.039 UTC,1.39316,1.39305,0.00251,0.0012
30.09.2025 16:00:47.345 UTC,1.39315,1.39304,0.0018,0.0012
30.09.2025 16:00:47.397 UTC,1.39313,1.39304,0.0012,0.0012
30.09.2025 16:00:54.042 UTC,1.39314,1.39305,0.0012,0.0012
30.09.2025 16:00:54.146 UTC,1.39313,1.39304,0.0012,0.0012
30.09.2025 16:00:54.501 UTC,1.39313,1.39303,0.0012,0.0012
30.09.2025 16:00:57.027 UTC,1.39313,1.39304,0.0018,0.0012
30.09.2025 16:00:57.434 UTC,1.39313,1.39303,0.0012,0.0012
30.09.2025 16:00:58.897 UTC,1.39314,1.39304,0.00458,0.0012
30.09.2025 16:01:01.446 UTC,1.39314,1.39303,0.0012,0.0012
30.09.2025 16:01:01.548 UTC,1.39313,1.39303,0.0012,0.0012
30.09.2025 16:01:03.422 UTC,1.39314,1.39303,0.0012,0.0012
30.09.2025 16:01:06.047 UTC,1.39313,1.39303,0.0012,0.0012
30.09.2025 16:01:06.153 UTC,1.39314,1.39303,0.00135,0.0012
30.09.2025 16:01:06.256 UTC,1.39312,1.39304,0.0012,0.0012
30.09.2025 16:01:10.015 UTC,1.39315,1.39303,0.00135,0.0012
30.09.2025 16:01:10.422 UTC,1.39315,1.39303,0.0033,0.0012
30.09.2025 16:01:10.574 UTC,1.39313,1.39303,0.0012,0.0012
30.09.2025 16:01:12.296 UTC,1.39312,1.39303,0.0012,0.0012
30.09.2025 16:01:21.163 UTC,1.39314,1.39302,0.0012,0.0012
30.09.2025 16:01:24.892 UTC,1.39313,1.39302,0.0012,0.0012
30.09.2025 16:01:25.751 UTC,1.39312,1.39302,0.0024,0.0012
30.09.2025 16:01:25.802 UTC,1.39311,1.393,0.00135,0.00132
30.09.2025 16:01:25.904 UTC,1.39312,1.393,0.00278,0.0018
30.09.2025 16:01:26.460 UTC,1.39312,1.39299,0.0012,0.0012
30.09.2025 16:01:26.563 UTC,1.39313,1.39299,0.00368,0.0018
30.09.2025 16:01:26.767 UTC,1.39312,1.39299,0.00135,0.0012
30.09.2025 16:01:26.971 UTC,1.39313,1.39299,0.00557,0.0012
30.09.2025 16:01:27.073 UTC,1.39313,1.39299,0.00563,0.0012
30.09.2025 16:01:27.226 UTC,1.39312,1.393,0.00458,0.0012
30.09.2025 16:01:27.835 UTC,1.39313,1.39301,0.00458,0.0018
30.09.2025 16:01:30.395 UTC,1.39313,1.393,0.0012,0.0018
30.09.2025 16:01:39.976 UTC,1.39312,1.393,0.0012,0.0018
30.09.2025 16:01:41.837 UTC,1.39311,1.39302,0.0012,0.0012
30.09.2025 16:01:45.265 UTC,1.39313,1.39301,0.0012,0.0012
30.09.2025 16:01:47.946 UTC,1.39312,1.39303,0.0012,0.0012
30.09.2025 16:01:49.030 UTC,1.39313,1.39303,0.0012,0.0012
30.09.2025 16:01:49.234 UTC,1.39312,1.39302,0.0012,0.0012
30.09.2025 16:01:51.298 UTC,1.39311,1.39302,0.0012,0.0012
30.09.2025 16:01:51.401 UTC,1.39314,1.39303,0.0012,0.0012
30.09.2025 16:01:51.503 UTC,1.39313,1.39303,0.0012,0.0012
30.09.2025 16:01:51.809 UTC,1.39314,1.39304,0.0012,0.0012
30.09.2025 16:01:52.012 UTC,1.39313,1.39304,0.0012,0.0012
30.09.2025 16:01:53.074 UTC,1.39314,1.39304,0.0012,0.0012
30.09.2025 16:01:53.176 UTC,1.39313,1.39304,0.0012,0.0012
30.09.2025 16:01:59.565 UTC,1.39313,1.39305,0.0012,0.0012
30.09.2025 16:02:00.219 UTC,1.39313,1.39304,0.0012,0.0012
30.09.2025 16:02:02.923 UTC,1.39314,1.39304,0.0018,0.0012
30.09.2025 16:02:04.839 UTC,1.39311,1.39305,0.0012,0.0012
30.09.2025 16:02:05.595 UTC,1.39313,1.39304,0.0012,0.0012
30.09.2025 16:02:06.052 UTC,1.39313,1.39305,0.0012,0.0012
30.09.2025 16:02:06.456 UTC,1.39315,1.39304,0.0012,0.0012
30.09.2025 16:02:06.559 UTC,1.39322,1.3931,0.00251,0.0012
30.09.2025 16:02:06.611 UTC,1.39322,1.3931,0.0018,0.0012
30.09.2025 16:02:06.814 UTC,1.39323,1.3931,0.00233,0.0018
30.09.2025 16:02:06.916 UTC,1.39321,1.39311,0.0012,0.0018
30.09.2025 16:02:07.069 UTC,1.39322,1.39311,0.00233,0.0018
30.09.2025 16:02:07.172 UTC,1.39322,1.3931,0.0012,0.0018
30.09.2025 16:02:08.681 UTC,1.39321,1.39313,0.0012,0.0012
30.09.2025 16:02:08.784 UTC,1.39326,1.39314,0.00251,0.0012
30.09.2025 16:02:08.888 UTC,1.39324,1.39313,0.0018,0.0012
30.09.2025 16:02:09.006 UTC,1.39323,1.39313,0.0012,0.0012
30.09.2025 16:02:09.767 UTC,1.39324,1.39313,0.0012,0.0012
30.09.2025 16:02:09.818 UTC,1.39325,1.39315,0.0018,0.0012
30.09.2025 16:02:10.327 UTC,1.39325,1.39314,0.0012,0.0012
30.09.2025 16:02:10.429 UTC,1.39326,1.39314,0.0018,0.0012
30.09.2025 16:02:10.582 UTC,1.39325,1.39314,0.0012,0.0012
30.09.2025 16:02:11.743 UTC,1.39325,1.39315,0.0018,0.0012
30.09.2025 16:02:11.845 UTC,1.39324,1.39315,0.0012,0.0012
30.09.2025 16:02:13.918 UTC,1.39323,1.39313,0.0012,0.0012
30.09.2025 16:02:14.023 UTC,1.39323,1.39312,0.0012,0.0012
30.09.2025 16:02:14.583 UTC,1.39323,1.39313,0.0018,0.0012
30.09.2025 16:02:14.736 UTC,1.39323,1.39312,0.0012,0.0012
30.09.2025 16:02:15.041 UTC,1.39324,1.39312,0.0018,0.0012
30.09.2025 16:02:16.657 UTC,1.39323,1.39312,0.0012,0.0012
30.09.2025 16:02:16.912 UTC,1.39324,1.39312,0.00234,0.0012
30.09.2025 16:02:17.571 UTC,1.39323,1.39312,0.0012,0.0012
30.09.2025 16:02:17.775 UTC,1.39323,1.39313,0.0012,0.0012
30.09.2025 16:02:17.878 UTC,1.39329,1.39321,0.0012,0.0012
30.09.2025 16:02:17.930 UTC,1.39332,1.3932,0.0012,0.0012
30.09.2025 16:02:20.103 UTC,1.39331,1.39322,0.0012,0.0012
30.09.2025 16:02:21.897 UTC,1.39332,1.3932,0.00132,0.0012
30.09.2025 16:02:21.999 UTC,1.39331,1.3932,0.0012,0.0012
30.09.2025 16:02:22.203 UTC,1.3933,1.39319,0.00189,0.0018
30.09.2025 16:02:22.255 UTC,1.39329,1.39317,0.0012,0.00222
30.09.2025 16:02:22.358 UTC,1.39328,1.39315,0.0018,0.00135
30.09.2025 16:02:22.460 UTC,1.39327,1.39315,0.0012,0.0012
30.09.2025 16:02:22.612 UTC,1.39327,1.39314,0.0018,0.0018
30.09.2025 16:02:22.715 UTC,1.39325,1.39314,0.00279,0.00132
30.09.2025 16:02:23.981 UTC,1.39324,1.39313,0.0012,0.0012
30.09.2025 16:02:24.083 UTC,1.39324,1.39312,0.0012,0.0012
30.09.2025 16:02:30.279 UTC,1.39322,1.39311,0.0012,0.00132
30.09.2025 16:02:30.332 UTC,1.39322,1.39309,0.00147,0.00506
30.09.2025 16:02:30.435 UTC,1.3932,1.39308,0.0012,0.0012
30.09.2025 16:02:30.538 UTC,1.39321,1.39308,0.00189,0.0012
30.09.2025 16:02:30.640 UTC,1.3932,1.39308,0.0012,0.0012
30.09.2025 16:02:30.742 UTC,1.39321,1.39308,0.00189,0.0012
30.09.2025 16:02:31.653 UTC,1.39321,1.39309,0.00189,0.0012
30.09.2025 16:02:35.032 UTC,1.39323,1.3931,0.00192,0.0012
30.09.2025 16:02:36.801 UTC,1.39322,1.39311,0.0018,0.0018
30.09.2025 16:02:37.158 UTC,1.39322,1.39312,0.0018,0.0012
30.09.2025 16:02:38.571 UTC,1.39324,1.39311,0.00189,0.0018
30.09.2025 16:02:38.673 UTC,1.39323,1.39311,0.0012,0.0018
30.09.2025 16:02:39.179 UTC,1.39325,1.39312,0.0018,0.00279
30.09.2025 16:02:39.281 UTC,1.39325,1.39313,0.0012,0.0012
30.09.2025 16:02:39.816 UTC,1.39326,1.39314,0.0012,0.00132
30.09.2025 16:02:39.867 UTC,1.39328,1.39316,0.0012,0.0018
30.09.2025 16:02:43.193 UTC,1.3933,1.39317,0.0018,0.0012
30.09.2025 16:02:43.296 UTC,1.39331,1.39318,0.0012,0.0018
30.09.2025 16:02:43.399 UTC,1.39331,1.39319,0.0012,0.0012
30.09.2025 16:02:45.365 UTC,1.39331,1.39318,0.0018,0.00222
30.09.2025 16:02:47.237 UTC,1.39331,1.3932,0.0012,0.0012
30.09.2025 16:02:47.593 UTC,1.39332,1.3932,0.00279,0.0012
30.09.2025 16:02:47.948 UTC,1.39332,1.39319,0.00189,0.0018
30.09.2025 16:02:48.050 UTC,1.39331,1.39319,0.0012,0.0018
30.09.2025 16:02:48.154 UTC,1.3933,1.39318,0.0012,0.0012
30.09.2025 16:02:48.257 UTC,1.39329,1.39318,0.00279,0.0012
30.09.2025 16:02:48.665 UTC,1.39329,1.39317,0.0012,0.0018
30.09.2025 16:02:53.564 UTC,1.39329,1.39318,0.0027,0.0018
30.09.2025 16:02:55.682 UTC,1.39328,1.39318,0.0012,0.0018
30.09.2025 16:02:55.936 UTC,1.3933,1.39317,0.00189,0.0018
30.09.2025 16:02:56.290 UTC,1.39329,1.39317,0.0012,0.0018
30.09.2025 16:02:56.443 UTC,1.3933,1.39317,0.00189,0.0018
30.09.2025 16:02:58.259 UTC,1.39329,1.39319,0.0018,0.0012
30.09.2025 16:02:59.671 UTC,1.3933,1.39317,0.0018,0.0018
30.09.2025 16:03:00.631 UTC,1.39329,1.39317,0.0012,0.0018
30.09.2025 16:03:00.732 UTC,1.3933,1.39317,0.0018,0.0018
30.09.2025 16:03:01.439 UTC,1.3933,1.39318,0.0018,0.0012
30.09.2025 16:03:04.285 UTC,1.39331,1.39318,0.00189,0.00225
30.09.2025 16:03:04.388 UTC,1.39332,1.39319,0.0018,0.00225
30.09.2025 16:03:04.944 UTC,1.39331,1.39319,0.0012,0.0018
30.09.2025 16:03:08.375 UTC,1.39331,1.39318,0.0018,0.00222
30.09.2025 16:03:09.482 UTC,1.39331,1.39319,0.0012,0.0012
30.09.2025 16:03:10.791 UTC,1.39331,1.3932,0.00189,0.00132
30.09.2025 16:03:11.181 UTC,1.39331,1.39318,0.0012,0.00281
30.09.2025 16:03:11.686 UTC,1.3933,1.39319,0.0018,0.0012
30.09.2025 16:03:13.806 UTC,1.39331,1.39319,0.0027,0.0012
30.09.2025 16:03:17.285 UTC,1.39332,1.39319,0.00279,0.00222
30.09.2025 16:03:19.448 UTC,1.39331,1.39321,0.0018,0.0012
30.09.2025 16:03:21.165 UTC,1.39333,1.3932,0.0012,0.00132
30.09.2025 16:03:21.769 UTC,1.39333,1.39321,0.0012,0.0018
30.09.2025 16:03:21.872 UTC,1.39336,1.39323,0.00189,0.0018
30.09.2025 16:03:22.025 UTC,1.39336,1.39324,0.0018,0.00189
30.09.2025 16:03:22.783 UTC,1.39335,1.39324,0.0012,0.00189
30.09.2025 16:03:22.885 UTC,1.39335,1.39325,0.0018,0.00189
30.09.2025 16:03:23.370 UTC,1.39335,1.39326,0.0018,0.00189
30.09.2025 16:03:23.424 UTC,1.39337,1.39328,0.0012,0.00189
30.09.2025 16:03:23.475 UTC,1.39337,1.39325,0.0012,0.0012
30.09.2025 16:03:23.527 UTC,1.39334,1.39324,0.0012,0.00189
30.09.2025 16:03:24.134 UTC,1.39338,1.39325,0.0018,0.00282
30.09.2025 16:03:24.440 UTC,1.3934,1.39329,0.0012,0.00189
30.09.2025 16:03:24.543 UTC,1.3934,1.3933,0.0012,0.00282
30.09.2025 16:03:24.646 UTC,1.39342,1.3933,0.0012,0.00324
30.09.2025 16:03:25.205 UTC,1.3934,1.39331,0.0012,0.00324
30.09.2025 16:03:26.167 UTC,1.39341,1.3933,0.0012,0.00189
30.09.2025 16:03:26.472 UTC,1.39342,1.3933,0.0027,0.00189
30.09.2025 16:03:28.082 UTC,1.39341,1.3933,0.0012,0.00189
30.09.2025 16:03:28.334 UTC,1.39341,1.39331,0.0027,0.00189
30.09.2025 16:03:29.238 UTC,1.39341,1.3933,0.0012,0.00189
30.09.2025 16:03:29.341 UTC,1.39339,1.39327,0.0012,0.00188
30.09.2025 16:03:29.394 UTC,1.39338,1.39325,0.0018,0.00188
30.09.2025 16:03:29.498 UTC,1.39337,1.39325,0.0012,0.00188
30.09.2025 16:03:29.600 UTC,1.39337,1.39327,0.0012,0.00192
30.09.2025 16:03:29.652 UTC,1.3934,1.39327,0.0018,0.00132
30.09.2025 16:03:30.008 UTC,1.3934,1.39327,0.0027,0.00282
30.09.2025 16:03:31.742 UTC,1.39339,1.39328,0.0027,0.00282
30.09.2025 16:03:31.845 UTC,1.39338,1.39326,0.0018,0.00324
30.09.2025 16:03:33.969 UTC,1.39337,1.39325,0.0012,0.00428
30.09.2025 16:03:34.071 UTC,1.39335,1.39323,0.0012,0.00338
30.09.2025 16:03:34.123 UTC,1.39334,1.39324,0.0018,0.00282
30.09.2025 16:03:34.579 UTC,1.39335,1.39324,0.0012,0.00192
30.09.2025 16:03:34.681 UTC,1.39337,1.39326,0.00233,0.00282
30.09.2025 16:03:34.987 UTC,1.39339,1.39327,0.0012,0.00192
30.09.2025 16:03:35.089 UTC,1.39339,1.39329,0.0018,0.00192
30.09.2025 16:03:36.201 UTC,1.39339,1.39328,0.0027,0.00282
30.09.2025 16:03:36.956 UTC,1.39339,1.39327,0.0012,0.00282
30.09.2025 16:03:37.159 UTC,1.39339,1.39328,0.0027,0.00282
30.09.2025 16:03:37.764 UTC,1.3934,1.39328,0.0012,0.00192
30.09.2025 16:03:40.498 UTC,1.39339,1.39325,0.00135,0.00605
30.09.2025 16:03:40.550 UTC,1.39336,1.39325,0.0012,0.00335
30.09.2025 16:03:40.601 UTC,1.39335,1.39325,0.0018,0.00189
30.09.2025 16:03:41.463 UTC,1.39334,1.39325,0.0012,0.00189
30.09.2025 16:03:46.276 UTC,1.39334,1.39322,0.0012,0.00144
30.09.2025 16:03:46.378 UTC,1.39334,1.39323,0.0018,0.00144
30.09.2025 16:03:46.480 UTC,1.39334,1.39322,0.0012,0.00144
30.09.2025 16:03:50.102 UTC,1.39335,1.39322,0.0018,0.00144
30.09.2025 16:03:50.755 UTC,1.39335,1.39322,0.0012,0.00324
30.09.2025 16:03:58.182 UTC,1.39334,1.39322,0.0018,0.00293
30.09.2025 16:03:58.334 UTC,1.39332,1.39322,0.0012,0.00128
30.09.2025 16:03:58.437 UTC,1.39333,1.3932,0.0018,0.00549
30.09.2025 16:04:04.924 UTC,1.39332,1.39318,0.0018,0.00833
30.09.2025 16:04:04.976 UTC,1.3933,1.39318,0.0018,0.00188
30.09.2025 16:04:05.079 UTC,1.39332,1.39318,0.0012,0.00338
30.09.2025 16:04:07.806 UTC,1.39331,1.3932,0.0012,0.00234
30.09.2025 16:04:08.812 UTC,1.39332,1.39318,0.0012,0.00473
30.09.2025 16:04:10.781 UTC,1.39332,1.39318,0.0012,0.00248
30.09.2025 16:04:10.884 UTC,1.3933,1.39318,0.0018,0.00203
30.09.2025 16:04:10.935 UTC,1.39326,1.39315,0.0012,0.00188
30.09.2025 16:04:10.987 UTC,1.39324,1.39311,0.0012,0.00279
30.09.2025 16:04:15.669 UTC,1.39322,1.3931,0.0018,0.00248
30.09.2025 16:04:15.823 UTC,1.39323,1.39309,0.0018,0.00188
30.09.2025 16:04:15.930 UTC,1.3932,1.39307,0.0012,0.00248
30.09.2025 16:04:15.983 UTC,1.3932,1.39306,0.0018,0.00428
30.09.2025 16:04:16.086 UTC,1.3932,1.39306,0.0012,0.00338
30.09.2025 16:04:17.655 UTC,1.3932,1.39309,0.0012,0.00414
30.09.2025 16:04:17.860 UTC,1.3932,1.39309,0.0012,0.00294
30.09.2025 16:04:19.544 UTC,1.39321,1.39308,0.0018,0.00144
30.09.2025 16:04:23.929 UTC,1.39321,1.39308,0.0012,0.00128
30.09.2025 16:04:24.032 UTC,1.3932,1.3931,0.0012,0.00128
30.09.2025 16:04:29.613 UTC,1.39321,1.39308,0.0012,0.00203
30.09.2025 16:04:31.919 UTC,1.39322,1.39311,0.0012,0.00192
30.09.2025 16:04:31.972 UTC,1.39324,1.39312,0.0012,0.00732
30.09.2025 16:04:37.963 UTC,1.39325,1.39314,0.0018,0.00189
30.09.2025 16:04:38.066 UTC,1.39325,1.39312,0.0012,0.00128
30.09.2025 16:04:39.128 UTC,1.39326,1.39313,0.0012,0.00189
30.09.2025 16:04:39.231 UTC,1.39326,1.39314,0.0012,0.00189
30.09.2025 16:04:40.087 UTC,1.39324,1.39313,0.0012,0.00203
30.09.2025 16:04:43.217 UTC,1.39325,1.39312,0.0018,0.00203
30.09.2025 16:04:43.370 UTC,1.39324,1.39311,0.0012,0.00743
30.09.2025 16:04:43.623 UTC,1.39323,1.39312,0.0018,0.00189
30.09.2025 16:04:45.187 UTC,1.39325,1.39312,0.0012,0.00237
30.09.2025 16:04:45.290 UTC,1.39328,1.39315,0.0018,0.00462
30.09.2025 16:04:46.609 UTC,1.39328,1.39315,0.0012,0.00324
30.09.2025 16:04:54.585 UTC,1.39325,1.39314,0.0012,0.00188
30.09.2025 16:04:54.738 UTC,1.39327,1.39314,0.00135,0.00132
30.09.2025 16:04:55.446 UTC,1.39328,1.39316,0.0012,0.00552
30.09.2025 16:04:55.498 UTC,1.3933,1.39319,0.00251,0.00192
30.09.2025 16:04:55.600 UTC,1.39331,1.39318,0.0018,0.00192
30.09.2025 16:04:58.672 UTC,1.39331,1.39318,0.0012,0.00234
30.09.2025 16:04:59.483 UTC,1.3933,1.39318,0.0012,0.00132
30.09.2025 16:04:59.738 UTC,1.3933,1.39317,0.0012,0.00282
30.09.2025 16:04:59.992 UTC,1.3933,1.39319,0.0012,0.00132
30.09.2025 16:05:02.957 UTC,1.3933,1.39319,0.0012,0.00189
30.09.2025 16:05:04.167 UTC,1.39332,1.39319,0.0012,0.00192
30.09.2025 16:05:06.022 UTC,1.39333,1.3932,0.0012,0.00147
30.09.2025 16:05:06.126 UTC,1.39333,1.3932,0.0018,0.00237
30.09.2025 16:05:06.640 UTC,1.39333,1.39322,0.0018,0.00729
30.09.2025 16:05:08.108 UTC,1.39333,1.39322,0.0012,0.00383
30.09.2025 16:05:09.275 UTC,1.39333,1.3932,0.0012,0.00188
30.09.2025 16:05:09.480 UTC,1.39332,1.39319,0.0012,0.00248
30.09.2025 16:05:11.293 UTC,1.39332,1.39319,0.0018,0.00132
30.09.2025 16:05:11.397 UTC,1.3933,1.39318,0.0012,0.00132
30.09.2025 16:05:11.701 UTC,1.39331,1.39318,0.00225,0.00132
30.09.2025 16:05:15.701 UTC,1.39331,1.39318,0.0024,0.00132
30.09.2025 16:05:15.854 UTC,1.3933,1.39319,0.00225,0.00132
30.09.2025 16:05:16.408 UTC,1.39331,1.39318,0.0012,0.00132
30.09.2025 16:05:18.222 UTC,1.39332,1.39319,0.0012,0.00147
30.09.2025 16:05:19.733 UTC,1.39332,1.39319,0.0012,0.00279
30.09.2025 16:05:19.836 UTC,1.39332,1.39321,0.0012,0.00192
30.09.2025 16:05:20.696 UTC,1.39333,1.39321,0.00225,0.00132
30.09.2025 16:05:25.169 UTC,1.39334,1.3932,0.00225,0.00132
30.09.2025 16:05:25.273 UTC,1.39331,1.3932,0.0012,0.00234
30.09.2025 16:05:27.708 UTC,1.39332,1.39319,0.0012,0.00234
30.09.2025 16:05:29.018 UTC,1.39329,1.39318,0.0012,0.00203
30.09.2025 16:05:29.322 UTC,1.39329,1.39317,0.0012,0.00203
30.09.2025 16:05:29.425 UTC,1.39322,1.39315,0.0012,0.0012
30.09.2025 16:05:29.528 UTC,1.39319,1.39307,0.0012,0.00132
30.09.2025 16:05:29.631 UTC,1.39319,1.39306,0.0012,0.00188
30.09.2025 16:05:29.784 UTC,1.39319,1.39307,0.0012,0.00144
30.09.2025 16:05:30.394 UTC,1.39318,1.39308,0.0012,0.00132
30.09.2025 16:05:30.496 UTC,1.3932,1.39308,0.0012,0.00132
30.09.2025 16:05:30.599 UTC,1.39319,1.39309,0.0012,0.00132
30.09.2025 16:05:31.712 UTC,1.39319,1.3931,0.0012,0.00132
30.09.2025 16:05:31.921 UTC,1.3932,1.39309,0.0012,0.00132
30.09.2025 16:05:36.427 UTC,1.39319,1.39306,0.0012,0.00188
30.09.2025 16:05:36.537 UTC,1.39318,1.39306,0.0012,0.00203
30.09.2025 16:05:37.147 UTC,1.39318,1.39306,0.0012,0.00234
30.09.2025 16:05:37.199 UTC,1.39316,1.39304,0.0012,0.00189
30.09.2025 16:05:37.302 UTC,1.39316,1.39305,0.0012,0.00132
30.09.2025 16:05:38.263 UTC,1.39316,1.39306,0.0012,0.00144
30.09.2025 16:05:40.681 UTC,1.39317,1.39305,0.0012,0.00324
30.09.2025 16:05:41.238 UTC,1.39316,1.39305,0.0012,0.00369
30.09.2025 16:05:42.198 UTC,1.39317,1.39305,0.0012,0.00369
30.09.2025 16:05:46.175 UTC,1.39318,1.39307,0.0012,0.00192
30.09.2025 16:05:46.278 UTC,1.39319,1.39308,0.0012,0.00282
30.09.2025 16:05:46.381 UTC,1.3932,1.39309,0.0012,0.00192
30.09.2025 16:05:46.483 UTC,1.3932,1.3931,0.0012,0.00192
30.09.2025 16:05:47.085 UTC,1.39321,1.39309,0.0012,0.00282
30.09.2025 16:05:49.206 UTC,1.39322,1.39309,0.0012,0.00414
30.09.2025 16:05:49.359 UTC,1.39322,1.3931,0.0012,0.00192
30.09.2025 16:05:51.328 UTC,1.39323,1.3931,0.0018,0.00324
30.09.2025 16:05:53.146 UTC,1.39322,1.39313,0.0012,0.00192
30.09.2025 16:05:53.248 UTC,1.39322,1.39312,0.0012,0.00324
30.09.2025 16:05:53.904 UTC,1.39323,1.3931,0.0018,0.00473
30.09.2025 16:05:57.623 UTC,1.39322,1.39309,0.0012,0.00428
30.09.2025 16:06:18.902 UTC,1.39322,1.3931,0.0012,0.00327
30.09.2025 16:06:24.109 UTC,1.39321,1.39311,0.0012,0.00144
30.09.2025 16:06:26.027 UTC,1.39321,1.39309,0.0012,0.00132
30.09.2025 16:06:26.231 UTC,1.39321,1.39308,0.0012,0.00192
30.09.2025 16:06:28.096 UTC,1.39322,1.39309,0.0018,0.00192
30.09.2025 16:06:34.188 UTC,1.39322,1.3931,0.0012,0.00132
30.09.2025 16:06:34.292 UTC,1.39322,1.39309,0.0018,0.00132
30.09.2025 16:06:47.248 UTC,1.39321,1.39311,0.0012,0.00132
30.09.2025 16:06:47.605 UTC,1.39321,1.39309,0.0012,0.00188
30.09.2025 16:06:47.709 UTC,1.39321,1.39307,0.00225,0.00248
30.09.2025 16:06:52.391 UTC,1.39322,1.39308,0.0012,0.00518
30.09.2025 16:06:52.494 UTC,1.39325,1.39312,0.00323,0.00192
30.09.2025 16:06:52.598 UTC,1.39323,1.39313,0.0012,0.00324
30.09.2025 16:06:53.652 UTC,1.39325,1.39314,0.0012,0.0018
30.09.2025 16:06:53.755 UTC,1.3933,1.39318,0.0012,0.00192
30.09.2025 16:06:53.857 UTC,1.39331,1.39318,0.0012,0.00192
30.09.2025 16:06:56.276 UTC,1.39331,1.3932,0.0012,0.00132
30.09.2025 16:07:02.665 UTC,1.39331,1.39319,0.0012,0.00192
30.09.2025 16:07:04.231 UTC,1.39331,1.3932,0.0012,0.00132
30.09.2025 16:07:04.371 UTC,1.39332,1.3932,0.0012,0.00132
30.09.2025 16:07:08.253 UTC,1.39332,1.39321,0.0012,0.00327
30.09.2025 16:07:08.356 UTC,1.39335,1.39322,0.0018,0.00282
30.09.2025 16:07:09.371 UTC,1.39333,1.39323,0.0012,0.00132
30.09.2025 16:07:09.927 UTC,1.39335,1.39323,0.0012,0.00132
30.09.2025 16:07:11.089 UTC,1.39335,1.39324,0.0012,0.00282
30.09.2025 16:07:13.154 UTC,1.39334,1.39324,0.0012,0.00324
30.09.2025 16:07:15.686 UTC,1.39335,1.39326,0.0012,0.0012
30.09.2025 16:07:15.738 UTC,1.39341,1.39329,0.00341,0.0012
30.09.2025 16:07:16.094 UTC,1.3934,1.39327,0.0027,0.00132
30.09.2025 16:07:18.619 UTC,1.3934,1.39327,0.0018,0.00132
30.09.2025 16:07:19.280 UTC,1.39341,1.39328,0.0012,0.00282
30.09.2025 16:07:19.987 UTC,1.39342,1.3933,0.0012,0.00132
30.09.2025 16:07:22.552 UTC,1.39341,1.3933,0.0012,0.00132
30.09.2025 16:07:22.655 UTC,1.3934,1.39327,0.0012,0.00188
30.09.2025 16:07:26.530 UTC,1.39341,1.39327,0.00225,0.00132
30.09.2025 16:07:26.660 UTC,1.3934,1.39327,0.0012,0.00132
30.09.2025 16:07:28.968 UTC,1.39338,1.39327,0.00135,0.00144
30.09.2025 16:07:29.023 UTC,1.39337,1.39326,0.0012,0.00132
30.09.2025 16:07:29.125 UTC,1.39338,1.39326,0.0012,0.00132
30.09.2025 16:07:29.428 UTC,1.39338,1.39327,0.00225,0.00132
30.09.2025 16:07:30.189 UTC,1.3934,1.39327,0.00225,0.00132
30.09.2025 16:07:37.575 UTC,1.39339,1.39327,0.0012,0.00132
30.09.2025 16:07:38.079 UTC,1.39339,1.39328,0.00225,0.00132
30.09.2025 16:07:38.833 UTC,1.39339,1.39327,0.0012,0.00132
30.09.2025 16:07:40.849 UTC,1.39335,1.39324,0.00135,0.00515
30.09.2025 16:07:40.952 UTC,1.39333,1.39323,0.0012,0.00188
30.09.2025 16:07:41.004 UTC,1.39333,1.39322,0.0012,0.00132
30.09.2025 16:07:41.208 UTC,1.39334,1.39322,0.0012,0.00132
30.09.2025 16:07:41.310 UTC,1.39335,1.39322,0.0027,0.00132
30.09.2025 16:07:41.463 UTC,1.39333,1.39323,0.0012,0.00132
30.09.2025 16:07:41.918 UTC,1.39334,1.39322,0.0012,0.00132
30.09.2025 16:07:42.020 UTC,1.39335,1.39322,0.0018,0.00132
30.09.2025 16:07:42.727 UTC,1.39334,1.39323,0.0012,0.00132
30.09.2025 16:07:43.181 UTC,1.39336,1.39325,0.0012,0.00132
30.09.2025 16:07:43.386 UTC,1.39338,1.39326,0.0012,0.00132
30.09.2025 16:07:43.994 UTC,1.39336,1.39327,0.0012,0.00132
30.09.2025 16:07:44.096 UTC,1.39338,1.39326,0.0018,0.00132
30.09.2025 16:07:44.298 UTC,1.39337,1.39326,0.0012,0.00132
30.09.2025 16:07:44.449 UTC,1.39338,1.39326,0.0018,0.00132
30.09.2025 16:07:44.652 UTC,1.39337,1.39326,0.0012,0.00132
30.09.2025 16:07:44.804 UTC,1.39338,1.39326,0.0018,0.00132
30.09.2025 16:07:45.812 UTC,1.39338,1.39326,0.0012,0.00132
30.09.2025 16:07:47.174 UTC,1.39336,1.39325,0.0012,0.0012
30.09.2025 16:07:47.276 UTC,1.39335,1.39324,0.0012,0.00132
30.09.2025 16:07:48.502 UTC,1.39335,1.39325,0.0012,0.00132
30.09.2025 16:07:49.167 UTC,1.39336,1.39324,0.0012,0.00132
30.09.2025 16:07:49.270 UTC,1.39337,1.39327,0.00191,0.00132
30.09.2025 16:07:49.323 UTC,1.39339,1.39327,0.00135,0.00132
30.09.2025 16:07:49.527 UTC,1.3934,1.39327,0.0012,0.00132
30.09.2025 16:07:49.881 UTC,1.39339,1.39328,0.0024,0.00132
30.09.2025 16:07:51.145 UTC,1.3934,1.39327,0.00225,0.0012
30.09.2025 16:07:51.298 UTC,1.39338,1.39328,0.00135,0.0012
30.09.2025 16:07:51.401 UTC,1.39338,1.39327,0.00135,0.0012
30.09.2025 16:07:51.605 UTC,1.39337,1.39326,0.00135,0.0012
30.09.2025 16:07:51.656 UTC,1.39336,1.39324,0.0018,0.00141
30.09.2025 16:07:52.767 UTC,1.39335,1.39324,0.0012,0.0012
30.09.2025 16:07:53.074 UTC,1.39333,1.39324,0.0012,0.0012
30.09.2025 16:07:53.176 UTC,1.39332,1.39324,0.0012,0.0012
30.09.2025 16:07:53.435 UTC,1.39334,1.39323,0.0012,0.0012
30.09.2025 16:07:54.293 UTC,1.39333,1.39323,0.0012,0.0012
30.09.2025 16:07:55.154 UTC,1.39332,1.39323,0.0012,0.0012
30.09.2025 16:07:55.256 UTC,1.39333,1.39323,0.0012,0.0012
30.09.2025 16:07:59.153 UTC,1.39332,1.39322,0.0012,0.0012
30.09.2025 16:07:59.262 UTC,1.39331,1.39321,0.0012,0.00132
30.09.2025 16:07:59.314 UTC,1.39332,1.39322,0.0012,0.00132
30.09.2025 16:07:59.720 UTC,1.39334,1.39321,0.00405,0.00132
30.09.2025 16:07:59.874 UTC,1.39333,1.39321,0.00135,0.00132
30.09.2025 16:08:00.732 UTC,1.39333,1.39322,0.00315,0.00132
30.09.2025 16:08:00.936 UTC,1.39333,1.39321,0.0012,0.00132
30.09.2025 16:08:01.089 UTC,1.39334,1.39321,0.00315,0.00132
30.09.2025 16:08:01.242 UTC,1.39333,1.39321,0.0012,0.00132
30.09.2025 16:08:02.248 UTC,1.39334,1.39321,0.00315,0.00132
30.09.2025 16:08:02.452 UTC,1.39333,1.39321,0.0012,0.00132
30.09.2025 16:08:02.655 UTC,1.39334,1.39321,0.00225,0.00132
30.09.2025 16:08:04.165 UTC,1.39333,1.39321,0.0012,0.00132
30.09.2025 16:08:04.921 UTC,1.39333,1.39322,0.00225,0.00132
30.09.2025 16:08:05.072 UTC,1.39332,1.39322,0.0012,0.00132
30.09.2025 16:08:06.635 UTC,1.39332,1.39321,0.00135,0.00132
30.09.2025 16:08:06.737 UTC,1.39334,1.39321,0.00225,0.00132
30.09.2025 16:08:06.840 UTC,1.39334,1.39321,0.0018,0.00132
30.09.2025 16:08:07.345 UTC,1.39332,1.39322,0.0012,0.00132
30.09.2025 16:08:08.250 UTC,1.39334,1.39321,0.00225,0.00132
30.09.2025 16:08:08.552 UTC,1.39334,1.39321,0.00135,0.00132
30.09.2025 16:08:10.496 UTC,1.39333,1.39321,0.0018,0.00132
30.09.2025 16:08:10.549 UTC,1.39334,1.39321,0.00405,0.00132
30.09.2025 16:08:10.752 UTC,1.39333,1.39321,0.0012,0.00132
30.09.2025 16:08:10.954 UTC,1.39334,1.39321,0.00405,0.00132
30.09.2025 16:08:15.132 UTC,1.39334,1.39321,0.0018,0.00132
30.09.2025 16:08:16.797 UTC,1.39333,1.39323,0.0012,0.00132
30.09.2025 16:08:16.900 UTC,1.39334,1.39323,0.00233,0.00132
30.09.2025 16:08:20.752 UTC,1.39334,1.39322,0.0012,0.0012
30.09.2025 16:08:20.856 UTC,1.39334,1.39321,0.0027,0.00132
30.09.2025 16:08:25.378 UTC,1.39334,1.39321,0.0018,0.00144
30.09.2025 16:08:26.133 UTC,1.39334,1.39321,0.00225,0.00141
30.09.2025 16:08:28.244 UTC,1.39333,1.39321,0.0012,0.00132
30.09.2025 16:08:28.649 UTC,1.39334,1.39321,0.00405,0.00132
30.09.2025 16:08:34.501 UTC,1.39333,1.3932,0.0012,0.00144
30.09.2025 16:08:35.207 UTC,1.39332,1.3932,0.0012,0.00132
30.09.2025 16:08:36.666 UTC,1.39333,1.39319,0.00315,0.00132
30.09.2025 16:08:36.768 UTC,1.39331,1.3932,0.0012,0.00132
30.09.2025 16:08:36.870 UTC,1.39331,1.39318,0.0012,0.00279
30.09.2025 16:08:37.176 UTC,1.39329,1.39319,0.0012,0.00144
30.09.2025 16:08:37.328 UTC,1.3933,1.39318,0.0012,0.00144
30.09.2025 16:08:37.430 UTC,1.39331,1.39318,0.0012,0.00189
30.09.2025 16:08:37.532 UTC,1.39332,1.39319,0.0012,0.00132
30.09.2025 16:08:37.634 UTC,1.39333,1.39319,0.00495,0.00132
30.09.2025 16:08:38.038 UTC,1.39332,1.39319,0.0012,0.00147
30.09.2025 16:08:38.390 UTC,1.39331,1.3932,0.0012,0.00132
30.09.2025 16:08:38.542 UTC,1.3933,1.3932,0.0018,0.00132
30.09.2025 16:08:39.048 UTC,1.3933,1.39318,0.0012,0.00144
30.09.2025 16:08:39.704 UTC,1.39331,1.39318,0.0012,0.00132
30.09.2025 16:08:40.158 UTC,1.39333,1.3932,0.00315,0.00132
30.09.2025 16:08:54.550 UTC,1.39331,1.3932,0.0012,0.00132
30.09.2025 16:08:55.206 UTC,1.3933,1.39317,0.0012,0.00248
30.09.2025 16:08:55.310 UTC,1.3933,1.39317,0.0027,0.00132
30.09.2025 16:08:55.766 UTC,1.39329,1.39319,0.0012,0.00132
30.09.2025 16:09:00.147 UTC,1.39331,1.39318,0.0027,0.00132
30.09.2025 16:09:00.250 UTC,1.39329,1.39319,0.0018,0.00132
30.09.2025 16:09:00.859 UTC,1.39331,1.39318,0.0018,0.00132
30.09.2025 16:09:04.232 UTC,1.3933,1.39318,0.0012,0.00132
30.09.2025 16:09:08.064 UTC,1.39325,1.39315,0.0012,0.00176
30.09.2025 16:09:08.116 UTC,1.39324,1.39312,0.0018,0.00132
30.09.2025 16:09:09.481 UTC,1.39324,1.39312,0.0012,0.00144
30.09.2025 16:09:10.088 UTC,1.39326,1.39313,0.0012,0.00132
30.09.2025 16:09:10.694 UTC,1.39324,1.39313,0.0012,0.00144
30.09.2025 16:09:11.902 UTC,1.39324,1.39314,0.0012,0.00144
30.09.2025 16:09:13.108 UTC,1.39325,1.39313,0.0012,0.00144
30.09.2025 16:09:13.209 UTC,1.39326,1.39313,0.0012,0.00144
30.09.2025 16:09:14.217 UTC,1.39326,1.39314,0.0012,0.00279
30.09.2025 16:09:14.269 UTC,1.3933,1.39318,0.00166,0.00132
30.09.2025 16:09:14.371 UTC,1.39331,1.39318,0.0012,0.00234
30.09.2025 16:09:14.525 UTC,1.39331,1.39318,0.0012,0.00231
30.09.2025 16:09:14.651 UTC,1.3933,1.39318,0.0012,0.00132
30.09.2025 16:09:14.855 UTC,1.3933,1.39318,0.0018,0.00144
30.09.2025 16:09:15.362 UTC,1.39329,1.39317,0.0012,0.0012
30.09.2025 16:09:15.667 UTC,1.39329,1.39316,0.0027,0.00132
30.09.2025 16:09:15.770 UTC,1.39326,1.39314,0.0018,0.00188
30.09.2025 16:09:16.075 UTC,1.39328,1.39315,0.0027,0.00132
30.09.2025 16:09:17.335 UTC,1.39325,1.39313,0.0012,0.00144
30.09.2025 16:09:17.438 UTC,1.39324,1.39314,0.0012,0.00144
30.09.2025 16:09:20.157 UTC,1.39325,1.39313,0.0012,0.00144
30.09.2025 16:09:20.259 UTC,1.39326,1.39313,0.00135,0.00144
30.09.2025 16:09:25.872 UTC,1.39325,1.39313,0.0012,0.00144
30.09.2025 16:09:28.996 UTC,1.39323,1.39313,0.0012,0.00234
30.09.2025 16:09:33.078 UTC,1.39324,1.39312,0.0012,0.00132
30.09.2025 16:09:34.687 UTC,1.39325,1.39313,0.00405,0.00144
30.09.2025 16:09:36.450 UTC,1.39325,1.39312,0.0012,0.00234
30.09.2025 16:09:37.208 UTC,1.39323,1.39313,0.0012,0.00141
30.09.2025 16:09:37.311 UTC,1.39324,1.39311,0.0012,0.00222
30.09.2025 16:09:37.413 UTC,1.39323,1.39313,0.00225,0.0012
30.09.2025 16:09:37.868 UTC,1.39324,1.39311,0.00225,0.0012
30.09.2025 16:09:39.677 UTC,1.39323,1.39311,0.00135,0.0012
30.09.2025 16:09:42.748 UTC,1.39324,1.39311,0.00225,0.0012
30.09.2025 16:09:43.705 UTC,1.39323,1.39311,0.0012,0.0012
30.09.2025 16:09:46.741 UTC,1.39323,1.39312,0.0012,0.00132
30.09.2025 16:09:46.847 UTC,1.39323,1.39313,0.0012,0.0012
30.09.2025 16:09:51.073 UTC,1.39322,1.39313,0.0012,0.0012
30.09.2025 16:09:51.177 UTC,1.39323,1.39311,0.0012,0.0012
30.09.2025 16:09:51.279 UTC,1.39324,1.39311,0.0036,0.0012
30.09.2025 16:09:51.583 UTC,1.39323,1.39312,0.00375,0.0012
30.09.2025 16:09:52.793 UTC,1.39324,1.39311,0.0045,0.0012
30.09.2025 16:09:54.350 UTC,1.3932,1.3931,0.0012,0.0012
30.09.2025 16:09:54.402 UTC,1.39319,1.39306,0.0012,0.00188
30.09.2025 16:09:54.505 UTC,1.39319,1.39306,0.0012,0.00141
30.09.2025 16:09:54.709 UTC,1.39319,1.39309,0.00225,0.0012
30.09.2025 16:09:57.533 UTC,1.39321,1.39308,0.00225,0.0012
30.09.2025 16:09:57.885 UTC,1.39319,1.39309,0.0012,0.0012
30.09.2025 16:09:57.988 UTC,1.39321,1.39308,0.00225,0.0012
30.09.2025 16:09:58.467 UTC,1.3932,1.39308,0.0012,0.0012
30.09.2025 16:10:00.076 UTC,1.39321,1.39308,0.0018,0.00132
30.09.2025 16:10:00.178 UTC,1.39321,1.39309,0.0012,0.0012
30.09.2025 16:10:00.382 UTC,1.39319,1.3931,0.0012,0.0012
30.09.2025 16:10:00.789 UTC,1.39322,1.39309,0.0027,0.0012
30.09.2025 16:10:00.891 UTC,1.39321,1.39309,0.0012,0.0012
30.09.2025 16:10:00.993 UTC,1.39322,1.39309,0.00315,0.0012
30.09.2025 16:10:01.095 UTC,1.39321,1.39309,0.0012,0.0012
30.09.2025 16:10:01.397 UTC,1.39322,1.39309,0.0027,0.0012
30.09.2025 16:10:01.501 UTC,1.3932,1.3931,0.00135,0.0012
30.09.2025 16:10:01.603 UTC,1.3932,1.39309,0.0018,0.0012
30.09.2025 16:10:02.762 UTC,1.39319,1.39307,0.0012,0.00132
30.09.2025 16:10:02.865 UTC,1.3932,1.39308,0.00135,0.0012
30.09.2025 16:10:03.168 UTC,1.39321,1.39308,0.00405,0.0012
30.09.2025 16:10:03.271 UTC,1.3932,1.39308,0.0012,0.0012
30.09.2025 16:10:03.573 UTC,1.39321,1.39308,0.00405,0.0012
30.09.2025 16:10:06.691 UTC,1.3932,1.39308,0.0012,0.0012
30.09.2025 16:10:06.794 UTC,1.3932,1.3931,0.00315,0.0012
30.09.2025 16:10:07.049 UTC,1.3932,1.3931,0.0012,0.0012
30.09.2025 16:10:07.100 UTC,1.39323,1.3931,0.00131,0.00132
30.09.2025 16:10:07.203 UTC,1.39323,1.39311,0.00135,0.0018
30.09.2025 16:10:07.305 UTC,1.39323,1.39312,0.00315,0.0018
30.09.2025 16:10:08.147 UTC,1.39324,1.39312,0.00135,0.00189
30.09.2025 16:10:08.352 UTC,1.39324,1.39311,0.00225,0.0012
30.09.2025 16:10:09.163 UTC,1.39323,1.39311,0.0012,0.0012
30.09.2025 16:10:09.215 UTC,1.39322,1.3931,0.00135,0.00222
30.09.2025 16:10:09.317 UTC,1.39323,1.39309,0.00147,0.00222
30.09.2025 16:10:11.183 UTC,1.39323,1.3931,0.00132,0.0012
30.09.2025 16:10:11.285 UTC,1.39324,1.3931,0.00282,0.00132
30.09.2025 16:10:11.995 UTC,1.39324,1.3931,0.00225,0.00132
30.09.2025 16:10:12.749 UTC,1.39325,1.3931,0.0063,0.00177
30.09.2025 16:10:12.851 UTC,1.39324,1.39311,0.00645,0.00141
30.09.2025 16:10:14.410 UTC,1.39325,1.39312,0.0027,0.00132
30.09.2025 16:10:14.513 UTC,1.39324,1.39314,0.0027,0.0012
30.09.2025 16:10:18.014 UTC,1.39325,1.39312,0.0012,0.00189
30.09.2025 16:10:18.118 UTC,1.39332,1.3932,0.00346,0.00132
30.09.2025 16:10:18.627 UTC,1.39334,1.3932,0.0027,0.00141
30.09.2025 16:10:20.142 UTC,1.39334,1.3932,0.0018,0.00144
30.09.2025 16:10:20.647 UTC,1.39334,1.39322,0.0012,0.00132
30.09.2025 16:10:20.750 UTC,1.39333,1.39323,0.0012,0.00132
30.09.2025 16:10:21.156 UTC,1.39334,1.39322,0.0012,0.00192
30.09.2025 16:10:21.208 UTC,1.3934,1.3933,0.0018,0.00132
30.09.2025 16:10:21.311 UTC,1.39344,1.39332,0.0012,0.0012
30.09.2025 16:10:22.374 UTC,1.39343,1.39331,0.0012,0.0012
30.09.2025 16:10:23.335 UTC,1.39343,1.3933,0.0012,0.0018
30.09.2025 16:10:24.746 UTC,1.39342,1.3933,0.0012,0.00132
30.09.2025 16:10:25.201 UTC,1.39341,1.39329,0.0018,0.00231
30.09.2025 16:10:26.161 UTC,1.39342,1.39328,0.0018,0.00132
30.09.2025 16:10:27.276 UTC,1.3934,1.3933,0.0012,0.0012
30.09.2025 16:10:28.778 UTC,1.39342,1.39328,0.00315,0.00189
30.09.2025 16:10:29.233 UTC,1.39341,1.39329,0.00315,0.00192
30.09.2025 16:10:29.436 UTC,1.39341,1.39329,0.0012,0.00132
30.09.2025 16:10:34.263 UTC,1.39341,1.39329,0.00225,0.00192
30.09.2025 16:10:35.976 UTC,1.39341,1.39329,0.00315,0.00189
30.09.2025 16:10:37.888 UTC,1.39342,1.39328,0.0027,0.00192
30.09.2025 16:10:37.990 UTC,1.39342,1.39328,0.0027,0.00189
30.09.2025 16:10:38.800 UTC,1.39342,1.39328,0.0012,0.00237
30.09.2025 16:10:38.952 UTC,1.39343,1.3933,0.0045,0.0012
30.09.2025 16:10:39.712 UTC,1.39342,1.3933,0.0012,0.00132
30.09.2025 16:10:40.414 UTC,1.39341,1.39332,0.0012,0.0012
30.09.2025 16:10:40.769 UTC,1.39342,1.39332,0.0012,0.0012
30.09.2025 16:10:40.873 UTC,1.39343,1.39332,0.0012,0.0012
30.09.2025 16:10:44.651 UTC,1.39344,1.39332,0.00135,0.0012
30.09.2025 16:10:45.813 UTC,1.39343,1.39331,0.00135,0.0012
30.09.2025 16:10:45.915 UTC,1.39342,1.39331,0.0012,0.0012
30.09.2025 16:10:48.481 UTC,1.3934,1.39332,0.00135,0.0012
30.09.2025 16:10:51.587 UTC,1.39342,1.39331,0.0012,0.0012
30.09.2025 16:10:53.359 UTC,1.39341,1.39331,0.0012,0.0012
30.09.2025 16:10:54.170 UTC,1.39342,1.39331,0.00135,0.0012
30.09.2025 16:10:54.272 UTC,1.39341,1.39331,0.0012,0.0012
30.09.2025 16:10:54.324 UTC,1.39343,1.39331,0.00233,0.0012
30.09.2025 16:10:55.132 UTC,1.39342,1.39331,0.0012,0.0012
30.09.2025 16:11:02.407 UTC,1.39342,1.39332,0.00135,0.0012
30.09.2025 16:11:02.515 UTC,1.39343,1.3933,0.00278,0.00132
30.09.2025 16:11:02.618 UTC,1.39342,1.3933,0.0012,0.00132
30.09.2025 16:11:04.736 UTC,1.39342,1.39329,0.00135,0.0012
30.09.2025 16:11:05.142 UTC,1.39341,1.3933,0.00203,0.0012
30.09.2025 16:11:05.848 UTC,1.39341,1.3933,0.00188,0.0012
30.09.2025 16:11:06.001 UTC,1.39342,1.39329,0.00203,0.0012
30.09.2025 16:11:06.555 UTC,1.39341,1.3933,0.00188,0.0012
30.09.2025 16:11:07.713 UTC,1.39341,1.39329,0.0012,0.0012
30.09.2025 16:11:12.794 UTC,1.39341,1.39329,0.0018,0.00132
30.09.2025 16:11:12.846 UTC,1.39342,1.39329,0.00135,0.00192
30.09.2025 16:11:13.053 UTC,1.39341,1.39331,0.0012,0.00132
30.09.2025 16:11:15.771 UTC,1.39343,1.3933,0.0012,0.00132
30.09.2025 16:11:16.378 UTC,1.39343,1.39333,0.00135,0.0012
30.09.2025 16:11:17.387 UTC,1.39343,1.39334,0.0012,0.0012
30.09.2025 16:11:17.490 UTC,1.39343,1.39336,0.0012,0.0012
30.09.2025 16:11:17.592 UTC,1.39344,1.39336,0.00135,0.0012
30.09.2025 16:11:18.047 UTC,1.39346,1.39337,0.00143,0.0012
30.09.2025 16:11:18.151 UTC,1.39345,1.39334,0.00135,0.0012
30.09.2025 16:11:18.305 UTC,1.39345,1.39333,0.00135,0.0012
30.09.2025 16:11:18.509 UTC,1.39344,1.39333,0.0012,0.0012
30.09.2025 16:11:18.661 UTC,1.39342,1.39333,0.0012,0.0012
30.09.2025 16:11:20.123 UTC,1.39342,1.39332,0.0012,0.0018
30.09.2025 16:11:21.936 UTC,1.39342,1.39333,0.0012,0.0012
30.09.2025 16:11:25.950 UTC,1.39342,1.39332,0.0012,0.0018
30.09.2025 16:11:31.911 UTC,1.3934,1.39332,0.0012,0.0012
30.09.2025 16:11:31.963 UTC,1.3934,1.39329,0.0012,0.00132
30.09.2025 16:11:32.065 UTC,1.3934,1.3933,0.0012,0.0012
30.09.2025 16:11:34.017 UTC,1.3934,1.39331,0.0012,0.0012
30.09.2025 16:11:35.029 UTC,1.3934,1.3933,0.0012,0.0012
30.09.2025 16:11:36.034 UTC,1.3934,1.39331,0.0012,0.0012
30.09.2025 16:11:39.009 UTC,1.39339,1.39331,0.0012,0.0012
30.09.2025 16:11:39.212 UTC,1.39335,1.39326,0.0012,0.00132
30.09.2025 16:11:39.315 UTC,1.39332,1.39323,0.0018,0.0012
30.09.2025 16:11:39.418 UTC,1.39332,1.39322,0.0012,0.0012
30.09.2025 16:11:45.641 UTC,1.39331,1.39324,0.0012,0.0012
30.09.2025 16:11:46.152 UTC,1.39332,1.39323,0.00315,0.0012
30.09.2025 16:11:46.559 UTC,1.39333,1.39323,0.0018,0.0012
30.09.2025 16:11:47.670 UTC,1.39332,1.39323,0.0012,0.0012
30.09.2025 16:11:48.929 UTC,1.39331,1.39321,0.0018,0.0012
30.09.2025 16:11:51.399 UTC,1.3933,1.39324,0.0012,0.0012
30.09.2025 16:11:51.501 UTC,1.39332,1.39323,0.0018,0.0012
30.09.2025 16:11:51.810 UTC,1.39332,1.39322,0.0018,0.0012
30.09.2025 16:11:51.967 UTC,1.39331,1.39322,0.0012,0.0012
30.09.2025 16:11:52.673 UTC,1.39331,1.39321,0.0012,0.0012
30.09.2025 16:11:52.876 UTC,1.3933,1.3932,0.00315,0.0012
30.09.2025 16:11:52.979 UTC,1.39328,1.39317,0.0027,0.00176
30.09.2025 16:11:53.081 UTC,1.39328,1.39317,0.0027,0.0012
30.09.2025 16:11:53.940 UTC,1.39328,1.39318,0.0018,0.0012
30.09.2025 16:11:54.042 UTC,1.39328,1.39319,0.0027,0.0012
30.09.2025 16:11:54.145 UTC,1.39329,1.39319,0.0018,0.0012
30.09.2025 16:11:55.923 UTC,1.39327,1.3932,0.0012,0.0012
30.09.2025 16:11:56.075 UTC,1.39327,1.39319,0.0012,0.0012
30.09.2025 16:11:56.178 UTC,1.39329,1.39319,0.0012,0.0012
30.09.2025 16:11:57.136 UTC,1.39329,1.3932,0.0012,0.0012
30.09.2025 16:11:58.744 UTC,1.39329,1.39319,0.0027,0.0012
30.09.2025 16:11:58.948 UTC,1.39328,1.39319,0.0012,0.0012
30.09.2025 16:11:59.756 UTC,1.39328,1.39318,0.0012,0.0012
30.09.2025 16:12:00.565 UTC,1.39327,1.39318,0.0012,0.00132
30.09.2025 16:12:00.669 UTC,1.39327,1.39317,0.0012,0.0012
30.09.2025 16:12:00.773 UTC,1.39325,1.39315,0.0018,0.00132
30.09.2025 16:12:00.877 UTC,1.39325,1.39314,0.0018,0.00132
30.09.2025 16:12:00.980 UTC,1.39324,1.39316,0.0012,0.00132
30.09.2025 16:12:01.338 UTC,1.39323,1.39315,0.0018,0.0012
30.09.2025 16:12:01.441 UTC,1.39322,1.39315,0.0012,0.0012
30.09.2025 16:12:01.543 UTC,1.39323,1.39313,0.0012,0.00132
30.09.2025 16:12:07.113 UTC,1.39324,1.39313,0.0012,0.00132
30.09.2025 16:12:07.218 UTC,1.39324,1.39315,0.0012,0.00192
30.09.2025 16:12:08.883 UTC,1.39325,1.39316,0.0012,0.0012
30.09.2025 16:12:09.239 UTC,1.39325,1.39315,0.0018,0.00132
30.09.2025 16:12:10.401 UTC,1.39325,1.39314,0.0012,0.00132
30.09.2025 16:12:13.867 UTC,1.39324,1.39316,0.0012,0.0012
30.09.2025 16:12:14.373 UTC,1.39325,1.39314,0.0012,0.00132
30.09.2025 16:12:14.826 UTC,1.39324,1.39316,0.0012,0.0012
30.09.2025 16:12:15.431 UTC,1.39324,1.39314,0.0018,0.00141
30.09.2025 16:12:16.439 UTC,1.39324,1.39315,0.0018,0.0012
30.09.2025 16:12:19.176 UTC,1.39324,1.39314,0.0018,0.00141
30.09.2025 16:12:20.538 UTC,1.39325,1.39314,0.0018,0.00132
30.09.2025 16:12:21.094 UTC,1.39325,1.39315,0.0012,0.00147
30.09.2025 16:12:21.146 UTC,1.39328,1.39316,0.0012,0.00132
30.09.2025 16:12:24.673 UTC,1.39326,1.39318,0.0012,0.0012
30.09.2025 16:12:24.725 UTC,1.39325,1.39317,0.0012,0.0012
30.09.2025 16:12:24.828 UTC,1.39325,1.39314,0.0012,0.00144
30.09.2025 16:12:24.932 UTC,1.39324,1.39313,0.0012,0.00192
30.09.2025 16:12:25.994 UTC,1.39324,1.39313,0.0018,0.00132
30.09.2025 16:12:29.942 UTC,1.39322,1.39314,0.0012,0.00132
30.09.2025 16:12:29.994 UTC,1.39322,1.39315,0.0012,0.00132
30.09.2025 16:12:30.101 UTC,1.39324,1.39315,0.0012,0.00132
30.09.2025 16:12:30.507 UTC,1.39322,1.39315,0.0012,0.00132
30.09.2025 16:12:31.265 UTC,1.39323,1.39313,0.0012,0.00132
30.09.2025 16:12:41.067 UTC,1.39322,1.39313,0.0012,0.00132
30.09.2025 16:12:41.169 UTC,1.39323,1.39315,0.0012,0.00132
30.09.2025 16:12:41.272 UTC,1.39325,1.39314,0.0012,0.00192
30.09.2025 16:12:43.137 UTC,1.39325,1.39315,0.0012,0.00132
30.09.2025 16:12:44.148 UTC,1.39324,1.39317,0.0012,0.0012
30.09.2025 16:12:49.676 UTC,1.39325,1.39315,0.0012,0.0012
30.09.2025 16:12:49.879 UTC,1.39325,1.39314,0.0012,0.0012
30.09.2025 16:12:50.687 UTC,1.39325,1.39316,0.0012,0.00192
30.09.2025 16:12:50.739 UTC,1.39329,1.39317,0.0012,0.0012
30.09.2025 16:12:50.791 UTC,1.39329,1.39321,0.00256,0.0012
30.09.2025 16:12:50.842 UTC,1.39331,1.39321,0.0018,0.0012
30.09.2025 16:12:57.611 UTC,1.3933,1.3932,0.0012,0.00222
30.09.2025 16:12:57.765 UTC,1.39329,1.39319,0.0012,0.0018
30.09.2025 16:12:58.424 UTC,1.39331,1.39318,0.0018,0.00225
30.09.2025 16:12:58.526 UTC,1.3933,1.3932,0.0012,0.0012
30.09.2025 16:13:00.094 UTC,1.39331,1.39321,0.0012,0.0012
30.09.2025 16:13:01.704 UTC,1.39333,1.39321,0.0012,0.0012
30.09.2025 16:13:01.857 UTC,1.39332,1.39322,0.0012,0.00132
30.09.2025 16:13:02.011 UTC,1.39334,1.39321,0.0012,0.00144
30.09.2025 16:13:03.209 UTC,1.39333,1.39322,0.0018,0.00144
30.09.2025 16:13:04.519 UTC,1.39334,1.39321,0.00135,0.00144
30.09.2025 16:13:04.674 UTC,1.39334,1.39321,0.0012,0.00132
30.09.2025 16:13:04.778 UTC,1.39333,1.39321,0.0012,0.00132
30.09.2025 16:13:06.596 UTC,1.39332,1.39322,0.0012,0.00132
30.09.2025 16:13:07.856 UTC,1.39333,1.39321,0.0012,0.00132
30.09.2025 16:13:07.958 UTC,1.39332,1.39323,0.0012,0.00132
30.09.2025 16:13:08.365 UTC,1.39334,1.39323,0.00225,0.00132
30.09.2025 16:13:10.436 UTC,1.39333,1.39323,0.0012,0.00132
30.09.2025 16:13:13.904 UTC,1.39334,1.39322,0.0012,0.00132
30.09.2025 16:13:14.007 UTC,1.39334,1.39323,0.0012,0.00132
30.09.2025 16:13:15.065 UTC,1.39335,1.39322,0.00225,0.00132
30.09.2025 16:13:15.116 UTC,1.39332,1.39323,0.0012,0.00132
30.09.2025 16:13:15.320 UTC,1.39333,1.39322,0.0012,0.00132
30.09.2025 16:13:21.661 UTC,1.39335,1.39323,0.00225,0.00132
30.09.2025 16:13:21.765 UTC,1.39334,1.39323,0.0012,0.0012
30.09.2025 16:13:21.867 UTC,1.39335,1.39323,0.00144,0.0012
30.09.2025 16:13:22.070 UTC,1.39334,1.39323,0.0012,0.0012
30.09.2025 16:13:22.273 UTC,1.39335,1.39323,0.00144,0.0012
30.09.2025 16:13:24.971 UTC,1.39335,1.39323,0.00147,0.0012
30.09.2025 16:13:27.082 UTC,1.39335,1.39323,0.00225,0.0012
30.09.2025 16:13:28.590 UTC,1.39336,1.39323,0.00315,0.0012
30.09.2025 16:13:28.692 UTC,1.39335,1.39324,0.0033,0.0012
30.09.2025 16:13:29.300 UTC,1.39336,1.39323,0.00135,0.0012
30.09.2025 16:13:30.812 UTC,1.39336,1.3933,0.0012,0.0012
30.09.2025 16:13:30.864 UTC,1.39339,1.3933,0.0012,0.0012
30.09.2025 16:13:30.915 UTC,1.39343,1.39331,0.00191,0.0012
30.09.2025 16:13:30.967 UTC,1.39342,1.39332,0.0012,0.0012
30.09.2025 16:13:31.069 UTC,1.39345,1.39331,0.00315,0.0012
30.09.2025 16:13:31.426 UTC,1.39345,1.39332,0.0012,0.0012
30.09.2025 16:13:31.782 UTC,1.39346,1.39332,0.0018,0.0012
30.09.2025 16:13:32.288 UTC,1.39347,1.39332,0.0027,0.0012
30.09.2025 16:13:32.390 UTC,1.39348,1.39334,0.00278,0.0012
30.09.2025 16:13:32.492 UTC,1.39345,1.39335,0.0012,0.0012
30.09.2025 16:13:32.544 UTC,1.39346,1.39332,0.0012,0.00132
30.09.2025 16:13:33.252 UTC,1.39345,1.39332,0.0012,0.0012
30.09.2025 16:13:33.808 UTC,1.39345,1.39333,0.0012,0.0012
30.09.2025 16:13:33.911 UTC,1.39345,1.39332,0.0012,0.0012
30.09.2025 16:13:34.053 UTC,1.39345,1.39333,0.0012,0.0012
30.09.2025 16:13:34.106 UTC,1.39343,1.39333,0.0012,0.0012
30.09.2025 16:13:34.208 UTC,1.39344,1.39333,0.00135,0.0012
30.09.2025 16:13:34.310 UTC,1.39343,1.39333,0.0012,0.0012
30.09.2025 16:13:34.563 UTC,1.39344,1.39331,0.0012,0.0012
30.09.2025 16:13:34.715 UTC,1.39343,1.39331,0.0012,0.0012
30.09.2025 16:13:34.916 UTC,1.39344,1.39331,0.0012,0.0012
30.09.2025 16:13:35.422 UTC,1.39343,1.39331,0.0012,0.0012
30.09.2025 16:13:37.035 UTC,1.39344,1.39331,0.00135,0.0012
30.09.2025 16:13:38.747 UTC,1.39342,1.39332,0.00135,0.0012
30.09.2025 16:13:38.951 UTC,1.39344,1.39331,0.00135,0.0012
30.09.2025 16:13:40.561 UTC,1.39343,1.39331,0.00195,0.0012
30.09.2025 16:13:40.816 UTC,1.39344,1.3933,0.0018,0.0012
30.09.2025 16:13:43.737 UTC,1.39344,1.39332,0.0024,0.0012
30.09.2025 16:13:43.840 UTC,1.39346,1.39332,0.0033,0.0012
30.09.2025 16:13:44.043 UTC,1.39345,1.39334,0.0024,0.0012
30.09.2025 16:13:45.300 UTC,1.39346,1.39333,0.00195,0.0012
30.09.2025 16:13:45.448 UTC,1.39347,1.39335,0.0012,0.0012
30.09.2025 16:13:45.552 UTC,1.39347,1.39336,0.0027,0.0012
30.09.2025 16:13:45.705 UTC,1.39348,1.39335,0.00285,0.0012
30.09.2025 16:13:46.769 UTC,1.39348,1.39335,0.0018,0.0018
30.09.2025 16:13:46.872 UTC,1.39351,1.39338,0.00338,0.0012
30.09.2025 16:13:46.923 UTC,1.39351,1.39339,0.00143,0.0018
30.09.2025 16:13:46.976 UTC,1.39352,1.39342,0.0018,0.0012
30.09.2025 16:13:47.078 UTC,1.39353,1.39341,0.0012,0.0012
30.09.2025 16:13:47.434 UTC,1.39353,1.3934,0.0012,0.0018
30.09.2025 16:13:47.791 UTC,1.39354,1.3934,0.0012,0.0018
30.09.2025 16:13:48.094 UTC,1.39354,1.39344,0.0018,0.0012
30.09.2025 16:13:48.198 UTC,1.39358,1.39351,0.0012,0.0012
30.09.2025 16:13:48.250 UTC,1.39362,1.39349,0.00131,0.0012
30.09.2025 16:13:48.404 UTC,1.39362,1.3935,0.00422,0.0012
30.09.2025 16:13:48.506 UTC,1.39363,1.39349,0.00383,0.0012
30.09.2025 16:13:48.659 UTC,1.39363,1.39349,0.00368,0.0012
30.09.2025 16:13:48.813 UTC,1.39362,1.39353,0.0012,0.0012
30.09.2025 16:13:48.915 UTC,1.39362,1.39351,0.0012,0.0012
30.09.2025 16:13:50.133 UTC,1.39364,1.39352,0.00192,0.0018
30.09.2025 16:13:50.487 UTC,1.39357,1.39349,0.00135,0.00132
30.09.2025 16:13:50.539 UTC,1.39356,1.39345,0.00135,0.0012
30.09.2025 16:13:50.693 UTC,1.39355,1.39345,0.00135,0.0012
30.09.2025 16:13:50.795 UTC,1.39356,1.39342,0.0018,0.00192
30.09.2025 16:13:51.353 UTC,1.39358,1.39347,0.00206,0.00189
30.09.2025 16:13:51.455 UTC,1.3936,1.39347,0.00195,0.00132
30.09.2025 16:13:51.762 UTC,1.39357,1.39346,0.0012,0.0012
30.09.2025 16:13:51.813 UTC,1.39357,1.39344,0.00143,0.00189
30.09.2025 16:13:51.966 UTC,1.39357,1.39344,0.00191,0.00189
30.09.2025 16:13:52.422 UTC,1.39356,1.39345,0.0018,0.00189
30.09.2025 16:13:53.931 UTC,1.39357,1.39344,0.0012,0.0018
30.09.2025 16:13:54.034 UTC,1.39357,1.39345,0.0012,0.00132
30.09.2025 16:13:54.085 UTC,1.39358,1.39346,0.0012,0.0012
30.09.2025 16:13:56.302 UTC,1.39358,1.39346,0.0018,0.0012
30.09.2025 16:13:56.353 UTC,1.39358,1.39344,0.0018,0.00189
30.09.2025 16:13:56.508 UTC,1.39357,1.39344,0.00203,0.00132
30.09.2025 16:13:56.762 UTC,1.39356,1.39343,0.0012,0.00189
30.09.2025 16:13:57.201 UTC,1.39356,1.39343,0.0018,0.0012
30.09.2025 16:13:57.304 UTC,1.39356,1.39343,0.0024,0.0012
30.09.2025 16:13:57.508 UTC,1.39356,1.39343,0.0018,0.0012
30.09.2025 16:13:57.760 UTC,1.39356,1.39343,0.00195,0.0012
30.09.2025 16:13:58.470 UTC,1.39356,1.39342,0.00195,0.00189
30.09.2025 16:13:58.623 UTC,1.39354,1.39341,0.0027,0.00132
30.09.2025 16:13:58.726 UTC,1.39354,1.39341,0.0012,0.0012
30.09.2025 16:14:00.294 UTC,1.39349,1.39341,0.0012,0.0012
30.09.2025 16:14:00.346 UTC,1.39351,1.3934,0.00405,0.0012
30.09.2025 16:14:00.448 UTC,1.39351,1.39339,0.0012,0.0012
30.09.2025 16:14:00.652 UTC,1.39352,1.39339,0.00225,0.0012
30.09.2025 16:14:01.008 UTC,1.39352,1.3934,0.0012,0.0012
30.09.2025 16:14:02.319 UTC,1.39354,1.3934,0.00338,0.0012
30.09.2025 16:14:02.721 UTC,1.39354,1.3934,0.00293,0.0012
30.09.2025 16:14:03.127 UTC,1.39353,1.3934,0.00131,0.0012
30.09.2025 16:14:07.981 UTC,1.39354,1.39341,0.00383,0.0012
30.09.2025 16:14:08.083 UTC,1.39353,1.3934,0.00131,0.0012
30.09.2025 16:14:08.538 UTC,1.39353,1.39341,0.00518,0.0012
30.09.2025 16:14:08.743 UTC,1.39353,1.39341,0.00383,0.0012
30.09.2025 16:14:10.056 UTC,1.39352,1.39341,0.00278,0.0012
30.09.2025 16:14:10.613 UTC,1.39353,1.3934,0.00293,0.0012
30.09.2025 16:14:10.715 UTC,1.39353,1.3934,0.00315,0.0012
30.09.2025 16:14:11.020 UTC,1.39352,1.39341,0.00383,0.0012
30.09.2025 16:14:14.995 UTC,1.39352,1.39341,0.00278,0.0012
30.09.2025 16:14:15.148 UTC,1.39352,1.39341,0.0018,0.0012
30.09.2025 16:14:16.105 UTC,1.39353,1.3934,0.00135,0.0012
30.09.2025 16:14:19.184 UTC,1.39352,1.39341,0.00203,0.0012
30.09.2025 16:14:19.513 UTC,1.39353,1.39341,0.00428,0.0012
30.09.2025 16:14:19.617 UTC,1.39353,1.39341,0.0012,0.0012
30.09.2025 16:14:19.928 UTC,1.39354,1.39341,0.00135,0.0012
30.09.2025 16:14:20.434 UTC,1.39353,1.39341,0.0012,0.0012
30.09.2025 16:14:20.889 UTC,1.39353,1.39342,0.0018,0.0012
30.09.2025 16:14:21.798 UTC,1.39355,1.39341,0.00315,0.0012
30.09.2025 16:14:22.002 UTC,1.39354,1.39343,0.0027,0.00132
30.09.2025 16:14:22.105 UTC,1.39355,1.39343,0.0018,0.00132
30.09.2025 16:14:22.309 UTC,1.39356,1.39344,0.00225,0.00132
30.09.2025 16:14:23.723 UTC,1.39357,1.39343,0.00135,0.00132
30.09.2025 16:14:26.441 UTC,1.39357,1.39343,0.00315,0.00132
30.09.2025 16:14:26.545 UTC,1.39357,1.39343,0.0042,0.00132
30.09.2025 16:14:26.901 UTC,1.39355,1.39344,0.0024,0.0012
30.09.2025 16:14:27.104 UTC,1.39354,1.39344,0.0024,0.0012
30.09.2025 16:14:27.457 UTC,1.39355,1.39343,0.00315,0.0012
30.09.2025 16:14:27.912 UTC,1.39354,1.39342,0.00135,0.00132
30.09.2025 16:14:28.167 UTC,1.39354,1.39343,0.0036,0.00132
30.09.2025 16:14:28.369 UTC,1.39353,1.39343,0.0012,0.00132
30.09.2025 16:14:28.875 UTC,1.39354,1.39343,0.0036,0.00132
30.09.2025 16:14:29.731 UTC,1.39353,1.39343,0.0012,0.00132
30.09.2025 16:14:29.882 UTC,1.39355,1.39342,0.0036,0.00132
30.09.2025 16:14:30.187 UTC,1.39355,1.39342,0.00375,0.00132
30.09.2025 16:14:30.289 UTC,1.39355,1.39342,0.00285,0.00132
30.09.2025 16:14:30.441 UTC,1.39355,1.39342,0.0036,0.00132
30.09.2025 16:14:30.593 UTC,1.39353,1.39343,0.0012,0.00132
30.09.2025 16:14:31.944 UTC,1.39354,1.39342,0.0024,0.0012
30.09.2025 16:14:33.102 UTC,1.39353,1.39343,0.00225,0.0012
30.09.2025 16:14:33.655 UTC,1.39354,1.39342,0.0024,0.0012
30.09.2025 16:14:34.161 UTC,1.39353,1.39343,0.00225,0.0012
30.09.2025 16:14:34.664 UTC,1.39354,1.39343,0.00225,0.0012
30.09.2025 16:14:35.071 UTC,1.39353,1.39344,0.0024,0.0012
30.09.2025 16:14:35.224 UTC,1.39356,1.39343,0.00375,0.0012
30.09.2025 16:14:37.893 UTC,1.39355,1.39344,0.0051,0.0012
30.09.2025 16:14:38.850 UTC,1.39356,1.39343,0.00465,0.0012
30.09.2025 16:14:38.951 UTC,1.39355,1.39343,0.0018,0.0012
30.09.2025 16:14:41.124 UTC,1.39354,1.39344,0.0033,0.0012
30.09.2025 16:14:42.188 UTC,1.39354,1.39344,0.00285,0.0012
30.09.2025 16:14:42.342 UTC,1.39353,1.39344,0.0018,0.0012
30.09.2025 16:14:42.644 UTC,1.39354,1.39344,0.00375,0.0012
30.09.2025 16:14:46.044 UTC,1.39355,1.39343,0.0036,0.0012
30.09.2025 16:14:46.147 UTC,1.39353,1.39344,0.00135,0.0012
30.09.2025 16:14:46.654 UTC,1.39353,1.39343,0.0012,0.0012
30.09.2025 16:14:47.211 UTC,1.39354,1.39343,0.00135,0.0012
30.09.2025 16:14:47.465 UTC,1.39354,1.39344,0.00135,0.0012
30.09.2025 16:14:52.009 UTC,1.39356,1.39343,0.00225,0.0012
30.09.2025 16:14:52.713 UTC,1.39355,1.39344,0.0024,0.0012
30.09.2025 16:14:56.614 UTC,1.39355,1.39343,0.0033,0.0012
30.09.2025 16:14:57.720 UTC,1.39355,1.39343,0.00225,0.0012
30.09.2025 16:14:57.974 UTC,1.39355,1.39343,0.0033,0.0012
30.09.2025 16:14:59.891 UTC,1.39355,1.39343,0.00225,0.0012
30.09.2025 16:15:00.906 UTC,1.39355,1.39343,0.0018,0.0012
30.09.2025 16:15:00.957 UTC,1.39356,1.39343,0.0045,0.0012
30.09.2025 16:15:01.515 UTC,1.39356,1.39343,0.0033,0.0012
30.09.2025 16:15:02.472 UTC,1.39355,1.39345,0.00135,0.0012
30.09.2025 16:15:02.575 UTC,1.39359,1.3935,0.0012,0.0012
30.09.2025 16:15:02.728 UTC,1.39361,1.39349,0.0012,0.0012
30.09.2025 16:15:03.032 UTC,1.3936,1.39349,0.0012,0.0012
30.09.2025 16:15:03.689 UTC,1.39361,1.39349,0.0012,0.0012
30.09.2025 16:15:04.195 UTC,1.39362,1.39349,0.0036,0.0012
30.09.2025 16:15:04.297 UTC,1.3936,1.3935,0.0012,0.0012
30.09.2025 16:15:04.551 UTC,1.39359,1.39348,0.0018,0.0012
30.09.2025 16:15:04.655 UTC,1.3936,1.39351,0.00135,0.0012
30.09.2025 16:15:04.809 UTC,1.39362,1.39351,0.00278,0.0012
30.09.2025 16:15:04.911 UTC,1.39362,1.39352,0.00278,0.0012
30.09.2025 16:15:05.014 UTC,1.39362,1.39353,0.0012,0.0012
30.09.2025 16:15:05.116 UTC,1.39363,1.39353,0.00225,0.0012
30.09.2025 16:15:06.217 UTC,1.39363,1.39354,0.00225,0.0012
30.09.2025 16:15:06.424 UTC,1.39365,1.39353,0.00135,0.0012
30.09.2025 16:15:06.780 UTC,1.39366,1.39354,0.0045,0.0012
30.09.2025 16:15:06.882 UTC,1.39365,1.39356,0.00135,0.0012
30.09.2025 16:15:06.985 UTC,1.39367,1.39354,0.00465,0.0012
30.09.2025 16:15:08.344 UTC,1.39366,1.39355,0.00728,0.0012
30.09.2025 16:15:08.447 UTC,1.39366,1.39354,0.00135,0.0012
30.09.2025 16:15:08.600 UTC,1.39365,1.39353,0.00135,0.0012
30.09.2025 16:15:08.802 UTC,1.39365,1.39353,0.00195,0.0012
30.09.2025 16:15:08.955 UTC,1.39365,1.39353,0.0027,0.0012
30.09.2025 16:15:09.813 UTC,1.39364,1.39353,0.0012,0.0012
30.09.2025 16:15:15.542 UTC,1.39364,1.39352,0.00135,0.0012
30.09.2025 16:15:15.645 UTC,1.39363,1.39351,0.00135,0.0012
30.09.2025 16:15:15.697 UTC,1.39362,1.39349,0.00195,0.0012
30.09.2025 16:15:15.800 UTC,1.3936,1.39349,0.0012,0.0012
30.09.2025 16:15:16.205 UTC,1.3936,1.3935,0.0018,0.0012
30.09.2025 16:15:16.960 UTC,1.3936,1.39348,0.0018,0.0012
30.09.2025 16:15:18.069 UTC,1.39358,1.39347,0.0012,0.00132
30.09.2025 16:15:18.172 UTC,1.39357,1.39347,0.0012,0.00132
30.09.2025 16:15:18.325 UTC,1.39357,1.39348,0.0012,0.0012
30.09.2025 16:15:18.679 UTC,1.39359,1.39347,0.00495,0.0012
30.09.2025 16:15:19.236 UTC,1.39357,1.39348,0.0012,0.0012
30.09.2025 16:15:20.044 UTC,1.39359,1.39347,0.00135,0.0012
30.09.2025 16:15:21.359 UTC,1.39359,1.39349,0.00225,0.0012
30.09.2025 16:15:21.716 UTC,1.39361,1.39349,0.00383,0.0012
30.09.2025 16:15:25.284 UTC,1.39361,1.39348,0.0018,0.00132
30.09.2025 16:15:25.988 UTC,1.39362,1.3935,0.0045,0.0012
30.09.2025 16:15:28.135 UTC,1.39361,1.39352,0.00315,0.0012
30.09.2025 16:15:28.792 UTC,1.39363,1.39351,0.00225,0.0012
30.09.2025 16:15:29.953 UTC,1.39364,1.39351,0.00518,0.0012
30.09.2025 16:15:30.157 UTC,1.39363,1.39352,0.00608,0.0012
30.09.2025 16:15:34.345 UTC,1.39362,1.3935,0.00135,0.0012
30.09.2025 16:15:34.854 UTC,1.39363,1.39351,0.0033,0.0012
30.09.2025 16:15:35.211 UTC,1.39363,1.39351,0.00225,0.0012
30.09.2025 16:15:35.715 UTC,1.39363,1.39351,0.0024,0.0012
30.09.2025 16:15:36.422 UTC,1.39364,1.39351,0.00555,0.0012
30.09.2025 16:15:37.453 UTC,1.39364,1.39351,0.0036,0.0012
30.09.2025 16:15:38.210 UTC,1.39364,1.39351,0.00195,0.0012
30.09.2025 16:15:47.070 UTC,1.39364,1.39351,0.00495,0.0012
30.09.2025 16:15:47.223 UTC,1.39364,1.39351,0.0042,0.0012
30.09.2025 16:15:50.726 UTC,1.39364,1.39352,0.00225,0.00132
30.09.2025 16:15:52.238 UTC,1.39364,1.39352,0.0018,0.0012
30.09.2025 16:15:52.896 UTC,1.39362,1.39352,0.00135,0.0012
30.09.2025 16:16:01.847 UTC,1.39362,1.39352,0.00285,0.0012
30.09.2025 16:16:02.001 UTC,1.39362,1.39352,0.00315,0.0012
30.09.2025 16:16:03.163 UTC,1.39363,1.3935,0.00135,0.00141
30.09.2025 16:16:06.028 UTC,1.39361,1.3935,0.0012,0.0012
30.09.2025 16:16:06.130 UTC,1.39361,1.39349,0.0012,0.00132
30.09.2025 16:16:09.553 UTC,1.39362,1.39349,0.00225,0.00222
30.09.2025 16:16:09.906 UTC,1.39361,1.39349,0.0012,0.00222
30.09.2025 16:16:11.116 UTC,1.39361,1.39349,0.00195,0.0012
30.09.2025 16:16:12.672 UTC,1.39361,1.39349,0.0027,0.0012
30.09.2025 16:16:14.791 UTC,1.39361,1.39349,0.00285,0.0012
30.09.2025 16:16:15.093 UTC,1.39361,1.39349,0.00225,0.0012
30.09.2025 16:16:15.499 UTC,1.3936,1.3935,0.00285,0.0012
30.09.2025 16:16:17.662 UTC,1.39361,1.39349,0.0012,0.0018
30.09.2025 16:16:18.425 UTC,1.3936,1.39349,0.0012,0.0012
30.09.2025 16:16:20.234 UTC,1.39361,1.39349,0.00234,0.0012
30.09.2025 16:16:20.338 UTC,1.39361,1.39349,0.00249,0.0012
30.09.2025 16:16:20.440 UTC,1.3936,1.3935,0.00234,0.0012
30.09.2025 16:16:20.742 UTC,1.39361,1.39348,0.00234,0.0012
30.09.2025 16:16:20.998 UTC,1.39361,1.39348,0.00294,0.0012
30.09.2025 16:16:21.151 UTC,1.39361,1.39348,0.00234,0.0012
30.09.2025 16:16:21.304 UTC,1.39357,1.39348,0.00132,0.00222
30.09.2025 16:16:21.407 UTC,1.39359,1.39349,0.00413,0.0012
30.09.2025 16:16:21.459 UTC,1.39362,1.39348,0.00405,0.0018
30.09.2025 16:16:22.120 UTC,1.39362,1.39348,0.0018,0.0018
30.09.2025 16:16:22.372 UTC,1.39362,1.39348,0.00135,0.00222
30.09.2025 16:16:22.831 UTC,1.39361,1.39348,0.0012,0.00267
30.09.2025 16:16:23.376 UTC,1.39359,1.39349,0.0012,0.0012
30.09.2025 16:16:25.194 UTC,1.39359,1.39347,0.0012,0.00132
30.09.2025 16:16:26.859 UTC,1.39358,1.39347,0.0012,0.0012
30.09.2025 16:16:26.961 UTC,1.39358,1.39346,0.0012,0.0012
30.09.2025 16:16:27.064 UTC,1.39356,1.39347,0.0012,0.0012
30.09.2025 16:16:27.672 UTC,1.39355,1.39347,0.0012,0.0012
30.09.2025 16:16:31.594 UTC,1.39356,1.39344,0.0012,0.00132
30.09.2025 16:16:31.701 UTC,1.39355,1.39343,0.0012,0.00132
30.09.2025 16:16:31.805 UTC,1.39354,1.39343,0.0012,0.00132
30.09.2025 16:16:32.666 UTC,1.39355,1.39344,0.0012,0.0012
30.09.2025 16:16:32.921 UTC,1.39354,1.39344,0.0012,0.00132
30.09.2025 16:16:34.669 UTC,1.39358,1.39347,0.0018,0.0012
30.09.2025 16:16:34.772 UTC,1.39359,1.39347,0.00189,0.0012
30.09.2025 16:16:36.787 UTC,1.39357,1.39348,0.0012,0.0012
30.09.2025 16:16:36.991 UTC,1.39358,1.39348,0.0012,0.0012
30.09.2025 16:16:39.408 UTC,1.39357,1.39346,0.0012,0.00141
30.09.2025 16:16:40.622 UTC,1.39358,1.39346,0.00135,0.0012
30.09.2025 16:16:41.579 UTC,1.39357,1.39346,0.0012,0.0012
30.09.2025 16:16:43.692 UTC,1.39356,1.39348,0.0012,0.0012
30.09.2025 16:16:43.744 UTC,1.3936,1.39347,0.0018,0.00189
30.09.2025 16:16:44.150 UTC,1.39359,1.39348,0.00285,0.00132
30.09.2025 16:16:44.304 UTC,1.39358,1.39347,0.0012,0.00132
30.09.2025 16:16:48.968 UTC,1.3936,1.39347,0.00225,0.0018
30.09.2025 16:16:49.121 UTC,1.39359,1.39347,0.0012,0.00222
30.09.2025 16:16:50.132 UTC,1.39359,1.39348,0.0012,0.00231
30.09.2025 16:16:50.184 UTC,1.3936,1.3935,0.0012,0.0012
30.09.2025 16:16:50.287 UTC,1.3936,1.39351,0.0012,0.00141
30.09.2025 16:16:50.389 UTC,1.39361,1.39352,0.0012,0.0012
30.09.2025 16:16:50.542 UTC,1.39362,1.3935,0.0012,0.0012
30.09.2025 16:16:50.696 UTC,1.39362,1.3935,0.00147,0.0012
30.09.2025 16:16:50.799 UTC,1.39361,1.39349,0.00132,0.00132
30.09.2025 16:16:51.404 UTC,1.3936,1.39349,0.00144,0.00132
30.09.2025 16:16:51.806 UTC,1.3936,1.39348,0.00144,0.00132
30.09.2025 16:16:54.618 UTC,1.3936,1.39347,0.00132,0.00132
30.09.2025 16:16:54.721 UTC,1.39358,1.39347,0.0012,0.00132
30.09.2025 16:16:57.596 UTC,1.39358,1.39345,0.00225,0.00176
30.09.2025 16:16:57.736 UTC,1.39357,1.39344,0.0012,0.0029
30.09.2025 16:16:58.042 UTC,1.39357,1.39344,0.00315,0.00176
30.09.2025 16:16:58.144 UTC,1.39355,1.39343,0.0012,0.00176
30.09.2025 16:16:58.196 UTC,1.39355,1.39343,0.0012,0.00132
30.09.2025 16:16:58.299 UTC,1.39355,1.39345,0.0012,0.00132
30.09.2025 16:16:59.712 UTC,1.39355,1.39343,0.0012,0.00176
30.09.2025 16:16:59.815 UTC,1.39354,1.39342,0.0012,0.00188
30.09.2025 16:16:59.917 UTC,1.39352,1.39343,0.0012,0.00188
30.09.2025 16:17:00.630 UTC,1.39353,1.39342,0.0012,0.0012
30.09.2025 16:17:01.792 UTC,1.39352,1.39342,0.0012,0.0012
30.09.2025 16:17:02.046 UTC,1.39351,1.39341,0.0012,0.002
30.09.2025 16:17:02.148 UTC,1.39353,1.3934,0.0012,0.002
30.09.2025 16:17:02.353 UTC,1.39351,1.39339,0.0018,0.00176
30.09.2025 16:17:02.455 UTC,1.3935,1.3934,0.0018,0.0018
30.09.2025 16:17:03.366 UTC,1.3935,1.39337,0.0012,0.0029
30.09.2025 16:17:04.127 UTC,1.3935,1.39339,0.0027,0.00132
30.09.2025 16:17:05.512 UTC,1.39351,1.39339,0.0018,0.0012
30.09.2025 16:17:06.920 UTC,1.39352,1.39339,0.0018,0.00189
30.09.2025 16:17:07.024 UTC,1.39351,1.3934,0.0012,0.00188
30.09.2025 16:17:09.035 UTC,1.39352,1.39339,0.00135,0.00141
30.09.2025 16:17:09.144 UTC,1.39352,1.39339,0.0018,0.00188
30.09.2025 16:17:10.558 UTC,1.39351,1.39338,0.0012,0.00293
30.09.2025 16:17:19.291 UTC,1.3935,1.3934,0.0012,0.00141
30.09.2025 16:17:23.522 UTC,1.3935,1.39341,0.0012,0.00132
30.09.2025 16:17:23.625 UTC,1.39351,1.39341,0.0012,0.0012
30.09.2025 16:17:26.055 UTC,1.39353,1.3934,0.0018,0.00144
30.09.2025 16:17:29.077 UTC,1.39353,1.3934,0.0018,0.00141
30.09.2025 16:17:30.636 UTC,1.39353,1.3934,0.0018,0.00144
30.09.2025 16:17:35.009 UTC,1.39353,1.3934,0.0018,0.00141
30.09.2025 16:17:35.775 UTC,1.39353,1.3934,0.0018,0.00144
30.09.2025 16:17:35.929 UTC,1.39352,1.39341,0.0012,0.00203
30.09.2025 16:17:36.686 UTC,1.39354,1.3934,0.0018,0.00188
30.09.2025 16:17:38.699 UTC,1.39354,1.3934,0.0012,0.00188
30.09.2025 16:17:45.077 UTC,1.39354,1.39341,0.0018,0.00128
30.09.2025 16:17:47.969 UTC,1.39353,1.3934,0.0012,0.00188
30.09.2025 16:17:48.728 UTC,1.39352,1.39339,0.0012,0.002
30.09.2025 16:17:48.830 UTC,1.39351,1.39338,0.0012,0.0038
30.09.2025 16:17:48.984 UTC,1.39351,1.39338,0.0012,0.0029
30.09.2025 16:17:56.523 UTC,1.39352,1.39339,0.0018,0.00276
30.09.2025 16:17:56.927 UTC,1.39352,1.3934,0.0012,0.00186
30.09.2025 16:17:57.031 UTC,1.39352,1.39341,0.0012,0.00176
30.09.2025 16:17:57.184 UTC,1.39352,1.39341,0.0012,0.00132
30.09.2025 16:17:58.698 UTC,1.39352,1.3934,0.0012,0.00132
30.09.2025 16:17:59.808 UTC,1.39351,1.3934,0.0018,0.00231
30.09.2025 16:18:06.876 UTC,1.39353,1.39339,0.00225,0.00141
30.09.2025 16:18:06.978 UTC,1.39352,1.3934,0.00225,0.00188
30.09.2025 16:18:07.634 UTC,1.39352,1.39339,0.0012,0.0038
30.09.2025 16:18:12.079 UTC,1.39352,1.39339,0.0012,0.0029
30.09.2025 16:18:18.157 UTC,1.39352,1.3934,0.0012,0.00188
30.09.2025 16:18:18.510 UTC,1.39352,1.3934,0.0012,0.00203
30.09.2025 16:18:18.712 UTC,1.39351,1.39341,0.0012,0.00203
30.09.2025 16:18:19.468 UTC,1.39353,1.3934,0.0012,0.00191
30.09.2025 16:18:23.973 UTC,1.39352,1.39339,0.00132,0.00236
30.09.2025 16:18:24.131 UTC,1.39351,1.39338,0.0036,0.0012
30.09.2025 16:18:24.339 UTC,1.3935,1.39338,0.0012,0.00222
30.09.2025 16:18:24.491 UTC,1.39351,1.39338,0.0027,0.00222
30.09.2025 16:18:25.602 UTC,1.39351,1.39339,0.0012,0.00132
30.09.2025 16:18:25.705 UTC,1.39351,1.3934,0.00225,0.00141
30.09.2025 16:18:30.186 UTC,1.39351,1.39339,0.0018,0.00141
30.09.2025 16:18:31.597 UTC,1.39351,1.39338,0.0018,0.00132
30.09.2025 16:18:31.700 UTC,1.39344,1.39332,0.0012,0.00162
30.09.2025 16:18:31.803 UTC,1.39342,1.39329,0.0018,0.00245
30.09.2025 16:18:31.906 UTC,1.39342,1.39329,0.0012,0.00245
30.09.2025 16:18:32.111 UTC,1.39342,1.39329,0.0027,0.00245
30.09.2025 16:18:33.571 UTC,1.39342,1.39332,0.0012,0.0018
30.09.2025 16:18:33.624 UTC,1.39347,1.39336,0.00191,0.0012
30.09.2025 16:18:33.678 UTC,1.39348,1.39337,0.0018,0.00132
30.09.2025 16:18:34.642 UTC,1.39347,1.39337,0.0012,0.00132
30.09.2025 16:18:35.749 UTC,1.39348,1.39336,0.0012,0.00188
30.09.2025 16:18:35.852 UTC,1.39349,1.39337,0.0012,0.00132
30.09.2025 16:18:37.467 UTC,1.3935,1.39337,0.0018,0.00222
30.09.2025 16:18:38.979 UTC,1.39349,1.39337,0.0012,0.00132
30.09.2025 16:18:39.032 UTC,1.39346,1.39337,0.0012,0.00176
30.09.2025 16:18:39.084 UTC,1.39344,1.39335,0.0012,0.0012
30.09.2025 16:18:40.644 UTC,1.39345,1.39333,0.0012,0.00132
30.09.2025 16:18:41.352 UTC,1.39344,1.39333,0.0012,0.00132
30.09.2025 16:18:45.408 UTC,1.39343,1.39333,0.0012,0.0012
30.09.2025 16:18:49.381 UTC,1.39343,1.39332,0.0012,0.00132
30.09.2025 16:18:51.304 UTC,1.39341,1.3933,0.0012,0.00236
30.09.2025 16:18:51.457 UTC,1.39342,1.39329,0.0018,0.00222
30.09.2025 16:18:51.610 UTC,1.39343,1.3933,0.0027,0.0012
30.09.2025 16:18:51.814 UTC,1.39342,1.39331,0.0027,0.00176
30.09.2025 16:18:53.276 UTC,1.39341,1.39331,0.0012,0.00236
30.09.2025 16:18:55.994 UTC,1.39341,1.39329,0.0018,0.00132
30.09.2025 16:18:56.098 UTC,1.39341,1.3933,0.0036,0.00132
30.09.2025 16:18:57.966 UTC,1.39341,1.39331,0.0012,0.0012
30.09.2025 16:19:04.308 UTC,1.39342,1.39329,0.00135,0.00222
30.09.2025 16:19:04.360 UTC,1.3934,1.39328,0.0012,0.00176
30.09.2025 16:19:04.463 UTC,1.39338,1.39329,0.0012,0.00132
30.09.2025 16:19:04.771 UTC,1.39336,1.39327,0.0012,0.00176
30.09.2025 16:19:04.873 UTC,1.39338,1.39326,0.0012,0.00176
30.09.2025 16:19:06.037 UTC,1.39338,1.39326,0.0012,0.00132
30.09.2025 16:19:07.546 UTC,1.39337,1.39326,0.0012,0.00132
30.09.2025 16:19:08.756 UTC,1.39338,1.39326,0.00135,0.00132
30.09.2025 16:19:08.858 UTC,1.39338,1.39328,0.0012,0.0012
30.09.2025 16:19:09.669 UTC,1.39336,1.39324,0.0012,0.00188
30.09.2025 16:19:09.773 UTC,1.39335,1.39323,0.0012,0.00176
30.09.2025 16:19:09.928 UTC,1.39335,1.39324,0.0012,0.00144
30.09.2025 16:19:09.980 UTC,1.39337,1.39325,0.0012,0.00132
30.09.2025 16:19:10.031 UTC,1.39336,1.39327,0.0012,0.00234
30.09.2025 16:19:10.134 UTC,1.39339,1.39326,0.0012,0.00144
30.09.2025 16:19:11.396 UTC,1.39337,1.39325,0.0012,0.00188
30.09.2025 16:19:13.466 UTC,1.39337,1.39327,0.0012,0.00141
30.09.2025 16:19:13.568 UTC,1.39339,1.39327,0.0012,0.00132
30.09.2025 16:19:22.353 UTC,1.39338,1.39329,0.0012,0.0012
30.09.2025 16:19:22.405 UTC,1.3934,1.39329,0.0012,0.00132
30.09.2025 16:19:22.557 UTC,1.39342,1.39329,0.00324,0.0018
30.09.2025 16:19:25.516 UTC,1.39343,1.39329,0.0018,0.00231
30.09.2025 16:19:25.723 UTC,1.39342,1.3933,0.0012,0.0012
30.09.2025 16:19:26.980 UTC,1.39343,1.3933,0.0012,0.00132
30.09.2025 16:19:28.089 UTC,1.39343,1.3933,0.0012,0.00176
30.09.2025 16:19:28.191 UTC,1.39342,1.39331,0.0012,0.00132
30.09.2025 16:19:28.594 UTC,1.39342,1.39331,0.0012,0.00176
30.09.2025 16:19:28.747 UTC,1.39343,1.3933,0.00135,0.00132
30.09.2025 16:19:29.001 UTC,1.39343,1.3933,0.0012,0.00188
30.09.2025 16:19:29.104 UTC,1.39343,1.3933,0.0012,0.0012
30.09.2025 16:19:29.256 UTC,1.39343,1.39329,0.00225,0.00231
30.09.2025 16:19:30.465 UTC,1.39342,1.39329,0.0012,0.00231
30.09.2025 16:19:30.970 UTC,1.39343,1.39329,0.00225,0.00231
30.09.2025 16:19:36.040 UTC,1.39341,1.3933,0.0012,0.00132
30.09.2025 16:19:36.696 UTC,1.39343,1.39329,0.00225,0.00132
30.09.2025 16:19:39.670 UTC,1.39342,1.39329,0.0012,0.00177
30.09.2025 16:19:44.195 UTC,1.39341,1.39329,0.0012,0.00222
30.09.2025 16:19:44.400 UTC,1.39339,1.39329,0.00279,0.00132
30.09.2025 16:19:44.452 UTC,1.39338,1.39326,0.0012,0.00176
30.09.2025 16:19:44.504 UTC,1.39339,1.39326,0.00189,0.00132
30.09.2025 16:19:45.111 UTC,1.39337,1.39327,0.0012,0.00132
30.09.2025 16:19:50.599 UTC,1.39339,1.39326,0.0027,0.00132
30.09.2025 16:19:50.744 UTC,1.39339,1.39327,0.0012,0.00222
30.09.2025 16:19:52.412 UTC,1.39337,1.39327,0.00147,0.00236
30.09.2025 16:19:52.515 UTC,1.39339,1.39328,0.0012,0.0012
30.09.2025 16:19:52.618 UTC,1.39341,1.39329,0.0018,0.0012
30.09.2025 16:19:52.721 UTC,1.39339,1.39329,0.0012,0.00132
30.09.2025 16:19:54.536 UTC,1.3934,1.39329,0.0036,0.00132
30.09.2025 16:19:54.892 UTC,1.39341,1.39328,0.0012,0.00236
30.09.2025 16:19:59.615 UTC,1.39341,1.39328,0.00135,0.00132
30.09.2025 16:20:01.027 UTC,1.3934,1.39328,0.0012,0.00132
30.09.2025 16:20:01.331 UTC,1.39341,1.39328,0.0012,0.00222
30.09.2025 16:20:02.262 UTC,1.3934,1.39328,0.0012,0.00222
30.09.2025 16:20:03.920 UTC,1.39341,1.39328,0.00225,0.00132
30.09.2025 16:20:06.237 UTC,1.39341,1.39328,0.0012,0.00291
30.09.2025 16:20:06.340 UTC,1.39342,1.39329,0.0012,0.0018
30.09.2025 16:20:06.444 UTC,1.39341,1.3933,0.0012,0.00236
30.09.2025 16:20:09.059 UTC,1.39343,1.39329,0.00234,0.00176
30.09.2025 16:20:14.722 UTC,1.39342,1.39329,0.0012,0.00236
30.09.2025 16:20:15.128 UTC,1.39341,1.3933,0.0012,0.00293
30.09.2025 16:20:30.539 UTC,1.39342,1.39329,0.0018,0.00234
30.09.2025 16:20:31.245 UTC,1.3934,1.39329,0.0012,0.00248
30.09.2025 16:20:39.423 UTC,1.39341,1.39328,0.0018,0.00248
30.09.2025 16:20:44.002 UTC,1.3934,1.39329,0.0012,0.00203
30.09.2025 16:20:44.104 UTC,1.39342,1.39329,0.0012,0.00144
30.09.2025 16:20:47.117 UTC,1.39342,1.39329,0.0012,0.00132
30.09.2025 16:20:48.735 UTC,1.39339,1.39328,0.0012,0.00176
30.09.2025 16:20:48.839 UTC,1.39339,1.39327,0.0018,0.00176
30.09.2025 16:20:49.147 UTC,1.39338,1.39328,0.0018,0.00132
30.09.2025 16:20:51.261 UTC,1.39338,1.39325,0.0012,0.00245
30.09.2025 16:20:51.414 UTC,1.39337,1.39326,0.0012,0.00245
30.09.2025 16:20:51.617 UTC,1.39337,1.39324,0.0012,0.00236
30.09.2025 16:20:52.274 UTC,1.39338,1.39325,0.0012,0.00186
30.09.2025 16:20:52.427 UTC,1.39338,1.39325,0.0012,0.0029
30.09.2025 16:20:57.705 UTC,1.39339,1.39326,0.0012,0.0029
30.09.2025 16:20:58.989 UTC,1.3934,1.39329,0.0018,0.00189
30.09.2025 16:20:59.094 UTC,1.39341,1.39329,0.0012,0.00176
30.09.2025 16:21:01.066 UTC,1.3934,1.39328,0.0024,0.00176
30.09.2025 16:21:01.169 UTC,1.39335,1.39322,0.0012,0.0021
30.09.2025 16:21:01.272 UTC,1.39334,1.39321,0.0018,0.00245
30.09.2025 16:21:01.374 UTC,1.39333,1.39321,0.0012,0.00188
30.09.2025 16:21:01.579 UTC,1.39333,1.3932,0.0018,0.00176
30.09.2025 16:21:02.088 UTC,1.39332,1.39322,0.0012,0.00176
30.09.2025 16:21:03.508 UTC,1.39334,1.39321,0.0012,0.00188
30.09.2025 16:21:04.790 UTC,1.39332,1.39323,0.0012,0.00141
30.09.2025 16:21:04.843 UTC,1.39335,1.39322,0.0012,0.00186
30.09.2025 16:21:04.952 UTC,1.39335,1.39322,0.0012,0.002
30.09.2025 16:21:05.560 UTC,1.39338,1.39328,0.0018,0.00245
30.09.2025 16:21:05.663 UTC,1.3934,1.39328,0.0012,0.00132
30.09.2025 16:21:05.968 UTC,1.39339,1.39326,0.0012,0.00326
30.09.2025 16:21:06.071 UTC,1.39338,1.39327,0.0012,0.00222
30.09.2025 16:21:06.880 UTC,1.39337,1.39326,0.0012,0.00176
30.09.2025 16:21:06.983 UTC,1.39337,1.39324,0.0012,0.002
30.09.2025 16:21:07.135 UTC,1.39335,1.39324,0.0012,0.0029
30.09.2025 16:21:07.238 UTC,1.39334,1.39323,0.0018,0.0029
30.09.2025 16:21:08.144 UTC,1.39333,1.39323,0.0012,0.00176
30.09.2025 16:21:12.119 UTC,1.39333,1.39321,0.0012,0.00245
30.09.2025 16:21:14.077 UTC,1.39333,1.39321,0.0012,0.00231
30.09.2025 16:21:18.736 UTC,1.39333,1.39321,0.0012,0.00245
30.09.2025 16:21:20.495 UTC,1.39334,1.39322,0.0012,0.00132
30.09.2025 16:21:26.570 UTC,1.39332,1.39323,0.0012,0.00132
30.09.2025 16:21:26.974 UTC,1.39334,1.39322,0.0012,0.00177
30.09.2025 16:21:27.027 UTC,1.39334,1.39329,0.0012,0.0012
30.09.2025 16:21:27.079 UTC,1.39339,1.3933,0.00183,0.0012
30.09.2025 16:21:27.131 UTC,1.39342,1.3933,0.0012,0.00176
30.09.2025 16:21:27.234 UTC,1.39343,1.3933,0.0018,0.00176
30.09.2025 16:21:30.113 UTC,1.39342,1.39331,0.0027,0.00132
30.09.2025 16:21:30.215 UTC,1.3934,1.39327,0.0018,0.00236
30.09.2025 16:21:30.267 UTC,1.3934,1.39327,0.0018,0.0018
30.09.2025 16:21:32.029 UTC,1.39339,1.39327,0.00132,0.0012
30.09.2025 16:21:32.132 UTC,1.39337,1.39326,0.00279,0.00176
30.09.2025 16:21:32.184 UTC,1.39335,1.39326,0.0012,0.00132
30.09.2025 16:21:34.398 UTC,1.39335,1.39323,0.00132,0.00176
30.09.2025 16:21:34.500 UTC,1.39335,1.39321,0.00189,0.00236
30.09.2025 16:21:35.560 UTC,1.39334,1.39321,0.0012,0.00236
30.09.2025 16:21:37.212 UTC,1.39335,1.39321,0.00189,0.00236
30.09.2025 16:21:37.319 UTC,1.39336,1.39322,0.0018,0.00236
30.09.2025 16:21:38.430 UTC,1.39333,1.39323,0.0012,0.00236
30.09.2025 16:21:39.036 UTC,1.39334,1.39322,0.0012,0.00236
30.09.2025 16:21:39.589 UTC,1.39333,1.39323,0.0012,0.00132
30.09.2025 16:21:43.762 UTC,1.39333,1.3932,0.00132,0.00281
30.09.2025 16:21:43.915 UTC,1.39333,1.3932,0.00132,0.00222
30.09.2025 16:21:44.371 UTC,1.39329,1.39316,0.0012,0.00236
30.09.2025 16:21:44.473 UTC,1.3933,1.39316,0.00369,0.00222
30.09.2025 16:21:45.688 UTC,1.39328,1.39317,0.0012,0.00222
30.09.2025 16:21:45.840 UTC,1.3933,1.39316,0.00279,0.00222
30.09.2025 16:21:46.093 UTC,1.39328,1.39316,0.00132,0.00132
30.09.2025 16:21:46.248 UTC,1.39325,1.39314,0.00192,0.00132
30.09.2025 16:21:53.396 UTC,1.39324,1.39312,0.0012,0.00245
30.09.2025 16:21:53.549 UTC,1.39325,1.39312,0.00225,0.00245
30.09.2025 16:21:53.651 UTC,1.39324,1.39313,0.00225,0.00231
30.09.2025 16:21:58.328 UTC,1.39325,1.39312,0.00237,0.00222
30.09.2025 16:21:59.588 UTC,1.39325,1.39312,0.0012,0.00222
30.09.2025 16:22:02.102 UTC,1.39325,1.39313,0.00405,0.00222
30.09.2025 16:22:04.858 UTC,1.39326,1.39313,0.00405,0.00132
30.09.2025 16:22:04.962 UTC,1.39327,1.39318,0.00143,0.00132
30.09.2025 16:22:05.065 UTC,1.39328,1.39318,0.0012,0.00132
30.09.2025 16:22:05.371 UTC,1.39328,1.39317,0.0012,0.0012
30.09.2025 16:22:07.588 UTC,1.39329,1.39317,0.0012,0.0012
30.09.2025 16:22:09.053 UTC,1.39329,1.39318,0.0018,0.00141
30.09.2025 16:22:14.189 UTC,1.39327,1.39318,0.0012,0.00132
30.09.2025 16:22:20.116 UTC,1.39328,1.39318,0.0012,0.00132
30.09.2025 16:22:21.374 UTC,1.39328,1.39318,0.0012,0.00234
30.09.2025 16:22:21.476 UTC,1.39328,1.39318,0.0012,0.00231
30.09.2025 16:22:21.830 UTC,1.39329,1.39318,0.0012,0.00132
30.09.2025 16:22:21.881 UTC,1.39331,1.39319,0.0012,0.00132
30.09.2025 16:22:21.984 UTC,1.39331,1.39318,0.0012,0.00189
30.09.2025 16:22:22.237 UTC,1.39331,1.39319,0.0012,0.00132
30.09.2025 16:22:23.399 UTC,1.39332,1.39319,0.00135,0.0018
30.09.2025 16:22:25.163 UTC,1.39331,1.39321,0.0012,0.0012
30.09.2025 16:22:25.266 UTC,1.39334,1.3932,0.00315,0.00279
30.09.2025 16:22:25.822 UTC,1.39334,1.3932,0.0033,0.00222
30.09.2025 16:22:27.488 UTC,1.39333,1.39322,0.0012,0.00132
30.09.2025 16:22:43.794 UTC,1.39333,1.39322,0.0018,0.00222
30.09.2025 16:22:43.898 UTC,1.39333,1.3932,0.00135,0.00236
30.09.2025 16:22:44.050 UTC,1.39331,1.39321,0.0012,0.0018
30.09.2025 16:22:45.708 UTC,1.39333,1.3932,0.00135,0.0018
30.09.2025 16:22:46.111 UTC,1.39332,1.39319,0.00135,0.00132
30.09.2025 16:22:46.217 UTC,1.39329,1.39318,0.0018,0.00231
30.09.2025 16:22:53.181 UTC,1.3933,1.39318,0.0012,0.0012
30.09.2025 16:22:53.992 UTC,1.39332,1.39318,0.00135,0.00234
30.09.2025 16:22:55.352 UTC,1.39333,1.3932,0.0012,0.00132
30.09.2025 16:23:00.686 UTC,1.39332,1.3932,0.0012,0.00188
30.09.2025 16:23:00.839 UTC,1.39332,1.3932,0.0012,0.00141
30.09.2025 16:23:00.991 UTC,1.39331,1.39321,0.0012,0.00144
30.09.2025 16:23:01.294 UTC,1.39332,1.3932,0.0012,0.00141
30.09.2025 16:23:01.599 UTC,1.39331,1.39319,0.0012,0.00188
30.09.2025 16:23:01.702 UTC,1.3933,1.39317,0.0012,0.00144
30.09.2025 16:23:01.906 UTC,1.39326,1.39316,0.0018,0.00176
30.09.2025 16:23:01.958 UTC,1.39324,1.39312,0.0018,0.00188
30.09.2025 16:23:02.162 UTC,1.39324,1.39311,0.0012,0.00248
30.09.2025 16:23:06.453 UTC,1.39324,1.39313,0.0018,0.00141
30.09.2025 16:23:08.521 UTC,1.39324,1.39312,0.0012,0.00231
30.09.2025 16:23:08.724 UTC,1.39325,1.39312,0.0012,0.00234
30.09.2025 16:23:08.826 UTC,1.39326,1.39313,0.0012,0.00234
30.09.2025 16:23:10.792 UTC,1.39326,1.39314,0.00225,0.00234
30.09.2025 16:23:10.995 UTC,1.39326,1.39315,0.0012,0.00192
30.09.2025 16:23:11.098 UTC,1.3933,1.39317,0.0018,0.00132
30.09.2025 16:23:12.463 UTC,1.39329,1.39317,0.0012,0.00132
30.09.2025 16:23:14.578 UTC,1.3933,1.39317,0.0012,0.00192
30.09.2025 16:23:14.630 UTC,1.39333,1.3932,0.00431,0.00189
30.09.2025 16:23:14.732 UTC,1.39331,1.39319,0.00132,0.00132
30.09.2025 16:23:14.835 UTC,1.39329,1.39319,0.0012,0.0012
30.09.2025 16:23:14.937 UTC,1.39331,1.39318,0.0027,0.0012
30.09.2025 16:23:16.048 UTC,1.3933,1.39317,0.00225,0.00132
30.09.2025 16:23:17.329 UTC,1.39328,1.39316,0.0012,0.00222
30.09.2025 16:23:19.858 UTC,1.39326,1.39317,0.0012,0.00132
30.09.2025 16:23:19.960 UTC,1.39328,1.39316,0.00135,0.00132
30.09.2025 16:23:20.113 UTC,1.39328,1.39317,0.0012,0.00132
30.09.2025 16:23:20.418 UTC,1.39329,1.39315,0.00135,0.00248
30.09.2025 16:23:20.521 UTC,1.39328,1.39317,0.0018,0.00192
30.09.2025 16:23:21.882 UTC,1.39329,1.39316,0.0018,0.00234
30.09.2025 16:23:21.984 UTC,1.39328,1.39316,0.0012,0.00234
30.09.2025 16:23:24.044 UTC,1.39328,1.39316,0.00135,0.00141
30.09.2025 16:23:24.146 UTC,1.3933,1.39316,0.0024,0.00144
30.09.2025 16:23:26.194 UTC,1.3933,1.39317,0.0018,0.00132
30.09.2025 16:23:28.054 UTC,1.39328,1.39318,0.0012,0.00132
30.09.2025 16:23:28.357 UTC,1.39329,1.39318,0.00225,0.00132
30.09.2025 16:23:31.468 UTC,1.3933,1.39317,0.0012,0.00192
30.09.2025 16:23:31.520 UTC,1.39332,1.39318,0.00818,0.00192
30.09.2025 16:23:31.623 UTC,1.39332,1.39318,0.00585,0.00234
30.09.2025 16:23:32.530 UTC,1.39331,1.39319,0.0024,0.00144
30.09.2025 16:23:33.136 UTC,1.39332,1.39318,0.00225,0.00144
30.09.2025 16:23:33.288 UTC,1.3933,1.39319,0.00135,0.00234
30.09.2025 16:23:36.661 UTC,1.39331,1.39318,0.0012,0.00234
30.09.2025 16:23:38.790 UTC,1.39331,1.39318,0.0018,0.00144
30.09.2025 16:23:38.894 UTC,1.3933,1.39319,0.00135,0.00144
30.09.2025 16:23:40.311 UTC,1.39332,1.39318,0.00135,0.00234
30.09.2025 16:23:46.387 UTC,1.39332,1.3932,0.00135,0.00132
30.09.2025 16:23:46.439 UTC,1.39333,1.39321,0.0012,0.00132
30.09.2025 16:23:46.593 UTC,1.39333,1.39321,0.0012,0.00144
30.09.2025 16:23:58.202 UTC,1.39333,1.39319,0.00765,0.00236
30.09.2025 16:23:58.253 UTC,1.3933,1.39319,0.0012,0.00176
30.09.2025 16:23:58.356 UTC,1.39329,1.3932,0.0018,0.0012
30.09.2025 16:23:58.660 UTC,1.3933,1.39318,0.0018,0.00132
30.09.2025 16:23:58.763 UTC,1.39328,1.39318,0.0012,0.00132
30.09.2025 16:24:02.088 UTC,1.39329,1.39319,0.0012,0.0012
30.09.2025 16:24:04.002 UTC,1.39329,1.39318,0.0012,0.0012
30.09.2025 16:24:05.008 UTC,1.3933,1.39318,0.00225,0.0012
30.09.2025 16:24:05.310 UTC,1.39327,1.39316,0.0012,0.00176
30.09.2025 16:24:05.362 UTC,1.39325,1.39313,0.0012,0.0012
30.09.2025 16:24:05.516 UTC,1.39324,1.39312,0.0012,0.00176
30.09.2025 16:24:05.619 UTC,1.39324,1.39312,0.0012,0.00132
30.09.2025 16:24:06.179 UTC,1.39325,1.39312,0.0018,0.00132
30.09.2025 16:24:06.281 UTC,1.39324,1.39312,0.0012,0.00132
30.09.2025 16:24:07.497 UTC,1.39322,1.39313,0.0012,0.00132
30.09.2025 16:24:12.558 UTC,1.39322,1.39311,0.0012,0.00176
30.09.2025 16:24:12.660 UTC,1.39323,1.39311,0.0012,0.0012
30.09.2025 16:24:15.982 UTC,1.39323,1.39312,0.00225,0.0012
30.09.2025 16:24:28.385 UTC,1.39325,1.39312,0.0012,0.0012
30.09.2025 16:24:32.560 UTC,1.39324,1.39312,0.0012,0.0012
30.09.2025 16:24:38.938 UTC,1.39323,1.39314,0.0012,0.0012
30.09.2025 16:24:38.989 UTC,1.39327,1.39313,0.00234,0.0018
30.09.2025 16:24:39.091 UTC,1.39325,1.39314,0.0012,0.00222
30.09.2025 16:24:41.758 UTC,1.39326,1.39314,0.00234,0.00132
30.09.2025 16:24:45.873 UTC,1.39327,1.39314,0.0012,0.0012
30.09.2025 16:24:46.654 UTC,1.39328,1.39316,0.0018,0.0012
30.09.2025 16:24:46.756 UTC,1.39328,1.39316,0.0012,0.00132
30.09.2025 16:24:46.910 UTC,1.39326,1.39315,0.0012,0.00236
30.09.2025 16:24:46.961 UTC,1.39328,1.39315,0.0018,0.00176
30.09.2025 16:24:47.063 UTC,1.39328,1.39315,0.0018,0.0012
30.09.2025 16:24:47.871 UTC,1.39328,1.39314,0.0018,0.00132
30.09.2025 16:24:48.977 UTC,1.39328,1.39315,0.0018,0.0018
30.09.2025 16:24:49.080 UTC,1.39329,1.39316,0.0012,0.0012
30.09.2025 16:24:50.442 UTC,1.3933,1.39316,0.00324,0.00132
30.09.2025 16:24:50.594 UTC,1.39328,1.39316,0.0012,0.00236
30.09.2025 16:24:51.302 UTC,1.39328,1.39315,0.0012,0.00188
30.09.2025 16:24:51.404 UTC,1.39328,1.39315,0.0018,0.00132
30.09.2025 16:24:52.663 UTC,1.39327,1.39314,0.0012,0.00369
30.09.2025 16:24:53.066 UTC,1.39327,1.39314,0.0012,0.00366
30.09.2025 16:24:54.474 UTC,1.39328,1.39315,0.0012,0.00135
30.09.2025 16:24:54.527 UTC,1.3933,1.39317,0.0027,0.0012
30.09.2025 16:25:00.490 UTC,1.39328,1.39318,0.00147,0.00132
30.09.2025 16:25:00.593 UTC,1.39327,1.39314,0.0012,0.00326
30.09.2025 16:25:00.645 UTC,1.39327,1.39314,0.0012,0.00312
30.09.2025 16:25:02.009 UTC,1.39324,1.39315,0.0012,0.00132
30.09.2025 16:25:02.111 UTC,1.39324,1.39311,0.0012,0.00236
30.09.2025 16:25:02.163 UTC,1.39324,1.39311,0.0012,0.00132
30.09.2025 16:25:08.672 UTC,1.39323,1.39312,0.0012,0.00176
30.09.2025 16:25:13.145 UTC,1.39323,1.3931,0.0012,0.00236
30.09.2025 16:25:15.307 UTC,1.39322,1.3931,0.0012,0.00176
30.09.2025 16:25:23.586 UTC,1.39316,1.39308,0.0027,0.0018
30.09.2025 16:25:23.638 UTC,1.39311,1.39302,0.00132,0.0012
30.09.2025 16:25:23.690 UTC,1.39305,1.39296,0.0012,0.00112
30.09.2025 16:25:23.742 UTC,1.39304,1.39294,0.0012,0.00293
30.09.2025 16:25:25.669 UTC,1.39303,1.39293,0.0012,0.00188
30.09.2025 16:25:29.546 UTC,1.39304,1.39291,0.0012,0.00248
30.09.2025 16:25:29.699 UTC,1.39303,1.39292,0.0012,0.00188
30.09.2025 16:25:30.053 UTC,1.39305,1.39292,0.0012,0.00128
30.09.2025 16:25:30.156 UTC,1.39304,1.39293,0.0012,0.00128
30.09.2025 16:25:37.876 UTC,1.39304,1.39292,0.0012,0.00188
30.09.2025 16:25:37.979 UTC,1.39304,1.39291,0.0012,0.00203
30.09.2025 16:25:38.487 UTC,1.39301,1.39292,0.0012,0.00188
30.09.2025 16:25:38.640 UTC,1.39302,1.3929,0.0012,0.00188
30.09.2025 16:25:43.572 UTC,1.39302,1.39291,0.0012,0.00132
30.09.2025 16:25:43.977 UTC,1.39301,1.39292,0.0012,0.00191
30.09.2025 16:25:44.533 UTC,1.39302,1.39291,0.0012,0.00132
30.09.2025 16:25:55.673 UTC,1.39304,1.39292,0.0012,0.00144
30.09.2025 16:25:55.775 UTC,1.39304,1.39292,0.0012,0.002
30.09.2025 16:26:18.653 UTC,1.39304,1.39292,0.0012,0.00188
30.09.2025 16:26:21.923 UTC,1.39302,1.39293,0.0012,0.00176
30.09.2025 16:26:22.026 UTC,1.39303,1.39291,0.0012,0.00188
30.09.2025 16:26:23.694 UTC,1.39303,1.39292,0.0012,0.00191
30.09.2025 16:26:36.677 UTC,1.39303,1.39294,0.0012,0.00132
30.09.2025 16:26:36.779 UTC,1.39304,1.39293,0.0012,0.00132
30.09.2025 16:26:36.881 UTC,1.39303,1.39294,0.0012,0.00188
30.09.2025 16:26:46.147 UTC,1.39303,1.39292,0.0018,0.00191
30.09.2025 16:26:48.167 UTC,1.39303,1.39291,0.0012,0.00176
30.09.2025 16:26:49.435 UTC,1.39301,1.3929,0.0012,0.00176
30.09.2025 16:26:49.487 UTC,1.39302,1.39289,0.0018,0.00176
30.09.2025 16:26:57.157 UTC,1.39303,1.3929,0.0012,0.00276
30.09.2025 16:26:57.259 UTC,1.39302,1.39292,0.0012,0.00132
30.09.2025 16:26:59.068 UTC,1.39303,1.39291,0.0012,0.00176
30.09.2025 16:27:03.491 UTC,1.39303,1.39291,0.0012,0.00191
30.09.2025 16:27:04.100 UTC,1.39302,1.39291,0.0012,0.00191
30.09.2025 16:27:15.865 UTC,1.39302,1.39291,0.0012,0.00188
30.09.2025 16:27:16.068 UTC,1.39301,1.39289,0.0012,0.00383
30.09.2025 16:27:16.170 UTC,1.393,1.39291,0.0012,0.00176
30.09.2025 16:27:19.946 UTC,1.393,1.39288,0.0018,0.00176
30.09.2025 16:27:20.049 UTC,1.39299,1.39286,0.0018,0.00188
30.09.2025 16:27:20.204 UTC,1.39298,1.39286,0.0018,0.00176
30.09.2025 16:27:20.306 UTC,1.39296,1.39285,0.0012,0.00203
30.09.2025 16:27:20.409 UTC,1.39296,1.39283,0.0018,0.00176
30.09.2025 16:27:20.461 UTC,1.39294,1.39283,0.0012,0.00176
30.09.2025 16:27:20.563 UTC,1.39294,1.39281,0.0012,0.00338
30.09.2025 16:27:23.899 UTC,1.39295,1.39282,0.0012,0.00248
30.09.2025 16:27:25.361 UTC,1.39293,1.39283,0.0012,0.00188
30.09.2025 16:27:25.464 UTC,1.39295,1.39282,0.0018,0.00188
30.09.2025 16:27:25.515 UTC,1.39293,1.39282,0.0012,0.00188
30.09.2025 16:27:26.523 UTC,1.39294,1.39283,0.0012,0.00128
30.09.2025 16:27:26.626 UTC,1.39294,1.39283,0.0012,0.00203
30.09.2025 16:27:29.197 UTC,1.39295,1.39282,0.0012,0.00188
30.09.2025 16:27:29.351 UTC,1.39294,1.39282,0.0012,0.00176
30.09.2025 16:27:29.453 UTC,1.39294,1.39282,0.0012,0.00132
30.09.2025 16:27:30.944 UTC,1.39293,1.39283,0.0012,0.00176
30.09.2025 16:27:32.956 UTC,1.39294,1.39282,0.0012,0.00132
30.09.2025 16:27:40.496 UTC,1.39294,1.39283,0.0018,0.0029
30.09.2025 16:27:45.501 UTC,1.39296,1.39284,0.0018,0.00188
30.09.2025 16:27:45.560 UTC,1.39297,1.39286,0.0012,0.00192
30.09.2025 16:27:45.665 UTC,1.39298,1.39287,0.0012,0.00132
30.09.2025 16:27:48.336 UTC,1.39297,1.39284,0.0018,0.00188
30.09.2025 16:27:48.438 UTC,1.39296,1.39284,0.0012,0.00188
30.09.2025 16:27:49.197 UTC,1.39296,1.39286,0.0012,0.00176
30.09.2025 16:27:49.552 UTC,1.39295,1.39286,0.0012,0.00176
30.09.2025 16:27:57.435 UTC,1.39296,1.39283,0.0012,0.00188
30.09.2025 16:27:58.142 UTC,1.39293,1.39283,0.0012,0.00176
30.09.2025 16:27:58.955 UTC,1.39293,1.39282,0.0012,0.00176
30.09.2025 16:28:00.823 UTC,1.39293,1.39281,0.0012,0.00176
30.09.2025 16:28:01.380 UTC,1.39292,1.39279,0.0012,0.0047
30.09.2025 16:28:01.432 UTC,1.39291,1.39279,0.0012,0.00132
30.09.2025 16:28:01.535 UTC,1.3929,1.39278,0.0012,0.00188
30.09.2025 16:28:02.092 UTC,1.39289,1.39279,0.0012,0.002
30.09.2025 16:28:02.246 UTC,1.3929,1.39277,0.0012,0.0029
30.09.2025 16:28:09.124 UTC,1.3929,1.3928,0.0012,0.00132
30.09.2025 16:28:09.228 UTC,1.39291,1.3928,0.0012,0.00132
30.09.2025 16:28:10.645 UTC,1.39292,1.3928,0.0012,0.00186
30.09.2025 16:28:10.696 UTC,1.39291,1.39283,0.0012,0.0012
30.09.2025 16:28:23.505 UTC,1.3929,1.3928,0.0012,0.00176
30.09.2025 16:28:23.607 UTC,1.39291,1.39278,0.0012,0.0047
30.09.2025 16:28:24.816 UTC,1.3929,1.39279,0.0012,0.0029
30.09.2025 16:28:30.040 UTC,1.39292,1.39279,0.0012,0.00203
30.09.2025 16:28:30.143 UTC,1.39292,1.3928,0.0012,0.00128
30.09.2025 16:28:36.501 UTC,1.39292,1.39279,0.0012,0.00245
30.09.2025 16:28:37.209 UTC,1.39291,1.39279,0.0012,0.00176
30.09.2025 16:28:37.312 UTC,1.39287,1.39275,0.0012,0.00188
30.09.2025 16:28:38.528 UTC,1.39289,1.39276,0.0012,0.00248
30.09.2025 16:28:38.630 UTC,1.3929,1.39277,0.0018,0.00188
30.09.2025 16:28:42.833 UTC,1.3929,1.39279,0.0018,0.002
30.09.2025 16:28:42.936 UTC,1.39292,1.39279,0.0012,0.00236
30.09.2025 16:28:49.026 UTC,1.3929,1.3928,0.0012,0.00132
30.09.2025 16:28:50.488 UTC,1.39292,1.39279,0.0012,0.00222
30.09.2025 16:28:50.590 UTC,1.39292,1.39279,0.0012,0.00236
30.09.2025 16:28:51.245 UTC,1.3929,1.3928,0.0012,0.00176
30.09.2025 16:28:52.519 UTC,1.3929,1.39279,0.0012,0.00236
30.09.2025 16:28:56.602 UTC,1.3929,1.39278,0.0012,0.00176
30.09.2025 16:28:56.704 UTC,1.3929,1.39279,0.0018,0.00176
30.09.2025 16:28:57.964 UTC,1.39288,1.39278,0.0012,0.00236
30.09.2025 16:28:58.067 UTC,1.39289,1.39278,0.0012,0.00176
30.09.2025 16:28:58.727 UTC,1.39291,1.39279,0.0012,0.00132
30.09.2025 16:28:58.830 UTC,1.39292,1.3928,0.0012,0.00132
30.09.2025 16:29:02.864 UTC,1.39293,1.3928,0.0012,0.00186
30.09.2025 16:29:02.968 UTC,1.39292,1.39281,0.0012,0.0029
30.09.2025 16:29:03.780 UTC,1.39294,1.39281,0.0012,0.00248
30.09.2025 16:29:03.883 UTC,1.39295,1.39282,0.0018,0.00321
30.09.2025 16:29:03.985 UTC,1.39295,1.39283,0.0012,0.00176
30.09.2025 16:29:04.341 UTC,1.39296,1.39283,0.0018,0.00176
30.09.2025 16:29:04.798 UTC,1.39295,1.39283,0.0012,0.00176
30.09.2025 16:29:05.504 UTC,1.39294,1.39283,0.0012,0.00176
30.09.2025 16:29:06.662 UTC,1.39295,1.39283,0.0012,0.00176
30.09.2025 16:29:10.133 UTC,1.39296,1.39285,0.0012,0.00144
30.09.2025 16:29:10.185 UTC,1.39298,1.39286,0.0012,0.00132
30.09.2025 16:29:17.962 UTC,1.39298,1.39287,0.0027,0.00141
30.09.2025 16:29:18.318 UTC,1.39298,1.39285,0.0012,0.00245
30.09.2025 16:29:19.281 UTC,1.39296,1.39285,0.0012,0.00236
30.09.2025 16:29:19.333 UTC,1.39294,1.39285,0.0012,0.00176
30.09.2025 16:29:19.384 UTC,1.39295,1.39282,0.0012,0.00248
30.09.2025 16:29:19.690 UTC,1.39294,1.39282,0.0012,0.00188
30.09.2025 16:29:19.793 UTC,1.39293,1.39281,0.0012,0.00248
30.09.2025 16:29:24.608 UTC,1.39293,1.39282,0.0012,0.00293
30.09.2025 16:29:24.764 UTC,1.39295,1.39282,0.0012,0.00189
30.09.2025 16:29:24.815 UTC,1.39296,1.39282,0.0012,0.00203
30.09.2025 16:29:26.933 UTC,1.39297,1.39283,0.00225,0.00248
30.09.2025 16:29:30.505 UTC,1.39292,1.39282,0.0027,0.00176
30.09.2025 16:29:30.608 UTC,1.39287,1.39276,0.0012,0.00192
30.09.2025 16:29:30.712 UTC,1.39289,1.39276,0.0027,0.00188
30.09.2025 16:29:36.396 UTC,1.39287,1.39275,0.0012,0.00245
30.09.2025 16:29:36.500 UTC,1.39284,1.39272,0.0012,0.00372
30.09.2025 16:29:39.764 UTC,1.39285,1.39274,0.0018,0.00144
30.09.2025 16:29:39.867 UTC,1.39285,1.39273,0.0012,0.00234
30.09.2025 16:29:39.968 UTC,1.39285,1.39273,0.0012,0.00248
30.09.2025 16:29:40.373 UTC,1.39286,1.39276,0.0018,0.00176
30.09.2025 16:29:40.476 UTC,1.39286,1.39274,0.0012,0.00188
30.09.2025 16:29:40.629 UTC,1.39286,1.39273,0.0018,0.00188
30.09.2025 16:29:46.939 UTC,1.39284,1.39274,0.0012,0.00188
30.09.2025 16:29:52.621 UTC,1.39286,1.39273,0.0018,0.00203
30.09.2025 16:29:54.136 UTC,1.39285,1.39273,0.0012,0.00188
30.09.2025 16:29:58.788 UTC,1.39282,1.39273,0.0012,0.00188
30.09.2025 16:29:58.839 UTC,1.39283,1.39271,0.0018,0.00188
30.09.2025 16:29:58.941 UTC,1.39283,1.39271,0.0018,0.00141
30.09.2025 16:29:59.144 UTC,1.39281,1.39272,0.0012,0.00141
30.09.2025 16:30:00.054 UTC,1.39281,1.3927,0.0012,0.00188
30.09.2025 16:30:00.309 UTC,1.3928,1.3927,0.0012,0.00188
30.09.2025 16:30:01.731 UTC,1.3928,1.39269,0.0012,0.00188
30.09.2025 16:30:01.833 UTC,1.39281,1.39268,0.0012,0.00188
30.09.2025 16:30:02.439 UTC,1.39281,1.39268,0.00135,0.00293
30.09.2025 16:30:02.491 UTC,1.39279,1.39267,0.0012,0.00188
30.09.2025 16:30:02.847 UTC,1.3928,1.39267,0.0018,0.00144
30.09.2025 16:30:04.107 UTC,1.3928,1.39267,0.0018,0.00141
30.09.2025 16:30:09.954 UTC,1.3928,1.39267,0.0018,0.00144
30.09.2025 16:30:10.157 UTC,1.39279,1.39267,0.0012,0.00141
30.09.2025 16:30:10.259 UTC,1.39277,1.39266,0.0012,0.00188
30.09.2025 16:30:12.175 UTC,1.39279,1.39267,0.0012,0.00144
30.09.2025 16:30:12.329 UTC,1.39279,1.39268,0.0012,0.00204
30.09.2025 16:30:12.381 UTC,1.39279,1.39269,0.0012,0.00147
30.09.2025 16:30:12.484 UTC,1.39283,1.39272,0.0018,0.00132
30.09.2025 16:30:12.587 UTC,1.39285,1.39272,0.0018,0.00192
30.09.2025 16:30:13.148 UTC,1.39286,1.39273,0.0012,0.00324
30.09.2025 16:30:13.199 UTC,1.39287,1.39276,0.0018,0.00132
30.09.2025 16:30:14.012 UTC,1.39289,1.39276,0.0018,0.0012
30.09.2025 16:30:14.267 UTC,1.39288,1.39276,0.0012,0.00222
30.09.2025 16:30:18.773 UTC,1.39287,1.39275,0.0012,0.00141
30.09.2025 16:30:18.875 UTC,1.39286,1.39274,0.0012,0.00188
30.09.2025 16:30:19.079 UTC,1.39286,1.39275,0.0018,0.00188
30.09.2025 16:30:19.683 UTC,1.39287,1.39275,0.0012,0.00144
30.09.2025 16:30:19.735 UTC,1.39288,1.39277,0.0012,0.00132
30.09.2025 16:30:21.551 UTC,1.39287,1.39276,0.0012,0.00338
30.09.2025 16:30:21.704 UTC,1.39289,1.39276,0.0012,0.00188
30.09.2025 16:30:21.756 UTC,1.39292,1.39281,0.00143,0.00132
30.09.2025 16:30:21.859 UTC,1.39293,1.39282,0.0012,0.00132
30.09.2025 16:30:21.962 UTC,1.39294,1.39282,0.0012,0.00428
30.09.2025 16:30:22.065 UTC,1.39294,1.39284,0.0012,0.00248
30.09.2025 16:30:22.874 UTC,1.39295,1.39283,0.0012,0.00144
30.09.2025 16:30:23.732 UTC,1.39295,1.39283,0.0012,0.00234
30.09.2025 16:30:23.885 UTC,1.39295,1.39283,0.0012,0.00144
30.09.2025 16:30:24.491 UTC,1.39293,1.39283,0.0012,0.00293
30.09.2025 16:30:36.202 UTC,1.39294,1.39283,0.0012,0.00132
30.09.2025 16:30:36.305 UTC,1.39293,1.39283,0.0012,0.00141
30.09.2025 16:30:37.320 UTC,1.39293,1.39282,0.0012,0.00132
30.09.2025 16:30:42.877 UTC,1.39293,1.39283,0.0012,0.0012
30.09.2025 16:30:42.980 UTC,1.39292,1.39283,0.0012,0.00177
30.09.2025 16:30:53.113 UTC,1.39294,1.39282,0.0012,0.00267
30.09.2025 16:30:53.366 UTC,1.39294,1.39283,0.0012,0.00192
30.09.2025 16:30:54.121 UTC,1.39294,1.39283,0.0012,0.00191
30.09.2025 16:30:54.425 UTC,1.39295,1.39283,0.0012,0.00191
30.09.2025 16:30:55.431 UTC,1.39294,1.39283,0.0012,0.00191
30.09.2025 16:30:55.584 UTC,1.39294,1.39283,0.0012,0.00176
30.09.2025 16:30:57.400 UTC,1.39294,1.39284,0.0012,0.00176
30.09.2025 16:31:01.668 UTC,1.39295,1.39285,0.0012,0.00191
30.09.2025 16:31:01.922 UTC,1.39294,1.39285,0.0012,0.00176
30.09.2025 16:31:04.754 UTC,1.39296,1.39284,0.0012,0.00176
30.09.2025 16:31:13.409 UTC,1.39295,1.39283,0.0012,0.00191
30.09.2025 16:31:13.512 UTC,1.39294,1.39283,0.0012,0.00281
30.09.2025 16:31:13.614 UTC,1.39294,1.39282,0.0012,0.00176
30.09.2025 16:31:17.534 UTC,1.39295,1.39283,0.0012,0.00222
30.09.2025 16:31:18.850 UTC,1.39295,1.39282,0.00192,0.00176
30.09.2025 16:31:18.953 UTC,1.39292,1.39281,0.00132,0.00132
30.09.2025 16:31:19.056 UTC,1.39291,1.3928,0.0012,0.0012
30.09.2025 16:31:19.412 UTC,1.39291,1.39279,0.0012,0.0012
30.09.2025 16:31:20.376 UTC,1.39291,1.39279,0.00147,0.0012
30.09.2025 16:31:20.480 UTC,1.39289,1.39277,0.0012,0.00176
30.09.2025 16:31:21.893 UTC,1.39289,1.39277,0.0012,0.00132
30.09.2025 16:31:24.260 UTC,1.39288,1.39276,0.00132,0.00176
30.09.2025 16:31:24.363 UTC,1.39285,1.39274,0.00189,0.00222
30.09.2025 16:31:32.642 UTC,1.39284,1.39274,0.0012,0.00222
30.09.2025 16:31:34.706 UTC,1.39286,1.39273,0.00189,0.00132
30.09.2025 16:31:38.341 UTC,1.39287,1.39274,0.00132,0.00135
30.09.2025 16:31:38.442 UTC,1.39287,1.39274,0.00132,0.00191
30.09.2025 16:31:44.030 UTC,1.39286,1.39274,0.0012,0.00176
30.09.2025 16:31:45.248 UTC,1.39286,1.39274,0.0012,0.00132
30.09.2025 16:31:46.556 UTC,1.39287,1.39274,0.00144,0.00132
30.09.2025 16:31:46.686 UTC,1.39286,1.39274,0.0012,0.00132
30.09.2025 16:31:52.889 UTC,1.39287,1.39273,0.00234,0.00236
30.09.2025 16:31:53.193 UTC,1.39286,1.39274,0.0012,0.00222
30.09.2025 16:31:53.499 UTC,1.39287,1.39274,0.00189,0.00132
30.09.2025 16:31:55.562 UTC,1.39285,1.39275,0.0012,0.00222
30.09.2025 16:31:57.119 UTC,1.39286,1.39275,0.00189,0.00132
30.09.2025 16:31:58.329 UTC,1.39287,1.39274,0.00234,0.00236
30.09.2025 16:31:59.368 UTC,1.39287,1.39274,0.00249,0.00236
30.09.2025 16:31:59.524 UTC,1.39286,1.39275,0.00234,0.00236
30.09.2025 16:32:00.127 UTC,1.39285,1.39275,0.0012,0.00236
30.09.2025 16:32:01.139 UTC,1.39287,1.39274,0.00234,0.00176
30.09.2025 16:32:05.574 UTC,1.39287,1.39274,0.00249,0.00176
30.09.2025 16:32:05.676 UTC,1.39286,1.39275,0.00189,0.00176
30.09.2025 16:32:09.045 UTC,1.39287,1.39274,0.00324,0.00132
30.09.2025 16:32:11.868 UTC,1.39287,1.39274,0.00189,0.00176
30.09.2025 16:32:18.166 UTC,1.39286,1.39273,0.0018,0.00176
30.09.2025 16:32:22.126 UTC,1.39284,1.39274,0.00234,0.00176
30.09.2025 16:32:22.178 UTC,1.39283,1.39272,0.0012,0.00176
30.09.2025 16:32:22.230 UTC,1.39284,1.39271,0.00459,0.00132
30.09.2025 16:32:22.586 UTC,1.39278,1.39271,0.0012,0.00236
30.09.2025 16:32:22.638 UTC,1.39279,1.39266,0.0018,0.00326
30.09.2025 16:32:22.994 UTC,1.39278,1.39266,0.0012,0.00236
30.09.2025 16:32:23.451 UTC,1.39276,1.39265,0.0012,0.00245
30.09.2025 16:32:23.553 UTC,1.39277,1.39264,0.0012,0.00236
30.09.2025 16:32:24.058 UTC,1.3928,1.39267,0.0012,0.0012
30.09.2025 16:32:24.161 UTC,1.39281,1.39267,0.00132,0.00236
30.09.2025 16:32:25.368 UTC,1.3928,1.3927,0.00132,0.0012
30.09.2025 16:32:25.471 UTC,1.39283,1.39272,0.00132,0.0012
30.09.2025 16:32:25.573 UTC,1.39282,1.39272,0.00132,0.0012
30.09.2025 16:32:28.392 UTC,1.39283,1.3927,0.00189,0.00222
30.09.2025 16:32:30.353 UTC,1.39285,1.39271,0.0018,0.00132
30.09.2025 16:32:30.405 UTC,1.39286,1.39272,0.00323,0.00147
30.09.2025 16:32:30.508 UTC,1.39286,1.39272,0.00132,0.00236
30.09.2025 16:32:31.870 UTC,1.39286,1.39272,0.00132,0.00222
30.09.2025 16:32:32.105 UTC,1.39285,1.39272,0.0012,0.00222
30.09.2025 16:32:33.012 UTC,1.39284,1.39272,0.0012,0.00132
30.09.2025 16:32:45.327 UTC,1.39284,1.39271,0.0012,0.00222
30.09.2025 16:32:52.720 UTC,1.39289,1.3928,0.00114,0.00342
30.09.2025 16:32:52.772 UTC,1.39292,1.39281,0.0012,0.00189
30.09.2025 16:32:52.875 UTC,1.3929,1.39279,0.0012,0.00236
30.09.2025 16:32:52.927 UTC,1.39288,1.39275,0.0018,0.0012
30.09.2025 16:32:53.030 UTC,1.39288,1.39275,0.0012,0.00188
30.09.2025 16:32:53.183 UTC,1.39287,1.39275,0.0012,0.00188
30.09.2025 16:32:54.135 UTC,1.39285,1.39276,0.0012,0.00144
30.09.2025 16:32:54.338 UTC,1.39286,1.39274,0.0012,0.00248
30.09.2025 16:32:54.441 UTC,1.39285,1.39274,0.0018,0.00189
30.09.2025 16:32:54.544 UTC,1.39284,1.39274,0.0012,0.00132
30.09.2025 16:32:55.354 UTC,1.39285,1.39272,0.0012,0.00189
30.09.2025 16:33:00.092 UTC,1.39285,1.39272,0.00192,0.0012
30.09.2025 16:33:00.749 UTC,1.39285,1.39272,0.00189,0.0012
30.09.2025 16:33:08.527 UTC,1.39285,1.39273,0.0012,0.0012
30.09.2025 16:33:08.779 UTC,1.39286,1.39273,0.00189,0.00222
30.09.2025 16:33:18.847 UTC,1.39285,1.39273,0.0012,0.00132
30.09.2025 16:33:20.962 UTC,1.39284,1.39274,0.0012,0.00176
30.09.2025 16:33:40.201 UTC,1.39284,1.39272,0.0012,0.00176
30.09.2025 16:33:40.252 UTC,1.39283,1.39273,0.00189,0.0012
30.09.2025 16:33:40.356 UTC,1.39284,1.39271,0.00132,0.0012
30.09.2025 16:33:40.971 UTC,1.39284,1.39272,0.0012,0.0012
30.09.2025 16:33:41.276 UTC,1.39283,1.39272,0.00135,0.0012
30.09.2025 16:33:42.086 UTC,1.39284,1.39272,0.0012,0.0012
30.09.2025 16:33:43.293 UTC,1.39284,1.39271,0.00132,0.0012
30.09.2025 16:33:44.205 UTC,1.39284,1.3927,0.00132,0.00267
30.09.2025 16:33:44.960 UTC,1.39283,1.39272,0.0012,0.0012
30.09.2025 16:33:45.817 UTC,1.39284,1.39272,0.0012,0.0012
30.09.2025 16:33:46.721 UTC,1.39285,1.39272,0.00234,0.0012
30.09.2025 16:33:46.823 UTC,1.39286,1.39273,0.00189,0.0012
30.09.2025 16:33:48.937 UTC,1.39285,1.39273,0.0012,0.00132
30.09.2025 16:33:49.039 UTC,1.39286,1.39273,0.00234,0.00132
30.09.2025 16:33:54.187 UTC,1.39285,1.39273,0.00144,0.00222
30.09.2025 16:33:55.848 UTC,1.39285,1.39272,0.00132,0.0012
30.09.2025 16:34:00.637 UTC,1.39284,1.39271,0.0012,0.00177
30.09.2025 16:34:03.127 UTC,1.39282,1.3927,0.0012,0.0018
30.09.2025 16:34:03.230 UTC,1.39283,1.39273,0.0012,0.0018
30.09.2025 16:34:03.333 UTC,1.39284,1.39272,0.0012,0.00132
30.09.2025 16:34:03.485 UTC,1.39284,1.39273,0.0012,0.00116
30.09.2025 16:34:03.638 UTC,1.39284,1.39271,0.00147,0.00176
30.09.2025 16:34:03.690 UTC,1.39278,1.39269,0.0018,0.0015
30.09.2025 16:34:03.742 UTC,1.39273,1.39264,0.0012,0.0018
30.09.2025 16:34:03.845 UTC,1.39271,1.39263,0.0012,0.0012
30.09.2025 16:34:03.948 UTC,1.39271,1.39262,0.0012,0.0012
30.09.2025 16:34:04.102 UTC,1.39269,1.39259,0.0012,0.0012
30.09.2025 16:34:04.154 UTC,1.39266,1.39255,0.0012,0.00116
30.09.2025 16:34:04.206 UTC,1.39264,1.39251,0.0012,0.00191
30.09.2025 16:34:04.258 UTC,1.39265,1.39252,0.0012,0.00116
30.09.2025 16:34:04.513 UTC,1.39265,1.39252,0.0012,0.00176
30.09.2025 16:34:04.615 UTC,1.39263,1.39252,0.0012,0.00371
30.09.2025 16:34:04.719 UTC,1.39262,1.39251,0.0012,0.00191
30.09.2025 16:34:04.771 UTC,1.39262,1.39249,0.0012,0.00402
30.09.2025 16:34:04.873 UTC,1.39261,1.39251,0.0012,0.0012
30.09.2025 16:34:04.976 UTC,1.39262,1.39249,0.0012,0.00132
30.09.2025 16:34:05.229 UTC,1.39262,1.3925,0.0012,0.0012
30.09.2025 16:34:05.789 UTC,1.3926,1.39248,0.0012,0.00191
30.09.2025 16:34:05.943 UTC,1.3926,1.3925,0.0012,0.0012
30.09.2025 16:34:06.298 UTC,1.39261,1.3925,0.0012,0.00135
30.09.2025 16:34:07.968 UTC,1.39261,1.39249,0.0012,0.00177
30.09.2025 16:34:08.071 UTC,1.39261,1.3925,0.0012,0.0012
30.09.2025 16:34:10.092 UTC,1.3926,1.39249,0.0012,0.00177
30.09.2025 16:34:10.196 UTC,1.39261,1.39249,0.0012,0.0012
30.09.2025 16:34:10.388 UTC,1.39261,1.39251,0.0012,0.0012
30.09.2025 16:34:10.440 UTC,1.39264,1.39252,0.0012,0.0012
30.09.2025 16:34:10.594 UTC,1.39263,1.39253,0.0012,0.00176
30.09.2025 16:34:10.696 UTC,1.39264,1.39251,0.0012,0.00176
30.09.2025 16:34:11.557 UTC,1.39263,1.39251,0.0012,0.00176
30.09.2025 16:34:11.609 UTC,1.3926,1.39251,0.0012,0.00191
30.09.2025 16:34:11.712 UTC,1.39264,1.3925,0.0018,0.00191
30.09.2025 16:34:11.815 UTC,1.39264,1.39252,0.0012,0.00135
30.09.2025 16:34:11.917 UTC,1.39264,1.39252,0.0012,0.00191
30.09.2025 16:34:12.070 UTC,1.39264,1.39252,0.0012,0.00135
30.09.2025 16:34:13.690 UTC,1.39264,1.3925,0.0012,0.0024
30.09.2025 16:34:13.843 UTC,1.39264,1.3925,0.0012,0.0018
30.09.2025 16:34:14.703 UTC,1.39261,1.39251,0.0012,0.0018
30.09.2025 16:34:14.856 UTC,1.39262,1.39249,0.0012,0.00267
30.09.2025 16:34:14.959 UTC,1.39261,1.39249,0.0012,0.00177
30.09.2025 16:34:15.062 UTC,1.3926,1.39249,0.0012,0.00132
30.09.2025 16:34:15.165 UTC,1.39261,1.39249,0.0012,0.0018
30.09.2025 16:34:16.534 UTC,1.3926,1.3925,0.0012,0.00372
30.09.2025 16:34:16.687 UTC,1.39262,1.3925,0.0012,0.00225
30.09.2025 16:34:18.409 UTC,1.39262,1.3925,0.0012,0.0024
30.09.2025 16:34:18.662 UTC,1.39262,1.3925,0.0012,0.00225
30.09.2025 16:34:19.470 UTC,1.39262,1.39249,0.0012,0.00267
30.09.2025 16:34:19.874 UTC,1.39262,1.3925,0.0012,0.0012
30.09.2025 16:34:20.028 UTC,1.39261,1.3925,0.0012,0.0012
30.09.2025 16:34:20.159 UTC,1.3926,1.39248,0.0012,0.0018
30.09.2025 16:34:20.264 UTC,1.3926,1.39249,0.0012,0.0012
30.09.2025 16:34:20.418 UTC,1.3926,1.39248,0.0012,0.00132
30.09.2025 16:34:21.076 UTC,1.39258,1.39247,0.0012,0.00176
30.09.2025 16:34:21.128 UTC,1.39255,1.39245,0.0012,0.00132
30.09.2025 16:34:21.230 UTC,1.39255,1.39245,0.0012,0.00176
30.09.2025 16:34:21.435 UTC,1.39255,1.39244,0.0012,0.00176
30.09.2025 16:34:21.742 UTC,1.39254,1.39242,0.0012,0.00176
30.09.2025 16:34:25.375 UTC,1.39254,1.39242,0.0012,0.00191
30.09.2025 16:34:31.638 UTC,1.39254,1.39248,0.0012,0.00339
30.09.2025 16:34:31.690 UTC,1.39261,1.39249,0.0012,0.00132
30.09.2025 16:34:31.793 UTC,1.39261,1.39252,0.0012,0.0012
30.09.2025 16:34:33.259 UTC,1.39263,1.39252,0.0012,0.0012
30.09.2025 16:34:33.665 UTC,1.39264,1.39252,0.0012,0.0012
30.09.2025 16:34:33.767 UTC,1.39263,1.39252,0.0012,0.00132
30.09.2025 16:34:42.705 UTC,1.39261,1.39252,0.0012,0.0012
30.09.2025 16:34:42.807 UTC,1.3926,1.39252,0.0012,0.0012
30.09.2025 16:34:43.213 UTC,1.39262,1.39251,0.0012,0.00177
30.09.2025 16:34:43.465 UTC,1.39262,1.39253,0.0012,0.0012
30.09.2025 16:34:43.973 UTC,1.39263,1.39251,0.0012,0.00186
30.09.2025 16:34:44.176 UTC,1.39262,1.39252,0.0012,0.00201
30.09.2025 16:34:44.629 UTC,1.39263,1.39251,0.0012,0.00186
30.09.2025 16:34:44.731 UTC,1.39263,1.39251,0.0012,0.002
30.09.2025 16:34:44.883 UTC,1.39263,1.39251,0.0012,0.00186
30.09.2025 16:34:46.094 UTC,1.39264,1.39251,0.0012,0.00189
30.09.2025 16:34:46.247 UTC,1.39263,1.39253,0.0012,0.00128
30.09.2025 16:34:47.157 UTC,1.39263,1.39251,0.0012,0.00236
30.09.2025 16:34:47.260 UTC,1.39263,1.39249,0.0012,0.00474
30.09.2025 16:34:47.413 UTC,1.39263,1.39249,0.0012,0.00429
30.09.2025 16:34:48.479 UTC,1.39263,1.39249,0.0012,0.00384
30.09.2025 16:34:49.086 UTC,1.39263,1.39249,0.0012,0.00429
30.09.2025 16:34:50.041 UTC,1.39263,1.39249,0.0012,0.00204
30.09.2025 16:34:50.194 UTC,1.39263,1.39249,0.0012,0.00144
30.09.2025 16:34:50.296 UTC,1.39262,1.3925,0.0012,0.00192
30.09.2025 16:34:51.492 UTC,1.39261,1.39249,0.0012,0.00201
30.09.2025 16:34:54.667 UTC,1.39261,1.39249,0.0012,0.00144
30.09.2025 16:34:56.074 UTC,1.3926,1.3925,0.0012,0.00249
30.09.2025 16:34:56.978 UTC,1.39261,1.39249,0.0012,0.00234
30.09.2025 16:35:00.397 UTC,1.3926,1.39249,0.0012,0.00135
30.09.2025 16:35:00.803 UTC,1.39262,1.39249,0.0012,0.00267
30.09.2025 16:35:00.905 UTC,1.39262,1.3925,0.0012,0.0012
30.09.2025 16:35:02.818 UTC,1.39258,1.39249,0.0012,0.0012
30.09.2025 16:35:02.921 UTC,1.39255,1.39244,0.0012,0.00326
30.09.2025 16:35:02.973 UTC,1.39255,1.39244,0.0012,0.00236
30.09.2025 16:35:03.177 UTC,1.39254,1.39245,0.0012,0.00132
30.09.2025 16:35:03.282 UTC,1.39254,1.39242,0.0012,0.00188
30.09.2025 16:35:03.841 UTC,1.39251,1.39241,0.0012,0.00236
30.09.2025 16:35:03.945 UTC,1.3925,1.39239,0.0012,0.00132
30.09.2025 16:35:04.040 UTC,1.39248,1.39238,0.0018,0.00176
30.09.2025 16:35:04.156 UTC,1.39245,1.39238,0.0012,0.0012
30.09.2025 16:35:04.209 UTC,1.39247,1.39238,0.0012,0.0012
30.09.2025 16:35:04.312 UTC,1.39243,1.39233,0.0012,0.00176
30.09.2025 16:35:04.415 UTC,1.39242,1.39231,0.0012,0.00176
30.09.2025 16:35:04.466 UTC,1.39242,1.3923,0.0012,0.00135
30.09.2025 16:35:04.974 UTC,1.39241,1.39232,0.0012,0.0012
30.09.2025 16:35:05.127 UTC,1.39241,1.39233,0.0012,0.0012
30.09.2025 16:35:05.230 UTC,1.39241,1.39232,0.0012,0.0012
30.09.2025 16:35:06.645 UTC,1.39242,1.39232,0.0012,0.0012
30.09.2025 16:35:06.849 UTC,1.39244,1.39237,0.0012,0.0018
30.09.2025 16:35:10.788 UTC,1.39242,1.39232,0.0012,0.00132
30.09.2025 16:35:10.890 UTC,1.39242,1.3923,0.0012,0.00176
30.09.2025 16:35:10.942 UTC,1.39242,1.39235,0.0012,0.0027
30.09.2025 16:35:11.297 UTC,1.39243,1.39235,0.0012,0.0027
30.09.2025 16:35:11.784 UTC,1.39241,1.39236,0.0012,0.0027
30.09.2025 16:35:16.190 UTC,1.39242,1.39231,0.0012,0.0012
30.09.2025 16:35:17.407 UTC,1.39242,1.39232,0.0012,0.0012
30.09.2025 16:35:21.924 UTC,1.39241,1.39232,0.0012,0.00135
30.09.2025 16:35:26.713 UTC,1.39243,1.39231,0.0012,0.00285
30.09.2025 16:35:27.223 UTC,1.39242,1.39234,0.0012,0.00135
30.09.2025 16:35:27.326 UTC,1.39248,1.39237,0.0012,0.0012
30.09.2025 16:35:27.429 UTC,1.39248,1.39239,0.0012,0.0012
30.09.2025 16:35:27.582 UTC,1.39249,1.39235,0.0012,0.00338
30.09.2025 16:35:27.685 UTC,1.39248,1.39236,0.0012,0.00141
30.09.2025 16:35:28.699 UTC,1.39247,1.39238,0.0012,0.00132
30.09.2025 16:35:33.783 UTC,1.39248,1.39238,0.0012,0.0012
30.09.2025 16:35:33.885 UTC,1.39248,1.39237,0.0012,0.00135
30.09.2025 16:35:37.511 UTC,1.39247,1.39237,0.0012,0.0012
30.09.2025 16:35:37.614 UTC,1.39245,1.39235,0.0012,0.00176
30.09.2025 16:35:37.716 UTC,1.39245,1.39235,0.0012,0.00132
30.09.2025 16:35:37.819 UTC,1.39246,1.39235,0.0012,0.00177
30.09.2025 16:35:38.276 UTC,1.39246,1.39235,0.0012,0.00176
30.09.2025 16:35:38.733 UTC,1.39246,1.39235,0.0012,0.00245
30.09.2025 16:35:38.835 UTC,1.39247,1.39236,0.0012,0.00116
30.09.2025 16:35:39.241 UTC,1.39248,1.39239,0.0012,0.0012
30.09.2025 16:35:39.294 UTC,1.39249,1.3924,0.0012,0.0012
30.09.2025 16:35:40.153 UTC,1.3925,1.3924,0.0012,0.0012
30.09.2025 16:35:40.358 UTC,1.3925,1.39241,0.0012,0.0012
30.09.2025 16:35:41.279 UTC,1.39251,1.3924,0.0012,0.00225
30.09.2025 16:35:41.382 UTC,1.39252,1.39241,0.0012,0.00176
30.09.2025 16:35:41.484 UTC,1.39252,1.39241,0.0012,0.00132
30.09.2025 16:35:44.407 UTC,1.39251,1.39242,0.0012,0.00176
30.09.2025 16:35:44.560 UTC,1.39251,1.39242,0.0012,0.00177
30.09.2025 16:35:47.333 UTC,1.39253,1.39241,0.0012,0.00384
30.09.2025 16:35:47.438 UTC,1.39254,1.39242,0.0012,0.00144
30.09.2025 16:35:47.540 UTC,1.39253,1.39243,0.0012,0.00128
30.09.2025 16:35:48.096 UTC,1.39252,1.39242,0.0012,0.0038
30.09.2025 16:35:51.478 UTC,1.39252,1.39242,0.0012,0.00116
30.09.2025 16:35:51.603 UTC,1.39252,1.39241,0.00132,0.00116
30.09.2025 16:35:58.199 UTC,1.39254,1.39242,0.0012,0.00116
30.09.2025 16:35:58.961 UTC,1.39254,1.39242,0.00132,0.00116
30.09.2025 16:35:59.064 UTC,1.39253,1.39241,0.0012,0.00116
30.09.2025 16:36:00.631 UTC,1.39251,1.39241,0.0012,0.00132
30.09.2025 16:36:04.900 UTC,1.39252,1.39244,0.0012,0.0012
30.09.2025 16:36:04.951 UTC,1.39255,1.39243,0.0012,0.0027
30.09.2025 16:36:05.003 UTC,1.39255,1.39244,0.0012,0.00176
30.09.2025 16:36:05.809 UTC,1.39255,1.39245,0.0012,0.00176
30.09.2025 16:36:15.120 UTC,1.39256,1.39244,0.0012,0.00116
30.09.2025 16:36:16.787 UTC,1.39255,1.39243,0.0012,0.00245
30.09.2025 16:36:16.941 UTC,1.39253,1.39241,0.0012,0.00186
30.09.2025 16:36:22.641 UTC,1.39255,1.39241,0.0012,0.00339
30.09.2025 16:36:22.795 UTC,1.39255,1.39242,0.0012,0.00188
30.09.2025 16:36:25.210 UTC,1.39255,1.39242,0.0012,0.00128
30.09.2025 16:36:30.097 UTC,1.39256,1.39243,0.0027,0.00128
30.09.2025 16:36:30.251 UTC,1.39255,1.39244,0.0018,0.00188
30.09.2025 16:36:40.629 UTC,1.39255,1.39243,0.0012,0.00176
30.09.2025 16:36:40.732 UTC,1.39253,1.39243,0.0012,0.00176
30.09.2025 16:36:40.783 UTC,1.39254,1.39241,0.0012,0.00371
30.09.2025 16:36:41.039 UTC,1.39254,1.39241,0.0012,0.00132
30.09.2025 16:36:52.099 UTC,1.39255,1.39242,0.0018,0.00279
30.09.2025 16:36:52.253 UTC,1.39255,1.39243,0.0012,0.00188
30.09.2025 16:36:54.834 UTC,1.39255,1.39244,0.0018,0.00188
30.09.2025 16:37:00.648 UTC,1.39254,1.39243,0.0012,0.00188
30.09.2025 16:37:00.800 UTC,1.39255,1.39242,0.0012,0.00188
30.09.2025 16:37:01.055 UTC,1.39255,1.39242,0.0012,0.00176
30.09.2025 16:37:02.266 UTC,1.39254,1.39242,0.0012,0.00176
30.09.2025 16:37:02.318 UTC,1.39253,1.3924,0.0018,0.00176
30.09.2025 16:37:02.421 UTC,1.39252,1.39239,0.0012,0.00231
30.09.2025 16:37:02.928 UTC,1.3925,1.3924,0.0018,0.00132
30.09.2025 16:37:02.980 UTC,1.39247,1.39236,0.0018,0.00326
30.09.2025 16:37:03.032 UTC,1.39247,1.39235,0.0018,0.00222
30.09.2025 16:37:06.618 UTC,1.39248,1.39235,0.0012,0.00279
30.09.2025 16:37:06.671 UTC,1.3925,1.39239,0.00143,0.0012
30.09.2025 16:37:08.791 UTC,1.39249,1.39239,0.00195,0.00132
30.09.2025 16:37:08.894 UTC,1.3925,1.39237,0.0012,0.00128
30.09.2025 16:37:08.996 UTC,1.3925,1.39238,0.0012,0.0012
30.09.2025 16:37:10.938 UTC,1.39249,1.3924,0.0012,0.0012
30.09.2025 16:37:11.149 UTC,1.39251,1.3924,0.0012,0.0012
30.09.2025 16:37:11.957 UTC,1.39251,1.39238,0.0012,0.00176
30.09.2025 16:37:12.059 UTC,1.39251,1.39238,0.0012,0.00132
30.09.2025 16:37:12.665 UTC,1.39251,1.39237,0.0018,0.00177
30.09.2025 16:37:12.918 UTC,1.39251,1.39237,0.0018,0.00192
30.09.2025 16:37:13.020 UTC,1.39251,1.39237,0.0018,0.00116
30.09.2025 16:37:13.225 UTC,1.3925,1.39238,0.0018,0.00116
30.09.2025 16:37:13.929 UTC,1.39249,1.39236,0.0012,0.00281
30.09.2025 16:37:14.032 UTC,1.39248,1.39236,0.0012,0.00116
30.09.2025 16:37:14.134 UTC,1.39247,1.39236,0.0012,0.00335
30.09.2025 16:37:14.186 UTC,1.3925,1.39236,0.0012,0.00276
30.09.2025 16:37:14.289 UTC,1.3925,1.39237,0.0012,0.0012
30.09.2025 16:37:15.752 UTC,1.3925,1.39237,0.0012,0.00204
30.09.2025 16:37:15.855 UTC,1.3925,1.39237,0.0012,0.00192
30.09.2025 16:37:16.816 UTC,1.3925,1.39237,0.0012,0.00135
30.09.2025 16:37:17.672 UTC,1.39251,1.39237,0.0012,0.00279
30.09.2025 16:37:17.775 UTC,1.39253,1.39241,0.00191,0.0027
30.09.2025 16:37:17.878 UTC,1.39251,1.39241,0.0012,0.0012
30.09.2025 16:37:19.834 UTC,1.39252,1.39241,0.0012,0.0012
30.09.2025 16:37:20.340 UTC,1.39252,1.3924,0.0012,0.00132
30.09.2025 16:37:21.348 UTC,1.39254,1.3924,0.0012,0.00222
30.09.2025 16:37:21.450 UTC,1.39254,1.39241,0.0012,0.0012
30.09.2025 16:37:22.409 UTC,1.39253,1.39243,0.0012,0.0012
30.09.2025 16:37:23.065 UTC,1.39252,1.39243,0.0012,0.0012
30.09.2025 16:37:23.724 UTC,1.39252,1.39242,0.0012,0.0012
30.09.2025 16:37:23.826 UTC,1.39251,1.3924,0.0012,0.0012
30.09.2025 16:37:24.184 UTC,1.39252,1.3924,0.0012,0.0012
30.09.2025 16:37:24.286 UTC,1.39252,1.39241,0.0012,0.0012
30.09.2025 16:37:28.428 UTC,1.39251,1.39243,0.0012,0.0012
30.09.2025 16:37:35.597 UTC,1.39252,1.39241,0.0012,0.0012
30.09.2025 16:37:36.657 UTC,1.39252,1.39242,0.0012,0.0012
30.09.2025 16:37:36.810 UTC,1.39254,1.39242,0.0012,0.0012
30.09.2025 16:37:44.967 UTC,1.39255,1.39242,0.00143,0.0018
30.09.2025 16:37:45.369 UTC,1.39256,1.39243,0.00191,0.0012
30.09.2025 16:37:45.524 UTC,1.39256,1.39244,0.00225,0.0012
30.09.2025 16:37:45.628 UTC,1.39256,1.39245,0.00135,0.0012
30.09.2025 16:38:10.366 UTC,1.39256,1.39244,0.0012,0.0012
30.09.2025 16:38:10.873 UTC,1.39254,1.39243,0.0012,0.00267
30.09.2025 16:38:10.976 UTC,1.39254,1.39242,0.0012,0.0012
30.09.2025 16:38:11.986 UTC,1.39252,1.39243,0.0012,0.0012
30.09.2025 16:38:12.037 UTC,1.39252,1.39241,0.0012,0.00222
30.09.2025 16:38:14.663 UTC,1.39252,1.39242,0.0012,0.0012
30.09.2025 16:38:16.428 UTC,1.39254,1.39242,0.0012,0.0012
30.09.2025 16:38:20.087 UTC,1.39253,1.39241,0.0012,0.0012
30.09.2025 16:38:20.193 UTC,1.39252,1.39241,0.0018,0.0012
30.09.2025 16:38:20.849 UTC,1.39253,1.39242,0.00332,0.0012
30.09.2025 16:38:24.834 UTC,1.39253,1.39241,0.0012,0.0012
30.09.2025 16:38:25.140 UTC,1.39253,1.39242,0.0012,0.0012
30.09.2025 16:38:28.399 UTC,1.39253,1.39241,0.0012,0.0012
30.09.2025 16:38:28.501 UTC,1.39253,1.39242,0.0018,0.0018
30.09.2025 16:38:33.689 UTC,1.39254,1.39242,0.0012,0.0012
30.09.2025 16:38:33.792 UTC,1.39254,1.39243,0.0012,0.0012
30.09.2025 16:38:33.844 UTC,1.39255,1.39244,0.0018,0.0012
30.09.2025 16:38:35.557 UTC,1.39256,1.39244,0.0012,0.0012
30.09.2025 16:38:38.272 UTC,1.39257,1.39244,0.00225,0.0012
30.09.2025 16:38:38.379 UTC,1.39256,1.39244,0.0012,0.0012
30.09.2025 16:38:39.666 UTC,1.39257,1.39244,0.00135,0.0012
30.09.2025 16:38:41.180 UTC,1.39255,1.39245,0.0012,0.0012
30.09.2025 16:38:49.627 UTC,1.39256,1.39245,0.0018,0.0012
30.09.2025 16:38:57.778 UTC,1.39257,1.39243,0.0018,0.00186
30.09.2025 16:38:58.382 UTC,1.39256,1.39244,0.0024,0.00141
30.09.2025 16:38:58.485 UTC,1.39256,1.39244,0.00234,0.00132
30.09.2025 16:38:58.587 UTC,1.39256,1.39243,0.0012,0.00132
30.09.2025 16:39:01.106 UTC,1.39255,1.39245,0.0012,0.0012
30.09.2025 16:39:01.411 UTC,1.39256,1.39243,0.0012,0.0012
30.09.2025 16:39:05.088 UTC,1.39254,1.39243,0.0012,0.00276
30.09.2025 16:39:05.194 UTC,1.39253,1.39244,0.0012,0.0012
30.09.2025 16:39:05.254 UTC,1.39254,1.39241,0.0012,0.0012
30.09.2025 16:39:06.615 UTC,1.39254,1.39239,0.0012,0.00564
30.09.2025 16:39:07.423 UTC,1.39253,1.39242,0.0012,0.0012
30.09.2025 16:39:10.897 UTC,1.39252,1.39241,0.00132,0.0012
30.09.2025 16:39:10.949 UTC,1.39251,1.39239,0.00135,0.0018
30.09.2025 16:39:11.052 UTC,1.39253,1.39239,0.0012,0.00222
30.09.2025 16:39:11.156 UTC,1.39252,1.39241,0.0012,0.00189
30.09.2025 16:39:13.123 UTC,1.39254,1.3924,0.0012,0.00279
30.09.2025 16:39:15.116 UTC,1.39253,1.39241,0.0012,0.0024
30.09.2025 16:39:15.218 UTC,1.39254,1.3924,0.0012,0.00225
30.09.2025 16:39:15.472 UTC,1.39253,1.39241,0.0012,0.0024
30.09.2025 16:39:16.685 UTC,1.39254,1.3924,0.00132,0.0012
30.09.2025 16:39:18.500 UTC,1.39254,1.3924,0.0024,0.0018
30.09.2025 16:39:18.652 UTC,1.39254,1.3924,0.0018,0.0018
30.09.2025 16:39:18.755 UTC,1.39254,1.3924,0.0024,0.0018
30.09.2025 16:39:18.857 UTC,1.39253,1.39241,0.00225,0.0018
30.09.2025 16:39:19.109 UTC,1.39254,1.3924,0.0024,0.0018
30.09.2025 16:39:19.615 UTC,1.3925,1.39238,0.0012,0.00176
30.09.2025 16:39:19.718 UTC,1.3925,1.3924,0.0012,0.0012
30.09.2025 16:39:19.820 UTC,1.39253,1.39239,0.00143,0.0012
30.09.2025 16:39:20.578 UTC,1.39252,1.39239,0.0012,0.0018
30.09.2025 16:39:22.693 UTC,1.39253,1.39239,0.00225,0.0012
30.09.2025 16:39:24.002 UTC,1.39252,1.39239,0.0012,0.0012
30.09.2025 16:39:24.705 UTC,1.39253,1.39239,0.00225,0.0018
30.09.2025 16:39:29.624 UTC,1.39252,1.39238,0.0012,0.0018
30.09.2025 16:39:35.618 UTC,1.39252,1.39239,0.00143,0.0018
30.09.2025 16:39:37.033 UTC,1.39253,1.39239,0.00225,0.0018
30.09.2025 16:39:39.085 UTC,1.39253,1.39239,0.0018,0.00237
30.09.2025 16:39:39.137 UTC,1.39252,1.39241,0.0012,0.00132
30.09.2025 16:39:39.188 UTC,1.39254,1.39242,0.00143,0.00192
30.09.2025 16:39:40.048 UTC,1.39252,1.39242,0.0012,0.00132
30.09.2025 16:39:40.151 UTC,1.3925,1.3924,0.0027,0.00116
30.09.2025 16:39:40.255 UTC,1.39254,1.39243,0.00191,0.00132
30.09.2025 16:39:40.358 UTC,1.39254,1.39243,0.00143,0.00132
30.09.2025 16:39:42.075 UTC,1.39255,1.39242,0.00143,0.00132
30.09.2025 16:39:43.185 UTC,1.39255,1.39242,0.00143,0.0012
30.09.2025 16:39:48.976 UTC,1.39253,1.39242,0.0018,0.0012
30.09.2025 16:39:49.078 UTC,1.39252,1.39239,0.0018,0.00144
30.09.2025 16:39:49.232 UTC,1.39252,1.39241,0.0012,0.00132
30.09.2025 16:39:49.283 UTC,1.39253,1.39242,0.00233,0.00132
30.09.2025 16:39:49.790 UTC,1.39253,1.3924,0.0012,0.00189
30.09.2025 16:39:49.942 UTC,1.39253,1.3924,0.0012,0.00192
30.09.2025 16:39:50.045 UTC,1.39252,1.3924,0.00135,0.00132
30.09.2025 16:39:51.205 UTC,1.39252,1.3924,0.0012,0.00132
30.09.2025 16:39:51.816 UTC,1.39251,1.3924,0.00135,0.00132
30.09.2025 16:39:52.113 UTC,1.39251,1.3924,0.0012,0.00132
30.09.2025 16:39:53.728 UTC,1.39251,1.39239,0.0018,0.00276
30.09.2025 16:39:54.789 UTC,1.39252,1.39239,0.0012,0.0012
30.09.2025 16:39:55.193 UTC,1.39252,1.39239,0.0012,0.00192
30.09.2025 16:39:55.245 UTC,1.39254,1.39241,0.00143,0.0012
30.09.2025 16:39:58.967 UTC,1.39254,1.39242,0.0012,0.0012
30.09.2025 16:39:59.271 UTC,1.39252,1.39243,0.00135,0.0012
30.09.2025 16:39:59.323 UTC,1.39251,1.39239,0.0012,0.0012
30.09.2025 16:39:59.426 UTC,1.39252,1.39239,0.0018,0.0012
30.09.2025 16:40:00.236 UTC,1.39251,1.39237,0.0012,0.00381
30.09.2025 16:40:00.491 UTC,1.39251,1.39237,0.0012,0.00366
30.09.2025 16:40:00.593 UTC,1.39252,1.39238,0.0012,0.00144
30.09.2025 16:40:00.645 UTC,1.39253,1.3924,0.0012,0.0018
30.09.2025 16:40:01.003 UTC,1.39254,1.39241,0.0012,0.00135
30.09.2025 16:40:01.156 UTC,1.39253,1.39243,0.0012,0.0012
30.09.2025 16:40:01.411 UTC,1.39254,1.39243,0.0012,0.0018
30.09.2025 16:40:02.829 UTC,1.39256,1.39243,0.0018,0.00135
30.09.2025 16:40:13.874 UTC,1.39255,1.39244,0.0012,0.00249
30.09.2025 16:40:13.926 UTC,1.39257,1.39246,0.0018,0.0012
30.09.2025 16:40:14.028 UTC,1.39257,1.39245,0.0012,0.0012
30.09.2025 16:40:20.224 UTC,1.39256,1.39245,0.0012,0.0012
30.09.2025 16:40:20.929 UTC,1.39255,1.39245,0.0012,0.0012
30.09.2025 16:40:21.332 UTC,1.39257,1.39244,0.0012,0.0012
30.09.2025 16:40:21.785 UTC,1.39258,1.39245,0.00233,0.0012
30.09.2025 16:40:21.888 UTC,1.39256,1.39246,0.0012,0.0012
30.09.2025 16:40:28.429 UTC,1.39256,1.39243,0.0012,0.0018
30.09.2025 16:40:28.531 UTC,1.39255,1.39242,0.0012,0.00116
30.09.2025 16:40:28.634 UTC,1.39254,1.39242,0.0012,0.00495
30.09.2025 16:40:28.737 UTC,1.39254,1.3924,0.0012,0.0018
30.09.2025 16:40:29.194 UTC,1.39253,1.39242,0.00143,0.0012
30.09.2025 16:40:30.054 UTC,1.39253,1.39241,0.0012,0.00225
30.09.2025 16:40:33.327 UTC,1.39253,1.39242,0.0012,0.0012
30.09.2025 16:40:34.738 UTC,1.39254,1.39242,0.0012,0.0012
30.09.2025 16:40:34.841 UTC,1.39254,1.39241,0.0012,0.00135
30.09.2025 16:40:34.993 UTC,1.39253,1.39241,0.0012,0.0018
30.09.2025 16:40:35.095 UTC,1.39254,1.3924,0.0012,0.0024
30.09.2025 16:40:36.452 UTC,1.39254,1.3924,0.0012,0.00285
30.09.2025 16:40:36.705 UTC,1.39254,1.39241,0.0012,0.00135
30.09.2025 16:40:39.814 UTC,1.39254,1.39244,0.0012,0.0012
30.09.2025 16:40:41.327 UTC,1.39255,1.39244,0.0018,0.0018
30.09.2025 16:40:49.419 UTC,1.39257,1.39244,0.0012,0.0012
30.09.2025 16:40:57.779 UTC,1.39257,1.39249,0.0012,0.00132
30.09.2025 16:40:57.831 UTC,1.39261,1.3925,0.00206,0.00189
30.09.2025 16:40:57.934 UTC,1.39263,1.39251,0.00143,0.0018
30.09.2025 16:41:00.512 UTC,1.39263,1.39252,0.00143,0.0012
30.09.2025 16:41:01.370 UTC,1.39264,1.3925,0.00143,0.0012
30.09.2025 16:41:03.085 UTC,1.39264,1.39251,0.0012,0.0012
30.09.2025 16:41:05.250 UTC,1.39264,1.3925,0.0012,0.00135
30.09.2025 16:41:06.460 UTC,1.39264,1.39251,0.0012,0.0012
30.09.2025 16:41:16.498 UTC,1.39265,1.39251,0.00143,0.00225
30.09.2025 16:41:17.406 UTC,1.39264,1.39252,0.00233,0.0024
30.09.2025 16:41:17.608 UTC,1.39264,1.39252,0.00233,0.00225
30.09.2025 16:41:23.540 UTC,1.39265,1.39252,0.0018,0.0012
30.09.2025 16:41:24.496 UTC,1.39265,1.39253,0.0012,0.00144
30.09.2025 16:41:24.602 UTC,1.39266,1.39254,0.00251,0.00234
30.09.2025 16:41:24.705 UTC,1.39266,1.39254,0.0018,0.00234
30.09.2025 16:41:24.807 UTC,1.39265,1.39254,0.0012,0.00234
30.09.2025 16:41:30.091 UTC,1.39265,1.39256,0.0012,0.00132
30.09.2025 16:41:30.143 UTC,1.39269,1.39256,0.00191,0.0012
30.09.2025 16:41:33.225 UTC,1.39267,1.39256,0.0012,0.0012
30.09.2025 16:41:33.327 UTC,1.39266,1.39256,0.0012,0.0012
30.09.2025 16:41:34.133 UTC,1.39268,1.39255,0.00278,0.0012
30.09.2025 16:41:35.348 UTC,1.39269,1.39256,0.00251,0.0012
30.09.2025 16:41:44.977 UTC,1.39267,1.39256,0.0012,0.0012
30.09.2025 16:41:45.079 UTC,1.39268,1.39256,0.00143,0.0012
30.09.2025 16:41:54.123 UTC,1.39269,1.39256,0.00233,0.0012
30.09.2025 16:41:54.530 UTC,1.39268,1.3926,0.00143,0.00132
30.09.2025 16:41:54.633 UTC,1.39273,1.39261,0.00191,0.0012
30.09.2025 16:41:54.685 UTC,1.39273,1.39261,0.0012,0.0018
30.09.2025 16:41:54.787 UTC,1.39274,1.39261,0.0012,0.0018
30.09.2025 16:42:18.385 UTC,1.39274,1.39262,0.0012,0.0012
30.09.2025 16:42:23.763 UTC,1.39273,1.39264,0.0012,0.0012
30.09.2025 16:42:26.803 UTC,1.39268,1.3926,0.0018,0.0012
30.09.2025 16:42:26.907 UTC,1.39267,1.39256,0.0012,0.0012
30.09.2025 16:42:28.522 UTC,1.39267,1.39255,0.00132,0.0012
30.09.2025 16:42:28.624 UTC,1.39265,1.39256,0.0012,0.0012
30.09.2025 16:42:28.777 UTC,1.39265,1.39255,0.0012,0.0012
30.09.2025 16:42:29.691 UTC,1.39266,1.39255,0.00189,0.0012
30.09.2025 16:42:31.953 UTC,1.39267,1.39256,0.0012,0.0012
30.09.2025 16:42:32.056 UTC,1.39266,1.39256,0.0012,0.0012
30.09.2025 16:42:32.310 UTC,1.39267,1.39257,0.00147,0.0012
30.09.2025 16:42:33.678 UTC,1.39266,1.39256,0.0012,0.0012
30.09.2025 16:42:36.240 UTC,1.39269,1.39259,0.00259,0.0012
30.09.2025 16:42:36.343 UTC,1.39267,1.39257,0.0012,0.0012
30.09.2025 16:42:38.361 UTC,1.39266,1.39255,0.00132,0.0012
30.09.2025 16:42:38.412 UTC,1.39265,1.39254,0.00132,0.0012
30.09.2025 16:42:38.515 UTC,1.39265,1.39253,0.00245,0.0012
30.09.2025 16:42:50.536 UTC,1.39266,1.39254,0.00191,0.0012
30.09.2025 16:42:50.638 UTC,1.39265,1.39255,0.0012,0.0012
30.09.2025 16:42:51.598 UTC,1.39266,1.39252,0.0018,0.00357
30.09.2025 16:42:51.699 UTC,1.39266,1.39254,0.0012,0.0012
30.09.2025 16:42:51.802 UTC,1.39267,1.39254,0.0018,0.0018
30.09.2025 16:42:51.904 UTC,1.39266,1.39254,0.0012,0.0012
30.09.2025 16:42:54.449 UTC,1.39265,1.39254,0.00189,0.00222
30.09.2025 16:42:54.552 UTC,1.39264,1.39253,0.0012,0.00312
30.09.2025 16:42:54.655 UTC,1.39265,1.39254,0.00278,0.0012
30.09.2025 16:42:56.173 UTC,1.39265,1.39251,0.0012,0.00357
30.09.2025 16:42:58.343 UTC,1.39263,1.39251,0.0012,0.0012
30.09.2025 16:42:58.446 UTC,1.39262,1.39251,0.0012,0.00225
30.09.2025 16:42:59.658 UTC,1.39261,1.39251,0.0018,0.00135
30.09.2025 16:42:59.761 UTC,1.39255,1.39244,0.0012,0.00176
30.09.2025 16:42:59.812 UTC,1.39254,1.39244,0.0012,0.0012
30.09.2025 16:43:00.118 UTC,1.39254,1.39243,0.0018,0.00225
30.09.2025 16:43:00.220 UTC,1.39255,1.39243,0.0012,0.0012
30.09.2025 16:43:00.323 UTC,1.39253,1.39243,0.0012,0.0012
30.09.2025 16:43:00.779 UTC,1.39254,1.39244,0.0012,0.0012
30.09.2025 16:43:01.591 UTC,1.39255,1.39241,0.0018,0.0018
30.09.2025 16:43:01.694 UTC,1.39255,1.39241,0.0018,0.00285
30.09.2025 16:43:03.742 UTC,1.39254,1.39244,0.0012,0.0012
30.09.2025 16:43:03.895 UTC,1.39254,1.39243,0.0018,0.00177
30.09.2025 16:43:04.003 UTC,1.39253,1.39242,0.0012,0.0012
30.09.2025 16:43:04.105 UTC,1.39252,1.39242,0.0012,0.00135
30.09.2025 16:43:04.207 UTC,1.39254,1.39241,0.0012,0.00135
30.09.2025 16:43:04.309 UTC,1.39252,1.39242,0.0012,0.00135
30.09.2025 16:43:06.232 UTC,1.39252,1.39241,0.0012,0.0012
30.09.2025 16:43:06.334 UTC,1.39252,1.3924,0.0012,0.0012
30.09.2025 16:43:06.437 UTC,1.39251,1.39239,0.0012,0.0012
30.09.2025 16:43:06.590 UTC,1.39251,1.39237,0.0012,0.0012
30.09.2025 16:43:06.744 UTC,1.39251,1.39238,0.00143,0.0012
30.09.2025 16:43:06.846 UTC,1.3925,1.39238,0.0012,0.0012
30.09.2025 16:43:07.050 UTC,1.39251,1.39237,0.0012,0.0018
30.09.2025 16:43:07.405 UTC,1.3925,1.39239,0.0012,0.0018
30.09.2025 16:43:09.333 UTC,1.39252,1.39239,0.00143,0.00135
30.09.2025 16:43:09.435 UTC,1.39251,1.3924,0.0012,0.0018
30.09.2025 16:43:09.538 UTC,1.39252,1.39239,0.0012,0.0012
30.09.2025 16:43:10.346 UTC,1.39252,1.3924,0.0012,0.0012
30.09.2025 16:43:10.702 UTC,1.39252,1.39239,0.0012,0.00135
30.09.2025 16:43:11.308 UTC,1.39252,1.3924,0.0012,0.0012
30.09.2025 16:43:15.080 UTC,1.39251,1.3924,0.0012,0.0012
30.09.2025 16:43:16.645 UTC,1.39251,1.39239,0.0012,0.00135
30.09.2025 16:43:19.374 UTC,1.39251,1.3924,0.0012,0.00135
30.09.2025 16:43:19.426 UTC,1.39252,1.39241,0.0012,0.0012
30.09.2025 16:43:25.167 UTC,1.39252,1.3924,0.0012,0.0012
30.09.2025 16:43:28.743 UTC,1.39251,1.3924,0.0012,0.0012
30.09.2025 16:43:28.897 UTC,1.39252,1.39241,0.0012,0.0012
30.09.2025 16:43:32.077 UTC,1.39254,1.39241,0.0012,0.00225
30.09.2025 16:43:33.540 UTC,1.39253,1.39241,0.0012,0.0012
30.09.2025 16:43:33.694 UTC,1.39252,1.39241,0.0012,0.00135
30.09.2025 16:43:34.401 UTC,1.39253,1.39241,0.0012,0.0012
30.09.2025 16:43:35.567 UTC,1.39254,1.39243,0.00233,0.00135
30.09.2025 16:43:40.913 UTC,1.39255,1.39242,0.0012,0.0018
30.09.2025 16:43:42.218 UTC,1.39254,1.39242,0.0012,0.0045
30.09.2025 16:43:42.321 UTC,1.39254,1.39243,0.0012,0.00135
30.09.2025 16:43:43.081 UTC,1.39256,1.39242,0.0018,0.00177
30.09.2025 16:43:43.183 UTC,1.39256,1.39242,0.0012,0.00282
30.09.2025 16:43:46.452 UTC,1.39256,1.39242,0.0018,0.00116
30.09.2025 16:43:50.169 UTC,1.39254,1.39243,0.0012,0.00267
30.09.2025 16:43:51.291 UTC,1.39255,1.39242,0.0012,0.00282
30.09.2025 16:43:51.392 UTC,1.39255,1.39242,0.0012,0.00267
30.09.2025 16:43:51.695 UTC,1.39255,1.39242,0.0012,0.00282
30.09.2025 16:43:52.098 UTC,1.39254,1.39243,0.0012,0.00267
30.09.2025 16:43:52.403 UTC,1.39254,1.39241,0.0012,0.00177
30.09.2025 16:43:52.760 UTC,1.39255,1.39241,0.0012,0.00135
30.09.2025 16:43:52.863 UTC,1.39255,1.39242,0.0012,0.00135
30.09.2025 16:43:54.525 UTC,1.39256,1.39242,0.0018,0.00357
30.09.2025 16:43:58.602 UTC,1.39257,1.39251,0.0012,0.00135
30.09.2025 16:43:58.705 UTC,1.39264,1.39253,0.0012,0.0012
30.09.2025 16:43:58.808 UTC,1.39263,1.39252,0.0012,0.0018
30.09.2025 16:43:59.062 UTC,1.39265,1.39252,0.0018,0.0012
30.09.2025 16:44:02.677 UTC,1.39264,1.39252,0.0012,0.0012
30.09.2025 16:44:03.232 UTC,1.39264,1.39251,0.0018,0.0012
30.09.2025 16:44:03.334 UTC,1.39262,1.39252,0.0012,0.0012
30.09.2025 16:44:03.690 UTC,1.39262,1.39251,0.00132,0.0012
30.09.2025 16:44:03.742 UTC,1.39259,1.39247,0.0018,0.00236
30.09.2025 16:44:03.793 UTC,1.39259,1.39247,0.0012,0.0012
30.09.2025 16:44:03.896 UTC,1.39259,1.39245,0.0012,0.0012
30.09.2025 16:44:04.803 UTC,1.39259,1.39246,0.0018,0.0012
30.09.2025 16:44:05.511 UTC,1.39257,1.39244,0.0018,0.00132
30.09.2025 16:44:10.198 UTC,1.39256,1.39244,0.0018,0.0012
30.09.2025 16:44:10.304 UTC,1.39255,1.39244,0.0018,0.00132
30.09.2025 16:44:10.560 UTC,1.39256,1.39242,0.0018,0.00222
30.09.2025 16:44:11.216 UTC,1.39256,1.39243,0.0012,0.0012
30.09.2025 16:44:11.571 UTC,1.39256,1.39244,0.0018,0.0012
30.09.2025 16:44:13.972 UTC,1.39256,1.39243,0.0018,0.00132
30.09.2025 16:44:14.075 UTC,1.39255,1.39242,0.0012,0.0018
30.09.2025 16:44:16.699 UTC,1.39253,1.39243,0.0012,0.0012
30.09.2025 16:44:16.802 UTC,1.39254,1.39241,0.0012,0.00177
30.09.2025 16:44:17.358 UTC,1.39254,1.39242,0.0012,0.0012
30.09.2025 16:44:17.662 UTC,1.39254,1.39241,0.0012,0.00225
30.09.2025 16:44:22.538 UTC,1.39254,1.39242,0.0012,0.0012
30.09.2025 16:44:23.144 UTC,1.39254,1.39241,0.0012,0.00315
30.09.2025 16:44:23.914 UTC,1.39254,1.39242,0.0012,0.0012
30.09.2025 16:44:24.118 UTC,1.39255,1.39243,0.0012,0.0012
30.09.2025 16:44:24.527 UTC,1.39255,1.39242,0.0012,0.00315
30.09.2025 16:44:25.131 UTC,1.39255,1.39243,0.0018,0.00405
30.09.2025 16:44:27.092 UTC,1.39255,1.39241,0.0012,0.00447
30.09.2025 16:44:27.195 UTC,1.39252,1.39242,0.0012,0.00132
30.09.2025 16:44:27.298 UTC,1.39254,1.3924,0.0018,0.0018
30.09.2025 16:44:29.967 UTC,1.39253,1.3924,0.00462,0.0012
30.09.2025 16:44:30.070 UTC,1.39248,1.39238,0.0012,0.00176
30.09.2025 16:44:30.121 UTC,1.39248,1.39237,0.0012,0.0012
30.09.2025 16:44:30.224 UTC,1.39248,1.39235,0.0012,0.0012
30.09.2025 16:44:30.327 UTC,1.39247,1.39233,0.0018,0.00176
30.09.2025 16:44:30.430 UTC,1.39245,1.39232,0.0012,0.0018
30.09.2025 16:44:30.583 UTC,1.39246,1.39233,0.0012,0.0012
30.09.2025 16:44:30.686 UTC,1.39245,1.39232,0.0012,0.00132
30.09.2025 16:44:30.789 UTC,1.39244,1.39232,0.0012,0.0012
30.09.2025 16:44:32.556 UTC,1.39243,1.39232,0.0012,0.0018
30.09.2025 16:44:35.238 UTC,1.39242,1.39231,0.00189,0.0012
30.09.2025 16:44:35.392 UTC,1.39243,1.39231,0.0012,0.0012
30.09.2025 16:44:40.720 UTC,1.39243,1.3923,0.0012,0.0012
30.09.2025 16:44:40.874 UTC,1.39243,1.39231,0.0012,0.0012
30.09.2025 16:44:40.976 UTC,1.39243,1.3923,0.0012,0.0012
30.09.2025 16:44:42.489 UTC,1.39243,1.39229,0.0012,0.00222
30.09.2025 16:44:43.652 UTC,1.39242,1.3923,0.0012,0.0012
30.09.2025 16:44:43.758 UTC,1.39237,1.3923,0.0012,0.00132
30.09.2025 16:44:43.814 UTC,1.39238,1.39224,0.0018,0.00312
30.09.2025 16:44:44.581 UTC,1.39238,1.39223,0.0018,0.00312
30.09.2025 16:44:44.683 UTC,1.39238,1.39223,0.0018,0.00326
30.09.2025 16:44:44.786 UTC,1.39237,1.39223,0.0012,0.00176
30.09.2025 16:44:44.939 UTC,1.39237,1.39223,0.0012,0.00132
30.09.2025 16:44:48.993 UTC,1.39237,1.39223,0.0018,0.0024
30.09.2025 16:44:49.095 UTC,1.39236,1.39224,0.0018,0.00135
30.09.2025 16:44:49.649 UTC,1.39237,1.39223,0.0018,0.0024
30.09.2025 16:44:49.802 UTC,1.39236,1.39224,0.0018,0.00225
30.09.2025 16:44:50.256 UTC,1.39236,1.39224,0.0018,0.0024
30.09.2025 16:44:52.120 UTC,1.39236,1.39224,0.0018,0.00225
30.09.2025 16:44:52.221 UTC,1.39237,1.39224,0.0018,0.0018
30.09.2025 16:44:54.536 UTC,1.39235,1.39222,0.0018,0.0018
30.09.2025 16:44:54.639 UTC,1.39232,1.39222,0.0012,0.0012
30.09.2025 16:44:54.741 UTC,1.39233,1.39221,0.0012,0.00135
30.09.2025 16:44:56.094 UTC,1.39233,1.39221,0.0012,0.0018
30.09.2025 16:44:56.146 UTC,1.39235,1.39222,0.0012,0.0012
30.09.2025 16:44:57.762 UTC,1.39235,1.39223,0.0012,0.0012
30.09.2025 16:44:59.672 UTC,1.39234,1.39223,0.0012,0.00135
30.09.2025 16:45:00.075 UTC,1.39236,1.39222,0.0018,0.00324
30.09.2025 16:45:00.126 UTC,1.39236,1.39225,0.00225,0.0012
30.09.2025 16:45:00.228 UTC,1.39237,1.39225,0.0012,0.0012
30.09.2025 16:45:02.394 UTC,1.39236,1.39225,0.0012,0.00222
30.09.2025 16:45:03.301 UTC,1.39236,1.39226,0.0012,0.0012
30.09.2025 16:45:03.402 UTC,1.39237,1.39224,0.0012,0.00267
30.09.2025 16:45:05.360 UTC,1.39239,1.39231,0.00143,0.0012
30.09.2025 16:45:05.462 UTC,1.39242,1.39232,0.0012,0.0012
30.09.2025 16:45:05.565 UTC,1.39243,1.3923,0.0012,0.0012
30.09.2025 16:45:05.667 UTC,1.39243,1.39232,0.0012,0.0012
30.09.2025 16:45:06.073 UTC,1.39242,1.39232,0.0012,0.0012
30.09.2025 16:45:06.378 UTC,1.3924,1.39228,0.0012,0.00176
30.09.2025 16:45:06.481 UTC,1.39238,1.39228,0.0012,0.0012
30.09.2025 16:45:06.583 UTC,1.39239,1.39226,0.0012,0.0018
30.09.2025 16:45:10.851 UTC,1.39238,1.39227,0.0012,0.0024
30.09.2025 16:45:10.953 UTC,1.3924,1.3923,0.0012,0.0012
30.09.2025 16:45:11.712 UTC,1.39241,1.3923,0.0012,0.0012
30.09.2025 16:45:12.016 UTC,1.39242,1.3923,0.0012,0.0012
30.09.2025 16:45:12.978 UTC,1.39242,1.39231,0.0012,0.0012
30.09.2025 16:45:16.852 UTC,1.39242,1.3923,0.0012,0.0012
30.09.2025 16:45:18.691 UTC,1.39242,1.39231,0.0012,0.0012
30.09.2025 16:45:19.400 UTC,1.3924,1.39227,0.0018,0.0012
30.09.2025 16:45:19.452 UTC,1.39238,1.39226,0.0012,0.0012
30.09.2025 16:45:19.606 UTC,1.39238,1.39227,0.00143,0.0018
30.09.2025 16:45:21.875 UTC,1.39238,1.39225,0.0018,0.0012
30.09.2025 16:45:21.977 UTC,1.39238,1.39224,0.0018,0.00132
30.09.2025 16:45:22.836 UTC,1.39235,1.39224,0.0012,0.00267
30.09.2025 16:45:25.368 UTC,1.39235,1.39222,0.0012,0.00281
30.09.2025 16:45:25.470 UTC,1.39235,1.39222,0.0012,0.00267
30.09.2025 16:45:25.572 UTC,1.39234,1.39223,0.0012,0.00282
30.09.2025 16:45:25.726 UTC,1.39236,1.39223,0.0018,0.00116
30.09.2025 16:45:27.089 UTC,1.39236,1.39224,0.0018,0.0012
30.09.2025 16:45:29.602 UTC,1.39236,1.39223,0.0018,0.00267
30.09.2025 16:45:36.492 UTC,1.39237,1.39223,0.0012,0.00222
30.09.2025 16:45:36.796 UTC,1.39237,1.39224,0.0018,0.0012
30.09.2025 16:45:43.237 UTC,1.39237,1.39223,0.0018,0.00357
30.09.2025 16:45:43.892 UTC,1.39237,1.39224,0.0012,0.00225
30.09.2025 16:45:43.999 UTC,1.39237,1.39225,0.0012,0.0012
30.09.2025 16:45:44.102 UTC,1.39236,1.39225,0.0012,0.00315
30.09.2025 16:45:45.060 UTC,1.39236,1.39225,0.0012,0.0024
30.09.2025 16:45:45.262 UTC,1.39237,1.39223,0.0012,0.0051
30.09.2025 16:45:45.969 UTC,1.39236,1.39224,0.0018,0.00225
30.09.2025 16:45:46.925 UTC,1.39237,1.39224,0.0018,0.0012
30.09.2025 16:45:47.987 UTC,1.39236,1.39226,0.0018,0.0012
30.09.2025 16:45:48.192 UTC,1.39236,1.39225,0.0018,0.0018
30.09.2025 16:45:51.614 UTC,1.39238,1.39225,0.0018,0.00135
30.09.2025 16:45:51.716 UTC,1.39239,1.39228,0.0012,0.0018
30.09.2025 16:45:53.556 UTC,1.39239,1.39227,0.0012,0.0012
30.09.2025 16:45:53.608 UTC,1.39238,1.39226,0.0018,0.0054
30.09.2025 16:45:53.710 UTC,1.39239,1.39226,0.0012,0.0018
30.09.2025 16:45:53.965 UTC,1.39239,1.39227,0.0012,0.0012
30.09.2025 16:45:56.436 UTC,1.39239,1.39226,0.0012,0.0018
30.09.2025 16:45:56.637 UTC,1.39238,1.39228,0.0012,0.0012
30.09.2025 16:45:57.642 UTC,1.39239,1.39226,0.0012,0.0018
30.09.2025 16:45:59.556 UTC,1.39238,1.39228,0.0012,0.0012
30.09.2025 16:46:00.264 UTC,1.39237,1.39225,0.0018,0.00495
30.09.2025 16:46:03.687 UTC,1.39237,1.39226,0.0018,0.0012
30.09.2025 16:46:09.143 UTC,1.39237,1.39227,0.00225,0.0012
30.09.2025 16:46:09.195 UTC,1.39241,1.39228,0.00191,0.0027
30.09.2025 16:46:09.298 UTC,1.39244,1.39232,0.0012,0.0012
30.09.2025 16:46:11.426 UTC,1.39244,1.39231,0.0012,0.0027
30.09.2025 16:46:18.217 UTC,1.39244,1.39231,0.0012,0.00192
30.09.2025 16:46:27.571 UTC,1.39245,1.39232,0.00143,0.00132
30.09.2025 16:46:27.725 UTC,1.39245,1.39234,0.0012,0.00279
30.09.2025 16:46:33.897 UTC,1.39246,1.39234,0.0012,0.0012
30.09.2025 16:46:35.308 UTC,1.39246,1.39234,0.0012,0.00132
30.09.2025 16:46:35.562 UTC,1.39246,1.39235,0.0018,0.00132
30.09.2025 16:46:42.683 UTC,1.39247,1.39237,0.0012,0.00132
30.09.2025 16:46:42.887 UTC,1.39248,1.39237,0.0012,0.00132
30.09.2025 16:46:42.942 UTC,1.3925,1.39239,0.00143,0.0012
30.09.2025 16:46:42.994 UTC,1.39252,1.39242,0.00191,0.0012
30.09.2025 16:46:43.045 UTC,1.39254,1.39241,0.00143,0.00192
30.09.2025 16:46:47.486 UTC,1.39254,1.39243,0.0012,0.0012
30.09.2025 16:46:52.715 UTC,1.39256,1.39243,0.00233,0.00135
30.09.2025 16:47:13.101 UTC,1.39255,1.39244,0.00143,0.00132
30.09.2025 16:47:18.400 UTC,1.39257,1.39244,0.00251,0.00132
30.09.2025 16:47:18.504 UTC,1.3926,1.39248,0.00191,0.00132
30.09.2025 16:47:18.557 UTC,1.3926,1.39247,0.00251,0.00132
30.09.2025 16:47:18.660 UTC,1.39259,1.39246,0.00233,0.00132
30.09.2025 16:47:18.763 UTC,1.39258,1.39246,0.0012,0.00132
30.09.2025 16:47:18.865 UTC,1.39257,1.39246,0.0018,0.00132
30.09.2025 16:47:19.877 UTC,1.39257,1.39245,0.0012,0.00132
30.09.2025 16:47:21.642 UTC,1.39257,1.39246,0.00233,0.00132
30.09.2025 16:47:29.426 UTC,1.39257,1.39245,0.0012,0.0012
30.09.2025 16:47:32.541 UTC,1.39257,1.39246,0.00233,0.0012
30.09.2025 16:47:33.697 UTC,1.39257,1.39245,0.0012,0.0012
30.09.2025 16:47:35.807 UTC,1.39257,1.39244,0.00189,0.0012
30.09.2025 16:47:38.886 UTC,1.39257,1.39243,0.00143,0.00237
30.09.2025 16:47:40.102 UTC,1.39257,1.39243,0.0012,0.00237
30.09.2025 16:47:40.658 UTC,1.39257,1.39244,0.0018,0.00147
30.09.2025 16:47:50.624 UTC,1.39257,1.39243,0.0012,0.00237
30.09.2025 16:47:56.152 UTC,1.39255,1.39244,0.00135,0.00132
30.09.2025 16:47:56.305 UTC,1.39256,1.39242,0.00206,0.00192
30.09.2025 16:47:57.113 UTC,1.39256,1.39242,0.00191,0.00189
30.09.2025 16:47:57.215 UTC,1.39255,1.39243,0.00191,0.00192
30.09.2025 16:48:00.690 UTC,1.39253,1.39242,0.00143,0.00132
30.09.2025 16:48:00.792 UTC,1.39255,1.39242,0.00143,0.00132
30.09.2025 16:48:02.273 UTC,1.39256,1.39243,0.00341,0.00132
30.09.2025 16:48:02.429 UTC,1.39256,1.39243,0.00323,0.00132
30.09.2025 16:48:05.695 UTC,1.39255,1.39242,0.0012,0.00132
30.09.2025 16:48:05.802 UTC,1.39254,1.39243,0.00143,0.00132
30.09.2025 16:48:05.956 UTC,1.39255,1.39244,0.00191,0.00132
30.09.2025 16:48:06.109 UTC,1.39256,1.39243,0.00143,0.00147
30.09.2025 16:48:06.211 UTC,1.39257,1.39244,0.0018,0.00132
30.09.2025 16:48:06.919 UTC,1.39257,1.39245,0.00458,0.00132
30.09.2025 16:48:07.676 UTC,1.39257,1.39244,0.0012,0.00144
30.09.2025 16:48:17.022 UTC,1.39256,1.39243,0.0012,0.00192
30.09.2025 16:48:17.124 UTC,1.39257,1.39244,0.00143,0.00132
30.09.2025 16:48:17.277 UTC,1.39257,1.39246,0.00278,0.00132
30.09.2025 16:48:17.883 UTC,1.39261,1.39247,0.00251,0.00282
30.09.2025 16:48:17.986 UTC,1.39261,1.39247,0.00191,0.00282
30.09.2025 16:48:25.112 UTC,1.39261,1.39249,0.00251,0.0012
30.09.2025 16:48:25.318 UTC,1.39262,1.39252,0.0018,0.0012
30.09.2025 16:48:25.420 UTC,1.39262,1.39253,0.00188,0.0012
30.09.2025 16:48:29.694 UTC,1.39264,1.39253,0.00191,0.0012
30.09.2025 16:48:29.796 UTC,1.39263,1.39254,0.00143,0.0012
30.09.2025 16:48:39.596 UTC,1.39264,1.39251,0.0012,0.0012
30.09.2025 16:48:44.074 UTC,1.39263,1.3925,0.0012,0.0018
30.09.2025 16:48:48.663 UTC,1.39261,1.39249,0.0012,0.0012
30.09.2025 16:48:48.767 UTC,1.3926,1.39247,0.0018,0.00231
30.09.2025 16:48:49.279 UTC,1.39259,1.39247,0.0012,0.0012
30.09.2025 16:48:52.153 UTC,1.39258,1.39247,0.0012,0.00225
30.09.2025 16:48:56.232 UTC,1.39258,1.39247,0.0018,0.00285
30.09.2025 16:48:56.535 UTC,1.39259,1.39246,0.0018,0.0027
30.09.2025 16:48:58.152 UTC,1.39258,1.39246,0.0012,0.0012
30.09.2025 16:49:00.173 UTC,1.39257,1.39246,0.0012,0.00225
30.09.2025 16:49:00.276 UTC,1.39258,1.39246,0.0012,0.0012
30.09.2025 16:49:03.127 UTC,1.39258,1.39244,0.0012,0.00537
30.09.2025 16:49:04.086 UTC,1.39257,1.39244,0.00135,0.0012
30.09.2025 16:49:04.189 UTC,1.39256,1.39243,0.0012,0.00132
30.09.2025 16:49:05.146 UTC,1.39255,1.39243,0.0012,0.00537
30.09.2025 16:49:05.451 UTC,1.39254,1.39242,0.0012,0.00132
30.09.2025 16:49:05.554 UTC,1.39255,1.39241,0.0012,0.0012
30.09.2025 16:49:13.214 UTC,1.39253,1.3924,0.0012,0.0012
30.09.2025 16:49:13.822 UTC,1.39252,1.39239,0.0012,0.0036
30.09.2025 16:49:13.925 UTC,1.39249,1.39236,0.0012,0.00236
30.09.2025 16:49:14.027 UTC,1.39249,1.39236,0.0012,0.0018
30.09.2025 16:49:14.180 UTC,1.39251,1.39237,0.00191,0.0012
30.09.2025 16:49:14.282 UTC,1.39251,1.39237,0.00143,0.0012
30.09.2025 16:49:15.090 UTC,1.39251,1.39239,0.00143,0.0018
30.09.2025 16:49:15.193 UTC,1.39252,1.39239,0.0012,0.0012
30.09.2025 16:49:18.577 UTC,1.39251,1.39239,0.0012,0.00315
30.09.2025 16:49:19.282 UTC,1.39251,1.39239,0.0012,0.0024
30.09.2025 16:49:20.341 UTC,1.39252,1.39238,0.0012,0.00225
30.09.2025 16:49:20.493 UTC,1.39251,1.39239,0.0012,0.0024
30.09.2025 16:49:20.595 UTC,1.39252,1.39238,0.0012,0.00225
30.09.2025 16:49:20.797 UTC,1.39252,1.39238,0.0012,0.0024
30.09.2025 16:49:21.250 UTC,1.39252,1.39238,0.0012,0.00225
30.09.2025 16:49:21.403 UTC,1.39252,1.39238,0.0012,0.0024
30.09.2025 16:49:21.555 UTC,1.39252,1.39238,0.0012,0.00225
30.09.2025 16:49:21.707 UTC,1.39252,1.39238,0.0012,0.0024
30.09.2025 16:49:22.010 UTC,1.39252,1.39238,0.0012,0.00225
30.09.2025 16:49:23.426 UTC,1.39251,1.39239,0.0012,0.0024
30.09.2025 16:49:23.527 UTC,1.39251,1.39239,0.0012,0.00225
30.09.2025 16:49:23.982 UTC,1.39252,1.39238,0.0012,0.0024
30.09.2025 16:49:24.084 UTC,1.39252,1.39238,0.0012,0.00225
30.09.2025 16:49:24.977 UTC,1.39252,1.39238,0.0012,0.0024
30.09.2025 16:49:25.079 UTC,1.39252,1.39238,0.0012,0.00225
30.09.2025 16:49:26.038 UTC,1.39252,1.39238,0.0012,0.0024
30.09.2025 16:49:26.994 UTC,1.39252,1.39238,0.0012,0.00225
30.09.2025 16:49:27.249 UTC,1.39252,1.39238,0.0012,0.0024
30.09.2025 16:49:27.704 UTC,1.39252,1.39238,0.0012,0.00225
30.09.2025 16:49:28.058 UTC,1.39252,1.39238,0.0012,0.0024
30.09.2025 16:49:28.160 UTC,1.39252,1.39238,0.0012,0.00225
30.09.2025 16:49:28.362 UTC,1.39251,1.39239,0.0012,0.0024
30.09.2025 16:49:28.668 UTC,1.39251,1.39239,0.0012,0.00225
30.09.2025 16:49:29.577 UTC,1.39252,1.39238,0.0012,0.0042
30.09.2025 16:49:29.837 UTC,1.39251,1.39239,0.0012,0.00405
30.09.2025 16:49:30.396 UTC,1.39251,1.39239,0.0012,0.0024
30.09.2025 16:49:30.498 UTC,1.39252,1.39238,0.0012,0.00225
30.09.2025 16:49:30.600 UTC,1.39252,1.39238,0.0012,0.0024
30.09.2025 16:49:30.702 UTC,1.39251,1.39239,0.00143,0.00225
30.09.2025 16:49:30.855 UTC,1.39252,1.39239,0.00233,0.0012
30.09.2025 16:49:31.160 UTC,1.39252,1.39238,0.00188,0.0018
30.09.2025 16:49:31.314 UTC,1.3925,1.39238,0.0012,0.0033
30.09.2025 16:49:32.527 UTC,1.3925,1.39238,0.0012,0.0012
30.09.2025 16:49:32.630 UTC,1.3925,1.39237,0.0012,0.0012
30.09.2025 16:49:32.732 UTC,1.3925,1.39236,0.0012,0.00495
30.09.2025 16:49:33.290 UTC,1.39249,1.39236,0.0012,0.0012
30.09.2025 16:49:47.521 UTC,1.39249,1.39236,0.0012,0.0024
30.09.2025 16:49:47.875 UTC,1.39249,1.39236,0.0012,0.00225
30.09.2025 16:49:48.229 UTC,1.39249,1.39236,0.0012,0.0024
30.09.2025 16:49:48.332 UTC,1.3925,1.39236,0.00233,0.00315
30.09.2025 16:49:50.763 UTC,1.39249,1.39236,0.0012,0.0018
30.09.2025 16:49:51.422 UTC,1.3925,1.39236,0.00225,0.0018
30.09.2025 16:49:52.733 UTC,1.39247,1.39236,0.0012,0.00357
30.09.2025 16:49:52.937 UTC,1.39247,1.39236,0.0012,0.00282
30.09.2025 16:49:53.240 UTC,1.39247,1.39236,0.0012,0.00267
30.09.2025 16:49:56.815 UTC,1.39247,1.39235,0.0012,0.0012
30.09.2025 16:49:56.919 UTC,1.39245,1.39232,0.0012,0.00326
30.09.2025 16:49:57.022 UTC,1.39245,1.39232,0.0012,0.0012
30.09.2025 16:49:57.982 UTC,1.39244,1.39232,0.0012,0.0012
30.09.2025 16:49:58.690 UTC,1.39243,1.3923,0.0012,0.0012
30.09.2025 16:50:02.259 UTC,1.39241,1.3923,0.0012,0.0012
30.09.2025 16:50:12.895 UTC,1.39238,1.39229,0.0012,0.0012
30.09.2025 16:50:12.998 UTC,1.39238,1.39226,0.0018,0.0012
30.09.2025 16:50:14.209 UTC,1.39237,1.39226,0.0012,0.0012
30.09.2025 16:50:14.311 UTC,1.39236,1.39226,0.0012,0.0012
30.09.2025 16:50:15.324 UTC,1.39234,1.39227,0.0012,0.0012
30.09.2025 16:50:16.180 UTC,1.39234,1.39226,0.0012,0.0012
30.09.2025 16:50:16.333 UTC,1.39235,1.39227,0.00233,0.0012
30.09.2025 16:50:16.436 UTC,1.39235,1.39226,0.0012,0.0012
30.09.2025 16:50:17.744 UTC,1.39236,1.39226,0.0018,0.0012
30.09.2025 16:50:18.799 UTC,1.39235,1.39224,0.0018,0.00135
30.09.2025 16:50:19.707 UTC,1.39235,1.39223,0.0018,0.00222
30.09.2025 16:50:19.901 UTC,1.39235,1.39221,0.0012,0.00686
30.09.2025 16:50:20.105 UTC,1.39235,1.39221,0.0012,0.00687
30.09.2025 16:50:20.207 UTC,1.39235,1.39222,0.0012,0.00116
30.09.2025 16:50:21.315 UTC,1.39234,1.39222,0.0012,0.00582
30.09.2025 16:50:21.620 UTC,1.39235,1.39221,0.0012,0.00507
30.09.2025 16:50:22.328 UTC,1.39234,1.39222,0.0012,0.00492
30.09.2025 16:50:23.386 UTC,1.39234,1.39222,0.0012,0.00507
30.09.2025 16:50:23.488 UTC,1.39234,1.39222,0.0012,0.00492
30.09.2025 16:50:23.742 UTC,1.39235,1.39221,0.0012,0.00507
30.09.2025 16:50:23.894 UTC,1.39235,1.39221,0.00189,0.00222
30.09.2025 16:50:23.997 UTC,1.39233,1.3922,0.0012,0.00447
30.09.2025 16:50:24.506 UTC,1.39232,1.39219,0.0012,0.00312
30.09.2025 16:50:24.762 UTC,1.39232,1.3922,0.00315,0.00135
30.09.2025 16:50:25.370 UTC,1.39233,1.39218,0.00368,0.00225
30.09.2025 16:50:25.573 UTC,1.39233,1.39218,0.00431,0.0018
30.09.2025 16:50:26.681 UTC,1.39231,1.3922,0.00143,0.0012
30.09.2025 16:50:27.795 UTC,1.39233,1.39219,0.00278,0.00135
30.09.2025 16:50:27.947 UTC,1.39233,1.39219,0.00338,0.0012
30.09.2025 16:50:28.151 UTC,1.39233,1.39218,0.00233,0.0051
30.09.2025 16:50:28.454 UTC,1.39233,1.39218,0.00233,0.00405
30.09.2025 16:50:29.159 UTC,1.39233,1.39218,0.00233,0.0042
30.09.2025 16:50:29.616 UTC,1.39233,1.39218,0.00233,0.00225
30.09.2025 16:50:29.719 UTC,1.39228,1.39217,0.0012,0.00132
30.09.2025 16:50:29.873 UTC,1.39228,1.39214,0.0018,0.0018
30.09.2025 16:50:30.279 UTC,1.39227,1.39214,0.0018,0.00492
30.09.2025 16:50:31.039 UTC,1.39227,1.39212,0.0012,0.00416
30.09.2025 16:50:34.109 UTC,1.39226,1.39213,0.0012,0.00141
30.09.2025 16:50:38.336 UTC,1.39226,1.39213,0.0012,0.00234
30.09.2025 16:50:38.439 UTC,1.39228,1.39216,0.0012,0.00132
30.09.2025 16:50:38.542 UTC,1.39229,1.39216,0.0012,0.0012
30.09.2025 16:50:41.311 UTC,1.39229,1.39215,0.0012,0.00189
30.09.2025 16:50:42.523 UTC,1.39227,1.39216,0.0012,0.0012
30.09.2025 16:50:42.627 UTC,1.39227,1.39215,0.0012,0.00276
30.09.2025 16:50:43.283 UTC,1.39229,1.39217,0.0012,0.00147
30.09.2025 16:50:43.386 UTC,1.39228,1.39218,0.0012,0.00144
30.09.2025 16:50:44.901 UTC,1.39229,1.39216,0.0012,0.00252
30.09.2025 16:50:45.814 UTC,1.39228,1.39218,0.0012,0.00144
30.09.2025 16:50:45.865 UTC,1.39231,1.39217,0.00143,0.00135
30.09.2025 16:50:45.968 UTC,1.39231,1.39216,0.00251,0.0024
30.09.2025 16:50:46.375 UTC,1.3923,1.39216,0.00233,0.00135
30.09.2025 16:50:47.186 UTC,1.39229,1.39216,0.0012,0.00135
30.09.2025 16:50:50.807 UTC,1.39228,1.39217,0.0012,0.0018
30.09.2025 16:50:51.260 UTC,1.39229,1.39216,0.0012,0.00225
30.09.2025 16:50:51.563 UTC,1.39229,1.39216,0.0012,0.0024
30.09.2025 16:50:51.914 UTC,1.39228,1.39217,0.0012,0.00225
30.09.2025 16:50:52.642 UTC,1.39229,1.39217,0.0012,0.0012
30.09.2025 16:50:54.559 UTC,1.39232,1.39221,0.00143,0.0012
30.09.2025 16:50:54.916 UTC,1.39233,1.39219,0.00143,0.00315
30.09.2025 16:50:56.831 UTC,1.39232,1.3922,0.0012,0.0033
30.09.2025 16:50:57.989 UTC,1.39233,1.39219,0.0012,0.00324
30.09.2025 16:50:58.142 UTC,1.39232,1.3922,0.0012,0.00339
30.09.2025 16:50:59.046 UTC,1.39233,1.39219,0.0012,0.00324
30.09.2025 16:50:59.249 UTC,1.39233,1.39219,0.0012,0.00339
30.09.2025 16:50:59.402 UTC,1.39233,1.39219,0.0012,0.00324
30.09.2025 16:51:00.053 UTC,1.39232,1.3922,0.0012,0.00339
30.09.2025 16:51:00.205 UTC,1.39233,1.3922,0.0012,0.0012
30.09.2025 16:51:00.256 UTC,1.39232,1.3922,0.0012,0.00339
30.09.2025 16:51:01.065 UTC,1.39233,1.3922,0.0012,0.00249
30.09.2025 16:51:01.167 UTC,1.39232,1.39221,0.0012,0.00234
30.09.2025 16:51:03.576 UTC,1.39233,1.3922,0.0012,0.00237
30.09.2025 16:51:05.384 UTC,1.39233,1.3922,0.0012,0.00147
30.09.2025 16:51:05.789 UTC,1.39234,1.39224,0.00143,0.00132
30.09.2025 16:51:05.892 UTC,1.39237,1.39223,0.0018,0.00132
30.09.2025 16:51:05.995 UTC,1.39235,1.39222,0.0018,0.00563
30.09.2025 16:51:06.098 UTC,1.39235,1.39222,0.00233,0.00507
30.09.2025 16:51:06.200 UTC,1.39235,1.39221,0.00143,0.00327
30.09.2025 16:51:07.766 UTC,1.39235,1.39222,0.00233,0.00327
30.09.2025 16:51:08.374 UTC,1.39235,1.39222,0.00233,0.00432
30.09.2025 16:51:09.934 UTC,1.39235,1.39223,0.0012,0.00147
30.09.2025 16:51:10.236 UTC,1.39236,1.39222,0.0012,0.00144
30.09.2025 16:51:11.041 UTC,1.39236,1.39222,0.0012,0.00192
30.09.2025 16:51:11.444 UTC,1.39235,1.39223,0.0012,0.00144
30.09.2025 16:51:12.451 UTC,1.39235,1.39223,0.0012,0.00192
30.09.2025 16:51:12.654 UTC,1.39236,1.39222,0.0012,0.00132
30.09.2025 16:51:14.706 UTC,1.39235,1.39222,0.0012,0.00132
30.09.2025 16:51:27.344 UTC,1.39234,1.39221,0.0012,0.00225
30.09.2025 16:51:27.450 UTC,1.39233,1.3922,0.0012,0.00132
30.09.2025 16:51:27.553 UTC,1.39233,1.3922,0.00191,0.00132
30.09.2025 16:51:28.868 UTC,1.39233,1.3922,0.00143,0.00132
30.09.2025 16:51:30.681 UTC,1.39231,1.39218,0.0012,0.00234
30.09.2025 16:51:31.087 UTC,1.39229,1.39217,0.0012,0.0012
30.09.2025 16:51:31.292 UTC,1.39232,1.39219,0.00341,0.00132
30.09.2025 16:51:31.343 UTC,1.39232,1.3922,0.0012,0.0012
30.09.2025 16:51:33.810 UTC,1.39233,1.39221,0.00191,0.0012
30.09.2025 16:51:33.964 UTC,1.39233,1.39222,0.00143,0.0012
30.09.2025 16:51:36.884 UTC,1.39234,1.3922,0.00233,0.0012
30.09.2025 16:51:36.987 UTC,1.39234,1.39221,0.00233,0.0012
30.09.2025 16:51:37.340 UTC,1.39233,1.39222,0.00392,0.0012
30.09.2025 16:51:37.392 UTC,1.39232,1.3922,0.00233,0.00135
30.09.2025 16:51:37.546 UTC,1.39231,1.39218,0.0012,0.00132
30.09.2025 16:51:37.648 UTC,1.39231,1.39217,0.00143,0.0045
30.09.2025 16:51:37.752 UTC,1.39229,1.39216,0.0012,0.00225
30.09.2025 16:51:38.847 UTC,1.39228,1.39218,0.0012,0.0012
30.09.2025 16:51:39.153 UTC,1.3923,1.39217,0.0018,0.00225
30.09.2025 16:51:39.260 UTC,1.39231,1.39219,0.0012,0.0012
30.09.2025 16:51:41.679 UTC,1.3923,1.39219,0.0012,0.00135
30.09.2025 16:51:42.537 UTC,1.39231,1.39219,0.0012,0.00135
30.09.2025 16:51:42.889 UTC,1.39232,1.3922,0.0012,0.00135
30.09.2025 16:51:43.042 UTC,1.39232,1.39221,0.0012,0.0012
30.09.2025 16:51:45.762 UTC,1.39233,1.39221,0.0012,0.0012
30.09.2025 16:51:49.953 UTC,1.39234,1.39221,0.00143,0.0012
30.09.2025 16:51:54.338 UTC,1.39234,1.39222,0.00143,0.0012
30.09.2025 16:51:54.945 UTC,1.39233,1.39222,0.00143,0.00135
30.09.2025 16:52:01.202 UTC,1.39233,1.39221,0.00143,0.00405
30.09.2025 16:52:01.657 UTC,1.39233,1.39222,0.00143,0.0012
30.09.2025 16:52:02.965 UTC,1.39234,1.39221,0.00191,0.0012
30.09.2025 16:52:07.593 UTC,1.39233,1.3922,0.00143,0.0012
30.09.2025 16:52:07.695 UTC,1.39233,1.39219,0.00143,0.00315
30.09.2025 16:52:08.050 UTC,1.39233,1.39218,0.00143,0.00225
30.09.2025 16:52:08.555 UTC,1.39231,1.39217,0.0012,0.00492
30.09.2025 16:52:09.466 UTC,1.39231,1.39218,0.0012,0.00135
30.09.2025 16:52:09.822 UTC,1.39231,1.39219,0.0012,0.0012
30.09.2025 16:52:10.835 UTC,1.39231,1.39217,0.0012,0.00495
30.09.2025 16:52:10.938 UTC,1.3923,1.39218,0.0012,0.0012
30.09.2025 16:52:10.989 UTC,1.39228,1.39217,0.0012,0.00116
30.09.2025 16:52:11.092 UTC,1.39228,1.39216,0.0012,0.0036
30.09.2025 16:52:11.194 UTC,1.39229,1.39215,0.0012,0.00387
30.09.2025 16:52:11.499 UTC,1.3923,1.39216,0.00143,0.00249
30.09.2025 16:52:14.419 UTC,1.39231,1.39217,0.00143,0.00249
30.09.2025 16:52:14.572 UTC,1.39231,1.39217,0.00143,0.00135
30.09.2025 16:52:15.278 UTC,1.39231,1.39217,0.00143,0.0018
30.09.2025 16:52:15.430 UTC,1.3923,1.39216,0.0012,0.00285
30.09.2025 16:52:20.812 UTC,1.39229,1.39216,0.0012,0.0018
30.09.2025 16:52:20.915 UTC,1.39228,1.39215,0.0018,0.00135
30.09.2025 16:52:25.554 UTC,1.39227,1.39213,0.0012,0.00492
30.09.2025 16:52:25.657 UTC,1.39227,1.39214,0.0018,0.0012
30.09.2025 16:52:27.774 UTC,1.39227,1.39213,0.0012,0.00357
30.09.2025 16:52:28.984 UTC,1.39227,1.39213,0.0012,0.00372
30.09.2025 16:52:30.497 UTC,1.39226,1.39214,0.0012,0.00357
30.09.2025 16:52:30.899 UTC,1.39227,1.39213,0.0012,0.00462
30.09.2025 16:52:31.857 UTC,1.39226,1.39214,0.0018,0.00447
30.09.2025 16:52:32.161 UTC,1.39226,1.39213,0.0012,0.00267
30.09.2025 16:52:33.725 UTC,1.39227,1.39213,0.00143,0.00315
30.09.2025 16:52:34.534 UTC,1.39227,1.39213,0.0012,0.0033
30.09.2025 16:52:36.159 UTC,1.39229,1.39221,0.00191,0.0012
30.09.2025 16:52:36.262 UTC,1.39234,1.39221,0.00251,0.0012
30.09.2025 16:52:39.187 UTC,1.39234,1.3922,0.00191,0.0018
30.09.2025 16:52:39.391 UTC,1.39231,1.39219,0.0018,0.0018
30.09.2025 16:52:39.442 UTC,1.3923,1.39217,0.0012,0.0018
30.09.2025 16:52:42.114 UTC,1.39229,1.39216,0.0012,0.00315
30.09.2025 16:52:44.686 UTC,1.39227,1.39215,0.0012,0.0012
30.09.2025 16:52:44.790 UTC,1.39226,1.39215,0.0012,0.0012
30.09.2025 16:52:44.892 UTC,1.39227,1.39215,0.0018,0.00225
30.09.2025 16:52:45.045 UTC,1.39228,1.39215,0.0012,0.0012
30.09.2025 16:52:45.197 UTC,1.39228,1.39214,0.0012,0.00315
30.09.2025 16:52:45.300 UTC,1.39227,1.39216,0.0012,0.0012
30.09.2025 16:52:47.220 UTC,1.39227,1.39215,0.00135,0.0018
30.09.2025 16:52:48.763 UTC,1.39228,1.39215,0.0012,0.0012
30.09.2025 16:52:48.865 UTC,1.39228,1.39217,0.00143,0.0012
30.09.2025 16:52:52.890 UTC,1.39228,1.39216,0.0012,0.0012
30.09.2025 16:52:52.941 UTC,1.39228,1.39214,0.0012,0.0018
30.09.2025 16:52:53.904 UTC,1.39228,1.39213,0.0012,0.00627
30.09.2025 16:52:54.207 UTC,1.39228,1.39213,0.0012,0.00642
30.09.2025 16:52:55.219 UTC,1.39226,1.39213,0.0012,0.00315
30.09.2025 16:52:55.323 UTC,1.39225,1.39212,0.0012,0.00225
30.09.2025 16:52:55.527 UTC,1.39224,1.39212,0.0012,0.00555
30.09.2025 16:52:55.629 UTC,1.39224,1.39212,0.0012,0.0051
30.09.2025 16:52:56.434 UTC,1.39225,1.39211,0.0012,0.00135
30.09.2025 16:52:57.190 UTC,1.39224,1.39211,0.0012,0.0012
30.09.2025 16:53:02.693 UTC,1.39224,1.3921,0.0012,0.00315
30.09.2025 16:53:03.148 UTC,1.39223,1.39211,0.0012,0.00195
30.09.2025 16:53:04.006 UTC,1.39224,1.3921,0.0012,0.0012
30.09.2025 16:53:05.016 UTC,1.39224,1.39211,0.0012,0.0018
30.09.2025 16:53:05.121 UTC,1.39224,1.39212,0.0012,0.0033
30.09.2025 16:53:05.274 UTC,1.39225,1.39213,0.0012,0.0012
30.09.2025 16:53:06.284 UTC,1.39226,1.39213,0.00143,0.0012
30.09.2025 16:53:06.387 UTC,1.39226,1.39212,0.0012,0.00507
30.09.2025 16:53:06.724 UTC,1.39225,1.39214,0.0012,0.00147
30.09.2025 16:53:09.001 UTC,1.39227,1.39214,0.0012,0.00132
30.09.2025 16:53:10.264 UTC,1.39228,1.39215,0.00233,0.00147
30.09.2025 16:53:10.519 UTC,1.39226,1.39216,0.0012,0.00132
30.09.2025 16:53:12.182 UTC,1.39228,1.39215,0.00278,0.00192
30.09.2025 16:53:12.285 UTC,1.39229,1.39216,0.0012,0.00192
30.09.2025 16:53:12.640 UTC,1.39229,1.39218,0.00143,0.00132
30.09.2025 16:53:12.797 UTC,1.39231,1.39218,0.00233,0.00132
30.09.2025 16:53:13.051 UTC,1.3923,1.39217,0.0012,0.00192
30.09.2025 16:53:13.507 UTC,1.39231,1.39219,0.0012,0.00132
30.09.2025 16:53:13.611 UTC,1.39232,1.39221,0.00191,0.00192
30.09.2025 16:53:13.713 UTC,1.39233,1.3922,0.0012,0.00192
30.09.2025 16:53:15.073 UTC,1.39234,1.39221,0.00143,0.00132
30.09.2025 16:53:15.379 UTC,1.39232,1.39221,0.00191,0.00132
30.09.2025 16:53:15.639 UTC,1.39232,1.39221,0.0012,0.00192
30.09.2025 16:53:18.892 UTC,1.39234,1.3922,0.00143,0.00147
30.09.2025 16:53:20.349 UTC,1.39233,1.39222,0.00143,0.0012
30.09.2025 16:53:25.736 UTC,1.39233,1.39221,0.0012,0.00414
30.09.2025 16:53:37.237 UTC,1.39233,1.39221,0.0012,0.0018
30.09.2025 16:53:38.546 UTC,1.39234,1.3922,0.0012,0.00135
30.09.2025 16:53:39.301 UTC,1.39233,1.3922,0.0012,0.00135
30.09.2025 16:53:40.407 UTC,1.39233,1.3922,0.0012,0.00192
30.09.2025 16:53:41.673 UTC,1.39232,1.39221,0.0012,0.0012
30.09.2025 16:53:46.555 UTC,1.39234,1.39222,0.00143,0.00147
30.09.2025 16:53:46.658 UTC,1.39235,1.39223,0.0012,0.00132
30.09.2025 16:53:47.921 UTC,1.39235,1.39223,0.0012,0.00339
30.09.2025 16:53:48.531 UTC,1.39234,1.39223,0.0012,0.00186
30.09.2025 16:53:48.635 UTC,1.39233,1.39221,0.0012,0.0012
30.09.2025 16:53:48.890 UTC,1.39232,1.39222,0.0012,0.0018
30.09.2025 16:53:48.992 UTC,1.39233,1.3922,0.00132,0.0033
30.09.2025 16:53:49.802 UTC,1.39232,1.3922,0.00132,0.00315
30.09.2025 16:53:52.332 UTC,1.39231,1.39221,0.00132,0.0018
30.09.2025 16:53:54.951 UTC,1.39232,1.3922,0.0012,0.00195
30.09.2025 16:53:55.054 UTC,1.39233,1.39222,0.0012,0.00135
30.09.2025 16:53:55.157 UTC,1.39233,1.39221,0.0012,0.00135
30.09.2025 16:53:55.587 UTC,1.39232,1.39221,0.0012,0.00135
30.09.2025 16:53:57.298 UTC,1.39232,1.39219,0.0012,0.0042
30.09.2025 16:53:57.701 UTC,1.39232,1.39219,0.0012,0.00375
30.09.2025 16:54:00.050 UTC,1.3923,1.3922,0.00132,0.0012
30.09.2025 16:54:00.154 UTC,1.39227,1.39215,0.00132,0.0012
30.09.2025 16:54:00.258 UTC,1.39226,1.39215,0.00132,0.0018
30.09.2025 16:54:00.967 UTC,1.39227,1.39213,0.0012,0.00222
30.09.2025 16:54:01.979 UTC,1.39227,1.39213,0.0012,0.00195
30.09.2025 16:54:02.634 UTC,1.39227,1.39213,0.0012,0.0018
30.09.2025 16:54:05.304 UTC,1.39226,1.39213,0.0012,0.0012
30.09.2025 16:54:05.456 UTC,1.39226,1.39212,0.0012,0.00405
30.09.2025 16:54:12.494 UTC,1.39225,1.39212,0.00132,0.00405
30.09.2025 16:54:12.952 UTC,1.39225,1.39211,0.00132,0.0045
30.09.2025 16:54:14.241 UTC,1.39225,1.39211,0.00132,0.00465
30.09.2025 16:54:16.202 UTC,1.39225,1.39212,0.00132,0.0018
30.09.2025 16:54:18.364 UTC,1.39225,1.39211,0.00132,0.0033
30.09.2025 16:54:20.276 UTC,1.39224,1.39212,0.00132,0.0024
30.09.2025 16:54:20.531 UTC,1.39222,1.39211,0.00132,0.0018
30.09.2025 16:54:20.633 UTC,1.39224,1.3921,0.00132,0.0033
30.09.2025 16:54:20.736 UTC,1.39223,1.39211,0.00132,0.0033
30.09.2025 16:54:20.940 UTC,1.39224,1.3921,0.00132,0.0012
30.09.2025 16:54:21.545 UTC,1.39224,1.39209,0.00132,0.0024
30.09.2025 16:54:22.302 UTC,1.39224,1.3921,0.00132,0.0012
30.09.2025 16:54:22.709 UTC,1.39224,1.39212,0.00132,0.00375
30.09.2025 16:54:23.014 UTC,1.39225,1.39211,0.00132,0.00402
30.09.2025 16:54:23.316 UTC,1.39225,1.39212,0.00132,0.0012
30.09.2025 16:54:23.718 UTC,1.39224,1.39212,0.0012,0.0012
30.09.2025 16:54:24.671 UTC,1.39224,1.39211,0.0012,0.0036
30.09.2025 16:54:25.948 UTC,1.39224,1.39211,0.0012,0.00375
30.09.2025 16:54:27.254 UTC,1.39223,1.39212,0.0012,0.0036
30.09.2025 16:54:29.059 UTC,1.39226,1.39212,0.0012,0.0024
30.09.2025 16:54:29.162 UTC,1.39226,1.39212,0.0012,0.0033
30.09.2025 16:54:29.315 UTC,1.39226,1.39213,0.0012,0.00116
30.09.2025 16:54:29.520 UTC,1.39226,1.39212,0.0012,0.00551
30.09.2025 16:54:30.228 UTC,1.39225,1.39213,0.0012,0.00402
30.09.2025 16:54:33.898 UTC,1.39225,1.39211,0.0012,0.00416
30.09.2025 16:54:35.458 UTC,1.39223,1.39212,0.00132,0.00282
30.09.2025 16:54:37.722 UTC,1.39222,1.39211,0.0012,0.0033
30.09.2025 16:54:37.935 UTC,1.39222,1.39209,0.00132,0.0027
30.09.2025 16:54:38.044 UTC,1.39221,1.3921,0.0012,0.0018
30.09.2025 16:54:38.248 UTC,1.39222,1.39209,0.0012,0.00135
30.09.2025 16:54:39.255 UTC,1.39221,1.39209,0.0012,0.0051
30.09.2025 16:54:39.662 UTC,1.39222,1.39208,0.0012,0.00465
30.09.2025 16:54:41.579 UTC,1.39221,1.39209,0.00132,0.0036
30.09.2025 16:54:41.732 UTC,1.39222,1.39208,0.00132,0.00375
30.09.2025 16:54:41.986 UTC,1.39222,1.39208,0.0012,0.0036
30.09.2025 16:54:42.138 UTC,1.39222,1.39208,0.0012,0.00375
30.09.2025 16:54:43.095 UTC,1.39222,1.39208,0.0012,0.00465
30.09.2025 16:54:47.276 UTC,1.39221,1.3921,0.00135,0.0018
30.09.2025 16:54:49.975 UTC,1.39222,1.39208,0.0012,0.00225
30.09.2025 16:54:50.026 UTC,1.39222,1.39208,0.0012,0.0024
30.09.2025 16:54:50.130 UTC,1.39221,1.39209,0.0012,0.00285
30.09.2025 16:54:50.233 UTC,1.39222,1.39208,0.0012,0.0024
30.09.2025 16:54:50.335 UTC,1.39222,1.39208,0.0012,0.00285
30.09.2025 16:54:53.155 UTC,1.39221,1.39209,0.0012,0.00195
30.09.2025 16:54:53.257 UTC,1.39222,1.39208,0.0012,0.0024
30.09.2025 16:54:55.878 UTC,1.3922,1.39208,0.00132,0.00357
30.09.2025 16:54:56.032 UTC,1.3922,1.39206,0.00152,0.0012
30.09.2025 16:55:02.609 UTC,1.39219,1.39205,0.00132,0.0036
30.09.2025 16:55:03.617 UTC,1.39218,1.39206,0.00192,0.0012
30.09.2025 16:55:04.476 UTC,1.39217,1.39206,0.0012,0.0012
30.09.2025 16:55:08.103 UTC,1.39217,1.39205,0.0012,0.00177
30.09.2025 16:55:08.455 UTC,1.39218,1.39204,0.0012,0.00192
30.09.2025 16:55:08.758 UTC,1.39217,1.39205,0.0012,0.00177
30.09.2025 16:55:10.115 UTC,1.39217,1.39205,0.0012,0.00372
30.09.2025 16:55:12.741 UTC,1.3922,1.39206,0.00152,0.0024
30.09.2025 16:55:13.349 UTC,1.3922,1.39206,0.0012,0.00324
30.09.2025 16:55:13.651 UTC,1.3922,1.39206,0.0012,0.00339
30.09.2025 16:55:20.498 UTC,1.3922,1.39205,0.0012,0.00471
30.09.2025 16:55:20.600 UTC,1.39217,1.39204,0.0027,0.00371
30.09.2025 16:55:20.703 UTC,1.39213,1.39199,0.00143,0.00279
30.09.2025 16:55:21.313 UTC,1.39213,1.39198,0.00143,0.00279
30.09.2025 16:55:21.415 UTC,1.39213,1.39198,0.00143,0.00282
30.09.2025 16:55:21.780 UTC,1.39212,1.392,0.00143,0.00132
30.09.2025 16:55:22.437 UTC,1.39213,1.39198,0.0012,0.00819
30.09.2025 16:55:22.896 UTC,1.39212,1.39199,0.00143,0.00414
30.09.2025 16:55:23.100 UTC,1.39212,1.39199,0.00143,0.00249
30.09.2025 16:55:23.507 UTC,1.39212,1.392,0.00143,0.00237
30.09.2025 16:55:24.571 UTC,1.39213,1.39201,0.00191,0.00192
30.09.2025 16:55:24.874 UTC,1.39213,1.39201,0.00191,0.00234
30.09.2025 16:55:26.282 UTC,1.39214,1.392,0.00143,0.00234
30.09.2025 16:55:29.008 UTC,1.39213,1.39201,0.0012,0.00249
30.09.2025 16:55:33.182 UTC,1.39215,1.39202,0.00143,0.00192
30.09.2025 16:55:33.233 UTC,1.39217,1.39202,0.0018,0.00369
30.09.2025 16:55:33.387 UTC,1.39216,1.39202,0.0012,0.00237
30.09.2025 16:55:33.539 UTC,1.39215,1.39202,0.0012,0.00147
30.09.2025 16:55:33.641 UTC,1.39215,1.39202,0.0012,0.00135
30.09.2025 16:55:36.550 UTC,1.39213,1.39202,0.0012,0.00267
30.09.2025 16:55:37.056 UTC,1.39213,1.39201,0.0012,0.00366
30.09.2025 16:55:37.318 UTC,1.39214,1.392,0.0012,0.00381
30.09.2025 16:55:39.830 UTC,1.39213,1.39201,0.0012,0.00546
30.09.2025 16:55:41.587 UTC,1.39213,1.39201,0.0012,0.00561
30.09.2025 16:55:42.847 UTC,1.39216,1.39201,0.00191,0.00192
30.09.2025 16:55:43.000 UTC,1.39215,1.39203,0.0012,0.00144
30.09.2025 16:55:45.941 UTC,1.39217,1.39203,0.0018,0.00339
30.09.2025 16:55:46.044 UTC,1.39218,1.39204,0.0012,0.00234
30.09.2025 16:55:46.654 UTC,1.39218,1.39204,0.0018,0.00237
30.09.2025 16:55:46.758 UTC,1.39218,1.39207,0.00143,0.00132
30.09.2025 16:55:52.151 UTC,1.39219,1.39205,0.0012,0.00636
30.09.2025 16:55:54.119 UTC,1.3922,1.39207,0.0012,0.00147
30.09.2025 16:55:54.221 UTC,1.39221,1.39209,0.00143,0.0012
30.09.2025 16:55:54.425 UTC,1.39221,1.39207,0.0012,0.00507
30.09.2025 16:55:54.929 UTC,1.39221,1.39207,0.00143,0.0054
30.09.2025 16:55:56.218 UTC,1.39221,1.39209,0.00191,0.0012
30.09.2025 16:55:56.371 UTC,1.39222,1.39207,0.00191,0.00315
30.09.2025 16:55:56.473 UTC,1.39221,1.3921,0.00191,0.0012
30.09.2025 16:55:56.729 UTC,1.39223,1.39209,0.00251,0.0012
30.09.2025 16:55:57.238 UTC,1.39222,1.3921,0.00251,0.0012
30.09.2025 16:55:57.391 UTC,1.39223,1.39209,0.00191,0.0012
30.09.2025 16:55:57.494 UTC,1.3922,1.39209,0.00143,0.0018
30.09.2025 16:55:57.596 UTC,1.39221,1.39207,0.00143,0.00135
30.09.2025 16:55:58.151 UTC,1.3922,1.39206,0.0012,0.0045
30.09.2025 16:55:58.254 UTC,1.39216,1.39204,0.0012,0.00222
30.09.2025 16:55:58.357 UTC,1.39216,1.39202,0.0012,0.0036
30.09.2025 16:55:58.509 UTC,1.39216,1.39203,0.0012,0.0012
30.09.2025 16:56:00.175 UTC,1.39216,1.39202,0.0012,0.0012
30.09.2025 16:56:01.739 UTC,1.39215,1.39201,0.0012,0.00177
30.09.2025 16:56:01.841 UTC,1.39215,1.392,0.00143,0.0018
30.09.2025 16:56:01.945 UTC,1.39214,1.392,0.0012,0.0012
30.09.2025 16:56:03.963 UTC,1.39213,1.39201,0.0012,0.0018
30.09.2025 16:56:04.268 UTC,1.39214,1.392,0.0012,0.00135
30.09.2025 16:56:04.370 UTC,1.39214,1.392,0.0012,0.0018
30.09.2025 16:56:04.472 UTC,1.39214,1.392,0.0012,0.00135
30.09.2025 16:56:06.440 UTC,1.39214,1.392,0.00302,0.0012
30.09.2025 16:56:06.589 UTC,1.39214,1.39199,0.00287,0.00405
30.09.2025 16:56:06.742 UTC,1.39214,1.39199,0.0012,0.0033
30.09.2025 16:56:08.710 UTC,1.39214,1.39199,0.0012,0.00405
30.09.2025 16:56:09.667 UTC,1.39214,1.392,0.0012,0.0012
30.09.2025 16:56:10.071 UTC,1.39212,1.39201,0.0012,0.0012
30.09.2025 16:56:10.174 UTC,1.39212,1.392,0.0012,0.0012
30.09.2025 16:56:11.489 UTC,1.3921,1.39198,0.0018,0.0012
30.09.2025 16:56:11.592 UTC,1.39208,1.39198,0.0012,0.0012
30.09.2025 16:56:11.643 UTC,1.39208,1.39194,0.0012,0.00222
30.09.2025 16:56:11.848 UTC,1.39207,1.39196,0.0018,0.0012
30.09.2025 16:56:12.102 UTC,1.39207,1.39195,0.0018,0.00225
30.09.2025 16:56:12.357 UTC,1.39206,1.39195,0.0012,0.00135
30.09.2025 16:56:12.459 UTC,1.39208,1.39194,0.0018,0.00135
30.09.2025 16:56:17.266 UTC,1.39208,1.39194,0.0018,0.00147
30.09.2025 16:56:18.625 UTC,1.39208,1.39194,0.00192,0.00135
30.09.2025 16:56:19.578 UTC,1.39207,1.39193,0.00279,0.00312
30.09.2025 16:56:19.681 UTC,1.39206,1.39192,0.00152,0.0012
30.09.2025 16:56:20.088 UTC,1.39205,1.39193,0.0026,0.0012
30.09.2025 16:56:21.802 UTC,1.39207,1.39194,0.0026,0.0012
30.09.2025 16:56:21.853 UTC,1.39207,1.39194,0.00189,0.0012
30.09.2025 16:56:22.661 UTC,1.39205,1.39195,0.0012,0.0012
30.09.2025 16:56:22.763 UTC,1.39206,1.39195,0.0018,0.00132
30.09.2025 16:56:23.670 UTC,1.39207,1.39194,0.00192,0.0012
30.09.2025 16:56:27.858 UTC,1.39206,1.39193,0.00132,0.0012
30.09.2025 16:56:28.165 UTC,1.39205,1.39194,0.00155,0.0012
30.09.2025 16:56:28.266 UTC,1.39205,1.39192,0.00132,0.0036
30.09.2025 16:56:28.440 UTC,1.39205,1.39192,0.00147,0.0018
30.09.2025 16:56:29.500 UTC,1.39204,1.39193,0.00132,0.0018
30.09.2025 16:56:29.603 UTC,1.39205,1.39192,0.00132,0.0018
30.09.2025 16:56:31.926 UTC,1.39207,1.39193,0.00218,0.0012
30.09.2025 16:56:32.029 UTC,1.39208,1.39194,0.00152,0.0027
30.09.2025 16:56:32.131 UTC,1.39208,1.39194,0.00132,0.00222
30.09.2025 16:56:41.767 UTC,1.39208,1.39194,0.00192,0.0018
30.09.2025 16:56:42.019 UTC,1.39208,1.39194,0.00192,0.0012
30.09.2025 16:56:43.526 UTC,1.39208,1.39194,0.00189,0.0012
30.09.2025 16:56:43.678 UTC,1.39207,1.39195,0.00192,0.0012
30.09.2025 16:56:45.837 UTC,1.39207,1.39195,0.00189,0.00135
30.09.2025 16:56:48.652 UTC,1.39208,1.39194,0.0012,0.00375
30.09.2025 16:56:48.754 UTC,1.39207,1.39195,0.0012,0.0036
30.09.2025 16:56:49.963 UTC,1.39207,1.39195,0.0012,0.0051
30.09.2025 16:56:53.413 UTC,1.39208,1.39194,0.0012,0.00405
30.09.2025 16:56:57.303 UTC,1.39208,1.39194,0.0012,0.00327
30.09.2025 16:56:57.406 UTC,1.39208,1.39194,0.0012,0.00225
30.09.2025 16:56:59.520 UTC,1.39209,1.39197,0.0018,0.00297
30.09.2025 16:56:59.623 UTC,1.39211,1.39198,0.00191,0.0012
30.09.2025 16:56:59.725 UTC,1.39211,1.39197,0.0018,0.00501
30.09.2025 16:57:00.736 UTC,1.3921,1.39198,0.0012,0.00474
30.09.2025 16:57:00.889 UTC,1.39213,1.39199,0.00233,0.0012
30.09.2025 16:57:01.144 UTC,1.39212,1.39199,0.0012,0.0012
30.09.2025 16:57:02.001 UTC,1.39213,1.39199,0.00143,0.0012
30.09.2025 16:57:02.103 UTC,1.39213,1.39198,0.00152,0.0018
30.09.2025 16:57:02.237 UTC,1.39212,1.392,0.00143,0.00135
30.09.2025 16:57:02.444 UTC,1.39211,1.39199,0.0012,0.0012
30.09.2025 16:57:02.496 UTC,1.39211,1.39197,0.0018,0.00234
30.09.2025 16:57:04.058 UTC,1.39211,1.39196,0.00135,0.00144
30.09.2025 16:57:04.763 UTC,1.39209,1.39196,0.0012,0.00234
30.09.2025 16:57:05.116 UTC,1.39209,1.39196,0.0012,0.00249
30.09.2025 16:57:05.369 UTC,1.39209,1.39197,0.0012,0.00252
30.09.2025 16:57:05.573 UTC,1.3921,1.39196,0.0012,0.0036
30.09.2025 16:57:07.083 UTC,1.3921,1.39196,0.0012,0.00372
30.09.2025 16:57:07.387 UTC,1.3921,1.39196,0.0012,0.00405
30.09.2025 16:57:08.745 UTC,1.3921,1.39196,0.0012,0.00465
30.09.2025 16:57:08.847 UTC,1.39208,1.39197,0.0012,0.0045
30.09.2025 16:57:09.050 UTC,1.3921,1.39196,0.0012,0.00465
30.09.2025 16:57:09.204 UTC,1.39208,1.39197,0.0012,0.0045
30.09.2025 16:57:09.306 UTC,1.39209,1.39196,0.0012,0.00465
30.09.2025 16:57:09.407 UTC,1.3921,1.39196,0.0018,0.00465
30.09.2025 16:57:09.509 UTC,1.39209,1.39196,0.0012,0.0045
30.09.2025 16:57:09.962 UTC,1.3921,1.39196,0.0018,0.0027
30.09.2025 16:57:10.064 UTC,1.3921,1.39196,0.0018,0.00285
30.09.2025 16:57:10.316 UTC,1.39208,1.39197,0.0012,0.00285
30.09.2025 16:57:10.668 UTC,1.39209,1.39197,0.0018,0.00285
30.09.2025 16:57:11.371 UTC,1.39208,1.39198,0.0012,0.00135
30.09.2025 16:57:11.623 UTC,1.3921,1.39197,0.0027,0.0012
30.09.2025 16:57:11.810 UTC,1.39209,1.39197,0.0012,0.0012
30.09.2025 16:57:12.062 UTC,1.3921,1.39197,0.0018,0.00135
30.09.2025 16:57:12.315 UTC,1.39209,1.39197,0.0012,0.00135
30.09.2025 16:57:12.667 UTC,1.3921,1.39197,0.0018,0.00135
30.09.2025 16:57:12.768 UTC,1.39208,1.39198,0.0012,0.00135
30.09.2025 16:57:14.271 UTC,1.3921,1.39197,0.0012,0.00234
30.09.2025 16:57:14.373 UTC,1.3921,1.39197,0.0012,0.00249
30.09.2025 16:57:14.626 UTC,1.39209,1.39198,0.00135,0.00189
30.09.2025 16:57:14.729 UTC,1.3921,1.39198,0.0012,0.0012
30.09.2025 16:57:15.187 UTC,1.39212,1.39199,0.0018,0.00132
30.09.2025 16:57:15.289 UTC,1.39211,1.39199,0.0012,0.0012
30.09.2025 16:57:15.694 UTC,1.39209,1.39199,0.0012,0.00189
30.09.2025 16:57:17.108 UTC,1.39212,1.39199,0.0018,0.00144
30.09.2025 16:57:17.465 UTC,1.3921,1.39199,0.0012,0.0012
30.09.2025 16:57:17.568 UTC,1.3921,1.39198,0.0012,0.0012
30.09.2025 16:57:18.124 UTC,1.39209,1.39198,0.0012,0.0012
30.09.2025 16:57:18.226 UTC,1.3921,1.39198,0.0012,0.0012
30.09.2025 16:57:19.734 UTC,1.39212,1.39198,0.00188,0.0012
30.09.2025 16:57:20.437 UTC,1.39211,1.39197,0.0012,0.0012
30.09.2025 16:57:20.540 UTC,1.3921,1.39196,0.0012,0.00312
30.09.2025 16:57:27.140 UTC,1.39208,1.39196,0.00225,0.00447
30.09.2025 16:57:27.192 UTC,1.39207,1.39194,0.0012,0.00176
30.09.2025 16:57:27.295 UTC,1.39203,1.39191,0.0012,0.00279
30.09.2025 16:57:29.064 UTC,1.39204,1.39191,0.0012,0.0012
30.09.2025 16:57:30.173 UTC,1.39204,1.39192,0.0012,0.0012
30.09.2025 16:57:30.983 UTC,1.39204,1.3919,0.0012,0.00429
30.09.2025 16:57:31.086 UTC,1.39204,1.3919,0.0012,0.00426
30.09.2025 16:57:31.294 UTC,1.39204,1.39191,0.0012,0.00144
30.09.2025 16:57:31.547 UTC,1.39204,1.39191,0.0012,0.00192
30.09.2025 16:57:34.170 UTC,1.39203,1.39191,0.0012,0.00471
30.09.2025 16:57:34.272 UTC,1.39204,1.3919,0.0012,0.00516
30.09.2025 16:57:35.277 UTC,1.39204,1.3919,0.0012,0.00366
30.09.2025 16:57:36.205 UTC,1.39204,1.3919,0.0012,0.00471
30.09.2025 16:57:36.709 UTC,1.39204,1.3919,0.0012,0.00366
30.09.2025 16:57:37.264 UTC,1.39204,1.3919,0.0012,0.00381
30.09.2025 16:57:37.516 UTC,1.39204,1.3919,0.0012,0.00366
30.09.2025 16:57:38.971 UTC,1.39204,1.3919,0.0012,0.00381
30.09.2025 16:57:39.326 UTC,1.39203,1.39191,0.0012,0.00456
30.09.2025 16:57:39.830 UTC,1.39204,1.3919,0.0012,0.00471
30.09.2025 16:57:41.543 UTC,1.39204,1.3919,0.0012,0.00336
30.09.2025 16:57:41.850 UTC,1.39204,1.3919,0.0012,0.00297
30.09.2025 16:57:41.952 UTC,1.39204,1.3919,0.0012,0.00432
30.09.2025 16:57:49.267 UTC,1.39202,1.39191,0.0012,0.00132
30.09.2025 16:57:53.057 UTC,1.39202,1.3919,0.0012,0.00132
30.09.2025 16:57:53.159 UTC,1.39202,1.3919,0.0018,0.00132
30.09.2025 16:57:53.262 UTC,1.39202,1.3919,0.0012,0.00132
30.09.2025 16:57:53.364 UTC,1.39202,1.39188,0.0012,0.00282
30.09.2025 16:57:57.304 UTC,1.39199,1.39188,0.0012,0.0012
30.09.2025 16:57:57.406 UTC,1.39198,1.39186,0.0012,0.0012
30.09.2025 16:57:57.509 UTC,1.39197,1.39185,0.0012,0.00132
30.09.2025 16:57:57.713 UTC,1.39198,1.39186,0.0012,0.00192
30.09.2025 16:57:57.816 UTC,1.392,1.39185,0.0012,0.00522
30.09.2025 16:57:57.957 UTC,1.39199,1.39187,0.0012,0.00237
30.09.2025 16:57:58.866 UTC,1.392,1.39189,0.0012,0.00132
30.09.2025 16:57:58.970 UTC,1.39202,1.39189,0.0012,0.00132
30.09.2025 16:58:00.536 UTC,1.39202,1.39189,0.0012,0.00249
30.09.2025 16:58:00.791 UTC,1.39201,1.3919,0.0012,0.00234
30.09.2025 16:58:01.194 UTC,1.39202,1.39189,0.0012,0.00192
30.09.2025 16:58:01.347 UTC,1.39201,1.3919,0.0012,0.00234
30.09.2025 16:58:06.724 UTC,1.39201,1.3919,0.0012,0.00519
30.09.2025 16:58:06.876 UTC,1.39202,1.39189,0.0012,0.00504
30.09.2025 16:58:09.240 UTC,1.39202,1.39189,0.0012,0.00429
30.09.2025 16:58:18.867 UTC,1.39203,1.39191,0.0012,0.0012
30.09.2025 16:58:22.103 UTC,1.39202,1.39191,0.0012,0.00414
30.09.2025 16:58:22.310 UTC,1.39203,1.3919,0.0012,0.00429
30.09.2025 16:58:22.863 UTC,1.39202,1.39191,0.0012,0.00369
30.09.2025 16:58:22.965 UTC,1.39204,1.3919,0.0012,0.00504
30.09.2025 16:58:31.273 UTC,1.39204,1.3919,0.0012,0.00339
30.09.2025 16:58:37.045 UTC,1.39205,1.39191,0.0018,0.00342
30.09.2025 16:58:37.603 UTC,1.39209,1.39199,0.0012,0.00192
30.09.2025 16:58:37.655 UTC,1.39214,1.39202,0.0012,0.00147
30.09.2025 16:58:37.757 UTC,1.39214,1.39203,0.0018,0.00132
30.09.2025 16:58:37.860 UTC,1.39215,1.39202,0.0018,0.00234
30.09.2025 16:58:37.962 UTC,1.39215,1.39202,0.0018,0.00231
30.09.2025 16:58:38.064 UTC,1.39214,1.39203,0.0018,0.00144
30.09.2025 16:58:38.420 UTC,1.39215,1.39203,0.0012,0.00147
30.09.2025 16:58:38.877 UTC,1.39215,1.39203,0.0012,0.00132
30.09.2025 16:58:38.979 UTC,1.39215,1.39203,0.0012,0.00192
30.09.2025 16:58:40.085 UTC,1.39216,1.39205,0.0012,0.00252
30.09.2025 16:58:40.375 UTC,1.39218,1.39204,0.0018,0.00369
30.09.2025 16:58:40.731 UTC,1.39218,1.39207,0.0012,0.00192
30.09.2025 16:58:40.782 UTC,1.39222,1.39209,0.00191,0.00189
30.09.2025 16:58:40.885 UTC,1.39221,1.39208,0.0012,0.00192
30.09.2025 16:58:43.566 UTC,1.39222,1.39209,0.0018,0.00189
30.09.2025 16:58:52.571 UTC,1.3922,1.39209,0.0012,0.00132
30.09.2025 16:58:52.775 UTC,1.39222,1.39209,0.0018,0.00132
30.09.2025 16:58:52.877 UTC,1.39222,1.39211,0.0012,0.00267
30.09.2025 16:58:53.990 UTC,1.39222,1.3921,0.00225,0.00189
30.09.2025 16:58:54.042 UTC,1.39221,1.39209,0.0012,0.0012
30.09.2025 16:58:54.145 UTC,1.3922,1.39208,0.0012,0.00132
30.09.2025 16:58:54.248 UTC,1.39216,1.39204,0.0012,0.0012
30.09.2025 16:58:54.706 UTC,1.39216,1.39205,0.0018,0.0012
30.09.2025 16:58:55.011 UTC,1.39218,1.39205,0.0012,0.0012
30.09.2025 16:58:55.163 UTC,1.39218,1.39204,0.0012,0.0027
30.09.2025 16:58:55.468 UTC,1.39218,1.39205,0.0012,0.0012
30.09.2025 16:58:56.576 UTC,1.39218,1.39204,0.0018,0.00315
30.09.2025 16:58:57.636 UTC,1.39218,1.39204,0.0018,0.00327
30.09.2025 16:58:58.190 UTC,1.39217,1.39205,0.0018,0.00234
30.09.2025 16:58:58.850 UTC,1.39218,1.39204,0.0018,0.00237
30.09.2025 16:59:00.314 UTC,1.39219,1.39206,0.0012,0.00144
30.09.2025 16:59:00.467 UTC,1.39219,1.39206,0.0012,0.00252
30.09.2025 16:59:00.570 UTC,1.39218,1.39206,0.00135,0.00372
30.09.2025 16:59:00.788 UTC,1.39219,1.39206,0.0012,0.00192
30.09.2025 16:59:00.890 UTC,1.39219,1.39206,0.0012,0.00234
30.09.2025 16:59:01.094 UTC,1.39219,1.39206,0.0012,0.00249
30.09.2025 16:59:01.296 UTC,1.39218,1.39207,0.0012,0.00144
30.09.2025 16:59:01.650 UTC,1.39219,1.39206,0.0012,0.00249
30.09.2025 16:59:02.204 UTC,1.39219,1.39206,0.0012,0.00234
30.09.2025 16:59:04.878 UTC,1.39219,1.39207,0.0012,0.0012
30.09.2025 16:59:05.331 UTC,1.39219,1.39206,0.0012,0.00234
30.09.2025 16:59:05.383 UTC,1.39219,1.39206,0.0012,0.00252
30.09.2025 16:59:07.094 UTC,1.39221,1.39208,0.0012,0.00132
30.09.2025 16:59:07.753 UTC,1.3922,1.39208,0.0012,0.0012
30.09.2025 16:59:08.463 UTC,1.39219,1.39209,0.0012,0.00132
30.09.2025 16:59:08.919 UTC,1.39219,1.39208,0.0012,0.00144
30.09.2025 16:59:09.726 UTC,1.3922,1.39208,0.00143,0.00279
30.09.2025 16:59:09.829 UTC,1.3922,1.39208,0.00143,0.00339
30.09.2025 16:59:10.032 UTC,1.39221,1.39207,0.0012,0.00324
30.09.2025 16:59:10.337 UTC,1.39221,1.39207,0.0012,0.00294
30.09.2025 16:59:10.439 UTC,1.39221,1.39207,0.0012,0.00327
30.09.2025 16:59:15.443 UTC,1.3922,1.39208,0.0012,0.00132
30.09.2025 16:59:15.745 UTC,1.39221,1.39208,0.00233,0.00147
30.09.2025 16:59:17.571 UTC,1.39222,1.39208,0.00143,0.00237
30.09.2025 16:59:19.183 UTC,1.3922,1.39209,0.0012,0.00147
30.09.2025 16:59:19.990 UTC,1.39222,1.39208,0.00143,0.00282
30.09.2025 16:59:21.506 UTC,1.39222,1.39209,0.00233,0.00132
30.09.2025 16:59:21.637 UTC,1.39223,1.39209,0.00233,0.00327
30.09.2025 16:59:21.690 UTC,1.39222,1.39209,0.0012,0.00234
30.09.2025 16:59:22.148 UTC,1.39221,1.3921,0.00143,0.00417
30.09.2025 16:59:22.251 UTC,1.39223,1.3921,0.00233,0.00132
30.09.2025 16:59:22.758 UTC,1.39223,1.39209,0.00233,0.00324
30.09.2025 16:59:22.860 UTC,1.39223,1.39209,0.00233,0.00339
30.09.2025 16:59:23.263 UTC,1.39222,1.3921,0.00233,0.00234
30.09.2025 16:59:23.517 UTC,1.39223,1.39209,0.00233,0.00327
30.09.2025 16:59:25.082 UTC,1.39222,1.39209,0.0012,0.00372
30.09.2025 16:59:26.293 UTC,1.39222,1.39209,0.0012,0.00144
30.09.2025 16:59:27.758 UTC,1.39222,1.39209,0.0012,0.00192
30.09.2025 16:59:29.170 UTC,1.39219,1.39209,0.0018,0.0012
30.09.2025 16:59:29.222 UTC,1.39219,1.39207,0.00143,0.00279
30.09.2025 16:59:33.695 UTC,1.39221,1.39208,0.00191,0.00192
30.09.2025 16:59:33.797 UTC,1.39222,1.3921,0.00191,0.0012
30.09.2025 16:59:33.851 UTC,1.39222,1.3921,0.0012,0.00132
30.09.2025 16:59:34.003 UTC,1.39222,1.39211,0.00323,0.00132
30.09.2025 16:59:36.275 UTC,1.39222,1.3921,0.0012,0.00132
30.09.2025 16:59:37.137 UTC,1.39223,1.3921,0.00233,0.00144
30.09.2025 16:59:38.853 UTC,1.39222,1.39211,0.00233,0.00192
30.09.2025 16:59:44.065 UTC,1.39223,1.3921,0.00233,0.00132
30.09.2025 16:59:48.725 UTC,1.39222,1.3921,0.0012,0.0012
30.09.2025 16:59:52.357 UTC,1.39222,1.39209,0.00189,0.0018
30.09.2025 16:59:52.459 UTC,1.39221,1.39209,0.00242,0.00135
30.09.2025 16:59:52.966 UTC,1.39222,1.39207,0.00155,0.00474
30.09.2025 16:59:53.771 UTC,1.39219,1.39208,0.00132,0.0012
30.09.2025 16:59:53.874 UTC,1.39219,1.39206,0.00132,0.00132
30.09.2025 16:59:53.976 UTC,1.39219,1.39206,0.00132,0.0024
30.09.2025 16:59:54.080 UTC,1.39221,1.39207,0.00155,0.00135
30.09.2025 16:59:54.182 UTC,1.39221,1.39208,0.00155,0.0012
30.09.2025 16:59:54.882 UTC,1.39219,1.39206,0.00132,0.0012
30.09.2025 16:59:55.094 UTC,1.39219,1.39205,0.00132,0.00585
30.09.2025 16:59:55.197 UTC,1.39219,1.39205,0.00132,0.006
30.09.2025 16:59:55.299 UTC,1.39219,1.39206,0.00132,0.00135
30.09.2025 16:59:55.401 UTC,1.39218,1.39206,0.00132,0.00645
30.09.2025 16:59:56.160 UTC,1.39218,1.39206,0.0012,0.00645
30.09.2025 16:59:56.615 UTC,1.39219,1.39207,0.0012,0.0012
30.09.2025 16:59:56.868 UTC,1.39219,1.39208,0.0012,0.0012
30.09.2025 16:59:56.971 UTC,1.39222,1.39209,0.00233,0.0012
30.09.2025 16:59:57.978 UTC,1.39221,1.39208,0.0012,0.00135
30.09.2025 16:59:58.131 UTC,1.3922,1.3921,0.0012,0.0012
30.09.2025 16:59:58.838 UTC,1.39221,1.3921,0.00233,0.00135