UTC,Ask,Bid,Ask Volume,Bid Volume
07.10.2025 17:00:00.177 UTC,1.39526,1.39517,0.0012,0.00135
07.10.2025 17:00:00.281 UTC,1.39525,1.39516,0.0012,0.0012
07.10.2025 17:00:00.941 UTC,1.39524,1.39514,0.0012,0.0012
07.10.2025 17:00:01.044 UTC,1.39524,1.39512,0.0012,0.0012
07.10.2025 17:00:01.146 UTC,1.39523,1.39513,0.0012,0.0012
07.10.2025 17:00:02.007 UTC,1.39523,1.3951,0.0012,0.0012
07.10.2025 17:00:02.363 UTC,1.39522,1.3951,0.0012,0.0012
07.10.2025 17:00:02.720 UTC,1.39521,1.39509,0.0012,0.0012
07.10.2025 17:00:04.618 UTC,1.39521,1.39508,0.0012,0.0018
07.10.2025 17:00:04.871 UTC,1.39521,1.39508,0.0012,0.00285
07.10.2025 17:00:05.074 UTC,1.3952,1.39509,0.0012,0.0033
07.10.2025 17:00:06.231 UTC,1.39521,1.39508,0.0012,0.0033
07.10.2025 17:00:06.333 UTC,1.39519,1.39508,0.0012,0.00195
07.10.2025 17:00:06.537 UTC,1.39519,1.39508,0.0012,0.0018
07.10.2025 17:00:06.638 UTC,1.3952,1.39507,0.0012,0.00195
07.10.2025 17:00:06.892 UTC,1.3952,1.39508,0.0012,0.0018
07.10.2025 17:00:07.501 UTC,1.3952,1.3951,0.00132,0.0018
07.10.2025 17:00:08.414 UTC,1.39521,1.39509,0.00132,0.0012
07.10.2025 17:00:09.430 UTC,1.39521,1.39508,0.00132,0.0024
07.10.2025 17:00:09.532 UTC,1.39521,1.39508,0.00132,0.00195
07.10.2025 17:00:10.896 UTC,1.39521,1.39508,0.00132,0.00225
07.10.2025 17:00:11.149 UTC,1.3952,1.39509,0.00132,0.00225
07.10.2025 17:00:11.202 UTC,1.3952,1.39507,0.00192,0.00225
07.10.2025 17:00:11.305 UTC,1.39518,1.39506,0.00132,0.00135
07.10.2025 17:00:11.408 UTC,1.39519,1.39508,0.0012,0.00132
07.10.2025 17:00:11.664 UTC,1.39519,1.39508,0.0012,0.00204
07.10.2025 17:00:12.743 UTC,1.39519,1.39506,0.0012,0.00249
07.10.2025 17:00:13.749 UTC,1.39519,1.39506,0.0012,0.00144
07.10.2025 17:00:14.256 UTC,1.39519,1.39507,0.0012,0.00522
07.10.2025 17:00:14.358 UTC,1.39519,1.39508,0.0012,0.00132
07.10.2025 17:00:14.562 UTC,1.39519,1.39507,0.0012,0.00522
07.10.2025 17:00:15.370 UTC,1.3952,1.39507,0.0012,0.00192
07.10.2025 17:00:15.472 UTC,1.3952,1.39509,0.0012,0.00297
07.10.2025 17:00:19.046 UTC,1.3952,1.3951,0.0012,0.00144
07.10.2025 17:00:21.223 UTC,1.39521,1.39508,0.0012,0.00207
07.10.2025 17:00:21.478 UTC,1.3952,1.39509,0.0012,0.00282
07.10.2025 17:00:22.640 UTC,1.3952,1.3951,0.0012,0.00132
07.10.2025 17:00:22.721 UTC,1.39521,1.39508,0.0012,0.00387
07.10.2025 17:00:24.841 UTC,1.3952,1.39509,0.0012,0.00387
07.10.2025 17:00:26.203 UTC,1.39521,1.39508,0.0012,0.00387
07.10.2025 17:00:26.305 UTC,1.39521,1.39509,0.0012,0.00144
07.10.2025 17:00:26.958 UTC,1.39521,1.39509,0.0012,0.00192
07.10.2025 17:00:27.161 UTC,1.3952,1.3951,0.0012,0.00144
07.10.2025 17:00:27.865 UTC,1.3952,1.3951,0.0012,0.00132
07.10.2025 17:00:27.967 UTC,1.3952,1.3951,0.0012,0.00192
07.10.2025 17:00:28.575 UTC,1.39521,1.39509,0.0012,0.00144
07.10.2025 17:00:30.032 UTC,1.39521,1.39509,0.0012,0.00192
07.10.2025 17:00:31.088 UTC,1.39522,1.39511,0.0012,0.00132
07.10.2025 17:00:31.140 UTC,1.39524,1.39512,0.0018,0.00279
07.10.2025 17:00:31.192 UTC,1.39526,1.39514,0.0018,0.00132
07.10.2025 17:00:31.243 UTC,1.39525,1.39514,0.0012,0.00282
07.10.2025 17:00:31.346 UTC,1.39526,1.39513,0.0012,0.00279
07.10.2025 17:00:31.448 UTC,1.39526,1.39513,0.0012,0.00339
07.10.2025 17:00:32.263 UTC,1.39527,1.39515,0.0012,0.00192
07.10.2025 17:00:39.471 UTC,1.39526,1.39516,0.0012,0.00285
07.10.2025 17:00:39.624 UTC,1.39527,1.39515,0.0012,0.0024
07.10.2025 17:00:40.532 UTC,1.39527,1.39516,0.0012,0.0012
07.10.2025 17:00:40.635 UTC,1.39528,1.39516,0.0012,0.00204
07.10.2025 17:00:40.840 UTC,1.39527,1.39518,0.0012,0.00135
07.10.2025 17:00:41.043 UTC,1.39527,1.39518,0.0012,0.0018
07.10.2025 17:00:44.261 UTC,1.39527,1.39518,0.0012,0.00135
07.10.2025 17:00:44.565 UTC,1.39528,1.39517,0.0012,0.0018
07.10.2025 17:00:46.073 UTC,1.39529,1.39517,0.0012,0.00192
07.10.2025 17:00:46.225 UTC,1.39529,1.39519,0.0012,0.00294
07.10.2025 17:00:47.549 UTC,1.3953,1.39518,0.0012,0.00144
07.10.2025 17:00:48.106 UTC,1.39531,1.39518,0.0012,0.00144
07.10.2025 17:00:48.359 UTC,1.39531,1.39518,0.0012,0.00192
07.10.2025 17:00:48.563 UTC,1.39531,1.39518,0.0012,0.00204
07.10.2025 17:00:48.768 UTC,1.3953,1.39519,0.0012,0.00249
07.10.2025 17:00:49.225 UTC,1.39531,1.39519,0.0012,0.00252
07.10.2025 17:00:49.278 UTC,1.39534,1.3952,0.00135,0.00252
07.10.2025 17:00:49.381 UTC,1.39535,1.39522,0.0012,0.00189
07.10.2025 17:00:49.587 UTC,1.39534,1.39523,0.0012,0.00249
07.10.2025 17:00:49.690 UTC,1.39537,1.39525,0.0012,0.00132
07.10.2025 17:00:50.247 UTC,1.39539,1.39525,0.0012,0.00189
07.10.2025 17:00:54.076 UTC,1.39538,1.39525,0.00132,0.0018
07.10.2025 17:00:54.179 UTC,1.39538,1.39525,0.00132,0.00135
07.10.2025 17:00:54.791 UTC,1.39537,1.39524,0.00192,0.0012
07.10.2025 17:00:54.894 UTC,1.39535,1.39522,0.00132,0.00225
07.10.2025 17:00:55.477 UTC,1.39536,1.39522,0.00132,0.00135
07.10.2025 17:00:57.590 UTC,1.39536,1.39523,0.00132,0.00135
07.10.2025 17:00:57.847 UTC,1.39535,1.39524,0.00132,0.00195
07.10.2025 17:00:57.999 UTC,1.39536,1.39523,0.00132,0.0024
07.10.2025 17:00:58.201 UTC,1.39536,1.39523,0.00132,0.00195
07.10.2025 17:00:58.353 UTC,1.39537,1.39524,0.00132,0.0018
07.10.2025 17:00:58.455 UTC,1.39536,1.39525,0.00132,0.00225
07.10.2025 17:00:59.369 UTC,1.39537,1.39524,0.00132,0.0018
07.10.2025 17:01:02.795 UTC,1.39538,1.39526,0.00237,0.0018
07.10.2025 17:01:02.848 UTC,1.39538,1.39526,0.00135,0.00144
07.10.2025 17:01:02.951 UTC,1.39539,1.39525,0.00135,0.00192
07.10.2025 17:01:04.807 UTC,1.3954,1.39527,0.00135,0.00279
07.10.2025 17:01:04.858 UTC,1.39541,1.3953,0.00195,0.0012
07.10.2025 17:01:04.910 UTC,1.39541,1.3953,0.0012,0.00135
07.10.2025 17:01:07.590 UTC,1.39537,1.39528,0.0018,0.00135
07.10.2025 17:01:07.744 UTC,1.39537,1.39527,0.0018,0.0012
07.10.2025 17:01:08.353 UTC,1.39536,1.39527,0.0012,0.00135
07.10.2025 17:01:10.326 UTC,1.39537,1.39527,0.0012,0.00285
07.10.2025 17:01:10.429 UTC,1.39537,1.39526,0.0012,0.00135
07.10.2025 17:01:10.532 UTC,1.39536,1.39526,0.0012,0.00135
07.10.2025 17:01:10.636 UTC,1.39534,1.39527,0.0012,0.00135
07.10.2025 17:01:10.790 UTC,1.39537,1.39526,0.0018,0.00135
07.10.2025 17:01:10.842 UTC,1.3954,1.39529,0.0018,0.0012
07.10.2025 17:01:10.894 UTC,1.39544,1.39532,0.00225,0.00225
07.10.2025 17:01:10.946 UTC,1.39545,1.39533,0.00189,0.0027
07.10.2025 17:01:11.149 UTC,1.39544,1.39532,0.00189,0.00285
07.10.2025 17:01:11.252 UTC,1.39545,1.39531,0.00189,0.00225
07.10.2025 17:01:11.809 UTC,1.39544,1.39531,0.0012,0.0012
07.10.2025 17:01:13.934 UTC,1.39544,1.39531,0.0012,0.0018
07.10.2025 17:01:14.592 UTC,1.39545,1.39531,0.00132,0.0033
07.10.2025 17:01:14.644 UTC,1.39546,1.39533,0.0027,0.0012
07.10.2025 17:01:14.747 UTC,1.39546,1.39535,0.0012,0.0012
07.10.2025 17:01:20.436 UTC,1.39545,1.39536,0.0012,0.0018
07.10.2025 17:01:21.647 UTC,1.39547,1.39536,0.00132,0.0018
07.10.2025 17:01:22.896 UTC,1.39546,1.39535,0.00132,0.00285
07.10.2025 17:01:22.949 UTC,1.39544,1.39533,0.00132,0.0024
07.10.2025 17:01:23.054 UTC,1.39544,1.3953,0.00189,0.0027
07.10.2025 17:01:28.746 UTC,1.39544,1.3953,0.00192,0.0027
07.10.2025 17:01:31.017 UTC,1.39542,1.39529,0.0012,0.0027
07.10.2025 17:01:31.273 UTC,1.39541,1.39531,0.0012,0.0012
07.10.2025 17:01:32.132 UTC,1.39542,1.39531,0.00132,0.00285
07.10.2025 17:01:33.016 UTC,1.39543,1.3953,0.00132,0.0027
07.10.2025 17:01:33.928 UTC,1.39542,1.39531,0.0012,0.00285
07.10.2025 17:01:34.181 UTC,1.39542,1.39531,0.0012,0.0027
07.10.2025 17:01:35.136 UTC,1.39543,1.3953,0.00132,0.00195
07.10.2025 17:01:35.844 UTC,1.39543,1.3953,0.00132,0.0018
07.10.2025 17:01:37.358 UTC,1.39543,1.3953,0.0012,0.00285
07.10.2025 17:01:38.616 UTC,1.39543,1.3953,0.0012,0.0027
07.10.2025 17:01:40.527 UTC,1.39543,1.3953,0.0012,0.00285
07.10.2025 17:01:42.386 UTC,1.39543,1.3953,0.0012,0.0027
07.10.2025 17:01:42.637 UTC,1.39542,1.39531,0.0012,0.00285
07.10.2025 17:01:43.240 UTC,1.39543,1.3953,0.00132,0.0027
07.10.2025 17:01:45.978 UTC,1.39543,1.3953,0.0012,0.00195
07.10.2025 17:01:47.238 UTC,1.39542,1.39529,0.00132,0.0012
07.10.2025 17:01:47.290 UTC,1.3954,1.39528,0.0012,0.0018
07.10.2025 17:01:47.397 UTC,1.39536,1.39526,0.00282,0.00135
07.10.2025 17:01:47.500 UTC,1.39534,1.39526,0.0012,0.0012
07.10.2025 17:01:47.653 UTC,1.39534,1.39521,0.0012,0.0012
07.10.2025 17:01:48.463 UTC,1.39534,1.3952,0.0012,0.0027
07.10.2025 17:01:50.484 UTC,1.39534,1.39521,0.0012,0.0018
07.10.2025 17:01:50.536 UTC,1.39536,1.39522,0.00135,0.0018
07.10.2025 17:01:50.639 UTC,1.39537,1.39524,0.00144,0.0012
07.10.2025 17:01:51.252 UTC,1.39537,1.39524,0.0012,0.0024
07.10.2025 17:01:52.771 UTC,1.39537,1.39524,0.0012,0.00225
07.10.2025 17:01:53.075 UTC,1.39537,1.39524,0.0012,0.0024
07.10.2025 17:01:53.629 UTC,1.39536,1.39525,0.0012,0.0033
07.10.2025 17:02:00.327 UTC,1.39536,1.39528,0.0012,0.00135
07.10.2025 17:02:00.430 UTC,1.39534,1.39522,0.0012,0.0012
07.10.2025 17:02:00.481 UTC,1.39534,1.39521,0.0012,0.00315
07.10.2025 17:02:00.788 UTC,1.39534,1.39522,0.0012,0.0012
07.10.2025 17:02:00.891 UTC,1.39535,1.39522,0.0012,0.0018
07.10.2025 17:02:01.497 UTC,1.39535,1.39522,0.0012,0.00195
07.10.2025 17:02:03.260 UTC,1.39535,1.39523,0.0012,0.0018
07.10.2025 17:02:03.362 UTC,1.39535,1.39524,0.0012,0.0018
07.10.2025 17:02:03.465 UTC,1.39535,1.39523,0.0012,0.0012
07.10.2025 17:02:05.478 UTC,1.39535,1.39522,0.00132,0.00195
07.10.2025 17:02:05.832 UTC,1.39534,1.39521,0.00132,0.0018
07.10.2025 17:02:05.939 UTC,1.39532,1.39519,0.0012,0.00135
07.10.2025 17:02:06.894 UTC,1.39531,1.39519,0.0012,0.00189
07.10.2025 17:02:06.996 UTC,1.39532,1.39518,0.0012,0.00204
07.10.2025 17:02:07.252 UTC,1.39532,1.39518,0.0012,0.00279
07.10.2025 17:02:08.262 UTC,1.39532,1.39519,0.0012,0.0012
07.10.2025 17:02:08.363 UTC,1.39532,1.39518,0.0012,0.00459
07.10.2025 17:02:08.517 UTC,1.39532,1.39519,0.0012,0.00225
07.10.2025 17:02:08.820 UTC,1.39532,1.39519,0.0012,0.0024
07.10.2025 17:02:09.679 UTC,1.39531,1.39521,0.0012,0.0024
07.10.2025 17:02:10.086 UTC,1.39532,1.39519,0.0012,0.00204
07.10.2025 17:02:10.439 UTC,1.39532,1.39519,0.0012,0.0018
07.10.2025 17:02:10.642 UTC,1.39531,1.39518,0.0012,0.00285
07.10.2025 17:02:10.746 UTC,1.39529,1.39518,0.0012,0.0012
07.10.2025 17:02:10.848 UTC,1.39529,1.39517,0.0012,0.00294
07.10.2025 17:02:13.728 UTC,1.39531,1.39518,0.0012,0.00144
07.10.2025 17:02:13.831 UTC,1.39531,1.3952,0.0012,0.00144
07.10.2025 17:02:14.035 UTC,1.39532,1.39519,0.0012,0.00249
07.10.2025 17:02:15.622 UTC,1.39532,1.39519,0.0012,0.00225
07.10.2025 17:02:15.726 UTC,1.3953,1.39518,0.0012,0.0012
07.10.2025 17:02:16.190 UTC,1.39531,1.39518,0.0012,0.00339
07.10.2025 17:02:16.344 UTC,1.39531,1.39519,0.0012,0.00192
07.10.2025 17:02:16.648 UTC,1.39531,1.39518,0.0012,0.00339
07.10.2025 17:02:16.852 UTC,1.3953,1.39519,0.0012,0.00324
07.10.2025 17:02:16.954 UTC,1.39532,1.39519,0.0012,0.00339
07.10.2025 17:02:17.108 UTC,1.39531,1.39518,0.0012,0.0024
07.10.2025 17:02:17.260 UTC,1.39529,1.39519,0.0012,0.0012
07.10.2025 17:02:17.866 UTC,1.3953,1.39517,0.0012,0.00234
07.10.2025 17:02:18.119 UTC,1.3953,1.39517,0.0012,0.00147
07.10.2025 17:02:20.279 UTC,1.39531,1.39519,0.0012,0.00192
07.10.2025 17:02:20.382 UTC,1.39531,1.3952,0.00135,0.00294
07.10.2025 17:02:20.487 UTC,1.39531,1.3952,0.00135,0.00339
07.10.2025 17:02:20.845 UTC,1.39532,1.39519,0.00135,0.00342
07.10.2025 17:02:21.152 UTC,1.39531,1.3952,0.00135,0.00432
07.10.2025 17:02:22.060 UTC,1.39532,1.39519,0.00135,0.0012
07.10.2025 17:02:22.162 UTC,1.39532,1.39519,0.0018,0.0012
07.10.2025 17:02:23.074 UTC,1.39532,1.39519,0.00135,0.0012
07.10.2025 17:02:24.054 UTC,1.39529,1.39517,0.00135,0.00225
07.10.2025 17:02:24.158 UTC,1.39525,1.39515,0.0012,0.00132
07.10.2025 17:02:24.260 UTC,1.39525,1.39513,0.0012,0.00294
07.10.2025 17:02:24.464 UTC,1.39526,1.39512,0.0012,0.00234
07.10.2025 17:02:24.818 UTC,1.39526,1.39512,0.0012,0.00249
07.10.2025 17:02:25.932 UTC,1.39526,1.39515,0.0012,0.00132
07.10.2025 17:02:26.138 UTC,1.39527,1.39514,0.0012,0.00192
07.10.2025 17:02:26.342 UTC,1.39527,1.39514,0.0012,0.00132
07.10.2025 17:02:26.444 UTC,1.39527,1.39514,0.0012,0.00192
07.10.2025 17:02:29.513 UTC,1.39526,1.39514,0.0012,0.00132
07.10.2025 17:02:29.766 UTC,1.39525,1.39515,0.0012,0.00132
07.10.2025 17:02:30.120 UTC,1.39528,1.39514,0.0012,0.00249
07.10.2025 17:02:30.273 UTC,1.39528,1.39515,0.0012,0.0012
07.10.2025 17:02:30.375 UTC,1.39527,1.39516,0.0012,0.0018
07.10.2025 17:02:31.535 UTC,1.39528,1.39514,0.0012,0.00375
07.10.2025 17:02:31.689 UTC,1.39528,1.39514,0.0012,0.00342
07.10.2025 17:02:32.147 UTC,1.39528,1.39515,0.0012,0.00132
07.10.2025 17:02:33.057 UTC,1.39528,1.39514,0.0012,0.00207
07.10.2025 17:02:33.361 UTC,1.39528,1.39515,0.0012,0.00192
07.10.2025 17:02:33.966 UTC,1.39528,1.39515,0.0012,0.00144
07.10.2025 17:02:34.225 UTC,1.39528,1.39514,0.0012,0.00387
07.10.2025 17:02:34.327 UTC,1.39528,1.39514,0.0012,0.00207
07.10.2025 17:02:34.532 UTC,1.39526,1.39513,0.0012,0.00195
07.10.2025 17:02:34.635 UTC,1.39525,1.39513,0.0012,0.00135
07.10.2025 17:02:34.738 UTC,1.39524,1.39511,0.0012,0.00204
07.10.2025 17:02:34.840 UTC,1.39524,1.39511,0.0012,0.00234
07.10.2025 17:02:35.447 UTC,1.39524,1.39511,0.0012,0.00294
07.10.2025 17:02:35.751 UTC,1.39523,1.39512,0.0012,0.00279
07.10.2025 17:02:37.461 UTC,1.39524,1.39511,0.0012,0.00237
07.10.2025 17:02:37.715 UTC,1.39523,1.39513,0.0012,0.00192
07.10.2025 17:02:38.471 UTC,1.39524,1.39512,0.0012,0.00144
07.10.2025 17:02:39.932 UTC,1.39524,1.39511,0.0012,0.0012
07.10.2025 17:02:40.239 UTC,1.39524,1.39511,0.0012,0.00195
07.10.2025 17:02:43.977 UTC,1.39522,1.39511,0.0012,0.0012
07.10.2025 17:02:45.342 UTC,1.39522,1.3951,0.0012,0.0012
07.10.2025 17:02:46.303 UTC,1.39521,1.3951,0.0012,0.00192
07.10.2025 17:02:47.413 UTC,1.39521,1.39509,0.00132,0.0045
07.10.2025 17:02:47.567 UTC,1.39521,1.39507,0.00132,0.00375
07.10.2025 17:02:47.670 UTC,1.39522,1.39509,0.00132,0.00225
07.10.2025 17:02:47.924 UTC,1.39521,1.3951,0.00132,0.0024
07.10.2025 17:02:48.427 UTC,1.39521,1.3951,0.0012,0.00225
07.10.2025 17:02:48.834 UTC,1.39521,1.3951,0.0012,0.0024
07.10.2025 17:02:49.542 UTC,1.39522,1.3951,0.0012,0.0018
07.10.2025 17:02:51.049 UTC,1.39522,1.3951,0.0012,0.0012
07.10.2025 17:02:52.157 UTC,1.39521,1.3951,0.0012,0.0027
07.10.2025 17:02:52.258 UTC,1.39521,1.3951,0.0012,0.00285
07.10.2025 17:02:54.365 UTC,1.39523,1.3951,0.00132,0.00135
07.10.2025 17:02:54.501 UTC,1.39522,1.39511,0.00132,0.0018
07.10.2025 17:02:54.704 UTC,1.39523,1.3951,0.00132,0.00135
07.10.2025 17:02:55.059 UTC,1.39523,1.39509,0.00132,0.0033
07.10.2025 17:02:55.618 UTC,1.39523,1.3951,0.00132,0.0018
07.10.2025 17:02:55.772 UTC,1.39523,1.39512,0.00132,0.00135
07.10.2025 17:02:56.027 UTC,1.39524,1.39512,0.0012,0.0012
07.10.2025 17:02:56.130 UTC,1.39525,1.39512,0.00132,0.0018
07.10.2025 17:02:59.753 UTC,1.39525,1.39512,0.00132,0.0012
07.10.2025 17:03:01.676 UTC,1.39524,1.39513,0.00132,0.0012
07.10.2025 17:03:01.880 UTC,1.39524,1.39511,0.00132,0.00195
07.10.2025 17:03:02.035 UTC,1.39523,1.39509,0.00132,0.0024
07.10.2025 17:03:02.138 UTC,1.39523,1.3951,0.00132,0.0012
07.10.2025 17:03:02.240 UTC,1.39523,1.39511,0.00132,0.0018
07.10.2025 17:03:03.088 UTC,1.39523,1.39511,0.0012,0.00285
07.10.2025 17:03:03.295 UTC,1.39523,1.39513,0.0012,0.00135
07.10.2025 17:03:03.649 UTC,1.39522,1.39512,0.0012,0.00375
07.10.2025 17:03:07.524 UTC,1.39523,1.39511,0.0012,0.00375
07.10.2025 17:03:08.332 UTC,1.39522,1.39513,0.0012,0.0018
07.10.2025 17:03:08.587 UTC,1.39522,1.3951,0.0012,0.0024
07.10.2025 17:03:08.690 UTC,1.39522,1.3951,0.0012,0.0018
07.10.2025 17:03:08.793 UTC,1.39521,1.3951,0.0012,0.0012
07.10.2025 17:03:09.250 UTC,1.39521,1.39509,0.0012,0.0012
07.10.2025 17:03:09.756 UTC,1.3952,1.39509,0.0012,0.0012
07.10.2025 17:03:10.010 UTC,1.39521,1.39508,0.0012,0.0018
07.10.2025 17:03:10.112 UTC,1.3952,1.39509,0.0012,0.0012
07.10.2025 17:03:10.607 UTC,1.39521,1.39509,0.0012,0.0012
07.10.2025 17:03:11.926 UTC,1.39522,1.3951,0.0012,0.0012
07.10.2025 17:03:12.183 UTC,1.39521,1.39509,0.0012,0.00375
07.10.2025 17:03:12.386 UTC,1.39521,1.39509,0.0012,0.00285
07.10.2025 17:03:12.791 UTC,1.3952,1.3951,0.0012,0.0024
07.10.2025 17:03:12.843 UTC,1.39521,1.39509,0.0012,0.0018
07.10.2025 17:03:12.946 UTC,1.3952,1.39509,0.0012,0.0012
07.10.2025 17:03:12.998 UTC,1.39517,1.39508,0.0012,0.0024
07.10.2025 17:03:13.049 UTC,1.39519,1.39508,0.00132,0.0018
07.10.2025 17:03:13.102 UTC,1.39518,1.39508,0.0012,0.00225
07.10.2025 17:03:13.154 UTC,1.39521,1.39508,0.00135,0.0012
07.10.2025 17:03:13.256 UTC,1.39521,1.39509,0.0012,0.00135
07.10.2025 17:03:13.359 UTC,1.3952,1.3951,0.0012,0.00195
07.10.2025 17:03:13.561 UTC,1.39521,1.39509,0.0012,0.0027
07.10.2025 17:03:15.278 UTC,1.39521,1.39509,0.0012,0.00285
07.10.2025 17:03:17.290 UTC,1.3952,1.3951,0.0012,0.0012
07.10.2025 17:03:17.494 UTC,1.39521,1.39509,0.0012,0.0012
07.10.2025 17:03:18.103 UTC,1.39521,1.39509,0.0012,0.00135
07.10.2025 17:03:19.734 UTC,1.3952,1.39508,0.0012,0.00285
07.10.2025 17:03:20.092 UTC,1.39521,1.3951,0.0012,0.0018
07.10.2025 17:03:20.349 UTC,1.39522,1.3951,0.0012,0.0018
07.10.2025 17:03:21.408 UTC,1.39521,1.3951,0.0012,0.0012
07.10.2025 17:03:21.519 UTC,1.3952,1.3951,0.0012,0.00285
07.10.2025 17:03:21.772 UTC,1.39521,1.39509,0.0012,0.0033
07.10.2025 17:03:22.076 UTC,1.3952,1.3951,0.0012,0.0033
07.10.2025 17:03:22.834 UTC,1.3952,1.39509,0.0012,0.0012
07.10.2025 17:03:22.937 UTC,1.39518,1.39506,0.0012,0.0024
07.10.2025 17:03:22.988 UTC,1.39517,1.39507,0.0012,0.00135
07.10.2025 17:03:23.243 UTC,1.39518,1.39506,0.0012,0.0012
07.10.2025 17:03:23.346 UTC,1.39518,1.39506,0.0012,0.00225
07.10.2025 17:03:23.700 UTC,1.39518,1.39506,0.0012,0.0033
07.10.2025 17:03:23.853 UTC,1.39518,1.39506,0.0012,0.00315
07.10.2025 17:03:24.811 UTC,1.39517,1.39506,0.00135,0.00135
07.10.2025 17:03:24.863 UTC,1.39515,1.39506,0.0012,0.00135
07.10.2025 17:03:26.935 UTC,1.39514,1.39505,0.0012,0.00135
07.10.2025 17:03:28.499 UTC,1.39515,1.39502,0.0012,0.0024
07.10.2025 17:03:28.602 UTC,1.39514,1.39502,0.0012,0.00135
07.10.2025 17:03:28.756 UTC,1.39514,1.39502,0.0012,0.0012
07.10.2025 17:03:30.144 UTC,1.39514,1.39502,0.0012,0.0018
07.10.2025 17:03:31.106 UTC,1.39514,1.39504,0.0012,0.0018
07.10.2025 17:03:34.083 UTC,1.39515,1.39503,0.0012,0.0012
07.10.2025 17:03:34.336 UTC,1.39514,1.39504,0.0012,0.0012
07.10.2025 17:03:35.246 UTC,1.39515,1.39503,0.0012,0.0012
07.10.2025 17:03:35.802 UTC,1.3952,1.3951,0.0024,0.00135
07.10.2025 17:03:35.905 UTC,1.39521,1.39511,0.0012,0.0012
07.10.2025 17:03:36.665 UTC,1.39519,1.39507,0.0012,0.00157
07.10.2025 17:03:36.768 UTC,1.39518,1.39507,0.0012,0.0012
07.10.2025 17:03:36.972 UTC,1.39518,1.39507,0.0012,0.0018
07.10.2025 17:03:38.181 UTC,1.39518,1.39507,0.0012,0.00135
07.10.2025 17:03:38.535 UTC,1.39518,1.39508,0.0012,0.00195
07.10.2025 17:03:38.637 UTC,1.39519,1.39507,0.0012,0.0018
07.10.2025 17:03:38.774 UTC,1.39518,1.39508,0.0012,0.0024
07.10.2025 17:03:39.030 UTC,1.39518,1.39508,0.0012,0.0018
07.10.2025 17:03:40.136 UTC,1.39519,1.39507,0.0012,0.00195
07.10.2025 17:03:47.993 UTC,1.39518,1.39507,0.0012,0.00135
07.10.2025 17:03:50.419 UTC,1.39518,1.39506,0.0012,0.00135
07.10.2025 17:03:50.764 UTC,1.39517,1.39508,0.0012,0.00135
07.10.2025 17:03:52.381 UTC,1.39517,1.39507,0.0012,0.0018
07.10.2025 17:03:53.495 UTC,1.39518,1.39506,0.0012,0.00195
07.10.2025 17:03:53.698 UTC,1.39518,1.39506,0.0012,0.0018
07.10.2025 17:03:53.801 UTC,1.39515,1.39506,0.0012,0.0027
07.10.2025 17:03:54.057 UTC,1.39516,1.39506,0.0012,0.00135
07.10.2025 17:03:55.477 UTC,1.39517,1.39506,0.0012,0.0018
07.10.2025 17:03:55.732 UTC,1.39517,1.39506,0.0012,0.00135
07.10.2025 17:03:56.991 UTC,1.39514,1.39506,0.0012,0.0012
07.10.2025 17:03:57.448 UTC,1.39515,1.39504,0.0012,0.0012
07.10.2025 17:03:58.706 UTC,1.39516,1.39508,0.0012,0.00135
07.10.2025 17:03:58.759 UTC,1.39518,1.39508,0.0012,0.00135
07.10.2025 17:03:58.861 UTC,1.39519,1.39508,0.0012,0.0012
07.10.2025 17:04:00.207 UTC,1.3952,1.39509,0.0012,0.0012
07.10.2025 17:04:01.374 UTC,1.3952,1.3951,0.0012,0.00135
07.10.2025 17:04:02.188 UTC,1.39521,1.3951,0.0012,0.00225
07.10.2025 17:04:03.348 UTC,1.39521,1.39511,0.0012,0.0012
07.10.2025 17:04:03.450 UTC,1.39521,1.3951,0.0012,0.0027
07.10.2025 17:04:03.958 UTC,1.3952,1.39511,0.0012,0.00375
07.10.2025 17:04:09.383 UTC,1.39521,1.3951,0.0012,0.00192
07.10.2025 17:04:12.627 UTC,1.39523,1.39511,0.0012,0.00252
07.10.2025 17:04:12.730 UTC,1.39522,1.39513,0.0012,0.00249
07.10.2025 17:04:12.934 UTC,1.39523,1.39512,0.0012,0.00234
07.10.2025 17:04:13.087 UTC,1.39523,1.39514,0.0012,0.00132
07.10.2025 17:04:14.453 UTC,1.39523,1.39514,0.0012,0.00225
07.10.2025 17:04:16.314 UTC,1.39524,1.39512,0.0012,0.00249
07.10.2025 17:04:18.678 UTC,1.39522,1.39513,0.0012,0.00204
07.10.2025 17:04:24.469 UTC,1.39522,1.39512,0.0012,0.00249
07.10.2025 17:04:24.722 UTC,1.39523,1.39511,0.0012,0.00234
07.10.2025 17:04:24.823 UTC,1.39523,1.39511,0.0012,0.00249
07.10.2025 17:04:25.377 UTC,1.39523,1.39511,0.0012,0.00384
07.10.2025 17:04:29.494 UTC,1.39523,1.39511,0.0012,0.00429
07.10.2025 17:04:29.596 UTC,1.39522,1.39512,0.0012,0.00429
07.10.2025 17:04:30.201 UTC,1.39522,1.39512,0.0012,0.0018
07.10.2025 17:04:30.253 UTC,1.39521,1.39511,0.0012,0.00144
07.10.2025 17:04:30.509 UTC,1.39523,1.39511,0.0012,0.00192
07.10.2025 17:04:30.612 UTC,1.39523,1.39512,0.0012,0.00342
07.10.2025 17:04:32.524 UTC,1.39524,1.39512,0.0012,0.00189
07.10.2025 17:04:33.129 UTC,1.39524,1.39512,0.0012,0.00192
07.10.2025 17:04:33.832 UTC,1.39523,1.39513,0.0012,0.00144
07.10.2025 17:04:35.345 UTC,1.39523,1.39514,0.0012,0.0012
07.10.2025 17:04:37.810 UTC,1.39524,1.39516,0.0012,0.00132
07.10.2025 17:04:37.965 UTC,1.39525,1.39514,0.0012,0.00144
07.10.2025 17:04:38.424 UTC,1.39525,1.39514,0.0012,0.00297
07.10.2025 17:04:39.284 UTC,1.39524,1.39515,0.0012,0.0012
07.10.2025 17:04:39.486 UTC,1.39525,1.39514,0.0012,0.0012
07.10.2025 17:04:39.639 UTC,1.39525,1.39513,0.0012,0.0024
07.10.2025 17:04:42.313 UTC,1.39525,1.39513,0.0012,0.00207
07.10.2025 17:04:42.435 UTC,1.39526,1.39515,0.0012,0.00192
07.10.2025 17:04:43.096 UTC,1.39529,1.39518,0.0012,0.0012
07.10.2025 17:04:43.198 UTC,1.39529,1.39517,0.0012,0.00144
07.10.2025 17:04:43.300 UTC,1.39529,1.39518,0.0012,0.0012
07.10.2025 17:04:43.859 UTC,1.39529,1.39517,0.0012,0.00144
07.10.2025 17:04:43.962 UTC,1.39529,1.3952,0.0012,0.00135
07.10.2025 17:04:45.073 UTC,1.3953,1.39518,0.0012,0.00132
07.10.2025 17:04:45.175 UTC,1.3953,1.39517,0.0012,0.00342
07.10.2025 17:04:45.479 UTC,1.39529,1.39518,0.0012,0.00249
07.10.2025 17:04:45.633 UTC,1.3953,1.39517,0.0012,0.00294
07.10.2025 17:04:45.736 UTC,1.39528,1.39518,0.0012,0.00249
07.10.2025 17:04:49.607 UTC,1.39528,1.39518,0.0012,0.00204
07.10.2025 17:04:49.709 UTC,1.39529,1.39517,0.0012,0.00192
07.10.2025 17:04:50.163 UTC,1.39528,1.39518,0.0012,0.00204
07.10.2025 17:04:50.716 UTC,1.39529,1.39517,0.0012,0.00192
07.10.2025 17:04:51.671 UTC,1.39529,1.39517,0.0012,0.00204
07.10.2025 17:04:51.773 UTC,1.39529,1.39517,0.0012,0.00192
07.10.2025 17:04:53.830 UTC,1.39528,1.39518,0.0012,0.00252
07.10.2025 17:04:53.882 UTC,1.3953,1.39519,0.0012,0.00339
07.10.2025 17:04:54.087 UTC,1.39531,1.39518,0.0012,0.00192
07.10.2025 17:04:55.140 UTC,1.39531,1.39519,0.0012,0.00192
07.10.2025 17:04:55.493 UTC,1.39531,1.39519,0.0012,0.00144
07.10.2025 17:04:55.845 UTC,1.39531,1.39519,0.0012,0.00192
07.10.2025 17:04:56.603 UTC,1.39531,1.39519,0.0012,0.00135
07.10.2025 17:04:56.857 UTC,1.39531,1.39519,0.0012,0.0018
07.10.2025 17:04:57.366 UTC,1.39531,1.39519,0.0012,0.00135
07.10.2025 17:04:57.469 UTC,1.39531,1.39519,0.0012,0.0018
07.10.2025 17:04:57.775 UTC,1.39531,1.39519,0.0012,0.00135
07.10.2025 17:04:58.634 UTC,1.39532,1.3952,0.0012,0.00144
07.10.2025 17:05:00.355 UTC,1.39532,1.39519,0.0012,0.00135
07.10.2025 17:05:00.658 UTC,1.39532,1.39519,0.0012,0.0018
07.10.2025 17:05:00.862 UTC,1.39532,1.39519,0.0012,0.00135
07.10.2025 17:05:00.964 UTC,1.39532,1.39519,0.0012,0.00192
07.10.2025 17:05:02.026 UTC,1.3953,1.39519,0.0012,0.0018
07.10.2025 17:05:02.128 UTC,1.3953,1.39519,0.0012,0.00135
07.10.2025 17:05:03.767 UTC,1.39529,1.39519,0.0012,0.00135
07.10.2025 17:05:03.869 UTC,1.3953,1.39518,0.0012,0.0018
07.10.2025 17:05:07.088 UTC,1.3953,1.3952,0.0012,0.00192
07.10.2025 17:05:07.191 UTC,1.39531,1.39522,0.0012,0.00144
07.10.2025 17:05:07.243 UTC,1.39534,1.39522,0.0012,0.00132
07.10.2025 17:05:08.204 UTC,1.39532,1.39522,0.0012,0.0012
07.10.2025 17:05:08.256 UTC,1.39531,1.39521,0.0012,0.0012
07.10.2025 17:05:08.562 UTC,1.39532,1.39518,0.0012,0.00192
07.10.2025 17:05:08.817 UTC,1.39532,1.39519,0.0012,0.00192
07.10.2025 17:05:09.424 UTC,1.39532,1.39518,0.0012,0.00249
07.10.2025 17:05:10.233 UTC,1.39532,1.39519,0.0012,0.00192
07.10.2025 17:05:11.794 UTC,1.39532,1.3952,0.0012,0.00132
07.10.2025 17:05:12.048 UTC,1.39531,1.39519,0.0012,0.00342
07.10.2025 17:05:13.318 UTC,1.39532,1.39521,0.0012,0.00192
07.10.2025 17:05:14.053 UTC,1.39533,1.39525,0.0012,0.00477
07.10.2025 17:05:14.107 UTC,1.39538,1.39526,0.00135,0.00144
07.10.2025 17:05:14.316 UTC,1.39538,1.39526,0.0012,0.00132
07.10.2025 17:05:14.571 UTC,1.39537,1.39526,0.0012,0.00297
07.10.2025 17:05:14.826 UTC,1.39538,1.39529,0.0012,0.00144
07.10.2025 17:05:14.878 UTC,1.39538,1.39526,0.0012,0.00144
07.10.2025 17:05:15.183 UTC,1.39538,1.39526,0.0012,0.00192
07.10.2025 17:05:16.195 UTC,1.39537,1.39526,0.0012,0.00297
07.10.2025 17:05:16.298 UTC,1.39537,1.39525,0.0012,0.0012
07.10.2025 17:05:16.655 UTC,1.39536,1.39525,0.0012,0.00249
07.10.2025 17:05:16.758 UTC,1.39536,1.39525,0.0012,0.00297
07.10.2025 17:05:16.861 UTC,1.39537,1.39525,0.0012,0.00132
07.10.2025 17:05:17.166 UTC,1.39537,1.39525,0.0012,0.00192
07.10.2025 17:05:17.519 UTC,1.39537,1.39525,0.0012,0.00132
07.10.2025 17:05:17.722 UTC,1.39536,1.39526,0.0012,0.00192
07.10.2025 17:05:18.230 UTC,1.39537,1.39525,0.0012,0.00297
07.10.2025 17:05:18.382 UTC,1.39536,1.39526,0.0012,0.00252
07.10.2025 17:05:19.243 UTC,1.39537,1.39526,0.0012,0.00144
07.10.2025 17:05:19.397 UTC,1.39537,1.39527,0.0012,0.00192
07.10.2025 17:05:19.499 UTC,1.39538,1.39526,0.0012,0.00144
07.10.2025 17:05:19.754 UTC,1.39538,1.39525,0.0012,0.00249
07.10.2025 17:05:20.009 UTC,1.39538,1.39525,0.0012,0.00204
07.10.2025 17:05:20.262 UTC,1.39538,1.39525,0.0012,0.00249
07.10.2025 17:05:20.364 UTC,1.39538,1.39527,0.0012,0.00237
07.10.2025 17:05:20.518 UTC,1.39539,1.39528,0.0012,0.00135
07.10.2025 17:05:20.671 UTC,1.39539,1.39529,0.0012,0.00207
07.10.2025 17:05:20.778 UTC,1.39538,1.39528,0.0012,0.00192
07.10.2025 17:05:20.881 UTC,1.39537,1.39525,0.0012,0.00429
07.10.2025 17:05:21.186 UTC,1.39537,1.39525,0.0012,0.00339
07.10.2025 17:05:22.350 UTC,1.39538,1.39524,0.0012,0.00294
07.10.2025 17:05:22.502 UTC,1.39537,1.39524,0.0012,0.00204
07.10.2025 17:05:22.781 UTC,1.39537,1.39524,0.0012,0.00192
07.10.2025 17:05:24.593 UTC,1.39535,1.39524,0.0012,0.00384
07.10.2025 17:05:24.645 UTC,1.39534,1.39522,0.0012,0.00252
07.10.2025 17:05:24.697 UTC,1.39534,1.39522,0.0012,0.0012
07.10.2025 17:05:24.801 UTC,1.39533,1.39521,0.0012,0.00192
07.10.2025 17:05:25.004 UTC,1.39532,1.39522,0.0012,0.00189
07.10.2025 17:05:31.593 UTC,1.39532,1.39521,0.0012,0.00279
07.10.2025 17:05:31.696 UTC,1.39531,1.39521,0.0012,0.00144
07.10.2025 17:05:33.164 UTC,1.39532,1.39519,0.0012,0.00234
07.10.2025 17:05:33.267 UTC,1.39531,1.39519,0.0012,0.00192
07.10.2025 17:05:34.125 UTC,1.39531,1.39519,0.0012,0.00144
07.10.2025 17:05:36.092 UTC,1.39531,1.39518,0.0012,0.00234
07.10.2025 17:05:36.445 UTC,1.39531,1.39518,0.0012,0.00249
07.10.2025 17:05:37.102 UTC,1.39531,1.3952,0.0012,0.0012
07.10.2025 17:05:37.814 UTC,1.39531,1.3952,0.0012,0.00192
07.10.2025 17:05:37.916 UTC,1.39531,1.3952,0.0012,0.00144
07.10.2025 17:05:39.980 UTC,1.39531,1.39519,0.0012,0.00297
07.10.2025 17:05:40.432 UTC,1.39531,1.39519,0.0012,0.00294
07.10.2025 17:05:41.644 UTC,1.39532,1.3952,0.0012,0.00189
07.10.2025 17:05:41.696 UTC,1.39531,1.39521,0.0012,0.00204
07.10.2025 17:05:41.798 UTC,1.39532,1.3952,0.0012,0.00204
07.10.2025 17:05:42.762 UTC,1.39531,1.39521,0.0012,0.00459
07.10.2025 17:05:42.865 UTC,1.39533,1.39521,0.0012,0.00342
07.10.2025 17:05:44.388 UTC,1.39532,1.39522,0.0012,0.00207
07.10.2025 17:05:44.490 UTC,1.39532,1.39522,0.0012,0.00252
07.10.2025 17:05:44.998 UTC,1.39533,1.39521,0.0012,0.00144
07.10.2025 17:05:45.507 UTC,1.39533,1.39524,0.0012,0.0012
07.10.2025 17:05:45.763 UTC,1.39534,1.39523,0.0012,0.00147
07.10.2025 17:05:46.221 UTC,1.39535,1.39523,0.0012,0.00192
07.10.2025 17:05:46.423 UTC,1.39535,1.39523,0.0012,0.00207
07.10.2025 17:05:46.527 UTC,1.39535,1.39527,0.0012,0.0012
07.10.2025 17:05:46.629 UTC,1.39536,1.39525,0.0012,0.00189
07.10.2025 17:05:46.732 UTC,1.39535,1.39526,0.0012,0.00249
07.10.2025 17:05:46.937 UTC,1.39536,1.39524,0.0012,0.00249
07.10.2025 17:05:47.343 UTC,1.39536,1.39524,0.0012,0.00339
07.10.2025 17:05:47.445 UTC,1.39536,1.39524,0.0012,0.00294
07.10.2025 17:05:47.647 UTC,1.39536,1.39524,0.0012,0.00339
07.10.2025 17:05:48.355 UTC,1.39535,1.39525,0.0012,0.00294
07.10.2025 17:05:48.457 UTC,1.39534,1.39524,0.0012,0.00234
07.10.2025 17:05:48.713 UTC,1.39536,1.39525,0.0012,0.0018
07.10.2025 17:05:48.816 UTC,1.39536,1.39525,0.0012,0.00132
07.10.2025 17:05:49.223 UTC,1.39536,1.39525,0.0012,0.00189
07.10.2025 17:05:49.527 UTC,1.39535,1.39526,0.0012,0.00204
07.10.2025 17:05:49.629 UTC,1.39537,1.39525,0.0012,0.00249
07.10.2025 17:05:50.032 UTC,1.39537,1.39525,0.0012,0.00189
07.10.2025 17:05:50.639 UTC,1.39536,1.39526,0.0012,0.00249
07.10.2025 17:05:50.691 UTC,1.39536,1.39526,0.0012,0.00234
07.10.2025 17:05:50.895 UTC,1.39536,1.39526,0.0012,0.00294
07.10.2025 17:05:52.558 UTC,1.39537,1.39526,0.0012,0.00204
07.10.2025 17:05:52.661 UTC,1.39537,1.39526,0.0012,0.00144
07.10.2025 17:05:53.617 UTC,1.39537,1.39527,0.0012,0.00144
07.10.2025 17:05:55.578 UTC,1.39537,1.39526,0.0012,0.00279
07.10.2025 17:05:55.715 UTC,1.39538,1.39525,0.0012,0.00249
07.10.2025 17:05:55.969 UTC,1.39538,1.39525,0.0012,0.00135
07.10.2025 17:05:56.578 UTC,1.39537,1.39525,0.0012,0.00369
07.10.2025 17:05:56.732 UTC,1.39538,1.39524,0.0012,0.00294
07.10.2025 17:05:56.936 UTC,1.39538,1.39524,0.0012,0.00144
07.10.2025 17:05:57.037 UTC,1.39538,1.39524,0.0012,0.00204
07.10.2025 17:05:58.155 UTC,1.39537,1.39526,0.0012,0.00204
07.10.2025 17:05:59.214 UTC,1.39538,1.39525,0.0012,0.00144
07.10.2025 17:05:59.316 UTC,1.39538,1.39524,0.00135,0.00189
07.10.2025 17:05:59.420 UTC,1.39538,1.39524,0.0012,0.00372
07.10.2025 17:06:00.229 UTC,1.39537,1.39526,0.0012,0.00132
07.10.2025 17:06:02.097 UTC,1.39538,1.39525,0.0012,0.00249
07.10.2025 17:06:03.555 UTC,1.39538,1.39525,0.0012,0.00204
07.10.2025 17:06:04.562 UTC,1.39538,1.39525,0.0012,0.00339
07.10.2025 17:06:04.715 UTC,1.39538,1.39525,0.0012,0.00294
07.10.2025 17:06:04.817 UTC,1.39537,1.39526,0.0012,0.00342
07.10.2025 17:06:05.021 UTC,1.39538,1.39525,0.0012,0.00279
07.10.2025 17:06:05.174 UTC,1.39538,1.39525,0.0012,0.00249
07.10.2025 17:06:05.378 UTC,1.39538,1.39525,0.0012,0.00429
07.10.2025 17:06:05.479 UTC,1.39538,1.39525,0.0012,0.00294
07.10.2025 17:06:05.984 UTC,1.39538,1.39526,0.0012,0.00294
07.10.2025 17:06:06.087 UTC,1.39538,1.39526,0.0012,0.00192
07.10.2025 17:06:06.189 UTC,1.39538,1.39526,0.0012,0.00249
07.10.2025 17:06:06.293 UTC,1.39538,1.39528,0.0012,0.0012
07.10.2025 17:06:06.802 UTC,1.39539,1.39526,0.0012,0.00387
07.10.2025 17:06:06.905 UTC,1.39538,1.39526,0.0012,0.00339
07.10.2025 17:06:08.870 UTC,1.39538,1.39526,0.0012,0.0012
07.10.2025 17:06:08.973 UTC,1.39537,1.39526,0.0012,0.00429
07.10.2025 17:06:10.236 UTC,1.39537,1.39526,0.0012,0.00294
07.10.2025 17:06:11.598 UTC,1.39537,1.39526,0.0012,0.00189
07.10.2025 17:06:12.000 UTC,1.39538,1.39525,0.0012,0.00204
07.10.2025 17:06:12.960 UTC,1.39537,1.39527,0.0012,0.00432
07.10.2025 17:06:13.567 UTC,1.39538,1.39526,0.0012,0.00414
07.10.2025 17:06:14.121 UTC,1.39537,1.39527,0.0012,0.00339
07.10.2025 17:06:15.428 UTC,1.39538,1.39526,0.0012,0.00324
07.10.2025 17:06:15.782 UTC,1.39537,1.39527,0.0012,0.00372
07.10.2025 17:06:16.989 UTC,1.39538,1.39526,0.0012,0.00369
07.10.2025 17:06:17.244 UTC,1.39538,1.39526,0.0012,0.00384
07.10.2025 17:06:18.367 UTC,1.39539,1.39526,0.0012,0.00294
07.10.2025 17:06:18.621 UTC,1.39539,1.39528,0.0012,0.00144
07.10.2025 17:06:18.724 UTC,1.39543,1.39529,0.0012,0.00207
07.10.2025 17:06:18.827 UTC,1.39543,1.39529,0.0012,0.00144
07.10.2025 17:06:19.032 UTC,1.39541,1.39528,0.0012,0.00144
07.10.2025 17:06:19.288 UTC,1.39541,1.39528,0.0012,0.00192
07.10.2025 17:06:19.593 UTC,1.39541,1.39528,0.0012,0.00144
07.10.2025 17:06:19.695 UTC,1.3954,1.39529,0.0012,0.00192
07.10.2025 17:06:20.302 UTC,1.39541,1.39529,0.0012,0.0018
07.10.2025 17:06:20.504 UTC,1.39541,1.39529,0.0012,0.00135
07.10.2025 17:06:20.656 UTC,1.39541,1.39529,0.0012,0.0018
07.10.2025 17:06:22.676 UTC,1.39538,1.39528,0.0012,0.00192
07.10.2025 17:06:22.831 UTC,1.3954,1.39528,0.0012,0.00144
07.10.2025 17:06:22.934 UTC,1.3954,1.39528,0.0012,0.00282
07.10.2025 17:06:23.036 UTC,1.39541,1.39528,0.0012,0.00372
07.10.2025 17:06:23.342 UTC,1.39541,1.39529,0.0012,0.00204
07.10.2025 17:06:23.949 UTC,1.39541,1.39529,0.0012,0.00342
07.10.2025 17:06:24.051 UTC,1.39541,1.39529,0.0012,0.00297
07.10.2025 17:06:25.006 UTC,1.3954,1.3953,0.0012,0.00207
07.10.2025 17:06:25.109 UTC,1.3954,1.3953,0.0012,0.00192
07.10.2025 17:06:27.333 UTC,1.39542,1.3953,0.0012,0.00294
07.10.2025 17:06:27.589 UTC,1.39543,1.39529,0.0012,0.00342
07.10.2025 17:06:27.793 UTC,1.39542,1.3953,0.0012,0.00387
07.10.2025 17:06:33.168 UTC,1.39543,1.39532,0.0012,0.00192
07.10.2025 17:06:33.271 UTC,1.39545,1.39534,0.0012,0.0012
07.10.2025 17:06:33.374 UTC,1.39545,1.39534,0.0012,0.00279
07.10.2025 17:06:35.385 UTC,1.39544,1.39533,0.0018,0.00225
07.10.2025 17:06:35.489 UTC,1.39542,1.3953,0.0012,0.00135
07.10.2025 17:06:40.303 UTC,1.39542,1.39529,0.0012,0.00234
07.10.2025 17:06:40.705 UTC,1.39541,1.3953,0.0012,0.00294
07.10.2025 17:06:40.957 UTC,1.39541,1.3953,0.0012,0.00249
07.10.2025 17:06:43.365 UTC,1.39542,1.39529,0.0012,0.00294
07.10.2025 17:06:45.075 UTC,1.39542,1.3953,0.0012,0.00204
07.10.2025 17:06:54.796 UTC,1.39542,1.39531,0.0012,0.00144
07.10.2025 17:06:55.350 UTC,1.39542,1.39531,0.0012,0.00192
07.10.2025 17:07:00.311 UTC,1.39542,1.39531,0.0012,0.0012
07.10.2025 17:07:02.542 UTC,1.39542,1.39531,0.0012,0.00192
07.10.2025 17:07:03.046 UTC,1.39542,1.39531,0.0012,0.00144
07.10.2025 17:07:04.100 UTC,1.39542,1.39531,0.0012,0.00192
07.10.2025 17:07:04.553 UTC,1.39541,1.39531,0.0012,0.00189
07.10.2025 17:07:04.655 UTC,1.3954,1.3953,0.0012,0.00249
07.10.2025 17:07:04.758 UTC,1.3954,1.3953,0.0012,0.00144
07.10.2025 17:07:05.110 UTC,1.39541,1.39529,0.0012,0.00192
07.10.2025 17:07:06.020 UTC,1.3954,1.3953,0.0012,0.00204
07.10.2025 17:07:06.472 UTC,1.3954,1.3953,0.0012,0.00192
07.10.2025 17:07:12.235 UTC,1.39542,1.3953,0.0012,0.00144
07.10.2025 17:07:12.388 UTC,1.39542,1.3953,0.0012,0.00192
07.10.2025 17:07:16.464 UTC,1.39541,1.39531,0.0012,0.00249
07.10.2025 17:07:16.567 UTC,1.39541,1.39531,0.0012,0.00294
07.10.2025 17:07:16.970 UTC,1.39542,1.3953,0.0012,0.00252
07.10.2025 17:07:17.775 UTC,1.39542,1.3953,0.0012,0.00297
07.10.2025 17:07:19.384 UTC,1.39542,1.3953,0.0012,0.0024
07.10.2025 17:07:21.347 UTC,1.39541,1.39531,0.0012,0.00285
07.10.2025 17:07:22.000 UTC,1.39542,1.3953,0.0012,0.00285
07.10.2025 17:07:22.324 UTC,1.39542,1.3953,0.0012,0.0033
07.10.2025 17:07:22.729 UTC,1.39542,1.3953,0.0012,0.00285
07.10.2025 17:07:23.182 UTC,1.39542,1.3953,0.0012,0.0042
07.10.2025 17:07:28.504 UTC,1.39544,1.39532,0.0012,0.0012
07.10.2025 17:07:28.606 UTC,1.39545,1.39532,0.0012,0.00285
07.10.2025 17:07:28.709 UTC,1.39544,1.39534,0.0012,0.0024
07.10.2025 17:07:28.811 UTC,1.39545,1.39532,0.0012,0.0033
07.10.2025 17:07:31.537 UTC,1.39545,1.39531,0.00132,0.00225
07.10.2025 17:07:31.589 UTC,1.39542,1.39531,0.0012,0.00285
07.10.2025 17:07:35.453 UTC,1.39543,1.39531,0.0012,0.0012
07.10.2025 17:07:36.162 UTC,1.39543,1.39532,0.0012,0.00285
07.10.2025 17:07:41.690 UTC,1.39543,1.39531,0.0012,0.00249
07.10.2025 17:07:41.742 UTC,1.39542,1.39531,0.0012,0.00192
07.10.2025 17:07:41.794 UTC,1.39539,1.39527,0.0012,0.00294
07.10.2025 17:07:41.846 UTC,1.39539,1.39526,0.0012,0.00237
07.10.2025 17:07:41.949 UTC,1.3954,1.39527,0.0012,0.00132
07.10.2025 17:07:43.814 UTC,1.39539,1.39527,0.0012,0.00132
07.10.2025 17:07:44.319 UTC,1.3954,1.39529,0.0012,0.0012
07.10.2025 17:07:47.024 UTC,1.39539,1.39529,0.0012,0.00144
07.10.2025 17:07:47.780 UTC,1.39539,1.39527,0.0012,0.00234
07.10.2025 17:07:48.036 UTC,1.39539,1.39527,0.0012,0.00297
07.10.2025 17:07:48.792 UTC,1.39539,1.39527,0.0012,0.00252
07.10.2025 17:07:49.697 UTC,1.39536,1.39525,0.0012,0.00339
07.10.2025 17:07:49.852 UTC,1.39537,1.39529,0.0012,0.00135
07.10.2025 17:07:49.955 UTC,1.39539,1.39527,0.0012,0.00192
07.10.2025 17:07:52.127 UTC,1.39538,1.39528,0.0012,0.00144
07.10.2025 17:07:52.230 UTC,1.39536,1.39525,0.0012,0.0012
07.10.2025 17:07:52.338 UTC,1.39534,1.39522,0.0012,0.00144
07.10.2025 17:07:52.442 UTC,1.39531,1.39521,0.0012,0.0012
07.10.2025 17:07:52.545 UTC,1.39531,1.39519,0.0012,0.00132
07.10.2025 17:07:52.648 UTC,1.3953,1.39521,0.0012,0.0012
07.10.2025 17:07:59.310 UTC,1.3953,1.3952,0.0012,0.0012
07.10.2025 17:08:00.116 UTC,1.39531,1.39519,0.0012,0.0018
07.10.2025 17:08:02.281 UTC,1.3953,1.39521,0.0012,0.0018
07.10.2025 17:08:06.050 UTC,1.39531,1.3952,0.0012,0.00135
07.10.2025 17:08:08.071 UTC,1.39531,1.39521,0.0012,0.00195
07.10.2025 17:08:08.174 UTC,1.39531,1.39521,0.0012,0.0024
07.10.2025 17:08:09.683 UTC,1.39532,1.3952,0.0012,0.00135
07.10.2025 17:08:10.839 UTC,1.39532,1.3952,0.0012,0.0018
07.10.2025 17:08:11.094 UTC,1.39532,1.39519,0.0012,0.0024
07.10.2025 17:08:11.448 UTC,1.39532,1.39519,0.0012,0.00285
07.10.2025 17:08:11.954 UTC,1.39531,1.3952,0.0012,0.0033
07.10.2025 17:08:12.863 UTC,1.39532,1.3952,0.00132,0.00195
07.10.2025 17:08:12.914 UTC,1.39531,1.39521,0.00132,0.00135
07.10.2025 17:08:18.517 UTC,1.39532,1.3952,0.00132,0.0018
07.10.2025 17:08:19.522 UTC,1.39532,1.3952,0.00132,0.00135
07.10.2025 17:08:20.176 UTC,1.39532,1.3952,0.00132,0.0018
07.10.2025 17:08:27.403 UTC,1.39532,1.3952,0.0012,0.00135
07.10.2025 17:08:28.057 UTC,1.39531,1.39521,0.0012,0.0018
07.10.2025 17:08:28.159 UTC,1.39526,1.39518,0.0012,0.0012
07.10.2025 17:08:28.212 UTC,1.39525,1.39513,0.0012,0.00735
07.10.2025 17:08:28.315 UTC,1.39525,1.39516,0.0012,0.0012
07.10.2025 17:08:28.906 UTC,1.39526,1.39515,0.0012,0.0018
07.10.2025 17:08:29.562 UTC,1.39525,1.39516,0.0012,0.00135
07.10.2025 17:08:30.014 UTC,1.39526,1.39516,0.0012,0.00135
07.10.2025 17:08:30.418 UTC,1.39527,1.39515,0.0012,0.0018
07.10.2025 17:08:32.079 UTC,1.39526,1.39516,0.0012,0.00195
07.10.2025 17:08:34.239 UTC,1.39527,1.39515,0.0012,0.0018
07.10.2025 17:08:34.846 UTC,1.39527,1.39515,0.0012,0.00135
07.10.2025 17:08:35.101 UTC,1.39527,1.39514,0.00132,0.00225
07.10.2025 17:08:35.404 UTC,1.39526,1.39515,0.00132,0.0024
07.10.2025 17:08:36.011 UTC,1.39527,1.39514,0.00132,0.00195
07.10.2025 17:08:38.733 UTC,1.39527,1.39515,0.0012,0.00135
07.10.2025 17:08:38.835 UTC,1.39527,1.39515,0.0012,0.0018
07.10.2025 17:08:38.989 UTC,1.39526,1.39515,0.0012,0.0018
07.10.2025 17:08:39.041 UTC,1.39523,1.39514,0.0012,0.0012
07.10.2025 17:08:39.143 UTC,1.39522,1.39513,0.0012,0.00135
07.10.2025 17:08:39.601 UTC,1.39523,1.39511,0.0012,0.00135
07.10.2025 17:08:43.446 UTC,1.3952,1.39511,0.0012,0.00135
07.10.2025 17:08:44.357 UTC,1.39519,1.39511,0.0012,0.00135
07.10.2025 17:08:44.460 UTC,1.39519,1.39508,0.0012,0.00135
07.10.2025 17:08:44.714 UTC,1.39517,1.39509,0.0012,0.0012
07.10.2025 17:08:44.817 UTC,1.39517,1.39506,0.0012,0.0018
07.10.2025 17:09:00.177 UTC,1.39518,1.39506,0.00189,0.0012
07.10.2025 17:09:04.137 UTC,1.39519,1.39507,0.0018,0.0012
07.10.2025 17:09:04.351 UTC,1.39518,1.39506,0.0012,0.00135
07.10.2025 17:09:10.078 UTC,1.39516,1.39505,0.0012,0.0018
07.10.2025 17:09:10.130 UTC,1.39514,1.39504,0.0012,0.0012
07.10.2025 17:09:10.233 UTC,1.39514,1.39502,0.0012,0.0018
07.10.2025 17:09:12.348 UTC,1.39516,1.39506,0.0012,0.00225
07.10.2025 17:09:12.400 UTC,1.39518,1.39506,0.0012,0.0018
07.10.2025 17:09:12.502 UTC,1.39518,1.39507,0.0012,0.0012
07.10.2025 17:09:13.464 UTC,1.39517,1.39509,0.0012,0.0012
07.10.2025 17:09:14.170 UTC,1.39519,1.39508,0.0012,0.0012
07.10.2025 17:09:14.374 UTC,1.39518,1.39506,0.0012,0.0018
07.10.2025 17:09:14.476 UTC,1.39518,1.39509,0.0012,0.0018
07.10.2025 17:09:14.834 UTC,1.39518,1.39509,0.0012,0.0012
07.10.2025 17:09:16.886 UTC,1.39518,1.39509,0.0012,0.0018
07.10.2025 17:09:17.491 UTC,1.39518,1.39509,0.0012,0.00135
07.10.2025 17:09:19.350 UTC,1.39518,1.39509,0.0012,0.0018
07.10.2025 17:09:20.406 UTC,1.39519,1.39508,0.0012,0.00135
07.10.2025 17:09:21.763 UTC,1.39518,1.39507,0.0012,0.00135
07.10.2025 17:09:21.815 UTC,1.39517,1.39505,0.00132,0.0018
07.10.2025 17:09:22.070 UTC,1.39516,1.39505,0.00132,0.00225
07.10.2025 17:09:22.324 UTC,1.39517,1.39504,0.00132,0.0024
07.10.2025 17:09:23.133 UTC,1.39517,1.39504,0.00132,0.00135
07.10.2025 17:09:23.236 UTC,1.39517,1.39504,0.00132,0.0018
07.10.2025 17:09:25.496 UTC,1.39516,1.39503,0.00132,0.0012
07.10.2025 17:09:25.598 UTC,1.39513,1.39504,0.0012,0.0012
07.10.2025 17:09:25.902 UTC,1.39514,1.39502,0.0012,0.0018
07.10.2025 17:09:38.746 UTC,1.39513,1.39503,0.0012,0.0018
07.10.2025 17:09:40.004 UTC,1.39513,1.39502,0.0012,0.0042
07.10.2025 17:09:40.357 UTC,1.39514,1.39501,0.0012,0.00465
07.10.2025 17:09:46.149 UTC,1.39514,1.39501,0.00132,0.0033
07.10.2025 17:09:46.705 UTC,1.39512,1.39499,0.00132,0.00195
07.10.2025 17:09:46.812 UTC,1.39511,1.39498,0.00132,0.0012
07.10.2025 17:09:47.976 UTC,1.3951,1.39501,0.00132,0.0012
07.10.2025 17:09:48.179 UTC,1.39511,1.39498,0.00132,0.00135
07.10.2025 17:09:48.281 UTC,1.39511,1.39499,0.00132,0.0012
07.10.2025 17:09:48.383 UTC,1.3951,1.39501,0.00132,0.0012
07.10.2025 17:09:48.634 UTC,1.39511,1.39499,0.00132,0.0012
07.10.2025 17:09:48.837 UTC,1.39511,1.395,0.00132,0.0012
07.10.2025 17:09:48.990 UTC,1.39511,1.39499,0.00132,0.0012
07.10.2025 17:09:49.243 UTC,1.3951,1.39501,0.00132,0.0012
07.10.2025 17:09:49.545 UTC,1.3951,1.395,0.00132,0.0012
07.10.2025 17:09:49.749 UTC,1.39511,1.39499,0.00132,0.0012
07.10.2025 17:09:51.526 UTC,1.3951,1.39499,0.0012,0.00135
07.10.2025 17:09:51.728 UTC,1.39511,1.39499,0.00132,0.00135
07.10.2025 17:09:51.930 UTC,1.3951,1.39499,0.0012,0.00135
07.10.2025 17:09:53.748 UTC,1.39511,1.39499,0.00132,0.0012
07.10.2025 17:09:53.800 UTC,1.39507,1.39496,0.00192,0.00195
07.10.2025 17:09:53.903 UTC,1.39507,1.39496,0.00192,0.00135
07.10.2025 17:10:03.066 UTC,1.39508,1.39497,0.0012,0.00135
07.10.2025 17:10:04.931 UTC,1.3951,1.39498,0.0012,0.0018
07.10.2025 17:10:05.387 UTC,1.3951,1.39498,0.0012,0.00135
07.10.2025 17:10:05.590 UTC,1.3951,1.39499,0.0012,0.0012
07.10.2025 17:10:06.043 UTC,1.39509,1.39499,0.0012,0.00135
07.10.2025 17:10:06.145 UTC,1.3951,1.39498,0.0012,0.0018
07.10.2025 17:10:06.347 UTC,1.39509,1.39499,0.0012,0.00135
07.10.2025 17:10:06.449 UTC,1.39509,1.395,0.0012,0.0012
07.10.2025 17:10:11.182 UTC,1.39509,1.39499,0.0012,0.00135
07.10.2025 17:10:12.821 UTC,1.3951,1.39498,0.0012,0.0018
07.10.2025 17:10:14.077 UTC,1.3951,1.39498,0.0012,0.00135
07.10.2025 17:10:14.230 UTC,1.3951,1.39498,0.0012,0.0018
07.10.2025 17:10:15.286 UTC,1.3951,1.39498,0.00132,0.0018
07.10.2025 17:10:15.392 UTC,1.39507,1.39494,0.0012,0.00195
07.10.2025 17:10:15.445 UTC,1.39506,1.39495,0.00132,0.00135
07.10.2025 17:10:15.552 UTC,1.39507,1.39493,0.00189,0.0027
07.10.2025 17:10:15.655 UTC,1.39507,1.39494,0.0012,0.0012
07.10.2025 17:10:16.817 UTC,1.39507,1.39494,0.0012,0.00195
07.10.2025 17:10:22.430 UTC,1.39505,1.39494,0.0018,0.00285
07.10.2025 17:10:22.538 UTC,1.39506,1.39493,0.00189,0.0027
07.10.2025 17:10:26.727 UTC,1.39506,1.39493,0.0012,0.0012
07.10.2025 17:10:26.780 UTC,1.39508,1.39495,0.0012,0.0018
07.10.2025 17:10:26.883 UTC,1.39509,1.39497,0.0018,0.0012
07.10.2025 17:10:27.642 UTC,1.39508,1.39498,0.0012,0.0018
07.10.2025 17:10:30.102 UTC,1.39509,1.39498,0.0012,0.00285
07.10.2025 17:10:30.205 UTC,1.39511,1.39499,0.00132,0.00135
07.10.2025 17:10:34.847 UTC,1.3951,1.39499,0.00132,0.00225
07.10.2025 17:10:35.199 UTC,1.3951,1.39499,0.00132,0.0024
07.10.2025 17:10:36.254 UTC,1.39511,1.39498,0.0012,0.0033
07.10.2025 17:10:36.408 UTC,1.39512,1.395,0.00132,0.0024
07.10.2025 17:10:37.268 UTC,1.39513,1.395,0.0012,0.0018
07.10.2025 17:10:38.123 UTC,1.39512,1.39501,0.0012,0.00135
07.10.2025 17:10:45.871 UTC,1.39513,1.39499,0.0012,0.00189
07.10.2025 17:10:45.978 UTC,1.39511,1.395,0.0012,0.0012
07.10.2025 17:10:48.690 UTC,1.39511,1.395,0.0012,0.00249
07.10.2025 17:10:49.094 UTC,1.39511,1.395,0.0012,0.00234
07.10.2025 17:10:50.204 UTC,1.39512,1.39499,0.0012,0.00249
07.10.2025 17:10:50.305 UTC,1.39512,1.39499,0.0012,0.00234
07.10.2025 17:10:50.660 UTC,1.39512,1.39499,0.0012,0.0024
07.10.2025 17:10:50.863 UTC,1.39512,1.39499,0.0018,0.0012
07.10.2025 17:10:51.370 UTC,1.39509,1.39496,0.0018,0.00285
07.10.2025 17:10:51.472 UTC,1.39509,1.39496,0.0018,0.00225
07.10.2025 17:10:54.141 UTC,1.39509,1.39496,0.0012,0.0024
07.10.2025 17:10:54.193 UTC,1.3951,1.39499,0.00315,0.00135
07.10.2025 17:10:54.297 UTC,1.39511,1.395,0.00189,0.00189
07.10.2025 17:10:54.754 UTC,1.39511,1.39499,0.0012,0.00132
07.10.2025 17:10:56.356 UTC,1.39508,1.39497,0.0012,0.00294
07.10.2025 17:10:56.407 UTC,1.39509,1.39496,0.0012,0.00189
07.10.2025 17:10:56.713 UTC,1.39509,1.39496,0.0012,0.00195
07.10.2025 17:10:56.915 UTC,1.39509,1.39495,0.0012,0.00249
07.10.2025 17:10:58.073 UTC,1.39509,1.39495,0.0012,0.00279
07.10.2025 17:10:58.326 UTC,1.39509,1.39495,0.0012,0.00294
07.10.2025 17:11:00.392 UTC,1.39508,1.39497,0.0012,0.00192
07.10.2025 17:11:01.149 UTC,1.39509,1.39497,0.0012,0.0018
07.10.2025 17:11:01.252 UTC,1.39509,1.39496,0.0012,0.00204
07.10.2025 17:11:01.960 UTC,1.39509,1.39496,0.0012,0.00297
07.10.2025 17:11:02.064 UTC,1.39509,1.39499,0.0012,0.0018
07.10.2025 17:11:02.318 UTC,1.3951,1.39498,0.0012,0.00135
07.10.2025 17:11:02.623 UTC,1.3951,1.39498,0.0012,0.0018
07.10.2025 17:11:02.725 UTC,1.3951,1.39498,0.0012,0.00135
07.10.2025 17:11:02.827 UTC,1.3951,1.39498,0.0012,0.0018
07.10.2025 17:11:03.179 UTC,1.3951,1.39498,0.0012,0.00135
07.10.2025 17:11:03.482 UTC,1.3951,1.39498,0.0012,0.0018
07.10.2025 17:11:03.835 UTC,1.3951,1.39498,0.0012,0.00135
07.10.2025 17:11:04.237 UTC,1.39508,1.39498,0.0012,0.0018
07.10.2025 17:11:04.288 UTC,1.39509,1.39497,0.0012,0.00144
07.10.2025 17:11:04.341 UTC,1.39505,1.39493,0.0012,0.0018
07.10.2025 17:11:04.392 UTC,1.39504,1.39492,0.0012,0.00144
07.10.2025 17:11:05.154 UTC,1.39505,1.39491,0.0018,0.00384
07.10.2025 17:11:05.256 UTC,1.39505,1.39491,0.0018,0.00234
07.10.2025 17:11:05.460 UTC,1.39505,1.39491,0.0018,0.00249
07.10.2025 17:11:05.611 UTC,1.39504,1.39492,0.0018,0.00384
07.10.2025 17:11:05.714 UTC,1.39504,1.39492,0.0018,0.00249
07.10.2025 17:11:06.091 UTC,1.39504,1.39492,0.0012,0.00249
07.10.2025 17:11:06.194 UTC,1.39505,1.39491,0.0012,0.00192
07.10.2025 17:11:08.303 UTC,1.39504,1.39492,0.0012,0.00339
07.10.2025 17:11:08.958 UTC,1.39504,1.39492,0.0012,0.00294
07.10.2025 17:11:09.362 UTC,1.39506,1.39494,0.0012,0.00132
07.10.2025 17:11:09.465 UTC,1.39508,1.39494,0.0012,0.00192
07.10.2025 17:11:19.019 UTC,1.39509,1.39495,0.0012,0.00249
07.10.2025 17:11:19.123 UTC,1.3951,1.39496,0.0027,0.00135
07.10.2025 17:11:21.139 UTC,1.39508,1.39495,0.0012,0.0027
07.10.2025 17:11:21.242 UTC,1.39506,1.39494,0.0012,0.00144
07.10.2025 17:11:26.166 UTC,1.39503,1.39494,0.0012,0.00132
07.10.2025 17:11:29.771 UTC,1.39504,1.39494,0.0012,0.00132
07.10.2025 17:11:31.182 UTC,1.39503,1.39495,0.0012,0.00132
07.10.2025 17:11:32.387 UTC,1.39504,1.39494,0.0012,0.00132
07.10.2025 17:11:36.616 UTC,1.39503,1.39495,0.0012,0.00132
07.10.2025 17:11:39.428 UTC,1.39504,1.39493,0.0012,0.0012
07.10.2025 17:11:40.812 UTC,1.39504,1.39492,0.0012,0.00339
07.10.2025 17:11:41.317 UTC,1.39504,1.39492,0.0012,0.00294
07.10.2025 17:11:42.671 UTC,1.39504,1.39492,0.0012,0.00249
07.10.2025 17:11:43.073 UTC,1.39503,1.39492,0.0012,0.00294
07.10.2025 17:11:43.227 UTC,1.39503,1.39492,0.0012,0.00252
07.10.2025 17:11:43.379 UTC,1.39503,1.39492,0.0012,0.00294
07.10.2025 17:11:57.958 UTC,1.39503,1.39492,0.0012,0.00339
07.10.2025 17:12:00.216 UTC,1.39504,1.39492,0.0012,0.00384
07.10.2025 17:12:00.573 UTC,1.39503,1.39494,0.0012,0.00132
07.10.2025 17:12:00.775 UTC,1.39504,1.39493,0.0012,0.00132
07.10.2025 17:12:04.533 UTC,1.39503,1.39494,0.0012,0.00189
07.10.2025 17:12:04.839 UTC,1.39503,1.39493,0.0012,0.00342
07.10.2025 17:12:04.992 UTC,1.39503,1.39493,0.0012,0.00387
07.10.2025 17:12:05.949 UTC,1.39504,1.39492,0.0012,0.00387
07.10.2025 17:12:07.309 UTC,1.39503,1.39493,0.0012,0.00297
07.10.2025 17:12:08.970 UTC,1.39504,1.39492,0.0012,0.00297
07.10.2025 17:12:12.469 UTC,1.39503,1.39494,0.0012,0.00204
07.10.2025 17:12:13.522 UTC,1.39504,1.39493,0.0012,0.00189
07.10.2025 17:12:13.726 UTC,1.39505,1.39496,0.0012,0.00144
07.10.2025 17:12:13.829 UTC,1.39506,1.39496,0.0012,0.00147
07.10.2025 17:12:17.448 UTC,1.39508,1.39498,0.0012,0.00132
07.10.2025 17:12:17.550 UTC,1.39509,1.39498,0.0012,0.00132
07.10.2025 17:12:17.855 UTC,1.39508,1.39499,0.0012,0.00132
07.10.2025 17:12:18.059 UTC,1.39507,1.39499,0.0012,0.0012
07.10.2025 17:12:18.111 UTC,1.39507,1.39496,0.0012,0.00144
07.10.2025 17:12:26.683 UTC,1.39507,1.39499,0.0012,0.0012
07.10.2025 17:12:27.140 UTC,1.39508,1.39498,0.0012,0.0018
07.10.2025 17:12:28.098 UTC,1.39506,1.39498,0.0012,0.00285
07.10.2025 17:12:28.201 UTC,1.39507,1.39496,0.0012,0.00192
07.10.2025 17:12:30.422 UTC,1.39507,1.39496,0.0012,0.00135
07.10.2025 17:12:35.414 UTC,1.39507,1.39496,0.0012,0.00204
07.10.2025 17:12:35.721 UTC,1.39506,1.39497,0.0012,0.00135
07.10.2025 17:12:36.528 UTC,1.39507,1.39496,0.0012,0.00192
07.10.2025 17:12:37.637 UTC,1.39506,1.39497,0.0012,0.00195
07.10.2025 17:12:37.839 UTC,1.39507,1.39496,0.0012,0.0018
07.10.2025 17:12:38.898 UTC,1.39507,1.39496,0.0012,0.00135
07.10.2025 17:12:40.706 UTC,1.39507,1.39498,0.0012,0.00144
07.10.2025 17:12:40.758 UTC,1.39509,1.39497,0.0012,0.00342
07.10.2025 17:12:41.013 UTC,1.39508,1.39499,0.0012,0.00192
07.10.2025 17:12:41.466 UTC,1.39509,1.39498,0.0012,0.00144
07.10.2025 17:12:41.822 UTC,1.39508,1.39501,0.0012,0.0012
07.10.2025 17:12:41.976 UTC,1.3951,1.395,0.0012,0.0012
07.10.2025 17:12:42.684 UTC,1.39511,1.395,0.0012,0.00324
07.10.2025 17:12:42.788 UTC,1.39511,1.39502,0.0012,0.0012
07.10.2025 17:12:46.954 UTC,1.39513,1.39502,0.0012,0.00135
07.10.2025 17:12:48.169 UTC,1.39514,1.39503,0.0012,0.00135
07.10.2025 17:12:50.687 UTC,1.39514,1.39502,0.0012,0.00387
07.10.2025 17:12:51.144 UTC,1.39515,1.39505,0.0012,0.00189
07.10.2025 17:12:51.247 UTC,1.39516,1.39506,0.0012,0.0012
07.10.2025 17:12:51.349 UTC,1.39516,1.39505,0.0012,0.0012
07.10.2025 17:12:52.105 UTC,1.39515,1.39507,0.0012,0.0012
07.10.2025 17:12:52.157 UTC,1.39518,1.39508,0.0012,0.00132
07.10.2025 17:12:52.260 UTC,1.39516,1.39506,0.0012,0.00297
07.10.2025 17:12:52.364 UTC,1.39516,1.39505,0.0012,0.00192
07.10.2025 17:12:57.241 UTC,1.39516,1.39505,0.0012,0.00234
07.10.2025 17:12:59.757 UTC,1.39517,1.39506,0.0012,0.00294
07.10.2025 17:13:00.869 UTC,1.39516,1.39507,0.0012,0.00144
07.10.2025 17:13:06.774 UTC,1.39516,1.39508,0.0012,0.00144
07.10.2025 17:13:07.280 UTC,1.39517,1.39509,0.0012,0.0012
07.10.2025 17:13:14.334 UTC,1.39518,1.39508,0.0012,0.00192
07.10.2025 17:13:14.437 UTC,1.39519,1.3951,0.0012,0.00144
07.10.2025 17:13:14.540 UTC,1.39521,1.3951,0.0012,0.00144
07.10.2025 17:13:15.700 UTC,1.39522,1.39512,0.0012,0.00132
07.10.2025 17:13:19.467 UTC,1.39522,1.39513,0.0012,0.00132
07.10.2025 17:13:22.632 UTC,1.39521,1.39512,0.0012,0.00234
07.10.2025 17:13:23.444 UTC,1.39522,1.39511,0.0012,0.00192
07.10.2025 17:13:23.597 UTC,1.3952,1.39511,0.0012,0.00192
07.10.2025 17:13:23.898 UTC,1.39521,1.3951,0.0012,0.00207
07.10.2025 17:13:27.603 UTC,1.39521,1.3951,0.0012,0.00192
07.10.2025 17:13:27.857 UTC,1.3952,1.39509,0.0012,0.00192
07.10.2025 17:13:33.138 UTC,1.3952,1.39509,0.0012,0.00252
07.10.2025 17:13:33.291 UTC,1.39519,1.3951,0.0012,0.00207
07.10.2025 17:13:42.147 UTC,1.3952,1.39509,0.0012,0.00207
07.10.2025 17:13:42.449 UTC,1.39519,1.3951,0.0012,0.00192
07.10.2025 17:13:42.553 UTC,1.3952,1.39511,0.0012,0.00237
07.10.2025 17:13:44.965 UTC,1.3952,1.39512,0.0012,0.00192
07.10.2025 17:13:53.913 UTC,1.3952,1.39511,0.0012,0.0024
07.10.2025 17:13:53.965 UTC,1.3952,1.39508,0.0012,0.00192
07.10.2025 17:13:54.067 UTC,1.39519,1.39508,0.0012,0.0012
07.10.2025 17:13:54.523 UTC,1.39517,1.39506,0.0012,0.00315
07.10.2025 17:13:54.626 UTC,1.39516,1.39504,0.0012,0.00192
07.10.2025 17:13:58.653 UTC,1.39514,1.39503,0.0012,0.00144
07.10.2025 17:13:58.757 UTC,1.39513,1.39502,0.0012,0.00282
07.10.2025 17:13:58.860 UTC,1.39513,1.39502,0.0012,0.0012
07.10.2025 17:14:00.023 UTC,1.39512,1.39502,0.0012,0.00132
07.10.2025 17:14:02.268 UTC,1.39512,1.39501,0.0012,0.00387
07.10.2025 17:14:03.629 UTC,1.39513,1.39501,0.0012,0.00387
07.10.2025 17:14:12.465 UTC,1.39513,1.39502,0.0012,0.00144
07.10.2025 17:14:12.668 UTC,1.39513,1.39501,0.0012,0.00297
07.10.2025 17:14:13.010 UTC,1.39512,1.395,0.0012,0.00342
07.10.2025 17:14:13.115 UTC,1.39505,1.39495,0.0012,0.00459
07.10.2025 17:14:15.041 UTC,1.39504,1.39494,0.0012,0.0012
07.10.2025 17:14:15.144 UTC,1.39503,1.39493,0.0012,0.0012
07.10.2025 17:14:25.899 UTC,1.39504,1.39494,0.0012,0.00252
07.10.2025 17:14:26.053 UTC,1.39505,1.39494,0.0012,0.00249
07.10.2025 17:14:26.207 UTC,1.39504,1.39495,0.0012,0.00234
07.10.2025 17:14:26.410 UTC,1.39505,1.39495,0.0012,0.00144
07.10.2025 17:14:26.664 UTC,1.39505,1.39495,0.0012,0.00192
07.10.2025 17:14:28.476 UTC,1.39505,1.39495,0.0012,0.00135
07.10.2025 17:14:28.579 UTC,1.39503,1.39494,0.0012,0.00249
07.10.2025 17:14:28.732 UTC,1.39504,1.39493,0.0012,0.00324
07.10.2025 17:14:30.699 UTC,1.39504,1.39493,0.0012,0.00192
07.10.2025 17:14:32.767 UTC,1.39504,1.39495,0.0012,0.0018
07.10.2025 17:14:32.869 UTC,1.39504,1.39496,0.0012,0.00192
07.10.2025 17:14:33.732 UTC,1.39504,1.39495,0.0012,0.00192
07.10.2025 17:14:34.287 UTC,1.39505,1.39495,0.0012,0.0018
07.10.2025 17:14:35.267 UTC,1.39506,1.39495,0.0012,0.0018
07.10.2025 17:14:35.420 UTC,1.39505,1.39496,0.0012,0.00195
07.10.2025 17:14:35.522 UTC,1.39505,1.39496,0.0012,0.0018
07.10.2025 17:14:35.928 UTC,1.39508,1.39496,0.0012,0.00375
07.10.2025 17:14:36.032 UTC,1.39506,1.39496,0.0012,0.0018
07.10.2025 17:14:36.135 UTC,1.39506,1.39496,0.0012,0.00135
07.10.2025 17:14:37.192 UTC,1.39506,1.39495,0.0012,0.00249
07.10.2025 17:14:37.752 UTC,1.39505,1.39496,0.0012,0.00249
07.10.2025 17:14:38.107 UTC,1.39506,1.39495,0.0012,0.00204
07.10.2025 17:14:38.209 UTC,1.39506,1.39495,0.0012,0.00249
07.10.2025 17:14:45.149 UTC,1.39506,1.39496,0.0012,0.00192
07.10.2025 17:14:46.308 UTC,1.39506,1.39496,0.0012,0.00144
07.10.2025 17:14:53.934 UTC,1.39506,1.39495,0.0012,0.00144
07.10.2025 17:14:54.037 UTC,1.39506,1.39494,0.0012,0.00144
07.10.2025 17:14:54.140 UTC,1.39505,1.39496,0.0012,0.00192
07.10.2025 17:14:56.507 UTC,1.39506,1.39496,0.0012,0.00192
07.10.2025 17:14:57.491 UTC,1.39506,1.39496,0.0012,0.00144
07.10.2025 17:15:00.057 UTC,1.39507,1.39495,0.0012,0.00252
07.10.2025 17:15:08.565 UTC,1.39506,1.39496,0.0012,0.00135
07.10.2025 17:15:08.919 UTC,1.39507,1.39495,0.0012,0.0018
07.10.2025 17:15:09.071 UTC,1.39507,1.39495,0.0012,0.00195
07.10.2025 17:15:10.150 UTC,1.39507,1.39495,0.0012,0.0018
07.10.2025 17:15:11.873 UTC,1.39507,1.39496,0.0012,0.00192
07.10.2025 17:15:12.478 UTC,1.39506,1.39497,0.0012,0.00144
07.10.2025 17:15:18.862 UTC,1.39505,1.39492,0.0012,0.0012
07.10.2025 17:15:18.914 UTC,1.39503,1.39491,0.0012,0.00324
07.10.2025 17:15:19.314 UTC,1.39503,1.39491,0.0012,0.00249
07.10.2025 17:15:19.417 UTC,1.39502,1.39492,0.0012,0.00384
07.10.2025 17:15:19.569 UTC,1.39502,1.39493,0.0012,0.00135
07.10.2025 17:15:20.077 UTC,1.39502,1.39493,0.0012,0.0018
07.10.2025 17:15:23.439 UTC,1.39503,1.39492,0.0012,0.00195
07.10.2025 17:15:23.542 UTC,1.39506,1.39494,0.0012,0.00192
07.10.2025 17:15:24.554 UTC,1.39504,1.39494,0.0012,0.00144
07.10.2025 17:15:24.758 UTC,1.39506,1.39495,0.0012,0.0018
07.10.2025 17:15:24.912 UTC,1.39505,1.39495,0.0012,0.00249
07.10.2025 17:15:25.115 UTC,1.39505,1.39495,0.0012,0.00294
07.10.2025 17:15:25.219 UTC,1.39505,1.39496,0.0012,0.00204
07.10.2025 17:15:25.321 UTC,1.39506,1.39496,0.0012,0.00135
07.10.2025 17:15:26.181 UTC,1.39506,1.39496,0.0012,0.00147
07.10.2025 17:15:26.383 UTC,1.39506,1.39496,0.0012,0.00144
07.10.2025 17:15:29.096 UTC,1.39506,1.39496,0.0012,0.00147
07.10.2025 17:15:34.059 UTC,1.39506,1.39496,0.0012,0.00192
07.10.2025 17:15:35.926 UTC,1.39505,1.39497,0.0012,0.00144
07.10.2025 17:15:36.129 UTC,1.39506,1.39496,0.0012,0.00192
07.10.2025 17:15:37.134 UTC,1.39506,1.39495,0.0012,0.00192
07.10.2025 17:15:39.551 UTC,1.39506,1.39493,0.0012,0.00297
07.10.2025 17:15:39.654 UTC,1.39505,1.39493,0.0012,0.00192
07.10.2025 17:15:39.908 UTC,1.39505,1.39493,0.0012,0.00207
07.10.2025 17:15:42.576 UTC,1.39505,1.39494,0.0012,0.00132
07.10.2025 17:15:42.728 UTC,1.39504,1.39494,0.0012,0.00207
07.10.2025 17:15:43.232 UTC,1.39503,1.39494,0.0012,0.00132
07.10.2025 17:15:43.334 UTC,1.39504,1.39492,0.0012,0.00297
07.10.2025 17:15:45.091 UTC,1.39504,1.39492,0.0012,0.00207
07.10.2025 17:15:54.285 UTC,1.39504,1.39495,0.0012,0.00192
07.10.2025 17:15:54.388 UTC,1.39506,1.39495,0.0012,0.00192
07.10.2025 17:15:55.802 UTC,1.39505,1.39494,0.0012,0.00132
07.10.2025 17:15:59.462 UTC,1.39505,1.39492,0.0012,0.00207
07.10.2025 17:16:01.134 UTC,1.39505,1.39494,0.0012,0.00147
07.10.2025 17:16:01.237 UTC,1.39506,1.39494,0.0012,0.00192
07.10.2025 17:16:05.114 UTC,1.39504,1.39494,0.0012,0.00192
07.10.2025 17:16:05.217 UTC,1.39504,1.39493,0.0012,0.00147
07.10.2025 17:16:15.331 UTC,1.39503,1.39492,0.0012,0.00147
07.10.2025 17:16:20.669 UTC,1.39503,1.39492,0.0012,0.00135
07.10.2025 17:16:21.172 UTC,1.39503,1.3949,0.0012,0.00249
07.10.2025 17:16:21.275 UTC,1.39501,1.3949,0.0012,0.00135
07.10.2025 17:16:22.634 UTC,1.395,1.39491,0.0012,0.00147
07.10.2025 17:16:34.603 UTC,1.395,1.39489,0.0012,0.00147
07.10.2025 17:16:36.917 UTC,1.39499,1.3949,0.0012,0.00192
07.10.2025 17:16:43.808 UTC,1.39501,1.3949,0.0012,0.00252
07.10.2025 17:16:44.114 UTC,1.39501,1.3949,0.0012,0.00237
07.10.2025 17:16:44.970 UTC,1.395,1.39491,0.0012,0.00237
07.10.2025 17:16:45.269 UTC,1.39502,1.3949,0.0012,0.0024
07.10.2025 17:16:45.575 UTC,1.39501,1.39492,0.0012,0.00285
07.10.2025 17:16:45.678 UTC,1.39509,1.39497,0.0012,0.0012
07.10.2025 17:16:45.837 UTC,1.39509,1.39495,0.0012,0.0042
07.10.2025 17:16:45.940 UTC,1.39508,1.39498,0.0012,0.0012
07.10.2025 17:16:46.144 UTC,1.39507,1.39496,0.0012,0.0042
07.10.2025 17:16:46.602 UTC,1.39507,1.39498,0.0012,0.00135
07.10.2025 17:16:54.095 UTC,1.39509,1.39498,0.0012,0.00192
07.10.2025 17:16:54.150 UTC,1.3951,1.39501,0.0012,0.00132
07.10.2025 17:16:54.509 UTC,1.39511,1.39498,0.0012,0.00315
07.10.2025 17:16:54.610 UTC,1.39511,1.395,0.0012,0.0012
07.10.2025 17:16:56.448 UTC,1.39511,1.39499,0.0012,0.00135
07.10.2025 17:16:57.156 UTC,1.3951,1.395,0.0012,0.0024
07.10.2025 17:16:57.409 UTC,1.39509,1.39499,0.0012,0.00144
07.10.2025 17:16:57.512 UTC,1.39509,1.39497,0.0012,0.00249
07.10.2025 17:16:57.565 UTC,1.39508,1.39496,0.0012,0.00132
07.10.2025 17:16:58.779 UTC,1.39508,1.39496,0.0012,0.00192
07.10.2025 17:16:58.881 UTC,1.39508,1.39496,0.0012,0.00234
07.10.2025 17:16:59.286 UTC,1.39508,1.39496,0.0012,0.00192
07.10.2025 17:16:59.744 UTC,1.39509,1.39497,0.0012,0.00192
07.10.2025 17:17:00.201 UTC,1.39509,1.39498,0.0012,0.00147
07.10.2025 17:17:00.304 UTC,1.39509,1.39497,0.0012,0.00192
07.10.2025 17:17:00.710 UTC,1.39508,1.39498,0.0012,0.00132
07.10.2025 17:17:00.914 UTC,1.39508,1.39498,0.0012,0.00192
07.10.2025 17:17:04.802 UTC,1.3951,1.39497,0.0012,0.00192
07.10.2025 17:17:08.521 UTC,1.39511,1.39497,0.0012,0.00207
07.10.2025 17:17:09.450 UTC,1.39511,1.39497,0.0012,0.00192
07.10.2025 17:17:11.214 UTC,1.39509,1.39496,0.0012,0.00387
07.10.2025 17:17:11.317 UTC,1.39507,1.39497,0.0012,0.00147
07.10.2025 17:17:12.478 UTC,1.39509,1.39498,0.0012,0.00342
07.10.2025 17:17:12.581 UTC,1.39512,1.39499,0.00135,0.00327
07.10.2025 17:17:12.835 UTC,1.39512,1.39499,0.0012,0.00225
07.10.2025 17:17:13.593 UTC,1.39511,1.39501,0.0012,0.00132
07.10.2025 17:17:14.351 UTC,1.39512,1.39499,0.0012,0.00192
07.10.2025 17:17:19.763 UTC,1.39513,1.39502,0.0012,0.00192
07.10.2025 17:17:19.867 UTC,1.39515,1.39503,0.0012,0.00207
07.10.2025 17:17:19.919 UTC,1.39516,1.39506,0.0012,0.00132
07.10.2025 17:17:20.021 UTC,1.39518,1.39505,0.0012,0.00237
07.10.2025 17:17:20.429 UTC,1.39519,1.39506,0.0012,0.00237
07.10.2025 17:17:20.582 UTC,1.39518,1.39507,0.0012,0.00252
07.10.2025 17:17:20.684 UTC,1.39519,1.39506,0.0012,0.00282
07.10.2025 17:17:21.091 UTC,1.39519,1.39506,0.0012,0.00252
07.10.2025 17:17:27.391 UTC,1.39518,1.39506,0.0012,0.00204
07.10.2025 17:17:27.646 UTC,1.39518,1.39505,0.0012,0.00192
07.10.2025 17:17:27.900 UTC,1.39518,1.39505,0.0012,0.00144
07.10.2025 17:17:28.153 UTC,1.39517,1.39506,0.0012,0.00192
07.10.2025 17:17:28.706 UTC,1.39518,1.39505,0.0012,0.00204
07.10.2025 17:17:29.295 UTC,1.39517,1.39506,0.0012,0.00249
07.10.2025 17:17:30.004 UTC,1.39518,1.39505,0.0012,0.00234
07.10.2025 17:17:30.358 UTC,1.39517,1.39506,0.0012,0.00249
07.10.2025 17:17:34.071 UTC,1.39518,1.39505,0.0012,0.00204
07.10.2025 17:17:34.575 UTC,1.39516,1.39506,0.0012,0.00192
07.10.2025 17:17:34.627 UTC,1.39515,1.39502,0.0012,0.00342
07.10.2025 17:17:34.781 UTC,1.39514,1.39503,0.0012,0.00237
07.10.2025 17:17:36.952 UTC,1.39516,1.39503,0.0012,0.00192
07.10.2025 17:17:37.055 UTC,1.39516,1.39506,0.0012,0.00144
07.10.2025 17:17:37.310 UTC,1.39517,1.39504,0.0012,0.00207
07.10.2025 17:17:37.463 UTC,1.39516,1.39505,0.0012,0.00252
07.10.2025 17:17:39.140 UTC,1.39518,1.39508,0.0012,0.00135
07.10.2025 17:17:39.243 UTC,1.39518,1.39508,0.0012,0.00192
07.10.2025 17:17:39.647 UTC,1.39518,1.39508,0.0012,0.00144
07.10.2025 17:17:40.155 UTC,1.39519,1.39508,0.0012,0.00135
07.10.2025 17:17:40.257 UTC,1.3952,1.39507,0.0012,0.00297
07.10.2025 17:17:40.713 UTC,1.3952,1.39508,0.0012,0.00192
07.10.2025 17:17:40.765 UTC,1.39521,1.3951,0.0012,0.00237
07.10.2025 17:17:42.529 UTC,1.39522,1.3951,0.0012,0.00147
07.10.2025 17:17:42.837 UTC,1.39522,1.3951,0.0012,0.00132
07.10.2025 17:17:44.099 UTC,1.39522,1.39511,0.0012,0.00297
07.10.2025 17:17:44.304 UTC,1.39523,1.3951,0.0012,0.00144
07.10.2025 17:17:44.407 UTC,1.39522,1.39511,0.0012,0.00192
07.10.2025 17:17:46.574 UTC,1.39523,1.3951,0.0012,0.00294
07.10.2025 17:17:46.676 UTC,1.39523,1.3951,0.0012,0.00249
07.10.2025 17:17:53.948 UTC,1.39523,1.3951,0.0012,0.00225
07.10.2025 17:17:56.107 UTC,1.39523,1.3951,0.0012,0.0024
07.10.2025 17:18:00.184 UTC,1.39522,1.3951,0.0012,0.0018
07.10.2025 17:18:01.327 UTC,1.39522,1.3951,0.0012,0.00135
07.10.2025 17:18:01.783 UTC,1.39522,1.3951,0.0012,0.0018
07.10.2025 17:18:01.936 UTC,1.39522,1.3951,0.0012,0.00135
07.10.2025 17:18:02.438 UTC,1.39521,1.39511,0.0012,0.0018
07.10.2025 17:18:03.598 UTC,1.39521,1.39508,0.0012,0.0024
07.10.2025 17:18:03.701 UTC,1.39521,1.39509,0.0012,0.00192
07.10.2025 17:18:03.957 UTC,1.39521,1.39511,0.0012,0.0018
07.10.2025 17:18:04.210 UTC,1.39522,1.3951,0.0012,0.00135
07.10.2025 17:18:05.370 UTC,1.39522,1.3951,0.0012,0.0018
07.10.2025 17:18:06.430 UTC,1.39522,1.3951,0.0012,0.00135
07.10.2025 17:18:08.492 UTC,1.39522,1.3951,0.0012,0.0018
07.10.2025 17:18:09.095 UTC,1.39522,1.3951,0.0012,0.00135
07.10.2025 17:18:09.751 UTC,1.39522,1.39511,0.0012,0.00252
07.10.2025 17:18:10.967 UTC,1.39522,1.39512,0.0012,0.0018
07.10.2025 17:18:11.119 UTC,1.39522,1.39512,0.0012,0.00135
07.10.2025 17:18:15.693 UTC,1.39523,1.39511,0.0012,0.00192
07.10.2025 17:18:15.795 UTC,1.39524,1.39512,0.0012,0.00192
07.10.2025 17:18:15.850 UTC,1.39526,1.39513,0.0012,0.00207
07.10.2025 17:18:15.955 UTC,1.39527,1.39515,0.0012,0.00132
07.10.2025 17:18:16.362 UTC,1.39527,1.39517,0.0012,0.00132
07.10.2025 17:18:16.617 UTC,1.39528,1.39517,0.0012,0.0012
07.10.2025 17:18:16.972 UTC,1.39528,1.39516,0.0012,0.00144
07.10.2025 17:18:17.074 UTC,1.39529,1.39516,0.0012,0.00144
07.10.2025 17:18:21.905 UTC,1.39528,1.39518,0.0012,0.00135
07.10.2025 17:18:24.394 UTC,1.39528,1.39515,0.0012,0.00339
07.10.2025 17:18:25.253 UTC,1.39528,1.39515,0.0012,0.00384
07.10.2025 17:18:25.406 UTC,1.39528,1.39516,0.0012,0.00135
07.10.2025 17:18:25.910 UTC,1.39527,1.39517,0.0012,0.0018
07.10.2025 17:18:27.523 UTC,1.39528,1.39516,0.0012,0.00135
07.10.2025 17:18:27.775 UTC,1.39528,1.39516,0.0012,0.0018
07.10.2025 17:18:33.701 UTC,1.39528,1.39516,0.0012,0.00135
07.10.2025 17:18:35.102 UTC,1.39526,1.39516,0.0012,0.0012
07.10.2025 17:18:35.154 UTC,1.39525,1.39512,0.0012,0.0018
07.10.2025 17:18:35.258 UTC,1.39524,1.39511,0.0012,0.00132
07.10.2025 17:18:39.996 UTC,1.39523,1.39512,0.0012,0.00282
07.10.2025 17:18:40.252 UTC,1.39526,1.39513,0.0018,0.00297
07.10.2025 17:18:43.484 UTC,1.39526,1.39513,0.0018,0.00144
07.10.2025 17:18:46.244 UTC,1.39524,1.39513,0.0012,0.00234
07.10.2025 17:18:48.583 UTC,1.39524,1.39513,0.0012,0.0018
07.10.2025 17:18:48.685 UTC,1.39525,1.39512,0.0012,0.00135
07.10.2025 17:18:48.938 UTC,1.39525,1.39512,0.0012,0.0018
07.10.2025 17:18:49.040 UTC,1.39525,1.39512,0.0012,0.00135
07.10.2025 17:18:53.109 UTC,1.39525,1.39512,0.0012,0.00285
07.10.2025 17:18:53.212 UTC,1.39524,1.39513,0.0012,0.0024
07.10.2025 17:18:53.567 UTC,1.39525,1.39513,0.0012,0.00192
07.10.2025 17:18:53.670 UTC,1.39525,1.39513,0.0012,0.00132
07.10.2025 17:18:53.823 UTC,1.39524,1.39513,0.0012,0.00387
07.10.2025 17:18:54.432 UTC,1.39529,1.39517,0.0018,0.00132
07.10.2025 17:18:54.586 UTC,1.3953,1.39517,0.0012,0.00189
07.10.2025 17:18:58.789 UTC,1.3953,1.39519,0.0012,0.00189
07.10.2025 17:18:58.840 UTC,1.39531,1.39521,0.0012,0.0012
07.10.2025 17:18:58.942 UTC,1.39532,1.39519,0.0012,0.0018
07.10.2025 17:18:59.600 UTC,1.39531,1.39519,0.0012,0.0012
07.10.2025 17:18:59.703 UTC,1.39531,1.39518,0.0012,0.0018
07.10.2025 17:19:00.359 UTC,1.39531,1.39519,0.0012,0.0012
07.10.2025 17:19:01.266 UTC,1.39531,1.39518,0.0012,0.0018
07.10.2025 17:19:01.922 UTC,1.3953,1.39519,0.0012,0.00192
07.10.2025 17:19:02.025 UTC,1.39532,1.3952,0.0012,0.0012
07.10.2025 17:19:02.128 UTC,1.39533,1.3952,0.0012,0.0018
07.10.2025 17:19:05.649 UTC,1.39532,1.39521,0.0012,0.0018
07.10.2025 17:19:05.753 UTC,1.39528,1.39516,0.0012,0.00189
07.10.2025 17:19:06.313 UTC,1.39529,1.39516,0.0012,0.00192
07.10.2025 17:19:06.669 UTC,1.39528,1.39517,0.0012,0.00297
07.10.2025 17:19:11.246 UTC,1.3953,1.39519,0.0012,0.00192
07.10.2025 17:19:11.349 UTC,1.39531,1.3952,0.0012,0.00225
07.10.2025 17:19:11.552 UTC,1.39532,1.39519,0.0012,0.00249
07.10.2025 17:19:13.115 UTC,1.39533,1.3952,0.0012,0.00225
07.10.2025 17:19:16.740 UTC,1.39532,1.39521,0.0012,0.0024
07.10.2025 17:19:16.842 UTC,1.39533,1.3952,0.0012,0.00225
07.10.2025 17:19:17.045 UTC,1.39532,1.39521,0.0012,0.0024
07.10.2025 17:19:21.384 UTC,1.39533,1.3952,0.0012,0.00135
07.10.2025 17:19:22.389 UTC,1.39533,1.3952,0.0012,0.0018
07.10.2025 17:19:22.490 UTC,1.39533,1.3952,0.0012,0.0012
07.10.2025 17:19:24.404 UTC,1.39532,1.39521,0.0012,0.0018
07.10.2025 17:19:24.607 UTC,1.39533,1.3952,0.0012,0.00135
07.10.2025 17:19:27.121 UTC,1.39532,1.39521,0.0012,0.0018
07.10.2025 17:19:27.980 UTC,1.39533,1.3952,0.0012,0.00207
07.10.2025 17:19:29.171 UTC,1.39533,1.3952,0.0012,0.00252
07.10.2025 17:19:33.000 UTC,1.39533,1.3952,0.0012,0.00285
07.10.2025 17:19:33.704 UTC,1.39533,1.3952,0.0012,0.0024
07.10.2025 17:19:34.059 UTC,1.39532,1.39519,0.0012,0.00294
07.10.2025 17:19:42.304 UTC,1.39533,1.39522,0.0012,0.00144
07.10.2025 17:19:42.408 UTC,1.39536,1.39523,0.0018,0.00144
07.10.2025 17:19:42.510 UTC,1.39536,1.39523,0.0012,0.00204
07.10.2025 17:19:42.613 UTC,1.39536,1.39523,0.0012,0.0018
07.10.2025 17:19:44.479 UTC,1.39536,1.39525,0.0012,0.00192
07.10.2025 17:19:45.089 UTC,1.39536,1.39525,0.0012,0.00144
07.10.2025 17:19:45.394 UTC,1.39537,1.39524,0.0012,0.00204
07.10.2025 17:19:45.749 UTC,1.39536,1.39524,0.0012,0.0012
07.10.2025 17:19:45.902 UTC,1.39535,1.39524,0.0018,0.00135
07.10.2025 17:19:47.113 UTC,1.39534,1.39521,0.0012,0.00204
07.10.2025 17:19:47.219 UTC,1.39534,1.3952,0.0018,0.00189
07.10.2025 17:19:53.631 UTC,1.39533,1.3952,0.0012,0.00234
07.10.2025 17:19:56.952 UTC,1.39533,1.3952,0.0012,0.00192
07.10.2025 17:19:57.656 UTC,1.39532,1.39521,0.0012,0.00132
07.10.2025 17:20:00.118 UTC,1.39533,1.3952,0.0012,0.00282
07.10.2025 17:20:00.221 UTC,1.39533,1.3952,0.0012,0.00342
07.10.2025 17:20:00.323 UTC,1.39534,1.39521,0.0012,0.00192
07.10.2025 17:20:00.676 UTC,1.39535,1.39522,0.0027,0.00135
07.10.2025 17:20:04.269 UTC,1.39534,1.39521,0.0018,0.0012
07.10.2025 17:20:13.766 UTC,1.39534,1.39523,0.00225,0.0012
07.10.2025 17:20:18.725 UTC,1.39536,1.39523,0.00135,0.00135
07.10.2025 17:20:18.879 UTC,1.39536,1.39524,0.00225,0.0018
07.10.2025 17:20:18.981 UTC,1.39537,1.39523,0.00315,0.00135
07.10.2025 17:20:19.384 UTC,1.39537,1.39523,0.00315,0.0018
07.10.2025 17:20:19.736 UTC,1.39535,1.39524,0.0012,0.00135
07.10.2025 17:20:19.838 UTC,1.39537,1.39523,0.00315,0.00144
07.10.2025 17:20:19.940 UTC,1.39536,1.39524,0.0027,0.00192
07.10.2025 17:20:20.042 UTC,1.39537,1.39523,0.0027,0.00144
07.10.2025 17:20:20.144 UTC,1.39537,1.39523,0.0027,0.00192
07.10.2025 17:20:20.448 UTC,1.39536,1.39523,0.0012,0.00192
07.10.2025 17:20:20.550 UTC,1.39536,1.39523,0.0018,0.00144
07.10.2025 17:20:27.609 UTC,1.39537,1.39523,0.0018,0.00144
07.10.2025 17:20:28.414 UTC,1.39537,1.39529,0.0018,0.0012
07.10.2025 17:20:28.517 UTC,1.3954,1.39527,0.0024,0.0012
07.10.2025 17:20:28.619 UTC,1.3954,1.39527,0.0012,0.0012
07.10.2025 17:20:30.233 UTC,1.39541,1.39527,0.0012,0.00189
07.10.2025 17:20:30.335 UTC,1.39542,1.39529,0.0027,0.0012
07.10.2025 17:20:30.996 UTC,1.39541,1.39531,0.0012,0.0012
07.10.2025 17:20:31.048 UTC,1.39544,1.39531,0.00315,0.0012
07.10.2025 17:20:38.937 UTC,1.39542,1.39531,0.0018,0.0018
07.10.2025 17:20:38.989 UTC,1.3954,1.39527,0.0027,0.0018
07.10.2025 17:20:39.093 UTC,1.3954,1.39527,0.0012,0.0012
07.10.2025 17:20:41.255 UTC,1.39539,1.39528,0.0012,0.0018
07.10.2025 17:20:41.358 UTC,1.3954,1.39527,0.0012,0.00135
07.10.2025 17:20:48.600 UTC,1.39541,1.39528,0.0012,0.0012
07.10.2025 17:20:50.414 UTC,1.3954,1.39527,0.0012,0.00285
07.10.2025 17:20:50.518 UTC,1.3954,1.39527,0.0018,0.00135
07.10.2025 17:20:56.202 UTC,1.3954,1.39529,0.0018,0.00135
07.10.2025 17:21:00.688 UTC,1.3954,1.39528,0.0012,0.00135
07.10.2025 17:21:00.790 UTC,1.39541,1.39528,0.0012,0.0024
07.10.2025 17:21:00.892 UTC,1.39541,1.39528,0.0012,0.00225
07.10.2025 17:21:01.097 UTC,1.3954,1.39527,0.0018,0.00135
07.10.2025 17:21:12.293 UTC,1.39541,1.39528,0.0012,0.0018
07.10.2025 17:21:12.396 UTC,1.39542,1.39531,0.0018,0.00144
07.10.2025 17:21:13.512 UTC,1.39544,1.39531,0.0012,0.0012
07.10.2025 17:21:19.160 UTC,1.39542,1.39531,0.0012,0.0012
07.10.2025 17:21:21.882 UTC,1.39543,1.3953,0.0012,0.00249
07.10.2025 17:21:24.990 UTC,1.39543,1.3953,0.0012,0.00234
07.10.2025 17:21:25.092 UTC,1.39543,1.3953,0.0012,0.00249
07.10.2025 17:21:25.193 UTC,1.39543,1.3953,0.0012,0.00234
07.10.2025 17:21:26.048 UTC,1.39542,1.39531,0.0012,0.00249
07.10.2025 17:21:27.352 UTC,1.39543,1.3953,0.0012,0.00234
07.10.2025 17:21:29.519 UTC,1.39542,1.39531,0.0012,0.00249
07.10.2025 17:21:33.886 UTC,1.39541,1.39531,0.0012,0.0018
07.10.2025 17:21:33.939 UTC,1.39541,1.39529,0.0012,0.0012
07.10.2025 17:21:36.263 UTC,1.39542,1.39529,0.0012,0.0018
07.10.2025 17:21:36.515 UTC,1.39542,1.39529,0.0012,0.00135
07.10.2025 17:21:38.172 UTC,1.39542,1.39529,0.0012,0.0018
07.10.2025 17:21:38.274 UTC,1.39542,1.39529,0.0012,0.00225
07.10.2025 17:21:38.377 UTC,1.39543,1.3953,0.0012,0.00135
07.10.2025 17:21:42.122 UTC,1.39542,1.39531,0.0012,0.0024
07.10.2025 17:21:42.686 UTC,1.39543,1.3953,0.0012,0.00225
07.10.2025 17:21:43.394 UTC,1.39543,1.3953,0.0012,0.0024
07.10.2025 17:21:45.466 UTC,1.39544,1.39531,0.0018,0.00135
07.10.2025 17:21:45.569 UTC,1.39544,1.39531,0.0012,0.0018
07.10.2025 17:21:46.728 UTC,1.39544,1.39531,0.0012,0.00135
07.10.2025 17:21:51.058 UTC,1.39543,1.39532,0.0012,0.00192
07.10.2025 17:21:51.312 UTC,1.39544,1.39531,0.0012,0.00144
07.10.2025 17:21:57.058 UTC,1.39542,1.39532,0.0012,0.0012
07.10.2025 17:21:57.161 UTC,1.39542,1.3953,0.0012,0.0012
07.10.2025 17:21:58.421 UTC,1.39541,1.3953,0.0012,0.0012
07.10.2025 17:21:58.675 UTC,1.39542,1.3953,0.0012,0.0012
07.10.2025 17:21:59.129 UTC,1.39541,1.3953,0.0012,0.0012
07.10.2025 17:21:59.585 UTC,1.39542,1.3953,0.0012,0.0012
07.10.2025 17:22:00.242 UTC,1.3954,1.39527,0.0018,0.0012
07.10.2025 17:22:01.805 UTC,1.39542,1.39528,0.0027,0.00234
07.10.2025 17:22:02.010 UTC,1.39542,1.39528,0.0012,0.00294
07.10.2025 17:22:04.062 UTC,1.39543,1.39529,0.0018,0.00225
07.10.2025 17:22:04.164 UTC,1.39543,1.39529,0.0027,0.00285
07.10.2025 17:22:04.721 UTC,1.3954,1.39528,0.0012,0.00315
07.10.2025 17:22:04.824 UTC,1.39539,1.39528,0.0027,0.0018
07.10.2025 17:22:08.238 UTC,1.3954,1.39527,0.0012,0.0024
07.10.2025 17:22:08.644 UTC,1.39541,1.39529,0.0012,0.00192
07.10.2025 17:22:08.747 UTC,1.39541,1.3953,0.0012,0.0024
07.10.2025 17:22:09.307 UTC,1.39541,1.3953,0.0018,0.00225
07.10.2025 17:22:12.733 UTC,1.39541,1.3953,0.0012,0.0024
07.10.2025 17:22:13.036 UTC,1.39541,1.3953,0.0018,0.00225
07.10.2025 17:22:16.271 UTC,1.39544,1.3953,0.0036,0.00132
07.10.2025 17:22:28.752 UTC,1.39543,1.3953,0.0012,0.00135
07.10.2025 17:22:28.860 UTC,1.39542,1.39529,0.0018,0.00135
07.10.2025 17:22:32.037 UTC,1.39541,1.39529,0.0012,0.0012
07.10.2025 17:22:33.144 UTC,1.3954,1.39528,0.0012,0.00135
07.10.2025 17:22:33.297 UTC,1.3954,1.39527,0.0018,0.00144
07.10.2025 17:22:36.864 UTC,1.39541,1.39529,0.00225,0.00135
07.10.2025 17:22:36.967 UTC,1.39541,1.39528,0.0012,0.0018
07.10.2025 17:22:38.666 UTC,1.39541,1.39527,0.0027,0.00324
07.10.2025 17:22:41.835 UTC,1.39541,1.39528,0.0012,0.00252
07.10.2025 17:22:41.887 UTC,1.39542,1.39531,0.00315,0.00189
07.10.2025 17:22:42.193 UTC,1.39541,1.39531,0.0012,0.0012
07.10.2025 17:22:42.245 UTC,1.39539,1.39528,0.0012,0.00249
07.10.2025 17:22:42.348 UTC,1.39539,1.39526,0.0012,0.0027
07.10.2025 17:22:55.811 UTC,1.39542,1.39529,0.00315,0.0012
07.10.2025 17:23:11.223 UTC,1.39541,1.39528,0.0012,0.00189
07.10.2025 17:23:16.135 UTC,1.3954,1.39527,0.00315,0.0012
07.10.2025 17:23:16.241 UTC,1.39539,1.39526,0.0027,0.00132
07.10.2025 17:23:35.559 UTC,1.39538,1.39524,0.0012,0.00339
07.10.2025 17:23:35.662 UTC,1.39536,1.39523,0.0018,0.00135
07.10.2025 17:23:35.765 UTC,1.39535,1.39521,0.0027,0.00189
07.10.2025 17:23:36.123 UTC,1.39533,1.39522,0.0012,0.00132
07.10.2025 17:23:40.784 UTC,1.39535,1.39523,0.0012,0.0012
07.10.2025 17:23:50.775 UTC,1.39535,1.39522,0.0012,0.00132
07.10.2025 17:23:51.029 UTC,1.39535,1.39523,0.0018,0.00132
07.10.2025 17:23:51.183 UTC,1.39535,1.39522,0.0012,0.0012
07.10.2025 17:23:51.319 UTC,1.39533,1.3952,0.0012,0.0027
07.10.2025 17:23:54.054 UTC,1.39533,1.3952,0.0012,0.00249
07.10.2025 17:23:54.156 UTC,1.39533,1.3952,0.0012,0.00234
07.10.2025 17:23:54.408 UTC,1.39534,1.39521,0.0012,0.0012
07.10.2025 17:24:16.200 UTC,1.3953,1.39519,0.0012,0.0012
07.10.2025 17:24:16.303 UTC,1.39523,1.39515,0.0012,0.0012
07.10.2025 17:24:16.355 UTC,1.39524,1.39513,0.0012,0.00189
07.10.2025 17:24:16.508 UTC,1.39524,1.39513,0.0012,0.00192
07.10.2025 17:24:16.662 UTC,1.39525,1.39512,0.0012,0.00279
07.10.2025 17:24:16.868 UTC,1.39524,1.39511,0.0012,0.00132
07.10.2025 17:24:16.970 UTC,1.39523,1.39511,0.0012,0.00135
07.10.2025 17:24:17.073 UTC,1.39522,1.39511,0.0012,0.00144
07.10.2025 17:24:26.417 UTC,1.39523,1.39509,0.0012,0.00324
07.10.2025 17:24:26.518 UTC,1.39522,1.39509,0.0012,0.00234
07.10.2025 17:24:31.800 UTC,1.39522,1.3951,0.0012,0.0012
07.10.2025 17:24:34.358 UTC,1.39521,1.39512,0.0012,0.0012
07.10.2025 17:24:34.411 UTC,1.39524,1.39511,0.0018,0.00324
07.10.2025 17:24:34.514 UTC,1.39523,1.39511,0.0012,0.0024
07.10.2025 17:24:34.617 UTC,1.39523,1.39511,0.0012,0.00135
07.10.2025 17:24:35.277 UTC,1.39523,1.39512,0.0018,0.00339
07.10.2025 17:24:35.673 UTC,1.39524,1.39511,0.0018,0.00324
07.10.2025 17:24:37.634 UTC,1.39524,1.39511,0.0018,0.00249
07.10.2025 17:24:40.798 UTC,1.39524,1.39514,0.0012,0.00132
07.10.2025 17:24:40.850 UTC,1.39528,1.39518,0.0012,0.0012
07.10.2025 17:24:40.902 UTC,1.39531,1.39519,0.0018,0.0012
07.10.2025 17:24:41.004 UTC,1.3953,1.39518,0.0012,0.00189
07.10.2025 17:24:41.059 UTC,1.39528,1.39517,0.0012,0.0012
07.10.2025 17:24:41.161 UTC,1.39528,1.39516,0.0012,0.00189
07.10.2025 17:24:41.517 UTC,1.39528,1.39517,0.0012,0.00234
07.10.2025 17:24:47.791 UTC,1.39529,1.39517,0.0012,0.0012
07.10.2025 17:24:49.300 UTC,1.3953,1.39519,0.0012,0.00132
07.10.2025 17:24:53.574 UTC,1.39532,1.39519,0.0012,0.00144
07.10.2025 17:24:53.677 UTC,1.39533,1.3952,0.0012,0.0018
07.10.2025 17:24:56.099 UTC,1.39531,1.39521,0.0012,0.0012
07.10.2025 17:24:56.151 UTC,1.3953,1.39519,0.0012,0.0012
07.10.2025 17:24:56.254 UTC,1.39529,1.39517,0.0012,0.0012
07.10.2025 17:25:00.026 UTC,1.39529,1.39518,0.0012,0.0012
07.10.2025 17:25:05.946 UTC,1.3953,1.39517,0.0012,0.0018
07.10.2025 17:25:06.248 UTC,1.39528,1.39517,0.0012,0.00249
07.10.2025 17:25:06.451 UTC,1.39531,1.39518,0.0012,0.00135
07.10.2025 17:25:07.112 UTC,1.39531,1.39517,0.0012,0.00324
07.10.2025 17:25:07.566 UTC,1.39531,1.39517,0.0018,0.00192
07.10.2025 17:25:08.224 UTC,1.39531,1.39518,0.0012,0.00192
07.10.2025 17:25:09.687 UTC,1.3953,1.39518,0.0012,0.00252
07.10.2025 17:25:09.790 UTC,1.39531,1.39518,0.0012,0.00192
07.10.2025 17:25:10.243 UTC,1.39531,1.39518,0.0012,0.00144
07.10.2025 17:25:11.650 UTC,1.39531,1.3952,0.0012,0.00225
07.10.2025 17:25:11.754 UTC,1.39533,1.3952,0.0018,0.0018
07.10.2025 17:25:17.833 UTC,1.39533,1.3952,0.0012,0.00249
07.10.2025 17:25:18.236 UTC,1.39532,1.39521,0.0012,0.00234
07.10.2025 17:25:19.343 UTC,1.39532,1.39521,0.0012,0.00249
07.10.2025 17:25:19.997 UTC,1.39532,1.39521,0.0012,0.00234
07.10.2025 17:25:20.454 UTC,1.39533,1.3952,0.0012,0.00249
07.10.2025 17:25:20.606 UTC,1.39533,1.3952,0.0012,0.00234
07.10.2025 17:25:20.710 UTC,1.39534,1.39521,0.0012,0.0018
07.10.2025 17:25:21.819 UTC,1.39536,1.39523,0.0018,0.00189
07.10.2025 17:25:21.945 UTC,1.39537,1.39524,0.0012,0.00135
07.10.2025 17:25:25.124 UTC,1.39539,1.39526,0.0027,0.00225
07.10.2025 17:25:37.191 UTC,1.3954,1.39527,0.00135,0.00135
07.10.2025 17:25:37.302 UTC,1.39542,1.39529,0.0024,0.0012
07.10.2025 17:25:37.405 UTC,1.39541,1.3953,0.0012,0.0012
07.10.2025 17:25:37.609 UTC,1.39542,1.39531,0.0018,0.0012
07.10.2025 17:25:43.445 UTC,1.39541,1.3953,0.0012,0.00234
07.10.2025 17:25:44.154 UTC,1.39542,1.39531,0.0012,0.0012
07.10.2025 17:25:49.349 UTC,1.39542,1.3953,0.0012,0.00135
07.10.2025 17:25:52.714 UTC,1.39543,1.3953,0.0012,0.00135
07.10.2025 17:26:00.183 UTC,1.39544,1.39531,0.00315,0.0012
07.10.2025 17:26:08.357 UTC,1.39543,1.39531,0.0012,0.0012
07.10.2025 17:26:09.414 UTC,1.39543,1.39532,0.00315,0.0012
07.10.2025 17:26:10.173 UTC,1.39543,1.3953,0.0012,0.00135
07.10.2025 17:26:21.519 UTC,1.39544,1.39531,0.0018,0.0012
07.10.2025 17:26:28.828 UTC,1.39543,1.39531,0.0012,0.0012
07.10.2025 17:26:30.138 UTC,1.39544,1.39531,0.0018,0.0012
07.10.2025 17:26:39.954 UTC,1.39543,1.39531,0.0012,0.0012
07.10.2025 17:26:40.057 UTC,1.39543,1.39532,0.0018,0.0012
07.10.2025 17:26:40.159 UTC,1.39542,1.39532,0.0012,0.0012
07.10.2025 17:26:40.261 UTC,1.39544,1.39532,0.0012,0.0012
07.10.2025 17:26:40.364 UTC,1.39548,1.39535,0.0033,0.0012
07.10.2025 17:26:40.415 UTC,1.39547,1.39536,0.00315,0.0012
07.10.2025 17:26:41.213 UTC,1.39548,1.39536,0.0012,0.0012
07.10.2025 17:26:41.265 UTC,1.39545,1.39532,0.0012,0.00192
07.10.2025 17:26:41.369 UTC,1.39545,1.39534,0.00225,0.0012
07.10.2025 17:26:41.778 UTC,1.39545,1.39533,0.0012,0.0012
07.10.2025 17:26:45.799 UTC,1.39544,1.39533,0.0012,0.0012
07.10.2025 17:26:47.807 UTC,1.39544,1.39531,0.0012,0.00144
07.10.2025 17:26:51.279 UTC,1.39544,1.39532,0.0018,0.00144
07.10.2025 17:26:58.584 UTC,1.39546,1.39534,0.0012,0.00144
07.10.2025 17:26:58.687 UTC,1.39547,1.39535,0.0012,0.0018
07.10.2025 17:26:58.789 UTC,1.39548,1.39535,0.0012,0.0018
07.10.2025 17:26:59.144 UTC,1.39548,1.39536,0.0012,0.0012
07.10.2025 17:27:00.301 UTC,1.39545,1.39537,0.0012,0.0012
07.10.2025 17:27:00.353 UTC,1.39545,1.39532,0.0027,0.0015
07.10.2025 17:27:00.405 UTC,1.39544,1.39531,0.0012,0.00189
07.10.2025 17:27:02.974 UTC,1.39544,1.39531,0.0012,0.00147
07.10.2025 17:27:04.031 UTC,1.39545,1.39531,0.0012,0.00147
07.10.2025 17:27:05.964 UTC,1.39545,1.39531,0.0012,0.00144
07.10.2025 17:27:08.930 UTC,1.39544,1.39531,0.0012,0.00234
07.10.2025 17:27:20.770 UTC,1.39544,1.3953,0.00375,0.00225
07.10.2025 17:27:20.883 UTC,1.39542,1.39529,0.0012,0.00189
07.10.2025 17:27:30.613 UTC,1.39543,1.3953,0.0018,0.0018
07.10.2025 17:27:30.970 UTC,1.3954,1.39529,0.0012,0.00294
07.10.2025 17:27:31.073 UTC,1.39541,1.39528,0.0012,0.00279
07.10.2025 17:27:31.276 UTC,1.39541,1.39529,0.0012,0.0012
07.10.2025 17:27:36.551 UTC,1.3954,1.39529,0.0012,0.0012
07.10.2025 17:27:40.419 UTC,1.3954,1.39528,0.0012,0.00234
07.10.2025 17:27:41.676 UTC,1.39533,1.39524,0.0012,0.0036
07.10.2025 17:27:41.831 UTC,1.39534,1.39522,0.0018,0.0012
07.10.2025 17:27:41.933 UTC,1.39533,1.39522,0.0012,0.0012
07.10.2025 17:27:48.079 UTC,1.39533,1.3952,0.0018,0.00285
07.10.2025 17:27:48.132 UTC,1.3953,1.39519,0.0012,0.00262
07.10.2025 17:27:48.235 UTC,1.39529,1.3952,0.0012,0.0012
07.10.2025 17:27:51.661 UTC,1.39529,1.39519,0.0018,0.0012
07.10.2025 17:27:53.179 UTC,1.3953,1.39518,0.0018,0.0024
07.10.2025 17:27:53.977 UTC,1.3953,1.3952,0.0018,0.0012
07.10.2025 17:27:54.331 UTC,1.39529,1.3952,0.0018,0.00135
07.10.2025 17:27:58.448 UTC,1.39531,1.3952,0.0012,0.0018
07.10.2025 17:27:58.552 UTC,1.39533,1.3952,0.0018,0.0024
07.10.2025 17:27:58.756 UTC,1.39532,1.39521,0.0018,0.00285
07.10.2025 17:28:00.120 UTC,1.39532,1.39522,0.0012,0.0018
07.10.2025 17:28:06.555 UTC,1.39533,1.39521,0.00132,0.0018
07.10.2025 17:28:08.520 UTC,1.39533,1.3952,0.00189,0.00135
07.10.2025 17:28:10.290 UTC,1.39531,1.39521,0.0012,0.0012
07.10.2025 17:28:10.392 UTC,1.39531,1.3952,0.00132,0.00135
07.10.2025 17:28:10.495 UTC,1.3953,1.3952,0.0012,0.0012
07.10.2025 17:28:12.966 UTC,1.39529,1.39521,0.00132,0.0018
07.10.2025 17:28:13.220 UTC,1.39532,1.39521,0.00132,0.00135
07.10.2025 17:28:13.323 UTC,1.39532,1.39522,0.00132,0.0018
07.10.2025 17:28:13.426 UTC,1.39534,1.39521,0.00192,0.00135
07.10.2025 17:28:15.386 UTC,1.39534,1.39521,0.00132,0.0024
07.10.2025 17:28:15.640 UTC,1.39534,1.39521,0.00192,0.00135
07.10.2025 17:28:16.293 UTC,1.39534,1.39521,0.00192,0.0018
07.10.2025 17:28:17.694 UTC,1.39533,1.39522,0.00192,0.0018
07.10.2025 17:28:17.797 UTC,1.39534,1.39521,0.00192,0.0012
07.10.2025 17:28:20.783 UTC,1.39532,1.39521,0.00132,0.00225
07.10.2025 17:28:22.946 UTC,1.39533,1.3952,0.00132,0.00225
07.10.2025 17:28:26.073 UTC,1.39533,1.39521,0.00132,0.00135
07.10.2025 17:28:26.176 UTC,1.39534,1.39521,0.00192,0.00135
07.10.2025 17:28:30.286 UTC,1.39534,1.39521,0.00282,0.00135
07.10.2025 17:28:30.442 UTC,1.39534,1.39521,0.0018,0.00135
07.10.2025 17:28:32.359 UTC,1.39534,1.39521,0.0012,0.0018
07.10.2025 17:28:36.329 UTC,1.39532,1.39522,0.0012,0.0018
07.10.2025 17:28:52.418 UTC,1.39533,1.3952,0.0018,0.0018
07.10.2025 17:28:52.520 UTC,1.39532,1.3952,0.0012,0.00195
07.10.2025 17:28:52.623 UTC,1.39532,1.3952,0.0012,0.0018
07.10.2025 17:28:53.430 UTC,1.39532,1.3952,0.0012,0.00195
07.10.2025 17:28:53.533 UTC,1.39532,1.3952,0.0012,0.00135
07.10.2025 17:28:56.822 UTC,1.39531,1.3952,0.0012,0.00135
07.10.2025 17:28:57.027 UTC,1.39532,1.39519,0.0012,0.00195
07.10.2025 17:28:57.631 UTC,1.3953,1.39519,0.0012,0.00135
07.10.2025 17:28:57.735 UTC,1.39529,1.39516,0.0036,0.0012
07.10.2025 17:28:57.787 UTC,1.39529,1.39516,0.0018,0.0018
07.10.2025 17:28:57.889 UTC,1.39528,1.39518,0.0012,0.00225
07.10.2025 17:28:58.445 UTC,1.39529,1.39517,0.0012,0.0024
07.10.2025 17:28:58.697 UTC,1.39529,1.39519,0.0012,0.0012
07.10.2025 17:29:01.116 UTC,1.39529,1.39518,0.0012,0.00135
07.10.2025 17:29:03.425 UTC,1.39527,1.39519,0.00132,0.0012
07.10.2025 17:29:03.477 UTC,1.39526,1.39514,0.0012,0.00195
07.10.2025 17:29:03.579 UTC,1.39526,1.39514,0.0012,0.0018
07.10.2025 17:29:03.682 UTC,1.39525,1.39515,0.0015,0.0018
07.10.2025 17:29:03.836 UTC,1.39524,1.39511,0.00202,0.0018
07.10.2025 17:29:03.938 UTC,1.39523,1.39511,0.00112,0.0027
07.10.2025 17:29:04.091 UTC,1.39524,1.3951,0.00112,0.00195
07.10.2025 17:29:05.644 UTC,1.39524,1.39512,0.0012,0.00135
07.10.2025 17:29:06.252 UTC,1.39524,1.39512,0.0012,0.0018
07.10.2025 17:29:06.605 UTC,1.39524,1.39512,0.0012,0.00135
07.10.2025 17:29:06.757 UTC,1.39523,1.39513,0.0012,0.0018
07.10.2025 17:29:07.215 UTC,1.39524,1.39513,0.0012,0.00195
07.10.2025 17:29:07.368 UTC,1.39524,1.39513,0.0012,0.00225
07.10.2025 17:29:07.673 UTC,1.39526,1.39516,0.0012,0.00225
07.10.2025 17:29:07.776 UTC,1.39527,1.39516,0.0012,0.0012
07.10.2025 17:29:08.133 UTC,1.39527,1.39515,0.0012,0.0018
07.10.2025 17:29:12.217 UTC,1.39527,1.39516,0.0012,0.00135
07.10.2025 17:29:12.370 UTC,1.39528,1.39516,0.0012,0.0018
07.10.2025 17:29:12.675 UTC,1.39529,1.39518,0.0012,0.0012
07.10.2025 17:29:15.042 UTC,1.39528,1.39517,0.00132,0.00135
07.10.2025 17:29:15.145 UTC,1.39524,1.39513,0.0012,0.0018
07.10.2025 17:29:15.197 UTC,1.39524,1.39513,0.0012,0.0012
07.10.2025 17:29:15.299 UTC,1.39523,1.39512,0.0012,0.00315
07.10.2025 17:29:15.402 UTC,1.39523,1.39513,0.0012,0.0012
07.10.2025 17:29:15.554 UTC,1.39524,1.39511,0.0012,0.00315
07.10.2025 17:29:16.574 UTC,1.39524,1.39512,0.0012,0.00135
07.10.2025 17:29:21.505 UTC,1.39523,1.39514,0.0012,0.0012
07.10.2025 17:29:21.808 UTC,1.39523,1.39513,0.0012,0.0018
07.10.2025 17:29:22.213 UTC,1.39524,1.39513,0.0012,0.0012
07.10.2025 17:29:30.161 UTC,1.39524,1.39512,0.0012,0.0012
07.10.2025 17:29:30.416 UTC,1.39522,1.39513,0.0012,0.0012
07.10.2025 17:29:32.828 UTC,1.39522,1.39512,0.0012,0.00135
07.10.2025 17:29:33.032 UTC,1.39522,1.39511,0.0012,0.00135
07.10.2025 17:29:33.843 UTC,1.39522,1.3951,0.0012,0.0012
07.10.2025 17:29:34.248 UTC,1.39522,1.39509,0.0018,0.0024
07.10.2025 17:29:34.401 UTC,1.39521,1.3951,0.0018,0.00195
07.10.2025 17:29:34.754 UTC,1.39522,1.39509,0.0018,0.0018
07.10.2025 17:29:35.059 UTC,1.39521,1.39509,0.0012,0.0018
07.10.2025 17:29:36.673 UTC,1.39521,1.39509,0.0012,0.00135
07.10.2025 17:29:38.781 UTC,1.3952,1.3951,0.0012,0.0018
07.10.2025 17:29:38.970 UTC,1.39521,1.39509,0.0012,0.00135
07.10.2025 17:29:39.071 UTC,1.3952,1.3951,0.0012,0.0018
07.10.2025 17:29:41.939 UTC,1.39521,1.39509,0.0012,0.00135
07.10.2025 17:29:43.003 UTC,1.3952,1.3951,0.0012,0.0018
07.10.2025 17:29:43.104 UTC,1.39521,1.39509,0.0012,0.00135
07.10.2025 17:29:43.257 UTC,1.39521,1.39509,0.0012,0.0018
07.10.2025 17:29:43.410 UTC,1.3952,1.3951,0.0012,0.0018
07.10.2025 17:29:43.868 UTC,1.3952,1.3951,0.0012,0.00285
07.10.2025 17:29:43.970 UTC,1.39521,1.3951,0.0012,0.0033
07.10.2025 17:29:44.727 UTC,1.39521,1.3951,0.0012,0.00285
07.10.2025 17:29:45.637 UTC,1.39522,1.39509,0.0012,0.0033
07.10.2025 17:29:45.789 UTC,1.39522,1.39509,0.0012,0.00285
07.10.2025 17:29:46.141 UTC,1.39521,1.3951,0.0012,0.00135
07.10.2025 17:29:46.848 UTC,1.39522,1.3951,0.0012,0.00135
07.10.2025 17:29:51.223 UTC,1.3952,1.39511,0.0012,0.00135
07.10.2025 17:29:58.250 UTC,1.39522,1.3951,0.0012,0.0012
07.10.2025 17:29:58.404 UTC,1.39521,1.39509,0.0012,0.0027
07.10.2025 17:29:58.557 UTC,1.3952,1.39509,0.0018,0.0018
07.10.2025 17:30:00.119 UTC,1.39521,1.39507,0.0018,0.0018
07.10.2025 17:30:00.528 UTC,1.3952,1.39508,0.0012,0.0018
07.10.2025 17:30:00.702 UTC,1.3952,1.39508,0.0012,0.00135
07.10.2025 17:30:01.457 UTC,1.39519,1.3951,0.0012,0.0012
07.10.2025 17:30:11.566 UTC,1.39518,1.3951,0.0012,0.0012
07.10.2025 17:30:13.350 UTC,1.39519,1.39508,0.0012,0.00135
07.10.2025 17:30:16.871 UTC,1.39519,1.39507,0.0012,0.00225
07.10.2025 17:30:16.974 UTC,1.39518,1.39509,0.0012,0.0012
07.10.2025 17:30:17.684 UTC,1.39512,1.39503,0.0012,0.0015
07.10.2025 17:30:17.736 UTC,1.39512,1.395,0.0012,0.0012
07.10.2025 17:30:17.839 UTC,1.3951,1.395,0.0012,0.00135
07.10.2025 17:30:24.058 UTC,1.39511,1.395,0.0012,0.0012
07.10.2025 17:30:24.915 UTC,1.39513,1.395,0.0018,0.00132
07.10.2025 17:30:25.826 UTC,1.39513,1.39502,0.0018,0.00192
07.10.2025 17:30:25.929 UTC,1.39515,1.39504,0.0027,0.00132
07.10.2025 17:30:26.388 UTC,1.39515,1.39503,0.0012,0.00144
07.10.2025 17:30:33.692 UTC,1.39515,1.39504,0.0012,0.0012
07.10.2025 17:30:33.847 UTC,1.39515,1.39502,0.0027,0.0012
07.10.2025 17:30:33.954 UTC,1.39514,1.39501,0.0018,0.0012
07.10.2025 17:30:34.058 UTC,1.39512,1.39502,0.0012,0.0012
07.10.2025 17:30:36.271 UTC,1.39512,1.395,0.0018,0.00285
07.10.2025 17:30:36.778 UTC,1.39512,1.395,0.0012,0.00135
07.10.2025 17:30:38.043 UTC,1.39512,1.39501,0.0018,0.00195
07.10.2025 17:30:38.145 UTC,1.39513,1.395,0.0018,0.0012
07.10.2025 17:30:42.025 UTC,1.39513,1.39501,0.0012,0.0018
07.10.2025 17:30:42.630 UTC,1.39513,1.39501,0.0012,0.00135
07.10.2025 17:30:42.782 UTC,1.39513,1.39501,0.0012,0.0018
07.10.2025 17:30:42.884 UTC,1.39513,1.39501,0.0012,0.00135
07.10.2025 17:30:43.290 UTC,1.39513,1.395,0.0012,0.0018
07.10.2025 17:30:43.643 UTC,1.39512,1.39501,0.0012,0.00195
07.10.2025 17:30:44.850 UTC,1.39513,1.395,0.0012,0.0024
07.10.2025 17:30:45.355 UTC,1.39513,1.395,0.0012,0.00204
07.10.2025 17:30:45.458 UTC,1.39513,1.395,0.0012,0.00387
07.10.2025 17:30:47.512 UTC,1.39515,1.39505,0.0012,0.0012
07.10.2025 17:30:47.564 UTC,1.39514,1.395,0.0012,0.0018
07.10.2025 17:30:47.667 UTC,1.39512,1.39499,0.0012,0.0018
07.10.2025 17:30:48.527 UTC,1.3951,1.395,0.0012,0.00135
07.10.2025 17:30:48.630 UTC,1.39509,1.395,0.0012,0.00135
07.10.2025 17:30:48.732 UTC,1.3951,1.39499,0.0012,0.0018
07.10.2025 17:30:48.934 UTC,1.39509,1.395,0.0012,0.00135
07.10.2025 17:30:52.154 UTC,1.3951,1.39499,0.0012,0.0018
07.10.2025 17:30:52.360 UTC,1.39511,1.395,0.0012,0.0018
07.10.2025 17:30:52.462 UTC,1.39512,1.395,0.0012,0.0018
07.10.2025 17:30:57.310 UTC,1.39512,1.395,0.0012,0.00195
07.10.2025 17:30:57.463 UTC,1.39512,1.395,0.0012,0.0018
07.10.2025 17:31:04.762 UTC,1.39512,1.39499,0.0012,0.00195
07.10.2025 17:31:05.222 UTC,1.39512,1.39499,0.0012,0.00135
07.10.2025 17:31:05.426 UTC,1.39511,1.39499,0.0012,0.00135
07.10.2025 17:31:06.157 UTC,1.3951,1.39499,0.0012,0.0018
07.10.2025 17:31:07.966 UTC,1.3951,1.39499,0.0012,0.0012
07.10.2025 17:31:09.625 UTC,1.3951,1.39499,0.0012,0.0018
07.10.2025 17:31:09.829 UTC,1.39509,1.395,0.0012,0.00135
07.10.2025 17:31:15.108 UTC,1.3951,1.39499,0.0012,0.0018
07.10.2025 17:31:16.641 UTC,1.39512,1.39499,0.0012,0.00195
07.10.2025 17:31:16.946 UTC,1.39512,1.39499,0.0012,0.00135
07.10.2025 17:31:17.703 UTC,1.39512,1.39499,0.0012,0.0018
07.10.2025 17:31:17.805 UTC,1.39512,1.39499,0.0012,0.0012
07.10.2025 17:31:17.957 UTC,1.39512,1.39499,0.0012,0.0018
07.10.2025 17:31:18.059 UTC,1.3951,1.395,0.0012,0.0018
07.10.2025 17:31:19.772 UTC,1.3951,1.395,0.0012,0.00195
07.10.2025 17:31:20.376 UTC,1.39511,1.39499,0.0012,0.0018
07.10.2025 17:31:23.193 UTC,1.39512,1.395,0.0012,0.00135
07.10.2025 17:31:23.496 UTC,1.39511,1.39499,0.0012,0.00135
07.10.2025 17:31:24.866 UTC,1.39511,1.39499,0.0012,0.00195
07.10.2025 17:31:25.222 UTC,1.39511,1.39499,0.0012,0.00135
07.10.2025 17:31:26.738 UTC,1.3951,1.39498,0.0012,0.0012
07.10.2025 17:31:26.790 UTC,1.39506,1.39494,0.0018,0.0042
07.10.2025 17:31:26.893 UTC,1.39506,1.39493,0.0012,0.00465
07.10.2025 17:31:27.732 UTC,1.39507,1.39496,0.0012,0.0012
07.10.2025 17:31:27.785 UTC,1.39504,1.39494,0.0012,0.0033
07.10.2025 17:31:27.887 UTC,1.39506,1.39494,0.0012,0.0012
07.10.2025 17:31:37.897 UTC,1.39507,1.39497,0.0012,0.0012
07.10.2025 17:31:38.003 UTC,1.39508,1.39496,0.0012,0.00135
07.10.2025 17:31:40.062 UTC,1.39508,1.39496,0.0012,0.00195
07.10.2025 17:31:41.174 UTC,1.39508,1.39496,0.0012,0.0012
07.10.2025 17:31:43.239 UTC,1.39508,1.39499,0.0012,0.00135
07.10.2025 17:31:43.341 UTC,1.3951,1.39499,0.0012,0.0012
07.10.2025 17:31:47.467 UTC,1.3951,1.39498,0.0012,0.0018
07.10.2025 17:31:47.721 UTC,1.39508,1.39498,0.0012,0.0033
07.10.2025 17:31:51.314 UTC,1.39507,1.39497,0.0018,0.0018
07.10.2025 17:31:51.426 UTC,1.39507,1.39493,0.0012,0.0051
07.10.2025 17:31:51.831 UTC,1.39506,1.39495,0.0012,0.0012
07.10.2025 17:31:52.890 UTC,1.39506,1.39495,0.0012,0.0024
07.10.2025 17:31:54.100 UTC,1.39507,1.39495,0.0012,0.0012
07.10.2025 17:31:54.305 UTC,1.39507,1.39494,0.0012,0.00195
07.10.2025 17:31:54.458 UTC,1.39507,1.39494,0.0012,0.0018
07.10.2025 17:31:55.115 UTC,1.39507,1.39494,0.0012,0.00195
07.10.2025 17:31:55.367 UTC,1.39506,1.39495,0.0012,0.0018
07.10.2025 17:31:56.071 UTC,1.39507,1.39494,0.0012,0.00195
07.10.2025 17:31:56.676 UTC,1.39509,1.39497,0.0012,0.00195
07.10.2025 17:31:56.778 UTC,1.3951,1.39497,0.0012,0.00195
07.10.2025 17:31:56.880 UTC,1.3951,1.39497,0.0012,0.0012
07.10.2025 17:31:57.222 UTC,1.3951,1.39497,0.0012,0.00195
07.10.2025 17:31:59.940 UTC,1.39508,1.39497,0.0018,0.0012
07.10.2025 17:32:00.755 UTC,1.39508,1.39496,0.0027,0.00225
07.10.2025 17:32:01.310 UTC,1.39509,1.39495,0.0027,0.0018
07.10.2025 17:32:01.614 UTC,1.39508,1.39496,0.0027,0.00135
07.10.2025 17:32:01.766 UTC,1.39508,1.39495,0.0012,0.00135
07.10.2025 17:32:02.122 UTC,1.39508,1.39495,0.0012,0.0018
07.10.2025 17:32:05.460 UTC,1.39507,1.39496,0.0012,0.0012
07.10.2025 17:32:05.762 UTC,1.39507,1.39496,0.0012,0.0018
07.10.2025 17:32:06.165 UTC,1.39508,1.39495,0.0012,0.0012
07.10.2025 17:32:07.021 UTC,1.39508,1.39498,0.0012,0.0012
07.10.2025 17:32:07.124 UTC,1.3951,1.39499,0.0012,0.0012
07.10.2025 17:32:08.184 UTC,1.39512,1.39499,0.0012,0.00135
07.10.2025 17:32:08.288 UTC,1.39518,1.39507,0.00172,0.0012
07.10.2025 17:32:08.340 UTC,1.3952,1.39508,0.0018,0.00285
07.10.2025 17:32:08.391 UTC,1.39523,1.39508,0.0012,0.0018
07.10.2025 17:32:08.494 UTC,1.3952,1.39509,0.0012,0.0018
07.10.2025 17:32:08.598 UTC,1.3952,1.39505,0.00282,0.0033
07.10.2025 17:32:08.744 UTC,1.39517,1.39504,0.0012,0.00225
07.10.2025 17:32:08.803 UTC,1.3952,1.39508,0.0018,0.0012
07.10.2025 17:32:08.855 UTC,1.39521,1.39508,0.0012,0.0018
07.10.2025 17:32:08.907 UTC,1.39527,1.3952,0.0021,0.0012
07.10.2025 17:32:08.959 UTC,1.39528,1.39516,0.0012,0.0018
07.10.2025 17:32:09.063 UTC,1.39528,1.39517,0.0012,0.00135
07.10.2025 17:32:09.420 UTC,1.39528,1.39517,0.0012,0.0024
07.10.2025 17:32:09.572 UTC,1.39529,1.39516,0.0012,0.00135
07.10.2025 17:32:09.979 UTC,1.39529,1.39516,0.0012,0.0018
07.10.2025 17:32:10.184 UTC,1.39528,1.39517,0.00135,0.00135
07.10.2025 17:32:10.286 UTC,1.39529,1.39516,0.0012,0.00195
07.10.2025 17:32:10.441 UTC,1.39529,1.39519,0.0012,0.00135
07.10.2025 17:32:10.796 UTC,1.3953,1.39517,0.0012,0.0027
07.10.2025 17:32:11.302 UTC,1.3953,1.39517,0.0012,0.00285
07.10.2025 17:32:13.315 UTC,1.39531,1.39518,0.0012,0.00225
07.10.2025 17:32:14.379 UTC,1.3953,1.39519,0.0012,0.00285
07.10.2025 17:32:14.784 UTC,1.39533,1.39519,0.0018,0.0024
07.10.2025 17:32:15.039 UTC,1.39532,1.3952,0.0018,0.00225
07.10.2025 17:32:15.292 UTC,1.39533,1.39519,0.0018,0.00285
07.10.2025 17:32:16.400 UTC,1.39533,1.39519,0.00135,0.00135
07.10.2025 17:32:17.350 UTC,1.39532,1.39518,0.0018,0.00195
07.10.2025 17:32:17.453 UTC,1.39529,1.39516,0.0012,0.0018
07.10.2025 17:32:17.556 UTC,1.39531,1.39517,0.00189,0.00135
07.10.2025 17:32:17.609 UTC,1.39529,1.39517,0.0018,0.0012
07.10.2025 17:32:17.716 UTC,1.39528,1.39515,0.0012,0.00195
07.10.2025 17:32:18.123 UTC,1.39528,1.39516,0.0012,0.0012
07.10.2025 17:32:18.782 UTC,1.39527,1.39517,0.0012,0.0012
07.10.2025 17:32:19.641 UTC,1.39527,1.39514,0.00132,0.0024
07.10.2025 17:32:19.743 UTC,1.39526,1.39513,0.0018,0.0018
07.10.2025 17:32:19.847 UTC,1.39523,1.39514,0.0012,0.00135
07.10.2025 17:32:20.104 UTC,1.39524,1.39511,0.0012,0.0018
07.10.2025 17:32:23.636 UTC,1.39522,1.39511,0.00189,0.0018
07.10.2025 17:32:23.738 UTC,1.39523,1.3951,0.0018,0.00135
07.10.2025 17:32:27.706 UTC,1.39524,1.3951,0.00279,0.00135
07.10.2025 17:32:29.064 UTC,1.39524,1.3951,0.00189,0.00195
07.10.2025 17:32:33.349 UTC,1.39523,1.39511,0.00189,0.0018
07.10.2025 17:32:33.601 UTC,1.39523,1.3951,0.0012,0.0018
07.10.2025 17:32:33.853 UTC,1.39523,1.3951,0.0012,0.00285
07.10.2025 17:32:42.035 UTC,1.39522,1.3951,0.0012,0.00195
07.10.2025 17:32:42.087 UTC,1.3952,1.39508,0.0012,0.0018
07.10.2025 17:32:42.140 UTC,1.39518,1.39506,0.0018,0.0012
07.10.2025 17:32:42.192 UTC,1.39516,1.39503,0.0012,0.00285
07.10.2025 17:32:43.916 UTC,1.39516,1.39503,0.0012,0.00135
07.10.2025 17:32:44.120 UTC,1.39514,1.39503,0.0012,0.0018
07.10.2025 17:32:44.776 UTC,1.39514,1.39503,0.0012,0.00195
07.10.2025 17:32:47.248 UTC,1.39515,1.39502,0.0012,0.0018
07.10.2025 17:32:47.622 UTC,1.39515,1.39502,0.0012,0.00195
07.10.2025 17:32:47.828 UTC,1.39514,1.39503,0.0012,0.00135
07.10.2025 17:32:49.935 UTC,1.39515,1.39502,0.0012,0.00195
07.10.2025 17:32:50.037 UTC,1.39514,1.39503,0.0012,0.00135
07.10.2025 17:32:50.289 UTC,1.39515,1.39502,0.0012,0.00285
07.10.2025 17:32:50.642 UTC,1.39515,1.39502,0.0012,0.0027
07.10.2025 17:32:51.399 UTC,1.39514,1.39501,0.0012,0.0018
07.10.2025 17:32:51.502 UTC,1.39514,1.39501,0.0012,0.0012
07.10.2025 17:33:00.147 UTC,1.39513,1.39502,0.0018,0.0024
07.10.2025 17:33:02.469 UTC,1.39514,1.39501,0.0018,0.00225
07.10.2025 17:33:03.174 UTC,1.39514,1.39501,0.0012,0.0024
07.10.2025 17:33:03.327 UTC,1.39515,1.39501,0.00279,0.0018
07.10.2025 17:33:04.937 UTC,1.39514,1.39502,0.00279,0.00135
07.10.2025 17:33:06.192 UTC,1.39515,1.39501,0.0012,0.00195
07.10.2025 17:33:06.346 UTC,1.39515,1.39501,0.0012,0.0018
07.10.2025 17:33:08.667 UTC,1.39515,1.39501,0.00279,0.0018
07.10.2025 17:33:09.575 UTC,1.39515,1.39501,0.00279,0.00135
07.10.2025 17:33:09.979 UTC,1.39513,1.395,0.0012,0.0027
07.10.2025 17:33:10.082 UTC,1.39512,1.39499,0.0012,0.0018
07.10.2025 17:33:10.435 UTC,1.39512,1.39499,0.0012,0.00195
07.10.2025 17:33:14.989 UTC,1.3951,1.395,0.0012,0.0018
07.10.2025 17:33:15.599 UTC,1.39511,1.39498,0.0012,0.00285
07.10.2025 17:33:16.106 UTC,1.39511,1.39499,0.0012,0.0012
07.10.2025 17:33:18.825 UTC,1.3951,1.39499,0.0012,0.0033
07.10.2025 17:33:19.629 UTC,1.3951,1.395,0.0012,0.00135
07.10.2025 17:33:21.185 UTC,1.3951,1.395,0.0012,0.0018
07.10.2025 17:33:21.788 UTC,1.39511,1.39499,0.0012,0.00135
07.10.2025 17:33:23.974 UTC,1.39511,1.39498,0.0012,0.0027
07.10.2025 17:33:24.681 UTC,1.39511,1.39498,0.0012,0.0033
07.10.2025 17:33:25.034 UTC,1.3951,1.39499,0.0012,0.0024
07.10.2025 17:33:25.236 UTC,1.39509,1.39499,0.0012,0.0018
07.10.2025 17:33:25.337 UTC,1.39509,1.39499,0.0012,0.00135
07.10.2025 17:33:26.058 UTC,1.3951,1.39499,0.0012,0.0012
07.10.2025 17:33:30.934 UTC,1.3951,1.39498,0.0012,0.0018
07.10.2025 17:33:31.189 UTC,1.39509,1.39499,0.0012,0.00135
07.10.2025 17:33:31.995 UTC,1.39509,1.39499,0.0012,0.00195
07.10.2025 17:33:32.097 UTC,1.3951,1.39498,0.0012,0.0018
07.10.2025 17:33:32.651 UTC,1.39509,1.39499,0.0012,0.00195
07.10.2025 17:33:34.261 UTC,1.39507,1.39496,0.0012,0.0015
07.10.2025 17:33:39.802 UTC,1.3951,1.39499,0.0018,0.0012
07.10.2025 17:33:40.660 UTC,1.39509,1.39498,0.0012,0.0012
07.10.2025 17:33:40.762 UTC,1.39507,1.39497,0.0012,0.00195
07.10.2025 17:33:40.865 UTC,1.39508,1.39496,0.0012,0.0018
07.10.2025 17:33:49.486 UTC,1.3951,1.39498,0.0012,0.00135
07.10.2025 17:33:49.539 UTC,1.3951,1.39496,0.0018,0.0036
07.10.2025 17:33:49.592 UTC,1.39508,1.39496,0.0012,0.0018
07.10.2025 17:33:49.748 UTC,1.39508,1.39496,0.0012,0.0024
07.10.2025 17:33:51.710 UTC,1.39509,1.39496,0.0012,0.00375
07.10.2025 17:33:51.762 UTC,1.39511,1.39498,0.0012,0.00135
07.10.2025 17:33:51.864 UTC,1.3951,1.39499,0.0012,0.0018
07.10.2025 17:33:52.167 UTC,1.39511,1.39498,0.0012,0.00135
07.10.2025 17:33:52.671 UTC,1.39509,1.39497,0.0012,0.0018
07.10.2025 17:33:52.977 UTC,1.39509,1.39496,0.0012,0.0018
07.10.2025 17:33:53.280 UTC,1.39508,1.39497,0.0012,0.00195
07.10.2025 17:33:54.083 UTC,1.39509,1.39496,0.0012,0.0024
07.10.2025 17:33:54.538 UTC,1.39509,1.39497,0.0012,0.0012
07.10.2025 17:33:54.892 UTC,1.39509,1.39497,0.0012,0.0018
07.10.2025 17:33:54.944 UTC,1.39508,1.39497,0.0012,0.0012
07.10.2025 17:33:56.907 UTC,1.39509,1.39495,0.0012,0.0024
07.10.2025 17:34:00.351 UTC,1.39509,1.39497,0.0012,0.00135
07.10.2025 17:34:00.453 UTC,1.3951,1.39497,0.0012,0.00225
07.10.2025 17:34:00.808 UTC,1.3951,1.39498,0.0012,0.00135
07.10.2025 17:34:00.910 UTC,1.39511,1.39498,0.0012,0.0027
07.10.2025 17:34:03.476 UTC,1.39511,1.39498,0.0012,0.00285
07.10.2025 17:34:03.978 UTC,1.39511,1.39498,0.0012,0.0027
07.10.2025 17:34:04.131 UTC,1.39508,1.39497,0.0012,0.00195
07.10.2025 17:34:04.233 UTC,1.39508,1.39495,0.0012,0.00375
07.10.2025 17:34:15.236 UTC,1.3951,1.39498,0.0012,0.00135
07.10.2025 17:34:15.338 UTC,1.39511,1.39498,0.0012,0.00135
07.10.2025 17:34:18.310 UTC,1.39511,1.39498,0.0012,0.00195
07.10.2025 17:34:19.818 UTC,1.39511,1.39498,0.0012,0.0018
07.10.2025 17:34:20.465 UTC,1.3951,1.39499,0.0012,0.00195
07.10.2025 17:34:27.040 UTC,1.39511,1.39499,0.0012,0.0018
07.10.2025 17:34:27.143 UTC,1.39512,1.39499,0.0012,0.0018
07.10.2025 17:34:27.797 UTC,1.39512,1.39499,0.0012,0.00135
07.10.2025 17:34:28.100 UTC,1.39512,1.39499,0.0012,0.0018
07.10.2025 17:34:28.504 UTC,1.39512,1.395,0.0012,0.0018
07.10.2025 17:34:29.259 UTC,1.39513,1.395,0.0012,0.00285
07.10.2025 17:34:32.524 UTC,1.3951,1.395,0.0012,0.0018
07.10.2025 17:34:32.627 UTC,1.39509,1.39497,0.0012,0.0024
07.10.2025 17:34:32.730 UTC,1.39508,1.39498,0.0012,0.0018
07.10.2025 17:34:32.832 UTC,1.3951,1.39499,0.0012,0.0018
07.10.2025 17:34:32.935 UTC,1.39511,1.39499,0.00135,0.00285
07.10.2025 17:34:34.976 UTC,1.39511,1.395,0.0012,0.00135
07.10.2025 17:34:35.078 UTC,1.39512,1.39499,0.0012,0.0018
07.10.2025 17:34:35.382 UTC,1.39512,1.39499,0.0012,0.00135
07.10.2025 17:34:36.944 UTC,1.39512,1.39499,0.0012,0.0018
07.10.2025 17:34:37.297 UTC,1.39512,1.39499,0.0012,0.00135
07.10.2025 17:34:37.953 UTC,1.39512,1.39499,0.0012,0.0018
07.10.2025 17:34:38.511 UTC,1.39513,1.395,0.0012,0.0018
07.10.2025 17:34:40.024 UTC,1.39512,1.39501,0.0012,0.0018
07.10.2025 17:34:40.276 UTC,1.39513,1.395,0.0012,0.00192
07.10.2025 17:34:41.081 UTC,1.39513,1.395,0.0012,0.00195
07.10.2025 17:34:43.646 UTC,1.3951,1.39498,0.00144,0.0018
07.10.2025 17:34:43.748 UTC,1.39509,1.39496,0.0012,0.0018
07.10.2025 17:34:43.974 UTC,1.39509,1.39496,0.0012,0.0024
07.10.2025 17:34:44.176 UTC,1.39509,1.39496,0.0012,0.00225
07.10.2025 17:34:44.329 UTC,1.39509,1.39496,0.0012,0.0018
07.10.2025 17:34:53.072 UTC,1.3951,1.39498,0.0012,0.0018
07.10.2025 17:34:53.125 UTC,1.39512,1.39499,0.00135,0.00225
07.10.2025 17:34:55.595 UTC,1.39509,1.39499,0.0012,0.00135
07.10.2025 17:34:55.698 UTC,1.39508,1.39497,0.0012,0.0024
07.10.2025 17:34:55.800 UTC,1.39509,1.39497,0.0012,0.0012
07.10.2025 17:34:56.646 UTC,1.3951,1.39497,0.0012,0.0042
07.10.2025 17:34:57.653 UTC,1.39509,1.39497,0.0012,0.0018
07.10.2025 17:34:59.017 UTC,1.39508,1.39498,0.0012,0.0012
07.10.2025 17:34:59.120 UTC,1.3951,1.39498,0.0012,0.0018
07.10.2025 17:34:59.222 UTC,1.3951,1.39498,0.0012,0.0024
07.10.2025 17:34:59.777 UTC,1.39509,1.39499,0.0012,0.00195
07.10.2025 17:35:00.333 UTC,1.39511,1.39499,0.0012,0.0018
07.10.2025 17:35:00.385 UTC,1.39512,1.395,0.0012,0.0036
07.10.2025 17:35:00.437 UTC,1.39514,1.39501,0.00135,0.00135
07.10.2025 17:35:00.540 UTC,1.39514,1.39503,0.0012,0.00225
07.10.2025 17:35:00.644 UTC,1.39513,1.395,0.0012,0.0018
07.10.2025 17:35:00.696 UTC,1.39513,1.395,0.0012,0.00135
07.10.2025 17:35:00.849 UTC,1.39513,1.39501,0.0012,0.0012
07.10.2025 17:35:01.105 UTC,1.39514,1.39501,0.0012,0.00195
07.10.2025 17:35:01.208 UTC,1.39514,1.39501,0.0012,0.0027
07.10.2025 17:35:01.310 UTC,1.39514,1.39501,0.0012,0.00195
07.10.2025 17:35:08.885 UTC,1.39513,1.39501,0.0012,0.0012
07.10.2025 17:35:09.038 UTC,1.39513,1.395,0.0012,0.00294
07.10.2025 17:35:09.242 UTC,1.39513,1.395,0.0012,0.00279
07.10.2025 17:35:09.845 UTC,1.39513,1.395,0.0012,0.00294
07.10.2025 17:35:10.909 UTC,1.39512,1.39501,0.0012,0.00279
07.10.2025 17:35:20.065 UTC,1.39513,1.395,0.0012,0.00195
07.10.2025 17:35:20.775 UTC,1.39513,1.395,0.0012,0.00189
07.10.2025 17:35:23.943 UTC,1.39511,1.39501,0.0012,0.00135
07.10.2025 17:35:23.995 UTC,1.3951,1.39498,0.0012,0.00204
07.10.2025 17:35:24.097 UTC,1.3951,1.39498,0.0012,0.00144
07.10.2025 17:35:30.494 UTC,1.39511,1.39499,0.0012,0.00135
07.10.2025 17:35:30.749 UTC,1.39511,1.39498,0.0012,0.00249
07.10.2025 17:35:30.851 UTC,1.39512,1.39499,0.0012,0.0024
07.10.2025 17:35:30.953 UTC,1.39512,1.39499,0.0012,0.00195
07.10.2025 17:35:35.530 UTC,1.39511,1.39498,0.0012,0.00465
07.10.2025 17:35:35.685 UTC,1.39515,1.39501,0.0012,0.00414
07.10.2025 17:35:35.737 UTC,1.39515,1.39502,0.0012,0.00282
07.10.2025 17:35:35.840 UTC,1.39515,1.39504,0.0012,0.00192
07.10.2025 17:35:40.913 UTC,1.39516,1.39504,0.0012,0.00132
07.10.2025 17:35:41.624 UTC,1.39515,1.39504,0.0012,0.00249
07.10.2025 17:35:43.240 UTC,1.39518,1.39506,0.0012,0.00252
07.10.2025 17:35:43.292 UTC,1.3952,1.39509,0.00135,0.00327
07.10.2025 17:35:43.395 UTC,1.3952,1.39508,0.0012,0.00225
07.10.2025 17:35:46.065 UTC,1.3952,1.39509,0.0012,0.0012
07.10.2025 17:35:46.169 UTC,1.39517,1.39505,0.0012,0.00432
07.10.2025 17:35:49.199 UTC,1.39518,1.39505,0.0012,0.00195
07.10.2025 17:35:50.937 UTC,1.39518,1.39505,0.0012,0.0012
07.10.2025 17:35:52.549 UTC,1.39517,1.39506,0.0012,0.0024
07.10.2025 17:35:52.652 UTC,1.39518,1.39505,0.0012,0.00195
07.10.2025 17:35:55.367 UTC,1.39518,1.39505,0.0012,0.0033
07.10.2025 17:35:55.925 UTC,1.39518,1.39506,0.0012,0.00135
07.10.2025 17:35:56.179 UTC,1.39517,1.39507,0.0012,0.0018
07.10.2025 17:35:56.482 UTC,1.39518,1.39505,0.0012,0.00217
07.10.2025 17:35:57.945 UTC,1.39517,1.39506,0.0012,0.0024
07.10.2025 17:35:59.552 UTC,1.39518,1.39505,0.0012,0.00195
07.10.2025 17:35:59.707 UTC,1.39518,1.39505,0.0012,0.0012
07.10.2025 17:36:00.113 UTC,1.39518,1.39505,0.0012,0.00195
07.10.2025 17:36:01.625 UTC,1.39517,1.39507,0.0012,0.0018
07.10.2025 17:36:02.534 UTC,1.39518,1.39506,0.0012,0.0012
07.10.2025 17:36:02.841 UTC,1.39518,1.39506,0.0012,0.00195
07.10.2025 17:36:03.096 UTC,1.39518,1.39506,0.0012,0.0024
07.10.2025 17:36:03.198 UTC,1.39517,1.39507,0.0012,0.00195
07.10.2025 17:36:04.160 UTC,1.39517,1.39507,0.0012,0.0024
07.10.2025 17:36:04.814 UTC,1.39517,1.39507,0.0012,0.0012
07.10.2025 17:36:05.172 UTC,1.39518,1.39508,0.0012,0.0018
07.10.2025 17:36:05.274 UTC,1.39519,1.39508,0.0012,0.0012
07.10.2025 17:36:06.185 UTC,1.39522,1.39509,0.0012,0.0018
07.10.2025 17:36:06.339 UTC,1.39521,1.3951,0.0012,0.0024
07.10.2025 17:36:06.792 UTC,1.39522,1.39509,0.0012,0.00225
07.10.2025 17:36:08.501 UTC,1.39522,1.39509,0.0012,0.0024
07.10.2025 17:36:08.606 UTC,1.39523,1.3951,0.0012,0.0024
07.10.2025 17:36:08.917 UTC,1.39522,1.39511,0.0012,0.00135
07.10.2025 17:36:15.038 UTC,1.39525,1.39512,0.00321,0.0012
07.10.2025 17:36:15.142 UTC,1.39527,1.39515,0.0018,0.0012
07.10.2025 17:36:15.196 UTC,1.39526,1.39517,0.0012,0.0012
07.10.2025 17:36:15.249 UTC,1.39528,1.39517,0.00132,0.0012
07.10.2025 17:36:23.539 UTC,1.39525,1.39512,0.00132,0.0024
07.10.2025 17:36:23.642 UTC,1.39525,1.39512,0.00189,0.0012
07.10.2025 17:36:32.079 UTC,1.39525,1.39512,0.00192,0.0012
07.10.2025 17:36:32.182 UTC,1.39524,1.39511,0.00132,0.0018
07.10.2025 17:36:33.146 UTC,1.39522,1.39511,0.00132,0.00135
07.10.2025 17:36:41.412 UTC,1.39522,1.39509,0.0012,0.0027
07.10.2025 17:36:41.668 UTC,1.39521,1.3951,0.0012,0.0018
07.10.2025 17:36:41.872 UTC,1.39522,1.39509,0.0012,0.00135
07.10.2025 17:36:49.640 UTC,1.39521,1.39508,0.00192,0.00285
07.10.2025 17:36:49.743 UTC,1.39519,1.39506,0.00192,0.0018
07.10.2025 17:36:49.794 UTC,1.39518,1.39507,0.00192,0.0012
07.10.2025 17:36:51.456 UTC,1.39518,1.39505,0.00189,0.00135
07.10.2025 17:36:51.862 UTC,1.39518,1.39507,0.00192,0.0012
07.10.2025 17:36:51.915 UTC,1.3952,1.39508,0.0042,0.0018
07.10.2025 17:36:52.017 UTC,1.39521,1.39507,0.0036,0.0012
07.10.2025 17:36:56.336 UTC,1.39519,1.39508,0.0012,0.0018
07.10.2025 17:36:56.789 UTC,1.3952,1.39508,0.00324,0.0012
07.10.2025 17:36:57.977 UTC,1.3952,1.39507,0.00132,0.0012
07.10.2025 17:37:00.152 UTC,1.39521,1.39507,0.00369,0.00225
07.10.2025 17:37:00.254 UTC,1.39521,1.39508,0.00279,0.0012
07.10.2025 17:37:00.358 UTC,1.39521,1.3951,0.00189,0.00135
07.10.2025 17:37:05.796 UTC,1.39523,1.3951,0.00132,0.0012
07.10.2025 17:37:30.066 UTC,1.39522,1.39511,0.0018,0.00147
07.10.2025 17:37:31.169 UTC,1.39523,1.3951,0.0018,0.00135
07.10.2025 17:37:31.323 UTC,1.39523,1.3951,0.0018,0.00147
07.10.2025 17:37:31.425 UTC,1.39523,1.3951,0.0018,0.00144
07.10.2025 17:37:33.233 UTC,1.39523,1.3951,0.0012,0.00192
07.10.2025 17:37:33.336 UTC,1.39523,1.3951,0.0012,0.00207
07.10.2025 17:37:35.453 UTC,1.39522,1.39511,0.0012,0.00207
07.10.2025 17:37:36.410 UTC,1.39523,1.3951,0.00189,0.0018
07.10.2025 17:37:36.913 UTC,1.39523,1.3951,0.00189,0.00195
07.10.2025 17:37:37.769 UTC,1.39524,1.3951,0.00227,0.00195
07.10.2025 17:37:39.729 UTC,1.39524,1.3951,0.00218,0.00249
07.10.2025 17:37:39.832 UTC,1.39523,1.39511,0.00218,0.00204
07.10.2025 17:37:40.741 UTC,1.39524,1.3951,0.00128,0.00189
07.10.2025 17:37:43.341 UTC,1.39523,1.39511,0.00218,0.00195
07.10.2025 17:37:44.095 UTC,1.39523,1.39511,0.00218,0.00249
07.10.2025 17:37:44.499 UTC,1.39524,1.3951,0.00128,0.00249
07.10.2025 17:37:49.627 UTC,1.39523,1.39511,0.00218,0.00144
07.10.2025 17:37:49.979 UTC,1.39524,1.39511,0.00218,0.0012
07.10.2025 17:37:51.689 UTC,1.39523,1.3951,0.0018,0.00135
07.10.2025 17:38:04.358 UTC,1.39523,1.3951,0.0012,0.00192
07.10.2025 17:38:05.117 UTC,1.39523,1.3951,0.0012,0.00144
07.10.2025 17:38:05.620 UTC,1.39522,1.39511,0.0012,0.00192
07.10.2025 17:38:07.074 UTC,1.39523,1.39512,0.00173,0.00147
07.10.2025 17:38:07.177 UTC,1.39523,1.39512,0.00173,0.00135
07.10.2025 17:38:07.279 UTC,1.39524,1.39511,0.00128,0.0018
07.10.2025 17:38:07.983 UTC,1.39524,1.39511,0.00128,0.00135
07.10.2025 17:38:08.438 UTC,1.39524,1.39511,0.00128,0.0018
07.10.2025 17:38:10.649 UTC,1.39524,1.39511,0.00128,0.00144
07.10.2025 17:38:11.004 UTC,1.39524,1.39511,0.00218,0.0018
07.10.2025 17:38:11.156 UTC,1.39524,1.39511,0.00218,0.00135
07.10.2025 17:38:11.660 UTC,1.39524,1.39511,0.00218,0.0018
07.10.2025 17:38:12.364 UTC,1.39525,1.39513,0.00225,0.00135
07.10.2025 17:38:12.416 UTC,1.39527,1.39515,0.0024,0.00132
07.10.2025 17:38:12.518 UTC,1.39527,1.39515,0.0012,0.00189
07.10.2025 17:38:12.620 UTC,1.39527,1.39516,0.0012,0.00189
07.10.2025 17:38:14.085 UTC,1.39528,1.39515,0.00192,0.00135
07.10.2025 17:38:14.797 UTC,1.39527,1.39514,0.00147,0.00135
07.10.2025 17:38:14.950 UTC,1.39527,1.39514,0.00144,0.00144
07.10.2025 17:38:15.304 UTC,1.39527,1.39514,0.00132,0.00135
07.10.2025 17:38:15.607 UTC,1.39526,1.39515,0.00132,0.00144
07.10.2025 17:38:22.002 UTC,1.39526,1.39515,0.00132,0.00135
07.10.2025 17:38:23.767 UTC,1.39524,1.39514,0.00282,0.0012
07.10.2025 17:38:23.870 UTC,1.39524,1.39513,0.00282,0.00135
07.10.2025 17:38:30.132 UTC,1.39524,1.39514,0.00135,0.0012
07.10.2025 17:38:30.235 UTC,1.39526,1.39513,0.00144,0.00225
07.10.2025 17:38:30.338 UTC,1.39528,1.39515,0.00144,0.0012
07.10.2025 17:38:30.493 UTC,1.39529,1.39517,0.00135,0.00132
07.10.2025 17:38:30.545 UTC,1.39531,1.39518,0.00132,0.0012
07.10.2025 17:38:34.080 UTC,1.39532,1.39519,0.00189,0.0012
07.10.2025 17:38:41.840 UTC,1.39532,1.39519,0.00372,0.0012
07.10.2025 17:38:41.944 UTC,1.39526,1.39516,0.00132,0.0012
07.10.2025 17:38:42.149 UTC,1.39525,1.39514,0.00132,0.0018
07.10.2025 17:38:42.200 UTC,1.39524,1.39515,0.00132,0.0012
07.10.2025 17:38:43.969 UTC,1.39526,1.39514,0.00135,0.0012
07.10.2025 17:38:45.677 UTC,1.39527,1.39515,0.0018,0.0012
07.10.2025 17:38:45.779 UTC,1.39526,1.39516,0.0012,0.0012
07.10.2025 17:38:46.185 UTC,1.39528,1.39515,0.00135,0.0012
07.10.2025 17:38:47.089 UTC,1.39527,1.39516,0.00147,0.0012
07.10.2025 17:38:50.461 UTC,1.39528,1.39517,0.0018,0.00135
07.10.2025 17:38:50.564 UTC,1.3953,1.39517,0.00144,0.0012
07.10.2025 17:38:52.538 UTC,1.3953,1.39518,0.00249,0.0018
07.10.2025 17:38:52.740 UTC,1.39531,1.39517,0.00249,0.00135
07.10.2025 17:38:54.600 UTC,1.39532,1.39519,0.00384,0.0012
07.10.2025 17:38:54.753 UTC,1.39532,1.39519,0.00339,0.0012
07.10.2025 17:38:57.469 UTC,1.3953,1.39517,0.0012,0.0012
07.10.2025 17:39:04.276 UTC,1.39531,1.39518,0.00135,0.0018
07.10.2025 17:39:06.045 UTC,1.3953,1.39517,0.0012,0.00132
07.10.2025 17:39:08.760 UTC,1.39531,1.39518,0.00225,0.0012
07.10.2025 17:39:10.126 UTC,1.3953,1.39519,0.00237,0.0012
07.10.2025 17:39:13.349 UTC,1.39526,1.39515,0.00282,0.0012
07.10.2025 17:39:13.451 UTC,1.39526,1.39513,0.00132,0.0018
07.10.2025 17:39:13.656 UTC,1.39528,1.39514,0.0033,0.0018
07.10.2025 17:39:13.759 UTC,1.39528,1.39516,0.00189,0.0012
07.10.2025 17:39:18.286 UTC,1.39528,1.39515,0.0012,0.00135
07.10.2025 17:39:18.389 UTC,1.39528,1.39514,0.0027,0.0018
07.10.2025 17:39:22.507 UTC,1.39527,1.39514,0.00135,0.0012
07.10.2025 17:39:22.611 UTC,1.39526,1.39514,0.00225,0.00135
07.10.2025 17:39:22.916 UTC,1.39526,1.39513,0.00225,0.0012
07.10.2025 17:39:24.326 UTC,1.39525,1.39513,0.0012,0.0012
07.10.2025 17:39:30.669 UTC,1.39525,1.39512,0.0027,0.0012
07.10.2025 17:39:37.338 UTC,1.39523,1.39512,0.0018,0.0012
07.10.2025 17:39:37.443 UTC,1.39522,1.39511,0.00315,0.0012
07.10.2025 17:39:39.756 UTC,1.39521,1.39511,0.0012,0.0012
07.10.2025 17:39:39.858 UTC,1.39522,1.39511,0.00225,0.0012
07.10.2025 17:39:40.062 UTC,1.39522,1.39509,0.0027,0.0012
07.10.2025 17:39:40.114 UTC,1.3952,1.39508,0.0012,0.0012
07.10.2025 17:39:40.166 UTC,1.39518,1.39507,0.0027,0.00135
07.10.2025 17:39:40.269 UTC,1.39517,1.39505,0.0012,0.0012
07.10.2025 17:39:40.894 UTC,1.39517,1.39506,0.0018,0.0012
07.10.2025 17:39:41.856 UTC,1.39517,1.39505,0.0012,0.0012
07.10.2025 17:39:42.913 UTC,1.39517,1.39504,0.0018,0.00135
07.10.2025 17:39:43.016 UTC,1.39516,1.39503,0.0027,0.00135
07.10.2025 17:39:46.387 UTC,1.39515,1.39503,0.0012,0.0012
07.10.2025 17:39:56.813 UTC,1.39514,1.39501,0.0018,0.0018
07.10.2025 17:39:59.435 UTC,1.39513,1.39501,0.0012,0.00135
07.10.2025 17:40:03.406 UTC,1.39513,1.395,0.0012,0.00279
07.10.2025 17:40:03.660 UTC,1.39513,1.395,0.0012,0.00294
07.10.2025 17:40:03.852 UTC,1.39513,1.39501,0.0012,0.0012
07.10.2025 17:40:04.159 UTC,1.39512,1.39501,0.0012,0.00339
07.10.2025 17:40:05.369 UTC,1.39513,1.39501,0.0012,0.0012
07.10.2025 17:40:05.571 UTC,1.39513,1.395,0.0012,0.00339
07.10.2025 17:40:07.328 UTC,1.39513,1.395,0.0012,0.00294
07.10.2025 17:40:07.681 UTC,1.39513,1.395,0.0012,0.00207
07.10.2025 17:40:07.784 UTC,1.39514,1.39503,0.0012,0.0018
07.10.2025 17:40:07.887 UTC,1.39515,1.39502,0.0012,0.00294
07.10.2025 17:40:13.374 UTC,1.39516,1.39508,0.00135,0.0012
07.10.2025 17:40:13.426 UTC,1.39518,1.39506,0.0018,0.00414
07.10.2025 17:40:13.530 UTC,1.39518,1.39505,0.0012,0.00144
07.10.2025 17:40:16.281 UTC,1.39517,1.39505,0.0012,0.00339
07.10.2025 17:40:17.340 UTC,1.39518,1.39504,0.0012,0.00384
07.10.2025 17:40:17.642 UTC,1.39516,1.39505,0.0012,0.00285
07.10.2025 17:40:17.694 UTC,1.39514,1.39504,0.0012,0.00285
07.10.2025 17:40:17.798 UTC,1.39512,1.39502,0.0012,0.0012
07.10.2025 17:40:18.003 UTC,1.39511,1.39501,0.0012,0.0018
07.10.2025 17:40:18.258 UTC,1.39511,1.39501,0.0012,0.00195
07.10.2025 17:40:18.512 UTC,1.39512,1.395,0.0012,0.0018
07.10.2025 17:40:19.321 UTC,1.39512,1.39501,0.0012,0.0012
07.10.2025 17:40:25.737 UTC,1.39511,1.39501,0.0012,0.00135
07.10.2025 17:40:27.494 UTC,1.39508,1.39496,0.0012,0.0033
07.10.2025 17:40:27.548 UTC,1.39505,1.39493,0.0012,0.00774
07.10.2025 17:40:27.601 UTC,1.39503,1.39491,0.0012,0.00132
07.10.2025 17:40:30.279 UTC,1.39502,1.39491,0.0012,0.0012
07.10.2025 17:40:30.383 UTC,1.39498,1.39491,0.0012,0.0012
07.10.2025 17:40:32.151 UTC,1.39498,1.3949,0.0012,0.0012
07.10.2025 17:40:32.608 UTC,1.39497,1.39487,0.0012,0.00157
07.10.2025 17:40:32.660 UTC,1.39493,1.39485,0.0012,0.00204
07.10.2025 17:40:32.711 UTC,1.39496,1.39484,0.0012,0.0018
07.10.2025 17:40:32.814 UTC,1.39495,1.39485,0.0012,0.00135
07.10.2025 17:40:34.331 UTC,1.39496,1.39485,0.0012,0.0012
07.10.2025 17:40:34.485 UTC,1.39497,1.39486,0.0012,0.00189
07.10.2025 17:40:34.588 UTC,1.39498,1.39487,0.0012,0.00135
07.10.2025 17:40:35.757 UTC,1.39498,1.39487,0.0012,0.0018
07.10.2025 17:40:35.811 UTC,1.39497,1.39487,0.0012,0.00144
07.10.2025 17:40:36.070 UTC,1.39497,1.39487,0.0012,0.00204
07.10.2025 17:40:39.946 UTC,1.39498,1.39487,0.0012,0.00192
07.10.2025 17:40:40.049 UTC,1.39498,1.39489,0.0012,0.0018
07.10.2025 17:40:40.252 UTC,1.39499,1.39488,0.0012,0.00135
07.10.2025 17:40:45.077 UTC,1.39498,1.39489,0.0012,0.0018
07.10.2025 17:40:48.071 UTC,1.39501,1.3949,0.0012,0.0012
07.10.2025 17:40:51.200 UTC,1.395,1.39492,0.0012,0.0012
07.10.2025 17:40:54.726 UTC,1.39501,1.3949,0.0012,0.0012
07.10.2025 17:40:55.888 UTC,1.39499,1.39491,0.0012,0.0012
07.10.2025 17:40:55.940 UTC,1.39495,1.39487,0.0012,0.0012
07.10.2025 17:40:56.043 UTC,1.39493,1.39481,0.0012,0.0012
07.10.2025 17:40:57.441 UTC,1.39494,1.39481,0.00132,0.0012
07.10.2025 17:40:57.751 UTC,1.39494,1.39482,0.0012,0.0012
07.10.2025 17:40:57.853 UTC,1.39495,1.39482,0.0012,0.0012
07.10.2025 17:41:00.425 UTC,1.39495,1.39481,0.0012,0.0024
07.10.2025 17:41:01.134 UTC,1.39495,1.39482,0.0012,0.0012
07.10.2025 17:41:01.537 UTC,1.39495,1.39481,0.0012,0.00285
07.10.2025 17:41:07.414 UTC,1.39494,1.39482,0.0012,0.0018
07.10.2025 17:41:07.517 UTC,1.39494,1.39481,0.0012,0.0018
07.10.2025 17:41:07.974 UTC,1.39493,1.39481,0.0012,0.0024
07.10.2025 17:41:08.828 UTC,1.39494,1.3948,0.0012,0.00195
07.10.2025 17:41:08.930 UTC,1.39494,1.39481,0.0012,0.0012
07.10.2025 17:41:09.032 UTC,1.39493,1.39481,0.0012,0.00195
07.10.2025 17:41:09.434 UTC,1.39494,1.39481,0.0012,0.00195
07.10.2025 17:41:09.739 UTC,1.39494,1.39481,0.0012,0.0018
07.10.2025 17:41:12.381 UTC,1.39493,1.39482,0.0012,0.0012
07.10.2025 17:41:12.686 UTC,1.39494,1.39481,0.0012,0.0018
07.10.2025 17:41:13.345 UTC,1.39494,1.39481,0.0012,0.00195
07.10.2025 17:41:14.304 UTC,1.39493,1.39482,0.0012,0.0018
07.10.2025 17:41:14.607 UTC,1.39494,1.39483,0.00135,0.00135
07.10.2025 17:41:14.711 UTC,1.39497,1.39484,0.0024,0.00192
07.10.2025 17:41:14.813 UTC,1.39497,1.39485,0.0012,0.0012
07.10.2025 17:41:16.834 UTC,1.39498,1.39487,0.0012,0.00132
07.10.2025 17:41:16.938 UTC,1.39499,1.39487,0.0012,0.00192
07.10.2025 17:41:16.990 UTC,1.39501,1.39487,0.00135,0.00192
07.10.2025 17:41:17.394 UTC,1.395,1.39487,0.0012,0.00147
07.10.2025 17:41:18.603 UTC,1.395,1.3949,0.0012,0.0012
07.10.2025 17:41:18.655 UTC,1.39502,1.39489,0.00135,0.00234
07.10.2025 17:41:19.915 UTC,1.39501,1.3949,0.0012,0.00249
07.10.2025 17:41:21.301 UTC,1.39502,1.39489,0.0012,0.0012
07.10.2025 17:41:21.758 UTC,1.39503,1.3949,0.0012,0.0018
07.10.2025 17:41:21.912 UTC,1.39504,1.39491,0.0012,0.00285
07.10.2025 17:41:22.167 UTC,1.39504,1.39491,0.0012,0.00225
07.10.2025 17:41:22.421 UTC,1.39504,1.39491,0.0012,0.0024
07.10.2025 17:41:24.185 UTC,1.39502,1.39491,0.0012,0.00285
07.10.2025 17:41:24.690 UTC,1.39503,1.3949,0.0012,0.0024
07.10.2025 17:41:27.412 UTC,1.39503,1.3949,0.0012,0.00225
07.10.2025 17:41:29.618 UTC,1.39503,1.3949,0.0012,0.0024
07.10.2025 17:41:30.474 UTC,1.39503,1.3949,0.0012,0.00195
07.10.2025 17:41:31.077 UTC,1.39503,1.3949,0.0012,0.0018
07.10.2025 17:41:31.648 UTC,1.39503,1.3949,0.0012,0.00135
07.10.2025 17:41:32.352 UTC,1.39502,1.3949,0.0012,0.00135
07.10.2025 17:41:42.301 UTC,1.39501,1.39489,0.0012,0.00135
07.10.2025 17:41:42.403 UTC,1.395,1.39489,0.00135,0.00315
07.10.2025 17:41:43.061 UTC,1.39501,1.39488,0.0018,0.00225
07.10.2025 17:41:43.162 UTC,1.39501,1.39488,0.00135,0.00225
07.10.2025 17:41:44.340 UTC,1.39494,1.39483,0.0018,0.00258
07.10.2025 17:41:44.444 UTC,1.39494,1.39482,0.00135,0.0012
07.10.2025 17:41:44.547 UTC,1.39492,1.39481,0.0012,0.0018
07.10.2025 17:41:44.649 UTC,1.39494,1.39481,0.0012,0.0012
07.10.2025 17:41:45.511 UTC,1.39495,1.39482,0.00135,0.0018
07.10.2025 17:41:45.614 UTC,1.39497,1.39484,0.0012,0.0018
07.10.2025 17:41:45.767 UTC,1.39497,1.39485,0.0012,0.0012
07.10.2025 17:41:46.123 UTC,1.39494,1.39485,0.0018,0.0012
07.10.2025 17:41:46.226 UTC,1.39494,1.39483,0.0018,0.0018
07.10.2025 17:41:47.538 UTC,1.39494,1.39481,0.0012,0.00135
07.10.2025 17:41:48.394 UTC,1.39491,1.39481,0.0012,0.0012
07.10.2025 17:41:48.497 UTC,1.39491,1.39479,0.00135,0.0018
07.10.2025 17:41:56.802 UTC,1.39491,1.3948,0.0012,0.0012
07.10.2025 17:42:01.327 UTC,1.3949,1.3948,0.0012,0.00135
07.10.2025 17:42:01.430 UTC,1.3949,1.39479,0.0012,0.00225
07.10.2025 17:42:02.338 UTC,1.39491,1.39477,0.00135,0.00315
07.10.2025 17:42:02.441 UTC,1.3949,1.39477,0.0012,0.00225
07.10.2025 17:42:02.694 UTC,1.3949,1.39477,0.0012,0.0024
07.10.2025 17:42:03.202 UTC,1.3949,1.39477,0.00135,0.00225
07.10.2025 17:42:06.029 UTC,1.3949,1.39477,0.00135,0.0024
07.10.2025 17:42:07.539 UTC,1.3949,1.39478,0.00135,0.0018
07.10.2025 17:42:07.643 UTC,1.39491,1.39479,0.00135,0.0018
07.10.2025 17:42:07.745 UTC,1.39492,1.39479,0.0012,0.00195
07.10.2025 17:42:09.912 UTC,1.39492,1.3948,0.0012,0.00135
07.10.2025 17:42:10.066 UTC,1.3949,1.39479,0.0012,0.0012
07.10.2025 17:42:10.169 UTC,1.39491,1.39479,0.00135,0.0018
07.10.2025 17:42:10.272 UTC,1.39492,1.39479,0.0012,0.00195
07.10.2025 17:42:10.376 UTC,1.39493,1.39487,0.0018,0.0012
07.10.2025 17:42:10.427 UTC,1.39503,1.3949,0.00864,0.0012
07.10.2025 17:42:10.531 UTC,1.39502,1.39489,0.0012,0.0012
07.10.2025 17:42:13.659 UTC,1.39502,1.39488,0.00135,0.0018
07.10.2025 17:42:14.532 UTC,1.39502,1.39489,0.00135,0.0012
07.10.2025 17:42:15.293 UTC,1.39502,1.39489,0.00135,0.0018
07.10.2025 17:42:15.598 UTC,1.39501,1.3949,0.00135,0.00135
07.10.2025 17:42:15.801 UTC,1.39501,1.39491,0.00135,0.00135
07.10.2025 17:42:17.609 UTC,1.39502,1.3949,0.00135,0.0018
07.10.2025 17:42:17.711 UTC,1.39502,1.3949,0.00135,0.00135
07.10.2025 17:42:18.620 UTC,1.39502,1.39489,0.00135,0.00135
07.10.2025 17:42:19.023 UTC,1.39501,1.3949,0.00135,0.0018
07.10.2025 17:42:22.391 UTC,1.39502,1.39489,0.00135,0.00135
07.10.2025 17:42:27.416 UTC,1.39502,1.39489,0.00135,0.0018
07.10.2025 17:42:27.918 UTC,1.39502,1.39489,0.00135,0.00135
07.10.2025 17:42:29.325 UTC,1.39501,1.3949,0.00135,0.0018
07.10.2025 17:42:29.728 UTC,1.39502,1.39489,0.00135,0.00135
07.10.2025 17:42:30.082 UTC,1.39494,1.39488,0.0012,0.0012
07.10.2025 17:42:30.134 UTC,1.39494,1.39483,0.0012,0.0018
07.10.2025 17:42:30.237 UTC,1.39494,1.3948,0.00135,0.0042
07.10.2025 17:42:30.341 UTC,1.39493,1.39481,0.00225,0.0027
07.10.2025 17:42:31.400 UTC,1.39494,1.3948,0.00225,0.0024
07.10.2025 17:42:33.514 UTC,1.39494,1.3948,0.00225,0.00225
07.10.2025 17:42:35.173 UTC,1.39494,1.3948,0.00135,0.0024
07.10.2025 17:42:35.426 UTC,1.39494,1.3948,0.00135,0.00225
07.10.2025 17:42:36.380 UTC,1.39494,1.3948,0.00135,0.0024
07.10.2025 17:42:36.987 UTC,1.39493,1.39481,0.00135,0.00285
07.10.2025 17:42:39.113 UTC,1.39494,1.3948,0.00225,0.0018
07.10.2025 17:42:39.217 UTC,1.39494,1.3948,0.00225,0.00135
07.10.2025 17:42:39.322 UTC,1.39492,1.3948,0.0012,0.00135
07.10.2025 17:42:45.323 UTC,1.39491,1.39481,0.0012,0.0018
07.10.2025 17:42:48.810 UTC,1.39491,1.39481,0.0012,0.00195
07.10.2025 17:42:50.066 UTC,1.39491,1.39481,0.0012,0.00135
07.10.2025 17:42:50.419 UTC,1.39492,1.3948,0.0012,0.0018
07.10.2025 17:42:51.122 UTC,1.39492,1.3948,0.0012,0.00195
07.10.2025 17:42:52.127 UTC,1.39492,1.3948,0.0012,0.0018
07.10.2025 17:42:56.280 UTC,1.39492,1.3948,0.0012,0.0012
07.10.2025 17:42:57.040 UTC,1.39492,1.39479,0.00135,0.00135
07.10.2025 17:42:59.156 UTC,1.39492,1.39479,0.00135,0.0018
07.10.2025 17:43:00.415 UTC,1.39491,1.39479,0.0012,0.0012
07.10.2025 17:43:03.533 UTC,1.39491,1.39479,0.0012,0.0018
07.10.2025 17:43:07.347 UTC,1.39492,1.3948,0.00135,0.00135
07.10.2025 17:43:07.450 UTC,1.39492,1.3948,0.00135,0.0018
07.10.2025 17:43:09.082 UTC,1.39492,1.3948,0.0012,0.00135
07.10.2025 17:43:09.384 UTC,1.39493,1.39481,0.00135,0.0024
07.10.2025 17:43:09.541 UTC,1.39494,1.39483,0.0012,0.00135
07.10.2025 17:43:09.946 UTC,1.39495,1.39483,0.00135,0.00135
07.10.2025 17:43:10.049 UTC,1.39498,1.39485,0.0018,0.0012
07.10.2025 17:43:10.152 UTC,1.39497,1.39486,0.0012,0.0012
07.10.2025 17:43:11.466 UTC,1.39498,1.39485,0.0012,0.0018
07.10.2025 17:43:11.569 UTC,1.395,1.39488,0.0018,0.0012
07.10.2025 17:43:11.671 UTC,1.395,1.39488,0.0012,0.0012
07.10.2025 17:43:12.428 UTC,1.39494,1.39484,0.0012,0.0024
07.10.2025 17:43:12.531 UTC,1.39495,1.39483,0.0012,0.0012
07.10.2025 17:43:12.633 UTC,1.39495,1.39482,0.0012,0.00135
07.10.2025 17:43:12.988 UTC,1.39496,1.39483,0.0012,0.0012
07.10.2025 17:43:13.492 UTC,1.39496,1.39484,0.0012,0.0012
07.10.2025 17:43:15.553 UTC,1.39496,1.39483,0.0012,0.00135
07.10.2025 17:43:16.215 UTC,1.39497,1.39485,0.0012,0.0012
07.10.2025 17:43:16.527 UTC,1.39496,1.39484,0.0012,0.0018
07.10.2025 17:43:16.680 UTC,1.39495,1.39484,0.0012,0.0018
07.10.2025 17:43:17.540 UTC,1.39495,1.39484,0.0012,0.00195
07.10.2025 17:43:18.096 UTC,1.39496,1.39485,0.0012,0.0018
07.10.2025 17:43:18.249 UTC,1.39496,1.39484,0.0012,0.0018
07.10.2025 17:43:18.301 UTC,1.39494,1.39483,0.0012,0.00225
07.10.2025 17:43:18.404 UTC,1.39493,1.39483,0.0012,0.00135
07.10.2025 17:43:18.557 UTC,1.39494,1.39482,0.0012,0.0018
07.10.2025 17:43:18.814 UTC,1.39493,1.39482,0.0012,0.0018
07.10.2025 17:43:19.368 UTC,1.39494,1.39481,0.0012,0.00195
07.10.2025 17:43:20.376 UTC,1.39492,1.39479,0.0018,0.0012
07.10.2025 17:43:20.480 UTC,1.39491,1.39478,0.0012,0.00135
07.10.2025 17:43:20.783 UTC,1.39491,1.39477,0.00135,0.0012
07.10.2025 17:43:21.439 UTC,1.3949,1.39477,0.00135,0.0036
07.10.2025 17:43:21.692 UTC,1.39489,1.39476,0.00132,0.0012
07.10.2025 17:43:21.796 UTC,1.39485,1.39472,0.0012,0.00108
07.10.2025 17:43:21.899 UTC,1.39484,1.39472,0.0012,0.00315
07.10.2025 17:43:22.053 UTC,1.39485,1.39472,0.0012,0.0012
07.10.2025 17:43:23.312 UTC,1.39485,1.39473,0.0012,0.0012
07.10.2025 17:43:24.268 UTC,1.39484,1.39473,0.0012,0.0012
07.10.2025 17:43:29.025 UTC,1.39484,1.39473,0.0012,0.0018
07.10.2025 17:43:29.628 UTC,1.39485,1.39476,0.0012,0.00135
07.10.2025 17:43:29.731 UTC,1.39486,1.39475,0.0012,0.00135
07.10.2025 17:43:29.884 UTC,1.39484,1.39476,0.0012,0.0012
07.10.2025 17:43:29.986 UTC,1.39485,1.39474,0.0012,0.0012
07.10.2025 17:43:30.341 UTC,1.39484,1.39473,0.0012,0.00135
07.10.2025 17:43:31.500 UTC,1.39485,1.39476,0.0012,0.00135
07.10.2025 17:43:32.208 UTC,1.39486,1.39475,0.0012,0.0018
07.10.2025 17:43:32.512 UTC,1.39488,1.39476,0.00135,0.0012
07.10.2025 17:43:32.614 UTC,1.39488,1.39477,0.0012,0.0012
07.10.2025 17:43:34.228 UTC,1.39486,1.39475,0.0012,0.0018
07.10.2025 17:43:35.291 UTC,1.39485,1.39475,0.0012,0.00135
07.10.2025 17:43:35.395 UTC,1.39485,1.39472,0.0012,0.00303
07.10.2025 17:43:39.112 UTC,1.39485,1.39474,0.0012,0.0018
07.10.2025 17:43:39.214 UTC,1.39485,1.39474,0.0012,0.00135
07.10.2025 17:43:39.366 UTC,1.39485,1.39474,0.0012,0.0018
07.10.2025 17:43:40.121 UTC,1.39485,1.39474,0.0012,0.0012
07.10.2025 17:43:40.374 UTC,1.39485,1.39473,0.0012,0.00135
07.10.2025 17:43:40.576 UTC,1.39485,1.39473,0.0012,0.0018
07.10.2025 17:43:42.189 UTC,1.39485,1.39473,0.0012,0.00135
07.10.2025 17:43:42.692 UTC,1.39484,1.39475,0.0012,0.0012
07.10.2025 17:43:43.951 UTC,1.39485,1.39476,0.0012,0.0018
07.10.2025 17:43:44.054 UTC,1.39487,1.39475,0.00135,0.00285
07.10.2025 17:43:44.207 UTC,1.39486,1.39476,0.0012,0.0024
07.10.2025 17:43:44.309 UTC,1.39487,1.39475,0.0012,0.00285
07.10.2025 17:43:44.963 UTC,1.39487,1.39475,0.0012,0.0024
07.10.2025 17:43:47.625 UTC,1.39487,1.39478,0.0012,0.00135
07.10.2025 17:43:47.728 UTC,1.39488,1.39476,0.0012,0.0018
07.10.2025 17:43:48.132 UTC,1.39488,1.39476,0.0012,0.00195
07.10.2025 17:44:00.224 UTC,1.39487,1.39476,0.0012,0.0012
07.10.2025 17:44:00.276 UTC,1.39485,1.39475,0.0012,0.0012
07.10.2025 17:44:01.436 UTC,1.39486,1.39473,0.00135,0.00195
07.10.2025 17:44:03.194 UTC,1.39486,1.39473,0.00135,0.0018
07.10.2025 17:44:03.296 UTC,1.39485,1.39474,0.00135,0.00195
07.10.2025 17:44:04.772 UTC,1.39486,1.39474,0.00135,0.0012
07.10.2025 17:44:04.873 UTC,1.39486,1.39474,0.00135,0.0018
07.10.2025 17:44:05.379 UTC,1.39484,1.39473,0.0012,0.0024
07.10.2025 17:44:06.289 UTC,1.39482,1.39473,0.0012,0.00135
07.10.2025 17:44:06.392 UTC,1.39481,1.39472,0.0012,0.00135
07.10.2025 17:44:06.595 UTC,1.39482,1.39471,0.0012,0.0018
07.10.2025 17:44:08.860 UTC,1.39481,1.39472,0.0012,0.00135
07.10.2025 17:44:12.531 UTC,1.3948,1.3947,0.0012,0.00135
07.10.2025 17:44:12.633 UTC,1.3948,1.39469,0.0012,0.00135
07.10.2025 17:44:16.353 UTC,1.39479,1.39469,0.0012,0.00225
07.10.2025 17:44:16.705 UTC,1.3948,1.39469,0.0012,0.0012
07.10.2025 17:44:16.831 UTC,1.3948,1.39468,0.0012,0.00225
07.10.2025 17:44:18.889 UTC,1.3948,1.39469,0.0012,0.0012
07.10.2025 17:44:19.545 UTC,1.3948,1.3947,0.0012,0.0012
07.10.2025 17:44:30.717 UTC,1.39479,1.3947,0.0012,0.00135
07.10.2025 17:44:30.873 UTC,1.39476,1.39465,0.0012,0.0018
07.10.2025 17:44:31.634 UTC,1.39476,1.39464,0.0012,0.0018
07.10.2025 17:44:31.736 UTC,1.39476,1.39465,0.0012,0.0012
07.10.2025 17:44:32.043 UTC,1.39474,1.39463,0.0012,0.00135
07.10.2025 17:44:32.147 UTC,1.39474,1.39463,0.0012,0.00285
07.10.2025 17:44:32.603 UTC,1.39473,1.39464,0.0012,0.0024
07.10.2025 17:44:32.956 UTC,1.39474,1.39463,0.0012,0.00285
07.10.2025 17:44:33.411 UTC,1.39473,1.39464,0.0012,0.0024
07.10.2025 17:44:33.914 UTC,1.39473,1.39464,0.0012,0.00285
07.10.2025 17:44:35.369 UTC,1.39474,1.39463,0.0012,0.0024
07.10.2025 17:44:36.377 UTC,1.39473,1.39464,0.0012,0.00285
07.10.2025 17:44:37.081 UTC,1.39475,1.39464,0.0012,0.0012
07.10.2025 17:44:37.586 UTC,1.39476,1.39464,0.0012,0.00195
07.10.2025 17:44:38.092 UTC,1.39475,1.39464,0.0012,0.00285
07.10.2025 17:44:38.482 UTC,1.39475,1.39465,0.0012,0.00135
07.10.2025 17:44:39.138 UTC,1.39475,1.39465,0.0012,0.0024
07.10.2025 17:44:39.541 UTC,1.39475,1.39465,0.0012,0.00225
07.10.2025 17:44:39.643 UTC,1.39475,1.39465,0.0012,0.0024
07.10.2025 17:44:40.095 UTC,1.39474,1.39466,0.0012,0.00225
07.10.2025 17:44:40.599 UTC,1.39475,1.39465,0.0012,0.0024
07.10.2025 17:44:41.252 UTC,1.39474,1.39466,0.0012,0.00225
07.10.2025 17:44:42.356 UTC,1.39477,1.39465,0.0012,0.00225
07.10.2025 17:44:42.559 UTC,1.39477,1.39465,0.0012,0.0024
07.10.2025 17:44:43.514 UTC,1.39477,1.39465,0.0012,0.00285
07.10.2025 17:44:43.668 UTC,1.39476,1.39466,0.0012,0.0024
07.10.2025 17:44:45.936 UTC,1.39477,1.39465,0.0012,0.00135
07.10.2025 17:44:47.048 UTC,1.39476,1.39466,0.0012,0.0024
07.10.2025 17:44:47.551 UTC,1.39477,1.39465,0.0012,0.00225
07.10.2025 17:44:48.055 UTC,1.39477,1.39465,0.0012,0.0024
07.10.2025 17:44:49.465 UTC,1.39475,1.39464,0.0012,0.0024
07.10.2025 17:44:49.772 UTC,1.39474,1.39465,0.0012,0.00135
07.10.2025 17:44:50.727 UTC,1.39475,1.39463,0.0012,0.00285
07.10.2025 17:44:51.822 UTC,1.39476,1.39463,0.00135,0.00285
07.10.2025 17:44:52.231 UTC,1.39476,1.39465,0.0012,0.00135
07.10.2025 17:44:52.483 UTC,1.39475,1.39466,0.0012,0.0018
07.10.2025 17:44:53.742 UTC,1.39475,1.39466,0.0012,0.00135
07.10.2025 17:44:53.844 UTC,1.39476,1.39467,0.0012,0.0018
07.10.2025 17:44:54.351 UTC,1.39476,1.39467,0.0012,0.00135
07.10.2025 17:44:56.060 UTC,1.39476,1.39467,0.0012,0.0018
07.10.2025 17:44:56.614 UTC,1.39476,1.39467,0.0012,0.00135
07.10.2025 17:44:56.918 UTC,1.39477,1.39466,0.0012,0.0018
07.10.2025 17:44:57.322 UTC,1.39477,1.39466,0.0012,0.00135
07.10.2025 17:45:00.389 UTC,1.39477,1.39466,0.0012,0.0018
07.10.2025 17:45:00.892 UTC,1.39476,1.39467,0.0012,0.00135
07.10.2025 17:45:01.948 UTC,1.39477,1.39466,0.0012,0.0018
07.10.2025 17:45:03.223 UTC,1.39477,1.39466,0.0012,0.00195
07.10.2025 17:45:03.428 UTC,1.39478,1.39467,0.0012,0.00285
07.10.2025 17:45:03.530 UTC,1.39479,1.39468,0.00135,0.00285
07.10.2025 17:45:04.943 UTC,1.3948,1.39467,0.00135,0.0024
07.10.2025 17:45:05.447 UTC,1.3948,1.39467,0.00135,0.00285
07.10.2025 17:45:05.749 UTC,1.39479,1.39468,0.0012,0.0024
07.10.2025 17:45:06.605 UTC,1.3948,1.39467,0.0012,0.00285
07.10.2025 17:45:07.009 UTC,1.39481,1.39469,0.00135,0.00135
07.10.2025 17:45:07.162 UTC,1.39481,1.3947,0.00135,0.0012
07.10.2025 17:45:07.922 UTC,1.39482,1.3947,0.00135,0.0012
07.10.2025 17:45:08.026 UTC,1.39482,1.39471,0.0012,0.0012
07.10.2025 17:45:17.167 UTC,1.39482,1.3947,0.0012,0.0012
07.10.2025 17:45:21.479 UTC,1.39482,1.3947,0.0012,0.0018
07.10.2025 17:45:22.034 UTC,1.39483,1.3947,0.0012,0.00285
07.10.2025 17:45:32.047 UTC,1.39483,1.39471,0.00135,0.00195
07.10.2025 17:45:32.403 UTC,1.39484,1.39472,0.00135,0.00285
07.10.2025 17:45:32.507 UTC,1.39486,1.39472,0.0012,0.0012
07.10.2025 17:45:32.610 UTC,1.39485,1.39471,0.0012,0.0018
07.10.2025 17:45:32.715 UTC,1.39484,1.3947,0.0012,0.0012
07.10.2025 17:45:32.919 UTC,1.39484,1.3947,0.00135,0.0012
07.10.2025 17:45:33.172 UTC,1.39484,1.39471,0.00135,0.00195
07.10.2025 17:45:33.275 UTC,1.39483,1.39472,0.0012,0.00195
07.10.2025 17:45:33.377 UTC,1.39485,1.39471,0.00135,0.0024
07.10.2025 17:45:40.721 UTC,1.39489,1.39476,0.0033,0.0018
07.10.2025 17:45:40.775 UTC,1.39491,1.39478,0.0012,0.0012
07.10.2025 17:45:40.827 UTC,1.39491,1.3948,0.0012,0.0012
07.10.2025 17:45:41.033 UTC,1.39491,1.39478,0.0012,0.0012
07.10.2025 17:45:41.691 UTC,1.39491,1.3948,0.0012,0.0012
07.10.2025 17:45:42.246 UTC,1.39492,1.39481,0.0018,0.0012
07.10.2025 17:45:42.754 UTC,1.39492,1.39481,0.0018,0.0018
07.10.2025 17:45:48.034 UTC,1.39492,1.39481,0.0018,0.00135
07.10.2025 17:45:48.536 UTC,1.39492,1.39481,0.0018,0.0018
07.10.2025 17:45:51.075 UTC,1.39491,1.39477,0.00282,0.00135
07.10.2025 17:45:51.128 UTC,1.39488,1.39475,0.0012,0.0024
07.10.2025 17:45:51.179 UTC,1.39488,1.39475,0.0012,0.0012
07.10.2025 17:45:51.282 UTC,1.39488,1.39474,0.0012,0.00315
07.10.2025 17:45:53.897 UTC,1.39488,1.39475,0.0012,0.0012
07.10.2025 17:45:54.601 UTC,1.39487,1.39475,0.0012,0.00405
07.10.2025 17:45:55.054 UTC,1.39489,1.39477,0.0018,0.0018
07.10.2025 17:45:55.157 UTC,1.3949,1.39479,0.0018,0.0012
07.10.2025 17:45:55.260 UTC,1.39491,1.39478,0.00135,0.0012
07.10.2025 17:45:58.378 UTC,1.39491,1.39479,0.00135,0.0012
07.10.2025 17:45:59.382 UTC,1.39491,1.39478,0.00135,0.00135
07.10.2025 17:45:59.485 UTC,1.3949,1.39477,0.0012,0.0018
07.10.2025 17:46:00.142 UTC,1.39489,1.39477,0.00135,0.0033
07.10.2025 17:46:00.396 UTC,1.3949,1.39477,0.00135,0.0018
07.10.2025 17:46:01.203 UTC,1.3949,1.39479,0.00135,0.00135
07.10.2025 17:46:01.457 UTC,1.3949,1.39479,0.0012,0.0024
07.10.2025 17:46:02.357 UTC,1.3949,1.39479,0.0012,0.00375
07.10.2025 17:46:02.764 UTC,1.39491,1.39479,0.0012,0.00135
07.10.2025 17:46:03.631 UTC,1.39491,1.39479,0.0012,0.0018
07.10.2025 17:46:03.883 UTC,1.39491,1.39479,0.0012,0.00135
07.10.2025 17:46:04.691 UTC,1.3949,1.3948,0.0012,0.0018
07.10.2025 17:46:04.994 UTC,1.3949,1.3948,0.0012,0.00135
07.10.2025 17:46:08.107 UTC,1.39491,1.39479,0.0012,0.0018
07.10.2025 17:46:08.209 UTC,1.39491,1.39479,0.0012,0.00135
07.10.2025 17:46:08.462 UTC,1.39491,1.39479,0.0012,0.0018
07.10.2025 17:46:08.564 UTC,1.39491,1.39479,0.0012,0.00135
07.10.2025 17:46:09.518 UTC,1.39491,1.39479,0.0012,0.0018
07.10.2025 17:46:09.871 UTC,1.39491,1.39479,0.0012,0.00135
07.10.2025 17:46:10.678 UTC,1.39491,1.39479,0.0012,0.0018
07.10.2025 17:46:11.031 UTC,1.39491,1.39479,0.0012,0.00135
07.10.2025 17:46:12.442 UTC,1.3949,1.39477,0.0012,0.0018
07.10.2025 17:46:12.497 UTC,1.39489,1.39476,0.0012,0.0012
07.10.2025 17:46:12.600 UTC,1.39489,1.39475,0.0018,0.0033
07.10.2025 17:46:13.113 UTC,1.3949,1.39478,0.0018,0.00135
07.10.2025 17:46:13.266 UTC,1.3949,1.39478,0.0012,0.00135
07.10.2025 17:46:15.574 UTC,1.3949,1.39478,0.0018,0.00135
07.10.2025 17:46:15.726 UTC,1.39489,1.39479,0.00135,0.00135
07.10.2025 17:46:18.489 UTC,1.3949,1.39477,0.00135,0.0012
07.10.2025 17:46:21.058 UTC,1.3949,1.39478,0.00135,0.0018
07.10.2025 17:46:21.464 UTC,1.3949,1.39477,0.0012,0.00192
07.10.2025 17:46:23.077 UTC,1.39491,1.39478,0.00135,0.0024
07.10.2025 17:46:23.331 UTC,1.39491,1.39478,0.0012,0.00285
07.10.2025 17:46:23.434 UTC,1.39493,1.3948,0.00195,0.00135
07.10.2025 17:46:25.843 UTC,1.39491,1.3948,0.0012,0.00135
07.10.2025 17:46:25.946 UTC,1.39486,1.39473,0.0012,0.0024
07.10.2025 17:46:25.998 UTC,1.39486,1.39473,0.0018,0.0012
07.10.2025 17:46:26.152 UTC,1.39486,1.39473,0.0012,0.0012
07.10.2025 17:46:35.207 UTC,1.39484,1.39472,0.0012,0.0012
07.10.2025 17:46:35.312 UTC,1.39483,1.3947,0.0012,0.0018
07.10.2025 17:46:35.414 UTC,1.39483,1.3947,0.00135,0.0012
07.10.2025 17:46:48.304 UTC,1.39481,1.39471,0.0012,0.00135
07.10.2025 17:47:00.443 UTC,1.39481,1.39469,0.0012,0.0018
07.10.2025 17:47:00.546 UTC,1.39481,1.39471,0.0012,0.0018
07.10.2025 17:47:05.180 UTC,1.39484,1.39469,0.0018,0.00285
07.10.2025 17:47:05.339 UTC,1.39483,1.39469,0.0012,0.00195
07.10.2025 17:47:05.949 UTC,1.39483,1.39471,0.0012,0.0012
07.10.2025 17:47:06.052 UTC,1.39484,1.3947,0.00135,0.0024
07.10.2025 17:47:07.367 UTC,1.39483,1.39472,0.00135,0.0024
07.10.2025 17:47:07.468 UTC,1.39484,1.3947,0.00135,0.0033
07.10.2025 17:47:09.235 UTC,1.39483,1.39472,0.0012,0.0018
07.10.2025 17:47:10.747 UTC,1.39484,1.3947,0.0012,0.00204
07.10.2025 17:47:10.799 UTC,1.39483,1.39472,0.00135,0.0012
07.10.2025 17:47:11.154 UTC,1.39484,1.39471,0.00135,0.00195
07.10.2025 17:47:17.058 UTC,1.39484,1.39471,0.00135,0.0012
07.10.2025 17:47:22.130 UTC,1.39483,1.3947,0.0012,0.00285
07.10.2025 17:47:22.233 UTC,1.39482,1.39471,0.0012,0.00285
07.10.2025 17:47:22.586 UTC,1.39483,1.3947,0.00234,0.0018
07.10.2025 17:47:22.689 UTC,1.3948,1.3947,0.0012,0.0018
07.10.2025 17:47:22.944 UTC,1.39481,1.39469,0.0012,0.0012
07.10.2025 17:47:28.820 UTC,1.39481,1.39469,0.0012,0.00195
07.10.2025 17:47:30.627 UTC,1.39481,1.39469,0.0012,0.0018
07.10.2025 17:47:36.002 UTC,1.39479,1.3947,0.0012,0.0018
07.10.2025 17:47:39.267 UTC,1.39479,1.39469,0.0012,0.0018
07.10.2025 17:47:39.319 UTC,1.39479,1.39468,0.0012,0.00135
07.10.2025 17:47:39.372 UTC,1.39477,1.39467,0.0012,0.00135
07.10.2025 17:47:45.225 UTC,1.39475,1.39468,0.0012,0.0012
07.10.2025 17:47:45.277 UTC,1.39475,1.39466,0.0012,0.0012
07.10.2025 17:47:45.330 UTC,1.3947,1.39463,0.0012,0.0033
07.10.2025 17:47:45.382 UTC,1.3947,1.39459,0.0012,0.0018
07.10.2025 17:47:45.587 UTC,1.39469,1.39461,0.0012,0.0012
07.10.2025 17:47:54.506 UTC,1.39471,1.3946,0.0012,0.00132
07.10.2025 17:47:56.773 UTC,1.39471,1.3946,0.0012,0.00249
07.10.2025 17:48:00.442 UTC,1.39471,1.3946,0.0012,0.00204
07.10.2025 17:48:00.645 UTC,1.39471,1.3946,0.0012,0.00192
07.10.2025 17:48:03.455 UTC,1.39473,1.39463,0.0012,0.00132
07.10.2025 17:48:03.507 UTC,1.39475,1.39465,0.0012,0.00147
07.10.2025 17:48:03.559 UTC,1.39476,1.39464,0.0018,0.00144
07.10.2025 17:48:03.610 UTC,1.39475,1.39465,0.0012,0.00135
07.10.2025 17:48:03.814 UTC,1.39476,1.39464,0.0012,0.0018
07.10.2025 17:48:05.408 UTC,1.39474,1.39464,0.0012,0.00135
07.10.2025 17:48:05.512 UTC,1.39472,1.39461,0.0012,0.0012
07.10.2025 17:48:05.616 UTC,1.39472,1.3946,0.0012,0.00135
07.10.2025 17:48:05.719 UTC,1.39471,1.3946,0.0012,0.0012
07.10.2025 17:48:05.824 UTC,1.39471,1.39459,0.0012,0.0027
07.10.2025 17:48:06.333 UTC,1.39471,1.39459,0.0012,0.0024
07.10.2025 17:48:06.538 UTC,1.3947,1.39458,0.00192,0.00225
07.10.2025 17:48:06.640 UTC,1.39467,1.39454,0.0012,0.00195
07.10.2025 17:48:06.692 UTC,1.39467,1.39456,0.0012,0.0012
07.10.2025 17:48:06.846 UTC,1.39466,1.39456,0.0012,0.0012
07.10.2025 17:48:07.401 UTC,1.39466,1.39453,0.00192,0.0012
07.10.2025 17:48:07.505 UTC,1.39464,1.39452,0.0012,0.00213
07.10.2025 17:48:07.608 UTC,1.39465,1.39454,0.0018,0.00225
07.10.2025 17:48:07.660 UTC,1.39466,1.39454,0.0012,0.00315
07.10.2025 17:48:07.914 UTC,1.39467,1.39453,0.0012,0.00339
07.10.2025 17:48:08.119 UTC,1.39468,1.39458,0.00135,0.0012
07.10.2025 17:48:08.222 UTC,1.3947,1.39461,0.0012,0.0012
07.10.2025 17:48:12.159 UTC,1.39471,1.39461,0.0012,0.0012
07.10.2025 17:48:13.417 UTC,1.39472,1.39461,0.00135,0.0012
07.10.2025 17:48:15.290 UTC,1.39471,1.3946,0.0012,0.0027
07.10.2025 17:48:15.342 UTC,1.39469,1.3946,0.0012,0.0012
07.10.2025 17:48:15.394 UTC,1.39469,1.39456,0.0012,0.00285
07.10.2025 17:48:15.953 UTC,1.39468,1.39457,0.0012,0.00285
07.10.2025 17:48:16.056 UTC,1.39469,1.39456,0.0012,0.0024
07.10.2025 17:48:16.408 UTC,1.39469,1.39456,0.0012,0.00195
07.10.2025 17:48:16.560 UTC,1.39469,1.39456,0.0012,0.0018
07.10.2025 17:48:17.728 UTC,1.39469,1.39456,0.0012,0.00285
07.10.2025 17:48:19.691 UTC,1.39468,1.39457,0.0012,0.0024
07.10.2025 17:48:19.793 UTC,1.39469,1.39457,0.0012,0.0018
07.10.2025 17:48:19.896 UTC,1.39469,1.39457,0.0012,0.0012
07.10.2025 17:48:19.999 UTC,1.39469,1.39457,0.00135,0.0012
07.10.2025 17:48:21.663 UTC,1.39468,1.39458,0.0012,0.00195
07.10.2025 17:48:21.766 UTC,1.39471,1.39459,0.0018,0.0018
07.10.2025 17:48:21.869 UTC,1.3947,1.3946,0.0012,0.0018
07.10.2025 17:48:22.424 UTC,1.39472,1.39459,0.0012,0.0018
07.10.2025 17:48:23.747 UTC,1.39472,1.39459,0.0012,0.00195
07.10.2025 17:48:23.849 UTC,1.39472,1.39459,0.0012,0.0018
07.10.2025 17:48:26.215 UTC,1.39471,1.3946,0.0012,0.00204
07.10.2025 17:48:26.570 UTC,1.39472,1.39459,0.0012,0.00249
07.10.2025 17:48:27.579 UTC,1.39472,1.39459,0.0012,0.00234
07.10.2025 17:48:27.680 UTC,1.39472,1.39459,0.0012,0.00249
07.10.2025 17:48:28.438 UTC,1.39471,1.39461,0.0012,0.00252
07.10.2025 17:48:28.541 UTC,1.39473,1.39461,0.0012,0.00342
07.10.2025 17:48:28.644 UTC,1.39472,1.39461,0.0012,0.00204
07.10.2025 17:48:28.746 UTC,1.39473,1.3946,0.0012,0.00192
07.10.2025 17:48:28.950 UTC,1.39473,1.3946,0.0012,0.00252
07.10.2025 17:48:29.505 UTC,1.39473,1.3946,0.0012,0.00192
07.10.2025 17:48:29.623 UTC,1.39473,1.3946,0.0012,0.00207
07.10.2025 17:48:30.028 UTC,1.39473,1.39459,0.0012,0.00297
07.10.2025 17:48:30.130 UTC,1.39472,1.39461,0.0012,0.00192
07.10.2025 17:48:30.434 UTC,1.39473,1.39461,0.0012,0.00132
07.10.2025 17:48:30.537 UTC,1.39472,1.39461,0.0012,0.00132
07.10.2025 17:48:31.597 UTC,1.39472,1.3946,0.0012,0.00387
07.10.2025 17:48:31.749 UTC,1.39473,1.3946,0.0012,0.00132
07.10.2025 17:48:33.412 UTC,1.39472,1.39461,0.0012,0.00192
07.10.2025 17:48:33.514 UTC,1.39472,1.39461,0.0012,0.00207
07.10.2025 17:48:33.818 UTC,1.39473,1.3946,0.0012,0.00192
07.10.2025 17:48:36.385 UTC,1.39472,1.39461,0.0012,0.00135
07.10.2025 17:48:36.488 UTC,1.39473,1.3946,0.0012,0.0018
07.10.2025 17:48:38.450 UTC,1.39472,1.39461,0.0012,0.00195
07.10.2025 17:48:38.603 UTC,1.39473,1.39461,0.0012,0.00135
07.10.2025 17:48:42.723 UTC,1.39473,1.3946,0.0012,0.00195
07.10.2025 17:48:43.263 UTC,1.39473,1.3946,0.0012,0.0018
07.10.2025 17:48:43.517 UTC,1.39473,1.3946,0.0012,0.00195
07.10.2025 17:48:50.241 UTC,1.39472,1.39461,0.0012,0.00252
07.10.2025 17:48:50.344 UTC,1.39474,1.39462,0.0018,0.00207
07.10.2025 17:48:50.447 UTC,1.39473,1.39463,0.00135,0.00192
07.10.2025 17:48:50.600 UTC,1.39473,1.39463,0.00135,0.00204
07.10.2025 17:48:50.752 UTC,1.39473,1.39463,0.00135,0.00192
07.10.2025 17:48:51.057 UTC,1.39474,1.3946,0.00135,0.00297
07.10.2025 17:48:51.260 UTC,1.39473,1.3946,0.0012,0.00297
07.10.2025 17:48:55.948 UTC,1.3947,1.39458,0.0012,0.00132
07.10.2025 17:48:56.053 UTC,1.39469,1.39457,0.0012,0.00132
07.10.2025 17:48:56.206 UTC,1.39469,1.39457,0.0012,0.00192
07.10.2025 17:48:59.885 UTC,1.3947,1.39458,0.00135,0.00132
07.10.2025 17:49:00.089 UTC,1.3947,1.39457,0.0012,0.00297
07.10.2025 17:49:00.292 UTC,1.3947,1.39458,0.0012,0.00204
07.10.2025 17:49:00.395 UTC,1.3947,1.3946,0.0012,0.00204
07.10.2025 17:49:00.498 UTC,1.39471,1.39459,0.0012,0.00192
07.10.2025 17:49:02.564 UTC,1.39471,1.39457,0.0012,0.00297
07.10.2025 17:49:04.025 UTC,1.39471,1.3946,0.0012,0.00135
07.10.2025 17:49:10.731 UTC,1.39473,1.3946,0.00135,0.0018
07.10.2025 17:49:10.833 UTC,1.39473,1.3946,0.00135,0.00135
07.10.2025 17:49:11.338 UTC,1.39472,1.39461,0.00135,0.0018
07.10.2025 17:49:13.353 UTC,1.39472,1.3946,0.00135,0.00249
07.10.2025 17:49:13.608 UTC,1.39473,1.39459,0.00135,0.00294
07.10.2025 17:49:13.862 UTC,1.39471,1.39459,0.0012,0.0018
07.10.2025 17:49:14.168 UTC,1.39471,1.39458,0.00135,0.00192
07.10.2025 17:49:14.521 UTC,1.39471,1.39459,0.0012,0.0018
07.10.2025 17:49:20.594 UTC,1.39471,1.39458,0.00135,0.00144
07.10.2025 17:49:20.847 UTC,1.39471,1.39458,0.00135,0.00192
07.10.2025 17:49:21.050 UTC,1.39471,1.39458,0.00135,0.00144
07.10.2025 17:49:22.457 UTC,1.39471,1.39457,0.00135,0.00297
07.10.2025 17:49:23.869 UTC,1.39469,1.39459,0.0012,0.00249
07.10.2025 17:49:25.074 UTC,1.3947,1.39458,0.0012,0.00294
07.10.2025 17:49:25.430 UTC,1.39469,1.3946,0.0012,0.00144
07.10.2025 17:49:26.337 UTC,1.3947,1.39458,0.0012,0.00297
07.10.2025 17:49:26.590 UTC,1.39472,1.39459,0.0018,0.00192
07.10.2025 17:49:26.642 UTC,1.39473,1.39462,0.00135,0.0018
07.10.2025 17:49:26.695 UTC,1.39478,1.39469,0.0027,0.0012
07.10.2025 17:49:26.798 UTC,1.39479,1.3947,0.0027,0.0012
07.10.2025 17:49:26.849 UTC,1.39479,1.39468,0.0027,0.0012
07.10.2025 17:49:26.951 UTC,1.39479,1.3947,0.0012,0.0012
07.10.2025 17:49:27.710 UTC,1.3948,1.39471,0.0018,0.0012
07.10.2025 17:49:27.813 UTC,1.39481,1.39469,0.0018,0.0012
07.10.2025 17:49:27.915 UTC,1.39481,1.39469,0.0012,0.0012
07.10.2025 17:49:29.624 UTC,1.39481,1.39469,0.0012,0.00195
07.10.2025 17:49:29.727 UTC,1.39481,1.39469,0.0012,0.00135
07.10.2025 17:49:29.979 UTC,1.39481,1.39469,0.0012,0.0018
07.10.2025 17:49:31.693 UTC,1.3948,1.39466,0.00192,0.00195
07.10.2025 17:49:31.947 UTC,1.39479,1.39466,0.00144,0.00195
07.10.2025 17:49:32.049 UTC,1.39478,1.39467,0.00144,0.00195
07.10.2025 17:49:32.151 UTC,1.39479,1.39466,0.00144,0.00195
07.10.2025 17:49:32.455 UTC,1.39479,1.39466,0.00144,0.00135
07.10.2025 17:49:33.012 UTC,1.39478,1.39468,0.00144,0.0012
07.10.2025 17:49:33.114 UTC,1.39478,1.39467,0.00144,0.00135
07.10.2025 17:49:33.216 UTC,1.39477,1.39467,0.0012,0.00135
07.10.2025 17:49:33.419 UTC,1.39477,1.39467,0.0012,0.0018
07.10.2025 17:49:36.186 UTC,1.39477,1.39465,0.0012,0.00285
07.10.2025 17:49:36.288 UTC,1.39477,1.39465,0.0012,0.0024
07.10.2025 17:49:37.095 UTC,1.39477,1.39466,0.0012,0.0018
07.10.2025 17:49:39.561 UTC,1.39477,1.39466,0.0012,0.00225
07.10.2025 17:49:39.814 UTC,1.39477,1.39466,0.0012,0.0024
07.10.2025 17:49:40.068 UTC,1.39476,1.39467,0.0012,0.00285
07.10.2025 17:49:40.170 UTC,1.39477,1.39466,0.0012,0.0024
07.10.2025 17:49:41.358 UTC,1.39477,1.39466,0.0012,0.00285
07.10.2025 17:49:41.760 UTC,1.39476,1.39467,0.0012,0.0024
07.10.2025 17:49:43.168 UTC,1.39477,1.39466,0.0012,0.00285
07.10.2025 17:49:43.270 UTC,1.39477,1.39466,0.0012,0.0024
07.10.2025 17:49:44.730 UTC,1.39478,1.39468,0.00135,0.00195
07.10.2025 17:49:45.086 UTC,1.39479,1.39467,0.00135,0.00225
07.10.2025 17:49:45.337 UTC,1.39478,1.39468,0.00135,0.0024
07.10.2025 17:49:47.100 UTC,1.3948,1.39468,0.00192,0.0018
07.10.2025 17:49:47.907 UTC,1.3948,1.39468,0.00192,0.00135
07.10.2025 17:49:48.311 UTC,1.3948,1.39468,0.00192,0.0024
07.10.2025 17:49:49.564 UTC,1.3948,1.39468,0.00192,0.00225
07.10.2025 17:49:49.716 UTC,1.39479,1.3947,0.00132,0.0012
07.10.2025 17:49:49.821 UTC,1.3948,1.39468,0.00147,0.00225
07.10.2025 17:49:49.925 UTC,1.3948,1.3947,0.00144,0.0012
07.10.2025 17:49:50.990 UTC,1.3948,1.39468,0.0012,0.0024
07.10.2025 17:49:53.890 UTC,1.39479,1.39469,0.00132,0.00135
07.10.2025 17:49:54.295 UTC,1.39479,1.39469,0.00132,0.0018
07.10.2025 17:49:54.498 UTC,1.3948,1.39468,0.00132,0.00135
07.10.2025 17:49:54.650 UTC,1.39479,1.39469,0.00132,0.0018
07.10.2025 17:49:55.157 UTC,1.3948,1.39468,0.00132,0.00135
07.10.2025 17:49:55.409 UTC,1.3948,1.39468,0.00132,0.0018
07.10.2025 17:49:56.367 UTC,1.3948,1.39468,0.00132,0.00135
07.10.2025 17:49:58.989 UTC,1.3948,1.39468,0.00144,0.0024
07.10.2025 17:50:01.467 UTC,1.39479,1.39471,0.0012,0.0012
07.10.2025 17:50:01.571 UTC,1.39481,1.3947,0.00132,0.0018
07.10.2025 17:50:01.674 UTC,1.39481,1.3947,0.00144,0.00135
07.10.2025 17:50:01.977 UTC,1.39481,1.3947,0.00144,0.0018
07.10.2025 17:50:02.079 UTC,1.39481,1.3947,0.00132,0.00135
07.10.2025 17:50:02.383 UTC,1.39481,1.3947,0.00132,0.0018
07.10.2025 17:50:02.487 UTC,1.39481,1.39471,0.00144,0.00135
07.10.2025 17:50:02.814 UTC,1.39481,1.39471,0.00144,0.0018
07.10.2025 17:50:03.066 UTC,1.39482,1.3947,0.00144,0.00135
07.10.2025 17:50:03.368 UTC,1.39482,1.3947,0.00144,0.0018
07.10.2025 17:50:11.408 UTC,1.39482,1.3947,0.00147,0.0024
07.10.2025 17:50:11.511 UTC,1.39479,1.39471,0.0012,0.00225
07.10.2025 17:50:16.508 UTC,1.3948,1.3947,0.0012,0.0018
07.10.2025 17:50:17.365 UTC,1.3948,1.3947,0.0012,0.0012
07.10.2025 17:50:20.335 UTC,1.3948,1.39469,0.0012,0.00135
07.10.2025 17:50:22.247 UTC,1.39479,1.39471,0.0012,0.0012
07.10.2025 17:50:22.705 UTC,1.39482,1.3947,0.00144,0.0024
07.10.2025 17:50:24.269 UTC,1.39482,1.39471,0.0012,0.0012
07.10.2025 17:50:24.571 UTC,1.39482,1.3947,0.0012,0.0024
07.10.2025 17:50:24.999 UTC,1.39482,1.3947,0.0012,0.00195
07.10.2025 17:50:25.456 UTC,1.39482,1.3947,0.0012,0.0018
07.10.2025 17:50:25.559 UTC,1.39482,1.3947,0.0012,0.00135
07.10.2025 17:50:26.621 UTC,1.39482,1.39473,0.0012,0.0012
07.10.2025 17:50:26.673 UTC,1.39484,1.39472,0.0012,0.00135
07.10.2025 17:50:26.725 UTC,1.39484,1.39473,0.00132,0.00195
07.10.2025 17:50:26.828 UTC,1.39483,1.39472,0.0012,0.0018
07.10.2025 17:50:27.489 UTC,1.39484,1.39472,0.00135,0.00285
07.10.2025 17:50:27.744 UTC,1.39483,1.39471,0.0012,0.0024
07.10.2025 17:50:27.998 UTC,1.39482,1.39472,0.0012,0.0033
07.10.2025 17:50:29.309 UTC,1.39483,1.39472,0.0012,0.00195
07.10.2025 17:50:31.079 UTC,1.39483,1.39472,0.0012,0.00285
07.10.2025 17:50:31.331 UTC,1.39483,1.39472,0.0012,0.0033
07.10.2025 17:50:31.584 UTC,1.39483,1.39473,0.0012,0.0012
07.10.2025 17:50:31.636 UTC,1.39485,1.39473,0.00144,0.00195
07.10.2025 17:50:31.788 UTC,1.39485,1.39473,0.00144,0.00225
07.10.2025 17:50:32.190 UTC,1.39485,1.39473,0.00144,0.0024
07.10.2025 17:50:32.947 UTC,1.39485,1.39472,0.00234,0.00135
07.10.2025 17:50:32.998 UTC,1.39484,1.39473,0.00234,0.00195
07.10.2025 17:50:33.100 UTC,1.39485,1.39472,0.00144,0.00135
07.10.2025 17:50:33.251 UTC,1.39484,1.39473,0.00144,0.00195
07.10.2025 17:50:33.453 UTC,1.39485,1.39472,0.00144,0.00135
07.10.2025 17:50:33.504 UTC,1.39485,1.39472,0.00144,0.00195
07.10.2025 17:50:33.657 UTC,1.39485,1.39472,0.00144,0.0018
07.10.2025 17:50:33.759 UTC,1.39485,1.39471,0.00237,0.0024
07.10.2025 17:50:34.164 UTC,1.39483,1.39471,0.0012,0.0024
07.10.2025 17:50:34.569 UTC,1.39482,1.3947,0.00132,0.00195
07.10.2025 17:50:34.672 UTC,1.39481,1.39471,0.00132,0.00135
07.10.2025 17:50:36.233 UTC,1.39482,1.3947,0.00132,0.0018
07.10.2025 17:50:37.797 UTC,1.39481,1.39472,0.0012,0.00195
07.10.2025 17:50:38.303 UTC,1.39482,1.39471,0.0012,0.0018
07.10.2025 17:50:39.459 UTC,1.39482,1.39471,0.0012,0.00135
07.10.2025 17:50:39.813 UTC,1.39482,1.39471,0.0012,0.0018
07.10.2025 17:50:40.771 UTC,1.39482,1.3947,0.00132,0.0024
07.10.2025 17:50:42.897 UTC,1.39482,1.39471,0.0012,0.0018
07.10.2025 17:50:45.132 UTC,1.39482,1.39471,0.0012,0.00195
07.10.2025 17:50:45.235 UTC,1.39482,1.39475,0.0012,0.00135
07.10.2025 17:50:45.337 UTC,1.39484,1.39472,0.00132,0.00195
07.10.2025 17:50:45.440 UTC,1.39483,1.39473,0.00132,0.0018
07.10.2025 17:50:47.960 UTC,1.39484,1.39472,0.0012,0.0012
07.10.2025 17:50:48.163 UTC,1.39484,1.39471,0.0012,0.0033
07.10.2025 17:50:50.081 UTC,1.39483,1.39472,0.00132,0.0033
07.10.2025 17:50:50.434 UTC,1.39484,1.39471,0.00132,0.0033
07.10.2025 17:50:50.538 UTC,1.39487,1.39477,0.0018,0.0012
07.10.2025 17:50:50.590 UTC,1.39488,1.39477,0.0012,0.0012
07.10.2025 17:50:50.795 UTC,1.39488,1.39476,0.0012,0.00315
07.10.2025 17:50:51.101 UTC,1.39487,1.39478,0.0012,0.00135
07.10.2025 17:50:51.203 UTC,1.39488,1.39477,0.0012,0.0018
07.10.2025 17:50:51.507 UTC,1.39488,1.39477,0.0012,0.00135
07.10.2025 17:50:52.411 UTC,1.39488,1.39477,0.0012,0.0018
07.10.2025 17:50:52.463 UTC,1.39487,1.39474,0.00132,0.00195
07.10.2025 17:50:56.758 UTC,1.39486,1.39477,0.0012,0.0024
07.10.2025 17:50:56.960 UTC,1.39487,1.39476,0.0012,0.0024
07.10.2025 17:50:57.869 UTC,1.39487,1.39475,0.00132,0.0018
07.10.2025 17:50:59.485 UTC,1.39486,1.39477,0.00132,0.0018
07.10.2025 17:50:59.738 UTC,1.39486,1.39477,0.00132,0.00135
07.10.2025 17:51:02.258 UTC,1.39486,1.39476,0.00132,0.00135
07.10.2025 17:51:02.411 UTC,1.39485,1.39472,0.00132,0.00375
07.10.2025 17:51:02.514 UTC,1.39482,1.39472,0.0012,0.0018
07.10.2025 17:51:03.174 UTC,1.39483,1.39472,0.00132,0.0012
07.10.2025 17:51:04.285 UTC,1.39483,1.39472,0.0012,0.00195
07.10.2025 17:51:04.994 UTC,1.39481,1.39472,0.0012,0.00195
07.10.2025 17:51:05.249 UTC,1.39482,1.39471,0.0012,0.0018
07.10.2025 17:51:06.780 UTC,1.39482,1.39472,0.0012,0.0012
07.10.2025 17:51:06.982 UTC,1.39482,1.39471,0.0012,0.00225
07.10.2025 17:51:07.337 UTC,1.3948,1.39471,0.0012,0.0024
07.10.2025 17:51:07.440 UTC,1.3948,1.39471,0.0012,0.00225
07.10.2025 17:51:07.542 UTC,1.39481,1.39471,0.0012,0.0012
07.10.2025 17:51:10.174 UTC,1.39481,1.39472,0.0012,0.00135
07.10.2025 17:51:10.227 UTC,1.39484,1.39473,0.00144,0.00225
07.10.2025 17:51:10.279 UTC,1.39486,1.39477,0.00135,0.0012
07.10.2025 17:51:10.384 UTC,1.39488,1.39478,0.0018,0.0012
07.10.2025 17:51:10.436 UTC,1.39487,1.39476,0.0012,0.00135
07.10.2025 17:51:10.539 UTC,1.39486,1.39475,0.0012,0.0024
07.10.2025 17:51:10.641 UTC,1.39486,1.39474,0.0012,0.0024
07.10.2025 17:51:10.744 UTC,1.39485,1.39475,0.00132,0.00225
07.10.2025 17:51:11.050 UTC,1.39483,1.39475,0.0012,0.0012
07.10.2025 17:51:11.153 UTC,1.39483,1.39474,0.0012,0.0012
07.10.2025 17:51:11.508 UTC,1.39484,1.39472,0.00144,0.0018
07.10.2025 17:51:11.662 UTC,1.39482,1.39471,0.0012,0.0012
07.10.2025 17:51:15.255 UTC,1.39481,1.39471,0.0012,0.0012
07.10.2025 17:51:16.265 UTC,1.39481,1.3947,0.0012,0.0018
07.10.2025 17:51:16.417 UTC,1.39481,1.39471,0.0012,0.0012
07.10.2025 17:51:22.073 UTC,1.39481,1.39471,0.0012,0.0018
07.10.2025 17:51:22.176 UTC,1.39482,1.39475,0.0012,0.0027
07.10.2025 17:51:22.228 UTC,1.39487,1.39476,0.0012,0.0012
07.10.2025 17:51:22.382 UTC,1.39487,1.39477,0.0012,0.0012
07.10.2025 17:51:22.637 UTC,1.39487,1.39475,0.0012,0.0018
07.10.2025 17:51:25.556 UTC,1.39486,1.39478,0.0012,0.0012
07.10.2025 17:51:25.659 UTC,1.39488,1.39476,0.0012,0.00195
07.10.2025 17:51:25.812 UTC,1.39487,1.39476,0.0012,0.00135
07.10.2025 17:51:26.066 UTC,1.39487,1.39476,0.0012,0.0018
07.10.2025 17:51:27.706 UTC,1.39487,1.39479,0.0012,0.0018
07.10.2025 17:51:27.808 UTC,1.39489,1.39478,0.0012,0.0018
07.10.2025 17:51:29.115 UTC,1.39489,1.39478,0.0012,0.00135
07.10.2025 17:51:29.217 UTC,1.39489,1.39478,0.0012,0.0018
07.10.2025 17:51:29.520 UTC,1.39489,1.39478,0.0012,0.00135
07.10.2025 17:51:31.731 UTC,1.39489,1.39478,0.0012,0.0018
07.10.2025 17:51:33.288 UTC,1.39489,1.39478,0.0012,0.00135
07.10.2025 17:51:33.389 UTC,1.39489,1.39478,0.0012,0.0018
07.10.2025 17:51:36.161 UTC,1.39488,1.39479,0.0012,0.00135
07.10.2025 17:51:36.264 UTC,1.39488,1.39478,0.00132,0.0012
07.10.2025 17:51:36.417 UTC,1.39487,1.39478,0.0012,0.0018
07.10.2025 17:51:36.672 UTC,1.39488,1.39475,0.00132,0.00225
07.10.2025 17:51:36.775 UTC,1.39487,1.39476,0.00132,0.0012
07.10.2025 17:51:36.928 UTC,1.39488,1.39476,0.00132,0.0012
07.10.2025 17:51:37.131 UTC,1.39487,1.39477,0.00132,0.0012
07.10.2025 17:51:38.843 UTC,1.39488,1.39476,0.00132,0.0012
07.10.2025 17:51:38.946 UTC,1.39488,1.39475,0.00132,0.0012
07.10.2025 17:51:39.099 UTC,1.39486,1.39475,0.0012,0.0012
07.10.2025 17:51:39.202 UTC,1.39484,1.39472,0.0012,0.0018
07.10.2025 17:51:39.305 UTC,1.39482,1.39471,0.0012,0.0012
07.10.2025 17:51:39.814 UTC,1.39481,1.39471,0.0012,0.0012
07.10.2025 17:51:41.280 UTC,1.39482,1.3947,0.0012,0.0018
07.10.2025 17:51:41.736 UTC,1.39482,1.3947,0.0012,0.00285
07.10.2025 17:51:43.199 UTC,1.39482,1.3947,0.0012,0.0024
07.10.2025 17:51:43.702 UTC,1.39482,1.3947,0.0012,0.00195
07.10.2025 17:51:44.004 UTC,1.39482,1.3947,0.0012,0.0018
07.10.2025 17:51:45.977 UTC,1.39482,1.3947,0.0012,0.00285
07.10.2025 17:51:46.882 UTC,1.39482,1.3947,0.0012,0.0018
07.10.2025 17:51:47.185 UTC,1.39481,1.3947,0.0012,0.0012
07.10.2025 17:51:47.288 UTC,1.39478,1.39466,0.00132,0.0012
07.10.2025 17:51:47.437 UTC,1.39477,1.39466,0.00144,0.00135
07.10.2025 17:51:47.539 UTC,1.39478,1.39466,0.00132,0.0012
07.10.2025 17:51:48.349 UTC,1.39478,1.39465,0.00132,0.0012
07.10.2025 17:51:49.462 UTC,1.39477,1.39464,0.00132,0.0012
07.10.2025 17:51:52.336 UTC,1.39476,1.39465,0.00132,0.00195
07.10.2025 17:51:52.993 UTC,1.39476,1.39465,0.00132,0.0018
07.10.2025 17:51:53.195 UTC,1.39476,1.39465,0.00132,0.00195
07.10.2025 17:51:55.211 UTC,1.39477,1.39466,0.00132,0.00135
07.10.2025 17:51:58.377 UTC,1.39477,1.39464,0.00132,0.0018
07.10.2025 17:51:58.580 UTC,1.39477,1.39464,0.00132,0.00285
07.10.2025 17:51:59.282 UTC,1.39476,1.39465,0.00132,0.0024
07.10.2025 17:52:00.390 UTC,1.39477,1.39466,0.00132,0.0012
07.10.2025 17:52:00.694 UTC,1.39477,1.39465,0.00132,0.00135
07.10.2025 17:52:02.509 UTC,1.39477,1.39464,0.00132,0.00285
07.10.2025 17:52:02.711 UTC,1.39475,1.39464,0.00132,0.0018
07.10.2025 17:52:02.814 UTC,1.39474,1.39461,0.00132,0.00195
07.10.2025 17:52:03.018 UTC,1.39474,1.39461,0.00144,0.00135
07.10.2025 17:52:04.430 UTC,1.39474,1.39462,0.00144,0.0012
07.10.2025 17:52:04.534 UTC,1.39475,1.39462,0.00135,0.0024
07.10.2025 17:52:05.596 UTC,1.39475,1.39462,0.00135,0.00135
07.10.2025 17:52:06.502 UTC,1.39475,1.39462,0.00135,0.00147
07.10.2025 17:52:06.807 UTC,1.39474,1.39463,0.00135,0.00132
07.10.2025 17:52:06.959 UTC,1.39475,1.39461,0.00135,0.00432
07.10.2025 17:52:07.112 UTC,1.39475,1.39461,0.0018,0.00432
07.10.2025 17:52:07.264 UTC,1.39474,1.39462,0.0018,0.00432
07.10.2025 17:52:07.517 UTC,1.39475,1.39461,0.0018,0.00387
07.10.2025 17:52:08.621 UTC,1.39474,1.39462,0.0018,0.00432
07.10.2025 17:52:08.722 UTC,1.39475,1.39461,0.00135,0.00387
07.10.2025 17:52:08.998 UTC,1.39473,1.39462,0.00135,0.00207
07.10.2025 17:52:09.100 UTC,1.39474,1.39461,0.00135,0.00192
07.10.2025 17:52:10.360 UTC,1.39473,1.39462,0.00135,0.00207
07.10.2025 17:52:10.512 UTC,1.39473,1.39462,0.00135,0.00192
07.10.2025 17:52:11.822 UTC,1.39473,1.39461,0.00135,0.00339
07.10.2025 17:52:12.075 UTC,1.39474,1.39461,0.00135,0.0018
07.10.2025 17:52:13.637 UTC,1.39473,1.39461,0.0012,0.00144
07.10.2025 17:52:14.145 UTC,1.39473,1.39461,0.0012,0.00192
07.10.2025 17:52:14.648 UTC,1.39473,1.39461,0.0012,0.00144
07.10.2025 17:52:16.410 UTC,1.39473,1.39461,0.0012,0.00192
07.10.2025 17:52:22.590 UTC,1.39473,1.39461,0.0012,0.00135
07.10.2025 17:52:23.044 UTC,1.39472,1.39462,0.0012,0.0018
07.10.2025 17:52:23.399 UTC,1.39473,1.39461,0.0012,0.00135
07.10.2025 17:52:27.877 UTC,1.39473,1.39461,0.0012,0.0018
07.10.2025 17:52:28.129 UTC,1.39473,1.39461,0.0012,0.00135
07.10.2025 17:52:29.287 UTC,1.39472,1.39462,0.0012,0.0018
07.10.2025 17:52:30.292 UTC,1.39475,1.3947,0.0012,0.0012
07.10.2025 17:52:30.344 UTC,1.39478,1.3947,0.0012,0.0012
07.10.2025 17:52:30.447 UTC,1.39479,1.39471,0.0018,0.0012
07.10.2025 17:52:30.600 UTC,1.3948,1.39471,0.00135,0.0012
07.10.2025 17:52:32.041 UTC,1.3948,1.39471,0.0012,0.0018
07.10.2025 17:52:32.596 UTC,1.39482,1.39471,0.0012,0.00135
07.10.2025 17:52:37.376 UTC,1.39481,1.39471,0.0012,0.00135
07.10.2025 17:52:37.478 UTC,1.39482,1.3947,0.0012,0.0018
07.10.2025 17:52:37.884 UTC,1.39481,1.39471,0.0012,0.00135
07.10.2025 17:52:37.986 UTC,1.39482,1.3947,0.0012,0.0018
07.10.2025 17:52:38.089 UTC,1.39482,1.3947,0.0012,0.00195
07.10.2025 17:52:38.190 UTC,1.39482,1.3947,0.0012,0.0018
07.10.2025 17:52:45.205 UTC,1.39482,1.3947,0.0012,0.00135
07.10.2025 17:52:45.560 UTC,1.39482,1.3947,0.0012,0.0018
07.10.2025 17:52:51.639 UTC,1.39482,1.3947,0.0012,0.0012
07.10.2025 17:52:52.499 UTC,1.39481,1.39471,0.0012,0.0018
07.10.2025 17:52:53.053 UTC,1.39489,1.39475,0.0018,0.0012
07.10.2025 17:52:53.105 UTC,1.39486,1.39473,0.0018,0.00234
07.10.2025 17:52:53.157 UTC,1.39488,1.39474,0.0018,0.00192
07.10.2025 17:52:53.260 UTC,1.3949,1.39476,0.0018,0.00327
07.10.2025 17:52:53.312 UTC,1.3949,1.39476,0.00135,0.00282
07.10.2025 17:52:54.930 UTC,1.3949,1.39476,0.0012,0.00252
07.10.2025 17:52:54.982 UTC,1.39489,1.39477,0.0012,0.00234
07.10.2025 17:52:55.084 UTC,1.39489,1.39477,0.0012,0.00192
07.10.2025 17:52:57.431 UTC,1.39489,1.39477,0.0012,0.00327
07.10.2025 17:52:59.494 UTC,1.3949,1.39477,0.0012,0.00195
07.10.2025 17:52:59.697 UTC,1.3949,1.39477,0.0012,0.0018
07.10.2025 17:53:00.352 UTC,1.3949,1.39477,0.0012,0.00285
07.10.2025 17:53:01.157 UTC,1.3949,1.39477,0.0012,0.0024
07.10.2025 17:53:01.409 UTC,1.39489,1.39478,0.0012,0.00285
07.10.2025 17:53:01.511 UTC,1.3949,1.39477,0.0012,0.0024
07.10.2025 17:53:03.120 UTC,1.3949,1.39478,0.0012,0.00195
07.10.2025 17:53:03.222 UTC,1.39489,1.39479,0.0012,0.0018
07.10.2025 17:53:03.525 UTC,1.39489,1.39479,0.0012,0.00135
07.10.2025 17:53:03.777 UTC,1.3949,1.39478,0.0012,0.0018
07.10.2025 17:53:03.879 UTC,1.3949,1.39478,0.0012,0.00135
07.10.2025 17:53:04.535 UTC,1.39489,1.39478,0.0012,0.00375
07.10.2025 17:53:04.939 UTC,1.3949,1.39477,0.0012,0.0033
07.10.2025 17:53:08.698 UTC,1.39486,1.39475,0.0012,0.0018
07.10.2025 17:53:08.801 UTC,1.39486,1.39473,0.0018,0.0012
07.10.2025 17:53:10.117 UTC,1.39485,1.39472,0.0012,0.0012
07.10.2025 17:53:11.177 UTC,1.39484,1.39471,0.0012,0.00135
07.10.2025 17:53:13.343 UTC,1.39484,1.39471,0.00135,0.0018
07.10.2025 17:53:13.446 UTC,1.39483,1.39472,0.00135,0.00135
07.10.2025 17:53:13.548 UTC,1.39483,1.39472,0.00135,0.0018
07.10.2025 17:53:13.800 UTC,1.39484,1.39471,0.00135,0.00195
07.10.2025 17:53:13.852 UTC,1.39484,1.39471,0.00135,0.00135
07.10.2025 17:53:15.111 UTC,1.39484,1.39471,0.0012,0.0018
07.10.2025 17:53:15.365 UTC,1.39483,1.39472,0.0012,0.00135
07.10.2025 17:53:16.419 UTC,1.39484,1.39471,0.0012,0.0018
07.10.2025 17:53:16.875 UTC,1.39484,1.39471,0.0012,0.00195
07.10.2025 17:53:17.080 UTC,1.39484,1.39471,0.0012,0.0018
07.10.2025 17:53:17.382 UTC,1.39484,1.39471,0.0012,0.00135
07.10.2025 17:53:18.289 UTC,1.39484,1.39471,0.0012,0.0018
07.10.2025 17:53:21.647 UTC,1.39484,1.39471,0.0012,0.00195
07.10.2025 17:53:21.801 UTC,1.39484,1.39471,0.0012,0.0018
07.10.2025 17:53:27.226 UTC,1.39484,1.39471,0.0012,0.00195
07.10.2025 17:53:28.080 UTC,1.39484,1.39471,0.0012,0.0018
07.10.2025 17:53:33.222 UTC,1.39484,1.39471,0.0012,0.00135
07.10.2025 17:53:33.979 UTC,1.39483,1.39472,0.0012,0.0018
07.10.2025 17:53:35.089 UTC,1.39483,1.39472,0.0012,0.00135
07.10.2025 17:53:35.697 UTC,1.39484,1.39471,0.0012,0.0018
07.10.2025 17:53:38.965 UTC,1.39483,1.39472,0.0012,0.00135
07.10.2025 17:53:39.169 UTC,1.39483,1.39472,0.0012,0.0018
07.10.2025 17:53:49.061 UTC,1.39484,1.39471,0.0012,0.00135
07.10.2025 17:53:49.165 UTC,1.39483,1.3947,0.0012,0.00135
07.10.2025 17:53:49.267 UTC,1.39483,1.3947,0.0012,0.0018
07.10.2025 17:53:49.470 UTC,1.39483,1.3947,0.0012,0.00135
07.10.2025 17:53:49.572 UTC,1.39482,1.39471,0.0012,0.0018
07.10.2025 17:53:50.124 UTC,1.39483,1.3947,0.0012,0.00135
07.10.2025 17:53:50.227 UTC,1.39482,1.39471,0.0012,0.0018
07.10.2025 17:53:50.329 UTC,1.39483,1.3947,0.0012,0.00135
07.10.2025 17:53:50.480 UTC,1.39483,1.3947,0.0012,0.0018
07.10.2025 17:53:52.237 UTC,1.39483,1.3947,0.0012,0.00135
07.10.2025 17:53:52.491 UTC,1.39483,1.3947,0.0012,0.0024
07.10.2025 17:53:52.944 UTC,1.39483,1.3947,0.0012,0.00225
07.10.2025 17:53:56.663 UTC,1.39483,1.3947,0.0012,0.0024
07.10.2025 17:54:00.200 UTC,1.39483,1.3947,0.0012,0.00225
07.10.2025 17:54:00.453 UTC,1.39483,1.3947,0.0012,0.0024
07.10.2025 17:54:01.208 UTC,1.39483,1.3947,0.0012,0.00225
07.10.2025 17:54:02.267 UTC,1.39482,1.39471,0.0012,0.0024
07.10.2025 17:54:03.476 UTC,1.39482,1.39471,0.0012,0.00285
07.10.2025 17:54:03.981 UTC,1.39483,1.39472,0.0012,0.00135
07.10.2025 17:54:09.511 UTC,1.39483,1.39472,0.0012,0.00192
07.10.2025 17:54:10.367 UTC,1.39484,1.39471,0.0012,0.00144
07.10.2025 17:54:11.429 UTC,1.39483,1.39472,0.0012,0.00249
07.10.2025 17:54:11.983 UTC,1.39483,1.39472,0.0012,0.00234
07.10.2025 17:54:12.290 UTC,1.39485,1.39474,0.0012,0.00384
07.10.2025 17:54:12.341 UTC,1.39489,1.39477,0.0024,0.00132
07.10.2025 17:54:12.393 UTC,1.39484,1.39476,0.0012,0.0012
07.10.2025 17:54:12.547 UTC,1.39484,1.39471,0.0012,0.00369
07.10.2025 17:54:27.407 UTC,1.39484,1.39471,0.0012,0.0024
07.10.2025 17:54:30.778 UTC,1.39483,1.39472,0.0012,0.00144
07.10.2025 17:54:31.381 UTC,1.39484,1.39471,0.0012,0.00192
07.10.2025 17:54:31.484 UTC,1.39486,1.39473,0.0012,0.00294
07.10.2025 17:54:31.623 UTC,1.39487,1.39474,0.0012,0.0018
07.10.2025 17:54:32.233 UTC,1.39487,1.39474,0.0012,0.00225
07.10.2025 17:54:32.990 UTC,1.39487,1.39474,0.0012,0.0024
07.10.2025 17:54:33.193 UTC,1.39486,1.39475,0.0012,0.00225
07.10.2025 17:54:34.501 UTC,1.39487,1.39474,0.0012,0.00249
07.10.2025 17:54:35.509 UTC,1.39487,1.39474,0.0012,0.00234
07.10.2025 17:54:36.166 UTC,1.39487,1.39475,0.0012,0.0012
07.10.2025 17:54:42.603 UTC,1.39487,1.39474,0.0012,0.00234
07.10.2025 17:54:43.006 UTC,1.39486,1.39475,0.0012,0.00249
07.10.2025 17:54:43.208 UTC,1.39486,1.39475,0.0012,0.00234
07.10.2025 17:54:44.262 UTC,1.39487,1.39474,0.0012,0.00249
07.10.2025 17:54:46.143 UTC,1.39489,1.39476,0.0018,0.0018
07.10.2025 17:54:46.247 UTC,1.3949,1.39477,0.0012,0.00225
07.10.2025 17:54:46.350 UTC,1.39488,1.39475,0.0012,0.0018
07.10.2025 17:54:46.402 UTC,1.39484,1.39473,0.0012,0.0012
07.10.2025 17:54:46.504 UTC,1.39484,1.39472,0.0012,0.0012
07.10.2025 17:54:46.810 UTC,1.39484,1.39471,0.0012,0.00315
07.10.2025 17:54:47.621 UTC,1.39485,1.39474,0.00135,0.00135
07.10.2025 17:54:47.724 UTC,1.39488,1.39474,0.0024,0.00135
07.10.2025 17:54:48.384 UTC,1.39485,1.39474,0.0012,0.00195
07.10.2025 17:54:48.537 UTC,1.39485,1.39474,0.0012,0.0018
07.10.2025 17:54:48.690 UTC,1.39486,1.39473,0.0012,0.00195
07.10.2025 17:54:48.793 UTC,1.39486,1.39473,0.0012,0.0018
07.10.2025 17:54:49.497 UTC,1.39486,1.39473,0.0012,0.00195
07.10.2025 17:54:51.465 UTC,1.39486,1.39473,0.0012,0.00135
07.10.2025 17:54:51.567 UTC,1.39486,1.39473,0.0012,0.0018
07.10.2025 17:54:51.669 UTC,1.39486,1.39474,0.0012,0.0018
07.10.2025 17:54:51.772 UTC,1.39486,1.39474,0.0012,0.00135
07.10.2025 17:54:51.874 UTC,1.39486,1.39475,0.0012,0.00135
07.10.2025 17:54:55.301 UTC,1.39486,1.39474,0.0012,0.00135
07.10.2025 17:54:57.232 UTC,1.39486,1.39474,0.0012,0.0018
07.10.2025 17:55:00.301 UTC,1.39486,1.39475,0.0012,0.0024
07.10.2025 17:55:01.161 UTC,1.39487,1.39474,0.0012,0.00225
07.10.2025 17:55:01.414 UTC,1.39486,1.39475,0.0012,0.0024
07.10.2025 17:55:02.724 UTC,1.39487,1.39474,0.0012,0.0024
07.10.2025 17:55:02.776 UTC,1.39488,1.39478,0.0012,0.00144
07.10.2025 17:55:02.879 UTC,1.39489,1.39479,0.0012,0.0018
07.10.2025 17:55:07.407 UTC,1.3949,1.39478,0.0012,0.00135
07.10.2025 17:55:07.509 UTC,1.3949,1.39478,0.0012,0.0018
07.10.2025 17:55:07.863 UTC,1.3949,1.39478,0.0012,0.00135
07.10.2025 17:55:07.965 UTC,1.39489,1.39479,0.0012,0.0018
07.10.2025 17:55:08.319 UTC,1.39489,1.39479,0.0012,0.00135
07.10.2025 17:55:08.572 UTC,1.3949,1.39478,0.0012,0.0018
07.10.2025 17:55:09.875 UTC,1.39489,1.39479,0.0012,0.00135
07.10.2025 17:55:11.433 UTC,1.39489,1.39476,0.0018,0.00195
07.10.2025 17:55:11.588 UTC,1.3949,1.39478,0.0012,0.00132
07.10.2025 17:55:13.255 UTC,1.3949,1.3948,0.0012,0.0012
07.10.2025 17:55:13.358 UTC,1.39492,1.39479,0.0012,0.00234
07.10.2025 17:55:22.307 UTC,1.39493,1.3948,0.0012,0.00192
07.10.2025 17:55:27.397 UTC,1.39492,1.39481,0.0012,0.00339
07.10.2025 17:55:29.011 UTC,1.39493,1.3948,0.0012,0.00204
07.10.2025 17:55:29.113 UTC,1.39493,1.3948,0.0012,0.00189
07.10.2025 17:55:29.215 UTC,1.39493,1.3948,0.0012,0.00204
07.10.2025 17:55:30.072 UTC,1.39493,1.3948,0.0012,0.00189
07.10.2025 17:55:30.428 UTC,1.39493,1.3948,0.0012,0.00204
07.10.2025 17:55:34.181 UTC,1.39493,1.3948,0.0012,0.00384
07.10.2025 17:55:35.735 UTC,1.39493,1.3948,0.0012,0.00294
07.10.2025 17:55:39.149 UTC,1.39492,1.39481,0.0012,0.00384
07.10.2025 17:55:39.403 UTC,1.39493,1.39481,0.0012,0.0012
07.10.2025 17:55:39.506 UTC,1.39495,1.39481,0.0012,0.00195
07.10.2025 17:55:39.761 UTC,1.39494,1.39482,0.0012,0.0018
07.10.2025 17:55:39.863 UTC,1.39494,1.39481,0.0012,0.0012
07.10.2025 17:55:40.167 UTC,1.39494,1.39481,0.0012,0.00195
07.10.2025 17:55:40.420 UTC,1.39494,1.39481,0.0012,0.0024
07.10.2025 17:55:40.973 UTC,1.39494,1.39481,0.0012,0.00195
07.10.2025 17:55:43.484 UTC,1.39494,1.39481,0.0012,0.0018
07.10.2025 17:55:43.587 UTC,1.39493,1.39481,0.0012,0.00375
07.10.2025 17:55:43.689 UTC,1.39494,1.39481,0.0012,0.0018
07.10.2025 17:55:43.791 UTC,1.39494,1.3948,0.0012,0.00375
07.10.2025 17:55:45.315 UTC,1.39493,1.39482,0.0012,0.0012
07.10.2025 17:55:45.518 UTC,1.39494,1.3948,0.0012,0.00375
07.10.2025 17:55:47.631 UTC,1.39493,1.39482,0.0012,0.0012
07.10.2025 17:55:47.834 UTC,1.39493,1.39481,0.0012,0.00375
07.10.2025 17:55:49.145 UTC,1.39494,1.39481,0.0012,0.0012
07.10.2025 17:55:49.247 UTC,1.39494,1.3948,0.0012,0.0051
07.10.2025 17:55:54.473 UTC,1.39493,1.3948,0.0012,0.0024
07.10.2025 17:55:54.575 UTC,1.39492,1.39481,0.0012,0.0018
07.10.2025 17:55:54.627 UTC,1.39493,1.3948,0.0012,0.0024
07.10.2025 17:55:57.951 UTC,1.39493,1.3948,0.0012,0.0012
07.10.2025 17:55:58.559 UTC,1.39492,1.39481,0.0012,0.0018
07.10.2025 17:55:59.165 UTC,1.39492,1.39481,0.0012,0.0012
07.10.2025 17:55:59.368 UTC,1.39493,1.3948,0.0012,0.0012
07.10.2025 17:56:00.373 UTC,1.39492,1.39481,0.0012,0.0018
07.10.2025 17:56:00.727 UTC,1.39493,1.3948,0.0012,0.0012
07.10.2025 17:56:01.532 UTC,1.39492,1.39481,0.0012,0.0018
07.10.2025 17:56:01.884 UTC,1.39493,1.3948,0.0012,0.0012
07.10.2025 17:56:03.692 UTC,1.39493,1.3948,0.0012,0.0018
07.10.2025 17:56:07.258 UTC,1.39492,1.39481,0.0012,0.00204
07.10.2025 17:56:07.361 UTC,1.39492,1.39481,0.0012,0.00189
07.10.2025 17:56:07.614 UTC,1.39493,1.3948,0.0012,0.00204
07.10.2025 17:56:07.767 UTC,1.39493,1.3948,0.0012,0.00189
07.10.2025 17:56:08.272 UTC,1.39492,1.39481,0.0012,0.00384
07.10.2025 17:56:08.328 UTC,1.39494,1.39484,0.0012,0.0018
07.10.2025 17:56:08.432 UTC,1.39494,1.39482,0.0012,0.00144
07.10.2025 17:56:12.181 UTC,1.39494,1.39481,0.0012,0.00249
07.10.2025 17:56:13.890 UTC,1.39494,1.39481,0.0012,0.00294
07.10.2025 17:56:14.800 UTC,1.39494,1.39481,0.0012,0.00192
07.10.2025 17:56:15.203 UTC,1.39493,1.39482,0.0012,0.00132
07.10.2025 17:56:17.062 UTC,1.39494,1.39481,0.0012,0.00192
07.10.2025 17:56:17.164 UTC,1.39497,1.39484,0.0018,0.0033
07.10.2025 17:56:18.025 UTC,1.39497,1.39484,0.0012,0.0018
07.10.2025 17:56:18.128 UTC,1.39496,1.39485,0.0012,0.00195
07.10.2025 17:56:18.941 UTC,1.39498,1.39487,0.0012,0.00144
07.10.2025 17:56:19.044 UTC,1.39499,1.39487,0.0012,0.00144
07.10.2025 17:56:19.146 UTC,1.39498,1.3949,0.0012,0.0012
07.10.2025 17:56:24.608 UTC,1.395,1.39489,0.0012,0.0012
07.10.2025 17:56:24.713 UTC,1.39501,1.39488,0.0012,0.00327
07.10.2025 17:56:27.628 UTC,1.395,1.39488,0.0012,0.0024
07.10.2025 17:56:27.731 UTC,1.39499,1.39489,0.0012,0.0018
07.10.2025 17:56:28.137 UTC,1.39494,1.39482,0.0018,0.0024
07.10.2025 17:56:28.241 UTC,1.39496,1.39484,0.0018,0.00387
07.10.2025 17:56:28.343 UTC,1.39497,1.39484,0.0012,0.00147
07.10.2025 17:56:29.811 UTC,1.39497,1.39484,0.0012,0.00189
07.10.2025 17:56:31.760 UTC,1.39495,1.39481,0.0012,0.00192
07.10.2025 17:56:31.868 UTC,1.39494,1.39482,0.0012,0.00132
07.10.2025 17:56:34.593 UTC,1.39495,1.3948,0.0012,0.00252
07.10.2025 17:56:34.695 UTC,1.39494,1.39482,0.0012,0.00192
07.10.2025 17:56:35.603 UTC,1.39495,1.39484,0.0012,0.00132
07.10.2025 17:56:35.706 UTC,1.39497,1.39484,0.0012,0.00132
07.10.2025 17:56:38.126 UTC,1.39497,1.39484,0.0012,0.00144
07.10.2025 17:56:38.280 UTC,1.39497,1.39484,0.0012,0.00204
07.10.2025 17:56:38.432 UTC,1.39497,1.39484,0.0012,0.00189
07.10.2025 17:56:38.534 UTC,1.39496,1.39485,0.0012,0.00207
07.10.2025 17:56:39.796 UTC,1.39497,1.39484,0.0012,0.00252
07.10.2025 17:56:39.898 UTC,1.39496,1.39485,0.0012,0.00207
07.10.2025 17:56:40.954 UTC,1.39497,1.39484,0.0012,0.00252
07.10.2025 17:56:41.208 UTC,1.39497,1.39484,0.0012,0.00207
07.10.2025 17:56:42.096 UTC,1.39497,1.39484,0.0012,0.00249
07.10.2025 17:56:42.703 UTC,1.39497,1.39484,0.0012,0.00204
07.10.2025 17:56:43.211 UTC,1.39497,1.39484,0.0012,0.00189
07.10.2025 17:56:43.364 UTC,1.39497,1.39484,0.0012,0.00204
07.10.2025 17:56:48.896 UTC,1.39497,1.39484,0.0012,0.00249
07.10.2025 17:56:49.451 UTC,1.39496,1.39485,0.0012,0.00132
07.10.2025 17:56:51.161 UTC,1.39497,1.39484,0.0012,0.00192
07.10.2025 17:56:51.314 UTC,1.39497,1.39484,0.0012,0.00132
07.10.2025 17:56:51.817 UTC,1.39496,1.39485,0.0012,0.00192
07.10.2025 17:56:52.373 UTC,1.39497,1.39484,0.0012,0.00204
07.10.2025 17:56:53.328 UTC,1.39497,1.39484,0.0012,0.00249
07.10.2025 17:56:54.216 UTC,1.39497,1.39484,0.0012,0.00204
07.10.2025 17:56:54.820 UTC,1.39497,1.39484,0.0012,0.00249
07.10.2025 17:56:55.576 UTC,1.39497,1.39484,0.0012,0.00204
07.10.2025 17:56:55.678 UTC,1.39497,1.39484,0.0012,0.00249
07.10.2025 17:56:56.032 UTC,1.39496,1.39486,0.0012,0.00195
07.10.2025 17:56:56.084 UTC,1.39497,1.39484,0.0012,0.00132
07.10.2025 17:56:56.135 UTC,1.39496,1.39486,0.0012,0.00192
07.10.2025 17:56:57.046 UTC,1.39497,1.39484,0.0012,0.00207
07.10.2025 17:56:57.149 UTC,1.39497,1.39484,0.0012,0.00342
07.10.2025 17:56:57.252 UTC,1.39496,1.39485,0.0012,0.00282
07.10.2025 17:56:57.958 UTC,1.39497,1.39484,0.0012,0.00189
07.10.2025 17:56:59.171 UTC,1.39497,1.39484,0.0012,0.00132
07.10.2025 17:56:59.275 UTC,1.39495,1.39484,0.0012,0.00132
07.10.2025 17:56:59.783 UTC,1.39496,1.39483,0.0012,0.00132
07.10.2025 17:57:00.338 UTC,1.39496,1.39484,0.0012,0.00195
07.10.2025 17:57:00.644 UTC,1.39496,1.39484,0.0012,0.0012
07.10.2025 17:57:02.410 UTC,1.39495,1.39483,0.0012,0.0012
07.10.2025 17:57:03.420 UTC,1.39494,1.39485,0.0012,0.0012
07.10.2025 17:57:03.647 UTC,1.39495,1.39484,0.0012,0.0012
07.10.2025 17:57:04.204 UTC,1.39495,1.39483,0.0012,0.0012
07.10.2025 17:57:04.959 UTC,1.39493,1.39483,0.0012,0.00132
07.10.2025 17:57:05.061 UTC,1.39494,1.39482,0.0012,0.0012
07.10.2025 17:57:05.313 UTC,1.39493,1.39483,0.0012,0.0012
07.10.2025 17:57:05.817 UTC,1.39494,1.39482,0.0012,0.00132
07.10.2025 17:57:08.429 UTC,1.39494,1.39482,0.0012,0.0012
07.10.2025 17:57:08.582 UTC,1.39493,1.39481,0.0012,0.00132
07.10.2025 17:57:10.196 UTC,1.39493,1.39481,0.0012,0.00297
07.10.2025 17:57:10.299 UTC,1.39493,1.39481,0.0012,0.00387
07.10.2025 17:57:10.402 UTC,1.39493,1.39482,0.0012,0.00132
07.10.2025 17:57:15.385 UTC,1.39493,1.39481,0.0012,0.00297
07.10.2025 17:57:19.691 UTC,1.39493,1.39481,0.0012,0.00132
07.10.2025 17:57:19.895 UTC,1.39493,1.39481,0.0012,0.00192
07.10.2025 17:57:20.699 UTC,1.39492,1.39482,0.0012,0.00132
07.10.2025 17:57:21.905 UTC,1.39493,1.39481,0.0012,0.00192
07.10.2025 17:57:22.257 UTC,1.39493,1.39481,0.0012,0.00132
07.10.2025 17:57:26.473 UTC,1.39492,1.39482,0.0012,0.00132
07.10.2025 17:57:26.677 UTC,1.39493,1.39481,0.0012,0.0012
07.10.2025 17:57:26.980 UTC,1.39493,1.39481,0.0012,0.0018
07.10.2025 17:57:27.083 UTC,1.39493,1.39481,0.0012,0.00132
07.10.2025 17:57:27.186 UTC,1.39493,1.39481,0.0012,0.00339
07.10.2025 17:57:27.791 UTC,1.39493,1.39483,0.0012,0.0018
07.10.2025 17:57:30.189 UTC,1.39493,1.39482,0.00132,0.00195
07.10.2025 17:57:30.592 UTC,1.39494,1.39482,0.00132,0.0012
07.10.2025 17:57:30.894 UTC,1.39494,1.39481,0.00132,0.0024
07.10.2025 17:57:30.996 UTC,1.39494,1.39481,0.0012,0.00204
07.10.2025 17:57:31.098 UTC,1.39493,1.39482,0.0012,0.00189
07.10.2025 17:57:31.801 UTC,1.39494,1.39481,0.0012,0.00339
07.10.2025 17:57:31.953 UTC,1.39493,1.39482,0.0012,0.00279
07.10.2025 17:57:32.307 UTC,1.39494,1.39481,0.0012,0.00204
07.10.2025 17:57:33.363 UTC,1.39493,1.39482,0.0012,0.00189
07.10.2025 17:57:35.124 UTC,1.39493,1.39482,0.0012,0.00249
07.10.2025 17:57:35.227 UTC,1.39493,1.3948,0.0012,0.00144
07.10.2025 17:57:35.430 UTC,1.39493,1.3948,0.0012,0.00192
07.10.2025 17:57:35.532 UTC,1.39492,1.39479,0.0012,0.00297
07.10.2025 17:57:35.634 UTC,1.39492,1.39479,0.0012,0.00342
07.10.2025 17:57:35.786 UTC,1.39492,1.39479,0.0012,0.00207
07.10.2025 17:57:35.989 UTC,1.39491,1.39479,0.0012,0.0012
07.10.2025 17:57:36.093 UTC,1.39487,1.39475,0.00132,0.0012
07.10.2025 17:57:36.196 UTC,1.39485,1.39474,0.00132,0.0018
07.10.2025 17:57:36.299 UTC,1.39486,1.39473,0.00132,0.0018
07.10.2025 17:57:36.452 UTC,1.39485,1.39474,0.00132,0.0018
07.10.2025 17:57:39.641 UTC,1.39485,1.39474,0.00132,0.0024
07.10.2025 17:57:39.744 UTC,1.39485,1.39475,0.00132,0.0012
07.10.2025 17:57:45.372 UTC,1.39487,1.39475,0.0012,0.0012
07.10.2025 17:57:45.475 UTC,1.39487,1.39477,0.0012,0.0024
07.10.2025 17:57:45.679 UTC,1.39487,1.39477,0.0012,0.00225
07.10.2025 17:57:45.781 UTC,1.39489,1.39477,0.00132,0.0012
07.10.2025 17:57:48.150 UTC,1.39489,1.39478,0.0012,0.00135
07.10.2025 17:57:52.805 UTC,1.39489,1.39478,0.0012,0.0012
07.10.2025 17:57:53.615 UTC,1.39489,1.39477,0.00132,0.00195
07.10.2025 17:57:54.220 UTC,1.39489,1.39477,0.00132,0.0024
07.10.2025 17:57:55.929 UTC,1.39488,1.39478,0.00132,0.0012
07.10.2025 17:58:01.806 UTC,1.3949,1.39478,0.00132,0.0033
07.10.2025 17:58:01.941 UTC,1.39488,1.39478,0.0012,0.00285
07.10.2025 17:58:04.311 UTC,1.39491,1.39478,0.00132,0.0042
07.10.2025 17:58:04.362 UTC,1.39492,1.3948,0.0012,0.00189
07.10.2025 17:58:04.414 UTC,1.39493,1.3948,0.0012,0.0012
07.10.2025 17:58:04.773 UTC,1.39495,1.39482,0.0018,0.0018
07.10.2025 17:58:04.876 UTC,1.39495,1.39485,0.0012,0.0018
07.10.2025 17:58:06.945 UTC,1.39495,1.39481,0.00189,0.0018
07.10.2025 17:58:07.048 UTC,1.39492,1.3948,0.0012,0.00195
07.10.2025 17:58:07.958 UTC,1.39492,1.39481,0.0012,0.0012
07.10.2025 17:58:08.766 UTC,1.39492,1.39481,0.0012,0.0018
07.10.2025 17:58:08.817 UTC,1.39491,1.39482,0.0012,0.0012
07.10.2025 17:58:10.530 UTC,1.39493,1.39481,0.0012,0.0012
07.10.2025 17:58:11.788 UTC,1.39492,1.39481,0.0012,0.0012
07.10.2025 17:58:12.293 UTC,1.39494,1.39481,0.0012,0.00195
07.10.2025 17:58:15.290 UTC,1.39491,1.39482,0.0012,0.0012
07.10.2025 17:58:15.748 UTC,1.39492,1.39481,0.0012,0.0012
07.10.2025 17:58:16.754 UTC,1.39493,1.39481,0.0012,0.0012
07.10.2025 17:58:19.230 UTC,1.39493,1.3948,0.0018,0.0012
07.10.2025 17:58:21.041 UTC,1.39492,1.3948,0.0012,0.0012
07.10.2025 17:58:21.144 UTC,1.3949,1.39479,0.0012,0.0012
07.10.2025 17:58:21.999 UTC,1.39489,1.39479,0.0012,0.00195
07.10.2025 17:58:24.427 UTC,1.39489,1.39479,0.0012,0.0024
07.10.2025 17:58:27.093 UTC,1.39491,1.39478,0.0012,0.00285
07.10.2025 17:58:27.196 UTC,1.39491,1.39479,0.0012,0.0024
07.10.2025 17:58:28.156 UTC,1.3949,1.39478,0.0012,0.00195
07.10.2025 17:58:29.622 UTC,1.39491,1.39479,0.0012,0.0012
07.10.2025 17:58:30.482 UTC,1.3949,1.3948,0.0012,0.00195
07.10.2025 17:58:30.735 UTC,1.39491,1.39479,0.0012,0.0033
07.10.2025 17:58:31.593 UTC,1.39489,1.39478,0.0012,0.00195
07.10.2025 17:58:31.898 UTC,1.39491,1.39477,0.0012,0.0033
07.10.2025 17:58:32.001 UTC,1.3949,1.3948,0.0012,0.0012
07.10.2025 17:58:32.256 UTC,1.3949,1.39481,0.0012,0.0012
07.10.2025 17:58:33.573 UTC,1.39491,1.3948,0.0012,0.0012
07.10.2025 17:58:35.014 UTC,1.3949,1.39481,0.0012,0.0012
07.10.2025 17:58:35.617 UTC,1.39492,1.3948,0.0012,0.0012
07.10.2025 17:58:35.670 UTC,1.39492,1.39481,0.0012,0.0012
07.10.2025 17:58:35.822 UTC,1.39491,1.39481,0.0012,0.0018
07.10.2025 17:58:38.596 UTC,1.39493,1.39482,0.0012,0.0012
07.10.2025 17:58:39.654 UTC,1.39495,1.39486,0.0018,0.0012
07.10.2025 17:58:39.707 UTC,1.39498,1.39485,0.00135,0.00375
07.10.2025 17:58:39.809 UTC,1.39499,1.39486,0.0012,0.00195
07.10.2025 17:58:40.771 UTC,1.39498,1.39488,0.0012,0.0012
07.10.2025 17:58:41.024 UTC,1.39499,1.39487,0.0012,0.0012
07.10.2025 17:58:41.126 UTC,1.39499,1.39488,0.00132,0.0012
07.10.2025 17:58:41.378 UTC,1.395,1.39487,0.00132,0.0012
07.10.2025 17:58:41.682 UTC,1.39499,1.39488,0.00132,0.0012
07.10.2025 17:58:43.884 UTC,1.395,1.39487,0.00132,0.00195
07.10.2025 17:58:44.392 UTC,1.395,1.39488,0.00132,0.0018
07.10.2025 17:58:48.418 UTC,1.39499,1.39488,0.00132,0.0033
07.10.2025 17:58:50.832 UTC,1.395,1.39487,0.00132,0.00285
07.10.2025 17:58:51.938 UTC,1.395,1.39487,0.00132,0.0033
07.10.2025 17:58:52.091 UTC,1.395,1.39487,0.00132,0.0024
07.10.2025 17:58:52.801 UTC,1.395,1.39488,0.00132,0.0012
07.10.2025 17:58:53.103 UTC,1.39501,1.39487,0.00132,0.0033
07.10.2025 17:58:55.559 UTC,1.39501,1.39488,0.00132,0.0012
07.10.2025 17:58:55.662 UTC,1.39501,1.39487,0.00132,0.0042
07.10.2025 17:58:55.863 UTC,1.395,1.39488,0.00132,0.0033
07.10.2025 17:58:55.966 UTC,1.39502,1.39489,0.00192,0.0012
07.10.2025 17:58:56.068 UTC,1.39501,1.39491,0.00132,0.0012
07.10.2025 17:58:57.383 UTC,1.39502,1.3949,0.0012,0.0018
07.10.2025 17:58:57.434 UTC,1.39502,1.3949,0.00132,0.0012
07.10.2025 17:59:02.273 UTC,1.39503,1.3949,0.00192,0.0012
07.10.2025 17:59:02.528 UTC,1.39502,1.39491,0.00192,0.0018
07.10.2025 17:59:03.031 UTC,1.39503,1.3949,0.00192,0.0012
07.10.2025 17:59:04.123 UTC,1.39501,1.39489,0.00132,0.0018
07.10.2025 17:59:04.229 UTC,1.395,1.39489,0.00192,0.0018
07.10.2025 17:59:05.137 UTC,1.39501,1.39487,0.00132,0.0024
07.10.2025 17:59:05.340 UTC,1.39499,1.39488,0.00132,0.0018
07.10.2025 17:59:05.644 UTC,1.39499,1.39488,0.00132,0.00195
07.10.2025 17:59:05.898 UTC,1.39499,1.39488,0.00132,0.0018
07.10.2025 17:59:06.602 UTC,1.395,1.39487,0.00132,0.00195
07.10.2025 17:59:07.606 UTC,1.395,1.39487,0.00132,0.0018
07.10.2025 17:59:08.009 UTC,1.39499,1.39488,0.00132,0.00195
07.10.2025 17:59:08.970 UTC,1.395,1.39487,0.00132,0.00135
07.10.2025 17:59:09.072 UTC,1.39499,1.39487,0.00132,0.0036
07.10.2025 17:59:09.123 UTC,1.395,1.39486,0.00132,0.00375
07.10.2025 17:59:09.427 UTC,1.39499,1.39486,0.00132,0.0012
07.10.2025 17:59:09.531 UTC,1.39497,1.39484,0.00132,0.0018
07.10.2025 17:59:09.735 UTC,1.39497,1.39484,0.00192,0.00195
07.10.2025 17:59:10.343 UTC,1.39497,1.39484,0.00132,0.0024
07.10.2025 17:59:10.598 UTC,1.39497,1.39484,0.00192,0.00195
07.10.2025 17:59:10.701 UTC,1.39496,1.39482,0.00132,0.0033
07.10.2025 17:59:10.854 UTC,1.39495,1.39483,0.00132,0.0027
07.10.2025 17:59:10.958 UTC,1.39493,1.3948,0.00132,0.0042
07.10.2025 17:59:11.464 UTC,1.39492,1.39481,0.00132,0.0033
07.10.2025 17:59:11.666 UTC,1.39493,1.3948,0.00132,0.00285
07.10.2025 17:59:12.372 UTC,1.39492,1.39481,0.00132,0.0033
07.10.2025 17:59:12.524 UTC,1.39493,1.3948,0.00132,0.00285
07.10.2025 17:59:13.702 UTC,1.39492,1.39482,0.0012,0.00195
07.10.2025 17:59:15.215 UTC,1.39493,1.3948,0.00132,0.0033
07.10.2025 17:59:15.368 UTC,1.39492,1.39481,0.00132,0.0033
07.10.2025 17:59:15.470 UTC,1.39493,1.3948,0.00132,0.00285
07.10.2025 17:59:15.522 UTC,1.39493,1.39481,0.00132,0.0012
07.10.2025 17:59:15.624 UTC,1.39492,1.39481,0.00132,0.0033
07.10.2025 17:59:16.938 UTC,1.39493,1.39481,0.00132,0.0012
07.10.2025 17:59:17.040 UTC,1.39492,1.39481,0.00132,0.0033
07.10.2025 17:59:17.091 UTC,1.39493,1.3948,0.00132,0.00315
07.10.2025 17:59:17.347 UTC,1.39493,1.3948,0.00132,0.00285
07.10.2025 17:59:18.103 UTC,1.39493,1.3948,0.00132,0.0024
07.10.2025 17:59:18.205 UTC,1.39493,1.3948,0.00132,0.00195
07.10.2025 17:59:18.358 UTC,1.39493,1.3948,0.00132,0.0024
07.10.2025 17:59:18.712 UTC,1.39493,1.3948,0.00132,0.00195
07.10.2025 17:59:18.815 UTC,1.39493,1.3948,0.00132,0.0024
07.10.2025 17:59:20.675 UTC,1.39492,1.39481,0.00132,0.00195
07.10.2025 17:59:21.182 UTC,1.39492,1.39481,0.00132,0.0018
07.10.2025 17:59:21.384 UTC,1.39492,1.39482,0.00132,0.0012
07.10.2025 17:59:21.487 UTC,1.39493,1.39481,0.00132,0.0012
07.10.2025 17:59:21.691 UTC,1.39492,1.39481,0.00132,0.0012
07.10.2025 17:59:21.994 UTC,1.39493,1.3948,0.00132,0.0012
07.10.2025 17:59:22.247 UTC,1.39493,1.39479,0.00132,0.00375
07.10.2025 17:59:22.400 UTC,1.39493,1.39481,0.00132,0.0012
07.10.2025 17:59:22.452 UTC,1.39492,1.39481,0.00132,0.0012
07.10.2025 17:59:23.007 UTC,1.39494,1.3948,0.00132,0.00195
07.10.2025 17:59:23.410 UTC,1.39493,1.39481,0.00132,0.0024
07.10.2025 17:59:23.664 UTC,1.39494,1.39481,0.00132,0.0012
07.10.2025 17:59:23.816 UTC,1.39494,1.3948,0.00132,0.0024
07.10.2025 17:59:24.242 UTC,1.39494,1.39481,0.00132,0.0012
07.10.2025 17:59:24.344 UTC,1.39493,1.39481,0.00132,0.0033
07.10.2025 17:59:25.252 UTC,1.39494,1.39481,0.00132,0.0012
07.10.2025 17:59:26.057 UTC,1.39493,1.39481,0.00132,0.0033
07.10.2025 17:59:28.583 UTC,1.39492,1.39481,0.00132,0.00195
07.10.2025 17:59:28.935 UTC,1.39494,1.39485,0.0012,0.0018
07.10.2025 17:59:28.987 UTC,1.39497,1.39483,0.00132,0.0027
07.10.2025 17:59:29.039 UTC,1.39496,1.39485,0.00132,0.0012
07.10.2025 17:59:29.294 UTC,1.39497,1.39485,0.00132,0.0012
07.10.2025 17:59:30.510 UTC,1.39497,1.39485,0.00132,0.0018
07.10.2025 17:59:30.663 UTC,1.39497,1.39485,0.00132,0.00195
07.10.2025 17:59:31.919 UTC,1.39497,1.39485,0.00132,0.0018
07.10.2025 17:59:32.121 UTC,1.39497,1.39485,0.00132,0.00195
07.10.2025 17:59:35.337 UTC,1.39497,1.39485,0.00132,0.0024
07.10.2025 17:59:35.439 UTC,1.39497,1.39485,0.00132,0.00195
07.10.2025 17:59:35.541 UTC,1.39497,1.39485,0.00132,0.0012
07.10.2025 17:59:40.162 UTC,1.39497,1.39485,0.00132,0.0018
07.10.2025 17:59:40.266 UTC,1.39499,1.39487,0.00192,0.0033
07.10.2025 17:59:40.368 UTC,1.395,1.39486,0.00132,0.0042
07.10.2025 17:59:41.479 UTC,1.395,1.39487,0.00132,0.0012
07.10.2025 17:59:42.236 UTC,1.39499,1.39488,0.00132,0.0012
07.10.2025 17:59:42.842 UTC,1.39499,1.39488,0.00132,0.0024
07.10.2025 17:59:42.995 UTC,1.39499,1.39488,0.00132,0.00195
07.10.2025 17:59:43.499 UTC,1.395,1.39487,0.00132,0.0027
07.10.2025 17:59:43.754 UTC,1.395,1.39488,0.00132,0.00375
07.10.2025 17:59:43.807 UTC,1.395,1.39489,0.00132,0.0012
07.10.2025 17:59:43.912 UTC,1.395,1.39487,0.00132,0.0024
07.10.2025 17:59:44.518 UTC,1.395,1.39488,0.00132,0.0012
07.10.2025 17:59:46.775 UTC,1.395,1.39487,0.00132,0.0033
07.10.2025 17:59:49.038 UTC,1.39501,1.39489,0.00132,0.0018
07.10.2025 17:59:49.142 UTC,1.39502,1.39489,0.00132,0.00195
07.10.2025 17:59:49.296 UTC,1.39501,1.3949,0.00132,0.00195
07.10.2025 17:59:50.155 UTC,1.39502,1.39492,0.0012,0.00132
07.10.2025 17:59:50.207 UTC,1.39507,1.39494,0.0024,0.00192
07.10.2025 17:59:50.310 UTC,1.39509,1.39496,0.0012,0.00192
07.10.2025 17:59:50.463 UTC,1.3951,1.39497,0.0012,0.00132
07.10.2025 17:59:51.175 UTC,1.39509,1.39498,0.0012,0.00237
07.10.2025 17:59:51.378 UTC,1.39511,1.39498,0.0012,0.00132
07.10.2025 17:59:53.353 UTC,1.3951,1.39499,0.0012,0.00147
07.10.2025 17:59:54.415 UTC,1.39511,1.39498,0.00132,0.00132
07.10.2025 17:59:55.613 UTC,1.3951,1.39497,0.0012,0.00237
07.10.2025 17:59:56.727 UTC,1.3951,1.39497,0.0012,0.00297
07.10.2025 17:59:58.388 UTC,1.39509,1.39498,0.0012,0.00237
07.10.2025 17:59:59.650 UTC,1.39509,1.39498,0.0012,0.00282
07.10.2025 17:59:59.854 UTC,1.3951,1.39497,0.0012,0.00252