UTC,Ask,Bid,Ask Volume,Bid Volume
02.09.2025 17:00:00.083 UTC,1.37741,1.37729,0.0012,0.0012
02.09.2025 17:00:00.288 UTC,1.3774,1.37728,0.00225,0.0018
02.09.2025 17:00:00.391 UTC,1.37737,1.37728,0.00315,0.0012
02.09.2025 17:00:00.509 UTC,1.37733,1.37722,0.0018,0.0012
02.09.2025 17:00:00.611 UTC,1.37732,1.37722,0.0012,0.0012
02.09.2025 17:00:03.397 UTC,1.37732,1.3772,0.0012,0.0012
02.09.2025 17:00:03.500 UTC,1.3773,1.37721,0.0012,0.0012
02.09.2025 17:00:03.655 UTC,1.37732,1.37722,0.0012,0.0012
02.09.2025 17:00:05.578 UTC,1.37732,1.3772,0.0012,0.0012
02.09.2025 17:00:12.540 UTC,1.37733,1.37721,0.0012,0.0012
02.09.2025 17:00:13.100 UTC,1.37734,1.37722,0.0012,0.0012
02.09.2025 17:00:13.304 UTC,1.37733,1.37721,0.0012,0.00225
02.09.2025 17:00:16.287 UTC,1.37734,1.37723,0.0012,0.00495
02.09.2025 17:00:16.390 UTC,1.37737,1.37726,0.0012,0.0012
02.09.2025 17:00:16.492 UTC,1.37738,1.37726,0.0012,0.0012
02.09.2025 17:00:17.506 UTC,1.37738,1.37729,0.0012,0.0012
02.09.2025 17:00:20.455 UTC,1.37738,1.37728,0.0012,0.0018
02.09.2025 17:00:23.230 UTC,1.37736,1.37725,0.0012,0.0027
02.09.2025 17:00:23.383 UTC,1.37737,1.37725,0.00225,0.0012
02.09.2025 17:00:27.459 UTC,1.37738,1.37728,0.00225,0.0012
02.09.2025 17:00:33.096 UTC,1.37737,1.37727,0.0012,0.0018
02.09.2025 17:00:33.147 UTC,1.37737,1.37725,0.0018,0.0018
02.09.2025 17:00:33.251 UTC,1.37736,1.37724,0.0012,0.0012
02.09.2025 17:00:37.421 UTC,1.37738,1.37726,0.0012,0.0018
02.09.2025 17:00:37.524 UTC,1.37737,1.37727,0.0012,0.006
02.09.2025 17:00:37.677 UTC,1.37738,1.37726,0.0012,0.00315
02.09.2025 17:00:41.976 UTC,1.37739,1.37728,0.0027,0.0012
02.09.2025 17:00:49.858 UTC,1.37739,1.37727,0.0012,0.0018
02.09.2025 17:00:52.677 UTC,1.3774,1.37727,0.0018,0.0018
02.09.2025 17:00:52.882 UTC,1.37739,1.37727,0.0012,0.0018
02.09.2025 17:00:53.087 UTC,1.37737,1.37728,0.00135,0.0012
02.09.2025 17:00:53.190 UTC,1.37738,1.37726,0.0024,0.0012
02.09.2025 17:00:53.294 UTC,1.37739,1.37727,0.0012,0.0018
02.09.2025 17:00:53.397 UTC,1.37739,1.37728,0.00675,0.0018
02.09.2025 17:00:58.925 UTC,1.3774,1.37728,0.0018,0.00225
02.09.2025 17:00:59.482 UTC,1.3774,1.37727,0.0012,0.00405
02.09.2025 17:01:01.955 UTC,1.37739,1.37727,0.0012,0.00315
02.09.2025 17:01:02.818 UTC,1.37733,1.37726,0.0012,0.0012
02.09.2025 17:01:02.870 UTC,1.37735,1.37723,0.00225,0.0012
02.09.2025 17:01:02.922 UTC,1.37732,1.37721,0.0012,0.0012
02.09.2025 17:01:03.025 UTC,1.37733,1.37721,0.0018,0.0012
02.09.2025 17:01:03.381 UTC,1.37732,1.37721,0.0012,0.0012
02.09.2025 17:01:03.788 UTC,1.37733,1.37721,0.00225,0.0012
02.09.2025 17:01:04.196 UTC,1.37732,1.37722,0.0024,0.0012
02.09.2025 17:01:04.398 UTC,1.3773,1.37722,0.0012,0.0012
02.09.2025 17:01:09.895 UTC,1.37732,1.37719,0.00225,0.00495
02.09.2025 17:01:09.998 UTC,1.37731,1.37719,0.00135,0.0012
02.09.2025 17:01:10.253 UTC,1.37732,1.37719,0.00225,0.00225
02.09.2025 17:01:12.674 UTC,1.37732,1.37719,0.0018,0.0012
02.09.2025 17:01:12.777 UTC,1.37731,1.37718,0.0036,0.0018
02.09.2025 17:01:12.880 UTC,1.37728,1.37718,0.0012,0.00585
02.09.2025 17:01:22.588 UTC,1.37728,1.37716,0.0012,0.00225
02.09.2025 17:01:22.691 UTC,1.37729,1.37717,0.0012,0.00225
02.09.2025 17:01:22.793 UTC,1.37728,1.37717,0.00135,0.0012
02.09.2025 17:01:22.897 UTC,1.3773,1.37718,0.00225,0.00225
02.09.2025 17:01:22.949 UTC,1.3773,1.37721,0.00225,0.0012
02.09.2025 17:01:23.206 UTC,1.37732,1.37725,0.0012,0.00135
02.09.2025 17:01:23.309 UTC,1.37733,1.37722,0.0012,0.0018
02.09.2025 17:01:23.464 UTC,1.37732,1.37722,0.00225,0.00225
02.09.2025 17:01:23.566 UTC,1.37732,1.37721,0.0012,0.00225
02.09.2025 17:01:24.729 UTC,1.37733,1.37721,0.00135,0.00135
02.09.2025 17:01:25.237 UTC,1.37734,1.37722,0.0018,0.00315
02.09.2025 17:01:33.213 UTC,1.37733,1.37725,0.0012,0.00135
02.09.2025 17:01:33.266 UTC,1.37734,1.37722,0.0012,0.00315
02.09.2025 17:01:35.221 UTC,1.37732,1.37722,0.0012,0.00135
02.09.2025 17:01:35.476 UTC,1.37733,1.37721,0.00135,0.0024
02.09.2025 17:01:37.321 UTC,1.37734,1.37722,0.0012,0.00135
02.09.2025 17:01:37.474 UTC,1.37734,1.37722,0.0012,0.0024
02.09.2025 17:01:41.366 UTC,1.37735,1.37723,0.0012,0.0024
02.09.2025 17:01:43.135 UTC,1.37737,1.37725,0.0018,0.0024
02.09.2025 17:01:43.239 UTC,1.37738,1.37727,0.0012,0.00225
02.09.2025 17:01:43.342 UTC,1.37739,1.37727,0.0012,0.00225
02.09.2025 17:01:43.495 UTC,1.37738,1.37726,0.0012,0.00225
02.09.2025 17:01:43.598 UTC,1.37737,1.37725,0.0018,0.00225
02.09.2025 17:01:43.701 UTC,1.37736,1.37724,0.0012,0.00315
02.09.2025 17:01:44.662 UTC,1.37737,1.37726,0.0012,0.0012
02.09.2025 17:01:44.765 UTC,1.37738,1.37727,0.0012,0.0012
02.09.2025 17:01:44.868 UTC,1.37738,1.37727,0.0018,0.0018
02.09.2025 17:01:45.071 UTC,1.37739,1.37728,0.00243,0.0012
02.09.2025 17:01:45.378 UTC,1.3774,1.37731,0.00144,0.0012
02.09.2025 17:01:46.433 UTC,1.3774,1.3773,0.00159,0.0012
02.09.2025 17:01:55.883 UTC,1.3774,1.3773,0.00225,0.0012
02.09.2025 17:01:56.541 UTC,1.37741,1.3773,0.0012,0.0012
02.09.2025 17:01:56.644 UTC,1.37742,1.3773,0.00135,0.00225
02.09.2025 17:01:57.050 UTC,1.3774,1.3773,0.00225,0.0012
02.09.2025 17:01:59.376 UTC,1.37741,1.37731,0.00135,0.0024
02.09.2025 17:02:00.492 UTC,1.37744,1.3773,0.0018,0.0024
02.09.2025 17:02:00.748 UTC,1.37745,1.37737,0.0012,0.0012
02.09.2025 17:02:00.800 UTC,1.37748,1.37739,0.0012,0.0012
02.09.2025 17:02:00.854 UTC,1.37749,1.37739,0.0012,0.0018
02.09.2025 17:02:00.906 UTC,1.3775,1.3774,0.0012,0.0018
02.09.2025 17:02:00.957 UTC,1.37752,1.3774,0.0027,0.0018
02.09.2025 17:02:01.164 UTC,1.37753,1.3774,0.00135,0.00135
02.09.2025 17:02:01.215 UTC,1.37752,1.37741,0.0024,0.00135
02.09.2025 17:02:01.318 UTC,1.37751,1.37741,0.00135,0.00135
02.09.2025 17:02:02.128 UTC,1.37751,1.3774,0.0018,0.00135
02.09.2025 17:02:04.154 UTC,1.37751,1.37738,0.0012,0.00135
02.09.2025 17:02:05.155 UTC,1.37751,1.37738,0.0018,0.0018
02.09.2025 17:02:05.257 UTC,1.37751,1.37738,0.00135,0.0018
02.09.2025 17:02:05.862 UTC,1.37751,1.37738,0.0018,0.0018
02.09.2025 17:02:06.367 UTC,1.3775,1.37739,0.00135,0.0018
02.09.2025 17:02:06.624 UTC,1.37752,1.37739,0.00195,0.00135
02.09.2025 17:02:06.776 UTC,1.37751,1.3774,0.00195,0.00135
02.09.2025 17:02:07.332 UTC,1.37751,1.3774,0.0018,0.0018
02.09.2025 17:02:08.241 UTC,1.37752,1.3774,0.00135,0.00135
02.09.2025 17:02:08.344 UTC,1.37754,1.3774,0.00285,0.0012
02.09.2025 17:02:08.600 UTC,1.37754,1.3774,0.0033,0.0012
02.09.2025 17:02:09.660 UTC,1.37753,1.37741,0.0033,0.0012
02.09.2025 17:02:09.762 UTC,1.37752,1.37741,0.00135,0.0012
02.09.2025 17:02:09.864 UTC,1.37753,1.3774,0.0018,0.0012
02.09.2025 17:02:10.219 UTC,1.37751,1.37738,0.00195,0.0012
02.09.2025 17:02:10.423 UTC,1.3775,1.37739,0.00135,0.0012
02.09.2025 17:02:12.803 UTC,1.37751,1.37739,0.0045,0.00135
02.09.2025 17:02:12.906 UTC,1.37751,1.37739,0.00465,0.00135
02.09.2025 17:02:13.008 UTC,1.37752,1.37738,0.00375,0.00135
02.09.2025 17:02:13.110 UTC,1.37751,1.37738,0.00195,0.0018
02.09.2025 17:02:14.023 UTC,1.37751,1.37738,0.0024,0.0012
02.09.2025 17:02:14.679 UTC,1.37751,1.37738,0.00285,0.0012
02.09.2025 17:02:16.080 UTC,1.3775,1.37737,0.00195,0.0012
02.09.2025 17:02:17.350 UTC,1.3775,1.37737,0.00225,0.0012
02.09.2025 17:02:17.452 UTC,1.37749,1.37738,0.0024,0.0012
02.09.2025 17:02:17.807 UTC,1.37751,1.37738,0.00135,0.0012
02.09.2025 17:02:17.909 UTC,1.37751,1.3774,0.0045,0.0012
02.09.2025 17:02:18.013 UTC,1.37754,1.3774,0.00285,0.00135
02.09.2025 17:02:18.319 UTC,1.37754,1.3774,0.00285,0.0012
02.09.2025 17:02:18.422 UTC,1.37753,1.37742,0.0024,0.0012
02.09.2025 17:02:18.576 UTC,1.37754,1.37741,0.00225,0.0012
02.09.2025 17:02:18.679 UTC,1.37754,1.37741,0.0024,0.0012
02.09.2025 17:02:19.037 UTC,1.37754,1.3774,0.0024,0.0012
02.09.2025 17:02:19.140 UTC,1.37753,1.3774,0.0018,0.0012
02.09.2025 17:02:23.748 UTC,1.37752,1.3774,0.0018,0.0012
02.09.2025 17:02:25.064 UTC,1.37753,1.3774,0.0024,0.0012
02.09.2025 17:02:25.871 UTC,1.37753,1.3774,0.00225,0.00135
02.09.2025 17:02:26.127 UTC,1.37753,1.3774,0.0018,0.00135
02.09.2025 17:02:28.051 UTC,1.37752,1.37741,0.00135,0.0012
02.09.2025 17:02:28.357 UTC,1.37753,1.37742,0.00375,0.00225
02.09.2025 17:02:28.409 UTC,1.37755,1.37744,0.00135,0.0012
02.09.2025 17:02:28.513 UTC,1.37758,1.37746,0.00135,0.0012
02.09.2025 17:02:28.617 UTC,1.37758,1.37747,0.00135,0.0012
02.09.2025 17:02:29.230 UTC,1.37759,1.37747,0.0027,0.0012
02.09.2025 17:02:29.333 UTC,1.37758,1.37747,0.00135,0.0012
02.09.2025 17:02:29.435 UTC,1.37759,1.37747,0.0027,0.0012
02.09.2025 17:02:29.538 UTC,1.37758,1.37747,0.00135,0.0012
02.09.2025 17:02:29.640 UTC,1.37759,1.37747,0.0018,0.0012
02.09.2025 17:02:30.000 UTC,1.37759,1.37747,0.00195,0.0012
02.09.2025 17:02:30.102 UTC,1.37759,1.37747,0.0018,0.0012
02.09.2025 17:02:32.230 UTC,1.3776,1.37748,0.00135,0.0012
02.09.2025 17:02:32.546 UTC,1.37761,1.37748,0.0018,0.0012
02.09.2025 17:02:32.700 UTC,1.37761,1.37748,0.00195,0.0012
02.09.2025 17:02:32.904 UTC,1.37761,1.37748,0.0018,0.0012
02.09.2025 17:02:33.007 UTC,1.37763,1.37748,0.00375,0.0027
02.09.2025 17:02:33.059 UTC,1.37764,1.37754,0.00135,0.0012
02.09.2025 17:02:33.163 UTC,1.37765,1.37754,0.00135,0.0012
02.09.2025 17:02:34.075 UTC,1.37764,1.37752,0.00195,0.0012
02.09.2025 17:02:34.178 UTC,1.37764,1.37752,0.0018,0.0012
02.09.2025 17:02:34.281 UTC,1.37764,1.37752,0.00195,0.0012
02.09.2025 17:02:34.436 UTC,1.37762,1.3775,0.0018,0.0012
02.09.2025 17:02:36.104 UTC,1.37761,1.3775,0.0012,0.0012
02.09.2025 17:02:39.328 UTC,1.37762,1.3775,0.0018,0.0012
02.09.2025 17:02:42.126 UTC,1.37761,1.37751,0.00195,0.0012
02.09.2025 17:02:42.228 UTC,1.37762,1.3775,0.0018,0.0012
02.09.2025 17:02:42.430 UTC,1.37762,1.37751,0.0018,0.0012
02.09.2025 17:02:44.094 UTC,1.37763,1.37751,0.00135,0.0012
02.09.2025 17:02:46.360 UTC,1.37764,1.37751,0.0027,0.00135
02.09.2025 17:02:46.412 UTC,1.37764,1.37754,0.00135,0.0012
02.09.2025 17:02:46.516 UTC,1.37764,1.37755,0.00135,0.0012
02.09.2025 17:02:46.670 UTC,1.37767,1.37755,0.00135,0.0012
02.09.2025 17:02:46.774 UTC,1.37768,1.37757,0.00135,0.0012
02.09.2025 17:02:46.927 UTC,1.37769,1.37757,0.00135,0.0012
02.09.2025 17:02:47.080 UTC,1.37768,1.3776,0.00135,0.0012
02.09.2025 17:02:48.853 UTC,1.3777,1.37759,0.0018,0.0012
02.09.2025 17:02:49.007 UTC,1.3777,1.37759,0.00195,0.0012
02.09.2025 17:02:53.504 UTC,1.3777,1.37759,0.0018,0.0012
02.09.2025 17:02:53.607 UTC,1.37769,1.37759,0.0012,0.0012
02.09.2025 17:02:56.077 UTC,1.3777,1.37759,0.0012,0.0012
02.09.2025 17:02:56.884 UTC,1.37771,1.37759,0.00225,0.0012
02.09.2025 17:02:56.987 UTC,1.37771,1.37761,0.0018,0.0012
02.09.2025 17:02:57.090 UTC,1.37773,1.3776,0.00405,0.0012
02.09.2025 17:02:57.192 UTC,1.37772,1.37761,0.0042,0.0012
02.09.2025 17:02:57.849 UTC,1.37773,1.3776,0.0042,0.0012
02.09.2025 17:02:58.153 UTC,1.37773,1.3776,0.00405,0.0012
02.09.2025 17:02:58.756 UTC,1.37773,1.3776,0.0042,0.0012
02.09.2025 17:02:58.909 UTC,1.37772,1.37761,0.00405,0.0012
02.09.2025 17:02:59.260 UTC,1.37772,1.37761,0.0042,0.0012
02.09.2025 17:03:00.168 UTC,1.37772,1.37761,0.00405,0.0012
02.09.2025 17:03:00.272 UTC,1.37773,1.37762,0.00225,0.00225
02.09.2025 17:03:00.325 UTC,1.37773,1.37764,0.0018,0.0012
02.09.2025 17:03:00.428 UTC,1.37774,1.37764,0.0018,0.0018
02.09.2025 17:03:00.735 UTC,1.37775,1.37766,0.0018,0.0012
02.09.2025 17:03:00.788 UTC,1.37779,1.37766,0.00555,0.0012
02.09.2025 17:03:00.891 UTC,1.37779,1.37767,0.00195,0.0012
02.09.2025 17:03:01.247 UTC,1.3778,1.37767,0.0036,0.0012
02.09.2025 17:03:02.207 UTC,1.37779,1.37768,0.00285,0.0012
02.09.2025 17:03:02.939 UTC,1.37781,1.37768,0.00285,0.0012
02.09.2025 17:03:03.142 UTC,1.37781,1.37768,0.00135,0.0012
02.09.2025 17:03:03.346 UTC,1.37782,1.37768,0.0024,0.0012
02.09.2025 17:03:03.398 UTC,1.37782,1.37768,0.00225,0.0012
02.09.2025 17:03:03.952 UTC,1.37782,1.37768,0.0024,0.0012
02.09.2025 17:03:06.129 UTC,1.37781,1.37768,0.0018,0.0012
02.09.2025 17:03:07.296 UTC,1.37781,1.37768,0.00135,0.0012
02.09.2025 17:03:07.448 UTC,1.37781,1.37768,0.0018,0.0012
02.09.2025 17:03:08.156 UTC,1.3778,1.37769,0.00135,0.0012
02.09.2025 17:03:08.259 UTC,1.37781,1.37768,0.0018,0.0012
02.09.2025 17:03:08.361 UTC,1.37781,1.37768,0.00135,0.0012
02.09.2025 17:03:08.463 UTC,1.37781,1.37768,0.0018,0.0012
02.09.2025 17:03:08.566 UTC,1.3778,1.37769,0.00195,0.0012
02.09.2025 17:03:08.718 UTC,1.37781,1.37768,0.0012,0.0012
02.09.2025 17:03:08.821 UTC,1.3778,1.37768,0.0033,0.0012
02.09.2025 17:03:08.924 UTC,1.3778,1.37767,0.0042,0.0012
02.09.2025 17:03:09.026 UTC,1.3778,1.37767,0.00375,0.0012
02.09.2025 17:03:09.179 UTC,1.37779,1.37768,0.00465,0.0012
02.09.2025 17:03:10.524 UTC,1.37779,1.37768,0.00225,0.0012
02.09.2025 17:03:11.181 UTC,1.37779,1.37768,0.0024,0.0012
02.09.2025 17:03:11.485 UTC,1.3778,1.37767,0.00225,0.0012
02.09.2025 17:03:11.739 UTC,1.37779,1.37768,0.0018,0.0012
02.09.2025 17:03:11.944 UTC,1.37779,1.37768,0.00135,0.0012
02.09.2025 17:03:12.048 UTC,1.37781,1.37768,0.00465,0.0012
02.09.2025 17:03:13.208 UTC,1.37781,1.37768,0.00375,0.0012
02.09.2025 17:03:14.918 UTC,1.3778,1.37769,0.00375,0.0012
02.09.2025 17:03:15.021 UTC,1.37781,1.37768,0.00375,0.0012
02.09.2025 17:03:16.830 UTC,1.3778,1.37769,0.00375,0.0012
02.09.2025 17:03:17.584 UTC,1.37781,1.37768,0.00375,0.0012
02.09.2025 17:03:17.736 UTC,1.3778,1.37769,0.00375,0.0012
02.09.2025 17:03:17.989 UTC,1.37781,1.37769,0.00285,0.0012
02.09.2025 17:03:18.041 UTC,1.37781,1.3777,0.00195,0.0012
02.09.2025 17:03:18.143 UTC,1.37781,1.37769,0.00285,0.00225
02.09.2025 17:03:20.572 UTC,1.37782,1.37768,0.00285,0.00315
02.09.2025 17:03:21.075 UTC,1.37782,1.3777,0.0018,0.0012
02.09.2025 17:03:21.178 UTC,1.37781,1.37771,0.00195,0.0012
02.09.2025 17:03:21.281 UTC,1.37781,1.3777,0.00285,0.0012
02.09.2025 17:03:26.385 UTC,1.37782,1.3777,0.0012,0.0012
02.09.2025 17:03:26.437 UTC,1.37784,1.3777,0.0033,0.0018
02.09.2025 17:03:26.744 UTC,1.37783,1.37771,0.0033,0.0018
02.09.2025 17:03:26.947 UTC,1.37784,1.3777,0.0042,0.0018
02.09.2025 17:03:29.968 UTC,1.37783,1.37769,0.0018,0.00225
02.09.2025 17:03:30.376 UTC,1.37783,1.37769,0.0033,0.00225
02.09.2025 17:03:30.832 UTC,1.37782,1.3777,0.0018,0.0012
02.09.2025 17:03:31.994 UTC,1.37782,1.37771,0.0018,0.0012
02.09.2025 17:03:33.321 UTC,1.37782,1.3777,0.0018,0.0012
02.09.2025 17:03:33.423 UTC,1.37781,1.37772,0.00135,0.0012
02.09.2025 17:03:35.488 UTC,1.37782,1.37772,0.00645,0.0012
02.09.2025 17:03:35.590 UTC,1.37783,1.37771,0.00645,0.0018
02.09.2025 17:03:35.896 UTC,1.37783,1.37771,0.00465,0.0012
02.09.2025 17:03:35.999 UTC,1.37782,1.37772,0.00465,0.0012
02.09.2025 17:03:36.452 UTC,1.37782,1.37771,0.00465,0.0012
02.09.2025 17:03:36.704 UTC,1.37783,1.3777,0.00465,0.0012
02.09.2025 17:03:37.057 UTC,1.37782,1.37771,0.00555,0.0012
02.09.2025 17:03:38.315 UTC,1.37782,1.37769,0.0018,0.0018
02.09.2025 17:03:38.418 UTC,1.37781,1.37768,0.0018,0.0018
02.09.2025 17:03:38.521 UTC,1.37781,1.37768,0.0024,0.0018
02.09.2025 17:03:39.427 UTC,1.37781,1.37769,0.0018,0.0012
02.09.2025 17:03:39.680 UTC,1.3778,1.3777,0.00135,0.0012
02.09.2025 17:03:40.286 UTC,1.3778,1.3777,0.00285,0.0012
02.09.2025 17:03:40.439 UTC,1.37781,1.37769,0.00285,0.0012
02.09.2025 17:03:40.641 UTC,1.37781,1.37769,0.00375,0.0012
02.09.2025 17:03:42.549 UTC,1.3778,1.37768,0.00285,0.0012
02.09.2025 17:03:42.651 UTC,1.3778,1.37767,0.00285,0.0018
02.09.2025 17:03:42.753 UTC,1.37779,1.37768,0.00195,0.0018
02.09.2025 17:03:43.662 UTC,1.37779,1.37767,0.0018,0.0018
02.09.2025 17:03:46.055 UTC,1.37778,1.37767,0.0024,0.0018
02.09.2025 17:03:46.712 UTC,1.37779,1.37767,0.0018,0.0012
02.09.2025 17:03:50.329 UTC,1.3778,1.37767,0.0018,0.0018
02.09.2025 17:03:50.433 UTC,1.37781,1.37769,0.0018,0.0018
02.09.2025 17:03:55.197 UTC,1.37782,1.3777,0.0018,0.0012
02.09.2025 17:03:55.300 UTC,1.37782,1.37771,0.0024,0.0018
02.09.2025 17:03:55.454 UTC,1.37783,1.37771,0.0018,0.0012
02.09.2025 17:03:55.556 UTC,1.37782,1.37771,0.0018,0.0018
02.09.2025 17:03:56.313 UTC,1.37782,1.3777,0.00195,0.0018
02.09.2025 17:03:58.478 UTC,1.37782,1.3777,0.0018,0.0012
02.09.2025 17:03:58.785 UTC,1.37782,1.3777,0.00195,0.0012
02.09.2025 17:04:00.555 UTC,1.37782,1.37769,0.0018,0.0018
02.09.2025 17:04:02.466 UTC,1.37782,1.37769,0.0024,0.0018
02.09.2025 17:04:04.681 UTC,1.37781,1.3777,0.0024,0.0018
02.09.2025 17:04:10.155 UTC,1.37782,1.37769,0.0024,0.00225
02.09.2025 17:04:11.367 UTC,1.37782,1.3777,0.0012,0.0012
02.09.2025 17:04:11.622 UTC,1.37782,1.3777,0.0018,0.0012
02.09.2025 17:04:12.883 UTC,1.37783,1.3777,0.00465,0.0012
02.09.2025 17:04:18.126 UTC,1.37782,1.37769,0.0024,0.0018
02.09.2025 17:04:18.633 UTC,1.37781,1.3777,0.0024,0.0018
02.09.2025 17:04:18.834 UTC,1.37782,1.37769,0.0024,0.0018
02.09.2025 17:04:18.988 UTC,1.37782,1.3777,0.0024,0.0012
02.09.2025 17:04:20.096 UTC,1.37782,1.3777,0.0018,0.0012
02.09.2025 17:04:20.600 UTC,1.37781,1.37771,0.0012,0.00135
02.09.2025 17:04:21.258 UTC,1.37782,1.37771,0.0042,0.00135
02.09.2025 17:04:24.081 UTC,1.37782,1.3777,0.00555,0.00135
02.09.2025 17:04:24.534 UTC,1.37782,1.3777,0.00465,0.00135
02.09.2025 17:04:24.786 UTC,1.37783,1.37769,0.00465,0.00135
02.09.2025 17:04:25.193 UTC,1.37781,1.3777,0.0018,0.00135
02.09.2025 17:04:25.999 UTC,1.37783,1.37769,0.00555,0.00135
02.09.2025 17:04:26.656 UTC,1.37781,1.3777,0.0018,0.00135
02.09.2025 17:04:26.758 UTC,1.37783,1.37769,0.00555,0.00135
02.09.2025 17:04:26.962 UTC,1.37782,1.37769,0.0024,0.00135
02.09.2025 17:04:30.651 UTC,1.37782,1.37769,0.0018,0.0024
02.09.2025 17:04:30.704 UTC,1.37782,1.37772,0.0012,0.0018
02.09.2025 17:04:30.756 UTC,1.37788,1.37777,0.0018,0.00135
02.09.2025 17:04:30.860 UTC,1.37787,1.37779,0.0012,0.0012
02.09.2025 17:04:30.911 UTC,1.37791,1.37778,0.0012,0.0012
02.09.2025 17:04:31.926 UTC,1.37792,1.37778,0.00495,0.00135
02.09.2025 17:04:32.028 UTC,1.37791,1.37778,0.00135,0.00135
02.09.2025 17:04:32.432 UTC,1.37791,1.37779,0.00405,0.00135
02.09.2025 17:04:33.088 UTC,1.37792,1.37778,0.0042,0.00135
02.09.2025 17:04:34.649 UTC,1.37791,1.37779,0.0042,0.0024
02.09.2025 17:04:34.751 UTC,1.37791,1.37778,0.00195,0.00225
02.09.2025 17:04:34.903 UTC,1.3779,1.37779,0.00195,0.00225
02.09.2025 17:04:35.156 UTC,1.3779,1.37779,0.0018,0.00225
02.09.2025 17:04:35.258 UTC,1.37792,1.37779,0.00195,0.0018
02.09.2025 17:04:35.360 UTC,1.37792,1.37778,0.00285,0.0024
02.09.2025 17:04:38.216 UTC,1.37791,1.37779,0.0051,0.00135
02.09.2025 17:04:38.318 UTC,1.37792,1.37778,0.0051,0.00135
02.09.2025 17:04:38.471 UTC,1.37791,1.37778,0.0018,0.00135
02.09.2025 17:04:40.629 UTC,1.37791,1.37778,0.0024,0.0012
02.09.2025 17:04:54.923 UTC,1.37789,1.37777,0.00195,0.0012
02.09.2025 17:05:06.481 UTC,1.3779,1.37779,0.0033,0.0012
02.09.2025 17:05:06.585 UTC,1.37791,1.3778,0.00135,0.0012
02.09.2025 17:05:06.688 UTC,1.37792,1.3778,0.00135,0.0012
02.09.2025 17:05:07.597 UTC,1.37793,1.3778,0.00375,0.0012
02.09.2025 17:05:08.156 UTC,1.37791,1.3778,0.0024,0.00225
02.09.2025 17:05:08.965 UTC,1.37792,1.3778,0.00135,0.0012
02.09.2025 17:05:09.069 UTC,1.37793,1.37782,0.0012,0.00135
02.09.2025 17:05:09.172 UTC,1.37796,1.37783,0.0024,0.0012
02.09.2025 17:05:09.326 UTC,1.37796,1.37783,0.00465,0.00225
02.09.2025 17:05:09.428 UTC,1.37796,1.37785,0.00195,0.0012
02.09.2025 17:05:09.530 UTC,1.37796,1.37785,0.0018,0.0012
02.09.2025 17:05:13.370 UTC,1.37798,1.37787,0.0018,0.00135
02.09.2025 17:05:13.577 UTC,1.378,1.37788,0.00135,0.00225
02.09.2025 17:05:13.681 UTC,1.378,1.37789,0.0024,0.00225
02.09.2025 17:05:13.783 UTC,1.37801,1.37788,0.0018,0.00225
02.09.2025 17:05:13.937 UTC,1.378,1.37788,0.0018,0.00135
02.09.2025 17:05:18.177 UTC,1.37801,1.37788,0.00135,0.00135
02.09.2025 17:05:18.280 UTC,1.37802,1.37788,0.0033,0.00135
02.09.2025 17:05:18.686 UTC,1.37801,1.37789,0.0033,0.00135
02.09.2025 17:05:19.463 UTC,1.37798,1.37788,0.00135,0.0012
02.09.2025 17:05:21.685 UTC,1.37796,1.37787,0.00135,0.0012
02.09.2025 17:05:21.839 UTC,1.37794,1.37786,0.00135,0.0012
02.09.2025 17:05:21.891 UTC,1.37792,1.37783,0.0018,0.0012
02.09.2025 17:05:21.943 UTC,1.37787,1.37779,0.00135,0.0012
02.09.2025 17:05:22.805 UTC,1.37788,1.37779,0.00135,0.0012
02.09.2025 17:05:29.034 UTC,1.37787,1.37779,0.00135,0.0012
02.09.2025 17:05:29.136 UTC,1.37786,1.37778,0.00135,0.0012
02.09.2025 17:05:30.899 UTC,1.37786,1.37777,0.00135,0.0018
02.09.2025 17:05:39.398 UTC,1.37785,1.37777,0.00135,0.0018
02.09.2025 17:05:40.457 UTC,1.37784,1.37777,0.00135,0.0018
02.09.2025 17:05:40.610 UTC,1.37784,1.37775,0.00135,0.0018
02.09.2025 17:05:43.304 UTC,1.37784,1.37776,0.00135,0.0012
02.09.2025 17:05:43.508 UTC,1.37785,1.37776,0.00135,0.0018
02.09.2025 17:05:43.610 UTC,1.37785,1.37775,0.00135,0.0018
02.09.2025 17:05:43.914 UTC,1.37786,1.37775,0.00135,0.0018
02.09.2025 17:05:44.120 UTC,1.37785,1.37777,0.00135,0.0012
02.09.2025 17:05:49.018 UTC,1.37785,1.37776,0.00135,0.0018
02.09.2025 17:05:54.758 UTC,1.37784,1.37776,0.00135,0.0018
02.09.2025 17:05:55.164 UTC,1.37785,1.37776,0.00135,0.0012
02.09.2025 17:05:56.128 UTC,1.37784,1.37776,0.00135,0.0018
02.09.2025 17:05:56.833 UTC,1.37785,1.37776,0.00135,0.0012
02.09.2025 17:06:14.631 UTC,1.37786,1.37777,0.00135,0.0012
02.09.2025 17:06:15.690 UTC,1.37788,1.37777,0.00135,0.0012
02.09.2025 17:06:15.794 UTC,1.37788,1.37778,0.00135,0.0012
02.09.2025 17:06:15.898 UTC,1.37788,1.37779,0.00135,0.0018
02.09.2025 17:06:16.957 UTC,1.37787,1.37779,0.00135,0.0012
02.09.2025 17:06:17.060 UTC,1.37787,1.37778,0.00135,0.0012
02.09.2025 17:06:17.163 UTC,1.37787,1.37777,0.00135,0.0012
02.09.2025 17:06:34.772 UTC,1.37783,1.37776,0.00135,0.0027
02.09.2025 17:06:34.875 UTC,1.37781,1.37773,0.00135,0.0018
02.09.2025 17:06:35.029 UTC,1.37784,1.37773,0.0018,0.0012
02.09.2025 17:06:36.138 UTC,1.37784,1.37774,0.00135,0.0012
02.09.2025 17:06:36.240 UTC,1.37783,1.37776,0.00135,0.0012
02.09.2025 17:06:39.164 UTC,1.37785,1.37776,0.00135,0.0018
02.09.2025 17:06:45.420 UTC,1.37785,1.37777,0.00135,0.0012
02.09.2025 17:06:47.239 UTC,1.37784,1.37775,0.00135,0.0018
02.09.2025 17:06:47.342 UTC,1.37782,1.37773,0.00135,0.0012
02.09.2025 17:06:49.108 UTC,1.37784,1.37773,0.00135,0.0012
02.09.2025 17:06:51.176 UTC,1.37783,1.37776,0.00135,0.0012
02.09.2025 17:07:01.673 UTC,1.37784,1.37773,0.00285,0.0012
02.09.2025 17:07:01.725 UTC,1.37781,1.37772,0.00135,0.0018
02.09.2025 17:07:01.828 UTC,1.37782,1.37771,0.0018,0.0018
02.09.2025 17:07:05.033 UTC,1.37782,1.37771,0.00135,0.0018
02.09.2025 17:07:05.085 UTC,1.37782,1.37773,0.00135,0.0012
02.09.2025 17:07:05.441 UTC,1.37783,1.37773,0.00135,0.0012
02.09.2025 17:07:06.552 UTC,1.37782,1.37775,0.00135,0.0012
02.09.2025 17:07:07.008 UTC,1.37784,1.37775,0.00135,0.0018
02.09.2025 17:07:19.252 UTC,1.37784,1.37773,0.00135,0.0018
02.09.2025 17:07:21.471 UTC,1.37784,1.37774,0.00225,0.0018
02.09.2025 17:07:24.744 UTC,1.37784,1.37775,0.00225,0.0012
02.09.2025 17:07:25.453 UTC,1.37785,1.37774,0.0024,0.0012
02.09.2025 17:07:25.856 UTC,1.37785,1.37773,0.0024,0.0018
02.09.2025 17:07:33.107 UTC,1.37782,1.37772,0.0018,0.0012
02.09.2025 17:07:33.617 UTC,1.37782,1.37773,0.0018,0.0012
02.09.2025 17:07:34.176 UTC,1.37784,1.37773,0.0024,0.0012
02.09.2025 17:07:34.279 UTC,1.37784,1.37774,0.0018,0.0012
02.09.2025 17:07:36.595 UTC,1.37781,1.37772,0.0018,0.0012
02.09.2025 17:07:36.648 UTC,1.3778,1.37768,0.0012,0.0018
02.09.2025 17:07:36.752 UTC,1.37779,1.37769,0.0024,0.0012
02.09.2025 17:07:36.855 UTC,1.3778,1.3777,0.0018,0.0012
02.09.2025 17:07:36.958 UTC,1.37781,1.3777,0.0024,0.0012
02.09.2025 17:07:37.061 UTC,1.37781,1.3777,0.00135,0.0018
02.09.2025 17:07:37.164 UTC,1.37781,1.37771,0.00135,0.0012
02.09.2025 17:07:37.722 UTC,1.37781,1.3777,0.00135,0.0018
02.09.2025 17:07:38.229 UTC,1.37781,1.3777,0.0018,0.0018
02.09.2025 17:07:42.518 UTC,1.37783,1.37771,0.0018,0.0012
02.09.2025 17:07:54.309 UTC,1.37784,1.37774,0.00405,0.0012
02.09.2025 17:07:54.415 UTC,1.37785,1.37774,0.00225,0.0018
02.09.2025 17:07:55.273 UTC,1.37785,1.37773,0.0024,0.0018
02.09.2025 17:07:55.428 UTC,1.37783,1.37772,0.0018,0.0012
02.09.2025 17:08:00.283 UTC,1.37782,1.37772,0.0024,0.0018
02.09.2025 17:08:00.386 UTC,1.37781,1.37771,0.00135,0.0018
02.09.2025 17:08:03.266 UTC,1.37781,1.37772,0.00135,0.0012
02.09.2025 17:08:03.369 UTC,1.37784,1.37773,0.0018,0.0018
02.09.2025 17:08:06.871 UTC,1.37785,1.37775,0.00135,0.0018
02.09.2025 17:08:06.973 UTC,1.37787,1.37775,0.0018,0.0012
02.09.2025 17:08:10.449 UTC,1.37787,1.37777,0.0018,0.0012
02.09.2025 17:08:10.552 UTC,1.37787,1.37778,0.00135,0.0012
02.09.2025 17:08:10.604 UTC,1.37788,1.37779,0.00135,0.0012
02.09.2025 17:08:15.741 UTC,1.37789,1.37779,0.00135,0.0012
02.09.2025 17:08:19.819 UTC,1.37791,1.37781,0.00135,0.0012
02.09.2025 17:08:23.892 UTC,1.37791,1.37783,0.00135,0.0012
02.09.2025 17:08:23.945 UTC,1.37791,1.3778,0.00135,0.0012
02.09.2025 17:08:28.342 UTC,1.37788,1.3778,0.0018,0.0012
02.09.2025 17:08:28.394 UTC,1.37789,1.37777,0.0018,0.0018
02.09.2025 17:08:36.147 UTC,1.37788,1.3778,0.00135,0.0018
02.09.2025 17:08:37.286 UTC,1.37789,1.37779,0.0024,0.0012
02.09.2025 17:08:37.337 UTC,1.37789,1.37777,0.00375,0.0012
02.09.2025 17:08:37.388 UTC,1.37786,1.37778,0.0018,0.0012
02.09.2025 17:08:42.011 UTC,1.37786,1.37775,0.00135,0.0018
02.09.2025 17:08:42.063 UTC,1.37784,1.37774,0.00135,0.0018
02.09.2025 17:08:42.165 UTC,1.37782,1.37773,0.00135,0.0012
02.09.2025 17:08:43.072 UTC,1.37782,1.37774,0.00135,0.0012
02.09.2025 17:08:43.175 UTC,1.37783,1.37774,0.00135,0.0012
02.09.2025 17:08:47.729 UTC,1.37782,1.37774,0.00135,0.0018
02.09.2025 17:08:48.586 UTC,1.37783,1.37774,0.00135,0.0012
02.09.2025 17:08:49.042 UTC,1.37781,1.37774,0.00135,0.0012
02.09.2025 17:08:52.010 UTC,1.37782,1.37774,0.00135,0.0012
02.09.2025 17:08:52.315 UTC,1.37781,1.37774,0.00135,0.0012
02.09.2025 17:08:56.693 UTC,1.37782,1.37774,0.00135,0.0018
02.09.2025 17:08:57.200 UTC,1.37783,1.37774,0.00135,0.0012
02.09.2025 17:08:58.366 UTC,1.37785,1.37775,0.00135,0.0018
02.09.2025 17:08:58.468 UTC,1.37785,1.37776,0.00135,0.0012
02.09.2025 17:08:58.622 UTC,1.37785,1.37777,0.00135,0.0012
02.09.2025 17:09:02.570 UTC,1.37786,1.37776,0.0018,0.0012
02.09.2025 17:09:05.337 UTC,1.37786,1.37776,0.00135,0.0018
02.09.2025 17:09:16.351 UTC,1.37788,1.37777,0.00225,0.0012
02.09.2025 17:09:16.455 UTC,1.37789,1.3778,0.0018,0.0018
02.09.2025 17:09:16.557 UTC,1.37789,1.37781,0.0018,0.0012
02.09.2025 17:09:24.639 UTC,1.3779,1.3778,0.00135,0.0012
02.09.2025 17:09:25.742 UTC,1.3779,1.37779,0.00135,0.0018
02.09.2025 17:09:25.947 UTC,1.3779,1.37778,0.00135,0.0018
02.09.2025 17:09:26.049 UTC,1.3779,1.37777,0.00225,0.0018
02.09.2025 17:09:27.056 UTC,1.3779,1.37778,0.00315,0.0012
02.09.2025 17:09:27.159 UTC,1.37789,1.37778,0.0012,0.0012
02.09.2025 17:09:28.370 UTC,1.3779,1.37778,0.0036,0.0012
02.09.2025 17:09:28.778 UTC,1.3779,1.37779,0.00225,0.0012
02.09.2025 17:09:29.989 UTC,1.37789,1.37779,0.00315,0.0018
02.09.2025 17:09:30.765 UTC,1.37789,1.3778,0.00225,0.0012
02.09.2025 17:09:35.292 UTC,1.3779,1.37778,0.00225,0.0027
02.09.2025 17:09:35.394 UTC,1.3779,1.37781,0.00225,0.0012
02.09.2025 17:09:36.253 UTC,1.37791,1.37779,0.00225,0.0018
02.09.2025 17:09:36.355 UTC,1.37791,1.3778,0.00225,0.0012
02.09.2025 17:09:39.477 UTC,1.37792,1.3778,0.0012,0.00225
02.09.2025 17:09:40.386 UTC,1.37792,1.37782,0.0018,0.0018
02.09.2025 17:09:50.803 UTC,1.37793,1.37782,0.00135,0.0012
02.09.2025 17:09:53.049 UTC,1.37792,1.37782,0.00225,0.0012
02.09.2025 17:09:55.775 UTC,1.37793,1.37782,0.0012,0.0012
02.09.2025 17:09:56.231 UTC,1.37793,1.37783,0.0018,0.0012
02.09.2025 17:09:57.090 UTC,1.37793,1.3778,0.00285,0.0018
02.09.2025 17:10:00.667 UTC,1.37791,1.3778,0.0012,0.0012
02.09.2025 17:10:00.770 UTC,1.3779,1.37778,0.0018,0.0012
02.09.2025 17:10:01.025 UTC,1.37791,1.37779,0.0012,0.0018
02.09.2025 17:10:01.128 UTC,1.37791,1.3778,0.0012,0.0012
02.09.2025 17:10:03.228 UTC,1.37791,1.37781,0.00225,0.0018
02.09.2025 17:10:03.331 UTC,1.37793,1.37781,0.0018,0.0018
02.09.2025 17:10:11.846 UTC,1.37791,1.37781,0.00135,0.0012
02.09.2025 17:10:17.865 UTC,1.37792,1.37781,0.0012,0.0012
02.09.2025 17:10:18.370 UTC,1.37793,1.37781,0.0012,0.0018
02.09.2025 17:10:18.976 UTC,1.37793,1.37783,0.0012,0.0012
02.09.2025 17:10:19.027 UTC,1.37795,1.37783,0.0012,0.0012
02.09.2025 17:10:19.130 UTC,1.37796,1.37784,0.00135,0.0012
02.09.2025 17:10:19.943 UTC,1.37796,1.37785,0.0012,0.0012
02.09.2025 17:10:20.046 UTC,1.37797,1.37785,0.0012,0.00135
02.09.2025 17:10:21.057 UTC,1.37797,1.37787,0.0018,0.0051
02.09.2025 17:10:21.161 UTC,1.37799,1.37787,0.0012,0.00225
02.09.2025 17:10:22.224 UTC,1.37798,1.37787,0.0012,0.0012
02.09.2025 17:10:22.327 UTC,1.37798,1.37786,0.0018,0.0012
02.09.2025 17:10:23.460 UTC,1.37796,1.37787,0.0012,0.0012
02.09.2025 17:10:23.817 UTC,1.37796,1.37786,0.00225,0.00225
02.09.2025 17:10:23.921 UTC,1.37794,1.37782,0.0012,0.00405
02.09.2025 17:10:24.278 UTC,1.37796,1.37784,0.0012,0.0012
02.09.2025 17:10:27.754 UTC,1.37795,1.37782,0.0012,0.00315
02.09.2025 17:10:27.908 UTC,1.37794,1.37782,0.0012,0.0018
02.09.2025 17:10:28.011 UTC,1.37795,1.37783,0.0018,0.0012
02.09.2025 17:10:29.172 UTC,1.37795,1.37783,0.0024,0.0012
02.09.2025 17:10:29.677 UTC,1.37794,1.37782,0.00135,0.0018
02.09.2025 17:10:29.781 UTC,1.37793,1.3778,0.00225,0.0018
02.09.2025 17:10:29.835 UTC,1.37791,1.3778,0.0012,0.0012
02.09.2025 17:10:29.889 UTC,1.37789,1.37777,0.0012,0.0018
02.09.2025 17:10:30.447 UTC,1.37788,1.37776,0.0012,0.00225
02.09.2025 17:10:32.931 UTC,1.37787,1.37775,0.0012,0.0012
02.09.2025 17:10:33.034 UTC,1.37786,1.37774,0.0018,0.0018
02.09.2025 17:10:33.137 UTC,1.37784,1.37773,0.0012,0.0012
02.09.2025 17:10:33.697 UTC,1.37783,1.37773,0.0018,0.00225
02.09.2025 17:10:33.799 UTC,1.37784,1.37773,0.0012,0.0012
02.09.2025 17:10:34.865 UTC,1.37786,1.37773,0.0018,0.0018
02.09.2025 17:10:36.484 UTC,1.37786,1.37774,0.0012,0.0012
02.09.2025 17:10:47.692 UTC,1.37787,1.37775,0.00225,0.0012
02.09.2025 17:10:50.560 UTC,1.37787,1.37776,0.0012,0.0012
02.09.2025 17:10:51.924 UTC,1.37785,1.37775,0.0012,0.0018
02.09.2025 17:10:54.077 UTC,1.37786,1.37775,0.0012,0.0012
02.09.2025 17:10:54.230 UTC,1.37787,1.37775,0.0012,0.0012
02.09.2025 17:10:54.484 UTC,1.37788,1.37775,0.00225,0.0012
02.09.2025 17:10:57.951 UTC,1.37789,1.37776,0.00225,0.0012
02.09.2025 17:11:00.828 UTC,1.37788,1.37776,0.0012,0.0018
02.09.2025 17:11:00.930 UTC,1.37789,1.37776,0.00225,0.0018
02.09.2025 17:11:03.527 UTC,1.37788,1.37776,0.0012,0.0012
02.09.2025 17:11:09.803 UTC,1.37789,1.37778,0.0012,0.0012
02.09.2025 17:11:09.855 UTC,1.37792,1.3778,0.0012,0.0018
02.09.2025 17:11:09.958 UTC,1.37792,1.37782,0.00315,0.0018
02.09.2025 17:11:10.467 UTC,1.37791,1.37782,0.0012,0.0012
02.09.2025 17:11:10.570 UTC,1.37792,1.3778,0.00315,0.0018
02.09.2025 17:11:11.429 UTC,1.3779,1.37781,0.00135,0.0018
02.09.2025 17:11:17.883 UTC,1.37791,1.37781,0.00315,0.0012
02.09.2025 17:11:24.522 UTC,1.37791,1.37782,0.0012,0.0012
02.09.2025 17:11:24.624 UTC,1.37792,1.37782,0.0012,0.0018
02.09.2025 17:11:38.496 UTC,1.37792,1.3778,0.0012,0.0018
02.09.2025 17:11:38.599 UTC,1.37789,1.3778,0.0012,0.00225
02.09.2025 17:11:38.702 UTC,1.37788,1.37779,0.0012,0.00135
02.09.2025 17:11:40.118 UTC,1.3779,1.37779,0.0018,0.0018
02.09.2025 17:11:40.170 UTC,1.37792,1.3778,0.00225,0.0012
02.09.2025 17:11:40.273 UTC,1.37793,1.37781,0.00315,0.00315
02.09.2025 17:11:48.416 UTC,1.37793,1.37782,0.00135,0.0018
02.09.2025 17:11:48.470 UTC,1.37795,1.37783,0.00135,0.0018
02.09.2025 17:11:48.574 UTC,1.37794,1.37785,0.00135,0.0012
02.09.2025 17:11:48.626 UTC,1.37794,1.37787,0.0012,0.0012
02.09.2025 17:11:49.334 UTC,1.37796,1.37786,0.0018,0.0012
02.09.2025 17:11:49.488 UTC,1.37797,1.37787,0.00315,0.0012
02.09.2025 17:11:49.590 UTC,1.37796,1.37789,0.0018,0.0012
02.09.2025 17:11:54.415 UTC,1.37798,1.37789,0.00315,0.0012
02.09.2025 17:11:54.872 UTC,1.37798,1.37788,0.00315,0.0012
02.09.2025 17:11:55.880 UTC,1.37798,1.37789,0.00315,0.0012
02.09.2025 17:11:56.132 UTC,1.37797,1.37789,0.00315,0.0012
02.09.2025 17:12:00.126 UTC,1.37798,1.37787,0.00315,0.0012
02.09.2025 17:12:00.229 UTC,1.37796,1.37788,0.0012,0.0012
02.09.2025 17:12:01.338 UTC,1.37797,1.37788,0.0012,0.0012
02.09.2025 17:12:02.096 UTC,1.37798,1.37788,0.00135,0.0012
02.09.2025 17:12:04.257 UTC,1.37798,1.37786,0.00225,0.0018
02.09.2025 17:12:06.619 UTC,1.37797,1.37788,0.0018,0.00135
02.09.2025 17:12:07.226 UTC,1.37799,1.37788,0.0012,0.0012
02.09.2025 17:12:07.330 UTC,1.378,1.37789,0.0012,0.0033
02.09.2025 17:12:07.433 UTC,1.37802,1.37793,0.0012,0.0012
02.09.2025 17:12:07.585 UTC,1.37803,1.37793,0.0012,0.0012
02.09.2025 17:12:07.738 UTC,1.37802,1.37793,0.0012,0.0012
02.09.2025 17:12:08.800 UTC,1.37802,1.37792,0.0018,0.0012
02.09.2025 17:12:11.216 UTC,1.37801,1.37792,0.00135,0.0012
02.09.2025 17:12:11.319 UTC,1.378,1.3779,0.0018,0.00135
02.09.2025 17:12:11.524 UTC,1.37801,1.37791,0.00135,0.0012
02.09.2025 17:12:11.627 UTC,1.37801,1.37792,0.0018,0.0012
02.09.2025 17:12:12.738 UTC,1.37802,1.37793,0.0018,0.0012
02.09.2025 17:12:13.600 UTC,1.37802,1.37794,0.0018,0.0012
02.09.2025 17:12:16.269 UTC,1.37802,1.37793,0.00135,0.0012
02.09.2025 17:12:16.372 UTC,1.37801,1.37792,0.0012,0.00135
02.09.2025 17:12:17.980 UTC,1.37802,1.37789,0.0018,0.00315
02.09.2025 17:12:18.082 UTC,1.37801,1.37791,0.0018,0.0012
02.09.2025 17:12:22.008 UTC,1.37802,1.37792,0.00225,0.0012
02.09.2025 17:12:22.111 UTC,1.37804,1.37792,0.0012,0.0018
02.09.2025 17:12:22.366 UTC,1.37803,1.37793,0.00135,0.0012
02.09.2025 17:12:22.418 UTC,1.37801,1.37789,0.0012,0.00495
02.09.2025 17:12:23.480 UTC,1.37802,1.37789,0.00225,0.00585
02.09.2025 17:12:23.682 UTC,1.378,1.3779,0.0012,0.00495
02.09.2025 17:12:24.237 UTC,1.37802,1.37789,0.00225,0.00585
02.09.2025 17:12:24.339 UTC,1.37802,1.3779,0.00135,0.0012
02.09.2025 17:12:24.542 UTC,1.37801,1.3779,0.00225,0.00585
02.09.2025 17:12:26.655 UTC,1.37801,1.37791,0.0018,0.0012
02.09.2025 17:12:28.989 UTC,1.37805,1.37795,0.0012,0.0012
02.09.2025 17:12:29.041 UTC,1.37806,1.37796,0.00225,0.0012
02.09.2025 17:12:29.144 UTC,1.37808,1.37796,0.0012,0.0012
02.09.2025 17:12:29.248 UTC,1.37809,1.378,0.0012,0.0018
02.09.2025 17:12:29.402 UTC,1.37811,1.37799,0.0012,0.0012
02.09.2025 17:12:34.241 UTC,1.37809,1.37799,0.0018,0.00225
02.09.2025 17:12:34.343 UTC,1.37808,1.37799,0.0012,0.00225
02.09.2025 17:12:34.498 UTC,1.37809,1.37797,0.00225,0.00315
02.09.2025 17:12:34.600 UTC,1.37808,1.37796,0.0018,0.00225
02.09.2025 17:12:36.265 UTC,1.37807,1.37796,0.0012,0.00225
02.09.2025 17:12:39.734 UTC,1.37806,1.37795,0.0012,0.00225
02.09.2025 17:12:39.837 UTC,1.37806,1.37794,0.0012,0.00315
02.09.2025 17:12:47.881 UTC,1.37805,1.37794,0.0012,0.0012
02.09.2025 17:12:47.984 UTC,1.37805,1.37793,0.0018,0.0012
02.09.2025 17:12:48.088 UTC,1.37802,1.37792,0.00135,0.0018
02.09.2025 17:12:48.259 UTC,1.37802,1.3779,0.0018,0.0012
02.09.2025 17:12:49.874 UTC,1.37803,1.37791,0.0036,0.0012
02.09.2025 17:12:50.939 UTC,1.37801,1.37792,0.0012,0.0012
02.09.2025 17:12:52.652 UTC,1.37802,1.37792,0.00135,0.0012
02.09.2025 17:12:52.806 UTC,1.37801,1.37792,0.0012,0.0012
02.09.2025 17:12:56.679 UTC,1.37802,1.37792,0.00225,0.0012
02.09.2025 17:12:59.874 UTC,1.37801,1.37791,0.0012,0.00315
02.09.2025 17:12:59.976 UTC,1.37803,1.37792,0.0012,0.00135
02.09.2025 17:13:00.028 UTC,1.37805,1.37793,0.00135,0.0018
02.09.2025 17:13:00.536 UTC,1.37803,1.37791,0.0012,0.0012
02.09.2025 17:13:00.843 UTC,1.37801,1.37791,0.0012,0.00135
02.09.2025 17:13:00.946 UTC,1.37801,1.3779,0.00225,0.00225
02.09.2025 17:13:01.301 UTC,1.378,1.3779,0.00135,0.00225
02.09.2025 17:13:03.065 UTC,1.37799,1.37789,0.00225,0.0018
02.09.2025 17:13:03.117 UTC,1.37799,1.37786,0.0018,0.00225
02.09.2025 17:13:03.221 UTC,1.37798,1.37786,0.0012,0.00225
02.09.2025 17:13:05.086 UTC,1.37798,1.37785,0.0018,0.00585
02.09.2025 17:13:05.188 UTC,1.37798,1.37786,0.0012,0.0012
02.09.2025 17:13:06.049 UTC,1.37799,1.37787,0.0018,0.0012
02.09.2025 17:13:10.162 UTC,1.37797,1.37788,0.0012,0.00225
02.09.2025 17:13:11.725 UTC,1.37799,1.37787,0.00225,0.0012
02.09.2025 17:13:13.091 UTC,1.37798,1.37787,0.0012,0.0012
02.09.2025 17:13:21.265 UTC,1.37797,1.37787,0.0018,0.0012
02.09.2025 17:13:32.172 UTC,1.37797,1.37785,0.00135,0.00315
02.09.2025 17:13:32.224 UTC,1.37793,1.37783,0.0012,0.0018
02.09.2025 17:13:32.276 UTC,1.37792,1.37781,0.00135,0.0012
02.09.2025 17:13:32.329 UTC,1.37788,1.37778,0.0012,0.00315
02.09.2025 17:13:32.381 UTC,1.37787,1.37776,0.0012,0.0012
02.09.2025 17:13:32.433 UTC,1.37785,1.37773,0.0018,0.0018
02.09.2025 17:13:32.536 UTC,1.37783,1.37773,0.0018,0.00225
02.09.2025 17:13:33.548 UTC,1.37783,1.37771,0.0012,0.00315
02.09.2025 17:13:33.600 UTC,1.37778,1.37769,0.0012,0.00405
02.09.2025 17:13:33.703 UTC,1.37778,1.37768,0.0012,0.00495
02.09.2025 17:13:33.959 UTC,1.37779,1.37769,0.0012,0.0012
02.09.2025 17:13:34.417 UTC,1.37781,1.37769,0.0012,0.0012
02.09.2025 17:13:36.080 UTC,1.37779,1.37767,0.0012,0.00585
02.09.2025 17:13:36.285 UTC,1.3778,1.37768,0.0012,0.0012
02.09.2025 17:13:36.439 UTC,1.37779,1.37768,0.0012,0.0012
02.09.2025 17:13:36.542 UTC,1.37779,1.37767,0.0012,0.00315
02.09.2025 17:13:40.054 UTC,1.37779,1.37768,0.0012,0.0012
02.09.2025 17:13:40.264 UTC,1.3778,1.37768,0.0012,0.0012
02.09.2025 17:13:40.468 UTC,1.37778,1.37769,0.0012,0.0012
02.09.2025 17:13:41.479 UTC,1.37778,1.37768,0.0012,0.0012
02.09.2025 17:13:44.005 UTC,1.37779,1.37768,0.0012,0.0012
02.09.2025 17:13:45.462 UTC,1.3778,1.37768,0.0012,0.0012
02.09.2025 17:13:45.514 UTC,1.37782,1.37769,0.0018,0.0018
02.09.2025 17:13:45.718 UTC,1.37781,1.37771,0.0012,0.0012
02.09.2025 17:13:47.638 UTC,1.37782,1.37769,0.0018,0.0018
02.09.2025 17:13:49.597 UTC,1.3778,1.37769,0.0012,0.00495
02.09.2025 17:13:49.700 UTC,1.3778,1.37768,0.0012,0.0018
02.09.2025 17:13:49.803 UTC,1.3778,1.3777,0.0018,0.00135
02.09.2025 17:13:50.008 UTC,1.3778,1.37771,0.0012,0.0012
02.09.2025 17:13:52.653 UTC,1.3778,1.3777,0.0012,0.00135
02.09.2025 17:13:52.806 UTC,1.3778,1.37771,0.0012,0.0012
02.09.2025 17:14:01.518 UTC,1.3778,1.3777,0.0012,0.00225
02.09.2025 17:14:01.620 UTC,1.3778,1.37769,0.0012,0.00225
02.09.2025 17:14:01.748 UTC,1.37776,1.37767,0.0012,0.0012
02.09.2025 17:14:03.765 UTC,1.37777,1.37767,0.0012,0.0012
02.09.2025 17:14:05.328 UTC,1.37776,1.37767,0.0012,0.0012
02.09.2025 17:14:07.748 UTC,1.37778,1.37767,0.0012,0.00225
02.09.2025 17:14:07.953 UTC,1.37777,1.37769,0.0012,0.0012
02.09.2025 17:14:09.622 UTC,1.37778,1.37767,0.0012,0.00225
02.09.2025 17:14:09.725 UTC,1.37778,1.37768,0.0012,0.0012
02.09.2025 17:14:11.843 UTC,1.37777,1.37768,0.0012,0.00225
02.09.2025 17:14:12.657 UTC,1.37775,1.37767,0.0012,0.0018
02.09.2025 17:14:12.709 UTC,1.37768,1.37762,0.0012,0.0018
02.09.2025 17:14:12.813 UTC,1.37766,1.37757,0.0012,0.0012
02.09.2025 17:14:12.917 UTC,1.37766,1.37756,0.0012,0.0012
02.09.2025 17:14:13.070 UTC,1.37765,1.37756,0.0012,0.0012
02.09.2025 17:14:15.093 UTC,1.37765,1.37755,0.0012,0.0012
02.09.2025 17:14:15.296 UTC,1.37766,1.37755,0.0012,0.0012
02.09.2025 17:14:15.399 UTC,1.37766,1.37756,0.0012,0.00225
02.09.2025 17:14:18.717 UTC,1.37767,1.37756,0.0012,0.0012
02.09.2025 17:14:22.836 UTC,1.37767,1.37757,0.0012,0.0012
02.09.2025 17:14:23.743 UTC,1.37768,1.37757,0.0012,0.00225
02.09.2025 17:14:23.796 UTC,1.3777,1.37759,0.0012,0.0012
02.09.2025 17:14:24.050 UTC,1.37769,1.37759,0.00135,0.0012
02.09.2025 17:14:29.177 UTC,1.37769,1.37757,0.00225,0.0012
02.09.2025 17:14:29.382 UTC,1.37768,1.37757,0.00225,0.0012
02.09.2025 17:14:35.785 UTC,1.37766,1.37757,0.00135,0.0012
02.09.2025 17:14:37.301 UTC,1.37764,1.37756,0.00225,0.0012
02.09.2025 17:14:37.404 UTC,1.37764,1.37755,0.00225,0.0012
02.09.2025 17:14:37.508 UTC,1.37765,1.37755,0.00135,0.0012
02.09.2025 17:14:38.544 UTC,1.37765,1.37756,0.00135,0.0012
02.09.2025 17:14:39.003 UTC,1.37765,1.37757,0.0012,0.0012
02.09.2025 17:14:39.961 UTC,1.37765,1.37758,0.0012,0.0012
02.09.2025 17:14:43.325 UTC,1.37766,1.37755,0.0012,0.0012
02.09.2025 17:14:44.588 UTC,1.37765,1.37755,0.0012,0.0012
02.09.2025 17:14:45.700 UTC,1.37765,1.37755,0.00135,0.0012
02.09.2025 17:14:45.854 UTC,1.37767,1.37756,0.0012,0.00135
02.09.2025 17:14:48.071 UTC,1.37764,1.37755,0.0018,0.0027
02.09.2025 17:14:48.123 UTC,1.37762,1.37752,0.00225,0.0012
02.09.2025 17:14:51.122 UTC,1.37762,1.37753,0.0012,0.0012
02.09.2025 17:14:51.729 UTC,1.37763,1.37751,0.0012,0.00135
02.09.2025 17:14:52.437 UTC,1.37762,1.3775,0.0012,0.0012
02.09.2025 17:14:52.540 UTC,1.37762,1.37751,0.0012,0.0012
02.09.2025 17:14:56.164 UTC,1.37762,1.3775,0.00225,0.0018
02.09.2025 17:14:56.420 UTC,1.37761,1.37748,0.00225,0.0012
02.09.2025 17:14:56.472 UTC,1.37759,1.37748,0.0012,0.0012
02.09.2025 17:14:57.131 UTC,1.37759,1.37747,0.0012,0.0018
02.09.2025 17:14:57.435 UTC,1.37759,1.37746,0.0012,0.00405
02.09.2025 17:15:00.253 UTC,1.37759,1.37747,0.00135,0.00495
02.09.2025 17:15:00.408 UTC,1.3776,1.37749,0.0018,0.0018
02.09.2025 17:15:00.510 UTC,1.37762,1.37748,0.0012,0.00405
02.09.2025 17:15:01.087 UTC,1.37763,1.37751,0.00135,0.0018
02.09.2025 17:15:01.189 UTC,1.37763,1.37752,0.00135,0.0012
02.09.2025 17:15:01.293 UTC,1.37765,1.37752,0.00135,0.00315
02.09.2025 17:15:01.344 UTC,1.37765,1.37755,0.00135,0.0012
02.09.2025 17:15:01.498 UTC,1.37767,1.37755,0.0012,0.0012
02.09.2025 17:15:04.119 UTC,1.37766,1.37757,0.0012,0.0012
02.09.2025 17:15:06.128 UTC,1.37767,1.37754,0.0018,0.0012
02.09.2025 17:15:07.240 UTC,1.37764,1.37755,0.00135,0.0012
02.09.2025 17:15:07.343 UTC,1.37763,1.37753,0.0012,0.0012
02.09.2025 17:15:07.903 UTC,1.37764,1.37751,0.0012,0.0036
02.09.2025 17:15:08.158 UTC,1.37764,1.37752,0.0012,0.0012
02.09.2025 17:15:08.262 UTC,1.37763,1.37755,0.00135,0.0012
02.09.2025 17:15:08.365 UTC,1.37765,1.37753,0.00225,0.0012
02.09.2025 17:15:08.467 UTC,1.37764,1.37753,0.00135,0.0012
02.09.2025 17:15:08.928 UTC,1.37764,1.37752,0.0012,0.0012
02.09.2025 17:15:09.637 UTC,1.37763,1.37752,0.00135,0.0012
02.09.2025 17:15:10.546 UTC,1.37764,1.37752,0.00135,0.0018
02.09.2025 17:15:10.648 UTC,1.37764,1.37753,0.00135,0.0012
02.09.2025 17:15:11.278 UTC,1.37764,1.37752,0.0024,0.0012
02.09.2025 17:15:11.381 UTC,1.37763,1.37751,0.0024,0.0012
02.09.2025 17:15:13.700 UTC,1.37763,1.37751,0.00225,0.0012
02.09.2025 17:15:13.803 UTC,1.37763,1.37755,0.00135,0.0012
02.09.2025 17:15:13.905 UTC,1.37765,1.37754,0.00225,0.0012
02.09.2025 17:15:14.008 UTC,1.37764,1.37754,0.00225,0.0012
02.09.2025 17:15:14.059 UTC,1.37763,1.37752,0.00135,0.0012
02.09.2025 17:15:14.264 UTC,1.37763,1.37751,0.00135,0.0027
02.09.2025 17:15:14.417 UTC,1.37761,1.37752,0.00135,0.0027
02.09.2025 17:15:15.026 UTC,1.37762,1.3775,0.00135,0.0018
02.09.2025 17:15:15.181 UTC,1.3776,1.37752,0.00135,0.0012
02.09.2025 17:15:15.489 UTC,1.37761,1.3775,0.00135,0.0012
02.09.2025 17:15:16.549 UTC,1.37761,1.37749,0.00135,0.0012
02.09.2025 17:15:16.651 UTC,1.37761,1.37748,0.00135,0.0036
02.09.2025 17:15:19.794 UTC,1.3776,1.37748,0.00135,0.00405
02.09.2025 17:15:22.013 UTC,1.37759,1.37747,0.0012,0.0012
02.09.2025 17:15:22.067 UTC,1.37759,1.37745,0.0012,0.00765
02.09.2025 17:15:22.170 UTC,1.37759,1.37746,0.00225,0.0012
02.09.2025 17:15:22.829 UTC,1.37758,1.37746,0.00135,0.0012
02.09.2025 17:15:22.931 UTC,1.37759,1.37746,0.00225,0.00135
02.09.2025 17:15:23.388 UTC,1.3776,1.37747,0.00135,0.00195
02.09.2025 17:15:24.299 UTC,1.3776,1.37752,0.00135,0.0012
02.09.2025 17:15:24.351 UTC,1.37761,1.3775,0.00135,0.00225
02.09.2025 17:15:24.454 UTC,1.37762,1.3775,0.00135,0.0012
02.09.2025 17:15:24.657 UTC,1.37763,1.3775,0.00225,0.00405
02.09.2025 17:15:24.760 UTC,1.37761,1.37749,0.00135,0.00135
02.09.2025 17:15:26.124 UTC,1.37761,1.37749,0.00225,0.00465
02.09.2025 17:15:26.328 UTC,1.37762,1.3775,0.00225,0.0012
02.09.2025 17:15:27.687 UTC,1.37763,1.3775,0.00135,0.00405
02.09.2025 17:15:27.790 UTC,1.37765,1.37756,0.00225,0.0012
02.09.2025 17:15:27.996 UTC,1.37767,1.37756,0.0018,0.0012
02.09.2025 17:15:28.049 UTC,1.37769,1.37756,0.00135,0.0018
02.09.2025 17:15:28.152 UTC,1.37768,1.37758,0.00135,0.0018
02.09.2025 17:15:31.180 UTC,1.37768,1.37757,0.00135,0.0012
02.09.2025 17:15:31.333 UTC,1.37769,1.37755,0.00135,0.00405
02.09.2025 17:15:31.385 UTC,1.37768,1.37755,0.0018,0.00405
02.09.2025 17:15:36.468 UTC,1.37766,1.37755,0.0018,0.0012
02.09.2025 17:15:36.826 UTC,1.37768,1.37757,0.00225,0.00405
02.09.2025 17:15:36.929 UTC,1.37768,1.37758,0.00135,0.0012
02.09.2025 17:15:37.031 UTC,1.37769,1.37758,0.00135,0.0012
02.09.2025 17:15:37.235 UTC,1.37769,1.37757,0.00135,0.00135
02.09.2025 17:15:38.445 UTC,1.37767,1.37757,0.00135,0.0027
02.09.2025 17:15:40.074 UTC,1.37769,1.37756,0.00225,0.0027
02.09.2025 17:15:40.730 UTC,1.37769,1.37756,0.0024,0.0027
02.09.2025 17:15:42.002 UTC,1.37768,1.37755,0.00225,0.00315
02.09.2025 17:15:42.605 UTC,1.37768,1.37757,0.00225,0.0012
02.09.2025 17:15:43.113 UTC,1.37767,1.37757,0.00135,0.0012
02.09.2025 17:15:49.851 UTC,1.37768,1.37755,0.00135,0.00405
02.09.2025 17:15:51.498 UTC,1.37768,1.37755,0.00135,0.0033
02.09.2025 17:15:51.700 UTC,1.37768,1.37755,0.00135,0.0027
02.09.2025 17:15:51.853 UTC,1.37768,1.37756,0.00135,0.0012
02.09.2025 17:15:52.461 UTC,1.37768,1.37756,0.0018,0.0027
02.09.2025 17:15:53.925 UTC,1.37768,1.37756,0.00135,0.0012
02.09.2025 17:15:56.895 UTC,1.37768,1.37756,0.0018,0.00135
02.09.2025 17:15:57.704 UTC,1.37768,1.37756,0.00135,0.0018
02.09.2025 17:15:59.367 UTC,1.37768,1.37756,0.0018,0.0012
02.09.2025 17:16:00.172 UTC,1.37768,1.37756,0.00135,0.0012
02.09.2025 17:16:00.302 UTC,1.37768,1.37755,0.00135,0.0012
02.09.2025 17:16:00.455 UTC,1.37767,1.37757,0.00135,0.0027
02.09.2025 17:16:03.836 UTC,1.3777,1.37756,0.0018,0.00465
02.09.2025 17:16:04.545 UTC,1.3777,1.37756,0.0024,0.00495
02.09.2025 17:16:04.648 UTC,1.37768,1.37756,0.0018,0.0018
02.09.2025 17:16:04.751 UTC,1.37768,1.37755,0.0024,0.0012
02.09.2025 17:16:04.854 UTC,1.37768,1.37754,0.0024,0.0036
02.09.2025 17:16:05.412 UTC,1.37768,1.37754,0.0024,0.0042
02.09.2025 17:16:05.565 UTC,1.37768,1.37754,0.0024,0.0036
02.09.2025 17:16:05.667 UTC,1.37768,1.37754,0.0024,0.0042
02.09.2025 17:16:07.124 UTC,1.37767,1.37755,0.0024,0.00225
02.09.2025 17:16:07.226 UTC,1.37766,1.37753,0.0018,0.00225
02.09.2025 17:16:07.329 UTC,1.37764,1.37754,0.0024,0.0012
02.09.2025 17:16:07.431 UTC,1.37765,1.37751,0.0024,0.00495
02.09.2025 17:16:07.888 UTC,1.37765,1.37754,0.0024,0.0012
02.09.2025 17:16:08.798 UTC,1.37766,1.37753,0.0024,0.00465
02.09.2025 17:16:09.195 UTC,1.37767,1.37754,0.0018,0.00225
02.09.2025 17:16:11.118 UTC,1.37767,1.37755,0.0018,0.0012
02.09.2025 17:16:13.632 UTC,1.37767,1.37755,0.0024,0.0012
02.09.2025 17:16:16.858 UTC,1.37767,1.37755,0.00135,0.0012
02.09.2025 17:16:16.961 UTC,1.37767,1.37754,0.00135,0.00225
02.09.2025 17:16:17.165 UTC,1.37767,1.37754,0.00135,0.0033
02.09.2025 17:16:17.318 UTC,1.37767,1.37754,0.00135,0.00315
02.09.2025 17:16:17.471 UTC,1.37767,1.37754,0.0018,0.00315
02.09.2025 17:16:18.126 UTC,1.37767,1.37754,0.0018,0.0033
02.09.2025 17:16:19.431 UTC,1.37767,1.37754,0.0018,0.00315
02.09.2025 17:16:19.586 UTC,1.37767,1.37755,0.0018,0.0012
02.09.2025 17:16:21.951 UTC,1.37767,1.37754,0.0018,0.00135
02.09.2025 17:16:23.157 UTC,1.37766,1.37755,0.0018,0.0033
02.09.2025 17:16:23.258 UTC,1.37766,1.37755,0.0012,0.0033
02.09.2025 17:16:23.862 UTC,1.37767,1.37754,0.0012,0.00315
02.09.2025 17:16:25.271 UTC,1.37767,1.37755,0.0012,0.00135
02.09.2025 17:16:29.943 UTC,1.37767,1.37754,0.0012,0.0012
02.09.2025 17:16:30.095 UTC,1.37767,1.37754,0.0018,0.0012
02.09.2025 17:16:30.248 UTC,1.37767,1.37754,0.0012,0.0012
02.09.2025 17:16:31.004 UTC,1.37766,1.37754,0.0018,0.00135
02.09.2025 17:16:31.107 UTC,1.37766,1.37753,0.0018,0.0036
02.09.2025 17:16:32.038 UTC,1.37766,1.37754,0.0018,0.0012
02.09.2025 17:16:33.601 UTC,1.37766,1.37753,0.0018,0.00225
02.09.2025 17:16:33.755 UTC,1.37765,1.37751,0.00225,0.00405
02.09.2025 17:16:34.109 UTC,1.37764,1.37753,0.00225,0.0012
02.09.2025 17:16:34.213 UTC,1.37764,1.37754,0.00135,0.0027
02.09.2025 17:16:34.316 UTC,1.37766,1.37753,0.0027,0.0027
02.09.2025 17:16:34.418 UTC,1.37765,1.37753,0.00135,0.0027
02.09.2025 17:16:35.987 UTC,1.37764,1.37754,0.00135,0.0018
02.09.2025 17:16:36.089 UTC,1.37765,1.37753,0.00135,0.00135
02.09.2025 17:16:37.053 UTC,1.37765,1.37754,0.00135,0.0012
02.09.2025 17:16:37.912 UTC,1.37765,1.37753,0.00225,0.0012
02.09.2025 17:16:38.118 UTC,1.37765,1.37754,0.00135,0.0012
02.09.2025 17:16:38.775 UTC,1.37766,1.37754,0.00135,0.0012
02.09.2025 17:16:42.806 UTC,1.37766,1.37755,0.00225,0.00315
02.09.2025 17:16:50.579 UTC,1.37766,1.37754,0.00135,0.0036
02.09.2025 17:16:51.489 UTC,1.37767,1.37754,0.00135,0.0018
02.09.2025 17:16:58.347 UTC,1.37769,1.37763,0.0012,0.00135
02.09.2025 17:16:58.450 UTC,1.37774,1.37766,0.00225,0.0012
02.09.2025 17:16:58.502 UTC,1.37772,1.37764,0.0012,0.00135
02.09.2025 17:16:58.605 UTC,1.37775,1.37763,0.00225,0.0012
02.09.2025 17:16:59.011 UTC,1.37775,1.37762,0.0012,0.0018
02.09.2025 17:16:59.418 UTC,1.37775,1.37764,0.00225,0.0012
02.09.2025 17:16:59.925 UTC,1.37775,1.37763,0.00225,0.0012
02.09.2025 17:17:00.028 UTC,1.37774,1.37765,0.00225,0.0012
02.09.2025 17:17:00.131 UTC,1.37774,1.37764,0.00225,0.0012
02.09.2025 17:17:01.702 UTC,1.37775,1.37764,0.00135,0.0012
02.09.2025 17:17:04.024 UTC,1.37776,1.37764,0.00225,0.0012
02.09.2025 17:17:08.142 UTC,1.37774,1.37764,0.00135,0.0012
02.09.2025 17:17:09.861 UTC,1.37775,1.37764,0.00135,0.0012
02.09.2025 17:17:10.065 UTC,1.37775,1.37763,0.00225,0.0012
02.09.2025 17:17:11.839 UTC,1.37774,1.37763,0.0012,0.0012
02.09.2025 17:17:11.942 UTC,1.37774,1.37761,0.0012,0.0027
02.09.2025 17:17:12.146 UTC,1.37773,1.37763,0.0012,0.0012
02.09.2025 17:17:12.803 UTC,1.37771,1.37761,0.00315,0.0012
02.09.2025 17:17:12.906 UTC,1.3777,1.37759,0.0012,0.0012
02.09.2025 17:17:12.957 UTC,1.3777,1.37757,0.0012,0.0027
02.09.2025 17:17:13.263 UTC,1.3777,1.37758,0.00135,0.0018
02.09.2025 17:17:17.234 UTC,1.37769,1.3776,0.00135,0.0012
02.09.2025 17:17:18.744 UTC,1.37772,1.3776,0.0012,0.0018
02.09.2025 17:17:18.847 UTC,1.37773,1.37762,0.00135,0.0012
02.09.2025 17:17:19.253 UTC,1.37774,1.37762,0.0012,0.0012
02.09.2025 17:17:19.407 UTC,1.37775,1.37763,0.00225,0.0012
02.09.2025 17:17:20.167 UTC,1.37775,1.37764,0.00135,0.0012
02.09.2025 17:17:29.021 UTC,1.37776,1.37765,0.00225,0.0012
02.09.2025 17:17:38.633 UTC,1.37777,1.37765,0.00495,0.0018
02.09.2025 17:17:38.736 UTC,1.37777,1.37767,0.0012,0.00135
02.09.2025 17:17:38.840 UTC,1.37779,1.37766,0.0018,0.00225
02.09.2025 17:17:38.993 UTC,1.37778,1.37768,0.0012,0.0027
02.09.2025 17:17:39.900 UTC,1.37778,1.37767,0.0012,0.0036
02.09.2025 17:17:40.304 UTC,1.37779,1.37767,0.0012,0.0012
02.09.2025 17:17:42.619 UTC,1.37779,1.37766,0.00135,0.0036
02.09.2025 17:17:43.578 UTC,1.37777,1.37767,0.0012,0.0027
02.09.2025 17:17:47.140 UTC,1.37778,1.37765,0.0012,0.00225
02.09.2025 17:17:48.748 UTC,1.37777,1.37766,0.0018,0.0024
02.09.2025 17:17:50.811 UTC,1.37777,1.37766,0.0018,0.0045
02.09.2025 17:17:53.726 UTC,1.37778,1.37765,0.0018,0.0051
02.09.2025 17:17:54.581 UTC,1.37778,1.37765,0.0012,0.00495
02.09.2025 17:17:54.683 UTC,1.37778,1.37765,0.0012,0.00555
02.09.2025 17:17:57.551 UTC,1.37779,1.37766,0.0018,0.00315
02.09.2025 17:17:58.767 UTC,1.3778,1.37767,0.00225,0.0012
02.09.2025 17:17:58.869 UTC,1.3778,1.37768,0.0018,0.0012
02.09.2025 17:17:59.577 UTC,1.3778,1.37767,0.0018,0.0018
02.09.2025 17:18:02.690 UTC,1.37778,1.37768,0.0012,0.0012
02.09.2025 17:18:02.997 UTC,1.3778,1.37769,0.00495,0.00135
02.09.2025 17:18:03.050 UTC,1.3778,1.37771,0.0012,0.0012
02.09.2025 17:18:03.153 UTC,1.37781,1.37769,0.0012,0.0018
02.09.2025 17:18:06.721 UTC,1.37781,1.3777,0.0012,0.0012
02.09.2025 17:18:08.499 UTC,1.3778,1.3777,0.0012,0.0012
02.09.2025 17:18:08.653 UTC,1.3778,1.37769,0.0018,0.00405
02.09.2025 17:18:08.807 UTC,1.37778,1.37769,0.0012,0.00405
02.09.2025 17:18:08.909 UTC,1.3778,1.37768,0.0018,0.0018
02.09.2025 17:18:09.011 UTC,1.37779,1.37768,0.0018,0.00225
02.09.2025 17:18:11.321 UTC,1.37778,1.37767,0.0012,0.0042
02.09.2025 17:18:11.424 UTC,1.37779,1.37766,0.0018,0.0018
02.09.2025 17:18:11.527 UTC,1.37779,1.37765,0.0036,0.00315
02.09.2025 17:18:11.630 UTC,1.37777,1.37765,0.0012,0.00135
02.09.2025 17:18:11.732 UTC,1.37777,1.37764,0.00225,0.0027
02.09.2025 17:18:18.675 UTC,1.37776,1.37764,0.0012,0.0012
02.09.2025 17:18:26.096 UTC,1.37775,1.37764,0.0012,0.00315
02.09.2025 17:18:27.854 UTC,1.37775,1.37763,0.00135,0.0012
02.09.2025 17:18:31.001 UTC,1.37775,1.37762,0.00135,0.0027
02.09.2025 17:18:31.257 UTC,1.37775,1.37763,0.00495,0.0012
02.09.2025 17:18:31.511 UTC,1.37775,1.37762,0.00495,0.0027
02.09.2025 17:18:33.128 UTC,1.37775,1.37763,0.00495,0.0012
02.09.2025 17:18:33.483 UTC,1.37775,1.37762,0.00495,0.0012
02.09.2025 17:18:34.842 UTC,1.37774,1.37764,0.00405,0.0012
02.09.2025 17:18:36.107 UTC,1.37775,1.37764,0.00405,0.0012
02.09.2025 17:18:38.262 UTC,1.37777,1.37764,0.00225,0.0018
02.09.2025 17:18:38.364 UTC,1.37776,1.37766,0.00225,0.0012
02.09.2025 17:18:39.520 UTC,1.37777,1.37764,0.00225,0.0018
02.09.2025 17:18:40.276 UTC,1.37777,1.37765,0.00225,0.0012
02.09.2025 17:18:41.582 UTC,1.37775,1.37765,0.00135,0.0012
02.09.2025 17:18:41.993 UTC,1.37775,1.37764,0.00135,0.0012
02.09.2025 17:18:43.104 UTC,1.37774,1.37766,0.00135,0.0012
02.09.2025 17:18:46.472 UTC,1.37777,1.37765,0.00225,0.0012
02.09.2025 17:18:50.712 UTC,1.37776,1.37764,0.00135,0.0012
02.09.2025 17:18:52.228 UTC,1.37775,1.37766,0.00135,0.0012
02.09.2025 17:18:55.200 UTC,1.37775,1.37763,0.00135,0.0012
02.09.2025 17:18:55.558 UTC,1.37775,1.37764,0.00135,0.0012
02.09.2025 17:18:56.623 UTC,1.37776,1.37766,0.00135,0.0012
02.09.2025 17:18:56.776 UTC,1.37776,1.37765,0.00135,0.0012
02.09.2025 17:19:09.690 UTC,1.37774,1.37765,0.00135,0.0012
02.09.2025 17:19:09.742 UTC,1.37773,1.37761,0.00225,0.0018
02.09.2025 17:19:10.050 UTC,1.37774,1.37762,0.0012,0.0012
02.09.2025 17:19:10.102 UTC,1.37774,1.37765,0.0018,0.0012
02.09.2025 17:19:11.230 UTC,1.37776,1.37765,0.00225,0.0012
02.09.2025 17:19:11.333 UTC,1.37776,1.37766,0.0012,0.0012
02.09.2025 17:19:14.710 UTC,1.37776,1.37765,0.0012,0.0012
02.09.2025 17:19:18.196 UTC,1.37776,1.37764,0.0012,0.0012
02.09.2025 17:19:18.450 UTC,1.37776,1.37765,0.0012,0.0012
02.09.2025 17:19:30.641 UTC,1.37776,1.37764,0.00135,0.0012
02.09.2025 17:19:31.549 UTC,1.37776,1.37765,0.00135,0.0012
02.09.2025 17:19:31.652 UTC,1.37775,1.37764,0.00225,0.0012
02.09.2025 17:19:31.704 UTC,1.37773,1.37763,0.0012,0.0012
02.09.2025 17:19:31.807 UTC,1.37774,1.37765,0.00135,0.0012
02.09.2025 17:19:32.009 UTC,1.37775,1.37763,0.00135,0.0012
02.09.2025 17:19:34.036 UTC,1.37774,1.37763,0.0012,0.0012
02.09.2025 17:19:34.440 UTC,1.37775,1.37763,0.00135,0.0012
02.09.2025 17:19:34.542 UTC,1.37775,1.37764,0.00135,0.0012
02.09.2025 17:19:36.106 UTC,1.37775,1.37765,0.00135,0.0012
02.09.2025 17:19:42.724 UTC,1.37774,1.37765,0.00135,0.0012
02.09.2025 17:19:42.984 UTC,1.37774,1.37764,0.0012,0.0012
02.09.2025 17:19:43.036 UTC,1.37773,1.37762,0.0012,0.00135
02.09.2025 17:19:43.088 UTC,1.37772,1.3776,0.00225,0.0018
02.09.2025 17:19:43.191 UTC,1.3777,1.37758,0.00135,0.0036
02.09.2025 17:19:43.588 UTC,1.37771,1.37758,0.00135,0.0036
02.09.2025 17:19:44.095 UTC,1.37771,1.3776,0.00135,0.0012
02.09.2025 17:19:46.061 UTC,1.37771,1.37758,0.00135,0.0018
02.09.2025 17:19:46.714 UTC,1.3777,1.37758,0.00135,0.0018
02.09.2025 17:19:46.816 UTC,1.3777,1.37757,0.00135,0.0036
02.09.2025 17:19:47.221 UTC,1.37771,1.3776,0.00225,0.0012
02.09.2025 17:19:47.325 UTC,1.37771,1.37761,0.00225,0.0012
02.09.2025 17:19:47.478 UTC,1.37772,1.37761,0.00225,0.0012
02.09.2025 17:19:51.506 UTC,1.37772,1.3776,0.00225,0.0012
02.09.2025 17:19:54.394 UTC,1.37772,1.37761,0.00225,0.0012
02.09.2025 17:19:54.747 UTC,1.37772,1.3776,0.00225,0.0012
02.09.2025 17:19:58.119 UTC,1.37771,1.37761,0.0051,0.0012
02.09.2025 17:19:58.222 UTC,1.3777,1.37758,0.00315,0.0018
02.09.2025 17:19:58.273 UTC,1.3777,1.37756,0.00315,0.00495
02.09.2025 17:19:58.376 UTC,1.37769,1.37757,0.0012,0.0012
02.09.2025 17:19:58.733 UTC,1.3777,1.37757,0.00315,0.0012
02.09.2025 17:19:59.085 UTC,1.37769,1.37757,0.0012,0.0012
02.09.2025 17:20:03.183 UTC,1.37769,1.37756,0.0018,0.0027
02.09.2025 17:20:03.286 UTC,1.37768,1.37757,0.0033,0.0027
02.09.2025 17:20:04.447 UTC,1.37769,1.37756,0.00225,0.0012
02.09.2025 17:20:05.961 UTC,1.3777,1.37757,0.00495,0.0012
02.09.2025 17:20:06.825 UTC,1.37769,1.37757,0.0012,0.0012
02.09.2025 17:20:06.928 UTC,1.37768,1.37757,0.00225,0.0012
02.09.2025 17:20:07.031 UTC,1.37765,1.37756,0.0012,0.0012
02.09.2025 17:20:08.304 UTC,1.37764,1.37755,0.00135,0.0012
02.09.2025 17:20:08.356 UTC,1.37764,1.37753,0.00135,0.0018
02.09.2025 17:20:08.511 UTC,1.37762,1.37752,0.0012,0.00135
02.09.2025 17:20:09.269 UTC,1.37763,1.37753,0.0012,0.0012
02.09.2025 17:20:09.372 UTC,1.37763,1.37754,0.00135,0.0018
02.09.2025 17:20:09.475 UTC,1.37764,1.37755,0.00135,0.0012
02.09.2025 17:20:09.578 UTC,1.37766,1.37755,0.00135,0.0012
02.09.2025 17:20:09.833 UTC,1.37768,1.37756,0.00225,0.0012
02.09.2025 17:20:10.241 UTC,1.37768,1.37757,0.00225,0.0012
02.09.2025 17:20:11.002 UTC,1.37768,1.37755,0.00225,0.0018
02.09.2025 17:20:11.104 UTC,1.37767,1.37755,0.0012,0.0012
02.09.2025 17:20:15.393 UTC,1.37766,1.37757,0.0012,0.0012
02.09.2025 17:20:18.365 UTC,1.37766,1.37756,0.0018,0.0012
02.09.2025 17:20:18.468 UTC,1.37766,1.37755,0.0018,0.0012
02.09.2025 17:20:20.431 UTC,1.37766,1.37756,0.00225,0.0012
02.09.2025 17:20:22.245 UTC,1.37767,1.37756,0.00135,0.0012
02.09.2025 17:20:22.356 UTC,1.3777,1.37758,0.0012,0.00405
02.09.2025 17:20:22.424 UTC,1.37772,1.37761,0.0012,0.0012
02.09.2025 17:20:22.479 UTC,1.37771,1.3776,0.0012,0.0012
02.09.2025 17:20:22.582 UTC,1.37771,1.37762,0.0012,0.0012
02.09.2025 17:20:22.685 UTC,1.37772,1.37759,0.0012,0.0012
02.09.2025 17:20:22.788 UTC,1.37772,1.3776,0.0012,0.0012
02.09.2025 17:20:23.698 UTC,1.37772,1.37759,0.0018,0.0012
02.09.2025 17:20:27.922 UTC,1.3777,1.37758,0.0012,0.0012
02.09.2025 17:20:28.025 UTC,1.37769,1.3776,0.0012,0.0012
02.09.2025 17:20:28.127 UTC,1.3777,1.37757,0.0012,0.0036
02.09.2025 17:20:29.237 UTC,1.37769,1.37759,0.0012,0.0012
02.09.2025 17:20:32.504 UTC,1.3777,1.3776,0.0012,0.0012
02.09.2025 17:20:32.707 UTC,1.3777,1.37759,0.0012,0.0012
02.09.2025 17:20:33.413 UTC,1.37771,1.37759,0.0012,0.0012
02.09.2025 17:20:36.672 UTC,1.3777,1.37761,0.00225,0.0012
02.09.2025 17:20:37.129 UTC,1.37772,1.3776,0.00225,0.0012
02.09.2025 17:20:37.232 UTC,1.37772,1.37761,0.0012,0.0012
02.09.2025 17:20:38.996 UTC,1.37773,1.37761,0.0018,0.0012
02.09.2025 17:20:39.099 UTC,1.37774,1.37763,0.00135,0.0012
02.09.2025 17:20:45.121 UTC,1.37774,1.37764,0.00135,0.0012
02.09.2025 17:20:45.727 UTC,1.37774,1.37763,0.00135,0.0012
02.09.2025 17:20:46.784 UTC,1.37776,1.37764,0.0027,0.0012
02.09.2025 17:20:46.887 UTC,1.37776,1.37765,0.00135,0.0012
02.09.2025 17:20:46.990 UTC,1.37777,1.37766,0.0012,0.0012
02.09.2025 17:20:47.398 UTC,1.37777,1.37764,0.0012,0.0018
02.09.2025 17:20:47.500 UTC,1.37776,1.37764,0.0012,0.0018
02.09.2025 17:20:49.467 UTC,1.37777,1.37764,0.0012,0.0012
02.09.2025 17:20:54.613 UTC,1.37776,1.37764,0.0012,0.0012
02.09.2025 17:20:55.121 UTC,1.37774,1.37764,0.0012,0.0012
02.09.2025 17:20:55.172 UTC,1.37774,1.37762,0.0012,0.0027
02.09.2025 17:20:55.277 UTC,1.37775,1.37762,0.0012,0.0027
02.09.2025 17:20:56.134 UTC,1.37774,1.37765,0.0012,0.0012
02.09.2025 17:20:56.237 UTC,1.37776,1.37764,0.0012,0.0012
02.09.2025 17:20:56.339 UTC,1.37776,1.37765,0.0012,0.0012
02.09.2025 17:21:00.161 UTC,1.37776,1.37763,0.0012,0.0012
02.09.2025 17:21:02.383 UTC,1.37775,1.37765,0.0012,0.0012
02.09.2025 17:21:06.101 UTC,1.37778,1.37764,0.0012,0.00225
02.09.2025 17:21:06.705 UTC,1.37777,1.37766,0.00135,0.0012
02.09.2025 17:21:10.680 UTC,1.37778,1.37766,0.0012,0.0012
02.09.2025 17:21:15.807 UTC,1.37781,1.37768,0.00135,0.0012
02.09.2025 17:21:15.911 UTC,1.37782,1.37769,0.0027,0.0012
02.09.2025 17:21:16.016 UTC,1.37781,1.37768,0.0012,0.0018
02.09.2025 17:21:17.102 UTC,1.37781,1.37768,0.0012,0.0024
02.09.2025 17:21:22.940 UTC,1.37778,1.37766,0.0018,0.0024
02.09.2025 17:21:23.044 UTC,1.37778,1.37765,0.0012,0.0033
02.09.2025 17:21:23.855 UTC,1.37777,1.37767,0.0012,0.0018
02.09.2025 17:21:24.611 UTC,1.37777,1.37766,0.0012,0.0024
02.09.2025 17:21:32.349 UTC,1.37777,1.37766,0.0012,0.00135
02.09.2025 17:21:32.603 UTC,1.37778,1.37765,0.0012,0.0018
02.09.2025 17:21:44.530 UTC,1.37777,1.37766,0.00135,0.00135
02.09.2025 17:21:44.633 UTC,1.37776,1.37764,0.0012,0.0024
02.09.2025 17:21:44.736 UTC,1.37775,1.37765,0.00135,0.00135
02.09.2025 17:21:48.344 UTC,1.37774,1.37763,0.0012,0.0018
02.09.2025 17:21:53.577 UTC,1.37775,1.37765,0.0012,0.00135
02.09.2025 17:21:53.680 UTC,1.37775,1.37766,0.0012,0.00135
02.09.2025 17:21:53.833 UTC,1.37776,1.37766,0.0012,0.0018
02.09.2025 17:21:54.239 UTC,1.37776,1.37764,0.0012,0.00285
02.09.2025 17:21:58.421 UTC,1.37776,1.37763,0.0012,0.0033
02.09.2025 17:21:59.012 UTC,1.37775,1.37763,0.0012,0.0024
02.09.2025 17:22:07.105 UTC,1.37775,1.37763,0.0012,0.00135
02.09.2025 17:22:19.001 UTC,1.37775,1.37764,0.0012,0.00225
02.09.2025 17:22:22.760 UTC,1.37777,1.37764,0.0027,0.00225
02.09.2025 17:22:22.915 UTC,1.37777,1.37765,0.0012,0.00225
02.09.2025 17:22:23.220 UTC,1.37777,1.37766,0.0018,0.00315
02.09.2025 17:22:31.719 UTC,1.37776,1.37765,0.0012,0.00225
02.09.2025 17:22:31.861 UTC,1.37776,1.37764,0.0012,0.00225
02.09.2025 17:22:31.964 UTC,1.37776,1.37765,0.0012,0.0012
02.09.2025 17:22:32.067 UTC,1.37777,1.37765,0.0012,0.00225
02.09.2025 17:22:33.282 UTC,1.37776,1.37767,0.0012,0.00135
02.09.2025 17:22:33.643 UTC,1.37777,1.37767,0.0012,0.00135
02.09.2025 17:22:36.705 UTC,1.37779,1.37766,0.0018,0.00135
02.09.2025 17:22:41.654 UTC,1.37777,1.37766,0.00135,0.0033
02.09.2025 17:22:43.217 UTC,1.37777,1.37765,0.00135,0.00225
02.09.2025 17:22:43.320 UTC,1.37775,1.37765,0.0012,0.00225
02.09.2025 17:22:43.827 UTC,1.37775,1.37764,0.0012,0.00315
02.09.2025 17:22:44.933 UTC,1.37775,1.37763,0.0012,0.0012
02.09.2025 17:22:50.693 UTC,1.37775,1.37764,0.0012,0.0012
02.09.2025 17:22:52.104 UTC,1.37775,1.37763,0.0012,0.0012
02.09.2025 17:22:53.970 UTC,1.37776,1.37764,0.0012,0.0012
02.09.2025 17:22:57.543 UTC,1.37777,1.37764,0.0018,0.0018
02.09.2025 17:23:00.723 UTC,1.37776,1.37766,0.00135,0.0012
02.09.2025 17:23:05.148 UTC,1.37777,1.37766,0.00225,0.00225
02.09.2025 17:23:08.177 UTC,1.37778,1.37765,0.0033,0.0018
02.09.2025 17:23:08.380 UTC,1.37778,1.37765,0.00225,0.0018
02.09.2025 17:23:10.141 UTC,1.37778,1.37765,0.0033,0.0018
02.09.2025 17:23:10.295 UTC,1.37778,1.37765,0.00225,0.0018
02.09.2025 17:23:11.305 UTC,1.37778,1.37765,0.00375,0.0018
02.09.2025 17:23:12.162 UTC,1.37777,1.37766,0.00375,0.0018
02.09.2025 17:23:29.493 UTC,1.37778,1.37765,0.0018,0.0012
02.09.2025 17:23:31.556 UTC,1.37777,1.37764,0.0018,0.0027
02.09.2025 17:23:31.708 UTC,1.37777,1.37765,0.0018,0.0012
02.09.2025 17:23:34.481 UTC,1.37778,1.37765,0.0018,0.0012
02.09.2025 17:23:34.634 UTC,1.37778,1.37766,0.0012,0.0012
02.09.2025 17:23:35.991 UTC,1.37777,1.37766,0.0012,0.0027
02.09.2025 17:23:39.497 UTC,1.37777,1.37766,0.00375,0.0012
02.09.2025 17:23:39.602 UTC,1.37777,1.37765,0.0018,0.0012
02.09.2025 17:23:39.757 UTC,1.37777,1.37765,0.0012,0.0012
02.09.2025 17:23:40.112 UTC,1.37777,1.37764,0.0018,0.0012
02.09.2025 17:23:40.264 UTC,1.37774,1.37764,0.0012,0.0018
02.09.2025 17:23:56.819 UTC,1.37774,1.37763,0.0012,0.0012
02.09.2025 17:23:56.922 UTC,1.37771,1.37763,0.00135,0.0018
02.09.2025 17:23:57.026 UTC,1.37773,1.37761,0.00225,0.0012
02.09.2025 17:23:58.188 UTC,1.37774,1.37761,0.00225,0.0012
02.09.2025 17:23:58.290 UTC,1.37774,1.37763,0.0012,0.0012
02.09.2025 17:24:09.492 UTC,1.37775,1.37764,0.0012,0.0012
02.09.2025 17:24:09.544 UTC,1.37777,1.37764,0.00225,0.0012
02.09.2025 17:24:09.647 UTC,1.37777,1.37765,0.00225,0.0012
02.09.2025 17:24:16.259 UTC,1.37778,1.37766,0.00225,0.0012
02.09.2025 17:24:25.344 UTC,1.37774,1.37765,0.00135,0.0018
02.09.2025 17:24:25.447 UTC,1.37775,1.37763,0.00225,0.0018
02.09.2025 17:24:35.505 UTC,1.37775,1.37764,0.00135,0.0012
02.09.2025 17:24:39.981 UTC,1.37775,1.37765,0.00135,0.0012
02.09.2025 17:24:42.453 UTC,1.37776,1.37765,0.00135,0.0012
02.09.2025 17:24:42.557 UTC,1.37777,1.37766,0.00135,0.0012
02.09.2025 17:24:44.572 UTC,1.37778,1.37766,0.00315,0.0012
02.09.2025 17:24:53.408 UTC,1.37778,1.37766,0.00375,0.0012
02.09.2025 17:24:53.511 UTC,1.37777,1.37767,0.0036,0.0012
02.09.2025 17:25:07.141 UTC,1.37776,1.37766,0.00135,0.0012
02.09.2025 17:25:07.243 UTC,1.37775,1.37766,0.00135,0.0012
02.09.2025 17:25:07.347 UTC,1.37774,1.37765,0.00135,0.0018
02.09.2025 17:25:13.573 UTC,1.37775,1.37763,0.0027,0.0012
02.09.2025 17:25:13.679 UTC,1.37775,1.37765,0.00225,0.0012
02.09.2025 17:25:13.782 UTC,1.37776,1.37765,0.00225,0.0012
02.09.2025 17:25:15.095 UTC,1.37775,1.37765,0.00225,0.0018
02.09.2025 17:25:17.806 UTC,1.37775,1.37764,0.0012,0.0012
02.09.2025 17:25:17.909 UTC,1.37773,1.37762,0.00135,0.0012
02.09.2025 17:25:18.720 UTC,1.37774,1.37762,0.00225,0.0018
02.09.2025 17:25:18.823 UTC,1.37776,1.37765,0.0018,0.0012
02.09.2025 17:25:19.081 UTC,1.37774,1.37765,0.0018,0.0012
02.09.2025 17:25:19.184 UTC,1.37774,1.37764,0.0018,0.0018
02.09.2025 17:25:22.751 UTC,1.37776,1.37763,0.0036,0.0018
02.09.2025 17:25:23.206 UTC,1.37776,1.37763,0.00375,0.0018
02.09.2025 17:25:23.813 UTC,1.37776,1.37763,0.0036,0.0018
02.09.2025 17:25:29.086 UTC,1.37774,1.37764,0.0012,0.0018
02.09.2025 17:25:29.340 UTC,1.37775,1.37764,0.0012,0.0012
02.09.2025 17:25:32.219 UTC,1.37774,1.37764,0.0012,0.0018
02.09.2025 17:25:37.842 UTC,1.37775,1.37764,0.0012,0.0012
02.09.2025 17:25:40.257 UTC,1.37775,1.37763,0.0012,0.0018
02.09.2025 17:25:40.844 UTC,1.37776,1.37764,0.00315,0.0012
02.09.2025 17:25:40.996 UTC,1.37776,1.37765,0.00135,0.0012
02.09.2025 17:25:41.101 UTC,1.37776,1.37767,0.00135,0.0012
02.09.2025 17:25:43.567 UTC,1.37777,1.37765,0.00135,0.0012
02.09.2025 17:25:44.170 UTC,1.37777,1.37766,0.00135,0.0012
02.09.2025 17:26:22.454 UTC,1.37776,1.37769,0.00135,0.0012
02.09.2025 17:26:22.557 UTC,1.37779,1.37769,0.0012,0.0027
02.09.2025 17:26:22.609 UTC,1.37783,1.37772,0.0012,0.0012
02.09.2025 17:26:22.712 UTC,1.37783,1.37773,0.00405,0.0012
02.09.2025 17:26:24.126 UTC,1.37782,1.37773,0.0012,0.0012
02.09.2025 17:26:28.274 UTC,1.37783,1.37774,0.0012,0.0012
02.09.2025 17:26:28.326 UTC,1.37784,1.37776,0.0012,0.0012
02.09.2025 17:26:28.431 UTC,1.37787,1.37775,0.0012,0.0018
02.09.2025 17:26:28.991 UTC,1.37788,1.37776,0.00315,0.0012
02.09.2025 17:26:54.904 UTC,1.37787,1.37775,0.0012,0.0018
02.09.2025 17:26:56.117 UTC,1.37786,1.37774,0.0012,0.0012
02.09.2025 17:26:56.420 UTC,1.37786,1.37776,0.00135,0.0012
02.09.2025 17:26:59.887 UTC,1.37785,1.37775,0.0036,0.0012
02.09.2025 17:26:59.990 UTC,1.37785,1.37772,0.0018,0.0027
02.09.2025 17:27:02.909 UTC,1.37784,1.37776,0.0012,0.0012
02.09.2025 17:27:03.012 UTC,1.37784,1.37777,0.0012,0.0012
02.09.2025 17:27:03.063 UTC,1.37786,1.37777,0.00405,0.0012
02.09.2025 17:27:05.385 UTC,1.37788,1.37776,0.00315,0.0012
02.09.2025 17:27:08.406 UTC,1.37787,1.37776,0.00135,0.0012
02.09.2025 17:27:10.181 UTC,1.37788,1.37776,0.0063,0.0012
02.09.2025 17:27:20.842 UTC,1.37788,1.37777,0.0012,0.0012
02.09.2025 17:27:23.120 UTC,1.37789,1.37777,0.00315,0.0012
02.09.2025 17:27:23.372 UTC,1.37787,1.37778,0.0012,0.0012
02.09.2025 17:27:30.533 UTC,1.37788,1.37778,0.00315,0.0012
02.09.2025 17:27:36.908 UTC,1.37789,1.37782,0.0012,0.0012
02.09.2025 17:27:36.960 UTC,1.37791,1.37782,0.0012,0.0018
02.09.2025 17:27:37.113 UTC,1.37792,1.37782,0.00495,0.0018
02.09.2025 17:27:37.875 UTC,1.37792,1.3778,0.00225,0.0018
02.09.2025 17:27:38.029 UTC,1.37791,1.37779,0.0024,0.0018
02.09.2025 17:27:38.132 UTC,1.37791,1.37779,0.00225,0.0012
02.09.2025 17:27:40.093 UTC,1.3779,1.37779,0.00135,0.0012
02.09.2025 17:27:40.145 UTC,1.37789,1.37777,0.0018,0.0012
02.09.2025 17:27:47.476 UTC,1.37784,1.37776,0.0012,0.0012
02.09.2025 17:27:47.532 UTC,1.37785,1.37773,0.0012,0.0018
02.09.2025 17:27:48.039 UTC,1.37784,1.37773,0.0012,0.0027
02.09.2025 17:27:48.442 UTC,1.37784,1.37772,0.0012,0.0027
02.09.2025 17:27:49.500 UTC,1.37782,1.37772,0.00135,0.0012
02.09.2025 17:27:49.552 UTC,1.37778,1.37769,0.00135,0.0012
02.09.2025 17:27:49.605 UTC,1.37775,1.37765,0.0012,0.0012
02.09.2025 17:27:49.708 UTC,1.37773,1.3776,0.0012,0.0045
02.09.2025 17:27:49.759 UTC,1.37772,1.37763,0.0012,0.0012
02.09.2025 17:27:49.862 UTC,1.37774,1.37764,0.0012,0.0012
02.09.2025 17:27:50.724 UTC,1.37775,1.37764,0.0012,0.0012
02.09.2025 17:27:50.878 UTC,1.37775,1.37766,0.0012,0.0012
02.09.2025 17:27:51.184 UTC,1.37776,1.37766,0.0012,0.0012
02.09.2025 17:27:58.750 UTC,1.37775,1.37765,0.0012,0.0012
02.09.2025 17:28:01.725 UTC,1.37774,1.37763,0.0012,0.0012
02.09.2025 17:28:01.828 UTC,1.37773,1.37763,0.0012,0.0012
02.09.2025 17:28:01.931 UTC,1.37775,1.37764,0.0012,0.0012
02.09.2025 17:28:05.354 UTC,1.37775,1.37765,0.0012,0.0012
02.09.2025 17:28:07.746 UTC,1.37775,1.37764,0.0012,0.0012
02.09.2025 17:28:08.555 UTC,1.37774,1.37766,0.0012,0.0012
02.09.2025 17:28:08.809 UTC,1.37776,1.37766,0.0012,0.0012
02.09.2025 17:28:10.925 UTC,1.37777,1.37766,0.0012,0.0012
02.09.2025 17:28:12.288 UTC,1.37778,1.37766,0.0012,0.0012
02.09.2025 17:28:15.970 UTC,1.37778,1.37765,0.0012,0.0012
02.09.2025 17:28:17.527 UTC,1.37776,1.37766,0.0012,0.0012
02.09.2025 17:28:25.982 UTC,1.37777,1.37764,0.0027,0.0012
02.09.2025 17:28:26.537 UTC,1.37774,1.37765,0.0012,0.0012
02.09.2025 17:28:26.640 UTC,1.37774,1.37763,0.0012,0.0012
02.09.2025 17:28:27.501 UTC,1.37772,1.37764,0.0012,0.0012
02.09.2025 17:28:27.604 UTC,1.37769,1.3776,0.0018,0.0012
02.09.2025 17:28:27.708 UTC,1.3777,1.37758,0.0012,0.0012
02.09.2025 17:28:28.356 UTC,1.3777,1.37757,0.0012,0.0027
02.09.2025 17:28:30.427 UTC,1.37769,1.37757,0.0012,0.0012
02.09.2025 17:28:30.530 UTC,1.37767,1.37757,0.0012,0.0012
02.09.2025 17:28:33.056 UTC,1.37767,1.37758,0.0012,0.0012
02.09.2025 17:28:34.769 UTC,1.37769,1.37757,0.0018,0.0012
02.09.2025 17:28:35.988 UTC,1.3777,1.37757,0.0012,0.0027
02.09.2025 17:28:38.222 UTC,1.37769,1.37757,0.0012,0.0012
02.09.2025 17:28:44.595 UTC,1.3777,1.37758,0.0012,0.0012
02.09.2025 17:28:53.067 UTC,1.3777,1.37757,0.0012,0.0027
02.09.2025 17:28:57.945 UTC,1.37769,1.37757,0.0012,0.0027
02.09.2025 17:29:01.733 UTC,1.37769,1.37757,0.0012,0.00285
02.09.2025 17:29:01.785 UTC,1.3777,1.37759,0.00315,0.0012
02.09.2025 17:29:01.889 UTC,1.3777,1.3776,0.00315,0.0012
02.09.2025 17:29:02.092 UTC,1.3777,1.37759,0.00315,0.0018
02.09.2025 17:29:02.898 UTC,1.37772,1.37759,0.00315,0.0018
02.09.2025 17:29:03.001 UTC,1.37771,1.37759,0.0012,0.0012
02.09.2025 17:29:03.913 UTC,1.37771,1.37758,0.0012,0.0012
02.09.2025 17:29:04.015 UTC,1.37769,1.37759,0.0012,0.0012
02.09.2025 17:29:04.219 UTC,1.37769,1.37758,0.0012,0.0012
02.09.2025 17:29:07.299 UTC,1.37769,1.37757,0.0012,0.0012
02.09.2025 17:29:09.217 UTC,1.37768,1.37759,0.0012,0.0012
02.09.2025 17:29:26.981 UTC,1.3777,1.37758,0.0012,0.0012
02.09.2025 17:29:27.086 UTC,1.37771,1.37761,0.0012,0.0012
02.09.2025 17:29:27.139 UTC,1.37776,1.37763,0.00225,0.0012
02.09.2025 17:29:27.191 UTC,1.37773,1.37762,0.0012,0.00135
02.09.2025 17:29:27.296 UTC,1.37773,1.3776,0.00225,0.00225
02.09.2025 17:29:27.398 UTC,1.37772,1.37762,0.00225,0.0012
02.09.2025 17:29:33.688 UTC,1.37772,1.37763,0.00225,0.0012
02.09.2025 17:29:34.656 UTC,1.37772,1.37764,0.0012,0.0012
02.09.2025 17:29:34.759 UTC,1.37774,1.37764,0.0012,0.0012
02.09.2025 17:29:35.015 UTC,1.37774,1.37765,0.0012,0.0012
02.09.2025 17:29:35.421 UTC,1.37774,1.37766,0.0012,0.0012
02.09.2025 17:29:35.525 UTC,1.37776,1.37766,0.0012,0.0012
02.09.2025 17:29:35.730 UTC,1.37775,1.37768,0.0012,0.0012
02.09.2025 17:29:36.138 UTC,1.37776,1.37766,0.0012,0.0012
02.09.2025 17:29:36.290 UTC,1.37775,1.37768,0.0012,0.0012
02.09.2025 17:29:37.098 UTC,1.37776,1.37766,0.0012,0.0012
02.09.2025 17:29:37.374 UTC,1.37775,1.37766,0.0012,0.0012
02.09.2025 17:29:40.291 UTC,1.37776,1.37766,0.0012,0.0012
02.09.2025 17:29:42.359 UTC,1.37776,1.37765,0.00135,0.0012
02.09.2025 17:29:43.122 UTC,1.37776,1.37766,0.0012,0.0012
02.09.2025 17:29:54.135 UTC,1.37776,1.37765,0.0012,0.0012
02.09.2025 17:29:55.143 UTC,1.37775,1.37765,0.0012,0.0012
02.09.2025 17:29:55.901 UTC,1.37776,1.37765,0.0012,0.0012
02.09.2025 17:29:59.312 UTC,1.37775,1.37767,0.0012,0.0012
02.09.2025 17:29:59.617 UTC,1.37776,1.37765,0.0012,0.0012
02.09.2025 17:29:59.720 UTC,1.37776,1.37766,0.0012,0.0012
02.09.2025 17:30:02.655 UTC,1.37776,1.37765,0.0012,0.0012
02.09.2025 17:30:03.112 UTC,1.37775,1.37767,0.0012,0.0012
02.09.2025 17:30:08.730 UTC,1.37777,1.37766,0.0012,0.0012
02.09.2025 17:30:19.189 UTC,1.37777,1.37765,0.0012,0.0012
02.09.2025 17:30:20.799 UTC,1.37777,1.37764,0.0012,0.00315
02.09.2025 17:30:27.227 UTC,1.37777,1.37765,0.0012,0.0012
02.09.2025 17:30:29.789 UTC,1.37776,1.37765,0.0012,0.00315
02.09.2025 17:30:29.891 UTC,1.37776,1.37764,0.00135,0.0012
02.09.2025 17:30:29.994 UTC,1.37774,1.37765,0.0012,0.0012
02.09.2025 17:30:31.038 UTC,1.37775,1.37763,0.0012,0.0012
02.09.2025 17:30:32.899 UTC,1.37773,1.37764,0.0012,0.0012
02.09.2025 17:30:32.958 UTC,1.37771,1.37763,0.0012,0.0012
02.09.2025 17:30:33.062 UTC,1.37772,1.37761,0.0012,0.00135
02.09.2025 17:30:33.166 UTC,1.37773,1.37763,0.0012,0.0012
02.09.2025 17:30:34.231 UTC,1.37774,1.37763,0.0012,0.0012
02.09.2025 17:30:42.487 UTC,1.37773,1.37762,0.0018,0.0012
02.09.2025 17:30:42.593 UTC,1.37767,1.37759,0.0018,0.0012
02.09.2025 17:30:42.644 UTC,1.37768,1.37756,0.0018,0.00675
02.09.2025 17:30:48.445 UTC,1.37768,1.37755,0.0018,0.00495
02.09.2025 17:30:48.548 UTC,1.37767,1.37755,0.0018,0.0012
02.09.2025 17:30:48.600 UTC,1.37764,1.37751,0.0012,0.0018
02.09.2025 17:30:48.703 UTC,1.37764,1.37752,0.0012,0.0012
02.09.2025 17:30:50.223 UTC,1.37764,1.37751,0.0012,0.00135
02.09.2025 17:30:54.527 UTC,1.37765,1.37751,0.0018,0.00645
02.09.2025 17:30:54.579 UTC,1.37764,1.37755,0.0012,0.0012
02.09.2025 17:30:55.691 UTC,1.37765,1.37755,0.0012,0.0012
02.09.2025 17:30:55.793 UTC,1.37766,1.37756,0.00135,0.0012
02.09.2025 17:30:55.896 UTC,1.37767,1.37756,0.00135,0.0012
02.09.2025 17:30:56.402 UTC,1.37767,1.37755,0.0012,0.0012
02.09.2025 17:30:56.504 UTC,1.37764,1.37754,0.0012,0.0012
02.09.2025 17:30:58.170 UTC,1.37765,1.37754,0.0012,0.0012
02.09.2025 17:30:58.273 UTC,1.37765,1.37755,0.0012,0.0012
02.09.2025 17:31:00.738 UTC,1.37766,1.37755,0.0012,0.0012
02.09.2025 17:31:00.841 UTC,1.37767,1.37755,0.0012,0.0012
02.09.2025 17:31:02.358 UTC,1.37768,1.37755,0.00135,0.0012
02.09.2025 17:31:03.220 UTC,1.37767,1.37757,0.0018,0.0012
02.09.2025 17:31:09.870 UTC,1.37768,1.37756,0.0018,0.006
02.09.2025 17:31:10.834 UTC,1.37767,1.37757,0.0012,0.0027
02.09.2025 17:31:12.078 UTC,1.37768,1.37755,0.0012,0.0054
02.09.2025 17:31:17.204 UTC,1.37768,1.37755,0.0018,0.0018
02.09.2025 17:31:17.306 UTC,1.37768,1.37754,0.0012,0.00315
02.09.2025 17:31:17.710 UTC,1.37767,1.37754,0.0018,0.0012
02.09.2025 17:31:17.964 UTC,1.37765,1.37755,0.0012,0.0012
02.09.2025 17:31:20.384 UTC,1.37768,1.37754,0.00135,0.00315
02.09.2025 17:31:20.874 UTC,1.37766,1.37755,0.0012,0.0012
02.09.2025 17:31:20.977 UTC,1.37767,1.37753,0.0018,0.00315
02.09.2025 17:31:21.079 UTC,1.37765,1.37753,0.0012,0.00225
02.09.2025 17:31:21.182 UTC,1.37765,1.37754,0.0012,0.0012
02.09.2025 17:31:22.841 UTC,1.37766,1.37754,0.0012,0.0012
02.09.2025 17:31:25.455 UTC,1.37766,1.37753,0.0012,0.00225
02.09.2025 17:31:25.558 UTC,1.37765,1.37753,0.0012,0.00225
02.09.2025 17:31:30.581 UTC,1.37766,1.37754,0.00135,0.0012
02.09.2025 17:31:41.900 UTC,1.37767,1.37755,0.0012,0.00135
02.09.2025 17:31:43.668 UTC,1.37767,1.37754,0.00135,0.00405
02.09.2025 17:31:43.772 UTC,1.37764,1.37754,0.0012,0.00225
02.09.2025 17:31:49.812 UTC,1.37765,1.37754,0.0012,0.0012
02.09.2025 17:31:50.771 UTC,1.37767,1.37754,0.0018,0.0018
02.09.2025 17:31:50.874 UTC,1.37766,1.37756,0.0018,0.00135
02.09.2025 17:31:51.689 UTC,1.37768,1.37755,0.0018,0.00225
02.09.2025 17:31:55.624 UTC,1.37768,1.37756,0.0012,0.0012
02.09.2025 17:31:55.728 UTC,1.37769,1.37757,0.0018,0.00135
02.09.2025 17:32:03.006 UTC,1.37769,1.37756,0.00225,0.00315
02.09.2025 17:32:03.109 UTC,1.37768,1.37756,0.0012,0.00135
02.09.2025 17:32:16.851 UTC,1.37767,1.37756,0.0012,0.00225
02.09.2025 17:32:18.717 UTC,1.37768,1.37756,0.0018,0.0012
02.09.2025 17:32:25.988 UTC,1.37768,1.37755,0.00135,0.0027
02.09.2025 17:32:27.047 UTC,1.37768,1.37756,0.0012,0.0012
02.09.2025 17:32:29.714 UTC,1.37764,1.37756,0.00135,0.0012
02.09.2025 17:32:29.767 UTC,1.3776,1.37747,0.00315,0.0018
02.09.2025 17:32:29.819 UTC,1.37758,1.37747,0.0012,0.0018
02.09.2025 17:32:29.973 UTC,1.37758,1.37748,0.0018,0.0012
02.09.2025 17:32:30.075 UTC,1.37759,1.37746,0.0012,0.00225
02.09.2025 17:32:30.836 UTC,1.37755,1.37744,0.0012,0.00225
02.09.2025 17:32:32.728 UTC,1.37753,1.37744,0.0012,0.0012
02.09.2025 17:32:32.780 UTC,1.37752,1.3774,0.0012,0.0012
02.09.2025 17:32:32.884 UTC,1.37754,1.37744,0.0012,0.0012
02.09.2025 17:32:32.987 UTC,1.37756,1.37745,0.0012,0.0012
02.09.2025 17:32:33.039 UTC,1.37755,1.37744,0.0012,0.0012
02.09.2025 17:32:33.447 UTC,1.37756,1.37746,0.0012,0.0012
02.09.2025 17:32:34.812 UTC,1.37757,1.37744,0.00225,0.0012
02.09.2025 17:32:36.926 UTC,1.37757,1.37745,0.0012,0.0012
02.09.2025 17:32:37.736 UTC,1.37758,1.37746,0.0012,0.0012
02.09.2025 17:32:45.261 UTC,1.37758,1.37751,0.0012,0.0012
02.09.2025 17:32:45.367 UTC,1.37766,1.37755,0.0012,0.0012
02.09.2025 17:32:45.473 UTC,1.37767,1.37756,0.0012,0.0012
02.09.2025 17:32:45.930 UTC,1.37767,1.37755,0.0012,0.0012
02.09.2025 17:32:46.085 UTC,1.37766,1.37753,0.0018,0.00135
02.09.2025 17:32:46.187 UTC,1.37765,1.37752,0.0012,0.0027
02.09.2025 17:32:46.290 UTC,1.37764,1.37752,0.0012,0.0027
02.09.2025 17:32:50.220 UTC,1.37763,1.37751,0.0012,0.0012
02.09.2025 17:32:50.376 UTC,1.37763,1.37752,0.0012,0.0012
02.09.2025 17:32:50.428 UTC,1.37764,1.37755,0.0012,0.00135
02.09.2025 17:32:50.480 UTC,1.37767,1.37755,0.0012,0.0012
02.09.2025 17:32:50.634 UTC,1.37767,1.37756,0.0012,0.0012
02.09.2025 17:32:53.087 UTC,1.37767,1.37755,0.0012,0.00225
02.09.2025 17:32:53.794 UTC,1.37765,1.37756,0.0012,0.0012
02.09.2025 17:32:53.847 UTC,1.37765,1.37753,0.0018,0.0012
02.09.2025 17:32:53.950 UTC,1.37764,1.37753,0.0012,0.00225
02.09.2025 17:32:54.053 UTC,1.37766,1.37753,0.0012,0.0012
02.09.2025 17:32:54.155 UTC,1.37765,1.37755,0.0012,0.0012
02.09.2025 17:32:54.259 UTC,1.37764,1.37754,0.0012,0.0012
02.09.2025 17:32:56.528 UTC,1.37766,1.37753,0.0012,0.0012
02.09.2025 17:32:56.631 UTC,1.37767,1.37754,0.00225,0.0012
02.09.2025 17:32:56.683 UTC,1.37765,1.37754,0.0012,0.0012
02.09.2025 17:32:56.835 UTC,1.37765,1.37753,0.0012,0.0012
02.09.2025 17:32:57.341 UTC,1.37765,1.37754,0.0018,0.0012
02.09.2025 17:32:59.603 UTC,1.37765,1.37753,0.0012,0.0012
02.09.2025 17:32:59.707 UTC,1.37763,1.37754,0.0012,0.0012
02.09.2025 17:32:59.809 UTC,1.37764,1.37752,0.0012,0.0012
02.09.2025 17:33:02.793 UTC,1.37765,1.37752,0.0012,0.0012
02.09.2025 17:33:02.900 UTC,1.37766,1.37755,0.0012,0.0012
02.09.2025 17:33:03.003 UTC,1.37766,1.37754,0.0012,0.0012
02.09.2025 17:33:03.156 UTC,1.37765,1.37756,0.0012,0.0012
02.09.2025 17:33:04.168 UTC,1.37766,1.37754,0.0012,0.0012
02.09.2025 17:33:06.341 UTC,1.37767,1.37755,0.0012,0.0012
02.09.2025 17:33:06.444 UTC,1.37767,1.37756,0.0018,0.0033
02.09.2025 17:33:09.372 UTC,1.37768,1.37757,0.00315,0.00135
02.09.2025 17:33:09.729 UTC,1.37769,1.37756,0.0018,0.0024
02.09.2025 17:33:09.983 UTC,1.37769,1.37758,0.00225,0.00135
02.09.2025 17:33:12.850 UTC,1.3777,1.37757,0.00225,0.0018
02.09.2025 17:33:13.054 UTC,1.3777,1.37757,0.00225,0.00135
02.09.2025 17:33:17.381 UTC,1.37769,1.37757,0.0012,0.0012
02.09.2025 17:33:27.675 UTC,1.37771,1.37758,0.0036,0.00225
02.09.2025 17:33:27.829 UTC,1.37771,1.37758,0.00375,0.0012
02.09.2025 17:33:27.931 UTC,1.3777,1.37759,0.0036,0.0012
02.09.2025 17:33:28.236 UTC,1.3777,1.37759,0.00375,0.0012
02.09.2025 17:33:28.740 UTC,1.37771,1.37758,0.0036,0.0012
02.09.2025 17:33:29.897 UTC,1.37769,1.37759,0.0012,0.0012
02.09.2025 17:33:30.050 UTC,1.3777,1.37757,0.0018,0.00225
02.09.2025 17:33:36.130 UTC,1.3777,1.37759,0.0012,0.0012
02.09.2025 17:33:36.233 UTC,1.37769,1.37758,0.0018,0.0024
02.09.2025 17:33:38.805 UTC,1.3777,1.37757,0.00225,0.00225
02.09.2025 17:33:42.934 UTC,1.37769,1.37758,0.0024,0.00225
02.09.2025 17:33:43.037 UTC,1.3777,1.37757,0.00225,0.00225
02.09.2025 17:33:53.207 UTC,1.3777,1.37757,0.0024,0.00225
02.09.2025 17:33:53.661 UTC,1.3777,1.37757,0.00225,0.00225
02.09.2025 17:33:53.915 UTC,1.37769,1.37757,0.00135,0.00225
02.09.2025 17:33:57.628 UTC,1.3777,1.37757,0.0036,0.0012
02.09.2025 17:34:01.745 UTC,1.37769,1.37757,0.00135,0.00225
02.09.2025 17:34:04.161 UTC,1.3777,1.37759,0.0012,0.0012
02.09.2025 17:34:04.264 UTC,1.37771,1.37759,0.0012,0.0012
02.09.2025 17:34:04.825 UTC,1.3777,1.37757,0.00135,0.00675
02.09.2025 17:34:07.311 UTC,1.3777,1.37758,0.0012,0.00225
02.09.2025 17:34:07.414 UTC,1.3777,1.3776,0.0018,0.0012
02.09.2025 17:34:08.379 UTC,1.3777,1.37758,0.0012,0.00495
02.09.2025 17:34:14.412 UTC,1.37771,1.37759,0.0018,0.0012
02.09.2025 17:34:14.566 UTC,1.3777,1.37758,0.0012,0.00495
02.09.2025 17:34:14.718 UTC,1.37771,1.37759,0.0012,0.0012
02.09.2025 17:34:14.821 UTC,1.37769,1.37759,0.0012,0.00495
02.09.2025 17:34:17.007 UTC,1.37771,1.37759,0.0018,0.0012
02.09.2025 17:34:17.313 UTC,1.3777,1.37758,0.0012,0.00495
02.09.2025 17:34:21.802 UTC,1.37771,1.37759,0.0036,0.0012
02.09.2025 17:34:23.515 UTC,1.3777,1.37758,0.0012,0.0012
02.09.2025 17:34:24.375 UTC,1.3777,1.3776,0.0054,0.0012
02.09.2025 17:34:24.630 UTC,1.3777,1.37758,0.0012,0.0012
02.09.2025 17:34:26.508 UTC,1.3777,1.3776,0.00315,0.0012
02.09.2025 17:34:26.862 UTC,1.37769,1.37759,0.0012,0.0012
02.09.2025 17:34:27.269 UTC,1.37771,1.37759,0.00225,0.0012
02.09.2025 17:34:28.380 UTC,1.37769,1.37759,0.0012,0.0012
02.09.2025 17:34:30.242 UTC,1.37771,1.37759,0.00225,0.0012
02.09.2025 17:34:36.351 UTC,1.3777,1.37758,0.0012,0.0012
02.09.2025 17:34:42.084 UTC,1.3777,1.3776,0.0012,0.0012
02.09.2025 17:34:42.739 UTC,1.37769,1.37759,0.0012,0.0012
02.09.2025 17:34:44.149 UTC,1.3777,1.3776,0.0012,0.0012
02.09.2025 17:34:44.353 UTC,1.3777,1.37758,0.0012,0.0012
02.09.2025 17:34:45.460 UTC,1.37771,1.37759,0.0012,0.0012
02.09.2025 17:34:46.874 UTC,1.37769,1.37759,0.0012,0.0012
02.09.2025 17:34:52.642 UTC,1.37768,1.37759,0.0012,0.0012
02.09.2025 17:34:54.613 UTC,1.3777,1.37758,0.00135,0.0012
02.09.2025 17:34:55.968 UTC,1.37771,1.37757,0.0024,0.0018
02.09.2025 17:34:56.069 UTC,1.37771,1.37757,0.00225,0.0018
02.09.2025 17:34:57.025 UTC,1.37771,1.37759,0.00135,0.0012
02.09.2025 17:35:00.411 UTC,1.37772,1.37759,0.0072,0.0012
02.09.2025 17:35:00.615 UTC,1.37772,1.37759,0.00825,0.0012
02.09.2025 17:35:02.029 UTC,1.37771,1.3776,0.0012,0.0012
02.09.2025 17:35:02.386 UTC,1.37772,1.3776,0.0012,0.0012
02.09.2025 17:35:02.488 UTC,1.37772,1.37761,0.00135,0.0012
02.09.2025 17:35:02.591 UTC,1.37773,1.3776,0.00285,0.0012
02.09.2025 17:35:04.056 UTC,1.37772,1.37761,0.0012,0.0012
02.09.2025 17:35:04.163 UTC,1.37776,1.37766,0.00135,0.0012
02.09.2025 17:35:04.422 UTC,1.37778,1.37766,0.0012,0.0012
02.09.2025 17:35:04.474 UTC,1.3778,1.37767,0.00315,0.0018
02.09.2025 17:35:05.839 UTC,1.37777,1.37768,0.00135,0.0018
02.09.2025 17:35:05.942 UTC,1.37777,1.37767,0.00225,0.0012
02.09.2025 17:35:06.499 UTC,1.37774,1.37763,0.0012,0.0012
02.09.2025 17:35:06.550 UTC,1.37776,1.37764,0.0012,0.0012
02.09.2025 17:35:06.705 UTC,1.37777,1.37764,0.0045,0.0018
02.09.2025 17:35:06.807 UTC,1.37777,1.37765,0.0018,0.0012
02.09.2025 17:35:06.910 UTC,1.37777,1.37766,0.0036,0.0018
02.09.2025 17:35:07.012 UTC,1.37777,1.37765,0.00225,0.0012
02.09.2025 17:35:07.064 UTC,1.37775,1.37763,0.0012,0.0018
02.09.2025 17:35:07.370 UTC,1.37777,1.37763,0.00735,0.0018
02.09.2025 17:35:07.474 UTC,1.37777,1.37767,0.0054,0.0012
02.09.2025 17:35:07.729 UTC,1.37778,1.37766,0.00645,0.0012
02.09.2025 17:35:07.832 UTC,1.37778,1.37765,0.00735,0.0012
02.09.2025 17:35:07.934 UTC,1.37775,1.37764,0.0012,0.0012
02.09.2025 17:35:08.037 UTC,1.37776,1.37764,0.00135,0.0012
02.09.2025 17:35:08.894 UTC,1.37777,1.37765,0.0054,0.0012
02.09.2025 17:35:08.998 UTC,1.37777,1.37766,0.0018,0.0012
02.09.2025 17:35:09.120 UTC,1.37779,1.37766,0.00735,0.0012
02.09.2025 17:35:10.533 UTC,1.37778,1.37768,0.00555,0.0012
02.09.2025 17:35:13.598 UTC,1.37779,1.37766,0.00555,0.0012
02.09.2025 17:35:13.952 UTC,1.3778,1.37767,0.00405,0.0012
02.09.2025 17:35:14.055 UTC,1.3778,1.37767,0.00285,0.0012
02.09.2025 17:35:14.209 UTC,1.37778,1.37767,0.0027,0.0018
02.09.2025 17:35:14.311 UTC,1.37778,1.37767,0.00375,0.0018
02.09.2025 17:35:16.180 UTC,1.37778,1.37767,0.00375,0.0012
02.09.2025 17:35:18.094 UTC,1.37775,1.37765,0.0012,0.0012
02.09.2025 17:35:18.146 UTC,1.37773,1.37763,0.0012,0.0012
02.09.2025 17:35:18.248 UTC,1.37775,1.37762,0.00225,0.0018
02.09.2025 17:35:21.688 UTC,1.37774,1.37762,0.0012,0.0012
02.09.2025 17:35:28.818 UTC,1.37774,1.37763,0.0012,0.0018
02.09.2025 17:35:28.870 UTC,1.37777,1.37765,0.0012,0.0018
02.09.2025 17:35:28.973 UTC,1.37777,1.37767,0.00375,0.0012
02.09.2025 17:35:29.075 UTC,1.37777,1.37768,0.00195,0.0012
02.09.2025 17:35:29.194 UTC,1.37779,1.37767,0.00285,0.0012
02.09.2025 17:35:30.106 UTC,1.37779,1.37766,0.0027,0.0018
02.09.2025 17:35:30.462 UTC,1.37779,1.37766,0.00285,0.0018
02.09.2025 17:35:30.664 UTC,1.37778,1.37767,0.0027,0.0018
02.09.2025 17:35:31.322 UTC,1.37778,1.37768,0.0018,0.0012
02.09.2025 17:35:33.192 UTC,1.37778,1.37768,0.00285,0.0012
02.09.2025 17:35:33.294 UTC,1.37778,1.37767,0.00285,0.0012
02.09.2025 17:35:34.711 UTC,1.37779,1.37766,0.0027,0.0012
02.09.2025 17:35:35.264 UTC,1.37777,1.37765,0.0018,0.0018
02.09.2025 17:35:35.368 UTC,1.37774,1.37765,0.0018,0.0012
02.09.2025 17:35:35.471 UTC,1.37774,1.37764,0.00285,0.0018
02.09.2025 17:35:35.574 UTC,1.37772,1.3776,0.0033,0.0012
02.09.2025 17:35:36.587 UTC,1.37772,1.37759,0.0033,0.0012
02.09.2025 17:35:37.298 UTC,1.37772,1.37759,0.00585,0.0018
02.09.2025 17:35:37.399 UTC,1.3777,1.3776,0.00135,0.0018
02.09.2025 17:35:41.303 UTC,1.3777,1.37758,0.00135,0.0033
02.09.2025 17:35:44.068 UTC,1.37769,1.37759,0.0018,0.0024
02.09.2025 17:35:44.373 UTC,1.3777,1.37759,0.00135,0.00135
02.09.2025 17:35:46.438 UTC,1.3777,1.37757,0.00135,0.00225
02.09.2025 17:35:46.490 UTC,1.37768,1.37756,0.00135,0.0042
02.09.2025 17:35:46.593 UTC,1.37767,1.37756,0.00135,0.00225
02.09.2025 17:35:55.787 UTC,1.37768,1.37756,0.0012,0.00225
02.09.2025 17:35:57.610 UTC,1.37768,1.37757,0.0012,0.0012
02.09.2025 17:35:59.773 UTC,1.37769,1.37757,0.00225,0.0018
02.09.2025 17:35:59.926 UTC,1.37768,1.37757,0.0027,0.00405
02.09.2025 17:36:00.080 UTC,1.37768,1.37757,0.00285,0.00405
02.09.2025 17:36:02.912 UTC,1.37769,1.37756,0.0036,0.00315
02.09.2025 17:36:03.618 UTC,1.37769,1.37756,0.00375,0.00315
02.09.2025 17:36:04.575 UTC,1.37768,1.37757,0.00375,0.00315
02.09.2025 17:36:04.677 UTC,1.37769,1.37756,0.00285,0.00315
02.09.2025 17:36:14.022 UTC,1.37767,1.37756,0.0012,0.0012
02.09.2025 17:36:14.126 UTC,1.37766,1.37756,0.0012,0.00405
02.09.2025 17:36:14.232 UTC,1.37768,1.37755,0.00495,0.00225
02.09.2025 17:36:14.335 UTC,1.37768,1.37756,0.00315,0.00135
02.09.2025 17:36:14.441 UTC,1.37768,1.37757,0.00225,0.00405
02.09.2025 17:36:18.992 UTC,1.37768,1.37756,0.0012,0.00405
02.09.2025 17:36:19.095 UTC,1.37768,1.37757,0.0012,0.0012
02.09.2025 17:36:19.404 UTC,1.37768,1.37756,0.0012,0.00405
02.09.2025 17:36:19.607 UTC,1.37768,1.37757,0.0012,0.0012
02.09.2025 17:36:24.703 UTC,1.37769,1.37757,0.00225,0.0018
02.09.2025 17:36:35.878 UTC,1.37768,1.37759,0.00135,0.00135
02.09.2025 17:36:37.036 UTC,1.3777,1.37758,0.00225,0.00135
02.09.2025 17:36:50.359 UTC,1.3777,1.37759,0.0018,0.00315
02.09.2025 17:36:51.271 UTC,1.37771,1.3776,0.0012,0.00135
02.09.2025 17:36:51.880 UTC,1.37769,1.3776,0.0012,0.0018
02.09.2025 17:36:51.932 UTC,1.37769,1.37758,0.0012,0.00135
02.09.2025 17:36:54.212 UTC,1.37768,1.37758,0.0012,0.00225
02.09.2025 17:36:55.677 UTC,1.37769,1.37758,0.0012,0.00135
02.09.2025 17:36:55.782 UTC,1.37772,1.37764,0.00135,0.0012
02.09.2025 17:36:55.885 UTC,1.37776,1.37765,0.0036,0.00315
02.09.2025 17:36:56.394 UTC,1.37778,1.37765,0.0012,0.00315
02.09.2025 17:36:56.446 UTC,1.37778,1.37768,0.0012,0.00225
02.09.2025 17:36:56.651 UTC,1.3778,1.37767,0.00225,0.00225
02.09.2025 17:36:56.754 UTC,1.37779,1.37767,0.0012,0.00225
02.09.2025 17:37:01.585 UTC,1.37779,1.37768,0.0012,0.00135
02.09.2025 17:37:03.404 UTC,1.37779,1.37767,0.00135,0.00225
02.09.2025 17:37:03.736 UTC,1.37778,1.37767,0.00135,0.00225
02.09.2025 17:37:11.231 UTC,1.37779,1.37767,0.00135,0.00135
02.09.2025 17:37:24.465 UTC,1.37779,1.37767,0.0018,0.00135
02.09.2025 17:37:24.568 UTC,1.37779,1.37767,0.00135,0.00135
02.09.2025 17:37:40.595 UTC,1.37777,1.37768,0.00225,0.0012
02.09.2025 17:37:44.968 UTC,1.37778,1.37766,0.00135,0.0012
02.09.2025 17:37:46.181 UTC,1.37778,1.37766,0.00195,0.0012
02.09.2025 17:37:46.333 UTC,1.37778,1.37766,0.0018,0.0012
02.09.2025 17:37:48.245 UTC,1.37774,1.37766,0.00135,0.0018
02.09.2025 17:37:48.450 UTC,1.37776,1.37766,0.0018,0.0012
02.09.2025 17:37:48.501 UTC,1.37774,1.37766,0.00135,0.0012
02.09.2025 17:37:48.604 UTC,1.37777,1.37765,0.0018,0.0012
02.09.2025 17:37:49.816 UTC,1.37777,1.37766,0.0018,0.0012
02.09.2025 17:37:50.873 UTC,1.37777,1.37765,0.00135,0.0018
02.09.2025 17:37:51.077 UTC,1.37777,1.37766,0.00135,0.0018
02.09.2025 17:37:51.434 UTC,1.37779,1.37767,0.0012,0.0012
02.09.2025 17:37:52.263 UTC,1.3778,1.37768,0.0018,0.00225
02.09.2025 17:37:52.367 UTC,1.37781,1.37771,0.0012,0.0051
02.09.2025 17:37:52.422 UTC,1.37784,1.37772,0.00375,0.0051
02.09.2025 17:37:53.331 UTC,1.37785,1.37773,0.00225,0.0012
02.09.2025 17:37:53.434 UTC,1.37786,1.37774,0.0042,0.0012
02.09.2025 17:37:54.598 UTC,1.37786,1.37775,0.00135,0.0012
02.09.2025 17:37:54.701 UTC,1.37788,1.37775,0.00135,0.0012
02.09.2025 17:37:54.803 UTC,1.37788,1.37776,0.00135,0.0012
02.09.2025 17:37:55.009 UTC,1.37789,1.37777,0.00225,0.0012
02.09.2025 17:37:55.873 UTC,1.37789,1.37776,0.0027,0.0012
02.09.2025 17:38:01.844 UTC,1.37788,1.37776,0.00135,0.0018
02.09.2025 17:38:02.048 UTC,1.37788,1.37777,0.0012,0.0012
02.09.2025 17:38:03.312 UTC,1.37788,1.37776,0.0012,0.0012
02.09.2025 17:38:06.383 UTC,1.37787,1.37776,0.00135,0.0018
02.09.2025 17:38:06.487 UTC,1.37785,1.37775,0.00135,0.0018
02.09.2025 17:38:06.590 UTC,1.37781,1.37772,0.00225,0.0012
02.09.2025 17:38:06.694 UTC,1.37782,1.37772,0.00315,0.0012
02.09.2025 17:38:06.797 UTC,1.3778,1.37771,0.0012,0.0012
02.09.2025 17:38:07.762 UTC,1.37782,1.37772,0.0012,0.0012
02.09.2025 17:38:07.865 UTC,1.37783,1.37772,0.00135,0.0012
02.09.2025 17:38:07.968 UTC,1.37784,1.37773,0.0012,0.0012
02.09.2025 17:38:08.071 UTC,1.37786,1.37773,0.00375,0.0018
02.09.2025 17:38:08.223 UTC,1.37786,1.37773,0.0036,0.0018
02.09.2025 17:38:08.325 UTC,1.37785,1.37773,0.00225,0.0012
02.09.2025 17:38:09.232 UTC,1.37786,1.37774,0.0027,0.0012
02.09.2025 17:38:11.880 UTC,1.37785,1.37774,0.00375,0.0012
02.09.2025 17:38:14.893 UTC,1.37785,1.37774,0.0012,0.0012
02.09.2025 17:38:14.995 UTC,1.37787,1.37774,0.0081,0.0012
02.09.2025 17:38:22.475 UTC,1.37787,1.37775,0.0054,0.0012
02.09.2025 17:38:22.578 UTC,1.37787,1.37776,0.00135,0.0012
02.09.2025 17:38:31.379 UTC,1.37787,1.37774,0.00315,0.0018
02.09.2025 17:38:31.583 UTC,1.37786,1.37774,0.0012,0.0018
02.09.2025 17:38:32.240 UTC,1.37787,1.37774,0.0036,0.0018
02.09.2025 17:38:37.728 UTC,1.37786,1.37774,0.0012,0.0012
02.09.2025 17:38:41.047 UTC,1.37781,1.37775,0.00135,0.0012
02.09.2025 17:38:41.100 UTC,1.37782,1.3777,0.00225,0.0018
02.09.2025 17:38:41.961 UTC,1.37783,1.37772,0.00135,0.0012
02.09.2025 17:38:42.772 UTC,1.37783,1.37771,0.00225,0.0012
02.09.2025 17:38:43.127 UTC,1.37783,1.37772,0.00225,0.0012
02.09.2025 17:38:43.281 UTC,1.37783,1.37773,0.00135,0.0012
02.09.2025 17:38:43.384 UTC,1.37782,1.37773,0.00135,0.0012
02.09.2025 17:38:44.491 UTC,1.37783,1.37773,0.00135,0.0012
02.09.2025 17:38:45.245 UTC,1.37783,1.37772,0.00135,0.0012
02.09.2025 17:38:45.349 UTC,1.3778,1.37771,0.00135,0.0018
02.09.2025 17:38:45.451 UTC,1.37781,1.37771,0.00135,0.0012
02.09.2025 17:38:47.443 UTC,1.37778,1.37766,0.0012,0.00225
02.09.2025 17:38:47.597 UTC,1.37778,1.37765,0.00315,0.0012
02.09.2025 17:38:47.852 UTC,1.37778,1.37766,0.00315,0.0012
02.09.2025 17:38:49.069 UTC,1.37778,1.37765,0.00315,0.00225
02.09.2025 17:38:51.734 UTC,1.37777,1.37767,0.00225,0.0012
02.09.2025 17:38:55.650 UTC,1.37778,1.37765,0.00225,0.00495
02.09.2025 17:38:57.258 UTC,1.37779,1.37766,0.00315,0.00315
02.09.2025 17:38:59.421 UTC,1.37777,1.37767,0.00135,0.0012
02.09.2025 17:39:00.835 UTC,1.37779,1.37765,0.00315,0.00405
02.09.2025 17:39:01.941 UTC,1.37778,1.37766,0.0012,0.0012
02.09.2025 17:39:03.197 UTC,1.37778,1.37765,0.0012,0.00405
02.09.2025 17:39:06.684 UTC,1.37777,1.37767,0.00225,0.0012
02.09.2025 17:39:09.852 UTC,1.37779,1.37766,0.00315,0.0012
02.09.2025 17:39:10.759 UTC,1.37778,1.37766,0.0012,0.0027
02.09.2025 17:39:12.574 UTC,1.37779,1.37766,0.00225,0.0018
02.09.2025 17:39:13.280 UTC,1.37779,1.37765,0.0027,0.00585
02.09.2025 17:39:14.086 UTC,1.37779,1.37766,0.0036,0.0012
02.09.2025 17:39:17.902 UTC,1.37777,1.37766,0.00225,0.0012
02.09.2025 17:39:19.081 UTC,1.37777,1.37764,0.00225,0.0036
02.09.2025 17:39:19.284 UTC,1.37775,1.37765,0.0012,0.0012
02.09.2025 17:39:19.390 UTC,1.37772,1.37762,0.0012,0.0018
02.09.2025 17:39:19.495 UTC,1.3777,1.37758,0.00315,0.0018
02.09.2025 17:39:19.853 UTC,1.37769,1.37758,0.00225,0.00315
02.09.2025 17:39:19.956 UTC,1.37769,1.37757,0.0012,0.00315
02.09.2025 17:39:20.263 UTC,1.37769,1.37756,0.0012,0.0012
02.09.2025 17:39:21.381 UTC,1.37769,1.37757,0.0018,0.0012
02.09.2025 17:39:26.201 UTC,1.37768,1.37757,0.0012,0.0012
02.09.2025 17:39:29.772 UTC,1.37768,1.37758,0.0012,0.0012
02.09.2025 17:39:42.455 UTC,1.3777,1.37757,0.0018,0.0012
02.09.2025 17:39:42.561 UTC,1.3777,1.37758,0.0012,0.0027
02.09.2025 17:39:45.380 UTC,1.37769,1.37758,0.0012,0.0012
02.09.2025 17:39:45.483 UTC,1.37769,1.37757,0.0012,0.0012
02.09.2025 17:39:45.586 UTC,1.37769,1.37756,0.0012,0.0012
02.09.2025 17:39:45.841 UTC,1.37769,1.37757,0.0012,0.0012
02.09.2025 17:39:52.273 UTC,1.37767,1.37758,0.0012,0.0012
02.09.2025 17:39:52.376 UTC,1.37765,1.37757,0.0012,0.0012
02.09.2025 17:39:52.428 UTC,1.37766,1.37754,0.0012,0.00225
02.09.2025 17:39:52.530 UTC,1.37764,1.37755,0.0012,0.00225
02.09.2025 17:39:53.480 UTC,1.37765,1.37755,0.0012,0.0012
02.09.2025 17:39:55.899 UTC,1.37759,1.37753,0.0012,0.0012
02.09.2025 17:39:55.951 UTC,1.3776,1.37748,0.0012,0.00495
02.09.2025 17:39:58.426 UTC,1.37761,1.37748,0.00315,0.00225
02.09.2025 17:39:58.578 UTC,1.37761,1.37749,0.00315,0.0012
02.09.2025 17:39:59.486 UTC,1.37761,1.37748,0.00225,0.00225
02.09.2025 17:40:00.495 UTC,1.37761,1.3775,0.00135,0.0012
02.09.2025 17:40:00.597 UTC,1.37762,1.3775,0.0012,0.0012
02.09.2025 17:40:05.701 UTC,1.3776,1.37751,0.0012,0.00135
02.09.2025 17:40:05.753 UTC,1.37761,1.37748,0.00135,0.00225
02.09.2025 17:40:11.989 UTC,1.37761,1.37751,0.00585,0.0012
02.09.2025 17:40:12.545 UTC,1.37761,1.37749,0.0012,0.0012
02.09.2025 17:40:14.775 UTC,1.3776,1.37749,0.0018,0.00225
02.09.2025 17:40:18.205 UTC,1.37759,1.37748,0.0012,0.0012
02.09.2025 17:40:18.868 UTC,1.37761,1.37748,0.0018,0.00225
02.09.2025 17:40:18.971 UTC,1.37762,1.37749,0.00315,0.0012
02.09.2025 17:40:19.226 UTC,1.3776,1.37749,0.0012,0.0012
02.09.2025 17:40:19.982 UTC,1.37761,1.37749,0.0012,0.0012
02.09.2025 17:40:23.413 UTC,1.37761,1.3775,0.0012,0.00135
02.09.2025 17:40:24.068 UTC,1.37762,1.3775,0.0012,0.00135
02.09.2025 17:40:25.226 UTC,1.37761,1.3775,0.0012,0.00225
02.09.2025 17:40:25.328 UTC,1.3776,1.3775,0.0012,0.00675
02.09.2025 17:40:27.960 UTC,1.37761,1.3775,0.0012,0.0012
02.09.2025 17:40:29.875 UTC,1.37761,1.37749,0.0012,0.00495
02.09.2025 17:40:31.739 UTC,1.3776,1.37749,0.0012,0.0054
02.09.2025 17:40:38.247 UTC,1.3776,1.3775,0.0018,0.00315
02.09.2025 17:40:38.353 UTC,1.37763,1.37752,0.0018,0.0024
02.09.2025 17:40:38.456 UTC,1.37764,1.37754,0.0012,0.0012
02.09.2025 17:40:42.133 UTC,1.37764,1.37755,0.0012,0.0012
02.09.2025 17:40:43.895 UTC,1.37764,1.37754,0.0012,0.0018
02.09.2025 17:40:49.291 UTC,1.37765,1.37754,0.0012,0.0012
02.09.2025 17:40:50.649 UTC,1.37766,1.37754,0.00135,0.0018
02.09.2025 17:40:50.751 UTC,1.37766,1.37756,0.0027,0.0012
02.09.2025 17:40:50.954 UTC,1.37766,1.37756,0.00285,0.0012
02.09.2025 17:40:51.559 UTC,1.37767,1.37755,0.0012,0.0012
02.09.2025 17:40:53.269 UTC,1.37768,1.37755,0.00135,0.0018
02.09.2025 17:40:53.371 UTC,1.37767,1.37757,0.00135,0.00135
02.09.2025 17:40:56.590 UTC,1.37767,1.37758,0.0012,0.00135
02.09.2025 17:40:57.244 UTC,1.37768,1.37758,0.00135,0.00135
02.09.2025 17:40:57.850 UTC,1.37769,1.37758,0.00225,0.0033
02.09.2025 17:40:57.953 UTC,1.3777,1.37757,0.0018,0.0024
02.09.2025 17:40:58.055 UTC,1.3777,1.37757,0.00135,0.0033
02.09.2025 17:41:01.623 UTC,1.3777,1.37758,0.0018,0.00135
02.09.2025 17:41:02.880 UTC,1.37769,1.37759,0.00135,0.00135
02.09.2025 17:41:04.289 UTC,1.3777,1.37759,0.0012,0.0024
02.09.2025 17:41:04.391 UTC,1.37771,1.37759,0.0012,0.0024
02.09.2025 17:41:08.763 UTC,1.37771,1.37765,0.0012,0.00135
02.09.2025 17:41:08.815 UTC,1.37778,1.37768,0.0012,0.0012
02.09.2025 17:41:08.969 UTC,1.3778,1.37769,0.00135,0.0012
02.09.2025 17:41:09.021 UTC,1.37781,1.37771,0.0012,0.00135
02.09.2025 17:41:09.155 UTC,1.37783,1.37771,0.0012,0.00225
02.09.2025 17:41:10.069 UTC,1.37784,1.37771,0.0018,0.00225
02.09.2025 17:41:10.222 UTC,1.37783,1.37771,0.0012,0.00225
02.09.2025 17:41:10.324 UTC,1.37782,1.37771,0.0012,0.00225
02.09.2025 17:41:11.782 UTC,1.37782,1.37772,0.0012,0.00225
02.09.2025 17:41:11.834 UTC,1.37787,1.37775,0.0036,0.00225
02.09.2025 17:41:11.886 UTC,1.37787,1.37777,0.0012,0.0012
02.09.2025 17:41:11.989 UTC,1.37788,1.37778,0.0012,0.0012
02.09.2025 17:41:12.092 UTC,1.37788,1.37779,0.0012,0.0012
02.09.2025 17:41:13.104 UTC,1.3779,1.37778,0.0027,0.0012
02.09.2025 17:41:13.358 UTC,1.37789,1.37779,0.00285,0.0012
02.09.2025 17:41:14.973 UTC,1.3779,1.37778,0.00135,0.00225
02.09.2025 17:41:15.076 UTC,1.3779,1.37779,0.00135,0.0012
02.09.2025 17:41:17.197 UTC,1.3779,1.37779,0.0018,0.0012
02.09.2025 17:41:18.410 UTC,1.3779,1.37779,0.00135,0.0012
02.09.2025 17:41:18.682 UTC,1.37789,1.37779,0.0012,0.0012
02.09.2025 17:41:22.523 UTC,1.3779,1.37779,0.00135,0.00135
02.09.2025 17:41:23.539 UTC,1.37789,1.37779,0.0012,0.0012
02.09.2025 17:41:26.678 UTC,1.37788,1.37782,0.0012,0.0012
02.09.2025 17:41:26.781 UTC,1.37793,1.37784,0.00135,0.0012
02.09.2025 17:41:26.885 UTC,1.37796,1.37784,0.0027,0.0012
02.09.2025 17:41:27.698 UTC,1.37795,1.37786,0.00225,0.0012
02.09.2025 17:41:28.979 UTC,1.37795,1.37787,0.00135,0.0012
02.09.2025 17:41:29.089 UTC,1.37796,1.37787,0.00135,0.0012
02.09.2025 17:41:29.245 UTC,1.37799,1.37788,0.0018,0.0012
02.09.2025 17:41:29.348 UTC,1.37799,1.37789,0.0018,0.00135
02.09.2025 17:41:29.957 UTC,1.378,1.37789,0.0012,0.00135
02.09.2025 17:41:31.121 UTC,1.37799,1.37789,0.0012,0.0012
02.09.2025 17:41:31.376 UTC,1.37799,1.37789,0.0018,0.0012
02.09.2025 17:41:35.864 UTC,1.37799,1.37789,0.00315,0.0012
02.09.2025 17:41:36.066 UTC,1.37798,1.37789,0.0012,0.0012
02.09.2025 17:41:38.982 UTC,1.37799,1.37789,0.00405,0.0012
02.09.2025 17:41:39.875 UTC,1.37798,1.37789,0.0012,0.0012
02.09.2025 17:41:42.800 UTC,1.37799,1.37789,0.00405,0.0012
02.09.2025 17:41:43.865 UTC,1.37799,1.37789,0.0024,0.0012
02.09.2025 17:41:44.320 UTC,1.37799,1.37789,0.00135,0.0012
02.09.2025 17:41:44.926 UTC,1.37798,1.3779,0.0018,0.0012
02.09.2025 17:41:46.241 UTC,1.37799,1.37789,0.00315,0.0012
02.09.2025 17:41:48.112 UTC,1.37799,1.37789,0.0018,0.0012
02.09.2025 17:41:48.816 UTC,1.37798,1.3779,0.0018,0.0012
02.09.2025 17:41:49.273 UTC,1.37798,1.3779,0.00135,0.0012
02.09.2025 17:41:49.629 UTC,1.37798,1.3779,0.0018,0.0012
02.09.2025 17:41:49.881 UTC,1.37799,1.37789,0.00135,0.0012
02.09.2025 17:41:49.984 UTC,1.37798,1.3779,0.0018,0.0012
02.09.2025 17:41:54.633 UTC,1.37798,1.3779,0.00135,0.0012
02.09.2025 17:41:55.697 UTC,1.37799,1.3779,0.0012,0.0012
02.09.2025 17:41:55.800 UTC,1.37801,1.37792,0.0012,0.0018
02.09.2025 17:41:55.903 UTC,1.37805,1.37794,0.00285,0.0012
02.09.2025 17:41:56.057 UTC,1.37803,1.37793,0.0018,0.0012
02.09.2025 17:41:56.109 UTC,1.37802,1.37792,0.0012,0.00135
02.09.2025 17:41:56.949 UTC,1.37803,1.37792,0.00135,0.00135
02.09.2025 17:41:59.019 UTC,1.37801,1.3779,0.0012,0.0012
02.09.2025 17:41:59.123 UTC,1.37798,1.3779,0.0012,0.0012
02.09.2025 17:41:59.478 UTC,1.37797,1.3779,0.0012,0.0012
02.09.2025 17:42:02.008 UTC,1.37799,1.37789,0.00135,0.0012
02.09.2025 17:42:09.382 UTC,1.37798,1.37788,0.00135,0.0012
02.09.2025 17:42:09.485 UTC,1.37796,1.37788,0.00135,0.00135
02.09.2025 17:42:09.791 UTC,1.37797,1.37788,0.00135,0.00135
02.09.2025 17:42:10.449 UTC,1.37798,1.37787,0.0018,0.00135
02.09.2025 17:42:12.665 UTC,1.37797,1.37788,0.00135,0.00135
02.09.2025 17:42:12.768 UTC,1.37798,1.37787,0.0018,0.00135
02.09.2025 17:42:15.135 UTC,1.37797,1.37786,0.00135,0.00135
02.09.2025 17:42:15.442 UTC,1.37796,1.37786,0.0012,0.0012
02.09.2025 17:42:15.645 UTC,1.37797,1.37786,0.00225,0.00135
02.09.2025 17:42:15.748 UTC,1.37796,1.37789,0.0012,0.0012
02.09.2025 17:42:15.851 UTC,1.37799,1.37788,0.00225,0.00135
02.09.2025 17:42:16.105 UTC,1.37799,1.3779,0.00225,0.0012
02.09.2025 17:42:16.310 UTC,1.37798,1.3779,0.0012,0.0012
02.09.2025 17:42:17.424 UTC,1.378,1.37789,0.00135,0.00135
02.09.2025 17:42:18.535 UTC,1.37799,1.37789,0.0012,0.00135
02.09.2025 17:42:21.687 UTC,1.37799,1.37791,0.0012,0.0012
02.09.2025 17:42:21.843 UTC,1.37801,1.3779,0.00225,0.0012
02.09.2025 17:42:22.051 UTC,1.378,1.3779,0.0012,0.00135
02.09.2025 17:42:25.122 UTC,1.378,1.37791,0.00225,0.00135
02.09.2025 17:42:26.081 UTC,1.37799,1.37791,0.0012,0.00135
02.09.2025 17:42:26.284 UTC,1.378,1.37791,0.0018,0.00135
02.09.2025 17:42:28.449 UTC,1.37799,1.37791,0.0018,0.0012
02.09.2025 17:42:28.553 UTC,1.37798,1.37789,0.00135,0.00135
02.09.2025 17:42:28.658 UTC,1.37797,1.37789,0.0012,0.0012
02.09.2025 17:42:28.817 UTC,1.37796,1.37789,0.0012,0.0012
02.09.2025 17:42:29.020 UTC,1.37799,1.37788,0.00225,0.0012
02.09.2025 17:42:29.223 UTC,1.37798,1.37788,0.0012,0.0012
02.09.2025 17:42:30.043 UTC,1.37798,1.37789,0.00135,0.0012
02.09.2025 17:42:30.144 UTC,1.37798,1.37789,0.0018,0.0012
02.09.2025 17:42:30.649 UTC,1.37799,1.37788,0.00135,0.0012
02.09.2025 17:42:30.903 UTC,1.37798,1.37789,0.0018,0.0012
02.09.2025 17:42:31.256 UTC,1.37799,1.37788,0.00135,0.0012
02.09.2025 17:42:31.659 UTC,1.37798,1.37789,0.0018,0.0012
02.09.2025 17:42:32.263 UTC,1.37798,1.37789,0.00135,0.00135
02.09.2025 17:42:35.029 UTC,1.37798,1.37789,0.0018,0.00135
02.09.2025 17:42:35.386 UTC,1.37799,1.37787,0.0024,0.0012
02.09.2025 17:42:37.413 UTC,1.37799,1.37787,0.0042,0.0012
02.09.2025 17:42:38.024 UTC,1.37798,1.37786,0.0033,0.0012
02.09.2025 17:42:38.127 UTC,1.37795,1.37785,0.0012,0.00135
02.09.2025 17:42:39.265 UTC,1.37795,1.37786,0.00135,0.0012
02.09.2025 17:42:39.418 UTC,1.37794,1.37785,0.0012,0.0012
02.09.2025 17:42:39.521 UTC,1.37795,1.37785,0.00135,0.0012
02.09.2025 17:42:40.632 UTC,1.37796,1.37785,0.00135,0.0012
02.09.2025 17:42:43.194 UTC,1.37793,1.37786,0.0012,0.0012
02.09.2025 17:42:45.259 UTC,1.37794,1.37783,0.0018,0.0012
02.09.2025 17:42:46.624 UTC,1.37794,1.37786,0.0012,0.0012
02.09.2025 17:42:46.727 UTC,1.37798,1.37787,0.0018,0.0012
02.09.2025 17:42:46.983 UTC,1.37798,1.37787,0.00135,0.0012
02.09.2025 17:42:47.136 UTC,1.37797,1.37788,0.0018,0.0012
02.09.2025 17:42:49.098 UTC,1.37797,1.37788,0.00135,0.0012
02.09.2025 17:42:53.210 UTC,1.37798,1.37788,0.0012,0.0012
02.09.2025 17:42:55.844 UTC,1.37797,1.37788,0.00135,0.0012
02.09.2025 17:42:55.947 UTC,1.37798,1.37786,0.00315,0.0012
02.09.2025 17:42:56.049 UTC,1.37798,1.37786,0.0042,0.0012
02.09.2025 17:42:56.152 UTC,1.37796,1.37785,0.00135,0.0012
02.09.2025 17:42:56.255 UTC,1.37795,1.37785,0.0012,0.0012
02.09.2025 17:42:57.423 UTC,1.37796,1.37784,0.0051,0.00135
02.09.2025 17:42:57.475 UTC,1.3779,1.3778,0.0012,0.0012
02.09.2025 17:42:59.101 UTC,1.37789,1.3778,0.0012,0.0012
02.09.2025 17:43:01.422 UTC,1.3779,1.3778,0.0012,0.0012
02.09.2025 17:43:02.061 UTC,1.37792,1.37782,0.0012,0.0012
02.09.2025 17:43:02.173 UTC,1.37791,1.37784,0.0012,0.0012
02.09.2025 17:43:03.082 UTC,1.37792,1.37782,0.0012,0.0012
02.09.2025 17:43:05.544 UTC,1.37791,1.37782,0.0012,0.0012
02.09.2025 17:43:05.697 UTC,1.37791,1.37783,0.00135,0.0012
02.09.2025 17:43:06.304 UTC,1.37793,1.37783,0.0012,0.0012
02.09.2025 17:43:10.330 UTC,1.37794,1.37782,0.00135,0.00135
02.09.2025 17:43:10.434 UTC,1.37793,1.37783,0.0012,0.0012
02.09.2025 17:43:10.638 UTC,1.37794,1.37783,0.00135,0.0012
02.09.2025 17:43:11.734 UTC,1.37795,1.37784,0.00135,0.00135
02.09.2025 17:43:11.838 UTC,1.37797,1.37788,0.0012,0.0012
02.09.2025 17:43:11.889 UTC,1.37799,1.37788,0.0012,0.0012
02.09.2025 17:43:14.161 UTC,1.37799,1.37788,0.0018,0.0012
02.09.2025 17:43:14.867 UTC,1.37799,1.37788,0.00135,0.0012
02.09.2025 17:43:16.183 UTC,1.37798,1.37789,0.0018,0.0012
02.09.2025 17:43:21.575 UTC,1.37798,1.37788,0.0024,0.0012
02.09.2025 17:43:21.729 UTC,1.37797,1.37787,0.0018,0.0012
02.09.2025 17:43:21.836 UTC,1.37797,1.37786,0.0027,0.0012
02.09.2025 17:43:21.939 UTC,1.37797,1.37787,0.00135,0.0012
02.09.2025 17:43:22.950 UTC,1.37799,1.37787,0.0042,0.0012
02.09.2025 17:43:27.831 UTC,1.37799,1.37787,0.00135,0.00135
02.09.2025 17:43:27.933 UTC,1.37799,1.37787,0.0018,0.00135
02.09.2025 17:43:28.939 UTC,1.37799,1.37787,0.0018,0.0012
02.09.2025 17:43:29.143 UTC,1.37798,1.37787,0.0018,0.0012
02.09.2025 17:43:29.348 UTC,1.37797,1.37788,0.00135,0.0012
02.09.2025 17:43:29.902 UTC,1.37798,1.37787,0.0018,0.0012
02.09.2025 17:43:30.105 UTC,1.37798,1.37787,0.00135,0.0012
02.09.2025 17:43:31.359 UTC,1.37797,1.37788,0.0018,0.0012
02.09.2025 17:43:31.463 UTC,1.37798,1.37787,0.0018,0.0012
02.09.2025 17:43:32.420 UTC,1.37798,1.37786,0.0033,0.0012
02.09.2025 17:43:32.473 UTC,1.37795,1.37785,0.0018,0.00135
02.09.2025 17:43:33.589 UTC,1.37794,1.37783,0.00135,0.0012
02.09.2025 17:43:33.744 UTC,1.37794,1.37784,0.00135,0.00135
02.09.2025 17:43:34.101 UTC,1.37794,1.37783,0.0012,0.00135
02.09.2025 17:43:34.711 UTC,1.37794,1.37783,0.0018,0.0012
02.09.2025 17:43:34.814 UTC,1.37793,1.37782,0.0018,0.0012
02.09.2025 17:43:34.918 UTC,1.3779,1.37781,0.0012,0.0012
02.09.2025 17:43:35.121 UTC,1.3779,1.3778,0.00135,0.0012
02.09.2025 17:43:35.376 UTC,1.37791,1.3778,0.00135,0.0012
02.09.2025 17:43:36.436 UTC,1.37791,1.3778,0.0018,0.0012
02.09.2025 17:43:37.094 UTC,1.37789,1.3778,0.0012,0.0012
02.09.2025 17:43:40.914 UTC,1.37789,1.37778,0.00135,0.00135
02.09.2025 17:43:42.696 UTC,1.37789,1.37779,0.0012,0.0012
02.09.2025 17:43:42.748 UTC,1.37791,1.37779,0.00135,0.0012
02.09.2025 17:43:42.801 UTC,1.37789,1.37782,0.0012,0.0012
02.09.2025 17:43:42.853 UTC,1.37792,1.37782,0.0012,0.0012
02.09.2025 17:43:42.956 UTC,1.37793,1.37782,0.00135,0.0012
02.09.2025 17:43:45.424 UTC,1.37795,1.37783,0.00225,0.00135
02.09.2025 17:43:45.527 UTC,1.37795,1.37784,0.0012,0.0018
02.09.2025 17:43:45.629 UTC,1.37796,1.37784,0.00135,0.0012
02.09.2025 17:43:45.835 UTC,1.37792,1.3778,0.00135,0.00225
02.09.2025 17:43:45.938 UTC,1.3779,1.37779,0.0012,0.00135
02.09.2025 17:43:46.093 UTC,1.37788,1.37779,0.0012,0.00135
02.09.2025 17:43:50.131 UTC,1.37788,1.37779,0.0012,0.0018
02.09.2025 17:43:50.284 UTC,1.3779,1.37779,0.0012,0.00135
02.09.2025 17:43:54.982 UTC,1.3779,1.37778,0.0018,0.0012
02.09.2025 17:43:55.034 UTC,1.37789,1.37779,0.00135,0.0012
02.09.2025 17:43:55.136 UTC,1.37789,1.37779,0.0018,0.0012
02.09.2025 17:43:55.239 UTC,1.3779,1.37778,0.0018,0.0012
02.09.2025 17:43:56.254 UTC,1.37789,1.37779,0.0018,0.0012
02.09.2025 17:43:57.264 UTC,1.3779,1.37778,0.00135,0.0012
02.09.2025 17:43:58.679 UTC,1.3779,1.37778,0.0018,0.0012
02.09.2025 17:43:58.781 UTC,1.37789,1.37778,0.0018,0.0012
02.09.2025 17:43:58.883 UTC,1.37788,1.37779,0.0012,0.0012
02.09.2025 17:44:03.047 UTC,1.3779,1.37778,0.0018,0.0012
02.09.2025 17:44:03.652 UTC,1.37789,1.37779,0.0018,0.0012
02.09.2025 17:44:04.659 UTC,1.37789,1.37777,0.00135,0.0018
02.09.2025 17:44:04.761 UTC,1.37789,1.37778,0.0018,0.0012
02.09.2025 17:44:04.864 UTC,1.37789,1.37778,0.00195,0.0012
02.09.2025 17:44:04.967 UTC,1.37788,1.37778,0.0024,0.0012
02.09.2025 17:44:05.875 UTC,1.37788,1.37778,0.00225,0.0012
02.09.2025 17:44:05.977 UTC,1.37788,1.37778,0.0024,0.0012
02.09.2025 17:44:06.080 UTC,1.3779,1.37777,0.0033,0.0012
02.09.2025 17:44:08.095 UTC,1.37789,1.37777,0.00135,0.0018
02.09.2025 17:44:09.099 UTC,1.37789,1.37777,0.0018,0.0018
02.09.2025 17:44:09.501 UTC,1.37788,1.37778,0.00135,0.0018
02.09.2025 17:44:15.373 UTC,1.37787,1.37775,0.0018,0.0012
02.09.2025 17:44:15.533 UTC,1.3778,1.37772,0.0012,0.0012
02.09.2025 17:44:15.585 UTC,1.3778,1.37768,0.0012,0.00225
02.09.2025 17:44:16.954 UTC,1.37778,1.37768,0.0012,0.0033
02.09.2025 17:44:17.006 UTC,1.37777,1.37767,0.0012,0.0012
02.09.2025 17:44:17.058 UTC,1.37776,1.37765,0.0018,0.00225
02.09.2025 17:44:17.110 UTC,1.37774,1.37761,0.0012,0.006
02.09.2025 17:44:17.617 UTC,1.37773,1.37762,0.0012,0.0024
02.09.2025 17:44:20.694 UTC,1.37774,1.37761,0.0012,0.0018
02.09.2025 17:44:23.868 UTC,1.37773,1.37763,0.0012,0.0012
02.09.2025 17:44:23.970 UTC,1.37774,1.37761,0.0012,0.0018
02.09.2025 17:44:24.074 UTC,1.37769,1.37758,0.0012,0.00585
02.09.2025 17:44:26.874 UTC,1.37769,1.37759,0.0018,0.0012
02.09.2025 17:44:28.387 UTC,1.3777,1.37757,0.0012,0.0018
02.09.2025 17:44:40.108 UTC,1.37769,1.37757,0.0012,0.0012
02.09.2025 17:44:41.471 UTC,1.37769,1.37758,0.00225,0.0018
02.09.2025 17:44:44.697 UTC,1.37771,1.37759,0.00135,0.0012
02.09.2025 17:44:44.800 UTC,1.37771,1.37761,0.0036,0.0012
02.09.2025 17:44:45.258 UTC,1.37773,1.37761,0.00225,0.0012
02.09.2025 17:44:54.343 UTC,1.37774,1.37762,0.0024,0.0012
02.09.2025 17:44:54.496 UTC,1.37774,1.37764,0.0012,0.0012
02.09.2025 17:44:54.548 UTC,1.37774,1.37762,0.0012,0.0018
02.09.2025 17:45:05.248 UTC,1.37775,1.37763,0.0018,0.00135
02.09.2025 17:45:05.300 UTC,1.37777,1.37765,0.00135,0.0012
02.09.2025 17:45:05.407 UTC,1.37778,1.37767,0.0018,0.0012
02.09.2025 17:45:08.227 UTC,1.37777,1.37767,0.0012,0.0012
02.09.2025 17:45:08.279 UTC,1.37777,1.37765,0.0012,0.0012
02.09.2025 17:45:11.550 UTC,1.37777,1.37766,0.0012,0.0012
02.09.2025 17:45:11.755 UTC,1.37778,1.37766,0.0012,0.0012
02.09.2025 17:45:11.859 UTC,1.37778,1.37767,0.0012,0.0012
02.09.2025 17:45:17.060 UTC,1.37778,1.37768,0.0012,0.0012
02.09.2025 17:45:39.255 UTC,1.37778,1.37767,0.0012,0.0012
02.09.2025 17:45:41.127 UTC,1.37777,1.37766,0.0012,0.0012
02.09.2025 17:45:41.179 UTC,1.37776,1.37764,0.0012,0.00375
02.09.2025 17:45:41.231 UTC,1.37777,1.37766,0.0012,0.0012
02.09.2025 17:45:43.099 UTC,1.37777,1.37765,0.0012,0.00135
02.09.2025 17:45:51.928 UTC,1.37778,1.37765,0.0054,0.00135
02.09.2025 17:45:52.132 UTC,1.37778,1.37766,0.0054,0.0012
02.09.2025 17:45:52.839 UTC,1.37778,1.37766,0.00555,0.0012
02.09.2025 17:45:52.941 UTC,1.37778,1.37766,0.00495,0.0012
02.09.2025 17:46:00.197 UTC,1.37777,1.37766,0.0012,0.0012
02.09.2025 17:46:01.606 UTC,1.37776,1.37766,0.0012,0.0012
02.09.2025 17:46:02.213 UTC,1.37776,1.37765,0.0012,0.0012
02.09.2025 17:46:02.265 UTC,1.37775,1.37763,0.0012,0.0012
02.09.2025 17:46:02.368 UTC,1.37774,1.37763,0.0012,0.0012
02.09.2025 17:46:02.571 UTC,1.37776,1.37763,0.0012,0.0012
02.09.2025 17:46:02.725 UTC,1.37772,1.37761,0.00135,0.0018
02.09.2025 17:46:02.777 UTC,1.37769,1.37759,0.0012,0.0012
02.09.2025 17:46:02.829 UTC,1.37769,1.37756,0.0012,0.0027
02.09.2025 17:46:05.561 UTC,1.37769,1.37757,0.0012,0.0012
02.09.2025 17:46:07.375 UTC,1.3777,1.37757,0.0012,0.0018
02.09.2025 17:46:07.478 UTC,1.37772,1.37758,0.00645,0.0018
02.09.2025 17:46:07.580 UTC,1.37772,1.37758,0.0063,0.0018
02.09.2025 17:46:07.682 UTC,1.37771,1.37758,0.00135,0.0012
02.09.2025 17:46:07.785 UTC,1.3777,1.3776,0.0012,0.0012
02.09.2025 17:46:09.446 UTC,1.37771,1.37758,0.00225,0.0012
02.09.2025 17:46:09.549 UTC,1.3777,1.37758,0.0018,0.00405
02.09.2025 17:46:12.221 UTC,1.37771,1.37758,0.00225,0.0012
02.09.2025 17:46:12.324 UTC,1.37771,1.37759,0.0012,0.0012
02.09.2025 17:46:14.644 UTC,1.3777,1.37759,0.0018,0.0012
02.09.2025 17:46:15.903 UTC,1.37773,1.37759,0.0027,0.0027
02.09.2025 17:46:15.955 UTC,1.37772,1.37763,0.00135,0.0012
02.09.2025 17:46:16.008 UTC,1.37772,1.37759,0.0012,0.00225
02.09.2025 17:46:18.124 UTC,1.37772,1.3776,0.0012,0.0012
02.09.2025 17:46:20.930 UTC,1.37773,1.37759,0.00135,0.00225
02.09.2025 17:46:21.033 UTC,1.37773,1.3776,0.00225,0.00135
02.09.2025 17:46:22.143 UTC,1.37774,1.3776,0.00225,0.0027
02.09.2025 17:46:22.200 UTC,1.37774,1.37762,0.00225,0.0012
02.09.2025 17:46:22.353 UTC,1.37774,1.37763,0.00135,0.0012
02.09.2025 17:46:22.558 UTC,1.37774,1.37765,0.0012,0.0012
02.09.2025 17:46:22.661 UTC,1.37775,1.37766,0.00225,0.0012
02.09.2025 17:46:22.764 UTC,1.37776,1.37764,0.00225,0.0012
02.09.2025 17:46:23.170 UTC,1.37773,1.37764,0.0012,0.0012
02.09.2025 17:46:23.273 UTC,1.37775,1.37762,0.0027,0.0018
02.09.2025 17:46:23.375 UTC,1.37775,1.37764,0.0012,0.0012
02.09.2025 17:46:23.478 UTC,1.37774,1.37764,0.0012,0.0012
02.09.2025 17:46:23.581 UTC,1.37774,1.37763,0.00315,0.0018
02.09.2025 17:46:23.735 UTC,1.37773,1.37762,0.0012,0.0027
02.09.2025 17:46:25.849 UTC,1.37775,1.37762,0.0018,0.00135
02.09.2025 17:46:25.951 UTC,1.37775,1.37764,0.0012,0.0012
02.09.2025 17:46:27.614 UTC,1.37774,1.37764,0.0012,0.0012
02.09.2025 17:46:27.665 UTC,1.37774,1.37762,0.0012,0.0012
02.09.2025 17:46:28.618 UTC,1.37773,1.37761,0.0012,0.0012
02.09.2025 17:46:28.721 UTC,1.37773,1.3776,0.00135,0.00405
02.09.2025 17:46:29.682 UTC,1.37774,1.37761,0.0012,0.0012
02.09.2025 17:46:29.786 UTC,1.37775,1.37762,0.00225,0.0018
02.09.2025 17:46:30.141 UTC,1.37774,1.37765,0.00225,0.0012
02.09.2025 17:46:30.193 UTC,1.37775,1.37762,0.00315,0.0018
02.09.2025 17:46:30.953 UTC,1.37774,1.37762,0.0012,0.0012
02.09.2025 17:46:34.174 UTC,1.37775,1.37763,0.00225,0.0012
02.09.2025 17:46:34.933 UTC,1.37775,1.37762,0.00315,0.0018
02.09.2025 17:46:36.945 UTC,1.37774,1.37762,0.0012,0.0012
02.09.2025 17:46:37.048 UTC,1.37775,1.37763,0.0012,0.0012
02.09.2025 17:46:37.253 UTC,1.37775,1.37764,0.0012,0.0012
02.09.2025 17:46:39.914 UTC,1.37774,1.37764,0.0012,0.0012
02.09.2025 17:46:39.967 UTC,1.37777,1.37765,0.0012,0.0012
02.09.2025 17:46:40.070 UTC,1.37778,1.37766,0.00225,0.0012
02.09.2025 17:46:44.663 UTC,1.37778,1.37767,0.0012,0.0012
02.09.2025 17:46:44.867 UTC,1.3778,1.37767,0.0018,0.0012
02.09.2025 17:46:45.472 UTC,1.3778,1.37766,0.0012,0.00225
02.09.2025 17:46:46.279 UTC,1.37779,1.37768,0.0012,0.0012
02.09.2025 17:46:48.139 UTC,1.37781,1.37767,0.0036,0.0036
02.09.2025 17:46:48.241 UTC,1.37781,1.37768,0.0018,0.0012
02.09.2025 17:46:48.394 UTC,1.3778,1.37768,0.0018,0.00405
02.09.2025 17:46:48.446 UTC,1.3778,1.3777,0.0012,0.0012
02.09.2025 17:46:48.549 UTC,1.37782,1.37771,0.00135,0.0012
02.09.2025 17:46:48.651 UTC,1.37782,1.3777,0.00135,0.0018
02.09.2025 17:46:58.019 UTC,1.37782,1.37772,0.0012,0.0012
02.09.2025 17:46:58.122 UTC,1.37783,1.37773,0.00225,0.0018
02.09.2025 17:47:00.132 UTC,1.37783,1.37771,0.0012,0.0012
02.09.2025 17:47:00.991 UTC,1.37784,1.37772,0.00315,0.0012
02.09.2025 17:47:02.558 UTC,1.37783,1.37771,0.0012,0.00315
02.09.2025 17:47:03.393 UTC,1.37783,1.37774,0.00135,0.0012
02.09.2025 17:47:03.597 UTC,1.37784,1.37772,0.00135,0.0018
02.09.2025 17:47:05.157 UTC,1.37783,1.37774,0.00135,0.0012
02.09.2025 17:47:05.210 UTC,1.37787,1.37775,0.0018,0.00135
02.09.2025 17:47:05.313 UTC,1.37788,1.37776,0.0018,0.0012
02.09.2025 17:47:07.185 UTC,1.37786,1.37776,0.00225,0.0012
02.09.2025 17:47:07.288 UTC,1.37785,1.37775,0.0012,0.0018
02.09.2025 17:47:08.347 UTC,1.37787,1.37775,0.00225,0.0012
02.09.2025 17:47:08.603 UTC,1.37788,1.37775,0.0027,0.0018
02.09.2025 17:47:08.706 UTC,1.37789,1.37775,0.0081,0.0018
02.09.2025 17:47:08.962 UTC,1.37788,1.37776,0.0012,0.0012
02.09.2025 17:47:14.468 UTC,1.37789,1.37778,0.0012,0.0012
02.09.2025 17:47:14.522 UTC,1.37793,1.37781,0.0012,0.0012
02.09.2025 17:47:15.130 UTC,1.37793,1.3778,0.00315,0.0012
02.09.2025 17:47:15.182 UTC,1.3779,1.37779,0.0012,0.00225
02.09.2025 17:47:15.285 UTC,1.37789,1.37779,0.0012,0.0012
02.09.2025 17:47:15.490 UTC,1.37789,1.37778,0.00225,0.0012
02.09.2025 17:47:15.593 UTC,1.37788,1.37778,0.00135,0.0012
02.09.2025 17:47:16.855 UTC,1.3779,1.37777,0.00225,0.0012
02.09.2025 17:47:16.907 UTC,1.37792,1.37777,0.00315,0.00315
02.09.2025 17:47:16.959 UTC,1.37792,1.37781,0.00135,0.0012
02.09.2025 17:47:17.214 UTC,1.37793,1.37781,0.0054,0.0012
02.09.2025 17:47:17.919 UTC,1.37792,1.37781,0.00555,0.0012
02.09.2025 17:47:18.022 UTC,1.37792,1.3778,0.0018,0.0012
02.09.2025 17:47:18.427 UTC,1.37793,1.3778,0.00645,0.0012
02.09.2025 17:47:18.679 UTC,1.3779,1.3778,0.0012,0.0012
02.09.2025 17:47:18.832 UTC,1.37791,1.3778,0.00135,0.0012
02.09.2025 17:47:19.437 UTC,1.3779,1.3778,0.0027,0.0012
02.09.2025 17:47:19.539 UTC,1.3779,1.37779,0.0012,0.0012
02.09.2025 17:47:20.201 UTC,1.37791,1.37779,0.0027,0.0012
02.09.2025 17:47:23.220 UTC,1.3779,1.37781,0.00135,0.0012
02.09.2025 17:47:23.272 UTC,1.37792,1.37781,0.0012,0.00225
02.09.2025 17:47:23.324 UTC,1.37793,1.37783,0.0036,0.0012
02.09.2025 17:47:23.497 UTC,1.37793,1.37782,0.00135,0.0012
02.09.2025 17:47:24.908 UTC,1.37793,1.37782,0.0018,0.0012
02.09.2025 17:47:25.861 UTC,1.37793,1.37782,0.00135,0.0012
02.09.2025 17:47:26.114 UTC,1.37792,1.37781,0.00135,0.0012
02.09.2025 17:47:26.216 UTC,1.37792,1.37782,0.00135,0.0012
02.09.2025 17:47:30.188 UTC,1.37792,1.37781,0.0012,0.0012
02.09.2025 17:47:32.002 UTC,1.37792,1.37782,0.00135,0.0012
02.09.2025 17:47:32.751 UTC,1.37793,1.37781,0.0018,0.0012
02.09.2025 17:47:32.903 UTC,1.37793,1.37781,0.00135,0.0012
02.09.2025 17:47:33.258 UTC,1.37793,1.37781,0.0018,0.0012
02.09.2025 17:47:33.410 UTC,1.37792,1.37782,0.00135,0.0012
02.09.2025 17:47:34.316 UTC,1.37793,1.37781,0.0018,0.0012
02.09.2025 17:47:35.069 UTC,1.37792,1.37782,0.0012,0.0012
02.09.2025 17:47:36.238 UTC,1.37792,1.37782,0.0018,0.0012
02.09.2025 17:47:36.640 UTC,1.37793,1.37781,0.00135,0.0012
02.09.2025 17:47:37.394 UTC,1.37793,1.37781,0.0018,0.0012
02.09.2025 17:47:37.495 UTC,1.37793,1.37781,0.00135,0.0012
02.09.2025 17:47:38.600 UTC,1.37793,1.37781,0.0018,0.0012
02.09.2025 17:47:39.655 UTC,1.37792,1.37782,0.00135,0.0012
02.09.2025 17:47:48.777 UTC,1.37792,1.37783,0.0012,0.0012
02.09.2025 17:47:48.828 UTC,1.37795,1.37782,0.00495,0.0012
02.09.2025 17:47:49.687 UTC,1.37791,1.3778,0.0012,0.0012
02.09.2025 17:47:52.559 UTC,1.37792,1.37781,0.0027,0.0012
02.09.2025 17:47:52.661 UTC,1.37792,1.3778,0.00135,0.0012
02.09.2025 17:47:53.924 UTC,1.37791,1.37779,0.00195,0.0012
02.09.2025 17:47:54.027 UTC,1.3779,1.37778,0.00135,0.0012
02.09.2025 17:47:56.161 UTC,1.37788,1.37778,0.0012,0.0012
02.09.2025 17:47:59.330 UTC,1.37788,1.37777,0.0012,0.0012
02.09.2025 17:48:06.929 UTC,1.37788,1.37776,0.00135,0.0018
02.09.2025 17:48:07.032 UTC,1.37786,1.37775,0.00225,0.0018
02.09.2025 17:48:09.974 UTC,1.37779,1.37773,0.0012,0.0012
02.09.2025 17:48:10.028 UTC,1.37779,1.37769,0.0012,0.0012
02.09.2025 17:48:10.131 UTC,1.3778,1.37767,0.0018,0.0012
02.09.2025 17:48:10.438 UTC,1.37778,1.37768,0.0018,0.0012
02.09.2025 17:48:17.443 UTC,1.37779,1.37768,0.0012,0.0012
02.09.2025 17:48:17.546 UTC,1.3778,1.3777,0.0012,0.0018
02.09.2025 17:48:17.598 UTC,1.37783,1.37771,0.0012,0.0018
02.09.2025 17:48:19.305 UTC,1.37782,1.37771,0.0012,0.0012
02.09.2025 17:48:21.719 UTC,1.37782,1.3777,0.00375,0.0012
02.09.2025 17:48:21.772 UTC,1.3778,1.37767,0.0018,0.0018
02.09.2025 17:48:24.345 UTC,1.37779,1.37767,0.00135,0.0012
02.09.2025 17:48:27.216 UTC,1.3778,1.37767,0.0036,0.0012
02.09.2025 17:48:28.611 UTC,1.37779,1.37769,0.00315,0.0012
02.09.2025 17:48:29.618 UTC,1.3778,1.37767,0.0036,0.0018
02.09.2025 17:48:32.937 UTC,1.37779,1.37769,0.00135,0.0012
02.09.2025 17:48:33.039 UTC,1.37779,1.37768,0.00135,0.0012
02.09.2025 17:48:37.168 UTC,1.3778,1.3777,0.0012,0.0012
02.09.2025 17:48:37.220 UTC,1.37782,1.37771,0.00135,0.0012
02.09.2025 17:48:43.133 UTC,1.37782,1.3777,0.00225,0.0018
02.09.2025 17:48:43.237 UTC,1.37781,1.37769,0.0027,0.0012
02.09.2025 17:48:43.994 UTC,1.37781,1.3777,0.00225,0.0012
02.09.2025 17:48:44.500 UTC,1.37781,1.37772,0.00225,0.0012
02.09.2025 17:48:52.343 UTC,1.37782,1.37772,0.0012,0.0012
02.09.2025 17:48:54.939 UTC,1.37781,1.37771,0.0012,0.0012
02.09.2025 17:48:54.993 UTC,1.3778,1.37768,0.0012,0.0012
02.09.2025 17:48:56.514 UTC,1.37779,1.37768,0.00135,0.0012
02.09.2025 17:48:57.523 UTC,1.37779,1.37767,0.00225,0.0018
02.09.2025 17:49:02.955 UTC,1.37779,1.37768,0.00135,0.0012
02.09.2025 17:49:03.008 UTC,1.3778,1.3777,0.0012,0.0012
02.09.2025 17:49:03.113 UTC,1.37782,1.3777,0.00225,0.0018
02.09.2025 17:49:03.217 UTC,1.37782,1.37771,0.00225,0.0012
02.09.2025 17:49:04.276 UTC,1.37781,1.37771,0.00135,0.0012
02.09.2025 17:49:04.380 UTC,1.37781,1.3777,0.00135,0.0012
02.09.2025 17:49:06.148 UTC,1.37781,1.37772,0.00135,0.0018
02.09.2025 17:49:11.593 UTC,1.37781,1.3777,0.0018,0.0018
02.09.2025 17:49:11.645 UTC,1.37779,1.37769,0.0012,0.0018
02.09.2025 17:49:19.824 UTC,1.37779,1.37768,0.00135,0.0018
02.09.2025 17:49:21.385 UTC,1.3778,1.37769,0.00225,0.0012
02.09.2025 17:49:21.437 UTC,1.37782,1.37773,0.00405,0.0012
02.09.2025 17:49:21.490 UTC,1.37785,1.37773,0.0012,0.0012
02.09.2025 17:49:21.543 UTC,1.37787,1.37775,0.00225,0.0012
02.09.2025 17:49:21.647 UTC,1.37786,1.37777,0.00135,0.0012
02.09.2025 17:49:21.750 UTC,1.37787,1.37775,0.00135,0.0018
02.09.2025 17:49:22.056 UTC,1.37786,1.37775,0.00135,0.0018
02.09.2025 17:49:23.482 UTC,1.37786,1.37774,0.00135,0.0018
02.09.2025 17:49:23.985 UTC,1.37786,1.37773,0.00225,0.0018
02.09.2025 17:49:24.088 UTC,1.37784,1.37774,0.0012,0.0012
02.09.2025 17:49:24.191 UTC,1.37785,1.37773,0.0024,0.0012
02.09.2025 17:49:26.217 UTC,1.37783,1.37773,0.00225,0.0012
02.09.2025 17:49:26.974 UTC,1.37783,1.37774,0.00225,0.0012
02.09.2025 17:49:30.550 UTC,1.37784,1.37772,0.00225,0.0012
02.09.2025 17:49:37.784 UTC,1.37783,1.37774,0.0012,0.0012
02.09.2025 17:49:42.261 UTC,1.37786,1.37774,0.0012,0.0012
02.09.2025 17:49:42.313 UTC,1.37787,1.37776,0.0012,0.0012
02.09.2025 17:49:42.416 UTC,1.37787,1.37777,0.0012,0.0012
02.09.2025 17:49:42.468 UTC,1.37789,1.37778,0.0012,0.0012
02.09.2025 17:49:42.877 UTC,1.37789,1.37777,0.0012,0.0012
02.09.2025 17:49:47.595 UTC,1.37788,1.37777,0.0012,0.0012
02.09.2025 17:49:47.698 UTC,1.37788,1.37775,0.0012,0.0012
02.09.2025 17:49:55.754 UTC,1.37785,1.37776,0.0012,0.0012
02.09.2025 17:49:58.873 UTC,1.37784,1.37776,0.0012,0.0012
02.09.2025 17:49:58.976 UTC,1.37785,1.37775,0.0012,0.00135
02.09.2025 17:50:00.135 UTC,1.37785,1.37774,0.0012,0.00135
02.09.2025 17:50:03.321 UTC,1.37785,1.37775,0.0012,0.0012
02.09.2025 17:50:04.279 UTC,1.37786,1.37776,0.0018,0.00135
02.09.2025 17:50:06.784 UTC,1.37787,1.37776,0.0018,0.0012
02.09.2025 17:50:10.654 UTC,1.37787,1.37775,0.0012,0.00135
02.09.2025 17:50:11.767 UTC,1.37788,1.37776,0.0018,0.00135
02.09.2025 17:50:13.987 UTC,1.37787,1.37775,0.0012,0.0024
02.09.2025 17:50:14.091 UTC,1.37786,1.37773,0.0012,0.0024
02.09.2025 17:50:16.154 UTC,1.37786,1.37775,0.0012,0.0012
02.09.2025 17:50:16.556 UTC,1.37787,1.37775,0.00135,0.0012
02.09.2025 17:50:16.659 UTC,1.37787,1.37776,0.0018,0.0051
02.09.2025 17:50:19.846 UTC,1.37786,1.37775,0.0012,0.0024
02.09.2025 17:50:19.998 UTC,1.37786,1.37775,0.0012,0.00135
02.09.2025 17:50:27.524 UTC,1.37787,1.37774,0.0018,0.0033
02.09.2025 17:50:28.097 UTC,1.37787,1.37776,0.0018,0.0033
02.09.2025 17:50:30.667 UTC,1.37788,1.37775,0.0012,0.0051
02.09.2025 17:50:33.787 UTC,1.37786,1.37776,0.0012,0.0042
02.09.2025 17:50:33.891 UTC,1.37783,1.37771,0.0012,0.00135
02.09.2025 17:50:33.994 UTC,1.37782,1.37771,0.0012,0.00135
02.09.2025 17:50:36.670 UTC,1.3778,1.37768,0.0012,0.0024
02.09.2025 17:50:36.773 UTC,1.37778,1.37767,0.0018,0.0042
02.09.2025 17:50:38.903 UTC,1.37778,1.37767,0.0012,0.0018
02.09.2025 17:50:40.779 UTC,1.37779,1.37766,0.0018,0.0033
02.09.2025 17:50:40.882 UTC,1.37783,1.37771,0.0018,0.00135
02.09.2025 17:50:41.338 UTC,1.37783,1.37771,0.0012,0.0018
02.09.2025 17:50:46.362 UTC,1.37783,1.37771,0.0018,0.0012
02.09.2025 17:50:51.714 UTC,1.37783,1.3777,0.0018,0.00315
02.09.2025 17:50:54.022 UTC,1.37782,1.3777,0.0012,0.0012
02.09.2025 17:50:54.074 UTC,1.3778,1.37769,0.0012,0.00135
02.09.2025 17:50:54.176 UTC,1.37779,1.37768,0.0018,0.00495
02.09.2025 17:50:54.480 UTC,1.37779,1.37766,0.00135,0.00495
02.09.2025 17:50:58.460 UTC,1.3778,1.37767,0.00225,0.0012
02.09.2025 17:51:00.369 UTC,1.37779,1.37767,0.0012,0.0018
02.09.2025 17:51:12.266 UTC,1.37778,1.37767,0.0012,0.0012
02.09.2025 17:51:17.095 UTC,1.37777,1.37767,0.0012,0.00225
02.09.2025 17:51:20.935 UTC,1.37779,1.37768,0.0018,0.00585
02.09.2025 17:51:21.039 UTC,1.37781,1.37769,0.0018,0.0012
02.09.2025 17:51:21.141 UTC,1.37781,1.37768,0.0018,0.0012
02.09.2025 17:51:21.548 UTC,1.37781,1.37768,0.0027,0.0012
02.09.2025 17:51:21.650 UTC,1.3778,1.37768,0.0012,0.0012
02.09.2025 17:51:24.771 UTC,1.37778,1.37769,0.0012,0.0012
02.09.2025 17:51:25.430 UTC,1.3778,1.37769,0.0012,0.0012
02.09.2025 17:51:27.745 UTC,1.37779,1.37769,0.00135,0.00225
02.09.2025 17:51:27.848 UTC,1.37778,1.37768,0.00135,0.00135
02.09.2025 17:51:28.811 UTC,1.37777,1.37766,0.00135,0.0012
02.09.2025 17:51:28.914 UTC,1.37778,1.37766,0.00195,0.00135
02.09.2025 17:51:31.875 UTC,1.37778,1.37767,0.00315,0.0012
02.09.2025 17:51:31.979 UTC,1.37779,1.37767,0.0018,0.0012
02.09.2025 17:51:33.394 UTC,1.37779,1.37767,0.00135,0.0012
02.09.2025 17:51:35.415 UTC,1.3778,1.37768,0.0018,0.0012
02.09.2025 17:51:37.134 UTC,1.3778,1.37768,0.00135,0.0012
02.09.2025 17:51:38.191 UTC,1.3778,1.37768,0.0018,0.0012
02.09.2025 17:51:38.293 UTC,1.3778,1.37768,0.00135,0.0012
02.09.2025 17:51:38.802 UTC,1.37779,1.37769,0.0018,0.0012
02.09.2025 17:51:39.054 UTC,1.3778,1.37768,0.00135,0.0012
02.09.2025 17:51:39.307 UTC,1.3778,1.37768,0.0033,0.0012
02.09.2025 17:51:46.686 UTC,1.37779,1.37769,0.00135,0.0012
02.09.2025 17:51:52.641 UTC,1.3778,1.37768,0.0018,0.0012
02.09.2025 17:51:54.254 UTC,1.3778,1.37768,0.00135,0.0012
02.09.2025 17:51:54.356 UTC,1.37779,1.37769,0.0018,0.0012
02.09.2025 17:51:54.960 UTC,1.3778,1.37768,0.00135,0.0012
02.09.2025 17:51:57.726 UTC,1.37779,1.37768,0.0012,0.0012
02.09.2025 17:52:00.241 UTC,1.3778,1.37768,0.00135,0.0012
02.09.2025 17:52:01.301 UTC,1.3778,1.37769,0.00225,0.0018
02.09.2025 17:52:02.665 UTC,1.37781,1.37768,0.0024,0.0012
02.09.2025 17:52:02.768 UTC,1.37779,1.37769,0.00135,0.0012
02.09.2025 17:52:05.181 UTC,1.3778,1.37769,0.00225,0.0018
02.09.2025 17:52:06.845 UTC,1.3778,1.37769,0.0024,0.0012
02.09.2025 17:52:09.871 UTC,1.3778,1.37769,0.0012,0.0012
02.09.2025 17:52:10.074 UTC,1.37781,1.37769,0.00135,0.0012
02.09.2025 17:52:10.178 UTC,1.3778,1.37771,0.0012,0.0024
02.09.2025 17:52:10.230 UTC,1.37784,1.37771,0.00225,0.00315
02.09.2025 17:52:10.434 UTC,1.37785,1.37772,0.0033,0.0012
02.09.2025 17:52:11.087 UTC,1.37785,1.37772,0.00225,0.0012
02.09.2025 17:52:12.753 UTC,1.37784,1.37773,0.0033,0.0012
02.09.2025 17:52:12.883 UTC,1.37784,1.37774,0.00315,0.0012
02.09.2025 17:52:13.990 UTC,1.37785,1.37773,0.0033,0.0012
02.09.2025 17:52:14.244 UTC,1.37784,1.37773,0.0033,0.0012
02.09.2025 17:52:14.446 UTC,1.37785,1.37772,0.00315,0.0012
02.09.2025 17:52:14.849 UTC,1.37785,1.37772,0.0033,0.0018
02.09.2025 17:52:15.704 UTC,1.37785,1.37772,0.00315,0.0018
02.09.2025 17:52:15.906 UTC,1.37784,1.37773,0.0033,0.0018
02.09.2025 17:52:16.813 UTC,1.37784,1.37773,0.00315,0.0018
02.09.2025 17:52:16.966 UTC,1.37783,1.37773,0.0012,0.0012
02.09.2025 17:52:18.981 UTC,1.37785,1.37772,0.00315,0.0018
02.09.2025 17:52:19.436 UTC,1.37785,1.37772,0.0033,0.0012
02.09.2025 17:52:20.443 UTC,1.37785,1.37772,0.00315,0.0012
02.09.2025 17:52:21.147 UTC,1.37785,1.37773,0.00315,0.0012
02.09.2025 17:52:21.250 UTC,1.37785,1.37774,0.0027,0.0012
02.09.2025 17:52:21.757 UTC,1.37785,1.37775,0.0012,0.0012
02.09.2025 17:52:21.962 UTC,1.37787,1.37775,0.0024,0.00225
02.09.2025 17:52:22.014 UTC,1.37786,1.37778,0.00135,0.0012
02.09.2025 17:52:22.117 UTC,1.37789,1.37777,0.0012,0.0012
02.09.2025 17:52:22.321 UTC,1.37789,1.37778,0.00405,0.0012
02.09.2025 17:52:22.881 UTC,1.37789,1.37778,0.0042,0.0012
02.09.2025 17:52:24.580 UTC,1.3779,1.37777,0.0024,0.0012
02.09.2025 17:52:25.134 UTC,1.37789,1.37775,0.0024,0.0018
02.09.2025 17:52:28.705 UTC,1.37789,1.37775,0.0042,0.0012
02.09.2025 17:52:33.430 UTC,1.37787,1.37774,0.00135,0.0018
02.09.2025 17:52:33.582 UTC,1.37787,1.37774,0.0024,0.0018
02.09.2025 17:52:34.390 UTC,1.37786,1.37775,0.00135,0.0018
02.09.2025 17:52:34.542 UTC,1.37787,1.37774,0.0018,0.0018
02.09.2025 17:52:34.644 UTC,1.37787,1.37774,0.00135,0.0018
02.09.2025 17:52:35.800 UTC,1.37787,1.37774,0.0018,0.0018
02.09.2025 17:52:36.003 UTC,1.37787,1.37774,0.00135,0.0018
02.09.2025 17:52:36.105 UTC,1.37787,1.37774,0.0018,0.0018
02.09.2025 17:52:36.358 UTC,1.37788,1.37775,0.00405,0.0012
02.09.2025 17:52:36.461 UTC,1.37789,1.37776,0.00315,0.0012
02.09.2025 17:52:36.563 UTC,1.37788,1.37777,0.0024,0.00135
02.09.2025 17:52:36.678 UTC,1.37789,1.37776,0.00225,0.00225
02.09.2025 17:52:37.384 UTC,1.37788,1.37778,0.0012,0.0012
02.09.2025 17:52:38.041 UTC,1.37789,1.37776,0.00135,0.00225
02.09.2025 17:52:46.347 UTC,1.37789,1.37776,0.0033,0.0018
02.09.2025 17:52:47.084 UTC,1.37788,1.37777,0.00495,0.0018
02.09.2025 17:52:47.186 UTC,1.37789,1.37776,0.0051,0.0018
02.09.2025 17:52:47.540 UTC,1.37789,1.37776,0.00315,0.0018
02.09.2025 17:52:48.393 UTC,1.37789,1.37776,0.0033,0.0018
02.09.2025 17:52:51.350 UTC,1.37788,1.37775,0.00135,0.00315
02.09.2025 17:52:51.854 UTC,1.37788,1.37775,0.0018,0.00315
02.09.2025 17:52:52.458 UTC,1.37787,1.37776,0.00135,0.00315
02.09.2025 17:52:52.813 UTC,1.37785,1.37775,0.0018,0.0012
02.09.2025 17:52:52.916 UTC,1.37785,1.37775,0.0012,0.0012
02.09.2025 17:52:53.375 UTC,1.37787,1.37775,0.0018,0.0012
02.09.2025 17:52:53.477 UTC,1.37787,1.37775,0.00135,0.0012
02.09.2025 17:52:58.622 UTC,1.37788,1.37777,0.0042,0.0012
02.09.2025 17:52:58.826 UTC,1.37788,1.37777,0.00225,0.0012
02.09.2025 17:52:58.929 UTC,1.37788,1.37777,0.0024,0.0012
02.09.2025 17:53:00.341 UTC,1.37789,1.37776,0.00225,0.0012
02.09.2025 17:53:01.499 UTC,1.37788,1.37777,0.0024,0.0012
02.09.2025 17:53:02.104 UTC,1.37788,1.37777,0.00405,0.0012
02.09.2025 17:53:02.758 UTC,1.37788,1.37777,0.0042,0.0012
02.09.2025 17:53:05.275 UTC,1.37787,1.37775,0.0012,0.00225
02.09.2025 17:53:10.344 UTC,1.37788,1.37776,0.00135,0.0012
02.09.2025 17:53:10.447 UTC,1.37788,1.37776,0.0018,0.0012
02.09.2025 17:53:10.498 UTC,1.37788,1.37776,0.00135,0.0012
02.09.2025 17:53:20.824 UTC,1.37787,1.37776,0.0012,0.00315
02.09.2025 17:53:21.835 UTC,1.37788,1.37776,0.00225,0.0012
02.09.2025 17:53:27.922 UTC,1.37788,1.37776,0.0018,0.0018
02.09.2025 17:53:27.974 UTC,1.37788,1.37776,0.0012,0.0018
02.09.2025 17:53:35.282 UTC,1.37786,1.37776,0.0012,0.0018
02.09.2025 17:53:35.386 UTC,1.37786,1.37774,0.0012,0.0018
02.09.2025 17:53:43.443 UTC,1.37784,1.37774,0.0012,0.0012
02.09.2025 17:53:43.546 UTC,1.37784,1.37773,0.0012,0.0018
02.09.2025 17:53:43.700 UTC,1.37785,1.37773,0.00225,0.0027
02.09.2025 17:53:43.803 UTC,1.37785,1.37774,0.00225,0.0012
02.09.2025 17:53:46.378 UTC,1.37785,1.37773,0.0012,0.0018
02.09.2025 17:53:46.683 UTC,1.37784,1.37774,0.0012,0.0012
02.09.2025 17:53:46.788 UTC,1.37778,1.37766,0.00135,0.00225
02.09.2025 17:53:51.083 UTC,1.37778,1.3777,0.0012,0.0012
02.09.2025 17:53:51.135 UTC,1.37783,1.37773,0.00225,0.0012
02.09.2025 17:53:51.238 UTC,1.37783,1.37774,0.00135,0.0012
02.09.2025 17:53:51.340 UTC,1.37783,1.37773,0.00135,0.0012
02.09.2025 17:53:51.493 UTC,1.37783,1.37773,0.0024,0.0012
02.09.2025 17:53:51.696 UTC,1.37784,1.37772,0.00135,0.0012
02.09.2025 17:53:52.101 UTC,1.37783,1.37772,0.00135,0.0012
02.09.2025 17:53:52.204 UTC,1.37783,1.37771,0.00135,0.0012
02.09.2025 17:53:54.130 UTC,1.3778,1.37771,0.0018,0.0012
02.09.2025 17:53:54.181 UTC,1.37779,1.37768,0.00135,0.0012
02.09.2025 17:53:54.284 UTC,1.37778,1.37768,0.00135,0.0012
02.09.2025 17:53:54.991 UTC,1.37778,1.37768,0.0024,0.0012
02.09.2025 17:53:55.093 UTC,1.37779,1.37766,0.0033,0.0018
02.09.2025 17:54:10.829 UTC,1.37778,1.37767,0.0012,0.0012
02.09.2025 17:54:12.044 UTC,1.37777,1.37767,0.0012,0.0036
02.09.2025 17:54:12.197 UTC,1.37777,1.37768,0.0012,0.0012
02.09.2025 17:54:12.600 UTC,1.37778,1.37766,0.0012,0.0036
02.09.2025 17:54:15.721 UTC,1.37779,1.37767,0.00135,0.0012
02.09.2025 17:54:15.871 UTC,1.37779,1.37768,0.00135,0.0012
02.09.2025 17:54:16.477 UTC,1.37779,1.37767,0.00135,0.0018
02.09.2025 17:54:22.006 UTC,1.37779,1.37768,0.00225,0.0012
02.09.2025 17:54:22.109 UTC,1.37779,1.37767,0.00225,0.0027
02.09.2025 17:54:24.224 UTC,1.37779,1.37768,0.00225,0.0012
02.09.2025 17:54:25.232 UTC,1.37782,1.3777,0.0012,0.0018
02.09.2025 17:54:25.335 UTC,1.37781,1.37769,0.0012,0.0018
02.09.2025 17:54:26.600 UTC,1.3778,1.37769,0.0012,0.00225
02.09.2025 17:54:27.858 UTC,1.37781,1.37769,0.0012,0.0012
02.09.2025 17:54:28.864 UTC,1.3778,1.37769,0.0012,0.0018
02.09.2025 17:54:30.167 UTC,1.37781,1.37769,0.0012,0.0012
02.09.2025 17:54:30.273 UTC,1.37782,1.37769,0.00225,0.00225
02.09.2025 17:54:30.528 UTC,1.37779,1.37769,0.00135,0.0012
02.09.2025 17:54:30.579 UTC,1.37777,1.37768,0.0012,0.0012
02.09.2025 17:54:30.733 UTC,1.37778,1.37766,0.0012,0.0018
02.09.2025 17:54:33.001 UTC,1.37779,1.37767,0.0012,0.0012
02.09.2025 17:54:33.053 UTC,1.37781,1.37769,0.00225,0.0012
02.09.2025 17:54:33.965 UTC,1.37779,1.37767,0.0012,0.0036
02.09.2025 17:54:34.371 UTC,1.3778,1.37768,0.00225,0.0012
02.09.2025 17:54:34.474 UTC,1.37779,1.37767,0.0012,0.0012
02.09.2025 17:54:38.387 UTC,1.37779,1.37766,0.00225,0.0012
02.09.2025 17:54:42.699 UTC,1.37778,1.37766,0.0012,0.0018
02.09.2025 17:54:45.675 UTC,1.37779,1.37766,0.00225,0.0018
02.09.2025 17:54:45.778 UTC,1.37779,1.37767,0.00225,0.0012
02.09.2025 17:54:50.655 UTC,1.3778,1.37767,0.00225,0.0027
02.09.2025 17:54:50.809 UTC,1.37779,1.37769,0.00225,0.0018
02.09.2025 17:54:52.246 UTC,1.37779,1.37767,0.0012,0.0027
02.09.2025 17:54:52.401 UTC,1.37777,1.37767,0.0012,0.0012
02.09.2025 17:54:57.484 UTC,1.37777,1.37768,0.0012,0.0012
02.09.2025 17:55:00.252 UTC,1.37777,1.37767,0.0012,0.0018
02.09.2025 17:55:02.016 UTC,1.3778,1.37769,0.0012,0.0012
02.09.2025 17:55:02.068 UTC,1.37784,1.37772,0.00315,0.0012
02.09.2025 17:55:02.172 UTC,1.37781,1.37772,0.0012,0.0018
02.09.2025 17:55:02.514 UTC,1.37781,1.37774,0.0012,0.0012
02.09.2025 17:55:02.668 UTC,1.37782,1.37774,0.0012,0.0012
02.09.2025 17:55:03.125 UTC,1.37782,1.37773,0.0012,0.0012
02.09.2025 17:55:04.487 UTC,1.37784,1.37772,0.00135,0.00135
02.09.2025 17:55:05.095 UTC,1.37783,1.37774,0.00135,0.0012
02.09.2025 17:55:08.735 UTC,1.37785,1.37777,0.0012,0.0018
02.09.2025 17:55:08.787 UTC,1.37788,1.37777,0.0012,0.00225
02.09.2025 17:55:08.893 UTC,1.37788,1.37776,0.0012,0.00225
02.09.2025 17:55:09.355 UTC,1.37788,1.37775,0.0012,0.0018
02.09.2025 17:55:11.124 UTC,1.37788,1.37776,0.0018,0.00225
02.09.2025 17:55:11.328 UTC,1.37787,1.37775,0.00135,0.0018
02.09.2025 17:55:11.481 UTC,1.37787,1.37776,0.00225,0.0012
02.09.2025 17:55:12.196 UTC,1.37786,1.37774,0.0012,0.00315
02.09.2025 17:55:12.298 UTC,1.37784,1.37775,0.0012,0.0012
02.09.2025 17:55:14.574 UTC,1.37785,1.37773,0.0012,0.00225
02.09.2025 17:55:14.727 UTC,1.37785,1.37774,0.0012,0.00315
02.09.2025 17:55:15.383 UTC,1.37785,1.37775,0.0012,0.0012
02.09.2025 17:55:16.446 UTC,1.37786,1.37775,0.0012,0.0012
02.09.2025 17:55:20.226 UTC,1.37786,1.37774,0.0012,0.0012
02.09.2025 17:55:23.972 UTC,1.37786,1.37773,0.00225,0.00135
02.09.2025 17:55:26.138 UTC,1.37786,1.37774,0.00225,0.0012
02.09.2025 17:55:30.877 UTC,1.37787,1.37774,0.00225,0.0072
02.09.2025 17:55:30.980 UTC,1.37787,1.37775,0.00225,0.00225
02.09.2025 17:55:31.986 UTC,1.37786,1.37775,0.00135,0.0012
02.09.2025 17:55:35.565 UTC,1.37785,1.37775,0.00225,0.0012
02.09.2025 17:55:38.388 UTC,1.37786,1.37775,0.00225,0.0012
02.09.2025 17:55:38.491 UTC,1.37787,1.37776,0.0012,0.00405
02.09.2025 17:55:49.658 UTC,1.37787,1.37778,0.0018,0.00135
02.09.2025 17:55:49.761 UTC,1.37788,1.37778,0.0012,0.00405
02.09.2025 17:55:49.865 UTC,1.37792,1.37781,0.0012,0.00135
02.09.2025 17:55:50.172 UTC,1.37791,1.37781,0.0012,0.00135
02.09.2025 17:55:50.276 UTC,1.37791,1.3778,0.0012,0.00405
02.09.2025 17:55:53.599 UTC,1.37791,1.37781,0.0012,0.00135
02.09.2025 17:56:04.388 UTC,1.37792,1.37781,0.0012,0.00135
02.09.2025 17:56:04.691 UTC,1.37793,1.37781,0.00225,0.00135
02.09.2025 17:56:04.844 UTC,1.37793,1.37782,0.0018,0.00135
02.09.2025 17:56:06.805 UTC,1.37793,1.37781,0.0018,0.00135
02.09.2025 17:56:06.859 UTC,1.3779,1.37781,0.0012,0.00135
02.09.2025 17:56:07.371 UTC,1.37791,1.3778,0.0012,0.0033
02.09.2025 17:56:24.148 UTC,1.37792,1.3778,0.0012,0.0018
02.09.2025 17:56:24.401 UTC,1.37792,1.3778,0.0012,0.00135
02.09.2025 17:56:24.553 UTC,1.37791,1.37781,0.0012,0.0018
02.09.2025 17:56:24.948 UTC,1.37791,1.37781,0.0012,0.00135
02.09.2025 17:56:27.814 UTC,1.37792,1.3778,0.0012,0.0018
02.09.2025 17:56:27.919 UTC,1.37793,1.37782,0.0012,0.00135
02.09.2025 17:56:29.186 UTC,1.37794,1.37782,0.0018,0.0018
02.09.2025 17:56:30.453 UTC,1.37794,1.37782,0.0012,0.00135
02.09.2025 17:56:30.555 UTC,1.37794,1.37782,0.0012,0.0042
02.09.2025 17:56:33.077 UTC,1.37794,1.37784,0.0012,0.00135
02.09.2025 17:56:33.180 UTC,1.37794,1.37784,0.0024,0.00135
02.09.2025 17:56:33.285 UTC,1.37795,1.37783,0.00225,0.00135
02.09.2025 17:56:34.594 UTC,1.37795,1.37782,0.00225,0.00315
02.09.2025 17:56:35.284 UTC,1.37795,1.37782,0.00225,0.006
02.09.2025 17:56:36.042 UTC,1.37795,1.37782,0.0018,0.00315
02.09.2025 17:56:37.049 UTC,1.37795,1.37782,0.0024,0.0033
02.09.2025 17:56:37.304 UTC,1.37795,1.37783,0.00225,0.00135
02.09.2025 17:56:38.916 UTC,1.37794,1.37782,0.0012,0.0024
02.09.2025 17:56:39.018 UTC,1.37794,1.37782,0.0012,0.00225
02.09.2025 17:56:39.422 UTC,1.37794,1.37782,0.0012,0.0051
02.09.2025 17:56:39.674 UTC,1.37794,1.37782,0.0012,0.00225
02.09.2025 17:56:40.329 UTC,1.37793,1.37783,0.0012,0.0051
02.09.2025 17:56:40.582 UTC,1.37794,1.37782,0.0012,0.00225
02.09.2025 17:56:41.085 UTC,1.37793,1.37783,0.0012,0.0051
02.09.2025 17:56:41.189 UTC,1.37794,1.37783,0.0012,0.0051
02.09.2025 17:56:44.608 UTC,1.37795,1.37784,0.0012,0.0018
02.09.2025 17:56:47.121 UTC,1.37795,1.37786,0.0012,0.0018
02.09.2025 17:56:47.629 UTC,1.37795,1.37783,0.0012,0.0042
02.09.2025 17:56:47.732 UTC,1.37793,1.37781,0.0018,0.006
02.09.2025 17:56:48.493 UTC,1.37791,1.37782,0.0012,0.0012
02.09.2025 17:56:48.597 UTC,1.37787,1.37776,0.00315,0.00315
02.09.2025 17:56:51.730 UTC,1.37787,1.37775,0.0012,0.00225
02.09.2025 17:56:54.098 UTC,1.37787,1.37776,0.0036,0.00225
02.09.2025 17:56:58.540 UTC,1.37787,1.37775,0.0012,0.00225
02.09.2025 17:57:08.570 UTC,1.37788,1.37775,0.00225,0.00315
02.09.2025 17:57:08.672 UTC,1.37787,1.37777,0.0012,0.0012
02.09.2025 17:57:08.775 UTC,1.3779,1.37778,0.0012,0.00225
02.09.2025 17:57:08.878 UTC,1.37791,1.37779,0.00225,0.0012
02.09.2025 17:57:09.944 UTC,1.37792,1.37781,0.0018,0.00135
02.09.2025 17:57:10.047 UTC,1.37795,1.37783,0.00225,0.0012
02.09.2025 17:57:10.151 UTC,1.37796,1.37784,0.0012,0.00225
02.09.2025 17:57:15.796 UTC,1.37794,1.37783,0.0012,0.0042
02.09.2025 17:57:15.900 UTC,1.3779,1.37778,0.0018,0.0012
02.09.2025 17:57:16.003 UTC,1.37789,1.37777,0.0018,0.0012
02.09.2025 17:57:20.939 UTC,1.37791,1.37781,0.0018,0.00315
02.09.2025 17:57:25.285 UTC,1.37791,1.3778,0.0012,0.0012
02.09.2025 17:57:26.597 UTC,1.37791,1.37781,0.00225,0.00135
02.09.2025 17:57:26.701 UTC,1.3779,1.37778,0.00225,0.0018
02.09.2025 17:57:28.668 UTC,1.37791,1.37779,0.00135,0.00225
02.09.2025 17:57:30.081 UTC,1.37792,1.3778,0.0027,0.0012
02.09.2025 17:57:30.539 UTC,1.3779,1.3778,0.00135,0.0033
02.09.2025 17:57:30.644 UTC,1.37789,1.37779,0.0018,0.00135
02.09.2025 17:57:31.152 UTC,1.37791,1.37778,0.0018,0.0033
02.09.2025 17:57:32.716 UTC,1.37791,1.3778,0.0012,0.0012
02.09.2025 17:57:34.025 UTC,1.3779,1.37779,0.0018,0.0033
02.09.2025 17:57:34.820 UTC,1.3779,1.37779,0.0012,0.00135
02.09.2025 17:57:34.924 UTC,1.3779,1.37778,0.0018,0.00135
02.09.2025 17:57:35.078 UTC,1.3779,1.37778,0.0018,0.0018
02.09.2025 17:57:35.181 UTC,1.37791,1.37782,0.0012,0.0033
02.09.2025 17:57:35.234 UTC,1.37794,1.37782,0.00135,0.00135
02.09.2025 17:57:35.386 UTC,1.37793,1.37781,0.0012,0.0024
02.09.2025 17:57:42.749 UTC,1.37794,1.37782,0.0012,0.0024
02.09.2025 17:57:43.305 UTC,1.37794,1.37782,0.0018,0.00135
02.09.2025 17:57:44.097 UTC,1.37793,1.37782,0.00225,0.00225
02.09.2025 17:57:46.109 UTC,1.37793,1.37783,0.00225,0.00135
02.09.2025 17:57:51.744 UTC,1.37793,1.37784,0.0012,0.0012
02.09.2025 17:57:51.847 UTC,1.37795,1.37783,0.0012,0.0012
02.09.2025 17:57:51.950 UTC,1.37795,1.37784,0.0012,0.0012
02.09.2025 17:57:54.193 UTC,1.37796,1.37785,0.0012,0.00135
02.09.2025 17:58:02.746 UTC,1.37797,1.37787,0.00225,0.00135
02.09.2025 17:58:02.949 UTC,1.37797,1.37787,0.0018,0.0018
02.09.2025 17:58:03.102 UTC,1.37797,1.37787,0.0018,0.00135
02.09.2025 17:58:03.406 UTC,1.37797,1.37788,0.0018,0.00135
02.09.2025 17:58:03.508 UTC,1.37798,1.37786,0.0018,0.00135
02.09.2025 17:58:08.589 UTC,1.37797,1.37786,0.0024,0.0051
02.09.2025 17:58:08.743 UTC,1.37797,1.37784,0.00135,0.006
02.09.2025 17:58:08.846 UTC,1.37797,1.37785,0.0012,0.0018
02.09.2025 17:58:11.424 UTC,1.37798,1.37786,0.0018,0.00135
02.09.2025 17:58:16.200 UTC,1.37798,1.37786,0.00375,0.0012
02.09.2025 17:58:16.303 UTC,1.37798,1.37786,0.0036,0.0012
02.09.2025 17:58:22.659 UTC,1.37798,1.37786,0.0018,0.00225
02.09.2025 17:58:22.814 UTC,1.37797,1.37787,0.00135,0.00225
02.09.2025 17:58:23.523 UTC,1.37797,1.37786,0.0018,0.0012
02.09.2025 17:58:23.728 UTC,1.37797,1.37784,0.00225,0.00765
02.09.2025 17:58:24.107 UTC,1.37796,1.37784,0.00135,0.0018
02.09.2025 17:58:27.077 UTC,1.37797,1.37784,0.00225,0.0018
02.09.2025 17:58:30.034 UTC,1.37796,1.37785,0.0024,0.0018
02.09.2025 17:58:30.136 UTC,1.37796,1.37785,0.00135,0.0018
02.09.2025 17:58:30.239 UTC,1.37796,1.37784,0.00135,0.0018
02.09.2025 17:58:31.192 UTC,1.37797,1.37784,0.00135,0.0018
02.09.2025 17:58:32.097 UTC,1.37796,1.37785,0.0012,0.0012
02.09.2025 17:58:32.199 UTC,1.37795,1.37785,0.0012,0.0012
02.09.2025 17:58:36.906 UTC,1.37797,1.37784,0.0018,0.0018
02.09.2025 17:58:38.725 UTC,1.37796,1.37787,0.0012,0.0012
02.09.2025 17:58:38.828 UTC,1.37798,1.37786,0.0018,0.0012
02.09.2025 17:58:39.335 UTC,1.37797,1.37787,0.0024,0.0012
02.09.2025 17:58:40.143 UTC,1.37797,1.37787,0.00225,0.0012
02.09.2025 17:58:40.447 UTC,1.37797,1.37786,0.00135,0.0012
02.09.2025 17:58:40.601 UTC,1.37796,1.37786,0.0012,0.00225
02.09.2025 17:58:47.441 UTC,1.37795,1.37785,0.0012,0.0051
02.09.2025 17:58:47.544 UTC,1.37794,1.37786,0.00135,0.0012
02.09.2025 17:58:47.646 UTC,1.37794,1.37784,0.0012,0.00495
02.09.2025 17:58:47.748 UTC,1.37795,1.37783,0.0012,0.0051
02.09.2025 17:58:47.952 UTC,1.37795,1.37783,0.00225,0.0012
02.09.2025 17:58:48.105 UTC,1.37795,1.37783,0.0012,0.0051
02.09.2025 17:58:55.629 UTC,1.37795,1.37783,0.0018,0.0012
02.09.2025 17:58:55.732 UTC,1.37794,1.37785,0.00195,0.0012
02.09.2025 17:58:55.986 UTC,1.37795,1.37783,0.0018,0.0012
02.09.2025 17:58:57.146 UTC,1.37794,1.37784,0.00195,0.00135
02.09.2025 17:58:57.298 UTC,1.37795,1.37784,0.0018,0.0012
02.09.2025 17:58:58.816 UTC,1.37795,1.37785,0.0027,0.00225
02.09.2025 17:59:02.129 UTC,1.37794,1.37784,0.00135,0.0012
02.09.2025 17:59:03.136 UTC,1.37796,1.37784,0.00225,0.0012
02.09.2025 17:59:07.106 UTC,1.37796,1.37786,0.0012,0.0024
02.09.2025 17:59:07.208 UTC,1.37798,1.37785,0.00225,0.0024
02.09.2025 17:59:10.138 UTC,1.37797,1.37786,0.0024,0.00225
02.09.2025 17:59:10.243 UTC,1.37795,1.37784,0.0012,0.00135
02.09.2025 17:59:12.915 UTC,1.37794,1.37784,0.00135,0.00315
02.09.2025 17:59:13.017 UTC,1.37795,1.37783,0.00135,0.0033
02.09.2025 17:59:13.119 UTC,1.37795,1.37783,0.00135,0.00225
02.09.2025 17:59:13.222 UTC,1.37794,1.37783,0.0018,0.00135
02.09.2025 17:59:14.486 UTC,1.37795,1.37783,0.00225,0.00225
02.09.2025 17:59:15.544 UTC,1.37795,1.37783,0.0033,0.00225
02.09.2025 17:59:15.799 UTC,1.37794,1.37782,0.00225,0.00315
02.09.2025 17:59:16.907 UTC,1.37794,1.37783,0.0012,0.0012
02.09.2025 17:59:17.415 UTC,1.37794,1.37784,0.0012,0.0012
02.09.2025 17:59:19.935 UTC,1.37795,1.37784,0.00225,0.0012
02.09.2025 17:59:22.885 UTC,1.37795,1.37785,0.0018,0.0018
02.09.2025 17:59:26.404 UTC,1.37797,1.37785,0.00225,0.0012
02.09.2025 17:59:30.417 UTC,1.37796,1.37786,0.00225,0.0024
02.09.2025 17:59:31.380 UTC,1.37798,1.37786,0.00135,0.00135
02.09.2025 17:59:31.483 UTC,1.37801,1.37789,0.00315,0.0012
02.09.2025 17:59:31.586 UTC,1.37802,1.3779,0.00315,0.0012
02.09.2025 17:59:32.503 UTC,1.37801,1.37789,0.00135,0.00225
02.09.2025 17:59:32.607 UTC,1.37799,1.37789,0.00225,0.00225
02.09.2025 17:59:32.810 UTC,1.37799,1.37788,0.0012,0.00225
02.09.2025 17:59:34.121 UTC,1.378,1.37788,0.00225,0.00225
02.09.2025 17:59:36.337 UTC,1.378,1.37788,0.0024,0.00135
02.09.2025 17:59:36.439 UTC,1.378,1.37788,0.00225,0.00135
02.09.2025 17:59:36.941 UTC,1.378,1.37788,0.0024,0.00135
02.09.2025 17:59:37.044 UTC,1.378,1.37788,0.00225,0.00135
02.09.2025 17:59:37.447 UTC,1.378,1.37788,0.0024,0.00135
02.09.2025 17:59:37.598 UTC,1.378,1.37788,0.00225,0.00135
02.09.2025 17:59:37.801 UTC,1.378,1.37788,0.0024,0.00135
02.09.2025 17:59:38.253 UTC,1.378,1.37788,0.00225,0.00135
02.09.2025 17:59:38.455 UTC,1.378,1.37788,0.0024,0.00135
02.09.2025 17:59:38.706 UTC,1.378,1.37788,0.00225,0.00135
02.09.2025 17:59:38.909 UTC,1.37799,1.37789,0.0024,0.00135
02.09.2025 17:59:40.135 UTC,1.37799,1.37789,0.00225,0.00135
02.09.2025 17:59:42.121 UTC,1.37801,1.37789,0.0018,0.00135
02.09.2025 17:59:43.139 UTC,1.37799,1.3779,0.0012,0.0012
02.09.2025 17:59:43.242 UTC,1.378,1.37788,0.00225,0.00135
02.09.2025 17:59:45.217 UTC,1.378,1.37788,0.0024,0.00135
02.09.2025 17:59:46.424 UTC,1.37799,1.37789,0.00315,0.00135
02.09.2025 17:59:47.879 UTC,1.37798,1.37789,0.00135,0.00135
02.09.2025 17:59:48.083 UTC,1.378,1.37788,0.00315,0.00135
02.09.2025 17:59:48.235 UTC,1.378,1.37788,0.0033,0.00135
02.09.2025 17:59:48.400 UTC,1.37799,1.37789,0.00315,0.00135
02.09.2025 17:59:49.406 UTC,1.37799,1.37789,0.0033,0.00135
02.09.2025 17:59:49.910 UTC,1.37799,1.37789,0.00315,0.00135
02.09.2025 17:59:50.214 UTC,1.37799,1.37789,0.0033,0.00135
02.09.2025 17:59:53.141 UTC,1.37799,1.37789,0.00225,0.0012
02.09.2025 17:59:54.501 UTC,1.37799,1.37788,0.00225,0.00135
02.09.2025 17:59:54.603 UTC,1.37799,1.37788,0.0024,0.00135
02.09.2025 17:59:54.957 UTC,1.37799,1.37788,0.00225,0.00135
02.09.2025 17:59:55.109 UTC,1.37798,1.37786,0.0012,0.0033
02.09.2025 17:59:56.165 UTC,1.37798,1.37786,0.0012,0.0036