UTC,Ask,Bid,Ask Volume,Bid Volume
04.11.2025 15:00:01.126 UTC,1.4087,1.40858,0.00144,0.0012
04.11.2025 15:00:01.228 UTC,1.4087,1.40857,0.00144,0.0012
04.11.2025 15:00:02.642 UTC,1.4087,1.40856,0.0018,0.0012
04.11.2025 15:00:04.353 UTC,1.40869,1.40857,0.00132,0.0012
04.11.2025 15:00:07.521 UTC,1.4087,1.40857,0.00132,0.0012
04.11.2025 15:00:10.419 UTC,1.40875,1.40864,0.00204,0.0012
04.11.2025 15:00:10.527 UTC,1.40876,1.40866,0.0018,0.00132
04.11.2025 15:00:10.578 UTC,1.40878,1.40866,0.0018,0.00132
04.11.2025 15:00:15.063 UTC,1.40876,1.40866,0.0012,0.00132
04.11.2025 15:00:15.165 UTC,1.40877,1.40866,0.00135,0.00132
04.11.2025 15:00:15.620 UTC,1.40878,1.40866,0.00135,0.00132
04.11.2025 15:00:20.603 UTC,1.40878,1.40867,0.00135,0.0012
04.11.2025 15:00:21.411 UTC,1.40879,1.40867,0.0027,0.0012
04.11.2025 15:00:21.816 UTC,1.40879,1.40868,0.00135,0.0012
04.11.2025 15:00:21.918 UTC,1.4088,1.40869,0.0018,0.0012
04.11.2025 15:00:22.020 UTC,1.4088,1.4087,0.0024,0.0012
04.11.2025 15:00:22.224 UTC,1.40882,1.40869,0.0033,0.00132
04.11.2025 15:00:23.993 UTC,1.40883,1.4087,0.00375,0.0012
04.11.2025 15:00:26.163 UTC,1.40883,1.40872,0.0012,0.00132
04.11.2025 15:00:26.265 UTC,1.40884,1.40873,0.0018,0.00132
04.11.2025 15:00:26.317 UTC,1.40883,1.40875,0.00135,0.0012
04.11.2025 15:00:27.666 UTC,1.40886,1.40873,0.00285,0.00132
04.11.2025 15:00:28.273 UTC,1.40883,1.40872,0.0018,0.0012
04.11.2025 15:00:28.329 UTC,1.4088,1.40869,0.0012,0.00189
04.11.2025 15:00:28.482 UTC,1.40881,1.40869,0.00135,0.0012
04.11.2025 15:00:28.584 UTC,1.40881,1.40869,0.00285,0.00132
04.11.2025 15:00:28.686 UTC,1.40882,1.40868,0.0027,0.00189
04.11.2025 15:00:28.788 UTC,1.40881,1.40868,0.00135,0.00189
04.11.2025 15:00:28.890 UTC,1.40882,1.40868,0.0027,0.00189
04.11.2025 15:00:29.797 UTC,1.40881,1.40868,0.0012,0.0012
04.11.2025 15:00:29.948 UTC,1.40882,1.40868,0.0045,0.0012
04.11.2025 15:00:30.051 UTC,1.4088,1.40869,0.0012,0.0012
04.11.2025 15:00:30.759 UTC,1.4088,1.40868,0.0012,0.0018
04.11.2025 15:00:32.019 UTC,1.4088,1.40869,0.0018,0.0012
04.11.2025 15:00:32.729 UTC,1.40879,1.40869,0.0012,0.0018
04.11.2025 15:00:34.188 UTC,1.40881,1.40868,0.00132,0.0012
04.11.2025 15:00:35.802 UTC,1.40881,1.40869,0.00132,0.0012
04.11.2025 15:00:39.775 UTC,1.40882,1.40869,0.00495,0.0012
04.11.2025 15:00:40.378 UTC,1.40881,1.40869,0.0012,0.0012
04.11.2025 15:00:40.531 UTC,1.40881,1.4087,0.00405,0.0012
04.11.2025 15:00:40.836 UTC,1.40881,1.40869,0.00135,0.0012
04.11.2025 15:00:40.989 UTC,1.40878,1.40868,0.0012,0.0012
04.11.2025 15:00:41.091 UTC,1.40878,1.40867,0.0018,0.0018
04.11.2025 15:00:41.294 UTC,1.40879,1.40865,0.0033,0.0018
04.11.2025 15:00:41.396 UTC,1.40878,1.40865,0.00375,0.0012
04.11.2025 15:00:41.498 UTC,1.40876,1.40866,0.00195,0.0012
04.11.2025 15:00:43.307 UTC,1.40877,1.40864,0.00195,0.0012
04.11.2025 15:00:47.843 UTC,1.40878,1.40865,0.0018,0.0012
04.11.2025 15:00:50.712 UTC,1.40878,1.40866,0.0012,0.0012
04.11.2025 15:00:50.814 UTC,1.40877,1.40868,0.0012,0.0018
04.11.2025 15:00:50.917 UTC,1.40878,1.40868,0.0012,0.0018
04.11.2025 15:00:53.210 UTC,1.40879,1.40868,0.00225,0.0018
04.11.2025 15:00:54.318 UTC,1.40879,1.40867,0.0012,0.0018
04.11.2025 15:00:55.073 UTC,1.4088,1.40867,0.00225,0.0018
04.11.2025 15:00:55.885 UTC,1.40879,1.40869,0.0012,0.0012
04.11.2025 15:00:56.241 UTC,1.4088,1.40867,0.0012,0.0018
04.11.2025 15:00:56.595 UTC,1.4088,1.40868,0.0012,0.0012
04.11.2025 15:00:57.250 UTC,1.4088,1.40867,0.0012,0.0018
04.11.2025 15:00:57.555 UTC,1.4088,1.40868,0.0018,0.0012
04.11.2025 15:00:58.160 UTC,1.4088,1.40867,0.0012,0.0018
04.11.2025 15:00:58.872 UTC,1.40881,1.40868,0.00144,0.0012
04.11.2025 15:01:00.390 UTC,1.40881,1.40869,0.00144,0.0012
04.11.2025 15:01:00.543 UTC,1.40882,1.40869,0.00342,0.0012
04.11.2025 15:01:00.848 UTC,1.40881,1.40868,0.00237,0.0012
04.11.2025 15:01:01.001 UTC,1.40881,1.40868,0.00144,0.0012
04.11.2025 15:01:01.203 UTC,1.4088,1.40867,0.0012,0.00189
04.11.2025 15:01:02.757 UTC,1.40879,1.40865,0.0012,0.00132
04.11.2025 15:01:04.113 UTC,1.40877,1.40865,0.0012,0.00279
04.11.2025 15:01:05.927 UTC,1.40871,1.40864,0.00132,0.0012
04.11.2025 15:01:05.979 UTC,1.40871,1.40859,0.00132,0.00168
04.11.2025 15:01:06.031 UTC,1.40868,1.40857,0.0012,0.0018
04.11.2025 15:01:06.133 UTC,1.40867,1.40856,0.0012,0.0012
04.11.2025 15:01:06.591 UTC,1.40866,1.40855,0.00132,0.0012
04.11.2025 15:01:09.062 UTC,1.40865,1.40852,0.0012,0.0018
04.11.2025 15:01:09.164 UTC,1.40863,1.4085,0.0012,0.0018
04.11.2025 15:01:09.267 UTC,1.40863,1.4085,0.0012,0.0012
04.11.2025 15:01:09.723 UTC,1.40861,1.4085,0.0012,0.0018
04.11.2025 15:01:09.825 UTC,1.4086,1.40847,0.0012,0.0024
04.11.2025 15:01:09.928 UTC,1.40859,1.40848,0.0012,0.00189
04.11.2025 15:01:10.170 UTC,1.4086,1.40849,0.0012,0.0027
04.11.2025 15:01:10.275 UTC,1.40862,1.4085,0.0012,0.0012
04.11.2025 15:01:11.132 UTC,1.40863,1.40851,0.00285,0.0018
04.11.2025 15:01:14.654 UTC,1.40862,1.40849,0.0012,0.0033
04.11.2025 15:01:14.907 UTC,1.40862,1.40852,0.00135,0.0012
04.11.2025 15:01:15.060 UTC,1.40862,1.40849,0.0012,0.00144
04.11.2025 15:01:15.112 UTC,1.40862,1.40852,0.0012,0.0012
04.11.2025 15:01:15.214 UTC,1.40863,1.4085,0.0012,0.00324
04.11.2025 15:01:15.317 UTC,1.40864,1.40851,0.00135,0.00135
04.11.2025 15:01:15.671 UTC,1.40864,1.40851,0.00135,0.00252
04.11.2025 15:01:15.773 UTC,1.40867,1.40854,0.0018,0.00189
04.11.2025 15:01:15.825 UTC,1.40868,1.40855,0.00225,0.0012
04.11.2025 15:01:16.178 UTC,1.40868,1.40856,0.00135,0.0012
04.11.2025 15:01:16.481 UTC,1.40868,1.40855,0.00135,0.0018
04.11.2025 15:01:23.709 UTC,1.40867,1.40856,0.0018,0.00237
04.11.2025 15:01:24.061 UTC,1.40868,1.40855,0.0018,0.00225
04.11.2025 15:01:24.214 UTC,1.40861,1.40848,0.0012,0.0018
04.11.2025 15:01:24.266 UTC,1.4086,1.40849,0.0018,0.0018
04.11.2025 15:01:24.369 UTC,1.40858,1.40847,0.0024,0.00132
04.11.2025 15:01:25.130 UTC,1.40859,1.40846,0.00195,0.00132
04.11.2025 15:01:25.232 UTC,1.40859,1.40846,0.0018,0.00132
04.11.2025 15:01:25.789 UTC,1.40859,1.40846,0.00375,0.00132
04.11.2025 15:01:25.943 UTC,1.40859,1.40846,0.0027,0.00147
04.11.2025 15:01:26.053 UTC,1.40859,1.40846,0.00285,0.00147
04.11.2025 15:01:26.205 UTC,1.40858,1.40846,0.0012,0.00132
04.11.2025 15:01:26.561 UTC,1.40858,1.40847,0.00285,0.00132
04.11.2025 15:01:26.815 UTC,1.40859,1.40846,0.00195,0.00132
04.11.2025 15:01:26.918 UTC,1.40859,1.40846,0.00285,0.00132
04.11.2025 15:01:27.122 UTC,1.40858,1.40846,0.0018,0.00252
04.11.2025 15:01:27.274 UTC,1.40858,1.40846,0.0027,0.00147
04.11.2025 15:01:27.376 UTC,1.40858,1.40846,0.00285,0.00147
04.11.2025 15:01:27.578 UTC,1.40859,1.40845,0.00195,0.00192
04.11.2025 15:01:27.730 UTC,1.40858,1.40845,0.0012,0.00147
04.11.2025 15:01:28.540 UTC,1.40857,1.40846,0.0012,0.00147
04.11.2025 15:01:28.641 UTC,1.40858,1.40845,0.0012,0.00147
04.11.2025 15:01:29.147 UTC,1.40859,1.40847,0.0027,0.00132
04.11.2025 15:01:29.249 UTC,1.40858,1.40846,0.00375,0.00132
04.11.2025 15:01:29.351 UTC,1.40856,1.40845,0.0012,0.00237
04.11.2025 15:01:29.454 UTC,1.40856,1.40843,0.0012,0.00342
04.11.2025 15:01:32.284 UTC,1.40855,1.40843,0.0012,0.00147
04.11.2025 15:01:32.829 UTC,1.40857,1.40844,0.0018,0.00132
04.11.2025 15:01:33.986 UTC,1.40857,1.40844,0.00195,0.00132
04.11.2025 15:01:34.935 UTC,1.40857,1.40844,0.0018,0.00147
04.11.2025 15:01:35.239 UTC,1.40856,1.40845,0.00195,0.00132
04.11.2025 15:01:35.442 UTC,1.40856,1.40845,0.0018,0.00147
04.11.2025 15:01:35.698 UTC,1.40857,1.40844,0.00195,0.00132
04.11.2025 15:01:36.202 UTC,1.40857,1.40844,0.0018,0.00147
04.11.2025 15:01:39.399 UTC,1.40857,1.40844,0.00195,0.00132
04.11.2025 15:01:40.305 UTC,1.40855,1.40844,0.0024,0.00132
04.11.2025 15:01:40.408 UTC,1.40854,1.40843,0.0012,0.00147
04.11.2025 15:01:41.970 UTC,1.40853,1.40842,0.0012,0.00252
04.11.2025 15:01:45.339 UTC,1.40853,1.40843,0.0012,0.00132
04.11.2025 15:01:45.593 UTC,1.40853,1.40843,0.0012,0.00147
04.11.2025 15:01:47.168 UTC,1.40855,1.40842,0.0012,0.00192
04.11.2025 15:01:48.225 UTC,1.40856,1.40843,0.0012,0.00147
04.11.2025 15:01:52.290 UTC,1.40857,1.40844,0.0012,0.00132
04.11.2025 15:01:57.247 UTC,1.40855,1.40846,0.0012,0.0012
04.11.2025 15:01:57.549 UTC,1.40855,1.40845,0.0012,0.00132
04.11.2025 15:02:01.063 UTC,1.40858,1.40844,0.00306,0.00192
04.11.2025 15:02:02.672 UTC,1.40857,1.40844,0.00132,0.00144
04.11.2025 15:02:02.774 UTC,1.40857,1.40845,0.00297,0.00147
04.11.2025 15:02:08.195 UTC,1.40857,1.40847,0.0033,0.00189
04.11.2025 15:02:10.504 UTC,1.4086,1.40851,0.0012,0.00189
04.11.2025 15:02:10.555 UTC,1.40862,1.40853,0.0012,0.00189
04.11.2025 15:02:10.607 UTC,1.40864,1.40854,0.0012,0.00279
04.11.2025 15:02:10.710 UTC,1.40867,1.40855,0.0018,0.00189
04.11.2025 15:02:10.812 UTC,1.40867,1.40856,0.00285,0.00189
04.11.2025 15:02:13.174 UTC,1.40868,1.40856,0.00285,0.00279
04.11.2025 15:02:20.305 UTC,1.40868,1.40856,0.0012,0.00279
04.11.2025 15:02:26.031 UTC,1.40871,1.40863,0.0012,0.0012
04.11.2025 15:02:26.083 UTC,1.40876,1.40866,0.0012,0.00189
04.11.2025 15:02:26.491 UTC,1.40878,1.40867,0.00207,0.00189
04.11.2025 15:02:26.542 UTC,1.40876,1.40866,0.00252,0.00279
04.11.2025 15:02:26.695 UTC,1.40877,1.40866,0.00207,0.00189
04.11.2025 15:02:26.798 UTC,1.40878,1.40868,0.00234,0.00189
04.11.2025 15:02:26.951 UTC,1.40877,1.40869,0.00204,0.00189
04.11.2025 15:02:27.054 UTC,1.40878,1.40868,0.00189,0.00189
04.11.2025 15:02:28.013 UTC,1.40878,1.40867,0.00192,0.00279
04.11.2025 15:02:31.280 UTC,1.40877,1.40869,0.00192,0.00189
04.11.2025 15:02:31.382 UTC,1.4088,1.40871,0.0012,0.00189
04.11.2025 15:02:31.485 UTC,1.4088,1.40871,0.00147,0.00279
04.11.2025 15:02:31.690 UTC,1.40879,1.4087,0.00147,0.00279
04.11.2025 15:02:32.501 UTC,1.4088,1.4087,0.00189,0.00189
04.11.2025 15:02:34.271 UTC,1.4088,1.4087,0.00192,0.00189
04.11.2025 15:02:35.785 UTC,1.4088,1.40869,0.00147,0.00279
04.11.2025 15:02:36.090 UTC,1.40879,1.40869,0.00132,0.00279
04.11.2025 15:02:37.554 UTC,1.40882,1.4087,0.00375,0.00279
04.11.2025 15:02:37.657 UTC,1.40879,1.4087,0.0012,0.00279
04.11.2025 15:02:37.759 UTC,1.4088,1.4087,0.00135,0.0012
04.11.2025 15:02:37.861 UTC,1.40879,1.4087,0.0012,0.0012
04.11.2025 15:02:38.777 UTC,1.40879,1.40869,0.0012,0.00279
04.11.2025 15:02:39.031 UTC,1.40879,1.40871,0.0012,0.00189
04.11.2025 15:02:39.134 UTC,1.40879,1.4087,0.0012,0.00189
04.11.2025 15:02:42.356 UTC,1.40881,1.40871,0.0018,0.00189
04.11.2025 15:02:42.508 UTC,1.4088,1.4087,0.0012,0.00189
04.11.2025 15:02:42.934 UTC,1.4088,1.40869,0.0012,0.0012
04.11.2025 15:02:43.088 UTC,1.4088,1.4087,0.0018,0.0012
04.11.2025 15:02:43.190 UTC,1.4088,1.40869,0.0012,0.0012
04.11.2025 15:02:43.343 UTC,1.40881,1.40869,0.0018,0.0012
04.11.2025 15:02:43.445 UTC,1.4088,1.40869,0.00135,0.0012
04.11.2025 15:02:44.708 UTC,1.40879,1.40869,0.0012,0.0012
04.11.2025 15:02:46.169 UTC,1.4088,1.40869,0.00135,0.0012
04.11.2025 15:02:47.427 UTC,1.40878,1.4087,0.0012,0.0012
04.11.2025 15:02:51.977 UTC,1.4088,1.40869,0.0018,0.0012
04.11.2025 15:02:52.079 UTC,1.4088,1.40869,0.00195,0.0012
04.11.2025 15:02:52.534 UTC,1.4088,1.40869,0.0018,0.0012
04.11.2025 15:02:54.044 UTC,1.40879,1.40869,0.0012,0.0012
04.11.2025 15:02:54.146 UTC,1.40879,1.4087,0.0012,0.0012
04.11.2025 15:02:54.300 UTC,1.4088,1.4087,0.00189,0.0012
04.11.2025 15:02:54.403 UTC,1.4088,1.40869,0.00204,0.0012
04.11.2025 15:02:54.455 UTC,1.40879,1.4087,0.00189,0.0012
04.11.2025 15:02:54.608 UTC,1.40878,1.4087,0.0012,0.0012
04.11.2025 15:02:58.830 UTC,1.40879,1.40868,0.0012,0.0012
04.11.2025 15:03:00.133 UTC,1.40879,1.40868,0.0018,0.0012
04.11.2025 15:03:00.185 UTC,1.40877,1.40866,0.0012,0.0012
04.11.2025 15:03:00.287 UTC,1.40877,1.40865,0.00135,0.0012
04.11.2025 15:03:03.921 UTC,1.40876,1.40863,0.00249,0.0012
04.11.2025 15:03:04.023 UTC,1.40875,1.40863,0.0012,0.0012
04.11.2025 15:03:04.984 UTC,1.40876,1.40862,0.00294,0.00225
04.11.2025 15:03:05.087 UTC,1.40876,1.40862,0.0018,0.0024
04.11.2025 15:03:06.197 UTC,1.40875,1.40863,0.0018,0.00225
04.11.2025 15:03:06.299 UTC,1.40875,1.40863,0.0018,0.0024
04.11.2025 15:03:06.454 UTC,1.40876,1.40862,0.00195,0.0036
04.11.2025 15:03:06.859 UTC,1.40876,1.40865,0.00195,0.0012
04.11.2025 15:03:06.911 UTC,1.40876,1.40862,0.00195,0.00225
04.11.2025 15:03:07.740 UTC,1.40876,1.40862,0.00195,0.0024
04.11.2025 15:03:07.842 UTC,1.40875,1.40863,0.00195,0.00225
04.11.2025 15:03:08.300 UTC,1.40876,1.40862,0.0018,0.0033
04.11.2025 15:03:08.705 UTC,1.40876,1.40863,0.0018,0.0018
04.11.2025 15:03:08.808 UTC,1.40876,1.40863,0.00195,0.0012
04.11.2025 15:03:13.496 UTC,1.40876,1.40863,0.0018,0.0018
04.11.2025 15:03:13.699 UTC,1.40878,1.40865,0.00195,0.0012
04.11.2025 15:03:13.803 UTC,1.40878,1.40865,0.0018,0.0012
04.11.2025 15:03:14.995 UTC,1.40879,1.40867,0.0012,0.00135
04.11.2025 15:03:15.098 UTC,1.40884,1.40871,0.00315,0.0012
04.11.2025 15:03:15.201 UTC,1.40885,1.40872,0.00181,0.0018
04.11.2025 15:03:15.303 UTC,1.40885,1.40872,0.00192,0.0018
04.11.2025 15:03:16.162 UTC,1.40885,1.40872,0.00192,0.0012
04.11.2025 15:03:16.418 UTC,1.40883,1.40872,0.00294,0.0012
04.11.2025 15:03:16.469 UTC,1.40883,1.4087,0.00192,0.0018
04.11.2025 15:03:16.572 UTC,1.40882,1.40869,0.00432,0.0012
04.11.2025 15:03:16.623 UTC,1.40881,1.40867,0.00192,0.0018
04.11.2025 15:03:21.032 UTC,1.40881,1.40867,0.00135,0.00225
04.11.2025 15:03:21.133 UTC,1.40882,1.40869,0.0012,0.0012
04.11.2025 15:03:21.236 UTC,1.40883,1.40869,0.00189,0.0018
04.11.2025 15:03:21.288 UTC,1.40884,1.40872,0.0012,0.0012
04.11.2025 15:03:21.695 UTC,1.40883,1.40873,0.0012,0.0012
04.11.2025 15:03:22.706 UTC,1.40885,1.40873,0.00204,0.0012
04.11.2025 15:03:23.513 UTC,1.40885,1.40873,0.00192,0.0012
04.11.2025 15:03:23.868 UTC,1.40886,1.40873,0.00294,0.0018
04.11.2025 15:03:24.325 UTC,1.40886,1.40873,0.00342,0.0012
04.11.2025 15:03:25.634 UTC,1.40884,1.40871,0.00135,0.00225
04.11.2025 15:03:26.547 UTC,1.4088,1.4087,0.0012,0.00144
04.11.2025 15:03:26.701 UTC,1.4088,1.40869,0.0012,0.0012
04.11.2025 15:03:26.754 UTC,1.40879,1.40866,0.0012,0.00294
04.11.2025 15:03:26.856 UTC,1.40879,1.40866,0.0012,0.00324
04.11.2025 15:03:27.313 UTC,1.40879,1.40867,0.0012,0.00135
04.11.2025 15:03:27.648 UTC,1.40879,1.40866,0.0012,0.00315
04.11.2025 15:03:27.756 UTC,1.40877,1.40865,0.0012,0.0012
04.11.2025 15:03:27.859 UTC,1.40877,1.40864,0.00135,0.00135
04.11.2025 15:03:28.320 UTC,1.40878,1.40865,0.0018,0.0033
04.11.2025 15:03:28.423 UTC,1.40879,1.40867,0.0012,0.0018
04.11.2025 15:03:28.827 UTC,1.4088,1.40867,0.00195,0.0024
04.11.2025 15:03:28.929 UTC,1.40879,1.40868,0.00195,0.00225
04.11.2025 15:03:29.032 UTC,1.40879,1.4087,0.0012,0.0012
04.11.2025 15:03:29.538 UTC,1.40879,1.40869,0.0012,0.00315
04.11.2025 15:03:29.589 UTC,1.4088,1.40869,0.0012,0.00315
04.11.2025 15:03:30.299 UTC,1.40881,1.40868,0.00135,0.0024
04.11.2025 15:03:32.669 UTC,1.40881,1.40869,0.0012,0.0018
04.11.2025 15:03:32.872 UTC,1.40881,1.40868,0.0012,0.0018
04.11.2025 15:03:33.226 UTC,1.4088,1.40867,0.0012,0.00135
04.11.2025 15:03:33.683 UTC,1.40879,1.40866,0.0012,0.0036
04.11.2025 15:03:34.291 UTC,1.4088,1.40867,0.0018,0.0024
04.11.2025 15:03:34.443 UTC,1.40879,1.40868,0.0012,0.0024
04.11.2025 15:03:34.947 UTC,1.40879,1.4087,0.0012,0.0012
04.11.2025 15:03:35.149 UTC,1.4088,1.40867,0.0012,0.0024
04.11.2025 15:03:35.351 UTC,1.4088,1.40867,0.0012,0.00285
04.11.2025 15:03:35.771 UTC,1.40879,1.40868,0.0012,0.0024
04.11.2025 15:03:35.923 UTC,1.40879,1.40868,0.0012,0.00225
04.11.2025 15:03:36.126 UTC,1.4088,1.40867,0.0012,0.0024
04.11.2025 15:03:36.379 UTC,1.4088,1.40867,0.0012,0.00285
04.11.2025 15:03:36.782 UTC,1.4088,1.40867,0.0012,0.0024
04.11.2025 15:03:37.035 UTC,1.40879,1.40868,0.0012,0.00285
04.11.2025 15:03:37.388 UTC,1.4088,1.40867,0.0012,0.0024
04.11.2025 15:03:37.489 UTC,1.4088,1.40867,0.00135,0.00225
04.11.2025 15:03:37.591 UTC,1.4088,1.40867,0.0012,0.00294
04.11.2025 15:03:37.743 UTC,1.4088,1.40867,0.0012,0.00249
04.11.2025 15:03:38.096 UTC,1.4088,1.40867,0.00135,0.00234
04.11.2025 15:03:38.247 UTC,1.4088,1.40869,0.00135,0.0012
04.11.2025 15:03:38.298 UTC,1.4088,1.40867,0.00135,0.00234
04.11.2025 15:03:38.399 UTC,1.4088,1.40867,0.0012,0.00249
04.11.2025 15:03:40.056 UTC,1.40879,1.40868,0.00135,0.00225
04.11.2025 15:03:40.560 UTC,1.4088,1.40868,0.0012,0.00135
04.11.2025 15:03:40.865 UTC,1.40879,1.40868,0.0012,0.00144
04.11.2025 15:03:41.169 UTC,1.4088,1.40867,0.0012,0.00192
04.11.2025 15:03:42.125 UTC,1.40879,1.40868,0.00135,0.00135
04.11.2025 15:03:42.530 UTC,1.40879,1.40868,0.0012,0.00249
04.11.2025 15:03:43.992 UTC,1.4088,1.40867,0.0012,0.00144
04.11.2025 15:03:44.567 UTC,1.4088,1.40868,0.0012,0.0012
04.11.2025 15:03:44.670 UTC,1.4088,1.4087,0.0012,0.00144
04.11.2025 15:03:44.772 UTC,1.40882,1.4087,0.0012,0.0012
04.11.2025 15:03:44.875 UTC,1.40884,1.40872,0.0018,0.0012
04.11.2025 15:03:44.926 UTC,1.40885,1.40872,0.0018,0.0018
04.11.2025 15:03:45.535 UTC,1.40885,1.40874,0.00189,0.0012
04.11.2025 15:03:46.651 UTC,1.40887,1.40874,0.00292,0.0012
04.11.2025 15:03:47.158 UTC,1.40887,1.40874,0.00375,0.0012
04.11.2025 15:03:47.461 UTC,1.40887,1.40875,0.00375,0.0012
04.11.2025 15:03:48.525 UTC,1.40886,1.40875,0.00195,0.0012
04.11.2025 15:03:48.626 UTC,1.40885,1.40876,0.0018,0.0012
04.11.2025 15:03:49.131 UTC,1.40886,1.40873,0.00195,0.0018
04.11.2025 15:03:50.043 UTC,1.40886,1.40873,0.0018,0.00225
04.11.2025 15:03:50.146 UTC,1.40886,1.40876,0.00375,0.0012
04.11.2025 15:03:50.248 UTC,1.40887,1.40875,0.0045,0.0012
04.11.2025 15:03:51.293 UTC,1.40886,1.40876,0.00465,0.0012
04.11.2025 15:03:51.397 UTC,1.40887,1.40875,0.0045,0.0012
04.11.2025 15:03:51.752 UTC,1.40887,1.40875,0.00375,0.0012
04.11.2025 15:03:52.811 UTC,1.40886,1.40874,0.0018,0.0012
04.11.2025 15:03:53.064 UTC,1.40885,1.40875,0.0027,0.0012
04.11.2025 15:03:53.622 UTC,1.40887,1.40875,0.0018,0.0012
04.11.2025 15:03:53.724 UTC,1.40886,1.40877,0.00135,0.0012
04.11.2025 15:03:53.978 UTC,1.40887,1.40877,0.0012,0.0012
04.11.2025 15:03:54.183 UTC,1.40887,1.40876,0.0012,0.0012
04.11.2025 15:03:56.903 UTC,1.40887,1.40875,0.00195,0.0012
04.11.2025 15:03:57.006 UTC,1.40886,1.40874,0.0024,0.0012
04.11.2025 15:03:57.464 UTC,1.40886,1.40875,0.00375,0.0012
04.11.2025 15:03:57.566 UTC,1.40887,1.40874,0.0042,0.0012
04.11.2025 15:03:57.668 UTC,1.40887,1.40875,0.00285,0.0012
04.11.2025 15:03:57.770 UTC,1.40886,1.40877,0.00195,0.0012
04.11.2025 15:03:57.873 UTC,1.40887,1.40876,0.0018,0.0012
04.11.2025 15:03:59.732 UTC,1.40888,1.40877,0.00157,0.0012
04.11.2025 15:03:59.843 UTC,1.40888,1.40878,0.0027,0.0012
04.11.2025 15:03:59.995 UTC,1.40889,1.40877,0.00285,0.0012
04.11.2025 15:04:00.348 UTC,1.40889,1.40877,0.0024,0.0012
04.11.2025 15:04:00.703 UTC,1.40889,1.40877,0.00202,0.0012
04.11.2025 15:04:01.310 UTC,1.40889,1.40878,0.0012,0.0012
04.11.2025 15:04:02.121 UTC,1.40889,1.40878,0.00195,0.0012
04.11.2025 15:04:02.374 UTC,1.40888,1.40878,0.0012,0.0012
04.11.2025 15:04:04.185 UTC,1.40887,1.40878,0.0012,0.0012
04.11.2025 15:04:06.913 UTC,1.40888,1.40877,0.0012,0.0012
04.11.2025 15:04:08.458 UTC,1.40887,1.40878,0.0012,0.0012
04.11.2025 15:04:09.468 UTC,1.40887,1.40878,0.00195,0.0012
04.11.2025 15:04:09.775 UTC,1.40887,1.40877,0.00285,0.0012
04.11.2025 15:04:09.878 UTC,1.40886,1.40876,0.00135,0.0012
04.11.2025 15:04:09.980 UTC,1.40887,1.40875,0.00195,0.0012
04.11.2025 15:04:11.846 UTC,1.40886,1.40874,0.0018,0.0012
04.11.2025 15:04:11.949 UTC,1.40884,1.40873,0.0012,0.0012
04.11.2025 15:04:12.052 UTC,1.4088,1.40868,0.0012,0.00135
04.11.2025 15:04:12.662 UTC,1.40879,1.40868,0.00135,0.0012
04.11.2025 15:04:12.765 UTC,1.40879,1.40867,0.0012,0.0012
04.11.2025 15:04:15.785 UTC,1.40879,1.40868,0.0012,0.0012
04.11.2025 15:04:15.888 UTC,1.40881,1.4087,0.0018,0.0012
04.11.2025 15:04:15.990 UTC,1.40882,1.4087,0.0045,0.0012
04.11.2025 15:04:16.092 UTC,1.40881,1.4087,0.0012,0.0012
04.11.2025 15:04:16.195 UTC,1.40881,1.40872,0.00225,0.0012
04.11.2025 15:04:16.754 UTC,1.40882,1.40872,0.0024,0.0012
04.11.2025 15:04:16.805 UTC,1.4088,1.4087,0.00195,0.0012
04.11.2025 15:04:17.111 UTC,1.4088,1.40868,0.00135,0.0012
04.11.2025 15:04:17.366 UTC,1.40878,1.40869,0.00135,0.0012
04.11.2025 15:04:17.871 UTC,1.40878,1.40869,0.0018,0.0012
04.11.2025 15:04:18.124 UTC,1.40878,1.40869,0.00135,0.0012
04.11.2025 15:04:18.476 UTC,1.40879,1.40868,0.0018,0.0012
04.11.2025 15:04:18.729 UTC,1.40879,1.40868,0.00135,0.0012
04.11.2025 15:04:19.487 UTC,1.40879,1.40868,0.00192,0.0012
04.11.2025 15:04:19.691 UTC,1.40877,1.40869,0.00132,0.0012
04.11.2025 15:04:19.793 UTC,1.40879,1.40867,0.00147,0.0012
04.11.2025 15:04:21.057 UTC,1.40879,1.40868,0.00147,0.0012
04.11.2025 15:04:26.252 UTC,1.4088,1.40868,0.00147,0.0012
04.11.2025 15:04:26.457 UTC,1.40881,1.40868,0.00132,0.00135
04.11.2025 15:04:26.560 UTC,1.40885,1.40872,0.00102,0.0018
04.11.2025 15:04:27.673 UTC,1.40885,1.40872,0.00282,0.0012
04.11.2025 15:04:27.776 UTC,1.40883,1.40872,0.00132,0.0012
04.11.2025 15:04:30.404 UTC,1.40885,1.40871,0.00387,0.00135
04.11.2025 15:04:30.557 UTC,1.40884,1.40874,0.00297,0.0012
04.11.2025 15:04:30.703 UTC,1.40885,1.40874,0.00297,0.0012
04.11.2025 15:04:30.857 UTC,1.40885,1.40875,0.00207,0.0012
04.11.2025 15:04:31.261 UTC,1.40886,1.40874,0.00132,0.0012
04.11.2025 15:04:31.466 UTC,1.40887,1.40875,0.00132,0.0012
04.11.2025 15:04:32.429 UTC,1.40888,1.40875,0.00207,0.0012
04.11.2025 15:04:32.531 UTC,1.40886,1.40876,0.00387,0.0012
04.11.2025 15:04:34.000 UTC,1.40887,1.40875,0.00147,0.0012
04.11.2025 15:04:36.419 UTC,1.40887,1.40875,0.00342,0.0012
04.11.2025 15:04:36.521 UTC,1.40885,1.40874,0.00147,0.0012
04.11.2025 15:04:37.302 UTC,1.40885,1.40873,0.00207,0.0012
04.11.2025 15:04:37.506 UTC,1.40885,1.40873,0.00297,0.0012
04.11.2025 15:04:37.712 UTC,1.40884,1.40874,0.00297,0.0012
04.11.2025 15:04:37.865 UTC,1.40884,1.40873,0.00192,0.0012
04.11.2025 15:04:38.171 UTC,1.40884,1.40873,0.00132,0.0012
04.11.2025 15:04:38.425 UTC,1.40884,1.40874,0.00297,0.0012
04.11.2025 15:04:38.528 UTC,1.40882,1.40872,0.00132,0.0012
04.11.2025 15:04:38.985 UTC,1.40884,1.40873,0.00207,0.0012
04.11.2025 15:04:39.087 UTC,1.40885,1.40873,0.00387,0.0012
04.11.2025 15:04:39.746 UTC,1.40883,1.40872,0.00207,0.0012
04.11.2025 15:04:40.149 UTC,1.40883,1.40872,0.00252,0.0012
04.11.2025 15:04:41.413 UTC,1.40882,1.40873,0.00132,0.0012
04.11.2025 15:04:41.515 UTC,1.40883,1.40872,0.00132,0.0012
04.11.2025 15:04:41.717 UTC,1.40884,1.40872,0.00387,0.0012
04.11.2025 15:04:42.578 UTC,1.40884,1.40872,0.00132,0.0012
04.11.2025 15:04:43.790 UTC,1.40883,1.40872,0.00192,0.0012
04.11.2025 15:04:44.699 UTC,1.40884,1.40872,0.00282,0.0012
04.11.2025 15:04:46.747 UTC,1.40883,1.40872,0.00207,0.0012
04.11.2025 15:04:47.456 UTC,1.4088,1.40871,0.00147,0.0012
04.11.2025 15:04:47.558 UTC,1.40879,1.40871,0.00147,0.0012
04.11.2025 15:04:48.370 UTC,1.40879,1.4087,0.00147,0.0012
04.11.2025 15:04:49.077 UTC,1.40881,1.40869,0.00147,0.0012
04.11.2025 15:04:49.179 UTC,1.40881,1.4087,0.00147,0.0012
04.11.2025 15:04:49.281 UTC,1.4088,1.40871,0.00147,0.0012
04.11.2025 15:04:49.584 UTC,1.40882,1.40871,0.00102,0.0012
04.11.2025 15:04:49.686 UTC,1.40884,1.40872,0.00394,0.0012
04.11.2025 15:04:50.041 UTC,1.40884,1.40872,0.00214,0.0012
04.11.2025 15:04:50.849 UTC,1.40884,1.40873,0.00184,0.0012
04.11.2025 15:04:51.661 UTC,1.40884,1.40873,0.00192,0.0012
04.11.2025 15:04:52.619 UTC,1.40884,1.40875,0.00102,0.0012
04.11.2025 15:04:52.721 UTC,1.40888,1.40876,0.00184,0.0012
04.11.2025 15:04:52.825 UTC,1.40888,1.40878,0.00132,0.0012
04.11.2025 15:04:53.080 UTC,1.4089,1.40879,0.00147,0.0012
04.11.2025 15:04:53.233 UTC,1.40894,1.40882,0.00192,0.0012
04.11.2025 15:04:53.336 UTC,1.40896,1.40883,0.00192,0.0012
04.11.2025 15:04:53.438 UTC,1.40897,1.40884,0.00432,0.0012
04.11.2025 15:04:54.302 UTC,1.40895,1.40883,0.00282,0.0012
04.11.2025 15:04:55.868 UTC,1.40895,1.40883,0.00147,0.0012
04.11.2025 15:04:56.121 UTC,1.40893,1.40883,0.00132,0.0012
04.11.2025 15:04:56.224 UTC,1.40893,1.40884,0.00132,0.0012
04.11.2025 15:04:56.729 UTC,1.40894,1.40884,0.00132,0.0012
04.11.2025 15:04:56.832 UTC,1.40894,1.40885,0.00207,0.0012
04.11.2025 15:04:56.935 UTC,1.40895,1.40884,0.00192,0.0012
04.11.2025 15:05:00.879 UTC,1.40895,1.40883,0.00282,0.0012
04.11.2025 15:05:01.136 UTC,1.40892,1.40882,0.00132,0.0012
04.11.2025 15:05:01.742 UTC,1.40894,1.40883,0.00192,0.0012
04.11.2025 15:05:02.400 UTC,1.40896,1.40884,0.00342,0.0012
04.11.2025 15:05:03.585 UTC,1.40894,1.40885,0.00132,0.0012
04.11.2025 15:05:04.652 UTC,1.40896,1.40884,0.00297,0.0012
04.11.2025 15:05:04.754 UTC,1.40896,1.40886,0.00282,0.0012
04.11.2025 15:05:06.072 UTC,1.40898,1.40885,0.00132,0.0012
04.11.2025 15:05:06.123 UTC,1.40898,1.40888,0.00484,0.0012
04.11.2025 15:05:06.175 UTC,1.40899,1.40888,0.00214,0.0012
04.11.2025 15:05:07.443 UTC,1.409,1.40888,0.00192,0.0012
04.11.2025 15:05:07.799 UTC,1.40898,1.40888,0.00147,0.0012
04.11.2025 15:05:08.483 UTC,1.40896,1.40887,0.00147,0.0012
04.11.2025 15:05:12.062 UTC,1.40897,1.40885,0.00192,0.0012
04.11.2025 15:05:12.164 UTC,1.40895,1.40883,0.00147,0.0012
04.11.2025 15:05:13.077 UTC,1.40892,1.40881,0.00132,0.0012
04.11.2025 15:05:13.180 UTC,1.40894,1.40881,0.00132,0.0012
04.11.2025 15:05:13.537 UTC,1.40895,1.40883,0.00132,0.0012
04.11.2025 15:05:13.841 UTC,1.40893,1.40884,0.00132,0.0012
04.11.2025 15:05:13.944 UTC,1.40894,1.40882,0.00204,0.0012
04.11.2025 15:05:14.047 UTC,1.40893,1.40881,0.00147,0.0012
04.11.2025 15:05:15.007 UTC,1.40894,1.40883,0.00249,0.0012
04.11.2025 15:05:15.212 UTC,1.40894,1.40884,0.00132,0.0012
04.11.2025 15:05:15.365 UTC,1.40895,1.40885,0.00147,0.0012
04.11.2025 15:05:15.519 UTC,1.40897,1.40884,0.00156,0.0012
04.11.2025 15:05:16.501 UTC,1.40898,1.40886,0.00144,0.0012
04.11.2025 15:05:18.973 UTC,1.40897,1.40886,0.00204,0.0012
04.11.2025 15:05:19.075 UTC,1.40897,1.40886,0.00156,0.0012
04.11.2025 15:05:19.431 UTC,1.40898,1.40884,0.00576,0.0012
04.11.2025 15:05:19.991 UTC,1.40897,1.40884,0.00144,0.0012
04.11.2025 15:05:20.043 UTC,1.40897,1.40886,0.00192,0.0012
04.11.2025 15:05:21.661 UTC,1.40897,1.40886,0.00132,0.0012
04.11.2025 15:05:21.763 UTC,1.40898,1.40886,0.00147,0.0012
04.11.2025 15:05:21.865 UTC,1.40897,1.40887,0.00144,0.0018
04.11.2025 15:05:22.118 UTC,1.40898,1.40886,0.00192,0.0012
04.11.2025 15:05:23.129 UTC,1.40898,1.40886,0.00144,0.0018
04.11.2025 15:05:24.404 UTC,1.40901,1.40889,0.00132,0.0012
04.11.2025 15:05:24.506 UTC,1.40902,1.40892,0.00252,0.0012
04.11.2025 15:05:24.659 UTC,1.40904,1.40891,0.00147,0.0012
04.11.2025 15:05:24.812 UTC,1.40903,1.4089,0.00132,0.0012
04.11.2025 15:05:25.571 UTC,1.40902,1.4089,0.00132,0.0012
04.11.2025 15:05:25.623 UTC,1.40901,1.40889,0.00192,0.00315
04.11.2025 15:05:26.330 UTC,1.40902,1.40889,0.00237,0.0012
04.11.2025 15:05:26.532 UTC,1.40902,1.40888,0.00237,0.0027
04.11.2025 15:05:26.634 UTC,1.40899,1.40889,0.00132,0.0018
04.11.2025 15:05:26.738 UTC,1.40899,1.40888,0.00237,0.0018
04.11.2025 15:05:26.891 UTC,1.40898,1.40888,0.00132,0.0012
04.11.2025 15:05:27.548 UTC,1.40899,1.40887,0.00147,0.0012
04.11.2025 15:05:30.174 UTC,1.40898,1.40888,0.00147,0.0012
04.11.2025 15:05:30.381 UTC,1.40898,1.40886,0.00132,0.0012
04.11.2025 15:05:31.848 UTC,1.40895,1.40884,0.00132,0.00465
04.11.2025 15:05:31.951 UTC,1.40893,1.40884,0.00132,0.0012
04.11.2025 15:05:32.054 UTC,1.40887,1.40875,0.00132,0.0045
04.11.2025 15:05:32.157 UTC,1.40886,1.40875,0.0012,0.0018
04.11.2025 15:05:32.259 UTC,1.40886,1.40874,0.00132,0.0012
04.11.2025 15:05:32.361 UTC,1.40886,1.40875,0.0012,0.0012
04.11.2025 15:05:32.582 UTC,1.40886,1.40874,0.00132,0.0012
04.11.2025 15:05:32.940 UTC,1.40886,1.40875,0.00132,0.0012
04.11.2025 15:05:33.144 UTC,1.40886,1.40874,0.00132,0.00135
04.11.2025 15:05:33.247 UTC,1.40886,1.40875,0.0012,0.00135
04.11.2025 15:05:34.762 UTC,1.40886,1.40877,0.0012,0.0012
04.11.2025 15:05:34.865 UTC,1.40887,1.40877,0.0012,0.0012
04.11.2025 15:05:35.221 UTC,1.40887,1.40878,0.0012,0.0018
04.11.2025 15:05:35.324 UTC,1.40891,1.40879,0.0012,0.0012
04.11.2025 15:05:35.678 UTC,1.40891,1.40878,0.00132,0.00315
04.11.2025 15:05:35.781 UTC,1.4089,1.40877,0.00132,0.0024
04.11.2025 15:05:35.884 UTC,1.4089,1.40877,0.00132,0.0018
04.11.2025 15:05:36.037 UTC,1.4089,1.40878,0.00132,0.0012
04.11.2025 15:05:36.139 UTC,1.4089,1.40877,0.00132,0.0012
04.11.2025 15:05:37.751 UTC,1.4089,1.40877,0.00132,0.0024
04.11.2025 15:05:38.004 UTC,1.40889,1.40878,0.00132,0.00135
04.11.2025 15:05:39.715 UTC,1.40889,1.40878,0.00132,0.0018
04.11.2025 15:05:40.365 UTC,1.40889,1.40878,0.0012,0.0018
04.11.2025 15:05:40.869 UTC,1.4089,1.4088,0.0012,0.00135
04.11.2025 15:05:40.973 UTC,1.40892,1.40879,0.0012,0.00225
04.11.2025 15:05:41.077 UTC,1.40891,1.40881,0.0012,0.0012
04.11.2025 15:05:41.439 UTC,1.40891,1.4088,0.0012,0.00225
04.11.2025 15:05:42.043 UTC,1.40891,1.40881,0.0012,0.0012
04.11.2025 15:05:42.347 UTC,1.40893,1.40881,0.0012,0.00135
04.11.2025 15:05:42.500 UTC,1.40893,1.40882,0.0018,0.0018
04.11.2025 15:05:42.603 UTC,1.40892,1.40882,0.0012,0.00135
04.11.2025 15:05:43.766 UTC,1.40892,1.40881,0.00135,0.00225
04.11.2025 15:05:43.919 UTC,1.40893,1.40881,0.0012,0.0012
04.11.2025 15:05:45.985 UTC,1.40894,1.40881,0.0012,0.00315
04.11.2025 15:05:47.649 UTC,1.40894,1.40881,0.0012,0.0033
04.11.2025 15:05:48.502 UTC,1.40895,1.40882,0.00144,0.00135
04.11.2025 15:05:48.862 UTC,1.40895,1.40885,0.0012,0.0012
04.11.2025 15:05:48.915 UTC,1.40898,1.40885,0.00346,0.0012
04.11.2025 15:05:49.018 UTC,1.40898,1.40886,0.0012,0.0012
04.11.2025 15:05:49.365 UTC,1.40897,1.40886,0.0012,0.0012
04.11.2025 15:05:52.686 UTC,1.40897,1.40885,0.0012,0.00135
04.11.2025 15:05:53.496 UTC,1.40896,1.40887,0.0012,0.0012
04.11.2025 15:05:55.209 UTC,1.40898,1.40886,0.0018,0.0012
04.11.2025 15:05:55.767 UTC,1.40898,1.40887,0.0012,0.0012
04.11.2025 15:05:55.920 UTC,1.409,1.40888,0.00247,0.0027
04.11.2025 15:05:56.022 UTC,1.40901,1.40888,0.0012,0.00135
04.11.2025 15:05:56.226 UTC,1.40899,1.40886,0.00132,0.0018
04.11.2025 15:05:56.278 UTC,1.40898,1.40884,0.0012,0.0042
04.11.2025 15:05:56.431 UTC,1.40898,1.40884,0.0012,0.00375
04.11.2025 15:05:56.483 UTC,1.40898,1.40887,0.0012,0.0018
04.11.2025 15:05:56.585 UTC,1.40899,1.40886,0.0012,0.0024
04.11.2025 15:05:56.790 UTC,1.40898,1.40886,0.0012,0.0012
04.11.2025 15:05:57.881 UTC,1.40898,1.40885,0.0012,0.00375
04.11.2025 15:05:58.138 UTC,1.40898,1.40885,0.0018,0.0018
04.11.2025 15:05:58.343 UTC,1.40897,1.40884,0.0012,0.0012
04.11.2025 15:05:58.445 UTC,1.40897,1.40883,0.0012,0.00285
04.11.2025 15:05:58.649 UTC,1.40897,1.40883,0.0012,0.0033
04.11.2025 15:05:59.053 UTC,1.40896,1.40884,0.00135,0.00285
04.11.2025 15:05:59.307 UTC,1.40895,1.40884,0.0012,0.00135
04.11.2025 15:05:59.359 UTC,1.40893,1.40883,0.0012,0.0024
04.11.2025 15:05:59.461 UTC,1.40894,1.40881,0.0012,0.0027
04.11.2025 15:05:59.817 UTC,1.40893,1.4088,0.0012,0.00135
04.11.2025 15:05:59.919 UTC,1.40892,1.40879,0.0012,0.0018
04.11.2025 15:06:00.022 UTC,1.40891,1.40878,0.00132,0.00135
04.11.2025 15:06:00.074 UTC,1.40888,1.40877,0.0012,0.00172
04.11.2025 15:06:00.126 UTC,1.40887,1.40877,0.0012,0.00112
04.11.2025 15:06:00.229 UTC,1.40889,1.40875,0.0012,0.0045
04.11.2025 15:06:00.331 UTC,1.40888,1.40877,0.0012,0.00225
04.11.2025 15:06:00.587 UTC,1.40889,1.40878,0.0012,0.0018
04.11.2025 15:06:00.639 UTC,1.40892,1.40879,0.00135,0.0027
04.11.2025 15:06:00.742 UTC,1.40891,1.40881,0.0012,0.0012
04.11.2025 15:06:00.947 UTC,1.40892,1.40881,0.0012,0.0012
04.11.2025 15:06:01.102 UTC,1.40891,1.4088,0.0012,0.00405
04.11.2025 15:06:01.203 UTC,1.40892,1.40879,0.0012,0.00465
04.11.2025 15:06:01.357 UTC,1.40891,1.4088,0.0012,0.0036
04.11.2025 15:06:01.459 UTC,1.40892,1.4088,0.0012,0.0018
04.11.2025 15:06:01.562 UTC,1.40892,1.4088,0.0012,0.00135
04.11.2025 15:06:01.666 UTC,1.40892,1.40879,0.0012,0.00225
04.11.2025 15:06:01.769 UTC,1.40888,1.40877,0.0012,0.0012
04.11.2025 15:06:01.922 UTC,1.40888,1.40878,0.0012,0.0012
04.11.2025 15:06:02.076 UTC,1.4089,1.40878,0.0012,0.00135
04.11.2025 15:06:02.178 UTC,1.40891,1.40879,0.0012,0.00135
04.11.2025 15:06:02.280 UTC,1.40892,1.40879,0.0012,0.00225
04.11.2025 15:06:03.694 UTC,1.40891,1.40878,0.0012,0.0024
04.11.2025 15:06:04.148 UTC,1.40891,1.40878,0.0012,0.00195
04.11.2025 15:06:04.249 UTC,1.4089,1.40879,0.0012,0.0018
04.11.2025 15:06:05.998 UTC,1.40893,1.40879,0.0018,0.0024
04.11.2025 15:06:06.108 UTC,1.40894,1.40882,0.0033,0.00225
04.11.2025 15:06:06.211 UTC,1.40894,1.40882,0.0012,0.00225
04.11.2025 15:06:06.867 UTC,1.40894,1.40883,0.0012,0.0012
04.11.2025 15:06:08.842 UTC,1.40895,1.40881,0.00135,0.0018
04.11.2025 15:06:10.354 UTC,1.40895,1.40881,0.00297,0.0012
04.11.2025 15:06:10.456 UTC,1.40893,1.40881,0.00144,0.00225
04.11.2025 15:06:11.114 UTC,1.40894,1.40881,0.00135,0.00135
04.11.2025 15:06:11.469 UTC,1.40893,1.40881,0.0018,0.00315
04.11.2025 15:06:11.521 UTC,1.40895,1.40881,0.00189,0.0024
04.11.2025 15:06:11.827 UTC,1.40895,1.40881,0.00192,0.00225
04.11.2025 15:06:12.434 UTC,1.40895,1.40881,0.0012,0.0033
04.11.2025 15:06:12.636 UTC,1.40895,1.40881,0.0018,0.00315
04.11.2025 15:06:12.738 UTC,1.40895,1.40881,0.00135,0.0033
04.11.2025 15:06:13.068 UTC,1.40894,1.40882,0.0018,0.00315
04.11.2025 15:06:13.624 UTC,1.40895,1.40881,0.00135,0.0033
04.11.2025 15:06:14.129 UTC,1.40895,1.40881,0.0018,0.00315
04.11.2025 15:06:14.433 UTC,1.40894,1.40882,0.00135,0.0033
04.11.2025 15:06:14.885 UTC,1.40895,1.40881,0.0018,0.00315
04.11.2025 15:06:14.987 UTC,1.40895,1.40881,0.00135,0.0033
04.11.2025 15:06:15.140 UTC,1.40895,1.40882,0.00135,0.0024
04.11.2025 15:06:15.343 UTC,1.40894,1.40883,0.0018,0.00225
04.11.2025 15:06:15.545 UTC,1.40895,1.40881,0.00249,0.0018
04.11.2025 15:06:15.597 UTC,1.40895,1.40881,0.00144,0.00225
04.11.2025 15:06:16.155 UTC,1.40895,1.40881,0.00192,0.0027
04.11.2025 15:06:16.562 UTC,1.40894,1.4088,0.00144,0.00225
04.11.2025 15:06:16.867 UTC,1.40894,1.40882,0.00204,0.00225
04.11.2025 15:06:17.172 UTC,1.40894,1.40882,0.00144,0.0018
04.11.2025 15:06:17.275 UTC,1.40894,1.40881,0.00135,0.0012
04.11.2025 15:06:18.435 UTC,1.40895,1.40881,0.00144,0.0024
04.11.2025 15:06:18.738 UTC,1.40894,1.40882,0.00249,0.00225
04.11.2025 15:06:18.993 UTC,1.40894,1.40882,0.00144,0.00135
04.11.2025 15:06:19.145 UTC,1.40894,1.40882,0.00249,0.0012
04.11.2025 15:06:20.457 UTC,1.40894,1.40883,0.0012,0.00135
04.11.2025 15:06:20.854 UTC,1.40894,1.40882,0.00135,0.00135
04.11.2025 15:06:20.959 UTC,1.40894,1.40883,0.0012,0.00135
04.11.2025 15:06:21.112 UTC,1.40895,1.40881,0.00192,0.0012
04.11.2025 15:06:21.872 UTC,1.40894,1.40882,0.00135,0.00225
04.11.2025 15:06:21.974 UTC,1.40895,1.40882,0.00135,0.0012
04.11.2025 15:06:22.126 UTC,1.40895,1.40881,0.00135,0.00225
04.11.2025 15:06:22.227 UTC,1.40895,1.40882,0.00135,0.0012
04.11.2025 15:06:22.832 UTC,1.40895,1.40881,0.0018,0.0018
04.11.2025 15:06:22.934 UTC,1.40895,1.40881,0.00135,0.0024
04.11.2025 15:06:23.036 UTC,1.40895,1.40881,0.00135,0.00225
04.11.2025 15:06:23.138 UTC,1.40895,1.40882,0.00135,0.0012
04.11.2025 15:06:23.241 UTC,1.40894,1.40882,0.00135,0.00315
04.11.2025 15:06:23.445 UTC,1.40894,1.4088,0.00249,0.0018
04.11.2025 15:06:23.598 UTC,1.40894,1.4088,0.00234,0.00315
04.11.2025 15:06:23.701 UTC,1.40895,1.40881,0.00189,0.00225
04.11.2025 15:06:25.318 UTC,1.40895,1.40881,0.0024,0.0018
04.11.2025 15:06:25.420 UTC,1.40893,1.4088,0.00135,0.00225
04.11.2025 15:06:26.129 UTC,1.40892,1.40879,0.00135,0.00135
04.11.2025 15:06:26.232 UTC,1.40892,1.40881,0.00135,0.0012
04.11.2025 15:06:26.486 UTC,1.40893,1.4088,0.0018,0.0012
04.11.2025 15:06:26.791 UTC,1.40893,1.4088,0.00135,0.0012
04.11.2025 15:06:27.045 UTC,1.40892,1.40879,0.00135,0.00135
04.11.2025 15:06:27.148 UTC,1.40892,1.40879,0.0024,0.0012
04.11.2025 15:06:28.212 UTC,1.40888,1.40878,0.0012,0.0012
04.11.2025 15:06:28.316 UTC,1.40888,1.40877,0.0012,0.0012
04.11.2025 15:06:28.418 UTC,1.40887,1.40877,0.0012,0.0018
04.11.2025 15:06:28.592 UTC,1.40887,1.40876,0.0018,0.0018
04.11.2025 15:06:28.851 UTC,1.40887,1.40875,0.0012,0.0012
04.11.2025 15:06:30.016 UTC,1.40888,1.40876,0.0018,0.0012
04.11.2025 15:06:30.118 UTC,1.40888,1.40875,0.0018,0.00225
04.11.2025 15:06:31.430 UTC,1.40888,1.40875,0.0018,0.0024
04.11.2025 15:06:31.582 UTC,1.40888,1.40875,0.00225,0.00225
04.11.2025 15:06:31.886 UTC,1.40888,1.40876,0.00225,0.0012
04.11.2025 15:06:32.541 UTC,1.40888,1.40877,0.00135,0.0012
04.11.2025 15:06:32.643 UTC,1.40888,1.40876,0.00135,0.0012
04.11.2025 15:06:34.552 UTC,1.40889,1.40876,0.0018,0.0018
04.11.2025 15:06:35.713 UTC,1.40889,1.40878,0.0012,0.0012
04.11.2025 15:06:35.886 UTC,1.40889,1.40877,0.0012,0.00135
04.11.2025 15:06:36.445 UTC,1.40891,1.4088,0.0018,0.0012
04.11.2025 15:06:36.548 UTC,1.40894,1.40882,0.0018,0.0012
04.11.2025 15:06:36.600 UTC,1.40889,1.40876,0.00189,0.00225
04.11.2025 15:06:37.615 UTC,1.40888,1.40876,0.0012,0.00225
04.11.2025 15:06:37.717 UTC,1.40889,1.40876,0.00225,0.00225
04.11.2025 15:06:38.021 UTC,1.40889,1.40876,0.0024,0.0018
04.11.2025 15:06:40.587 UTC,1.40889,1.40876,0.00225,0.00225
04.11.2025 15:06:40.941 UTC,1.40887,1.40877,0.00135,0.0012
04.11.2025 15:06:42.803 UTC,1.40887,1.40875,0.00225,0.0045
04.11.2025 15:06:42.905 UTC,1.40887,1.40875,0.00339,0.0018
04.11.2025 15:06:43.210 UTC,1.40888,1.40874,0.00459,0.0018
04.11.2025 15:06:43.562 UTC,1.40887,1.40875,0.00474,0.0018
04.11.2025 15:06:45.074 UTC,1.40887,1.40874,0.0012,0.0012
04.11.2025 15:06:46.119 UTC,1.40882,1.40873,0.00207,0.0012
04.11.2025 15:06:46.224 UTC,1.40879,1.40869,0.00189,0.0018
04.11.2025 15:06:46.275 UTC,1.40879,1.40868,0.00189,0.0018
04.11.2025 15:06:46.379 UTC,1.40878,1.40867,0.0027,0.0012
04.11.2025 15:06:49.460 UTC,1.40878,1.40866,0.0012,0.0012
04.11.2025 15:06:49.614 UTC,1.40879,1.40866,0.00225,0.0012
04.11.2025 15:06:49.868 UTC,1.40878,1.40866,0.0012,0.0012
04.11.2025 15:06:50.979 UTC,1.40878,1.40866,0.0018,0.0012
04.11.2025 15:06:51.637 UTC,1.40877,1.40867,0.00135,0.0012
04.11.2025 15:06:52.598 UTC,1.40879,1.40866,0.00225,0.0018
04.11.2025 15:06:52.851 UTC,1.40878,1.40867,0.0024,0.0018
04.11.2025 15:06:52.953 UTC,1.40878,1.40867,0.00225,0.00225
04.11.2025 15:06:56.110 UTC,1.40878,1.40867,0.0024,0.0018
04.11.2025 15:06:56.212 UTC,1.40878,1.40867,0.00225,0.0018
04.11.2025 15:06:56.416 UTC,1.40879,1.40867,0.0018,0.00135
04.11.2025 15:06:56.468 UTC,1.40881,1.4087,0.00135,0.0012
04.11.2025 15:06:56.622 UTC,1.40884,1.40873,0.00225,0.0018
04.11.2025 15:06:57.030 UTC,1.40885,1.40873,0.0012,0.0012
04.11.2025 15:06:57.132 UTC,1.40886,1.40873,0.0012,0.0018
04.11.2025 15:06:58.145 UTC,1.40885,1.40873,0.00225,0.0012
04.11.2025 15:06:58.247 UTC,1.40885,1.40872,0.00234,0.0012
04.11.2025 15:06:58.553 UTC,1.40885,1.40873,0.00189,0.0012
04.11.2025 15:06:58.805 UTC,1.40885,1.40872,0.00189,0.0012
04.11.2025 15:07:00.262 UTC,1.40885,1.40872,0.00384,0.0012
04.11.2025 15:07:00.415 UTC,1.40884,1.40873,0.00339,0.0012
04.11.2025 15:07:01.020 UTC,1.40885,1.40872,0.00234,0.0012
04.11.2025 15:07:02.176 UTC,1.40885,1.40872,0.00294,0.0012
04.11.2025 15:07:02.310 UTC,1.40884,1.40873,0.00384,0.0012
04.11.2025 15:07:02.363 UTC,1.40883,1.4087,0.00135,0.0018
04.11.2025 15:07:02.466 UTC,1.40883,1.40871,0.0012,0.0012
04.11.2025 15:07:02.569 UTC,1.40883,1.40872,0.00225,0.0012
04.11.2025 15:07:03.077 UTC,1.40883,1.40871,0.00135,0.0012
04.11.2025 15:07:03.180 UTC,1.40882,1.40872,0.0018,0.0012
04.11.2025 15:07:03.534 UTC,1.40883,1.4087,0.0033,0.0012
04.11.2025 15:07:06.153 UTC,1.40882,1.40868,0.00234,0.0024
04.11.2025 15:07:06.255 UTC,1.40882,1.40868,0.00249,0.00225
04.11.2025 15:07:08.167 UTC,1.4088,1.4087,0.0012,0.00135
04.11.2025 15:07:08.269 UTC,1.4088,1.40869,0.00135,0.00135
04.11.2025 15:07:09.030 UTC,1.40879,1.40869,0.0012,0.0012
04.11.2025 15:07:09.534 UTC,1.40878,1.40869,0.0012,0.00135
04.11.2025 15:07:09.586 UTC,1.40876,1.40867,0.0012,0.0018
04.11.2025 15:07:09.689 UTC,1.40874,1.40867,0.0012,0.0012
04.11.2025 15:07:09.740 UTC,1.40875,1.40864,0.0012,0.0012
04.11.2025 15:07:10.248 UTC,1.40875,1.40863,0.0012,0.0027
04.11.2025 15:07:11.712 UTC,1.40874,1.40861,0.00192,0.00225
04.11.2025 15:07:11.815 UTC,1.4087,1.40861,0.0012,0.00135
04.11.2025 15:07:11.918 UTC,1.40867,1.40856,0.0012,0.0024
04.11.2025 15:07:11.970 UTC,1.40867,1.40856,0.0012,0.0018
04.11.2025 15:07:12.122 UTC,1.40866,1.40856,0.0012,0.0012
04.11.2025 15:07:12.224 UTC,1.40867,1.40856,0.0012,0.0012
04.11.2025 15:07:12.428 UTC,1.40864,1.40856,0.0012,0.0012
04.11.2025 15:07:12.531 UTC,1.40865,1.40858,0.0012,0.00189
04.11.2025 15:07:14.500 UTC,1.40864,1.40858,0.0012,0.00189
04.11.2025 15:07:14.603 UTC,1.40865,1.40854,0.0012,0.0012
04.11.2025 15:07:14.908 UTC,1.40865,1.40855,0.0012,0.0018
04.11.2025 15:07:15.010 UTC,1.40865,1.40855,0.0012,0.00135
04.11.2025 15:07:15.264 UTC,1.40865,1.40854,0.0012,0.00135
04.11.2025 15:07:16.676 UTC,1.40865,1.40853,0.0012,0.0018
04.11.2025 15:07:16.779 UTC,1.40865,1.40854,0.0012,0.0012
04.11.2025 15:07:16.981 UTC,1.40865,1.40853,0.0012,0.0018
04.11.2025 15:07:17.083 UTC,1.40863,1.40853,0.0012,0.00195
04.11.2025 15:07:17.135 UTC,1.40864,1.40856,0.0012,0.00189
04.11.2025 15:07:22.170 UTC,1.40864,1.40857,0.0012,0.00189
04.11.2025 15:07:22.222 UTC,1.40866,1.40854,0.00132,0.00135
04.11.2025 15:07:22.577 UTC,1.40866,1.40853,0.00132,0.0036
04.11.2025 15:07:22.678 UTC,1.40866,1.40854,0.00132,0.0012
04.11.2025 15:07:22.831 UTC,1.40866,1.40853,0.00132,0.0036
04.11.2025 15:07:22.983 UTC,1.40866,1.40854,0.00132,0.0012
04.11.2025 15:07:23.589 UTC,1.40866,1.40854,0.00132,0.0018
04.11.2025 15:07:23.691 UTC,1.40866,1.40854,0.00132,0.00135
04.11.2025 15:07:24.326 UTC,1.40866,1.40854,0.00132,0.0018
04.11.2025 15:07:24.428 UTC,1.40866,1.40854,0.00132,0.00135
04.11.2025 15:07:24.834 UTC,1.40866,1.40856,0.0012,0.00189
04.11.2025 15:07:24.936 UTC,1.40863,1.40857,0.0012,0.00189
04.11.2025 15:07:25.441 UTC,1.40865,1.40856,0.0012,0.00189
04.11.2025 15:07:26.098 UTC,1.40864,1.40854,0.0012,0.00189
04.11.2025 15:07:29.276 UTC,1.40864,1.40855,0.0012,0.00189
04.11.2025 15:07:29.530 UTC,1.40863,1.40855,0.0012,0.00189
04.11.2025 15:07:30.032 UTC,1.40863,1.40856,0.0012,0.00189
04.11.2025 15:07:31.945 UTC,1.40864,1.40856,0.0012,0.00189
04.11.2025 15:07:32.737 UTC,1.40864,1.40858,0.0012,0.00189
04.11.2025 15:07:32.794 UTC,1.40865,1.40855,0.0012,0.00135
04.11.2025 15:07:32.947 UTC,1.40865,1.40854,0.0012,0.0012
04.11.2025 15:07:33.049 UTC,1.40864,1.40854,0.00132,0.0027
04.11.2025 15:07:34.008 UTC,1.40865,1.40853,0.00132,0.00195
04.11.2025 15:07:38.084 UTC,1.40865,1.40853,0.00132,0.0024
04.11.2025 15:07:38.335 UTC,1.40864,1.40854,0.00132,0.00285
04.11.2025 15:07:38.488 UTC,1.40864,1.40858,0.0012,0.00189
04.11.2025 15:07:41.149 UTC,1.40865,1.40858,0.0012,0.00189
04.11.2025 15:07:41.200 UTC,1.40865,1.40855,0.0012,0.00135
04.11.2025 15:07:41.554 UTC,1.40866,1.40854,0.0012,0.00135
04.11.2025 15:07:45.773 UTC,1.40866,1.40854,0.00132,0.0018
04.11.2025 15:07:46.024 UTC,1.40866,1.40854,0.00132,0.00135
04.11.2025 15:07:46.328 UTC,1.40866,1.40854,0.00132,0.0018
04.11.2025 15:07:47.733 UTC,1.40865,1.40855,0.00132,0.0018
04.11.2025 15:07:47.836 UTC,1.40865,1.40857,0.0012,0.00189
04.11.2025 15:07:49.049 UTC,1.40865,1.40855,0.0012,0.00189
04.11.2025 15:07:49.654 UTC,1.40864,1.40857,0.0012,0.00189
04.11.2025 15:07:50.360 UTC,1.40864,1.40856,0.0012,0.00189
04.11.2025 15:07:50.462 UTC,1.40865,1.40854,0.0012,0.00189
04.11.2025 15:07:51.122 UTC,1.40864,1.40856,0.00135,0.00189
04.11.2025 15:07:54.334 UTC,1.40865,1.40854,0.0012,0.00189
04.11.2025 15:07:54.787 UTC,1.40865,1.40855,0.0012,0.00189
04.11.2025 15:07:55.141 UTC,1.40864,1.40855,0.00135,0.00189
04.11.2025 15:07:56.250 UTC,1.40865,1.40854,0.0018,0.00189
04.11.2025 15:07:58.427 UTC,1.40864,1.40855,0.0012,0.00189
04.11.2025 15:07:58.580 UTC,1.40864,1.40856,0.0012,0.00189
04.11.2025 15:07:58.683 UTC,1.40865,1.40856,0.0012,0.00189
04.11.2025 15:07:58.785 UTC,1.40864,1.40856,0.0012,0.00189
04.11.2025 15:07:58.886 UTC,1.40865,1.40856,0.0012,0.00189
04.11.2025 15:07:59.041 UTC,1.40866,1.40858,0.0012,0.00189
04.11.2025 15:07:59.092 UTC,1.40866,1.40855,0.0012,0.00234
04.11.2025 15:07:59.296 UTC,1.40867,1.40854,0.0012,0.00339
04.11.2025 15:08:00.357 UTC,1.40867,1.40854,0.0012,0.00234
04.11.2025 15:08:00.662 UTC,1.40867,1.40854,0.0012,0.00249
04.11.2025 15:08:01.220 UTC,1.40868,1.40855,0.0018,0.00225
04.11.2025 15:08:02.730 UTC,1.40868,1.40856,0.0018,0.0012
04.11.2025 15:08:03.032 UTC,1.40867,1.40856,0.0018,0.00225
04.11.2025 15:08:04.236 UTC,1.40872,1.4086,0.0033,0.00132
04.11.2025 15:08:04.288 UTC,1.40869,1.40858,0.0012,0.0018
04.11.2025 15:08:04.339 UTC,1.40869,1.40856,0.0012,0.00414
04.11.2025 15:08:04.544 UTC,1.40869,1.40857,0.0012,0.00132
04.11.2025 15:08:04.747 UTC,1.40869,1.40856,0.0012,0.00279
04.11.2025 15:08:05.001 UTC,1.40869,1.40856,0.0012,0.00294
04.11.2025 15:08:05.707 UTC,1.40869,1.40856,0.00225,0.00279
04.11.2025 15:08:05.809 UTC,1.40868,1.40856,0.00135,0.0012
04.11.2025 15:08:06.622 UTC,1.40868,1.40855,0.00225,0.0012
04.11.2025 15:08:06.724 UTC,1.40867,1.40854,0.0018,0.00135
04.11.2025 15:08:06.776 UTC,1.40867,1.40857,0.0012,0.00189
04.11.2025 15:08:10.565 UTC,1.40867,1.40855,0.0018,0.0012
04.11.2025 15:08:11.427 UTC,1.40867,1.40855,0.0012,0.0024
04.11.2025 15:08:11.529 UTC,1.40866,1.40856,0.0012,0.00225
04.11.2025 15:08:11.836 UTC,1.40868,1.40855,0.00135,0.00225
04.11.2025 15:08:12.191 UTC,1.40868,1.40855,0.0024,0.0012
04.11.2025 15:08:12.294 UTC,1.40868,1.40855,0.00225,0.00135
04.11.2025 15:08:16.071 UTC,1.40868,1.40855,0.0024,0.00132
04.11.2025 15:08:16.176 UTC,1.40869,1.40858,0.00225,0.00324
04.11.2025 15:08:16.228 UTC,1.40872,1.40861,0.0012,0.0027
04.11.2025 15:08:16.366 UTC,1.40875,1.40862,0.0018,0.0018
04.11.2025 15:08:16.673 UTC,1.40874,1.40864,0.0012,0.0012
04.11.2025 15:08:18.589 UTC,1.40875,1.40862,0.0012,0.0027
04.11.2025 15:08:20.559 UTC,1.40875,1.40862,0.0012,0.0033
04.11.2025 15:08:20.662 UTC,1.40875,1.40862,0.00135,0.00315
04.11.2025 15:08:21.470 UTC,1.40875,1.40862,0.0018,0.0018
04.11.2025 15:08:21.622 UTC,1.40875,1.40862,0.0012,0.0018
04.11.2025 15:08:22.732 UTC,1.40874,1.40863,0.0012,0.0033
04.11.2025 15:08:22.834 UTC,1.40875,1.40862,0.00135,0.00324
04.11.2025 15:08:22.936 UTC,1.40875,1.40863,0.00135,0.0012
04.11.2025 15:08:23.342 UTC,1.40877,1.40864,0.00195,0.0018
04.11.2025 15:08:23.444 UTC,1.40876,1.40867,0.00195,0.0012
04.11.2025 15:08:23.951 UTC,1.40877,1.40866,0.00135,0.0012
04.11.2025 15:08:24.053 UTC,1.40877,1.40866,0.0018,0.0012
04.11.2025 15:08:24.407 UTC,1.40877,1.40866,0.00135,0.0012
04.11.2025 15:08:25.897 UTC,1.40875,1.40865,0.0018,0.0012
04.11.2025 15:08:26.003 UTC,1.40874,1.40863,0.0012,0.0012
04.11.2025 15:08:26.665 UTC,1.40876,1.40863,0.00384,0.0012
04.11.2025 15:08:26.767 UTC,1.40876,1.40863,0.00369,0.0012
04.11.2025 15:08:27.020 UTC,1.40876,1.40863,0.00339,0.0012
04.11.2025 15:08:27.274 UTC,1.40876,1.40863,0.00369,0.0012
04.11.2025 15:08:28.285 UTC,1.40876,1.40863,0.00249,0.0012
04.11.2025 15:08:28.440 UTC,1.40876,1.40863,0.0027,0.00225
04.11.2025 15:08:31.348 UTC,1.40876,1.40864,0.00375,0.0012
04.11.2025 15:08:31.850 UTC,1.40877,1.40863,0.00195,0.00135
04.11.2025 15:08:32.053 UTC,1.40876,1.40864,0.00375,0.0012
04.11.2025 15:08:32.157 UTC,1.40877,1.40863,0.0042,0.0012
04.11.2025 15:08:33.124 UTC,1.40875,1.40864,0.00195,0.0012
04.11.2025 15:08:33.226 UTC,1.40875,1.40863,0.00465,0.0012
04.11.2025 15:08:35.292 UTC,1.40876,1.40862,0.0033,0.0012
04.11.2025 15:08:36.699 UTC,1.40875,1.40863,0.00465,0.00135
04.11.2025 15:08:37.002 UTC,1.40876,1.40862,0.0042,0.0012
04.11.2025 15:08:37.509 UTC,1.40876,1.40862,0.00375,0.0012
04.11.2025 15:08:37.661 UTC,1.40875,1.40863,0.0042,0.0012
04.11.2025 15:08:38.214 UTC,1.40876,1.40862,0.00465,0.0012
04.11.2025 15:08:38.868 UTC,1.40875,1.40863,0.0042,0.0012
04.11.2025 15:08:39.422 UTC,1.40876,1.40862,0.00465,0.0012
04.11.2025 15:08:39.524 UTC,1.40876,1.40862,0.0042,0.0012
04.11.2025 15:08:39.776 UTC,1.40875,1.40863,0.00465,0.00135
04.11.2025 15:08:40.279 UTC,1.40875,1.40863,0.0033,0.0012
04.11.2025 15:08:40.529 UTC,1.40876,1.40862,0.00375,0.0012
04.11.2025 15:08:40.734 UTC,1.40876,1.40862,0.0027,0.00249
04.11.2025 15:08:40.988 UTC,1.40876,1.40866,0.0024,0.00132
04.11.2025 15:08:41.091 UTC,1.40877,1.40867,0.0012,0.00132
04.11.2025 15:08:42.007 UTC,1.40878,1.40865,0.0012,0.00279
04.11.2025 15:08:42.159 UTC,1.40877,1.40867,0.0012,0.0012
04.11.2025 15:08:43.069 UTC,1.40878,1.40865,0.0012,0.00324
04.11.2025 15:08:44.226 UTC,1.40877,1.40865,0.0012,0.00225
04.11.2025 15:08:44.782 UTC,1.40877,1.40864,0.0012,0.00279
04.11.2025 15:08:45.286 UTC,1.40877,1.40864,0.0012,0.0024
04.11.2025 15:08:46.015 UTC,1.40877,1.40864,0.0012,0.00225
04.11.2025 15:08:46.426 UTC,1.40877,1.40864,0.0018,0.0018
04.11.2025 15:08:46.529 UTC,1.40877,1.40864,0.00225,0.0012
04.11.2025 15:08:47.846 UTC,1.40877,1.40864,0.0018,0.0018
04.11.2025 15:08:47.998 UTC,1.40877,1.40864,0.00225,0.0012
04.11.2025 15:08:48.101 UTC,1.40876,1.40863,0.00144,0.0018
04.11.2025 15:08:48.203 UTC,1.40875,1.40862,0.0012,0.0012
04.11.2025 15:08:48.761 UTC,1.4087,1.40858,0.0012,0.0033
04.11.2025 15:08:48.865 UTC,1.40867,1.40859,0.00135,0.0012
04.11.2025 15:08:48.970 UTC,1.40865,1.40858,0.0012,0.0012
04.11.2025 15:08:49.123 UTC,1.40865,1.40854,0.0012,0.00279
04.11.2025 15:08:49.478 UTC,1.40865,1.40855,0.0012,0.00189
04.11.2025 15:08:55.078 UTC,1.40864,1.40855,0.0012,0.00189
04.11.2025 15:08:55.180 UTC,1.40863,1.40854,0.0012,0.00189
04.11.2025 15:08:55.434 UTC,1.40864,1.40854,0.0012,0.00189
04.11.2025 15:08:56.444 UTC,1.40864,1.40855,0.0012,0.00189
04.11.2025 15:08:58.210 UTC,1.40865,1.40857,0.0018,0.00189
04.11.2025 15:09:00.123 UTC,1.40866,1.40857,0.00405,0.00189
04.11.2025 15:09:00.479 UTC,1.40866,1.40854,0.00135,0.0012
04.11.2025 15:09:00.632 UTC,1.40864,1.40857,0.0012,0.00189
04.11.2025 15:09:04.804 UTC,1.40865,1.40855,0.00135,0.00189
04.11.2025 15:09:05.663 UTC,1.40863,1.40855,0.0012,0.00189
04.11.2025 15:09:06.871 UTC,1.40863,1.40854,0.0012,0.00189
04.11.2025 15:09:08.588 UTC,1.40863,1.40855,0.0012,0.00189
04.11.2025 15:09:10.998 UTC,1.40865,1.40856,0.00135,0.00189
04.11.2025 15:09:11.100 UTC,1.40866,1.40856,0.0018,0.00189
04.11.2025 15:09:11.203 UTC,1.40867,1.40857,0.0027,0.00189
04.11.2025 15:09:13.070 UTC,1.40867,1.40856,0.00225,0.00189
04.11.2025 15:09:17.947 UTC,1.40867,1.40857,0.00315,0.00189
04.11.2025 15:09:17.999 UTC,1.40867,1.40854,0.00279,0.00225
04.11.2025 15:09:18.505 UTC,1.40867,1.40854,0.00327,0.00135
04.11.2025 15:09:18.557 UTC,1.40867,1.40856,0.00315,0.00189
04.11.2025 15:09:22.079 UTC,1.40866,1.40859,0.0012,0.00189
04.11.2025 15:09:22.131 UTC,1.40868,1.40856,0.00135,0.0012
04.11.2025 15:09:22.233 UTC,1.40867,1.40856,0.00135,0.00225
04.11.2025 15:09:22.588 UTC,1.40868,1.40856,0.00135,0.0012
04.11.2025 15:09:22.740 UTC,1.40868,1.40855,0.0012,0.0018
04.11.2025 15:09:22.842 UTC,1.40868,1.40855,0.00192,0.0018
04.11.2025 15:09:22.945 UTC,1.4087,1.40861,0.0012,0.0012
04.11.2025 15:09:23.048 UTC,1.40874,1.40862,0.0012,0.0027
04.11.2025 15:09:23.150 UTC,1.40873,1.40864,0.0012,0.0012
04.11.2025 15:09:23.252 UTC,1.40876,1.40863,0.00189,0.0012
04.11.2025 15:09:23.404 UTC,1.40875,1.40863,0.00189,0.0027
04.11.2025 15:09:23.506 UTC,1.40876,1.40863,0.00189,0.0012
04.11.2025 15:09:23.608 UTC,1.40876,1.40865,0.0012,0.0027
04.11.2025 15:09:23.711 UTC,1.40877,1.40865,0.0012,0.0012
04.11.2025 15:09:23.813 UTC,1.40877,1.40866,0.0012,0.0018
04.11.2025 15:09:24.048 UTC,1.40878,1.40866,0.0012,0.0012
04.11.2025 15:09:24.152 UTC,1.40877,1.40866,0.0012,0.0018
04.11.2025 15:09:24.254 UTC,1.40877,1.40867,0.0012,0.0012
04.11.2025 15:09:24.356 UTC,1.40878,1.40865,0.0012,0.0012
04.11.2025 15:09:24.610 UTC,1.40877,1.40867,0.0012,0.0012
04.11.2025 15:09:24.762 UTC,1.40877,1.40866,0.0012,0.0018
04.11.2025 15:09:24.914 UTC,1.40878,1.40866,0.0012,0.0012
04.11.2025 15:09:25.418 UTC,1.40878,1.40865,0.0012,0.0018
04.11.2025 15:09:25.924 UTC,1.40878,1.40866,0.0012,0.0012
04.11.2025 15:09:27.087 UTC,1.40877,1.40866,0.0012,0.00225
04.11.2025 15:09:28.654 UTC,1.40878,1.40865,0.00132,0.0024
04.11.2025 15:09:28.756 UTC,1.40878,1.40865,0.00132,0.00225
04.11.2025 15:09:29.668 UTC,1.40877,1.40864,0.00132,0.00135
04.11.2025 15:09:29.771 UTC,1.40876,1.40863,0.00132,0.00135
04.11.2025 15:09:30.555 UTC,1.40875,1.40864,0.00282,0.0012
04.11.2025 15:09:30.760 UTC,1.40874,1.40864,0.00147,0.0012
04.11.2025 15:09:32.876 UTC,1.40875,1.40863,0.00147,0.0012
04.11.2025 15:09:36.807 UTC,1.40876,1.40863,0.00327,0.00135
04.11.2025 15:09:37.561 UTC,1.40874,1.40863,0.0012,0.00135
04.11.2025 15:09:38.213 UTC,1.40875,1.40864,0.00327,0.00135
04.11.2025 15:09:39.498 UTC,1.40876,1.40866,0.00234,0.0012
04.11.2025 15:09:40.868 UTC,1.40877,1.40866,0.00144,0.0012
04.11.2025 15:09:40.970 UTC,1.40876,1.40866,0.00144,0.0012
04.11.2025 15:09:41.072 UTC,1.40877,1.40865,0.00147,0.0012
04.11.2025 15:09:42.436 UTC,1.40876,1.40864,0.00147,0.0012
04.11.2025 15:09:42.894 UTC,1.40874,1.40864,0.00147,0.0012
04.11.2025 15:09:42.996 UTC,1.40875,1.40864,0.00432,0.0012
04.11.2025 15:09:44.108 UTC,1.40877,1.40864,0.00387,0.0012
04.11.2025 15:09:47.856 UTC,1.40877,1.40864,0.00237,0.00135
04.11.2025 15:09:48.865 UTC,1.40875,1.40865,0.00192,0.0012
04.11.2025 15:09:49.324 UTC,1.40875,1.40863,0.00192,0.0012
04.11.2025 15:09:49.831 UTC,1.40874,1.40864,0.00147,0.0012
04.11.2025 15:09:50.134 UTC,1.40875,1.40863,0.00147,0.0012
04.11.2025 15:09:54.114 UTC,1.40875,1.40864,0.00252,0.0012
04.11.2025 15:09:55.125 UTC,1.40876,1.40863,0.00342,0.0012
04.11.2025 15:09:56.270 UTC,1.40875,1.40862,0.00432,0.0012
04.11.2025 15:09:56.382 UTC,1.40874,1.40861,0.00342,0.00135
04.11.2025 15:09:56.485 UTC,1.40869,1.40859,0.00132,0.00135
04.11.2025 15:09:56.741 UTC,1.4087,1.40857,0.00147,0.0012
04.11.2025 15:09:56.843 UTC,1.4087,1.40857,0.00282,0.0012
04.11.2025 15:09:59.519 UTC,1.40867,1.40857,0.00132,0.0012
04.11.2025 15:10:03.098 UTC,1.40868,1.40856,0.00144,0.0012
04.11.2025 15:10:03.201 UTC,1.4087,1.40857,0.00324,0.0012
04.11.2025 15:10:03.305 UTC,1.40869,1.40858,0.00192,0.00135
04.11.2025 15:10:05.508 UTC,1.40872,1.40862,0.00135,0.0012
04.11.2025 15:10:05.713 UTC,1.40874,1.40862,0.00144,0.0012
04.11.2025 15:10:09.190 UTC,1.40874,1.40863,0.00144,0.0012
04.11.2025 15:10:11.056 UTC,1.40874,1.40864,0.00144,0.0012
04.11.2025 15:10:20.346 UTC,1.40877,1.40865,0.00387,0.0012
04.11.2025 15:10:20.398 UTC,1.40877,1.40866,0.00279,0.0012
04.11.2025 15:10:20.500 UTC,1.40877,1.40867,0.00132,0.0012
04.11.2025 15:10:21.343 UTC,1.40877,1.40868,0.00252,0.0012
04.11.2025 15:10:21.445 UTC,1.40878,1.40866,0.00297,0.0012
04.11.2025 15:10:21.751 UTC,1.40877,1.40865,0.00207,0.0012
04.11.2025 15:10:24.525 UTC,1.40874,1.40864,0.00147,0.0012
04.11.2025 15:10:25.331 UTC,1.40875,1.40864,0.00147,0.0012
04.11.2025 15:10:27.100 UTC,1.40875,1.40865,0.00297,0.0012
04.11.2025 15:10:27.152 UTC,1.40873,1.40862,0.00252,0.0012
04.11.2025 15:10:27.203 UTC,1.40871,1.40859,0.00132,0.00315
04.11.2025 15:10:27.255 UTC,1.40867,1.4086,0.00132,0.0012
04.11.2025 15:10:27.307 UTC,1.40867,1.40858,0.00132,0.00112
04.11.2025 15:10:27.409 UTC,1.40868,1.40857,0.00132,0.0012
04.11.2025 15:10:28.569 UTC,1.40868,1.40858,0.00192,0.0012
04.11.2025 15:10:29.481 UTC,1.4087,1.40857,0.00192,0.0012
04.11.2025 15:10:29.938 UTC,1.40868,1.40858,0.00189,0.0012
04.11.2025 15:10:30.292 UTC,1.40869,1.40857,0.00192,0.0012
04.11.2025 15:10:30.997 UTC,1.40869,1.40857,0.00144,0.0012
04.11.2025 15:10:31.401 UTC,1.40869,1.40859,0.00132,0.0012
04.11.2025 15:10:31.506 UTC,1.40871,1.40862,0.00207,0.0012
04.11.2025 15:10:31.558 UTC,1.40868,1.40859,0.00132,0.0012
04.11.2025 15:10:31.610 UTC,1.40867,1.40857,0.00132,0.0012
04.11.2025 15:10:34.385 UTC,1.40868,1.40857,0.00132,0.0012
04.11.2025 15:10:35.295 UTC,1.40867,1.40858,0.00192,0.0012
04.11.2025 15:10:36.602 UTC,1.40867,1.40856,0.00147,0.0012
04.11.2025 15:10:36.704 UTC,1.40866,1.40857,0.00135,0.00279
04.11.2025 15:10:36.857 UTC,1.40866,1.40855,0.00135,0.0012
04.11.2025 15:10:37.407 UTC,1.40866,1.40855,0.0033,0.0012
04.11.2025 15:10:38.668 UTC,1.40865,1.40856,0.00225,0.00279
04.11.2025 15:10:38.775 UTC,1.40867,1.40856,0.00225,0.00279
04.11.2025 15:10:38.877 UTC,1.40867,1.40857,0.0012,0.0012
04.11.2025 15:10:42.305 UTC,1.40868,1.40857,0.0012,0.0012
04.11.2025 15:10:42.661 UTC,1.40869,1.40857,0.00135,0.0012
04.11.2025 15:10:42.763 UTC,1.4087,1.40858,0.00135,0.0012
04.11.2025 15:10:42.815 UTC,1.4087,1.40861,0.0018,0.0012
04.11.2025 15:10:42.918 UTC,1.40874,1.40864,0.0012,0.0012
04.11.2025 15:10:43.022 UTC,1.40875,1.40866,0.0018,0.0012
04.11.2025 15:10:43.175 UTC,1.40877,1.40865,0.00324,0.0012
04.11.2025 15:10:44.111 UTC,1.40875,1.40866,0.0012,0.0012
04.11.2025 15:10:44.969 UTC,1.40875,1.40865,0.00132,0.0012
04.11.2025 15:10:46.333 UTC,1.40875,1.40864,0.00132,0.0012
04.11.2025 15:10:47.093 UTC,1.40874,1.40865,0.00132,0.0012
04.11.2025 15:10:47.449 UTC,1.40874,1.40864,0.00132,0.0012
04.11.2025 15:10:48.209 UTC,1.40874,1.40865,0.00132,0.0012
04.11.2025 15:10:50.330 UTC,1.40875,1.40864,0.00132,0.0012
04.11.2025 15:10:57.744 UTC,1.40873,1.40863,0.00144,0.0012
04.11.2025 15:10:57.847 UTC,1.4087,1.40859,0.00132,0.0012
04.11.2025 15:10:57.949 UTC,1.40867,1.40858,0.00132,0.0012
04.11.2025 15:10:58.052 UTC,1.40867,1.40857,0.00132,0.0012
04.11.2025 15:10:58.154 UTC,1.40867,1.40857,0.00135,0.0012
04.11.2025 15:11:00.226 UTC,1.40869,1.40861,0.00135,0.0012
04.11.2025 15:11:00.329 UTC,1.40872,1.40864,0.0012,0.0012
04.11.2025 15:11:00.431 UTC,1.40875,1.40864,0.00135,0.0012
04.11.2025 15:11:00.533 UTC,1.40875,1.40864,0.00147,0.0012
04.11.2025 15:11:01.295 UTC,1.40876,1.40865,0.00237,0.0012
04.11.2025 15:11:01.397 UTC,1.40876,1.40866,0.00192,0.0012
04.11.2025 15:11:01.499 UTC,1.40877,1.40867,0.0012,0.0012
04.11.2025 15:11:01.804 UTC,1.40878,1.40867,0.00132,0.0012
04.11.2025 15:11:02.462 UTC,1.40877,1.40869,0.0012,0.0012
04.11.2025 15:11:02.666 UTC,1.40878,1.40868,0.00132,0.0012
04.11.2025 15:11:04.034 UTC,1.40877,1.40867,0.00147,0.0012
04.11.2025 15:11:04.340 UTC,1.40877,1.40867,0.00144,0.0012
04.11.2025 15:11:07.896 UTC,1.40877,1.40868,0.0012,0.0012
04.11.2025 15:11:07.999 UTC,1.40877,1.40869,0.00135,0.0012
04.11.2025 15:11:10.264 UTC,1.40879,1.40868,0.00144,0.0012
04.11.2025 15:11:10.367 UTC,1.40878,1.40869,0.00147,0.0012
04.11.2025 15:11:12.184 UTC,1.4088,1.40868,0.00297,0.0012
04.11.2025 15:11:12.287 UTC,1.40878,1.40869,0.00132,0.0012
04.11.2025 15:11:15.203 UTC,1.40876,1.40869,0.00132,0.0012
04.11.2025 15:11:18.685 UTC,1.40878,1.40868,0.0012,0.0012
04.11.2025 15:11:18.787 UTC,1.40878,1.40869,0.0018,0.0012
04.11.2025 15:11:19.394 UTC,1.40879,1.40869,0.0012,0.0012
04.11.2025 15:11:20.158 UTC,1.40878,1.40869,0.00249,0.0012
04.11.2025 15:11:20.261 UTC,1.40877,1.40867,0.0012,0.0012
04.11.2025 15:11:20.418 UTC,1.40878,1.40868,0.0018,0.0012
04.11.2025 15:11:28.854 UTC,1.40878,1.40868,0.00135,0.0012
04.11.2025 15:11:30.070 UTC,1.40878,1.40867,0.00135,0.0012
04.11.2025 15:11:30.173 UTC,1.40878,1.40867,0.00195,0.0012
04.11.2025 15:11:30.780 UTC,1.40878,1.40868,0.0012,0.0012
04.11.2025 15:11:30.882 UTC,1.40879,1.40868,0.00135,0.0012
04.11.2025 15:11:31.149 UTC,1.40879,1.40868,0.0018,0.0012
04.11.2025 15:11:32.106 UTC,1.40879,1.40868,0.00135,0.0012
04.11.2025 15:11:32.209 UTC,1.40878,1.40868,0.00135,0.0012
04.11.2025 15:11:37.394 UTC,1.40877,1.40869,0.0018,0.0012
04.11.2025 15:11:37.850 UTC,1.40877,1.40869,0.0012,0.0012
04.11.2025 15:11:40.994 UTC,1.40879,1.40868,0.00135,0.0012
04.11.2025 15:11:41.146 UTC,1.40879,1.40868,0.0018,0.0012
04.11.2025 15:11:41.349 UTC,1.40878,1.40869,0.00135,0.0012
04.11.2025 15:11:42.007 UTC,1.4088,1.40868,0.0018,0.0012
04.11.2025 15:11:42.109 UTC,1.40885,1.40873,0.00279,0.0012
04.11.2025 15:11:42.212 UTC,1.40885,1.40874,0.00144,0.0012
04.11.2025 15:11:42.314 UTC,1.40887,1.40874,0.00297,0.0012
04.11.2025 15:11:42.417 UTC,1.40887,1.40874,0.00432,0.0012
04.11.2025 15:11:43.128 UTC,1.40885,1.40874,0.00384,0.0012
04.11.2025 15:11:43.433 UTC,1.40885,1.40874,0.00324,0.0012
04.11.2025 15:11:43.535 UTC,1.40884,1.40874,0.00132,0.0012
04.11.2025 15:11:44.497 UTC,1.40882,1.40873,0.00207,0.0012
04.11.2025 15:11:44.550 UTC,1.40879,1.40869,0.0012,0.00135
04.11.2025 15:11:44.653 UTC,1.40877,1.40868,0.0012,0.0012
04.11.2025 15:11:47.030 UTC,1.40878,1.40866,0.00315,0.0012
04.11.2025 15:11:47.081 UTC,1.40878,1.40866,0.00285,0.0012
04.11.2025 15:11:48.193 UTC,1.40877,1.40866,0.00144,0.0012
04.11.2025 15:11:48.596 UTC,1.40877,1.40866,0.00192,0.0012
04.11.2025 15:11:50.939 UTC,1.40878,1.40866,0.00429,0.0012
04.11.2025 15:11:51.495 UTC,1.40877,1.40864,0.00429,0.00225
04.11.2025 15:11:52.356 UTC,1.40878,1.40863,0.00285,0.00237
04.11.2025 15:11:52.409 UTC,1.40879,1.40869,0.0012,0.0012
04.11.2025 15:11:52.512 UTC,1.40884,1.4087,0.0012,0.00132
04.11.2025 15:11:52.616 UTC,1.40885,1.40869,0.00135,0.00237
04.11.2025 15:11:52.718 UTC,1.40885,1.40869,0.0024,0.00192
04.11.2025 15:11:52.820 UTC,1.40884,1.40869,0.0012,0.00252
04.11.2025 15:11:52.922 UTC,1.40884,1.4087,0.0012,0.00252
04.11.2025 15:11:53.429 UTC,1.40884,1.40872,0.00225,0.00132
04.11.2025 15:11:53.734 UTC,1.40886,1.40871,0.0027,0.00234
04.11.2025 15:11:53.886 UTC,1.40885,1.40873,0.0018,0.0012
04.11.2025 15:11:54.088 UTC,1.40886,1.40872,0.0012,0.0012
04.11.2025 15:11:54.948 UTC,1.40886,1.40873,0.00195,0.0012
04.11.2025 15:11:55.050 UTC,1.40885,1.40874,0.00135,0.00132
04.11.2025 15:11:55.152 UTC,1.40888,1.40873,0.00405,0.00132
04.11.2025 15:11:55.204 UTC,1.40887,1.40873,0.00315,0.00282
04.11.2025 15:11:55.306 UTC,1.40887,1.40875,0.0024,0.00192
04.11.2025 15:11:55.560 UTC,1.40888,1.40874,0.00135,0.00192
04.11.2025 15:11:56.399 UTC,1.40889,1.40874,0.00339,0.0018
04.11.2025 15:11:56.501 UTC,1.40889,1.40874,0.0033,0.00192
04.11.2025 15:11:57.719 UTC,1.40889,1.40874,0.00375,0.00147
04.11.2025 15:12:00.394 UTC,1.40887,1.40875,0.00135,0.00252
04.11.2025 15:12:01.149 UTC,1.40889,1.40874,0.00375,0.00192
04.11.2025 15:12:01.853 UTC,1.40888,1.40875,0.0033,0.00147
04.11.2025 15:12:01.954 UTC,1.40889,1.40874,0.00375,0.00192
04.11.2025 15:12:02.959 UTC,1.40889,1.40874,0.0033,0.00147
04.11.2025 15:12:03.972 UTC,1.40888,1.40874,0.0018,0.00144
04.11.2025 15:12:04.076 UTC,1.40885,1.40873,0.0027,0.00189
04.11.2025 15:12:04.127 UTC,1.40885,1.40872,0.0012,0.00132
04.11.2025 15:12:05.985 UTC,1.40886,1.40872,0.00195,0.00192
04.11.2025 15:12:06.139 UTC,1.40885,1.40873,0.0018,0.00132
04.11.2025 15:12:06.392 UTC,1.40886,1.40872,0.00195,0.00192
04.11.2025 15:12:07.701 UTC,1.40885,1.40873,0.00195,0.00144
04.11.2025 15:12:07.954 UTC,1.40886,1.40872,0.00195,0.00192
04.11.2025 15:12:09.112 UTC,1.40886,1.40872,0.0018,0.00144
04.11.2025 15:12:10.072 UTC,1.40886,1.40872,0.0018,0.00192
04.11.2025 15:12:10.225 UTC,1.40886,1.40874,0.0024,0.00144
04.11.2025 15:12:10.479 UTC,1.40888,1.40874,0.00285,0.00144
04.11.2025 15:12:10.582 UTC,1.40888,1.40874,0.0012,0.00147
04.11.2025 15:12:11.596 UTC,1.40889,1.40877,0.0012,0.00192
04.11.2025 15:12:12.304 UTC,1.40888,1.40877,0.0012,0.00147
04.11.2025 15:12:14.344 UTC,1.40889,1.40875,0.0012,0.00147
04.11.2025 15:12:16.669 UTC,1.40889,1.40875,0.0012,0.00192
04.11.2025 15:12:17.072 UTC,1.40889,1.40875,0.0012,0.00147
04.11.2025 15:12:18.179 UTC,1.40889,1.40875,0.0012,0.00192
04.11.2025 15:12:18.634 UTC,1.40889,1.40875,0.00195,0.00147
04.11.2025 15:12:18.735 UTC,1.40889,1.40875,0.0018,0.00192
04.11.2025 15:12:22.304 UTC,1.40895,1.4088,0.00138,0.00147
04.11.2025 15:12:22.358 UTC,1.40897,1.40883,0.0018,0.00132
04.11.2025 15:12:22.465 UTC,1.40898,1.40884,0.0024,0.00132
04.11.2025 15:12:22.567 UTC,1.40897,1.40885,0.00135,0.00132
04.11.2025 15:12:22.720 UTC,1.40898,1.40885,0.00195,0.00132
04.11.2025 15:12:23.985 UTC,1.40899,1.40885,0.00195,0.00132
04.11.2025 15:12:24.339 UTC,1.409,1.40887,0.0018,0.0012
04.11.2025 15:12:24.441 UTC,1.409,1.40888,0.00195,0.0012
04.11.2025 15:12:25.654 UTC,1.40898,1.40888,0.0012,0.0012
04.11.2025 15:12:25.908 UTC,1.409,1.40888,0.0012,0.0012
04.11.2025 15:12:28.024 UTC,1.40899,1.40888,0.0012,0.0012
04.11.2025 15:12:28.782 UTC,1.40898,1.40889,0.0012,0.0012
04.11.2025 15:12:30.196 UTC,1.409,1.40889,0.0024,0.00132
04.11.2025 15:12:30.249 UTC,1.40904,1.40892,0.0018,0.0012
04.11.2025 15:12:30.352 UTC,1.40904,1.40891,0.00375,0.0012
04.11.2025 15:12:30.404 UTC,1.40901,1.4089,0.00135,0.0012
04.11.2025 15:12:30.535 UTC,1.40901,1.40891,0.00285,0.0012
04.11.2025 15:12:30.637 UTC,1.40901,1.40891,0.00195,0.0012
04.11.2025 15:12:30.841 UTC,1.40902,1.4089,0.0012,0.00132
04.11.2025 15:12:31.451 UTC,1.409,1.40891,0.0012,0.0012
04.11.2025 15:12:31.604 UTC,1.40901,1.40889,0.0012,0.00132
04.11.2025 15:12:32.615 UTC,1.409,1.40889,0.0012,0.0012
04.11.2025 15:12:33.222 UTC,1.40901,1.40889,0.0012,0.00132
04.11.2025 15:12:33.376 UTC,1.40902,1.4089,0.0018,0.00132
04.11.2025 15:12:33.578 UTC,1.40902,1.40892,0.00285,0.0012
04.11.2025 15:12:33.680 UTC,1.40903,1.40891,0.00135,0.0012
04.11.2025 15:12:33.783 UTC,1.40903,1.40891,0.0018,0.0012
04.11.2025 15:12:33.885 UTC,1.40904,1.40891,0.0024,0.00132
04.11.2025 15:12:33.987 UTC,1.40904,1.40892,0.00285,0.0012
04.11.2025 15:12:34.744 UTC,1.40904,1.40892,0.0018,0.0012
04.11.2025 15:12:35.251 UTC,1.40903,1.40891,0.00195,0.00132
04.11.2025 15:12:37.164 UTC,1.40905,1.40891,0.0024,0.00237
04.11.2025 15:12:37.266 UTC,1.40905,1.40894,0.0018,0.0012
04.11.2025 15:12:37.369 UTC,1.40907,1.40894,0.0033,0.00132
04.11.2025 15:12:37.623 UTC,1.40905,1.40893,0.00195,0.0012
04.11.2025 15:12:37.725 UTC,1.40903,1.40894,0.0012,0.0012
04.11.2025 15:12:37.828 UTC,1.40905,1.40893,0.00195,0.0012
04.11.2025 15:12:38.233 UTC,1.40905,1.40895,0.00285,0.0012
04.11.2025 15:12:38.386 UTC,1.40905,1.40896,0.0012,0.0012
04.11.2025 15:12:38.593 UTC,1.40907,1.40896,0.00135,0.0012
04.11.2025 15:12:38.747 UTC,1.40907,1.40897,0.0027,0.0012
04.11.2025 15:12:39.099 UTC,1.40908,1.40896,0.0024,0.0012
04.11.2025 15:12:39.960 UTC,1.40907,1.40895,0.0018,0.0012
04.11.2025 15:12:40.012 UTC,1.40906,1.40895,0.0012,0.0012
04.11.2025 15:12:42.604 UTC,1.40904,1.40895,0.0012,0.0012
04.11.2025 15:12:42.707 UTC,1.40905,1.40895,0.00195,0.0012
04.11.2025 15:12:43.515 UTC,1.40904,1.40894,0.0024,0.0012
04.11.2025 15:12:43.617 UTC,1.40905,1.40893,0.0024,0.0012
04.11.2025 15:12:43.872 UTC,1.40904,1.40893,0.0012,0.0012
04.11.2025 15:12:45.791 UTC,1.40902,1.40893,0.0033,0.0012
04.11.2025 15:12:45.843 UTC,1.40901,1.4089,0.0012,0.0012
04.11.2025 15:12:45.945 UTC,1.409,1.40889,0.0018,0.00132
04.11.2025 15:12:46.404 UTC,1.40902,1.4089,0.0024,0.0012
04.11.2025 15:12:46.506 UTC,1.40901,1.4089,0.0012,0.00132
04.11.2025 15:12:46.710 UTC,1.40902,1.4089,0.0012,0.00132
04.11.2025 15:12:46.813 UTC,1.40905,1.40895,0.0024,0.0012
04.11.2025 15:12:46.865 UTC,1.40906,1.40894,0.00285,0.0012
04.11.2025 15:12:53.022 UTC,1.40906,1.40895,0.00195,0.0012
04.11.2025 15:12:53.124 UTC,1.40905,1.40896,0.00195,0.0012
04.11.2025 15:12:53.580 UTC,1.40907,1.40896,0.0012,0.0012
04.11.2025 15:12:53.683 UTC,1.40906,1.40897,0.0012,0.0012
04.11.2025 15:12:57.302 UTC,1.40908,1.40898,0.0012,0.0012
04.11.2025 15:12:58.010 UTC,1.40909,1.40897,0.0012,0.00132
04.11.2025 15:12:58.163 UTC,1.40909,1.40897,0.00195,0.00132
04.11.2025 15:12:58.265 UTC,1.40908,1.40898,0.0024,0.00132
04.11.2025 15:12:59.726 UTC,1.40909,1.40897,0.0018,0.0012
04.11.2025 15:13:01.790 UTC,1.40908,1.40896,0.00195,0.0012
04.11.2025 15:13:02.599 UTC,1.40908,1.40896,0.00285,0.0012
04.11.2025 15:13:02.702 UTC,1.40907,1.40897,0.0033,0.0012
04.11.2025 15:13:04.661 UTC,1.40906,1.40895,0.0012,0.0012
04.11.2025 15:13:04.763 UTC,1.40905,1.40895,0.00195,0.0012
04.11.2025 15:13:04.866 UTC,1.40906,1.40894,0.0012,0.00132
04.11.2025 15:13:04.968 UTC,1.40907,1.40895,0.0012,0.00132
04.11.2025 15:13:05.274 UTC,1.40906,1.40897,0.0012,0.00132
04.11.2025 15:13:05.377 UTC,1.40907,1.40897,0.0012,0.00132
04.11.2025 15:13:06.669 UTC,1.40908,1.40898,0.0012,0.0012
04.11.2025 15:13:11.313 UTC,1.40907,1.40899,0.0012,0.0012
04.11.2025 15:13:13.182 UTC,1.40908,1.40898,0.0012,0.0012
04.11.2025 15:13:17.864 UTC,1.40908,1.40897,0.0012,0.0012
04.11.2025 15:13:18.068 UTC,1.40907,1.40898,0.0018,0.0012
04.11.2025 15:13:18.475 UTC,1.40906,1.40897,0.0012,0.0012
04.11.2025 15:13:18.577 UTC,1.40907,1.40896,0.0012,0.0012
04.11.2025 15:13:19.036 UTC,1.40907,1.40896,0.0012,0.00132
04.11.2025 15:13:22.619 UTC,1.40907,1.40897,0.0012,0.00132
04.11.2025 15:13:22.772 UTC,1.40908,1.40897,0.0012,0.00132
04.11.2025 15:13:22.925 UTC,1.40909,1.40897,0.0012,0.00132
04.11.2025 15:13:27.889 UTC,1.40907,1.40897,0.0012,0.00132
04.11.2025 15:13:27.992 UTC,1.40908,1.40896,0.0012,0.00132
04.11.2025 15:13:29.357 UTC,1.40909,1.40897,0.0012,0.00132
04.11.2025 15:13:30.067 UTC,1.40908,1.40898,0.0012,0.00132
04.11.2025 15:13:30.996 UTC,1.40909,1.40897,0.0012,0.00132
04.11.2025 15:13:33.412 UTC,1.4091,1.40897,0.0012,0.00132
04.11.2025 15:13:33.916 UTC,1.40909,1.40898,0.0012,0.0012
04.11.2025 15:13:34.877 UTC,1.40909,1.40898,0.0012,0.00132
04.11.2025 15:13:39.088 UTC,1.4091,1.40898,0.0012,0.00132
04.11.2025 15:13:48.697 UTC,1.4091,1.40898,0.0018,0.0012
04.11.2025 15:13:48.799 UTC,1.40909,1.40899,0.0024,0.0012
04.11.2025 15:13:50.294 UTC,1.4091,1.40898,0.0012,0.00132
04.11.2025 15:13:51.160 UTC,1.40909,1.40899,0.0012,0.00132
04.11.2025 15:13:52.668 UTC,1.40911,1.40898,0.0012,0.00147
04.11.2025 15:13:53.876 UTC,1.4091,1.40898,0.0012,0.00132
04.11.2025 15:13:55.335 UTC,1.40909,1.40898,0.0018,0.00327
04.11.2025 15:13:55.588 UTC,1.4091,1.40897,0.00195,0.00132
04.11.2025 15:13:59.982 UTC,1.40909,1.40897,0.00195,0.00132
04.11.2025 15:14:00.690 UTC,1.40908,1.40898,0.0018,0.00132
04.11.2025 15:14:00.946 UTC,1.40909,1.40897,0.00195,0.00132
04.11.2025 15:14:01.351 UTC,1.40909,1.40897,0.0018,0.00132
04.11.2025 15:14:01.903 UTC,1.40909,1.40897,0.00195,0.00132
04.11.2025 15:14:03.268 UTC,1.40908,1.40897,0.0012,0.0012
04.11.2025 15:14:04.179 UTC,1.40909,1.40897,0.0012,0.00132
04.11.2025 15:14:10.741 UTC,1.4091,1.40898,0.0012,0.00282
04.11.2025 15:14:10.843 UTC,1.4091,1.40898,0.0012,0.00132
04.11.2025 15:14:14.515 UTC,1.4091,1.40898,0.0012,0.00282
04.11.2025 15:14:14.567 UTC,1.40915,1.40905,0.00225,0.00132
04.11.2025 15:14:14.670 UTC,1.40915,1.40905,0.00195,0.0012
04.11.2025 15:14:14.823 UTC,1.40916,1.40903,0.0024,0.00132
04.11.2025 15:14:16.190 UTC,1.40917,1.40904,0.0042,0.00132
04.11.2025 15:14:16.447 UTC,1.40917,1.40904,0.0033,0.00132
04.11.2025 15:14:16.587 UTC,1.40916,1.40907,0.0012,0.00132
04.11.2025 15:14:16.692 UTC,1.40919,1.40907,0.00195,0.00282
04.11.2025 15:14:16.744 UTC,1.40918,1.40908,0.0018,0.00132
04.11.2025 15:14:17.960 UTC,1.40919,1.40907,0.0012,0.00132
04.11.2025 15:14:18.515 UTC,1.4092,1.40907,0.0012,0.00327
04.11.2025 15:14:18.618 UTC,1.40919,1.40908,0.0012,0.00132
04.11.2025 15:14:19.781 UTC,1.40923,1.40909,0.0042,0.00372
04.11.2025 15:14:19.884 UTC,1.40921,1.40914,0.0012,0.0012
04.11.2025 15:14:19.936 UTC,1.4092,1.40909,0.0024,0.00132
04.11.2025 15:14:20.038 UTC,1.4092,1.40908,0.0012,0.00132
04.11.2025 15:14:20.191 UTC,1.40921,1.40908,0.0024,0.00132
04.11.2025 15:14:20.344 UTC,1.4092,1.40909,0.0024,0.00132
04.11.2025 15:14:20.961 UTC,1.4092,1.40907,0.00195,0.00132
04.11.2025 15:14:21.113 UTC,1.4092,1.40907,0.0024,0.00132
04.11.2025 15:14:21.417 UTC,1.40917,1.40907,0.00135,0.00132
04.11.2025 15:14:21.570 UTC,1.40918,1.40906,0.0018,0.0012
04.11.2025 15:14:21.672 UTC,1.40919,1.40906,0.00285,0.00132
04.11.2025 15:14:21.775 UTC,1.40918,1.40906,0.0018,0.00132
04.11.2025 15:14:21.877 UTC,1.40918,1.40906,0.00195,0.00132
04.11.2025 15:14:24.219 UTC,1.40916,1.40905,0.0012,0.0012
04.11.2025 15:14:24.325 UTC,1.40916,1.40906,0.0012,0.00132
04.11.2025 15:14:25.085 UTC,1.40918,1.40908,0.0012,0.00132
04.11.2025 15:14:25.391 UTC,1.40919,1.40907,0.0012,0.00132
04.11.2025 15:14:25.493 UTC,1.40919,1.40907,0.00195,0.00132
04.11.2025 15:14:29.716 UTC,1.4092,1.40907,0.0012,0.00147
04.11.2025 15:14:31.078 UTC,1.40918,1.40907,0.0012,0.00132
04.11.2025 15:14:36.018 UTC,1.40918,1.40908,0.0012,0.00132
04.11.2025 15:14:36.830 UTC,1.4092,1.40908,0.0012,0.00282
04.11.2025 15:14:36.932 UTC,1.4092,1.40909,0.00195,0.00132
04.11.2025 15:14:43.848 UTC,1.4092,1.40909,0.0012,0.0012
04.11.2025 15:14:43.950 UTC,1.4092,1.40908,0.0012,0.00132
04.11.2025 15:14:51.778 UTC,1.40919,1.40908,0.0012,0.00132
04.11.2025 15:14:53.538 UTC,1.40918,1.40909,0.0012,0.00132
04.11.2025 15:14:55.650 UTC,1.40918,1.40907,0.0012,0.0012
04.11.2025 15:14:56.811 UTC,1.40919,1.40907,0.0012,0.00132
04.11.2025 15:14:58.127 UTC,1.40918,1.40907,0.0012,0.0012
04.11.2025 15:14:58.381 UTC,1.40919,1.40907,0.0024,0.0012
04.11.2025 15:14:58.735 UTC,1.40917,1.40908,0.0012,0.0012
04.11.2025 15:14:59.090 UTC,1.40918,1.40907,0.0012,0.0012
04.11.2025 15:15:02.441 UTC,1.40917,1.40907,0.0012,0.0012
04.11.2025 15:15:05.907 UTC,1.40917,1.40906,0.00132,0.0012
04.11.2025 15:15:05.958 UTC,1.40911,1.40901,0.0012,0.00135
04.11.2025 15:15:06.010 UTC,1.40911,1.40897,0.00285,0.00132
04.11.2025 15:15:06.721 UTC,1.4091,1.40897,0.00195,0.00132
04.11.2025 15:15:07.027 UTC,1.40909,1.40896,0.00195,0.00132
04.11.2025 15:15:07.336 UTC,1.40908,1.40895,0.0018,0.00132
04.11.2025 15:15:07.389 UTC,1.40902,1.40892,0.00135,0.00135
04.11.2025 15:15:07.491 UTC,1.40901,1.40889,0.0024,0.00132
04.11.2025 15:15:07.716 UTC,1.40905,1.40893,0.0012,0.00132
04.11.2025 15:15:07.819 UTC,1.40906,1.40893,0.0018,0.00132
04.11.2025 15:15:10.089 UTC,1.40901,1.40892,0.0024,0.0012
04.11.2025 15:15:10.141 UTC,1.40902,1.40888,0.0036,0.00147
04.11.2025 15:15:10.193 UTC,1.40901,1.40889,0.0042,0.00132
04.11.2025 15:15:10.296 UTC,1.40904,1.4089,0.0042,0.0012
04.11.2025 15:15:10.347 UTC,1.40904,1.40892,0.00195,0.0012
04.11.2025 15:15:10.756 UTC,1.40902,1.40893,0.0012,0.0012
04.11.2025 15:15:10.858 UTC,1.40903,1.40892,0.0012,0.0012
04.11.2025 15:15:11.113 UTC,1.40903,1.4089,0.00135,0.00132
04.11.2025 15:15:11.165 UTC,1.40902,1.40889,0.0012,0.00132
04.11.2025 15:15:11.268 UTC,1.40902,1.40889,0.0012,0.00147
04.11.2025 15:15:11.371 UTC,1.40902,1.40892,0.0012,0.00132
04.11.2025 15:15:11.625 UTC,1.40903,1.4089,0.0024,0.00144
04.11.2025 15:15:11.728 UTC,1.40902,1.40892,0.0012,0.0012
04.11.2025 15:15:11.880 UTC,1.40903,1.40889,0.0024,0.00144
04.11.2025 15:15:11.983 UTC,1.40902,1.40888,0.00285,0.00132
04.11.2025 15:15:12.086 UTC,1.40901,1.4089,0.0012,0.00147
04.11.2025 15:15:12.748 UTC,1.40901,1.40888,0.0012,0.00147
04.11.2025 15:15:13.254 UTC,1.40901,1.40889,0.00195,0.00342
04.11.2025 15:15:13.409 UTC,1.40903,1.40889,0.0018,0.0018
04.11.2025 15:15:13.511 UTC,1.40905,1.40892,0.00285,0.00132
04.11.2025 15:15:14.271 UTC,1.40905,1.40892,0.0018,0.00282
04.11.2025 15:15:14.374 UTC,1.40906,1.40893,0.0018,0.00132
04.11.2025 15:15:14.527 UTC,1.40906,1.40893,0.00285,0.00132
04.11.2025 15:15:15.088 UTC,1.40902,1.40892,0.0012,0.00132
04.11.2025 15:15:15.235 UTC,1.40904,1.40891,0.0018,0.00132
04.11.2025 15:15:16.510 UTC,1.40905,1.40892,0.00195,0.00132
04.11.2025 15:15:16.966 UTC,1.40904,1.40891,0.00195,0.00147
04.11.2025 15:15:17.119 UTC,1.40903,1.40892,0.00195,0.00147
04.11.2025 15:15:17.727 UTC,1.40903,1.40891,0.0012,0.0012
04.11.2025 15:15:17.830 UTC,1.40903,1.4089,0.00195,0.00327
04.11.2025 15:15:17.932 UTC,1.40902,1.40891,0.00195,0.00147
04.11.2025 15:15:18.035 UTC,1.40902,1.40891,0.0018,0.00342
04.11.2025 15:15:18.086 UTC,1.40902,1.40889,0.00195,0.00132
04.11.2025 15:15:18.189 UTC,1.40901,1.40888,0.0018,0.00147
04.11.2025 15:15:18.291 UTC,1.40903,1.40889,0.00195,0.0024
04.11.2025 15:15:18.394 UTC,1.40903,1.40891,0.0012,0.00132
04.11.2025 15:15:20.155 UTC,1.40901,1.40892,0.0012,0.00132
04.11.2025 15:15:20.409 UTC,1.40902,1.40892,0.0018,0.00132
04.11.2025 15:15:20.511 UTC,1.40903,1.40892,0.0024,0.00132
04.11.2025 15:15:23.751 UTC,1.40903,1.40891,0.00195,0.00132
04.11.2025 15:15:24.709 UTC,1.40901,1.40892,0.0012,0.00132
04.11.2025 15:15:24.963 UTC,1.40903,1.40891,0.0012,0.00132
04.11.2025 15:15:25.066 UTC,1.40904,1.40892,0.0012,0.00132
04.11.2025 15:15:26.278 UTC,1.40901,1.40892,0.0012,0.00132
04.11.2025 15:15:26.380 UTC,1.40902,1.4089,0.0012,0.00132
04.11.2025 15:15:27.639 UTC,1.40902,1.40892,0.0012,0.00132
04.11.2025 15:15:30.385 UTC,1.40904,1.40892,0.00195,0.00132
04.11.2025 15:15:30.487 UTC,1.40904,1.40892,0.0012,0.00132
04.11.2025 15:15:32.006 UTC,1.40903,1.40893,0.0012,0.00132
04.11.2025 15:15:32.109 UTC,1.40902,1.40893,0.0012,0.00132
04.11.2025 15:15:34.384 UTC,1.40902,1.40889,0.00285,0.0012
04.11.2025 15:15:34.486 UTC,1.40901,1.40888,0.00195,0.00132
04.11.2025 15:15:37.274 UTC,1.40901,1.4089,0.0012,0.0012
04.11.2025 15:15:37.325 UTC,1.40903,1.40891,0.0018,0.00132
04.11.2025 15:15:37.428 UTC,1.40902,1.40891,0.0012,0.00132
04.11.2025 15:15:37.813 UTC,1.409,1.40889,0.0018,0.0012
04.11.2025 15:15:37.915 UTC,1.40899,1.40888,0.0018,0.00132
04.11.2025 15:15:37.968 UTC,1.40899,1.40888,0.00195,0.00132
04.11.2025 15:15:38.525 UTC,1.40899,1.40887,0.0012,0.0012
04.11.2025 15:15:41.191 UTC,1.40899,1.40887,0.0018,0.00132
04.11.2025 15:15:43.916 UTC,1.40901,1.40888,0.00195,0.00132
04.11.2025 15:15:44.019 UTC,1.40901,1.40888,0.00285,0.00132
04.11.2025 15:15:44.475 UTC,1.409,1.40888,0.0012,0.00132
04.11.2025 15:15:45.282 UTC,1.40902,1.40889,0.00195,0.00132
04.11.2025 15:15:45.385 UTC,1.40903,1.4089,0.0018,0.0012
04.11.2025 15:15:45.487 UTC,1.40904,1.40891,0.00195,0.00132
04.11.2025 15:15:47.389 UTC,1.40902,1.40892,0.0012,0.00132
04.11.2025 15:15:47.641 UTC,1.40903,1.40891,0.0012,0.00132
04.11.2025 15:15:47.744 UTC,1.40901,1.40888,0.0012,0.00132
04.11.2025 15:15:47.846 UTC,1.409,1.40889,0.00195,0.00132
04.11.2025 15:15:48.049 UTC,1.409,1.40887,0.0012,0.00132
04.11.2025 15:15:48.455 UTC,1.409,1.40888,0.0012,0.00132
04.11.2025 15:15:48.559 UTC,1.40902,1.40889,0.0012,0.00135
04.11.2025 15:15:48.610 UTC,1.40901,1.40891,0.0012,0.00132
04.11.2025 15:15:49.621 UTC,1.40901,1.40889,0.0012,0.0012
04.11.2025 15:15:49.724 UTC,1.40899,1.40889,0.0012,0.0012
04.11.2025 15:15:49.775 UTC,1.409,1.40888,0.0012,0.0012
04.11.2025 15:15:50.080 UTC,1.40902,1.40889,0.00195,0.00132
04.11.2025 15:15:50.183 UTC,1.40902,1.40889,0.0012,0.00132
04.11.2025 15:15:50.285 UTC,1.40901,1.4089,0.0012,0.00132
04.11.2025 15:15:50.438 UTC,1.40901,1.40888,0.00195,0.00132
04.11.2025 15:15:50.592 UTC,1.40899,1.40888,0.00135,0.0012
04.11.2025 15:15:50.694 UTC,1.40899,1.40888,0.0018,0.0012
04.11.2025 15:15:52.607 UTC,1.40899,1.40887,0.00195,0.00132
04.11.2025 15:15:53.211 UTC,1.40898,1.40886,0.0012,0.0012
04.11.2025 15:15:53.364 UTC,1.40897,1.40885,0.0012,0.0012
04.11.2025 15:15:56.523 UTC,1.40896,1.40885,0.0018,0.0012
04.11.2025 15:15:56.676 UTC,1.40897,1.40884,0.00204,0.0012
04.11.2025 15:15:59.893 UTC,1.40895,1.40883,0.0018,0.0012
04.11.2025 15:15:59.995 UTC,1.40894,1.40884,0.0018,0.0012
04.11.2025 15:16:02.555 UTC,1.40896,1.40884,0.0012,0.0012
04.11.2025 15:16:04.377 UTC,1.40897,1.40884,0.00195,0.00282
04.11.2025 15:16:07.248 UTC,1.40896,1.40883,0.0012,0.00132
04.11.2025 15:16:07.300 UTC,1.40893,1.4088,0.0018,0.00112
04.11.2025 15:16:07.354 UTC,1.40891,1.4088,0.00285,0.00301
04.11.2025 15:16:07.509 UTC,1.40892,1.40879,0.0018,0.00279
04.11.2025 15:16:07.611 UTC,1.40891,1.4088,0.0018,0.00279
04.11.2025 15:16:08.525 UTC,1.40892,1.40879,0.0012,0.00279
04.11.2025 15:16:08.627 UTC,1.40892,1.40878,0.0042,0.00132
04.11.2025 15:16:08.679 UTC,1.40891,1.40879,0.0042,0.00132
04.11.2025 15:16:08.783 UTC,1.40896,1.40883,0.00195,0.0012
04.11.2025 15:16:09.038 UTC,1.40897,1.40883,0.00195,0.00282
04.11.2025 15:16:09.846 UTC,1.40896,1.40884,0.00195,0.00132
04.11.2025 15:16:10.703 UTC,1.40896,1.40883,0.0012,0.00282
04.11.2025 15:16:10.855 UTC,1.40896,1.40883,0.0012,0.00132
04.11.2025 15:16:11.361 UTC,1.40894,1.40882,0.00375,0.0012
04.11.2025 15:16:11.483 UTC,1.40892,1.4088,0.0018,0.00192
04.11.2025 15:16:13.108 UTC,1.40893,1.40882,0.00135,0.00192
04.11.2025 15:16:14.673 UTC,1.40893,1.4088,0.0018,0.00282
04.11.2025 15:16:14.724 UTC,1.40891,1.4088,0.00195,0.00282
04.11.2025 15:16:14.827 UTC,1.4089,1.40879,0.00195,0.00132
04.11.2025 15:16:14.930 UTC,1.40891,1.40878,0.00195,0.00282
04.11.2025 15:16:20.760 UTC,1.40889,1.40877,0.00135,0.00192
04.11.2025 15:16:21.370 UTC,1.40886,1.40873,0.00225,0.00282
04.11.2025 15:16:21.421 UTC,1.40889,1.40877,0.00285,0.00189
04.11.2025 15:16:21.524 UTC,1.40888,1.40876,0.0018,0.00132
04.11.2025 15:16:21.910 UTC,1.40888,1.40876,0.0018,0.00282
04.11.2025 15:16:22.369 UTC,1.40888,1.40879,0.0012,0.00189
04.11.2025 15:16:23.379 UTC,1.40889,1.40877,0.0018,0.00279
04.11.2025 15:16:24.891 UTC,1.40889,1.40876,0.00195,0.00132
04.11.2025 15:16:31.637 UTC,1.40887,1.40875,0.00195,0.00327
04.11.2025 15:16:31.790 UTC,1.40887,1.40874,0.0012,0.00282
04.11.2025 15:16:32.604 UTC,1.40885,1.40874,0.00195,0.00132
04.11.2025 15:16:32.706 UTC,1.40885,1.40873,0.0012,0.00132
04.11.2025 15:16:32.808 UTC,1.40884,1.40874,0.0012,0.00132
04.11.2025 15:16:33.570 UTC,1.40886,1.40873,0.00204,0.00132
04.11.2025 15:16:34.282 UTC,1.40882,1.40872,0.0018,0.00132
04.11.2025 15:16:34.333 UTC,1.40881,1.40868,0.0018,0.00282
04.11.2025 15:16:34.436 UTC,1.40881,1.40868,0.0018,0.00132
04.11.2025 15:16:34.844 UTC,1.40879,1.40867,0.0018,0.00132
04.11.2025 15:16:34.997 UTC,1.40879,1.40866,0.0024,0.00132
04.11.2025 15:16:35.099 UTC,1.40877,1.40866,0.00192,0.00132
04.11.2025 15:16:35.201 UTC,1.40878,1.40865,0.00207,0.00132
04.11.2025 15:16:38.177 UTC,1.40877,1.40867,0.00195,0.00189
04.11.2025 15:16:38.279 UTC,1.40878,1.40866,0.00195,0.00189
04.11.2025 15:16:40.224 UTC,1.40879,1.40867,0.00195,0.00189
04.11.2025 15:16:40.881 UTC,1.40875,1.40868,0.0012,0.00189
04.11.2025 15:16:41.034 UTC,1.40879,1.40867,0.00195,0.00189
04.11.2025 15:16:54.233 UTC,1.40878,1.40866,0.0012,0.0012
04.11.2025 15:16:54.790 UTC,1.40879,1.40868,0.0012,0.00282
04.11.2025 15:16:54.892 UTC,1.40881,1.4087,0.0012,0.00132
04.11.2025 15:16:54.995 UTC,1.4088,1.40871,0.00285,0.0012
04.11.2025 15:16:55.147 UTC,1.4088,1.40872,0.00195,0.0012
04.11.2025 15:16:55.250 UTC,1.40881,1.40872,0.0018,0.0012
04.11.2025 15:16:55.353 UTC,1.40883,1.40872,0.0012,0.0012
04.11.2025 15:16:55.762 UTC,1.40884,1.40873,0.0012,0.0012
04.11.2025 15:16:56.220 UTC,1.40884,1.40872,0.00132,0.00132
04.11.2025 15:16:56.577 UTC,1.4088,1.40872,0.0012,0.00132
04.11.2025 15:16:56.679 UTC,1.40881,1.40871,0.00132,0.0012
04.11.2025 15:16:57.630 UTC,1.40881,1.40869,0.0012,0.00132
04.11.2025 15:16:57.935 UTC,1.40882,1.4087,0.0012,0.00282
04.11.2025 15:16:58.037 UTC,1.40881,1.40871,0.00204,0.0012
04.11.2025 15:16:58.139 UTC,1.40882,1.4087,0.00204,0.0012
04.11.2025 15:16:58.642 UTC,1.40882,1.40869,0.00294,0.00132
04.11.2025 15:16:58.994 UTC,1.40881,1.40869,0.0012,0.00132
04.11.2025 15:16:59.651 UTC,1.4088,1.40868,0.0012,0.00282
04.11.2025 15:17:00.005 UTC,1.4088,1.40868,0.0012,0.00132
04.11.2025 15:17:00.209 UTC,1.40879,1.40869,0.00195,0.00282
04.11.2025 15:17:00.565 UTC,1.40881,1.40868,0.00195,0.00327
04.11.2025 15:17:00.769 UTC,1.4088,1.4087,0.0012,0.00282
04.11.2025 15:17:00.872 UTC,1.40882,1.40869,0.00204,0.00282
04.11.2025 15:17:00.974 UTC,1.40881,1.4087,0.00294,0.00282
04.11.2025 15:17:01.076 UTC,1.4088,1.40869,0.0018,0.00132
04.11.2025 15:17:01.179 UTC,1.40879,1.40869,0.0012,0.00282
04.11.2025 15:17:01.382 UTC,1.40881,1.40868,0.00294,0.00132
04.11.2025 15:17:01.636 UTC,1.40879,1.40869,0.0012,0.00132
04.11.2025 15:17:02.905 UTC,1.4088,1.40868,0.0012,0.00282
04.11.2025 15:17:08.714 UTC,1.40881,1.40869,0.00195,0.00192
04.11.2025 15:17:08.868 UTC,1.40881,1.4087,0.00234,0.00282
04.11.2025 15:17:08.970 UTC,1.4088,1.40869,0.00135,0.00282
04.11.2025 15:17:10.382 UTC,1.40881,1.40868,0.00285,0.00282
04.11.2025 15:17:11.138 UTC,1.40881,1.40869,0.00285,0.00192
04.11.2025 15:17:11.240 UTC,1.4088,1.40869,0.00285,0.00327
04.11.2025 15:17:11.894 UTC,1.40881,1.40869,0.00285,0.00192
04.11.2025 15:17:12.096 UTC,1.40881,1.40868,0.00285,0.00147
04.11.2025 15:17:12.298 UTC,1.40881,1.40868,0.00285,0.00327
04.11.2025 15:17:12.601 UTC,1.40881,1.40868,0.00285,0.00147
04.11.2025 15:17:12.704 UTC,1.40883,1.4087,0.00195,0.00192
04.11.2025 15:17:12.807 UTC,1.40884,1.40871,0.0018,0.00327
04.11.2025 15:17:15.056 UTC,1.40883,1.4087,0.00285,0.00192
04.11.2025 15:17:15.209 UTC,1.40883,1.4087,0.0033,0.00132
04.11.2025 15:17:15.311 UTC,1.40884,1.40871,0.0018,0.00285
04.11.2025 15:17:15.414 UTC,1.40887,1.40874,0.0018,0.0012
04.11.2025 15:17:15.517 UTC,1.40887,1.40874,0.0018,0.00282
04.11.2025 15:17:16.528 UTC,1.40888,1.40875,0.00195,0.00282
04.11.2025 15:17:16.681 UTC,1.40887,1.40876,0.00195,0.00282
04.11.2025 15:17:19.812 UTC,1.40888,1.40877,0.0018,0.00192
04.11.2025 15:17:24.231 UTC,1.40888,1.40876,0.0018,0.00192
04.11.2025 15:17:24.688 UTC,1.40887,1.40875,0.00135,0.00192
04.11.2025 15:17:24.791 UTC,1.40887,1.40874,0.0027,0.00132
04.11.2025 15:17:24.842 UTC,1.40884,1.40874,0.0012,0.00282
04.11.2025 15:17:24.945 UTC,1.40885,1.40874,0.0018,0.00282
04.11.2025 15:17:28.065 UTC,1.40886,1.40874,0.00195,0.00192
04.11.2025 15:17:28.768 UTC,1.40885,1.40875,0.0018,0.00192
04.11.2025 15:17:28.923 UTC,1.40888,1.40877,0.0018,0.00192
04.11.2025 15:17:29.024 UTC,1.40888,1.40876,0.00135,0.00192
04.11.2025 15:17:29.177 UTC,1.40888,1.40876,0.0018,0.00192
04.11.2025 15:17:29.480 UTC,1.40886,1.40874,0.00135,0.00192
04.11.2025 15:17:29.582 UTC,1.40886,1.40874,0.0018,0.00192
04.11.2025 15:17:30.563 UTC,1.40886,1.40873,0.00195,0.00417
04.11.2025 15:17:42.962 UTC,1.40885,1.40872,0.00135,0.00327
04.11.2025 15:17:43.065 UTC,1.40884,1.40873,0.00195,0.00282
04.11.2025 15:17:43.218 UTC,1.40885,1.40872,0.00195,0.00132
04.11.2025 15:17:43.320 UTC,1.40884,1.40873,0.00195,0.00282
04.11.2025 15:17:43.675 UTC,1.40885,1.40872,0.0018,0.00327
04.11.2025 15:17:44.740 UTC,1.40882,1.40872,0.0012,0.00237
04.11.2025 15:17:44.791 UTC,1.40882,1.40869,0.00135,0.00192
04.11.2025 15:17:44.894 UTC,1.4088,1.4087,0.0018,0.00132
04.11.2025 15:17:44.995 UTC,1.40881,1.40869,0.0018,0.00132
04.11.2025 15:17:45.098 UTC,1.40879,1.4087,0.00135,0.00282
04.11.2025 15:17:45.200 UTC,1.40883,1.40872,0.0024,0.00192
04.11.2025 15:17:45.252 UTC,1.40883,1.4087,0.0024,0.00195
04.11.2025 15:17:45.303 UTC,1.40882,1.40874,0.0012,0.00192
04.11.2025 15:17:45.456 UTC,1.40882,1.40873,0.0012,0.00192
04.11.2025 15:17:46.467 UTC,1.40883,1.40873,0.0012,0.00192
04.11.2025 15:17:46.895 UTC,1.40885,1.40873,0.0018,0.00192
04.11.2025 15:17:47.753 UTC,1.40885,1.40872,0.0018,0.00237
04.11.2025 15:17:47.855 UTC,1.40884,1.40874,0.0018,0.00192
04.11.2025 15:17:49.974 UTC,1.40886,1.40874,0.0018,0.00237
04.11.2025 15:17:50.076 UTC,1.40887,1.40874,0.00195,0.00327
04.11.2025 15:17:50.684 UTC,1.40887,1.40874,0.00195,0.00132
04.11.2025 15:17:51.545 UTC,1.40883,1.40873,0.0012,0.00237
04.11.2025 15:17:53.308 UTC,1.40884,1.40873,0.0012,0.00195
04.11.2025 15:17:53.412 UTC,1.40885,1.40874,0.00135,0.00327
04.11.2025 15:17:53.514 UTC,1.40884,1.40873,0.0012,0.00372
04.11.2025 15:17:55.762 UTC,1.40884,1.40874,0.0012,0.00237
04.11.2025 15:17:55.867 UTC,1.40886,1.40875,0.00135,0.0018
04.11.2025 15:17:55.922 UTC,1.40886,1.40877,0.00135,0.00192
04.11.2025 15:17:57.841 UTC,1.40887,1.40875,0.0012,0.00192
04.11.2025 15:17:57.943 UTC,1.40887,1.40874,0.00135,0.00327
04.11.2025 15:18:00.463 UTC,1.40887,1.40874,0.00135,0.00282
04.11.2025 15:18:01.120 UTC,1.40887,1.40874,0.0018,0.00132
04.11.2025 15:18:01.725 UTC,1.40887,1.40874,0.0018,0.00282
04.11.2025 15:18:02.181 UTC,1.40887,1.40876,0.00135,0.00192
04.11.2025 15:18:04.164 UTC,1.40887,1.40874,0.00135,0.00477
04.11.2025 15:18:04.675 UTC,1.40886,1.40875,0.00135,0.00192
04.11.2025 15:18:04.777 UTC,1.40884,1.40873,0.0012,0.00417
04.11.2025 15:18:04.880 UTC,1.40883,1.40872,0.0012,0.00417
04.11.2025 15:18:05.436 UTC,1.40884,1.40871,0.0018,0.00327
04.11.2025 15:18:05.538 UTC,1.40884,1.40871,0.00135,0.00327
04.11.2025 15:18:06.096 UTC,1.40884,1.40872,0.00135,0.00192
04.11.2025 15:18:06.906 UTC,1.40884,1.40873,0.00135,0.00237
04.11.2025 15:18:08.114 UTC,1.40885,1.40873,0.00135,0.00237
04.11.2025 15:18:08.266 UTC,1.40885,1.40873,0.0018,0.00237
04.11.2025 15:18:09.774 UTC,1.40886,1.40875,0.0018,0.00327
04.11.2025 15:18:10.130 UTC,1.40887,1.40874,0.0018,0.00252
04.11.2025 15:18:10.283 UTC,1.40886,1.40874,0.0018,0.00132
04.11.2025 15:18:13.474 UTC,1.40886,1.40873,0.00195,0.00327
04.11.2025 15:18:13.627 UTC,1.40885,1.40874,0.00195,0.00327
04.11.2025 15:18:13.729 UTC,1.40886,1.40873,0.00195,0.00327
04.11.2025 15:18:14.635 UTC,1.40884,1.40873,0.0012,0.00327
04.11.2025 15:18:14.887 UTC,1.40886,1.40873,0.00195,0.00327
04.11.2025 15:18:17.359 UTC,1.40884,1.40875,0.00135,0.00192
04.11.2025 15:18:17.461 UTC,1.40884,1.40874,0.0018,0.00192
04.11.2025 15:18:17.613 UTC,1.40885,1.40873,0.00195,0.00192
04.11.2025 15:18:18.870 UTC,1.40885,1.40872,0.00195,0.00282
04.11.2025 15:18:19.074 UTC,1.40885,1.40873,0.00195,0.00192
04.11.2025 15:18:19.781 UTC,1.40886,1.40874,0.0018,0.00192
04.11.2025 15:18:21.700 UTC,1.40886,1.40875,0.0018,0.00192
04.11.2025 15:18:21.904 UTC,1.40886,1.40876,0.0018,0.00192
04.11.2025 15:18:23.022 UTC,1.40887,1.40874,0.00195,0.00327
04.11.2025 15:18:27.146 UTC,1.40886,1.40873,0.00135,0.00417
04.11.2025 15:18:27.248 UTC,1.40884,1.40874,0.00135,0.00192
04.11.2025 15:18:27.350 UTC,1.40885,1.40873,0.0018,0.00192
04.11.2025 15:18:27.554 UTC,1.40886,1.40874,0.0012,0.00192
04.11.2025 15:18:27.655 UTC,1.40886,1.40875,0.00195,0.00237
04.11.2025 15:18:33.109 UTC,1.40887,1.40875,0.00285,0.00192
04.11.2025 15:18:33.211 UTC,1.40887,1.40875,0.0024,0.00237
04.11.2025 15:18:34.527 UTC,1.40887,1.40875,0.00135,0.00192
04.11.2025 15:18:35.538 UTC,1.40887,1.40875,0.00195,0.00192
04.11.2025 15:18:35.589 UTC,1.40886,1.40873,0.00135,0.00147
04.11.2025 15:18:35.641 UTC,1.40884,1.40873,0.00195,0.00327
04.11.2025 15:18:37.206 UTC,1.40885,1.40872,0.00195,0.00327
04.11.2025 15:18:37.613 UTC,1.40885,1.40872,0.0018,0.00144
04.11.2025 15:18:37.715 UTC,1.40884,1.40874,0.0018,0.00252
04.11.2025 15:18:37.817 UTC,1.40885,1.40873,0.00135,0.00252
04.11.2025 15:18:40.461 UTC,1.40885,1.40872,0.00195,0.00282
04.11.2025 15:18:40.565 UTC,1.40885,1.40873,0.00195,0.00192
04.11.2025 15:18:42.784 UTC,1.40885,1.40873,0.0018,0.00192
04.11.2025 15:18:49.864 UTC,1.40885,1.40872,0.0018,0.00477
04.11.2025 15:18:53.303 UTC,1.40884,1.40873,0.0018,0.00327
04.11.2025 15:18:58.582 UTC,1.40886,1.40873,0.0012,0.00327
04.11.2025 15:18:58.786 UTC,1.40886,1.40873,0.0018,0.00147
04.11.2025 15:18:58.888 UTC,1.40884,1.40873,0.0018,0.00237
04.11.2025 15:18:59.848 UTC,1.40885,1.40872,0.0018,0.00147
04.11.2025 15:18:59.949 UTC,1.40885,1.40872,0.00195,0.00147
04.11.2025 15:19:01.719 UTC,1.40884,1.40873,0.0018,0.00342
04.11.2025 15:19:07.289 UTC,1.40886,1.40873,0.0012,0.00522
04.11.2025 15:19:07.393 UTC,1.40886,1.40875,0.00225,0.00522
04.11.2025 15:19:08.201 UTC,1.40887,1.40874,0.00135,0.00432
04.11.2025 15:19:08.304 UTC,1.4089,1.40876,0.00285,0.00507
04.11.2025 15:19:08.356 UTC,1.40891,1.40878,0.00135,0.00282
04.11.2025 15:19:08.459 UTC,1.40893,1.40882,0.00195,0.0018
04.11.2025 15:19:08.510 UTC,1.40893,1.40882,0.0012,0.00192
04.11.2025 15:19:08.613 UTC,1.40894,1.40882,0.0012,0.00372
04.11.2025 15:19:08.868 UTC,1.40896,1.40883,0.0018,0.00282
04.11.2025 15:19:08.919 UTC,1.40898,1.40884,0.0024,0.0012
04.11.2025 15:19:09.022 UTC,1.40897,1.40886,0.0018,0.00282
04.11.2025 15:19:09.227 UTC,1.40898,1.40885,0.0018,0.00132
04.11.2025 15:19:09.833 UTC,1.40898,1.40884,0.0018,0.00192
04.11.2025 15:19:12.008 UTC,1.40897,1.40884,0.0018,0.00132
04.11.2025 15:19:12.060 UTC,1.40896,1.40884,0.00375,0.00237
04.11.2025 15:19:12.111 UTC,1.40895,1.40884,0.0012,0.00132
04.11.2025 15:19:15.780 UTC,1.40895,1.40883,0.00195,0.00522
04.11.2025 15:19:15.882 UTC,1.40896,1.40882,0.00195,0.00612
04.11.2025 15:19:16.590 UTC,1.40895,1.40884,0.0012,0.00147
04.11.2025 15:19:16.844 UTC,1.40896,1.40884,0.00285,0.00192
04.11.2025 15:19:18.815 UTC,1.40895,1.40882,0.0018,0.00132
04.11.2025 15:19:18.917 UTC,1.40895,1.40882,0.0012,0.00132
04.11.2025 15:19:23.236 UTC,1.40894,1.40881,0.0012,0.00327
04.11.2025 15:19:23.389 UTC,1.40895,1.40881,0.00285,0.00252
04.11.2025 15:19:23.792 UTC,1.40894,1.40881,0.0012,0.00327
04.11.2025 15:19:23.944 UTC,1.40894,1.40883,0.0012,0.00147
04.11.2025 15:19:24.047 UTC,1.40895,1.40882,0.0012,0.00327
04.11.2025 15:19:26.677 UTC,1.40897,1.40883,0.00375,0.0024
04.11.2025 15:19:26.779 UTC,1.40896,1.40885,0.0024,0.00192
04.11.2025 15:19:27.134 UTC,1.40897,1.40884,0.0018,0.00132
04.11.2025 15:19:27.236 UTC,1.40896,1.40885,0.00135,0.00192
04.11.2025 15:19:28.851 UTC,1.40898,1.40884,0.00195,0.00237
04.11.2025 15:19:32.546 UTC,1.40896,1.40885,0.00195,0.00132
04.11.2025 15:19:32.648 UTC,1.40897,1.40884,0.00195,0.00132
04.11.2025 15:19:33.658 UTC,1.40897,1.40884,0.00195,0.00147
04.11.2025 15:19:34.112 UTC,1.40897,1.40883,0.00285,0.00432
04.11.2025 15:19:34.215 UTC,1.40893,1.40883,0.00135,0.0012
04.11.2025 15:19:34.317 UTC,1.40893,1.40882,0.00285,0.00132
04.11.2025 15:19:34.724 UTC,1.40892,1.40881,0.0018,0.00132
04.11.2025 15:19:34.827 UTC,1.40889,1.40878,0.0018,0.00189
04.11.2025 15:19:34.929 UTC,1.40888,1.40878,0.00135,0.0012
04.11.2025 15:19:35.434 UTC,1.40888,1.40876,0.00135,0.00132
04.11.2025 15:19:36.949 UTC,1.40887,1.40877,0.00135,0.00132
04.11.2025 15:19:37.100 UTC,1.40888,1.40876,0.0018,0.00132
04.11.2025 15:19:37.452 UTC,1.40887,1.40877,0.00135,0.00132
04.11.2025 15:19:38.105 UTC,1.40888,1.40876,0.00135,0.00132
04.11.2025 15:19:38.258 UTC,1.40889,1.40876,0.00195,0.00147
04.11.2025 15:19:48.736 UTC,1.40889,1.40876,0.0024,0.00132
04.11.2025 15:19:48.838 UTC,1.40889,1.40876,0.00285,0.00132
04.11.2025 15:19:49.093 UTC,1.40889,1.40876,0.00285,0.00147
04.11.2025 15:19:50.107 UTC,1.40889,1.40876,0.0024,0.0027
04.11.2025 15:19:50.158 UTC,1.40888,1.40878,0.00135,0.00237
04.11.2025 15:19:50.261 UTC,1.40889,1.40876,0.00285,0.00507
04.11.2025 15:19:53.683 UTC,1.40888,1.40877,0.0024,0.00132
04.11.2025 15:19:54.346 UTC,1.40888,1.40876,0.0018,0.00132
04.11.2025 15:19:55.960 UTC,1.40889,1.40876,0.00285,0.00132
04.11.2025 15:19:57.391 UTC,1.40888,1.40877,0.00285,0.00132
04.11.2025 15:20:02.380 UTC,1.40888,1.40877,0.0012,0.00522
04.11.2025 15:20:02.533 UTC,1.40889,1.40876,0.0018,0.00612
04.11.2025 15:20:03.039 UTC,1.40889,1.40876,0.00135,0.00597
04.11.2025 15:20:03.845 UTC,1.40889,1.40876,0.00225,0.00147
04.11.2025 15:20:04.098 UTC,1.40889,1.40876,0.00285,0.00132
04.11.2025 15:20:05.797 UTC,1.40889,1.40876,0.0018,0.00132
04.11.2025 15:20:11.017 UTC,1.40887,1.40876,0.0027,0.00147
04.11.2025 15:20:11.170 UTC,1.40888,1.40875,0.00195,0.00147
04.11.2025 15:20:11.877 UTC,1.40888,1.40875,0.00135,0.00192
04.11.2025 15:20:12.484 UTC,1.40889,1.40876,0.0018,0.00147
04.11.2025 15:20:12.586 UTC,1.40889,1.40876,0.0018,0.0045
04.11.2025 15:20:12.689 UTC,1.40889,1.40876,0.00135,0.00522
04.11.2025 15:20:13.268 UTC,1.40889,1.40876,0.0018,0.00147
04.11.2025 15:20:13.370 UTC,1.40887,1.40877,0.0012,0.00132
04.11.2025 15:20:17.551 UTC,1.40888,1.40875,0.0018,0.00147
04.11.2025 15:20:17.704 UTC,1.40888,1.40875,0.00195,0.00147
04.11.2025 15:20:20.422 UTC,1.40887,1.40876,0.00195,0.00147
04.11.2025 15:20:20.877 UTC,1.40885,1.40875,0.0012,0.00132
04.11.2025 15:20:20.979 UTC,1.40885,1.40872,0.0012,0.00237
04.11.2025 15:20:21.030 UTC,1.40885,1.40872,0.0018,0.00237
04.11.2025 15:20:21.568 UTC,1.40884,1.40873,0.0018,0.00192
04.11.2025 15:20:21.670 UTC,1.40885,1.40872,0.0018,0.00237
04.11.2025 15:20:23.033 UTC,1.40885,1.40872,0.00195,0.00132
04.11.2025 15:20:23.135 UTC,1.40885,1.40872,0.0018,0.00147
04.11.2025 15:20:24.859 UTC,1.40888,1.40874,0.00195,0.00237
04.11.2025 15:20:25.367 UTC,1.40888,1.40874,0.00195,0.00252
04.11.2025 15:20:34.051 UTC,1.40887,1.40875,0.0018,0.00432
04.11.2025 15:20:34.306 UTC,1.40888,1.40874,0.0018,0.00477
04.11.2025 15:20:34.913 UTC,1.40888,1.40874,0.0018,0.00522
04.11.2025 15:20:36.778 UTC,1.40888,1.40874,0.00195,0.00132
04.11.2025 15:20:36.830 UTC,1.40888,1.40874,0.0018,0.00192
04.11.2025 15:20:36.932 UTC,1.40887,1.40875,0.00195,0.00147
04.11.2025 15:20:44.251 UTC,1.40887,1.40874,0.00135,0.00342
04.11.2025 15:20:44.454 UTC,1.40886,1.40875,0.00135,0.00342
04.11.2025 15:20:47.909 UTC,1.40886,1.40876,0.00135,0.00372
04.11.2025 15:20:48.164 UTC,1.40887,1.40874,0.0012,0.00522
04.11.2025 15:20:48.670 UTC,1.40886,1.40876,0.0012,0.00192
04.11.2025 15:20:49.280 UTC,1.40886,1.40876,0.0012,0.00252
04.11.2025 15:20:50.189 UTC,1.40886,1.40876,0.0012,0.00144
04.11.2025 15:20:50.392 UTC,1.40886,1.40876,0.0012,0.00192
04.11.2025 15:20:53.751 UTC,1.40887,1.40875,0.0012,0.00144
04.11.2025 15:20:54.160 UTC,1.40887,1.40875,0.0012,0.00192
04.11.2025 15:20:54.412 UTC,1.40886,1.40876,0.0012,0.00144
04.11.2025 15:20:54.714 UTC,1.40886,1.40876,0.0012,0.00192
04.11.2025 15:20:55.467 UTC,1.40887,1.40875,0.0012,0.00144
04.11.2025 15:20:57.030 UTC,1.40887,1.40875,0.0012,0.00192
04.11.2025 15:20:57.232 UTC,1.40887,1.40875,0.0012,0.00144
04.11.2025 15:20:57.684 UTC,1.40887,1.40875,0.0012,0.00192
04.11.2025 15:20:58.237 UTC,1.40887,1.40875,0.0012,0.00144
04.11.2025 15:20:59.695 UTC,1.40887,1.40875,0.0012,0.00192
04.11.2025 15:20:59.948 UTC,1.40887,1.40875,0.0012,0.00144
04.11.2025 15:21:00.656 UTC,1.40887,1.40874,0.0012,0.00342
04.11.2025 15:21:01.265 UTC,1.40887,1.40874,0.0012,0.00297
04.11.2025 15:21:01.417 UTC,1.40887,1.40874,0.0012,0.00342
04.11.2025 15:21:01.899 UTC,1.40887,1.40874,0.0012,0.00297
04.11.2025 15:21:02.001 UTC,1.40886,1.40875,0.0012,0.00342
04.11.2025 15:21:02.104 UTC,1.40887,1.40874,0.0012,0.00342
04.11.2025 15:21:03.467 UTC,1.40887,1.40875,0.0012,0.00132
04.11.2025 15:21:04.324 UTC,1.40887,1.40874,0.0012,0.00342
04.11.2025 15:21:05.485 UTC,1.40888,1.40876,0.0012,0.00192
04.11.2025 15:21:05.588 UTC,1.40889,1.40876,0.00135,0.00342
04.11.2025 15:21:05.640 UTC,1.40889,1.40879,0.0012,0.00132
04.11.2025 15:21:05.692 UTC,1.40891,1.40883,0.0018,0.0012
04.11.2025 15:21:05.795 UTC,1.40896,1.40883,0.0024,0.00192
04.11.2025 15:21:05.897 UTC,1.40895,1.40884,0.00135,0.00192
04.11.2025 15:21:05.999 UTC,1.40896,1.40883,0.00135,0.00282
04.11.2025 15:21:06.859 UTC,1.40897,1.40886,0.00135,0.0012
04.11.2025 15:21:06.961 UTC,1.40897,1.40884,0.00135,0.00132
04.11.2025 15:21:13.387 UTC,1.40897,1.40885,0.00135,0.0012
04.11.2025 15:21:13.540 UTC,1.40897,1.40884,0.00135,0.00234
04.11.2025 15:21:15.147 UTC,1.40897,1.40884,0.00135,0.00327
04.11.2025 15:21:15.352 UTC,1.40899,1.40885,0.0018,0.00237
04.11.2025 15:21:17.771 UTC,1.40899,1.40885,0.0018,0.00297
04.11.2025 15:21:17.873 UTC,1.40899,1.40885,0.0018,0.00342
04.11.2025 15:21:20.203 UTC,1.40899,1.40885,0.0018,0.00327
04.11.2025 15:21:21.312 UTC,1.40899,1.40888,0.00195,0.0012
04.11.2025 15:21:21.664 UTC,1.40898,1.40886,0.00195,0.00342
04.11.2025 15:21:21.968 UTC,1.40899,1.40887,0.0012,0.00132
04.11.2025 15:21:22.071 UTC,1.40902,1.40891,0.0018,0.0012
04.11.2025 15:21:22.123 UTC,1.40902,1.4089,0.00135,0.00282
04.11.2025 15:21:22.327 UTC,1.40904,1.4089,0.0018,0.00189
04.11.2025 15:21:22.481 UTC,1.40903,1.40891,0.00285,0.00132
04.11.2025 15:21:23.898 UTC,1.40904,1.4089,0.0024,0.00252
04.11.2025 15:21:24.103 UTC,1.40901,1.40888,0.0024,0.0012
04.11.2025 15:21:24.155 UTC,1.40899,1.40886,0.0012,0.00189
04.11.2025 15:21:24.206 UTC,1.40898,1.40887,0.0018,0.00189
04.11.2025 15:21:25.017 UTC,1.40898,1.40884,0.0018,0.00192
04.11.2025 15:21:26.028 UTC,1.40897,1.40885,0.0018,0.00417
04.11.2025 15:21:26.131 UTC,1.40898,1.40885,0.00135,0.00192
04.11.2025 15:21:26.930 UTC,1.40898,1.40887,0.0018,0.00192
04.11.2025 15:21:28.240 UTC,1.409,1.40887,0.0018,0.00192
04.11.2025 15:21:28.343 UTC,1.40902,1.4089,0.0012,0.00132
04.11.2025 15:21:28.445 UTC,1.40903,1.4089,0.00135,0.00132
04.11.2025 15:21:29.207 UTC,1.40903,1.40892,0.0018,0.00132
04.11.2025 15:21:29.462 UTC,1.40903,1.40891,0.00135,0.00132
04.11.2025 15:21:29.564 UTC,1.40904,1.40891,0.00135,0.00192
04.11.2025 15:21:30.931 UTC,1.40903,1.40892,0.0018,0.00237
04.11.2025 15:21:35.730 UTC,1.40903,1.40892,0.00195,0.00225
04.11.2025 15:21:35.833 UTC,1.40902,1.40892,0.0012,0.0012
04.11.2025 15:21:35.986 UTC,1.40903,1.40891,0.0012,0.0012
04.11.2025 15:21:36.593 UTC,1.40903,1.40892,0.0012,0.0012
04.11.2025 15:21:36.745 UTC,1.40903,1.40892,0.00195,0.00225
04.11.2025 15:21:36.998 UTC,1.40904,1.40891,0.00195,0.00144
04.11.2025 15:21:37.353 UTC,1.40902,1.4089,0.0012,0.0012
04.11.2025 15:21:37.455 UTC,1.40902,1.40889,0.0018,0.00144
04.11.2025 15:21:37.557 UTC,1.40901,1.40889,0.00195,0.00252
04.11.2025 15:21:38.063 UTC,1.40902,1.40888,0.0018,0.00432
04.11.2025 15:21:38.367 UTC,1.40903,1.4089,0.0018,0.00252
04.11.2025 15:21:38.418 UTC,1.40903,1.40892,0.00195,0.00144
04.11.2025 15:21:38.724 UTC,1.40903,1.40889,0.00285,0.00234
04.11.2025 15:21:38.826 UTC,1.40901,1.40888,0.0018,0.00237
04.11.2025 15:21:38.929 UTC,1.40899,1.40888,0.00135,0.00237
04.11.2025 15:21:39.081 UTC,1.409,1.40887,0.0018,0.00147
04.11.2025 15:21:43.243 UTC,1.40901,1.40889,0.0018,0.00132
04.11.2025 15:21:43.294 UTC,1.40902,1.40889,0.0033,0.00327
04.11.2025 15:21:43.397 UTC,1.40902,1.4089,0.0018,0.00192
04.11.2025 15:21:43.500 UTC,1.40902,1.40894,0.0012,0.0012
04.11.2025 15:21:43.713 UTC,1.40909,1.40901,0.0012,0.00132
04.11.2025 15:21:43.816 UTC,1.40911,1.40903,0.0018,0.00132
04.11.2025 15:21:44.020 UTC,1.40911,1.40902,0.0012,0.00192
04.11.2025 15:21:44.376 UTC,1.40912,1.40902,0.0012,0.00132
04.11.2025 15:21:45.088 UTC,1.40912,1.409,0.0012,0.00192
04.11.2025 15:21:45.748 UTC,1.40912,1.40901,0.0012,0.00192
04.11.2025 15:21:45.849 UTC,1.40912,1.40901,0.0012,0.00144
04.11.2025 15:21:46.504 UTC,1.40911,1.40904,0.0012,0.0012
04.11.2025 15:21:46.656 UTC,1.40912,1.40901,0.0012,0.00249
04.11.2025 15:21:46.909 UTC,1.40911,1.40898,0.0012,0.00324
04.11.2025 15:21:47.012 UTC,1.4091,1.40899,0.0012,0.0024
04.11.2025 15:21:47.166 UTC,1.4091,1.40899,0.0012,0.00225
04.11.2025 15:21:47.368 UTC,1.40909,1.409,0.0012,0.0024
04.11.2025 15:21:48.027 UTC,1.4091,1.40899,0.0012,0.00294
04.11.2025 15:21:48.130 UTC,1.4091,1.40899,0.0012,0.0024
04.11.2025 15:21:48.283 UTC,1.40909,1.40898,0.0012,0.00339
04.11.2025 15:21:48.487 UTC,1.4091,1.40899,0.00135,0.00417
04.11.2025 15:21:48.589 UTC,1.40911,1.40899,0.00135,0.00339
04.11.2025 15:21:48.895 UTC,1.4091,1.409,0.0012,0.00135
04.11.2025 15:21:48.946 UTC,1.40909,1.40897,0.0012,0.00342
04.11.2025 15:21:49.251 UTC,1.40909,1.40898,0.00135,0.00342
04.11.2025 15:21:49.354 UTC,1.40911,1.40898,0.0012,0.00387
04.11.2025 15:21:49.760 UTC,1.4091,1.40899,0.0012,0.00249
04.11.2025 15:21:49.812 UTC,1.4091,1.40897,0.0012,0.00192
04.11.2025 15:21:49.965 UTC,1.40908,1.40899,0.0012,0.00144
04.11.2025 15:21:50.748 UTC,1.40908,1.40898,0.00135,0.00135
04.11.2025 15:21:50.850 UTC,1.40909,1.40896,0.00135,0.00144
04.11.2025 15:21:51.054 UTC,1.40907,1.40895,0.0012,0.00432
04.11.2025 15:21:51.156 UTC,1.40906,1.40894,0.0012,0.00237
04.11.2025 15:21:52.371 UTC,1.40906,1.40894,0.0012,0.00144
04.11.2025 15:21:53.230 UTC,1.40905,1.40895,0.0012,0.00247
04.11.2025 15:21:53.485 UTC,1.40906,1.40894,0.0012,0.00244
04.11.2025 15:21:53.639 UTC,1.40906,1.40894,0.0012,0.00145
04.11.2025 15:21:54.044 UTC,1.40905,1.40893,0.0012,0.00133
04.11.2025 15:21:54.146 UTC,1.40903,1.40894,0.0012,0.0012
04.11.2025 15:21:54.503 UTC,1.40904,1.40892,0.00135,0.0012
04.11.2025 15:21:54.908 UTC,1.40904,1.40891,0.00135,0.00379
04.11.2025 15:21:55.820 UTC,1.40903,1.40893,0.00135,0.00135
04.11.2025 15:21:56.633 UTC,1.40904,1.40892,0.00135,0.0024
04.11.2025 15:21:56.734 UTC,1.40903,1.40893,0.00135,0.00225
04.11.2025 15:21:56.988 UTC,1.40904,1.40892,0.00135,0.0024
04.11.2025 15:21:59.281 UTC,1.40904,1.40892,0.00135,0.00225
04.11.2025 15:21:59.687 UTC,1.40904,1.40892,0.00135,0.0024
04.11.2025 15:22:00.393 UTC,1.40904,1.40893,0.00135,0.0018
04.11.2025 15:22:00.798 UTC,1.40904,1.40893,0.00135,0.00135
04.11.2025 15:22:01.354 UTC,1.40904,1.40893,0.00135,0.0018
04.11.2025 15:22:02.009 UTC,1.40903,1.40894,0.00135,0.00135
04.11.2025 15:22:02.110 UTC,1.40904,1.40893,0.00135,0.0018
04.11.2025 15:22:02.764 UTC,1.40902,1.40889,0.00135,0.00234
04.11.2025 15:22:02.866 UTC,1.409,1.40889,0.0012,0.00324
04.11.2025 15:22:03.682 UTC,1.40899,1.4089,0.0012,0.00192
04.11.2025 15:22:03.937 UTC,1.40901,1.40889,0.0012,0.00339
04.11.2025 15:22:04.142 UTC,1.40901,1.4089,0.0012,0.00225
04.11.2025 15:22:04.952 UTC,1.409,1.4089,0.0012,0.00225
04.11.2025 15:22:05.459 UTC,1.40901,1.40889,0.0012,0.0024
04.11.2025 15:22:05.562 UTC,1.40901,1.40889,0.0012,0.00225
04.11.2025 15:22:05.815 UTC,1.40901,1.40889,0.0012,0.00429
04.11.2025 15:22:05.918 UTC,1.40901,1.40891,0.0012,0.0012
04.11.2025 15:22:06.173 UTC,1.40902,1.40891,0.0012,0.0012
04.11.2025 15:22:06.377 UTC,1.40902,1.40892,0.0012,0.0012
04.11.2025 15:22:11.101 UTC,1.40901,1.40894,0.0012,0.00135
04.11.2025 15:22:12.111 UTC,1.40904,1.40892,0.00135,0.0024
04.11.2025 15:22:12.519 UTC,1.40904,1.40894,0.0012,0.00192
04.11.2025 15:22:12.621 UTC,1.40905,1.40896,0.00135,0.00144
04.11.2025 15:22:13.280 UTC,1.40906,1.40894,0.0012,0.00324
04.11.2025 15:22:13.787 UTC,1.40907,1.40894,0.00225,0.00324
04.11.2025 15:22:14.191 UTC,1.40907,1.40894,0.00225,0.00339
04.11.2025 15:22:15.215 UTC,1.40907,1.40894,0.00225,0.00144
04.11.2025 15:22:15.573 UTC,1.40906,1.40895,0.00225,0.00192
04.11.2025 15:22:18.285 UTC,1.40907,1.40894,0.0027,0.00144
04.11.2025 15:22:18.739 UTC,1.40907,1.40894,0.00135,0.00192
04.11.2025 15:22:20.199 UTC,1.40906,1.40895,0.00135,0.00339
04.11.2025 15:22:20.301 UTC,1.40907,1.40894,0.00135,0.00339
04.11.2025 15:22:23.266 UTC,1.40907,1.40895,0.0012,0.00249
04.11.2025 15:22:23.420 UTC,1.40907,1.40894,0.0012,0.00429
04.11.2025 15:22:23.522 UTC,1.40907,1.40894,0.0018,0.00414
04.11.2025 15:22:24.914 UTC,1.40907,1.40894,0.00135,0.0018
04.11.2025 15:22:25.118 UTC,1.40907,1.40894,0.00135,0.00135
04.11.2025 15:22:25.220 UTC,1.40905,1.40894,0.0012,0.0042
04.11.2025 15:22:26.932 UTC,1.40906,1.40893,0.0018,0.00225
04.11.2025 15:22:27.286 UTC,1.40905,1.40894,0.00135,0.0024
04.11.2025 15:22:27.741 UTC,1.40906,1.40893,0.0018,0.00225
04.11.2025 15:22:27.892 UTC,1.40905,1.40894,0.00195,0.0012
04.11.2025 15:22:29.203 UTC,1.40905,1.40892,0.00135,0.00225
04.11.2025 15:22:29.506 UTC,1.40905,1.40892,0.00135,0.0024
04.11.2025 15:22:30.716 UTC,1.40904,1.40893,0.00135,0.00135
04.11.2025 15:22:30.819 UTC,1.40904,1.40891,0.0018,0.00315
04.11.2025 15:22:32.672 UTC,1.40904,1.40891,0.0018,0.00348
04.11.2025 15:22:32.775 UTC,1.40904,1.40892,0.00135,0.00144
04.11.2025 15:22:32.930 UTC,1.40905,1.40893,0.0018,0.00144
04.11.2025 15:22:33.034 UTC,1.40905,1.40893,0.00135,0.00144
04.11.2025 15:22:33.691 UTC,1.40903,1.40894,0.00135,0.0012
04.11.2025 15:22:33.744 UTC,1.40904,1.40891,0.00135,0.00315
04.11.2025 15:22:33.846 UTC,1.40902,1.40892,0.0012,0.00135
04.11.2025 15:22:34.957 UTC,1.40903,1.4089,0.0012,0.00405
04.11.2025 15:22:35.060 UTC,1.40903,1.4089,0.0012,0.00387
04.11.2025 15:22:37.126 UTC,1.40903,1.4089,0.0012,0.00342
04.11.2025 15:22:37.435 UTC,1.40902,1.4089,0.00195,0.00342
04.11.2025 15:22:37.487 UTC,1.40901,1.4089,0.0012,0.00132
04.11.2025 15:22:37.538 UTC,1.40901,1.40888,0.0018,0.00237
04.11.2025 15:22:38.497 UTC,1.40899,1.40888,0.00225,0.00372
04.11.2025 15:22:38.650 UTC,1.409,1.40887,0.0018,0.00282
04.11.2025 15:22:38.752 UTC,1.40899,1.40888,0.00135,0.00291
04.11.2025 15:22:40.747 UTC,1.40899,1.40888,0.00135,0.00507
04.11.2025 15:22:40.854 UTC,1.409,1.40887,0.00135,0.00417
04.11.2025 15:22:42.064 UTC,1.40901,1.40889,0.00135,0.00132
04.11.2025 15:22:42.166 UTC,1.40903,1.40891,0.0018,0.00147
04.11.2025 15:22:42.217 UTC,1.40903,1.40891,0.00135,0.00147
04.11.2025 15:22:49.015 UTC,1.40902,1.40893,0.0012,0.00147
04.11.2025 15:22:49.117 UTC,1.40903,1.40892,0.0012,0.00135
04.11.2025 15:22:49.320 UTC,1.40902,1.40893,0.0012,0.0018
04.11.2025 15:22:49.941 UTC,1.40903,1.40893,0.00135,0.00234
04.11.2025 15:22:50.044 UTC,1.40905,1.40892,0.0018,0.00429
04.11.2025 15:22:50.198 UTC,1.40904,1.40893,0.00135,0.00429
04.11.2025 15:22:50.300 UTC,1.40904,1.40893,0.00135,0.00384
04.11.2025 15:22:50.402 UTC,1.40905,1.40892,0.00135,0.0027
04.11.2025 15:22:50.504 UTC,1.40904,1.40891,0.0012,0.00504
04.11.2025 15:22:50.708 UTC,1.40904,1.40891,0.00135,0.00429
04.11.2025 15:22:51.463 UTC,1.40904,1.40892,0.00135,0.00147
04.11.2025 15:22:52.425 UTC,1.40903,1.40893,0.00135,0.00207
04.11.2025 15:22:52.526 UTC,1.40903,1.40893,0.00135,0.00192
04.11.2025 15:22:52.881 UTC,1.40904,1.40892,0.00135,0.00207
04.11.2025 15:22:53.083 UTC,1.40904,1.40892,0.00135,0.00192
04.11.2025 15:22:53.387 UTC,1.40904,1.40892,0.00135,0.00207
04.11.2025 15:22:53.639 UTC,1.40904,1.40892,0.00135,0.00192
04.11.2025 15:22:53.795 UTC,1.40904,1.40892,0.0012,0.00342
04.11.2025 15:22:55.772 UTC,1.40904,1.40892,0.0012,0.00297
04.11.2025 15:22:56.326 UTC,1.40906,1.40893,0.0018,0.00192
04.11.2025 15:22:57.282 UTC,1.40905,1.40894,0.00195,0.00144
04.11.2025 15:22:57.729 UTC,1.40906,1.40893,0.0018,0.00192
04.11.2025 15:22:59.348 UTC,1.40906,1.40893,0.00195,0.00324
04.11.2025 15:22:59.652 UTC,1.40906,1.40893,0.0018,0.00339
04.11.2025 15:22:59.904 UTC,1.40906,1.40893,0.0018,0.00327
04.11.2025 15:23:00.006 UTC,1.40906,1.40893,0.0018,0.00342
04.11.2025 15:23:04.746 UTC,1.40904,1.40892,0.0012,0.00252
04.11.2025 15:23:05.455 UTC,1.40902,1.40892,0.0012,0.00339
04.11.2025 15:23:05.558 UTC,1.40903,1.40891,0.0012,0.00189
04.11.2025 15:23:05.711 UTC,1.40902,1.40892,0.0012,0.00237
04.11.2025 15:23:07.826 UTC,1.40903,1.40891,0.0012,0.00294
04.11.2025 15:23:08.029 UTC,1.40903,1.40891,0.0012,0.00339
04.11.2025 15:23:08.735 UTC,1.40903,1.40891,0.0012,0.00294
04.11.2025 15:23:11.854 UTC,1.40902,1.40894,0.0012,0.00147
04.11.2025 15:23:12.309 UTC,1.40903,1.40893,0.0012,0.00144
04.11.2025 15:23:12.813 UTC,1.40903,1.40893,0.0012,0.00192
04.11.2025 15:23:13.718 UTC,1.40903,1.40893,0.0012,0.00144
04.11.2025 15:23:13.820 UTC,1.40904,1.40895,0.0012,0.00147
04.11.2025 15:23:13.924 UTC,1.40904,1.40895,0.0012,0.00327
04.11.2025 15:23:15.063 UTC,1.40904,1.40895,0.0012,0.00192
04.11.2025 15:23:15.369 UTC,1.40904,1.40893,0.0012,0.00327
04.11.2025 15:23:15.623 UTC,1.40904,1.40893,0.0012,0.00315
04.11.2025 15:23:16.126 UTC,1.40904,1.40896,0.0012,0.0012
04.11.2025 15:23:16.177 UTC,1.40903,1.40894,0.0012,0.00315
04.11.2025 15:23:16.329 UTC,1.40903,1.40894,0.0012,0.0018
04.11.2025 15:23:20.444 UTC,1.40905,1.40893,0.0012,0.0018
04.11.2025 15:23:20.948 UTC,1.40903,1.40893,0.00135,0.0018
04.11.2025 15:23:21.050 UTC,1.40903,1.40892,0.00135,0.00339
04.11.2025 15:23:21.152 UTC,1.40903,1.4089,0.0012,0.00249
04.11.2025 15:23:21.253 UTC,1.40903,1.4089,0.0012,0.00324
04.11.2025 15:23:21.557 UTC,1.40905,1.40892,0.0018,0.00234
04.11.2025 15:23:21.659 UTC,1.40904,1.40893,0.0012,0.00234
04.11.2025 15:23:21.811 UTC,1.40905,1.40892,0.0012,0.00249
04.11.2025 15:23:21.914 UTC,1.40906,1.40893,0.0012,0.00192
04.11.2025 15:23:22.319 UTC,1.40906,1.40897,0.0012,0.0012
04.11.2025 15:23:22.370 UTC,1.40906,1.40893,0.0012,0.0024
04.11.2025 15:23:22.989 UTC,1.40906,1.40893,0.0012,0.0018
04.11.2025 15:23:23.546 UTC,1.40906,1.40893,0.0012,0.0024
04.11.2025 15:23:23.648 UTC,1.40906,1.40893,0.0012,0.00225
04.11.2025 15:23:23.800 UTC,1.40905,1.40894,0.0012,0.0024
04.11.2025 15:23:24.102 UTC,1.40906,1.40893,0.0012,0.00225
04.11.2025 15:23:24.756 UTC,1.40906,1.40893,0.0012,0.0024
04.11.2025 15:23:24.910 UTC,1.40907,1.40894,0.0012,0.0024
04.11.2025 15:23:25.265 UTC,1.40907,1.40896,0.00135,0.00225
04.11.2025 15:23:25.467 UTC,1.40908,1.40896,0.00135,0.0012
04.11.2025 15:23:25.569 UTC,1.40908,1.40895,0.00135,0.00315
04.11.2025 15:23:25.672 UTC,1.40908,1.40896,0.0012,0.0012
04.11.2025 15:23:26.126 UTC,1.40908,1.40895,0.0012,0.00315
04.11.2025 15:23:26.279 UTC,1.40908,1.40896,0.0012,0.0012
04.11.2025 15:23:26.935 UTC,1.40909,1.409,0.00135,0.0012
04.11.2025 15:23:27.038 UTC,1.40913,1.409,0.0012,0.0027
04.11.2025 15:23:27.191 UTC,1.40912,1.40899,0.0012,0.0018
04.11.2025 15:23:27.297 UTC,1.40911,1.40898,0.00135,0.0018
04.11.2025 15:23:27.705 UTC,1.4091,1.40897,0.0012,0.0024
04.11.2025 15:23:27.908 UTC,1.40909,1.40896,0.0012,0.0024
04.11.2025 15:23:28.010 UTC,1.40908,1.40898,0.0012,0.00135
04.11.2025 15:23:29.576 UTC,1.40908,1.40897,0.0012,0.0024
04.11.2025 15:23:30.787 UTC,1.40909,1.40897,0.0012,0.00135
04.11.2025 15:23:31.427 UTC,1.40908,1.40898,0.0012,0.0018
04.11.2025 15:23:33.138 UTC,1.40909,1.40897,0.0012,0.00135
04.11.2025 15:23:33.241 UTC,1.40908,1.40894,0.0012,0.00285
04.11.2025 15:23:33.347 UTC,1.40907,1.40893,0.0012,0.0051
04.11.2025 15:23:33.601 UTC,1.40906,1.40894,0.0012,0.00405
04.11.2025 15:23:35.015 UTC,1.40907,1.40893,0.0012,0.0033
04.11.2025 15:23:36.030 UTC,1.40906,1.40894,0.00135,0.00315
04.11.2025 15:23:36.081 UTC,1.40906,1.40894,0.0012,0.00285
04.11.2025 15:23:36.184 UTC,1.40907,1.40893,0.00135,0.0033
04.11.2025 15:23:37.191 UTC,1.40906,1.40893,0.0012,0.0033
04.11.2025 15:23:37.292 UTC,1.40906,1.40894,0.00135,0.0033
04.11.2025 15:23:37.948 UTC,1.40905,1.40892,0.0012,0.0033
04.11.2025 15:23:38.000 UTC,1.40903,1.40892,0.0012,0.00285
04.11.2025 15:23:38.356 UTC,1.40903,1.40891,0.0012,0.0018
04.11.2025 15:23:39.466 UTC,1.40903,1.40891,0.0012,0.00135
04.11.2025 15:23:39.593 UTC,1.40902,1.40892,0.0012,0.00147
04.11.2025 15:23:40.652 UTC,1.40902,1.40891,0.0012,0.00147
04.11.2025 15:23:43.068 UTC,1.40901,1.40891,0.0012,0.0012
04.11.2025 15:23:43.120 UTC,1.40898,1.40888,0.0012,0.00237
04.11.2025 15:23:43.576 UTC,1.40898,1.40886,0.0012,0.00327
04.11.2025 15:23:44.385 UTC,1.40898,1.40886,0.0012,0.00237
04.11.2025 15:23:44.839 UTC,1.40896,1.40887,0.0012,0.00132
04.11.2025 15:23:45.245 UTC,1.40896,1.40886,0.0012,0.00147
04.11.2025 15:23:49.778 UTC,1.40896,1.40885,0.0012,0.00132
04.11.2025 15:23:49.830 UTC,1.40894,1.40884,0.0012,0.0012
04.11.2025 15:23:49.935 UTC,1.40893,1.40881,0.00135,0.00192
04.11.2025 15:23:50.038 UTC,1.40889,1.4088,0.0012,0.00132
04.11.2025 15:23:50.140 UTC,1.40889,1.40877,0.0012,0.00132
04.11.2025 15:23:50.243 UTC,1.40888,1.40875,0.0012,0.00192
04.11.2025 15:23:50.853 UTC,1.40888,1.40876,0.0012,0.00132
04.11.2025 15:23:52.573 UTC,1.40888,1.40876,0.0012,0.00192
04.11.2025 15:23:52.675 UTC,1.40889,1.40876,0.0012,0.00282
04.11.2025 15:23:54.891 UTC,1.4089,1.4088,0.0012,0.00132
04.11.2025 15:23:54.943 UTC,1.40892,1.4088,0.0018,0.00132
04.11.2025 15:23:56.043 UTC,1.40892,1.40879,0.0012,0.00342
04.11.2025 15:23:56.146 UTC,1.40891,1.4088,0.0012,0.00342
04.11.2025 15:23:56.249 UTC,1.40892,1.40879,0.0012,0.00342
04.11.2025 15:23:56.957 UTC,1.40891,1.4088,0.0012,0.00474
04.11.2025 15:23:57.612 UTC,1.40891,1.40878,0.00135,0.00279
04.11.2025 15:23:57.663 UTC,1.40888,1.40879,0.0012,0.00132
04.11.2025 15:23:57.867 UTC,1.40888,1.40878,0.0012,0.00234
04.11.2025 15:23:59.980 UTC,1.40889,1.40877,0.0012,0.00207
04.11.2025 15:24:00.083 UTC,1.40889,1.4088,0.0012,0.0012
04.11.2025 15:24:00.235 UTC,1.40889,1.40878,0.0012,0.00135
04.11.2025 15:24:00.540 UTC,1.40889,1.40878,0.0012,0.0018
04.11.2025 15:24:01.396 UTC,1.40888,1.40876,0.0012,0.00612
04.11.2025 15:24:01.448 UTC,1.40887,1.40876,0.0012,0.0027
04.11.2025 15:24:01.550 UTC,1.40887,1.40874,0.0012,0.00432
04.11.2025 15:24:03.924 UTC,1.40884,1.40876,0.0012,0.0012
04.11.2025 15:24:04.026 UTC,1.40885,1.40874,0.0012,0.00225
04.11.2025 15:24:05.378 UTC,1.40884,1.40876,0.0012,0.0012
04.11.2025 15:24:08.150 UTC,1.40885,1.40875,0.0012,0.00192
04.11.2025 15:24:08.354 UTC,1.40885,1.40875,0.0012,0.00144
04.11.2025 15:24:08.607 UTC,1.40885,1.40875,0.0012,0.0024
04.11.2025 15:24:09.564 UTC,1.40884,1.40876,0.0012,0.00225
04.11.2025 15:24:09.817 UTC,1.40886,1.40875,0.0012,0.00324
04.11.2025 15:24:10.121 UTC,1.40886,1.40875,0.0012,0.00339
04.11.2025 15:24:10.527 UTC,1.40886,1.40875,0.0012,0.0018
04.11.2025 15:24:11.885 UTC,1.40885,1.40878,0.0012,0.0012
04.11.2025 15:24:11.936 UTC,1.40885,1.40876,0.0012,0.00225
04.11.2025 15:24:12.238 UTC,1.40886,1.40875,0.0012,0.0024
04.11.2025 15:24:12.746 UTC,1.40886,1.40875,0.0012,0.00324
04.11.2025 15:24:16.325 UTC,1.40886,1.40876,0.0012,0.00135
04.11.2025 15:24:16.580 UTC,1.40888,1.40877,0.0012,0.0018
04.11.2025 15:24:16.732 UTC,1.40888,1.40877,0.0012,0.00135
04.11.2025 15:24:16.835 UTC,1.40888,1.40879,0.0012,0.0012
04.11.2025 15:24:16.886 UTC,1.40887,1.40878,0.0012,0.00135
04.11.2025 15:24:18.649 UTC,1.40887,1.40878,0.0012,0.0018
04.11.2025 15:24:18.751 UTC,1.40888,1.40876,0.0012,0.00249
04.11.2025 15:24:18.853 UTC,1.40887,1.40876,0.0012,0.00234
04.11.2025 15:24:20.367 UTC,1.40885,1.40873,0.0012,0.00144
04.11.2025 15:24:20.470 UTC,1.40884,1.40871,0.0012,0.00327
04.11.2025 15:24:20.776 UTC,1.40882,1.40872,0.0012,0.00342
04.11.2025 15:24:20.878 UTC,1.40883,1.40871,0.0012,0.00279
04.11.2025 15:24:21.486 UTC,1.40883,1.40872,0.0012,0.0012
04.11.2025 15:24:21.791 UTC,1.40883,1.40874,0.0012,0.0012
04.11.2025 15:24:21.842 UTC,1.40882,1.40873,0.0012,0.0012
04.11.2025 15:24:22.024 UTC,1.40883,1.40871,0.0012,0.00189
04.11.2025 15:24:22.332 UTC,1.40881,1.40872,0.0012,0.0012
04.11.2025 15:24:22.434 UTC,1.40882,1.4087,0.0012,0.00135
04.11.2025 15:24:22.536 UTC,1.40882,1.4087,0.0012,0.0018
04.11.2025 15:24:22.789 UTC,1.40882,1.4087,0.0012,0.00225
04.11.2025 15:24:23.693 UTC,1.40882,1.40871,0.0012,0.00135
04.11.2025 15:24:25.616 UTC,1.40882,1.40871,0.0012,0.0018
04.11.2025 15:24:26.222 UTC,1.40882,1.40871,0.0012,0.00135
04.11.2025 15:24:26.474 UTC,1.40881,1.40872,0.0012,0.0018
04.11.2025 15:24:27.279 UTC,1.40881,1.40872,0.0012,0.00135
04.11.2025 15:24:27.434 UTC,1.40881,1.4087,0.0012,0.0012
04.11.2025 15:24:27.537 UTC,1.40879,1.40871,0.0012,0.0012
04.11.2025 15:24:27.639 UTC,1.4088,1.40867,0.0012,0.00429
04.11.2025 15:24:28.043 UTC,1.4088,1.40867,0.0012,0.00324
04.11.2025 15:24:28.246 UTC,1.40878,1.40867,0.0012,0.00144
04.11.2025 15:24:28.349 UTC,1.40877,1.40868,0.0012,0.00339
04.11.2025 15:24:28.602 UTC,1.40878,1.40867,0.0012,0.00339
04.11.2025 15:24:30.835 UTC,1.40878,1.40867,0.0012,0.00225
04.11.2025 15:24:30.941 UTC,1.40876,1.40865,0.0012,0.00144
04.11.2025 15:24:31.044 UTC,1.40876,1.40864,0.0012,0.00342
04.11.2025 15:24:31.297 UTC,1.40875,1.40865,0.0012,0.00342
04.11.2025 15:24:32.156 UTC,1.40876,1.40864,0.0012,0.00297
04.11.2025 15:24:32.258 UTC,1.40876,1.40864,0.0012,0.00387
04.11.2025 15:24:32.411 UTC,1.40876,1.40865,0.0012,0.00204
04.11.2025 15:24:32.563 UTC,1.40876,1.40865,0.0012,0.00192
04.11.2025 15:24:33.323 UTC,1.40876,1.40865,0.0012,0.00204
04.11.2025 15:24:33.728 UTC,1.40876,1.40866,0.0012,0.00135
04.11.2025 15:24:33.932 UTC,1.40876,1.40866,0.0012,0.00249
04.11.2025 15:24:34.592 UTC,1.40876,1.40868,0.0012,0.0012
04.11.2025 15:24:34.695 UTC,1.40876,1.40866,0.0012,0.00192
04.11.2025 15:24:35.501 UTC,1.40876,1.40866,0.0012,0.00144
04.11.2025 15:24:36.104 UTC,1.40876,1.40866,0.0012,0.00192
04.11.2025 15:24:36.309 UTC,1.40878,1.40866,0.0012,0.00432
04.11.2025 15:24:36.417 UTC,1.40879,1.4087,0.0012,0.00144
04.11.2025 15:24:36.875 UTC,1.40877,1.40866,0.0012,0.00429
04.11.2025 15:24:36.927 UTC,1.40877,1.40866,0.0012,0.0027
04.11.2025 15:24:37.283 UTC,1.40879,1.40868,0.0012,0.00135
04.11.2025 15:24:37.385 UTC,1.40879,1.40869,0.0012,0.00135
04.11.2025 15:24:37.538 UTC,1.4088,1.40869,0.0012,0.00225
04.11.2025 15:24:37.741 UTC,1.4088,1.40869,0.0012,0.00339
04.11.2025 15:24:37.844 UTC,1.40882,1.40871,0.0012,0.0012
04.11.2025 15:24:37.946 UTC,1.40881,1.40873,0.0012,0.0012
04.11.2025 15:24:38.048 UTC,1.40881,1.40872,0.0012,0.00189
04.11.2025 15:24:38.352 UTC,1.40882,1.40872,0.0012,0.0012
04.11.2025 15:24:40.289 UTC,1.40881,1.40872,0.0012,0.00339
04.11.2025 15:24:40.745 UTC,1.40882,1.40872,0.0012,0.0012
04.11.2025 15:24:41.655 UTC,1.40881,1.40872,0.0012,0.0033
04.11.2025 15:24:42.667 UTC,1.40881,1.40872,0.0012,0.00135
04.11.2025 15:24:43.580 UTC,1.40881,1.40872,0.0012,0.0018
04.11.2025 15:24:44.639 UTC,1.40882,1.40872,0.0012,0.0018
04.11.2025 15:24:44.792 UTC,1.40883,1.40874,0.0012,0.00135
04.11.2025 15:24:44.895 UTC,1.40884,1.40875,0.0012,0.00135
04.11.2025 15:24:47.117 UTC,1.40885,1.40874,0.0012,0.0024
04.11.2025 15:24:47.473 UTC,1.40885,1.40873,0.0012,0.00375
04.11.2025 15:24:48.685 UTC,1.40885,1.40874,0.0012,0.0018
04.11.2025 15:24:53.674 UTC,1.40886,1.40875,0.0012,0.0024
04.11.2025 15:24:53.928 UTC,1.40886,1.40875,0.0012,0.00225
04.11.2025 15:24:54.230 UTC,1.40885,1.40876,0.0012,0.0018
04.11.2025 15:24:54.534 UTC,1.40886,1.40875,0.0012,0.00135
04.11.2025 15:24:55.056 UTC,1.40885,1.40876,0.0012,0.0018
04.11.2025 15:24:56.870 UTC,1.40885,1.40876,0.0012,0.00135
04.11.2025 15:24:57.426 UTC,1.40886,1.40875,0.0012,0.00192
04.11.2025 15:24:59.247 UTC,1.40886,1.40875,0.0012,0.00189
04.11.2025 15:24:59.549 UTC,1.40886,1.40875,0.0012,0.00204
04.11.2025 15:25:00.156 UTC,1.40886,1.40875,0.0012,0.0018
04.11.2025 15:25:00.411 UTC,1.40886,1.40875,0.0012,0.00204
04.11.2025 15:25:00.920 UTC,1.40886,1.40875,0.0012,0.00189
04.11.2025 15:25:01.224 UTC,1.40886,1.40875,0.0012,0.00204
04.11.2025 15:25:02.082 UTC,1.40886,1.40875,0.0012,0.0012
04.11.2025 15:25:02.184 UTC,1.40886,1.40874,0.0012,0.00189
04.11.2025 15:25:05.075 UTC,1.40885,1.40873,0.0012,0.00285
04.11.2025 15:25:05.178 UTC,1.40883,1.40872,0.0012,0.00429
04.11.2025 15:25:06.236 UTC,1.40884,1.40872,0.0012,0.00132
04.11.2025 15:25:06.793 UTC,1.40884,1.40871,0.0012,0.00297
04.11.2025 15:25:07.250 UTC,1.40885,1.40874,0.0012,0.00135
04.11.2025 15:25:07.503 UTC,1.40885,1.40874,0.0012,0.0018
04.11.2025 15:25:07.656 UTC,1.40885,1.40874,0.0012,0.00132
04.11.2025 15:25:07.809 UTC,1.40885,1.40874,0.0012,0.00192
04.11.2025 15:25:08.112 UTC,1.40885,1.40874,0.0012,0.00144
04.11.2025 15:25:08.364 UTC,1.40885,1.40874,0.0012,0.00192
04.11.2025 15:25:08.465 UTC,1.40885,1.40877,0.0012,0.0012
04.11.2025 15:25:08.517 UTC,1.40885,1.40874,0.0012,0.00192
04.11.2025 15:25:08.618 UTC,1.40885,1.40874,0.0012,0.00144
04.11.2025 15:25:09.479 UTC,1.40885,1.40873,0.0012,0.00342
04.11.2025 15:25:10.286 UTC,1.40885,1.40873,0.0012,0.00297
04.11.2025 15:25:10.438 UTC,1.40884,1.40874,0.0012,0.00342
04.11.2025 15:25:10.941 UTC,1.40885,1.40873,0.0012,0.00342
04.11.2025 15:25:11.143 UTC,1.40884,1.40874,0.0012,0.00342
04.11.2025 15:25:12.508 UTC,1.40885,1.40873,0.0012,0.00297
04.11.2025 15:25:13.889 UTC,1.40884,1.40874,0.0012,0.0033
04.11.2025 15:25:14.595 UTC,1.40885,1.40873,0.0012,0.00285
04.11.2025 15:25:14.896 UTC,1.40884,1.40874,0.0012,0.0033
04.11.2025 15:25:15.853 UTC,1.40885,1.40873,0.0012,0.00285
04.11.2025 15:25:18.368 UTC,1.40884,1.40877,0.0012,0.0012
04.11.2025 15:25:18.571 UTC,1.40884,1.40874,0.0012,0.0033
04.11.2025 15:25:20.133 UTC,1.40885,1.40873,0.0012,0.00342
04.11.2025 15:25:21.543 UTC,1.40885,1.40874,0.0012,0.00204
04.11.2025 15:25:22.099 UTC,1.40884,1.40875,0.0012,0.00144
04.11.2025 15:25:23.079 UTC,1.40885,1.40873,0.0012,0.00135
04.11.2025 15:25:23.232 UTC,1.40885,1.40873,0.0012,0.0018
04.11.2025 15:25:23.333 UTC,1.40885,1.40876,0.0012,0.0012
04.11.2025 15:25:23.384 UTC,1.40885,1.40873,0.0012,0.0018
04.11.2025 15:25:25.846 UTC,1.40884,1.40873,0.0012,0.00135
04.11.2025 15:25:25.948 UTC,1.40883,1.40872,0.0012,0.00135
04.11.2025 15:25:26.203 UTC,1.40883,1.40871,0.0012,0.00132
04.11.2025 15:25:26.857 UTC,1.40884,1.40872,0.0012,0.00132
04.11.2025 15:25:27.515 UTC,1.40884,1.40873,0.0012,0.00195
04.11.2025 15:25:27.667 UTC,1.40883,1.40874,0.0012,0.0018
04.11.2025 15:25:28.776 UTC,1.40884,1.40873,0.0012,0.00135
04.11.2025 15:25:29.329 UTC,1.40884,1.40873,0.0012,0.0018
04.11.2025 15:25:29.633 UTC,1.40884,1.40873,0.0012,0.00144
04.11.2025 15:25:29.685 UTC,1.40884,1.40874,0.0012,0.00204
04.11.2025 15:25:29.939 UTC,1.40885,1.40873,0.0012,0.00213
04.11.2025 15:25:32.483 UTC,1.40887,1.40875,0.0012,0.00144
04.11.2025 15:25:32.736 UTC,1.40887,1.40875,0.0012,0.00132
04.11.2025 15:25:33.041 UTC,1.40887,1.40874,0.0012,0.00387
04.11.2025 15:25:33.244 UTC,1.40887,1.40875,0.0012,0.00201
04.11.2025 15:25:33.599 UTC,1.40887,1.40876,0.0012,0.0018
04.11.2025 15:25:33.802 UTC,1.40887,1.40876,0.0012,0.00135
04.11.2025 15:25:34.259 UTC,1.40887,1.40874,0.0012,0.00168
04.11.2025 15:25:34.512 UTC,1.40887,1.40875,0.0012,0.00132
04.11.2025 15:25:35.270 UTC,1.40887,1.40875,0.0012,0.00204
04.11.2025 15:25:35.473 UTC,1.40887,1.40875,0.0012,0.00144
04.11.2025 15:25:35.777 UTC,1.40887,1.40875,0.0012,0.00294
04.11.2025 15:25:35.879 UTC,1.40887,1.40876,0.0012,0.00249
04.11.2025 15:25:35.982 UTC,1.40887,1.40875,0.0012,0.00291
04.11.2025 15:25:37.749 UTC,1.40887,1.40875,0.0012,0.00198
04.11.2025 15:25:37.952 UTC,1.40887,1.40875,0.0012,0.00249
04.11.2025 15:25:38.054 UTC,1.40887,1.40875,0.0012,0.00144
04.11.2025 15:25:38.307 UTC,1.40887,1.40875,0.0012,0.00108
04.11.2025 15:25:38.610 UTC,1.40887,1.40875,0.0012,0.00144
04.11.2025 15:25:38.933 UTC,1.40886,1.40876,0.0012,0.00108
04.11.2025 15:25:39.698 UTC,1.40887,1.40874,0.0012,0.00432
04.11.2025 15:25:41.710 UTC,1.40886,1.40875,0.0012,0.00342
04.11.2025 15:25:42.664 UTC,1.40886,1.40875,0.0012,0.00297
04.11.2025 15:25:43.069 UTC,1.40887,1.40875,0.0012,0.00234
04.11.2025 15:25:43.373 UTC,1.40886,1.40876,0.0012,0.00294
04.11.2025 15:25:43.476 UTC,1.40886,1.40876,0.0012,0.00234
04.11.2025 15:25:43.527 UTC,1.40887,1.40875,0.0012,0.00297
04.11.2025 15:25:43.629 UTC,1.40887,1.40878,0.0012,0.00144
04.11.2025 15:25:43.783 UTC,1.40887,1.40878,0.0012,0.00192
04.11.2025 15:25:45.147 UTC,1.40888,1.40877,0.0012,0.00144
04.11.2025 15:25:46.665 UTC,1.40889,1.40879,0.0012,0.00147
04.11.2025 15:25:46.808 UTC,1.40893,1.40883,0.0012,0.0012
04.11.2025 15:25:46.912 UTC,1.40893,1.40882,0.0012,0.0012
04.11.2025 15:25:47.269 UTC,1.40893,1.4088,0.0012,0.00324
04.11.2025 15:25:47.726 UTC,1.40893,1.4088,0.0012,0.00294
04.11.2025 15:25:48.482 UTC,1.40893,1.4088,0.00132,0.0033
04.11.2025 15:25:50.944 UTC,1.40892,1.4088,0.0012,0.00195
04.11.2025 15:25:52.153 UTC,1.4089,1.40879,0.00132,0.0018
04.11.2025 15:25:52.256 UTC,1.40889,1.40877,0.00132,0.0012
04.11.2025 15:25:52.764 UTC,1.40889,1.40876,0.00132,0.00135
04.11.2025 15:25:53.320 UTC,1.40888,1.40877,0.00132,0.00195
04.11.2025 15:25:53.422 UTC,1.40888,1.40877,0.00132,0.00135
04.11.2025 15:25:55.332 UTC,1.40887,1.40875,0.0012,0.00375
04.11.2025 15:25:56.294 UTC,1.40887,1.40876,0.0012,0.0012
04.11.2025 15:25:57.053 UTC,1.40886,1.40877,0.0012,0.0012
04.11.2025 15:25:57.205 UTC,1.40887,1.40876,0.0012,0.0012
04.11.2025 15:25:59.531 UTC,1.40887,1.40875,0.0012,0.00285
04.11.2025 15:26:01.802 UTC,1.40886,1.40876,0.0012,0.0018
04.11.2025 15:26:01.904 UTC,1.40887,1.40875,0.0012,0.00132
04.11.2025 15:26:02.056 UTC,1.40886,1.40876,0.0012,0.00132
04.11.2025 15:26:02.209 UTC,1.40887,1.40875,0.0012,0.00132
04.11.2025 15:26:03.313 UTC,1.40886,1.40876,0.0012,0.0012
04.11.2025 15:26:04.318 UTC,1.40886,1.40876,0.0012,0.0033
04.11.2025 15:26:04.521 UTC,1.40887,1.40876,0.0012,0.0012
04.11.2025 15:26:04.774 UTC,1.40886,1.40876,0.0012,0.0033
04.11.2025 15:26:04.975 UTC,1.40886,1.40876,0.0012,0.00375
04.11.2025 15:26:05.330 UTC,1.40887,1.40875,0.0012,0.0036
04.11.2025 15:26:05.482 UTC,1.40887,1.40876,0.0012,0.0012
04.11.2025 15:26:05.584 UTC,1.40886,1.40877,0.0012,0.0012
04.11.2025 15:26:08.211 UTC,1.40887,1.40876,0.0012,0.0018
04.11.2025 15:26:10.630 UTC,1.40887,1.40875,0.0012,0.0018
04.11.2025 15:26:11.134 UTC,1.40887,1.40875,0.0012,0.00195
04.11.2025 15:26:11.436 UTC,1.40886,1.40876,0.0012,0.0018
04.11.2025 15:26:12.303 UTC,1.40887,1.40875,0.0012,0.00195
04.11.2025 15:26:12.408 UTC,1.40887,1.40875,0.0012,0.0018
04.11.2025 15:26:12.862 UTC,1.40887,1.40875,0.0012,0.00195
04.11.2025 15:26:13.164 UTC,1.40885,1.40875,0.00132,0.00285
04.11.2025 15:26:13.269 UTC,1.40884,1.40871,0.00132,0.0024
04.11.2025 15:26:13.320 UTC,1.40883,1.40872,0.00132,0.00135
04.11.2025 15:26:13.523 UTC,1.40884,1.40871,0.00132,0.00195
04.11.2025 15:26:14.643 UTC,1.40884,1.40872,0.0012,0.00195
04.11.2025 15:26:14.998 UTC,1.40884,1.40872,0.0012,0.0024
04.11.2025 15:26:15.100 UTC,1.40883,1.40873,0.0012,0.00195
04.11.2025 15:26:15.202 UTC,1.40884,1.40872,0.0012,0.0018
04.11.2025 15:26:15.760 UTC,1.40884,1.40872,0.0012,0.00135
04.11.2025 15:26:16.666 UTC,1.40884,1.40871,0.0012,0.0012
04.11.2025 15:26:16.718 UTC,1.40879,1.4087,0.0012,0.0018
04.11.2025 15:26:16.770 UTC,1.40879,1.40867,0.0012,0.0012
04.11.2025 15:26:16.872 UTC,1.40877,1.40866,0.0012,0.00192
04.11.2025 15:26:16.974 UTC,1.40878,1.40865,0.0012,0.00249
04.11.2025 15:26:17.533 UTC,1.40877,1.40864,0.0012,0.00429
04.11.2025 15:26:18.644 UTC,1.40877,1.40864,0.0012,0.00285
04.11.2025 15:26:20.649 UTC,1.40877,1.40865,0.0012,0.0018
04.11.2025 15:26:20.750 UTC,1.40877,1.40865,0.0012,0.00135
04.11.2025 15:26:21.910 UTC,1.40876,1.40866,0.0012,0.0018
04.11.2025 15:26:22.062 UTC,1.40876,1.40866,0.0012,0.00135
04.11.2025 15:26:23.630 UTC,1.40877,1.40868,0.0012,0.0012
04.11.2025 15:26:23.682 UTC,1.40877,1.40865,0.0012,0.00225
04.11.2025 15:26:28.233 UTC,1.40877,1.40866,0.0012,0.0018
04.11.2025 15:26:28.337 UTC,1.40877,1.40867,0.0012,0.0027
04.11.2025 15:26:28.439 UTC,1.40878,1.40866,0.0012,0.00285
04.11.2025 15:26:28.895 UTC,1.40878,1.40867,0.0012,0.0012
04.11.2025 15:26:29.956 UTC,1.40878,1.40866,0.0012,0.0012
04.11.2025 15:26:30.764 UTC,1.40877,1.40867,0.0012,0.0012
04.11.2025 15:26:31.420 UTC,1.40878,1.40866,0.0012,0.0012
04.11.2025 15:26:34.696 UTC,1.40876,1.40867,0.0012,0.0012
04.11.2025 15:26:37.048 UTC,1.40876,1.40866,0.0012,0.00225
04.11.2025 15:26:37.500 UTC,1.40877,1.40865,0.0012,0.0024
04.11.2025 15:26:37.656 UTC,1.40877,1.40865,0.0012,0.00225
04.11.2025 15:26:40.386 UTC,1.40878,1.40865,0.0012,0.0027
04.11.2025 15:26:40.689 UTC,1.40878,1.40865,0.0012,0.00195
04.11.2025 15:26:42.711 UTC,1.40879,1.40866,0.0012,0.00315
04.11.2025 15:26:42.815 UTC,1.40879,1.40866,0.0012,0.00375
04.11.2025 15:26:49.204 UTC,1.40881,1.40868,0.00225,0.00135
04.11.2025 15:26:49.256 UTC,1.40883,1.40871,0.0012,0.0012
04.11.2025 15:26:49.359 UTC,1.40884,1.40872,0.0012,0.0012
04.11.2025 15:26:50.318 UTC,1.40886,1.40873,0.0018,0.0012
04.11.2025 15:26:50.420 UTC,1.40888,1.40875,0.0024,0.0018
04.11.2025 15:26:50.523 UTC,1.40888,1.40875,0.0012,0.00225
04.11.2025 15:26:51.081 UTC,1.40888,1.40877,0.0012,0.0012
04.11.2025 15:26:51.991 UTC,1.4089,1.4088,0.0012,0.00132
04.11.2025 15:26:52.043 UTC,1.40892,1.40881,0.00135,0.00135
04.11.2025 15:26:52.297 UTC,1.40894,1.40881,0.0012,0.0012
04.11.2025 15:26:57.519 UTC,1.40896,1.40883,0.00135,0.0012
04.11.2025 15:27:00.504 UTC,1.40895,1.40884,0.0018,0.0024
04.11.2025 15:27:00.606 UTC,1.40896,1.40883,0.00234,0.00225
04.11.2025 15:27:00.759 UTC,1.40895,1.40884,0.00189,0.0018
04.11.2025 15:27:00.861 UTC,1.40896,1.40883,0.00249,0.0012
04.11.2025 15:27:00.964 UTC,1.40895,1.40884,0.00189,0.0018
04.11.2025 15:27:01.066 UTC,1.40896,1.40883,0.00189,0.00135
04.11.2025 15:27:01.551 UTC,1.40896,1.40883,0.00189,0.0018
04.11.2025 15:27:01.805 UTC,1.40896,1.40883,0.00234,0.00135
04.11.2025 15:27:02.313 UTC,1.40895,1.40884,0.00339,0.0012
04.11.2025 15:27:05.232 UTC,1.40894,1.40881,0.00135,0.00135
04.11.2025 15:27:07.454 UTC,1.40894,1.40881,0.0012,0.0033
04.11.2025 15:27:07.556 UTC,1.40894,1.40881,0.0012,0.00285
04.11.2025 15:27:08.060 UTC,1.40894,1.40881,0.0012,0.0018
04.11.2025 15:27:09.268 UTC,1.40894,1.40881,0.0018,0.00225
04.11.2025 15:27:09.370 UTC,1.40894,1.40881,0.00135,0.00225
04.11.2025 15:27:09.472 UTC,1.40894,1.40881,0.0012,0.00285
04.11.2025 15:27:09.573 UTC,1.40894,1.40881,0.0012,0.0027
04.11.2025 15:27:09.726 UTC,1.40894,1.40881,0.0012,0.00285
04.11.2025 15:27:09.829 UTC,1.40894,1.40881,0.00135,0.00225
04.11.2025 15:27:10.742 UTC,1.40893,1.40882,0.0012,0.00285
04.11.2025 15:27:10.994 UTC,1.40893,1.40882,0.00135,0.0027
04.11.2025 15:27:11.096 UTC,1.40894,1.40881,0.0012,0.00285
04.11.2025 15:27:11.197 UTC,1.40894,1.40881,0.00135,0.0018
04.11.2025 15:27:13.309 UTC,1.40894,1.40881,0.0012,0.00285
04.11.2025 15:27:13.563 UTC,1.40894,1.40881,0.00135,0.0027
04.11.2025 15:27:13.865 UTC,1.40893,1.40882,0.00135,0.00285
04.11.2025 15:27:15.175 UTC,1.40893,1.40883,0.0012,0.0012
04.11.2025 15:27:16.486 UTC,1.40894,1.40882,0.0012,0.0012
04.11.2025 15:27:16.588 UTC,1.40894,1.40883,0.00135,0.0027
04.11.2025 15:27:16.793 UTC,1.40895,1.40883,0.0012,0.0012
04.11.2025 15:27:16.895 UTC,1.40896,1.40883,0.0012,0.00375
04.11.2025 15:27:16.998 UTC,1.40895,1.40885,0.0012,0.0012
04.11.2025 15:27:17.151 UTC,1.40897,1.40884,0.0012,0.0018
04.11.2025 15:27:17.253 UTC,1.40896,1.40883,0.00135,0.00285
04.11.2025 15:27:17.355 UTC,1.40896,1.40883,0.00135,0.0027
04.11.2025 15:27:17.457 UTC,1.40896,1.40883,0.0012,0.00285
04.11.2025 15:27:17.962 UTC,1.40896,1.40883,0.00135,0.0027
04.11.2025 15:27:18.265 UTC,1.40896,1.40884,0.0012,0.0012
04.11.2025 15:27:20.283 UTC,1.40895,1.40885,0.0012,0.0012
04.11.2025 15:27:20.335 UTC,1.40898,1.40885,0.00225,0.00135
04.11.2025 15:27:21.026 UTC,1.40897,1.40886,0.00135,0.00195
04.11.2025 15:27:26.427 UTC,1.409,1.40886,0.0024,0.00135
04.11.2025 15:27:28.193 UTC,1.409,1.40893,0.0012,0.0012
04.11.2025 15:27:28.244 UTC,1.40905,1.40893,0.0033,0.0012
04.11.2025 15:27:28.296 UTC,1.40906,1.40893,0.00189,0.0012
04.11.2025 15:27:28.398 UTC,1.40906,1.40893,0.00237,0.0012
04.11.2025 15:27:29.668 UTC,1.40906,1.40893,0.00234,0.0012
04.11.2025 15:27:30.024 UTC,1.40906,1.40893,0.00192,0.0012
04.11.2025 15:27:30.300 UTC,1.40906,1.40893,0.00234,0.0012
04.11.2025 15:27:30.604 UTC,1.40906,1.40893,0.00249,0.0012
04.11.2025 15:27:32.428 UTC,1.40906,1.40893,0.00342,0.0012
04.11.2025 15:27:32.680 UTC,1.40906,1.40893,0.00297,0.0012
04.11.2025 15:27:33.841 UTC,1.40906,1.40893,0.00342,0.0012
04.11.2025 15:27:36.212 UTC,1.40906,1.40893,0.00144,0.00135
04.11.2025 15:27:36.315 UTC,1.40906,1.40893,0.00384,0.0012
04.11.2025 15:27:36.417 UTC,1.40906,1.40893,0.00279,0.00135
04.11.2025 15:27:36.570 UTC,1.40905,1.40894,0.00294,0.0012
04.11.2025 15:27:36.672 UTC,1.40906,1.40893,0.00279,0.00135
04.11.2025 15:27:36.825 UTC,1.40905,1.40894,0.00294,0.0012
04.11.2025 15:27:37.028 UTC,1.40906,1.40893,0.00279,0.00135
04.11.2025 15:27:38.137 UTC,1.40906,1.40893,0.00294,0.0012
04.11.2025 15:27:38.239 UTC,1.40906,1.40893,0.00279,0.00135
04.11.2025 15:27:38.341 UTC,1.40906,1.40893,0.00294,0.0012
04.11.2025 15:27:38.444 UTC,1.40906,1.40893,0.00369,0.0012
04.11.2025 15:27:38.597 UTC,1.40904,1.40893,0.0012,0.0018
04.11.2025 15:27:38.800 UTC,1.40905,1.40892,0.0012,0.00195
04.11.2025 15:27:38.902 UTC,1.40904,1.40893,0.00135,0.0018
04.11.2025 15:27:39.106 UTC,1.40905,1.40892,0.0012,0.00195
04.11.2025 15:27:39.360 UTC,1.40904,1.40893,0.0012,0.0018
04.11.2025 15:27:39.614 UTC,1.40905,1.40892,0.0012,0.00195
04.11.2025 15:27:39.815 UTC,1.40905,1.40892,0.00135,0.0018
04.11.2025 15:27:40.017 UTC,1.40905,1.40892,0.0012,0.00285
04.11.2025 15:27:41.422 UTC,1.40905,1.40892,0.00135,0.0027
04.11.2025 15:27:41.525 UTC,1.40905,1.40892,0.0012,0.00195
04.11.2025 15:27:42.237 UTC,1.40905,1.40892,0.00135,0.0018
04.11.2025 15:27:42.894 UTC,1.40905,1.40892,0.0012,0.00195
04.11.2025 15:27:43.046 UTC,1.40904,1.40893,0.00135,0.0018
04.11.2025 15:27:43.349 UTC,1.40905,1.40892,0.0012,0.00195
04.11.2025 15:27:44.312 UTC,1.40905,1.40892,0.00135,0.0027
04.11.2025 15:27:46.227 UTC,1.40903,1.40892,0.0012,0.0027
04.11.2025 15:27:46.279 UTC,1.40905,1.40892,0.00135,0.0027
04.11.2025 15:27:46.633 UTC,1.40904,1.40893,0.0018,0.00225
04.11.2025 15:27:46.785 UTC,1.40905,1.40892,0.00135,0.0027
04.11.2025 15:27:47.895 UTC,1.40904,1.40893,0.0012,0.0024
04.11.2025 15:27:47.998 UTC,1.40905,1.40892,0.0012,0.00195
04.11.2025 15:27:48.759 UTC,1.40905,1.40892,0.00135,0.0027
04.11.2025 15:27:48.997 UTC,1.40905,1.40892,0.00204,0.00135
04.11.2025 15:27:49.156 UTC,1.40905,1.40892,0.00192,0.00135
04.11.2025 15:27:49.257 UTC,1.40905,1.40892,0.00234,0.00135
04.11.2025 15:27:49.511 UTC,1.40905,1.40892,0.00249,0.00135
04.11.2025 15:27:49.613 UTC,1.40904,1.40893,0.00324,0.00135
04.11.2025 15:27:52.036 UTC,1.40905,1.40892,0.00387,0.00135
04.11.2025 15:27:52.139 UTC,1.40902,1.4089,0.00192,0.00285
04.11.2025 15:27:52.191 UTC,1.409,1.40887,0.0012,0.0012
04.11.2025 15:27:53.156 UTC,1.40899,1.40888,0.0012,0.00195
04.11.2025 15:27:53.258 UTC,1.409,1.40887,0.00135,0.0018
04.11.2025 15:27:53.660 UTC,1.40899,1.40888,0.0018,0.00195
04.11.2025 15:27:53.762 UTC,1.40899,1.40888,0.00225,0.0018
04.11.2025 15:27:54.568 UTC,1.40899,1.40886,0.00225,0.0018
04.11.2025 15:27:55.428 UTC,1.40898,1.40887,0.0018,0.00195
04.11.2025 15:27:55.732 UTC,1.40899,1.40886,0.0018,0.0018
04.11.2025 15:27:57.032 UTC,1.40899,1.40886,0.00249,0.00135
04.11.2025 15:27:57.550 UTC,1.40898,1.40887,0.00234,0.0018
04.11.2025 15:27:57.852 UTC,1.40898,1.40887,0.00249,0.00135
04.11.2025 15:27:59.111 UTC,1.40898,1.40887,0.00225,0.0018
04.11.2025 15:27:59.416 UTC,1.40899,1.40886,0.0018,0.00195
04.11.2025 15:27:59.672 UTC,1.40899,1.40886,0.00225,0.0018
04.11.2025 15:28:00.126 UTC,1.40898,1.40887,0.0018,0.00195
04.11.2025 15:28:00.228 UTC,1.40899,1.40886,0.00225,0.0018
04.11.2025 15:28:00.381 UTC,1.409,1.40887,0.0018,0.0018
04.11.2025 15:28:00.736 UTC,1.40899,1.40887,0.0012,0.0018
04.11.2025 15:28:02.000 UTC,1.40898,1.40889,0.0012,0.0012
04.11.2025 15:28:03.008 UTC,1.40899,1.40889,0.00132,0.0012
04.11.2025 15:28:04.728 UTC,1.40899,1.40889,0.0018,0.0012
04.11.2025 15:28:04.931 UTC,1.409,1.40888,0.00135,0.0012
04.11.2025 15:28:05.134 UTC,1.409,1.40888,0.0018,0.0012
04.11.2025 15:28:05.235 UTC,1.409,1.40888,0.00135,0.0012
04.11.2025 15:28:05.999 UTC,1.40899,1.40888,0.0012,0.0012
04.11.2025 15:28:06.911 UTC,1.40899,1.40887,0.0012,0.00135
04.11.2025 15:28:07.418 UTC,1.40898,1.40886,0.0012,0.0018
04.11.2025 15:28:09.085 UTC,1.40898,1.40886,0.0012,0.00135
04.11.2025 15:28:09.338 UTC,1.40899,1.40886,0.0018,0.00135
04.11.2025 15:28:09.693 UTC,1.40898,1.40886,0.0018,0.0018
04.11.2025 15:28:10.246 UTC,1.40897,1.40887,0.0012,0.0018
04.11.2025 15:28:10.601 UTC,1.40898,1.40886,0.00135,0.00135
04.11.2025 15:28:11.006 UTC,1.40898,1.40886,0.0012,0.0018
04.11.2025 15:28:11.309 UTC,1.40898,1.40886,0.0018,0.0018
04.11.2025 15:28:11.411 UTC,1.40898,1.40886,0.0012,0.0018
04.11.2025 15:28:11.512 UTC,1.40898,1.40886,0.00135,0.00135
04.11.2025 15:28:11.867 UTC,1.40899,1.40886,0.0018,0.00135
04.11.2025 15:28:14.143 UTC,1.40898,1.40887,0.0024,0.00135
04.11.2025 15:28:14.373 UTC,1.40899,1.40886,0.0018,0.00135
04.11.2025 15:28:14.478 UTC,1.40898,1.40887,0.0024,0.00135
04.11.2025 15:28:14.680 UTC,1.40899,1.40886,0.00225,0.00135
04.11.2025 15:28:14.934 UTC,1.40898,1.40887,0.0024,0.00135
04.11.2025 15:28:15.192 UTC,1.40898,1.40886,0.00135,0.0018
04.11.2025 15:28:15.494 UTC,1.40897,1.40887,0.0018,0.0018
04.11.2025 15:28:16.047 UTC,1.40897,1.40887,0.00135,0.0018
04.11.2025 15:28:17.655 UTC,1.40897,1.40885,0.00192,0.0018
04.11.2025 15:28:17.758 UTC,1.40894,1.40884,0.00189,0.0018
04.11.2025 15:28:17.810 UTC,1.40894,1.40883,0.0033,0.00135
04.11.2025 15:28:17.912 UTC,1.40895,1.40882,0.0027,0.0012
04.11.2025 15:28:18.469 UTC,1.40894,1.40882,0.00144,0.0012
04.11.2025 15:28:19.129 UTC,1.40894,1.40883,0.0018,0.0012
04.11.2025 15:28:19.485 UTC,1.40896,1.40882,0.00135,0.0018
04.11.2025 15:28:19.893 UTC,1.40896,1.40882,0.00135,0.00195
04.11.2025 15:28:20.097 UTC,1.40896,1.40882,0.0018,0.0018
04.11.2025 15:28:20.401 UTC,1.40896,1.40882,0.00135,0.00195
04.11.2025 15:28:21.410 UTC,1.40896,1.40882,0.0018,0.0018
04.11.2025 15:28:22.572 UTC,1.40894,1.40882,0.0012,0.0018
04.11.2025 15:28:22.674 UTC,1.40895,1.40883,0.0018,0.0018
04.11.2025 15:28:23.509 UTC,1.40895,1.40883,0.00225,0.00375
04.11.2025 15:28:23.818 UTC,1.40895,1.40883,0.00135,0.0018
04.11.2025 15:28:24.122 UTC,1.40896,1.40882,0.00135,0.00195
04.11.2025 15:28:24.376 UTC,1.40896,1.40882,0.00135,0.0018
04.11.2025 15:28:25.185 UTC,1.40896,1.40882,0.00225,0.00285
04.11.2025 15:28:25.437 UTC,1.40896,1.40882,0.00225,0.0027
04.11.2025 15:28:25.892 UTC,1.40896,1.40882,0.0024,0.0027
04.11.2025 15:28:26.297 UTC,1.40896,1.40882,0.00225,0.00375
04.11.2025 15:28:26.450 UTC,1.40896,1.40882,0.0024,0.0036
04.11.2025 15:28:26.551 UTC,1.40895,1.40883,0.00225,0.00375
04.11.2025 15:28:26.855 UTC,1.40896,1.40882,0.0042,0.0027
04.11.2025 15:28:29.478 UTC,1.40895,1.40883,0.00135,0.0012
04.11.2025 15:28:31.293 UTC,1.40895,1.40884,0.00225,0.00135
04.11.2025 15:28:31.976 UTC,1.40896,1.40883,0.0024,0.0012
04.11.2025 15:28:34.145 UTC,1.40892,1.40884,0.0012,0.0012
04.11.2025 15:28:34.197 UTC,1.40896,1.40883,0.0033,0.0012
04.11.2025 15:28:34.903 UTC,1.40894,1.40883,0.0024,0.0018
04.11.2025 15:28:35.508 UTC,1.40894,1.40883,0.00294,0.0018
04.11.2025 15:28:35.611 UTC,1.40893,1.40883,0.00135,0.0018
04.11.2025 15:28:35.713 UTC,1.40894,1.40882,0.00135,0.00135
04.11.2025 15:28:36.772 UTC,1.40894,1.40883,0.00315,0.0018
04.11.2025 15:28:38.233 UTC,1.40895,1.40882,0.0027,0.00195
04.11.2025 15:28:38.335 UTC,1.40895,1.40882,0.0018,0.0018
04.11.2025 15:28:38.692 UTC,1.40895,1.40883,0.00135,0.0012
04.11.2025 15:28:38.794 UTC,1.40896,1.40883,0.00225,0.0012
04.11.2025 15:28:38.996 UTC,1.40895,1.40884,0.0024,0.00135
04.11.2025 15:28:39.199 UTC,1.40896,1.40884,0.0012,0.00135
04.11.2025 15:28:39.302 UTC,1.40895,1.40886,0.0012,0.0018
04.11.2025 15:28:39.353 UTC,1.40898,1.40885,0.00225,0.0018
04.11.2025 15:28:41.109 UTC,1.40896,1.40886,0.00135,0.0018
04.11.2025 15:28:41.212 UTC,1.40897,1.40884,0.00192,0.0018
04.11.2025 15:28:41.314 UTC,1.40897,1.40885,0.00432,0.0012
04.11.2025 15:28:43.184 UTC,1.40895,1.40884,0.00429,0.0018
04.11.2025 15:28:43.286 UTC,1.40895,1.40884,0.00429,0.0012
04.11.2025 15:28:43.693 UTC,1.40895,1.40884,0.00324,0.00135
04.11.2025 15:28:44.856 UTC,1.40896,1.40883,0.00339,0.0012
04.11.2025 15:28:45.816 UTC,1.40896,1.40883,0.00324,0.00135
04.11.2025 15:28:45.918 UTC,1.40896,1.40883,0.00339,0.0012
04.11.2025 15:28:46.122 UTC,1.40896,1.40883,0.00324,0.00135
04.11.2025 15:28:46.976 UTC,1.40896,1.40883,0.00339,0.0012
04.11.2025 15:28:47.931 UTC,1.40896,1.40883,0.00324,0.0012
04.11.2025 15:28:49.410 UTC,1.40896,1.40884,0.0018,0.0012
04.11.2025 15:28:50.920 UTC,1.40896,1.40885,0.00234,0.0018
04.11.2025 15:28:52.882 UTC,1.40897,1.40885,0.0012,0.0018
04.11.2025 15:28:52.985 UTC,1.40897,1.40886,0.0018,0.00195
04.11.2025 15:28:53.997 UTC,1.40898,1.40885,0.0018,0.00135
04.11.2025 15:28:55.312 UTC,1.40899,1.40886,0.0018,0.0012
04.11.2025 15:28:58.896 UTC,1.40899,1.40886,0.0018,0.0018
04.11.2025 15:28:58.998 UTC,1.40899,1.40886,0.0018,0.00135
04.11.2025 15:28:59.995 UTC,1.40899,1.40886,0.0012,0.0018
04.11.2025 15:29:00.198 UTC,1.40898,1.40887,0.0012,0.00135
04.11.2025 15:29:00.958 UTC,1.40899,1.40886,0.00249,0.0012
04.11.2025 15:29:01.060 UTC,1.40897,1.40887,0.0018,0.0012
04.11.2025 15:29:01.163 UTC,1.40898,1.40886,0.00135,0.0012
04.11.2025 15:29:03.129 UTC,1.40898,1.40886,0.0018,0.0012
04.11.2025 15:29:03.231 UTC,1.40899,1.40886,0.0024,0.0012
04.11.2025 15:29:07.160 UTC,1.40897,1.40885,0.0012,0.00135
04.11.2025 15:29:07.969 UTC,1.40897,1.40886,0.00225,0.00135
04.11.2025 15:29:08.272 UTC,1.40898,1.40885,0.0024,0.00135
04.11.2025 15:29:08.374 UTC,1.40898,1.40885,0.00225,0.0018
04.11.2025 15:29:09.954 UTC,1.40899,1.40886,0.00135,0.0012
04.11.2025 15:29:10.107 UTC,1.40899,1.40886,0.00135,0.0018
04.11.2025 15:29:11.016 UTC,1.409,1.40887,0.00189,0.0018
04.11.2025 15:29:11.119 UTC,1.40899,1.40886,0.00135,0.0018
04.11.2025 15:29:11.577 UTC,1.40899,1.40886,0.00135,0.00135
04.11.2025 15:29:11.984 UTC,1.40899,1.40886,0.0024,0.00135
04.11.2025 15:29:12.340 UTC,1.40899,1.40886,0.00225,0.0027
04.11.2025 15:29:12.695 UTC,1.40899,1.40886,0.0024,0.00135
04.11.2025 15:29:13.349 UTC,1.40899,1.40886,0.00225,0.0018
04.11.2025 15:29:13.552 UTC,1.40898,1.40887,0.00249,0.00135
04.11.2025 15:29:19.152 UTC,1.40899,1.40886,0.0012,0.0018
04.11.2025 15:29:22.132 UTC,1.40898,1.40887,0.0024,0.00135
04.11.2025 15:29:22.537 UTC,1.40899,1.40886,0.00225,0.00135
04.11.2025 15:29:22.690 UTC,1.40898,1.40886,0.0012,0.00135
04.11.2025 15:29:22.793 UTC,1.40894,1.40883,0.00237,0.0018
04.11.2025 15:29:22.844 UTC,1.40891,1.40879,0.0012,0.0018
04.11.2025 15:29:22.947 UTC,1.40889,1.40879,0.0012,0.0018
04.11.2025 15:29:23.150 UTC,1.40889,1.40876,0.0012,0.0018
04.11.2025 15:29:24.968 UTC,1.40889,1.40876,0.0012,0.00135
04.11.2025 15:29:26.589 UTC,1.40887,1.40877,0.0012,0.00135
04.11.2025 15:29:26.742 UTC,1.40889,1.40876,0.00135,0.00135
04.11.2025 15:29:26.980 UTC,1.40889,1.40876,0.0018,0.00135
04.11.2025 15:29:27.082 UTC,1.40888,1.40877,0.00135,0.0018
04.11.2025 15:29:28.545 UTC,1.40888,1.40877,0.0012,0.00195
04.11.2025 15:29:28.697 UTC,1.40888,1.40877,0.00135,0.0018
04.11.2025 15:29:29.757 UTC,1.40888,1.40877,0.0018,0.00135
04.11.2025 15:29:30.060 UTC,1.40889,1.40876,0.00135,0.0018
04.11.2025 15:29:31.627 UTC,1.40889,1.40876,0.0012,0.00195
04.11.2025 15:29:32.535 UTC,1.40889,1.40876,0.0012,0.0018
04.11.2025 15:29:32.638 UTC,1.40889,1.40878,0.0012,0.0018
04.11.2025 15:29:32.791 UTC,1.4089,1.40877,0.00225,0.0018
04.11.2025 15:29:40.086 UTC,1.40889,1.40876,0.0012,0.0018
04.11.2025 15:29:44.425 UTC,1.40889,1.40876,0.0012,0.0024
04.11.2025 15:29:44.560 UTC,1.40889,1.40877,0.0012,0.0012
04.11.2025 15:29:45.066 UTC,1.40888,1.40878,0.0012,0.0012
04.11.2025 15:29:45.569 UTC,1.40889,1.40877,0.0012,0.0018
04.11.2025 15:29:45.621 UTC,1.4089,1.40877,0.0012,0.00225
04.11.2025 15:29:45.672 UTC,1.4089,1.40877,0.0012,0.0033
04.11.2025 15:29:45.825 UTC,1.40889,1.40878,0.0012,0.00285
04.11.2025 15:29:46.079 UTC,1.40889,1.40878,0.0012,0.0027
04.11.2025 15:29:46.434 UTC,1.4089,1.40879,0.0012,0.0012
04.11.2025 15:29:46.536 UTC,1.40893,1.40882,0.00135,0.00225
04.11.2025 15:29:46.741 UTC,1.40894,1.40881,0.0012,0.0024
04.11.2025 15:29:47.046 UTC,1.40894,1.40881,0.0012,0.00135
04.11.2025 15:29:47.301 UTC,1.40894,1.40881,0.00132,0.0018
04.11.2025 15:29:47.606 UTC,1.40894,1.40881,0.00144,0.00225
04.11.2025 15:29:48.162 UTC,1.40894,1.40881,0.0012,0.00375
04.11.2025 15:29:48.264 UTC,1.40894,1.40881,0.0012,0.0036
04.11.2025 15:29:48.922 UTC,1.40893,1.40882,0.0012,0.00285
04.11.2025 15:29:49.074 UTC,1.40894,1.40881,0.00135,0.0027
04.11.2025 15:29:49.176 UTC,1.40894,1.40881,0.0012,0.00195
04.11.2025 15:29:49.329 UTC,1.40894,1.40881,0.0012,0.0018
04.11.2025 15:29:49.885 UTC,1.40893,1.40882,0.0012,0.00195
04.11.2025 15:29:49.986 UTC,1.40894,1.40881,0.0012,0.0024
04.11.2025 15:29:50.089 UTC,1.40894,1.40882,0.0012,0.00135
04.11.2025 15:29:50.544 UTC,1.40894,1.40881,0.0012,0.0018
04.11.2025 15:29:50.645 UTC,1.40892,1.40879,0.00234,0.0018
04.11.2025 15:29:50.850 UTC,1.40891,1.4088,0.00234,0.00135
04.11.2025 15:29:51.111 UTC,1.40891,1.40878,0.0018,0.0018
04.11.2025 15:29:51.214 UTC,1.4089,1.40877,0.0012,0.0018
04.11.2025 15:29:51.265 UTC,1.40889,1.40878,0.0012,0.00135
04.11.2025 15:29:53.085 UTC,1.40891,1.40879,0.0012,0.0033
04.11.2025 15:29:53.136 UTC,1.40894,1.40881,0.00214,0.0012
04.11.2025 15:29:53.188 UTC,1.40895,1.40881,0.00132,0.0018
04.11.2025 15:29:53.459 UTC,1.40893,1.4088,0.0012,0.00135
04.11.2025 15:29:54.066 UTC,1.40891,1.40881,0.00135,0.0012
04.11.2025 15:29:55.078 UTC,1.40893,1.4088,0.00135,0.00135
04.11.2025 15:29:56.494 UTC,1.40892,1.40881,0.0024,0.00135
04.11.2025 15:29:56.596 UTC,1.40893,1.4088,0.00225,0.0018
04.11.2025 15:29:58.315 UTC,1.40893,1.4088,0.0012,0.00195
04.11.2025 15:29:58.567 UTC,1.40893,1.4088,0.00135,0.0018
04.11.2025 15:29:58.869 UTC,1.40893,1.4088,0.0012,0.00195
04.11.2025 15:29:58.971 UTC,1.40892,1.40881,0.00135,0.0018
04.11.2025 15:29:59.072 UTC,1.40893,1.4088,0.0012,0.00195
04.11.2025 15:29:59.275 UTC,1.40893,1.4088,0.00135,0.0018
04.11.2025 15:29:59.730 UTC,1.40892,1.40879,0.0024,0.0018
04.11.2025 15:29:59.833 UTC,1.40891,1.40878,0.00369,0.0012
04.11.2025 15:29:59.935 UTC,1.40891,1.4088,0.00225,0.0012
04.11.2025 15:30:00.342 UTC,1.40894,1.4088,0.00369,0.0018
04.11.2025 15:30:00.597 UTC,1.40895,1.40882,0.00135,0.0012
04.11.2025 15:30:00.699 UTC,1.40896,1.40883,0.00369,0.0012
04.11.2025 15:30:01.106 UTC,1.40895,1.40881,0.00339,0.0018
04.11.2025 15:30:01.208 UTC,1.40894,1.40882,0.00339,0.00135
04.11.2025 15:30:01.664 UTC,1.40895,1.40881,0.0012,0.00225
04.11.2025 15:30:02.060 UTC,1.40895,1.40881,0.0018,0.0027
04.11.2025 15:30:02.319 UTC,1.40895,1.40881,0.00135,0.0027
04.11.2025 15:30:02.623 UTC,1.40895,1.40881,0.00135,0.00282
04.11.2025 15:30:04.891 UTC,1.40896,1.40883,0.0024,0.0012
04.11.2025 15:30:04.993 UTC,1.40896,1.40883,0.00135,0.0012
04.11.2025 15:30:05.096 UTC,1.40897,1.40884,0.00225,0.0012
04.11.2025 15:30:05.853 UTC,1.40897,1.40886,0.00135,0.0012
04.11.2025 15:30:06.159 UTC,1.40898,1.40885,0.0024,0.0012
04.11.2025 15:30:06.666 UTC,1.40897,1.40886,0.00225,0.0012
04.11.2025 15:30:09.030 UTC,1.40897,1.40884,0.0024,0.00225
04.11.2025 15:30:09.132 UTC,1.40895,1.40884,0.00285,0.00135
04.11.2025 15:30:09.234 UTC,1.40896,1.40883,0.00225,0.00135
04.11.2025 15:30:09.641 UTC,1.40895,1.40885,0.0012,0.0012
04.11.2025 15:30:09.794 UTC,1.40896,1.40885,0.00135,0.0018
04.11.2025 15:30:10.375 UTC,1.40897,1.40884,0.0024,0.0012
04.11.2025 15:30:10.830 UTC,1.40896,1.40885,0.00225,0.00135
04.11.2025 15:30:10.932 UTC,1.40897,1.40884,0.0024,0.0012
04.11.2025 15:30:11.034 UTC,1.40897,1.40884,0.00225,0.00135
04.11.2025 15:30:11.238 UTC,1.40897,1.40884,0.0024,0.0018
04.11.2025 15:30:11.339 UTC,1.40896,1.40885,0.00225,0.00225
04.11.2025 15:30:11.844 UTC,1.40897,1.40884,0.0024,0.0018
04.11.2025 15:30:12.798 UTC,1.40897,1.40884,0.00225,0.00225
04.11.2025 15:30:12.900 UTC,1.40897,1.40884,0.0018,0.0012
04.11.2025 15:30:13.052 UTC,1.40897,1.40884,0.00225,0.00135
04.11.2025 15:30:14.365 UTC,1.40895,1.40883,0.0018,0.0012
04.11.2025 15:30:14.468 UTC,1.40892,1.40879,0.0012,0.0027
04.11.2025 15:30:14.519 UTC,1.40892,1.40879,0.0012,0.00202
04.11.2025 15:30:15.080 UTC,1.40891,1.40878,0.0012,0.00372
04.11.2025 15:30:15.183 UTC,1.40892,1.40879,0.00225,0.00132
04.11.2025 15:30:15.793 UTC,1.40892,1.40879,0.0033,0.0012
04.11.2025 15:30:15.896 UTC,1.40889,1.40878,0.00315,0.0018
04.11.2025 15:30:15.998 UTC,1.40889,1.40878,0.00225,0.0012
04.11.2025 15:30:16.555 UTC,1.40889,1.40876,0.0012,0.00144
04.11.2025 15:30:17.563 UTC,1.40888,1.40876,0.0012,0.00135
04.11.2025 15:30:20.182 UTC,1.40889,1.40876,0.0018,0.0018
04.11.2025 15:30:24.072 UTC,1.40889,1.40878,0.0012,0.00207
04.11.2025 15:30:24.176 UTC,1.40891,1.40879,0.00135,0.0012
04.11.2025 15:30:24.279 UTC,1.40891,1.40878,0.00225,0.0012
04.11.2025 15:30:26.196 UTC,1.40892,1.40879,0.0024,0.0012
04.11.2025 15:30:26.672 UTC,1.40893,1.4088,0.00135,0.0018
04.11.2025 15:30:30.601 UTC,1.40892,1.40879,0.00192,0.00135
04.11.2025 15:30:30.704 UTC,1.4089,1.40878,0.00135,0.0012
04.11.2025 15:30:30.858 UTC,1.40889,1.40877,0.0012,0.00135
04.11.2025 15:30:32.822 UTC,1.40887,1.40877,0.0012,0.00135
04.11.2025 15:30:32.975 UTC,1.40887,1.40874,0.0012,0.0012
04.11.2025 15:30:33.078 UTC,1.40886,1.40873,0.00234,0.0012
04.11.2025 15:30:33.586 UTC,1.40886,1.40873,0.00294,0.0012
04.11.2025 15:30:34.298 UTC,1.40886,1.40873,0.00234,0.0012
04.11.2025 15:30:34.535 UTC,1.40886,1.40873,0.00249,0.0012
04.11.2025 15:30:34.738 UTC,1.40886,1.40873,0.00234,0.0012
04.11.2025 15:30:34.992 UTC,1.40886,1.40873,0.00294,0.0012
04.11.2025 15:30:35.095 UTC,1.40885,1.40871,0.00135,0.00195
04.11.2025 15:30:35.248 UTC,1.40885,1.40871,0.0018,0.0018
04.11.2025 15:30:35.400 UTC,1.40885,1.40872,0.00135,0.00135
04.11.2025 15:30:35.704 UTC,1.40884,1.40873,0.0018,0.0012
04.11.2025 15:30:36.766 UTC,1.40885,1.40871,0.00225,0.00189
04.11.2025 15:30:36.817 UTC,1.40885,1.40871,0.0024,0.00144
04.11.2025 15:30:36.920 UTC,1.40885,1.40871,0.0024,0.00282
04.11.2025 15:30:37.476 UTC,1.40885,1.40872,0.00135,0.00132
04.11.2025 15:30:37.629 UTC,1.40886,1.40872,0.00225,0.00234
04.11.2025 15:30:37.781 UTC,1.40886,1.40872,0.00315,0.00249
04.11.2025 15:30:37.933 UTC,1.40886,1.40872,0.0024,0.00234
04.11.2025 15:30:38.338 UTC,1.40884,1.40871,0.0012,0.00144
04.11.2025 15:30:38.441 UTC,1.40884,1.40871,0.0012,0.00147
04.11.2025 15:30:39.651 UTC,1.40884,1.40871,0.00135,0.00189
04.11.2025 15:30:40.454 UTC,1.40883,1.40872,0.00135,0.00282
04.11.2025 15:30:40.657 UTC,1.40886,1.40872,0.0024,0.00144
04.11.2025 15:30:41.825 UTC,1.40886,1.40872,0.0036,0.00249
04.11.2025 15:30:42.029 UTC,1.40886,1.40872,0.0024,0.00234
04.11.2025 15:30:42.505 UTC,1.40885,1.40872,0.0018,0.00132
04.11.2025 15:30:43.320 UTC,1.40886,1.40872,0.00225,0.00252
04.11.2025 15:30:43.423 UTC,1.40887,1.40874,0.00375,0.00132
04.11.2025 15:30:43.576 UTC,1.40887,1.40874,0.0024,0.00147
04.11.2025 15:30:43.779 UTC,1.40887,1.40874,0.0024,0.00144
04.11.2025 15:30:43.881 UTC,1.40886,1.40875,0.00225,0.00189
04.11.2025 15:30:45.956 UTC,1.40887,1.40874,0.0018,0.00132
04.11.2025 15:30:46.663 UTC,1.40886,1.40875,0.00135,0.00144
04.11.2025 15:30:47.016 UTC,1.40887,1.40874,0.0018,0.00132
04.11.2025 15:30:47.168 UTC,1.40887,1.40874,0.00225,0.00189
04.11.2025 15:30:47.270 UTC,1.40887,1.40874,0.0024,0.00144
04.11.2025 15:30:47.627 UTC,1.40886,1.40875,0.00225,0.00189
04.11.2025 15:30:48.939 UTC,1.40887,1.40874,0.00135,0.00192
04.11.2025 15:30:49.042 UTC,1.40887,1.40876,0.00135,0.00147
04.11.2025 15:30:49.144 UTC,1.40888,1.40875,0.0012,0.00342
04.11.2025 15:30:50.041 UTC,1.40888,1.40877,0.0012,0.00147
04.11.2025 15:30:51.050 UTC,1.40887,1.40876,0.0012,0.00192
04.11.2025 15:30:51.153 UTC,1.40887,1.40874,0.00135,0.00192
04.11.2025 15:30:54.785 UTC,1.40888,1.40875,0.00234,0.0018
04.11.2025 15:30:55.192 UTC,1.40888,1.40876,0.00189,0.0012
04.11.2025 15:30:56.258 UTC,1.40888,1.40875,0.00237,0.00195
04.11.2025 15:30:56.512 UTC,1.40887,1.40876,0.00237,0.0018
04.11.2025 15:30:56.614 UTC,1.40888,1.40875,0.00225,0.0027
04.11.2025 15:30:57.374 UTC,1.40888,1.40875,0.0012,0.0042
04.11.2025 15:31:01.783 UTC,1.40888,1.40876,0.0012,0.0012
04.11.2025 15:31:02.138 UTC,1.40887,1.40877,0.0012,0.0012
04.11.2025 15:31:02.290 UTC,1.40888,1.40875,0.0012,0.0018
04.11.2025 15:31:02.646 UTC,1.40888,1.40875,0.0012,0.00195
04.11.2025 15:31:02.849 UTC,1.40888,1.40875,0.00135,0.0018
04.11.2025 15:31:03.303 UTC,1.40888,1.40875,0.0012,0.00195
04.11.2025 15:31:05.812 UTC,1.40888,1.40875,0.0012,0.0018
04.11.2025 15:31:05.913 UTC,1.40887,1.40876,0.0018,0.00135
04.11.2025 15:31:06.117 UTC,1.40887,1.40874,0.00144,0.0018
04.11.2025 15:31:11.028 UTC,1.40886,1.40875,0.0024,0.00135
04.11.2025 15:31:11.282 UTC,1.40887,1.40874,0.00225,0.0018
04.11.2025 15:31:17.082 UTC,1.40887,1.40874,0.00192,0.0012
04.11.2025 15:31:17.394 UTC,1.40885,1.40874,0.00135,0.0027
04.11.2025 15:31:17.852 UTC,1.40886,1.40873,0.00192,0.00135
04.11.2025 15:31:18.005 UTC,1.40886,1.40873,0.00135,0.00225
04.11.2025 15:31:18.510 UTC,1.40884,1.40873,0.0012,0.0018
04.11.2025 15:31:18.561 UTC,1.40886,1.40873,0.00135,0.0018
04.11.2025 15:31:20.425 UTC,1.40886,1.40873,0.0024,0.0012
04.11.2025 15:31:20.729 UTC,1.40886,1.40873,0.00225,0.00135
04.11.2025 15:31:22.604 UTC,1.40886,1.40873,0.00195,0.0012
04.11.2025 15:31:22.655 UTC,1.40886,1.40873,0.00135,0.00135
04.11.2025 15:31:26.070 UTC,1.40886,1.40873,0.0018,0.0012
04.11.2025 15:31:26.171 UTC,1.40886,1.40873,0.00135,0.00135
04.11.2025 15:31:27.939 UTC,1.40885,1.40874,0.00285,0.0012
04.11.2025 15:31:30.208 UTC,1.40886,1.40873,0.00225,0.00132
04.11.2025 15:31:30.661 UTC,1.40886,1.40873,0.0024,0.00132
04.11.2025 15:31:30.965 UTC,1.40885,1.40874,0.00285,0.0012
04.11.2025 15:31:31.216 UTC,1.40886,1.40873,0.00285,0.0012
04.11.2025 15:31:32.330 UTC,1.40886,1.40873,0.00225,0.00132
04.11.2025 15:31:33.137 UTC,1.40885,1.40874,0.0024,0.00132
04.11.2025 15:31:33.290 UTC,1.40885,1.40874,0.00225,0.00144
04.11.2025 15:31:33.442 UTC,1.40886,1.40873,0.0024,0.00132
04.11.2025 15:31:33.793 UTC,1.40882,1.40874,0.0012,0.00132
04.11.2025 15:31:33.845 UTC,1.40886,1.40873,0.0024,0.00132
04.11.2025 15:31:34.308 UTC,1.40886,1.40873,0.00225,0.00144
04.11.2025 15:31:34.563 UTC,1.40886,1.40873,0.0033,0.00132
04.11.2025 15:31:35.067 UTC,1.40885,1.40872,0.0018,0.00144
04.11.2025 15:31:35.171 UTC,1.4088,1.40869,0.0018,0.0012
04.11.2025 15:31:35.274 UTC,1.40877,1.40867,0.0012,0.00132
04.11.2025 15:31:35.326 UTC,1.40878,1.40866,0.0012,0.00102
04.11.2025 15:31:35.428 UTC,1.40876,1.40865,0.0012,0.00192
04.11.2025 15:31:35.530 UTC,1.40876,1.40865,0.0012,0.00147
04.11.2025 15:31:35.734 UTC,1.40876,1.40863,0.0012,0.00192
04.11.2025 15:31:35.887 UTC,1.40875,1.40864,0.0012,0.00144
04.11.2025 15:31:36.243 UTC,1.40876,1.40862,0.0018,0.00234
04.11.2025 15:31:36.345 UTC,1.40876,1.40862,0.0012,0.00237
04.11.2025 15:31:38.108 UTC,1.40875,1.40863,0.0018,0.00234
04.11.2025 15:31:40.182 UTC,1.40875,1.40863,0.00225,0.00237
04.11.2025 15:31:40.385 UTC,1.40876,1.40862,0.0024,0.00282
04.11.2025 15:31:40.490 UTC,1.40876,1.40863,0.0012,0.00192
04.11.2025 15:31:40.593 UTC,1.40877,1.40865,0.0012,0.00132
04.11.2025 15:31:42.109 UTC,1.40877,1.40864,0.0024,0.00192
04.11.2025 15:31:42.211 UTC,1.40876,1.40865,0.00135,0.00189
04.11.2025 15:31:44.201 UTC,1.40876,1.40865,0.0018,0.00144
04.11.2025 15:31:44.756 UTC,1.40876,1.40863,0.00225,0.00135
04.11.2025 15:31:47.431 UTC,1.40875,1.40864,0.0012,0.00192
04.11.2025 15:31:48.388 UTC,1.40876,1.40863,0.0012,0.00234
04.11.2025 15:31:49.146 UTC,1.40876,1.40863,0.0012,0.00237
04.11.2025 15:31:51.249 UTC,1.40876,1.40865,0.0018,0.00132
04.11.2025 15:31:52.819 UTC,1.40877,1.40864,0.00225,0.00192
04.11.2025 15:31:56.395 UTC,1.40877,1.40864,0.00135,0.0018
04.11.2025 15:31:57.656 UTC,1.40878,1.40865,0.0024,0.0012
04.11.2025 15:31:57.759 UTC,1.40878,1.40865,0.0012,0.00135
04.11.2025 15:31:57.862 UTC,1.40879,1.40866,0.00135,0.00135
04.11.2025 15:31:57.964 UTC,1.40878,1.40865,0.00225,0.0018
04.11.2025 15:31:58.067 UTC,1.40877,1.40864,0.0018,0.0012
04.11.2025 15:31:58.170 UTC,1.40877,1.40864,0.0024,0.0012
04.11.2025 15:31:58.273 UTC,1.40877,1.40864,0.00225,0.00135
04.11.2025 15:31:59.740 UTC,1.40875,1.40864,0.00135,0.0012
04.11.2025 15:32:00.096 UTC,1.40875,1.40863,0.0012,0.0033
04.11.2025 15:32:00.199 UTC,1.40876,1.40862,0.00135,0.00339
04.11.2025 15:32:00.378 UTC,1.40875,1.40863,0.0012,0.00324
04.11.2025 15:32:00.935 UTC,1.40876,1.40862,0.0018,0.00369
04.11.2025 15:32:02.493 UTC,1.40877,1.40863,0.0024,0.0033
04.11.2025 15:32:02.596 UTC,1.40876,1.40864,0.00225,0.00384
04.11.2025 15:32:02.698 UTC,1.40874,1.40864,0.00135,0.0012
04.11.2025 15:32:02.801 UTC,1.40872,1.40862,0.0018,0.0012
04.11.2025 15:32:02.954 UTC,1.40872,1.40861,0.0018,0.0012
04.11.2025 15:32:03.816 UTC,1.40871,1.4086,0.00135,0.00225
04.11.2025 15:32:03.969 UTC,1.40872,1.40859,0.0018,0.00135
04.11.2025 15:32:04.122 UTC,1.4087,1.40859,0.0018,0.0012
04.11.2025 15:32:04.225 UTC,1.40868,1.40859,0.00135,0.0012
04.11.2025 15:32:04.327 UTC,1.40869,1.40856,0.00225,0.0012
04.11.2025 15:32:04.530 UTC,1.40869,1.40856,0.00135,0.00285
04.11.2025 15:32:05.136 UTC,1.40869,1.40856,0.00135,0.0027
04.11.2025 15:32:05.388 UTC,1.40869,1.40856,0.00135,0.00285
04.11.2025 15:32:06.043 UTC,1.40868,1.40857,0.0018,0.00414
04.11.2025 15:32:06.094 UTC,1.40868,1.40857,0.00135,0.00429
04.11.2025 15:32:07.404 UTC,1.40869,1.40856,0.0012,0.00429
04.11.2025 15:32:07.807 UTC,1.4087,1.40857,0.00135,0.0024
04.11.2025 15:32:08.161 UTC,1.40869,1.40856,0.0012,0.00324
04.11.2025 15:32:08.941 UTC,1.40869,1.40856,0.00225,0.00249
04.11.2025 15:32:09.244 UTC,1.40869,1.40856,0.0027,0.00234
04.11.2025 15:32:09.404 UTC,1.40868,1.40855,0.00135,0.00144
04.11.2025 15:32:09.509 UTC,1.40867,1.40856,0.00225,0.00249
04.11.2025 15:32:10.418 UTC,1.40867,1.40857,0.00135,0.00204
04.11.2025 15:32:10.672 UTC,1.40869,1.40856,0.00135,0.00342
04.11.2025 15:32:11.027 UTC,1.40868,1.40857,0.00135,0.00387
04.11.2025 15:32:11.732 UTC,1.40869,1.40856,0.00135,0.00432
04.11.2025 15:32:11.935 UTC,1.40868,1.40857,0.00135,0.00387
04.11.2025 15:32:12.037 UTC,1.40869,1.40856,0.00135,0.00432
04.11.2025 15:32:12.391 UTC,1.40869,1.40856,0.00135,0.00387
04.11.2025 15:32:12.643 UTC,1.40869,1.40856,0.0027,0.00144
04.11.2025 15:32:14.713 UTC,1.40868,1.40857,0.00195,0.0012
04.11.2025 15:32:14.916 UTC,1.40869,1.40856,0.0027,0.00144
04.11.2025 15:32:15.168 UTC,1.40869,1.40856,0.00225,0.00192
04.11.2025 15:32:15.420 UTC,1.40869,1.40856,0.0027,0.00144
04.11.2025 15:32:15.522 UTC,1.40869,1.40856,0.00225,0.00192
04.11.2025 15:32:20.369 UTC,1.40869,1.40856,0.0027,0.00144
04.11.2025 15:32:20.471 UTC,1.40869,1.40856,0.00225,0.00192
04.11.2025 15:32:20.675 UTC,1.40869,1.40856,0.0018,0.00144
04.11.2025 15:32:20.878 UTC,1.40869,1.40856,0.00135,0.00192
04.11.2025 15:32:21.738 UTC,1.40869,1.40858,0.0024,0.00192
04.11.2025 15:32:22.091 UTC,1.4087,1.40857,0.0024,0.00144
04.11.2025 15:32:22.393 UTC,1.4087,1.40857,0.0024,0.00192
04.11.2025 15:32:22.445 UTC,1.40871,1.40862,0.0012,0.0012
04.11.2025 15:32:22.547 UTC,1.40875,1.40862,0.0018,0.0012
04.11.2025 15:32:22.599 UTC,1.40874,1.40863,0.0018,0.0012
04.11.2025 15:32:24.168 UTC,1.40876,1.40863,0.00375,0.0012
04.11.2025 15:32:24.367 UTC,1.40876,1.40864,0.00285,0.0012
04.11.2025 15:32:24.476 UTC,1.40878,1.40865,0.00285,0.0012
04.11.2025 15:32:24.528 UTC,1.40879,1.40866,0.006,0.0012
04.11.2025 15:32:24.631 UTC,1.40879,1.40866,0.00195,0.0012
04.11.2025 15:32:24.785 UTC,1.40878,1.40868,0.0018,0.0012
04.11.2025 15:32:24.886 UTC,1.4088,1.40867,0.0024,0.0012
04.11.2025 15:32:33.417 UTC,1.4088,1.40867,0.00135,0.00132
04.11.2025 15:32:36.742 UTC,1.40881,1.40869,0.0018,0.00132
04.11.2025 15:32:36.845 UTC,1.40887,1.40873,0.0018,0.0012
04.11.2025 15:32:36.896 UTC,1.40888,1.40875,0.0024,0.0012
04.11.2025 15:32:37.004 UTC,1.40888,1.40875,0.0018,0.0012
04.11.2025 15:32:37.309 UTC,1.40887,1.40876,0.00192,0.0012
04.11.2025 15:32:38.271 UTC,1.40888,1.40875,0.00192,0.0012
04.11.2025 15:32:41.140 UTC,1.40886,1.40875,0.0012,0.0012
04.11.2025 15:32:41.496 UTC,1.40885,1.40875,0.0012,0.0012
04.11.2025 15:32:41.547 UTC,1.40881,1.40869,0.0012,0.0021
04.11.2025 15:32:41.624 UTC,1.40881,1.40867,0.0012,0.0018
04.11.2025 15:32:41.726 UTC,1.4088,1.40867,0.00135,0.0018
04.11.2025 15:32:41.981 UTC,1.40879,1.40867,0.0024,0.00132
04.11.2025 15:32:42.794 UTC,1.40878,1.40866,0.0012,0.0012
04.11.2025 15:32:43.405 UTC,1.40877,1.40866,0.0012,0.0012
04.11.2025 15:32:43.557 UTC,1.40877,1.40865,0.0012,0.0018
04.11.2025 15:32:45.020 UTC,1.40877,1.40866,0.00144,0.0018
04.11.2025 15:32:45.374 UTC,1.40879,1.40866,0.00234,0.0012
04.11.2025 15:32:45.476 UTC,1.40879,1.40865,0.00234,0.00225
04.11.2025 15:32:45.578 UTC,1.40878,1.40865,0.0012,0.00315
04.11.2025 15:32:46.340 UTC,1.40877,1.40866,0.00135,0.0033
04.11.2025 15:32:47.403 UTC,1.40878,1.40865,0.0012,0.00315
04.11.2025 15:32:47.656 UTC,1.40878,1.40865,0.0012,0.0033
04.11.2025 15:32:47.758 UTC,1.40878,1.40865,0.0012,0.00225
04.11.2025 15:32:48.516 UTC,1.40878,1.40865,0.0012,0.0024
04.11.2025 15:32:48.618 UTC,1.40878,1.40865,0.0012,0.00225
04.11.2025 15:32:49.741 UTC,1.40877,1.40866,0.0012,0.0024
04.11.2025 15:32:50.149 UTC,1.40878,1.40865,0.0012,0.00324
04.11.2025 15:32:50.251 UTC,1.40878,1.40865,0.0012,0.00339
04.11.2025 15:32:51.717 UTC,1.40878,1.40866,0.0012,0.0018
04.11.2025 15:32:51.869 UTC,1.40878,1.40866,0.0012,0.00135
04.11.2025 15:32:52.073 UTC,1.40878,1.40865,0.0012,0.00225
04.11.2025 15:32:53.284 UTC,1.40877,1.40867,0.00132,0.00135
04.11.2025 15:33:00.758 UTC,1.40878,1.40866,0.00132,0.0012
04.11.2025 15:33:00.912 UTC,1.40875,1.40866,0.00237,0.0012
04.11.2025 15:33:00.963 UTC,1.40875,1.40862,0.00252,0.00135
04.11.2025 15:33:01.066 UTC,1.40875,1.40862,0.00249,0.0012
04.11.2025 15:33:01.268 UTC,1.40875,1.40863,0.0018,0.0012
04.11.2025 15:33:01.370 UTC,1.40874,1.40865,0.0018,0.0012
04.11.2025 15:33:02.230 UTC,1.40875,1.40862,0.00192,0.0012
04.11.2025 15:33:02.282 UTC,1.40869,1.40857,0.0012,0.0018
04.11.2025 15:33:02.385 UTC,1.40868,1.40858,0.0012,0.0012
04.11.2025 15:33:02.691 UTC,1.40868,1.40856,0.0012,0.0012
04.11.2025 15:33:10.936 UTC,1.40869,1.40857,0.00195,0.0012
04.11.2025 15:33:11.039 UTC,1.40872,1.40861,0.00192,0.0012
04.11.2025 15:33:11.090 UTC,1.40874,1.40862,0.00192,0.0012
04.11.2025 15:33:11.294 UTC,1.40873,1.40862,0.00252,0.0012
04.11.2025 15:33:12.256 UTC,1.40872,1.40862,0.00147,0.0012
04.11.2025 15:33:12.760 UTC,1.40873,1.40862,0.00252,0.00135
04.11.2025 15:33:12.863 UTC,1.40875,1.40862,0.00252,0.00135
04.11.2025 15:33:13.368 UTC,1.40875,1.40862,0.00237,0.0018
04.11.2025 15:33:13.470 UTC,1.40875,1.40862,0.00237,0.00135
04.11.2025 15:33:14.127 UTC,1.40874,1.40861,0.00144,0.00135
04.11.2025 15:33:14.279 UTC,1.40873,1.40862,0.00144,0.0018
04.11.2025 15:33:15.286 UTC,1.40875,1.40862,0.00225,0.0033
04.11.2025 15:33:15.388 UTC,1.40875,1.40862,0.00135,0.00315
04.11.2025 15:33:15.575 UTC,1.40875,1.40862,0.00192,0.00135
04.11.2025 15:33:16.083 UTC,1.40874,1.40863,0.00234,0.00144
04.11.2025 15:33:16.589 UTC,1.40874,1.40863,0.00234,0.00195
04.11.2025 15:33:16.691 UTC,1.40875,1.40862,0.00279,0.00135
04.11.2025 15:33:16.843 UTC,1.40875,1.40862,0.00234,0.0018
04.11.2025 15:33:16.945 UTC,1.40875,1.40862,0.00237,0.0018
04.11.2025 15:33:17.046 UTC,1.40874,1.40863,0.00225,0.0018
04.11.2025 15:33:17.602 UTC,1.40874,1.40863,0.00225,0.00225
04.11.2025 15:33:17.653 UTC,1.40875,1.40862,0.00225,0.00195
04.11.2025 15:33:17.705 UTC,1.40874,1.40863,0.00225,0.00135
04.11.2025 15:33:19.775 UTC,1.40875,1.40862,0.00285,0.0012
04.11.2025 15:33:19.928 UTC,1.40874,1.40863,0.00225,0.00135
04.11.2025 15:33:20.282 UTC,1.40873,1.4086,0.0024,0.0012
04.11.2025 15:33:23.577 UTC,1.4087,1.40859,0.0012,0.00135
04.11.2025 15:33:23.679 UTC,1.40869,1.40858,0.00225,0.00135
04.11.2025 15:33:24.106 UTC,1.4087,1.40857,0.00225,0.00294
04.11.2025 15:33:24.460 UTC,1.4087,1.40857,0.0012,0.00249
04.11.2025 15:33:24.763 UTC,1.40869,1.40858,0.0012,0.00234
04.11.2025 15:33:27.337 UTC,1.4087,1.40857,0.00285,0.0012
04.11.2025 15:33:27.439 UTC,1.4087,1.40857,0.0027,0.0012
04.11.2025 15:33:27.541 UTC,1.40869,1.40857,0.0012,0.0012
04.11.2025 15:33:28.249 UTC,1.40869,1.40857,0.0018,0.0012
04.11.2025 15:33:28.350 UTC,1.40869,1.40857,0.0012,0.0012
04.11.2025 15:33:28.553 UTC,1.40868,1.40857,0.00225,0.00153
04.11.2025 15:33:29.509 UTC,1.40869,1.40856,0.00225,0.00168
04.11.2025 15:33:29.611 UTC,1.40868,1.40857,0.0027,0.00153
04.11.2025 15:33:29.863 UTC,1.40869,1.40856,0.00282,0.00135
04.11.2025 15:33:30.516 UTC,1.40869,1.40856,0.00237,0.0018
04.11.2025 15:33:30.618 UTC,1.40868,1.40857,0.00282,0.00135
04.11.2025 15:33:31.626 UTC,1.40868,1.40857,0.00237,0.0018
04.11.2025 15:33:32.312 UTC,1.40868,1.40857,0.00282,0.00135
04.11.2025 15:33:32.464 UTC,1.40869,1.40856,0.00237,0.0018
04.11.2025 15:33:33.119 UTC,1.40869,1.40856,0.00282,0.00135
04.11.2025 15:33:33.320 UTC,1.40869,1.40856,0.00237,0.0018
04.11.2025 15:33:33.422 UTC,1.40869,1.40856,0.00282,0.00135
04.11.2025 15:33:34.075 UTC,1.40869,1.40856,0.00237,0.0018
04.11.2025 15:33:34.327 UTC,1.40869,1.40856,0.00282,0.00135
04.11.2025 15:33:34.930 UTC,1.40866,1.40854,0.00132,0.0012
04.11.2025 15:33:35.032 UTC,1.40866,1.40853,0.00207,0.0012
04.11.2025 15:33:35.135 UTC,1.40864,1.40854,0.00147,0.0012
04.11.2025 15:33:35.237 UTC,1.40864,1.40853,0.00237,0.0012
04.11.2025 15:33:35.591 UTC,1.40865,1.40852,0.00225,0.0012
04.11.2025 15:33:36.046 UTC,1.40864,1.40852,0.0012,0.0012
04.11.2025 15:33:36.148 UTC,1.40865,1.40852,0.00225,0.0012
04.11.2025 15:33:36.453 UTC,1.40865,1.40853,0.00135,0.0012
04.11.2025 15:33:36.556 UTC,1.40866,1.40854,0.0012,0.00135
04.11.2025 15:33:36.658 UTC,1.40866,1.40855,0.0012,0.0012
04.11.2025 15:33:36.760 UTC,1.40867,1.40855,0.00225,0.0012
04.11.2025 15:33:38.421 UTC,1.40867,1.40857,0.00135,0.0012
04.11.2025 15:33:38.524 UTC,1.40871,1.40861,0.0018,0.0012
04.11.2025 15:33:38.626 UTC,1.40872,1.40861,0.0012,0.0012
04.11.2025 15:33:38.728 UTC,1.40873,1.40861,0.00225,0.0012
04.11.2025 15:33:40.396 UTC,1.40871,1.40858,0.00315,0.0012
04.11.2025 15:33:40.498 UTC,1.4087,1.40858,0.00135,0.0012
04.11.2025 15:33:40.600 UTC,1.4087,1.40857,0.00225,0.0012
04.11.2025 15:33:40.753 UTC,1.40868,1.40858,0.0012,0.0012
04.11.2025 15:33:42.595 UTC,1.40871,1.40858,0.0018,0.00324
04.11.2025 15:33:42.646 UTC,1.40872,1.4086,0.0018,0.0012
04.11.2025 15:33:42.698 UTC,1.40871,1.40859,0.00315,0.0012
04.11.2025 15:33:42.801 UTC,1.40871,1.40858,0.00135,0.0012
04.11.2025 15:33:42.852 UTC,1.40871,1.40858,0.00147,0.0012
04.11.2025 15:33:42.955 UTC,1.4087,1.40857,0.00132,0.00135
04.11.2025 15:33:43.665 UTC,1.40868,1.40857,0.00192,0.00135
04.11.2025 15:33:43.819 UTC,1.40868,1.40856,0.00132,0.0012
04.11.2025 15:33:49.263 UTC,1.40868,1.40856,0.00132,0.00135
04.11.2025 15:33:50.478 UTC,1.40868,1.40856,0.00132,0.0012
04.11.2025 15:33:51.034 UTC,1.40866,1.40856,0.00132,0.00225
04.11.2025 15:33:52.135 UTC,1.40867,1.40855,0.00147,0.00135
04.11.2025 15:33:53.351 UTC,1.40866,1.40854,0.00132,0.0012
04.11.2025 15:33:53.453 UTC,1.40865,1.40855,0.00132,0.0012
04.11.2025 15:33:53.556 UTC,1.40865,1.40854,0.00147,0.0012
04.11.2025 15:33:53.962 UTC,1.40864,1.40855,0.00132,0.00135
04.11.2025 15:33:54.065 UTC,1.40866,1.40855,0.00132,0.0012
04.11.2025 15:33:55.176 UTC,1.40867,1.40855,0.00132,0.0012
04.11.2025 15:33:58.144 UTC,1.40867,1.40855,0.00132,0.0018
04.11.2025 15:34:00.738 UTC,1.40868,1.40855,0.00204,0.00135
04.11.2025 15:34:00.845 UTC,1.40866,1.40853,0.00192,0.0012
04.11.2025 15:34:00.950 UTC,1.40864,1.40853,0.00144,0.00225
04.11.2025 15:34:01.053 UTC,1.40864,1.40852,0.0012,0.00225
04.11.2025 15:34:01.458 UTC,1.40866,1.40854,0.00204,0.0012
04.11.2025 15:34:01.560 UTC,1.40865,1.40855,0.00144,0.0012
04.11.2025 15:34:01.662 UTC,1.40865,1.40854,0.0012,0.0012
04.11.2025 15:34:06.814 UTC,1.40868,1.40855,0.00204,0.00135
04.11.2025 15:34:06.916 UTC,1.40866,1.40855,0.0012,0.0012
04.11.2025 15:34:07.931 UTC,1.40866,1.40855,0.00189,0.00225
04.11.2025 15:34:08.033 UTC,1.40866,1.40854,0.0012,0.00225
04.11.2025 15:34:11.589 UTC,1.40865,1.40854,0.0012,0.0012
04.11.2025 15:34:13.215 UTC,1.40864,1.40854,0.0012,0.0012
04.11.2025 15:34:13.317 UTC,1.40865,1.40854,0.00132,0.0012
04.11.2025 15:34:19.063 UTC,1.40865,1.40855,0.0012,0.00225
04.11.2025 15:34:22.281 UTC,1.40867,1.40855,0.0012,0.00135
04.11.2025 15:34:27.872 UTC,1.40868,1.40855,0.0018,0.0012
04.11.2025 15:34:28.382 UTC,1.40868,1.40855,0.0024,0.0012
04.11.2025 15:34:29.039 UTC,1.40868,1.40855,0.0018,0.00135
04.11.2025 15:34:29.293 UTC,1.40868,1.40857,0.0012,0.0033
04.11.2025 15:34:29.396 UTC,1.40869,1.40858,0.00225,0.0012
04.11.2025 15:34:29.499 UTC,1.4087,1.40861,0.0018,0.00189
04.11.2025 15:34:30.005 UTC,1.40871,1.40862,0.00225,0.00189
04.11.2025 15:34:30.057 UTC,1.40872,1.40864,0.0012,0.0012
04.11.2025 15:34:30.159 UTC,1.40875,1.40863,0.0027,0.00189
04.11.2025 15:34:30.414 UTC,1.40875,1.40864,0.00225,0.00189
04.11.2025 15:34:30.770 UTC,1.40874,1.40866,0.00135,0.00189
04.11.2025 15:34:30.873 UTC,1.40875,1.40866,0.0027,0.00189
04.11.2025 15:34:31.329 UTC,1.40877,1.40866,0.00195,0.00189
04.11.2025 15:34:31.532 UTC,1.40877,1.40866,0.00135,0.00189
04.11.2025 15:34:31.736 UTC,1.40877,1.40867,0.0012,0.00189
04.11.2025 15:34:31.888 UTC,1.40878,1.40867,0.0027,0.00189
04.11.2025 15:34:32.547 UTC,1.40877,1.40867,0.0012,0.00189
04.11.2025 15:34:33.658 UTC,1.40877,1.40866,0.0018,0.00189
04.11.2025 15:34:36.241 UTC,1.40876,1.40868,0.0018,0.00189
04.11.2025 15:34:36.344 UTC,1.40877,1.40868,0.0012,0.00189
04.11.2025 15:34:36.699 UTC,1.40877,1.40867,0.0012,0.00189
04.11.2025 15:34:39.477 UTC,1.40877,1.40866,0.0018,0.00189
04.11.2025 15:34:39.579 UTC,1.40877,1.40867,0.0018,0.00189
04.11.2025 15:34:39.783 UTC,1.40877,1.40867,0.00135,0.00189
04.11.2025 15:34:41.192 UTC,1.40876,1.40865,0.0027,0.00282
04.11.2025 15:34:41.749 UTC,1.40876,1.40866,0.00285,0.00192
04.11.2025 15:34:41.852 UTC,1.40877,1.40865,0.00225,0.00192
04.11.2025 15:34:45.713 UTC,1.40877,1.40864,0.00285,0.00132
04.11.2025 15:34:46.173 UTC,1.40876,1.40864,0.00135,0.00132
04.11.2025 15:34:46.426 UTC,1.40877,1.40864,0.00285,0.00132
04.11.2025 15:34:47.685 UTC,1.40877,1.40864,0.0027,0.00147
04.11.2025 15:34:47.788 UTC,1.40877,1.40864,0.00285,0.00132
04.11.2025 15:34:48.142 UTC,1.40876,1.40865,0.0027,0.00147
04.11.2025 15:34:48.497 UTC,1.40877,1.40864,0.00285,0.00132
04.11.2025 15:34:48.600 UTC,1.40877,1.40864,0.0027,0.00132
04.11.2025 15:34:48.702 UTC,1.40876,1.40865,0.00285,0.00132
04.11.2025 15:34:50.418 UTC,1.40876,1.40865,0.0027,0.00147
04.11.2025 15:34:50.874 UTC,1.40876,1.40864,0.00135,0.00132
04.11.2025 15:34:52.421 UTC,1.40877,1.40864,0.0027,0.00147
04.11.2025 15:34:52.523 UTC,1.40877,1.40864,0.00195,0.00132
04.11.2025 15:34:52.578 UTC,1.40877,1.40865,0.0018,0.00132
04.11.2025 15:34:52.735 UTC,1.40877,1.40865,0.0012,0.00327
04.11.2025 15:34:52.786 UTC,1.40878,1.40867,0.00135,0.00282
04.11.2025 15:34:52.889 UTC,1.40878,1.40868,0.00135,0.00192
04.11.2025 15:34:54.099 UTC,1.40879,1.40866,0.0012,0.00282
04.11.2025 15:34:54.252 UTC,1.40879,1.40866,0.0024,0.00282
04.11.2025 15:34:54.355 UTC,1.40879,1.40866,0.00195,0.00132
04.11.2025 15:34:54.406 UTC,1.40876,1.40865,0.00189,0.0012
04.11.2025 15:34:54.509 UTC,1.40875,1.40862,0.0012,0.00282
04.11.2025 15:34:55.269 UTC,1.40874,1.40861,0.0018,0.00282
04.11.2025 15:34:55.320 UTC,1.40874,1.40863,0.0018,0.00192
04.11.2025 15:34:57.489 UTC,1.40874,1.40862,0.00225,0.00417
04.11.2025 15:34:57.642 UTC,1.40872,1.40861,0.00135,0.00132
04.11.2025 15:34:57.745 UTC,1.40871,1.4086,0.00135,0.00282
04.11.2025 15:34:57.848 UTC,1.40874,1.40861,0.00195,0.00282
04.11.2025 15:34:57.951 UTC,1.40871,1.40861,0.0012,0.00132
04.11.2025 15:34:58.708 UTC,1.40873,1.4086,0.00225,0.00132
04.11.2025 15:35:00.104 UTC,1.40874,1.40862,0.0012,0.00192
04.11.2025 15:35:00.259 UTC,1.40875,1.40863,0.0012,0.00132
04.11.2025 15:35:01.019 UTC,1.40874,1.40863,0.0012,0.00132
04.11.2025 15:35:01.728 UTC,1.40873,1.40864,0.00135,0.00132
04.11.2025 15:35:01.879 UTC,1.40874,1.40863,0.00135,0.00132
04.11.2025 15:35:02.434 UTC,1.40874,1.40863,0.0018,0.00132
04.11.2025 15:35:02.586 UTC,1.40874,1.40863,0.00135,0.00132
04.11.2025 15:35:03.749 UTC,1.40874,1.40864,0.0012,0.0012
04.11.2025 15:35:04.104 UTC,1.40876,1.40864,0.00369,0.0012
04.11.2025 15:35:04.257 UTC,1.40876,1.40864,0.00384,0.0012
04.11.2025 15:35:04.360 UTC,1.40875,1.40863,0.00192,0.0012
04.11.2025 15:35:05.971 UTC,1.40875,1.40863,0.00189,0.0012
04.11.2025 15:35:06.073 UTC,1.40872,1.40864,0.0012,0.0012
04.11.2025 15:35:06.124 UTC,1.40875,1.40863,0.00189,0.0012
04.11.2025 15:35:06.276 UTC,1.40875,1.40863,0.00204,0.0012
04.11.2025 15:35:06.878 UTC,1.40874,1.40864,0.00189,0.0012
04.11.2025 15:35:07.283 UTC,1.40875,1.40863,0.0012,0.0012
04.11.2025 15:35:07.385 UTC,1.40875,1.40864,0.00384,0.00135
04.11.2025 15:35:07.841 UTC,1.40875,1.40863,0.00204,0.0012
04.11.2025 15:35:07.996 UTC,1.40874,1.40864,0.00189,0.0012
04.11.2025 15:35:09.287 UTC,1.40875,1.40863,0.0012,0.0012
04.11.2025 15:35:09.943 UTC,1.40875,1.40863,0.00189,0.0012
04.11.2025 15:35:10.247 UTC,1.40874,1.40863,0.00144,0.0012
04.11.2025 15:35:10.451 UTC,1.40874,1.40864,0.00132,0.0012
04.11.2025 15:35:10.655 UTC,1.40875,1.40863,0.00132,0.0012
04.11.2025 15:35:11.311 UTC,1.40875,1.40863,0.00189,0.0012
04.11.2025 15:35:11.665 UTC,1.40875,1.40863,0.00204,0.0012
04.11.2025 15:35:12.272 UTC,1.40875,1.40863,0.00189,0.0012
04.11.2025 15:35:12.373 UTC,1.40873,1.40864,0.00135,0.0012
04.11.2025 15:35:12.929 UTC,1.40874,1.40864,0.00132,0.0012
04.11.2025 15:35:13.082 UTC,1.40875,1.40863,0.00204,0.0012
04.11.2025 15:35:13.535 UTC,1.40874,1.40863,0.00192,0.0012
04.11.2025 15:35:13.638 UTC,1.40874,1.40863,0.00135,0.0012
04.11.2025 15:35:13.740 UTC,1.40872,1.40861,0.00135,0.0012
04.11.2025 15:35:15.007 UTC,1.40872,1.40861,0.00249,0.0012
04.11.2025 15:35:15.109 UTC,1.4087,1.40861,0.00225,0.0012
04.11.2025 15:35:16.017 UTC,1.40869,1.40861,0.0012,0.0012
04.11.2025 15:35:16.119 UTC,1.4087,1.40861,0.00234,0.0012
04.11.2025 15:35:16.221 UTC,1.4087,1.4086,0.0012,0.0012
04.11.2025 15:35:16.574 UTC,1.40871,1.4086,0.00234,0.0012
04.11.2025 15:35:17.301 UTC,1.40872,1.40863,0.0012,0.0012
04.11.2025 15:35:17.454 UTC,1.40874,1.40862,0.00279,0.0012
04.11.2025 15:35:18.576 UTC,1.40872,1.40863,0.00135,0.0012
04.11.2025 15:35:20.240 UTC,1.40873,1.40864,0.00192,0.0012
04.11.2025 15:35:20.342 UTC,1.40874,1.40863,0.00144,0.0012
04.11.2025 15:35:21.551 UTC,1.40874,1.40863,0.00192,0.0012
04.11.2025 15:35:22.707 UTC,1.40874,1.40862,0.00207,0.0012
04.11.2025 15:35:22.859 UTC,1.40873,1.40862,0.00204,0.0012
04.11.2025 15:35:27.545 UTC,1.4087,1.40863,0.0012,0.0012
04.11.2025 15:35:27.798 UTC,1.40873,1.40862,0.00204,0.0012
04.11.2025 15:35:28.199 UTC,1.40873,1.40862,0.00189,0.0012
04.11.2025 15:35:29.202 UTC,1.40871,1.40862,0.0012,0.0012
04.11.2025 15:35:29.253 UTC,1.40873,1.40862,0.00189,0.0012
04.11.2025 15:35:30.256 UTC,1.40872,1.40862,0.00189,0.0012
04.11.2025 15:35:30.711 UTC,1.40873,1.40861,0.00204,0.0012
04.11.2025 15:35:32.076 UTC,1.40871,1.4086,0.0018,0.0012
04.11.2025 15:35:32.178 UTC,1.4087,1.40859,0.00225,0.0012
04.11.2025 15:35:32.280 UTC,1.40869,1.40859,0.00135,0.0012
04.11.2025 15:35:32.835 UTC,1.40871,1.40859,0.00135,0.0012
04.11.2025 15:35:32.939 UTC,1.40871,1.40861,0.0012,0.0012
04.11.2025 15:35:33.041 UTC,1.40873,1.40863,0.0033,0.0012
04.11.2025 15:35:34.561 UTC,1.40872,1.40863,0.0012,0.0012
04.11.2025 15:35:37.502 UTC,1.40874,1.4086,0.00234,0.0018
04.11.2025 15:35:37.756 UTC,1.40873,1.40861,0.00249,0.0018
04.11.2025 15:35:38.866 UTC,1.40874,1.4086,0.00324,0.00195
04.11.2025 15:35:40.072 UTC,1.40873,1.40861,0.00192,0.0018
04.11.2025 15:35:41.634 UTC,1.40874,1.4086,0.00144,0.00195
04.11.2025 15:35:42.439 UTC,1.40874,1.4086,0.00192,0.0018
04.11.2025 15:35:42.998 UTC,1.40873,1.4086,0.00192,0.0012
04.11.2025 15:35:43.150 UTC,1.40872,1.40861,0.00144,0.00135
04.11.2025 15:35:43.619 UTC,1.40872,1.40861,0.00192,0.0012
04.11.2025 15:35:44.073 UTC,1.4087,1.4086,0.0012,0.0012
04.11.2025 15:35:44.124 UTC,1.40873,1.4086,0.00192,0.0012
04.11.2025 15:35:44.576 UTC,1.40873,1.4086,0.00144,0.00135
04.11.2025 15:35:44.879 UTC,1.40872,1.40861,0.00192,0.0012
04.11.2025 15:35:45.132 UTC,1.40873,1.4086,0.00144,0.00135
04.11.2025 15:35:47.304 UTC,1.40874,1.4086,0.00294,0.0012
04.11.2025 15:35:47.406 UTC,1.40874,1.4086,0.00339,0.00135
04.11.2025 15:35:52.341 UTC,1.40871,1.4086,0.00234,0.00135
04.11.2025 15:35:52.393 UTC,1.40869,1.40857,0.0012,0.0018
04.11.2025 15:35:53.403 UTC,1.4087,1.40857,0.0012,0.0012
04.11.2025 15:35:55.464 UTC,1.40869,1.40857,0.0012,0.00135
04.11.2025 15:35:55.516 UTC,1.40871,1.40859,0.0012,0.0024
04.11.2025 15:35:55.619 UTC,1.40873,1.4086,0.00192,0.0012
04.11.2025 15:35:55.721 UTC,1.40873,1.4086,0.00144,0.0012
04.11.2025 15:35:58.190 UTC,1.40874,1.40861,0.0012,0.00315
04.11.2025 15:35:58.293 UTC,1.40875,1.40862,0.0018,0.0018
04.11.2025 15:35:58.902 UTC,1.40874,1.40863,0.0012,0.0024
04.11.2025 15:35:59.256 UTC,1.40875,1.40862,0.00135,0.00225
04.11.2025 15:35:59.359 UTC,1.40875,1.40862,0.0012,0.0024
04.11.2025 15:35:59.866 UTC,1.40874,1.40863,0.00135,0.00225
04.11.2025 15:36:00.019 UTC,1.40875,1.40862,0.0012,0.0024
04.11.2025 15:36:00.122 UTC,1.40875,1.40864,0.0012,0.0018
04.11.2025 15:36:02.223 UTC,1.40875,1.40864,0.00144,0.0018
04.11.2025 15:36:02.325 UTC,1.40875,1.40862,0.00144,0.0027
04.11.2025 15:36:02.428 UTC,1.40874,1.40861,0.00135,0.00225
04.11.2025 15:36:02.683 UTC,1.40874,1.40861,0.00249,0.0012
04.11.2025 15:36:03.087 UTC,1.40874,1.40861,0.00234,0.00135
04.11.2025 15:36:03.140 UTC,1.40874,1.40861,0.00294,0.0012
04.11.2025 15:36:03.545 UTC,1.40874,1.40861,0.0024,0.0012
04.11.2025 15:36:03.596 UTC,1.40875,1.40862,0.00132,0.00135
04.11.2025 15:36:06.767 UTC,1.40872,1.40862,0.0012,0.0012
04.11.2025 15:36:06.869 UTC,1.40873,1.4086,0.0012,0.0027
04.11.2025 15:36:12.048 UTC,1.40871,1.4086,0.00135,0.0018
04.11.2025 15:36:13.671 UTC,1.40872,1.40859,0.0018,0.0012
04.11.2025 15:36:14.124 UTC,1.40872,1.40859,0.00225,0.00135
04.11.2025 15:36:14.883 UTC,1.40869,1.40857,0.00132,0.00135
04.11.2025 15:36:14.986 UTC,1.40866,1.40854,0.0012,0.0018
04.11.2025 15:36:15.037 UTC,1.40865,1.40855,0.0012,0.0012
04.11.2025 15:36:15.189 UTC,1.40865,1.40854,0.0012,0.0018
04.11.2025 15:36:18.769 UTC,1.40865,1.40854,0.0012,0.0024
04.11.2025 15:36:19.625 UTC,1.40865,1.40852,0.0012,0.0024
04.11.2025 15:36:19.727 UTC,1.40864,1.40853,0.00135,0.00225
04.11.2025 15:36:20.131 UTC,1.40864,1.40853,0.0012,0.0024
04.11.2025 15:36:20.232 UTC,1.40865,1.40852,0.00135,0.00225
04.11.2025 15:36:20.384 UTC,1.40865,1.40852,0.0012,0.0024
04.11.2025 15:36:21.392 UTC,1.40865,1.40852,0.00135,0.00135
04.11.2025 15:36:21.494 UTC,1.40865,1.40852,0.0012,0.0018
04.11.2025 15:36:22.756 UTC,1.40864,1.40853,0.00135,0.00135
04.11.2025 15:36:25.185 UTC,1.40861,1.40849,0.0012,0.0018
04.11.2025 15:36:25.288 UTC,1.40861,1.40848,0.0012,0.00315
04.11.2025 15:36:25.340 UTC,1.40858,1.40847,0.0012,0.0018
04.11.2025 15:36:25.443 UTC,1.40858,1.40847,0.0012,0.0012
04.11.2025 15:36:26.304 UTC,1.40859,1.40846,0.0012,0.00294
04.11.2025 15:36:26.405 UTC,1.40859,1.40848,0.0012,0.00225
04.11.2025 15:36:27.382 UTC,1.40861,1.40848,0.0012,0.00132
04.11.2025 15:36:27.787 UTC,1.40861,1.40848,0.0012,0.00294
04.11.2025 15:36:30.205 UTC,1.40861,1.40848,0.0012,0.00292
04.11.2025 15:36:30.307 UTC,1.4086,1.40849,0.0012,0.0033
04.11.2025 15:36:30.711 UTC,1.40861,1.40848,0.0012,0.0027
04.11.2025 15:36:31.065 UTC,1.40861,1.40848,0.0012,0.00285
04.11.2025 15:36:31.519 UTC,1.4086,1.40849,0.0012,0.0018
04.11.2025 15:36:31.621 UTC,1.4086,1.40847,0.0012,0.00279
04.11.2025 15:36:31.875 UTC,1.40859,1.40848,0.0012,0.00195
04.11.2025 15:36:32.581 UTC,1.40859,1.40848,0.0012,0.00135
04.11.2025 15:36:32.936 UTC,1.40858,1.40847,0.0012,0.00195
04.11.2025 15:36:33.391 UTC,1.40859,1.40846,0.0012,0.00189
04.11.2025 15:36:33.698 UTC,1.40859,1.40846,0.0012,0.00195
04.11.2025 15:36:34.207 UTC,1.40858,1.40847,0.0012,0.0024
04.11.2025 15:36:34.510 UTC,1.40858,1.40847,0.0012,0.00204
04.11.2025 15:36:34.711 UTC,1.40859,1.40846,0.0012,0.0024
04.11.2025 15:36:34.964 UTC,1.40859,1.40846,0.0012,0.00204
04.11.2025 15:36:35.674 UTC,1.40859,1.40846,0.0012,0.0027
04.11.2025 15:36:35.864 UTC,1.40859,1.40846,0.0012,0.00285
04.11.2025 15:36:36.619 UTC,1.4086,1.40847,0.0012,0.00135
04.11.2025 15:36:36.873 UTC,1.4086,1.40847,0.0012,0.0018
04.11.2025 15:36:36.975 UTC,1.40859,1.40848,0.0012,0.00135
04.11.2025 15:36:37.228 UTC,1.4086,1.40847,0.0012,0.0018
04.11.2025 15:36:37.380 UTC,1.40859,1.40848,0.0012,0.00135
04.11.2025 15:36:38.495 UTC,1.40859,1.40846,0.0012,0.00189
04.11.2025 15:36:39.463 UTC,1.40859,1.40846,0.0012,0.00204
04.11.2025 15:36:39.564 UTC,1.40858,1.40847,0.0012,0.00189
04.11.2025 15:36:40.369 UTC,1.40859,1.40846,0.0012,0.00192
04.11.2025 15:36:40.472 UTC,1.40859,1.40846,0.0012,0.00144
04.11.2025 15:36:41.280 UTC,1.40858,1.40847,0.0012,0.00192
04.11.2025 15:36:41.683 UTC,1.40859,1.40846,0.0012,0.00144
04.11.2025 15:36:44.046 UTC,1.40859,1.40846,0.0012,0.0018
04.11.2025 15:36:44.703 UTC,1.40859,1.40846,0.0012,0.00135
04.11.2025 15:36:44.956 UTC,1.40859,1.40846,0.0012,0.0018
04.11.2025 15:36:46.014 UTC,1.40859,1.40846,0.00135,0.00135
04.11.2025 15:36:48.333 UTC,1.40858,1.40847,0.0012,0.00147
04.11.2025 15:36:49.093 UTC,1.40858,1.40847,0.0012,0.00153
04.11.2025 15:36:49.651 UTC,1.40859,1.40846,0.0012,0.00219
04.11.2025 15:36:49.754 UTC,1.40857,1.40847,0.0012,0.00144
04.11.2025 15:36:50.410 UTC,1.40857,1.40847,0.0012,0.00219
04.11.2025 15:36:50.562 UTC,1.40858,1.40846,0.0012,0.00219
04.11.2025 15:36:51.617 UTC,1.40857,1.40847,0.0012,0.00153
04.11.2025 15:36:51.872 UTC,1.40857,1.40846,0.0012,0.00354
04.11.2025 15:36:52.314 UTC,1.40858,1.40845,0.0012,0.00264
04.11.2025 15:36:52.518 UTC,1.40858,1.40846,0.0012,0.00168
04.11.2025 15:36:53.379 UTC,1.40857,1.40844,0.00144,0.0018
04.11.2025 15:36:53.431 UTC,1.40853,1.40842,0.0012,0.00261
04.11.2025 15:36:53.533 UTC,1.40854,1.40841,0.0012,0.00132
04.11.2025 15:36:53.991 UTC,1.40854,1.40841,0.0012,0.00258
04.11.2025 15:36:54.245 UTC,1.40853,1.40842,0.0012,0.00243
04.11.2025 15:36:54.398 UTC,1.40852,1.40841,0.0018,0.0012
04.11.2025 15:36:54.501 UTC,1.40851,1.40839,0.0012,0.0012
04.11.2025 15:36:54.603 UTC,1.40851,1.40838,0.0012,0.0018
04.11.2025 15:36:54.807 UTC,1.40851,1.4084,0.0012,0.00387
04.11.2025 15:36:54.910 UTC,1.40853,1.4084,0.0012,0.00387
04.11.2025 15:36:55.063 UTC,1.40853,1.40842,0.0012,0.00441
04.11.2025 15:36:55.165 UTC,1.40855,1.40843,0.0012,0.00132
04.11.2025 15:36:56.477 UTC,1.40856,1.40845,0.0012,0.00108
04.11.2025 15:36:56.579 UTC,1.40857,1.40844,0.0012,0.00216
04.11.2025 15:36:58.192 UTC,1.40857,1.40844,0.0012,0.00135
04.11.2025 15:36:58.397 UTC,1.40856,1.40843,0.00135,0.0018
04.11.2025 15:36:58.544 UTC,1.40855,1.40842,0.0012,0.00249
04.11.2025 15:36:59.704 UTC,1.40855,1.40842,0.0012,0.00132
04.11.2025 15:37:00.006 UTC,1.40855,1.40842,0.0012,0.00192
04.11.2025 15:37:00.312 UTC,1.40855,1.40843,0.0012,0.0012
04.11.2025 15:37:00.515 UTC,1.40855,1.40842,0.0012,0.00192
04.11.2025 15:37:01.273 UTC,1.40855,1.40842,0.0012,0.00132
04.11.2025 15:37:01.476 UTC,1.40856,1.40843,0.0012,0.00279
04.11.2025 15:37:01.679 UTC,1.40857,1.40844,0.00135,0.0012
04.11.2025 15:37:01.782 UTC,1.40857,1.40844,0.0012,0.00429
04.11.2025 15:37:01.985 UTC,1.40857,1.40844,0.00135,0.00414
04.11.2025 15:37:02.138 UTC,1.40856,1.40845,0.0012,0.00429
04.11.2025 15:37:02.442 UTC,1.40856,1.40845,0.00135,0.00414
04.11.2025 15:37:02.745 UTC,1.40857,1.40844,0.0012,0.00384
04.11.2025 15:37:03.100 UTC,1.40857,1.40844,0.0012,0.0018
04.11.2025 15:37:04.569 UTC,1.40854,1.40843,0.0012,0.0012
04.11.2025 15:37:04.673 UTC,1.40852,1.40843,0.0012,0.00195
04.11.2025 15:37:04.776 UTC,1.40853,1.40842,0.0012,0.00135
04.11.2025 15:37:04.928 UTC,1.40852,1.40843,0.0012,0.0018
04.11.2025 15:37:06.930 UTC,1.40852,1.40843,0.0012,0.00135
04.11.2025 15:37:07.133 UTC,1.40852,1.40839,0.0018,0.0018
04.11.2025 15:37:07.185 UTC,1.4085,1.40838,0.0012,0.00144
04.11.2025 15:37:07.843 UTC,1.40848,1.40838,0.0012,0.00192
04.11.2025 15:37:07.946 UTC,1.40847,1.40837,0.0012,0.00192
04.11.2025 15:37:07.997 UTC,1.40848,1.40835,0.0012,0.00207
04.11.2025 15:37:08.152 UTC,1.40849,1.40836,0.0012,0.00156
04.11.2025 15:37:08.357 UTC,1.40849,1.40836,0.0012,0.00264
04.11.2025 15:37:08.863 UTC,1.40847,1.40836,0.0012,0.00156
04.11.2025 15:37:09.823 UTC,1.40847,1.40836,0.0012,0.00132
04.11.2025 15:37:10.380 UTC,1.40847,1.40835,0.0012,0.00108
04.11.2025 15:37:10.833 UTC,1.40847,1.40835,0.0012,0.00201
04.11.2025 15:37:10.987 UTC,1.40847,1.40835,0.0012,0.00144
04.11.2025 15:37:11.089 UTC,1.40846,1.40836,0.0012,0.00144
04.11.2025 15:37:15.072 UTC,1.40847,1.40836,0.0012,0.00156
04.11.2025 15:37:16.269 UTC,1.40846,1.40836,0.0012,0.00306
04.11.2025 15:37:17.581 UTC,1.40847,1.40835,0.0012,0.00216
04.11.2025 15:37:18.336 UTC,1.40847,1.40835,0.0012,0.00213
04.11.2025 15:37:18.438 UTC,1.40845,1.40836,0.0012,0.00132
04.11.2025 15:37:18.744 UTC,1.40846,1.40835,0.0012,0.00132
04.11.2025 15:37:19.249 UTC,1.40846,1.40835,0.0012,0.00153
04.11.2025 15:37:19.352 UTC,1.40846,1.40835,0.0012,0.00258
04.11.2025 15:37:19.905 UTC,1.40845,1.40836,0.0012,0.00243
04.11.2025 15:37:20.158 UTC,1.40846,1.40835,0.0012,0.00258
04.11.2025 15:37:20.612 UTC,1.40846,1.40835,0.0012,0.00243
04.11.2025 15:37:21.720 UTC,1.40846,1.40835,0.0012,0.00168
04.11.2025 15:37:22.324 UTC,1.40846,1.40835,0.0012,0.00153
04.11.2025 15:37:22.826 UTC,1.40846,1.40835,0.0012,0.00132
04.11.2025 15:37:22.928 UTC,1.40845,1.40835,0.0012,0.00285
04.11.2025 15:37:24.630 UTC,1.40846,1.40835,0.0012,0.00132
04.11.2025 15:37:25.035 UTC,1.40846,1.40835,0.0012,0.00237
04.11.2025 15:37:29.929 UTC,1.40845,1.40836,0.0012,0.0012
04.11.2025 15:37:30.636 UTC,1.40845,1.40834,0.0012,0.0012
04.11.2025 15:37:30.788 UTC,1.40845,1.40833,0.0012,0.0012
04.11.2025 15:37:31.295 UTC,1.40843,1.40834,0.0012,0.0012
04.11.2025 15:37:31.398 UTC,1.40843,1.40831,0.0012,0.00195
04.11.2025 15:37:31.451 UTC,1.40843,1.40831,0.0012,0.0012
04.11.2025 15:37:32.268 UTC,1.40843,1.40831,0.0012,0.00132
04.11.2025 15:37:33.220 UTC,1.40843,1.40832,0.0012,0.0012
04.11.2025 15:37:34.837 UTC,1.40842,1.40833,0.0012,0.0012
04.11.2025 15:37:34.988 UTC,1.40843,1.40831,0.0012,0.00204
04.11.2025 15:37:35.090 UTC,1.40843,1.40831,0.0012,0.0024
04.11.2025 15:37:35.242 UTC,1.40843,1.40831,0.0012,0.00204
04.11.2025 15:37:35.748 UTC,1.40842,1.40832,0.0012,0.00132
04.11.2025 15:37:35.850 UTC,1.40842,1.40833,0.0012,0.00195
04.11.2025 15:37:36.104 UTC,1.40843,1.40832,0.0012,0.0018
04.11.2025 15:37:36.408 UTC,1.40843,1.40832,0.0012,0.00195
04.11.2025 15:37:36.511 UTC,1.40842,1.40833,0.0012,0.0024
04.11.2025 15:37:36.663 UTC,1.40842,1.40834,0.0012,0.0012
04.11.2025 15:37:36.816 UTC,1.40844,1.40833,0.0012,0.0012
04.11.2025 15:37:36.918 UTC,1.40843,1.40834,0.0012,0.0012
04.11.2025 15:37:40.841 UTC,1.40845,1.40834,0.0012,0.0012
04.11.2025 15:37:40.944 UTC,1.40844,1.40835,0.0012,0.0012
04.11.2025 15:37:41.898 UTC,1.40845,1.40834,0.0012,0.0018
04.11.2025 15:37:42.151 UTC,1.40845,1.40834,0.0012,0.00195
04.11.2025 15:37:43.356 UTC,1.40845,1.40834,0.0012,0.0012
04.11.2025 15:37:43.459 UTC,1.40844,1.40832,0.0012,0.00195
04.11.2025 15:37:43.511 UTC,1.40843,1.40833,0.0012,0.0018
04.11.2025 15:37:43.613 UTC,1.40844,1.40832,0.0012,0.00195
04.11.2025 15:37:44.522 UTC,1.40844,1.40833,0.0012,0.0012
04.11.2025 15:37:45.987 UTC,1.40844,1.40833,0.0012,0.00195
04.11.2025 15:37:46.090 UTC,1.40845,1.40833,0.0012,0.00204
04.11.2025 15:37:46.192 UTC,1.40845,1.40835,0.0012,0.0012
04.11.2025 15:37:46.852 UTC,1.40846,1.40835,0.0012,0.0012
04.11.2025 15:37:46.954 UTC,1.40846,1.40835,0.0012,0.00132
04.11.2025 15:37:47.107 UTC,1.40845,1.40834,0.0012,0.0012
04.11.2025 15:37:50.765 UTC,1.40844,1.40835,0.0012,0.0012
04.11.2025 15:37:51.718 UTC,1.40845,1.40834,0.0012,0.0012
04.11.2025 15:37:54.987 UTC,1.40844,1.40835,0.0012,0.0012
04.11.2025 15:37:59.300 UTC,1.40846,1.40834,0.0012,0.0012
04.11.2025 15:37:59.403 UTC,1.40846,1.40834,0.0012,0.0018
04.11.2025 15:37:59.505 UTC,1.40846,1.40835,0.0012,0.0012
04.11.2025 15:38:00.163 UTC,1.40848,1.40835,0.0018,0.0018
04.11.2025 15:38:00.872 UTC,1.40848,1.40835,0.0012,0.00429
04.11.2025 15:38:01.024 UTC,1.40848,1.40835,0.0012,0.00414
04.11.2025 15:38:01.779 UTC,1.40847,1.40836,0.0012,0.00429
04.11.2025 15:38:03.172 UTC,1.40847,1.40836,0.0012,0.00414
04.11.2025 15:38:03.274 UTC,1.40848,1.40836,0.0012,0.00135
04.11.2025 15:38:03.377 UTC,1.40848,1.40835,0.0018,0.00315
04.11.2025 15:38:03.631 UTC,1.40848,1.40835,0.0012,0.0033
04.11.2025 15:38:09.116 UTC,1.40847,1.40836,0.00135,0.0018
04.11.2025 15:38:09.218 UTC,1.40848,1.40835,0.0012,0.00195
04.11.2025 15:38:10.027 UTC,1.40847,1.40836,0.00135,0.0018
04.11.2025 15:38:10.884 UTC,1.40848,1.40835,0.0012,0.00195
04.11.2025 15:38:11.036 UTC,1.40848,1.40835,0.00135,0.0018
04.11.2025 15:38:11.138 UTC,1.40848,1.40835,0.0012,0.00195
04.11.2025 15:38:11.343 UTC,1.40848,1.40835,0.00135,0.00315
04.11.2025 15:38:11.396 UTC,1.40848,1.40835,0.0012,0.00432
04.11.2025 15:38:11.499 UTC,1.40852,1.40843,0.00112,0.00132
04.11.2025 15:38:11.605 UTC,1.40852,1.40843,0.0012,0.00192
04.11.2025 15:38:11.811 UTC,1.40853,1.40844,0.0012,0.0012
04.11.2025 15:38:11.914 UTC,1.40852,1.40844,0.0012,0.0012
04.11.2025 15:38:12.017 UTC,1.40857,1.40844,0.0012,0.00135
04.11.2025 15:38:14.965 UTC,1.40856,1.40843,0.0012,0.0018
04.11.2025 15:38:15.067 UTC,1.40855,1.40842,0.0012,0.0018
04.11.2025 15:38:15.119 UTC,1.40854,1.40843,0.0012,0.0012
04.11.2025 15:38:16.534 UTC,1.40855,1.40842,0.0012,0.0018
04.11.2025 15:38:17.389 UTC,1.40855,1.40842,0.0012,0.00135
04.11.2025 15:38:18.647 UTC,1.40855,1.40842,0.0012,0.00195
04.11.2025 15:38:18.999 UTC,1.40854,1.40843,0.0012,0.00144
04.11.2025 15:38:19.102 UTC,1.40855,1.40844,0.0012,0.00135
04.11.2025 15:38:19.205 UTC,1.40854,1.40843,0.00144,0.0018
04.11.2025 15:38:19.307 UTC,1.40855,1.40842,0.00144,0.0012
04.11.2025 15:38:20.015 UTC,1.40855,1.40842,0.0012,0.0018
04.11.2025 15:38:20.876 UTC,1.40856,1.40843,0.0012,0.00204
04.11.2025 15:38:21.724 UTC,1.40856,1.40844,0.0012,0.0012
04.11.2025 15:38:23.542 UTC,1.40855,1.40844,0.0012,0.00285
04.11.2025 15:38:23.645 UTC,1.40855,1.40844,0.00135,0.0027
04.11.2025 15:38:23.747 UTC,1.40856,1.40843,0.0012,0.00285
04.11.2025 15:38:25.521 UTC,1.40857,1.40844,0.00135,0.00144
04.11.2025 15:38:25.623 UTC,1.40857,1.40844,0.0012,0.00204
04.11.2025 15:38:27.696 UTC,1.40856,1.40845,0.0012,0.00144
04.11.2025 15:38:27.999 UTC,1.40857,1.40844,0.0012,0.00192
04.11.2025 15:38:31.049 UTC,1.40857,1.40844,0.0012,0.00204
04.11.2025 15:38:31.202 UTC,1.40857,1.40844,0.0012,0.00192
04.11.2025 15:38:31.759 UTC,1.40856,1.40845,0.0012,0.00204
04.11.2025 15:38:32.213 UTC,1.40857,1.40844,0.0012,0.00339
04.11.2025 15:38:33.070 UTC,1.40856,1.40845,0.0012,0.00234
04.11.2025 15:38:33.325 UTC,1.40856,1.40843,0.0012,0.00285
04.11.2025 15:38:33.984 UTC,1.40855,1.40844,0.00135,0.00135
04.11.2025 15:38:34.086 UTC,1.40855,1.40841,0.0012,0.00204
04.11.2025 15:38:34.644 UTC,1.40855,1.40841,0.0012,0.00384
04.11.2025 15:38:34.746 UTC,1.40855,1.40841,0.0012,0.00429
04.11.2025 15:38:35.149 UTC,1.40854,1.40842,0.0012,0.00384
04.11.2025 15:38:35.401 UTC,1.40855,1.40841,0.0012,0.00429
04.11.2025 15:38:35.704 UTC,1.40855,1.40841,0.0012,0.00384
04.11.2025 15:38:36.966 UTC,1.40855,1.40842,0.0012,0.0012
04.11.2025 15:38:37.017 UTC,1.40854,1.40842,0.0012,0.00429
04.11.2025 15:38:37.676 UTC,1.40855,1.40841,0.00225,0.00135
04.11.2025 15:38:37.980 UTC,1.40854,1.40842,0.0012,0.00195
04.11.2025 15:38:38.183 UTC,1.40855,1.40841,0.00135,0.00144
04.11.2025 15:38:38.586 UTC,1.40855,1.40841,0.00135,0.00192
04.11.2025 15:38:38.688 UTC,1.40854,1.40842,0.0012,0.00249
04.11.2025 15:38:38.840 UTC,1.40855,1.40841,0.0012,0.00192
04.11.2025 15:38:39.541 UTC,1.40855,1.40841,0.0012,0.00339
04.11.2025 15:38:39.695 UTC,1.40854,1.40843,0.00135,0.00135
04.11.2025 15:38:40.100 UTC,1.40854,1.40843,0.0012,0.0018
04.11.2025 15:38:40.202 UTC,1.40855,1.40842,0.00135,0.00135
04.11.2025 15:38:40.557 UTC,1.40855,1.40841,0.0012,0.00294
04.11.2025 15:38:41.617 UTC,1.40855,1.40841,0.0012,0.00204
04.11.2025 15:38:41.871 UTC,1.40855,1.40841,0.0012,0.00249
04.11.2025 15:38:42.125 UTC,1.40855,1.40842,0.0012,0.00132
04.11.2025 15:38:42.228 UTC,1.40855,1.40842,0.0012,0.00144
04.11.2025 15:38:42.888 UTC,1.40855,1.40842,0.0012,0.00192
04.11.2025 15:38:42.990 UTC,1.40855,1.40841,0.00135,0.00369
04.11.2025 15:38:43.394 UTC,1.40854,1.40843,0.00135,0.0012
04.11.2025 15:38:43.496 UTC,1.40855,1.40841,0.00135,0.00324
04.11.2025 15:38:43.648 UTC,1.40855,1.40841,0.0012,0.00339
04.11.2025 15:38:44.004 UTC,1.40855,1.40841,0.0012,0.00294
04.11.2025 15:38:44.814 UTC,1.40855,1.40841,0.00135,0.00234
04.11.2025 15:38:45.066 UTC,1.40855,1.40841,0.0012,0.00249
04.11.2025 15:38:45.168 UTC,1.40855,1.40841,0.00144,0.00135
04.11.2025 15:38:45.220 UTC,1.40851,1.4084,0.0012,0.0012
04.11.2025 15:38:45.375 UTC,1.40851,1.40839,0.0012,0.0012
04.11.2025 15:38:46.490 UTC,1.4085,1.40837,0.0012,0.00204
04.11.2025 15:38:46.541 UTC,1.40852,1.40839,0.0012,0.00225
04.11.2025 15:38:46.644 UTC,1.40852,1.40839,0.0012,0.0024
04.11.2025 15:38:47.553 UTC,1.40852,1.40839,0.0012,0.0012
04.11.2025 15:38:47.706 UTC,1.40851,1.4084,0.0012,0.0012
04.11.2025 15:38:48.126 UTC,1.40853,1.4084,0.00135,0.0012
04.11.2025 15:38:49.442 UTC,1.40851,1.40838,0.00132,0.00294
04.11.2025 15:38:49.545 UTC,1.40849,1.40837,0.0012,0.0018
04.11.2025 15:38:49.596 UTC,1.40849,1.40836,0.0018,0.0024
04.11.2025 15:38:53.565 UTC,1.40847,1.40834,0.0018,0.00192
04.11.2025 15:38:53.668 UTC,1.40844,1.40834,0.00132,0.0018
04.11.2025 15:38:53.720 UTC,1.40844,1.40831,0.0012,0.00381
04.11.2025 15:38:53.874 UTC,1.40844,1.40831,0.00132,0.0018
04.11.2025 15:38:54.634 UTC,1.40844,1.40831,0.00192,0.0012
04.11.2025 15:38:54.938 UTC,1.40844,1.40831,0.00144,0.0012
04.11.2025 15:38:55.192 UTC,1.40844,1.40831,0.00192,0.0012
04.11.2025 15:38:55.395 UTC,1.40844,1.40831,0.00144,0.0012
04.11.2025 15:38:55.749 UTC,1.40844,1.40831,0.00192,0.0012
04.11.2025 15:38:56.053 UTC,1.40844,1.40831,0.00144,0.0012
04.11.2025 15:38:56.104 UTC,1.40839,1.40831,0.00132,0.00135
04.11.2025 15:38:56.238 UTC,1.40839,1.40826,0.0012,0.00225
04.11.2025 15:38:56.697 UTC,1.40838,1.40826,0.0012,0.00135
04.11.2025 15:39:00.321 UTC,1.40839,1.40826,0.00225,0.00135
04.11.2025 15:39:01.182 UTC,1.40839,1.40826,0.0018,0.00195
04.11.2025 15:39:01.284 UTC,1.40838,1.40827,0.0024,0.00135
04.11.2025 15:39:01.387 UTC,1.40839,1.40826,0.00225,0.0018
04.11.2025 15:39:01.540 UTC,1.40838,1.40826,0.0012,0.0018
04.11.2025 15:39:06.026 UTC,1.40838,1.40825,0.00225,0.00135
04.11.2025 15:39:06.935 UTC,1.40838,1.40825,0.00249,0.0012
04.11.2025 15:39:07.289 UTC,1.40838,1.40825,0.00234,0.0012
04.11.2025 15:39:08.148 UTC,1.40837,1.40826,0.00249,0.0012
04.11.2025 15:39:09.053 UTC,1.40838,1.40825,0.00234,0.00135
04.11.2025 15:39:09.556 UTC,1.40838,1.40825,0.00249,0.0012
04.11.2025 15:39:10.012 UTC,1.40836,1.40825,0.00147,0.00135
04.11.2025 15:39:10.115 UTC,1.40836,1.40823,0.00144,0.00135
04.11.2025 15:39:10.269 UTC,1.40837,1.40824,0.00135,0.0012
04.11.2025 15:39:10.626 UTC,1.40836,1.40823,0.00135,0.00234
04.11.2025 15:39:11.334 UTC,1.40836,1.40823,0.0012,0.00192
04.11.2025 15:39:11.938 UTC,1.40836,1.40823,0.0012,0.00144
04.11.2025 15:39:12.190 UTC,1.40836,1.40823,0.0012,0.00237
04.11.2025 15:39:12.543 UTC,1.40836,1.40823,0.00135,0.00192
04.11.2025 15:39:12.647 UTC,1.40834,1.40824,0.00135,0.00132
04.11.2025 15:39:12.699 UTC,1.40837,1.40824,0.00135,0.00132
04.11.2025 15:39:12.803 UTC,1.40837,1.40825,0.0018,0.00132
04.11.2025 15:39:13.290 UTC,1.40836,1.40823,0.0012,0.00192
04.11.2025 15:39:13.393 UTC,1.40837,1.40824,0.0012,0.00192
04.11.2025 15:39:13.547 UTC,1.40837,1.40824,0.0012,0.00132
04.11.2025 15:39:14.457 UTC,1.40837,1.40824,0.0018,0.00132
04.11.2025 15:39:14.610 UTC,1.40837,1.40824,0.0012,0.00132
04.11.2025 15:39:15.015 UTC,1.40836,1.40825,0.00195,0.00132
04.11.2025 15:39:15.118 UTC,1.40837,1.40824,0.00135,0.00132
04.11.2025 15:39:15.220 UTC,1.40836,1.40825,0.00135,0.00132
04.11.2025 15:39:16.080 UTC,1.40837,1.40824,0.00135,0.00144
04.11.2025 15:39:17.142 UTC,1.40837,1.40824,0.0018,0.00144
04.11.2025 15:39:17.244 UTC,1.40836,1.40825,0.00135,0.00144
04.11.2025 15:39:17.346 UTC,1.40837,1.40824,0.0018,0.00192
04.11.2025 15:39:17.398 UTC,1.40837,1.40825,0.00135,0.00132
04.11.2025 15:39:18.610 UTC,1.40838,1.40825,0.0012,0.00201
04.11.2025 15:39:19.973 UTC,1.40838,1.40825,0.0018,0.00147
04.11.2025 15:39:20.426 UTC,1.40838,1.40825,0.00135,0.00147
04.11.2025 15:39:20.529 UTC,1.40838,1.40824,0.00375,0.00144
04.11.2025 15:39:20.631 UTC,1.40835,1.40822,0.00135,0.00192
04.11.2025 15:39:20.683 UTC,1.40835,1.40822,0.00135,0.00132
04.11.2025 15:39:20.785 UTC,1.40835,1.40822,0.00135,0.00147
04.11.2025 15:39:20.888 UTC,1.40834,1.40823,0.00135,0.00132
04.11.2025 15:39:21.092 UTC,1.40834,1.40823,0.00135,0.00192
04.11.2025 15:39:21.547 UTC,1.40835,1.40822,0.00135,0.0018
04.11.2025 15:39:22.617 UTC,1.40835,1.40822,0.00135,0.00192
04.11.2025 15:39:22.720 UTC,1.40835,1.40822,0.00135,0.00189
04.11.2025 15:39:23.686 UTC,1.40835,1.40822,0.0012,0.00204
04.11.2025 15:39:23.788 UTC,1.40834,1.40823,0.00135,0.00189
04.11.2025 15:39:25.209 UTC,1.40835,1.40822,0.00135,0.00192
04.11.2025 15:39:26.470 UTC,1.40834,1.40823,0.00135,0.00192
04.11.2025 15:39:27.481 UTC,1.40835,1.40822,0.0012,0.00297
04.11.2025 15:39:28.040 UTC,1.40834,1.40822,0.0012,0.00207
04.11.2025 15:39:31.056 UTC,1.40833,1.40822,0.0012,0.00207
04.11.2025 15:39:32.315 UTC,1.40834,1.40822,0.0012,0.00132
04.11.2025 15:39:32.517 UTC,1.40834,1.40821,0.0012,0.00297
04.11.2025 15:39:32.772 UTC,1.40833,1.40821,0.0012,0.00132
04.11.2025 15:39:34.790 UTC,1.40827,1.40816,0.0012,0.0012
04.11.2025 15:39:34.892 UTC,1.40827,1.40816,0.0012,0.0018
04.11.2025 15:39:35.701 UTC,1.40826,1.40815,0.00132,0.0033
04.11.2025 15:39:36.761 UTC,1.40826,1.40813,0.00132,0.0024
04.11.2025 15:39:36.864 UTC,1.40825,1.40814,0.00132,0.0024
04.11.2025 15:39:38.032 UTC,1.40827,1.40815,0.0012,0.00132
04.11.2025 15:39:38.894 UTC,1.40827,1.40816,0.0012,0.0012
04.11.2025 15:39:41.432 UTC,1.40826,1.40817,0.0012,0.0012
04.11.2025 15:39:44.453 UTC,1.40827,1.40816,0.0012,0.0012
04.11.2025 15:39:44.607 UTC,1.40829,1.40816,0.0012,0.00342
04.11.2025 15:39:44.659 UTC,1.4083,1.4082,0.0012,0.00144
04.11.2025 15:39:44.761 UTC,1.40832,1.40821,0.0012,0.00189
04.11.2025 15:39:44.863 UTC,1.40833,1.4082,0.0012,0.00249
04.11.2025 15:39:44.966 UTC,1.40831,1.40818,0.0012,0.00285
04.11.2025 15:39:45.017 UTC,1.40831,1.40818,0.0012,0.0018
04.11.2025 15:39:45.120 UTC,1.4083,1.40817,0.0012,0.00204
04.11.2025 15:39:45.222 UTC,1.4083,1.40819,0.0012,0.0012
04.11.2025 15:39:46.089 UTC,1.40828,1.40815,0.0012,0.00249
04.11.2025 15:39:46.193 UTC,1.40828,1.40815,0.0012,0.00192
04.11.2025 15:39:46.701 UTC,1.4083,1.40817,0.0012,0.00189
04.11.2025 15:39:46.752 UTC,1.4083,1.40819,0.0012,0.0033
04.11.2025 15:39:46.854 UTC,1.4083,1.4082,0.0012,0.00195
04.11.2025 15:39:47.362 UTC,1.4083,1.4082,0.0012,0.0018
04.11.2025 15:39:48.254 UTC,1.4083,1.4082,0.0012,0.0012
04.11.2025 15:39:49.667 UTC,1.4083,1.40817,0.0018,0.00204
04.11.2025 15:39:49.770 UTC,1.40831,1.40819,0.0012,0.0012
04.11.2025 15:39:50.227 UTC,1.40832,1.40819,0.0012,0.00429
04.11.2025 15:39:50.330 UTC,1.40829,1.40819,0.0012,0.00195
04.11.2025 15:39:50.381 UTC,1.40829,1.40816,0.0018,0.00195
04.11.2025 15:39:50.889 UTC,1.40828,1.40815,0.0012,0.00249
04.11.2025 15:39:51.144 UTC,1.40827,1.40816,0.0012,0.00339
04.11.2025 15:39:56.125 UTC,1.40829,1.40815,0.00225,0.00294
04.11.2025 15:39:56.396 UTC,1.40828,1.40816,0.0024,0.00294
04.11.2025 15:39:57.252 UTC,1.40828,1.40817,0.00225,0.0012
04.11.2025 15:39:58.409 UTC,1.40828,1.40816,0.0024,0.00195
04.11.2025 15:39:59.416 UTC,1.40828,1.40817,0.00225,0.0012
04.11.2025 15:40:00.329 UTC,1.40828,1.40816,0.0012,0.0012
04.11.2025 15:40:01.085 UTC,1.40827,1.40817,0.0012,0.0012
04.11.2025 15:40:01.638 UTC,1.40828,1.40816,0.0012,0.0012
04.11.2025 15:40:01.842 UTC,1.40828,1.40816,0.0012,0.00234
04.11.2025 15:40:01.944 UTC,1.40828,1.40816,0.0012,0.0024
04.11.2025 15:40:03.257 UTC,1.40828,1.40816,0.0012,0.00132
04.11.2025 15:40:03.560 UTC,1.40828,1.40816,0.0012,0.0012
04.11.2025 15:40:04.821 UTC,1.4083,1.40821,0.0012,0.00132
04.11.2025 15:40:04.873 UTC,1.40832,1.40821,0.0012,0.00132
04.11.2025 15:40:05.381 UTC,1.40832,1.40822,0.0012,0.0012
04.11.2025 15:40:05.978 UTC,1.40832,1.40821,0.0012,0.00189
04.11.2025 15:40:06.183 UTC,1.40831,1.40822,0.0012,0.00204
04.11.2025 15:40:06.337 UTC,1.40831,1.40823,0.0012,0.0018
04.11.2025 15:40:06.489 UTC,1.40831,1.40823,0.0012,0.0012
04.11.2025 15:40:06.692 UTC,1.40832,1.40822,0.0012,0.0018
04.11.2025 15:40:06.794 UTC,1.40832,1.40822,0.0012,0.00135
04.11.2025 15:40:07.601 UTC,1.40832,1.4082,0.0012,0.00297
04.11.2025 15:40:07.805 UTC,1.40832,1.40821,0.0012,0.00204
04.11.2025 15:40:08.106 UTC,1.40831,1.40822,0.0012,0.00189
04.11.2025 15:40:08.358 UTC,1.40831,1.40823,0.0012,0.0012
04.11.2025 15:40:10.725 UTC,1.40832,1.40822,0.0012,0.00195
04.11.2025 15:40:10.929 UTC,1.40832,1.40822,0.0012,0.0018
04.11.2025 15:40:11.030 UTC,1.40831,1.40823,0.0012,0.00195
04.11.2025 15:40:11.132 UTC,1.40831,1.40823,0.0012,0.0018
04.11.2025 15:40:11.234 UTC,1.40832,1.40822,0.0012,0.00195
04.11.2025 15:40:13.097 UTC,1.40831,1.40823,0.0012,0.0018
04.11.2025 15:40:14.966 UTC,1.40833,1.40822,0.0012,0.0024
04.11.2025 15:40:15.119 UTC,1.40833,1.40822,0.0012,0.00195
04.11.2025 15:40:15.374 UTC,1.40833,1.40822,0.0012,0.0018
04.11.2025 15:40:19.271 UTC,1.40833,1.40822,0.0012,0.00204
04.11.2025 15:40:20.277 UTC,1.40833,1.40822,0.0012,0.00132
04.11.2025 15:40:21.690 UTC,1.40833,1.40822,0.0012,0.00189
04.11.2025 15:40:22.935 UTC,1.40833,1.40823,0.0012,0.0012
04.11.2025 15:40:23.040 UTC,1.40836,1.40824,0.0012,0.00144
04.11.2025 15:40:23.091 UTC,1.40836,1.40824,0.0012,0.00204
04.11.2025 15:40:25.813 UTC,1.40837,1.40827,0.0012,0.00207
04.11.2025 15:40:25.865 UTC,1.40839,1.4083,0.0012,0.0012
04.11.2025 15:40:25.968 UTC,1.4084,1.40828,0.0012,0.00297
04.11.2025 15:40:26.173 UTC,1.40841,1.40833,0.0012,0.0012
04.11.2025 15:40:26.275 UTC,1.40843,1.40832,0.0012,0.00135
04.11.2025 15:40:27.800 UTC,1.40842,1.40833,0.0012,0.00204
04.11.2025 15:40:27.903 UTC,1.40844,1.40833,0.0012,0.0012
04.11.2025 15:40:28.006 UTC,1.40844,1.40834,0.0012,0.00234
04.11.2025 15:40:28.057 UTC,1.40844,1.40834,0.0012,0.00249
04.11.2025 15:40:29.977 UTC,1.40844,1.40833,0.0012,0.00195
04.11.2025 15:40:30.131 UTC,1.40844,1.40832,0.0012,0.00195
04.11.2025 15:40:30.844 UTC,1.40844,1.40833,0.0012,0.0012
04.11.2025 15:40:33.253 UTC,1.40844,1.40832,0.0012,0.00135
04.11.2025 15:40:33.458 UTC,1.40844,1.40832,0.0012,0.00195
04.11.2025 15:40:33.611 UTC,1.40844,1.40832,0.0012,0.0018
04.11.2025 15:40:34.822 UTC,1.40844,1.40832,0.0012,0.00195
04.11.2025 15:40:34.924 UTC,1.40844,1.40832,0.0012,0.0018
04.11.2025 15:40:35.479 UTC,1.40844,1.40832,0.0012,0.00195
04.11.2025 15:40:36.236 UTC,1.40844,1.40832,0.0012,0.0018
04.11.2025 15:40:36.339 UTC,1.40844,1.40832,0.0012,0.00195
04.11.2025 15:40:36.793 UTC,1.40843,1.40833,0.0012,0.0018
04.11.2025 15:40:37.298 UTC,1.40844,1.40832,0.0012,0.00195
04.11.2025 15:40:37.957 UTC,1.40843,1.40833,0.0012,0.0018
04.11.2025 15:40:38.059 UTC,1.40844,1.40832,0.0012,0.00195
04.11.2025 15:40:39.673 UTC,1.40843,1.40833,0.0012,0.0012
04.11.2025 15:40:39.775 UTC,1.40844,1.40832,0.0012,0.0012
04.11.2025 15:40:39.877 UTC,1.40844,1.40832,0.0012,0.0018
04.11.2025 15:40:39.980 UTC,1.40844,1.40832,0.0012,0.00204
04.11.2025 15:40:40.160 UTC,1.40845,1.40834,0.0012,0.0012
04.11.2025 15:40:45.103 UTC,1.40846,1.40834,0.0012,0.0012
04.11.2025 15:40:45.255 UTC,1.40847,1.40834,0.0012,0.0018
04.11.2025 15:40:45.357 UTC,1.40847,1.40834,0.0012,0.00195
04.11.2025 15:40:47.759 UTC,1.40848,1.40835,0.00234,0.00195
04.11.2025 15:40:47.861 UTC,1.40848,1.40835,0.00237,0.00195
04.11.2025 15:40:48.568 UTC,1.40847,1.40834,0.00192,0.00195
04.11.2025 15:40:48.671 UTC,1.40846,1.40833,0.00147,0.0018
04.11.2025 15:40:49.178 UTC,1.40844,1.40832,0.00147,0.0024
04.11.2025 15:40:49.433 UTC,1.40845,1.40831,0.00132,0.00285
04.11.2025 15:40:49.586 UTC,1.40844,1.40832,0.00132,0.00285
04.11.2025 15:40:51.159 UTC,1.40845,1.40831,0.00237,0.00285
04.11.2025 15:40:52.066 UTC,1.40845,1.40831,0.00147,0.00285
04.11.2025 15:40:52.575 UTC,1.40845,1.40832,0.00147,0.0012
04.11.2025 15:40:52.626 UTC,1.40845,1.40831,0.00192,0.00285
04.11.2025 15:40:52.678 UTC,1.40839,1.40828,0.00192,0.00262
04.11.2025 15:40:52.781 UTC,1.40839,1.40826,0.0018,0.00192
04.11.2025 15:40:53.897 UTC,1.40837,1.40826,0.0012,0.00192
04.11.2025 15:40:53.949 UTC,1.40839,1.40827,0.0012,0.00192
04.11.2025 15:40:54.529 UTC,1.40839,1.40826,0.0012,0.0018
04.11.2025 15:40:54.733 UTC,1.40839,1.40826,0.0018,0.0018
04.11.2025 15:40:55.189 UTC,1.40839,1.40826,0.00135,0.0024
04.11.2025 15:40:55.343 UTC,1.40839,1.40827,0.00135,0.00195
04.11.2025 15:40:55.445 UTC,1.4084,1.40826,0.0018,0.00204
04.11.2025 15:40:55.548 UTC,1.4084,1.40826,0.00135,0.00204
04.11.2025 15:40:55.803 UTC,1.4084,1.40826,0.0024,0.00204
04.11.2025 15:40:56.410 UTC,1.40839,1.40827,0.00225,0.00195
04.11.2025 15:40:56.714 UTC,1.40839,1.40827,0.00237,0.00195
04.11.2025 15:40:56.817 UTC,1.40841,1.40829,0.0012,0.00144
04.11.2025 15:40:56.919 UTC,1.40842,1.40829,0.0012,0.00294
04.11.2025 15:41:00.251 UTC,1.40841,1.40828,0.0012,0.00285
04.11.2025 15:41:00.353 UTC,1.40841,1.40828,0.0024,0.0018
04.11.2025 15:41:00.505 UTC,1.40841,1.40828,0.0024,0.00135
04.11.2025 15:41:00.607 UTC,1.40841,1.40828,0.00225,0.00135
04.11.2025 15:41:00.708 UTC,1.40841,1.40828,0.0018,0.00195
04.11.2025 15:41:01.617 UTC,1.40842,1.40829,0.00225,0.00189
04.11.2025 15:41:01.719 UTC,1.40842,1.40829,0.0012,0.00303
04.11.2025 15:41:01.821 UTC,1.40842,1.4083,0.0012,0.0012
04.11.2025 15:41:03.870 UTC,1.40842,1.40829,0.00225,0.00135
04.11.2025 15:41:04.429 UTC,1.4084,1.40828,0.0012,0.0018
04.11.2025 15:41:04.531 UTC,1.40838,1.40827,0.0012,0.00204
04.11.2025 15:41:04.583 UTC,1.40839,1.40826,0.0012,0.00204
04.11.2025 15:41:08.960 UTC,1.40839,1.40827,0.0012,0.00195
04.11.2025 15:41:10.477 UTC,1.40842,1.40829,0.0012,0.0024
04.11.2025 15:41:15.053 UTC,1.40841,1.40831,0.00132,0.0012
04.11.2025 15:41:15.156 UTC,1.4084,1.40827,0.00147,0.00195
04.11.2025 15:41:15.208 UTC,1.40838,1.40828,0.00132,0.0012
04.11.2025 15:41:16.370 UTC,1.40839,1.40828,0.00225,0.0012
04.11.2025 15:41:17.731 UTC,1.40841,1.40828,0.0012,0.0024
04.11.2025 15:41:17.833 UTC,1.40845,1.40832,0.00192,0.0018
04.11.2025 15:41:17.935 UTC,1.40845,1.40832,0.00132,0.00225
04.11.2025 15:41:18.795 UTC,1.40844,1.40833,0.0012,0.00225
04.11.2025 15:41:18.948 UTC,1.40845,1.40834,0.0012,0.0012
04.11.2025 15:41:19.100 UTC,1.40846,1.40833,0.0012,0.0018
04.11.2025 15:41:22.906 UTC,1.40845,1.40834,0.00132,0.00195
04.11.2025 15:41:23.009 UTC,1.40843,1.40831,0.00327,0.00195
04.11.2025 15:41:23.111 UTC,1.40844,1.4083,0.00327,0.00195
04.11.2025 15:41:24.225 UTC,1.40841,1.40829,0.00132,0.0018
04.11.2025 15:41:24.332 UTC,1.40839,1.40826,0.00189,0.0024
04.11.2025 15:41:24.384 UTC,1.40838,1.40827,0.00192,0.00225
04.11.2025 15:41:26.122 UTC,1.40837,1.40826,0.00192,0.0018
04.11.2025 15:41:26.224 UTC,1.40838,1.40825,0.00189,0.0018
04.11.2025 15:41:31.093 UTC,1.40837,1.40824,0.00132,0.00195
04.11.2025 15:41:31.195 UTC,1.40837,1.40824,0.00192,0.00135
04.11.2025 15:41:31.297 UTC,1.40836,1.40825,0.00144,0.00135
04.11.2025 15:41:31.400 UTC,1.40837,1.40824,0.00249,0.00135
04.11.2025 15:41:31.703 UTC,1.40837,1.40824,0.00234,0.00135
04.11.2025 15:41:32.767 UTC,1.40838,1.40825,0.00144,0.00135
04.11.2025 15:41:32.869 UTC,1.40837,1.40824,0.00135,0.0018
04.11.2025 15:41:33.826 UTC,1.40837,1.40824,0.00135,0.00135
04.11.2025 15:41:34.734 UTC,1.40837,1.40824,0.00135,0.00195
04.11.2025 15:41:34.987 UTC,1.40836,1.40822,0.00234,0.00195
04.11.2025 15:41:35.140 UTC,1.40836,1.40822,0.00144,0.00195
04.11.2025 15:41:35.242 UTC,1.40836,1.40822,0.00192,0.00195
04.11.2025 15:41:35.997 UTC,1.40836,1.40823,0.00144,0.0012
04.11.2025 15:41:36.151 UTC,1.40835,1.40823,0.00249,0.00195
04.11.2025 15:41:36.253 UTC,1.40836,1.40823,0.00234,0.0012
04.11.2025 15:41:36.355 UTC,1.40836,1.40822,0.00249,0.00195
04.11.2025 15:41:36.558 UTC,1.40835,1.40823,0.00249,0.00135
04.11.2025 15:41:36.711 UTC,1.40836,1.40822,0.00249,0.00195
04.11.2025 15:41:37.517 UTC,1.40834,1.40823,0.0012,0.0012
04.11.2025 15:41:37.620 UTC,1.40835,1.40822,0.0012,0.00195
04.11.2025 15:41:37.773 UTC,1.40835,1.40822,0.00135,0.0018
04.11.2025 15:41:37.907 UTC,1.40834,1.40824,0.0012,0.0012
04.11.2025 15:41:38.563 UTC,1.40835,1.40822,0.0012,0.0018
04.11.2025 15:41:39.420 UTC,1.40835,1.40822,0.0012,0.00195
04.11.2025 15:41:39.675 UTC,1.40834,1.40823,0.00135,0.0018
04.11.2025 15:41:39.827 UTC,1.40835,1.40822,0.0012,0.00195
04.11.2025 15:41:40.030 UTC,1.40834,1.40823,0.00135,0.0018
04.11.2025 15:41:42.152 UTC,1.40834,1.40823,0.0012,0.00195
04.11.2025 15:41:42.609 UTC,1.40836,1.40823,0.0012,0.00135
04.11.2025 15:41:42.661 UTC,1.40836,1.40823,0.0012,0.00195
04.11.2025 15:41:44.070 UTC,1.40836,1.40824,0.0012,0.0012
04.11.2025 15:41:44.927 UTC,1.40838,1.40825,0.00144,0.0012
04.11.2025 15:41:45.081 UTC,1.40838,1.40824,0.0018,0.00195
04.11.2025 15:41:46.213 UTC,1.40838,1.40824,0.00225,0.0018
04.11.2025 15:41:47.170 UTC,1.40837,1.40823,0.00249,0.00195
04.11.2025 15:41:47.272 UTC,1.40836,1.40825,0.00234,0.0012
04.11.2025 15:41:49.340 UTC,1.40837,1.40824,0.00147,0.0012
04.11.2025 15:41:49.795 UTC,1.40837,1.40825,0.00144,0.00285
04.11.2025 15:41:49.897 UTC,1.40838,1.40825,0.00144,0.0012
04.11.2025 15:41:50.806 UTC,1.40837,1.40826,0.00147,0.0012
04.11.2025 15:41:51.561 UTC,1.40838,1.40825,0.00135,0.0012
04.11.2025 15:41:57.555 UTC,1.40838,1.40826,0.0012,0.0012
04.11.2025 15:41:59.074 UTC,1.40836,1.40826,0.00189,0.0012
04.11.2025 15:41:59.176 UTC,1.40834,1.40823,0.00189,0.00135
04.11.2025 15:41:59.279 UTC,1.40834,1.40823,0.00189,0.00195
04.11.2025 15:41:59.737 UTC,1.40833,1.40822,0.00189,0.0018
04.11.2025 15:42:00.246 UTC,1.40832,1.40822,0.00189,0.00195
04.11.2025 15:42:00.704 UTC,1.4083,1.40819,0.00189,0.0018
04.11.2025 15:42:00.807 UTC,1.40831,1.4082,0.0012,0.0012
04.11.2025 15:42:00.858 UTC,1.40828,1.4082,0.00189,0.00135
04.11.2025 15:42:01.113 UTC,1.40831,1.40819,0.00189,0.00135
04.11.2025 15:42:01.216 UTC,1.40831,1.40819,0.00189,0.00195
04.11.2025 15:42:02.883 UTC,1.40831,1.40821,0.0012,0.0012
04.11.2025 15:42:05.223 UTC,1.40832,1.4082,0.0012,0.0012
04.11.2025 15:42:08.050 UTC,1.40834,1.4082,0.00144,0.0018
04.11.2025 15:42:08.102 UTC,1.40828,1.40818,0.0012,0.0018
04.11.2025 15:42:08.205 UTC,1.40829,1.40816,0.0012,0.00195
04.11.2025 15:42:12.787 UTC,1.4083,1.40818,0.0012,0.0012
04.11.2025 15:42:12.840 UTC,1.40832,1.40819,0.0012,0.0018
04.11.2025 15:42:12.893 UTC,1.40832,1.40819,0.0012,0.00195
04.11.2025 15:42:14.100 UTC,1.40829,1.40818,0.0012,0.0018
04.11.2025 15:42:14.202 UTC,1.40829,1.40816,0.0012,0.00474
04.11.2025 15:42:14.756 UTC,1.40828,1.40816,0.0012,0.0033
04.11.2025 15:42:14.807 UTC,1.40828,1.40815,0.0012,0.00339
04.11.2025 15:42:16.523 UTC,1.40827,1.40814,0.0012,0.00285
04.11.2025 15:42:16.676 UTC,1.40826,1.40815,0.0012,0.0024
04.11.2025 15:42:17.031 UTC,1.40826,1.40813,0.0012,0.0018
04.11.2025 15:42:17.083 UTC,1.40825,1.40812,0.00192,0.0018
04.11.2025 15:42:17.135 UTC,1.40818,1.40806,0.0012,0.00202
04.11.2025 15:42:17.187 UTC,1.40822,1.40808,0.0012,0.00132
04.11.2025 15:42:17.289 UTC,1.40822,1.40808,0.0012,0.0018
04.11.2025 15:42:17.494 UTC,1.40821,1.40808,0.0018,0.0018
04.11.2025 15:42:17.546 UTC,1.40819,1.40806,0.0012,0.00135
04.11.2025 15:42:19.618 UTC,1.4082,1.40807,0.0012,0.0012
04.11.2025 15:42:19.670 UTC,1.40822,1.40812,0.0012,0.00132
04.11.2025 15:42:19.773 UTC,1.40824,1.40811,0.0012,0.00249
04.11.2025 15:42:20.179 UTC,1.40823,1.4081,0.0012,0.00195
04.11.2025 15:42:20.282 UTC,1.40824,1.40811,0.0012,0.0018
04.11.2025 15:42:20.384 UTC,1.40823,1.40812,0.0012,0.0018
04.11.2025 15:42:20.639 UTC,1.40823,1.4081,0.0012,0.00195
04.11.2025 15:42:20.741 UTC,1.40822,1.40811,0.00135,0.0018
04.11.2025 15:42:20.894 UTC,1.40823,1.4081,0.0018,0.0012
04.11.2025 15:42:21.046 UTC,1.40823,1.4081,0.00135,0.0012
04.11.2025 15:42:21.148 UTC,1.40822,1.40811,0.0018,0.0012
04.11.2025 15:42:21.251 UTC,1.40823,1.4081,0.00135,0.0012
04.11.2025 15:42:21.803 UTC,1.40823,1.4081,0.0018,0.0012
04.11.2025 15:42:21.956 UTC,1.40822,1.40811,0.00135,0.0012
04.11.2025 15:42:22.108 UTC,1.40821,1.40808,0.0012,0.00195
04.11.2025 15:42:24.441 UTC,1.4082,1.4081,0.0012,0.0012
04.11.2025 15:42:24.847 UTC,1.40821,1.40809,0.0012,0.0012
04.11.2025 15:42:24.950 UTC,1.40821,1.40809,0.0012,0.00132
04.11.2025 15:42:25.104 UTC,1.40821,1.40808,0.00135,0.00213
04.11.2025 15:42:26.018 UTC,1.4082,1.4081,0.0012,0.0012
04.11.2025 15:42:26.171 UTC,1.40821,1.40809,0.0012,0.0012
04.11.2025 15:42:28.293 UTC,1.4082,1.40807,0.0012,0.00204
04.11.2025 15:42:28.396 UTC,1.40819,1.40807,0.0012,0.0012
04.11.2025 15:42:28.498 UTC,1.40818,1.40806,0.0012,0.0012
04.11.2025 15:42:28.955 UTC,1.4082,1.40806,0.0012,0.00261
04.11.2025 15:42:29.057 UTC,1.40819,1.40808,0.00135,0.00132
04.11.2025 15:42:29.211 UTC,1.40819,1.40807,0.00135,0.00204
04.11.2025 15:42:29.918 UTC,1.40819,1.40807,0.00135,0.00189
04.11.2025 15:42:30.020 UTC,1.4082,1.40806,0.0018,0.00189
04.11.2025 15:42:31.312 UTC,1.40819,1.40806,0.0012,0.00144
04.11.2025 15:42:31.364 UTC,1.40823,1.4081,0.00157,0.0012
04.11.2025 15:42:32.929 UTC,1.40824,1.4081,0.00234,0.0012
04.11.2025 15:42:33.231 UTC,1.40824,1.4081,0.00249,0.0012
04.11.2025 15:42:33.836 UTC,1.40824,1.4081,0.00204,0.0012
04.11.2025 15:42:34.088 UTC,1.40823,1.40811,0.00249,0.0012
04.11.2025 15:42:34.390 UTC,1.40824,1.4081,0.00249,0.0012
04.11.2025 15:42:35.045 UTC,1.40823,1.40811,0.00249,0.00135
04.11.2025 15:42:36.405 UTC,1.40823,1.40811,0.00234,0.00135
04.11.2025 15:42:37.212 UTC,1.40824,1.4081,0.00249,0.0012
04.11.2025 15:42:37.516 UTC,1.40823,1.4081,0.00195,0.0012
04.11.2025 15:42:39.432 UTC,1.40824,1.4081,0.00192,0.00135
04.11.2025 15:42:39.636 UTC,1.40824,1.40811,0.0012,0.00249
04.11.2025 15:42:39.688 UTC,1.40826,1.40813,0.00144,0.00135
04.11.2025 15:42:40.169 UTC,1.40827,1.40816,0.0012,0.0012
04.11.2025 15:42:40.322 UTC,1.40828,1.40815,0.0012,0.0018
04.11.2025 15:42:43.203 UTC,1.40831,1.4082,0.0012,0.00132
04.11.2025 15:42:43.306 UTC,1.40834,1.40823,0.0027,0.00135
04.11.2025 15:42:45.232 UTC,1.40835,1.40822,0.0012,0.0018
04.11.2025 15:42:45.334 UTC,1.40835,1.40822,0.0012,0.00135
04.11.2025 15:42:48.876 UTC,1.40834,1.40823,0.0012,0.00195
04.11.2025 15:42:48.979 UTC,1.40836,1.40823,0.00144,0.00135
04.11.2025 15:42:49.334 UTC,1.40836,1.40823,0.00192,0.0012
04.11.2025 15:42:49.436 UTC,1.40836,1.40823,0.00144,0.00135
04.11.2025 15:42:49.538 UTC,1.40836,1.40823,0.0012,0.0018
04.11.2025 15:42:50.148 UTC,1.40836,1.40823,0.0012,0.00195
04.11.2025 15:42:50.250 UTC,1.40835,1.40824,0.0012,0.0027
04.11.2025 15:42:50.454 UTC,1.40836,1.40823,0.0012,0.00285
04.11.2025 15:42:50.556 UTC,1.40836,1.40823,0.00135,0.0027
04.11.2025 15:42:50.861 UTC,1.40835,1.40824,0.0012,0.00285
04.11.2025 15:42:54.749 UTC,1.40834,1.40823,0.0018,0.0018
04.11.2025 15:42:54.851 UTC,1.40834,1.40823,0.00144,0.00135
04.11.2025 15:42:55.461 UTC,1.40834,1.40823,0.0012,0.00195
04.11.2025 15:42:56.650 UTC,1.40835,1.40824,0.00144,0.00135
04.11.2025 15:42:57.711 UTC,1.40836,1.40823,0.0012,0.00195
04.11.2025 15:42:58.016 UTC,1.40835,1.40824,0.00144,0.00135
04.11.2025 15:42:58.928 UTC,1.40834,1.40823,0.00225,0.0018
04.11.2025 15:42:59.030 UTC,1.40835,1.40822,0.0018,0.00135
04.11.2025 15:42:59.234 UTC,1.40834,1.40823,0.00135,0.00135
04.11.2025 15:43:00.095 UTC,1.40836,1.40823,0.00144,0.00135
04.11.2025 15:43:00.249 UTC,1.40837,1.40824,0.00234,0.0012
04.11.2025 15:43:01.764 UTC,1.40838,1.40825,0.0018,0.0012
04.11.2025 15:43:01.866 UTC,1.40838,1.40825,0.00135,0.0012
04.11.2025 15:43:07.121 UTC,1.40838,1.40825,0.00375,0.0012
04.11.2025 15:43:07.925 UTC,1.40838,1.40825,0.0036,0.0012
04.11.2025 15:43:08.379 UTC,1.40836,1.40825,0.00375,0.0012
04.11.2025 15:43:08.481 UTC,1.40836,1.40823,0.0018,0.0012
04.11.2025 15:43:08.584 UTC,1.40837,1.40824,0.00135,0.00135
04.11.2025 15:43:10.555 UTC,1.40837,1.40824,0.0012,0.00195
04.11.2025 15:43:12.115 UTC,1.40836,1.40825,0.00135,0.0018
04.11.2025 15:43:13.073 UTC,1.40837,1.40824,0.00384,0.00135
04.11.2025 15:43:13.175 UTC,1.40837,1.40824,0.00369,0.0012
04.11.2025 15:43:15.982 UTC,1.40835,1.40824,0.00192,0.0012
04.11.2025 15:43:16.085 UTC,1.4083,1.40817,0.0018,0.00405
04.11.2025 15:43:16.289 UTC,1.40829,1.40817,0.0012,0.00135
04.11.2025 15:43:16.341 UTC,1.40831,1.40819,0.0012,0.00144
04.11.2025 15:43:16.392 UTC,1.40834,1.40821,0.0012,0.00135
04.11.2025 15:43:16.444 UTC,1.40832,1.40819,0.00132,0.0018
04.11.2025 15:43:16.495 UTC,1.40831,1.4082,0.00144,0.0012
04.11.2025 15:43:16.900 UTC,1.40831,1.40818,0.00132,0.00135
04.11.2025 15:43:17.002 UTC,1.4083,1.40817,0.0012,0.00192
04.11.2025 15:43:17.105 UTC,1.4083,1.40817,0.0012,0.00144
04.11.2025 15:43:17.609 UTC,1.4083,1.40817,0.0012,0.00204
04.11.2025 15:43:17.712 UTC,1.40829,1.40818,0.0012,0.00189
04.11.2025 15:43:19.168 UTC,1.4083,1.40817,0.0012,0.00204
04.11.2025 15:43:19.927 UTC,1.40828,1.40817,0.00189,0.00195
04.11.2025 15:43:20.533 UTC,1.40828,1.40817,0.00189,0.0018
04.11.2025 15:43:20.786 UTC,1.40829,1.40819,0.00189,0.0012
04.11.2025 15:43:20.889 UTC,1.4083,1.4082,0.00189,0.0012
04.11.2025 15:43:20.992 UTC,1.4083,1.4082,0.00189,0.0018
04.11.2025 15:43:22.356 UTC,1.40829,1.40819,0.00189,0.0018
04.11.2025 15:43:22.564 UTC,1.40831,1.40819,0.0018,0.0012
04.11.2025 15:43:22.615 UTC,1.40826,1.40819,0.00189,0.0012
04.11.2025 15:43:22.718 UTC,1.40825,1.40814,0.00189,0.0018
04.11.2025 15:43:22.953 UTC,1.40823,1.40815,0.00189,0.0018
04.11.2025 15:43:23.005 UTC,1.40826,1.40813,0.00315,0.0018
04.11.2025 15:43:23.107 UTC,1.40822,1.40812,0.00189,0.0012
04.11.2025 15:43:26.996 UTC,1.4082,1.40813,0.00189,0.0012
04.11.2025 15:43:27.248 UTC,1.40822,1.40812,0.00189,0.0012
04.11.2025 15:43:30.738 UTC,1.40819,1.40811,0.00189,0.0012
04.11.2025 15:43:30.841 UTC,1.40818,1.40811,0.00189,0.0012
04.11.2025 15:43:32.727 UTC,1.40821,1.40808,0.00315,0.0018
04.11.2025 15:43:32.829 UTC,1.40817,1.40807,0.00324,0.0018
04.11.2025 15:43:32.881 UTC,1.40817,1.40806,0.00189,0.00135
04.11.2025 15:43:33.135 UTC,1.40815,1.40805,0.00189,0.0018
04.11.2025 15:43:33.186 UTC,1.40816,1.40805,0.0027,0.0024
04.11.2025 15:43:33.289 UTC,1.40812,1.40803,0.00189,0.00135
04.11.2025 15:43:33.442 UTC,1.40812,1.40804,0.00189,0.0012
04.11.2025 15:43:33.544 UTC,1.40812,1.40803,0.00189,0.0012
04.11.2025 15:43:33.952 UTC,1.40813,1.40803,0.00189,0.0012
04.11.2025 15:43:40.670 UTC,1.40816,1.40805,0.00459,0.00225
04.11.2025 15:43:40.727 UTC,1.40818,1.40806,0.00249,0.00225
04.11.2025 15:43:40.830 UTC,1.40817,1.40809,0.00189,0.0012
04.11.2025 15:43:40.933 UTC,1.40816,1.40807,0.00189,0.0012
04.11.2025 15:43:41.846 UTC,1.40816,1.40806,0.00189,0.00135
04.11.2025 15:43:42.959 UTC,1.40817,1.40806,0.00189,0.00135
04.11.2025 15:43:43.365 UTC,1.40819,1.40809,0.00369,0.0012
04.11.2025 15:43:44.024 UTC,1.4082,1.40811,0.00189,0.00135
04.11.2025 15:43:45.593 UTC,1.40819,1.40811,0.00189,0.0012
04.11.2025 15:43:45.696 UTC,1.40818,1.40809,0.00189,0.0012
04.11.2025 15:43:45.748 UTC,1.40818,1.40807,0.00189,0.00135
04.11.2025 15:43:46.104 UTC,1.40819,1.40809,0.00189,0.0012
04.11.2025 15:43:46.207 UTC,1.4082,1.40809,0.00189,0.0012
04.11.2025 15:43:46.410 UTC,1.4082,1.4081,0.00189,0.0012
04.11.2025 15:43:46.664 UTC,1.4082,1.40811,0.00189,0.00135
04.11.2025 15:43:46.767 UTC,1.40822,1.40811,0.00189,0.0012
04.11.2025 15:43:46.869 UTC,1.40817,1.40807,0.00189,0.00132
04.11.2025 15:43:46.972 UTC,1.40816,1.40808,0.00189,0.0012
04.11.2025 15:43:51.679 UTC,1.40818,1.40807,0.00234,0.0012
04.11.2025 15:43:52.738 UTC,1.40817,1.40807,0.00279,0.0012
04.11.2025 15:43:53.293 UTC,1.40816,1.40807,0.00189,0.0012
04.11.2025 15:43:55.159 UTC,1.40813,1.40806,0.00189,0.0012
04.11.2025 15:43:55.210 UTC,1.40816,1.40803,0.0018,0.0018
04.11.2025 15:43:55.313 UTC,1.40811,1.40804,0.00189,0.0012
04.11.2025 15:43:55.619 UTC,1.40812,1.40802,0.0012,0.0012
04.11.2025 15:43:55.722 UTC,1.40809,1.40801,0.00189,0.0012
04.11.2025 15:43:55.824 UTC,1.40811,1.408,0.00189,0.0012
04.11.2025 15:43:55.926 UTC,1.40811,1.40801,0.00189,0.0012
04.11.2025 15:43:56.282 UTC,1.40811,1.40802,0.00189,0.0012
04.11.2025 15:43:56.587 UTC,1.4081,1.408,0.00189,0.00135
04.11.2025 15:43:56.689 UTC,1.4081,1.40799,0.00189,0.0018
04.11.2025 15:43:59.708 UTC,1.40811,1.40801,0.00189,0.0012
04.11.2025 15:43:59.810 UTC,1.4081,1.40801,0.00189,0.0012
04.11.2025 15:44:00.316 UTC,1.40811,1.40801,0.00189,0.0012
04.11.2025 15:44:00.418 UTC,1.40809,1.40802,0.00189,0.0012
04.11.2025 15:44:00.571 UTC,1.40809,1.408,0.00189,0.0012
04.11.2025 15:44:00.978 UTC,1.40808,1.40798,0.00189,0.0018
04.11.2025 15:44:01.079 UTC,1.40809,1.40799,0.00189,0.00135
04.11.2025 15:44:01.182 UTC,1.40809,1.408,0.00189,0.0012
04.11.2025 15:44:03.000 UTC,1.4081,1.408,0.00189,0.0012
04.11.2025 15:44:04.268 UTC,1.40809,1.40799,0.00189,0.00135
04.11.2025 15:44:04.421 UTC,1.40809,1.408,0.00189,0.0012
04.11.2025 15:44:04.523 UTC,1.40809,1.40799,0.00189,0.0012
04.11.2025 15:44:05.229 UTC,1.4081,1.40799,0.00189,0.0012
04.11.2025 15:44:06.699 UTC,1.4081,1.408,0.00189,0.0012
04.11.2025 15:44:07.406 UTC,1.40811,1.408,0.00189,0.0012
04.11.2025 15:44:07.812 UTC,1.40808,1.40799,0.0012,0.0018
04.11.2025 15:44:07.914 UTC,1.40805,1.40797,0.00189,0.0012
04.11.2025 15:44:08.017 UTC,1.40806,1.40798,0.00189,0.0018
04.11.2025 15:44:08.221 UTC,1.40806,1.40797,0.00189,0.0012
04.11.2025 15:44:08.323 UTC,1.40807,1.40797,0.00189,0.0018
04.11.2025 15:44:08.477 UTC,1.40808,1.40799,0.00189,0.0012
04.11.2025 15:44:08.580 UTC,1.40809,1.40799,0.0012,0.0018
04.11.2025 15:44:08.631 UTC,1.40806,1.40799,0.00189,0.00135
04.11.2025 15:44:09.239 UTC,1.4081,1.40798,0.00342,0.00135
04.11.2025 15:44:10.404 UTC,1.40811,1.40799,0.00252,0.0012
04.11.2025 15:44:10.506 UTC,1.40811,1.40798,0.00252,0.00135
04.11.2025 15:44:11.059 UTC,1.4081,1.40799,0.00252,0.00135
04.11.2025 15:44:11.914 UTC,1.40811,1.40799,0.00192,0.0012
04.11.2025 15:44:12.924 UTC,1.40813,1.40801,0.00144,0.0012
04.11.2025 15:44:13.077 UTC,1.40813,1.40802,0.0012,0.0012
04.11.2025 15:44:13.129 UTC,1.40815,1.40802,0.00144,0.0012
04.11.2025 15:44:13.332 UTC,1.40815,1.40804,0.00315,0.0012
04.11.2025 15:44:13.383 UTC,1.40816,1.40805,0.00144,0.0012
04.11.2025 15:44:14.717 UTC,1.40817,1.40805,0.00234,0.0012
04.11.2025 15:44:14.972 UTC,1.40818,1.40805,0.00297,0.0012
04.11.2025 15:44:15.328 UTC,1.40817,1.40805,0.00387,0.0012
04.11.2025 15:44:16.896 UTC,1.40818,1.40805,0.00252,0.0012
04.11.2025 15:44:16.999 UTC,1.40816,1.40805,0.00192,0.0012
04.11.2025 15:44:17.202 UTC,1.40814,1.40804,0.00192,0.0012
04.11.2025 15:44:17.656 UTC,1.40815,1.40803,0.00145,0.0012
04.11.2025 15:44:19.215 UTC,1.40813,1.40803,0.00189,0.0012
04.11.2025 15:44:22.081 UTC,1.40812,1.40803,0.00189,0.00135
04.11.2025 15:44:22.488 UTC,1.40814,1.40803,0.00189,0.0012
04.11.2025 15:44:22.835 UTC,1.40811,1.40804,0.00189,0.0012
04.11.2025 15:44:22.937 UTC,1.40812,1.40803,0.00189,0.0012
04.11.2025 15:44:24.205 UTC,1.40812,1.40802,0.00189,0.00135
04.11.2025 15:44:24.763 UTC,1.40813,1.40802,0.00189,0.00135
04.11.2025 15:44:25.015 UTC,1.40812,1.40802,0.00189,0.00135
04.11.2025 15:44:25.523 UTC,1.40812,1.40803,0.00189,0.00135
04.11.2025 15:44:25.625 UTC,1.40812,1.40802,0.00189,0.0012
04.11.2025 15:44:25.728 UTC,1.40813,1.40802,0.00189,0.0012
04.11.2025 15:44:25.880 UTC,1.40812,1.40802,0.00189,0.00135
04.11.2025 15:44:26.083 UTC,1.40813,1.40802,0.00189,0.00135
04.11.2025 15:44:26.236 UTC,1.40813,1.40803,0.00189,0.0012
04.11.2025 15:44:29.915 UTC,1.40811,1.40804,0.00189,0.0012
04.11.2025 15:44:30.017 UTC,1.40813,1.40803,0.00189,0.0012
04.11.2025 15:44:30.874 UTC,1.40813,1.40804,0.00189,0.0012
04.11.2025 15:44:32.422 UTC,1.40813,1.40803,0.00189,0.00135
04.11.2025 15:44:35.906 UTC,1.40814,1.40803,0.00189,0.0018
04.11.2025 15:44:36.008 UTC,1.40814,1.40807,0.00189,0.0012
04.11.2025 15:44:36.365 UTC,1.40816,1.40807,0.00189,0.0012
04.11.2025 15:44:36.568 UTC,1.4082,1.40806,0.00294,0.0012
04.11.2025 15:44:36.720 UTC,1.40819,1.40807,0.00258,0.0012
04.11.2025 15:44:36.923 UTC,1.40819,1.40808,0.0012,0.00192
04.11.2025 15:44:37.025 UTC,1.4082,1.4081,0.00132,0.0012
04.11.2025 15:44:39.290 UTC,1.40821,1.4081,0.00153,0.00132
04.11.2025 15:44:39.773 UTC,1.40821,1.4081,0.00204,0.0012
04.11.2025 15:44:40.784 UTC,1.40822,1.40809,0.00234,0.00132
04.11.2025 15:44:41.089 UTC,1.40823,1.4081,0.0012,0.00147
04.11.2025 15:44:41.191 UTC,1.40824,1.40811,0.0018,0.00144
04.11.2025 15:44:42.705 UTC,1.40822,1.4081,0.0012,0.0012
04.11.2025 15:44:42.808 UTC,1.40821,1.4081,0.00135,0.0018
04.11.2025 15:44:42.910 UTC,1.40822,1.40809,0.0012,0.00195
04.11.2025 15:44:43.013 UTC,1.40822,1.40809,0.00135,0.0018
04.11.2025 15:44:43.268 UTC,1.40822,1.40809,0.0012,0.00195
04.11.2025 15:44:44.125 UTC,1.40822,1.40809,0.0012,0.0018
04.11.2025 15:44:45.287 UTC,1.40822,1.40809,0.0012,0.00195
04.11.2025 15:44:45.490 UTC,1.40824,1.4081,0.00249,0.00135
04.11.2025 15:44:45.945 UTC,1.40824,1.4081,0.00144,0.0018
04.11.2025 15:44:46.048 UTC,1.40824,1.4081,0.0018,0.00144
04.11.2025 15:44:46.552 UTC,1.40824,1.4081,0.00135,0.00192
04.11.2025 15:44:47.108 UTC,1.40825,1.40811,0.00135,0.00144
04.11.2025 15:44:47.160 UTC,1.40826,1.40813,0.00234,0.0012
04.11.2025 15:44:47.566 UTC,1.40824,1.40812,0.00144,0.00135
04.11.2025 15:44:47.668 UTC,1.40825,1.40811,0.00192,0.0012
04.11.2025 15:44:47.770 UTC,1.40825,1.40811,0.00144,0.0018
04.11.2025 15:44:47.872 UTC,1.40825,1.40811,0.00192,0.00135
04.11.2025 15:44:47.974 UTC,1.40825,1.40811,0.00135,0.00192
04.11.2025 15:44:48.127 UTC,1.40825,1.40811,0.00249,0.00135
04.11.2025 15:44:48.229 UTC,1.40825,1.40811,0.00234,0.0018
04.11.2025 15:44:49.046 UTC,1.40824,1.40812,0.0012,0.00204
04.11.2025 15:44:49.149 UTC,1.40825,1.40811,0.00135,0.00192
04.11.2025 15:44:49.200 UTC,1.40823,1.40812,0.00207,0.0012
04.11.2025 15:44:49.303 UTC,1.40823,1.4081,0.00135,0.00132
04.11.2025 15:44:49.405 UTC,1.40823,1.4081,0.0012,0.00192
04.11.2025 15:44:49.709 UTC,1.40823,1.4081,0.00135,0.00189
04.11.2025 15:44:49.811 UTC,1.40822,1.40811,0.0012,0.00204
04.11.2025 15:44:49.913 UTC,1.40822,1.40811,0.00135,0.00189
04.11.2025 15:44:51.981 UTC,1.40823,1.40812,0.00135,0.0012
04.11.2025 15:44:52.486 UTC,1.40824,1.40811,0.00204,0.00135
04.11.2025 15:44:52.791 UTC,1.40822,1.40811,0.00135,0.0018
04.11.2025 15:44:53.095 UTC,1.40823,1.4081,0.0018,0.00135
04.11.2025 15:44:53.298 UTC,1.40823,1.4081,0.00135,0.0018
04.11.2025 15:44:55.415 UTC,1.40822,1.40811,0.00135,0.0018
04.11.2025 15:44:55.517 UTC,1.40823,1.4081,0.00135,0.00135
04.11.2025 15:44:56.323 UTC,1.40822,1.40811,0.0012,0.00195
04.11.2025 15:44:56.425 UTC,1.40823,1.4081,0.0012,0.0018
04.11.2025 15:45:00.185 UTC,1.40823,1.4081,0.0018,0.00135
04.11.2025 15:45:00.390 UTC,1.40821,1.4081,0.00135,0.0012
04.11.2025 15:45:00.696 UTC,1.40821,1.4081,0.00249,0.0012
04.11.2025 15:45:00.849 UTC,1.40822,1.40809,0.00225,0.00135
04.11.2025 15:45:01.806 UTC,1.40821,1.4081,0.0018,0.0012
04.11.2025 15:45:01.908 UTC,1.40821,1.4081,0.00135,0.00135
04.11.2025 15:45:02.060 UTC,1.40822,1.40809,0.0012,0.00195
04.11.2025 15:45:02.163 UTC,1.40823,1.40812,0.00225,0.00144
04.11.2025 15:45:02.266 UTC,1.40825,1.40812,0.0012,0.00132
04.11.2025 15:45:02.317 UTC,1.40827,1.40813,0.00144,0.0012
04.11.2025 15:45:02.421 UTC,1.40827,1.40815,0.0012,0.00132
04.11.2025 15:45:02.524 UTC,1.40829,1.40815,0.0012,0.00144
04.11.2025 15:45:03.132 UTC,1.40828,1.40816,0.0012,0.00192
04.11.2025 15:45:06.242 UTC,1.40828,1.40817,0.0012,0.00147
04.11.2025 15:45:06.294 UTC,1.40832,1.40818,0.00324,0.0012
04.11.2025 15:45:06.345 UTC,1.40833,1.40822,0.0018,0.0012
04.11.2025 15:45:06.397 UTC,1.40835,1.40822,0.00132,0.0018
04.11.2025 15:45:09.029 UTC,1.40834,1.40823,0.00249,0.0018
04.11.2025 15:45:09.584 UTC,1.40834,1.40823,0.00144,0.0012
04.11.2025 15:45:09.687 UTC,1.40834,1.40823,0.00147,0.0012
04.11.2025 15:45:10.243 UTC,1.40836,1.40823,0.0018,0.00234
04.11.2025 15:45:10.346 UTC,1.40835,1.40825,0.0012,0.0012
04.11.2025 15:45:10.500 UTC,1.40835,1.40824,0.00279,0.0012
04.11.2025 15:45:10.857 UTC,1.40836,1.40823,0.0012,0.00195
04.11.2025 15:45:11.212 UTC,1.40836,1.40823,0.0012,0.0018
04.11.2025 15:45:11.466 UTC,1.40836,1.40823,0.0012,0.00195
04.11.2025 15:45:12.019 UTC,1.40835,1.40824,0.0012,0.0024
04.11.2025 15:45:12.121 UTC,1.40836,1.40823,0.0012,0.00195
04.11.2025 15:45:12.223 UTC,1.40836,1.40823,0.0012,0.0018
04.11.2025 15:45:12.516 UTC,1.40836,1.40823,0.0012,0.00195
04.11.2025 15:45:12.719 UTC,1.40836,1.40825,0.0012,0.0018
04.11.2025 15:45:12.824 UTC,1.40838,1.40825,0.0012,0.00189
04.11.2025 15:45:13.437 UTC,1.40838,1.40825,0.0012,0.00204
04.11.2025 15:45:13.741 UTC,1.40839,1.40828,0.0012,0.00192
04.11.2025 15:45:13.844 UTC,1.40843,1.4083,0.0027,0.0012
04.11.2025 15:45:14.048 UTC,1.40843,1.40829,0.0018,0.00234
04.11.2025 15:45:14.405 UTC,1.40843,1.4083,0.0012,0.00135
04.11.2025 15:45:15.874 UTC,1.4084,1.4083,0.00132,0.00135
04.11.2025 15:45:15.977 UTC,1.4084,1.40827,0.0018,0.0018
04.11.2025 15:45:16.028 UTC,1.4084,1.40826,0.0027,0.0012
04.11.2025 15:45:16.181 UTC,1.40838,1.40825,0.0012,0.00135
04.11.2025 15:45:17.551 UTC,1.40838,1.40826,0.00189,0.00144
04.11.2025 15:45:17.653 UTC,1.40838,1.40825,0.0012,0.00144
04.11.2025 15:45:17.755 UTC,1.40837,1.40824,0.0012,0.00195
04.11.2025 15:45:20.260 UTC,1.40837,1.40824,0.0012,0.00135
04.11.2025 15:45:20.615 UTC,1.40836,1.40827,0.0012,0.0012
04.11.2025 15:45:20.667 UTC,1.40837,1.40824,0.0012,0.00135
04.11.2025 15:45:20.770 UTC,1.40835,1.40822,0.0012,0.00204
04.11.2025 15:45:20.872 UTC,1.40834,1.40823,0.0012,0.00189
04.11.2025 15:45:21.125 UTC,1.40834,1.40821,0.0012,0.00285
04.11.2025 15:45:21.278 UTC,1.40834,1.40821,0.0012,0.0018
04.11.2025 15:45:21.330 UTC,1.40835,1.40822,0.0012,0.00204
04.11.2025 15:45:21.432 UTC,1.40835,1.40823,0.0012,0.0012
04.11.2025 15:45:23.799 UTC,1.40835,1.40823,0.0012,0.00192
04.11.2025 15:45:24.054 UTC,1.40835,1.40824,0.0012,0.0012
04.11.2025 15:45:24.207 UTC,1.40835,1.40825,0.0012,0.00297
04.11.2025 15:45:24.310 UTC,1.40836,1.40824,0.0012,0.00207
04.11.2025 15:45:24.614 UTC,1.40836,1.40824,0.0012,0.00189
04.11.2025 15:45:24.767 UTC,1.40835,1.40825,0.0012,0.00204
04.11.2025 15:45:25.725 UTC,1.40836,1.40824,0.0012,0.00189
04.11.2025 15:45:29.249 UTC,1.40836,1.40824,0.0012,0.0012
04.11.2025 15:45:29.856 UTC,1.40838,1.40825,0.00135,0.00144
04.11.2025 15:45:29.958 UTC,1.40839,1.40826,0.0012,0.00189
04.11.2025 15:45:30.162 UTC,1.40838,1.40827,0.0012,0.00339
04.11.2025 15:45:30.264 UTC,1.40838,1.40827,0.0012,0.00279
04.11.2025 15:45:30.416 UTC,1.4084,1.40827,0.0012,0.0012
04.11.2025 15:45:31.328 UTC,1.40841,1.40828,0.00135,0.0012
04.11.2025 15:45:32.186 UTC,1.40838,1.40829,0.0012,0.00135
04.11.2025 15:45:32.237 UTC,1.40841,1.40828,0.0012,0.00135
04.11.2025 15:45:33.951 UTC,1.4084,1.40827,0.0012,0.00477
04.11.2025 15:45:34.455 UTC,1.40839,1.40828,0.0012,0.00189
04.11.2025 15:45:34.559 UTC,1.40841,1.40828,0.00192,0.0012
04.11.2025 15:45:34.668 UTC,1.40839,1.40826,0.0012,0.00324
04.11.2025 15:45:35.175 UTC,1.40839,1.40826,0.0018,0.0012
04.11.2025 15:45:35.278 UTC,1.40839,1.40826,0.00225,0.0012
04.11.2025 15:45:35.634 UTC,1.40839,1.40826,0.00294,0.0012
04.11.2025 15:45:35.736 UTC,1.40838,1.40824,0.00135,0.00285
04.11.2025 15:45:36.999 UTC,1.40837,1.40825,0.00339,0.00195
04.11.2025 15:45:37.152 UTC,1.40836,1.40823,0.0012,0.0027
04.11.2025 15:45:38.135 UTC,1.40834,1.40824,0.0012,0.00135
04.11.2025 15:45:51.283 UTC,1.40834,1.40823,0.0012,0.00384
04.11.2025 15:45:51.385 UTC,1.40835,1.40822,0.0012,0.00384
04.11.2025 15:45:51.741 UTC,1.40835,1.40822,0.00135,0.00225
04.11.2025 15:45:51.843 UTC,1.40835,1.40823,0.00135,0.0012
04.11.2025 15:45:52.952 UTC,1.40833,1.40822,0.00135,0.00225
04.11.2025 15:45:53.258 UTC,1.40834,1.40822,0.0012,0.00135
04.11.2025 15:45:53.361 UTC,1.40834,1.40823,0.0012,0.00135
04.11.2025 15:45:54.021 UTC,1.40833,1.40824,0.0012,0.0018
04.11.2025 15:45:54.375 UTC,1.40834,1.40823,0.0012,0.00135
04.11.2025 15:45:55.433 UTC,1.40835,1.40823,0.0012,0.0012
04.11.2025 15:45:55.688 UTC,1.40836,1.40823,0.0012,0.00225
04.11.2025 15:45:55.994 UTC,1.40835,1.40824,0.0012,0.0018
04.11.2025 15:46:00.701 UTC,1.40836,1.40823,0.0012,0.00294
04.11.2025 15:46:00.853 UTC,1.40836,1.40824,0.0012,0.0012
04.11.2025 15:46:00.955 UTC,1.40837,1.40824,0.0012,0.00195
04.11.2025 15:46:01.962 UTC,1.40836,1.40825,0.00135,0.0018
04.11.2025 15:46:03.986 UTC,1.40836,1.40825,0.0012,0.00195
04.11.2025 15:46:05.469 UTC,1.40837,1.40824,0.00135,0.0018
04.11.2025 15:46:05.675 UTC,1.40837,1.40824,0.0012,0.00195
04.11.2025 15:46:07.184 UTC,1.40837,1.40824,0.00132,0.00195
04.11.2025 15:46:07.437 UTC,1.40836,1.40825,0.0012,0.00225
04.11.2025 15:46:07.993 UTC,1.40837,1.40824,0.0012,0.00375
04.11.2025 15:46:08.447 UTC,1.40837,1.40824,0.0012,0.0036
04.11.2025 15:46:08.700 UTC,1.40836,1.40825,0.0012,0.00375
04.11.2025 15:46:08.803 UTC,1.40836,1.40824,0.00132,0.0012
04.11.2025 15:46:08.905 UTC,1.40836,1.40823,0.00132,0.0027
04.11.2025 15:46:09.109 UTC,1.40836,1.40823,0.00192,0.0012
04.11.2025 15:46:09.212 UTC,1.40835,1.40822,0.00144,0.00225
04.11.2025 15:46:09.314 UTC,1.40834,1.40823,0.00132,0.0024
04.11.2025 15:46:09.417 UTC,1.40835,1.40822,0.00144,0.00225
04.11.2025 15:46:09.519 UTC,1.40834,1.40823,0.00132,0.0024
04.11.2025 15:46:10.077 UTC,1.40835,1.40822,0.00132,0.00225
04.11.2025 15:46:10.231 UTC,1.40835,1.40822,0.00132,0.0024
04.11.2025 15:46:10.636 UTC,1.40834,1.40823,0.00144,0.00225
04.11.2025 15:46:10.739 UTC,1.40835,1.40822,0.00132,0.0024
04.11.2025 15:46:10.890 UTC,1.40834,1.40823,0.00132,0.00225
04.11.2025 15:46:10.991 UTC,1.40834,1.40824,0.00132,0.00135
04.11.2025 15:46:11.546 UTC,1.40835,1.40823,0.00132,0.0012
04.11.2025 15:46:12.707 UTC,1.40835,1.40822,0.00132,0.00465
04.11.2025 15:46:12.809 UTC,1.40834,1.40823,0.00132,0.0051
04.11.2025 15:46:13.064 UTC,1.40837,1.40823,0.00147,0.0024
04.11.2025 15:46:13.469 UTC,1.40836,1.40825,0.00144,0.0012
04.11.2025 15:46:14.760 UTC,1.40837,1.40824,0.00147,0.0012
04.11.2025 15:46:15.164 UTC,1.40836,1.40825,0.00132,0.0012
04.11.2025 15:46:15.619 UTC,1.40837,1.40824,0.00147,0.0012
04.11.2025 15:46:15.722 UTC,1.40838,1.40825,0.00147,0.00135
04.11.2025 15:46:16.531 UTC,1.40838,1.40825,0.00132,0.0018
04.11.2025 15:46:17.535 UTC,1.40838,1.40825,0.00147,0.00135
04.11.2025 15:46:20.696 UTC,1.40838,1.40825,0.00132,0.0018
04.11.2025 15:46:20.798 UTC,1.40838,1.40825,0.00147,0.00135
04.11.2025 15:46:23.227 UTC,1.40838,1.40825,0.00192,0.0012
04.11.2025 15:46:26.302 UTC,1.40835,1.40825,0.00132,0.0012
04.11.2025 15:46:27.867 UTC,1.40836,1.40824,0.0012,0.0012
04.11.2025 15:46:29.984 UTC,1.40837,1.40824,0.00132,0.0033
04.11.2025 15:46:30.337 UTC,1.40836,1.40825,0.00132,0.00375
04.11.2025 15:46:30.591 UTC,1.40837,1.40824,0.00132,0.0033
04.11.2025 15:46:30.692 UTC,1.40837,1.40824,0.00132,0.00375
04.11.2025 15:46:31.188 UTC,1.40836,1.40825,0.00132,0.0033
04.11.2025 15:46:32.445 UTC,1.40837,1.40824,0.0012,0.00285
04.11.2025 15:46:33.552 UTC,1.40837,1.40824,0.0012,0.0024
04.11.2025 15:46:33.805 UTC,1.40837,1.40824,0.0012,0.00195
04.11.2025 15:46:35.765 UTC,1.40836,1.40824,0.0012,0.0012
04.11.2025 15:46:40.140 UTC,1.40838,1.40826,0.0012,0.0024
04.11.2025 15:46:40.243 UTC,1.40836,1.40827,0.0012,0.0018
04.11.2025 15:46:40.345 UTC,1.40837,1.40825,0.0012,0.0018
04.11.2025 15:46:41.525 UTC,1.40837,1.40825,0.0012,0.00195
04.11.2025 15:46:42.883 UTC,1.40835,1.40826,0.0012,0.0012
04.11.2025 15:46:45.150 UTC,1.40835,1.40823,0.0012,0.0024
04.11.2025 15:46:45.203 UTC,1.40833,1.40823,0.00132,0.00315
04.11.2025 15:46:45.255 UTC,1.4083,1.40818,0.00132,0.0018
04.11.2025 15:46:45.358 UTC,1.40828,1.40818,0.0012,0.0018
04.11.2025 15:46:45.713 UTC,1.40828,1.40816,0.0012,0.00285
04.11.2025 15:46:46.372 UTC,1.40828,1.40818,0.0012,0.0012
04.11.2025 15:46:46.576 UTC,1.40828,1.40816,0.0012,0.0033
04.11.2025 15:46:49.469 UTC,1.40828,1.40817,0.0012,0.00285
04.11.2025 15:46:49.724 UTC,1.40828,1.40817,0.0012,0.0024
04.11.2025 15:46:50.378 UTC,1.40828,1.40817,0.0012,0.00195
04.11.2025 15:46:50.631 UTC,1.40827,1.40818,0.0012,0.00285
04.11.2025 15:46:50.733 UTC,1.40828,1.40817,0.0012,0.00285
04.11.2025 15:46:50.884 UTC,1.40828,1.40817,0.0012,0.0024
04.11.2025 15:46:51.437 UTC,1.40828,1.40817,0.0012,0.00285
04.11.2025 15:46:52.144 UTC,1.40828,1.40818,0.0012,0.0018
04.11.2025 15:46:52.247 UTC,1.40828,1.40818,0.0012,0.00135
04.11.2025 15:46:52.299 UTC,1.40829,1.40818,0.00132,0.0033
04.11.2025 15:46:52.402 UTC,1.40831,1.40821,0.0012,0.0012
04.11.2025 15:46:53.161 UTC,1.40831,1.40819,0.0012,0.00285
04.11.2025 15:46:53.516 UTC,1.40831,1.40819,0.0012,0.0018
04.11.2025 15:46:54.020 UTC,1.40831,1.40819,0.0012,0.00195
04.11.2025 15:46:54.274 UTC,1.4083,1.40822,0.0012,0.0012
04.11.2025 15:46:54.378 UTC,1.40832,1.40824,0.0012,0.0012
04.11.2025 15:46:54.429 UTC,1.40834,1.40821,0.00192,0.0012
04.11.2025 15:46:54.532 UTC,1.40832,1.40822,0.0012,0.0012
04.11.2025 15:46:54.637 UTC,1.40832,1.4082,0.0012,0.00285
04.11.2025 15:46:54.940 UTC,1.40832,1.4082,0.0012,0.0018
04.11.2025 15:46:55.193 UTC,1.40831,1.40821,0.0012,0.00195
04.11.2025 15:46:55.496 UTC,1.40831,1.40821,0.0012,0.0018
04.11.2025 15:46:55.749 UTC,1.40831,1.40822,0.0012,0.0012
04.11.2025 15:46:56.154 UTC,1.40832,1.40822,0.0012,0.0018
04.11.2025 15:46:56.256 UTC,1.40832,1.40822,0.0012,0.00135
04.11.2025 15:46:57.164 UTC,1.40832,1.40822,0.0012,0.0018
04.11.2025 15:46:57.267 UTC,1.40831,1.40823,0.0012,0.00135
04.11.2025 15:46:58.337 UTC,1.40831,1.40823,0.0012,0.0018
04.11.2025 15:46:58.440 UTC,1.40832,1.40822,0.0012,0.00135
04.11.2025 15:46:58.542 UTC,1.40832,1.40822,0.0012,0.0018
04.11.2025 15:46:58.695 UTC,1.40832,1.40822,0.0012,0.00135
04.11.2025 15:46:59.455 UTC,1.40831,1.40822,0.0018,0.0012
04.11.2025 15:46:59.557 UTC,1.40828,1.40819,0.0012,0.0012
04.11.2025 15:46:59.710 UTC,1.40827,1.40821,0.0012,0.0012
04.11.2025 15:46:59.762 UTC,1.40827,1.40818,0.0012,0.0012
04.11.2025 15:47:00.066 UTC,1.40827,1.40817,0.0012,0.0012
04.11.2025 15:47:00.269 UTC,1.40827,1.40816,0.0012,0.00135
04.11.2025 15:47:00.723 UTC,1.40826,1.40818,0.0012,0.0012
04.11.2025 15:47:01.430 UTC,1.40826,1.40819,0.0012,0.0012
04.11.2025 15:47:01.533 UTC,1.40828,1.40818,0.0012,0.0012
04.11.2025 15:47:01.634 UTC,1.40828,1.40817,0.0012,0.00135
04.11.2025 15:47:01.737 UTC,1.40827,1.40817,0.0012,0.0012
04.11.2025 15:47:05.365 UTC,1.40829,1.40817,0.0012,0.00225
04.11.2025 15:47:05.417 UTC,1.4083,1.40819,0.0012,0.00135
04.11.2025 15:47:05.520 UTC,1.40831,1.40823,0.0012,0.0012
04.11.2025 15:47:05.571 UTC,1.40831,1.40821,0.0012,0.0012
04.11.2025 15:47:05.827 UTC,1.40831,1.4082,0.0012,0.00225
04.11.2025 15:47:06.811 UTC,1.4083,1.40822,0.0012,0.0012
04.11.2025 15:47:07.120 UTC,1.40833,1.40822,0.0012,0.0018
04.11.2025 15:47:07.325 UTC,1.40834,1.40823,0.00132,0.0018
04.11.2025 15:47:07.680 UTC,1.40834,1.40822,0.00132,0.0018
04.11.2025 15:47:07.782 UTC,1.40834,1.40823,0.0012,0.0018
04.11.2025 15:47:07.885 UTC,1.40836,1.40823,0.00132,0.00225
04.11.2025 15:47:07.987 UTC,1.40835,1.40825,0.00132,0.0012
04.11.2025 15:47:08.140 UTC,1.40836,1.40823,0.00132,0.00285
04.11.2025 15:47:08.343 UTC,1.40835,1.40826,0.0012,0.0012
04.11.2025 15:47:08.596 UTC,1.40836,1.40826,0.0012,0.00135
04.11.2025 15:47:08.749 UTC,1.40837,1.40826,0.0012,0.0012
04.11.2025 15:47:08.852 UTC,1.40837,1.40827,0.0012,0.0012
04.11.2025 15:47:09.004 UTC,1.40838,1.40827,0.0012,0.0012
04.11.2025 15:47:09.810 UTC,1.40837,1.40826,0.0012,0.0036
04.11.2025 15:47:10.819 UTC,1.40838,1.40825,0.00132,0.0042
04.11.2025 15:47:12.034 UTC,1.40836,1.40825,0.0012,0.0012
04.11.2025 15:47:12.136 UTC,1.40836,1.40824,0.00132,0.00135
04.11.2025 15:47:12.187 UTC,1.40834,1.40823,0.0012,0.00135
04.11.2025 15:47:12.290 UTC,1.40833,1.40822,0.0012,0.0012
04.11.2025 15:47:12.392 UTC,1.40832,1.40824,0.0012,0.0012
04.11.2025 15:47:13.301 UTC,1.40834,1.40823,0.00132,0.0012
04.11.2025 15:47:13.607 UTC,1.40834,1.40822,0.0012,0.00135
04.11.2025 15:47:14.101 UTC,1.40833,1.40823,0.0018,0.0018
04.11.2025 15:47:14.203 UTC,1.40833,1.40823,0.0018,0.00135
04.11.2025 15:47:14.813 UTC,1.40834,1.40822,0.0012,0.0018
04.11.2025 15:47:14.915 UTC,1.40834,1.40822,0.0012,0.00135
04.11.2025 15:47:15.374 UTC,1.40834,1.40821,0.00132,0.0024
04.11.2025 15:47:15.475 UTC,1.40833,1.40822,0.00132,0.00195
04.11.2025 15:47:15.577 UTC,1.40833,1.40822,0.00132,0.0018
04.11.2025 15:47:15.780 UTC,1.40834,1.40821,0.00132,0.00195
04.11.2025 15:47:16.135 UTC,1.40833,1.40822,0.00132,0.0018
04.11.2025 15:47:16.287 UTC,1.40833,1.40823,0.00132,0.0012
04.11.2025 15:47:16.390 UTC,1.40834,1.40823,0.00132,0.0012
04.11.2025 15:47:17.553 UTC,1.40834,1.40822,0.00132,0.0018
04.11.2025 15:47:17.706 UTC,1.40834,1.40823,0.00132,0.0012
04.11.2025 15:47:20.226 UTC,1.40834,1.40821,0.00132,0.00285
04.11.2025 15:47:21.089 UTC,1.40835,1.40822,0.00192,0.00195
04.11.2025 15:47:21.241 UTC,1.40834,1.40823,0.00237,0.0018
04.11.2025 15:47:21.494 UTC,1.40835,1.40822,0.00189,0.00135
04.11.2025 15:47:21.597 UTC,1.40834,1.40823,0.00189,0.00195
04.11.2025 15:47:22.701 UTC,1.40835,1.40822,0.00252,0.00135
04.11.2025 15:47:23.462 UTC,1.40833,1.40823,0.00132,0.00195
04.11.2025 15:47:24.069 UTC,1.40833,1.40823,0.00132,0.00135
04.11.2025 15:47:25.029 UTC,1.40835,1.40822,0.00132,0.0012
04.11.2025 15:47:26.036 UTC,1.40834,1.40823,0.00144,0.0018
04.11.2025 15:47:26.138 UTC,1.40835,1.40822,0.00132,0.00135
04.11.2025 15:47:27.150 UTC,1.40835,1.40821,0.00237,0.00279
04.11.2025 15:47:27.303 UTC,1.40835,1.40821,0.00237,0.00384
04.11.2025 15:47:27.455 UTC,1.40835,1.40821,0.00237,0.00369
04.11.2025 15:47:27.809 UTC,1.40835,1.40821,0.00147,0.00384
04.11.2025 15:47:29.884 UTC,1.40835,1.40821,0.00237,0.00225
04.11.2025 15:47:30.138 UTC,1.40835,1.40821,0.00342,0.00195
04.11.2025 15:47:30.240 UTC,1.40834,1.40821,0.00132,0.0024
04.11.2025 15:47:30.393 UTC,1.40834,1.40822,0.00327,0.0018
04.11.2025 15:47:31.191 UTC,1.40834,1.40822,0.00327,0.0027
04.11.2025 15:47:31.344 UTC,1.40834,1.40822,0.00327,0.00375
04.11.2025 15:47:32.049 UTC,1.40834,1.40822,0.00237,0.00285
04.11.2025 15:47:32.152 UTC,1.40833,1.40822,0.00207,0.0024
04.11.2025 15:47:32.354 UTC,1.40834,1.40821,0.00132,0.0024
04.11.2025 15:47:32.809 UTC,1.40835,1.40821,0.00237,0.00285
04.11.2025 15:47:34.527 UTC,1.40834,1.40822,0.00327,0.0036
04.11.2025 15:47:34.884 UTC,1.40835,1.40821,0.00252,0.0024
04.11.2025 15:47:35.035 UTC,1.40834,1.40822,0.00252,0.0027
04.11.2025 15:47:35.640 UTC,1.40834,1.40822,0.00252,0.00225
04.11.2025 15:47:35.792 UTC,1.40835,1.40821,0.00252,0.00135
04.11.2025 15:47:35.894 UTC,1.40833,1.4082,0.0012,0.00285
04.11.2025 15:47:36.552 UTC,1.40833,1.40821,0.0012,0.0018
04.11.2025 15:47:36.654 UTC,1.40831,1.40821,0.00132,0.00195
04.11.2025 15:47:36.757 UTC,1.4083,1.40818,0.0012,0.0012
04.11.2025 15:47:36.859 UTC,1.4083,1.40817,0.0012,0.0027
04.11.2025 15:47:36.961 UTC,1.4083,1.40817,0.0012,0.0024
04.11.2025 15:47:37.418 UTC,1.40832,1.40819,0.0012,0.0012
04.11.2025 15:47:37.572 UTC,1.40832,1.40819,0.0012,0.00285
04.11.2025 15:47:38.080 UTC,1.40833,1.40821,0.0012,0.00225
04.11.2025 15:47:41.192 UTC,1.40832,1.40819,0.00144,0.00285
04.11.2025 15:47:41.345 UTC,1.40832,1.4082,0.00132,0.0012
04.11.2025 15:47:41.752 UTC,1.4083,1.40819,0.00147,0.00195
04.11.2025 15:47:41.803 UTC,1.4083,1.40817,0.00189,0.0018
04.11.2025 15:47:41.906 UTC,1.40828,1.40818,0.00132,0.0012
04.11.2025 15:47:47.594 UTC,1.40828,1.40815,0.0012,0.00195
04.11.2025 15:47:47.696 UTC,1.40828,1.40816,0.0012,0.0012
04.11.2025 15:47:48.972 UTC,1.40827,1.40815,0.0012,0.00195
04.11.2025 15:47:59.478 UTC,1.40825,1.40814,0.00132,0.0012
04.11.2025 15:47:59.529 UTC,1.40825,1.40813,0.0012,0.0012
04.11.2025 15:47:59.632 UTC,1.40824,1.40812,0.0012,0.0012
04.11.2025 15:48:04.577 UTC,1.40824,1.40815,0.0012,0.0012
04.11.2025 15:48:04.628 UTC,1.40823,1.40813,0.0012,0.00144
04.11.2025 15:48:05.235 UTC,1.40823,1.40813,0.0012,0.00108
04.11.2025 15:48:05.785 UTC,1.40823,1.40813,0.0012,0.00144
04.11.2025 15:48:05.938 UTC,1.40824,1.40812,0.0012,0.00108
04.11.2025 15:48:06.496 UTC,1.40824,1.40812,0.0012,0.00144
04.11.2025 15:48:06.599 UTC,1.40823,1.40813,0.0012,0.00108
04.11.2025 15:48:06.954 UTC,1.40824,1.40812,0.0012,0.00144
04.11.2025 15:48:07.107 UTC,1.40823,1.40813,0.0012,0.00108
04.11.2025 15:48:07.158 UTC,1.40824,1.40812,0.0012,0.00144
04.11.2025 15:48:07.260 UTC,1.40824,1.40813,0.0012,0.0012
04.11.2025 15:48:13.549 UTC,1.40824,1.40814,0.0012,0.00132
04.11.2025 15:48:13.651 UTC,1.40825,1.40813,0.0012,0.00132
04.11.2025 15:48:15.192 UTC,1.40825,1.40813,0.0012,0.0012
04.11.2025 15:48:18.477 UTC,1.40824,1.40813,0.00132,0.0012
04.11.2025 15:48:18.579 UTC,1.40823,1.40813,0.00132,0.0012
04.11.2025 15:48:19.587 UTC,1.40824,1.40812,0.00132,0.0012
04.11.2025 15:48:20.145 UTC,1.40823,1.40812,0.00132,0.0042
04.11.2025 15:48:24.787 UTC,1.40824,1.40813,0.0012,0.0012
04.11.2025 15:48:25.344 UTC,1.40826,1.40813,0.00132,0.00285
04.11.2025 15:48:25.447 UTC,1.40826,1.40815,0.00132,0.0012
04.11.2025 15:48:25.853 UTC,1.40826,1.40815,0.0012,0.0012
04.11.2025 15:48:25.955 UTC,1.40826,1.40815,0.0012,0.0033
04.11.2025 15:48:26.058 UTC,1.40827,1.40814,0.0012,0.0033
04.11.2025 15:48:33.965 UTC,1.40827,1.40814,0.0018,0.0018
04.11.2025 15:48:34.170 UTC,1.40826,1.40813,0.0012,0.00132
04.11.2025 15:48:35.031 UTC,1.40825,1.40815,0.0012,0.0012
04.11.2025 15:48:36.802 UTC,1.40824,1.40815,0.0012,0.00132
04.11.2025 15:48:37.595 UTC,1.40827,1.40814,0.0012,0.00132
04.11.2025 15:48:37.697 UTC,1.40827,1.40816,0.0012,0.0012
04.11.2025 15:48:41.230 UTC,1.40827,1.40817,0.0012,0.0012
04.11.2025 15:48:41.282 UTC,1.40832,1.40821,0.00157,0.0027
04.11.2025 15:48:41.385 UTC,1.40834,1.40821,0.0012,0.00225
04.11.2025 15:48:41.538 UTC,1.40834,1.40821,0.0012,0.00375
04.11.2025 15:48:44.069 UTC,1.40834,1.40821,0.0012,0.00225
04.11.2025 15:48:44.274 UTC,1.40834,1.40821,0.0012,0.00285
04.11.2025 15:48:44.377 UTC,1.40834,1.40821,0.00135,0.00135
04.11.2025 15:48:45.241 UTC,1.40834,1.40822,0.0012,0.0012
04.11.2025 15:48:45.766 UTC,1.40834,1.40823,0.0012,0.00135
04.11.2025 15:48:45.869 UTC,1.40833,1.40823,0.0012,0.00135
04.11.2025 15:48:45.971 UTC,1.40834,1.40821,0.00135,0.0027
04.11.2025 15:48:46.277 UTC,1.40834,1.40822,0.0012,0.0012
04.11.2025 15:48:46.683 UTC,1.40834,1.40821,0.0012,0.00225
04.11.2025 15:48:47.345 UTC,1.40833,1.40822,0.0012,0.00285
04.11.2025 15:48:47.447 UTC,1.40833,1.40822,0.00135,0.0027
04.11.2025 15:48:47.599 UTC,1.40833,1.40822,0.0012,0.00285
04.11.2025 15:48:47.702 UTC,1.40833,1.40822,0.0012,0.00225
04.11.2025 15:48:48.412 UTC,1.40832,1.40822,0.0012,0.00135
04.11.2025 15:48:49.576 UTC,1.40833,1.4082,0.0018,0.0024
04.11.2025 15:48:49.678 UTC,1.40833,1.40821,0.0012,0.00135
04.11.2025 15:48:51.049 UTC,1.40832,1.40822,0.0012,0.0018
04.11.2025 15:48:51.706 UTC,1.40833,1.40821,0.0012,0.0018
04.11.2025 15:48:51.809 UTC,1.40832,1.40822,0.0012,0.00192
04.11.2025 15:48:52.165 UTC,1.40834,1.40821,0.0012,0.0024
04.11.2025 15:48:52.268 UTC,1.40834,1.40822,0.0012,0.0012
04.11.2025 15:48:52.574 UTC,1.40834,1.40822,0.0012,0.00132
04.11.2025 15:48:52.878 UTC,1.40835,1.40822,0.0018,0.00204
04.11.2025 15:48:53.405 UTC,1.40835,1.40823,0.0012,0.0018
04.11.2025 15:48:53.508 UTC,1.40835,1.40825,0.0012,0.0012
04.11.2025 15:48:56.037 UTC,1.40837,1.40825,0.0012,0.0012
04.11.2025 15:48:56.140 UTC,1.4084,1.40828,0.0012,0.00135
04.11.2025 15:48:56.241 UTC,1.40839,1.40829,0.0012,0.0018
04.11.2025 15:48:56.393 UTC,1.4084,1.40828,0.0012,0.00135
04.11.2025 15:49:00.271 UTC,1.40838,1.40826,0.0012,0.0018
04.11.2025 15:49:00.374 UTC,1.40837,1.40827,0.0012,0.0018
04.11.2025 15:49:00.577 UTC,1.40837,1.40826,0.0012,0.00303
04.11.2025 15:49:05.148 UTC,1.40838,1.40826,0.0012,0.0033
04.11.2025 15:49:05.250 UTC,1.40839,1.40826,0.0012,0.00315
04.11.2025 15:49:05.858 UTC,1.40838,1.40827,0.0012,0.0033
04.11.2025 15:49:07.019 UTC,1.40838,1.40828,0.0012,0.00132
04.11.2025 15:49:07.478 UTC,1.40839,1.40827,0.0012,0.00132
04.11.2025 15:49:07.681 UTC,1.40839,1.40828,0.0012,0.00384
04.11.2025 15:49:07.885 UTC,1.4084,1.40828,0.0012,0.0012
04.11.2025 15:49:07.988 UTC,1.40842,1.40829,0.0012,0.00192
04.11.2025 15:49:08.090 UTC,1.40842,1.4083,0.0012,0.0012
04.11.2025 15:49:08.243 UTC,1.40841,1.40828,0.0012,0.00387
04.11.2025 15:49:08.294 UTC,1.40841,1.40828,0.0012,0.00297
04.11.2025 15:49:08.447 UTC,1.40839,1.40828,0.0012,0.0012
04.11.2025 15:49:08.550 UTC,1.40838,1.40826,0.0012,0.00195
04.11.2025 15:49:08.652 UTC,1.40837,1.40826,0.0018,0.00339
04.11.2025 15:49:11.365 UTC,1.40837,1.40824,0.0018,0.0018
04.11.2025 15:49:14.339 UTC,1.40838,1.40828,0.0012,0.0012
04.11.2025 15:49:14.442 UTC,1.40839,1.40827,0.0012,0.00195
04.11.2025 15:49:19.175 UTC,1.4084,1.40829,0.0012,0.00225
04.11.2025 15:49:19.278 UTC,1.40839,1.40827,0.00279,0.0018
04.11.2025 15:49:19.381 UTC,1.40838,1.40827,0.00189,0.0012
04.11.2025 15:49:19.483 UTC,1.40838,1.40827,0.00192,0.0018
04.11.2025 15:49:19.585 UTC,1.40837,1.40824,0.00189,0.0018
04.11.2025 15:49:21.204 UTC,1.40836,1.40823,0.00192,0.0024
04.11.2025 15:49:21.256 UTC,1.40834,1.40824,0.00132,0.0018
04.11.2025 15:49:21.358 UTC,1.40835,1.40822,0.00132,0.00225
04.11.2025 15:49:21.765 UTC,1.40835,1.40823,0.00132,0.0012
04.11.2025 15:49:21.968 UTC,1.40835,1.40824,0.00132,0.0024
04.11.2025 15:49:22.070 UTC,1.40836,1.40824,0.00132,0.0012
04.11.2025 15:49:23.029 UTC,1.40836,1.40823,0.00237,0.00285
04.11.2025 15:49:24.596 UTC,1.40836,1.40824,0.00132,0.0012
04.11.2025 15:49:26.257 UTC,1.40837,1.40824,0.00327,0.00195
04.11.2025 15:49:26.815 UTC,1.40836,1.40825,0.00342,0.00135
04.11.2025 15:49:27.120 UTC,1.40835,1.40823,0.00132,0.00195
04.11.2025 15:49:27.223 UTC,1.40834,1.40823,0.0018,0.00315
04.11.2025 15:49:28.147 UTC,1.40834,1.40823,0.00132,0.0018
04.11.2025 15:49:29.257 UTC,1.40835,1.40823,0.00132,0.00195
04.11.2025 15:49:29.359 UTC,1.40834,1.40823,0.0012,0.00225
04.11.2025 15:49:29.461 UTC,1.40834,1.40823,0.0012,0.0024
04.11.2025 15:49:29.713 UTC,1.40834,1.40823,0.0012,0.00225
04.11.2025 15:49:29.916 UTC,1.40834,1.40823,0.0012,0.0024
04.11.2025 15:49:30.017 UTC,1.40833,1.40824,0.0012,0.00225
04.11.2025 15:49:30.119 UTC,1.40834,1.40823,0.0012,0.0024
04.11.2025 15:49:30.424 UTC,1.40834,1.40823,0.0012,0.00135
04.11.2025 15:49:30.525 UTC,1.40833,1.40824,0.0012,0.0018
04.11.2025 15:49:30.729 UTC,1.40833,1.40824,0.0012,0.00135
04.11.2025 15:49:30.831 UTC,1.40834,1.40823,0.0012,0.0018
04.11.2025 15:49:30.984 UTC,1.40834,1.40823,0.0012,0.0012
04.11.2025 15:49:32.704 UTC,1.40833,1.40822,0.0012,0.0018
04.11.2025 15:49:33.417 UTC,1.40833,1.40824,0.0012,0.0012
04.11.2025 15:49:33.720 UTC,1.40833,1.40824,0.0012,0.0018
04.11.2025 15:49:38.625 UTC,1.40834,1.40823,0.0012,0.00135
04.11.2025 15:49:38.727 UTC,1.40834,1.40823,0.0012,0.0012
04.11.2025 15:49:38.829 UTC,1.40835,1.40823,0.00132,0.0012
04.11.2025 15:49:41.906 UTC,1.40834,1.40823,0.00132,0.0033
04.11.2025 15:49:42.009 UTC,1.40835,1.40822,0.00132,0.00285
04.11.2025 15:49:42.915 UTC,1.40835,1.40822,0.00144,0.0027
04.11.2025 15:49:43.017 UTC,1.40835,1.40822,0.00132,0.00285
04.11.2025 15:49:45.753 UTC,1.40834,1.40821,0.00132,0.0033
04.11.2025 15:49:45.855 UTC,1.40833,1.40822,0.00132,0.0018
04.11.2025 15:49:46.764 UTC,1.40834,1.40821,0.00189,0.00195
04.11.2025 15:49:48.378 UTC,1.40834,1.40821,0.00132,0.0012
04.11.2025 15:49:48.987 UTC,1.40834,1.40822,0.00132,0.0012
04.11.2025 15:49:49.089 UTC,1.40833,1.40822,0.00132,0.0027
04.11.2025 15:49:49.445 UTC,1.40832,1.40822,0.0012,0.00135
04.11.2025 15:49:50.455 UTC,1.40831,1.40821,0.00132,0.00135
04.11.2025 15:49:50.607 UTC,1.4083,1.40819,0.0012,0.0018
04.11.2025 15:49:50.713 UTC,1.4083,1.40818,0.00132,0.00195
04.11.2025 15:49:50.816 UTC,1.4083,1.40818,0.00132,0.0012
04.11.2025 15:49:50.968 UTC,1.40829,1.40818,0.00132,0.0036
04.11.2025 15:49:51.120 UTC,1.4083,1.40817,0.00132,0.00375
04.11.2025 15:49:51.376 UTC,1.4083,1.40817,0.00132,0.0033
04.11.2025 15:49:51.535 UTC,1.40829,1.40819,0.00132,0.0018
04.11.2025 15:49:51.739 UTC,1.4083,1.40818,0.00132,0.0012
04.11.2025 15:49:52.346 UTC,1.4083,1.40819,0.00132,0.0042
04.11.2025 15:49:52.650 UTC,1.40831,1.40818,0.00132,0.0012
04.11.2025 15:49:54.713 UTC,1.40831,1.40818,0.00132,0.0018
04.11.2025 15:49:54.816 UTC,1.40831,1.40818,0.00132,0.00195
04.11.2025 15:49:55.522 UTC,1.40829,1.40818,0.0012,0.00195
04.11.2025 15:49:55.676 UTC,1.40828,1.40819,0.0012,0.0012
04.11.2025 15:49:56.283 UTC,1.40829,1.40818,0.0012,0.00195
04.11.2025 15:49:57.592 UTC,1.40831,1.40819,0.00132,0.00135
04.11.2025 15:49:58.100 UTC,1.40831,1.40819,0.00132,0.0018
04.11.2025 15:49:58.604 UTC,1.40831,1.40818,0.00147,0.0012
04.11.2025 15:49:58.706 UTC,1.40828,1.40818,0.0012,0.00285
04.11.2025 15:50:01.698 UTC,1.40829,1.40817,0.0012,0.0042
04.11.2025 15:50:01.901 UTC,1.40831,1.40819,0.00132,0.00135
04.11.2025 15:50:02.560 UTC,1.40831,1.40819,0.00132,0.00195
04.11.2025 15:50:02.713 UTC,1.4083,1.4082,0.00132,0.0012
04.11.2025 15:50:02.865 UTC,1.40831,1.40819,0.00132,0.00195
04.11.2025 15:50:02.967 UTC,1.40831,1.40819,0.00132,0.0018
04.11.2025 15:50:03.170 UTC,1.40831,1.40819,0.00132,0.00195
04.11.2025 15:50:04.477 UTC,1.40831,1.40819,0.00132,0.0012
04.11.2025 15:50:05.283 UTC,1.40831,1.4082,0.00132,0.0012
04.11.2025 15:50:05.888 UTC,1.40831,1.40819,0.00132,0.0018
04.11.2025 15:50:06.042 UTC,1.4083,1.40819,0.00147,0.0018
04.11.2025 15:50:08.973 UTC,1.40829,1.40818,0.0012,0.0018
04.11.2025 15:50:09.734 UTC,1.40829,1.40817,0.00132,0.0012
04.11.2025 15:50:09.836 UTC,1.40828,1.40816,0.00132,0.00195
04.11.2025 15:50:10.947 UTC,1.40827,1.40816,0.0012,0.0012
04.11.2025 15:50:12.669 UTC,1.40826,1.40817,0.0012,0.0012
04.11.2025 15:50:12.772 UTC,1.40826,1.40815,0.00132,0.00285
04.11.2025 15:50:12.924 UTC,1.40827,1.40814,0.00132,0.0027
04.11.2025 15:50:13.127 UTC,1.40827,1.40814,0.00132,0.00285
04.11.2025 15:50:16.747 UTC,1.40827,1.40815,0.00132,0.00195
04.11.2025 15:50:17.454 UTC,1.40827,1.40815,0.0012,0.0018
04.11.2025 15:50:20.042 UTC,1.40827,1.40818,0.0012,0.0012
04.11.2025 15:50:20.093 UTC,1.40827,1.40815,0.0012,0.0018
04.11.2025 15:50:20.999 UTC,1.40826,1.40817,0.0012,0.0012
04.11.2025 15:50:21.102 UTC,1.40828,1.40817,0.0012,0.0012
04.11.2025 15:50:22.764 UTC,1.40829,1.40817,0.0012,0.0027
04.11.2025 15:50:22.866 UTC,1.40829,1.40817,0.0012,0.00195
04.11.2025 15:50:22.969 UTC,1.40833,1.40819,0.00135,0.0012
04.11.2025 15:50:23.021 UTC,1.40832,1.40819,0.0012,0.00195
04.11.2025 15:50:23.123 UTC,1.40832,1.40821,0.0012,0.00375
04.11.2025 15:50:25.446 UTC,1.40832,1.40822,0.0012,0.0018
04.11.2025 15:50:25.750 UTC,1.40833,1.40821,0.0012,0.00285
04.11.2025 15:50:25.954 UTC,1.40834,1.40823,0.0012,0.0012
04.11.2025 15:50:26.762 UTC,1.40834,1.40822,0.00225,0.00195
04.11.2025 15:50:26.865 UTC,1.40833,1.40822,0.0012,0.00135
04.11.2025 15:50:28.419 UTC,1.40832,1.40822,0.0012,0.0012
04.11.2025 15:50:28.673 UTC,1.40833,1.40821,0.0012,0.0012
04.11.2025 15:50:30.440 UTC,1.40832,1.40821,0.0012,0.00285
04.11.2025 15:50:30.642 UTC,1.40832,1.40823,0.0012,0.0012
04.11.2025 15:50:32.104 UTC,1.40834,1.40821,0.0012,0.00384
04.11.2025 15:50:33.066 UTC,1.40834,1.40821,0.0012,0.00375
04.11.2025 15:50:33.521 UTC,1.40833,1.4082,0.0012,0.0033
04.11.2025 15:50:33.623 UTC,1.40833,1.4082,0.0012,0.0036
04.11.2025 15:50:33.878 UTC,1.40833,1.4082,0.0012,0.00375
04.11.2025 15:50:34.080 UTC,1.40833,1.40822,0.0012,0.0012
04.11.2025 15:50:34.988 UTC,1.40832,1.40822,0.0012,0.00144
04.11.2025 15:50:35.241 UTC,1.40833,1.40821,0.0012,0.00192
04.11.2025 15:50:35.943 UTC,1.40834,1.40821,0.0012,0.00249
04.11.2025 15:50:36.045 UTC,1.40834,1.40821,0.0012,0.00234
04.11.2025 15:50:36.199 UTC,1.40835,1.40824,0.00279,0.0012
04.11.2025 15:50:37.364 UTC,1.40834,1.40821,0.0012,0.00339
04.11.2025 15:50:39.431 UTC,1.40834,1.40821,0.0012,0.00294
04.11.2025 15:50:39.785 UTC,1.40834,1.40821,0.0012,0.00339
04.11.2025 15:50:39.887 UTC,1.40834,1.40821,0.0012,0.00294
04.11.2025 15:50:40.090 UTC,1.40833,1.40822,0.0012,0.00339
04.11.2025 15:50:40.394 UTC,1.40836,1.40824,0.0012,0.00249
04.11.2025 15:50:40.497 UTC,1.40837,1.40825,0.0012,0.0018
04.11.2025 15:50:41.662 UTC,1.40836,1.40825,0.0012,0.0018
04.11.2025 15:50:43.935 UTC,1.40835,1.40826,0.0012,0.0012
04.11.2025 15:50:44.037 UTC,1.40836,1.40825,0.0012,0.0012
04.11.2025 15:50:45.677 UTC,1.40836,1.40825,0.0012,0.00195
04.11.2025 15:50:46.131 UTC,1.40836,1.40824,0.0012,0.0012
04.11.2025 15:50:47.795 UTC,1.40835,1.40826,0.0012,0.00132
04.11.2025 15:50:47.897 UTC,1.40835,1.40826,0.0012,0.0012
04.11.2025 15:50:48.250 UTC,1.40834,1.40824,0.00132,0.0012
04.11.2025 15:50:48.302 UTC,1.4083,1.40819,0.0012,0.0027
04.11.2025 15:50:48.404 UTC,1.40831,1.40819,0.0012,0.00135
04.11.2025 15:50:49.363 UTC,1.40831,1.40822,0.0012,0.0012
04.11.2025 15:50:49.414 UTC,1.40831,1.40819,0.0012,0.00135
04.11.2025 15:50:50.171 UTC,1.40831,1.4082,0.0012,0.0012
04.11.2025 15:50:50.273 UTC,1.40831,1.40821,0.0012,0.0012
04.11.2025 15:50:50.426 UTC,1.4083,1.40821,0.0012,0.00225
04.11.2025 15:50:50.578 UTC,1.40831,1.40821,0.0012,0.0012
04.11.2025 15:50:50.730 UTC,1.40831,1.4082,0.0012,0.00225
04.11.2025 15:50:53.865 UTC,1.40829,1.4082,0.0012,0.0018
04.11.2025 15:50:53.923 UTC,1.40824,1.40816,0.0012,0.0012
04.11.2025 15:50:55.339 UTC,1.40825,1.40814,0.0012,0.00144
04.11.2025 15:50:58.008 UTC,1.40825,1.40814,0.0012,0.00147
04.11.2025 15:50:58.160 UTC,1.40824,1.40815,0.0012,0.00144
04.11.2025 15:51:00.729 UTC,1.40824,1.40811,0.0012,0.00339
04.11.2025 15:51:00.781 UTC,1.40822,1.40811,0.0012,0.00249
04.11.2025 15:51:00.883 UTC,1.40822,1.40811,0.0012,0.00132
04.11.2025 15:51:01.543 UTC,1.40821,1.4081,0.0012,0.00237
04.11.2025 15:51:05.002 UTC,1.40822,1.4081,0.0012,0.00192
04.11.2025 15:51:05.356 UTC,1.40822,1.40811,0.0012,0.00192
04.11.2025 15:51:05.862 UTC,1.40823,1.40812,0.0012,0.00144
04.11.2025 15:51:05.964 UTC,1.40824,1.40811,0.0012,0.00432
04.11.2025 15:51:06.420 UTC,1.40824,1.40812,0.0012,0.00204
04.11.2025 15:51:06.827 UTC,1.40824,1.40812,0.0012,0.00189
04.11.2025 15:51:07.129 UTC,1.40824,1.40812,0.0012,0.00204
04.11.2025 15:51:07.232 UTC,1.40824,1.40812,0.0012,0.00189
04.11.2025 15:51:07.534 UTC,1.40823,1.40815,0.0012,0.0012
04.11.2025 15:51:07.585 UTC,1.40824,1.40812,0.0012,0.00189
04.11.2025 15:51:07.939 UTC,1.40824,1.40812,0.0012,0.00204
04.11.2025 15:51:08.041 UTC,1.40823,1.40813,0.0012,0.00189
04.11.2025 15:51:11.107 UTC,1.40824,1.40812,0.0012,0.00204
04.11.2025 15:51:11.310 UTC,1.40823,1.40813,0.0012,0.00189
04.11.2025 15:51:11.692 UTC,1.40825,1.40813,0.0012,0.00132
04.11.2025 15:51:11.744 UTC,1.40825,1.40813,0.0012,0.00192
04.11.2025 15:51:11.846 UTC,1.40825,1.40813,0.0012,0.0012
04.11.2025 15:51:11.948 UTC,1.40824,1.40814,0.0012,0.0012
04.11.2025 15:51:12.302 UTC,1.40825,1.40813,0.0012,0.00132
04.11.2025 15:51:12.404 UTC,1.40825,1.40812,0.00144,0.0024
04.11.2025 15:51:12.506 UTC,1.40825,1.40812,0.00144,0.00225
04.11.2025 15:51:13.216 UTC,1.40824,1.40813,0.0012,0.00195
04.11.2025 15:51:13.421 UTC,1.40825,1.40813,0.0012,0.0012
04.11.2025 15:51:14.030 UTC,1.40825,1.40812,0.0012,0.00339
04.11.2025 15:51:15.700 UTC,1.40825,1.40813,0.0012,0.00285
04.11.2025 15:51:15.802 UTC,1.40824,1.40814,0.0012,0.0027
04.11.2025 15:51:17.012 UTC,1.40825,1.40812,0.00189,0.0036
04.11.2025 15:51:17.166 UTC,1.40824,1.40812,0.0012,0.00135
04.11.2025 15:51:17.877 UTC,1.40824,1.40812,0.0012,0.0024
04.11.2025 15:51:18.180 UTC,1.40824,1.40812,0.0012,0.00225
04.11.2025 15:51:20.147 UTC,1.40824,1.40812,0.0012,0.0024
04.11.2025 15:51:20.249 UTC,1.40823,1.40813,0.0012,0.00225
04.11.2025 15:51:21.171 UTC,1.40824,1.40811,0.0012,0.00405
04.11.2025 15:51:25.459 UTC,1.40824,1.40811,0.0018,0.00225
04.11.2025 15:51:25.561 UTC,1.40823,1.40812,0.00135,0.0027
04.11.2025 15:51:27.832 UTC,1.40824,1.40811,0.0012,0.00375
04.11.2025 15:51:30.283 UTC,1.40824,1.40811,0.0012,0.0036
04.11.2025 15:51:30.538 UTC,1.40824,1.40811,0.0012,0.00375
04.11.2025 15:51:30.741 UTC,1.40824,1.40811,0.0012,0.0027
04.11.2025 15:51:30.893 UTC,1.40824,1.40813,0.00324,0.0012
04.11.2025 15:51:32.657 UTC,1.40824,1.40811,0.00225,0.0018
04.11.2025 15:51:32.810 UTC,1.40824,1.40811,0.0018,0.00135
04.11.2025 15:51:32.963 UTC,1.40824,1.40811,0.00135,0.0027
04.11.2025 15:51:33.571 UTC,1.40824,1.40811,0.0018,0.00135
04.11.2025 15:51:33.722 UTC,1.40823,1.40812,0.00135,0.00135
04.11.2025 15:51:34.380 UTC,1.40823,1.40814,0.0012,0.0012
04.11.2025 15:51:34.431 UTC,1.40824,1.40811,0.0012,0.0018
04.11.2025 15:51:34.633 UTC,1.40823,1.40812,0.0012,0.00195
04.11.2025 15:51:36.747 UTC,1.40825,1.40812,0.00225,0.00135
04.11.2025 15:51:38.050 UTC,1.40825,1.40812,0.0012,0.00195
04.11.2025 15:51:42.541 UTC,1.40824,1.40813,0.0012,0.00285
04.11.2025 15:51:43.397 UTC,1.40824,1.40813,0.0012,0.00375
04.11.2025 15:51:45.158 UTC,1.40824,1.40813,0.0012,0.00195
04.11.2025 15:51:46.167 UTC,1.40825,1.40812,0.0012,0.0027
04.11.2025 15:51:47.401 UTC,1.40825,1.40812,0.0012,0.00285
04.11.2025 15:51:48.157 UTC,1.40825,1.40812,0.0012,0.0018
04.11.2025 15:51:48.561 UTC,1.40824,1.40813,0.0012,0.00285
04.11.2025 15:51:50.978 UTC,1.40825,1.40812,0.0012,0.0024
04.11.2025 15:51:51.281 UTC,1.40824,1.40813,0.0012,0.0018
04.11.2025 15:51:51.937 UTC,1.40825,1.40812,0.0012,0.00285
04.11.2025 15:51:52.089 UTC,1.40824,1.40813,0.0012,0.0027
04.11.2025 15:51:53.098 UTC,1.40825,1.40812,0.0012,0.00285
04.11.2025 15:51:53.250 UTC,1.40825,1.40812,0.0012,0.0027
04.11.2025 15:51:53.503 UTC,1.40825,1.40812,0.0012,0.00285
04.11.2025 15:51:55.258 UTC,1.40825,1.40812,0.0012,0.00339
04.11.2025 15:51:56.215 UTC,1.40826,1.40813,0.0012,0.0018
04.11.2025 15:51:59.432 UTC,1.40826,1.40813,0.0012,0.0024
04.11.2025 15:51:59.534 UTC,1.4083,1.4082,0.0024,0.0012
04.11.2025 15:51:59.586 UTC,1.40835,1.40821,0.00234,0.0012
04.11.2025 15:51:59.790 UTC,1.40834,1.40823,0.0018,0.0012
04.11.2025 15:52:00.399 UTC,1.40834,1.40825,0.0018,0.0012
04.11.2025 15:52:00.450 UTC,1.40834,1.40823,0.0018,0.0012
04.11.2025 15:52:01.764 UTC,1.40834,1.40822,0.0012,0.0018
04.11.2025 15:52:02.121 UTC,1.40834,1.40822,0.00249,0.0018
04.11.2025 15:52:02.931 UTC,1.40835,1.40821,0.00189,0.00225
04.11.2025 15:52:06.082 UTC,1.40836,1.40823,0.00135,0.00135
04.11.2025 15:52:06.185 UTC,1.40837,1.40824,0.0018,0.00135
04.11.2025 15:52:06.491 UTC,1.40837,1.40824,0.00249,0.0012
04.11.2025 15:52:06.695 UTC,1.40836,1.40825,0.00234,0.00135
04.11.2025 15:52:06.797 UTC,1.40836,1.40822,0.00135,0.00204
04.11.2025 15:52:07.001 UTC,1.40836,1.40822,0.00192,0.0018
04.11.2025 15:52:07.256 UTC,1.40836,1.40822,0.00279,0.00135
04.11.2025 15:52:07.660 UTC,1.40836,1.40822,0.00429,0.00135
04.11.2025 15:52:07.813 UTC,1.40835,1.40823,0.00414,0.0018
04.11.2025 15:52:11.946 UTC,1.40836,1.40822,0.00189,0.00135
04.11.2025 15:52:12.099 UTC,1.40836,1.40822,0.00189,0.00285
04.11.2025 15:52:12.453 UTC,1.40835,1.40823,0.0018,0.00339
04.11.2025 15:52:12.607 UTC,1.40835,1.40824,0.0012,0.0012
04.11.2025 15:52:13.011 UTC,1.40837,1.40823,0.00225,0.00204
04.11.2025 15:52:13.407 UTC,1.40837,1.40823,0.0018,0.00249
04.11.2025 15:52:13.510 UTC,1.40836,1.40824,0.0012,0.00249
04.11.2025 15:52:14.521 UTC,1.40837,1.40825,0.0012,0.00135
04.11.2025 15:52:14.624 UTC,1.40838,1.40825,0.0012,0.00135
04.11.2025 15:52:14.727 UTC,1.40842,1.40831,0.0012,0.0012
04.11.2025 15:52:14.779 UTC,1.40844,1.40831,0.0018,0.0018
04.11.2025 15:52:16.906 UTC,1.40845,1.40832,0.00144,0.0012
04.11.2025 15:52:18.567 UTC,1.40844,1.40831,0.0027,0.00135
04.11.2025 15:52:19.130 UTC,1.40842,1.40829,0.00192,0.00195
04.11.2025 15:52:19.232 UTC,1.4084,1.40827,0.0012,0.00135
04.11.2025 15:52:19.691 UTC,1.4084,1.40827,0.0012,0.0024
04.11.2025 15:52:19.793 UTC,1.40839,1.40828,0.0012,0.00315
04.11.2025 15:52:20.148 UTC,1.4084,1.40828,0.0012,0.0018
04.11.2025 15:52:20.251 UTC,1.40842,1.40828,0.00135,0.0033
04.11.2025 15:52:20.353 UTC,1.40843,1.4083,0.0012,0.00135
04.11.2025 15:52:20.506 UTC,1.40844,1.40831,0.0012,0.0018
04.11.2025 15:52:23.113 UTC,1.40843,1.40831,0.0012,0.0012
04.11.2025 15:52:23.215 UTC,1.40844,1.40831,0.0012,0.0012
04.11.2025 15:52:24.386 UTC,1.40844,1.40831,0.0012,0.00249
04.11.2025 15:52:24.538 UTC,1.40844,1.40831,0.0012,0.00234
04.11.2025 15:52:24.641 UTC,1.40843,1.40832,0.0012,0.00249
04.11.2025 15:52:25.199 UTC,1.40846,1.40832,0.00135,0.00135
04.11.2025 15:52:25.757 UTC,1.40845,1.40832,0.0012,0.0012
04.11.2025 15:52:35.789 UTC,1.40846,1.40832,0.00225,0.0018
04.11.2025 15:52:36.294 UTC,1.40845,1.40835,0.0012,0.0012
04.11.2025 15:52:36.396 UTC,1.40847,1.40834,0.0018,0.0012
04.11.2025 15:52:37.256 UTC,1.40846,1.40836,0.0012,0.0012
04.11.2025 15:52:39.099 UTC,1.40846,1.40835,0.0012,0.0012
04.11.2025 15:52:40.464 UTC,1.40845,1.40835,0.0012,0.0012
04.11.2025 15:52:40.816 UTC,1.40845,1.40836,0.00135,0.0012
04.11.2025 15:52:41.220 UTC,1.40845,1.40834,0.00135,0.00135
04.11.2025 15:52:41.928 UTC,1.40846,1.40834,0.0036,0.00144
04.11.2025 15:52:42.030 UTC,1.40846,1.40833,0.0012,0.00147
04.11.2025 15:52:42.336 UTC,1.40846,1.40836,0.0012,0.00132
04.11.2025 15:52:42.439 UTC,1.40847,1.40834,0.0024,0.00192
04.11.2025 15:52:42.541 UTC,1.40846,1.40835,0.00225,0.00135
04.11.2025 15:52:43.249 UTC,1.40846,1.40835,0.0024,0.0012
04.11.2025 15:52:44.054 UTC,1.40847,1.40834,0.00225,0.00135
04.11.2025 15:52:44.159 UTC,1.40846,1.40835,0.0024,0.0012
04.11.2025 15:52:44.361 UTC,1.40846,1.40835,0.00225,0.00135
04.11.2025 15:52:44.513 UTC,1.40846,1.40834,0.00135,0.0012
04.11.2025 15:52:45.771 UTC,1.40846,1.40834,0.0012,0.00147
04.11.2025 15:52:45.874 UTC,1.40847,1.40834,0.0018,0.00192
04.11.2025 15:52:45.976 UTC,1.40846,1.40834,0.0012,0.00132
04.11.2025 15:52:47.531 UTC,1.40845,1.40834,0.00225,0.00135
04.11.2025 15:52:48.036 UTC,1.40846,1.40833,0.0018,0.0018
04.11.2025 15:52:48.189 UTC,1.40846,1.40833,0.0018,0.0012
04.11.2025 15:52:48.291 UTC,1.40846,1.40834,0.0012,0.0012
04.11.2025 15:52:51.200 UTC,1.40844,1.40835,0.0012,0.0012
04.11.2025 15:52:51.352 UTC,1.40845,1.40835,0.0012,0.00135
04.11.2025 15:53:06.092 UTC,1.40845,1.40836,0.0012,0.00132
04.11.2025 15:53:06.195 UTC,1.40847,1.40834,0.0018,0.00132
04.11.2025 15:53:08.410 UTC,1.40847,1.40834,0.0018,0.0012
04.11.2025 15:53:08.518 UTC,1.40846,1.40833,0.00204,0.0012
04.11.2025 15:53:08.676 UTC,1.40846,1.40833,0.00189,0.0012
04.11.2025 15:53:09.382 UTC,1.40846,1.40833,0.00195,0.00132
04.11.2025 15:53:09.735 UTC,1.40845,1.40834,0.0018,0.00144
04.11.2025 15:53:10.088 UTC,1.40845,1.40834,0.00195,0.00132
04.11.2025 15:53:10.190 UTC,1.40845,1.40834,0.0024,0.0012
04.11.2025 15:53:10.948 UTC,1.40846,1.40833,0.00204,0.0012
04.11.2025 15:53:11.953 UTC,1.40846,1.40833,0.00189,0.0012
04.11.2025 15:53:13.109 UTC,1.40846,1.40832,0.00339,0.0012
04.11.2025 15:53:13.211 UTC,1.40845,1.40833,0.00294,0.0012
04.11.2025 15:53:13.465 UTC,1.40847,1.40834,0.00294,0.0012
04.11.2025 15:53:13.814 UTC,1.40846,1.40835,0.00294,0.0012
04.11.2025 15:53:14.068 UTC,1.40847,1.40834,0.00249,0.0012
04.11.2025 15:53:17.285 UTC,1.40847,1.40835,0.00135,0.0012
04.11.2025 15:53:17.790 UTC,1.40847,1.40835,0.0018,0.0012
04.11.2025 15:53:18.092 UTC,1.40846,1.40836,0.00135,0.0012
04.11.2025 15:53:18.745 UTC,1.40846,1.40836,0.0018,0.0012
04.11.2025 15:53:18.896 UTC,1.40847,1.40835,0.00135,0.0012
04.11.2025 15:53:19.097 UTC,1.40847,1.40835,0.0018,0.0012
04.11.2025 15:53:19.200 UTC,1.40846,1.40833,0.00195,0.0012
04.11.2025 15:53:21.627 UTC,1.40846,1.40833,0.0027,0.00135
04.11.2025 15:53:22.227 UTC,1.40846,1.40833,0.00285,0.0012
04.11.2025 15:53:23.188 UTC,1.40846,1.40833,0.0018,0.0012
04.11.2025 15:53:24.650 UTC,1.40845,1.40834,0.00294,0.0012
04.11.2025 15:53:27.377 UTC,1.40847,1.40833,0.00432,0.0012
04.11.2025 15:53:27.681 UTC,1.40846,1.40834,0.00432,0.0012
04.11.2025 15:53:27.984 UTC,1.40847,1.40833,0.00432,0.0012
04.11.2025 15:53:28.689 UTC,1.40847,1.40833,0.00477,0.0012
04.11.2025 15:53:28.942 UTC,1.40847,1.40833,0.00294,0.00135
04.11.2025 15:53:29.044 UTC,1.40847,1.40834,0.00204,0.0012
04.11.2025 15:53:29.197 UTC,1.40847,1.40834,0.00144,0.00135
04.11.2025 15:53:29.299 UTC,1.40846,1.40835,0.00192,0.0012
04.11.2025 15:53:32.808 UTC,1.40847,1.40834,0.00144,0.00135
04.11.2025 15:53:32.911 UTC,1.40847,1.40834,0.00192,0.0012
04.11.2025 15:53:33.113 UTC,1.40846,1.40835,0.00144,0.00135
04.11.2025 15:53:33.265 UTC,1.40847,1.40834,0.00192,0.0012
04.11.2025 15:53:33.367 UTC,1.40846,1.40835,0.00144,0.00135
04.11.2025 15:53:33.670 UTC,1.40847,1.40834,0.00192,0.0012
04.11.2025 15:53:37.792 UTC,1.40845,1.40834,0.00285,0.0012
04.11.2025 15:53:37.945 UTC,1.40846,1.40833,0.00135,0.0012
04.11.2025 15:53:38.047 UTC,1.40846,1.40833,0.0018,0.0012
04.11.2025 15:53:38.754 UTC,1.40846,1.40833,0.00135,0.0012
04.11.2025 15:53:39.388 UTC,1.40846,1.40833,0.0024,0.0012
04.11.2025 15:53:40.245 UTC,1.40845,1.40834,0.00225,0.00135
04.11.2025 15:53:40.499 UTC,1.40846,1.40833,0.0018,0.0012
04.11.2025 15:53:40.601 UTC,1.40845,1.40834,0.00135,0.00132
04.11.2025 15:53:41.510 UTC,1.40846,1.40833,0.0018,0.0012
04.11.2025 15:53:42.370 UTC,1.40847,1.40833,0.0018,0.00297
04.11.2025 15:53:42.473 UTC,1.40848,1.40838,0.0018,0.00132
04.11.2025 15:53:42.575 UTC,1.40849,1.40837,0.0012,0.00132
04.11.2025 15:53:43.742 UTC,1.40848,1.40836,0.0012,0.00135
04.11.2025 15:53:44.198 UTC,1.40846,1.40836,0.0012,0.00135
04.11.2025 15:53:46.115 UTC,1.40848,1.40835,0.00225,0.0012
04.11.2025 15:53:48.061 UTC,1.40847,1.40836,0.0024,0.0012
04.11.2025 15:53:48.315 UTC,1.40848,1.40835,0.00234,0.0012
04.11.2025 15:53:48.771 UTC,1.40848,1.40835,0.00249,0.0012
04.11.2025 15:53:48.923 UTC,1.40848,1.40835,0.00234,0.00135
04.11.2025 15:53:49.026 UTC,1.40846,1.40836,0.0012,0.00135
04.11.2025 15:53:50.486 UTC,1.40848,1.40835,0.00225,0.00144
04.11.2025 15:53:50.992 UTC,1.40847,1.40836,0.00225,0.00132
04.11.2025 15:53:52.606 UTC,1.40849,1.40836,0.00225,0.00132
04.11.2025 15:53:52.709 UTC,1.40854,1.40841,0.0018,0.00132
04.11.2025 15:53:52.811 UTC,1.40854,1.40842,0.00315,0.00192
04.11.2025 15:53:56.220 UTC,1.40855,1.40841,0.00285,0.00192
04.11.2025 15:54:00.352 UTC,1.40855,1.40841,0.0027,0.00252
04.11.2025 15:54:00.454 UTC,1.40856,1.40843,0.0033,0.00135
04.11.2025 15:54:00.557 UTC,1.40857,1.40844,0.0027,0.00132
04.11.2025 15:54:00.761 UTC,1.40856,1.40845,0.00225,0.00144
04.11.2025 15:54:01.370 UTC,1.40857,1.40843,0.00375,0.00147
04.11.2025 15:54:01.724 UTC,1.40857,1.40843,0.0051,0.00132
04.11.2025 15:54:02.080 UTC,1.40845,1.40838,0.0012,0.00112
04.11.2025 15:54:02.132 UTC,1.40843,1.4083,0.0018,0.00276
04.11.2025 15:54:02.183 UTC,1.40845,1.40832,0.0018,0.00192
04.11.2025 15:54:03.638 UTC,1.4084,1.40829,0.00135,0.0012
04.11.2025 15:54:03.695 UTC,1.40836,1.40826,0.0012,0.00144
04.11.2025 15:54:03.852 UTC,1.40837,1.40825,0.0012,0.00132
04.11.2025 15:54:04.106 UTC,1.40838,1.40825,0.0018,0.00132
04.11.2025 15:54:04.716 UTC,1.40838,1.40827,0.0018,0.0012
04.11.2025 15:54:04.818 UTC,1.40837,1.40826,0.0018,0.00132
04.11.2025 15:54:05.475 UTC,1.40837,1.40825,0.0012,0.00132
04.11.2025 15:54:07.141 UTC,1.40838,1.40826,0.00135,0.00132
04.11.2025 15:54:07.244 UTC,1.40837,1.40827,0.00135,0.00132
04.11.2025 15:54:08.204 UTC,1.40844,1.40831,0.0018,0.00192
04.11.2025 15:54:09.369 UTC,1.40844,1.40831,0.0012,0.00147
04.11.2025 15:54:09.472 UTC,1.40846,1.40832,0.0018,0.00147
04.11.2025 15:54:10.180 UTC,1.40845,1.40834,0.0012,0.00192
04.11.2025 15:54:10.333 UTC,1.40847,1.40833,0.0018,0.00237
04.11.2025 15:54:10.992 UTC,1.40847,1.40833,0.00225,0.00192
04.11.2025 15:54:12.004 UTC,1.40847,1.40833,0.0012,0.00252
04.11.2025 15:54:13.681 UTC,1.40845,1.40834,0.00135,0.00189
04.11.2025 15:54:13.834 UTC,1.40845,1.40834,0.00375,0.00132
04.11.2025 15:54:14.441 UTC,1.40844,1.40832,0.00135,0.00147
04.11.2025 15:54:15.098 UTC,1.40842,1.40831,0.0012,0.00192
04.11.2025 15:54:16.255 UTC,1.40841,1.4083,0.0012,0.00207
04.11.2025 15:54:16.960 UTC,1.40842,1.40829,0.0012,0.00147
04.11.2025 15:54:20.078 UTC,1.40842,1.40828,0.0012,0.00237
04.11.2025 15:54:21.797 UTC,1.40842,1.40828,0.00135,0.00237
04.11.2025 15:54:22.932 UTC,1.40842,1.40828,0.00225,0.00234
04.11.2025 15:54:23.034 UTC,1.40842,1.40828,0.00225,0.00249
04.11.2025 15:54:23.590 UTC,1.40841,1.40828,0.0012,0.00285
04.11.2025 15:54:25.807 UTC,1.40842,1.40829,0.0012,0.00144
04.11.2025 15:54:26.011 UTC,1.40841,1.40828,0.00132,0.0018
04.11.2025 15:54:26.062 UTC,1.40836,1.40827,0.0012,0.0012
04.11.2025 15:54:26.165 UTC,1.40837,1.40825,0.0012,0.00132
04.11.2025 15:54:27.730 UTC,1.40837,1.40825,0.0012,0.00339
04.11.2025 15:54:28.335 UTC,1.40837,1.40825,0.0012,0.00132
04.11.2025 15:54:29.501 UTC,1.40837,1.40825,0.0012,0.0024
04.11.2025 15:54:29.653 UTC,1.40836,1.40826,0.0012,0.00225
04.11.2025 15:54:30.356 UTC,1.40837,1.40826,0.0012,0.00225
04.11.2025 15:54:30.993 UTC,1.40837,1.40826,0.0012,0.0033
04.11.2025 15:54:31.095 UTC,1.40839,1.40827,0.0012,0.00135
04.11.2025 15:54:32.508 UTC,1.40838,1.40827,0.0012,0.00747
04.11.2025 15:54:32.561 UTC,1.40841,1.40828,0.0012,0.00225
04.11.2025 15:54:33.318 UTC,1.40841,1.40829,0.0012,0.00135
04.11.2025 15:54:34.729 UTC,1.4084,1.40829,0.0012,0.0012
04.11.2025 15:54:36.041 UTC,1.40841,1.40828,0.0012,0.0012
04.11.2025 15:54:36.394 UTC,1.40839,1.40827,0.00144,0.00195
04.11.2025 15:54:36.446 UTC,1.40837,1.40827,0.0012,0.0012
04.11.2025 15:54:36.548 UTC,1.40836,1.40826,0.0012,0.00195
04.11.2025 15:54:36.701 UTC,1.40837,1.40825,0.0012,0.0012
04.11.2025 15:54:38.568 UTC,1.40837,1.40824,0.0012,0.0027
04.11.2025 15:54:39.476 UTC,1.40836,1.40823,0.00132,0.00135
04.11.2025 15:54:39.622 UTC,1.40827,1.40817,0.0012,0.00393
04.11.2025 15:54:39.725 UTC,1.40828,1.40814,0.0012,0.0033
04.11.2025 15:54:39.828 UTC,1.40828,1.40814,0.0012,0.00315
04.11.2025 15:54:40.133 UTC,1.40826,1.40813,0.0012,0.0012
04.11.2025 15:54:40.235 UTC,1.40823,1.40809,0.0012,0.0036
04.11.2025 15:54:40.693 UTC,1.40823,1.40809,0.0012,0.00285
04.11.2025 15:54:42.161 UTC,1.40822,1.4081,0.0012,0.0024
04.11.2025 15:54:42.717 UTC,1.40822,1.4081,0.00135,0.00195
04.11.2025 15:54:42.819 UTC,1.40823,1.40809,0.0012,0.0024
04.11.2025 15:54:43.676 UTC,1.40823,1.4081,0.0012,0.0012
04.11.2025 15:54:44.082 UTC,1.40822,1.40809,0.0012,0.0024
04.11.2025 15:54:44.286 UTC,1.40822,1.40809,0.0012,0.0012
04.11.2025 15:54:45.349 UTC,1.40822,1.40809,0.0012,0.0018
04.11.2025 15:54:45.502 UTC,1.40821,1.4081,0.0012,0.0012
04.11.2025 15:54:46.362 UTC,1.40822,1.40809,0.0012,0.0018
04.11.2025 15:54:46.666 UTC,1.40822,1.40809,0.0012,0.0012
04.11.2025 15:54:46.920 UTC,1.40822,1.40809,0.0012,0.0018
04.11.2025 15:54:47.173 UTC,1.40822,1.40809,0.0012,0.0012
04.11.2025 15:54:47.426 UTC,1.40822,1.40809,0.0012,0.0024
04.11.2025 15:54:49.118 UTC,1.40821,1.4081,0.0012,0.0012
04.11.2025 15:54:49.221 UTC,1.40821,1.40808,0.00225,0.0024
04.11.2025 15:54:49.273 UTC,1.40818,1.40804,0.0012,0.00315
04.11.2025 15:54:49.375 UTC,1.40817,1.40804,0.0012,0.0018
04.11.2025 15:54:50.033 UTC,1.40816,1.40805,0.0012,0.0018
04.11.2025 15:54:52.759 UTC,1.40817,1.40803,0.0012,0.00192
04.11.2025 15:54:53.168 UTC,1.40817,1.40804,0.0012,0.00132
04.11.2025 15:54:54.629 UTC,1.40816,1.40803,0.0012,0.00207
04.11.2025 15:54:56.290 UTC,1.40816,1.40803,0.0012,0.00315
04.11.2025 15:54:56.442 UTC,1.40815,1.40804,0.0012,0.0033
04.11.2025 15:54:58.382 UTC,1.40816,1.40804,0.0012,0.0018
04.11.2025 15:54:59.237 UTC,1.40817,1.40805,0.0012,0.00195
04.11.2025 15:54:59.339 UTC,1.40816,1.40804,0.0012,0.0024
04.11.2025 15:54:59.441 UTC,1.40816,1.40804,0.0012,0.0033
04.11.2025 15:55:00.099 UTC,1.40815,1.40805,0.0012,0.0012
04.11.2025 15:55:00.203 UTC,1.40814,1.40802,0.0012,0.0018
04.11.2025 15:55:00.306 UTC,1.40812,1.40803,0.0012,0.0012
04.11.2025 15:55:00.409 UTC,1.40812,1.40802,0.0012,0.0012
04.11.2025 15:55:00.664 UTC,1.40813,1.40801,0.0012,0.0018
04.11.2025 15:55:00.817 UTC,1.40813,1.40803,0.0012,0.00135
04.11.2025 15:55:00.919 UTC,1.40814,1.40803,0.0012,0.0012
04.11.2025 15:55:01.123 UTC,1.40814,1.40802,0.0012,0.00285
04.11.2025 15:55:01.932 UTC,1.40814,1.40802,0.0012,0.0012
04.11.2025 15:55:02.390 UTC,1.40813,1.40803,0.0012,0.0012
04.11.2025 15:55:02.542 UTC,1.40813,1.40802,0.0012,0.0012
04.11.2025 15:55:02.645 UTC,1.40812,1.40801,0.0012,0.0012
04.11.2025 15:55:04.111 UTC,1.40812,1.408,0.0012,0.0018
04.11.2025 15:55:04.366 UTC,1.40812,1.408,0.0012,0.0024
04.11.2025 15:55:05.108 UTC,1.40811,1.40801,0.0012,0.00285
04.11.2025 15:55:05.262 UTC,1.40812,1.40801,0.0012,0.0012
04.11.2025 15:55:05.414 UTC,1.40811,1.40801,0.0012,0.0024
04.11.2025 15:55:06.069 UTC,1.40812,1.40799,0.0012,0.0012
04.11.2025 15:55:06.121 UTC,1.40809,1.40799,0.0012,0.0036
04.11.2025 15:55:06.224 UTC,1.40805,1.40793,0.0012,0.00465
04.11.2025 15:55:06.276 UTC,1.40804,1.40794,0.0012,0.00405
04.11.2025 15:55:06.378 UTC,1.40803,1.40792,0.0012,0.00432
04.11.2025 15:55:06.532 UTC,1.40803,1.40791,0.0012,0.00249
04.11.2025 15:55:06.837 UTC,1.40802,1.4079,0.0012,0.00192
04.11.2025 15:55:06.940 UTC,1.40801,1.40792,0.0012,0.00132
04.11.2025 15:55:06.991 UTC,1.40802,1.40791,0.0012,0.00132
04.11.2025 15:55:07.504 UTC,1.40801,1.40792,0.0012,0.00132
04.11.2025 15:55:08.114 UTC,1.40801,1.40791,0.0012,0.0012
04.11.2025 15:55:08.165 UTC,1.40802,1.4079,0.0012,0.00132
04.11.2025 15:55:10.442 UTC,1.40801,1.40791,0.0012,0.00342
04.11.2025 15:55:10.545 UTC,1.40802,1.4079,0.0012,0.00342
04.11.2025 15:55:10.647 UTC,1.40801,1.40792,0.0012,0.00132
04.11.2025 15:55:11.455 UTC,1.40802,1.40791,0.0012,0.00192
04.11.2025 15:55:12.259 UTC,1.40802,1.40791,0.0012,0.00252
04.11.2025 15:55:13.015 UTC,1.40802,1.40791,0.0012,0.00207
04.11.2025 15:55:13.148 UTC,1.40805,1.40793,0.0012,0.00147
04.11.2025 15:55:13.250 UTC,1.40806,1.40794,0.0012,0.00132
04.11.2025 15:55:14.464 UTC,1.40805,1.40795,0.0012,0.00132
04.11.2025 15:55:14.969 UTC,1.40805,1.40794,0.0012,0.0012
04.11.2025 15:55:15.071 UTC,1.40805,1.40793,0.0012,0.0012
04.11.2025 15:55:15.377 UTC,1.40804,1.40794,0.0012,0.0012
04.11.2025 15:55:15.629 UTC,1.40805,1.40793,0.0012,0.00132
04.11.2025 15:55:15.731 UTC,1.40805,1.40794,0.0012,0.0012
04.11.2025 15:55:15.885 UTC,1.40804,1.40795,0.0012,0.0012
04.11.2025 15:55:16.337 UTC,1.40805,1.40794,0.0012,0.0012
04.11.2025 15:55:17.042 UTC,1.40804,1.40795,0.0012,0.0012
04.11.2025 15:55:17.546 UTC,1.40805,1.40794,0.0012,0.0012
04.11.2025 15:55:18.151 UTC,1.40804,1.40795,0.0012,0.0012
04.11.2025 15:55:18.759 UTC,1.40807,1.40794,0.0012,0.00132
04.11.2025 15:55:20.371 UTC,1.40808,1.40795,0.00225,0.00135
04.11.2025 15:55:22.413 UTC,1.40809,1.40798,0.00135,0.00192
04.11.2025 15:55:22.517 UTC,1.4081,1.40797,0.0012,0.00225
04.11.2025 15:55:23.175 UTC,1.4081,1.40797,0.0012,0.00339
04.11.2025 15:55:24.136 UTC,1.4081,1.40797,0.0012,0.00384
04.11.2025 15:55:24.238 UTC,1.40809,1.40798,0.0012,0.00429
04.11.2025 15:55:25.146 UTC,1.4081,1.40797,0.0012,0.00279
04.11.2025 15:55:25.401 UTC,1.4081,1.40797,0.0012,0.00429
04.11.2025 15:55:27.163 UTC,1.4081,1.40797,0.0012,0.00414
04.11.2025 15:55:27.415 UTC,1.4081,1.40797,0.0012,0.00429
04.11.2025 15:55:28.070 UTC,1.40808,1.40797,0.00132,0.00285
04.11.2025 15:55:28.172 UTC,1.40808,1.40795,0.00225,0.0024
04.11.2025 15:55:28.275 UTC,1.40808,1.40795,0.0018,0.00135
04.11.2025 15:55:31.092 UTC,1.40806,1.40795,0.00135,0.0018
04.11.2025 15:55:31.194 UTC,1.40807,1.40794,0.0012,0.00204
04.11.2025 15:55:31.449 UTC,1.40808,1.40795,0.0012,0.00135
04.11.2025 15:55:31.752 UTC,1.40808,1.40795,0.0012,0.0018
04.11.2025 15:55:31.855 UTC,1.40808,1.40795,0.00225,0.00135
04.11.2025 15:55:31.957 UTC,1.40807,1.40794,0.0018,0.00195
04.11.2025 15:55:32.060 UTC,1.40808,1.40795,0.0012,0.00285
04.11.2025 15:55:32.163 UTC,1.40809,1.40796,0.0012,0.0018
04.11.2025 15:55:34.030 UTC,1.40809,1.40796,0.0012,0.00282
04.11.2025 15:55:34.133 UTC,1.40808,1.40797,0.0012,0.00279
04.11.2025 15:55:34.286 UTC,1.40809,1.40796,0.0012,0.00372
04.11.2025 15:55:35.596 UTC,1.40812,1.40799,0.00135,0.00132
04.11.2025 15:55:35.698 UTC,1.40815,1.40802,0.00192,0.0012
04.11.2025 15:55:35.750 UTC,1.40815,1.40802,0.0012,0.00135
04.11.2025 15:55:36.156 UTC,1.40816,1.40803,0.00132,0.0012
04.11.2025 15:55:40.434 UTC,1.40816,1.40805,0.0012,0.0012
04.11.2025 15:55:42.863 UTC,1.40817,1.40806,0.00225,0.00132
04.11.2025 15:55:42.966 UTC,1.40819,1.40806,0.0012,0.0012
04.11.2025 15:55:43.069 UTC,1.40822,1.40808,0.0018,0.00282
04.11.2025 15:55:43.120 UTC,1.40822,1.40811,0.00225,0.0012
04.11.2025 15:55:43.525 UTC,1.40823,1.4081,0.0024,0.0012
04.11.2025 15:55:44.080 UTC,1.40821,1.40808,0.00192,0.0018
04.11.2025 15:55:44.183 UTC,1.40818,1.40807,0.00135,0.0018
04.11.2025 15:55:44.235 UTC,1.40819,1.40806,0.0012,0.00135
04.11.2025 15:55:45.752 UTC,1.40819,1.40806,0.0012,0.0018
04.11.2025 15:55:46.105 UTC,1.40819,1.40806,0.0012,0.00234
04.11.2025 15:55:46.208 UTC,1.4082,1.40807,0.0012,0.00135
04.11.2025 15:55:47.443 UTC,1.40822,1.40809,0.00135,0.0012
04.11.2025 15:55:48.108 UTC,1.40822,1.40809,0.00387,0.0012
04.11.2025 15:55:48.210 UTC,1.40821,1.4081,0.00429,0.0012
04.11.2025 15:55:49.220 UTC,1.40822,1.40809,0.0012,0.00189
04.11.2025 15:55:49.322 UTC,1.40823,1.4081,0.00234,0.0012
04.11.2025 15:55:49.577 UTC,1.40821,1.4081,0.00135,0.00135
04.11.2025 15:55:49.833 UTC,1.40823,1.4081,0.00135,0.00135
04.11.2025 15:55:50.239 UTC,1.40823,1.40811,0.00135,0.0012
04.11.2025 15:55:50.393 UTC,1.40824,1.40811,0.00135,0.0012
04.11.2025 15:55:51.152 UTC,1.40824,1.40811,0.0012,0.0018
04.11.2025 15:55:51.203 UTC,1.40824,1.40811,0.0012,0.00135
04.11.2025 15:55:53.617 UTC,1.40824,1.40811,0.0012,0.0018
04.11.2025 15:55:53.719 UTC,1.40823,1.40812,0.0012,0.00135
04.11.2025 15:55:55.079 UTC,1.40824,1.40811,0.0012,0.0018
04.11.2025 15:55:55.182 UTC,1.40823,1.40812,0.00135,0.00135
04.11.2025 15:55:56.339 UTC,1.40823,1.40812,0.0012,0.0018
04.11.2025 15:55:56.893 UTC,1.40825,1.40812,0.00135,0.00135
04.11.2025 15:55:56.995 UTC,1.40824,1.40813,0.0012,0.0018
04.11.2025 15:55:57.097 UTC,1.40824,1.40813,0.00249,0.0012
04.11.2025 15:55:57.251 UTC,1.40825,1.40812,0.00144,0.0012
04.11.2025 15:55:57.506 UTC,1.40823,1.40812,0.00234,0.0012
04.11.2025 15:55:57.608 UTC,1.40825,1.40812,0.00132,0.0012
04.11.2025 15:55:58.323 UTC,1.40824,1.40812,0.00144,0.0012
04.11.2025 15:55:58.425 UTC,1.40823,1.40812,0.00192,0.00135
04.11.2025 15:55:58.528 UTC,1.40824,1.40811,0.0012,0.0018
04.11.2025 15:55:58.630 UTC,1.40824,1.40811,0.0012,0.00135
04.11.2025 15:55:59.190 UTC,1.40824,1.40811,0.0012,0.0018
04.11.2025 15:55:59.293 UTC,1.40824,1.40811,0.00234,0.00135
04.11.2025 15:55:59.956 UTC,1.40823,1.40812,0.0012,0.0018
04.11.2025 15:56:00.110 UTC,1.40824,1.40811,0.00294,0.0012
04.11.2025 15:56:00.217 UTC,1.40823,1.40812,0.00144,0.00135
04.11.2025 15:56:00.370 UTC,1.40825,1.40812,0.00249,0.0012
04.11.2025 15:56:00.473 UTC,1.40824,1.40813,0.00144,0.0012
04.11.2025 15:56:01.330 UTC,1.40824,1.40812,0.00144,0.0012
04.11.2025 15:56:01.433 UTC,1.40824,1.40811,0.00225,0.00135
04.11.2025 15:56:01.687 UTC,1.40823,1.40812,0.0024,0.0012
04.11.2025 15:56:01.890 UTC,1.40823,1.40812,0.00225,0.00135
04.11.2025 15:56:02.346 UTC,1.40824,1.40811,0.00249,0.0012
04.11.2025 15:56:02.950 UTC,1.40824,1.40811,0.00234,0.0012
04.11.2025 15:56:03.382 UTC,1.40824,1.40812,0.00144,0.0012
04.11.2025 15:56:03.835 UTC,1.40822,1.40811,0.00237,0.0012
04.11.2025 15:56:03.939 UTC,1.40821,1.40809,0.00144,0.0012
04.11.2025 15:56:04.598 UTC,1.40823,1.4081,0.00195,0.0012
04.11.2025 15:56:04.649 UTC,1.40822,1.40813,0.00195,0.0012
04.11.2025 15:56:04.701 UTC,1.40823,1.40813,0.00225,0.0012
04.11.2025 15:56:04.803 UTC,1.40825,1.40812,0.00234,0.0012
04.11.2025 15:56:05.007 UTC,1.40822,1.40813,0.0012,0.0012
04.11.2025 15:56:05.160 UTC,1.40823,1.40812,0.0018,0.0012
04.11.2025 15:56:05.263 UTC,1.40819,1.40808,0.00234,0.0018
04.11.2025 15:56:05.314 UTC,1.40818,1.40807,0.0012,0.0012
04.11.2025 15:56:06.026 UTC,1.40821,1.40809,0.0012,0.0018
04.11.2025 15:56:06.077 UTC,1.40822,1.40812,0.0018,0.0012
04.11.2025 15:56:06.180 UTC,1.40823,1.40812,0.0012,0.0012
04.11.2025 15:56:06.282 UTC,1.40823,1.40813,0.0012,0.0012
04.11.2025 15:56:08.048 UTC,1.40825,1.40812,0.00279,0.0012
04.11.2025 15:56:08.151 UTC,1.40825,1.40812,0.00294,0.0012
04.11.2025 15:56:08.253 UTC,1.40825,1.40812,0.00279,0.0012
04.11.2025 15:56:08.507 UTC,1.40825,1.40812,0.00384,0.0012
04.11.2025 15:56:08.660 UTC,1.40824,1.40813,0.00369,0.00135
04.11.2025 15:56:09.114 UTC,1.40818,1.40807,0.00279,0.0018
04.11.2025 15:56:09.216 UTC,1.40818,1.40806,0.0012,0.0012
04.11.2025 15:56:09.370 UTC,1.40817,1.40806,0.0012,0.0012
04.11.2025 15:56:09.574 UTC,1.40817,1.40805,0.0012,0.0012
04.11.2025 15:56:10.233 UTC,1.40817,1.40804,0.00189,0.0012
04.11.2025 15:56:10.336 UTC,1.40817,1.40804,0.00282,0.0012
04.11.2025 15:56:10.488 UTC,1.40815,1.40803,0.00144,0.0012
04.11.2025 15:56:11.796 UTC,1.40815,1.40803,0.00192,0.0012
04.11.2025 15:56:13.609 UTC,1.40815,1.40803,0.00144,0.0012
04.11.2025 15:56:14.215 UTC,1.40811,1.40803,0.00189,0.0012
04.11.2025 15:56:14.317 UTC,1.40807,1.40799,0.0012,0.0012
04.11.2025 15:56:14.419 UTC,1.40808,1.40799,0.0012,0.0012
04.11.2025 15:56:14.725 UTC,1.40808,1.40796,0.0012,0.00135
04.11.2025 15:56:14.878 UTC,1.40809,1.40796,0.0012,0.0012
04.11.2025 15:56:15.437 UTC,1.40808,1.40796,0.0018,0.0012
04.11.2025 15:56:15.742 UTC,1.40806,1.40796,0.0018,0.00135
04.11.2025 15:56:15.845 UTC,1.40806,1.40796,0.00135,0.0012
04.11.2025 15:56:16.099 UTC,1.40807,1.40795,0.0018,0.0012
04.11.2025 15:56:16.503 UTC,1.40807,1.40794,0.00144,0.00135
04.11.2025 15:56:16.608 UTC,1.40805,1.40794,0.00294,0.0012
04.11.2025 15:56:16.710 UTC,1.40805,1.40792,0.00234,0.0012
04.11.2025 15:56:17.418 UTC,1.40804,1.40793,0.00249,0.0012
04.11.2025 15:56:17.672 UTC,1.40805,1.40792,0.00234,0.0012
04.11.2025 15:56:18.076 UTC,1.40805,1.40792,0.00249,0.0012
04.11.2025 15:56:18.932 UTC,1.40804,1.40793,0.00324,0.0012
04.11.2025 15:56:19.235 UTC,1.40805,1.40792,0.00339,0.0012
04.11.2025 15:56:19.487 UTC,1.40805,1.40793,0.00249,0.0012
04.11.2025 15:56:20.026 UTC,1.40804,1.40794,0.00234,0.0012
04.11.2025 15:56:20.381 UTC,1.40805,1.40793,0.0024,0.0012
04.11.2025 15:56:21.991 UTC,1.40805,1.40792,0.00297,0.0012
04.11.2025 15:56:22.095 UTC,1.40804,1.40792,0.00135,0.0012
04.11.2025 15:56:22.197 UTC,1.40805,1.40795,0.00225,0.0012
04.11.2025 15:56:22.300 UTC,1.40806,1.40795,0.0012,0.0012
04.11.2025 15:56:23.113 UTC,1.40806,1.40796,0.00135,0.0012
04.11.2025 15:56:23.216 UTC,1.40807,1.40796,0.0012,0.0012
04.11.2025 15:56:23.268 UTC,1.40808,1.40798,0.00225,0.0012
04.11.2025 15:56:23.370 UTC,1.40807,1.40798,0.0012,0.0012
04.11.2025 15:56:24.082 UTC,1.40808,1.40797,0.0018,0.0012
04.11.2025 15:56:24.234 UTC,1.40808,1.40797,0.00135,0.0012
04.11.2025 15:56:24.588 UTC,1.40808,1.40797,0.0018,0.0012
04.11.2025 15:56:24.640 UTC,1.40809,1.40797,0.00135,0.0012
04.11.2025 15:56:24.744 UTC,1.40808,1.40798,0.0018,0.0012
04.11.2025 15:56:26.816 UTC,1.40809,1.40797,0.00135,0.00132
04.11.2025 15:56:27.160 UTC,1.40809,1.40797,0.0018,0.00132
04.11.2025 15:56:27.212 UTC,1.40811,1.40799,0.0018,0.00132
04.11.2025 15:56:27.316 UTC,1.40813,1.40801,0.00285,0.0012
04.11.2025 15:56:27.367 UTC,1.40813,1.40801,0.00225,0.0012
04.11.2025 15:56:28.730 UTC,1.40812,1.40802,0.0024,0.0012
04.11.2025 15:56:28.832 UTC,1.40808,1.40798,0.0012,0.0018
04.11.2025 15:56:28.934 UTC,1.40807,1.40799,0.0012,0.0012
04.11.2025 15:56:29.390 UTC,1.40812,1.40798,0.00327,0.00135
04.11.2025 15:56:29.746 UTC,1.40809,1.40799,0.0012,0.0012
04.11.2025 15:56:29.900 UTC,1.40812,1.40798,0.00342,0.0012
04.11.2025 15:56:30.506 UTC,1.40808,1.40799,0.0012,0.00135
04.11.2025 15:56:30.557 UTC,1.40812,1.40798,0.00342,0.00135
04.11.2025 15:56:30.762 UTC,1.40811,1.40797,0.00132,0.0033
04.11.2025 15:56:30.915 UTC,1.40811,1.40797,0.00147,0.00285
04.11.2025 15:56:31.167 UTC,1.40812,1.40798,0.00237,0.0018
04.11.2025 15:56:31.269 UTC,1.40811,1.40799,0.00252,0.00135
04.11.2025 15:56:31.422 UTC,1.4081,1.40798,0.00252,0.0018
04.11.2025 15:56:31.624 UTC,1.40811,1.40797,0.00237,0.00195
04.11.2025 15:56:31.776 UTC,1.40811,1.40797,0.00237,0.0018
04.11.2025 15:56:31.879 UTC,1.40807,1.40796,0.0012,0.0018
04.11.2025 15:56:31.981 UTC,1.40807,1.40796,0.0012,0.0012
04.11.2025 15:56:32.841 UTC,1.40808,1.40796,0.0012,0.00135
04.11.2025 15:56:33.095 UTC,1.40807,1.40796,0.0012,0.0012
04.11.2025 15:56:33.248 UTC,1.40806,1.40796,0.00135,0.00135
04.11.2025 15:56:33.858 UTC,1.40805,1.40795,0.00135,0.0018
04.11.2025 15:56:33.961 UTC,1.40805,1.40795,0.00135,0.0012
04.11.2025 15:56:34.492 UTC,1.40806,1.40795,0.00324,0.0012
04.11.2025 15:56:34.645 UTC,1.40807,1.40794,0.00339,0.0012
04.11.2025 15:56:34.796 UTC,1.40807,1.40794,0.00324,0.00135
04.11.2025 15:56:34.899 UTC,1.40806,1.40795,0.00339,0.0012
04.11.2025 15:56:35.004 UTC,1.40806,1.40795,0.00324,0.00135
04.11.2025 15:56:35.458 UTC,1.40804,1.40795,0.0012,0.00135
04.11.2025 15:56:35.509 UTC,1.40806,1.40795,0.00234,0.00135
04.11.2025 15:56:36.114 UTC,1.40806,1.40795,0.0018,0.00195
04.11.2025 15:56:36.217 UTC,1.40806,1.40795,0.0018,0.0018
04.11.2025 15:56:36.319 UTC,1.40807,1.40795,0.0012,0.0012
04.11.2025 15:56:40.002 UTC,1.40807,1.40796,0.0018,0.00324
04.11.2025 15:56:40.105 UTC,1.40808,1.40796,0.0012,0.00135
04.11.2025 15:56:41.062 UTC,1.40808,1.40795,0.00135,0.0018
04.11.2025 15:56:41.165 UTC,1.40808,1.40795,0.0012,0.00195
04.11.2025 15:56:41.267 UTC,1.40807,1.40795,0.0012,0.0018
04.11.2025 15:56:41.369 UTC,1.40808,1.40795,0.0012,0.00189
04.11.2025 15:56:41.522 UTC,1.4081,1.40796,0.00225,0.00192
04.11.2025 15:56:41.625 UTC,1.40808,1.40797,0.0012,0.00135
04.11.2025 15:56:41.727 UTC,1.40809,1.40796,0.0018,0.0012
04.11.2025 15:56:42.030 UTC,1.40809,1.40796,0.00135,0.00135
04.11.2025 15:56:42.133 UTC,1.4081,1.40796,0.00225,0.00144
04.11.2025 15:56:42.636 UTC,1.40809,1.40796,0.0012,0.00189
04.11.2025 15:56:42.840 UTC,1.40807,1.40796,0.0012,0.00135
04.11.2025 15:56:43.803 UTC,1.40809,1.40796,0.0012,0.0018
04.11.2025 15:56:44.359 UTC,1.40807,1.40795,0.0012,0.00135
04.11.2025 15:56:44.512 UTC,1.40807,1.40796,0.00225,0.00135
04.11.2025 15:56:45.071 UTC,1.40807,1.40795,0.0012,0.0018
04.11.2025 15:56:46.102 UTC,1.40806,1.40796,0.0012,0.00195
04.11.2025 15:56:46.204 UTC,1.40808,1.40795,0.00225,0.0018
04.11.2025 15:56:46.661 UTC,1.40806,1.40796,0.00135,0.00135
04.11.2025 15:56:46.764 UTC,1.40808,1.40795,0.00135,0.00135
04.11.2025 15:56:47.222 UTC,1.40807,1.40796,0.0018,0.00195
04.11.2025 15:56:47.324 UTC,1.40808,1.40795,0.00225,0.0018
04.11.2025 15:56:47.426 UTC,1.40806,1.40793,0.0018,0.00285
04.11.2025 15:56:47.477 UTC,1.40806,1.40793,0.0018,0.0027
04.11.2025 15:56:47.580 UTC,1.40805,1.40793,0.00135,0.00135
04.11.2025 15:56:49.500 UTC,1.40805,1.40792,0.00147,0.0024
04.11.2025 15:56:49.603 UTC,1.40804,1.40793,0.00144,0.00225
04.11.2025 15:56:49.704 UTC,1.40805,1.40792,0.00132,0.00285
04.11.2025 15:56:49.805 UTC,1.40804,1.40793,0.00144,0.0027
04.11.2025 15:56:50.261 UTC,1.40804,1.40793,0.00132,0.00285
04.11.2025 15:56:50.463 UTC,1.40805,1.40792,0.00144,0.0018
04.11.2025 15:56:51.224 UTC,1.40805,1.40792,0.00132,0.0024
04.11.2025 15:56:51.325 UTC,1.40804,1.40793,0.00144,0.00225
04.11.2025 15:56:51.478 UTC,1.40805,1.40792,0.00132,0.0024
04.11.2025 15:56:51.781 UTC,1.40805,1.40792,0.00132,0.00225
04.11.2025 15:56:51.883 UTC,1.40805,1.40792,0.00249,0.0018
04.11.2025 15:56:54.098 UTC,1.40805,1.40792,0.00234,0.00135
04.11.2025 15:56:54.302 UTC,1.40807,1.40795,0.00135,0.00135
04.11.2025 15:56:54.405 UTC,1.40812,1.40799,0.00189,0.00135
04.11.2025 15:56:55.014 UTC,1.40811,1.40799,0.0012,0.0012
04.11.2025 15:56:55.117 UTC,1.40811,1.408,0.00279,0.0012
04.11.2025 15:56:56.178 UTC,1.40813,1.408,0.00315,0.00135
04.11.2025 15:56:56.281 UTC,1.40812,1.408,0.0012,0.00135
04.11.2025 15:56:56.383 UTC,1.40813,1.408,0.00225,0.00135
04.11.2025 15:56:56.485 UTC,1.40813,1.408,0.0024,0.00135
04.11.2025 15:56:56.737 UTC,1.40813,1.408,0.00225,0.00135
04.11.2025 15:56:56.992 UTC,1.40812,1.408,0.00135,0.00135
04.11.2025 15:56:58.308 UTC,1.40809,1.40797,0.00132,0.0018
04.11.2025 15:56:58.411 UTC,1.40809,1.40797,0.00132,0.00135
04.11.2025 15:56:58.513 UTC,1.40808,1.40796,0.0012,0.0018
04.11.2025 15:57:00.129 UTC,1.40808,1.40797,0.00144,0.0018
04.11.2025 15:57:00.231 UTC,1.4081,1.40796,0.00225,0.00195
04.11.2025 15:57:00.787 UTC,1.4081,1.40796,0.0024,0.00195
04.11.2025 15:57:00.890 UTC,1.40808,1.40797,0.00432,0.0018
04.11.2025 15:57:00.992 UTC,1.40808,1.40796,0.00249,0.0012
04.11.2025 15:57:01.094 UTC,1.40808,1.40796,0.00234,0.0012
04.11.2025 15:57:02.436 UTC,1.40808,1.40797,0.00369,0.00135
04.11.2025 15:57:02.842 UTC,1.40808,1.40797,0.00384,0.0012
04.11.2025 15:57:05.213 UTC,1.40807,1.40797,0.00192,0.0012
04.11.2025 15:57:05.518 UTC,1.40808,1.40796,0.00135,0.0012
04.11.2025 15:57:07.185 UTC,1.40809,1.40797,0.0018,0.0012
04.11.2025 15:57:07.287 UTC,1.40809,1.40799,0.00135,0.0012
04.11.2025 15:57:08.252 UTC,1.4081,1.40798,0.0018,0.0012
04.11.2025 15:57:08.707 UTC,1.4081,1.40798,0.00135,0.0012
04.11.2025 15:57:08.811 UTC,1.40809,1.408,0.0012,0.0012
04.11.2025 15:57:08.872 UTC,1.40812,1.40801,0.00234,0.0012
04.11.2025 15:57:08.974 UTC,1.40809,1.408,0.00135,0.00135
04.11.2025 15:57:09.987 UTC,1.40809,1.40799,0.0012,0.0012
04.11.2025 15:57:11.238 UTC,1.40809,1.40798,0.00234,0.00135
04.11.2025 15:57:11.341 UTC,1.40805,1.40795,0.00132,0.0012
04.11.2025 15:57:11.393 UTC,1.40805,1.40793,0.00192,0.00135
04.11.2025 15:57:11.444 UTC,1.40802,1.4079,0.00237,0.0012
04.11.2025 15:57:11.495 UTC,1.408,1.40788,0.0012,0.00225
04.11.2025 15:57:11.750 UTC,1.40802,1.40788,0.00282,0.00135
04.11.2025 15:57:12.968 UTC,1.40801,1.40788,0.00147,0.00135
04.11.2025 15:57:13.221 UTC,1.40802,1.4079,0.00132,0.00135
04.11.2025 15:57:13.273 UTC,1.40802,1.40789,0.0018,0.0018
04.11.2025 15:57:13.375 UTC,1.40803,1.4079,0.00225,0.00135
04.11.2025 15:57:13.629 UTC,1.40803,1.40792,0.00147,0.0012
04.11.2025 15:57:13.732 UTC,1.40804,1.40791,0.00237,0.00135
04.11.2025 15:57:13.834 UTC,1.40804,1.4079,0.00342,0.00195
04.11.2025 15:57:14.492 UTC,1.40802,1.4079,0.0018,0.0018
04.11.2025 15:57:14.595 UTC,1.40801,1.40791,0.00144,0.0018
04.11.2025 15:57:15.049 UTC,1.40802,1.40789,0.00237,0.00195
04.11.2025 15:57:15.101 UTC,1.40801,1.4079,0.00387,0.00135
04.11.2025 15:57:15.405 UTC,1.40801,1.40788,0.00237,0.00135
04.11.2025 15:57:17.229 UTC,1.408,1.40789,0.00234,0.0018
04.11.2025 15:57:17.331 UTC,1.408,1.40789,0.00237,0.0018
04.11.2025 15:57:17.938 UTC,1.408,1.40789,0.00234,0.0018
04.11.2025 15:57:18.242 UTC,1.408,1.4079,0.0012,0.00135
04.11.2025 15:57:18.294 UTC,1.40803,1.4079,0.00135,0.00225
04.11.2025 15:57:18.396 UTC,1.40804,1.40791,0.00414,0.00135
04.11.2025 15:57:18.549 UTC,1.40806,1.40793,0.00369,0.0018
04.11.2025 15:57:21.050 UTC,1.40808,1.40795,0.0018,0.0012
04.11.2025 15:57:22.564 UTC,1.40809,1.40796,0.00234,0.00135
04.11.2025 15:57:23.471 UTC,1.40809,1.40796,0.00384,0.00135
04.11.2025 15:57:24.127 UTC,1.40809,1.40796,0.00324,0.00135
04.11.2025 15:57:25.589 UTC,1.40809,1.40796,0.00384,0.00135
04.11.2025 15:57:29.981 UTC,1.40807,1.40794,0.00567,0.0018
04.11.2025 15:57:30.084 UTC,1.40807,1.40794,0.00327,0.0018
04.11.2025 15:57:30.136 UTC,1.40805,1.40793,0.00132,0.00135
04.11.2025 15:57:30.339 UTC,1.40805,1.40794,0.00237,0.00225
04.11.2025 15:57:30.795 UTC,1.40805,1.40792,0.00234,0.00135
04.11.2025 15:57:31.048 UTC,1.40805,1.40792,0.00237,0.00135
04.11.2025 15:57:32.409 UTC,1.40805,1.40792,0.00237,0.0027
04.11.2025 15:57:32.511 UTC,1.40804,1.40793,0.00237,0.0027
04.11.2025 15:57:33.066 UTC,1.40804,1.40793,0.00234,0.0027
04.11.2025 15:57:34.077 UTC,1.408,1.4079,0.0012,0.0012
04.11.2025 15:57:34.180 UTC,1.40803,1.40789,0.0027,0.00339
04.11.2025 15:57:34.283 UTC,1.40803,1.40792,0.00135,0.0012
04.11.2025 15:57:34.485 UTC,1.40802,1.40791,0.0012,0.0018
04.11.2025 15:57:34.740 UTC,1.40804,1.40791,0.00249,0.00135
04.11.2025 15:57:35.245 UTC,1.408,1.40788,0.00144,0.0018
04.11.2025 15:57:35.347 UTC,1.40799,1.40788,0.00234,0.0024
04.11.2025 15:57:36.295 UTC,1.408,1.4079,0.0012,0.0012
04.11.2025 15:57:36.405 UTC,1.40802,1.40789,0.00234,0.00135
04.11.2025 15:57:36.558 UTC,1.40802,1.40789,0.00249,0.00135
04.11.2025 15:57:36.661 UTC,1.40801,1.4079,0.00225,0.0018
04.11.2025 15:57:36.916 UTC,1.40804,1.40791,0.00429,0.0012
04.11.2025 15:57:37.018 UTC,1.40806,1.40793,0.00414,0.00225
04.11.2025 15:57:37.121 UTC,1.40805,1.40793,0.0012,0.00225
04.11.2025 15:57:37.223 UTC,1.40805,1.40794,0.00324,0.00225
04.11.2025 15:57:37.678 UTC,1.40805,1.40793,0.0012,0.00225
04.11.2025 15:57:41.471 UTC,1.40806,1.40793,0.00132,0.00135
04.11.2025 15:57:41.573 UTC,1.40805,1.40794,0.00192,0.00135
04.11.2025 15:57:41.876 UTC,1.40806,1.40793,0.00144,0.00135
04.11.2025 15:57:41.978 UTC,1.40806,1.40795,0.00144,0.00135
04.11.2025 15:57:42.232 UTC,1.40806,1.40795,0.00249,0.0012
04.11.2025 15:57:42.487 UTC,1.40807,1.40794,0.00324,0.0012
04.11.2025 15:57:43.097 UTC,1.40806,1.40796,0.0012,0.00135
04.11.2025 15:57:43.199 UTC,1.40809,1.40797,0.0012,0.0012
04.11.2025 15:57:45.035 UTC,1.4081,1.40797,0.00279,0.0012
04.11.2025 15:57:45.137 UTC,1.40811,1.408,0.00417,0.0012
04.11.2025 15:57:45.240 UTC,1.40813,1.40802,0.00132,0.0012
04.11.2025 15:57:45.342 UTC,1.40815,1.40802,0.00234,0.0012
04.11.2025 15:57:45.648 UTC,1.40816,1.40803,0.00459,0.0012
04.11.2025 15:57:45.750 UTC,1.40814,1.40804,0.00144,0.0012
04.11.2025 15:57:46.056 UTC,1.40815,1.40802,0.00207,0.0018
04.11.2025 15:57:46.464 UTC,1.40815,1.40802,0.00189,0.0018
04.11.2025 15:57:46.666 UTC,1.40815,1.40802,0.00192,0.0018
04.11.2025 15:57:46.718 UTC,1.40811,1.40798,0.0012,0.00315
04.11.2025 15:57:46.820 UTC,1.4081,1.40797,0.0012,0.0033
04.11.2025 15:57:46.923 UTC,1.40809,1.40797,0.0012,0.00135
04.11.2025 15:57:47.076 UTC,1.40809,1.40798,0.0012,0.0012
04.11.2025 15:57:47.836 UTC,1.4081,1.40799,0.0018,0.0012
04.11.2025 15:57:47.938 UTC,1.40809,1.40798,0.0012,0.00192
04.11.2025 15:57:48.091 UTC,1.4081,1.40797,0.00135,0.0018
04.11.2025 15:57:48.699 UTC,1.40811,1.408,0.0018,0.0012
04.11.2025 15:57:48.802 UTC,1.40812,1.40801,0.00405,0.00135
04.11.2025 15:57:48.853 UTC,1.40813,1.40802,0.0012,0.0012
04.11.2025 15:57:48.904 UTC,1.40814,1.40803,0.00132,0.0012
04.11.2025 15:57:49.160 UTC,1.40815,1.40804,0.0018,0.0018
04.11.2025 15:57:51.677 UTC,1.40816,1.40805,0.0018,0.00192
04.11.2025 15:57:51.830 UTC,1.40818,1.40805,0.0012,0.00189
04.11.2025 15:57:52.134 UTC,1.40817,1.40805,0.0012,0.0012
04.11.2025 15:57:52.997 UTC,1.40817,1.40805,0.0012,0.0018
04.11.2025 15:57:53.100 UTC,1.40817,1.40805,0.0012,0.00135
04.11.2025 15:57:53.404 UTC,1.40817,1.40806,0.00135,0.00135
04.11.2025 15:57:53.506 UTC,1.40817,1.40808,0.0012,0.0012
04.11.2025 15:57:53.609 UTC,1.40819,1.40805,0.00249,0.00195
04.11.2025 15:57:53.711 UTC,1.40817,1.40806,0.00135,0.00135
04.11.2025 15:57:54.067 UTC,1.40817,1.40805,0.0012,0.0012
04.11.2025 15:57:54.220 UTC,1.40818,1.40805,0.00135,0.0012
04.11.2025 15:57:54.427 UTC,1.40818,1.40806,0.00225,0.00192
04.11.2025 15:57:55.032 UTC,1.40819,1.40805,0.00249,0.00135
04.11.2025 15:57:55.134 UTC,1.40819,1.40805,0.00225,0.00192
04.11.2025 15:57:55.591 UTC,1.40818,1.40807,0.0012,0.0012
04.11.2025 15:57:55.743 UTC,1.40819,1.40806,0.0012,0.0012
04.11.2025 15:57:56.248 UTC,1.4082,1.40807,0.0012,0.00147
04.11.2025 15:57:56.350 UTC,1.40819,1.40808,0.0012,0.00144
04.11.2025 15:57:56.452 UTC,1.4082,1.40807,0.0012,0.00204
04.11.2025 15:57:56.707 UTC,1.40823,1.40812,0.0012,0.0018
04.11.2025 15:57:56.758 UTC,1.40826,1.40813,0.00132,0.0012
04.11.2025 15:57:56.861 UTC,1.40827,1.40813,0.00288,0.0018
04.11.2025 15:57:57.420 UTC,1.40827,1.40814,0.0012,0.0012
04.11.2025 15:57:57.649 UTC,1.40826,1.40817,0.0012,0.0012
04.11.2025 15:57:57.751 UTC,1.40828,1.40816,0.0012,0.0012
04.11.2025 15:57:57.903 UTC,1.40827,1.40816,0.0012,0.0012
04.11.2025 15:57:58.159 UTC,1.40826,1.40816,0.0012,0.00135
04.11.2025 15:57:59.226 UTC,1.40829,1.40818,0.0012,0.00144
04.11.2025 15:57:59.277 UTC,1.4083,1.40819,0.0012,0.0012
04.11.2025 15:57:59.379 UTC,1.40832,1.40819,0.00192,0.0012
04.11.2025 15:57:59.532 UTC,1.40832,1.40819,0.0036,0.0012
04.11.2025 15:57:59.941 UTC,1.4083,1.40818,0.0012,0.0012
04.11.2025 15:58:00.044 UTC,1.40827,1.40817,0.0012,0.00135
04.11.2025 15:58:00.248 UTC,1.40829,1.40817,0.0018,0.0012
04.11.2025 15:58:00.452 UTC,1.4083,1.40817,0.00225,0.00132
04.11.2025 15:58:00.555 UTC,1.40829,1.40818,0.0012,0.0012
04.11.2025 15:58:00.658 UTC,1.4083,1.40817,0.00225,0.00225
04.11.2025 15:58:00.760 UTC,1.40829,1.40817,0.0018,0.0012
04.11.2025 15:58:00.964 UTC,1.4083,1.40818,0.00144,0.0012
04.11.2025 15:58:01.067 UTC,1.40829,1.40818,0.00324,0.0012
04.11.2025 15:58:01.119 UTC,1.40828,1.40817,0.0012,0.00135
04.11.2025 15:58:02.083 UTC,1.40829,1.40817,0.00144,0.0012
04.11.2025 15:58:02.186 UTC,1.40828,1.40816,0.00189,0.0012
04.11.2025 15:58:02.289 UTC,1.40828,1.40815,0.00294,0.0012
04.11.2025 15:58:02.391 UTC,1.40826,1.40816,0.00225,0.0012
04.11.2025 15:58:04.472 UTC,1.40828,1.40817,0.00135,0.0012
04.11.2025 15:58:04.829 UTC,1.4083,1.40819,0.00315,0.00189
04.11.2025 15:58:04.881 UTC,1.4083,1.40821,0.0012,0.0012
04.11.2025 15:58:04.983 UTC,1.40833,1.4082,0.00372,0.0012
04.11.2025 15:58:05.236 UTC,1.40829,1.40818,0.00144,0.0012
04.11.2025 15:58:05.338 UTC,1.40828,1.40816,0.00132,0.0018
04.11.2025 15:58:05.458 UTC,1.40827,1.40817,0.00132,0.0012
04.11.2025 15:58:07.993 UTC,1.40828,1.40816,0.00249,0.0012
04.11.2025 15:58:08.045 UTC,1.40827,1.40815,0.00258,0.0018
04.11.2025 15:58:09.358 UTC,1.40828,1.40814,0.00288,0.00225
04.11.2025 15:58:09.612 UTC,1.40827,1.40815,0.00234,0.0018
04.11.2025 15:58:09.715 UTC,1.40828,1.40817,0.00132,0.0012
04.11.2025 15:58:10.378 UTC,1.40828,1.40816,0.00234,0.0012
04.11.2025 15:58:10.682 UTC,1.40826,1.40817,0.0012,0.0012
04.11.2025 15:58:10.988 UTC,1.40828,1.40816,0.00234,0.0012
04.11.2025 15:58:11.090 UTC,1.40828,1.40816,0.00249,0.0012
04.11.2025 15:58:11.192 UTC,1.40826,1.40814,0.00144,0.0012
04.11.2025 15:58:11.294 UTC,1.40825,1.40815,0.00147,0.0012
04.11.2025 15:58:11.701 UTC,1.40826,1.40814,0.00234,0.0018
04.11.2025 15:58:11.803 UTC,1.40826,1.40814,0.00237,0.0018
04.11.2025 15:58:12.261 UTC,1.40827,1.40814,0.00237,0.0012
04.11.2025 15:58:12.363 UTC,1.40826,1.40815,0.00234,0.0018
04.11.2025 15:58:12.922 UTC,1.40827,1.40814,0.00132,0.0024
04.11.2025 15:58:13.024 UTC,1.40828,1.40814,0.0033,0.00225
04.11.2025 15:58:13.126 UTC,1.40827,1.40815,0.00315,0.0024
04.11.2025 15:58:13.228 UTC,1.40827,1.40815,0.0033,0.00225
04.11.2025 15:58:13.483 UTC,1.40828,1.40814,0.00225,0.0024
04.11.2025 15:58:13.772 UTC,1.40827,1.40815,0.00225,0.00225
04.11.2025 15:58:14.025 UTC,1.40828,1.40814,0.00225,0.0024
04.11.2025 15:58:14.128 UTC,1.40827,1.40815,0.00387,0.0012
04.11.2025 15:58:14.282 UTC,1.40826,1.40815,0.00204,0.0012
04.11.2025 15:58:14.385 UTC,1.40826,1.40815,0.00132,0.0012
04.11.2025 15:58:14.488 UTC,1.40827,1.40815,0.00522,0.00135
04.11.2025 15:58:14.590 UTC,1.40826,1.40815,0.00192,0.0012
04.11.2025 15:58:14.997 UTC,1.40826,1.40813,0.00297,0.0012
04.11.2025 15:58:15.201 UTC,1.40824,1.40814,0.00132,0.0012
04.11.2025 15:58:15.506 UTC,1.40826,1.40813,0.00372,0.00225
04.11.2025 15:58:16.064 UTC,1.40825,1.40813,0.00147,0.0012
04.11.2025 15:58:18.281 UTC,1.40825,1.40814,0.00279,0.00225
04.11.2025 15:58:18.333 UTC,1.40824,1.40812,0.00282,0.0027
04.11.2025 15:58:18.384 UTC,1.40826,1.40812,0.00252,0.00189
04.11.2025 15:58:18.638 UTC,1.40826,1.40812,0.00237,0.00249
04.11.2025 15:58:19.094 UTC,1.40826,1.40812,0.00252,0.00234
04.11.2025 15:58:19.399 UTC,1.40826,1.40813,0.00237,0.00135
04.11.2025 15:58:19.552 UTC,1.40826,1.40813,0.00237,0.00147
04.11.2025 15:58:20.008 UTC,1.40825,1.40814,0.00135,0.00132
04.11.2025 15:58:21.478 UTC,1.40827,1.40814,0.00225,0.00237
04.11.2025 15:58:21.581 UTC,1.40828,1.40815,0.0027,0.00147
04.11.2025 15:58:22.249 UTC,1.40827,1.40816,0.0024,0.00132
04.11.2025 15:58:22.652 UTC,1.40828,1.40815,0.00225,0.00147
04.11.2025 15:58:23.509 UTC,1.40829,1.40816,0.00132,0.00132
04.11.2025 15:58:23.612 UTC,1.4083,1.40818,0.00297,0.0012
04.11.2025 15:58:24.523 UTC,1.40829,1.40819,0.00342,0.0012
04.11.2025 15:58:24.928 UTC,1.40829,1.40817,0.00432,0.00132
04.11.2025 15:58:25.082 UTC,1.40829,1.40816,0.00144,0.00132
04.11.2025 15:58:25.184 UTC,1.4083,1.40818,0.00657,0.00132
04.11.2025 15:58:25.236 UTC,1.40831,1.4082,0.00135,0.00132
04.11.2025 15:58:25.543 UTC,1.40831,1.40822,0.0012,0.0012
04.11.2025 15:58:25.594 UTC,1.40836,1.40824,0.0024,0.0012
04.11.2025 15:58:25.646 UTC,1.40836,1.40825,0.0018,0.0012
04.11.2025 15:58:25.748 UTC,1.40837,1.40825,0.00315,0.0012
04.11.2025 15:58:27.172 UTC,1.40836,1.40825,0.0012,0.0012
04.11.2025 15:58:27.985 UTC,1.40836,1.40826,0.00135,0.0012
04.11.2025 15:58:28.238 UTC,1.40837,1.40825,0.0018,0.0012
04.11.2025 15:58:28.592 UTC,1.40836,1.40826,0.0018,0.0012
04.11.2025 15:58:29.097 UTC,1.40836,1.40825,0.0012,0.0012
04.11.2025 15:58:29.198 UTC,1.40837,1.40825,0.0027,0.0012
04.11.2025 15:58:29.300 UTC,1.40837,1.40825,0.00285,0.0012
04.11.2025 15:58:29.806 UTC,1.40837,1.40825,0.00297,0.0012
04.11.2025 15:58:29.907 UTC,1.40837,1.40825,0.00285,0.0012
04.11.2025 15:58:30.277 UTC,1.40837,1.40826,0.00225,0.0012
04.11.2025 15:58:30.784 UTC,1.40837,1.40826,0.00195,0.0012
04.11.2025 15:58:30.886 UTC,1.40836,1.40827,0.00135,0.0012
04.11.2025 15:58:31.643 UTC,1.40837,1.40826,0.0018,0.0012
04.11.2025 15:58:31.844 UTC,1.40835,1.40826,0.00135,0.0012
04.11.2025 15:58:34.724 UTC,1.40836,1.40825,0.00207,0.0012
04.11.2025 15:58:34.827 UTC,1.40836,1.40826,0.00132,0.0012
04.11.2025 15:58:34.929 UTC,1.40837,1.40826,0.00342,0.0012
04.11.2025 15:58:35.083 UTC,1.40838,1.40825,0.00297,0.0012
04.11.2025 15:58:35.236 UTC,1.40837,1.40825,0.00144,0.0012
04.11.2025 15:58:35.337 UTC,1.40838,1.40825,0.00252,0.0012
04.11.2025 15:58:35.841 UTC,1.40838,1.40825,0.00432,0.0012
04.11.2025 15:58:36.044 UTC,1.40836,1.40826,0.00192,0.0012
04.11.2025 15:58:37.002 UTC,1.40837,1.40825,0.00144,0.0012
04.11.2025 15:58:38.111 UTC,1.40836,1.40826,0.0018,0.0012
04.11.2025 15:58:38.214 UTC,1.40837,1.40827,0.00195,0.0012
04.11.2025 15:58:43.604 UTC,1.40837,1.40828,0.00135,0.0012
04.11.2025 15:58:43.706 UTC,1.40837,1.40829,0.0012,0.0012
04.11.2025 15:58:43.808 UTC,1.40838,1.40829,0.0018,0.0012
04.11.2025 15:58:43.961 UTC,1.40838,1.40828,0.00135,0.0012
04.11.2025 15:58:44.013 UTC,1.40839,1.4083,0.00135,0.0012
04.11.2025 15:58:44.471 UTC,1.40842,1.40831,0.00225,0.0012
04.11.2025 15:58:46.141 UTC,1.40842,1.40832,0.00144,0.0012
04.11.2025 15:58:46.244 UTC,1.40842,1.40831,0.00156,0.0012
04.11.2025 15:58:47.738 UTC,1.40838,1.4083,0.00132,0.0012
04.11.2025 15:58:47.841 UTC,1.4084,1.40828,0.00237,0.0012
04.11.2025 15:58:48.400 UTC,1.40839,1.40829,0.00234,0.0012
04.11.2025 15:58:48.553 UTC,1.4084,1.4083,0.00132,0.0012
04.11.2025 15:58:48.656 UTC,1.40841,1.4083,0.00144,0.0012
04.11.2025 15:58:48.759 UTC,1.40842,1.4083,0.00144,0.0012
04.11.2025 15:58:49.215 UTC,1.40842,1.4083,0.00192,0.0012
04.11.2025 15:58:49.720 UTC,1.40841,1.40831,0.00144,0.0012
04.11.2025 15:58:49.823 UTC,1.40839,1.4083,0.00132,0.0012
04.11.2025 15:58:49.976 UTC,1.40841,1.4083,0.00204,0.0012
04.11.2025 15:58:50.078 UTC,1.40841,1.40831,0.00204,0.0012
04.11.2025 15:58:50.638 UTC,1.40844,1.40831,0.00432,0.0012
04.11.2025 15:58:52.103 UTC,1.40841,1.40831,0.00132,0.0012
04.11.2025 15:58:52.356 UTC,1.40843,1.40831,0.00132,0.0018
04.11.2025 15:58:53.115 UTC,1.40843,1.40832,0.00207,0.0018
04.11.2025 15:58:53.672 UTC,1.40842,1.40833,0.00132,0.0012
04.11.2025 15:58:54.127 UTC,1.40841,1.40832,0.00132,0.0012
04.11.2025 15:58:54.583 UTC,1.40843,1.40831,0.00135,0.0012
04.11.2025 15:58:56.616 UTC,1.4084,1.40831,0.00192,0.0012
04.11.2025 15:58:56.718 UTC,1.4084,1.40829,0.00132,0.00135
04.11.2025 15:58:57.125 UTC,1.4084,1.40829,0.00132,0.0012
04.11.2025 15:58:57.635 UTC,1.4084,1.4083,0.00189,0.0018
04.11.2025 15:58:58.193 UTC,1.40842,1.40831,0.00237,0.0012
04.11.2025 15:58:58.799 UTC,1.40841,1.40831,0.00192,0.0012
04.11.2025 15:59:00.566 UTC,1.40839,1.40829,0.00144,0.0012
04.11.2025 15:59:00.617 UTC,1.40839,1.40828,0.00282,0.0012
04.11.2025 15:59:00.771 UTC,1.40838,1.40828,0.00147,0.0012
04.11.2025 15:59:03.672 UTC,1.40838,1.40826,0.00207,0.00234
04.11.2025 15:59:03.775 UTC,1.40839,1.40826,0.00297,0.0012
04.11.2025 15:59:04.127 UTC,1.40839,1.40825,0.00156,0.00234
04.11.2025 15:59:04.330 UTC,1.40839,1.40826,0.00327,0.0012
04.11.2025 15:59:06.449 UTC,1.40839,1.40826,0.00234,0.00144
04.11.2025 15:59:06.703 UTC,1.40839,1.40826,0.00237,0.00135
04.11.2025 15:59:07.157 UTC,1.40839,1.40826,0.00201,0.0018
04.11.2025 15:59:07.259 UTC,1.40839,1.40826,0.00246,0.00135
04.11.2025 15:59:07.361 UTC,1.40837,1.40826,0.00132,0.00234
04.11.2025 15:59:07.967 UTC,1.40839,1.40825,0.00282,0.00135
04.11.2025 15:59:08.019 UTC,1.40837,1.40824,0.00327,0.0012
04.11.2025 15:59:08.121 UTC,1.40835,1.40823,0.00156,0.00225
04.11.2025 15:59:08.224 UTC,1.40835,1.40822,0.00237,0.0012
04.11.2025 15:59:08.681 UTC,1.40835,1.40822,0.00297,0.0012
04.11.2025 15:59:09.643 UTC,1.40835,1.40821,0.00387,0.00234
04.11.2025 15:59:10.148 UTC,1.40828,1.4082,0.0012,0.00132
04.11.2025 15:59:10.250 UTC,1.4083,1.40818,0.0012,0.00237
04.11.2025 15:59:10.352 UTC,1.4083,1.40819,0.0012,0.00132
04.11.2025 15:59:11.314 UTC,1.40828,1.40818,0.00132,0.00132
04.11.2025 15:59:11.416 UTC,1.40829,1.40816,0.0018,0.00327
04.11.2025 15:59:11.569 UTC,1.40828,1.4082,0.0018,0.0012
04.11.2025 15:59:11.672 UTC,1.40829,1.40816,0.0018,0.00192
04.11.2025 15:59:11.939 UTC,1.40829,1.40816,0.00189,0.00192
04.11.2025 15:59:12.042 UTC,1.40829,1.40816,0.00192,0.00132
04.11.2025 15:59:12.296 UTC,1.40827,1.40816,0.00147,0.00189
04.11.2025 15:59:12.398 UTC,1.40828,1.40815,0.00144,0.00192
04.11.2025 15:59:13.209 UTC,1.40828,1.40815,0.00249,0.00192
04.11.2025 15:59:13.311 UTC,1.40827,1.40816,0.00234,0.00237
04.11.2025 15:59:14.071 UTC,1.40828,1.40815,0.00252,0.00189
04.11.2025 15:59:14.224 UTC,1.40825,1.40815,0.00147,0.0012
04.11.2025 15:59:14.327 UTC,1.40826,1.40815,0.0012,0.00192
04.11.2025 15:59:14.734 UTC,1.40827,1.40814,0.0012,0.00192
04.11.2025 15:59:14.836 UTC,1.40826,1.40815,0.0012,0.00192
04.11.2025 15:59:15.292 UTC,1.40826,1.40817,0.00135,0.0012
04.11.2025 15:59:15.395 UTC,1.40827,1.40814,0.0012,0.00192
04.11.2025 15:59:16.060 UTC,1.40828,1.40815,0.00135,0.00144
04.11.2025 15:59:16.315 UTC,1.40828,1.40815,0.0012,0.00192
04.11.2025 15:59:16.418 UTC,1.40827,1.40816,0.0012,0.00237
04.11.2025 15:59:16.571 UTC,1.40828,1.40815,0.0012,0.00234
04.11.2025 15:59:16.673 UTC,1.40828,1.40815,0.0012,0.00249
04.11.2025 15:59:16.876 UTC,1.40828,1.40815,0.00135,0.00153
04.11.2025 15:59:17.029 UTC,1.40829,1.40816,0.0027,0.00144
04.11.2025 15:59:17.131 UTC,1.40828,1.40815,0.0012,0.00252
04.11.2025 15:59:17.233 UTC,1.40828,1.40816,0.0027,0.00192
04.11.2025 15:59:18.198 UTC,1.4083,1.40817,0.00135,0.00147
04.11.2025 15:59:18.300 UTC,1.40829,1.40817,0.0012,0.00132
04.11.2025 15:59:18.401 UTC,1.40828,1.40818,0.0012,0.00132
04.11.2025 15:59:19.208 UTC,1.40828,1.40817,0.0012,0.00225
04.11.2025 15:59:20.311 UTC,1.40828,1.40817,0.0012,0.0024
04.11.2025 15:59:20.567 UTC,1.40831,1.40818,0.00147,0.00135
04.11.2025 15:59:20.722 UTC,1.40829,1.40819,0.00192,0.0012
04.11.2025 15:59:20.825 UTC,1.4083,1.40818,0.00144,0.0012
04.11.2025 15:59:22.398 UTC,1.40829,1.40819,0.00192,0.0012
04.11.2025 15:59:23.004 UTC,1.40831,1.40818,0.00189,0.00189
04.11.2025 15:59:23.563 UTC,1.40829,1.40819,0.0018,0.0012
04.11.2025 15:59:23.665 UTC,1.40831,1.40818,0.00249,0.0012
04.11.2025 15:59:23.868 UTC,1.4083,1.40819,0.00234,0.00135
04.11.2025 15:59:23.970 UTC,1.40829,1.40819,0.0012,0.00135
04.11.2025 15:59:24.428 UTC,1.40831,1.40818,0.00234,0.00324
04.11.2025 15:59:24.530 UTC,1.4083,1.40818,0.00132,0.0012
04.11.2025 15:59:24.633 UTC,1.40828,1.40819,0.0012,0.0012
04.11.2025 15:59:24.988 UTC,1.4083,1.40818,0.00144,0.0012
04.11.2025 15:59:26.865 UTC,1.4083,1.40819,0.0012,0.00234
04.11.2025 15:59:27.924 UTC,1.40831,1.40819,0.00135,0.0012
04.11.2025 15:59:28.027 UTC,1.40832,1.40822,0.0012,0.0012
04.11.2025 15:59:28.231 UTC,1.40833,1.40821,0.00225,0.0012
04.11.2025 15:59:28.383 UTC,1.40833,1.40821,0.0024,0.0012
04.11.2025 15:59:28.484 UTC,1.40833,1.40821,0.00225,0.0012
04.11.2025 15:59:29.458 UTC,1.40831,1.40819,0.0012,0.0012
04.11.2025 15:59:29.563 UTC,1.40831,1.40818,0.00135,0.00132
04.11.2025 15:59:29.968 UTC,1.40829,1.40819,0.00135,0.0012
04.11.2025 15:59:30.679 UTC,1.40831,1.40818,0.0018,0.0012
04.11.2025 15:59:31.087 UTC,1.40832,1.4082,0.00225,0.0012
04.11.2025 15:59:31.189 UTC,1.40832,1.40821,0.00135,0.00132
04.11.2025 15:59:31.393 UTC,1.40832,1.40822,0.00135,0.00132
04.11.2025 15:59:31.496 UTC,1.40832,1.40823,0.0012,0.0012
04.11.2025 15:59:31.598 UTC,1.40832,1.40822,0.00135,0.0012
04.11.2025 15:59:31.700 UTC,1.40832,1.4082,0.00135,0.00132
04.11.2025 15:59:31.955 UTC,1.40833,1.40822,0.0012,0.0012
04.11.2025 15:59:32.058 UTC,1.40833,1.40822,0.0012,0.00132
04.11.2025 15:59:32.618 UTC,1.40834,1.40824,0.0012,0.0012
04.11.2025 15:59:32.722 UTC,1.40836,1.40826,0.0018,0.0012
04.11.2025 15:59:32.774 UTC,1.40837,1.40825,0.00135,0.0012
04.11.2025 15:59:36.413 UTC,1.40837,1.40825,0.0012,0.0012
04.11.2025 15:59:36.716 UTC,1.40836,1.40826,0.0018,0.0012
04.11.2025 15:59:37.019 UTC,1.40837,1.40825,0.00195,0.0012
04.11.2025 15:59:38.166 UTC,1.40837,1.40825,0.00285,0.0012
04.11.2025 15:59:38.469 UTC,1.40837,1.40825,0.0027,0.0012
04.11.2025 15:59:38.722 UTC,1.40837,1.40825,0.00195,0.0012
04.11.2025 15:59:39.276 UTC,1.40837,1.40825,0.00132,0.0012
04.11.2025 15:59:39.732 UTC,1.40837,1.40825,0.00108,0.0012
04.11.2025 15:59:39.834 UTC,1.40837,1.40825,0.00144,0.0012
04.11.2025 15:59:41.549 UTC,1.40838,1.40825,0.00219,0.0012
04.11.2025 15:59:41.701 UTC,1.40837,1.40826,0.00306,0.0012
04.11.2025 15:59:42.512 UTC,1.40837,1.40825,0.00132,0.0012
04.11.2025 15:59:43.017 UTC,1.40837,1.40825,0.00204,0.0012
04.11.2025 15:59:43.320 UTC,1.40836,1.40826,0.00189,0.0012
04.11.2025 15:59:43.472 UTC,1.40837,1.40825,0.00204,0.0012
04.11.2025 15:59:43.774 UTC,1.40836,1.40826,0.00189,0.0012
04.11.2025 15:59:44.226 UTC,1.40836,1.40826,0.00132,0.0012
04.11.2025 15:59:44.828 UTC,1.40837,1.40825,0.00189,0.0012
04.11.2025 15:59:45.432 UTC,1.40835,1.40824,0.00132,0.0012
04.11.2025 15:59:45.484 UTC,1.40834,1.40821,0.00207,0.00225
04.11.2025 15:59:45.889 UTC,1.40834,1.40821,0.00204,0.0012
04.11.2025 15:59:45.992 UTC,1.40834,1.40821,0.00219,0.0012
04.11.2025 15:59:46.094 UTC,1.40834,1.40821,0.00387,0.0012
04.11.2025 15:59:47.408 UTC,1.40834,1.40822,0.00282,0.0012
04.11.2025 15:59:48.116 UTC,1.40834,1.40823,0.00144,0.0012
04.11.2025 15:59:48.218 UTC,1.40834,1.40822,0.00192,0.0012
04.11.2025 15:59:51.141 UTC,1.40834,1.40821,0.00294,0.0012
04.11.2025 15:59:51.243 UTC,1.40834,1.40822,0.00132,0.0012
04.11.2025 15:59:52.105 UTC,1.40835,1.40824,0.00387,0.0012
04.11.2025 15:59:52.210 UTC,1.40836,1.40824,0.00192,0.0012
04.11.2025 15:59:52.313 UTC,1.40837,1.40825,0.00192,0.0012
04.11.2025 15:59:52.415 UTC,1.40837,1.40825,0.00144,0.0012
04.11.2025 15:59:52.518 UTC,1.40836,1.40826,0.00204,0.0012
04.11.2025 15:59:52.670 UTC,1.40836,1.40826,0.00189,0.0012
04.11.2025 15:59:52.974 UTC,1.40837,1.40825,0.00132,0.0012
04.11.2025 15:59:53.127 UTC,1.40836,1.40826,0.0012,0.0012
04.11.2025 15:59:53.229 UTC,1.40838,1.40826,0.00132,0.0012
04.11.2025 15:59:55.746 UTC,1.40838,1.40827,0.00189,0.0012
04.11.2025 15:59:55.848 UTC,1.40839,1.40827,0.00132,0.0012
04.11.2025 15:59:56.357 UTC,1.4084,1.40828,0.00306,0.0012
04.11.2025 15:59:56.560 UTC,1.40841,1.40829,0.00477,0.0012
04.11.2025 15:59:57.065 UTC,1.40841,1.40828,0.00132,0.0012
04.11.2025 15:59:57.218 UTC,1.40841,1.40828,0.00144,0.0012
04.11.2025 15:59:57.320 UTC,1.40841,1.40828,0.00108,0.0012
04.11.2025 15:59:57.423 UTC,1.40841,1.40828,0.00282,0.0012
04.11.2025 15:59:57.525 UTC,1.40841,1.40828,0.00297,0.0012
04.11.2025 15:59:57.577 UTC,1.4084,1.40831,0.00144,0.0012
04.11.2025 15:59:58.036 UTC,1.40842,1.4083,0.00192,0.0012
04.11.2025 15:59:58.239 UTC,1.40842,1.40829,0.00342,0.0012
04.11.2025 15:59:58.493 UTC,1.40842,1.40829,0.00216,0.0012
04.11.2025 15:59:59.204 UTC,1.40842,1.40831,0.00126,0.0012