UTC,Ask,Bid,Ask Volume,Bid Volume
21.10.2025 14:00:00.019 UTC,1.40399,1.40387,0.0033,0.00132
21.10.2025 14:00:00.175 UTC,1.40398,1.40389,0.00225,0.00132
21.10.2025 14:00:00.278 UTC,1.40398,1.4039,0.00225,0.00132
21.10.2025 14:00:00.485 UTC,1.40402,1.4039,0.00135,0.00132
21.10.2025 14:00:00.587 UTC,1.40401,1.40391,0.00195,0.00132
21.10.2025 14:00:00.792 UTC,1.40399,1.40389,0.0012,0.00132
21.10.2025 14:00:00.895 UTC,1.40399,1.40387,0.0012,0.00132
21.10.2025 14:00:00.997 UTC,1.40399,1.4039,0.0012,0.00132
21.10.2025 14:00:02.568 UTC,1.40401,1.40391,0.00135,0.00132
21.10.2025 14:00:04.148 UTC,1.40398,1.40393,0.0012,0.0012
21.10.2025 14:00:04.201 UTC,1.40405,1.40396,0.00135,0.0012
21.10.2025 14:00:04.254 UTC,1.40408,1.40397,0.0033,0.00132
21.10.2025 14:00:04.358 UTC,1.40407,1.40395,0.0027,0.00132
21.10.2025 14:00:04.461 UTC,1.40405,1.40396,0.0018,0.00132
21.10.2025 14:00:04.564 UTC,1.40406,1.40393,0.00375,0.00132
21.10.2025 14:00:04.667 UTC,1.40405,1.40392,0.00195,0.00147
21.10.2025 14:00:05.225 UTC,1.40405,1.40394,0.00285,0.00132
21.10.2025 14:00:05.430 UTC,1.40406,1.40393,0.00195,0.00132
21.10.2025 14:00:05.635 UTC,1.40406,1.40393,0.00195,0.00147
21.10.2025 14:00:05.687 UTC,1.40408,1.40395,0.00144,0.00342
21.10.2025 14:00:05.739 UTC,1.40409,1.40396,0.00135,0.00192
21.10.2025 14:00:05.844 UTC,1.40408,1.40395,0.00294,0.00237
21.10.2025 14:00:05.897 UTC,1.40407,1.40394,0.0018,0.00132
21.10.2025 14:00:05.949 UTC,1.40402,1.40394,0.00315,0.00132
21.10.2025 14:00:06.154 UTC,1.40401,1.40394,0.00315,0.00189
21.10.2025 14:00:06.257 UTC,1.40401,1.40394,0.00315,0.00132
21.10.2025 14:00:06.872 UTC,1.40402,1.40393,0.00315,0.00132
21.10.2025 14:00:07.228 UTC,1.40405,1.40392,0.00294,0.00132
21.10.2025 14:00:07.940 UTC,1.40404,1.40392,0.00135,0.0012
21.10.2025 14:00:08.044 UTC,1.40403,1.40391,0.0018,0.0012
21.10.2025 14:00:08.960 UTC,1.40404,1.40392,0.0018,0.00132
21.10.2025 14:00:09.268 UTC,1.40404,1.40391,0.00294,0.00132
21.10.2025 14:00:09.371 UTC,1.40405,1.40392,0.00249,0.00234
21.10.2025 14:00:10.086 UTC,1.40405,1.40393,0.00192,0.00132
21.10.2025 14:00:10.240 UTC,1.40405,1.40395,0.00204,0.00132
21.10.2025 14:00:10.343 UTC,1.40407,1.40395,0.00279,0.00132
21.10.2025 14:00:10.448 UTC,1.40407,1.40395,0.00207,0.00132
21.10.2025 14:00:10.551 UTC,1.40406,1.40394,0.00144,0.00132
21.10.2025 14:00:10.654 UTC,1.40406,1.40394,0.00204,0.00132
21.10.2025 14:00:12.129 UTC,1.40402,1.40393,0.00132,0.0012
21.10.2025 14:00:12.233 UTC,1.40402,1.40392,0.00144,0.00132
21.10.2025 14:00:15.272 UTC,1.40402,1.4039,0.0012,0.00132
21.10.2025 14:00:15.936 UTC,1.40401,1.40391,0.00135,0.00132
21.10.2025 14:00:17.357 UTC,1.40402,1.40389,0.00294,0.00147
21.10.2025 14:00:18.321 UTC,1.40398,1.40388,0.0012,0.00132
21.10.2025 14:00:18.424 UTC,1.40399,1.40386,0.00135,0.00192
21.10.2025 14:00:18.834 UTC,1.40397,1.40385,0.0012,0.0012
21.10.2025 14:00:18.939 UTC,1.40396,1.40383,0.00225,0.00192
21.10.2025 14:00:19.196 UTC,1.40395,1.40383,0.00375,0.00132
21.10.2025 14:00:19.454 UTC,1.40395,1.40385,0.0018,0.00132
21.10.2025 14:00:19.557 UTC,1.40396,1.40385,0.00375,0.00132
21.10.2025 14:00:20.472 UTC,1.40397,1.40384,0.00375,0.00147
21.10.2025 14:00:21.636 UTC,1.40397,1.40384,0.00285,0.00132
21.10.2025 14:00:22.297 UTC,1.40394,1.40383,0.0012,0.0018
21.10.2025 14:00:22.400 UTC,1.40393,1.40384,0.0018,0.0012
21.10.2025 14:00:22.503 UTC,1.40395,1.40383,0.00285,0.0012
21.10.2025 14:00:22.860 UTC,1.40396,1.40383,0.0018,0.00234
21.10.2025 14:00:23.064 UTC,1.40397,1.40384,0.00285,0.0012
21.10.2025 14:00:23.371 UTC,1.40396,1.40385,0.0027,0.00135
21.10.2025 14:00:23.524 UTC,1.40395,1.40385,0.0012,0.00135
21.10.2025 14:00:24.290 UTC,1.40395,1.40384,0.00339,0.0027
21.10.2025 14:00:26.114 UTC,1.40395,1.40384,0.00279,0.0018
21.10.2025 14:00:26.216 UTC,1.40395,1.40384,0.00294,0.0027
21.10.2025 14:00:27.081 UTC,1.40395,1.40384,0.0012,0.0012
21.10.2025 14:00:27.185 UTC,1.40396,1.40386,0.00195,0.0012
21.10.2025 14:00:27.338 UTC,1.40397,1.40386,0.00195,0.0012
21.10.2025 14:00:27.492 UTC,1.40398,1.40388,0.00195,0.00132
21.10.2025 14:00:27.545 UTC,1.40401,1.40393,0.0012,0.00132
21.10.2025 14:00:27.650 UTC,1.40404,1.40396,0.0012,0.00132
21.10.2025 14:00:27.703 UTC,1.40408,1.404,0.0018,0.00132
21.10.2025 14:00:27.755 UTC,1.40414,1.40403,0.00225,0.00132
21.10.2025 14:00:27.806 UTC,1.40411,1.40402,0.0024,0.0012
21.10.2025 14:00:27.910 UTC,1.4041,1.40401,0.0018,0.00132
21.10.2025 14:00:28.014 UTC,1.4041,1.40402,0.0018,0.0012
21.10.2025 14:00:28.172 UTC,1.40408,1.40399,0.0012,0.0012
21.10.2025 14:00:28.289 UTC,1.4041,1.404,0.0018,0.0012
21.10.2025 14:00:28.341 UTC,1.40411,1.404,0.0012,0.0012
21.10.2025 14:00:28.496 UTC,1.40412,1.40401,0.0012,0.0012
21.10.2025 14:00:28.549 UTC,1.40415,1.40405,0.00195,0.0012
21.10.2025 14:00:28.602 UTC,1.40416,1.40405,0.0018,0.0012
21.10.2025 14:00:28.706 UTC,1.40416,1.40405,0.0012,0.0012
21.10.2025 14:00:28.810 UTC,1.40416,1.40404,0.00195,0.0012
21.10.2025 14:00:28.964 UTC,1.40413,1.40404,0.00195,0.0012
21.10.2025 14:00:29.220 UTC,1.40413,1.40404,0.0012,0.00132
21.10.2025 14:00:29.324 UTC,1.40413,1.40402,0.00195,0.00132
21.10.2025 14:00:29.427 UTC,1.4041,1.40402,0.00135,0.00132
21.10.2025 14:00:29.530 UTC,1.40409,1.40401,0.0012,0.00132
21.10.2025 14:00:29.633 UTC,1.40409,1.40399,0.0012,0.00132
21.10.2025 14:00:29.735 UTC,1.40409,1.404,0.00135,0.00132
21.10.2025 14:00:29.839 UTC,1.40409,1.40398,0.00135,0.0012
21.10.2025 14:00:29.942 UTC,1.40408,1.40398,0.00135,0.0012
21.10.2025 14:00:30.349 UTC,1.4041,1.404,0.0012,0.00279
21.10.2025 14:00:30.452 UTC,1.4041,1.404,0.0012,0.00132
21.10.2025 14:00:30.555 UTC,1.40411,1.404,0.0012,0.0012
21.10.2025 14:00:30.658 UTC,1.40409,1.404,0.0012,0.0012
21.10.2025 14:00:30.760 UTC,1.40409,1.40399,0.0012,0.0012
21.10.2025 14:00:31.015 UTC,1.4041,1.40399,0.0018,0.00132
21.10.2025 14:00:31.574 UTC,1.40411,1.404,0.0012,0.00132
21.10.2025 14:00:31.984 UTC,1.40411,1.404,0.0018,0.00132
21.10.2025 14:00:32.392 UTC,1.40411,1.40401,0.0012,0.00132
21.10.2025 14:00:32.496 UTC,1.40412,1.404,0.0012,0.00132
21.10.2025 14:00:32.802 UTC,1.40411,1.40401,0.0012,0.00132
21.10.2025 14:00:33.009 UTC,1.40414,1.40404,0.0012,0.0012
21.10.2025 14:00:33.113 UTC,1.40413,1.40405,0.00195,0.0012
21.10.2025 14:00:33.217 UTC,1.40414,1.40403,0.00285,0.0012
21.10.2025 14:00:33.814 UTC,1.40415,1.40404,0.0012,0.0012
21.10.2025 14:00:33.870 UTC,1.40415,1.40404,0.00189,0.0012
21.10.2025 14:00:33.973 UTC,1.40415,1.40404,0.00204,0.0012
21.10.2025 14:00:34.075 UTC,1.40416,1.40406,0.00195,0.0012
21.10.2025 14:00:34.178 UTC,1.40415,1.40407,0.0012,0.0012
21.10.2025 14:00:34.281 UTC,1.40413,1.40407,0.00135,0.0012
21.10.2025 14:00:34.334 UTC,1.40422,1.40409,0.00192,0.00132
21.10.2025 14:00:34.437 UTC,1.40422,1.40409,0.0018,0.00132
21.10.2025 14:00:34.848 UTC,1.40421,1.40409,0.0012,0.00132
21.10.2025 14:00:34.950 UTC,1.40422,1.40409,0.00285,0.00132
21.10.2025 14:00:35.054 UTC,1.40421,1.40411,0.00195,0.00132
21.10.2025 14:00:35.207 UTC,1.40421,1.40409,0.0012,0.0012
21.10.2025 14:00:35.967 UTC,1.4042,1.4041,0.0012,0.0012
21.10.2025 14:00:36.122 UTC,1.40421,1.4041,0.0012,0.0012
21.10.2025 14:00:36.173 UTC,1.40419,1.4041,0.0042,0.0012
21.10.2025 14:00:36.379 UTC,1.40419,1.40409,0.0042,0.0012
21.10.2025 14:00:36.939 UTC,1.40419,1.4041,0.0042,0.0012
21.10.2025 14:00:37.094 UTC,1.40418,1.4041,0.0042,0.0012
21.10.2025 14:00:37.860 UTC,1.40419,1.40411,0.0042,0.0012
21.10.2025 14:00:37.912 UTC,1.40419,1.40408,0.0042,0.00252
21.10.2025 14:00:38.121 UTC,1.40419,1.40409,0.0042,0.00147
21.10.2025 14:00:38.377 UTC,1.40424,1.40413,0.0012,0.0012
21.10.2025 14:00:39.035 UTC,1.40425,1.40413,0.00132,0.0012
21.10.2025 14:00:39.590 UTC,1.40425,1.40413,0.00213,0.0012
21.10.2025 14:00:40.066 UTC,1.40419,1.40412,0.0036,0.0012
21.10.2025 14:00:40.119 UTC,1.40418,1.40411,0.0036,0.0012
21.10.2025 14:00:41.032 UTC,1.40418,1.40409,0.0045,0.0012
21.10.2025 14:00:41.134 UTC,1.40418,1.40409,0.0051,0.0012
21.10.2025 14:00:41.390 UTC,1.40419,1.40409,0.0042,0.0012
21.10.2025 14:00:41.443 UTC,1.40418,1.40412,0.0036,0.0012
21.10.2025 14:00:41.597 UTC,1.40419,1.40412,0.0036,0.0012
21.10.2025 14:00:41.700 UTC,1.40418,1.4041,0.0036,0.0012
21.10.2025 14:00:43.176 UTC,1.40418,1.40413,0.0036,0.0012
21.10.2025 14:00:43.228 UTC,1.40423,1.40414,0.0024,0.0012
21.10.2025 14:00:43.383 UTC,1.40424,1.40414,0.0012,0.0012
21.10.2025 14:00:44.094 UTC,1.40419,1.40412,0.0036,0.0012
21.10.2025 14:00:46.164 UTC,1.40422,1.40412,0.0012,0.0012
21.10.2025 14:00:46.782 UTC,1.40423,1.40412,0.00195,0.0012
21.10.2025 14:00:47.343 UTC,1.40423,1.40413,0.0018,0.0012
21.10.2025 14:00:47.447 UTC,1.40423,1.40415,0.0018,0.0012
21.10.2025 14:00:47.550 UTC,1.40424,1.40415,0.0012,0.0012
21.10.2025 14:00:47.653 UTC,1.40424,1.40416,0.0012,0.0012
21.10.2025 14:00:47.756 UTC,1.40424,1.40415,0.0012,0.0012
21.10.2025 14:00:47.859 UTC,1.40424,1.40414,0.00135,0.0012
21.10.2025 14:00:48.672 UTC,1.40426,1.40415,0.00204,0.0012
21.10.2025 14:00:48.775 UTC,1.40424,1.40416,0.0012,0.0012
21.10.2025 14:00:48.878 UTC,1.40425,1.40414,0.00189,0.0012
21.10.2025 14:00:49.082 UTC,1.40425,1.40414,0.00204,0.0012
21.10.2025 14:00:49.337 UTC,1.40425,1.40416,0.00189,0.0012
21.10.2025 14:00:49.694 UTC,1.40425,1.40415,0.0012,0.0012
21.10.2025 14:00:49.952 UTC,1.40427,1.40415,0.00132,0.0012
21.10.2025 14:00:50.004 UTC,1.40428,1.40417,0.00204,0.0012
21.10.2025 14:00:50.209 UTC,1.40427,1.40417,0.0018,0.0012
21.10.2025 14:00:53.140 UTC,1.40425,1.40416,0.00132,0.0012
21.10.2025 14:00:55.167 UTC,1.40421,1.40415,0.00192,0.0012
21.10.2025 14:00:55.220 UTC,1.4042,1.4041,0.00132,0.0012
21.10.2025 14:00:55.476 UTC,1.40419,1.4041,0.00234,0.0012
21.10.2025 14:00:57.094 UTC,1.40422,1.4041,0.00207,0.0012
21.10.2025 14:00:57.199 UTC,1.40422,1.40413,0.00204,0.0012
21.10.2025 14:01:01.215 UTC,1.40424,1.40413,0.0012,0.00132
21.10.2025 14:01:01.268 UTC,1.40425,1.40416,0.0012,0.00132
21.10.2025 14:01:04.053 UTC,1.40424,1.40414,0.0012,0.0012
21.10.2025 14:01:04.197 UTC,1.40424,1.40415,0.00195,0.0012
21.10.2025 14:01:05.117 UTC,1.40422,1.40413,0.00225,0.0012
21.10.2025 14:01:05.169 UTC,1.40421,1.40409,0.0012,0.0012
21.10.2025 14:01:05.272 UTC,1.4042,1.40409,0.00135,0.0012
21.10.2025 14:01:06.079 UTC,1.40419,1.40407,0.0012,0.00132
21.10.2025 14:01:06.234 UTC,1.40419,1.40407,0.0018,0.0012
21.10.2025 14:01:08.258 UTC,1.40416,1.40408,0.0018,0.0012
21.10.2025 14:01:08.772 UTC,1.4042,1.4041,0.00225,0.00132
21.10.2025 14:01:08.875 UTC,1.40421,1.4041,0.0012,0.0012
21.10.2025 14:01:09.283 UTC,1.40424,1.40411,0.00465,0.00132
21.10.2025 14:01:09.387 UTC,1.40424,1.40414,0.0024,0.0012
21.10.2025 14:01:09.440 UTC,1.40424,1.40415,0.00225,0.0012
21.10.2025 14:01:10.827 UTC,1.40423,1.40417,0.0018,0.0012
21.10.2025 14:01:11.083 UTC,1.40423,1.40418,0.0018,0.0012
21.10.2025 14:01:11.496 UTC,1.40431,1.40419,0.0018,0.00132
21.10.2025 14:01:12.256 UTC,1.40434,1.40423,0.00195,0.0012
21.10.2025 14:01:12.359 UTC,1.40435,1.40424,0.0012,0.00132
21.10.2025 14:01:12.463 UTC,1.40436,1.40426,0.0018,0.00132
21.10.2025 14:01:12.667 UTC,1.40437,1.40425,0.0018,0.00132
21.10.2025 14:01:13.073 UTC,1.40436,1.40426,0.0018,0.00132
21.10.2025 14:01:13.125 UTC,1.40438,1.40429,0.0018,0.0012
21.10.2025 14:01:13.229 UTC,1.40442,1.40429,0.0024,0.0012
21.10.2025 14:01:13.333 UTC,1.40443,1.40434,0.0018,0.0012
21.10.2025 14:01:13.436 UTC,1.40443,1.40435,0.0012,0.0012
21.10.2025 14:01:13.946 UTC,1.40442,1.40432,0.0012,0.00132
21.10.2025 14:01:14.049 UTC,1.40443,1.40432,0.0024,0.0012
21.10.2025 14:01:14.192 UTC,1.40442,1.40433,0.00135,0.00132
21.10.2025 14:01:14.297 UTC,1.40443,1.40432,0.00135,0.0012
21.10.2025 14:01:14.906 UTC,1.40443,1.40431,0.0027,0.0012
21.10.2025 14:01:14.958 UTC,1.40441,1.4043,0.00132,0.0018
21.10.2025 14:01:15.010 UTC,1.40439,1.40427,0.0012,0.00135
21.10.2025 14:01:15.114 UTC,1.40437,1.40425,0.0018,0.00132
21.10.2025 14:01:15.216 UTC,1.40437,1.40425,0.00252,0.0012
21.10.2025 14:01:16.230 UTC,1.40432,1.40425,0.00147,0.0012
21.10.2025 14:01:16.282 UTC,1.40433,1.40419,0.00132,0.00135
21.10.2025 14:01:16.436 UTC,1.40433,1.40421,0.00132,0.00135
21.10.2025 14:01:16.489 UTC,1.40434,1.40422,0.00207,0.0012
21.10.2025 14:01:16.592 UTC,1.40435,1.40424,0.00297,0.0018
21.10.2025 14:01:16.796 UTC,1.40436,1.40424,0.00132,0.0012
21.10.2025 14:01:18.472 UTC,1.40431,1.40423,0.0012,0.0012
21.10.2025 14:01:18.524 UTC,1.4043,1.40418,0.00132,0.0018
21.10.2025 14:01:18.627 UTC,1.40431,1.40418,0.00252,0.0012
21.10.2025 14:01:18.781 UTC,1.4043,1.40417,0.00192,0.0012
21.10.2025 14:01:18.833 UTC,1.40431,1.40418,0.00147,0.0012
21.10.2025 14:01:19.393 UTC,1.40431,1.40418,0.00372,0.0012
21.10.2025 14:01:19.850 UTC,1.40429,1.40416,0.00237,0.00135
21.10.2025 14:01:19.953 UTC,1.40426,1.40416,0.00207,0.0012
21.10.2025 14:01:20.158 UTC,1.40425,1.40413,0.00252,0.0012
21.10.2025 14:01:20.210 UTC,1.40425,1.40413,0.00249,0.0012
21.10.2025 14:01:20.382 UTC,1.40424,1.40411,0.00297,0.0012
21.10.2025 14:01:20.537 UTC,1.40425,1.40413,0.00132,0.0012
21.10.2025 14:01:20.640 UTC,1.40426,1.40415,0.00297,0.0018
21.10.2025 14:01:20.742 UTC,1.40426,1.40415,0.00387,0.0018
21.10.2025 14:01:21.098 UTC,1.40425,1.40413,0.00132,0.0012
21.10.2025 14:01:21.201 UTC,1.40423,1.40413,0.00132,0.0018
21.10.2025 14:01:21.558 UTC,1.40422,1.4041,0.00192,0.0012
21.10.2025 14:01:21.663 UTC,1.40419,1.40406,0.00147,0.0012
21.10.2025 14:01:21.970 UTC,1.40419,1.40406,0.00192,0.0012
21.10.2025 14:01:22.072 UTC,1.40419,1.40409,0.00147,0.0012
21.10.2025 14:01:22.175 UTC,1.4042,1.40408,0.00147,0.0012
21.10.2025 14:01:22.685 UTC,1.40419,1.40407,0.00132,0.0012
21.10.2025 14:01:24.400 UTC,1.40418,1.40408,0.00207,0.0012
21.10.2025 14:01:25.058 UTC,1.40418,1.40407,0.00132,0.0012
21.10.2025 14:01:25.268 UTC,1.40413,1.40401,0.00282,0.0018
21.10.2025 14:01:25.372 UTC,1.40412,1.40402,0.00192,0.00135
21.10.2025 14:01:25.576 UTC,1.40411,1.40402,0.00132,0.00135
21.10.2025 14:01:25.731 UTC,1.40411,1.40399,0.00132,0.0012
21.10.2025 14:01:25.833 UTC,1.4041,1.404,0.00132,0.0012
21.10.2025 14:01:26.290 UTC,1.40411,1.40398,0.00132,0.0012
21.10.2025 14:01:26.647 UTC,1.40409,1.40397,0.00132,0.0018
21.10.2025 14:01:27.108 UTC,1.40408,1.40398,0.00132,0.0012
21.10.2025 14:01:27.211 UTC,1.40409,1.40396,0.00132,0.0018
21.10.2025 14:01:27.314 UTC,1.40408,1.40396,0.00132,0.0018
21.10.2025 14:01:28.076 UTC,1.40411,1.40398,0.00132,0.0012
21.10.2025 14:01:28.179 UTC,1.40411,1.40398,0.00297,0.0012
21.10.2025 14:01:28.436 UTC,1.40409,1.40398,0.00132,0.0012
21.10.2025 14:01:29.448 UTC,1.40409,1.40396,0.00207,0.0018
21.10.2025 14:01:29.500 UTC,1.40407,1.40397,0.00192,0.0012
21.10.2025 14:01:29.756 UTC,1.40406,1.40397,0.00207,0.0012
21.10.2025 14:01:29.961 UTC,1.40406,1.40397,0.00204,0.0012
21.10.2025 14:01:30.880 UTC,1.40408,1.40396,0.00207,0.0012
21.10.2025 14:01:30.987 UTC,1.4041,1.40399,0.00192,0.0012
21.10.2025 14:01:32.055 UTC,1.4041,1.404,0.00132,0.0012
21.10.2025 14:01:32.208 UTC,1.40411,1.40398,0.00387,0.0012
21.10.2025 14:01:32.514 UTC,1.4041,1.40398,0.00132,0.0012
21.10.2025 14:01:33.220 UTC,1.4041,1.40398,0.00207,0.0012
21.10.2025 14:01:33.323 UTC,1.40409,1.40397,0.00132,0.0012
21.10.2025 14:01:33.526 UTC,1.40408,1.40396,0.00132,0.00135
21.10.2025 14:01:34.336 UTC,1.40408,1.40396,0.00147,0.00225
21.10.2025 14:01:34.440 UTC,1.40406,1.40397,0.00132,0.0012
21.10.2025 14:01:34.949 UTC,1.40406,1.40396,0.00192,0.0012
21.10.2025 14:01:36.519 UTC,1.40403,1.40391,0.00132,0.0012
21.10.2025 14:01:36.622 UTC,1.404,1.40389,0.0012,0.0018
21.10.2025 14:01:36.673 UTC,1.40401,1.40388,0.0012,0.0012
21.10.2025 14:01:37.286 UTC,1.40403,1.40389,0.00192,0.00234
21.10.2025 14:01:37.579 UTC,1.40401,1.40389,0.00189,0.00135
21.10.2025 14:01:38.388 UTC,1.40402,1.40388,0.00189,0.00192
21.10.2025 14:01:38.644 UTC,1.40402,1.40389,0.00135,0.00249
21.10.2025 14:01:38.798 UTC,1.40404,1.40391,0.00192,0.00135
21.10.2025 14:01:38.901 UTC,1.40403,1.40392,0.00132,0.00144
21.10.2025 14:01:39.207 UTC,1.40404,1.40391,0.00132,0.00192
21.10.2025 14:01:39.818 UTC,1.40405,1.40392,0.00234,0.00135
21.10.2025 14:01:40.327 UTC,1.40405,1.40392,0.00192,0.00135
21.10.2025 14:01:41.293 UTC,1.40405,1.40392,0.00132,0.00147
21.10.2025 14:01:41.397 UTC,1.40407,1.40393,0.00192,0.00168
21.10.2025 14:01:41.499 UTC,1.40407,1.40393,0.00192,0.00234
21.10.2025 14:01:41.601 UTC,1.40407,1.40393,0.00144,0.00234
21.10.2025 14:01:41.755 UTC,1.40407,1.40393,0.00144,0.00168
21.10.2025 14:01:41.960 UTC,1.40406,1.40394,0.00207,0.00132
21.10.2025 14:01:42.626 UTC,1.40406,1.40394,0.00207,0.00192
21.10.2025 14:01:43.641 UTC,1.40403,1.4039,0.00144,0.00249
21.10.2025 14:01:43.897 UTC,1.40403,1.4039,0.0012,0.00147
21.10.2025 14:01:44.051 UTC,1.40405,1.40391,0.00192,0.00342
21.10.2025 14:01:44.204 UTC,1.40404,1.40392,0.00132,0.00342
21.10.2025 14:01:44.511 UTC,1.40404,1.40392,0.0012,0.0018
21.10.2025 14:01:45.168 UTC,1.40404,1.40391,0.00189,0.00132
21.10.2025 14:01:45.373 UTC,1.40404,1.40389,0.00144,0.00261
21.10.2025 14:01:45.527 UTC,1.40403,1.40389,0.00147,0.00132
21.10.2025 14:01:45.632 UTC,1.40401,1.40387,0.00237,0.0012
21.10.2025 14:01:45.684 UTC,1.40399,1.40384,0.00132,0.00354
21.10.2025 14:01:45.838 UTC,1.40397,1.40386,0.0012,0.00147
21.10.2025 14:01:45.942 UTC,1.40396,1.40385,0.0012,0.00192
21.10.2025 14:01:46.045 UTC,1.40398,1.40385,0.0012,0.00264
21.10.2025 14:01:46.400 UTC,1.40398,1.40386,0.00144,0.00444
21.10.2025 14:01:46.808 UTC,1.40399,1.40387,0.00132,0.0012
21.10.2025 14:01:47.115 UTC,1.40399,1.40389,0.0018,0.00135
21.10.2025 14:01:47.219 UTC,1.40402,1.40392,0.0012,0.00144
21.10.2025 14:01:47.323 UTC,1.40405,1.40392,0.0012,0.00144
21.10.2025 14:01:47.425 UTC,1.40406,1.40392,0.00135,0.00144
21.10.2025 14:01:47.681 UTC,1.40405,1.40393,0.00135,0.00108
21.10.2025 14:01:47.783 UTC,1.40406,1.40392,0.00135,0.00144
21.10.2025 14:01:47.988 UTC,1.40406,1.40392,0.00144,0.00108
21.10.2025 14:01:48.300 UTC,1.40406,1.40391,0.00135,0.00393
21.10.2025 14:01:48.508 UTC,1.40403,1.40391,0.0012,0.00159
21.10.2025 14:01:48.613 UTC,1.40401,1.40387,0.0012,0.00624
21.10.2025 14:01:48.978 UTC,1.40401,1.40391,0.00135,0.00144
21.10.2025 14:01:49.238 UTC,1.40401,1.40388,0.0012,0.00204
21.10.2025 14:01:49.290 UTC,1.404,1.40389,0.00135,0.00153
21.10.2025 14:01:49.392 UTC,1.404,1.40388,0.00135,0.00204
21.10.2025 14:01:49.494 UTC,1.40401,1.40387,0.00135,0.00264
21.10.2025 14:01:49.596 UTC,1.40401,1.40387,0.00135,0.00354
21.10.2025 14:01:49.750 UTC,1.40401,1.40387,0.00135,0.00204
21.10.2025 14:01:49.852 UTC,1.404,1.40388,0.00135,0.00354
21.10.2025 14:01:50.056 UTC,1.40401,1.40387,0.00135,0.00273
21.10.2025 14:01:50.665 UTC,1.40401,1.40388,0.0012,0.00192
21.10.2025 14:01:50.921 UTC,1.40401,1.40389,0.0012,0.00192
21.10.2025 14:01:51.379 UTC,1.40401,1.40389,0.0012,0.00144
21.10.2025 14:01:51.786 UTC,1.40401,1.40388,0.0018,0.00144
21.10.2025 14:01:51.890 UTC,1.40398,1.40388,0.0012,0.00132
21.10.2025 14:01:51.992 UTC,1.40399,1.40387,0.0012,0.00192
21.10.2025 14:01:52.095 UTC,1.40398,1.40388,0.0012,0.00132
21.10.2025 14:01:52.199 UTC,1.40401,1.40391,0.0018,0.00192
21.10.2025 14:01:52.251 UTC,1.404,1.40389,0.00135,0.00192
21.10.2025 14:01:52.507 UTC,1.40401,1.40387,0.00135,0.00342
21.10.2025 14:01:53.116 UTC,1.40401,1.40388,0.00135,0.00192
21.10.2025 14:01:53.271 UTC,1.40399,1.40389,0.0012,0.00144
21.10.2025 14:01:54.185 UTC,1.40399,1.40387,0.0012,0.00189
21.10.2025 14:01:55.148 UTC,1.40399,1.40387,0.0012,0.00249
21.10.2025 14:01:55.250 UTC,1.40398,1.40388,0.0012,0.00144
21.10.2025 14:01:55.704 UTC,1.40397,1.40388,0.0012,0.00132
21.10.2025 14:01:56.060 UTC,1.40396,1.40387,0.0012,0.00132
21.10.2025 14:02:00.327 UTC,1.40394,1.40388,0.0012,0.0012
21.10.2025 14:02:00.431 UTC,1.40391,1.40381,0.0012,0.00144
21.10.2025 14:02:01.497 UTC,1.40392,1.40381,0.0012,0.00132
21.10.2025 14:02:01.904 UTC,1.40393,1.40381,0.00135,0.00192
21.10.2025 14:02:02.059 UTC,1.40392,1.4038,0.0012,0.00132
21.10.2025 14:02:02.161 UTC,1.40392,1.4038,0.00135,0.00192
21.10.2025 14:02:02.416 UTC,1.40392,1.40379,0.00135,0.00207
21.10.2025 14:02:02.521 UTC,1.40393,1.40381,0.0018,0.00132
21.10.2025 14:02:02.625 UTC,1.40394,1.40385,0.0012,0.0012
21.10.2025 14:02:06.229 UTC,1.40394,1.40383,0.0012,0.00135
21.10.2025 14:02:06.382 UTC,1.40394,1.4038,0.0012,0.00297
21.10.2025 14:02:06.485 UTC,1.40393,1.40382,0.00135,0.00297
21.10.2025 14:02:06.942 UTC,1.40393,1.40382,0.0012,0.00342
21.10.2025 14:02:07.248 UTC,1.40393,1.40383,0.0012,0.00144
21.10.2025 14:02:07.354 UTC,1.40396,1.40384,0.0012,0.00132
21.10.2025 14:02:08.120 UTC,1.40395,1.40385,0.0012,0.00132
21.10.2025 14:02:08.577 UTC,1.40396,1.40383,0.0012,0.00264
21.10.2025 14:02:08.681 UTC,1.40394,1.40384,0.0012,0.00204
21.10.2025 14:02:08.784 UTC,1.40395,1.40383,0.00135,0.00387
21.10.2025 14:02:08.950 UTC,1.40396,1.40384,0.0012,0.00432
21.10.2025 14:02:09.104 UTC,1.40397,1.40385,0.0012,0.00147
21.10.2025 14:02:09.259 UTC,1.40396,1.40386,0.0012,0.00132
21.10.2025 14:02:09.413 UTC,1.40396,1.40386,0.0012,0.00192
21.10.2025 14:02:09.972 UTC,1.40396,1.40385,0.0012,0.0012
21.10.2025 14:02:10.067 UTC,1.40394,1.40384,0.00135,0.0012
21.10.2025 14:02:10.173 UTC,1.40394,1.40382,0.00135,0.0018
21.10.2025 14:02:11.087 UTC,1.40394,1.40384,0.00135,0.0018
21.10.2025 14:02:11.190 UTC,1.40394,1.40383,0.00135,0.00192
21.10.2025 14:02:11.799 UTC,1.40395,1.40383,0.00135,0.00132
21.10.2025 14:02:11.903 UTC,1.40397,1.40388,0.0012,0.00132
21.10.2025 14:02:12.007 UTC,1.40397,1.40389,0.0012,0.0012
21.10.2025 14:02:12.517 UTC,1.40401,1.4039,0.0012,0.00189
21.10.2025 14:02:12.620 UTC,1.40402,1.4039,0.00135,0.0018
21.10.2025 14:02:12.774 UTC,1.40397,1.4039,0.0012,0.0012
21.10.2025 14:02:13.436 UTC,1.40397,1.40389,0.0012,0.0018
21.10.2025 14:02:13.641 UTC,1.40404,1.40391,0.0018,0.00135
21.10.2025 14:02:13.745 UTC,1.40404,1.40391,0.0018,0.0018
21.10.2025 14:02:13.847 UTC,1.40404,1.40391,0.00135,0.0018
21.10.2025 14:02:13.898 UTC,1.40398,1.40392,0.0018,0.0018
21.10.2025 14:02:14.001 UTC,1.40398,1.40392,0.0018,0.00135
21.10.2025 14:02:14.207 UTC,1.40399,1.40391,0.0018,0.0018
21.10.2025 14:02:14.563 UTC,1.40399,1.40391,0.0018,0.00135
21.10.2025 14:02:14.717 UTC,1.40398,1.4039,0.0018,0.0033
21.10.2025 14:02:16.077 UTC,1.40399,1.40386,0.0018,0.00225
21.10.2025 14:02:16.129 UTC,1.40397,1.40384,0.0012,0.0069
21.10.2025 14:02:16.181 UTC,1.40397,1.40384,0.00135,0.00225
21.10.2025 14:02:16.284 UTC,1.40399,1.40386,0.0033,0.0012
21.10.2025 14:02:16.336 UTC,1.40399,1.40386,0.00315,0.0012
21.10.2025 14:02:16.388 UTC,1.40399,1.40388,0.00315,0.0012
21.10.2025 14:02:16.682 UTC,1.40398,1.40388,0.0033,0.0012
21.10.2025 14:02:16.843 UTC,1.40399,1.40386,0.00315,0.00225
21.10.2025 14:02:16.946 UTC,1.40399,1.40387,0.00315,0.00135
21.10.2025 14:02:17.251 UTC,1.40397,1.40387,0.0012,0.0024
21.10.2025 14:02:17.908 UTC,1.40399,1.40387,0.00315,0.00135
21.10.2025 14:02:18.214 UTC,1.40398,1.40389,0.0027,0.00135
21.10.2025 14:02:18.620 UTC,1.40397,1.40387,0.0012,0.0018
21.10.2025 14:02:18.722 UTC,1.40398,1.40386,0.0012,0.00135
21.10.2025 14:02:18.825 UTC,1.40397,1.40387,0.0012,0.0018
21.10.2025 14:02:19.181 UTC,1.40398,1.40386,0.00135,0.00135
21.10.2025 14:02:19.333 UTC,1.40397,1.40387,0.00135,0.0018
21.10.2025 14:02:19.739 UTC,1.40397,1.40387,0.0012,0.00135
21.10.2025 14:02:20.042 UTC,1.40399,1.40389,0.00315,0.00135
21.10.2025 14:02:20.552 UTC,1.40399,1.40388,0.0027,0.0012
21.10.2025 14:02:20.655 UTC,1.40399,1.40387,0.00315,0.00135
21.10.2025 14:02:20.809 UTC,1.40399,1.40387,0.0027,0.0018
21.10.2025 14:02:21.619 UTC,1.40398,1.4039,0.0018,0.00135
21.10.2025 14:02:21.927 UTC,1.40398,1.40388,0.0018,0.00285
21.10.2025 14:02:22.080 UTC,1.40399,1.40387,0.0018,0.00195
21.10.2025 14:02:22.790 UTC,1.40397,1.40387,0.0012,0.00195
21.10.2025 14:02:22.894 UTC,1.40397,1.40386,0.0012,0.0018
21.10.2025 14:02:23.004 UTC,1.40398,1.40387,0.0012,0.00135
21.10.2025 14:02:23.114 UTC,1.40398,1.40388,0.0012,0.00135
21.10.2025 14:02:23.267 UTC,1.40398,1.40388,0.0012,0.0018
21.10.2025 14:02:23.369 UTC,1.40397,1.40389,0.0012,0.00135
21.10.2025 14:02:23.472 UTC,1.40397,1.40389,0.0012,0.0018
21.10.2025 14:02:23.674 UTC,1.40398,1.40388,0.0012,0.00135
21.10.2025 14:02:24.480 UTC,1.40398,1.40388,0.0012,0.0018
21.10.2025 14:02:25.138 UTC,1.40397,1.40389,0.0012,0.00135
21.10.2025 14:02:25.240 UTC,1.40398,1.40388,0.0012,0.0018
21.10.2025 14:02:25.495 UTC,1.40399,1.40389,0.0012,0.00135
21.10.2025 14:02:26.661 UTC,1.40399,1.40389,0.0012,0.0018
21.10.2025 14:02:26.713 UTC,1.40401,1.40391,0.00135,0.00135
21.10.2025 14:02:26.765 UTC,1.404,1.40389,0.0012,0.00315
21.10.2025 14:02:31.843 UTC,1.40399,1.40389,0.0012,0.00135
21.10.2025 14:02:32.148 UTC,1.40398,1.40389,0.0012,0.00135
21.10.2025 14:02:33.809 UTC,1.40399,1.40388,0.0012,0.0018
21.10.2025 14:02:33.962 UTC,1.40399,1.40388,0.0012,0.00135
21.10.2025 14:02:34.214 UTC,1.40399,1.40388,0.0012,0.0018
21.10.2025 14:02:34.617 UTC,1.40399,1.40387,0.0012,0.0027
21.10.2025 14:02:34.720 UTC,1.40399,1.40388,0.0012,0.00135
21.10.2025 14:02:34.872 UTC,1.40399,1.40388,0.0012,0.0018
21.10.2025 14:02:35.176 UTC,1.40399,1.40388,0.0012,0.00135
21.10.2025 14:02:35.773 UTC,1.40399,1.40388,0.0012,0.0018
21.10.2025 14:02:35.880 UTC,1.404,1.40389,0.00135,0.00132
21.10.2025 14:02:36.992 UTC,1.404,1.40388,0.0012,0.00135
21.10.2025 14:02:37.196 UTC,1.40399,1.40388,0.0012,0.0018
21.10.2025 14:02:38.409 UTC,1.404,1.40389,0.0012,0.00144
21.10.2025 14:02:39.170 UTC,1.40399,1.40389,0.0012,0.0012
21.10.2025 14:02:43.257 UTC,1.40401,1.40389,0.00135,0.00132
21.10.2025 14:02:43.818 UTC,1.40402,1.40391,0.00135,0.00135
21.10.2025 14:02:43.922 UTC,1.40403,1.40391,0.00135,0.00144
21.10.2025 14:02:44.376 UTC,1.40402,1.40392,0.00135,0.00192
21.10.2025 14:02:45.238 UTC,1.40405,1.40393,0.0018,0.0012
21.10.2025 14:02:45.341 UTC,1.40405,1.40393,0.00135,0.0012
21.10.2025 14:02:45.647 UTC,1.40405,1.40391,0.00135,0.00192
21.10.2025 14:02:45.850 UTC,1.40404,1.40392,0.00135,0.00132
21.10.2025 14:02:46.105 UTC,1.40405,1.40391,0.00135,0.00249
21.10.2025 14:02:46.714 UTC,1.40404,1.40392,0.00285,0.00294
21.10.2025 14:02:46.817 UTC,1.40404,1.40391,0.0012,0.00144
21.10.2025 14:02:46.972 UTC,1.40405,1.40391,0.0018,0.00339
21.10.2025 14:02:47.075 UTC,1.40404,1.40392,0.00135,0.00342
21.10.2025 14:02:47.231 UTC,1.40405,1.40392,0.00135,0.00192
21.10.2025 14:02:49.509 UTC,1.40404,1.40392,0.00135,0.00342
21.10.2025 14:02:50.300 UTC,1.40404,1.40392,0.00135,0.00207
21.10.2025 14:02:50.402 UTC,1.40405,1.40391,0.00189,0.00252
21.10.2025 14:02:50.505 UTC,1.40404,1.4039,0.00225,0.00342
21.10.2025 14:02:50.608 UTC,1.40403,1.40392,0.0018,0.00147
21.10.2025 14:02:50.712 UTC,1.40402,1.40391,0.00135,0.00147
21.10.2025 14:02:50.814 UTC,1.40403,1.4039,0.0018,0.00147
21.10.2025 14:02:51.473 UTC,1.40403,1.4039,0.00135,0.00147
21.10.2025 14:02:52.080 UTC,1.40402,1.40391,0.0018,0.00192
21.10.2025 14:02:53.088 UTC,1.40402,1.40388,0.00297,0.00405
21.10.2025 14:02:53.193 UTC,1.40399,1.40389,0.00135,0.00189
21.10.2025 14:02:54.865 UTC,1.404,1.40389,0.00135,0.0042
21.10.2025 14:02:56.030 UTC,1.40403,1.40389,0.0024,0.00249
21.10.2025 14:02:56.132 UTC,1.40402,1.4039,0.00225,0.00249
21.10.2025 14:02:56.585 UTC,1.40402,1.4039,0.0027,0.00234
21.10.2025 14:02:56.738 UTC,1.40403,1.40389,0.00225,0.00249
21.10.2025 14:02:56.992 UTC,1.40403,1.40389,0.0027,0.00234
21.10.2025 14:02:57.196 UTC,1.40403,1.4039,0.00135,0.00135
21.10.2025 14:02:58.259 UTC,1.40403,1.40389,0.0027,0.00234
21.10.2025 14:02:58.563 UTC,1.40403,1.40389,0.0027,0.00249
21.10.2025 14:02:58.765 UTC,1.40403,1.40389,0.0027,0.00234
21.10.2025 14:02:59.167 UTC,1.40402,1.4039,0.0027,0.00249
21.10.2025 14:02:59.573 UTC,1.40404,1.40391,0.0018,0.00234
21.10.2025 14:02:59.829 UTC,1.40404,1.40391,0.0018,0.00249
21.10.2025 14:03:00.235 UTC,1.40404,1.40391,0.0018,0.00234
21.10.2025 14:03:00.793 UTC,1.40404,1.40391,0.0018,0.00252
21.10.2025 14:03:00.896 UTC,1.40404,1.40391,0.0018,0.00234
21.10.2025 14:03:01.100 UTC,1.40406,1.40392,0.00294,0.00144
21.10.2025 14:03:01.353 UTC,1.40406,1.40392,0.00294,0.00192
21.10.2025 14:03:02.717 UTC,1.40405,1.40392,0.0012,0.00144
21.10.2025 14:03:02.820 UTC,1.40405,1.40391,0.0018,0.00207
21.10.2025 14:03:03.225 UTC,1.40405,1.40391,0.00204,0.00249
21.10.2025 14:03:06.259 UTC,1.40403,1.40391,0.00285,0.00342
21.10.2025 14:03:06.920 UTC,1.40404,1.4039,0.0024,0.00207
21.10.2025 14:03:08.087 UTC,1.40404,1.40393,0.00192,0.0018
21.10.2025 14:03:08.189 UTC,1.40405,1.40392,0.00192,0.0018
21.10.2025 14:03:09.050 UTC,1.40405,1.40392,0.00207,0.00135
21.10.2025 14:03:10.462 UTC,1.40405,1.40392,0.0018,0.0033
21.10.2025 14:03:10.565 UTC,1.40404,1.40394,0.00144,0.00135
21.10.2025 14:03:10.667 UTC,1.40405,1.40393,0.00192,0.00135
21.10.2025 14:03:10.920 UTC,1.40405,1.40391,0.00294,0.0042
21.10.2025 14:03:11.022 UTC,1.40405,1.40391,0.00249,0.00375
21.10.2025 14:03:11.275 UTC,1.40405,1.40391,0.00294,0.0042
21.10.2025 14:03:11.578 UTC,1.40405,1.40391,0.00249,0.00375
21.10.2025 14:03:14.060 UTC,1.40404,1.40394,0.0018,0.0012
21.10.2025 14:03:14.163 UTC,1.40405,1.40393,0.0018,0.00135
21.10.2025 14:03:14.317 UTC,1.40405,1.40393,0.00135,0.00135
21.10.2025 14:03:15.230 UTC,1.40405,1.40393,0.00249,0.0018
21.10.2025 14:03:15.332 UTC,1.40404,1.40392,0.00249,0.00375
21.10.2025 14:03:16.127 UTC,1.40404,1.40392,0.00249,0.0042
21.10.2025 14:03:16.683 UTC,1.40404,1.40392,0.00249,0.00285
21.10.2025 14:03:17.796 UTC,1.40405,1.40392,0.00249,0.0012
21.10.2025 14:03:17.898 UTC,1.40405,1.40391,0.00144,0.0033
21.10.2025 14:03:18.457 UTC,1.40405,1.40392,0.00135,0.00195
21.10.2025 14:03:19.820 UTC,1.40404,1.40393,0.00135,0.0024
21.10.2025 14:03:19.922 UTC,1.40405,1.40393,0.00135,0.0012
21.10.2025 14:03:20.228 UTC,1.40405,1.40394,0.00135,0.00135
21.10.2025 14:03:20.383 UTC,1.40405,1.40391,0.00132,0.0051
21.10.2025 14:03:20.487 UTC,1.40404,1.40392,0.00144,0.00465
21.10.2025 14:03:20.538 UTC,1.40405,1.40391,0.00204,0.00465
21.10.2025 14:03:20.794 UTC,1.40404,1.40391,0.00132,0.0036
21.10.2025 14:03:21.600 UTC,1.40405,1.40391,0.00297,0.0024
21.10.2025 14:03:22.062 UTC,1.40404,1.40391,0.00192,0.00135
21.10.2025 14:03:23.023 UTC,1.40403,1.4039,0.00144,0.0024
21.10.2025 14:03:23.126 UTC,1.40402,1.4039,0.0012,0.00135
21.10.2025 14:03:23.229 UTC,1.40402,1.40391,0.0018,0.00135
21.10.2025 14:03:23.331 UTC,1.40401,1.40391,0.00135,0.0024
21.10.2025 14:03:23.434 UTC,1.40402,1.40392,0.0018,0.0018
21.10.2025 14:03:27.319 UTC,1.40403,1.40392,0.00144,0.00135
21.10.2025 14:03:34.231 UTC,1.40402,1.40393,0.00135,0.0024
21.10.2025 14:03:34.334 UTC,1.40403,1.40392,0.0012,0.00225
21.10.2025 14:03:35.698 UTC,1.40402,1.40393,0.0012,0.0018
21.10.2025 14:03:35.953 UTC,1.40403,1.40392,0.0012,0.00135
21.10.2025 14:03:36.214 UTC,1.40403,1.40392,0.0012,0.0018
21.10.2025 14:03:36.317 UTC,1.40403,1.40392,0.0012,0.00135
21.10.2025 14:03:36.624 UTC,1.40403,1.40392,0.0012,0.0018
21.10.2025 14:03:36.778 UTC,1.40403,1.40392,0.0012,0.00135
21.10.2025 14:03:40.264 UTC,1.40402,1.40392,0.00135,0.0018
21.10.2025 14:03:40.416 UTC,1.40403,1.40391,0.00135,0.0024
21.10.2025 14:03:40.521 UTC,1.40403,1.40391,0.00135,0.00225
21.10.2025 14:03:40.624 UTC,1.40402,1.40392,0.0012,0.00375
21.10.2025 14:03:40.726 UTC,1.40403,1.40392,0.00144,0.00375
21.10.2025 14:03:45.065 UTC,1.40401,1.40392,0.0012,0.00135
21.10.2025 14:03:45.168 UTC,1.40402,1.40389,0.0012,0.0024
21.10.2025 14:03:45.322 UTC,1.40401,1.40387,0.00297,0.00495
21.10.2025 14:03:45.427 UTC,1.40398,1.40386,0.0018,0.0018
21.10.2025 14:03:45.531 UTC,1.40397,1.40385,0.00135,0.0018
21.10.2025 14:03:45.887 UTC,1.40396,1.40383,0.00132,0.0018
21.10.2025 14:03:45.990 UTC,1.40395,1.40384,0.00132,0.0012
21.10.2025 14:03:46.756 UTC,1.40394,1.40383,0.00192,0.0018
21.10.2025 14:03:46.961 UTC,1.40394,1.40383,0.00252,0.0018
21.10.2025 14:03:47.064 UTC,1.40393,1.40383,0.00207,0.0012
21.10.2025 14:03:47.217 UTC,1.40394,1.40381,0.00207,0.0012
21.10.2025 14:03:47.926 UTC,1.40394,1.40381,0.00207,0.00135
21.10.2025 14:03:48.030 UTC,1.40395,1.40384,0.00207,0.00225
21.10.2025 14:03:48.185 UTC,1.40396,1.40383,0.00252,0.00315
21.10.2025 14:03:51.160 UTC,1.40396,1.40384,0.00192,0.0012
21.10.2025 14:03:53.530 UTC,1.40394,1.40384,0.00147,0.00225
21.10.2025 14:03:53.837 UTC,1.40392,1.40381,0.00327,0.0012
21.10.2025 14:03:54.144 UTC,1.40395,1.40383,0.00297,0.0012
21.10.2025 14:03:54.854 UTC,1.40394,1.40381,0.00192,0.0012
21.10.2025 14:03:54.956 UTC,1.40393,1.40382,0.00207,0.0012
21.10.2025 14:03:55.060 UTC,1.40394,1.40381,0.00207,0.0012
21.10.2025 14:03:55.163 UTC,1.40393,1.4038,0.00147,0.0012
21.10.2025 14:03:56.375 UTC,1.40395,1.40382,0.00297,0.0012
21.10.2025 14:03:56.479 UTC,1.40394,1.40381,0.00297,0.0018
21.10.2025 14:03:56.783 UTC,1.40391,1.40381,0.00132,0.0012
21.10.2025 14:03:56.990 UTC,1.40393,1.40381,0.00207,0.0012
21.10.2025 14:03:58.544 UTC,1.40392,1.40382,0.00207,0.0012
21.10.2025 14:03:59.800 UTC,1.40393,1.40379,0.00207,0.0033
21.10.2025 14:03:59.902 UTC,1.40393,1.40379,0.00387,0.0024
21.10.2025 14:04:00.005 UTC,1.4039,1.40379,0.00135,0.0051
21.10.2025 14:04:00.310 UTC,1.4039,1.40379,0.00144,0.00135
21.10.2025 14:04:00.414 UTC,1.40389,1.40376,0.00144,0.00315
21.10.2025 14:04:00.568 UTC,1.40391,1.40379,0.00192,0.00135
21.10.2025 14:04:00.670 UTC,1.40391,1.4038,0.00192,0.00225
21.10.2025 14:04:01.026 UTC,1.40391,1.4038,0.00192,0.0024
21.10.2025 14:04:01.230 UTC,1.40391,1.40378,0.00144,0.00315
21.10.2025 14:04:01.686 UTC,1.40391,1.40378,0.00144,0.0033
21.10.2025 14:04:01.788 UTC,1.4039,1.40379,0.00144,0.00315
21.10.2025 14:04:02.092 UTC,1.40391,1.40378,0.00135,0.0033
21.10.2025 14:04:02.347 UTC,1.40388,1.40377,0.0012,0.0012
21.10.2025 14:04:02.453 UTC,1.40387,1.40377,0.00192,0.0012
21.10.2025 14:04:02.759 UTC,1.40387,1.40374,0.00192,0.0027
21.10.2025 14:04:02.862 UTC,1.40386,1.40373,0.00144,0.00315
21.10.2025 14:04:03.621 UTC,1.40385,1.40374,0.00192,0.0027
21.10.2025 14:04:04.177 UTC,1.40386,1.40373,0.00135,0.00225
21.10.2025 14:04:04.329 UTC,1.40386,1.40374,0.00135,0.0012
21.10.2025 14:04:04.737 UTC,1.40385,1.40374,0.00135,0.00315
21.10.2025 14:04:04.990 UTC,1.40386,1.40373,0.00135,0.0033
21.10.2025 14:04:05.142 UTC,1.40387,1.40375,0.00135,0.00225
21.10.2025 14:04:07.012 UTC,1.40388,1.40375,0.00189,0.00225
21.10.2025 14:04:07.115 UTC,1.40388,1.40375,0.00204,0.00225
21.10.2025 14:04:08.074 UTC,1.40388,1.40375,0.00189,0.00225
21.10.2025 14:04:08.477 UTC,1.40387,1.40375,0.0012,0.00135
21.10.2025 14:04:09.397 UTC,1.40388,1.40377,0.00135,0.0012
21.10.2025 14:04:09.501 UTC,1.40392,1.4038,0.0018,0.0012
21.10.2025 14:04:09.552 UTC,1.40393,1.40381,0.0018,0.0012
21.10.2025 14:04:10.053 UTC,1.40392,1.4038,0.0018,0.0018
21.10.2025 14:04:10.307 UTC,1.40391,1.40377,0.00237,0.0012
21.10.2025 14:04:10.411 UTC,1.40388,1.40377,0.00135,0.0012
21.10.2025 14:04:10.766 UTC,1.40386,1.40376,0.00132,0.0018
21.10.2025 14:04:10.818 UTC,1.40386,1.40373,0.0012,0.0024
21.10.2025 14:04:10.921 UTC,1.40385,1.40374,0.00135,0.00135
21.10.2025 14:04:11.023 UTC,1.40385,1.40375,0.00135,0.00135
21.10.2025 14:04:11.279 UTC,1.40385,1.40375,0.0012,0.0018
21.10.2025 14:04:11.381 UTC,1.40386,1.40374,0.0012,0.00135
21.10.2025 14:04:11.887 UTC,1.40386,1.40374,0.0012,0.0018
21.10.2025 14:04:11.988 UTC,1.40386,1.40374,0.0012,0.00135
21.10.2025 14:04:12.190 UTC,1.40386,1.40374,0.0012,0.0018
21.10.2025 14:04:12.393 UTC,1.40385,1.40375,0.0012,0.00135
21.10.2025 14:04:12.950 UTC,1.40386,1.40374,0.0012,0.0018
21.10.2025 14:04:13.102 UTC,1.40386,1.40374,0.0012,0.0012
21.10.2025 14:04:14.016 UTC,1.40387,1.40374,0.00189,0.00135
21.10.2025 14:04:14.118 UTC,1.40387,1.40374,0.00144,0.0018
21.10.2025 14:04:14.222 UTC,1.40386,1.40374,0.00279,0.00315
21.10.2025 14:04:14.324 UTC,1.40387,1.40373,0.00294,0.00315
21.10.2025 14:04:14.827 UTC,1.40387,1.40374,0.00204,0.00135
21.10.2025 14:04:17.942 UTC,1.40387,1.40374,0.00249,0.0018
21.10.2025 14:04:18.044 UTC,1.40387,1.40374,0.0024,0.0012
21.10.2025 14:04:18.150 UTC,1.40387,1.40374,0.00135,0.00195
21.10.2025 14:04:18.201 UTC,1.40386,1.40375,0.00279,0.00225
21.10.2025 14:04:18.354 UTC,1.40387,1.40374,0.00234,0.0024
21.10.2025 14:04:18.457 UTC,1.40387,1.40374,0.00294,0.00225
21.10.2025 14:04:19.263 UTC,1.40386,1.40375,0.00249,0.0024
21.10.2025 14:04:19.365 UTC,1.40387,1.40374,0.00249,0.00225
21.10.2025 14:04:21.124 UTC,1.40387,1.40374,0.00249,0.0024
21.10.2025 14:04:22.179 UTC,1.40387,1.40374,0.00294,0.00225
21.10.2025 14:04:22.432 UTC,1.40387,1.40374,0.00249,0.0024
21.10.2025 14:04:22.534 UTC,1.40387,1.40374,0.00249,0.00225
21.10.2025 14:04:23.192 UTC,1.40387,1.40375,0.00192,0.00135
21.10.2025 14:04:23.599 UTC,1.40392,1.40382,0.00135,0.0027
21.10.2025 14:04:23.652 UTC,1.40398,1.40386,0.0012,0.0027
21.10.2025 14:04:23.703 UTC,1.404,1.4039,0.0018,0.0012
21.10.2025 14:04:24.513 UTC,1.40398,1.40388,0.00132,0.0012
21.10.2025 14:04:24.566 UTC,1.40392,1.40387,0.0018,0.00135
21.10.2025 14:04:24.929 UTC,1.404,1.40387,0.00207,0.0018
21.10.2025 14:04:25.083 UTC,1.404,1.40389,0.00204,0.00225
21.10.2025 14:04:25.591 UTC,1.404,1.40389,0.00192,0.0024
21.10.2025 14:04:25.643 UTC,1.40396,1.40388,0.0012,0.0012
21.10.2025 14:04:25.796 UTC,1.40396,1.40386,0.0012,0.00135
21.10.2025 14:04:26.101 UTC,1.40396,1.40386,0.0012,0.0018
21.10.2025 14:04:26.357 UTC,1.40396,1.40386,0.0012,0.0012
21.10.2025 14:04:26.409 UTC,1.40394,1.40385,0.0012,0.00135
21.10.2025 14:04:26.514 UTC,1.40392,1.40382,0.0012,0.0018
21.10.2025 14:04:26.718 UTC,1.40393,1.40381,0.00132,0.0018
21.10.2025 14:04:26.770 UTC,1.40388,1.4038,0.0012,0.0012
21.10.2025 14:04:26.872 UTC,1.40388,1.40379,0.0012,0.0018
21.10.2025 14:04:27.175 UTC,1.40388,1.4038,0.0012,0.0012
21.10.2025 14:04:27.328 UTC,1.40388,1.40379,0.0012,0.00225
21.10.2025 14:04:27.989 UTC,1.40388,1.40379,0.0012,0.0024
21.10.2025 14:04:28.444 UTC,1.40388,1.40376,0.0012,0.0036
21.10.2025 14:04:28.548 UTC,1.40387,1.40376,0.0012,0.00135
21.10.2025 14:04:28.802 UTC,1.40388,1.40377,0.0012,0.00135
21.10.2025 14:04:28.906 UTC,1.40389,1.40378,0.0012,0.0012
21.10.2025 14:04:29.213 UTC,1.40388,1.40379,0.0012,0.0024
21.10.2025 14:04:29.819 UTC,1.4039,1.4038,0.0012,0.0012
21.10.2025 14:04:29.973 UTC,1.40389,1.4038,0.0012,0.00135
21.10.2025 14:04:30.125 UTC,1.4039,1.4038,0.0012,0.00135
21.10.2025 14:04:30.481 UTC,1.40391,1.40378,0.00234,0.0018
21.10.2025 14:04:30.583 UTC,1.40389,1.40379,0.00135,0.0018
21.10.2025 14:04:30.952 UTC,1.40389,1.40379,0.00135,0.0024
21.10.2025 14:04:31.107 UTC,1.4039,1.40378,0.00135,0.00225
21.10.2025 14:04:31.210 UTC,1.4039,1.40379,0.0012,0.00135
21.10.2025 14:04:31.465 UTC,1.40391,1.40379,0.00135,0.0018
21.10.2025 14:04:32.125 UTC,1.40391,1.40383,0.00135,0.00225
21.10.2025 14:04:32.279 UTC,1.40393,1.40382,0.0012,0.0018
21.10.2025 14:04:32.533 UTC,1.40394,1.40382,0.0012,0.00225
21.10.2025 14:04:32.636 UTC,1.40394,1.40383,0.0012,0.0012
21.10.2025 14:04:32.739 UTC,1.40393,1.40383,0.0012,0.00225
21.10.2025 14:04:33.954 UTC,1.40394,1.40382,0.0012,0.0024
21.10.2025 14:04:36.322 UTC,1.40393,1.40381,0.0012,0.00465
21.10.2025 14:04:36.577 UTC,1.40393,1.40381,0.0012,0.0036
21.10.2025 14:04:36.891 UTC,1.40394,1.40383,0.00135,0.00225
21.10.2025 14:04:37.197 UTC,1.40393,1.40383,0.00132,0.00135
21.10.2025 14:04:37.757 UTC,1.40392,1.40383,0.0012,0.0018
21.10.2025 14:04:37.861 UTC,1.40395,1.40383,0.00192,0.0024
21.10.2025 14:04:38.014 UTC,1.40394,1.40384,0.00135,0.0024
21.10.2025 14:04:38.773 UTC,1.40395,1.40382,0.00144,0.00135
21.10.2025 14:04:38.925 UTC,1.40394,1.40383,0.00192,0.00135
21.10.2025 14:04:39.583 UTC,1.40394,1.40383,0.00192,0.0018
21.10.2025 14:04:39.838 UTC,1.40395,1.40382,0.00192,0.00135
21.10.2025 14:04:41.050 UTC,1.40395,1.40383,0.00192,0.0018
21.10.2025 14:04:41.203 UTC,1.40394,1.40384,0.00135,0.0018
21.10.2025 14:04:41.759 UTC,1.40395,1.40383,0.00135,0.00135
21.10.2025 14:04:42.012 UTC,1.40395,1.40383,0.00135,0.0018
21.10.2025 14:04:43.021 UTC,1.40395,1.40383,0.0012,0.00225
21.10.2025 14:04:43.180 UTC,1.40394,1.40384,0.0012,0.0024
21.10.2025 14:04:44.791 UTC,1.40395,1.40383,0.0012,0.00225
21.10.2025 14:04:44.894 UTC,1.40392,1.40383,0.0012,0.0012
21.10.2025 14:04:47.016 UTC,1.40393,1.40382,0.00135,0.0018
21.10.2025 14:04:47.118 UTC,1.40393,1.40382,0.00135,0.0012
21.10.2025 14:04:47.422 UTC,1.40393,1.40381,0.00135,0.0012
21.10.2025 14:04:47.526 UTC,1.40389,1.40378,0.00132,0.0018
21.10.2025 14:04:47.630 UTC,1.40387,1.40378,0.0012,0.0018
21.10.2025 14:04:47.784 UTC,1.40386,1.40374,0.0012,0.0012
21.10.2025 14:04:47.836 UTC,1.40385,1.40378,0.0012,0.0012
21.10.2025 14:04:47.887 UTC,1.40385,1.40376,0.0012,0.0012
21.10.2025 14:04:47.939 UTC,1.40384,1.40374,0.0012,0.0045
21.10.2025 14:04:48.044 UTC,1.40381,1.40373,0.0012,0.0036
21.10.2025 14:04:48.148 UTC,1.40379,1.40367,0.0012,0.00315
21.10.2025 14:04:48.302 UTC,1.40379,1.40368,0.0012,0.0012
21.10.2025 14:04:48.405 UTC,1.40378,1.40368,0.0012,0.0012
21.10.2025 14:04:48.456 UTC,1.40379,1.40372,0.0012,0.00135
21.10.2025 14:04:49.416 UTC,1.40381,1.40371,0.0012,0.00195
21.10.2025 14:04:49.519 UTC,1.4038,1.40371,0.0012,0.0018
21.10.2025 14:04:49.775 UTC,1.40379,1.40371,0.0012,0.0018
21.10.2025 14:04:51.347 UTC,1.4038,1.40372,0.0012,0.0018
21.10.2025 14:04:51.963 UTC,1.40378,1.40372,0.0012,0.0018
21.10.2025 14:04:52.522 UTC,1.40382,1.40374,0.0012,0.00132
21.10.2025 14:04:52.627 UTC,1.40386,1.40375,0.00135,0.00132
21.10.2025 14:04:52.983 UTC,1.40385,1.40375,0.0012,0.00132
21.10.2025 14:04:53.184 UTC,1.40385,1.40375,0.0012,0.00192
21.10.2025 14:04:53.691 UTC,1.40386,1.40375,0.00135,0.00192
21.10.2025 14:04:53.844 UTC,1.40386,1.40375,0.0012,0.00234
21.10.2025 14:04:54.852 UTC,1.40386,1.40375,0.0012,0.00249
21.10.2025 14:04:55.306 UTC,1.40386,1.40375,0.0012,0.00234
21.10.2025 14:04:57.614 UTC,1.40385,1.40374,0.0012,0.00192
21.10.2025 14:04:57.716 UTC,1.40385,1.40374,0.0012,0.00135
21.10.2025 14:04:58.120 UTC,1.40385,1.40374,0.00135,0.0018
21.10.2025 14:04:59.130 UTC,1.40386,1.40375,0.0012,0.0018
21.10.2025 14:04:59.233 UTC,1.40386,1.40375,0.0012,0.00135
21.10.2025 14:04:59.637 UTC,1.40385,1.40376,0.0012,0.0018
21.10.2025 14:05:00.194 UTC,1.40386,1.40375,0.0012,0.00135
21.10.2025 14:05:00.799 UTC,1.40385,1.40376,0.0012,0.0018
21.10.2025 14:05:00.901 UTC,1.40385,1.40376,0.0012,0.00135
21.10.2025 14:05:01.408 UTC,1.40388,1.40376,0.00135,0.0018
21.10.2025 14:05:01.512 UTC,1.40391,1.40381,0.0018,0.0018
21.10.2025 14:05:01.665 UTC,1.40393,1.40382,0.0012,0.0018
21.10.2025 14:05:01.769 UTC,1.40394,1.40383,0.00135,0.0012
21.10.2025 14:05:02.024 UTC,1.40394,1.40382,0.0012,0.0012
21.10.2025 14:05:02.127 UTC,1.40392,1.40383,0.0012,0.0018
21.10.2025 14:05:02.230 UTC,1.40393,1.40382,0.0012,0.0024
21.10.2025 14:05:02.433 UTC,1.40393,1.40383,0.0012,0.0024
21.10.2025 14:05:03.604 UTC,1.40393,1.4038,0.0027,0.00195
21.10.2025 14:05:03.658 UTC,1.40392,1.40379,0.0012,0.00135
21.10.2025 14:05:03.761 UTC,1.40392,1.4038,0.0012,0.0012
21.10.2025 14:05:03.923 UTC,1.40392,1.40381,0.0012,0.0018
21.10.2025 14:05:04.026 UTC,1.40391,1.40382,0.00135,0.00225
21.10.2025 14:05:04.129 UTC,1.40394,1.40382,0.00135,0.00225
21.10.2025 14:05:04.235 UTC,1.40395,1.40383,0.00135,0.00135
21.10.2025 14:05:04.490 UTC,1.40395,1.40383,0.00135,0.0018
21.10.2025 14:05:07.008 UTC,1.40395,1.40383,0.00135,0.00195
21.10.2025 14:05:07.109 UTC,1.40395,1.40383,0.00135,0.0024
21.10.2025 14:05:07.312 UTC,1.40395,1.40383,0.0018,0.0018
21.10.2025 14:05:07.414 UTC,1.40395,1.40383,0.00135,0.0018
21.10.2025 14:05:07.566 UTC,1.40394,1.40384,0.00135,0.0012
21.10.2025 14:05:07.969 UTC,1.40395,1.40383,0.00135,0.0018
21.10.2025 14:05:08.173 UTC,1.40396,1.40383,0.00135,0.0018
21.10.2025 14:05:08.427 UTC,1.40395,1.40384,0.00135,0.0018
21.10.2025 14:05:08.531 UTC,1.40394,1.40381,0.00135,0.00285
21.10.2025 14:05:08.633 UTC,1.40394,1.40381,0.0018,0.0024
21.10.2025 14:05:09.404 UTC,1.40393,1.40383,0.0018,0.00195
21.10.2025 14:05:09.507 UTC,1.40394,1.40381,0.00135,0.0033
21.10.2025 14:05:09.610 UTC,1.40394,1.40381,0.0018,0.00429
21.10.2025 14:05:11.083 UTC,1.40391,1.40381,0.0012,0.0024
21.10.2025 14:05:11.186 UTC,1.4039,1.40381,0.0012,0.0024
21.10.2025 14:05:11.591 UTC,1.40392,1.40381,0.0018,0.0024
21.10.2025 14:05:11.694 UTC,1.40392,1.40381,0.00135,0.00285
21.10.2025 14:05:12.103 UTC,1.40391,1.40381,0.0012,0.0024
21.10.2025 14:05:13.576 UTC,1.40391,1.40378,0.0018,0.00225
21.10.2025 14:05:13.728 UTC,1.4039,1.40379,0.0018,0.0024
21.10.2025 14:05:13.881 UTC,1.40391,1.40382,0.00375,0.0024
21.10.2025 14:05:15.490 UTC,1.40389,1.40377,0.00135,0.0012
21.10.2025 14:05:15.542 UTC,1.40388,1.40382,0.0018,0.0018
21.10.2025 14:05:18.829 UTC,1.40389,1.40379,0.0012,0.0012
21.10.2025 14:05:18.931 UTC,1.40389,1.40378,0.00285,0.0012
21.10.2025 14:05:19.034 UTC,1.40387,1.40375,0.0012,0.00135
21.10.2025 14:05:19.137 UTC,1.40386,1.40376,0.0018,0.0012
21.10.2025 14:05:30.314 UTC,1.40385,1.40375,0.0012,0.0012
21.10.2025 14:05:30.375 UTC,1.40385,1.40373,0.0027,0.0012
21.10.2025 14:05:30.427 UTC,1.40385,1.40373,0.00285,0.0012
21.10.2025 14:05:30.581 UTC,1.40386,1.40374,0.0024,0.0012
21.10.2025 14:05:30.633 UTC,1.40385,1.40375,0.0024,0.0012
21.10.2025 14:05:35.686 UTC,1.40384,1.40374,0.0018,0.0012
21.10.2025 14:05:35.740 UTC,1.4038,1.40371,0.0018,0.00135
21.10.2025 14:05:35.947 UTC,1.4038,1.40372,0.0018,0.00135
21.10.2025 14:05:36.050 UTC,1.40379,1.40371,0.0012,0.00135
21.10.2025 14:05:37.569 UTC,1.40381,1.40369,0.00375,0.0024
21.10.2025 14:05:37.672 UTC,1.40382,1.40371,0.00375,0.00135
21.10.2025 14:05:39.852 UTC,1.4038,1.40368,0.0012,0.0012
21.10.2025 14:05:39.956 UTC,1.40379,1.40367,0.00135,0.0012
21.10.2025 14:05:40.059 UTC,1.40378,1.40368,0.00195,0.0012
21.10.2025 14:05:42.981 UTC,1.40378,1.40366,0.00135,0.0012
21.10.2025 14:05:43.135 UTC,1.40378,1.40366,0.0018,0.0012
21.10.2025 14:05:44.417 UTC,1.40378,1.40365,0.00195,0.0012
21.10.2025 14:05:44.976 UTC,1.40378,1.40366,0.0018,0.0012
21.10.2025 14:05:46.139 UTC,1.40378,1.40369,0.0012,0.0012
21.10.2025 14:05:46.290 UTC,1.40378,1.40366,0.0018,0.00132
21.10.2025 14:05:46.948 UTC,1.40377,1.40366,0.0018,0.00324
21.10.2025 14:05:47.104 UTC,1.40377,1.40363,0.00135,0.00522
21.10.2025 14:05:47.207 UTC,1.40377,1.40363,0.0018,0.00432
21.10.2025 14:05:47.310 UTC,1.40377,1.40364,0.0018,0.00192
21.10.2025 14:05:47.514 UTC,1.40376,1.40365,0.0018,0.00144
21.10.2025 14:05:48.072 UTC,1.40377,1.40364,0.0018,0.00249
21.10.2025 14:05:49.185 UTC,1.40376,1.40364,0.00249,0.00414
21.10.2025 14:05:49.339 UTC,1.40377,1.40363,0.00204,0.00324
21.10.2025 14:05:49.494 UTC,1.40376,1.40364,0.00204,0.00339
21.10.2025 14:05:49.802 UTC,1.40375,1.40363,0.00372,0.0012
21.10.2025 14:05:49.906 UTC,1.40368,1.40356,0.0012,0.00339
21.10.2025 14:05:49.957 UTC,1.40368,1.40356,0.0012,0.00132
21.10.2025 14:05:50.060 UTC,1.40368,1.40357,0.0012,0.00189
21.10.2025 14:05:50.278 UTC,1.40366,1.40356,0.0012,0.00132
21.10.2025 14:05:50.381 UTC,1.40366,1.40354,0.0012,0.00144
21.10.2025 14:05:51.143 UTC,1.40365,1.40359,0.0012,0.0018
21.10.2025 14:05:51.296 UTC,1.40366,1.40357,0.0012,0.0012
21.10.2025 14:05:51.348 UTC,1.40366,1.40354,0.0012,0.00324
21.10.2025 14:05:52.811 UTC,1.40365,1.40356,0.0012,0.00144
21.10.2025 14:05:52.914 UTC,1.40368,1.40356,0.0018,0.0012
21.10.2025 14:05:53.016 UTC,1.40368,1.40356,0.00135,0.0012
21.10.2025 14:05:53.220 UTC,1.40367,1.40356,0.00135,0.00144
21.10.2025 14:05:54.028 UTC,1.40367,1.40357,0.00225,0.0012
21.10.2025 14:05:54.183 UTC,1.40367,1.40356,0.00315,0.00135
21.10.2025 14:05:54.285 UTC,1.40367,1.40354,0.00279,0.00225
21.10.2025 14:05:54.387 UTC,1.40366,1.40355,0.00339,0.00225
21.10.2025 14:05:56.151 UTC,1.40365,1.40355,0.0018,0.0012
21.10.2025 14:05:56.253 UTC,1.40367,1.40354,0.00294,0.0012
21.10.2025 14:05:56.857 UTC,1.40367,1.40354,0.0018,0.00339
21.10.2025 14:05:56.965 UTC,1.40367,1.40354,0.00135,0.00342
21.10.2025 14:05:57.017 UTC,1.40367,1.40357,0.0018,0.00192
21.10.2025 14:05:57.121 UTC,1.40368,1.40355,0.00135,0.0033
21.10.2025 14:05:57.224 UTC,1.40367,1.40356,0.00135,0.00315
21.10.2025 14:05:57.327 UTC,1.40367,1.40356,0.00135,0.00285
21.10.2025 14:05:57.631 UTC,1.40367,1.40357,0.00135,0.00135
21.10.2025 14:05:58.894 UTC,1.40368,1.40356,0.00135,0.0018
21.10.2025 14:05:58.996 UTC,1.40368,1.40356,0.00135,0.00135
21.10.2025 14:05:59.249 UTC,1.40366,1.40356,0.00132,0.00135
21.10.2025 14:05:59.353 UTC,1.40366,1.40354,0.00132,0.00135
21.10.2025 14:06:00.167 UTC,1.40366,1.40354,0.0018,0.00135
21.10.2025 14:06:00.271 UTC,1.40364,1.40354,0.00339,0.0012
21.10.2025 14:06:00.375 UTC,1.40361,1.4035,0.0018,0.0018
21.10.2025 14:06:00.478 UTC,1.40362,1.40351,0.0018,0.0012
21.10.2025 14:06:00.580 UTC,1.40363,1.4035,0.0018,0.0012
21.10.2025 14:06:00.835 UTC,1.40363,1.40349,0.0018,0.00315
21.10.2025 14:06:01.088 UTC,1.40362,1.4035,0.0018,0.0033
21.10.2025 14:06:01.291 UTC,1.40363,1.40349,0.00294,0.00315
21.10.2025 14:06:01.394 UTC,1.4036,1.40347,0.0012,0.0012
21.10.2025 14:06:01.548 UTC,1.40359,1.40347,0.00135,0.0012
21.10.2025 14:06:01.651 UTC,1.40359,1.40346,0.00135,0.00135
21.10.2025 14:06:02.168 UTC,1.40359,1.40347,0.00135,0.0012
21.10.2025 14:06:02.272 UTC,1.4036,1.40348,0.0018,0.0018
21.10.2025 14:06:02.375 UTC,1.40359,1.40349,0.00135,0.0024
21.10.2025 14:06:02.580 UTC,1.40361,1.40349,0.00144,0.00135
21.10.2025 14:06:02.684 UTC,1.40361,1.40352,0.00135,0.0018
21.10.2025 14:06:02.889 UTC,1.40362,1.40349,0.00135,0.0033
21.10.2025 14:06:03.197 UTC,1.40362,1.40351,0.00135,0.0012
21.10.2025 14:06:03.554 UTC,1.40361,1.40352,0.00135,0.0018
21.10.2025 14:06:03.657 UTC,1.40362,1.40351,0.00192,0.0018
21.10.2025 14:06:03.810 UTC,1.40362,1.40351,0.00192,0.00225
21.10.2025 14:06:04.114 UTC,1.40363,1.4035,0.00192,0.0024
21.10.2025 14:06:05.886 UTC,1.40362,1.4035,0.00297,0.00315
21.10.2025 14:06:06.040 UTC,1.40363,1.4035,0.00204,0.00135
21.10.2025 14:06:06.142 UTC,1.40363,1.4035,0.00192,0.0018
21.10.2025 14:06:06.753 UTC,1.40363,1.40351,0.00144,0.00135
21.10.2025 14:06:07.944 UTC,1.40363,1.4035,0.00144,0.00285
21.10.2025 14:06:08.046 UTC,1.40363,1.4035,0.00144,0.0033
21.10.2025 14:06:08.603 UTC,1.40365,1.40353,0.00192,0.0012
21.10.2025 14:06:08.708 UTC,1.40367,1.40354,0.00252,0.00135
21.10.2025 14:06:09.879 UTC,1.40363,1.40352,0.00132,0.0012
21.10.2025 14:06:09.932 UTC,1.40361,1.4035,0.00132,0.00225
21.10.2025 14:06:10.034 UTC,1.40362,1.40349,0.00192,0.00225
21.10.2025 14:06:10.138 UTC,1.4036,1.40347,0.00207,0.0012
21.10.2025 14:06:11.255 UTC,1.40361,1.40351,0.0018,0.0012
21.10.2025 14:06:11.361 UTC,1.40362,1.40351,0.00135,0.00135
21.10.2025 14:06:11.465 UTC,1.40363,1.40352,0.00192,0.00135
21.10.2025 14:06:11.569 UTC,1.40364,1.4035,0.00192,0.00315
21.10.2025 14:06:11.672 UTC,1.40363,1.40352,0.00192,0.0018
21.10.2025 14:06:11.724 UTC,1.40365,1.40353,0.00252,0.0012
21.10.2025 14:06:11.877 UTC,1.40365,1.40353,0.00192,0.0012
21.10.2025 14:06:12.032 UTC,1.40365,1.40354,0.00192,0.0018
21.10.2025 14:06:12.135 UTC,1.40366,1.40353,0.0018,0.00192
21.10.2025 14:06:12.796 UTC,1.40366,1.40354,0.0018,0.0018
21.10.2025 14:06:14.120 UTC,1.40366,1.40354,0.0018,0.00135
21.10.2025 14:06:14.224 UTC,1.40365,1.40353,0.00192,0.0012
21.10.2025 14:06:14.277 UTC,1.40362,1.40349,0.0012,0.00279
21.10.2025 14:06:14.380 UTC,1.40362,1.40349,0.00249,0.00135
21.10.2025 14:06:15.447 UTC,1.40362,1.4035,0.0018,0.0012
21.10.2025 14:06:15.803 UTC,1.40362,1.40349,0.0018,0.00324
21.10.2025 14:06:17.164 UTC,1.40363,1.40351,0.0018,0.0012
21.10.2025 14:06:18.031 UTC,1.40363,1.4035,0.0024,0.00225
21.10.2025 14:06:18.135 UTC,1.40358,1.40348,0.00135,0.00234
21.10.2025 14:06:18.340 UTC,1.40357,1.40348,0.0012,0.0012
21.10.2025 14:06:18.444 UTC,1.40356,1.40348,0.00135,0.0012
21.10.2025 14:06:18.547 UTC,1.40357,1.40347,0.0018,0.0012
21.10.2025 14:06:20.979 UTC,1.40352,1.40341,0.00189,0.00225
21.10.2025 14:06:21.038 UTC,1.40353,1.4034,0.00249,0.0012
21.10.2025 14:06:21.195 UTC,1.40352,1.40341,0.0024,0.00132
21.10.2025 14:06:21.349 UTC,1.40353,1.40341,0.0018,0.0012
21.10.2025 14:06:23.265 UTC,1.40352,1.4034,0.00144,0.0012
21.10.2025 14:06:23.318 UTC,1.40351,1.40338,0.0012,0.0018
21.10.2025 14:06:23.421 UTC,1.40351,1.40338,0.0024,0.00225
21.10.2025 14:06:23.877 UTC,1.40351,1.4034,0.00285,0.00135
21.10.2025 14:06:24.031 UTC,1.40351,1.40338,0.0018,0.00315
21.10.2025 14:06:24.286 UTC,1.40351,1.40338,0.00195,0.0018
21.10.2025 14:06:25.091 UTC,1.40351,1.40338,0.0024,0.0033
21.10.2025 14:06:25.195 UTC,1.40351,1.40341,0.0018,0.00249
21.10.2025 14:06:25.349 UTC,1.40352,1.40342,0.0018,0.0012
21.10.2025 14:06:25.654 UTC,1.40353,1.4034,0.00195,0.00132
21.10.2025 14:06:26.717 UTC,1.40351,1.4034,0.00369,0.0012
21.10.2025 14:06:26.820 UTC,1.40353,1.4034,0.00294,0.0012
21.10.2025 14:06:29.093 UTC,1.40351,1.40338,0.0018,0.00135
21.10.2025 14:06:29.145 UTC,1.40349,1.40336,0.0012,0.00504
21.10.2025 14:06:29.250 UTC,1.40345,1.40333,0.00225,0.00189
21.10.2025 14:06:29.355 UTC,1.40344,1.40331,0.0018,0.0018
21.10.2025 14:06:29.458 UTC,1.4034,1.40328,0.0012,0.00132
21.10.2025 14:06:29.562 UTC,1.40341,1.40329,0.00135,0.0018
21.10.2025 14:06:30.530 UTC,1.4034,1.40329,0.00135,0.00294
21.10.2025 14:06:32.445 UTC,1.4034,1.40328,0.0012,0.00342
21.10.2025 14:06:33.855 UTC,1.4034,1.40331,0.0012,0.00135
21.10.2025 14:06:33.960 UTC,1.40342,1.4033,0.00135,0.00249
21.10.2025 14:06:34.869 UTC,1.40342,1.4033,0.00135,0.00234
21.10.2025 14:06:36.404 UTC,1.40343,1.40331,0.0018,0.00144
21.10.2025 14:06:36.507 UTC,1.40343,1.40332,0.0018,0.0012
21.10.2025 14:06:36.712 UTC,1.40342,1.40333,0.0012,0.00225
21.10.2025 14:06:36.764 UTC,1.40345,1.40335,0.0018,0.0012
21.10.2025 14:06:36.868 UTC,1.40346,1.40335,0.0018,0.0012
21.10.2025 14:06:36.970 UTC,1.40345,1.40336,0.00135,0.0012
21.10.2025 14:06:40.504 UTC,1.40345,1.40333,0.0012,0.0027
21.10.2025 14:06:40.558 UTC,1.4034,1.40331,0.0012,0.0012
21.10.2025 14:06:40.662 UTC,1.40337,1.40325,0.0012,0.00279
21.10.2025 14:06:40.714 UTC,1.40337,1.40329,0.0012,0.0027
21.10.2025 14:06:40.766 UTC,1.40337,1.40326,0.00135,0.0012
21.10.2025 14:06:40.971 UTC,1.40336,1.40326,0.00135,0.00279
21.10.2025 14:06:42.034 UTC,1.40336,1.40325,0.0012,0.00189
21.10.2025 14:06:42.907 UTC,1.40336,1.40324,0.00135,0.0012
21.10.2025 14:06:43.016 UTC,1.40336,1.40325,0.00135,0.0012
21.10.2025 14:06:43.326 UTC,1.40336,1.40324,0.00135,0.0012
21.10.2025 14:06:43.783 UTC,1.40336,1.40325,0.00135,0.0012
21.10.2025 14:06:45.246 UTC,1.40335,1.40323,0.0012,0.00315
21.10.2025 14:06:45.351 UTC,1.40334,1.40322,0.0012,0.00195
21.10.2025 14:06:45.454 UTC,1.40333,1.40323,0.0018,0.0018
21.10.2025 14:06:45.557 UTC,1.40335,1.40324,0.0018,0.0012
21.10.2025 14:06:45.659 UTC,1.40335,1.40324,0.0012,0.0012
21.10.2025 14:06:46.923 UTC,1.40336,1.40325,0.0018,0.00234
21.10.2025 14:06:47.025 UTC,1.40336,1.40325,0.0018,0.00252
21.10.2025 14:06:47.127 UTC,1.40336,1.40325,0.00135,0.00252
21.10.2025 14:06:49.692 UTC,1.40337,1.40325,0.00135,0.00237
21.10.2025 14:06:49.848 UTC,1.40338,1.40325,0.00135,0.00249
21.10.2025 14:06:50.051 UTC,1.40338,1.40324,0.0027,0.00342
21.10.2025 14:06:50.155 UTC,1.40338,1.40324,0.0024,0.00297
21.10.2025 14:06:50.309 UTC,1.40338,1.40324,0.00285,0.00339
21.10.2025 14:06:51.167 UTC,1.40337,1.40325,0.00135,0.00249
21.10.2025 14:06:51.269 UTC,1.40337,1.40325,0.0012,0.00144
21.10.2025 14:06:51.821 UTC,1.40337,1.40325,0.0012,0.00192
21.10.2025 14:06:53.181 UTC,1.40337,1.40325,0.0012,0.00144
21.10.2025 14:06:53.385 UTC,1.40335,1.40324,0.00135,0.00279
21.10.2025 14:06:53.488 UTC,1.40335,1.40326,0.00135,0.0012
21.10.2025 14:06:53.642 UTC,1.40337,1.40325,0.00135,0.00192
21.10.2025 14:06:53.744 UTC,1.40337,1.40325,0.00135,0.00234
21.10.2025 14:06:53.947 UTC,1.40336,1.40326,0.00135,0.00249
21.10.2025 14:06:54.099 UTC,1.40337,1.40325,0.00135,0.00234
21.10.2025 14:06:56.523 UTC,1.40333,1.40322,0.00132,0.0012
21.10.2025 14:06:56.575 UTC,1.40332,1.40321,0.0012,0.0018
21.10.2025 14:06:56.833 UTC,1.40331,1.4032,0.0012,0.0012
21.10.2025 14:06:57.092 UTC,1.40331,1.40319,0.0012,0.00234
21.10.2025 14:06:57.195 UTC,1.40329,1.40316,0.00339,0.00384
21.10.2025 14:06:57.247 UTC,1.40325,1.40316,0.0012,0.00285
21.10.2025 14:06:57.350 UTC,1.40326,1.40315,0.0012,0.00135
21.10.2025 14:06:57.452 UTC,1.40326,1.40314,0.0012,0.00234
21.10.2025 14:06:58.109 UTC,1.40326,1.40314,0.0012,0.00237
21.10.2025 14:06:59.173 UTC,1.40326,1.40316,0.00135,0.00234
21.10.2025 14:06:59.277 UTC,1.40329,1.40319,0.0024,0.00132
21.10.2025 14:06:59.329 UTC,1.4033,1.4032,0.00135,0.00234
21.10.2025 14:06:59.583 UTC,1.4033,1.4032,0.00135,0.00249
21.10.2025 14:06:59.736 UTC,1.40331,1.40319,0.00135,0.00234
21.10.2025 14:06:59.989 UTC,1.4033,1.4032,0.00135,0.00249
21.10.2025 14:07:00.494 UTC,1.40332,1.40322,0.00135,0.0012
21.10.2025 14:07:00.598 UTC,1.40333,1.40321,0.0018,0.00132
21.10.2025 14:07:01.459 UTC,1.40333,1.40321,0.00135,0.00132
21.10.2025 14:07:01.562 UTC,1.40334,1.40323,0.0018,0.00234
21.10.2025 14:07:01.666 UTC,1.40334,1.40324,0.0018,0.0018
21.10.2025 14:07:03.381 UTC,1.40333,1.40322,0.00135,0.00135
21.10.2025 14:07:03.535 UTC,1.40334,1.40323,0.00195,0.0012
21.10.2025 14:07:03.942 UTC,1.40334,1.40323,0.0018,0.00192
21.10.2025 14:07:04.552 UTC,1.40335,1.40322,0.0012,0.00324
21.10.2025 14:07:04.657 UTC,1.40336,1.40322,0.00375,0.00327
21.10.2025 14:07:04.809 UTC,1.40336,1.40323,0.0018,0.00234
21.10.2025 14:07:04.861 UTC,1.40337,1.40325,0.0018,0.0012
21.10.2025 14:07:08.204 UTC,1.40338,1.40325,0.00285,0.00135
21.10.2025 14:07:12.227 UTC,1.40337,1.40326,0.0024,0.0018
21.10.2025 14:07:12.581 UTC,1.40337,1.40326,0.00375,0.0012
21.10.2025 14:07:12.684 UTC,1.40333,1.40322,0.0012,0.0018
21.10.2025 14:07:12.787 UTC,1.40331,1.40318,0.0018,0.00132
21.10.2025 14:07:12.891 UTC,1.40332,1.4032,0.0018,0.00189
21.10.2025 14:07:12.994 UTC,1.40331,1.40322,0.00135,0.0024
21.10.2025 14:07:13.097 UTC,1.40331,1.40321,0.0012,0.0024
21.10.2025 14:07:13.200 UTC,1.40329,1.40318,0.00135,0.00279
21.10.2025 14:07:13.407 UTC,1.40329,1.40318,0.00375,0.0012
21.10.2025 14:07:13.560 UTC,1.4033,1.40317,0.00285,0.0012
21.10.2025 14:07:15.277 UTC,1.40331,1.4032,0.00135,0.00234
21.10.2025 14:07:15.380 UTC,1.40333,1.40321,0.0018,0.0012
21.10.2025 14:07:15.432 UTC,1.40334,1.40321,0.0018,0.00324
21.10.2025 14:07:15.484 UTC,1.40334,1.40323,0.0018,0.0012
21.10.2025 14:07:15.536 UTC,1.40335,1.40323,0.00135,0.0018
21.10.2025 14:07:16.145 UTC,1.40337,1.40324,0.00249,0.0012
21.10.2025 14:07:17.864 UTC,1.40336,1.40325,0.0018,0.0012
21.10.2025 14:07:19.225 UTC,1.40336,1.40325,0.00135,0.00324
21.10.2025 14:07:20.186 UTC,1.40337,1.40325,0.00135,0.0012
21.10.2025 14:07:21.245 UTC,1.40338,1.40327,0.00135,0.0012
21.10.2025 14:07:21.296 UTC,1.40337,1.40326,0.00135,0.00279
21.10.2025 14:07:21.702 UTC,1.40337,1.40326,0.00135,0.00339
21.10.2025 14:07:22.713 UTC,1.40337,1.40326,0.0012,0.00135
21.10.2025 14:07:22.765 UTC,1.40337,1.40324,0.00315,0.00234
21.10.2025 14:07:22.868 UTC,1.40337,1.40324,0.0033,0.00234
21.10.2025 14:07:24.756 UTC,1.40337,1.40326,0.0024,0.00234
21.10.2025 14:07:24.858 UTC,1.40338,1.40325,0.0024,0.00234
21.10.2025 14:07:25.009 UTC,1.40338,1.40325,0.0024,0.00249
21.10.2025 14:07:27.368 UTC,1.40338,1.40325,0.0024,0.00234
21.10.2025 14:07:28.780 UTC,1.40338,1.40325,0.0024,0.00249
21.10.2025 14:07:29.084 UTC,1.40337,1.40326,0.0024,0.00234
21.10.2025 14:07:29.237 UTC,1.40338,1.40325,0.00375,0.00132
21.10.2025 14:07:32.046 UTC,1.40337,1.40326,0.0018,0.00252
21.10.2025 14:07:32.098 UTC,1.4034,1.40327,0.0012,0.00132
21.10.2025 14:07:32.150 UTC,1.4034,1.40327,0.0024,0.00192
21.10.2025 14:07:32.202 UTC,1.40339,1.40328,0.00225,0.00132
21.10.2025 14:07:32.305 UTC,1.4034,1.40328,0.00225,0.00135
21.10.2025 14:07:32.861 UTC,1.40339,1.40328,0.0027,0.00144
21.10.2025 14:07:33.116 UTC,1.4034,1.40327,0.00225,0.00192
21.10.2025 14:07:33.168 UTC,1.40341,1.4033,0.0018,0.00144
21.10.2025 14:07:33.322 UTC,1.40341,1.40331,0.00225,0.00234
21.10.2025 14:07:33.981 UTC,1.40341,1.40331,0.00225,0.00249
21.10.2025 14:07:34.534 UTC,1.40341,1.40327,0.00279,0.00324
21.10.2025 14:07:34.587 UTC,1.40338,1.40327,0.0018,0.00132
21.10.2025 14:07:34.690 UTC,1.40337,1.40325,0.0024,0.0012
21.10.2025 14:07:34.793 UTC,1.40337,1.40324,0.0024,0.00234
21.10.2025 14:07:36.707 UTC,1.40337,1.40327,0.00135,0.0012
21.10.2025 14:07:36.810 UTC,1.40339,1.40329,0.0012,0.00132
21.10.2025 14:07:36.863 UTC,1.40341,1.40333,0.0012,0.00189
21.10.2025 14:07:37.219 UTC,1.40342,1.40331,0.0012,0.00234
21.10.2025 14:07:37.623 UTC,1.40342,1.40331,0.0012,0.00249
21.10.2025 14:07:37.730 UTC,1.40342,1.40331,0.0012,0.00234
21.10.2025 14:07:39.043 UTC,1.40342,1.4033,0.0012,0.00189
21.10.2025 14:07:39.146 UTC,1.40342,1.40331,0.0012,0.0012
21.10.2025 14:07:39.552 UTC,1.40339,1.40328,0.00135,0.00324
21.10.2025 14:07:39.605 UTC,1.40337,1.40326,0.0018,0.00234
21.10.2025 14:07:39.758 UTC,1.40337,1.40326,0.0018,0.00279
21.10.2025 14:07:40.565 UTC,1.40334,1.40324,0.0012,0.00135
21.10.2025 14:07:40.668 UTC,1.40333,1.40323,0.0018,0.0018
21.10.2025 14:07:40.772 UTC,1.40332,1.40323,0.0012,0.0018
21.10.2025 14:07:42.542 UTC,1.40333,1.40321,0.00135,0.0012
21.10.2025 14:07:42.695 UTC,1.40332,1.40318,0.00282,0.0027
21.10.2025 14:07:42.802 UTC,1.4033,1.40317,0.0018,0.00234
21.10.2025 14:07:42.906 UTC,1.4033,1.40317,0.0024,0.00279
21.10.2025 14:07:43.060 UTC,1.40328,1.40317,0.0018,0.00132
21.10.2025 14:07:46.804 UTC,1.40328,1.40317,0.0018,0.00237
21.10.2025 14:07:46.856 UTC,1.4033,1.40319,0.0012,0.00135
21.10.2025 14:07:46.960 UTC,1.40331,1.4032,0.0012,0.0012
21.10.2025 14:07:47.011 UTC,1.40331,1.40318,0.0012,0.00225
21.10.2025 14:07:48.023 UTC,1.40331,1.40318,0.00135,0.0024
21.10.2025 14:07:48.430 UTC,1.40331,1.40318,0.0027,0.00315
21.10.2025 14:07:48.533 UTC,1.40331,1.40319,0.00135,0.0018
21.10.2025 14:07:48.636 UTC,1.40334,1.40322,0.0024,0.00225
21.10.2025 14:07:48.688 UTC,1.40334,1.40323,0.0024,0.0012
21.10.2025 14:07:48.792 UTC,1.40334,1.40323,0.00225,0.0012
21.10.2025 14:07:49.502 UTC,1.40333,1.40325,0.0012,0.0012
21.10.2025 14:07:49.554 UTC,1.40333,1.40323,0.0018,0.00225
21.10.2025 14:07:49.809 UTC,1.40334,1.40322,0.00225,0.0024
21.10.2025 14:07:50.112 UTC,1.40333,1.40321,0.0012,0.0024
21.10.2025 14:07:50.165 UTC,1.40333,1.4032,0.00135,0.00225
21.10.2025 14:07:50.267 UTC,1.40333,1.40321,0.00135,0.0012
21.10.2025 14:07:51.786 UTC,1.40333,1.40321,0.00135,0.0024
21.10.2025 14:07:52.293 UTC,1.40333,1.40321,0.00135,0.00135
21.10.2025 14:07:52.429 UTC,1.40333,1.40322,0.00135,0.00135
21.10.2025 14:07:52.535 UTC,1.40333,1.40321,0.00135,0.00135
21.10.2025 14:07:52.691 UTC,1.40332,1.40322,0.00135,0.0018
21.10.2025 14:07:53.049 UTC,1.40333,1.40321,0.00135,0.00135
21.10.2025 14:07:53.151 UTC,1.40333,1.40322,0.00135,0.00135
21.10.2025 14:07:53.656 UTC,1.40332,1.40323,0.00135,0.0018
21.10.2025 14:07:53.858 UTC,1.40333,1.40322,0.00135,0.00135
21.10.2025 14:07:54.964 UTC,1.40332,1.40323,0.00135,0.0018
21.10.2025 14:07:55.117 UTC,1.40334,1.40323,0.0018,0.0018
21.10.2025 14:07:55.221 UTC,1.40334,1.40325,0.0012,0.00135
21.10.2025 14:07:57.394 UTC,1.40333,1.40327,0.0012,0.00135
21.10.2025 14:07:57.446 UTC,1.40338,1.40328,0.0018,0.00132
21.10.2025 14:07:57.498 UTC,1.4034,1.4033,0.0018,0.0018
21.10.2025 14:07:57.550 UTC,1.40342,1.4033,0.0018,0.00189
21.10.2025 14:07:57.653 UTC,1.40341,1.40332,0.0012,0.0012
21.10.2025 14:07:58.416 UTC,1.40338,1.4033,0.0018,0.00234
21.10.2025 14:07:58.721 UTC,1.40338,1.40328,0.0018,0.0012
21.10.2025 14:07:58.824 UTC,1.40338,1.40327,0.0018,0.0012
21.10.2025 14:07:58.927 UTC,1.40338,1.40328,0.0018,0.0012
21.10.2025 14:07:59.540 UTC,1.40337,1.40328,0.0018,0.00225
21.10.2025 14:07:59.642 UTC,1.40338,1.40328,0.0018,0.0012
21.10.2025 14:08:01.310 UTC,1.40339,1.40328,0.00135,0.0012
21.10.2025 14:08:02.421 UTC,1.4034,1.40329,0.0018,0.00132
21.10.2025 14:08:02.474 UTC,1.40343,1.40331,0.0018,0.0018
21.10.2025 14:08:02.576 UTC,1.40342,1.40332,0.00135,0.0018
21.10.2025 14:08:04.461 UTC,1.40341,1.40331,0.0012,0.00135
21.10.2025 14:08:05.074 UTC,1.40341,1.40331,0.00135,0.0024
21.10.2025 14:08:05.480 UTC,1.40341,1.40331,0.00135,0.0018
21.10.2025 14:08:05.633 UTC,1.40342,1.4033,0.00135,0.0024
21.10.2025 14:08:08.876 UTC,1.40342,1.4033,0.00135,0.00225
21.10.2025 14:08:08.981 UTC,1.40341,1.4033,0.0018,0.00324
21.10.2025 14:08:09.086 UTC,1.40341,1.4033,0.00135,0.00339
21.10.2025 14:08:09.444 UTC,1.40342,1.40329,0.00375,0.00135
21.10.2025 14:08:09.597 UTC,1.40339,1.40329,0.0012,0.00135
21.10.2025 14:08:09.702 UTC,1.40339,1.40329,0.0012,0.0018
21.10.2025 14:08:09.804 UTC,1.4034,1.40328,0.0012,0.00135
21.10.2025 14:08:09.908 UTC,1.40342,1.40329,0.0018,0.00225
21.10.2025 14:08:10.010 UTC,1.40341,1.40327,0.0018,0.00297
21.10.2025 14:08:10.112 UTC,1.40341,1.40328,0.00135,0.00192
21.10.2025 14:08:10.214 UTC,1.4034,1.40329,0.00135,0.00132
21.10.2025 14:08:10.316 UTC,1.4034,1.4033,0.00135,0.00135
21.10.2025 14:08:10.874 UTC,1.40343,1.4033,0.00195,0.00324
21.10.2025 14:08:11.332 UTC,1.40343,1.40331,0.00135,0.00192
21.10.2025 14:08:11.486 UTC,1.40343,1.40331,0.00135,0.00135
21.10.2025 14:08:12.436 UTC,1.40344,1.40333,0.0018,0.00192
21.10.2025 14:08:12.591 UTC,1.40347,1.40335,0.0024,0.0012
21.10.2025 14:08:13.352 UTC,1.40345,1.40335,0.00135,0.00135
21.10.2025 14:08:14.213 UTC,1.40347,1.40335,0.0033,0.0012
21.10.2025 14:08:14.868 UTC,1.40346,1.40333,0.00135,0.00225
21.10.2025 14:08:14.971 UTC,1.40345,1.40333,0.0012,0.0012
21.10.2025 14:08:15.073 UTC,1.40345,1.40334,0.00135,0.0012
21.10.2025 14:08:15.176 UTC,1.40345,1.40335,0.00135,0.0012
21.10.2025 14:08:15.329 UTC,1.40346,1.40335,0.0033,0.0024
21.10.2025 14:08:15.533 UTC,1.40347,1.40334,0.00375,0.00234
21.10.2025 14:08:15.635 UTC,1.40347,1.40334,0.0033,0.00249
21.10.2025 14:08:16.342 UTC,1.40346,1.40336,0.00225,0.00144
21.10.2025 14:08:16.847 UTC,1.40347,1.40334,0.00225,0.00294
21.10.2025 14:08:16.950 UTC,1.40347,1.40334,0.00225,0.00339
21.10.2025 14:08:17.256 UTC,1.40343,1.40333,0.0018,0.0018
21.10.2025 14:08:17.308 UTC,1.40343,1.4033,0.00135,0.0012
21.10.2025 14:08:18.540 UTC,1.40341,1.40328,0.0012,0.00225
21.10.2025 14:08:18.693 UTC,1.40339,1.40328,0.0012,0.00429
21.10.2025 14:08:19.101 UTC,1.40342,1.4033,0.0018,0.0018
21.10.2025 14:08:19.203 UTC,1.40342,1.4033,0.00135,0.0018
21.10.2025 14:08:19.306 UTC,1.40342,1.40328,0.00315,0.00339
21.10.2025 14:08:19.409 UTC,1.40339,1.40329,0.0012,0.00249
21.10.2025 14:08:20.115 UTC,1.40339,1.40328,0.0012,0.00339
21.10.2025 14:08:20.776 UTC,1.4034,1.40329,0.0012,0.00135
21.10.2025 14:08:21.581 UTC,1.4034,1.40328,0.0012,0.00234
21.10.2025 14:08:21.685 UTC,1.40343,1.40331,0.0018,0.0018
21.10.2025 14:08:21.737 UTC,1.40343,1.40331,0.00135,0.00135
21.10.2025 14:08:22.297 UTC,1.40344,1.40331,0.0018,0.0018
21.10.2025 14:08:22.399 UTC,1.40344,1.40331,0.0018,0.00135
21.10.2025 14:08:22.604 UTC,1.40344,1.40332,0.0018,0.00225
21.10.2025 14:08:23.164 UTC,1.40345,1.40333,0.0018,0.00234
21.10.2025 14:08:23.266 UTC,1.40346,1.40334,0.0018,0.0012
21.10.2025 14:08:23.471 UTC,1.40346,1.40333,0.0018,0.00324
21.10.2025 14:08:23.977 UTC,1.40345,1.40334,0.0018,0.00339
21.10.2025 14:08:24.902 UTC,1.40347,1.40336,0.0018,0.00135
21.10.2025 14:08:25.006 UTC,1.40347,1.40333,0.00195,0.00387
21.10.2025 14:08:25.108 UTC,1.40347,1.40333,0.00195,0.00375
21.10.2025 14:08:26.416 UTC,1.40345,1.40334,0.00135,0.00135
21.10.2025 14:08:26.821 UTC,1.40345,1.40334,0.00135,0.00192
21.10.2025 14:08:28.433 UTC,1.40345,1.40333,0.00195,0.0033
21.10.2025 14:08:28.789 UTC,1.40346,1.40333,0.0018,0.0018
21.10.2025 14:08:28.943 UTC,1.40346,1.40333,0.00135,0.0018
21.10.2025 14:08:29.096 UTC,1.40343,1.40333,0.0012,0.0018
21.10.2025 14:08:29.504 UTC,1.40346,1.40333,0.0018,0.00135
21.10.2025 14:08:29.607 UTC,1.40347,1.40334,0.0018,0.00135
21.10.2025 14:08:29.710 UTC,1.40346,1.40335,0.0018,0.00135
21.10.2025 14:08:30.117 UTC,1.40347,1.40334,0.0018,0.0018
21.10.2025 14:08:30.777 UTC,1.40348,1.40335,0.0024,0.00135
21.10.2025 14:08:31.443 UTC,1.40348,1.40335,0.0024,0.0018
21.10.2025 14:08:31.695 UTC,1.40347,1.40336,0.00285,0.00135
21.10.2025 14:08:32.748 UTC,1.40348,1.40335,0.0024,0.0018
21.10.2025 14:08:32.850 UTC,1.40348,1.40335,0.00285,0.00135
21.10.2025 14:08:33.002 UTC,1.40347,1.40336,0.0024,0.0018
21.10.2025 14:08:33.153 UTC,1.40348,1.40335,0.00285,0.00135
21.10.2025 14:08:33.257 UTC,1.40349,1.40336,0.0024,0.0024
21.10.2025 14:08:33.362 UTC,1.40356,1.40343,0.0018,0.0012
21.10.2025 14:08:33.414 UTC,1.40357,1.40344,0.00132,0.0012
21.10.2025 14:08:33.568 UTC,1.40357,1.40344,0.0018,0.0012
21.10.2025 14:08:33.619 UTC,1.40352,1.40344,0.0012,0.0012
21.10.2025 14:08:34.932 UTC,1.40351,1.40346,0.0012,0.0012
21.10.2025 14:08:36.347 UTC,1.40359,1.40346,0.0018,0.0018
21.10.2025 14:08:36.399 UTC,1.40359,1.4035,0.0018,0.0012
21.10.2025 14:08:36.451 UTC,1.40363,1.40349,0.0024,0.0012
21.10.2025 14:08:36.554 UTC,1.40362,1.40348,0.0024,0.0018
21.10.2025 14:08:36.658 UTC,1.4036,1.40348,0.00225,0.0018
21.10.2025 14:08:36.812 UTC,1.40361,1.40348,0.0018,0.0012
21.10.2025 14:08:37.271 UTC,1.40362,1.40348,0.0024,0.00225
21.10.2025 14:08:37.424 UTC,1.40362,1.40348,0.00285,0.0024
21.10.2025 14:08:37.526 UTC,1.40362,1.40348,0.00285,0.00225
21.10.2025 14:08:37.880 UTC,1.40361,1.40349,0.00285,0.0024
21.10.2025 14:08:38.840 UTC,1.40361,1.40349,0.0024,0.0033
21.10.2025 14:08:38.943 UTC,1.40362,1.40352,0.0018,0.00135
21.10.2025 14:08:38.994 UTC,1.40363,1.40351,0.00135,0.00135
21.10.2025 14:08:40.006 UTC,1.40363,1.4035,0.00135,0.00225
21.10.2025 14:08:40.259 UTC,1.40363,1.4035,0.00135,0.0024
21.10.2025 14:08:40.971 UTC,1.40361,1.40348,0.0018,0.0012
21.10.2025 14:08:41.073 UTC,1.4036,1.40347,0.0018,0.00417
21.10.2025 14:08:41.679 UTC,1.40363,1.4035,0.00195,0.00189
21.10.2025 14:08:41.782 UTC,1.40363,1.4035,0.00135,0.00327
21.10.2025 14:08:42.038 UTC,1.40363,1.4035,0.0018,0.00342
21.10.2025 14:08:42.998 UTC,1.40363,1.4035,0.0024,0.00147
21.10.2025 14:08:44.160 UTC,1.40362,1.40349,0.00135,0.00342
21.10.2025 14:08:44.314 UTC,1.40361,1.4035,0.0024,0.00192
21.10.2025 14:08:44.418 UTC,1.40362,1.40351,0.0024,0.00192
21.10.2025 14:08:44.572 UTC,1.40363,1.4035,0.00135,0.00342
21.10.2025 14:08:45.444 UTC,1.40362,1.40351,0.0024,0.00192
21.10.2025 14:08:45.547 UTC,1.40363,1.4035,0.0018,0.00252
21.10.2025 14:08:45.701 UTC,1.40362,1.40351,0.00225,0.00192
21.10.2025 14:08:47.320 UTC,1.40362,1.40349,0.00225,0.00282
21.10.2025 14:08:47.474 UTC,1.40361,1.4035,0.0018,0.00237
21.10.2025 14:08:47.883 UTC,1.40361,1.40347,0.00225,0.00237
21.10.2025 14:08:48.036 UTC,1.40361,1.40347,0.0024,0.00237
21.10.2025 14:08:48.544 UTC,1.4036,1.40347,0.00195,0.00237
21.10.2025 14:08:48.647 UTC,1.40359,1.40347,0.0027,0.00132
21.10.2025 14:08:48.699 UTC,1.40358,1.40346,0.0018,0.00132
21.10.2025 14:08:48.802 UTC,1.40357,1.40346,0.0024,0.00132
21.10.2025 14:09:01.716 UTC,1.40357,1.40344,0.00195,0.00237
21.10.2025 14:09:02.119 UTC,1.40356,1.40345,0.00195,0.00237
21.10.2025 14:09:03.680 UTC,1.40357,1.40344,0.00135,0.00192
21.10.2025 14:09:05.448 UTC,1.40356,1.40344,0.00285,0.00192
21.10.2025 14:09:05.551 UTC,1.40354,1.40342,0.0012,0.00147
21.10.2025 14:09:05.757 UTC,1.40355,1.40344,0.0018,0.0033
21.10.2025 14:09:05.860 UTC,1.40357,1.40344,0.0018,0.00147
21.10.2025 14:09:06.116 UTC,1.40358,1.40344,0.0024,0.0024
21.10.2025 14:09:06.220 UTC,1.40357,1.40346,0.00225,0.00147
21.10.2025 14:09:06.749 UTC,1.40358,1.40344,0.00225,0.00252
21.10.2025 14:09:09.027 UTC,1.40357,1.40345,0.00225,0.00252
21.10.2025 14:09:09.180 UTC,1.40359,1.40348,0.0018,0.00135
21.10.2025 14:09:09.283 UTC,1.40362,1.40351,0.0018,0.00132
21.10.2025 14:09:10.145 UTC,1.40361,1.40351,0.0018,0.00252
21.10.2025 14:09:14.522 UTC,1.40361,1.40349,0.0012,0.00147
21.10.2025 14:09:14.625 UTC,1.4036,1.4035,0.0012,0.00147
21.10.2025 14:09:15.014 UTC,1.40359,1.40347,0.0012,0.00132
21.10.2025 14:09:15.220 UTC,1.40358,1.40349,0.0012,0.00192
21.10.2025 14:09:15.322 UTC,1.40359,1.40348,0.0012,0.00192
21.10.2025 14:09:15.575 UTC,1.40358,1.40349,0.0012,0.00192
21.10.2025 14:09:15.880 UTC,1.40358,1.40349,0.0012,0.00147
21.10.2025 14:09:15.983 UTC,1.40358,1.4035,0.0012,0.00132
21.10.2025 14:09:16.035 UTC,1.40361,1.40349,0.00135,0.00147
21.10.2025 14:09:16.138 UTC,1.40362,1.40351,0.00225,0.00132
21.10.2025 14:09:16.494 UTC,1.40361,1.4035,0.0018,0.00252
21.10.2025 14:09:16.595 UTC,1.40362,1.40349,0.0018,0.00252
21.10.2025 14:09:17.152 UTC,1.40361,1.40351,0.0012,0.00192
21.10.2025 14:09:17.657 UTC,1.40362,1.4035,0.00135,0.00192
21.10.2025 14:09:18.518 UTC,1.40361,1.40349,0.0012,0.00147
21.10.2025 14:09:18.570 UTC,1.40361,1.40348,0.0012,0.00132
21.10.2025 14:09:18.674 UTC,1.4036,1.40347,0.00135,0.00327
21.10.2025 14:09:19.532 UTC,1.40359,1.40347,0.0012,0.00132
21.10.2025 14:09:19.635 UTC,1.40359,1.40348,0.0018,0.00147
21.10.2025 14:09:20.544 UTC,1.4036,1.40347,0.00135,0.00252
21.10.2025 14:09:22.147 UTC,1.40359,1.40348,0.0012,0.00192
21.10.2025 14:09:22.910 UTC,1.4036,1.40347,0.0012,0.00144
21.10.2025 14:09:25.182 UTC,1.40359,1.40346,0.0012,0.00234
21.10.2025 14:09:25.336 UTC,1.40359,1.40346,0.0018,0.0012
21.10.2025 14:09:30.019 UTC,1.40358,1.40344,0.0018,0.00234
21.10.2025 14:09:30.122 UTC,1.40357,1.40346,0.0018,0.00147
21.10.2025 14:09:30.226 UTC,1.40365,1.40354,0.00378,0.00189
21.10.2025 14:09:30.382 UTC,1.40363,1.40352,0.00135,0.00237
21.10.2025 14:09:30.895 UTC,1.40363,1.4035,0.0012,0.00249
21.10.2025 14:09:30.998 UTC,1.40363,1.4035,0.0018,0.00234
21.10.2025 14:09:31.756 UTC,1.40363,1.4035,0.0018,0.00249
21.10.2025 14:09:32.471 UTC,1.40364,1.40352,0.00204,0.00339
21.10.2025 14:09:32.574 UTC,1.40365,1.40352,0.00204,0.00225
21.10.2025 14:09:32.728 UTC,1.40365,1.40351,0.00204,0.00324
21.10.2025 14:09:32.880 UTC,1.40365,1.40351,0.00204,0.00339
21.10.2025 14:09:33.589 UTC,1.40366,1.40352,0.00294,0.00339
21.10.2025 14:09:34.097 UTC,1.40366,1.40352,0.00294,0.00234
21.10.2025 14:09:34.450 UTC,1.40365,1.40353,0.00294,0.00249
21.10.2025 14:09:34.854 UTC,1.40364,1.40351,0.00192,0.0012
21.10.2025 14:09:34.958 UTC,1.40363,1.4035,0.0012,0.00234
21.10.2025 14:09:35.112 UTC,1.40363,1.4035,0.0018,0.00339
21.10.2025 14:09:35.367 UTC,1.40364,1.40351,0.00294,0.00135
21.10.2025 14:09:35.984 UTC,1.40364,1.40351,0.00249,0.0024
21.10.2025 14:09:36.087 UTC,1.40363,1.40352,0.00294,0.0012
21.10.2025 14:09:36.745 UTC,1.4036,1.40349,0.0018,0.0018
21.10.2025 14:09:36.848 UTC,1.4036,1.40348,0.0024,0.00429
21.10.2025 14:09:39.024 UTC,1.4036,1.40348,0.00204,0.00324
21.10.2025 14:09:39.328 UTC,1.4036,1.40348,0.00294,0.00339
21.10.2025 14:09:39.984 UTC,1.40361,1.40347,0.00249,0.00294
21.10.2025 14:09:40.387 UTC,1.40361,1.40347,0.00294,0.00339
21.10.2025 14:09:40.540 UTC,1.4036,1.40347,0.0012,0.00279
21.10.2025 14:09:42.150 UTC,1.40362,1.40349,0.0018,0.00144
21.10.2025 14:09:42.203 UTC,1.40362,1.40349,0.00135,0.00132
21.10.2025 14:09:42.760 UTC,1.40362,1.40351,0.00135,0.00339
21.10.2025 14:09:42.864 UTC,1.40363,1.4035,0.00135,0.00234
21.10.2025 14:09:42.967 UTC,1.40361,1.40348,0.0018,0.00189
21.10.2025 14:09:44.230 UTC,1.40359,1.40347,0.0018,0.0012
21.10.2025 14:09:44.333 UTC,1.40358,1.40347,0.0024,0.0012
21.10.2025 14:09:45.142 UTC,1.40355,1.40348,0.0012,0.0012
21.10.2025 14:09:45.246 UTC,1.4035,1.40339,0.0012,0.0018
21.10.2025 14:09:45.299 UTC,1.40349,1.40336,0.0024,0.0012
21.10.2025 14:09:45.403 UTC,1.40347,1.40334,0.00135,0.00279
21.10.2025 14:09:45.508 UTC,1.40346,1.40336,0.00135,0.0012
21.10.2025 14:09:45.864 UTC,1.40346,1.40335,0.00135,0.0018
21.10.2025 14:09:46.781 UTC,1.40347,1.40335,0.0018,0.0012
21.10.2025 14:09:46.934 UTC,1.40347,1.40335,0.00135,0.0012
21.10.2025 14:09:48.092 UTC,1.40346,1.40335,0.00135,0.00189
21.10.2025 14:09:48.245 UTC,1.40347,1.40334,0.0018,0.0018
21.10.2025 14:09:49.821 UTC,1.40346,1.40333,0.00225,0.00225
21.10.2025 14:09:49.924 UTC,1.40345,1.40333,0.0012,0.0018
21.10.2025 14:09:50.026 UTC,1.40347,1.40334,0.00195,0.00225
21.10.2025 14:09:50.077 UTC,1.40346,1.40335,0.00195,0.0018
21.10.2025 14:09:51.039 UTC,1.40347,1.40334,0.00135,0.0033
21.10.2025 14:09:51.648 UTC,1.40347,1.40334,0.00225,0.00225
21.10.2025 14:09:52.508 UTC,1.40347,1.40334,0.00225,0.00192
21.10.2025 14:09:52.712 UTC,1.40347,1.40334,0.0027,0.00135
21.10.2025 14:09:52.764 UTC,1.40342,1.40331,0.0012,0.0027
21.10.2025 14:09:53.076 UTC,1.40343,1.40331,0.00324,0.00225
21.10.2025 14:09:53.737 UTC,1.40344,1.40333,0.00249,0.00225
21.10.2025 14:09:53.892 UTC,1.40343,1.40332,0.00189,0.0018
21.10.2025 14:09:55.160 UTC,1.40345,1.40333,0.00384,0.0018
21.10.2025 14:09:55.307 UTC,1.40344,1.40335,0.00189,0.0012
21.10.2025 14:09:56.219 UTC,1.40347,1.40334,0.00339,0.0012
21.10.2025 14:09:57.323 UTC,1.40344,1.40335,0.00189,0.00135
21.10.2025 14:09:58.428 UTC,1.40346,1.40335,0.00384,0.00135
21.10.2025 14:09:59.689 UTC,1.40346,1.40334,0.00249,0.0012
21.10.2025 14:10:00.145 UTC,1.40347,1.40334,0.00429,0.0012
21.10.2025 14:10:00.247 UTC,1.40347,1.40334,0.00414,0.0012
21.10.2025 14:10:00.351 UTC,1.40345,1.40333,0.00369,0.0012
21.10.2025 14:10:00.556 UTC,1.40345,1.40334,0.00249,0.0033
21.10.2025 14:10:00.659 UTC,1.40347,1.40334,0.00195,0.00144
21.10.2025 14:10:03.272 UTC,1.40345,1.40334,0.0012,0.00189
21.10.2025 14:10:03.425 UTC,1.40346,1.40333,0.0012,0.00327
21.10.2025 14:10:03.527 UTC,1.40346,1.40334,0.00375,0.00342
21.10.2025 14:10:05.292 UTC,1.40347,1.40334,0.0018,0.00249
21.10.2025 14:10:06.100 UTC,1.40348,1.40334,0.0024,0.00342
21.10.2025 14:10:06.961 UTC,1.40348,1.40336,0.00234,0.0033
21.10.2025 14:10:07.064 UTC,1.40349,1.4034,0.0018,0.0018
21.10.2025 14:10:07.117 UTC,1.40355,1.40343,0.00249,0.0027
21.10.2025 14:10:07.173 UTC,1.40349,1.40342,0.0018,0.0012
21.10.2025 14:10:07.328 UTC,1.40355,1.40343,0.00144,0.0012
21.10.2025 14:10:07.431 UTC,1.40355,1.40342,0.00225,0.00144
21.10.2025 14:10:07.483 UTC,1.40349,1.40342,0.0018,0.00135
21.10.2025 14:10:07.687 UTC,1.40355,1.40342,0.00249,0.0018
21.10.2025 14:10:07.788 UTC,1.40355,1.40342,0.00294,0.00135
21.10.2025 14:10:10.104 UTC,1.40352,1.40339,0.00135,0.00132
21.10.2025 14:10:10.207 UTC,1.40352,1.40339,0.00195,0.00189
21.10.2025 14:10:11.268 UTC,1.4035,1.40338,0.0012,0.0012
21.10.2025 14:10:12.130 UTC,1.4035,1.4034,0.00135,0.00234
21.10.2025 14:10:12.384 UTC,1.40351,1.40339,0.0012,0.00249
21.10.2025 14:10:12.790 UTC,1.40353,1.4034,0.0018,0.0024
21.10.2025 14:10:12.893 UTC,1.40354,1.4034,0.0024,0.0033
21.10.2025 14:10:13.451 UTC,1.40353,1.40343,0.0024,0.00135
21.10.2025 14:10:14.717 UTC,1.40353,1.40344,0.0018,0.00132
21.10.2025 14:10:14.820 UTC,1.40354,1.40343,0.0012,0.00249
21.10.2025 14:10:14.974 UTC,1.40354,1.40343,0.0012,0.00225
21.10.2025 14:10:15.279 UTC,1.40353,1.40344,0.0012,0.0024
21.10.2025 14:10:16.186 UTC,1.40354,1.40342,0.0018,0.00144
21.10.2025 14:10:16.289 UTC,1.40353,1.4034,0.0012,0.00234
21.10.2025 14:10:16.392 UTC,1.40352,1.40341,0.00135,0.00249
21.10.2025 14:10:16.935 UTC,1.40351,1.4034,0.00189,0.0018
21.10.2025 14:10:16.988 UTC,1.40349,1.40338,0.0012,0.00279
21.10.2025 14:10:17.091 UTC,1.4035,1.40338,0.0012,0.0012
21.10.2025 14:10:17.548 UTC,1.40349,1.40338,0.0012,0.00135
21.10.2025 14:10:17.653 UTC,1.40352,1.40339,0.00135,0.00315
21.10.2025 14:10:17.809 UTC,1.4035,1.40339,0.00279,0.00285
21.10.2025 14:10:17.963 UTC,1.4035,1.40337,0.0012,0.0033
21.10.2025 14:10:18.116 UTC,1.40351,1.40339,0.0012,0.00225
21.10.2025 14:10:19.426 UTC,1.40351,1.40339,0.0012,0.0024
21.10.2025 14:10:19.829 UTC,1.4035,1.4034,0.0012,0.00225
21.10.2025 14:10:19.930 UTC,1.40351,1.40339,0.0012,0.0024
21.10.2025 14:10:20.082 UTC,1.4035,1.4034,0.0012,0.00225
21.10.2025 14:10:20.234 UTC,1.4035,1.40339,0.0012,0.0012
21.10.2025 14:10:20.338 UTC,1.4035,1.40338,0.0012,0.0012
21.10.2025 14:10:21.401 UTC,1.40348,1.40336,0.0012,0.00135
21.10.2025 14:10:21.505 UTC,1.40347,1.40336,0.0012,0.0012
21.10.2025 14:10:22.918 UTC,1.40344,1.40337,0.00189,0.0012
21.10.2025 14:10:23.021 UTC,1.40342,1.40331,0.0012,0.00234
21.10.2025 14:10:23.527 UTC,1.40343,1.4033,0.0012,0.00237
21.10.2025 14:10:25.303 UTC,1.40342,1.40333,0.00135,0.0012
21.10.2025 14:10:26.065 UTC,1.40343,1.4033,0.00135,0.00339
21.10.2025 14:10:27.281 UTC,1.40342,1.40332,0.00135,0.00249
21.10.2025 14:10:27.387 UTC,1.40343,1.40331,0.00135,0.00234
21.10.2025 14:10:27.693 UTC,1.40343,1.40332,0.00135,0.0012
21.10.2025 14:10:28.150 UTC,1.40343,1.40331,0.0012,0.00225
21.10.2025 14:10:28.354 UTC,1.40342,1.40332,0.0012,0.00249
21.10.2025 14:10:28.507 UTC,1.40343,1.40331,0.0012,0.00234
21.10.2025 14:10:28.811 UTC,1.40343,1.40331,0.0012,0.00249
21.10.2025 14:10:28.964 UTC,1.40343,1.40331,0.0012,0.00234
21.10.2025 14:10:29.066 UTC,1.40343,1.40332,0.0012,0.0012
21.10.2025 14:10:29.168 UTC,1.40342,1.40332,0.0012,0.00234
21.10.2025 14:10:29.782 UTC,1.40343,1.4033,0.0012,0.00234
21.10.2025 14:10:29.885 UTC,1.40343,1.40331,0.00135,0.0012
21.10.2025 14:10:31.100 UTC,1.40342,1.40333,0.00135,0.0018
21.10.2025 14:10:31.308 UTC,1.40346,1.40333,0.00135,0.00135
21.10.2025 14:10:31.510 UTC,1.40345,1.40334,0.00135,0.00192
21.10.2025 14:10:31.763 UTC,1.40346,1.40336,0.0018,0.00135
21.10.2025 14:10:31.866 UTC,1.40347,1.40335,0.00135,0.00135
21.10.2025 14:10:33.081 UTC,1.40346,1.40332,0.00324,0.00135
21.10.2025 14:10:33.135 UTC,1.40343,1.40331,0.0012,0.00132
21.10.2025 14:10:34.754 UTC,1.40345,1.40332,0.0018,0.00324
21.10.2025 14:10:34.857 UTC,1.40344,1.40333,0.00135,0.00324
21.10.2025 14:10:34.959 UTC,1.40345,1.40332,0.00135,0.00339
21.10.2025 14:10:35.967 UTC,1.40344,1.40331,0.0012,0.00294
21.10.2025 14:10:36.573 UTC,1.40343,1.4033,0.0012,0.00324
21.10.2025 14:10:36.677 UTC,1.40342,1.40328,0.0018,0.00204
21.10.2025 14:10:36.730 UTC,1.40341,1.40327,0.0018,0.00279
21.10.2025 14:10:36.833 UTC,1.40341,1.40327,0.0024,0.00279
21.10.2025 14:10:37.692 UTC,1.40341,1.40328,0.0018,0.0012
21.10.2025 14:10:37.795 UTC,1.40341,1.40328,0.00135,0.0012
21.10.2025 14:10:37.897 UTC,1.4034,1.40328,0.00135,0.00234
21.10.2025 14:10:38.151 UTC,1.40341,1.40327,0.0018,0.00249
21.10.2025 14:10:38.304 UTC,1.4034,1.40328,0.00285,0.00324
21.10.2025 14:10:38.557 UTC,1.4034,1.40328,0.0027,0.00324
21.10.2025 14:10:38.911 UTC,1.40341,1.40327,0.0027,0.00339
21.10.2025 14:10:39.314 UTC,1.40338,1.40328,0.0012,0.0018
21.10.2025 14:10:39.417 UTC,1.40338,1.40326,0.0012,0.0018
21.10.2025 14:10:39.572 UTC,1.40338,1.40326,0.0018,0.0018
21.10.2025 14:10:40.379 UTC,1.40337,1.40326,0.00285,0.0018
21.10.2025 14:10:41.238 UTC,1.40335,1.40326,0.0012,0.0018
21.10.2025 14:10:42.450 UTC,1.40335,1.40322,0.00135,0.00324
21.10.2025 14:10:42.956 UTC,1.40334,1.40324,0.00135,0.00144
21.10.2025 14:10:43.059 UTC,1.40335,1.40323,0.00135,0.00192
21.10.2025 14:10:44.370 UTC,1.40335,1.40323,0.0012,0.00144
21.10.2025 14:10:45.081 UTC,1.40337,1.40325,0.0018,0.00135
21.10.2025 14:10:45.234 UTC,1.40337,1.40325,0.00135,0.00135
21.10.2025 14:10:46.246 UTC,1.40336,1.40324,0.0012,0.00135
21.10.2025 14:10:46.854 UTC,1.40336,1.40323,0.0018,0.0036
21.10.2025 14:10:46.956 UTC,1.40336,1.40323,0.00195,0.0036
21.10.2025 14:10:48.574 UTC,1.40335,1.40322,0.00135,0.0018
21.10.2025 14:10:48.678 UTC,1.40336,1.40325,0.0018,0.00225
21.10.2025 14:10:48.729 UTC,1.40336,1.40325,0.00135,0.00135
21.10.2025 14:10:48.832 UTC,1.40336,1.40325,0.0018,0.00135
21.10.2025 14:10:48.934 UTC,1.40337,1.40325,0.0018,0.00135
21.10.2025 14:10:49.036 UTC,1.40337,1.40325,0.00135,0.00135
21.10.2025 14:10:50.559 UTC,1.40336,1.40325,0.00135,0.00285
21.10.2025 14:10:50.865 UTC,1.40337,1.40324,0.00135,0.0024
21.10.2025 14:10:51.269 UTC,1.40336,1.40325,0.00135,0.00285
21.10.2025 14:10:51.572 UTC,1.40337,1.40324,0.00135,0.0024
21.10.2025 14:10:52.178 UTC,1.40337,1.40324,0.00135,0.00285
21.10.2025 14:10:52.781 UTC,1.40337,1.40324,0.00135,0.0024
21.10.2025 14:10:53.083 UTC,1.40336,1.40323,0.0012,0.00135
21.10.2025 14:10:53.236 UTC,1.40337,1.40324,0.00135,0.00135
21.10.2025 14:10:54.645 UTC,1.40338,1.40324,0.00204,0.0024
21.10.2025 14:10:55.951 UTC,1.40338,1.40324,0.00204,0.00135
21.10.2025 14:10:56.206 UTC,1.40336,1.40325,0.0012,0.0012
21.10.2025 14:11:01.155 UTC,1.40338,1.40325,0.00294,0.0018
21.10.2025 14:11:02.220 UTC,1.40338,1.40325,0.00294,0.0012
21.10.2025 14:11:02.578 UTC,1.40338,1.40325,0.00204,0.0018
21.10.2025 14:11:02.884 UTC,1.40338,1.40325,0.00192,0.0024
21.10.2025 14:11:02.987 UTC,1.40338,1.40327,0.00249,0.0018
21.10.2025 14:11:03.090 UTC,1.40339,1.40326,0.00135,0.00135
21.10.2025 14:11:03.194 UTC,1.40338,1.40325,0.00384,0.0018
21.10.2025 14:11:03.348 UTC,1.40338,1.40325,0.00204,0.0012
21.10.2025 14:11:04.266 UTC,1.40337,1.40326,0.0018,0.00249
21.10.2025 14:11:04.369 UTC,1.40339,1.40326,0.00294,0.00135
21.10.2025 14:11:06.759 UTC,1.40338,1.40325,0.00189,0.0012
21.10.2025 14:11:06.862 UTC,1.40338,1.40325,0.00294,0.0012
21.10.2025 14:11:11.471 UTC,1.40338,1.40325,0.00249,0.0018
21.10.2025 14:11:11.582 UTC,1.40337,1.40326,0.00192,0.00135
21.10.2025 14:11:11.742 UTC,1.40338,1.40325,0.00192,0.0018
21.10.2025 14:11:11.844 UTC,1.40338,1.40325,0.00192,0.00135
21.10.2025 14:11:12.047 UTC,1.40338,1.40325,0.00192,0.0018
21.10.2025 14:11:12.151 UTC,1.40339,1.40327,0.0018,0.00234
21.10.2025 14:11:12.203 UTC,1.4034,1.40327,0.00135,0.00234
21.10.2025 14:11:12.560 UTC,1.40342,1.4033,0.00192,0.0012
21.10.2025 14:11:12.664 UTC,1.40342,1.40329,0.00249,0.0018
21.10.2025 14:11:12.718 UTC,1.40341,1.40328,0.00279,0.0012
21.10.2025 14:11:12.820 UTC,1.40341,1.40328,0.00294,0.0012
21.10.2025 14:11:14.742 UTC,1.40341,1.40328,0.00195,0.00132
21.10.2025 14:11:14.845 UTC,1.40342,1.40329,0.00294,0.0012
21.10.2025 14:11:16.060 UTC,1.40341,1.4033,0.00294,0.0012
21.10.2025 14:11:16.213 UTC,1.40342,1.40329,0.00192,0.0018
21.10.2025 14:11:16.315 UTC,1.40342,1.40329,0.00192,0.00135
21.10.2025 14:11:18.735 UTC,1.40341,1.40328,0.00207,0.0012
21.10.2025 14:11:18.791 UTC,1.4034,1.40326,0.00294,0.00135
21.10.2025 14:11:18.895 UTC,1.40339,1.40326,0.0012,0.00135
21.10.2025 14:11:19.251 UTC,1.40338,1.40325,0.00195,0.0012
21.10.2025 14:11:19.456 UTC,1.40333,1.40323,0.0012,0.0018
21.10.2025 14:11:19.560 UTC,1.40336,1.40325,0.00249,0.0012
21.10.2025 14:11:19.612 UTC,1.40337,1.40324,0.00249,0.0012
21.10.2025 14:11:20.020 UTC,1.40336,1.40324,0.0012,0.0012
21.10.2025 14:11:21.490 UTC,1.40335,1.40322,0.0024,0.0018
21.10.2025 14:11:21.593 UTC,1.40335,1.40323,0.0018,0.0012
21.10.2025 14:11:22.405 UTC,1.40335,1.40324,0.00285,0.00135
21.10.2025 14:11:22.509 UTC,1.40337,1.40324,0.00285,0.0012
21.10.2025 14:11:23.120 UTC,1.40337,1.40325,0.0018,0.0012
21.10.2025 14:11:24.137 UTC,1.40337,1.40326,0.0024,0.0018
21.10.2025 14:11:24.292 UTC,1.40338,1.40325,0.00285,0.00135
21.10.2025 14:11:24.798 UTC,1.40338,1.40325,0.0024,0.0018
21.10.2025 14:11:24.900 UTC,1.40337,1.40326,0.0024,0.00135
21.10.2025 14:11:25.810 UTC,1.40339,1.40326,0.00294,0.00135
21.10.2025 14:11:25.862 UTC,1.40339,1.40328,0.0018,0.00135
21.10.2025 14:11:25.966 UTC,1.40339,1.40329,0.0012,0.00135
21.10.2025 14:11:26.984 UTC,1.40339,1.4033,0.0012,0.0012
21.10.2025 14:11:27.443 UTC,1.40339,1.40332,0.0012,0.0012
21.10.2025 14:11:27.495 UTC,1.40346,1.40333,0.00204,0.0012
21.10.2025 14:11:27.599 UTC,1.4034,1.40334,0.0036,0.0012
21.10.2025 14:11:28.362 UTC,1.40341,1.40331,0.0036,0.00144
21.10.2025 14:11:28.618 UTC,1.40341,1.4033,0.0036,0.0012
21.10.2025 14:11:28.721 UTC,1.4034,1.4033,0.0042,0.0012
21.10.2025 14:11:30.692 UTC,1.4034,1.40328,0.00144,0.00135
21.10.2025 14:11:30.744 UTC,1.40339,1.40326,0.0018,0.00234
21.10.2025 14:11:30.847 UTC,1.40339,1.40326,0.00294,0.0018
21.10.2025 14:11:31.753 UTC,1.40338,1.40327,0.00387,0.0012
21.10.2025 14:11:32.862 UTC,1.40338,1.40325,0.00192,0.0012
21.10.2025 14:11:36.495 UTC,1.40337,1.40324,0.00225,0.00132
21.10.2025 14:11:36.600 UTC,1.40335,1.40325,0.00192,0.0012
21.10.2025 14:11:37.458 UTC,1.40337,1.40324,0.00249,0.0012
21.10.2025 14:11:38.481 UTC,1.40337,1.40326,0.00294,0.00135
21.10.2025 14:11:38.686 UTC,1.40337,1.40324,0.00294,0.00135
21.10.2025 14:11:39.094 UTC,1.40336,1.40324,0.0018,0.00135
21.10.2025 14:11:39.453 UTC,1.40335,1.40323,0.0012,0.0012
21.10.2025 14:11:39.606 UTC,1.40335,1.40323,0.00132,0.0012
21.10.2025 14:11:40.114 UTC,1.40335,1.40324,0.00342,0.0018
21.10.2025 14:11:40.267 UTC,1.40336,1.40323,0.00387,0.0012
21.10.2025 14:11:42.788 UTC,1.40335,1.40322,0.00204,0.00135
21.10.2025 14:11:44.003 UTC,1.40334,1.40321,0.00384,0.0012
21.10.2025 14:11:44.258 UTC,1.40333,1.40321,0.00132,0.0012
21.10.2025 14:11:44.714 UTC,1.40333,1.4032,0.00342,0.00135
21.10.2025 14:11:44.868 UTC,1.40332,1.4032,0.00132,0.0012
21.10.2025 14:11:45.378 UTC,1.40333,1.40321,0.0012,0.0012
21.10.2025 14:11:45.482 UTC,1.40337,1.40324,0.00474,0.0012
21.10.2025 14:11:45.789 UTC,1.40337,1.40325,0.00195,0.0012
21.10.2025 14:11:45.959 UTC,1.40336,1.40326,0.0018,0.0012
21.10.2025 14:11:46.216 UTC,1.40336,1.40325,0.0018,0.00135
21.10.2025 14:11:46.319 UTC,1.40337,1.40325,0.0018,0.00135
21.10.2025 14:11:46.430 UTC,1.40339,1.40327,0.00192,0.00315
21.10.2025 14:11:46.542 UTC,1.40339,1.40327,0.00192,0.00225
21.10.2025 14:11:48.269 UTC,1.4034,1.40326,0.0018,0.00195
21.10.2025 14:11:48.472 UTC,1.4034,1.40326,0.00195,0.0018
21.10.2025 14:11:48.677 UTC,1.40338,1.40327,0.00207,0.00135
21.10.2025 14:11:49.033 UTC,1.40336,1.40325,0.00147,0.0012
21.10.2025 14:11:49.135 UTC,1.40336,1.40323,0.00132,0.0027
21.10.2025 14:11:49.903 UTC,1.40336,1.40325,0.00192,0.00225
21.10.2025 14:11:50.820 UTC,1.40336,1.40323,0.00132,0.0027
21.10.2025 14:11:50.924 UTC,1.40335,1.40323,0.00132,0.0018
21.10.2025 14:11:51.078 UTC,1.40335,1.40323,0.00297,0.00135
21.10.2025 14:11:51.534 UTC,1.40334,1.40323,0.00192,0.00135
21.10.2025 14:11:51.637 UTC,1.40331,1.40324,0.00132,0.00135
21.10.2025 14:11:52.762 UTC,1.40331,1.40318,0.00132,0.00225
21.10.2025 14:11:53.576 UTC,1.40331,1.40318,0.00252,0.0018
21.10.2025 14:11:53.678 UTC,1.40331,1.40318,0.00297,0.00135
21.10.2025 14:11:54.738 UTC,1.40331,1.40319,0.00132,0.0012
21.10.2025 14:11:56.052 UTC,1.40331,1.40321,0.0018,0.0012
21.10.2025 14:11:56.156 UTC,1.40333,1.40323,0.00297,0.0018
21.10.2025 14:11:56.667 UTC,1.40335,1.40324,0.00192,0.00225
21.10.2025 14:11:56.719 UTC,1.40335,1.40325,0.00192,0.0012
21.10.2025 14:11:57.434 UTC,1.40336,1.40325,0.0018,0.0012
21.10.2025 14:11:57.537 UTC,1.40338,1.40326,0.00132,0.0012
21.10.2025 14:11:57.793 UTC,1.40339,1.40326,0.00297,0.0012
21.10.2025 14:11:58.292 UTC,1.40338,1.40326,0.00147,0.0012
21.10.2025 14:11:58.445 UTC,1.40337,1.40326,0.00282,0.0012
21.10.2025 14:11:58.802 UTC,1.40336,1.40327,0.00189,0.0012
21.10.2025 14:11:59.158 UTC,1.40336,1.40326,0.00189,0.0012
21.10.2025 14:11:59.260 UTC,1.40337,1.40325,0.00282,0.0012
21.10.2025 14:12:00.073 UTC,1.40335,1.40325,0.00147,0.00135
21.10.2025 14:12:02.946 UTC,1.40337,1.40325,0.00207,0.0012
21.10.2025 14:12:03.257 UTC,1.40336,1.40325,0.00207,0.0012
21.10.2025 14:12:03.361 UTC,1.40335,1.40325,0.00207,0.0012
21.10.2025 14:12:06.261 UTC,1.40336,1.40324,0.00207,0.0012
21.10.2025 14:12:07.781 UTC,1.40335,1.40323,0.00192,0.0012
21.10.2025 14:12:10.212 UTC,1.40335,1.40322,0.00297,0.00135
21.10.2025 14:12:10.321 UTC,1.40335,1.40323,0.00132,0.0012
21.10.2025 14:12:15.521 UTC,1.40336,1.40324,0.00192,0.0012
21.10.2025 14:12:15.623 UTC,1.40336,1.40324,0.00144,0.0012
21.10.2025 14:12:16.281 UTC,1.40336,1.40325,0.00297,0.0033
21.10.2025 14:12:17.690 UTC,1.40336,1.40325,0.00297,0.00225
21.10.2025 14:12:17.945 UTC,1.40335,1.40323,0.00132,0.00225
21.10.2025 14:12:18.554 UTC,1.40334,1.40324,0.00204,0.0012
21.10.2025 14:12:20.382 UTC,1.40334,1.40323,0.00192,0.00225
21.10.2025 14:12:21.243 UTC,1.40335,1.40322,0.00282,0.00135
21.10.2025 14:12:21.346 UTC,1.40332,1.40321,0.00132,0.00225
21.10.2025 14:12:21.450 UTC,1.40333,1.40322,0.00327,0.0012
21.10.2025 14:12:21.604 UTC,1.40334,1.40323,0.00297,0.00135
21.10.2025 14:12:21.706 UTC,1.40335,1.40322,0.00297,0.00135
21.10.2025 14:12:22.365 UTC,1.40333,1.40322,0.00282,0.00225
21.10.2025 14:12:22.468 UTC,1.40333,1.4032,0.00237,0.0012
21.10.2025 14:12:23.180 UTC,1.40332,1.40319,0.00132,0.00225
21.10.2025 14:12:25.005 UTC,1.40332,1.40321,0.00387,0.0012
21.10.2025 14:12:25.313 UTC,1.40333,1.40319,0.00387,0.00225
21.10.2025 14:12:25.416 UTC,1.40332,1.40321,0.00387,0.0012
21.10.2025 14:12:25.518 UTC,1.40333,1.40319,0.00387,0.00315
21.10.2025 14:12:25.621 UTC,1.40333,1.4032,0.00342,0.00135
21.10.2025 14:12:25.776 UTC,1.40333,1.4032,0.00342,0.0018
21.10.2025 14:12:25.980 UTC,1.40332,1.40321,0.00252,0.00225
21.10.2025 14:12:27.568 UTC,1.40333,1.40319,0.00297,0.00225
21.10.2025 14:12:27.670 UTC,1.40333,1.4032,0.00297,0.0012
21.10.2025 14:12:27.772 UTC,1.40332,1.40319,0.00192,0.00315
21.10.2025 14:12:27.874 UTC,1.40332,1.40319,0.00192,0.0033
21.10.2025 14:12:28.078 UTC,1.4033,1.4032,0.00144,0.00135
21.10.2025 14:12:28.739 UTC,1.4033,1.4032,0.00237,0.00135
21.10.2025 14:12:28.843 UTC,1.40329,1.4032,0.00192,0.0012
21.10.2025 14:12:30.559 UTC,1.4033,1.40318,0.00207,0.0012
21.10.2025 14:12:30.760 UTC,1.4033,1.40318,0.00204,0.0012
21.10.2025 14:12:32.074 UTC,1.40332,1.40319,0.00204,0.0012
21.10.2025 14:12:32.178 UTC,1.40335,1.40322,0.00147,0.0018
21.10.2025 14:12:32.435 UTC,1.40336,1.40323,0.00297,0.0012
21.10.2025 14:12:33.049 UTC,1.40335,1.40322,0.00297,0.0012
21.10.2025 14:12:34.201 UTC,1.40334,1.40325,0.00207,0.0012
21.10.2025 14:12:34.568 UTC,1.40336,1.40325,0.00132,0.0012
21.10.2025 14:12:35.232 UTC,1.40336,1.40325,0.00132,0.00135
21.10.2025 14:12:35.587 UTC,1.40337,1.40325,0.00207,0.0012
21.10.2025 14:12:35.996 UTC,1.40339,1.40327,0.00207,0.0012
21.10.2025 14:12:36.100 UTC,1.40339,1.40327,0.00147,0.00135
21.10.2025 14:12:36.202 UTC,1.40339,1.40327,0.00144,0.00135
21.10.2025 14:12:36.305 UTC,1.40338,1.40329,0.00144,0.0012
21.10.2025 14:12:36.660 UTC,1.40338,1.40329,0.00204,0.0012
21.10.2025 14:12:36.762 UTC,1.4034,1.40328,0.00192,0.0012
21.10.2025 14:12:39.532 UTC,1.40339,1.40327,0.00132,0.0012
21.10.2025 14:12:41.038 UTC,1.40337,1.40326,0.00237,0.0018
21.10.2025 14:12:41.147 UTC,1.40334,1.40324,0.00132,0.0012
21.10.2025 14:12:41.303 UTC,1.40335,1.40322,0.00237,0.0012
21.10.2025 14:12:41.914 UTC,1.40333,1.4032,0.00132,0.0018
21.10.2025 14:12:42.017 UTC,1.40334,1.4032,0.00372,0.0018
21.10.2025 14:12:42.119 UTC,1.40334,1.4032,0.00297,0.0018
21.10.2025 14:12:42.222 UTC,1.40334,1.4032,0.00252,0.0027
21.10.2025 14:12:42.326 UTC,1.40332,1.4032,0.00132,0.0012
21.10.2025 14:12:43.590 UTC,1.40331,1.40321,0.00387,0.0012
21.10.2025 14:12:49.587 UTC,1.40329,1.40319,0.00132,0.0012
21.10.2025 14:12:49.844 UTC,1.40333,1.4032,0.00192,0.00225
21.10.2025 14:12:49.947 UTC,1.40335,1.40322,0.00252,0.0012
21.10.2025 14:12:50.100 UTC,1.40333,1.40323,0.00132,0.0012
21.10.2025 14:12:50.253 UTC,1.40335,1.40322,0.00297,0.00135
21.10.2025 14:12:50.355 UTC,1.40334,1.40323,0.00297,0.00135
21.10.2025 14:12:50.608 UTC,1.40333,1.40323,0.00132,0.0012
21.10.2025 14:12:50.761 UTC,1.40333,1.40322,0.00282,0.0012
21.10.2025 14:12:51.823 UTC,1.40332,1.4032,0.00132,0.0012
21.10.2025 14:12:51.926 UTC,1.40331,1.40319,0.00132,0.0012
21.10.2025 14:12:52.282 UTC,1.40331,1.40318,0.00297,0.0012
21.10.2025 14:12:56.228 UTC,1.4033,1.40319,0.00207,0.0012
21.10.2025 14:12:56.380 UTC,1.40331,1.40318,0.00207,0.0012
21.10.2025 14:12:56.483 UTC,1.40331,1.40319,0.00132,0.0012
21.10.2025 14:12:57.247 UTC,1.40333,1.4032,0.00297,0.00135
21.10.2025 14:12:57.859 UTC,1.40333,1.4032,0.00297,0.0012
21.10.2025 14:12:58.220 UTC,1.40332,1.40321,0.00297,0.0012
21.10.2025 14:12:58.323 UTC,1.40332,1.40321,0.00252,0.00135
21.10.2025 14:12:58.578 UTC,1.40331,1.40321,0.00147,0.0012
21.10.2025 14:12:58.681 UTC,1.40332,1.40319,0.00297,0.0012
21.10.2025 14:12:59.238 UTC,1.40332,1.40319,0.00297,0.00135
21.10.2025 14:12:59.442 UTC,1.40331,1.4032,0.00297,0.00135
21.10.2025 14:12:59.745 UTC,1.40332,1.40319,0.00297,0.00135
21.10.2025 14:13:00.609 UTC,1.40331,1.4032,0.00297,0.00135
21.10.2025 14:13:02.329 UTC,1.40331,1.40317,0.00207,0.00225
21.10.2025 14:13:02.634 UTC,1.40331,1.40317,0.00207,0.0024
21.10.2025 14:13:04.534 UTC,1.4033,1.40317,0.00132,0.00315
21.10.2025 14:13:06.449 UTC,1.40329,1.40317,0.00147,0.00135
21.10.2025 14:13:06.856 UTC,1.40329,1.40317,0.00144,0.0018
21.10.2025 14:13:09.031 UTC,1.40329,1.40317,0.00297,0.0012
21.10.2025 14:13:09.083 UTC,1.40328,1.40315,0.00372,0.00225
21.10.2025 14:13:09.139 UTC,1.40326,1.40313,0.00237,0.00315
21.10.2025 14:13:09.244 UTC,1.40322,1.40313,0.00132,0.00135
21.10.2025 14:13:09.413 UTC,1.40324,1.40313,0.00135,0.0012
21.10.2025 14:13:09.516 UTC,1.40324,1.40314,0.00375,0.0012
21.10.2025 14:13:09.620 UTC,1.40323,1.40312,0.0012,0.00135
21.10.2025 14:13:09.724 UTC,1.40324,1.40311,0.00207,0.0012
21.10.2025 14:13:09.827 UTC,1.40322,1.40309,0.00147,0.0012
21.10.2025 14:13:10.237 UTC,1.40323,1.40311,0.00192,0.0012
21.10.2025 14:13:10.442 UTC,1.40323,1.4031,0.00282,0.00135
21.10.2025 14:13:10.596 UTC,1.40323,1.4031,0.00282,0.0012
21.10.2025 14:13:12.416 UTC,1.40324,1.40311,0.00297,0.0012
21.10.2025 14:13:13.374 UTC,1.40322,1.40311,0.00237,0.00135
21.10.2025 14:13:13.478 UTC,1.40322,1.40309,0.00282,0.0012
21.10.2025 14:13:13.735 UTC,1.40321,1.40308,0.00282,0.0012
21.10.2025 14:13:14.597 UTC,1.40321,1.40308,0.00207,0.00225
21.10.2025 14:13:17.822 UTC,1.40321,1.40308,0.00192,0.00225
21.10.2025 14:13:19.836 UTC,1.40321,1.40308,0.00297,0.00135
21.10.2025 14:13:19.989 UTC,1.40321,1.40308,0.00207,0.00225
21.10.2025 14:13:20.091 UTC,1.4032,1.40308,0.00192,0.0012
21.10.2025 14:13:23.230 UTC,1.40321,1.40308,0.00297,0.00135
21.10.2025 14:13:23.339 UTC,1.4032,1.40309,0.00252,0.0018
21.10.2025 14:13:23.444 UTC,1.4032,1.40309,0.00297,0.00135
21.10.2025 14:13:24.151 UTC,1.40321,1.40308,0.00252,0.0018
21.10.2025 14:13:24.254 UTC,1.40321,1.40308,0.00297,0.00135
21.10.2025 14:13:24.408 UTC,1.40322,1.40309,0.00192,0.0018
21.10.2025 14:13:24.511 UTC,1.40321,1.4031,0.00147,0.00135
21.10.2025 14:13:24.716 UTC,1.40321,1.4031,0.00147,0.0018
21.10.2025 14:13:25.170 UTC,1.40322,1.40309,0.00282,0.00135
21.10.2025 14:13:26.135 UTC,1.40322,1.40311,0.00204,0.00135
21.10.2025 14:13:26.187 UTC,1.40325,1.40313,0.00132,0.0012
21.10.2025 14:13:26.291 UTC,1.40325,1.40312,0.00297,0.0012
21.10.2025 14:13:26.902 UTC,1.40326,1.40313,0.00297,0.0012
21.10.2025 14:13:27.005 UTC,1.40327,1.40314,0.00147,0.0018
21.10.2025 14:13:27.109 UTC,1.40327,1.40314,0.00144,0.0018
21.10.2025 14:13:27.212 UTC,1.40327,1.40314,0.00282,0.0012
21.10.2025 14:13:27.569 UTC,1.40327,1.40314,0.00192,0.0018
21.10.2025 14:13:27.672 UTC,1.40326,1.40314,0.00147,0.0018
21.10.2025 14:13:27.825 UTC,1.40326,1.40314,0.00147,0.00135
21.10.2025 14:13:28.835 UTC,1.40325,1.40315,0.00135,0.00135
21.10.2025 14:13:30.431 UTC,1.40325,1.40315,0.0018,0.0012
21.10.2025 14:13:33.360 UTC,1.40325,1.40313,0.0018,0.0012
21.10.2025 14:13:33.514 UTC,1.40325,1.40313,0.00195,0.0012
21.10.2025 14:13:33.822 UTC,1.40324,1.40312,0.00279,0.0012
21.10.2025 14:13:33.874 UTC,1.40324,1.4031,0.00369,0.00135
21.10.2025 14:13:33.977 UTC,1.40324,1.4031,0.00384,0.00135
21.10.2025 14:13:34.081 UTC,1.40322,1.40309,0.00324,0.0012
21.10.2025 14:13:34.183 UTC,1.40322,1.40309,0.00339,0.0012
21.10.2025 14:13:34.741 UTC,1.40323,1.4031,0.00249,0.0012
21.10.2025 14:13:34.843 UTC,1.40323,1.4031,0.0012,0.00135
21.10.2025 14:13:36.015 UTC,1.40322,1.40309,0.00279,0.0012
21.10.2025 14:13:36.169 UTC,1.40322,1.40309,0.00294,0.0012
21.10.2025 14:13:36.781 UTC,1.40321,1.40309,0.0018,0.0012
21.10.2025 14:13:36.886 UTC,1.40321,1.40308,0.0024,0.00225
21.10.2025 14:13:38.157 UTC,1.4032,1.40309,0.0024,0.0018
21.10.2025 14:13:38.261 UTC,1.40322,1.40312,0.00195,0.0012
21.10.2025 14:13:38.364 UTC,1.40323,1.40311,0.00204,0.0012
21.10.2025 14:13:38.467 UTC,1.40322,1.4031,0.0018,0.0012
21.10.2025 14:13:39.323 UTC,1.40322,1.40312,0.0018,0.0012
21.10.2025 14:13:39.477 UTC,1.40324,1.40311,0.00285,0.0012
21.10.2025 14:13:39.580 UTC,1.40321,1.40311,0.0012,0.0012
21.10.2025 14:13:41.451 UTC,1.40322,1.40312,0.00195,0.0012
21.10.2025 14:13:42.214 UTC,1.40322,1.4031,0.00189,0.0012
21.10.2025 14:13:42.368 UTC,1.40322,1.4031,0.00294,0.0012
21.10.2025 14:13:50.575 UTC,1.40322,1.40308,0.00294,0.0018
21.10.2025 14:13:50.678 UTC,1.40319,1.40309,0.00135,0.0012
21.10.2025 14:13:50.780 UTC,1.4032,1.40308,0.00195,0.0012
21.10.2025 14:13:53.050 UTC,1.40317,1.40307,0.00282,0.0012
21.10.2025 14:13:53.103 UTC,1.40312,1.40304,0.00132,0.0018
21.10.2025 14:13:53.206 UTC,1.40311,1.40304,0.00279,0.00135
21.10.2025 14:13:55.737 UTC,1.4031,1.40304,0.00132,0.0012
21.10.2025 14:13:55.840 UTC,1.4031,1.40303,0.0012,0.0012
21.10.2025 14:13:56.599 UTC,1.40311,1.40303,0.00144,0.0012
21.10.2025 14:13:56.650 UTC,1.40312,1.40299,0.00297,0.0012
21.10.2025 14:13:56.753 UTC,1.40311,1.403,0.00297,0.00135
21.10.2025 14:13:57.866 UTC,1.40309,1.40299,0.00189,0.0012
21.10.2025 14:13:57.919 UTC,1.40307,1.40297,0.0012,0.0012
21.10.2025 14:13:58.022 UTC,1.40307,1.40296,0.0012,0.0012
21.10.2025 14:13:59.191 UTC,1.40307,1.40295,0.00387,0.0012
21.10.2025 14:13:59.243 UTC,1.403,1.40289,0.0012,0.00195
21.10.2025 14:13:59.407 UTC,1.40301,1.40289,0.00192,0.0012
21.10.2025 14:13:59.510 UTC,1.40301,1.40288,0.00249,0.0012
21.10.2025 14:14:00.021 UTC,1.40301,1.40288,0.00234,0.0012
21.10.2025 14:14:01.991 UTC,1.40299,1.40288,0.0012,0.00135
21.10.2025 14:14:02.244 UTC,1.403,1.40288,0.0012,0.00135
21.10.2025 14:14:02.497 UTC,1.403,1.40287,0.0012,0.00315
21.10.2025 14:14:03.003 UTC,1.403,1.40287,0.0012,0.0033
21.10.2025 14:14:03.356 UTC,1.403,1.40287,0.00135,0.00315
21.10.2025 14:14:03.808 UTC,1.403,1.40287,0.0012,0.0033
21.10.2025 14:14:04.666 UTC,1.403,1.40287,0.0012,0.00285
21.10.2025 14:14:05.118 UTC,1.403,1.40287,0.0012,0.0033
21.10.2025 14:14:05.576 UTC,1.403,1.40287,0.0012,0.00315
21.10.2025 14:14:05.829 UTC,1.403,1.40287,0.0012,0.0033
21.10.2025 14:14:06.335 UTC,1.40304,1.40293,0.00285,0.0012
21.10.2025 14:14:06.438 UTC,1.40304,1.40293,0.00225,0.0012
21.10.2025 14:14:06.591 UTC,1.40304,1.40292,0.00225,0.0018
21.10.2025 14:14:07.615 UTC,1.40303,1.40294,0.00135,0.0012
21.10.2025 14:14:07.718 UTC,1.40305,1.40293,0.0012,0.0012
21.10.2025 14:14:08.022 UTC,1.40306,1.40295,0.00135,0.0012
21.10.2025 14:14:08.126 UTC,1.40307,1.40296,0.0018,0.0012
21.10.2025 14:14:08.232 UTC,1.40307,1.40296,0.0012,0.0012
21.10.2025 14:14:08.336 UTC,1.40307,1.40294,0.0012,0.0027
21.10.2025 14:14:08.489 UTC,1.40306,1.40296,0.00135,0.0012
21.10.2025 14:14:09.848 UTC,1.40306,1.40295,0.0012,0.00315
21.10.2025 14:14:10.002 UTC,1.40305,1.40293,0.00144,0.00405
21.10.2025 14:14:10.054 UTC,1.403,1.40291,0.0012,0.00135
21.10.2025 14:14:10.158 UTC,1.40298,1.40292,0.0012,0.0012
21.10.2025 14:14:13.935 UTC,1.40297,1.40286,0.0012,0.00135
21.10.2025 14:14:13.988 UTC,1.40293,1.40284,0.0012,0.0012
21.10.2025 14:14:16.323 UTC,1.40292,1.40281,0.0012,0.0012
21.10.2025 14:14:16.427 UTC,1.4029,1.40278,0.0012,0.00135
21.10.2025 14:14:17.740 UTC,1.40288,1.40278,0.0012,0.0012
21.10.2025 14:14:17.843 UTC,1.40287,1.40278,0.0012,0.0012
21.10.2025 14:14:18.099 UTC,1.40287,1.40279,0.0012,0.0012
21.10.2025 14:14:18.252 UTC,1.40289,1.40278,0.0012,0.0012
21.10.2025 14:14:19.414 UTC,1.40289,1.40277,0.0012,0.0024
21.10.2025 14:14:20.276 UTC,1.40292,1.40279,0.00135,0.0018
21.10.2025 14:14:20.633 UTC,1.40291,1.40278,0.0012,0.0018
21.10.2025 14:14:20.735 UTC,1.4029,1.40279,0.0012,0.0012
21.10.2025 14:14:20.889 UTC,1.4029,1.40278,0.0012,0.00285
21.10.2025 14:14:22.042 UTC,1.40291,1.40278,0.00135,0.00195
21.10.2025 14:14:22.145 UTC,1.4029,1.40278,0.0012,0.0024
21.10.2025 14:14:22.353 UTC,1.40288,1.40277,0.0012,0.00192
21.10.2025 14:14:22.456 UTC,1.40287,1.40278,0.0012,0.00135
21.10.2025 14:14:22.509 UTC,1.40279,1.4027,0.0012,0.00612
21.10.2025 14:14:22.612 UTC,1.40279,1.40268,0.0012,0.0018
21.10.2025 14:14:23.124 UTC,1.40276,1.40268,0.0012,0.00135
21.10.2025 14:14:23.228 UTC,1.40277,1.40269,0.0012,0.0012
21.10.2025 14:14:23.331 UTC,1.40278,1.40267,0.0012,0.00135
21.10.2025 14:14:23.842 UTC,1.40278,1.40267,0.0012,0.0018
21.10.2025 14:14:24.200 UTC,1.40278,1.40267,0.0012,0.00135
21.10.2025 14:14:24.453 UTC,1.40277,1.40268,0.0012,0.0018
21.10.2025 14:14:24.557 UTC,1.40277,1.40268,0.0012,0.00144
21.10.2025 14:14:24.661 UTC,1.40278,1.40268,0.0012,0.0012
21.10.2025 14:14:26.079 UTC,1.40278,1.40267,0.0012,0.0012
21.10.2025 14:14:26.534 UTC,1.40278,1.40267,0.0012,0.0018
21.10.2025 14:14:27.593 UTC,1.40276,1.40267,0.0012,0.00135
21.10.2025 14:14:27.646 UTC,1.40275,1.40263,0.0012,0.00204
21.10.2025 14:14:27.750 UTC,1.40275,1.40263,0.00135,0.00234
21.10.2025 14:14:27.803 UTC,1.40276,1.40266,0.0018,0.0012
21.10.2025 14:14:27.908 UTC,1.40278,1.40267,0.0018,0.00135
21.10.2025 14:14:28.010 UTC,1.40278,1.40267,0.00135,0.00135
21.10.2025 14:14:28.774 UTC,1.40278,1.40267,0.0012,0.0018
21.10.2025 14:14:30.389 UTC,1.40277,1.40267,0.0012,0.00192
21.10.2025 14:14:30.442 UTC,1.40276,1.40264,0.0012,0.0012
21.10.2025 14:14:30.546 UTC,1.40274,1.40265,0.0012,0.0018
21.10.2025 14:14:31.156 UTC,1.40276,1.40265,0.0012,0.00192
21.10.2025 14:14:31.209 UTC,1.40278,1.40266,0.00135,0.00192
21.10.2025 14:14:33.531 UTC,1.40279,1.40267,0.00135,0.00192
21.10.2025 14:14:33.633 UTC,1.40279,1.40267,0.0012,0.00192
21.10.2025 14:14:33.892 UTC,1.4028,1.40271,0.0012,0.00144
21.10.2025 14:14:33.945 UTC,1.40285,1.40272,0.0018,0.00159
21.10.2025 14:14:34.100 UTC,1.40284,1.40272,0.0012,0.00144
21.10.2025 14:14:34.254 UTC,1.40285,1.40273,0.0012,0.0024
21.10.2025 14:14:34.357 UTC,1.40284,1.40276,0.0012,0.0012
21.10.2025 14:14:34.512 UTC,1.40285,1.40276,0.0012,0.00135
21.10.2025 14:14:34.767 UTC,1.40285,1.40271,0.0012,0.00486
21.10.2025 14:14:34.870 UTC,1.40284,1.40272,0.0012,0.0012
21.10.2025 14:14:35.026 UTC,1.40285,1.40272,0.0012,0.00192
21.10.2025 14:14:35.485 UTC,1.40284,1.40273,0.0012,0.00192
21.10.2025 14:14:36.382 UTC,1.40284,1.40273,0.0012,0.0012
21.10.2025 14:14:36.485 UTC,1.40284,1.40274,0.0012,0.00135
21.10.2025 14:14:37.196 UTC,1.40284,1.40275,0.0012,0.00135
21.10.2025 14:14:37.300 UTC,1.40286,1.40276,0.0012,0.0012
21.10.2025 14:14:37.758 UTC,1.40284,1.40276,0.0012,0.00225
21.10.2025 14:14:37.861 UTC,1.40284,1.40274,0.0012,0.0018
21.10.2025 14:14:38.065 UTC,1.40286,1.40273,0.0012,0.0018
21.10.2025 14:14:38.167 UTC,1.40285,1.40273,0.0012,0.00195
21.10.2025 14:14:38.675 UTC,1.40284,1.40271,0.0012,0.00225
21.10.2025 14:14:38.779 UTC,1.40284,1.40272,0.0012,0.00225
21.10.2025 14:14:38.984 UTC,1.40284,1.40272,0.0012,0.0024
21.10.2025 14:14:39.188 UTC,1.40283,1.40274,0.0012,0.0018
21.10.2025 14:14:39.846 UTC,1.40284,1.40274,0.00135,0.00195
21.10.2025 14:14:39.948 UTC,1.40285,1.40273,0.0012,0.0024
21.10.2025 14:14:42.016 UTC,1.40284,1.40274,0.0012,0.00195
21.10.2025 14:14:42.118 UTC,1.40284,1.40274,0.0012,0.0024
21.10.2025 14:14:44.117 UTC,1.40284,1.40271,0.0012,0.00135
21.10.2025 14:14:44.221 UTC,1.40282,1.40271,0.0012,0.0024
21.10.2025 14:14:44.323 UTC,1.40283,1.4027,0.0012,0.0018
21.10.2025 14:14:44.578 UTC,1.40283,1.40271,0.00135,0.0012
21.10.2025 14:14:45.135 UTC,1.40284,1.40271,0.00135,0.00315
21.10.2025 14:14:45.387 UTC,1.40284,1.40271,0.00135,0.0033
21.10.2025 14:14:46.247 UTC,1.40283,1.40271,0.0012,0.0018
21.10.2025 14:14:46.399 UTC,1.40282,1.40272,0.0012,0.0012
21.10.2025 14:14:46.452 UTC,1.40282,1.4027,0.00192,0.0012
21.10.2025 14:14:51.284 UTC,1.40281,1.40272,0.0018,0.0012
21.10.2025 14:14:51.391 UTC,1.40284,1.40272,0.00135,0.00135
21.10.2025 14:14:51.495 UTC,1.40284,1.40271,0.00135,0.00135
21.10.2025 14:14:51.699 UTC,1.40284,1.40271,0.00135,0.0024
21.10.2025 14:14:52.506 UTC,1.40283,1.40273,0.00135,0.0018
21.10.2025 14:14:53.668 UTC,1.40284,1.40272,0.00135,0.00135
21.10.2025 14:14:53.973 UTC,1.40282,1.4027,0.0012,0.0018
21.10.2025 14:14:54.026 UTC,1.40282,1.40269,0.0018,0.0018
21.10.2025 14:14:54.129 UTC,1.40281,1.40268,0.0012,0.0033
21.10.2025 14:14:55.797 UTC,1.4028,1.40269,0.00135,0.00225
21.10.2025 14:14:58.008 UTC,1.4028,1.40268,0.0012,0.00225
21.10.2025 14:14:59.640 UTC,1.40279,1.40269,0.0012,0.0024
21.10.2025 14:15:00.253 UTC,1.40281,1.40268,0.00135,0.00225
21.10.2025 14:15:00.356 UTC,1.40281,1.40268,0.00135,0.0024
21.10.2025 14:15:01.016 UTC,1.40281,1.40268,0.00135,0.00135
21.10.2025 14:15:01.319 UTC,1.4028,1.40269,0.00135,0.0018
21.10.2025 14:15:02.576 UTC,1.4028,1.40268,0.0012,0.00135
21.10.2025 14:15:02.628 UTC,1.40277,1.40266,0.0012,0.0024
21.10.2025 14:15:02.731 UTC,1.40278,1.40267,0.00135,0.0018
21.10.2025 14:15:02.987 UTC,1.4028,1.40268,0.0018,0.0012
21.10.2025 14:15:03.090 UTC,1.40279,1.40269,0.00135,0.0012
21.10.2025 14:15:03.901 UTC,1.4028,1.40268,0.00135,0.0018
21.10.2025 14:15:04.154 UTC,1.40279,1.40269,0.00135,0.00135
21.10.2025 14:15:04.609 UTC,1.4028,1.40268,0.00135,0.0018
21.10.2025 14:15:04.761 UTC,1.40279,1.40269,0.00135,0.0012
21.10.2025 14:15:05.570 UTC,1.4028,1.40267,0.00135,0.00225
21.10.2025 14:15:06.427 UTC,1.4028,1.40267,0.0018,0.0024
21.10.2025 14:15:07.198 UTC,1.4028,1.40267,0.0018,0.00225
21.10.2025 14:15:08.360 UTC,1.4028,1.40267,0.0018,0.0018
21.10.2025 14:15:09.469 UTC,1.40279,1.40266,0.0018,0.00315
21.10.2025 14:15:10.528 UTC,1.40279,1.40268,0.0018,0.0024
21.10.2025 14:15:10.649 UTC,1.4028,1.40269,0.0024,0.00135
21.10.2025 14:15:10.754 UTC,1.40281,1.40268,0.0018,0.0024
21.10.2025 14:15:10.856 UTC,1.4028,1.40269,0.00135,0.0024
21.10.2025 14:15:11.060 UTC,1.40281,1.40268,0.00192,0.00135
21.10.2025 14:15:11.264 UTC,1.40279,1.40268,0.00135,0.00135
21.10.2025 14:15:11.366 UTC,1.4028,1.40267,0.00192,0.00135
21.10.2025 14:15:13.086 UTC,1.4028,1.40266,0.00144,0.0033
21.10.2025 14:15:13.189 UTC,1.40281,1.40268,0.0018,0.00135
21.10.2025 14:15:13.293 UTC,1.40281,1.40268,0.0018,0.0033
21.10.2025 14:15:13.453 UTC,1.40282,1.40269,0.0018,0.00135
21.10.2025 14:15:13.570 UTC,1.40282,1.40269,0.0018,0.00195
21.10.2025 14:15:13.673 UTC,1.40282,1.40269,0.0018,0.0024
21.10.2025 14:15:13.775 UTC,1.40282,1.40269,0.0018,0.00225
21.10.2025 14:15:13.928 UTC,1.40283,1.40272,0.00369,0.00135
21.10.2025 14:15:14.184 UTC,1.40282,1.40271,0.00135,0.0033
21.10.2025 14:15:14.286 UTC,1.40283,1.4027,0.00135,0.00225
21.10.2025 14:15:14.741 UTC,1.40283,1.4027,0.00135,0.0033
21.10.2025 14:15:14.995 UTC,1.40282,1.40271,0.00135,0.00315
21.10.2025 14:15:15.701 UTC,1.40282,1.40268,0.0012,0.00225
21.10.2025 14:15:15.803 UTC,1.40281,1.40269,0.0018,0.00225
21.10.2025 14:15:15.956 UTC,1.40282,1.40268,0.00195,0.0024
21.10.2025 14:15:16.108 UTC,1.40282,1.40268,0.00195,0.00225
21.10.2025 14:15:16.260 UTC,1.40281,1.40269,0.00195,0.0024
21.10.2025 14:15:16.462 UTC,1.40282,1.40268,0.0018,0.00285
21.10.2025 14:15:16.665 UTC,1.40282,1.40268,0.0018,0.0033
21.10.2025 14:15:16.817 UTC,1.40282,1.40268,0.0018,0.00285
21.10.2025 14:15:17.020 UTC,1.40282,1.40269,0.0018,0.00135
21.10.2025 14:15:17.528 UTC,1.40281,1.4027,0.0018,0.0018
21.10.2025 14:15:17.785 UTC,1.40282,1.4027,0.00135,0.0024
21.10.2025 14:15:18.547 UTC,1.40281,1.40268,0.0012,0.0027
21.10.2025 14:15:18.953 UTC,1.40281,1.40269,0.00135,0.00135
21.10.2025 14:15:19.055 UTC,1.40281,1.40269,0.00135,0.0018
21.10.2025 14:15:19.209 UTC,1.40282,1.4027,0.00135,0.00135
21.10.2025 14:15:19.310 UTC,1.40282,1.4027,0.00135,0.0018
21.10.2025 14:15:19.463 UTC,1.40282,1.40269,0.00135,0.00285
21.10.2025 14:15:20.018 UTC,1.40282,1.40269,0.00144,0.00225
21.10.2025 14:15:20.171 UTC,1.40281,1.40268,0.00135,0.0024
21.10.2025 14:15:20.475 UTC,1.40281,1.40268,0.00135,0.00195
21.10.2025 14:15:20.628 UTC,1.40281,1.40268,0.00135,0.0024
21.10.2025 14:15:20.833 UTC,1.4028,1.40269,0.00135,0.00195
21.10.2025 14:15:20.985 UTC,1.40281,1.40268,0.00135,0.0024
21.10.2025 14:15:21.188 UTC,1.40281,1.40268,0.00135,0.00195
21.10.2025 14:15:21.290 UTC,1.40281,1.40268,0.00135,0.0024
21.10.2025 14:15:21.392 UTC,1.4028,1.40269,0.00135,0.00195
21.10.2025 14:15:22.247 UTC,1.40281,1.40268,0.00135,0.0024
21.10.2025 14:15:22.801 UTC,1.40283,1.4027,0.0018,0.00225
21.10.2025 14:15:22.956 UTC,1.40282,1.40271,0.00252,0.00135
21.10.2025 14:15:23.059 UTC,1.40282,1.40268,0.00279,0.00225
21.10.2025 14:15:23.161 UTC,1.40282,1.40271,0.00192,0.0018
21.10.2025 14:15:23.314 UTC,1.40283,1.40269,0.00192,0.00285
21.10.2025 14:15:23.621 UTC,1.40282,1.4027,0.00249,0.00195
21.10.2025 14:15:23.975 UTC,1.40282,1.4027,0.00249,0.0024
21.10.2025 14:15:25.139 UTC,1.40281,1.4027,0.00132,0.00135
21.10.2025 14:15:25.242 UTC,1.40282,1.4027,0.00297,0.0018
21.10.2025 14:15:25.948 UTC,1.40281,1.4027,0.00132,0.00135
21.10.2025 14:15:26.053 UTC,1.40282,1.4027,0.00297,0.0018
21.10.2025 14:15:26.157 UTC,1.40282,1.4027,0.00204,0.00225
21.10.2025 14:15:26.260 UTC,1.40283,1.40269,0.00204,0.00225
21.10.2025 14:15:26.413 UTC,1.40283,1.40269,0.00204,0.0033
21.10.2025 14:15:26.870 UTC,1.40283,1.4027,0.0018,0.0018
21.10.2025 14:15:26.974 UTC,1.40284,1.40272,0.0018,0.0024
21.10.2025 14:15:27.077 UTC,1.40284,1.40272,0.00135,0.0018
21.10.2025 14:15:27.732 UTC,1.40284,1.40272,0.00135,0.00135
21.10.2025 14:15:27.886 UTC,1.40284,1.40271,0.00234,0.00135
21.10.2025 14:15:27.990 UTC,1.40284,1.40271,0.00192,0.00135
21.10.2025 14:15:28.142 UTC,1.40283,1.4027,0.00135,0.00225
21.10.2025 14:15:28.244 UTC,1.40283,1.4027,0.00135,0.0033
21.10.2025 14:15:28.501 UTC,1.40284,1.40272,0.00135,0.00225
21.10.2025 14:15:28.795 UTC,1.40284,1.40272,0.00135,0.0024
21.10.2025 14:15:29.655 UTC,1.40284,1.40272,0.00135,0.0018
21.10.2025 14:15:30.210 UTC,1.40283,1.40272,0.00144,0.0024
21.10.2025 14:15:30.313 UTC,1.40283,1.40271,0.00135,0.0012
21.10.2025 14:15:32.484 UTC,1.40283,1.40271,0.00135,0.0018
21.10.2025 14:15:33.094 UTC,1.40283,1.40271,0.00135,0.0024
21.10.2025 14:15:33.197 UTC,1.40283,1.40271,0.00135,0.00225
21.10.2025 14:15:33.957 UTC,1.40285,1.40273,0.0018,0.0018
21.10.2025 14:15:34.062 UTC,1.40286,1.40273,0.00195,0.00225
21.10.2025 14:15:35.177 UTC,1.40286,1.40273,0.00225,0.00135
21.10.2025 14:15:35.329 UTC,1.40286,1.40273,0.00225,0.0018
21.10.2025 14:15:37.190 UTC,1.40284,1.40271,0.00234,0.00315
21.10.2025 14:15:37.293 UTC,1.40283,1.40272,0.0012,0.0012
21.10.2025 14:15:37.598 UTC,1.40283,1.40271,0.00135,0.00315
21.10.2025 14:15:38.054 UTC,1.40283,1.40271,0.0018,0.00225
21.10.2025 14:15:39.370 UTC,1.40283,1.40271,0.00135,0.0012
21.10.2025 14:15:41.792 UTC,1.40282,1.40271,0.00132,0.0012
21.10.2025 14:15:41.997 UTC,1.40282,1.40272,0.00135,0.00135
21.10.2025 14:15:42.405 UTC,1.40283,1.40271,0.00135,0.0018
21.10.2025 14:15:42.611 UTC,1.40282,1.40272,0.00135,0.00135
21.10.2025 14:15:42.815 UTC,1.40284,1.40271,0.0024,0.0024
21.10.2025 14:15:42.966 UTC,1.40284,1.40271,0.0024,0.00225
21.10.2025 14:15:43.120 UTC,1.40282,1.40272,0.00135,0.0024
21.10.2025 14:15:43.223 UTC,1.40283,1.40271,0.00135,0.00225
21.10.2025 14:15:43.620 UTC,1.40283,1.40271,0.0012,0.0024
21.10.2025 14:15:44.273 UTC,1.40282,1.40272,0.0012,0.00225
21.10.2025 14:15:44.426 UTC,1.40283,1.40272,0.00225,0.00225
21.10.2025 14:15:44.528 UTC,1.40282,1.40272,0.0012,0.00225
21.10.2025 14:15:44.733 UTC,1.40283,1.40271,0.0012,0.0024
21.10.2025 14:15:45.288 UTC,1.40282,1.40272,0.00135,0.00144
21.10.2025 14:15:45.492 UTC,1.40282,1.40271,0.0012,0.00135
21.10.2025 14:15:45.997 UTC,1.40282,1.40272,0.00135,0.00135
21.10.2025 14:15:46.658 UTC,1.40282,1.40272,0.00135,0.0024
21.10.2025 14:15:46.760 UTC,1.40283,1.40271,0.00135,0.00135
21.10.2025 14:15:47.419 UTC,1.40284,1.40273,0.0018,0.0012
21.10.2025 14:15:47.573 UTC,1.40284,1.40271,0.00189,0.00135
21.10.2025 14:15:47.676 UTC,1.40284,1.40271,0.00225,0.00252
21.10.2025 14:15:48.133 UTC,1.40283,1.40271,0.0012,0.00135
21.10.2025 14:15:48.890 UTC,1.40283,1.40271,0.0012,0.0018
21.10.2025 14:15:50.044 UTC,1.40284,1.40271,0.00135,0.00192
21.10.2025 14:15:50.701 UTC,1.40285,1.40272,0.00192,0.0018
21.10.2025 14:15:50.753 UTC,1.40284,1.40271,0.00135,0.00234
21.10.2025 14:15:51.059 UTC,1.40284,1.40271,0.00135,0.00249
21.10.2025 14:15:51.314 UTC,1.40285,1.40272,0.00195,0.00234
21.10.2025 14:15:51.468 UTC,1.40285,1.40272,0.00294,0.00135
21.10.2025 14:15:51.569 UTC,1.40284,1.40271,0.0018,0.00234
21.10.2025 14:15:52.135 UTC,1.40284,1.40272,0.0018,0.00135
21.10.2025 14:15:52.491 UTC,1.40283,1.40272,0.00204,0.00225
21.10.2025 14:15:52.593 UTC,1.40283,1.40272,0.00192,0.0018
21.10.2025 14:15:52.697 UTC,1.40282,1.40269,0.0018,0.00144
21.10.2025 14:15:53.356 UTC,1.4028,1.40271,0.0012,0.00132
21.10.2025 14:15:53.459 UTC,1.40284,1.40272,0.00195,0.00234
21.10.2025 14:15:53.511 UTC,1.40283,1.40273,0.0018,0.00234
21.10.2025 14:15:54.319 UTC,1.40285,1.40273,0.00384,0.00249
21.10.2025 14:15:54.421 UTC,1.40284,1.40273,0.0012,0.00234
21.10.2025 14:15:54.674 UTC,1.40286,1.40272,0.00384,0.00249
21.10.2025 14:15:55.078 UTC,1.40284,1.40273,0.00132,0.00135
21.10.2025 14:15:59.713 UTC,1.40285,1.40272,0.00249,0.0018
21.10.2025 14:15:59.815 UTC,1.40284,1.40273,0.00249,0.00135
21.10.2025 14:16:00.619 UTC,1.40284,1.40271,0.0018,0.00249
21.10.2025 14:16:00.871 UTC,1.40284,1.40271,0.00195,0.00234
21.10.2025 14:16:01.229 UTC,1.40283,1.4027,0.00135,0.00144
21.10.2025 14:16:01.332 UTC,1.40282,1.40269,0.00249,0.00135
21.10.2025 14:16:01.536 UTC,1.40282,1.40269,0.00249,0.0024
21.10.2025 14:16:01.639 UTC,1.40281,1.4027,0.00249,0.00225
21.10.2025 14:16:01.891 UTC,1.40281,1.4027,0.00249,0.0024
21.10.2025 14:16:02.094 UTC,1.40282,1.40269,0.00249,0.00135
21.10.2025 14:16:02.198 UTC,1.40272,1.40259,0.00327,0.0099
21.10.2025 14:16:02.301 UTC,1.40269,1.40259,0.00249,0.0012
21.10.2025 14:16:02.404 UTC,1.4027,1.40258,0.00249,0.0012
21.10.2025 14:16:02.507 UTC,1.4027,1.40257,0.00249,0.0018
21.10.2025 14:16:03.220 UTC,1.4027,1.40257,0.00249,0.0024
21.10.2025 14:16:03.423 UTC,1.40269,1.40258,0.00249,0.00225
21.10.2025 14:16:05.590 UTC,1.40269,1.40259,0.00192,0.0012
21.10.2025 14:16:06.962 UTC,1.40269,1.40258,0.00249,0.0018
21.10.2025 14:16:10.338 UTC,1.4027,1.40258,0.00192,0.0012
21.10.2025 14:16:10.441 UTC,1.40272,1.40259,0.00294,0.0012
21.10.2025 14:16:10.544 UTC,1.40272,1.40259,0.00204,0.0018
21.10.2025 14:16:11.049 UTC,1.4027,1.4026,0.00192,0.00225
21.10.2025 14:16:11.100 UTC,1.40271,1.40261,0.00192,0.0012
21.10.2025 14:16:11.607 UTC,1.4027,1.4026,0.00192,0.0024
21.10.2025 14:16:11.709 UTC,1.40271,1.40259,0.00192,0.00225
21.10.2025 14:16:12.366 UTC,1.4027,1.4026,0.0018,0.0024
21.10.2025 14:16:12.469 UTC,1.40271,1.40259,0.0018,0.00135
21.10.2025 14:16:12.572 UTC,1.4027,1.4026,0.0018,0.0018
21.10.2025 14:16:12.827 UTC,1.4027,1.4026,0.00192,0.00135
21.10.2025 14:16:12.930 UTC,1.40271,1.40259,0.00144,0.00225
21.10.2025 14:16:13.032 UTC,1.40271,1.40259,0.0018,0.00225
21.10.2025 14:16:14.032 UTC,1.4027,1.4026,0.0018,0.0024
21.10.2025 14:16:14.191 UTC,1.40271,1.40259,0.0018,0.00225
21.10.2025 14:16:14.294 UTC,1.40273,1.40259,0.00195,0.0033
21.10.2025 14:16:14.397 UTC,1.40274,1.40261,0.00294,0.0012
21.10.2025 14:16:14.552 UTC,1.40275,1.40262,0.0018,0.00144
21.10.2025 14:16:14.655 UTC,1.40276,1.40263,0.00294,0.0012
21.10.2025 14:16:14.910 UTC,1.40274,1.40261,0.00279,0.0012
21.10.2025 14:16:15.013 UTC,1.40273,1.40261,0.0012,0.0012
21.10.2025 14:16:15.065 UTC,1.40272,1.4026,0.0018,0.00135
21.10.2025 14:16:15.168 UTC,1.40271,1.40262,0.00195,0.0012
21.10.2025 14:16:15.372 UTC,1.40272,1.4026,0.0018,0.00135
21.10.2025 14:16:18.295 UTC,1.40272,1.4026,0.00195,0.0012
21.10.2025 14:16:18.398 UTC,1.4027,1.40258,0.00135,0.00225
21.10.2025 14:16:18.502 UTC,1.40267,1.40257,0.00132,0.0018
21.10.2025 14:16:18.607 UTC,1.40264,1.40257,0.00189,0.0012
21.10.2025 14:16:18.660 UTC,1.40262,1.40254,0.0012,0.0027
21.10.2025 14:16:18.815 UTC,1.40262,1.40252,0.00135,0.0012
21.10.2025 14:16:18.917 UTC,1.40261,1.40252,0.0018,0.0018
21.10.2025 14:16:19.223 UTC,1.40262,1.40249,0.00192,0.0018
21.10.2025 14:16:19.932 UTC,1.40262,1.40249,0.0018,0.0024
21.10.2025 14:16:20.590 UTC,1.40262,1.40249,0.00192,0.00225
21.10.2025 14:16:20.998 UTC,1.40261,1.4025,0.00192,0.0024
21.10.2025 14:16:21.856 UTC,1.40261,1.4025,0.00195,0.00225
21.10.2025 14:16:22.211 UTC,1.40262,1.40249,0.0018,0.0024
21.10.2025 14:16:23.023 UTC,1.40264,1.4025,0.00375,0.00225
21.10.2025 14:16:23.075 UTC,1.40264,1.40252,0.00285,0.0012
21.10.2025 14:16:23.837 UTC,1.40263,1.4025,0.00234,0.00135
21.10.2025 14:16:23.939 UTC,1.40263,1.4025,0.00294,0.0012
21.10.2025 14:16:24.649 UTC,1.40261,1.40249,0.00189,0.0012
21.10.2025 14:16:24.752 UTC,1.4026,1.40249,0.0024,0.0024
21.10.2025 14:16:24.854 UTC,1.4026,1.40249,0.0024,0.00225
21.10.2025 14:16:24.957 UTC,1.40261,1.40248,0.00225,0.00225
21.10.2025 14:16:25.566 UTC,1.40261,1.4025,0.00285,0.0018
21.10.2025 14:16:26.227 UTC,1.40262,1.40249,0.00249,0.0024
21.10.2025 14:16:26.329 UTC,1.40261,1.4025,0.00294,0.00225
21.10.2025 14:16:27.346 UTC,1.4026,1.40247,0.0012,0.00225
21.10.2025 14:16:27.877 UTC,1.40257,1.40247,0.00132,0.0012
21.10.2025 14:16:27.982 UTC,1.40258,1.40245,0.00339,0.0012
21.10.2025 14:16:29.345 UTC,1.40253,1.40245,0.0012,0.0012
21.10.2025 14:16:29.398 UTC,1.40254,1.40242,0.0012,0.0012
21.10.2025 14:16:30.061 UTC,1.40255,1.40242,0.00192,0.0024
21.10.2025 14:16:30.366 UTC,1.40255,1.40242,0.00294,0.00225
21.10.2025 14:16:30.468 UTC,1.40255,1.40242,0.00249,0.0024
21.10.2025 14:16:30.570 UTC,1.40255,1.40242,0.00204,0.00225
21.10.2025 14:16:30.772 UTC,1.40255,1.40242,0.00192,0.0024
21.10.2025 14:16:30.924 UTC,1.40255,1.40242,0.00204,0.00225
21.10.2025 14:16:31.028 UTC,1.40256,1.40243,0.00384,0.00135
21.10.2025 14:16:31.080 UTC,1.40258,1.40246,0.00195,0.0012
21.10.2025 14:16:31.183 UTC,1.40259,1.40247,0.0018,0.0018
21.10.2025 14:16:31.644 UTC,1.4026,1.40248,0.00249,0.0012
21.10.2025 14:16:31.798 UTC,1.40259,1.40248,0.00249,0.0018
21.10.2025 14:16:32.362 UTC,1.4026,1.40247,0.00249,0.0024
21.10.2025 14:16:32.464 UTC,1.40259,1.40248,0.00249,0.00225
21.10.2025 14:16:32.822 UTC,1.40255,1.40247,0.0012,0.0012
21.10.2025 14:16:33.331 UTC,1.40258,1.40247,0.0024,0.00225
21.10.2025 14:16:33.434 UTC,1.40259,1.40247,0.0018,0.0018
21.10.2025 14:16:33.537 UTC,1.40259,1.40247,0.00225,0.0018
21.10.2025 14:16:36.075 UTC,1.40259,1.40247,0.0024,0.0012
21.10.2025 14:16:36.531 UTC,1.40258,1.40246,0.00135,0.0012
21.10.2025 14:16:38.702 UTC,1.40259,1.40248,0.00294,0.0012
21.10.2025 14:16:38.806 UTC,1.40259,1.40247,0.00135,0.0018
21.10.2025 14:16:40.276 UTC,1.4026,1.40248,0.00294,0.0012
21.10.2025 14:16:42.801 UTC,1.4026,1.40247,0.00195,0.00225
21.10.2025 14:16:43.360 UTC,1.40258,1.40246,0.00132,0.0012
21.10.2025 14:16:43.465 UTC,1.40256,1.40245,0.00234,0.0012
21.10.2025 14:16:43.568 UTC,1.40255,1.40245,0.00294,0.0012
21.10.2025 14:16:43.722 UTC,1.40255,1.40242,0.00135,0.00225
21.10.2025 14:16:46.306 UTC,1.40254,1.40243,0.00135,0.0024
21.10.2025 14:16:46.409 UTC,1.40256,1.40244,0.00135,0.00135
21.10.2025 14:16:48.329 UTC,1.40256,1.40243,0.00135,0.00135
21.10.2025 14:16:48.583 UTC,1.40253,1.40242,0.00189,0.0012
21.10.2025 14:16:48.685 UTC,1.40253,1.4024,0.0012,0.00315
21.10.2025 14:16:48.788 UTC,1.40251,1.40241,0.0012,0.00135
21.10.2025 14:16:49.856 UTC,1.40251,1.40239,0.0012,0.0012
21.10.2025 14:16:49.960 UTC,1.4025,1.40239,0.0012,0.0012
21.10.2025 14:16:56.213 UTC,1.40249,1.40239,0.00225,0.0012
21.10.2025 14:16:58.492 UTC,1.4025,1.40238,0.0012,0.0012
21.10.2025 14:16:58.699 UTC,1.40249,1.40238,0.0012,0.00285
21.10.2025 14:16:59.108 UTC,1.4025,1.40239,0.0012,0.00195
21.10.2025 14:16:59.214 UTC,1.40251,1.40238,0.0012,0.0018
21.10.2025 14:17:00.581 UTC,1.40251,1.4024,0.00135,0.00135
21.10.2025 14:17:00.685 UTC,1.40254,1.40242,0.0024,0.0018
21.10.2025 14:17:00.738 UTC,1.40254,1.40241,0.0018,0.00195
21.10.2025 14:17:00.790 UTC,1.40254,1.40241,0.0018,0.00144
21.10.2025 14:17:00.893 UTC,1.40253,1.40242,0.0012,0.0012
21.10.2025 14:17:01.608 UTC,1.40253,1.40247,0.0012,0.00315
21.10.2025 14:17:01.712 UTC,1.40258,1.40248,0.00195,0.0012
21.10.2025 14:17:01.815 UTC,1.40257,1.4025,0.00135,0.0012
21.10.2025 14:17:01.918 UTC,1.40257,1.40249,0.0012,0.0018
21.10.2025 14:17:03.490 UTC,1.40262,1.40252,0.00315,0.0012
21.10.2025 14:17:03.645 UTC,1.40262,1.40254,0.0012,0.0018
21.10.2025 14:17:03.902 UTC,1.40262,1.40254,0.0012,0.00135
21.10.2025 14:17:04.458 UTC,1.40262,1.40254,0.0012,0.0018
21.10.2025 14:17:04.661 UTC,1.40262,1.40254,0.0012,0.00135
21.10.2025 14:17:06.593 UTC,1.40262,1.40252,0.0012,0.00135
21.10.2025 14:17:06.748 UTC,1.40261,1.40254,0.0012,0.0012
21.10.2025 14:17:06.953 UTC,1.40262,1.40252,0.0012,0.0033
21.10.2025 14:17:08.673 UTC,1.40267,1.40255,0.0018,0.00225
21.10.2025 14:17:08.726 UTC,1.40261,1.40255,0.0012,0.0018
21.10.2025 14:17:09.083 UTC,1.40266,1.40255,0.00135,0.00195
21.10.2025 14:17:09.135 UTC,1.40261,1.40255,0.0012,0.0018
21.10.2025 14:17:09.192 UTC,1.40267,1.40254,0.00135,0.00195
21.10.2025 14:17:09.243 UTC,1.40261,1.40255,0.0012,0.0024
21.10.2025 14:17:09.906 UTC,1.40261,1.40255,0.0012,0.00225
21.10.2025 14:17:10.317 UTC,1.40262,1.40252,0.0012,0.0012
21.10.2025 14:17:10.522 UTC,1.40262,1.40251,0.0012,0.00225
21.10.2025 14:17:11.182 UTC,1.40262,1.40251,0.0012,0.0024
21.10.2025 14:17:11.886 UTC,1.40262,1.40251,0.0012,0.00285
21.10.2025 14:17:12.159 UTC,1.40262,1.40251,0.0012,0.0024
21.10.2025 14:17:12.312 UTC,1.40262,1.40251,0.0012,0.00225
21.10.2025 14:17:12.567 UTC,1.40262,1.40252,0.0012,0.00135
21.10.2025 14:17:12.973 UTC,1.40262,1.40252,0.0012,0.0024
21.10.2025 14:17:13.577 UTC,1.40261,1.40253,0.0012,0.00135
21.10.2025 14:17:13.831 UTC,1.40262,1.40252,0.0012,0.0018
21.10.2025 14:17:13.985 UTC,1.40262,1.40252,0.0012,0.0012
21.10.2025 14:17:14.189 UTC,1.40262,1.40251,0.0012,0.00225
21.10.2025 14:17:14.894 UTC,1.40262,1.40252,0.0012,0.0012
21.10.2025 14:17:15.352 UTC,1.40262,1.40252,0.0012,0.0018
21.10.2025 14:17:15.405 UTC,1.40268,1.40256,0.0018,0.0012
21.10.2025 14:17:15.508 UTC,1.40271,1.40257,0.00249,0.0012
21.10.2025 14:17:15.560 UTC,1.40271,1.40257,0.00258,0.0018
21.10.2025 14:17:16.677 UTC,1.40268,1.40255,0.00234,0.0012
21.10.2025 14:17:18.402 UTC,1.40264,1.40255,0.00192,0.0012
21.10.2025 14:17:18.454 UTC,1.40263,1.4025,0.00189,0.0018
21.10.2025 14:17:18.506 UTC,1.40263,1.4025,0.00252,0.0012
21.10.2025 14:17:20.880 UTC,1.40262,1.40249,0.00249,0.0012
21.10.2025 14:17:21.689 UTC,1.40261,1.40248,0.00192,0.0018
21.10.2025 14:17:22.700 UTC,1.40258,1.40248,0.00132,0.0012
21.10.2025 14:17:22.804 UTC,1.40253,1.4024,0.00189,0.0024
21.10.2025 14:17:22.857 UTC,1.40252,1.40241,0.00192,0.0012
21.10.2025 14:17:26.052 UTC,1.40251,1.4024,0.00279,0.00135
21.10.2025 14:17:26.205 UTC,1.40251,1.4024,0.00294,0.0012
21.10.2025 14:17:26.814 UTC,1.40251,1.40241,0.0018,0.00135
21.10.2025 14:17:27.109 UTC,1.40252,1.4024,0.00135,0.00135
21.10.2025 14:17:27.615 UTC,1.40252,1.40241,0.00249,0.0033
21.10.2025 14:17:27.768 UTC,1.40254,1.40241,0.00285,0.0024
21.10.2025 14:17:27.821 UTC,1.40254,1.40243,0.00135,0.00135
21.10.2025 14:17:28.127 UTC,1.40254,1.40243,0.00135,0.0018
21.10.2025 14:17:28.381 UTC,1.40254,1.40243,0.00135,0.00135
21.10.2025 14:17:28.484 UTC,1.40254,1.40244,0.00135,0.00225
21.10.2025 14:17:28.587 UTC,1.40254,1.40247,0.00135,0.0012
21.10.2025 14:17:29.197 UTC,1.4026,1.40247,0.0018,0.0018
21.10.2025 14:17:31.373 UTC,1.4026,1.40247,0.0018,0.0033
21.10.2025 14:17:31.575 UTC,1.40259,1.40248,0.0018,0.00315
21.10.2025 14:17:32.996 UTC,1.4026,1.40247,0.0018,0.0033
21.10.2025 14:17:33.505 UTC,1.4026,1.40247,0.0018,0.00285
21.10.2025 14:17:33.911 UTC,1.4026,1.40247,0.0018,0.00225
21.10.2025 14:17:34.416 UTC,1.4026,1.40249,0.00294,0.00135
21.10.2025 14:17:35.127 UTC,1.40261,1.40248,0.00249,0.0024
21.10.2025 14:17:35.379 UTC,1.40261,1.40248,0.00294,0.00225
21.10.2025 14:17:35.733 UTC,1.4026,1.40249,0.00294,0.00225
21.10.2025 14:17:36.291 UTC,1.40254,1.40246,0.00135,0.00225
21.10.2025 14:17:36.597 UTC,1.4026,1.40247,0.00294,0.00135
21.10.2025 14:17:37.153 UTC,1.4026,1.40247,0.00249,0.0018
21.10.2025 14:17:37.908 UTC,1.40258,1.40248,0.0012,0.0012
21.10.2025 14:17:39.929 UTC,1.4026,1.40249,0.00204,0.00225
21.10.2025 14:17:40.549 UTC,1.40261,1.40248,0.00204,0.00225
21.10.2025 14:17:45.497 UTC,1.4026,1.40249,0.00204,0.0024
21.10.2025 14:17:45.749 UTC,1.40261,1.40248,0.00192,0.00225
21.10.2025 14:17:46.053 UTC,1.4026,1.40249,0.00192,0.0024
21.10.2025 14:17:46.205 UTC,1.40261,1.40248,0.00204,0.00225
21.10.2025 14:17:46.611 UTC,1.40261,1.40248,0.00204,0.0024
21.10.2025 14:17:46.814 UTC,1.40261,1.40248,0.00204,0.00225
21.10.2025 14:17:47.825 UTC,1.40262,1.40249,0.0018,0.00225
21.10.2025 14:17:47.929 UTC,1.40262,1.40252,0.00204,0.0012
21.10.2025 14:17:48.083 UTC,1.40263,1.4025,0.00294,0.0012
21.10.2025 14:17:51.195 UTC,1.40262,1.40248,0.00303,0.00135
21.10.2025 14:17:51.349 UTC,1.40261,1.40249,0.00303,0.00135
21.10.2025 14:17:51.910 UTC,1.4026,1.40247,0.00135,0.00135
21.10.2025 14:17:52.820 UTC,1.40259,1.40248,0.00135,0.0033
21.10.2025 14:17:52.923 UTC,1.4026,1.40247,0.00135,0.00315
21.10.2025 14:17:54.193 UTC,1.4026,1.40248,0.00135,0.0012
21.10.2025 14:17:56.720 UTC,1.40262,1.40249,0.00204,0.0012
21.10.2025 14:17:56.828 UTC,1.4026,1.40249,0.00168,0.00135
21.10.2025 14:18:01.737 UTC,1.40259,1.40246,0.00213,0.0012
21.10.2025 14:18:01.840 UTC,1.40257,1.40245,0.0012,0.00135
21.10.2025 14:18:01.943 UTC,1.40256,1.40246,0.0012,0.00135
21.10.2025 14:18:02.045 UTC,1.40255,1.40247,0.0012,0.0012
21.10.2025 14:18:02.149 UTC,1.40259,1.40246,0.0012,0.00225
21.10.2025 14:18:02.302 UTC,1.40259,1.40247,0.0012,0.0012
21.10.2025 14:18:02.708 UTC,1.40256,1.40245,0.00135,0.00135
21.10.2025 14:18:02.861 UTC,1.40256,1.40243,0.00285,0.0018
21.10.2025 14:18:03.676 UTC,1.40257,1.40244,0.00132,0.00195
21.10.2025 14:18:03.729 UTC,1.40258,1.40246,0.0018,0.0012
21.10.2025 14:18:03.835 UTC,1.40256,1.40245,0.0018,0.0018
21.10.2025 14:18:04.298 UTC,1.40258,1.40246,0.0018,0.00135
21.10.2025 14:18:06.018 UTC,1.40258,1.40248,0.0018,0.00135
21.10.2025 14:18:06.070 UTC,1.40257,1.40245,0.00369,0.00135
21.10.2025 14:18:06.173 UTC,1.40256,1.40245,0.00294,0.0018
21.10.2025 14:18:12.159 UTC,1.40257,1.40245,0.0018,0.0018
21.10.2025 14:18:12.664 UTC,1.40257,1.40245,0.0018,0.00135
21.10.2025 14:18:12.766 UTC,1.40257,1.40245,0.0018,0.0018
21.10.2025 14:18:12.919 UTC,1.40256,1.40246,0.0018,0.00135
21.10.2025 14:18:14.885 UTC,1.40256,1.40246,0.00225,0.00135
21.10.2025 14:18:15.392 UTC,1.40257,1.40245,0.00135,0.0024
21.10.2025 14:18:16.097 UTC,1.40258,1.40246,0.0018,0.0024
21.10.2025 14:18:16.201 UTC,1.40259,1.40248,0.0018,0.00315
21.10.2025 14:18:16.303 UTC,1.40259,1.40248,0.0012,0.00315
21.10.2025 14:18:17.566 UTC,1.40258,1.40251,0.0012,0.0012
21.10.2025 14:18:17.671 UTC,1.40258,1.40253,0.0012,0.0012
21.10.2025 14:18:17.723 UTC,1.40267,1.40256,0.0033,0.0012
21.10.2025 14:18:17.826 UTC,1.40268,1.40255,0.0033,0.0012
21.10.2025 14:18:20.661 UTC,1.40267,1.40258,0.0018,0.0012
21.10.2025 14:18:23.243 UTC,1.40267,1.40255,0.00285,0.00132
21.10.2025 14:18:23.295 UTC,1.40261,1.40254,0.0012,0.0012
21.10.2025 14:18:23.398 UTC,1.4026,1.40254,0.0012,0.00132
21.10.2025 14:18:23.501 UTC,1.4026,1.40255,0.0012,0.00135
21.10.2025 14:18:23.605 UTC,1.40268,1.40257,0.00375,0.0012
21.10.2025 14:18:25.693 UTC,1.40262,1.40255,0.0012,0.0012
21.10.2025 14:18:25.805 UTC,1.40261,1.40255,0.0012,0.00132
21.10.2025 14:18:26.366 UTC,1.40262,1.40253,0.0012,0.00132
21.10.2025 14:18:26.524 UTC,1.40262,1.40252,0.0012,0.00132
21.10.2025 14:18:26.629 UTC,1.40262,1.4025,0.00225,0.00132
21.10.2025 14:18:26.731 UTC,1.40262,1.4025,0.00285,0.00132
21.10.2025 14:18:26.935 UTC,1.40262,1.40251,0.0018,0.00135
21.10.2025 14:18:26.988 UTC,1.40262,1.40253,0.0012,0.00132
21.10.2025 14:18:27.649 UTC,1.4027,1.40261,0.00225,0.00132
21.10.2025 14:18:27.701 UTC,1.40273,1.40259,0.0018,0.00132
21.10.2025 14:18:27.753 UTC,1.40272,1.40261,0.0018,0.00192
21.10.2025 14:18:28.009 UTC,1.40273,1.4026,0.00195,0.00132
21.10.2025 14:18:31.085 UTC,1.40272,1.4026,0.0012,0.00132
21.10.2025 14:18:34.201 UTC,1.40272,1.40261,0.00249,0.00132
21.10.2025 14:18:36.927 UTC,1.40263,1.40252,0.00147,0.0018
21.10.2025 14:18:36.979 UTC,1.4026,1.40251,0.00132,0.0012
21.10.2025 14:18:37.031 UTC,1.4026,1.40249,0.00297,0.00132
21.10.2025 14:18:37.693 UTC,1.40257,1.40246,0.00192,0.0012
21.10.2025 14:18:37.798 UTC,1.40257,1.40244,0.0042,0.0012
21.10.2025 14:18:37.903 UTC,1.40257,1.40245,0.00135,0.00132
21.10.2025 14:18:38.007 UTC,1.40259,1.40248,0.00204,0.00132
21.10.2025 14:18:38.365 UTC,1.40259,1.40246,0.00387,0.00132
21.10.2025 14:18:38.622 UTC,1.4026,1.40247,0.00192,0.0012
21.10.2025 14:18:38.880 UTC,1.4026,1.40247,0.00195,0.00132
21.10.2025 14:18:38.983 UTC,1.4026,1.40247,0.00192,0.00132
21.10.2025 14:18:40.958 UTC,1.4026,1.40249,0.00132,0.00132
21.10.2025 14:18:41.061 UTC,1.40261,1.40248,0.00132,0.00147
21.10.2025 14:18:42.680 UTC,1.40261,1.4025,0.0018,0.00132
21.10.2025 14:18:42.833 UTC,1.40262,1.4025,0.00195,0.00132
21.10.2025 14:18:42.936 UTC,1.40262,1.4025,0.0018,0.00132
21.10.2025 14:18:43.903 UTC,1.4026,1.40249,0.0012,0.00132
21.10.2025 14:18:44.007 UTC,1.4026,1.40249,0.0018,0.00132
21.10.2025 14:18:44.112 UTC,1.40263,1.40251,0.0018,0.00132
21.10.2025 14:18:44.215 UTC,1.40266,1.40252,0.00555,0.00132
21.10.2025 14:18:44.319 UTC,1.40266,1.40254,0.0012,0.0012
21.10.2025 14:18:44.423 UTC,1.40267,1.40255,0.0018,0.00132
21.10.2025 14:18:46.449 UTC,1.40272,1.40259,0.00195,0.00132
21.10.2025 14:18:46.604 UTC,1.40272,1.4026,0.0018,0.00132
21.10.2025 14:18:46.861 UTC,1.40264,1.40254,0.00375,0.00135
21.10.2025 14:18:46.913 UTC,1.40261,1.4025,0.00225,0.00189
21.10.2025 14:18:46.966 UTC,1.40261,1.40251,0.0024,0.00132
21.10.2025 14:18:47.226 UTC,1.40263,1.40251,0.0024,0.00132
21.10.2025 14:18:47.328 UTC,1.40262,1.40252,0.00225,0.00132
21.10.2025 14:18:47.483 UTC,1.40262,1.40252,0.00135,0.00132
21.10.2025 14:18:47.587 UTC,1.40263,1.40251,0.00195,0.00132
21.10.2025 14:18:49.272 UTC,1.40263,1.40252,0.0012,0.00132
21.10.2025 14:18:51.956 UTC,1.40265,1.40252,0.00195,0.00132
21.10.2025 14:18:52.008 UTC,1.40262,1.40252,0.0018,0.00132
21.10.2025 14:18:52.417 UTC,1.40261,1.40251,0.0012,0.00132
21.10.2025 14:18:55.035 UTC,1.40263,1.40251,0.0024,0.00132
21.10.2025 14:18:55.552 UTC,1.40263,1.40253,0.0018,0.00132
21.10.2025 14:18:55.655 UTC,1.40265,1.40252,0.00285,0.00132
21.10.2025 14:18:55.811 UTC,1.40257,1.40247,0.0027,0.0024
21.10.2025 14:18:55.915 UTC,1.40259,1.40246,0.00315,0.0018
21.10.2025 14:18:56.019 UTC,1.40259,1.40248,0.00135,0.0012
21.10.2025 14:18:56.425 UTC,1.40258,1.40248,0.0012,0.0012
21.10.2025 14:18:56.476 UTC,1.40259,1.40248,0.0036,0.0012
21.10.2025 14:18:56.527 UTC,1.40257,1.40249,0.0018,0.0012
21.10.2025 14:18:56.579 UTC,1.4026,1.40248,0.00285,0.0012
21.10.2025 14:18:56.733 UTC,1.40259,1.40248,0.0024,0.0012
21.10.2025 14:18:58.804 UTC,1.40259,1.40248,0.00225,0.0012
21.10.2025 14:18:59.359 UTC,1.40259,1.40248,0.00285,0.0012
21.10.2025 14:18:59.968 UTC,1.40258,1.40247,0.00135,0.0012
21.10.2025 14:19:00.071 UTC,1.40259,1.40247,0.0027,0.0012
21.10.2025 14:19:00.225 UTC,1.40259,1.40247,0.00285,0.0012
21.10.2025 14:19:00.431 UTC,1.40259,1.40247,0.0018,0.0012
21.10.2025 14:19:02.051 UTC,1.40261,1.40249,0.00285,0.0012
21.10.2025 14:19:02.155 UTC,1.40261,1.4025,0.0018,0.0012
21.10.2025 14:19:02.311 UTC,1.40261,1.40251,0.00195,0.0012
21.10.2025 14:19:02.668 UTC,1.40261,1.4025,0.0012,0.0012
21.10.2025 14:19:02.923 UTC,1.4026,1.40251,0.0018,0.0012
21.10.2025 14:19:03.434 UTC,1.4026,1.40249,0.0012,0.0012
21.10.2025 14:19:03.538 UTC,1.40257,1.40247,0.0012,0.0012
21.10.2025 14:19:03.641 UTC,1.40256,1.40248,0.0018,0.0012
21.10.2025 14:19:04.150 UTC,1.40253,1.40246,0.0012,0.00135
21.10.2025 14:19:05.317 UTC,1.40256,1.40248,0.0012,0.0012
21.10.2025 14:19:05.369 UTC,1.4026,1.40247,0.00135,0.00192
21.10.2025 14:19:05.421 UTC,1.40261,1.40252,0.0012,0.0012
21.10.2025 14:19:05.525 UTC,1.40262,1.40252,0.0012,0.0012
21.10.2025 14:19:05.628 UTC,1.40262,1.40253,0.0018,0.0012
21.10.2025 14:19:06.440 UTC,1.40262,1.40251,0.0018,0.0012
21.10.2025 14:19:07.041 UTC,1.40262,1.40251,0.0024,0.0012
21.10.2025 14:19:08.558 UTC,1.40262,1.40251,0.00225,0.0012
21.10.2025 14:19:08.659 UTC,1.40261,1.40252,0.0024,0.0012
21.10.2025 14:19:09.869 UTC,1.40262,1.40251,0.0018,0.0012
21.10.2025 14:19:11.631 UTC,1.40262,1.40251,0.0012,0.0012
21.10.2025 14:19:11.736 UTC,1.40261,1.4025,0.0012,0.0012
21.10.2025 14:19:12.545 UTC,1.40262,1.4025,0.0024,0.0012
21.10.2025 14:19:14.365 UTC,1.40261,1.40249,0.00285,0.0018
21.10.2025 14:19:14.417 UTC,1.40261,1.4025,0.00144,0.00135
21.10.2025 14:19:14.519 UTC,1.40262,1.40249,0.00192,0.00135
21.10.2025 14:19:19.312 UTC,1.40263,1.40249,0.00342,0.0018
21.10.2025 14:19:19.965 UTC,1.40261,1.4025,0.00132,0.00135
21.10.2025 14:19:20.270 UTC,1.40263,1.40249,0.00207,0.0018
21.10.2025 14:19:20.573 UTC,1.40262,1.40249,0.00132,0.00135
21.10.2025 14:19:21.283 UTC,1.40261,1.40248,0.00132,0.0012
21.10.2025 14:19:21.386 UTC,1.40262,1.40248,0.00252,0.00225
21.10.2025 14:19:22.609 UTC,1.40261,1.4025,0.00192,0.0012
21.10.2025 14:19:22.721 UTC,1.40263,1.40249,0.00297,0.0018
21.10.2025 14:19:22.824 UTC,1.40264,1.40251,0.0033,0.00225
21.10.2025 14:19:22.877 UTC,1.40264,1.40252,0.0018,0.0012
21.10.2025 14:19:23.847 UTC,1.40262,1.40251,0.00144,0.0012
21.10.2025 14:19:23.949 UTC,1.40262,1.40251,0.00192,0.0012
21.10.2025 14:19:24.154 UTC,1.40261,1.40252,0.0012,0.0012
21.10.2025 14:19:24.307 UTC,1.40263,1.4025,0.00132,0.0012
21.10.2025 14:19:25.217 UTC,1.40262,1.4025,0.0012,0.0012
21.10.2025 14:19:26.029 UTC,1.40262,1.40249,0.0018,0.0012
21.10.2025 14:19:26.182 UTC,1.4026,1.4025,0.0012,0.0012
21.10.2025 14:19:26.589 UTC,1.40261,1.40249,0.00195,0.0012
21.10.2025 14:19:26.691 UTC,1.4026,1.40248,0.0012,0.0018
21.10.2025 14:19:26.795 UTC,1.40255,1.40247,0.0027,0.0036
21.10.2025 14:19:26.898 UTC,1.40253,1.40247,0.0012,0.0036
21.10.2025 14:19:27.102 UTC,1.40255,1.40246,0.00135,0.0036
21.10.2025 14:19:27.562 UTC,1.40255,1.40247,0.00234,0.0036
21.10.2025 14:19:27.715 UTC,1.40256,1.40246,0.00249,0.0036
21.10.2025 14:19:27.918 UTC,1.40256,1.40246,0.00234,0.0036
21.10.2025 14:19:28.171 UTC,1.40256,1.40243,0.00294,0.0012
21.10.2025 14:19:29.623 UTC,1.40255,1.40247,0.00192,0.0036
21.10.2025 14:19:29.880 UTC,1.40259,1.40247,0.00195,0.0012
21.10.2025 14:19:29.983 UTC,1.40261,1.40248,0.00207,0.0012
21.10.2025 14:19:30.087 UTC,1.40261,1.4025,0.00192,0.0012
21.10.2025 14:19:30.493 UTC,1.40262,1.40251,0.00132,0.0012
21.10.2025 14:19:33.517 UTC,1.40261,1.40249,0.00132,0.0012
21.10.2025 14:19:33.620 UTC,1.40259,1.40247,0.00144,0.0012
21.10.2025 14:19:33.723 UTC,1.40258,1.40248,0.0012,0.0012
21.10.2025 14:19:33.980 UTC,1.40259,1.40249,0.00132,0.0012
21.10.2025 14:19:35.696 UTC,1.40259,1.40247,0.0012,0.0012
21.10.2025 14:19:37.499 UTC,1.40258,1.40246,0.00132,0.0012
21.10.2025 14:19:37.704 UTC,1.40258,1.40245,0.00252,0.0012
21.10.2025 14:19:38.463 UTC,1.40259,1.40246,0.00207,0.0012
21.10.2025 14:19:39.384 UTC,1.40258,1.40245,0.00189,0.0012
21.10.2025 14:19:39.487 UTC,1.40258,1.40245,0.00204,0.0012
21.10.2025 14:19:39.641 UTC,1.40255,1.40244,0.00234,0.0012
21.10.2025 14:19:39.744 UTC,1.40256,1.40243,0.00294,0.0012
21.10.2025 14:19:39.847 UTC,1.40254,1.40244,0.00132,0.0012
21.10.2025 14:19:39.950 UTC,1.40253,1.40243,0.0012,0.0012
21.10.2025 14:19:40.257 UTC,1.40255,1.40242,0.0018,0.0024
21.10.2025 14:19:40.411 UTC,1.40255,1.40242,0.0018,0.00225
21.10.2025 14:19:41.574 UTC,1.40255,1.40244,0.00204,0.00135
21.10.2025 14:19:42.131 UTC,1.40255,1.40242,0.00195,0.00225
21.10.2025 14:19:46.314 UTC,1.40254,1.40242,0.0018,0.0018
21.10.2025 14:19:46.366 UTC,1.40254,1.40242,0.0012,0.0018
21.10.2025 14:19:48.089 UTC,1.40255,1.40243,0.0012,0.0012
21.10.2025 14:19:48.141 UTC,1.40259,1.40246,0.00249,0.0012
21.10.2025 14:19:48.244 UTC,1.40258,1.40247,0.00249,0.0012
21.10.2025 14:19:48.550 UTC,1.40258,1.40245,0.00144,0.0012
21.10.2025 14:19:48.705 UTC,1.40258,1.40245,0.00192,0.0012
21.10.2025 14:19:49.767 UTC,1.40256,1.40243,0.00144,0.0012
21.10.2025 14:19:49.871 UTC,1.40255,1.40242,0.00195,0.0012
21.10.2025 14:19:50.875 UTC,1.40254,1.40241,0.00135,0.00225
21.10.2025 14:19:51.182 UTC,1.40252,1.40242,0.0012,0.00135
21.10.2025 14:19:51.285 UTC,1.40253,1.4024,0.00132,0.00225
21.10.2025 14:19:51.388 UTC,1.40253,1.4024,0.00192,0.00225
21.10.2025 14:19:52.299 UTC,1.40253,1.4024,0.00189,0.0012
21.10.2025 14:19:53.254 UTC,1.40253,1.4024,0.00144,0.0018
21.10.2025 14:19:53.557 UTC,1.40252,1.40241,0.00144,0.00135
21.10.2025 14:19:54.160 UTC,1.40253,1.4024,0.00204,0.0012
21.10.2025 14:19:54.262 UTC,1.40252,1.40239,0.00192,0.00135
21.10.2025 14:19:56.181 UTC,1.40252,1.40239,0.00249,0.0024
21.10.2025 14:19:56.283 UTC,1.40252,1.40239,0.00294,0.00225
21.10.2025 14:19:56.435 UTC,1.40251,1.4024,0.00249,0.0024
21.10.2025 14:19:56.639 UTC,1.40251,1.4024,0.00204,0.00135
21.10.2025 14:19:58.230 UTC,1.40251,1.4024,0.00192,0.0018
21.10.2025 14:19:58.485 UTC,1.40252,1.40239,0.00192,0.00135
21.10.2025 14:19:59.444 UTC,1.40251,1.4024,0.00192,0.0018
21.10.2025 14:19:59.549 UTC,1.40254,1.40243,0.0018,0.0012
21.10.2025 14:19:59.652 UTC,1.40254,1.40242,0.0012,0.00135
21.10.2025 14:20:01.485 UTC,1.40254,1.40241,0.0018,0.0012
21.10.2025 14:20:01.588 UTC,1.40253,1.4024,0.00135,0.00135
21.10.2025 14:20:01.741 UTC,1.40252,1.40241,0.00204,0.00135
21.10.2025 14:20:02.550 UTC,1.40252,1.40239,0.0018,0.0012
21.10.2025 14:20:06.626 UTC,1.40248,1.40239,0.00132,0.0012
21.10.2025 14:20:06.730 UTC,1.40249,1.40238,0.00195,0.0012
21.10.2025 14:20:06.833 UTC,1.40248,1.40239,0.0012,0.0012
21.10.2025 14:20:06.936 UTC,1.4025,1.40238,0.00204,0.0012
21.10.2025 14:20:09.415 UTC,1.40247,1.40239,0.0012,0.0012
21.10.2025 14:20:09.519 UTC,1.40246,1.40234,0.0012,0.0012
21.10.2025 14:20:09.875 UTC,1.40247,1.40235,0.0012,0.0012
21.10.2025 14:20:09.977 UTC,1.40248,1.40238,0.00285,0.0012
21.10.2025 14:20:11.945 UTC,1.40246,1.40234,0.00237,0.0012
21.10.2025 14:20:11.997 UTC,1.40244,1.40233,0.00144,0.0012
21.10.2025 14:20:12.962 UTC,1.40244,1.40233,0.00144,0.0018
21.10.2025 14:20:13.116 UTC,1.40245,1.40232,0.00189,0.00135
21.10.2025 14:20:13.269 UTC,1.40245,1.40232,0.00204,0.0012
21.10.2025 14:20:13.626 UTC,1.40246,1.40233,0.00294,0.00135
21.10.2025 14:20:20.605 UTC,1.40245,1.40233,0.0012,0.0012
21.10.2025 14:20:20.758 UTC,1.40245,1.40232,0.0027,0.00225
21.10.2025 14:20:20.964 UTC,1.40244,1.40231,0.0033,0.0012
21.10.2025 14:20:21.171 UTC,1.40244,1.40232,0.00195,0.0012
21.10.2025 14:20:21.274 UTC,1.40244,1.40232,0.0012,0.0012
21.10.2025 14:20:21.428 UTC,1.40244,1.40233,0.00189,0.0018
21.10.2025 14:20:21.530 UTC,1.40245,1.40232,0.00132,0.0012
21.10.2025 14:20:21.936 UTC,1.40245,1.40232,0.00132,0.0018
21.10.2025 14:20:25.376 UTC,1.40245,1.40233,0.00384,0.0018
21.10.2025 14:20:25.479 UTC,1.40245,1.40235,0.00204,0.0012
21.10.2025 14:20:25.582 UTC,1.40245,1.40235,0.00189,0.0012
21.10.2025 14:20:26.742 UTC,1.40246,1.40234,0.00294,0.0012
21.10.2025 14:20:26.846 UTC,1.40244,1.40234,0.00132,0.0012
21.10.2025 14:20:30.090 UTC,1.40244,1.40234,0.0012,0.0012
21.10.2025 14:20:31.967 UTC,1.40246,1.40236,0.0018,0.00132
21.10.2025 14:20:32.020 UTC,1.40251,1.4024,0.0018,0.0018
21.10.2025 14:20:32.072 UTC,1.40251,1.40241,0.0018,0.0012
21.10.2025 14:20:32.929 UTC,1.4025,1.4024,0.00294,0.0012
21.10.2025 14:20:33.689 UTC,1.4025,1.4024,0.0012,0.0012
21.10.2025 14:20:35.154 UTC,1.40251,1.4024,0.00195,0.0018
21.10.2025 14:20:35.613 UTC,1.40252,1.40239,0.0018,0.0018
21.10.2025 14:20:35.716 UTC,1.40252,1.40239,0.00195,0.00135
21.10.2025 14:20:36.071 UTC,1.40252,1.40239,0.0018,0.0018
21.10.2025 14:20:36.235 UTC,1.40251,1.4024,0.00195,0.00135
21.10.2025 14:20:36.447 UTC,1.40251,1.40239,0.00294,0.0012
21.10.2025 14:20:37.513 UTC,1.40251,1.4024,0.00195,0.0018
21.10.2025 14:20:37.665 UTC,1.40252,1.40239,0.0018,0.00225
21.10.2025 14:20:38.527 UTC,1.40252,1.40239,0.0012,0.0018
21.10.2025 14:20:39.988 UTC,1.40252,1.40239,0.0018,0.00225
21.10.2025 14:20:40.692 UTC,1.40253,1.40239,0.00375,0.0024
21.10.2025 14:20:40.794 UTC,1.40251,1.4024,0.0012,0.00225
21.10.2025 14:20:41.652 UTC,1.40252,1.40239,0.00132,0.0018
21.10.2025 14:20:41.804 UTC,1.40252,1.40239,0.00132,0.00225
21.10.2025 14:20:42.359 UTC,1.40251,1.4024,0.00132,0.0018
21.10.2025 14:20:42.511 UTC,1.40251,1.4024,0.00132,0.00225
21.10.2025 14:20:42.815 UTC,1.40252,1.40239,0.00132,0.0018
21.10.2025 14:20:43.320 UTC,1.40252,1.40239,0.0012,0.00225
21.10.2025 14:20:43.925 UTC,1.40252,1.40239,0.00132,0.0018
21.10.2025 14:20:45.830 UTC,1.40252,1.40239,0.00237,0.0012
21.10.2025 14:20:46.184 UTC,1.40252,1.40239,0.00132,0.0012
21.10.2025 14:20:47.147 UTC,1.40252,1.40239,0.00135,0.0018
21.10.2025 14:20:47.400 UTC,1.40252,1.40241,0.0018,0.0012
21.10.2025 14:20:48.161 UTC,1.40253,1.40241,0.0012,0.0012
21.10.2025 14:20:48.263 UTC,1.40252,1.40243,0.0018,0.0012
21.10.2025 14:20:48.576 UTC,1.40251,1.40241,0.0012,0.0012
21.10.2025 14:20:48.680 UTC,1.40251,1.4024,0.00195,0.0012
21.10.2025 14:20:51.858 UTC,1.40251,1.4024,0.0012,0.00135
21.10.2025 14:20:55.338 UTC,1.40251,1.40241,0.00315,0.0012
21.10.2025 14:20:55.441 UTC,1.40251,1.40242,0.0012,0.0012
21.10.2025 14:20:55.898 UTC,1.40252,1.40243,0.00195,0.0012
21.10.2025 14:21:00.015 UTC,1.40253,1.40244,0.0033,0.00132
21.10.2025 14:21:00.068 UTC,1.40259,1.40248,0.0027,0.0012
21.10.2025 14:21:00.123 UTC,1.40262,1.4025,0.0018,0.0012
21.10.2025 14:21:00.175 UTC,1.40262,1.4025,0.0024,0.0012
21.10.2025 14:21:01.248 UTC,1.40259,1.40249,0.0012,0.0012
21.10.2025 14:21:01.403 UTC,1.4026,1.40249,0.0018,0.0012
21.10.2025 14:21:02.112 UTC,1.40255,1.40249,0.0033,0.0012
21.10.2025 14:21:02.421 UTC,1.40261,1.40249,0.00195,0.0012
21.10.2025 14:21:02.523 UTC,1.40261,1.40249,0.00285,0.0012
21.10.2025 14:21:05.396 UTC,1.4026,1.40249,0.00285,0.0012
21.10.2025 14:21:05.499 UTC,1.4026,1.40248,0.00285,0.0012
21.10.2025 14:21:05.602 UTC,1.40259,1.40248,0.00195,0.0012
21.10.2025 14:21:06.212 UTC,1.40258,1.40247,0.00315,0.0012
21.10.2025 14:21:06.264 UTC,1.40258,1.40245,0.00315,0.0012
21.10.2025 14:21:06.317 UTC,1.40254,1.40243,0.0018,0.0012
21.10.2025 14:21:06.420 UTC,1.40253,1.40243,0.0012,0.0012
21.10.2025 14:21:09.557 UTC,1.40253,1.40244,0.0012,0.0012
21.10.2025 14:21:10.422 UTC,1.40254,1.40244,0.00135,0.0012
21.10.2025 14:21:12.398 UTC,1.40255,1.40243,0.00285,0.0012
21.10.2025 14:21:18.674 UTC,1.40257,1.40246,0.0012,0.0012
21.10.2025 14:21:18.778 UTC,1.40258,1.40248,0.0012,0.0012
21.10.2025 14:21:18.881 UTC,1.40257,1.4025,0.0012,0.0012
21.10.2025 14:21:19.338 UTC,1.40259,1.40249,0.0012,0.0012
21.10.2025 14:21:19.591 UTC,1.40259,1.4025,0.0018,0.0012
21.10.2025 14:21:20.302 UTC,1.40259,1.40248,0.0012,0.0012
21.10.2025 14:21:20.455 UTC,1.4026,1.40248,0.0027,0.0012
21.10.2025 14:21:20.966 UTC,1.4026,1.40248,0.00195,0.0012
21.10.2025 14:21:21.171 UTC,1.40259,1.40249,0.0018,0.0012
21.10.2025 14:21:21.274 UTC,1.4026,1.40248,0.0012,0.0012
21.10.2025 14:21:21.376 UTC,1.40259,1.40249,0.0012,0.0012
21.10.2025 14:21:21.676 UTC,1.4026,1.40249,0.0012,0.0012
21.10.2025 14:21:24.296 UTC,1.40259,1.40249,0.00135,0.0012
21.10.2025 14:21:24.652 UTC,1.4026,1.40249,0.0018,0.0012
21.10.2025 14:21:25.008 UTC,1.4026,1.4025,0.0012,0.0012
21.10.2025 14:21:25.110 UTC,1.40261,1.4025,0.0027,0.0012
21.10.2025 14:21:25.212 UTC,1.40261,1.40251,0.0027,0.0012
21.10.2025 14:21:25.516 UTC,1.40261,1.4025,0.0027,0.0012
21.10.2025 14:21:26.925 UTC,1.40261,1.4025,0.00285,0.0012
21.10.2025 14:21:27.028 UTC,1.4026,1.4025,0.0027,0.0012
21.10.2025 14:21:27.131 UTC,1.40259,1.40248,0.0012,0.0012
21.10.2025 14:21:27.234 UTC,1.40261,1.40249,0.00285,0.0012
21.10.2025 14:21:27.286 UTC,1.40261,1.40249,0.0027,0.0012
21.10.2025 14:21:27.439 UTC,1.40261,1.40249,0.00285,0.0012
21.10.2025 14:21:29.452 UTC,1.40257,1.40246,0.00135,0.0012
21.10.2025 14:21:29.555 UTC,1.40257,1.40245,0.00285,0.0012
21.10.2025 14:21:29.659 UTC,1.40254,1.40245,0.0012,0.0012
21.10.2025 14:21:29.762 UTC,1.40254,1.40243,0.0012,0.0018
21.10.2025 14:21:30.824 UTC,1.40257,1.40244,0.00195,0.0012
21.10.2025 14:21:30.977 UTC,1.40256,1.40245,0.0027,0.0012
21.10.2025 14:21:31.230 UTC,1.40257,1.40245,0.0018,0.0012
21.10.2025 14:21:31.333 UTC,1.40256,1.40245,0.0012,0.0012
21.10.2025 14:21:31.436 UTC,1.40256,1.40244,0.00135,0.0012
21.10.2025 14:21:31.539 UTC,1.40255,1.40245,0.0024,0.0012
21.10.2025 14:21:33.907 UTC,1.40255,1.40243,0.00285,0.0012
21.10.2025 14:21:34.009 UTC,1.40254,1.40244,0.0027,0.0012
21.10.2025 14:21:34.311 UTC,1.40255,1.40243,0.00285,0.0012
21.10.2025 14:21:35.469 UTC,1.40254,1.40242,0.00225,0.0012
21.10.2025 14:21:35.573 UTC,1.40251,1.40243,0.0012,0.0012
21.10.2025 14:21:36.226 UTC,1.40252,1.40243,0.0012,0.0012
21.10.2025 14:21:39.358 UTC,1.40253,1.40242,0.0018,0.0012
21.10.2025 14:21:39.868 UTC,1.40253,1.40242,0.0012,0.0012
21.10.2025 14:21:40.575 UTC,1.40253,1.40243,0.0012,0.0012
21.10.2025 14:21:42.041 UTC,1.40254,1.40242,0.0018,0.0012
21.10.2025 14:21:42.448 UTC,1.40254,1.40242,0.0012,0.0012
21.10.2025 14:21:43.364 UTC,1.40253,1.40242,0.0018,0.0012
21.10.2025 14:21:43.470 UTC,1.40252,1.40241,0.00135,0.0012
21.10.2025 14:21:43.624 UTC,1.40252,1.40241,0.00195,0.0012
21.10.2025 14:21:43.727 UTC,1.40252,1.40241,0.0018,0.0012
21.10.2025 14:21:43.932 UTC,1.40251,1.40242,0.00285,0.0012
21.10.2025 14:21:44.037 UTC,1.40252,1.40241,0.0027,0.0012
21.10.2025 14:21:44.749 UTC,1.40252,1.40241,0.0018,0.0012
21.10.2025 14:21:45.153 UTC,1.40252,1.40241,0.0012,0.0012
21.10.2025 14:21:46.716 UTC,1.40251,1.40243,0.0012,0.0012
21.10.2025 14:21:46.820 UTC,1.40253,1.40242,0.0018,0.0012
21.10.2025 14:21:48.086 UTC,1.40254,1.40243,0.0024,0.00132
21.10.2025 14:21:50.822 UTC,1.40258,1.40247,0.0018,0.0012
21.10.2025 14:21:50.927 UTC,1.40253,1.40246,0.00195,0.0012
21.10.2025 14:21:51.083 UTC,1.40254,1.40244,0.00285,0.0012
21.10.2025 14:21:51.188 UTC,1.40254,1.40243,0.00285,0.0012
21.10.2025 14:21:52.761 UTC,1.40254,1.40244,0.00195,0.0012
21.10.2025 14:21:53.220 UTC,1.40253,1.40244,0.00285,0.0012
21.10.2025 14:21:53.476 UTC,1.40254,1.40244,0.00195,0.0012
21.10.2025 14:21:56.799 UTC,1.40255,1.40244,0.00135,0.0012
21.10.2025 14:21:57.402 UTC,1.40256,1.40244,0.00135,0.0012
21.10.2025 14:21:57.504 UTC,1.40255,1.40244,0.0012,0.0012
21.10.2025 14:21:57.606 UTC,1.40255,1.40245,0.00135,0.0012
21.10.2025 14:21:57.708 UTC,1.40255,1.40244,0.0012,0.0012
21.10.2025 14:21:57.811 UTC,1.40256,1.40244,0.00225,0.0012
21.10.2025 14:21:57.962 UTC,1.40254,1.40245,0.00135,0.0012
21.10.2025 14:21:58.106 UTC,1.40256,1.40245,0.00195,0.0012
21.10.2025 14:21:58.158 UTC,1.40259,1.40247,0.0018,0.0012
21.10.2025 14:21:58.212 UTC,1.40262,1.4025,0.0012,0.00132
21.10.2025 14:21:58.264 UTC,1.40262,1.40253,0.0024,0.0012
21.10.2025 14:21:58.315 UTC,1.40263,1.40252,0.00225,0.0012
21.10.2025 14:21:59.177 UTC,1.40262,1.40252,0.00315,0.0012
21.10.2025 14:21:59.230 UTC,1.40261,1.40251,0.0012,0.0012
21.10.2025 14:21:59.384 UTC,1.40256,1.40246,0.00135,0.00285
21.10.2025 14:21:59.437 UTC,1.40259,1.40249,0.0024,0.0012
21.10.2025 14:21:59.489 UTC,1.4026,1.40252,0.0012,0.0012
21.10.2025 14:21:59.694 UTC,1.40257,1.40252,0.00135,0.0012
21.10.2025 14:21:59.846 UTC,1.4026,1.40252,0.00225,0.0012
21.10.2025 14:22:00.151 UTC,1.40259,1.4025,0.00135,0.0012
21.10.2025 14:22:00.712 UTC,1.40255,1.40244,0.0018,0.0012
21.10.2025 14:22:00.816 UTC,1.40255,1.40245,0.00225,0.00135
21.10.2025 14:22:00.918 UTC,1.40254,1.40243,0.0012,0.0018
21.10.2025 14:22:01.073 UTC,1.40258,1.40246,0.0027,0.00237
21.10.2025 14:22:01.126 UTC,1.40259,1.4025,0.00135,0.0018
21.10.2025 14:22:01.230 UTC,1.40263,1.40253,0.0018,0.0012
21.10.2025 14:22:01.334 UTC,1.40262,1.40252,0.0012,0.0012
21.10.2025 14:22:01.994 UTC,1.40261,1.40251,0.0012,0.0012
21.10.2025 14:22:02.097 UTC,1.40261,1.4025,0.00135,0.0012
21.10.2025 14:22:02.300 UTC,1.40262,1.4025,0.0027,0.0012
21.10.2025 14:22:02.452 UTC,1.40262,1.4025,0.00285,0.0012
21.10.2025 14:22:02.758 UTC,1.40261,1.4025,0.0018,0.0012
21.10.2025 14:22:03.367 UTC,1.40262,1.4025,0.00195,0.0012
21.10.2025 14:22:03.821 UTC,1.4026,1.4025,0.0018,0.0012
21.10.2025 14:22:03.923 UTC,1.40259,1.40248,0.00135,0.0012
21.10.2025 14:22:04.026 UTC,1.4026,1.40249,0.00135,0.0012
21.10.2025 14:22:04.184 UTC,1.40261,1.40249,0.0018,0.0012
21.10.2025 14:22:04.337 UTC,1.40261,1.40251,0.00135,0.0012
21.10.2025 14:22:04.490 UTC,1.40261,1.40251,0.0018,0.0012
21.10.2025 14:22:04.593 UTC,1.40261,1.40251,0.0012,0.0012
21.10.2025 14:22:05.051 UTC,1.40262,1.40251,0.00225,0.0012
21.10.2025 14:22:05.658 UTC,1.40263,1.40252,0.0018,0.0012
21.10.2025 14:22:06.766 UTC,1.40263,1.40252,0.00195,0.0012
21.10.2025 14:22:09.083 UTC,1.40264,1.40253,0.0024,0.00279
21.10.2025 14:22:09.135 UTC,1.40268,1.40257,0.00135,0.0012
21.10.2025 14:22:09.187 UTC,1.40264,1.40257,0.0018,0.0012
21.10.2025 14:22:09.239 UTC,1.40269,1.40259,0.0012,0.0012
21.10.2025 14:22:09.343 UTC,1.40268,1.40259,0.0012,0.0012
21.10.2025 14:22:09.395 UTC,1.40266,1.40258,0.0024,0.0012
21.10.2025 14:22:09.498 UTC,1.40265,1.40255,0.00135,0.0012
21.10.2025 14:22:09.601 UTC,1.40264,1.40253,0.00225,0.0012
21.10.2025 14:22:09.704 UTC,1.40264,1.40252,0.00225,0.0012
21.10.2025 14:22:09.808 UTC,1.40265,1.40253,0.00135,0.0012
21.10.2025 14:22:09.911 UTC,1.40264,1.40253,0.00225,0.0012
21.10.2025 14:22:12.288 UTC,1.40265,1.40253,0.00225,0.0012
21.10.2025 14:22:12.391 UTC,1.40265,1.40253,0.0024,0.0012
21.10.2025 14:22:12.494 UTC,1.40264,1.40253,0.0018,0.0012
21.10.2025 14:22:12.596 UTC,1.40264,1.40253,0.00135,0.0012
21.10.2025 14:22:13.101 UTC,1.40263,1.40254,0.0018,0.0012
21.10.2025 14:22:13.858 UTC,1.40264,1.40253,0.0018,0.0012
21.10.2025 14:22:15.478 UTC,1.40262,1.40253,0.0018,0.0012
21.10.2025 14:22:16.184 UTC,1.40263,1.40252,0.00195,0.0012
21.10.2025 14:22:16.235 UTC,1.40263,1.40252,0.0018,0.0012
21.10.2025 14:22:16.541 UTC,1.40261,1.40253,0.0012,0.0012
21.10.2025 14:22:16.644 UTC,1.40263,1.40252,0.00135,0.0012
21.10.2025 14:22:17.148 UTC,1.40262,1.40252,0.0012,0.0012
21.10.2025 14:22:17.352 UTC,1.40262,1.40252,0.0018,0.0012
21.10.2025 14:22:17.557 UTC,1.4026,1.4025,0.00135,0.0012
21.10.2025 14:22:17.661 UTC,1.40259,1.4025,0.0018,0.0012
21.10.2025 14:22:17.713 UTC,1.40261,1.4025,0.0012,0.0012
21.10.2025 14:22:17.817 UTC,1.40262,1.40251,0.0018,0.0012
21.10.2025 14:22:18.043 UTC,1.40261,1.40251,0.00135,0.0012
21.10.2025 14:22:18.500 UTC,1.40261,1.4025,0.00135,0.0012
21.10.2025 14:22:18.754 UTC,1.40261,1.4025,0.0018,0.0012
21.10.2025 14:22:18.858 UTC,1.4026,1.40249,0.00135,0.0012
21.10.2025 14:22:19.414 UTC,1.40259,1.40249,0.0024,0.0012
21.10.2025 14:22:19.466 UTC,1.4026,1.4025,0.0018,0.0012
21.10.2025 14:22:19.569 UTC,1.40259,1.40248,0.00135,0.0012
21.10.2025 14:22:19.622 UTC,1.40261,1.4025,0.00315,0.00135
21.10.2025 14:22:19.725 UTC,1.40262,1.40249,0.0012,0.0012
21.10.2025 14:22:20.030 UTC,1.40262,1.40249,0.00285,0.0012
21.10.2025 14:22:21.039 UTC,1.40259,1.40249,0.00135,0.0012
21.10.2025 14:22:21.091 UTC,1.4026,1.40246,0.00339,0.0018
21.10.2025 14:22:21.143 UTC,1.40257,1.40248,0.00135,0.0012
21.10.2025 14:22:21.247 UTC,1.40258,1.40246,0.00279,0.0018
21.10.2025 14:22:21.350 UTC,1.40256,1.40246,0.0018,0.0012
21.10.2025 14:22:21.453 UTC,1.40252,1.40244,0.0012,0.0012
21.10.2025 14:22:21.608 UTC,1.40257,1.40246,0.00294,0.0012
21.10.2025 14:22:21.710 UTC,1.40257,1.40246,0.00234,0.0012
21.10.2025 14:22:22.366 UTC,1.40256,1.40247,0.00249,0.0012
21.10.2025 14:22:22.725 UTC,1.40257,1.40246,0.00144,0.0012
21.10.2025 14:22:25.087 UTC,1.40256,1.40247,0.00249,0.0012
21.10.2025 14:22:25.443 UTC,1.40256,1.40246,0.00147,0.0012
21.10.2025 14:22:25.598 UTC,1.40256,1.40246,0.00234,0.0012
21.10.2025 14:22:25.702 UTC,1.40258,1.40246,0.0012,0.0018
21.10.2025 14:22:26.010 UTC,1.40257,1.40247,0.00249,0.0018
21.10.2025 14:22:26.416 UTC,1.40255,1.40246,0.00132,0.0012
21.10.2025 14:22:27.077 UTC,1.40255,1.40246,0.00249,0.0012
21.10.2025 14:22:27.229 UTC,1.40254,1.40247,0.00234,0.0012
21.10.2025 14:22:27.481 UTC,1.40255,1.40246,0.00249,0.0012
21.10.2025 14:22:27.583 UTC,1.40254,1.40247,0.00234,0.0012
21.10.2025 14:22:27.685 UTC,1.40254,1.40247,0.00249,0.0012
21.10.2025 14:22:29.145 UTC,1.40255,1.40246,0.00234,0.0012
21.10.2025 14:22:29.248 UTC,1.40255,1.40246,0.00249,0.0012
21.10.2025 14:22:29.351 UTC,1.40254,1.40247,0.0012,0.0012
21.10.2025 14:22:29.556 UTC,1.40254,1.40247,0.0024,0.0012
21.10.2025 14:22:30.163 UTC,1.40255,1.40246,0.00135,0.0012
21.10.2025 14:22:30.517 UTC,1.40255,1.40246,0.00249,0.0012
21.10.2025 14:22:30.619 UTC,1.40254,1.40247,0.00234,0.0012
21.10.2025 14:22:30.822 UTC,1.40255,1.40243,0.00234,0.0012
21.10.2025 14:22:31.277 UTC,1.40253,1.40244,0.0012,0.0012
21.10.2025 14:22:31.465 UTC,1.40254,1.40243,0.0018,0.0012
21.10.2025 14:22:31.570 UTC,1.40255,1.40243,0.0024,0.0012
21.10.2025 14:22:32.130 UTC,1.40253,1.40244,0.0024,0.0012
21.10.2025 14:22:32.234 UTC,1.40254,1.40243,0.00135,0.0012
21.10.2025 14:22:32.286 UTC,1.40257,1.40249,0.00285,0.0012
21.10.2025 14:22:32.389 UTC,1.40258,1.40247,0.0018,0.0012
21.10.2025 14:22:32.544 UTC,1.40254,1.40246,0.0012,0.0012
21.10.2025 14:22:32.647 UTC,1.40254,1.40243,0.0012,0.0012
21.10.2025 14:22:32.903 UTC,1.40254,1.40243,0.0018,0.0012
21.10.2025 14:22:33.006 UTC,1.40254,1.40244,0.00225,0.0012
21.10.2025 14:22:33.210 UTC,1.40255,1.40243,0.0024,0.0012
21.10.2025 14:22:38.044 UTC,1.40254,1.40242,0.00225,0.0012
21.10.2025 14:22:38.148 UTC,1.40255,1.40244,0.00135,0.0012
21.10.2025 14:22:38.251 UTC,1.40256,1.40245,0.00225,0.0012
21.10.2025 14:22:38.810 UTC,1.40255,1.40244,0.00135,0.0012
21.10.2025 14:22:38.913 UTC,1.40255,1.40243,0.00225,0.0012
21.10.2025 14:22:41.685 UTC,1.40254,1.40245,0.0012,0.0012
21.10.2025 14:22:41.838 UTC,1.40256,1.40244,0.0012,0.0012
21.10.2025 14:22:44.056 UTC,1.40258,1.40245,0.0012,0.00225
21.10.2025 14:22:44.360 UTC,1.40258,1.40245,0.0018,0.0018
21.10.2025 14:22:44.463 UTC,1.40258,1.40245,0.00225,0.0012
21.10.2025 14:22:44.766 UTC,1.40257,1.40246,0.0024,0.0018
21.10.2025 14:22:45.321 UTC,1.40258,1.40245,0.00225,0.0018
21.10.2025 14:22:45.825 UTC,1.40257,1.40247,0.0018,0.0012
21.10.2025 14:22:47.761 UTC,1.40257,1.40245,0.00135,0.0012
21.10.2025 14:22:47.813 UTC,1.40255,1.40244,0.00135,0.0012
21.10.2025 14:22:48.069 UTC,1.40257,1.40245,0.00135,0.0012
21.10.2025 14:22:49.031 UTC,1.40254,1.40245,0.00225,0.0012
21.10.2025 14:22:49.134 UTC,1.40255,1.40243,0.0018,0.0012
21.10.2025 14:22:49.738 UTC,1.40255,1.40243,0.0024,0.0012
21.10.2025 14:22:49.940 UTC,1.40255,1.40243,0.00135,0.0012
21.10.2025 14:22:50.144 UTC,1.40253,1.40244,0.0012,0.0012
21.10.2025 14:22:51.401 UTC,1.40255,1.40243,0.00225,0.0012
21.10.2025 14:22:54.421 UTC,1.40256,1.40244,0.00135,0.0012
21.10.2025 14:22:55.426 UTC,1.40257,1.40244,0.00132,0.00135
21.10.2025 14:22:55.529 UTC,1.40255,1.40245,0.0012,0.00135
21.10.2025 14:22:55.985 UTC,1.40257,1.40244,0.00234,0.0012
21.10.2025 14:22:56.388 UTC,1.40256,1.40244,0.0012,0.0012
21.10.2025 14:23:00.360 UTC,1.40255,1.40243,0.00144,0.0012
21.10.2025 14:23:00.515 UTC,1.40253,1.40241,0.00144,0.00135
21.10.2025 14:23:00.669 UTC,1.40253,1.4024,0.00147,0.0018
21.10.2025 14:23:02.411 UTC,1.40252,1.40239,0.00135,0.0018
21.10.2025 14:23:02.668 UTC,1.4025,1.40238,0.00144,0.00225
21.10.2025 14:23:02.772 UTC,1.40245,1.40238,0.0018,0.0012
21.10.2025 14:23:02.876 UTC,1.40246,1.40233,0.00189,0.00225
21.10.2025 14:23:02.979 UTC,1.40244,1.40233,0.0012,0.00234
21.10.2025 14:23:03.083 UTC,1.40245,1.40234,0.0012,0.0012
21.10.2025 14:23:03.185 UTC,1.40244,1.40234,0.0012,0.00225
21.10.2025 14:23:04.047 UTC,1.40246,1.40235,0.00327,0.0012
21.10.2025 14:23:04.302 UTC,1.40246,1.40234,0.00327,0.0036
21.10.2025 14:23:04.607 UTC,1.40246,1.40235,0.00327,0.0012
21.10.2025 14:23:04.759 UTC,1.40247,1.40233,0.00327,0.0036
21.10.2025 14:23:04.861 UTC,1.40246,1.40235,0.00327,0.0012
21.10.2025 14:23:05.821 UTC,1.40246,1.40234,0.00327,0.0036
21.10.2025 14:23:05.973 UTC,1.40247,1.40234,0.00327,0.0012
21.10.2025 14:23:06.727 UTC,1.40247,1.40234,0.00315,0.00135
21.10.2025 14:23:06.930 UTC,1.40244,1.40234,0.0012,0.00135
21.10.2025 14:23:07.033 UTC,1.40245,1.40232,0.00225,0.00135
21.10.2025 14:23:07.200 UTC,1.40245,1.40232,0.0024,0.0012
21.10.2025 14:23:08.120 UTC,1.40243,1.40231,0.00135,0.00225
21.10.2025 14:23:08.274 UTC,1.40244,1.40231,0.00225,0.00279
21.10.2025 14:23:08.376 UTC,1.40245,1.40232,0.0024,0.0012
21.10.2025 14:23:10.238 UTC,1.40245,1.40232,0.00315,0.00225
21.10.2025 14:23:10.489 UTC,1.40245,1.40232,0.0033,0.0018
21.10.2025 14:23:11.196 UTC,1.40244,1.40232,0.0018,0.0012
21.10.2025 14:23:11.298 UTC,1.40244,1.40232,0.00135,0.0012
21.10.2025 14:23:12.556 UTC,1.40244,1.40231,0.00135,0.00504
21.10.2025 14:23:12.709 UTC,1.40244,1.40232,0.00135,0.0012
21.10.2025 14:23:12.961 UTC,1.40237,1.40227,0.00135,0.0012
21.10.2025 14:23:13.065 UTC,1.40236,1.40225,0.0012,0.0012
21.10.2025 14:23:13.116 UTC,1.40235,1.4023,0.0012,0.0012
21.10.2025 14:23:13.576 UTC,1.40239,1.40229,0.00135,0.0012
21.10.2025 14:23:13.683 UTC,1.4024,1.40229,0.0012,0.0012
21.10.2025 14:23:13.786 UTC,1.4024,1.4023,0.0012,0.0018
21.10.2025 14:23:13.888 UTC,1.40241,1.4023,0.0012,0.0012
21.10.2025 14:23:14.448 UTC,1.40242,1.40232,0.0012,0.0012
21.10.2025 14:23:14.500 UTC,1.40243,1.40233,0.00135,0.0012
21.10.2025 14:23:14.602 UTC,1.40243,1.40233,0.0012,0.00132
21.10.2025 14:23:14.959 UTC,1.40244,1.40231,0.0018,0.00252
21.10.2025 14:23:15.519 UTC,1.40244,1.40233,0.0012,0.00297
21.10.2025 14:23:16.227 UTC,1.40245,1.40234,0.0012,0.0012
21.10.2025 14:23:16.330 UTC,1.40246,1.40234,0.0012,0.00135
21.10.2025 14:23:16.531 UTC,1.40246,1.40234,0.0012,0.0018
21.10.2025 14:23:17.139 UTC,1.40246,1.40233,0.0012,0.00384
21.10.2025 14:23:17.543 UTC,1.40245,1.40234,0.0012,0.00339
21.10.2025 14:23:17.795 UTC,1.40245,1.40234,0.0012,0.00384
21.10.2025 14:23:18.149 UTC,1.40246,1.40233,0.0012,0.00369
21.10.2025 14:23:19.009 UTC,1.40246,1.40233,0.0012,0.00294
21.10.2025 14:23:19.212 UTC,1.40246,1.40233,0.00225,0.00279
21.10.2025 14:23:20.017 UTC,1.40245,1.40234,0.0012,0.00372
21.10.2025 14:23:20.122 UTC,1.40248,1.4024,0.00135,0.0012
21.10.2025 14:23:20.225 UTC,1.40249,1.40238,0.0012,0.0018
21.10.2025 14:23:20.482 UTC,1.40248,1.40237,0.00225,0.0018
21.10.2025 14:23:20.585 UTC,1.40249,1.40236,0.00135,0.00135
21.10.2025 14:23:21.861 UTC,1.40249,1.40236,0.0018,0.00135
21.10.2025 14:23:22.367 UTC,1.40249,1.40236,0.00135,0.00135
21.10.2025 14:23:22.621 UTC,1.40246,1.40236,0.00135,0.00135
21.10.2025 14:23:22.724 UTC,1.40248,1.40237,0.00225,0.00132
21.10.2025 14:23:22.929 UTC,1.40249,1.40238,0.0012,0.00315
21.10.2025 14:23:23.185 UTC,1.40251,1.40239,0.0018,0.0012
21.10.2025 14:23:23.642 UTC,1.40252,1.4024,0.0027,0.0012
21.10.2025 14:23:25.965 UTC,1.40251,1.4024,0.00225,0.00132
21.10.2025 14:23:28.534 UTC,1.40251,1.40241,0.0018,0.00135
21.10.2025 14:23:30.244 UTC,1.40252,1.40239,0.00135,0.00189
21.10.2025 14:23:30.497 UTC,1.40251,1.4024,0.0024,0.00189
21.10.2025 14:23:30.749 UTC,1.40251,1.4024,0.00225,0.00234
21.10.2025 14:23:30.851 UTC,1.40251,1.4024,0.0012,0.00249
21.10.2025 14:23:31.203 UTC,1.40251,1.4024,0.00135,0.00234
21.10.2025 14:23:32.659 UTC,1.40252,1.40239,0.0012,0.00249
21.10.2025 14:23:32.762 UTC,1.40253,1.4024,0.00135,0.0018
21.10.2025 14:23:33.120 UTC,1.40254,1.40243,0.0024,0.00132
21.10.2025 14:23:33.223 UTC,1.40256,1.40245,0.0045,0.0018
21.10.2025 14:23:34.179 UTC,1.40258,1.40245,0.0018,0.00192
21.10.2025 14:23:34.286 UTC,1.40259,1.40246,0.00315,0.0012
21.10.2025 14:23:35.202 UTC,1.40256,1.40247,0.0012,0.0012
21.10.2025 14:23:35.305 UTC,1.40259,1.40246,0.0033,0.0012
21.10.2025 14:23:35.509 UTC,1.40246,1.40233,0.0012,0.0015
21.10.2025 14:23:35.561 UTC,1.40245,1.40234,0.00132,0.0012
21.10.2025 14:23:35.665 UTC,1.40244,1.40232,0.00132,0.00135
21.10.2025 14:23:35.768 UTC,1.40245,1.40234,0.00132,0.00225
21.10.2025 14:23:36.731 UTC,1.40243,1.40233,0.00132,0.0024
21.10.2025 14:23:36.834 UTC,1.40243,1.40233,0.00237,0.0012
21.10.2025 14:23:36.936 UTC,1.40244,1.40231,0.00237,0.0036
21.10.2025 14:23:37.090 UTC,1.40242,1.40232,0.00237,0.00135
21.10.2025 14:23:37.746 UTC,1.40241,1.40232,0.00132,0.00135
21.10.2025 14:23:37.849 UTC,1.40243,1.40232,0.0012,0.00225
21.10.2025 14:23:37.951 UTC,1.40244,1.40232,0.00132,0.0027
21.10.2025 14:23:38.156 UTC,1.40244,1.40232,0.00132,0.00285
21.10.2025 14:23:38.513 UTC,1.40246,1.40233,0.00237,0.00225
21.10.2025 14:23:38.615 UTC,1.40245,1.40234,0.00237,0.0027
21.10.2025 14:23:38.767 UTC,1.40245,1.40234,0.00192,0.00285
21.10.2025 14:23:39.221 UTC,1.40244,1.40232,0.00192,0.0018
21.10.2025 14:23:39.323 UTC,1.40243,1.40232,0.00132,0.00225
21.10.2025 14:23:39.729 UTC,1.40244,1.40232,0.00132,0.0012
21.10.2025 14:23:39.883 UTC,1.40241,1.40231,0.00132,0.00225
21.10.2025 14:23:39.987 UTC,1.40241,1.4023,0.00132,0.0012
21.10.2025 14:23:40.038 UTC,1.4024,1.40229,0.00132,0.00315
21.10.2025 14:23:40.543 UTC,1.4024,1.40229,0.00132,0.0033
21.10.2025 14:23:40.647 UTC,1.40241,1.40228,0.00132,0.0036
21.10.2025 14:23:40.955 UTC,1.4024,1.40229,0.00132,0.00375
21.10.2025 14:23:41.157 UTC,1.4024,1.40231,0.00132,0.0012
21.10.2025 14:23:46.597 UTC,1.4024,1.4023,0.00147,0.0012
21.10.2025 14:23:46.699 UTC,1.40241,1.40228,0.00192,0.00315
21.10.2025 14:23:46.802 UTC,1.4024,1.40229,0.00147,0.0018
21.10.2025 14:23:47.359 UTC,1.4024,1.4023,0.00147,0.0012
21.10.2025 14:23:47.562 UTC,1.40241,1.4023,0.00132,0.0012
21.10.2025 14:23:48.743 UTC,1.40244,1.40231,0.00237,0.00315
21.10.2025 14:23:48.897 UTC,1.40244,1.40234,0.00192,0.0012
21.10.2025 14:23:50.609 UTC,1.40245,1.40233,0.00192,0.0012
21.10.2025 14:23:50.712 UTC,1.40244,1.40232,0.00132,0.00135
21.10.2025 14:23:50.815 UTC,1.40243,1.40233,0.00132,0.0012
21.10.2025 14:23:50.919 UTC,1.40244,1.40231,0.00132,0.0027
21.10.2025 14:23:51.022 UTC,1.40234,1.40229,0.0012,0.0012
21.10.2025 14:23:51.074 UTC,1.40235,1.40225,0.00132,0.0012
21.10.2025 14:23:51.127 UTC,1.40232,1.40221,0.0012,0.0018
21.10.2025 14:23:51.230 UTC,1.40231,1.40221,0.0012,0.00315
21.10.2025 14:23:51.333 UTC,1.40233,1.40223,0.0012,0.0012
21.10.2025 14:23:53.257 UTC,1.40234,1.40222,0.00132,0.0018
21.10.2025 14:23:53.615 UTC,1.40232,1.40223,0.0012,0.00135
21.10.2025 14:23:54.528 UTC,1.40233,1.40222,0.0012,0.00195
21.10.2025 14:23:54.980 UTC,1.40233,1.40222,0.0012,0.0018
21.10.2025 14:23:56.995 UTC,1.40233,1.40222,0.0012,0.00195
21.10.2025 14:23:57.703 UTC,1.40233,1.40222,0.0012,0.0018
21.10.2025 14:23:57.906 UTC,1.40234,1.40222,0.00132,0.0018
21.10.2025 14:23:58.058 UTC,1.40233,1.40223,0.00132,0.00195
21.10.2025 14:23:58.161 UTC,1.40234,1.40222,0.00132,0.0018
21.10.2025 14:23:59.017 UTC,1.40234,1.40223,0.00132,0.0012
21.10.2025 14:24:02.496 UTC,1.40232,1.40223,0.0012,0.0027
21.10.2025 14:24:02.651 UTC,1.40234,1.40223,0.0012,0.00135
21.10.2025 14:24:06.231 UTC,1.40233,1.40225,0.0012,0.0012
21.10.2025 14:24:08.241 UTC,1.40234,1.40223,0.0012,0.0012
21.10.2025 14:24:09.151 UTC,1.40234,1.40223,0.0012,0.00195
21.10.2025 14:24:09.404 UTC,1.40234,1.40223,0.0012,0.0018
21.10.2025 14:24:11.171 UTC,1.40235,1.40223,0.0012,0.0024
21.10.2025 14:24:11.326 UTC,1.40238,1.40229,0.0012,0.0012
21.10.2025 14:24:11.432 UTC,1.4024,1.40229,0.0012,0.0012
21.10.2025 14:24:12.869 UTC,1.40239,1.40228,0.0012,0.00135
21.10.2025 14:24:13.429 UTC,1.40241,1.40228,0.0012,0.00192
21.10.2025 14:24:13.531 UTC,1.40241,1.40228,0.00135,0.00144
21.10.2025 14:24:14.085 UTC,1.40241,1.40228,0.0012,0.00192
21.10.2025 14:24:14.186 UTC,1.40241,1.40228,0.0012,0.00195
21.10.2025 14:24:14.289 UTC,1.4024,1.4023,0.0012,0.00135
21.10.2025 14:24:16.102 UTC,1.40241,1.40229,0.0012,0.0018
21.10.2025 14:24:19.870 UTC,1.4024,1.40231,0.0012,0.0012
21.10.2025 14:24:20.926 UTC,1.40241,1.40229,0.0012,0.0018
21.10.2025 14:24:24.397 UTC,1.40241,1.40229,0.0012,0.00195
21.10.2025 14:24:24.801 UTC,1.40242,1.40229,0.00279,0.00285
21.10.2025 14:24:24.853 UTC,1.40243,1.40231,0.0012,0.0018
21.10.2025 14:24:24.956 UTC,1.40244,1.40232,0.0018,0.00195
21.10.2025 14:24:25.060 UTC,1.40244,1.40234,0.0012,0.00315
21.10.2025 14:24:25.266 UTC,1.40244,1.40233,0.0012,0.00135
21.10.2025 14:24:25.370 UTC,1.40244,1.40233,0.0012,0.00285
21.10.2025 14:24:25.473 UTC,1.40244,1.40233,0.0012,0.0036
21.10.2025 14:24:26.850 UTC,1.40245,1.40234,0.0012,0.0036
21.10.2025 14:24:27.002 UTC,1.40246,1.40233,0.0012,0.00375
21.10.2025 14:24:27.555 UTC,1.40246,1.40233,0.0012,0.0033
21.10.2025 14:24:28.510 UTC,1.40245,1.40234,0.0012,0.00375
21.10.2025 14:24:28.812 UTC,1.40246,1.40233,0.0012,0.00375
21.10.2025 14:24:28.972 UTC,1.40246,1.40234,0.0012,0.00135
21.10.2025 14:24:29.125 UTC,1.40245,1.40235,0.0012,0.0018
21.10.2025 14:24:30.085 UTC,1.40247,1.40237,0.0018,0.00135
21.10.2025 14:24:30.188 UTC,1.40247,1.40234,0.0018,0.0027
21.10.2025 14:24:30.290 UTC,1.40247,1.40234,0.0018,0.00285
21.10.2025 14:24:33.121 UTC,1.40247,1.40236,0.0012,0.0036
21.10.2025 14:24:33.225 UTC,1.40246,1.40236,0.0012,0.0012
21.10.2025 14:24:33.379 UTC,1.40246,1.40235,0.0012,0.0018
21.10.2025 14:24:34.593 UTC,1.40247,1.40234,0.0018,0.00285
21.10.2025 14:24:34.696 UTC,1.40247,1.40234,0.0018,0.0027
21.10.2025 14:24:35.553 UTC,1.40245,1.40234,0.00135,0.00375
21.10.2025 14:24:35.656 UTC,1.40246,1.40233,0.00135,0.0036
21.10.2025 14:24:35.858 UTC,1.40246,1.40233,0.0012,0.00375
21.10.2025 14:24:36.112 UTC,1.40244,1.40232,0.00234,0.0018
21.10.2025 14:24:36.215 UTC,1.40242,1.40229,0.0018,0.00375
21.10.2025 14:24:36.267 UTC,1.40241,1.4023,0.0018,0.0033
21.10.2025 14:24:38.788 UTC,1.40242,1.40231,0.00225,0.0018
21.10.2025 14:24:38.945 UTC,1.40245,1.40233,0.00225,0.0024
21.10.2025 14:24:39.048 UTC,1.40246,1.40234,0.0012,0.00135
21.10.2025 14:24:42.130 UTC,1.40246,1.40236,0.0018,0.00195
21.10.2025 14:24:42.184 UTC,1.4025,1.40237,0.00135,0.0018
21.10.2025 14:24:43.557 UTC,1.4025,1.40237,0.0012,0.00285
21.10.2025 14:24:44.413 UTC,1.40249,1.40238,0.0012,0.00225
21.10.2025 14:24:44.516 UTC,1.40245,1.40236,0.0018,0.0018
21.10.2025 14:24:44.569 UTC,1.40244,1.40231,0.0018,0.0018
21.10.2025 14:24:44.671 UTC,1.40244,1.40231,0.0018,0.0024
21.10.2025 14:24:44.774 UTC,1.40243,1.40231,0.0027,0.0018
21.10.2025 14:24:44.878 UTC,1.40242,1.40231,0.0018,0.00135
21.10.2025 14:24:45.739 UTC,1.40242,1.40229,0.0018,0.00225
21.10.2025 14:24:49.102 UTC,1.40242,1.40229,0.0018,0.00285
21.10.2025 14:24:49.207 UTC,1.40241,1.4023,0.00225,0.00225
21.10.2025 14:24:51.679 UTC,1.4024,1.40229,0.00135,0.00375
21.10.2025 14:24:51.783 UTC,1.4024,1.40227,0.00144,0.0018
21.10.2025 14:24:51.836 UTC,1.40237,1.40226,0.0018,0.00135
21.10.2025 14:24:51.939 UTC,1.40238,1.40225,0.00135,0.0024
21.10.2025 14:24:52.957 UTC,1.40237,1.40228,0.0012,0.0012
21.10.2025 14:24:53.060 UTC,1.40237,1.40227,0.0012,0.0012
21.10.2025 14:24:55.022 UTC,1.40238,1.40227,0.0012,0.0018
21.10.2025 14:24:56.696 UTC,1.40237,1.40227,0.0018,0.0012
21.10.2025 14:24:56.849 UTC,1.40238,1.40226,0.0012,0.00195
21.10.2025 14:24:56.951 UTC,1.40238,1.40226,0.0012,0.0018
21.10.2025 14:24:59.723 UTC,1.4024,1.40228,0.0012,0.0012
21.10.2025 14:24:59.826 UTC,1.4024,1.4023,0.00132,0.00135
21.10.2025 14:25:00.991 UTC,1.40239,1.40228,0.00144,0.00135
21.10.2025 14:25:01.094 UTC,1.40238,1.40227,0.00234,0.0018
21.10.2025 14:25:01.954 UTC,1.40239,1.40227,0.00132,0.0012
21.10.2025 14:25:02.057 UTC,1.40239,1.40226,0.00189,0.00225
21.10.2025 14:25:02.211 UTC,1.40239,1.40226,0.00132,0.00375
21.10.2025 14:25:02.715 UTC,1.40238,1.40227,0.00189,0.0018
21.10.2025 14:25:02.817 UTC,1.40238,1.40228,0.00132,0.0012
21.10.2025 14:25:02.919 UTC,1.40239,1.40226,0.00189,0.0027
21.10.2025 14:25:03.071 UTC,1.40239,1.40227,0.00189,0.00135
21.10.2025 14:25:03.225 UTC,1.40239,1.40228,0.0012,0.0012
21.10.2025 14:25:03.986 UTC,1.40239,1.40229,0.0012,0.00225
21.10.2025 14:25:04.093 UTC,1.40239,1.40227,0.0012,0.0012
21.10.2025 14:25:04.196 UTC,1.4024,1.40228,0.0012,0.00135
21.10.2025 14:25:04.298 UTC,1.4024,1.40228,0.0012,0.00195
21.10.2025 14:25:05.258 UTC,1.40238,1.40228,0.0012,0.0012
21.10.2025 14:25:05.361 UTC,1.40239,1.40227,0.0012,0.0012
21.10.2025 14:25:09.145 UTC,1.40239,1.40228,0.0012,0.0012
21.10.2025 14:25:09.249 UTC,1.40239,1.40229,0.0012,0.0018
21.10.2025 14:25:09.352 UTC,1.4024,1.40229,0.0012,0.0012
21.10.2025 14:25:09.455 UTC,1.40241,1.40229,0.0012,0.0012
21.10.2025 14:25:09.759 UTC,1.4024,1.4023,0.0012,0.0012
21.10.2025 14:25:10.012 UTC,1.40242,1.40229,0.0018,0.0024
21.10.2025 14:25:10.166 UTC,1.40243,1.40232,0.0012,0.0012
21.10.2025 14:25:10.839 UTC,1.40242,1.40233,0.0012,0.0012
21.10.2025 14:25:11.503 UTC,1.40242,1.4023,0.0012,0.0012
21.10.2025 14:25:11.607 UTC,1.4024,1.40231,0.0012,0.00135
21.10.2025 14:25:12.070 UTC,1.40239,1.4023,0.0012,0.0012
21.10.2025 14:25:12.173 UTC,1.4024,1.40231,0.0012,0.0012
21.10.2025 14:25:12.224 UTC,1.4024,1.40229,0.0012,0.0012
21.10.2025 14:25:15.447 UTC,1.4024,1.40229,0.0012,0.00195
21.10.2025 14:25:17.457 UTC,1.40239,1.4023,0.0012,0.0012
21.10.2025 14:25:18.278 UTC,1.40241,1.40229,0.0012,0.0018
21.10.2025 14:25:19.337 UTC,1.40241,1.40229,0.0012,0.00195
21.10.2025 14:25:19.639 UTC,1.40241,1.40229,0.0012,0.0018
21.10.2025 14:25:19.792 UTC,1.40241,1.40229,0.0012,0.00195
21.10.2025 14:25:20.096 UTC,1.4024,1.4023,0.0012,0.0018
21.10.2025 14:25:20.197 UTC,1.40241,1.40229,0.0012,0.00195
21.10.2025 14:25:20.600 UTC,1.4024,1.40229,0.00279,0.0012
21.10.2025 14:25:20.703 UTC,1.4024,1.40228,0.0012,0.0018
21.10.2025 14:25:20.805 UTC,1.4024,1.40228,0.0012,0.0024
21.10.2025 14:25:21.309 UTC,1.4024,1.4023,0.0018,0.0012
21.10.2025 14:25:22.320 UTC,1.40241,1.40229,0.0018,0.0012
21.10.2025 14:25:22.473 UTC,1.40241,1.40229,0.0012,0.0018
21.10.2025 14:25:23.682 UTC,1.40241,1.40229,0.0012,0.00195
21.10.2025 14:25:25.601 UTC,1.40241,1.40229,0.0012,0.0012
21.10.2025 14:25:26.361 UTC,1.4024,1.4023,0.0012,0.00135
21.10.2025 14:25:27.072 UTC,1.4024,1.40229,0.00135,0.00225
21.10.2025 14:25:27.479 UTC,1.40241,1.40228,0.00195,0.00225
21.10.2025 14:25:27.531 UTC,1.4024,1.40229,0.00135,0.00225
21.10.2025 14:25:28.140 UTC,1.40239,1.40228,0.00135,0.0024
21.10.2025 14:25:28.243 UTC,1.4024,1.40226,0.00234,0.00285
21.10.2025 14:25:29.011 UTC,1.40239,1.40227,0.0012,0.0018
21.10.2025 14:25:29.164 UTC,1.40237,1.40227,0.0018,0.0018
21.10.2025 14:25:29.266 UTC,1.40238,1.40227,0.00234,0.0018
21.10.2025 14:25:29.674 UTC,1.40239,1.40226,0.00249,0.0012
21.10.2025 14:25:29.929 UTC,1.40239,1.40226,0.00234,0.00135
21.10.2025 14:25:30.032 UTC,1.40239,1.40226,0.00249,0.0012
21.10.2025 14:25:30.135 UTC,1.40238,1.40227,0.00234,0.00135
21.10.2025 14:25:30.389 UTC,1.40236,1.40225,0.00135,0.0024
21.10.2025 14:25:30.493 UTC,1.40236,1.40224,0.0012,0.0012
21.10.2025 14:25:30.596 UTC,1.40237,1.40225,0.0012,0.00135
21.10.2025 14:25:34.019 UTC,1.40237,1.40227,0.0012,0.0018
21.10.2025 14:25:34.122 UTC,1.40239,1.40226,0.0012,0.00225
21.10.2025 14:25:37.147 UTC,1.40238,1.40227,0.00225,0.00375
21.10.2025 14:25:37.350 UTC,1.40238,1.40226,0.0012,0.0012
21.10.2025 14:25:40.371 UTC,1.40237,1.40224,0.00135,0.00285
21.10.2025 14:25:40.474 UTC,1.40235,1.40225,0.0012,0.0012
21.10.2025 14:25:40.576 UTC,1.40236,1.40224,0.0012,0.0012
21.10.2025 14:25:41.893 UTC,1.40233,1.40223,0.0018,0.00132
21.10.2025 14:25:41.997 UTC,1.40237,1.40224,0.00375,0.00132
21.10.2025 14:25:42.100 UTC,1.40237,1.40226,0.00135,0.00132
21.10.2025 14:25:44.008 UTC,1.40239,1.40226,0.00225,0.00147
21.10.2025 14:25:44.163 UTC,1.4024,1.40229,0.0012,0.00132
21.10.2025 14:25:44.215 UTC,1.40242,1.40228,0.00135,0.00327
21.10.2025 14:25:44.318 UTC,1.40242,1.40229,0.0012,0.00147
21.10.2025 14:25:45.531 UTC,1.40242,1.40232,0.0012,0.00132
21.10.2025 14:25:45.583 UTC,1.40243,1.40233,0.0018,0.00132
21.10.2025 14:25:45.687 UTC,1.40243,1.40234,0.0012,0.00132
21.10.2025 14:25:46.499 UTC,1.40244,1.40235,0.0012,0.0012
21.10.2025 14:25:49.673 UTC,1.40244,1.40236,0.0012,0.00132
21.10.2025 14:25:49.825 UTC,1.40247,1.40237,0.0012,0.00144
21.10.2025 14:25:49.928 UTC,1.40248,1.40237,0.0018,0.00282
21.10.2025 14:25:50.032 UTC,1.40251,1.40239,0.00225,0.00132
21.10.2025 14:25:50.188 UTC,1.40246,1.4024,0.0018,0.00132
21.10.2025 14:25:52.706 UTC,1.40247,1.40238,0.0018,0.00279
21.10.2025 14:25:52.960 UTC,1.40247,1.40238,0.0018,0.00294
21.10.2025 14:25:55.875 UTC,1.40252,1.40239,0.00225,0.0012
21.10.2025 14:25:56.481 UTC,1.40249,1.4024,0.0012,0.00135
21.10.2025 14:25:56.584 UTC,1.40247,1.40236,0.0018,0.0018
21.10.2025 14:25:57.906 UTC,1.40249,1.40236,0.0027,0.00135
21.10.2025 14:25:58.416 UTC,1.40247,1.40235,0.0018,0.00195
21.10.2025 14:25:58.519 UTC,1.40247,1.40234,0.0027,0.00225
21.10.2025 14:26:00.342 UTC,1.40247,1.40235,0.0012,0.0018
21.10.2025 14:26:00.597 UTC,1.40247,1.40236,0.00315,0.0018
21.10.2025 14:26:01.455 UTC,1.40247,1.40235,0.0012,0.0018
21.10.2025 14:26:03.574 UTC,1.40247,1.40234,0.00225,0.0027
21.10.2025 14:26:04.532 UTC,1.40247,1.40234,0.00225,0.00195
21.10.2025 14:26:06.649 UTC,1.40248,1.40236,0.0018,0.0012
21.10.2025 14:26:06.752 UTC,1.40249,1.40236,0.0036,0.00279
21.10.2025 14:26:07.108 UTC,1.40249,1.40236,0.00315,0.00147
21.10.2025 14:26:07.209 UTC,1.40249,1.40236,0.0042,0.00144
21.10.2025 14:26:07.514 UTC,1.40248,1.40237,0.0042,0.00147
21.10.2025 14:26:07.666 UTC,1.40248,1.40237,0.0042,0.00144
21.10.2025 14:26:07.768 UTC,1.40249,1.40236,0.0042,0.00147
21.10.2025 14:26:07.972 UTC,1.40248,1.40236,0.0012,0.00234
21.10.2025 14:26:08.276 UTC,1.40248,1.40236,0.00135,0.00237
21.10.2025 14:26:08.380 UTC,1.40248,1.40236,0.0012,0.00387
21.10.2025 14:26:08.483 UTC,1.40249,1.40237,0.0018,0.00192
21.10.2025 14:26:08.585 UTC,1.40249,1.40237,0.0018,0.00144
21.10.2025 14:26:08.687 UTC,1.40248,1.40238,0.0018,0.00192
21.10.2025 14:26:08.840 UTC,1.40249,1.40237,0.0027,0.00144
21.10.2025 14:26:09.345 UTC,1.40249,1.40237,0.0012,0.00237
21.10.2025 14:26:09.448 UTC,1.40248,1.40237,0.0027,0.00195
21.10.2025 14:26:09.703 UTC,1.40247,1.40234,0.0018,0.00285
21.10.2025 14:26:09.755 UTC,1.40247,1.40234,0.0012,0.00285
21.10.2025 14:26:20.947 UTC,1.40246,1.40234,0.00315,0.00294
21.10.2025 14:26:21.000 UTC,1.40246,1.40235,0.0027,0.00342
21.10.2025 14:26:21.104 UTC,1.40248,1.40238,0.0018,0.00279
21.10.2025 14:26:21.155 UTC,1.40249,1.40238,0.0012,0.00324
21.10.2025 14:26:21.258 UTC,1.40251,1.40238,0.0012,0.00342
21.10.2025 14:26:21.463 UTC,1.40251,1.40238,0.0012,0.00297
21.10.2025 14:26:22.830 UTC,1.4025,1.40238,0.0018,0.00192
21.10.2025 14:26:22.932 UTC,1.40249,1.40239,0.0018,0.00144
21.10.2025 14:26:23.793 UTC,1.40247,1.40236,0.0012,0.0018
21.10.2025 14:26:23.896 UTC,1.40247,1.40235,0.0012,0.00192
21.10.2025 14:26:25.862 UTC,1.40249,1.40237,0.0012,0.00132
21.10.2025 14:26:26.118 UTC,1.40249,1.40239,0.0018,0.00132
21.10.2025 14:26:26.222 UTC,1.40251,1.40239,0.0012,0.0012
21.10.2025 14:26:27.235 UTC,1.40248,1.40236,0.0012,0.0018
21.10.2025 14:26:27.339 UTC,1.40245,1.40234,0.0012,0.0018
21.10.2025 14:26:27.442 UTC,1.40243,1.40234,0.0012,0.0018
21.10.2025 14:26:27.494 UTC,1.40242,1.40233,0.0012,0.0018
21.10.2025 14:26:28.662 UTC,1.40244,1.40232,0.0012,0.00204
21.10.2025 14:26:28.765 UTC,1.40245,1.40232,0.0018,0.00384
21.10.2025 14:26:28.969 UTC,1.40244,1.40232,0.0012,0.0018
21.10.2025 14:26:29.581 UTC,1.40244,1.40233,0.00225,0.00249
21.10.2025 14:26:29.837 UTC,1.40244,1.40232,0.0012,0.0018
21.10.2025 14:26:30.042 UTC,1.40244,1.40233,0.0018,0.00294
21.10.2025 14:26:30.247 UTC,1.40245,1.40232,0.0012,0.00294
21.10.2025 14:26:31.060 UTC,1.40246,1.40234,0.0012,0.00144
21.10.2025 14:26:31.112 UTC,1.40248,1.40237,0.0024,0.0012
21.10.2025 14:26:31.876 UTC,1.40248,1.40238,0.0024,0.0018
21.10.2025 14:26:32.283 UTC,1.40247,1.4024,0.0024,0.0012
21.10.2025 14:26:33.040 UTC,1.40251,1.40239,0.0018,0.0012
21.10.2025 14:26:34.455 UTC,1.40248,1.40238,0.0018,0.00135
21.10.2025 14:26:34.558 UTC,1.40247,1.40235,0.0024,0.00135
21.10.2025 14:26:36.077 UTC,1.40247,1.40237,0.00375,0.0018
21.10.2025 14:26:36.587 UTC,1.40248,1.40237,0.0024,0.0012
21.10.2025 14:26:36.739 UTC,1.40247,1.40237,0.0024,0.00135
21.10.2025 14:26:37.348 UTC,1.40248,1.40237,0.0024,0.00189
21.10.2025 14:26:37.653 UTC,1.40248,1.40239,0.0024,0.0012
21.10.2025 14:26:37.705 UTC,1.40252,1.4024,0.00225,0.0012
21.10.2025 14:26:39.369 UTC,1.40251,1.4024,0.0012,0.00135
21.10.2025 14:26:39.473 UTC,1.40248,1.40239,0.0018,0.0012
21.10.2025 14:26:41.249 UTC,1.40247,1.40241,0.0018,0.0012
21.10.2025 14:26:41.956 UTC,1.40252,1.4024,0.00225,0.00135
21.10.2025 14:26:48.659 UTC,1.40253,1.40242,0.0018,0.00417
21.10.2025 14:26:48.763 UTC,1.40255,1.40245,0.00135,0.00192
21.10.2025 14:26:48.916 UTC,1.40256,1.40246,0.0012,0.00132
21.10.2025 14:26:51.847 UTC,1.40256,1.40246,0.0024,0.0012
21.10.2025 14:26:52.053 UTC,1.40254,1.40244,0.0012,0.00135
21.10.2025 14:26:52.105 UTC,1.40256,1.40244,0.0012,0.00135
21.10.2025 14:26:55.493 UTC,1.40253,1.40244,0.0012,0.00135
21.10.2025 14:26:55.700 UTC,1.40255,1.40245,0.00135,0.0012
21.10.2025 14:26:56.511 UTC,1.40254,1.40243,0.0012,0.00135
21.10.2025 14:26:56.768 UTC,1.40254,1.40244,0.0012,0.0012
21.10.2025 14:26:56.819 UTC,1.40256,1.40245,0.0033,0.0012
21.10.2025 14:26:56.922 UTC,1.40257,1.40244,0.00315,0.0018
21.10.2025 14:26:57.982 UTC,1.40256,1.40246,0.00225,0.0012
21.10.2025 14:26:59.152 UTC,1.40257,1.40245,0.0012,0.00204
21.10.2025 14:26:59.254 UTC,1.40257,1.40245,0.0012,0.00189
21.10.2025 14:26:59.458 UTC,1.40257,1.40245,0.0012,0.00204
21.10.2025 14:27:00.215 UTC,1.40258,1.40246,0.0018,0.0012
21.10.2025 14:27:00.369 UTC,1.40256,1.40245,0.0024,0.00135
21.10.2025 14:27:00.471 UTC,1.40256,1.40245,0.00225,0.00135
21.10.2025 14:27:00.728 UTC,1.40257,1.40245,0.00135,0.0012
21.10.2025 14:27:00.880 UTC,1.40256,1.40245,0.00225,0.0012
21.10.2025 14:27:00.984 UTC,1.40254,1.40242,0.0012,0.0018
21.10.2025 14:27:01.392 UTC,1.40253,1.40242,0.0012,0.0018
21.10.2025 14:27:02.004 UTC,1.40253,1.40244,0.0012,0.00135
21.10.2025 14:27:02.264 UTC,1.40256,1.40244,0.00135,0.00225
21.10.2025 14:27:02.574 UTC,1.40255,1.40243,0.0018,0.0018
21.10.2025 14:27:02.679 UTC,1.40254,1.40244,0.0018,0.00135
21.10.2025 14:27:03.090 UTC,1.40254,1.40243,0.0012,0.00135
21.10.2025 14:27:03.193 UTC,1.40257,1.40244,0.00285,0.0012
21.10.2025 14:27:03.500 UTC,1.40255,1.40244,0.00135,0.00135
21.10.2025 14:27:03.804 UTC,1.40254,1.40243,0.0012,0.00135
21.10.2025 14:27:05.219 UTC,1.40255,1.40243,0.00135,0.00135
21.10.2025 14:27:05.425 UTC,1.40256,1.40243,0.0027,0.0018
21.10.2025 14:27:05.528 UTC,1.40253,1.40244,0.0018,0.0018
21.10.2025 14:27:05.631 UTC,1.40253,1.40242,0.0012,0.0018
21.10.2025 14:27:05.735 UTC,1.40252,1.40242,0.0012,0.00135
21.10.2025 14:27:05.838 UTC,1.40251,1.40242,0.0012,0.00135
21.10.2025 14:27:05.890 UTC,1.40253,1.40243,0.0012,0.00237
21.10.2025 14:27:05.941 UTC,1.40256,1.40244,0.0012,0.00132
21.10.2025 14:27:06.045 UTC,1.40256,1.40245,0.0012,0.0012
21.10.2025 14:27:11.440 UTC,1.40258,1.40246,0.0012,0.0012
21.10.2025 14:27:11.543 UTC,1.40259,1.40247,0.00555,0.0012
21.10.2025 14:27:11.651 UTC,1.40257,1.40247,0.0024,0.00135
21.10.2025 14:27:11.807 UTC,1.40255,1.40244,0.0012,0.0018
21.10.2025 14:27:11.861 UTC,1.40255,1.40244,0.0012,0.0012
21.10.2025 14:27:12.066 UTC,1.40256,1.40244,0.0018,0.0012
21.10.2025 14:27:13.183 UTC,1.40256,1.40246,0.00285,0.0012
21.10.2025 14:27:14.243 UTC,1.40257,1.40246,0.0018,0.00144
21.10.2025 14:27:15.156 UTC,1.40257,1.40246,0.00135,0.0012
21.10.2025 14:27:16.163 UTC,1.40256,1.40246,0.00135,0.00144
21.10.2025 14:27:17.131 UTC,1.40258,1.40246,0.00225,0.0012
21.10.2025 14:27:17.338 UTC,1.40257,1.40248,0.00225,0.0012
21.10.2025 14:27:17.442 UTC,1.40262,1.40249,0.0024,0.00132
21.10.2025 14:27:17.545 UTC,1.40262,1.4025,0.00225,0.0012
21.10.2025 14:27:17.756 UTC,1.40259,1.40249,0.0012,0.00135
21.10.2025 14:27:17.860 UTC,1.40258,1.40247,0.0018,0.0018
21.10.2025 14:27:17.913 UTC,1.4026,1.40248,0.00225,0.0012
21.10.2025 14:27:18.016 UTC,1.40259,1.40248,0.0012,0.0012
21.10.2025 14:27:18.574 UTC,1.40259,1.40249,0.0012,0.0012
21.10.2025 14:27:18.626 UTC,1.40262,1.4025,0.00135,0.00132
21.10.2025 14:27:18.729 UTC,1.40262,1.40252,0.00225,0.00132
21.10.2025 14:27:19.132 UTC,1.40263,1.40251,0.0024,0.00132
21.10.2025 14:27:19.987 UTC,1.40263,1.40251,0.00225,0.00132
21.10.2025 14:27:20.441 UTC,1.40263,1.40251,0.0024,0.00132
21.10.2025 14:27:21.607 UTC,1.40263,1.40251,0.00135,0.00132
21.10.2025 14:27:21.761 UTC,1.40266,1.40254,0.00285,0.00132
21.10.2025 14:27:21.865 UTC,1.40269,1.40259,0.0012,0.00132
21.10.2025 14:27:21.974 UTC,1.40271,1.40261,0.0018,0.00132
21.10.2025 14:27:22.077 UTC,1.40271,1.40262,0.0012,0.0012
21.10.2025 14:27:23.239 UTC,1.40271,1.40261,0.00135,0.0012
21.10.2025 14:27:23.444 UTC,1.40266,1.40256,0.0012,0.0018
21.10.2025 14:27:23.498 UTC,1.40266,1.40255,0.0018,0.0018
21.10.2025 14:27:23.601 UTC,1.40264,1.40255,0.0018,0.00132
21.10.2025 14:27:23.704 UTC,1.40263,1.40255,0.0012,0.00132
21.10.2025 14:27:23.807 UTC,1.40266,1.40255,0.00135,0.00132
21.10.2025 14:27:24.827 UTC,1.40266,1.40255,0.0018,0.00132
21.10.2025 14:27:25.081 UTC,1.40265,1.40254,0.00135,0.0012
21.10.2025 14:27:25.844 UTC,1.40264,1.40256,0.0012,0.00132
21.10.2025 14:27:25.947 UTC,1.40266,1.40255,0.0012,0.00132
21.10.2025 14:27:27.762 UTC,1.40265,1.40255,0.00135,0.0012
21.10.2025 14:27:28.069 UTC,1.40266,1.40257,0.0012,0.0012
21.10.2025 14:27:28.172 UTC,1.40267,1.40257,0.00225,0.0018
21.10.2025 14:27:29.390 UTC,1.4027,1.40258,0.00135,0.0012
21.10.2025 14:27:29.493 UTC,1.40271,1.4026,0.0018,0.0012
21.10.2025 14:27:29.646 UTC,1.40272,1.40259,0.0018,0.0012
21.10.2025 14:27:30.205 UTC,1.40271,1.40259,0.0018,0.0012
21.10.2025 14:27:30.510 UTC,1.40271,1.40259,0.00225,0.0012
21.10.2025 14:27:30.713 UTC,1.4027,1.40259,0.0012,0.0012
21.10.2025 14:27:31.574 UTC,1.40269,1.40258,0.00135,0.0012
21.10.2025 14:27:31.626 UTC,1.40265,1.40257,0.0012,0.00135
21.10.2025 14:27:31.678 UTC,1.40265,1.40254,0.0012,0.0012
21.10.2025 14:27:32.075 UTC,1.40265,1.40256,0.0012,0.00132
21.10.2025 14:27:32.179 UTC,1.40269,1.40257,0.0018,0.00144
21.10.2025 14:27:32.284 UTC,1.4027,1.40258,0.00315,0.00144
21.10.2025 14:27:32.439 UTC,1.4027,1.40259,0.0012,0.0012
21.10.2025 14:27:32.593 UTC,1.40271,1.4026,0.00225,0.0012
21.10.2025 14:27:32.696 UTC,1.40271,1.40259,0.0012,0.0012
21.10.2025 14:27:32.800 UTC,1.4027,1.40259,0.0012,0.0012
21.10.2025 14:27:32.903 UTC,1.40268,1.40257,0.00135,0.00135
21.10.2025 14:27:33.459 UTC,1.40268,1.40257,0.0024,0.0012
21.10.2025 14:27:33.612 UTC,1.40267,1.40258,0.00225,0.0012
21.10.2025 14:27:34.065 UTC,1.40268,1.40257,0.0024,0.0012
21.10.2025 14:27:35.776 UTC,1.40267,1.40258,0.00225,0.0012
21.10.2025 14:27:35.877 UTC,1.40268,1.40257,0.0024,0.0012
21.10.2025 14:27:36.029 UTC,1.40268,1.40257,0.00225,0.0012
21.10.2025 14:27:36.482 UTC,1.40268,1.40257,0.0024,0.0012
21.10.2025 14:27:37.188 UTC,1.40268,1.40257,0.00225,0.0012
21.10.2025 14:27:38.345 UTC,1.40268,1.40257,0.0024,0.0012
21.10.2025 14:27:38.448 UTC,1.40268,1.40259,0.00135,0.0012
21.10.2025 14:27:38.501 UTC,1.40271,1.4026,0.0012,0.0012
21.10.2025 14:27:38.604 UTC,1.40272,1.4026,0.00135,0.00135
21.10.2025 14:27:39.610 UTC,1.40272,1.4026,0.0024,0.0012
21.10.2025 14:27:40.663 UTC,1.40272,1.4026,0.00225,0.0012
21.10.2025 14:27:41.569 UTC,1.40272,1.4026,0.0024,0.0012
21.10.2025 14:27:41.821 UTC,1.4027,1.40258,0.00225,0.0018
21.10.2025 14:27:41.924 UTC,1.4027,1.40258,0.00225,0.00135
21.10.2025 14:27:42.178 UTC,1.4027,1.40259,0.0012,0.0012
21.10.2025 14:27:42.281 UTC,1.40271,1.40259,0.0012,0.00135
21.10.2025 14:27:43.595 UTC,1.40271,1.4026,0.00225,0.0018
21.10.2025 14:27:45.109 UTC,1.40272,1.40261,0.00225,0.0012
21.10.2025 14:27:45.866 UTC,1.40273,1.40262,0.00225,0.0012
21.10.2025 14:27:46.072 UTC,1.40272,1.40261,0.0012,0.00135
21.10.2025 14:27:46.580 UTC,1.40272,1.4026,0.0012,0.00135
21.10.2025 14:27:46.740 UTC,1.40271,1.4026,0.0018,0.0012
21.10.2025 14:27:46.848 UTC,1.40271,1.4026,0.00135,0.0012
21.10.2025 14:27:46.953 UTC,1.40271,1.4026,0.0018,0.0012
21.10.2025 14:27:47.205 UTC,1.40271,1.40259,0.00135,0.0012
21.10.2025 14:27:47.308 UTC,1.40271,1.40259,0.0024,0.0012
21.10.2025 14:27:47.412 UTC,1.4027,1.40258,0.0012,0.00135
21.10.2025 14:27:47.515 UTC,1.40268,1.40259,0.0012,0.00135
21.10.2025 14:27:47.618 UTC,1.40269,1.40259,0.0012,0.00135
21.10.2025 14:27:47.923 UTC,1.40265,1.40255,0.0018,0.0024
21.10.2025 14:27:48.026 UTC,1.40265,1.40254,0.0012,0.0018
21.10.2025 14:27:48.583 UTC,1.40264,1.40254,0.0012,0.0012
21.10.2025 14:27:48.838 UTC,1.40264,1.40253,0.0012,0.00135
21.10.2025 14:27:49.246 UTC,1.40263,1.40253,0.0012,0.0012
21.10.2025 14:27:49.652 UTC,1.40261,1.4025,0.00225,0.0024
21.10.2025 14:27:49.757 UTC,1.40263,1.40252,0.0012,0.0012
21.10.2025 14:27:49.860 UTC,1.40266,1.40254,0.00135,0.0012
21.10.2025 14:27:49.964 UTC,1.40266,1.40258,0.0018,0.0012
21.10.2025 14:27:50.171 UTC,1.40267,1.40256,0.0018,0.0012
21.10.2025 14:27:50.325 UTC,1.40266,1.40255,0.00135,0.00135
21.10.2025 14:27:50.428 UTC,1.40265,1.40253,0.0012,0.0018
21.10.2025 14:27:50.531 UTC,1.40265,1.40253,0.0012,0.00135
21.10.2025 14:27:50.633 UTC,1.40266,1.40253,0.0018,0.00135
21.10.2025 14:27:50.940 UTC,1.40265,1.40252,0.00192,0.0024
21.10.2025 14:27:51.044 UTC,1.40261,1.40249,0.0012,0.0018
21.10.2025 14:27:51.148 UTC,1.40264,1.40254,0.0012,0.00192
21.10.2025 14:27:51.200 UTC,1.40268,1.40254,0.00375,0.00237
21.10.2025 14:27:51.304 UTC,1.40268,1.40258,0.0018,0.00132
21.10.2025 14:27:51.407 UTC,1.40267,1.40258,0.0024,0.0012
21.10.2025 14:27:51.511 UTC,1.40266,1.40254,0.00225,0.00147
21.10.2025 14:27:51.563 UTC,1.40264,1.40254,0.0012,0.00144
21.10.2025 14:27:51.717 UTC,1.40264,1.40253,0.0012,0.00144
21.10.2025 14:27:51.819 UTC,1.40263,1.40254,0.0012,0.00132
21.10.2025 14:27:52.022 UTC,1.40265,1.40253,0.0012,0.00132
21.10.2025 14:27:52.226 UTC,1.40265,1.40254,0.0027,0.00147
21.10.2025 14:27:52.530 UTC,1.40266,1.40253,0.00285,0.00147
21.10.2025 14:27:53.752 UTC,1.40266,1.40255,0.00285,0.00147
21.10.2025 14:27:56.130 UTC,1.40268,1.40256,0.0024,0.00147
21.10.2025 14:27:56.436 UTC,1.40267,1.40257,0.0024,0.00207
21.10.2025 14:27:56.540 UTC,1.40268,1.40255,0.00375,0.00147
21.10.2025 14:27:56.643 UTC,1.40267,1.40258,0.0024,0.00147
21.10.2025 14:27:57.050 UTC,1.40268,1.40257,0.0018,0.00144
21.10.2025 14:28:02.118 UTC,1.40265,1.40256,0.0018,0.0012
21.10.2025 14:28:03.185 UTC,1.40265,1.40255,0.0012,0.00189
21.10.2025 14:28:03.989 UTC,1.40267,1.40255,0.0018,0.00135
21.10.2025 14:28:04.041 UTC,1.40268,1.40258,0.00225,0.00132
21.10.2025 14:28:04.449 UTC,1.40269,1.40258,0.00225,0.00144
21.10.2025 14:28:04.553 UTC,1.40271,1.40259,0.0018,0.00132
21.10.2025 14:28:04.656 UTC,1.40272,1.4026,0.00225,0.0012
21.10.2025 14:28:04.912 UTC,1.40266,1.40256,0.00135,0.00132
21.10.2025 14:28:05.015 UTC,1.40266,1.40255,0.00225,0.0012
21.10.2025 14:28:05.530 UTC,1.40266,1.40256,0.00135,0.0012
21.10.2025 14:28:05.638 UTC,1.40268,1.40255,0.00315,0.0012
21.10.2025 14:28:06.104 UTC,1.40268,1.40256,0.0012,0.00147
21.10.2025 14:28:06.210 UTC,1.40269,1.40257,0.0012,0.00204
21.10.2025 14:28:06.319 UTC,1.40268,1.40256,0.00225,0.0018
21.10.2025 14:28:06.370 UTC,1.40268,1.40256,0.00225,0.00135
21.10.2025 14:28:09.251 UTC,1.40268,1.40256,0.0012,0.00195
21.10.2025 14:28:09.455 UTC,1.40268,1.40256,0.0012,0.00189
21.10.2025 14:28:10.011 UTC,1.4027,1.40257,0.00225,0.00147
21.10.2025 14:28:10.114 UTC,1.40269,1.40257,0.0012,0.00144
21.10.2025 14:28:10.217 UTC,1.40269,1.40257,0.0024,0.00144
21.10.2025 14:28:10.522 UTC,1.40269,1.40257,0.00225,0.00144
21.10.2025 14:28:11.080 UTC,1.40271,1.40258,0.00375,0.00132
21.10.2025 14:28:11.184 UTC,1.40271,1.40259,0.0012,0.00234
21.10.2025 14:28:12.251 UTC,1.40271,1.40259,0.0012,0.00294
21.10.2025 14:28:12.553 UTC,1.40272,1.4026,0.0018,0.0012
21.10.2025 14:28:14.176 UTC,1.40272,1.4026,0.0012,0.00204
21.10.2025 14:28:14.581 UTC,1.40273,1.40261,0.0012,0.00372
21.10.2025 14:28:18.757 UTC,1.40274,1.40261,0.00315,0.00207
21.10.2025 14:28:19.260 UTC,1.40273,1.40261,0.0012,0.00192
21.10.2025 14:28:20.252 UTC,1.40273,1.40262,0.00315,0.00207
21.10.2025 14:28:20.604 UTC,1.40273,1.40261,0.0012,0.00207
21.10.2025 14:28:24.173 UTC,1.40274,1.40261,0.00315,0.00147
21.10.2025 14:28:24.878 UTC,1.40274,1.40264,0.0012,0.0012
21.10.2025 14:28:24.930 UTC,1.40273,1.40263,0.0018,0.00132
21.10.2025 14:28:25.186 UTC,1.40273,1.40261,0.00225,0.00144
21.10.2025 14:28:25.289 UTC,1.40272,1.4026,0.00135,0.00132
21.10.2025 14:28:30.246 UTC,1.40275,1.40263,0.00315,0.00132
21.10.2025 14:28:30.349 UTC,1.40275,1.40264,0.0012,0.0012
21.10.2025 14:28:30.503 UTC,1.40277,1.40267,0.00225,0.0012
21.10.2025 14:28:30.607 UTC,1.40278,1.40267,0.00405,0.0012
21.10.2025 14:28:30.709 UTC,1.40277,1.40267,0.0012,0.0012
21.10.2025 14:28:30.963 UTC,1.40279,1.40267,0.00225,0.0012
21.10.2025 14:28:31.067 UTC,1.40277,1.40267,0.0012,0.0012
21.10.2025 14:28:31.119 UTC,1.40279,1.40267,0.00225,0.0012
21.10.2025 14:28:31.678 UTC,1.40278,1.40267,0.0012,0.0012
21.10.2025 14:28:32.790 UTC,1.40277,1.40267,0.0012,0.0012
21.10.2025 14:28:32.892 UTC,1.40276,1.40267,0.0012,0.00144
21.10.2025 14:28:33.046 UTC,1.40275,1.40266,0.0012,0.0012
21.10.2025 14:28:33.200 UTC,1.40277,1.40265,0.0012,0.00132
21.10.2025 14:28:35.313 UTC,1.40277,1.40267,0.00225,0.0012
21.10.2025 14:28:35.417 UTC,1.40279,1.4027,0.0012,0.0012
21.10.2025 14:28:35.879 UTC,1.40278,1.40272,0.0012,0.00132
21.10.2025 14:28:35.931 UTC,1.40283,1.40271,0.0012,0.00147
21.10.2025 14:28:36.033 UTC,1.40283,1.40273,0.0012,0.00132
21.10.2025 14:28:36.086 UTC,1.40284,1.40273,0.0012,0.00132
21.10.2025 14:28:36.189 UTC,1.40286,1.40275,0.0018,0.00135
21.10.2025 14:28:36.293 UTC,1.40285,1.40275,0.0012,0.0012
21.10.2025 14:28:36.396 UTC,1.40284,1.40273,0.0012,0.00135
21.10.2025 14:28:37.108 UTC,1.40286,1.40274,0.00225,0.0012
21.10.2025 14:28:37.211 UTC,1.40284,1.40275,0.00135,0.0012
21.10.2025 14:28:37.364 UTC,1.40284,1.40274,0.0012,0.0012
21.10.2025 14:28:37.467 UTC,1.40284,1.40273,0.0012,0.0012
21.10.2025 14:28:38.637 UTC,1.40283,1.40273,0.0018,0.0012
21.10.2025 14:28:38.689 UTC,1.40283,1.40271,0.0018,0.0012
21.10.2025 14:28:42.025 UTC,1.40281,1.40271,0.0018,0.0027
21.10.2025 14:28:42.128 UTC,1.40282,1.40269,0.00252,0.0024
21.10.2025 14:28:42.231 UTC,1.40281,1.40269,0.00144,0.0012
21.10.2025 14:28:44.608 UTC,1.40281,1.4027,0.00234,0.00135
21.10.2025 14:28:45.365 UTC,1.40281,1.4027,0.00342,0.00225
21.10.2025 14:28:45.417 UTC,1.40278,1.40269,0.0012,0.0018
21.10.2025 14:28:45.520 UTC,1.40279,1.40267,0.00225,0.0012
21.10.2025 14:28:45.874 UTC,1.40279,1.40267,0.0033,0.0012
21.10.2025 14:28:46.026 UTC,1.40279,1.40267,0.00324,0.0012
21.10.2025 14:28:46.128 UTC,1.40279,1.40267,0.00339,0.0012
21.10.2025 14:28:46.231 UTC,1.40279,1.40266,0.00225,0.0027
21.10.2025 14:28:46.686 UTC,1.40278,1.40266,0.0012,0.0027
21.10.2025 14:28:46.738 UTC,1.40274,1.40265,0.0012,0.0018
21.10.2025 14:28:46.842 UTC,1.40274,1.40264,0.00135,0.00135
21.10.2025 14:28:49.010 UTC,1.40273,1.40261,0.0018,0.0018
21.10.2025 14:28:49.115 UTC,1.40273,1.4026,0.0018,0.00135
21.10.2025 14:28:49.475 UTC,1.40271,1.4026,0.00132,0.0018
21.10.2025 14:28:49.580 UTC,1.4027,1.40259,0.00189,0.0018
21.10.2025 14:28:49.632 UTC,1.4027,1.40259,0.00189,0.00135
21.10.2025 14:28:49.735 UTC,1.40271,1.4026,0.00189,0.00135
21.10.2025 14:28:50.952 UTC,1.40269,1.40258,0.0012,0.0018
21.10.2025 14:28:51.056 UTC,1.40267,1.40255,0.0012,0.00195
21.10.2025 14:28:51.109 UTC,1.40266,1.40257,0.0018,0.0012
21.10.2025 14:28:51.212 UTC,1.40269,1.40256,0.00324,0.0027
21.10.2025 14:28:51.314 UTC,1.40268,1.40256,0.0012,0.0018
21.10.2025 14:28:51.417 UTC,1.40267,1.40257,0.0018,0.0018
21.10.2025 14:28:53.487 UTC,1.40267,1.40256,0.0024,0.0012
21.10.2025 14:28:53.590 UTC,1.40267,1.40256,0.00225,0.0012
21.10.2025 14:28:57.871 UTC,1.40269,1.40256,0.0018,0.0018
21.10.2025 14:28:57.974 UTC,1.40269,1.40256,0.00234,0.0012
21.10.2025 14:28:58.181 UTC,1.40268,1.40257,0.00249,0.00135
21.10.2025 14:28:58.434 UTC,1.40269,1.40256,0.00234,0.0018
21.10.2025 14:28:58.587 UTC,1.4027,1.40257,0.0012,0.00294
21.10.2025 14:28:58.689 UTC,1.40271,1.40257,0.00135,0.00384
21.10.2025 14:28:58.792 UTC,1.40272,1.40259,0.0027,0.0012
21.10.2025 14:29:00.254 UTC,1.40272,1.40259,0.0024,0.00135
21.10.2025 14:29:00.358 UTC,1.40268,1.40256,0.0012,0.0024
21.10.2025 14:29:00.461 UTC,1.40268,1.40256,0.0018,0.00135
21.10.2025 14:29:00.564 UTC,1.40268,1.40257,0.0018,0.0036
21.10.2025 14:29:00.718 UTC,1.40268,1.40256,0.00135,0.00225
21.10.2025 14:29:00.873 UTC,1.40266,1.40257,0.00135,0.0012
21.10.2025 14:29:03.002 UTC,1.40266,1.40255,0.00225,0.00285
21.10.2025 14:29:03.157 UTC,1.40267,1.40254,0.0024,0.0024
21.10.2025 14:29:03.261 UTC,1.40267,1.40254,0.00225,0.00285
21.10.2025 14:29:03.465 UTC,1.40266,1.40255,0.0024,0.0024
21.10.2025 14:29:03.617 UTC,1.40267,1.40254,0.00225,0.00285
21.10.2025 14:29:04.174 UTC,1.40266,1.40253,0.00339,0.0018
21.10.2025 14:29:04.277 UTC,1.40264,1.40253,0.0012,0.0018
21.10.2025 14:29:04.329 UTC,1.40264,1.40253,0.0012,0.00135
21.10.2025 14:29:05.496 UTC,1.40265,1.40255,0.0018,0.00135
21.10.2025 14:29:05.650 UTC,1.40267,1.40254,0.00315,0.00225
21.10.2025 14:29:06.360 UTC,1.40265,1.40254,0.00315,0.00195
21.10.2025 14:29:06.463 UTC,1.40264,1.40254,0.0018,0.0018
21.10.2025 14:29:06.566 UTC,1.40265,1.40253,0.0012,0.00135
21.10.2025 14:29:06.670 UTC,1.40266,1.40253,0.0012,0.00384
21.10.2025 14:29:06.774 UTC,1.40267,1.40254,0.00315,0.0018
21.10.2025 14:29:06.976 UTC,1.40267,1.40254,0.0033,0.00135
21.10.2025 14:29:07.085 UTC,1.40267,1.40254,0.00315,0.0018
21.10.2025 14:29:09.719 UTC,1.40267,1.40254,0.0033,0.00135
21.10.2025 14:29:10.123 UTC,1.40267,1.40254,0.00315,0.0018
21.10.2025 14:29:10.581 UTC,1.40268,1.40258,0.00135,0.0012
21.10.2025 14:29:10.685 UTC,1.40271,1.40259,0.0012,0.0012
21.10.2025 14:29:10.788 UTC,1.40271,1.4026,0.00369,0.0012
21.10.2025 14:29:18.994 UTC,1.40272,1.4026,0.00135,0.0012
21.10.2025 14:29:19.097 UTC,1.40273,1.40262,0.0027,0.00144
21.10.2025 14:29:19.200 UTC,1.40273,1.40263,0.0018,0.00135
21.10.2025 14:29:19.253 UTC,1.40274,1.40265,0.0012,0.0012
21.10.2025 14:29:19.356 UTC,1.40274,1.40266,0.0012,0.0018
21.10.2025 14:29:19.408 UTC,1.40279,1.40266,0.00132,0.00135
21.10.2025 14:29:19.814 UTC,1.40278,1.40265,0.0018,0.0018
21.10.2025 14:29:19.865 UTC,1.40274,1.40265,0.0012,0.00135
21.10.2025 14:29:20.313 UTC,1.40273,1.40265,0.0012,0.00135
21.10.2025 14:29:20.973 UTC,1.40274,1.40263,0.0018,0.0012
21.10.2025 14:29:21.178 UTC,1.40274,1.40262,0.0018,0.00135
21.10.2025 14:29:21.788 UTC,1.40272,1.40263,0.0012,0.00135
21.10.2025 14:29:22.595 UTC,1.40274,1.40262,0.0018,0.00135
21.10.2025 14:29:25.371 UTC,1.40274,1.40262,0.00135,0.00135
21.10.2025 14:29:26.031 UTC,1.40273,1.40262,0.00135,0.00135
21.10.2025 14:29:28.012 UTC,1.40274,1.40262,0.0012,0.0012
21.10.2025 14:29:28.115 UTC,1.40274,1.40264,0.0018,0.0012
21.10.2025 14:29:29.284 UTC,1.40274,1.4026,0.00339,0.00294
21.10.2025 14:29:29.438 UTC,1.40272,1.40261,0.00225,0.00192
21.10.2025 14:29:30.654 UTC,1.40272,1.4026,0.0012,0.0012
21.10.2025 14:29:30.809 UTC,1.40268,1.40256,0.00279,0.0018
21.10.2025 14:29:30.912 UTC,1.40266,1.40256,0.0018,0.00135
21.10.2025 14:29:36.178 UTC,1.40267,1.40255,0.0024,0.0012
21.10.2025 14:29:36.280 UTC,1.40266,1.40256,0.00189,0.0012
21.10.2025 14:29:36.734 UTC,1.40266,1.40256,0.00237,0.0012
21.10.2025 14:29:36.837 UTC,1.40266,1.40256,0.00234,0.0012
21.10.2025 14:29:37.142 UTC,1.40266,1.40254,0.00327,0.0033
21.10.2025 14:29:38.053 UTC,1.40261,1.40251,0.00237,0.0012
21.10.2025 14:29:38.158 UTC,1.40256,1.40243,0.00189,0.0024
21.10.2025 14:29:38.669 UTC,1.40257,1.40244,0.00189,0.00225
21.10.2025 14:29:41.125 UTC,1.40256,1.40243,0.00189,0.0024
21.10.2025 14:29:43.799 UTC,1.40255,1.40244,0.00234,0.0036
21.10.2025 14:29:44.154 UTC,1.40255,1.40245,0.00234,0.0012
21.10.2025 14:29:45.261 UTC,1.40256,1.40245,0.0018,0.0024
21.10.2025 14:29:45.313 UTC,1.40259,1.40246,0.00279,0.0018
21.10.2025 14:29:45.420 UTC,1.40257,1.40245,0.0012,0.0018
21.10.2025 14:29:45.522 UTC,1.40256,1.40246,0.00189,0.0012
21.10.2025 14:29:49.169 UTC,1.40258,1.40247,0.00234,0.00315
21.10.2025 14:29:49.272 UTC,1.40259,1.40249,0.00144,0.0012
21.10.2025 14:29:49.376 UTC,1.40261,1.40249,0.0012,0.0012
21.10.2025 14:29:50.038 UTC,1.40263,1.4025,0.00144,0.00135
21.10.2025 14:29:50.142 UTC,1.40264,1.4025,0.00282,0.0018
21.10.2025 14:29:50.245 UTC,1.40262,1.4025,0.0012,0.0018
21.10.2025 14:29:51.918 UTC,1.40261,1.40248,0.00132,0.00375
21.10.2025 14:29:51.969 UTC,1.40261,1.40248,0.0012,0.00375
21.10.2025 14:29:56.293 UTC,1.40262,1.40249,0.00135,0.0018
21.10.2025 14:29:56.396 UTC,1.40262,1.4025,0.0012,0.0012
21.10.2025 14:29:57.564 UTC,1.40261,1.40248,0.00225,0.00285
21.10.2025 14:29:59.338 UTC,1.40259,1.40248,0.00135,0.00285
21.10.2025 14:29:59.442 UTC,1.4026,1.40249,0.0012,0.00285
21.10.2025 14:30:00.205 UTC,1.40262,1.40249,0.00234,0.00135
21.10.2025 14:30:00.411 UTC,1.40264,1.40251,0.00375,0.00144
21.10.2025 14:30:00.515 UTC,1.40265,1.40252,0.00135,0.00285
21.10.2025 14:30:00.618 UTC,1.40266,1.40253,0.0012,0.00372
21.10.2025 14:30:00.670 UTC,1.40268,1.40255,0.0027,0.0012
21.10.2025 14:30:01.128 UTC,1.40267,1.40254,0.0012,0.0018
21.10.2025 14:30:01.586 UTC,1.40255,1.40243,0.0012,0.0012
21.10.2025 14:30:01.690 UTC,1.40255,1.40242,0.0012,0.00135
21.10.2025 14:30:01.793 UTC,1.40255,1.40244,0.0012,0.00135
21.10.2025 14:30:01.896 UTC,1.40257,1.40245,0.0012,0.0018
21.10.2025 14:30:02.152 UTC,1.40258,1.40251,0.0012,0.0012
21.10.2025 14:30:02.204 UTC,1.4026,1.40251,0.0012,0.0012
21.10.2025 14:30:02.307 UTC,1.40257,1.40252,0.0012,0.0012
21.10.2025 14:30:02.865 UTC,1.40258,1.40245,0.00279,0.0027
21.10.2025 14:30:03.776 UTC,1.40257,1.40245,0.0012,0.00135
21.10.2025 14:30:03.829 UTC,1.40257,1.40248,0.0012,0.0012
21.10.2025 14:30:04.083 UTC,1.40257,1.40249,0.00234,0.0012
21.10.2025 14:30:04.944 UTC,1.4026,1.40248,0.0012,0.0012
21.10.2025 14:30:05.149 UTC,1.4026,1.40249,0.0012,0.00234
21.10.2025 14:30:05.252 UTC,1.40261,1.40249,0.0012,0.0012
21.10.2025 14:30:05.608 UTC,1.40261,1.40251,0.0012,0.00144
21.10.2025 14:30:05.711 UTC,1.40262,1.40252,0.0012,0.0012
21.10.2025 14:30:06.369 UTC,1.40266,1.40252,0.0018,0.00252
21.10.2025 14:30:06.472 UTC,1.40266,1.40252,0.0012,0.00342
21.10.2025 14:30:08.798 UTC,1.40264,1.40251,0.00324,0.0018
21.10.2025 14:30:08.850 UTC,1.40262,1.40249,0.0012,0.0033
21.10.2025 14:30:09.761 UTC,1.40263,1.4025,0.0027,0.00192
21.10.2025 14:30:09.865 UTC,1.40264,1.40251,0.00225,0.0018
21.10.2025 14:30:10.930 UTC,1.40265,1.40253,0.00315,0.00279
21.10.2025 14:30:11.033 UTC,1.40266,1.40252,0.00225,0.00294
21.10.2025 14:30:11.389 UTC,1.40264,1.40251,0.0018,0.00195
21.10.2025 14:30:11.441 UTC,1.40264,1.40251,0.00315,0.00135
21.10.2025 14:30:11.695 UTC,1.40264,1.40251,0.0033,0.00135
21.10.2025 14:30:11.798 UTC,1.40263,1.40252,0.00225,0.0018
21.10.2025 14:30:12.255 UTC,1.40262,1.40251,0.0012,0.00195
21.10.2025 14:30:13.113 UTC,1.40263,1.4025,0.00135,0.00204
21.10.2025 14:30:14.262 UTC,1.40263,1.4025,0.00135,0.00195
21.10.2025 14:30:15.578 UTC,1.40263,1.4025,0.00135,0.00294
21.10.2025 14:30:16.087 UTC,1.40263,1.4025,0.0012,0.00294
21.10.2025 14:30:16.744 UTC,1.40263,1.40251,0.0012,0.0012
21.10.2025 14:30:17.902 UTC,1.40264,1.40253,0.0012,0.0024
21.10.2025 14:30:17.954 UTC,1.40266,1.40253,0.0012,0.0024
21.10.2025 14:30:18.568 UTC,1.40263,1.40253,0.00234,0.0018
21.10.2025 14:30:18.673 UTC,1.40262,1.40251,0.0018,0.0024
21.10.2025 14:30:18.725 UTC,1.40262,1.40251,0.00189,0.0018
21.10.2025 14:30:18.777 UTC,1.4026,1.40251,0.0018,0.0018
21.10.2025 14:30:18.881 UTC,1.4026,1.40252,0.0018,0.0018
21.10.2025 14:30:19.662 UTC,1.40261,1.40249,0.0018,0.0012
21.10.2025 14:30:20.021 UTC,1.4026,1.40247,0.00339,0.0018
21.10.2025 14:30:20.125 UTC,1.40259,1.40246,0.00135,0.0042
21.10.2025 14:30:20.179 UTC,1.40261,1.40248,0.00315,0.00225
21.10.2025 14:30:20.282 UTC,1.40261,1.40248,0.0027,0.00285
21.10.2025 14:30:23.257 UTC,1.40259,1.40247,0.00135,0.0018
21.10.2025 14:30:23.361 UTC,1.40254,1.40244,0.00132,0.0012
21.10.2025 14:30:23.464 UTC,1.40253,1.40244,0.0012,0.0012
21.10.2025 14:30:23.974 UTC,1.40251,1.40245,0.0018,0.0012
21.10.2025 14:30:28.210 UTC,1.40253,1.40244,0.0018,0.0012
21.10.2025 14:30:28.313 UTC,1.40253,1.40245,0.0012,0.0012
21.10.2025 14:30:29.727 UTC,1.40253,1.40244,0.0012,0.0012
21.10.2025 14:30:30.783 UTC,1.40254,1.40245,0.0012,0.0012
21.10.2025 14:30:30.938 UTC,1.40253,1.40245,0.0012,0.00135
21.10.2025 14:30:31.748 UTC,1.40253,1.40244,0.0012,0.0012
21.10.2025 14:30:32.053 UTC,1.40253,1.40242,0.0012,0.00135
21.10.2025 14:30:33.070 UTC,1.40254,1.40243,0.0012,0.00294
21.10.2025 14:30:33.223 UTC,1.40255,1.40244,0.0012,0.0012
21.10.2025 14:30:33.530 UTC,1.40255,1.40243,0.0012,0.0012
21.10.2025 14:30:33.692 UTC,1.40254,1.40241,0.0018,0.00384
21.10.2025 14:30:34.261 UTC,1.40255,1.40244,0.0012,0.0012
21.10.2025 14:30:34.365 UTC,1.40255,1.40244,0.0018,0.00369
21.10.2025 14:30:34.517 UTC,1.40256,1.40243,0.0018,0.00384
21.10.2025 14:30:36.597 UTC,1.40256,1.40245,0.0012,0.00192
21.10.2025 14:30:36.701 UTC,1.40259,1.40248,0.0018,0.00132
21.10.2025 14:30:36.803 UTC,1.40259,1.40248,0.0018,0.00252
21.10.2025 14:30:37.811 UTC,1.40259,1.40249,0.0018,0.00192
21.10.2025 14:30:38.671 UTC,1.40259,1.40246,0.00552,0.0018
21.10.2025 14:30:38.826 UTC,1.40259,1.40247,0.00252,0.0018
21.10.2025 14:30:38.928 UTC,1.40259,1.40247,0.00192,0.0018
21.10.2025 14:30:39.031 UTC,1.40258,1.40247,0.00507,0.00225
21.10.2025 14:30:39.287 UTC,1.40259,1.40247,0.00327,0.0012
21.10.2025 14:30:39.390 UTC,1.40259,1.40248,0.00189,0.0012
21.10.2025 14:30:39.544 UTC,1.40258,1.4025,0.00189,0.0012
21.10.2025 14:30:39.739 UTC,1.40258,1.4025,0.00189,0.00195
21.10.2025 14:30:44.738 UTC,1.40259,1.40252,0.0018,0.0012
21.10.2025 14:30:44.792 UTC,1.40266,1.40253,0.00144,0.00225
21.10.2025 14:30:44.844 UTC,1.40267,1.40256,0.00282,0.00135
21.10.2025 14:30:45.048 UTC,1.40265,1.40255,0.00132,0.0018
21.10.2025 14:30:45.200 UTC,1.40267,1.40254,0.00192,0.00135
21.10.2025 14:30:47.234 UTC,1.40264,1.40252,0.00132,0.0018
21.10.2025 14:30:47.389 UTC,1.40264,1.40252,0.00132,0.00135
21.10.2025 14:30:48.300 UTC,1.40264,1.40254,0.00132,0.0012
21.10.2025 14:30:48.403 UTC,1.40266,1.40254,0.00327,0.00285
21.10.2025 14:30:48.606 UTC,1.40265,1.40254,0.00147,0.0018
21.10.2025 14:30:48.710 UTC,1.40266,1.40253,0.00237,0.0024
21.10.2025 14:30:51.389 UTC,1.40263,1.40253,0.00132,0.00135
21.10.2025 14:30:51.644 UTC,1.40264,1.40252,0.00132,0.00135
21.10.2025 14:30:52.252 UTC,1.40262,1.40252,0.00132,0.0018
21.10.2025 14:30:52.304 UTC,1.40263,1.4025,0.00315,0.0018
21.10.2025 14:30:52.407 UTC,1.40261,1.40251,0.00147,0.00135
21.10.2025 14:30:55.451 UTC,1.40263,1.4025,0.00147,0.00135
21.10.2025 14:30:55.554 UTC,1.40265,1.40252,0.00192,0.0018
21.10.2025 14:30:55.963 UTC,1.40264,1.40253,0.00252,0.00135
21.10.2025 14:30:56.066 UTC,1.40263,1.40252,0.00132,0.00135
21.10.2025 14:30:56.676 UTC,1.40265,1.40252,0.00327,0.0018
21.10.2025 14:30:56.980 UTC,1.40265,1.40252,0.00237,0.0018
21.10.2025 14:30:57.489 UTC,1.40264,1.40254,0.00237,0.0012
21.10.2025 14:30:57.591 UTC,1.40265,1.40252,0.00237,0.0018
21.10.2025 14:30:58.045 UTC,1.40264,1.40253,0.00327,0.00285
21.10.2025 14:30:58.698 UTC,1.40264,1.40252,0.00147,0.00135
21.10.2025 14:30:58.802 UTC,1.40262,1.40252,0.00132,0.0018
21.10.2025 14:30:58.907 UTC,1.40261,1.4025,0.00327,0.00285
21.10.2025 14:30:59.009 UTC,1.40262,1.40249,0.00327,0.00285
21.10.2025 14:31:00.122 UTC,1.4026,1.40249,0.00132,0.0033
21.10.2025 14:31:01.792 UTC,1.40258,1.40247,0.0012,0.0018
21.10.2025 14:31:01.895 UTC,1.40258,1.40246,0.00192,0.0018
21.10.2025 14:31:02.912 UTC,1.40259,1.40247,0.00282,0.0012
21.10.2025 14:31:03.016 UTC,1.40257,1.40247,0.00132,0.00285
21.10.2025 14:31:03.725 UTC,1.40258,1.40246,0.00132,0.0018
21.10.2025 14:31:03.828 UTC,1.40257,1.40245,0.00132,0.00285
21.10.2025 14:31:05.748 UTC,1.40259,1.40247,0.00132,0.00135
21.10.2025 14:31:05.851 UTC,1.4026,1.40248,0.00132,0.00225
21.10.2025 14:31:05.954 UTC,1.4026,1.40249,0.00132,0.00135
21.10.2025 14:31:06.761 UTC,1.4026,1.40249,0.00132,0.0018
21.10.2025 14:31:07.866 UTC,1.4026,1.40247,0.00327,0.00285
21.10.2025 14:31:08.123 UTC,1.4026,1.40249,0.00132,0.0018
21.10.2025 14:31:08.226 UTC,1.40259,1.4025,0.00132,0.0018
21.10.2025 14:31:10.900 UTC,1.4026,1.4025,0.00132,0.0012
21.10.2025 14:31:11.005 UTC,1.4026,1.40251,0.0012,0.00135
21.10.2025 14:31:11.057 UTC,1.40263,1.40252,0.00147,0.00135
21.10.2025 14:31:11.160 UTC,1.40264,1.40253,0.00132,0.0012
21.10.2025 14:31:11.970 UTC,1.40263,1.40253,0.00132,0.0012
21.10.2025 14:31:14.277 UTC,1.4026,1.40253,0.0012,0.0012
21.10.2025 14:31:15.685 UTC,1.40263,1.40253,0.00132,0.0012
21.10.2025 14:31:16.039 UTC,1.4026,1.40253,0.0012,0.0012
21.10.2025 14:31:16.090 UTC,1.40263,1.40253,0.00132,0.0012
21.10.2025 14:31:17.150 UTC,1.40267,1.40255,0.00327,0.0012
21.10.2025 14:31:17.203 UTC,1.40268,1.40258,0.00282,0.0012
21.10.2025 14:31:17.611 UTC,1.40267,1.40258,0.00132,0.0012
21.10.2025 14:31:17.714 UTC,1.40268,1.40257,0.00132,0.0012
21.10.2025 14:31:18.783 UTC,1.40268,1.40257,0.00132,0.00135
21.10.2025 14:31:18.887 UTC,1.40267,1.40256,0.00252,0.0012
21.10.2025 14:31:18.989 UTC,1.40267,1.40256,0.00132,0.0012
21.10.2025 14:31:19.647 UTC,1.40268,1.40256,0.00132,0.0018
21.10.2025 14:31:20.659 UTC,1.40269,1.40257,0.00132,0.0012
21.10.2025 14:31:20.762 UTC,1.40269,1.40257,0.00132,0.00225
21.10.2025 14:31:21.169 UTC,1.4027,1.40258,0.00192,0.00135
21.10.2025 14:31:21.278 UTC,1.40271,1.40264,0.00192,0.0012
21.10.2025 14:31:21.336 UTC,1.40273,1.40263,0.0012,0.0012
21.10.2025 14:31:21.446 UTC,1.40275,1.40264,0.00147,0.0012
21.10.2025 14:31:22.462 UTC,1.40275,1.40264,0.00147,0.00225
21.10.2025 14:31:22.614 UTC,1.40275,1.40265,0.00237,0.0012
21.10.2025 14:31:23.071 UTC,1.40278,1.40265,0.00132,0.00225
21.10.2025 14:31:23.124 UTC,1.40279,1.40267,0.00192,0.0012
21.10.2025 14:31:23.176 UTC,1.40277,1.40265,0.00192,0.00135
21.10.2025 14:31:23.228 UTC,1.40276,1.40265,0.00237,0.00135
21.10.2025 14:31:23.332 UTC,1.40272,1.40262,0.00132,0.00225
21.10.2025 14:31:23.537 UTC,1.40272,1.40261,0.00132,0.00225
21.10.2025 14:31:23.843 UTC,1.40271,1.40262,0.00192,0.0012
21.10.2025 14:31:24.351 UTC,1.40271,1.40261,0.00135,0.0012
21.10.2025 14:31:24.403 UTC,1.40269,1.40261,0.0012,0.0012
21.10.2025 14:31:24.760 UTC,1.40268,1.40256,0.00192,0.0012
21.10.2025 14:31:24.864 UTC,1.40266,1.40256,0.00132,0.0012
21.10.2025 14:31:24.968 UTC,1.40267,1.40259,0.0018,0.0018
21.10.2025 14:31:25.070 UTC,1.40266,1.40259,0.0012,0.0018
21.10.2025 14:31:26.235 UTC,1.40268,1.40258,0.00225,0.0018
21.10.2025 14:31:26.339 UTC,1.40268,1.40258,0.00147,0.0018
21.10.2025 14:31:27.216 UTC,1.40266,1.40259,0.00135,0.0018
21.10.2025 14:31:27.825 UTC,1.40267,1.40255,0.00192,0.0012
21.10.2025 14:31:28.180 UTC,1.40265,1.40253,0.00252,0.00135
21.10.2025 14:31:28.283 UTC,1.40264,1.40252,0.00147,0.00135
21.10.2025 14:31:28.793 UTC,1.40256,1.40246,0.00132,0.0012
21.10.2025 14:31:28.896 UTC,1.40254,1.40246,0.00132,0.0012
21.10.2025 14:31:28.947 UTC,1.40255,1.40242,0.00132,0.0018
21.10.2025 14:31:29.051 UTC,1.40256,1.40245,0.00132,0.0012
21.10.2025 14:31:31.478 UTC,1.40256,1.40245,0.00282,0.0018
21.10.2025 14:31:31.633 UTC,1.40255,1.40244,0.00192,0.0018
21.10.2025 14:31:31.736 UTC,1.40256,1.40243,0.00132,0.00285
21.10.2025 14:31:32.898 UTC,1.40254,1.40243,0.0012,0.0018
21.10.2025 14:31:33.000 UTC,1.40255,1.40243,0.00132,0.00225
21.10.2025 14:31:34.616 UTC,1.40256,1.40243,0.00132,0.00375
21.10.2025 14:31:36.482 UTC,1.40257,1.40246,0.00132,0.0012
21.10.2025 14:31:37.803 UTC,1.40257,1.40245,0.00192,0.00195
21.10.2025 14:31:39.633 UTC,1.40257,1.40244,0.00192,0.00195
21.10.2025 14:31:39.837 UTC,1.40256,1.40246,0.00192,0.0012
21.10.2025 14:31:41.004 UTC,1.40256,1.40246,0.00282,0.0012
21.10.2025 14:31:45.101 UTC,1.40257,1.40243,0.00237,0.00375
21.10.2025 14:31:47.124 UTC,1.40256,1.40246,0.00132,0.00135
21.10.2025 14:31:48.949 UTC,1.40258,1.40246,0.00192,0.0018
21.10.2025 14:31:49.001 UTC,1.40259,1.40246,0.00132,0.00294
21.10.2025 14:31:49.259 UTC,1.4026,1.40248,0.00132,0.00132
21.10.2025 14:31:49.362 UTC,1.40261,1.40248,0.00132,0.00285
21.10.2025 14:31:56.854 UTC,1.40257,1.40248,0.00132,0.0018
21.10.2025 14:31:56.957 UTC,1.40259,1.40247,0.00135,0.0012
21.10.2025 14:31:58.020 UTC,1.40259,1.40246,0.00192,0.00249
21.10.2025 14:31:58.123 UTC,1.4026,1.40247,0.00132,0.00234
21.10.2025 14:31:58.226 UTC,1.40261,1.40248,0.00132,0.00195
21.10.2025 14:32:00.147 UTC,1.40259,1.40248,0.00132,0.00294
21.10.2025 14:32:00.301 UTC,1.40259,1.40248,0.00342,0.00135
21.10.2025 14:32:00.404 UTC,1.40259,1.40248,0.00237,0.00135
21.10.2025 14:32:01.469 UTC,1.4026,1.40247,0.00147,0.0018
21.10.2025 14:32:02.481 UTC,1.40259,1.40248,0.00192,0.00285
21.10.2025 14:32:02.884 UTC,1.4026,1.40247,0.00237,0.0027
21.10.2025 14:32:03.440 UTC,1.40259,1.40248,0.00192,0.00195
21.10.2025 14:32:03.643 UTC,1.4026,1.40247,0.00237,0.0018
21.10.2025 14:32:04.657 UTC,1.40258,1.40246,0.00132,0.0018
21.10.2025 14:32:04.711 UTC,1.40257,1.40243,0.00327,0.00375
21.10.2025 14:32:05.422 UTC,1.40257,1.40245,0.00192,0.0012
21.10.2025 14:32:05.525 UTC,1.40256,1.40246,0.00192,0.0012
21.10.2025 14:32:06.889 UTC,1.40258,1.40245,0.00132,0.00135
21.10.2025 14:32:06.993 UTC,1.40258,1.40245,0.00192,0.00135
21.10.2025 14:32:07.347 UTC,1.40258,1.40245,0.00327,0.0018
21.10.2025 14:32:07.450 UTC,1.40257,1.40245,0.00132,0.0012
21.10.2025 14:32:08.712 UTC,1.40256,1.40245,0.00132,0.0012
21.10.2025 14:32:09.109 UTC,1.40257,1.40246,0.00237,0.0027
21.10.2025 14:32:09.214 UTC,1.40256,1.40246,0.00192,0.0012
21.10.2025 14:32:11.184 UTC,1.40255,1.40246,0.00192,0.0012
21.10.2025 14:32:11.388 UTC,1.40253,1.40244,0.00132,0.0012
21.10.2025 14:32:12.251 UTC,1.40252,1.4024,0.00132,0.0024
21.10.2025 14:32:12.354 UTC,1.40251,1.4024,0.00147,0.0024
21.10.2025 14:32:13.065 UTC,1.40252,1.40239,0.00147,0.00225
21.10.2025 14:32:13.319 UTC,1.4025,1.40239,0.00192,0.0018
21.10.2025 14:32:13.473 UTC,1.40251,1.40238,0.00192,0.00135
21.10.2025 14:32:13.575 UTC,1.40251,1.40238,0.00192,0.00195
21.10.2025 14:32:15.647 UTC,1.40249,1.40238,0.00315,0.0018
21.10.2025 14:32:15.749 UTC,1.40248,1.40238,0.0012,0.0018
21.10.2025 14:32:15.801 UTC,1.40249,1.40237,0.00132,0.00135
21.10.2025 14:32:17.626 UTC,1.4025,1.40237,0.00192,0.0018
21.10.2025 14:32:17.934 UTC,1.4025,1.40239,0.00237,0.0012
21.10.2025 14:32:18.643 UTC,1.4025,1.40239,0.00147,0.00195
21.10.2025 14:32:20.666 UTC,1.4025,1.40237,0.00237,0.0018
21.10.2025 14:32:22.132 UTC,1.40249,1.40237,0.00132,0.00135
21.10.2025 14:32:23.401 UTC,1.40247,1.40235,0.00225,0.0018
21.10.2025 14:32:23.505 UTC,1.40242,1.40229,0.00282,0.0024
21.10.2025 14:32:23.660 UTC,1.40242,1.40229,0.00282,0.0018
21.10.2025 14:32:23.968 UTC,1.40241,1.4023,0.00282,0.0018
21.10.2025 14:32:24.071 UTC,1.4024,1.40229,0.00132,0.0024
21.10.2025 14:32:24.989 UTC,1.40241,1.40228,0.00147,0.00285
21.10.2025 14:32:25.093 UTC,1.40241,1.40228,0.00237,0.0018
21.10.2025 14:32:25.753 UTC,1.40239,1.40229,0.00132,0.0012
21.10.2025 14:32:26.362 UTC,1.4024,1.40228,0.00132,0.00195
21.10.2025 14:32:30.885 UTC,1.40241,1.40229,0.00132,0.0012
21.10.2025 14:32:38.165 UTC,1.4024,1.40229,0.00132,0.00294
21.10.2025 14:32:38.266 UTC,1.40241,1.40228,0.00132,0.00294
21.10.2025 14:32:39.961 UTC,1.40241,1.40229,0.00132,0.00195
21.10.2025 14:32:40.113 UTC,1.40241,1.40229,0.00132,0.0012
21.10.2025 14:32:41.275 UTC,1.4024,1.40227,0.00192,0.0027
21.10.2025 14:32:41.378 UTC,1.40238,1.40226,0.00132,0.0024
21.10.2025 14:32:41.938 UTC,1.40238,1.40227,0.0012,0.00285
21.10.2025 14:32:42.041 UTC,1.40238,1.40228,0.0012,0.0018
21.10.2025 14:32:42.144 UTC,1.4024,1.40228,0.00192,0.0024
21.10.2025 14:32:43.204 UTC,1.4024,1.40228,0.00132,0.00285
21.10.2025 14:32:43.406 UTC,1.4024,1.40229,0.00132,0.0012
21.10.2025 14:32:43.508 UTC,1.40239,1.4023,0.00132,0.0012
21.10.2025 14:32:43.912 UTC,1.4024,1.40229,0.00132,0.0012
21.10.2025 14:32:46.223 UTC,1.40241,1.4023,0.00132,0.00225
21.10.2025 14:32:46.327 UTC,1.40243,1.40232,0.0012,0.0033
21.10.2025 14:32:46.429 UTC,1.40244,1.40233,0.00192,0.0033
21.10.2025 14:32:46.584 UTC,1.40243,1.40231,0.00132,0.0033
21.10.2025 14:32:46.788 UTC,1.40244,1.40233,0.00192,0.0036
21.10.2025 14:32:46.941 UTC,1.40245,1.40233,0.00192,0.0012
21.10.2025 14:32:47.602 UTC,1.40243,1.40231,0.00132,0.0024
21.10.2025 14:32:53.501 UTC,1.40242,1.4023,0.00132,0.0018
21.10.2025 14:32:53.658 UTC,1.40242,1.40229,0.00282,0.00195
21.10.2025 14:33:01.521 UTC,1.4024,1.40229,0.00192,0.00195
21.10.2025 14:33:05.122 UTC,1.4024,1.4023,0.00192,0.0012
21.10.2025 14:33:05.375 UTC,1.40241,1.40229,0.00192,0.0012
21.10.2025 14:33:09.347 UTC,1.4024,1.40229,0.00237,0.0018
21.10.2025 14:33:11.218 UTC,1.40242,1.4023,0.00132,0.0024
21.10.2025 14:33:11.320 UTC,1.40242,1.40232,0.00282,0.0018
21.10.2025 14:33:11.425 UTC,1.40243,1.40233,0.00279,0.0024
21.10.2025 14:33:11.984 UTC,1.40244,1.40232,0.00192,0.0012
21.10.2025 14:33:12.139 UTC,1.40241,1.40231,0.0018,0.0018
21.10.2025 14:33:12.241 UTC,1.40242,1.4023,0.00237,0.0018
21.10.2025 14:33:16.334 UTC,1.40243,1.40231,0.00192,0.0012
21.10.2025 14:33:16.437 UTC,1.40245,1.40232,0.00192,0.0027
21.10.2025 14:33:16.539 UTC,1.40245,1.40232,0.00192,0.00285
21.10.2025 14:33:16.642 UTC,1.40243,1.4023,0.00282,0.00465
21.10.2025 14:33:17.858 UTC,1.40242,1.4023,0.00132,0.00195
21.10.2025 14:33:18.265 UTC,1.40242,1.40229,0.00192,0.00195
21.10.2025 14:33:19.025 UTC,1.4024,1.40229,0.00132,0.00195
21.10.2025 14:33:19.178 UTC,1.40241,1.40228,0.00132,0.00195
21.10.2025 14:33:21.524 UTC,1.40241,1.40228,0.00192,0.00195
21.10.2025 14:33:21.577 UTC,1.40236,1.40225,0.00132,0.0012
21.10.2025 14:33:21.682 UTC,1.40236,1.40225,0.00192,0.00315
21.10.2025 14:33:21.785 UTC,1.40237,1.40224,0.00192,0.00195
21.10.2025 14:33:22.548 UTC,1.40236,1.40224,0.00132,0.0018
21.10.2025 14:33:22.652 UTC,1.40233,1.40221,0.00282,0.0012
21.10.2025 14:33:23.164 UTC,1.40231,1.40219,0.0012,0.0018
21.10.2025 14:33:23.216 UTC,1.40231,1.40219,0.00132,0.0027
21.10.2025 14:33:23.319 UTC,1.40232,1.40219,0.00192,0.0036
21.10.2025 14:33:23.422 UTC,1.40231,1.40221,0.00132,0.0018
21.10.2025 14:33:24.838 UTC,1.40234,1.40223,0.00132,0.0012
21.10.2025 14:33:24.890 UTC,1.40236,1.40223,0.00237,0.00225
21.10.2025 14:33:24.942 UTC,1.40237,1.40225,0.00147,0.0018
21.10.2025 14:33:25.045 UTC,1.40238,1.40225,0.00132,0.0024
21.10.2025 14:33:26.175 UTC,1.40239,1.40226,0.00192,0.00135
21.10.2025 14:33:27.139 UTC,1.40239,1.40226,0.00192,0.00285
21.10.2025 14:33:27.341 UTC,1.40238,1.40227,0.00237,0.0027
21.10.2025 14:33:27.544 UTC,1.40239,1.40226,0.00192,0.00285
21.10.2025 14:33:27.697 UTC,1.40239,1.40226,0.00237,0.0027
21.10.2025 14:33:28.304 UTC,1.40238,1.40227,0.00327,0.00225
21.10.2025 14:33:28.407 UTC,1.40238,1.40225,0.00327,0.0018
21.10.2025 14:33:28.510 UTC,1.40235,1.40225,0.00192,0.0012
21.10.2025 14:33:28.815 UTC,1.40236,1.40224,0.00192,0.0012
21.10.2025 14:33:32.898 UTC,1.40237,1.40224,0.00132,0.00375
21.10.2025 14:33:33.103 UTC,1.40238,1.40226,0.00132,0.0012
21.10.2025 14:33:33.206 UTC,1.40238,1.40226,0.00132,0.0018
21.10.2025 14:33:33.764 UTC,1.40238,1.40225,0.00237,0.0024
21.10.2025 14:33:34.224 UTC,1.40235,1.40225,0.00147,0.0018
21.10.2025 14:33:34.326 UTC,1.40236,1.40223,0.00237,0.0018
21.10.2025 14:33:34.881 UTC,1.40236,1.40223,0.00237,0.00195
21.10.2025 14:33:35.335 UTC,1.40236,1.40225,0.00237,0.0027
21.10.2025 14:33:35.439 UTC,1.40238,1.40225,0.00147,0.00225
21.10.2025 14:33:35.542 UTC,1.40237,1.40227,0.00132,0.00135
21.10.2025 14:33:35.847 UTC,1.40238,1.40225,0.00237,0.00375
21.10.2025 14:33:36.000 UTC,1.40238,1.40225,0.00327,0.0027
21.10.2025 14:33:36.205 UTC,1.40236,1.40224,0.00132,0.0024
21.10.2025 14:33:37.065 UTC,1.40236,1.40224,0.00237,0.0018
21.10.2025 14:33:37.167 UTC,1.40236,1.40224,0.00192,0.0018
21.10.2025 14:33:37.660 UTC,1.40238,1.40226,0.00252,0.0012
21.10.2025 14:33:37.764 UTC,1.40238,1.40226,0.00192,0.0018
21.10.2025 14:33:39.034 UTC,1.40237,1.40227,0.00327,0.00135
21.10.2025 14:33:39.138 UTC,1.40237,1.40227,0.00132,0.00225
21.10.2025 14:33:39.444 UTC,1.40239,1.4023,0.00132,0.0012
21.10.2025 14:33:43.431 UTC,1.40239,1.40227,0.00132,0.0024
21.10.2025 14:33:43.584 UTC,1.40239,1.40227,0.00192,0.00135
21.10.2025 14:33:43.686 UTC,1.40238,1.40228,0.00237,0.00135
21.10.2025 14:33:44.153 UTC,1.40239,1.40228,0.00132,0.0012
21.10.2025 14:33:44.258 UTC,1.4024,1.40229,0.00132,0.0012
21.10.2025 14:33:44.362 UTC,1.40241,1.40229,0.00147,0.0018
21.10.2025 14:33:44.667 UTC,1.40243,1.40231,0.00192,0.0012
21.10.2025 14:33:45.023 UTC,1.40243,1.4023,0.00237,0.0027
21.10.2025 14:33:45.579 UTC,1.40243,1.40231,0.00327,0.0012
21.10.2025 14:33:45.633 UTC,1.40244,1.40231,0.00372,0.0027
21.10.2025 14:33:45.738 UTC,1.40244,1.40233,0.00192,0.0012
21.10.2025 14:33:45.840 UTC,1.40244,1.40233,0.00189,0.0012
21.10.2025 14:33:46.043 UTC,1.40244,1.40232,0.00192,0.0033
21.10.2025 14:33:46.649 UTC,1.40244,1.40232,0.00192,0.00225
21.10.2025 14:33:47.758 UTC,1.40243,1.40233,0.00189,0.0027
21.10.2025 14:33:47.862 UTC,1.40244,1.40236,0.0018,0.0012
21.10.2025 14:33:47.965 UTC,1.40243,1.40238,0.0018,0.0012
21.10.2025 14:33:48.273 UTC,1.40249,1.40237,0.00132,0.0018
21.10.2025 14:33:49.383 UTC,1.40249,1.40236,0.00282,0.0027
21.10.2025 14:33:49.486 UTC,1.40248,1.40238,0.00192,0.0012
21.10.2025 14:33:50.345 UTC,1.40249,1.40236,0.00192,0.0018
21.10.2025 14:33:50.597 UTC,1.40248,1.40237,0.00237,0.00195
21.10.2025 14:33:50.908 UTC,1.40248,1.40235,0.00327,0.00285
21.10.2025 14:33:51.068 UTC,1.40244,1.40233,0.00192,0.0012
21.10.2025 14:33:52.286 UTC,1.40244,1.40232,0.00192,0.0018
21.10.2025 14:33:58.195 UTC,1.40243,1.40236,0.0018,0.0018
21.10.2025 14:33:58.247 UTC,1.40248,1.40235,0.00282,0.0018
21.10.2025 14:33:58.351 UTC,1.40248,1.40236,0.00132,0.0012
21.10.2025 14:33:58.504 UTC,1.40248,1.40236,0.00132,0.00135
21.10.2025 14:34:00.078 UTC,1.40247,1.40234,0.00192,0.00195
21.10.2025 14:34:00.181 UTC,1.40246,1.40235,0.00192,0.00195
21.10.2025 14:34:00.436 UTC,1.40246,1.40233,0.0012,0.00375
21.10.2025 14:34:00.539 UTC,1.40245,1.40232,0.00192,0.0018
21.10.2025 14:34:00.642 UTC,1.40245,1.40232,0.00192,0.0024
21.10.2025 14:34:02.459 UTC,1.40242,1.40231,0.00192,0.0012
21.10.2025 14:34:02.510 UTC,1.40242,1.40229,0.00132,0.0012
21.10.2025 14:34:02.613 UTC,1.4024,1.40228,0.00132,0.00135
21.10.2025 14:34:02.869 UTC,1.4024,1.40228,0.00132,0.0024
21.10.2025 14:34:04.702 UTC,1.40242,1.40229,0.00192,0.00135
21.10.2025 14:34:04.807 UTC,1.40241,1.4023,0.00192,0.0024
21.10.2025 14:34:06.069 UTC,1.40241,1.4023,0.00327,0.0024
21.10.2025 14:34:06.223 UTC,1.40242,1.40229,0.00342,0.00135
21.10.2025 14:34:07.640 UTC,1.40236,1.40224,0.00132,0.0012
21.10.2025 14:34:07.692 UTC,1.40239,1.40226,0.00432,0.0018
21.10.2025 14:34:07.796 UTC,1.40238,1.40227,0.00207,0.0018
21.10.2025 14:34:07.898 UTC,1.40238,1.40227,0.00132,0.00135
21.10.2025 14:34:08.712 UTC,1.40237,1.40225,0.00132,0.0012
21.10.2025 14:34:09.170 UTC,1.40237,1.40224,0.00132,0.00195
21.10.2025 14:34:09.324 UTC,1.40238,1.40225,0.00237,0.00135
21.10.2025 14:34:09.427 UTC,1.40238,1.40227,0.00237,0.0036
21.10.2025 14:34:09.888 UTC,1.4024,1.40226,0.00342,0.00285
21.10.2025 14:34:09.991 UTC,1.40241,1.40227,0.00327,0.0027
21.10.2025 14:34:11.101 UTC,1.40241,1.40227,0.00327,0.00285
21.10.2025 14:34:11.304 UTC,1.40241,1.40227,0.00342,0.0027
21.10.2025 14:34:11.707 UTC,1.40241,1.40227,0.00327,0.00285
21.10.2025 14:34:12.263 UTC,1.4024,1.40228,0.00132,0.0033
21.10.2025 14:34:12.467 UTC,1.40241,1.40229,0.00252,0.0027
21.10.2025 14:34:12.721 UTC,1.40242,1.40228,0.00252,0.0027
21.10.2025 14:34:16.608 UTC,1.40242,1.40228,0.00237,0.00285
21.10.2025 14:34:16.711 UTC,1.40238,1.40228,0.00132,0.00195
21.10.2025 14:34:16.813 UTC,1.40239,1.40227,0.00132,0.0018
21.10.2025 14:34:18.793 UTC,1.40237,1.40226,0.00225,0.0018
21.10.2025 14:34:18.896 UTC,1.40237,1.40223,0.00147,0.00465
21.10.2025 14:34:19.757 UTC,1.40237,1.40224,0.00132,0.0012
21.10.2025 14:34:21.168 UTC,1.40236,1.40225,0.00192,0.0012
21.10.2025 14:34:21.527 UTC,1.40234,1.40224,0.00237,0.00135
21.10.2025 14:34:21.631 UTC,1.40236,1.40223,0.00282,0.0027
21.10.2025 14:34:21.990 UTC,1.40237,1.40226,0.00132,0.0012
21.10.2025 14:34:22.093 UTC,1.40239,1.40227,0.00147,0.00135
21.10.2025 14:34:23.549 UTC,1.40238,1.40228,0.00147,0.0012
21.10.2025 14:34:24.005 UTC,1.40239,1.40229,0.00252,0.0012
21.10.2025 14:34:24.310 UTC,1.4024,1.40228,0.00147,0.0012
21.10.2025 14:34:27.597 UTC,1.40242,1.40228,0.00237,0.00285
21.10.2025 14:34:27.859 UTC,1.40241,1.40231,0.00132,0.0012
21.10.2025 14:34:30.305 UTC,1.40236,1.40226,0.00132,0.00135
21.10.2025 14:34:30.358 UTC,1.40235,1.40222,0.00282,0.0033
21.10.2025 14:34:30.410 UTC,1.40233,1.40222,0.00132,0.0018
21.10.2025 14:34:30.565 UTC,1.40234,1.40221,0.00132,0.0024
21.10.2025 14:34:31.426 UTC,1.40232,1.4022,0.0012,0.0024
21.10.2025 14:34:31.479 UTC,1.40232,1.40219,0.00327,0.00135
21.10.2025 14:34:31.582 UTC,1.40231,1.40217,0.00282,0.00225
21.10.2025 14:34:32.594 UTC,1.40231,1.40217,0.00327,0.00225
21.10.2025 14:34:33.501 UTC,1.40227,1.40218,0.00132,0.00135
21.10.2025 14:34:33.605 UTC,1.40227,1.40214,0.00189,0.00135
21.10.2025 14:34:33.707 UTC,1.40227,1.40214,0.00192,0.00135
21.10.2025 14:34:34.065 UTC,1.40225,1.40214,0.0012,0.00135
21.10.2025 14:34:34.168 UTC,1.40226,1.40215,0.00282,0.0012
21.10.2025 14:34:34.271 UTC,1.40225,1.40214,0.0012,0.0012
21.10.2025 14:34:35.085 UTC,1.40227,1.40214,0.00192,0.0018
21.10.2025 14:34:35.188 UTC,1.40227,1.40214,0.00225,0.00135
21.10.2025 14:34:35.292 UTC,1.40227,1.40214,0.00132,0.00195
21.10.2025 14:34:35.547 UTC,1.40227,1.40214,0.00147,0.00195
21.10.2025 14:34:37.110 UTC,1.40227,1.40214,0.00132,0.0018
21.10.2025 14:34:37.213 UTC,1.40227,1.40214,0.00132,0.00195
21.10.2025 14:34:38.693 UTC,1.40226,1.40216,0.00132,0.0012
21.10.2025 14:34:39.101 UTC,1.40227,1.40214,0.00147,0.0018
21.10.2025 14:34:39.203 UTC,1.40227,1.40214,0.00147,0.00135
21.10.2025 14:34:40.063 UTC,1.40226,1.40215,0.00147,0.00135
21.10.2025 14:34:40.171 UTC,1.40227,1.40214,0.00147,0.00135
21.10.2025 14:34:40.625 UTC,1.40226,1.40215,0.00147,0.00135
21.10.2025 14:34:40.831 UTC,1.40226,1.40216,0.00132,0.0012
21.10.2025 14:34:41.190 UTC,1.40229,1.40216,0.00327,0.00135
21.10.2025 14:34:41.242 UTC,1.40229,1.40217,0.00189,0.00225
21.10.2025 14:34:43.906 UTC,1.40227,1.40215,0.00192,0.00195
21.10.2025 14:34:43.958 UTC,1.40229,1.40216,0.00327,0.00285
21.10.2025 14:34:49.355 UTC,1.40229,1.40217,0.00147,0.00135
21.10.2025 14:34:50.512 UTC,1.40228,1.40217,0.00252,0.00225
21.10.2025 14:34:50.616 UTC,1.40227,1.40214,0.00192,0.00195
21.10.2025 14:34:50.723 UTC,1.40227,1.40215,0.00237,0.0027
21.10.2025 14:34:51.435 UTC,1.40226,1.40214,0.00132,0.00195
21.10.2025 14:34:52.293 UTC,1.40226,1.40215,0.00132,0.00135
21.10.2025 14:34:52.447 UTC,1.40224,1.40214,0.0018,0.00375
21.10.2025 14:34:52.500 UTC,1.40224,1.40213,0.00147,0.0018
21.10.2025 14:34:53.261 UTC,1.40222,1.40209,0.00132,0.0018
21.10.2025 14:34:53.414 UTC,1.40222,1.40209,0.00132,0.00135
21.10.2025 14:34:55.130 UTC,1.40222,1.40209,0.00192,0.00135
21.10.2025 14:35:00.870 UTC,1.40221,1.40208,0.00132,0.00225
21.10.2025 14:35:02.243 UTC,1.4022,1.40207,0.00417,0.00135
21.10.2025 14:35:06.025 UTC,1.40221,1.40209,0.00132,0.0012
21.10.2025 14:35:06.230 UTC,1.40219,1.40209,0.00237,0.00135
21.10.2025 14:35:06.385 UTC,1.4022,1.40207,0.00417,0.00225
21.10.2025 14:35:07.696 UTC,1.40218,1.40206,0.00132,0.0018
21.10.2025 14:35:07.798 UTC,1.40218,1.40206,0.00132,0.00135
21.10.2025 14:35:08.005 UTC,1.40215,1.40203,0.0018,0.0033
21.10.2025 14:35:08.110 UTC,1.40215,1.40201,0.00192,0.0018
21.10.2025 14:35:08.213 UTC,1.40213,1.402,0.00132,0.0024
21.10.2025 14:35:08.316 UTC,1.40212,1.40199,0.0018,0.0018
21.10.2025 14:35:08.433 UTC,1.4021,1.40198,0.00372,0.0012
21.10.2025 14:35:08.487 UTC,1.40207,1.40198,0.00132,0.0012
21.10.2025 14:35:08.592 UTC,1.40208,1.40198,0.00132,0.0012
21.10.2025 14:35:08.695 UTC,1.40207,1.40199,0.00132,0.0012
21.10.2025 14:35:08.952 UTC,1.40209,1.40198,0.00147,0.0012
21.10.2025 14:35:09.004 UTC,1.40208,1.40197,0.00132,0.0018
21.10.2025 14:35:09.058 UTC,1.40211,1.40199,0.00144,0.0012
21.10.2025 14:35:09.163 UTC,1.40208,1.40203,0.0012,0.0012
21.10.2025 14:35:09.215 UTC,1.40215,1.40204,0.00282,0.00135
21.10.2025 14:35:09.623 UTC,1.40216,1.40203,0.00282,0.0018
21.10.2025 14:35:09.724 UTC,1.40211,1.40203,0.0018,0.0018
21.10.2025 14:35:10.383 UTC,1.40219,1.4021,0.0018,0.0018
21.10.2025 14:35:10.486 UTC,1.40224,1.40211,0.00192,0.0018
21.10.2025 14:35:10.589 UTC,1.40225,1.40212,0.00192,0.0012
21.10.2025 14:35:11.551 UTC,1.40223,1.4021,0.00132,0.0024
21.10.2025 14:35:11.603 UTC,1.40219,1.40208,0.00132,0.0018
21.10.2025 14:35:11.706 UTC,1.4022,1.40207,0.00192,0.0018
21.10.2025 14:35:12.314 UTC,1.40221,1.40208,0.00327,0.0018
21.10.2025 14:35:12.418 UTC,1.40222,1.40209,0.00237,0.0012
21.10.2025 14:35:12.521 UTC,1.40222,1.40209,0.00132,0.00135
21.10.2025 14:35:12.876 UTC,1.40222,1.4021,0.00192,0.0012
21.10.2025 14:35:13.486 UTC,1.40222,1.4021,0.00234,0.0012
21.10.2025 14:35:15.050 UTC,1.40223,1.40211,0.00192,0.0012
21.10.2025 14:35:15.498 UTC,1.40223,1.40211,0.00189,0.0012
21.10.2025 14:35:15.855 UTC,1.40222,1.40212,0.00237,0.0012
21.10.2025 14:35:15.963 UTC,1.40222,1.40209,0.00237,0.0024
21.10.2025 14:35:16.065 UTC,1.40222,1.40209,0.00327,0.00225
21.10.2025 14:35:16.471 UTC,1.4022,1.40208,0.00189,0.00135
21.10.2025 14:35:17.230 UTC,1.40219,1.40206,0.00135,0.0024
21.10.2025 14:35:17.332 UTC,1.40218,1.40206,0.00132,0.00135
21.10.2025 14:35:18.040 UTC,1.40216,1.40204,0.0018,0.0018
21.10.2025 14:35:18.142 UTC,1.40215,1.40203,0.00132,0.0012
21.10.2025 14:35:18.245 UTC,1.40214,1.40202,0.00132,0.00225
21.10.2025 14:35:20.208 UTC,1.40215,1.40202,0.00189,0.00225
21.10.2025 14:35:20.461 UTC,1.40215,1.40202,0.00192,0.00225
21.10.2025 14:35:20.765 UTC,1.40214,1.40203,0.00225,0.00225
21.10.2025 14:35:22.588 UTC,1.40214,1.40203,0.0018,0.00375
21.10.2025 14:35:23.402 UTC,1.40215,1.40202,0.0012,0.0027
21.10.2025 14:35:23.910 UTC,1.40215,1.40203,0.0012,0.0012
21.10.2025 14:35:26.384 UTC,1.40216,1.40203,0.00294,0.0012
21.10.2025 14:35:26.488 UTC,1.40214,1.40204,0.00135,0.0012
21.10.2025 14:35:27.605 UTC,1.40214,1.40205,0.0012,0.0012
21.10.2025 14:35:29.687 UTC,1.40216,1.40204,0.00135,0.0012
21.10.2025 14:35:29.840 UTC,1.40215,1.40205,0.00135,0.0018
21.10.2025 14:35:30.147 UTC,1.40217,1.40206,0.00135,0.0036
21.10.2025 14:35:30.251 UTC,1.40219,1.40206,0.0027,0.00225
21.10.2025 14:35:30.354 UTC,1.40219,1.40207,0.0012,0.0012
21.10.2025 14:35:30.508 UTC,1.4022,1.40208,0.0018,0.0012
21.10.2025 14:35:30.662 UTC,1.40222,1.4021,0.0018,0.0012
21.10.2025 14:35:30.766 UTC,1.40222,1.40212,0.0012,0.0012
21.10.2025 14:35:30.870 UTC,1.40222,1.4021,0.00132,0.0018
21.10.2025 14:35:30.973 UTC,1.40221,1.4021,0.00189,0.0012
21.10.2025 14:35:31.075 UTC,1.40219,1.4021,0.0012,0.0012
21.10.2025 14:35:31.434 UTC,1.40222,1.4021,0.00132,0.0012
21.10.2025 14:35:31.537 UTC,1.40222,1.40212,0.0018,0.0018
21.10.2025 14:35:32.445 UTC,1.40222,1.40211,0.0018,0.0012
21.10.2025 14:35:32.548 UTC,1.40222,1.4021,0.0018,0.00225
21.10.2025 14:35:34.473 UTC,1.40224,1.40212,0.00135,0.0012
21.10.2025 14:35:34.576 UTC,1.40223,1.40212,0.0012,0.00135
21.10.2025 14:35:34.780 UTC,1.40224,1.40212,0.0018,0.00135
21.10.2025 14:35:35.752 UTC,1.40225,1.40214,0.00225,0.00135
21.10.2025 14:35:35.856 UTC,1.40224,1.40214,0.0018,0.00135
21.10.2025 14:35:36.016 UTC,1.40225,1.40214,0.00225,0.00135
21.10.2025 14:35:36.119 UTC,1.40226,1.40214,0.0018,0.0012
21.10.2025 14:35:36.221 UTC,1.40225,1.40213,0.0012,0.00135
21.10.2025 14:35:36.526 UTC,1.40224,1.40215,0.0012,0.0012
21.10.2025 14:35:36.628 UTC,1.40225,1.40215,0.0018,0.0012
21.10.2025 14:35:36.730 UTC,1.40225,1.40214,0.0012,0.00135
21.10.2025 14:35:37.993 UTC,1.40223,1.40212,0.0012,0.0018
21.10.2025 14:35:38.097 UTC,1.40222,1.40209,0.00192,0.00225
21.10.2025 14:35:38.149 UTC,1.40219,1.40208,0.00132,0.00225
21.10.2025 14:35:39.368 UTC,1.40217,1.40208,0.0012,0.0012
21.10.2025 14:35:39.471 UTC,1.40217,1.40209,0.0012,0.0012
21.10.2025 14:35:39.978 UTC,1.40217,1.40208,0.0012,0.0012
21.10.2025 14:35:40.133 UTC,1.40218,1.40208,0.00234,0.0012
21.10.2025 14:35:40.490 UTC,1.40217,1.40208,0.00189,0.0012
21.10.2025 14:35:41.354 UTC,1.40215,1.40209,0.0012,0.0012
21.10.2025 14:35:42.273 UTC,1.40214,1.40204,0.00135,0.00135
21.10.2025 14:35:42.732 UTC,1.40214,1.40202,0.00135,0.0018
21.10.2025 14:35:42.837 UTC,1.40213,1.402,0.00327,0.0033
21.10.2025 14:35:42.888 UTC,1.40212,1.40201,0.00327,0.00315
21.10.2025 14:35:45.648 UTC,1.40212,1.40199,0.00327,0.0018
21.10.2025 14:35:45.701 UTC,1.40207,1.40199,0.00189,0.0012
21.10.2025 14:35:45.753 UTC,1.40207,1.40195,0.00192,0.0012
21.10.2025 14:35:45.857 UTC,1.40204,1.40193,0.00189,0.00135
21.10.2025 14:35:46.011 UTC,1.40206,1.40194,0.00132,0.00135
21.10.2025 14:35:46.717 UTC,1.40206,1.40195,0.00189,0.00135
21.10.2025 14:35:46.820 UTC,1.40206,1.40196,0.00132,0.0012
21.10.2025 14:35:47.221 UTC,1.40207,1.40195,0.00132,0.00135
21.10.2025 14:35:47.325 UTC,1.40205,1.40194,0.00234,0.00135
21.10.2025 14:35:47.580 UTC,1.40206,1.40194,0.00237,0.0012
21.10.2025 14:35:47.682 UTC,1.40206,1.40194,0.00144,0.0012
21.10.2025 14:35:47.985 UTC,1.40208,1.40195,0.00189,0.00225
21.10.2025 14:35:48.294 UTC,1.40209,1.40196,0.0018,0.0018
21.10.2025 14:35:48.397 UTC,1.40209,1.40197,0.0012,0.0012
21.10.2025 14:35:48.549 UTC,1.40208,1.40199,0.0012,0.00225
21.10.2025 14:35:48.602 UTC,1.40212,1.40199,0.00189,0.0024
21.10.2025 14:35:48.704 UTC,1.40211,1.40201,0.00132,0.00225
21.10.2025 14:35:50.020 UTC,1.40212,1.402,0.00132,0.00135
21.10.2025 14:35:52.697 UTC,1.40213,1.40202,0.0012,0.0012
21.10.2025 14:35:53.256 UTC,1.40215,1.40203,0.0012,0.0012
21.10.2025 14:35:54.856 UTC,1.40213,1.40204,0.0012,0.0012
21.10.2025 14:35:56.269 UTC,1.40214,1.40202,0.00132,0.0018
21.10.2025 14:35:57.277 UTC,1.40214,1.40202,0.00132,0.00195
21.10.2025 14:35:57.378 UTC,1.40214,1.40202,0.00132,0.0018
21.10.2025 14:35:57.581 UTC,1.40209,1.40201,0.0018,0.0018
21.10.2025 14:35:57.685 UTC,1.4021,1.40199,0.00282,0.0024
21.10.2025 14:35:57.737 UTC,1.40209,1.40198,0.0018,0.0018
21.10.2025 14:35:57.840 UTC,1.40208,1.40196,0.00132,0.00135
21.10.2025 14:35:57.944 UTC,1.40205,1.40195,0.0012,0.0012
21.10.2025 14:35:58.046 UTC,1.40204,1.40195,0.0012,0.0012
21.10.2025 14:35:58.251 UTC,1.40206,1.40194,0.00132,0.0012
21.10.2025 14:35:58.354 UTC,1.40204,1.40195,0.0012,0.0012
21.10.2025 14:35:59.267 UTC,1.40206,1.40194,0.00144,0.0012
21.10.2025 14:36:01.548 UTC,1.40206,1.40193,0.00249,0.00135
21.10.2025 14:36:03.195 UTC,1.40205,1.40194,0.00234,0.0018
21.10.2025 14:36:03.298 UTC,1.40205,1.40193,0.0012,0.0018
21.10.2025 14:36:03.603 UTC,1.40208,1.40194,0.00279,0.0027
21.10.2025 14:36:03.655 UTC,1.40209,1.40196,0.00567,0.0012
21.10.2025 14:36:03.910 UTC,1.40208,1.40198,0.00225,0.0012
21.10.2025 14:36:04.469 UTC,1.40208,1.40198,0.00237,0.00135
21.10.2025 14:36:06.131 UTC,1.40207,1.40196,0.0012,0.0018
21.10.2025 14:36:06.234 UTC,1.40206,1.40196,0.00225,0.0018
21.10.2025 14:36:06.338 UTC,1.40207,1.40195,0.00234,0.0012
21.10.2025 14:36:06.540 UTC,1.40206,1.40195,0.00132,0.0012
21.10.2025 14:36:06.592 UTC,1.40206,1.40193,0.00189,0.0012
21.10.2025 14:36:07.603 UTC,1.40206,1.40194,0.00234,0.0012
21.10.2025 14:36:08.562 UTC,1.40205,1.40195,0.00249,0.0012
21.10.2025 14:36:08.665 UTC,1.40205,1.40195,0.00234,0.0012
21.10.2025 14:36:09.069 UTC,1.40205,1.40194,0.0012,0.0012
21.10.2025 14:36:10.336 UTC,1.40205,1.40195,0.0012,0.00225
21.10.2025 14:36:10.442 UTC,1.40209,1.40199,0.00192,0.0018
21.10.2025 14:36:10.546 UTC,1.40214,1.402,0.00597,0.0012
21.10.2025 14:36:10.650 UTC,1.40212,1.402,0.00192,0.0012
21.10.2025 14:36:11.962 UTC,1.40212,1.402,0.00189,0.0012
21.10.2025 14:36:12.166 UTC,1.40211,1.40199,0.00144,0.0012
21.10.2025 14:36:12.723 UTC,1.40208,1.402,0.0012,0.0012
21.10.2025 14:36:12.827 UTC,1.40207,1.40195,0.00132,0.0018
21.10.2025 14:36:12.879 UTC,1.40206,1.40195,0.0012,0.00135
21.10.2025 14:36:13.133 UTC,1.40205,1.40195,0.0012,0.00135
21.10.2025 14:36:15.056 UTC,1.40205,1.40194,0.0012,0.00135
21.10.2025 14:36:16.117 UTC,1.40205,1.40196,0.0018,0.0012
21.10.2025 14:36:16.379 UTC,1.40208,1.40195,0.00249,0.00135
21.10.2025 14:36:17.388 UTC,1.40205,1.40196,0.0012,0.00135
21.10.2025 14:36:19.152 UTC,1.40206,1.40194,0.00249,0.0018
21.10.2025 14:36:19.305 UTC,1.40205,1.40195,0.00249,0.00135
21.10.2025 14:36:19.913 UTC,1.40206,1.40194,0.0018,0.00135
21.10.2025 14:36:20.015 UTC,1.40206,1.40194,0.0018,0.0018
21.10.2025 14:36:20.320 UTC,1.40205,1.40195,0.00189,0.00135
21.10.2025 14:36:20.424 UTC,1.4021,1.402,0.00135,0.0012
21.10.2025 14:36:20.477 UTC,1.40212,1.40201,0.00135,0.0012
21.10.2025 14:36:20.581 UTC,1.40212,1.40204,0.0012,0.0012
21.10.2025 14:36:20.633 UTC,1.40214,1.40204,0.0012,0.0012
21.10.2025 14:36:20.786 UTC,1.40215,1.40204,0.00189,0.0012
21.10.2025 14:36:21.754 UTC,1.40214,1.40204,0.0012,0.0012
21.10.2025 14:36:23.564 UTC,1.40212,1.40203,0.00144,0.00135
21.10.2025 14:36:23.616 UTC,1.4021,1.40202,0.00144,0.0012
21.10.2025 14:36:23.673 UTC,1.40209,1.40198,0.0012,0.0018
21.10.2025 14:36:23.777 UTC,1.40208,1.40196,0.0018,0.00135
21.10.2025 14:36:24.237 UTC,1.40206,1.40196,0.00192,0.0018
21.10.2025 14:36:24.341 UTC,1.40206,1.40194,0.00189,0.0012
21.10.2025 14:36:27.545 UTC,1.40206,1.40193,0.00339,0.00135
21.10.2025 14:36:29.617 UTC,1.40206,1.40193,0.00324,0.0018
21.10.2025 14:36:29.721 UTC,1.40206,1.40193,0.00339,0.00135
21.10.2025 14:36:29.874 UTC,1.40205,1.40194,0.00324,0.0018
21.10.2025 14:36:30.078 UTC,1.40206,1.40193,0.00339,0.00135
21.10.2025 14:36:30.282 UTC,1.40205,1.40194,0.00324,0.0018
21.10.2025 14:36:31.744 UTC,1.40206,1.40193,0.00339,0.00135
21.10.2025 14:36:31.998 UTC,1.40203,1.40192,0.00237,0.0018
21.10.2025 14:36:32.106 UTC,1.40201,1.40189,0.0012,0.00144
21.10.2025 14:36:32.158 UTC,1.40199,1.40189,0.0012,0.00225
21.10.2025 14:36:32.212 UTC,1.40203,1.40189,0.00234,0.0027
21.10.2025 14:36:32.265 UTC,1.40203,1.4019,0.00315,0.00147
21.10.2025 14:36:32.519 UTC,1.40203,1.40191,0.0018,0.00132
21.10.2025 14:36:32.876 UTC,1.40201,1.40191,0.0018,0.00132
21.10.2025 14:36:33.030 UTC,1.40203,1.40191,0.00135,0.00132
21.10.2025 14:36:37.213 UTC,1.40203,1.40191,0.0012,0.00189
21.10.2025 14:36:37.373 UTC,1.40202,1.40192,0.0012,0.00192
21.10.2025 14:36:37.477 UTC,1.40203,1.40193,0.0018,0.00132
21.10.2025 14:36:38.647 UTC,1.40204,1.40192,0.0012,0.00132
21.10.2025 14:36:39.055 UTC,1.40203,1.40193,0.0018,0.00132
21.10.2025 14:36:39.159 UTC,1.40204,1.40192,0.0018,0.00132
21.10.2025 14:36:39.566 UTC,1.40202,1.40193,0.0012,0.00132
21.10.2025 14:36:39.872 UTC,1.40203,1.40192,0.0012,0.00132
21.10.2025 14:36:40.378 UTC,1.40206,1.40194,0.00135,0.00132
21.10.2025 14:36:40.482 UTC,1.40206,1.40197,0.00315,0.00132
21.10.2025 14:36:40.585 UTC,1.40207,1.40197,0.00135,0.00132
21.10.2025 14:36:40.689 UTC,1.40206,1.40201,0.00135,0.0012
21.10.2025 14:36:40.793 UTC,1.40207,1.40198,0.00225,0.0012
21.10.2025 14:36:40.845 UTC,1.40207,1.40196,0.00315,0.0012
21.10.2025 14:36:40.948 UTC,1.40206,1.40196,0.0012,0.0012
21.10.2025 14:36:41.050 UTC,1.40207,1.40196,0.00315,0.0012
21.10.2025 14:36:41.558 UTC,1.40206,1.40196,0.0012,0.0012
21.10.2025 14:36:42.829 UTC,1.40206,1.40194,0.0012,0.00147
21.10.2025 14:36:43.542 UTC,1.40206,1.40194,0.0018,0.00132
21.10.2025 14:36:43.645 UTC,1.40206,1.40197,0.00375,0.00132
21.10.2025 14:36:44.002 UTC,1.40207,1.40196,0.0036,0.00132
21.10.2025 14:36:44.054 UTC,1.40207,1.40196,0.0027,0.00327
21.10.2025 14:36:44.197 UTC,1.40207,1.40199,0.00135,0.00132
21.10.2025 14:36:44.355 UTC,1.40211,1.40201,0.00225,0.00132
21.10.2025 14:36:44.459 UTC,1.4021,1.40201,0.0012,0.00132
21.10.2025 14:36:44.969 UTC,1.40206,1.40199,0.00135,0.00135
21.10.2025 14:36:45.073 UTC,1.40207,1.40197,0.00135,0.00135
21.10.2025 14:36:45.688 UTC,1.40207,1.40197,0.00135,0.00132
21.10.2025 14:36:45.791 UTC,1.40207,1.40198,0.00135,0.00132
21.10.2025 14:36:47.162 UTC,1.40207,1.40196,0.00135,0.00144
21.10.2025 14:36:47.468 UTC,1.40206,1.40195,0.0012,0.00132
21.10.2025 14:36:47.571 UTC,1.40207,1.40196,0.00225,0.00132
21.10.2025 14:36:49.997 UTC,1.40209,1.40196,0.0027,0.00192
21.10.2025 14:36:50.049 UTC,1.40209,1.40198,0.00135,0.00132
21.10.2025 14:36:50.966 UTC,1.40209,1.40199,0.00135,0.00282
21.10.2025 14:36:52.393 UTC,1.40212,1.40199,0.00147,0.00192
21.10.2025 14:36:52.696 UTC,1.40212,1.40199,0.00132,0.00147
21.10.2025 14:36:52.901 UTC,1.40213,1.40202,0.00429,0.00252
21.10.2025 14:36:53.004 UTC,1.40214,1.40203,0.0024,0.0012
21.10.2025 14:36:55.585 UTC,1.40213,1.40204,0.0018,0.00132
21.10.2025 14:36:56.903 UTC,1.40213,1.40206,0.0018,0.00132
21.10.2025 14:36:57.310 UTC,1.40217,1.40205,0.0024,0.00132
21.10.2025 14:36:57.413 UTC,1.40219,1.40207,0.0018,0.00132
21.10.2025 14:36:57.465 UTC,1.40214,1.40207,0.0012,0.0012
21.10.2025 14:36:57.823 UTC,1.40214,1.40206,0.0012,0.0012
21.10.2025 14:36:58.330 UTC,1.40213,1.40206,0.0012,0.00132
21.10.2025 14:37:00.150 UTC,1.40214,1.40205,0.0012,0.00132
21.10.2025 14:37:00.807 UTC,1.40219,1.40207,0.00195,0.00132
21.10.2025 14:37:00.910 UTC,1.40219,1.40209,0.00225,0.00132
21.10.2025 14:37:00.962 UTC,1.40216,1.40208,0.0012,0.00132
21.10.2025 14:37:01.472 UTC,1.40216,1.40207,0.0012,0.0012
21.10.2025 14:37:02.642 UTC,1.40215,1.40206,0.00315,0.00144
21.10.2025 14:37:02.796 UTC,1.40215,1.40205,0.00315,0.00132
21.10.2025 14:37:03.857 UTC,1.40216,1.40204,0.00225,0.00132
21.10.2025 14:37:04.669 UTC,1.40216,1.40204,0.0033,0.0012
21.10.2025 14:37:04.771 UTC,1.40216,1.40204,0.00315,0.0012
21.10.2025 14:37:05.227 UTC,1.40215,1.40205,0.00315,0.00132
21.10.2025 14:37:05.332 UTC,1.40219,1.40209,0.00375,0.00132
21.10.2025 14:37:05.436 UTC,1.40222,1.4021,0.00225,0.00132
21.10.2025 14:37:06.249 UTC,1.4022,1.4021,0.00135,0.00132
21.10.2025 14:37:07.772 UTC,1.40221,1.40209,0.00135,0.00132
21.10.2025 14:37:07.975 UTC,1.4022,1.4021,0.00135,0.00132
21.10.2025 14:37:10.147 UTC,1.40221,1.4021,0.0018,0.0012
21.10.2025 14:37:10.250 UTC,1.40222,1.4021,0.00135,0.00132
21.10.2025 14:37:10.654 UTC,1.40222,1.40212,0.00135,0.0012
21.10.2025 14:37:10.757 UTC,1.40223,1.40211,0.00135,0.00132
21.10.2025 14:37:12.273 UTC,1.40225,1.40213,0.0033,0.00132
21.10.2025 14:37:12.379 UTC,1.40224,1.40214,0.0018,0.00132
21.10.2025 14:37:14.958 UTC,1.40224,1.40215,0.0012,0.00132
21.10.2025 14:37:15.061 UTC,1.40226,1.40214,0.00225,0.00132
21.10.2025 14:37:15.164 UTC,1.40225,1.40214,0.0018,0.0012
21.10.2025 14:37:15.518 UTC,1.40225,1.40213,0.0024,0.00132
21.10.2025 14:37:15.620 UTC,1.40225,1.40213,0.00225,0.00132
21.10.2025 14:37:16.329 UTC,1.40224,1.40214,0.0024,0.00132
21.10.2025 14:37:18.593 UTC,1.40225,1.40213,0.00135,0.00132
21.10.2025 14:37:18.695 UTC,1.40224,1.40214,0.0018,0.00132
21.10.2025 14:37:19.500 UTC,1.40225,1.40213,0.00225,0.00132
21.10.2025 14:37:19.852 UTC,1.40225,1.40213,0.0024,0.00132
21.10.2025 14:37:19.953 UTC,1.40225,1.40213,0.00225,0.00132
21.10.2025 14:37:20.205 UTC,1.40225,1.40213,0.0024,0.00132
21.10.2025 14:37:20.307 UTC,1.40225,1.40214,0.00225,0.0012
21.10.2025 14:37:20.410 UTC,1.40223,1.40214,0.00225,0.0012
21.10.2025 14:37:20.772 UTC,1.40222,1.40213,0.0018,0.0012
21.10.2025 14:37:22.544 UTC,1.40222,1.40213,0.0024,0.0012
21.10.2025 14:37:22.999 UTC,1.40222,1.40213,0.00225,0.0012
21.10.2025 14:37:25.466 UTC,1.40222,1.40213,0.0024,0.0012
21.10.2025 14:37:25.869 UTC,1.40223,1.40212,0.00225,0.0012
21.10.2025 14:37:27.073 UTC,1.40224,1.40213,0.00195,0.00132
21.10.2025 14:37:27.176 UTC,1.40225,1.40215,0.0027,0.00132
21.10.2025 14:37:27.532 UTC,1.40225,1.40215,0.0024,0.00132
21.10.2025 14:37:27.684 UTC,1.40226,1.40214,0.00225,0.00132
21.10.2025 14:37:27.938 UTC,1.40225,1.40215,0.0024,0.00132
21.10.2025 14:37:28.323 UTC,1.40226,1.40214,0.00225,0.00132
21.10.2025 14:37:28.425 UTC,1.40226,1.40214,0.0024,0.00132
21.10.2025 14:37:28.830 UTC,1.40226,1.40214,0.00225,0.00132
21.10.2025 14:37:29.884 UTC,1.40226,1.40214,0.0024,0.00132
21.10.2025 14:37:30.138 UTC,1.40225,1.40215,0.00225,0.00132
21.10.2025 14:37:30.242 UTC,1.40226,1.40214,0.0024,0.00132
21.10.2025 14:37:30.345 UTC,1.40226,1.40214,0.00225,0.00132
21.10.2025 14:37:30.601 UTC,1.40226,1.40215,0.00225,0.00147
21.10.2025 14:37:30.703 UTC,1.40226,1.40216,0.00135,0.00132
21.10.2025 14:37:30.959 UTC,1.40226,1.40216,0.0012,0.00132
21.10.2025 14:37:31.062 UTC,1.40226,1.40214,0.0012,0.00132
21.10.2025 14:37:31.164 UTC,1.40226,1.40214,0.0018,0.00132
21.10.2025 14:37:31.266 UTC,1.40226,1.40214,0.00135,0.00132
21.10.2025 14:37:31.421 UTC,1.40229,1.40217,0.00393,0.0012
21.10.2025 14:37:31.576 UTC,1.40228,1.40218,0.00405,0.00132
21.10.2025 14:37:31.678 UTC,1.40228,1.40217,0.0012,0.00132
21.10.2025 14:37:32.594 UTC,1.40226,1.40214,0.00135,0.00192
21.10.2025 14:37:32.696 UTC,1.40225,1.40215,0.00135,0.00192
21.10.2025 14:37:32.904 UTC,1.40227,1.40215,0.00225,0.00132
21.10.2025 14:37:33.361 UTC,1.40226,1.40215,0.0012,0.00132
21.10.2025 14:37:33.514 UTC,1.40226,1.40215,0.00225,0.0012
21.10.2025 14:37:33.820 UTC,1.40225,1.40216,0.0024,0.0012
21.10.2025 14:37:33.922 UTC,1.40226,1.40215,0.00135,0.0012
21.10.2025 14:37:34.477 UTC,1.40226,1.40216,0.00225,0.0012
21.10.2025 14:37:34.730 UTC,1.40226,1.40215,0.0012,0.0012
21.10.2025 14:37:35.599 UTC,1.40226,1.40216,0.00225,0.0012
21.10.2025 14:37:35.752 UTC,1.40226,1.40215,0.00135,0.0012
21.10.2025 14:37:35.856 UTC,1.40226,1.40214,0.0024,0.00132
21.10.2025 14:37:38.380 UTC,1.40225,1.40214,0.0012,0.00132
21.10.2025 14:37:38.536 UTC,1.40224,1.40215,0.00135,0.00132
21.10.2025 14:37:39.094 UTC,1.40226,1.40214,0.00135,0.00147
21.10.2025 14:37:39.806 UTC,1.40226,1.40216,0.00225,0.00132
21.10.2025 14:37:40.619 UTC,1.40227,1.40215,0.00135,0.00144
21.10.2025 14:37:41.628 UTC,1.40227,1.40214,0.00285,0.00192
21.10.2025 14:37:41.783 UTC,1.40225,1.40215,0.00135,0.00132
21.10.2025 14:37:42.038 UTC,1.40224,1.40215,0.0012,0.00132
21.10.2025 14:37:43.045 UTC,1.40225,1.40215,0.00135,0.00132
21.10.2025 14:37:43.867 UTC,1.40225,1.40214,0.0012,0.0012
21.10.2025 14:37:44.071 UTC,1.40225,1.40215,0.00225,0.00132
21.10.2025 14:37:44.173 UTC,1.40225,1.40215,0.00135,0.00132
21.10.2025 14:37:45.841 UTC,1.40227,1.40214,0.00225,0.00147
21.10.2025 14:37:46.145 UTC,1.40227,1.40215,0.00135,0.00132
21.10.2025 14:37:46.853 UTC,1.40227,1.40215,0.0012,0.00144
21.10.2025 14:37:46.956 UTC,1.40226,1.40216,0.0012,0.00147
21.10.2025 14:37:47.559 UTC,1.40227,1.40215,0.0012,0.00132
21.10.2025 14:37:47.662 UTC,1.40225,1.40216,0.00135,0.00132
21.10.2025 14:37:48.071 UTC,1.40227,1.40215,0.00225,0.00132
21.10.2025 14:37:50.030 UTC,1.40227,1.40215,0.0024,0.00132
21.10.2025 14:37:52.755 UTC,1.40226,1.40214,0.00135,0.00132
21.10.2025 14:37:55.630 UTC,1.40225,1.40213,0.00225,0.00144
21.10.2025 14:37:56.040 UTC,1.40222,1.40213,0.00135,0.00144
21.10.2025 14:37:56.144 UTC,1.4022,1.40208,0.0027,0.00132
21.10.2025 14:37:56.656 UTC,1.40219,1.40208,0.0012,0.0012
21.10.2025 14:37:56.964 UTC,1.40222,1.40208,0.0036,0.00597
21.10.2025 14:37:57.067 UTC,1.40223,1.40212,0.00133,0.00192
21.10.2025 14:37:57.271 UTC,1.40223,1.40212,0.00133,0.00237
21.10.2025 14:37:58.694 UTC,1.40223,1.40213,0.00133,0.00132
21.10.2025 14:37:58.797 UTC,1.40224,1.40213,0.0012,0.00132
21.10.2025 14:37:59.454 UTC,1.40224,1.40213,0.00133,0.00132
21.10.2025 14:38:01.169 UTC,1.40223,1.40213,0.0012,0.00237
21.10.2025 14:38:01.271 UTC,1.40224,1.40212,0.0012,0.00192
21.10.2025 14:38:01.374 UTC,1.40221,1.40212,0.0012,0.00144
21.10.2025 14:38:06.162 UTC,1.40222,1.4021,0.00135,0.00132
21.10.2025 14:38:06.314 UTC,1.40222,1.40211,0.00135,0.0012
21.10.2025 14:38:06.418 UTC,1.40223,1.40213,0.00405,0.00192
21.10.2025 14:38:09.742 UTC,1.40224,1.40213,0.0012,0.00132
21.10.2025 14:38:09.845 UTC,1.40224,1.40213,0.0012,0.00237
21.10.2025 14:38:10.301 UTC,1.40225,1.40214,0.0018,0.00192
21.10.2025 14:38:11.916 UTC,1.40226,1.40214,0.0024,0.00132
21.10.2025 14:38:13.325 UTC,1.40224,1.40212,0.00135,0.0018
21.10.2025 14:38:13.431 UTC,1.40223,1.40211,0.00135,0.00249
21.10.2025 14:38:13.482 UTC,1.40223,1.40211,0.00135,0.00189
21.10.2025 14:38:14.257 UTC,1.40223,1.40211,0.00135,0.00192
21.10.2025 14:38:14.359 UTC,1.40222,1.40212,0.00135,0.00189
21.10.2025 14:38:14.967 UTC,1.40216,1.40207,0.0018,0.00294
21.10.2025 14:38:15.071 UTC,1.40212,1.402,0.0012,0.0018
21.10.2025 14:38:15.432 UTC,1.40211,1.402,0.0012,0.00132
21.10.2025 14:38:15.939 UTC,1.40209,1.40199,0.0012,0.00192
21.10.2025 14:38:16.043 UTC,1.40209,1.40198,0.0024,0.00144
21.10.2025 14:38:16.146 UTC,1.40209,1.40197,0.0018,0.00237
21.10.2025 14:38:16.350 UTC,1.40208,1.40198,0.0018,0.00234
21.10.2025 14:38:16.455 UTC,1.40208,1.40195,0.00225,0.00192
21.10.2025 14:38:16.558 UTC,1.40208,1.40198,0.00225,0.00132
21.10.2025 14:38:16.660 UTC,1.40209,1.40197,0.00225,0.00147
21.10.2025 14:38:16.762 UTC,1.40208,1.40198,0.00225,0.00144
21.10.2025 14:38:17.168 UTC,1.40208,1.40198,0.00225,0.00147
21.10.2025 14:38:17.827 UTC,1.40211,1.40202,0.0024,0.0018
21.10.2025 14:38:17.930 UTC,1.40211,1.40202,0.00135,0.0018
21.10.2025 14:38:18.083 UTC,1.40211,1.40203,0.0012,0.0018
21.10.2025 14:38:18.236 UTC,1.40212,1.40203,0.00315,0.0018
21.10.2025 14:38:18.438 UTC,1.40212,1.40203,0.0033,0.0018
21.10.2025 14:38:21.230 UTC,1.40212,1.40203,0.0018,0.00189
21.10.2025 14:38:24.947 UTC,1.40214,1.40202,0.00135,0.00192
21.10.2025 14:38:25.050 UTC,1.40215,1.40203,0.00225,0.00132
21.10.2025 14:38:25.204 UTC,1.40216,1.40204,0.00225,0.00132
21.10.2025 14:38:25.307 UTC,1.40216,1.40206,0.0027,0.00132
21.10.2025 14:38:26.016 UTC,1.40219,1.40208,0.0018,0.00192
21.10.2025 14:38:26.119 UTC,1.4022,1.40207,0.0018,0.00132
21.10.2025 14:38:26.272 UTC,1.4022,1.40207,0.0012,0.00147
21.10.2025 14:38:26.476 UTC,1.4022,1.40207,0.0027,0.00147
21.10.2025 14:38:26.680 UTC,1.40219,1.40207,0.0012,0.00147
21.10.2025 14:38:26.784 UTC,1.40218,1.40205,0.00315,0.00192
21.10.2025 14:38:26.936 UTC,1.40217,1.40206,0.00315,0.00147
21.10.2025 14:38:27.038 UTC,1.40217,1.40206,0.0033,0.00147
21.10.2025 14:38:27.327 UTC,1.40217,1.40206,0.00315,0.00147
21.10.2025 14:38:28.052 UTC,1.40218,1.40205,0.00225,0.00147
21.10.2025 14:38:28.358 UTC,1.40216,1.40206,0.0012,0.00237
21.10.2025 14:38:30.180 UTC,1.40216,1.40204,0.00225,0.00192
21.10.2025 14:38:30.486 UTC,1.40215,1.40205,0.0012,0.00147
21.10.2025 14:38:30.590 UTC,1.40216,1.40206,0.0018,0.00132
21.10.2025 14:38:30.795 UTC,1.40216,1.40205,0.0012,0.00132
21.10.2025 14:38:32.915 UTC,1.40218,1.40206,0.00315,0.00132
21.10.2025 14:38:33.475 UTC,1.4022,1.40207,0.00135,0.00192
21.10.2025 14:38:33.582 UTC,1.40219,1.40207,0.00225,0.00132
21.10.2025 14:38:33.888 UTC,1.40219,1.40206,0.0024,0.00147
21.10.2025 14:38:34.597 UTC,1.40219,1.40206,0.00315,0.00147
21.10.2025 14:38:35.334 UTC,1.40217,1.40207,0.0012,0.00147
21.10.2025 14:38:35.939 UTC,1.40219,1.40206,0.00225,0.00237
21.10.2025 14:38:35.991 UTC,1.4022,1.4021,0.0012,0.00192
21.10.2025 14:38:39.334 UTC,1.40222,1.40209,0.00315,0.00237
21.10.2025 14:38:39.437 UTC,1.4022,1.4021,0.0012,0.00237
21.10.2025 14:38:41.303 UTC,1.40222,1.4021,0.0012,0.00132
21.10.2025 14:38:44.872 UTC,1.40221,1.40211,0.0012,0.00132
21.10.2025 14:38:45.279 UTC,1.40222,1.40211,0.00315,0.00192
21.10.2025 14:38:45.535 UTC,1.40222,1.40212,0.00225,0.00132
21.10.2025 14:38:45.739 UTC,1.40222,1.40211,0.0012,0.00132
21.10.2025 14:38:47.258 UTC,1.40221,1.40211,0.0024,0.00132
21.10.2025 14:38:47.361 UTC,1.40222,1.40213,0.00225,0.00132
21.10.2025 14:38:47.566 UTC,1.40224,1.40213,0.0018,0.00132
21.10.2025 14:38:47.669 UTC,1.40224,1.40214,0.00135,0.00132
21.10.2025 14:38:47.822 UTC,1.40223,1.40215,0.00135,0.00132
21.10.2025 14:38:48.636 UTC,1.40223,1.40217,0.00135,0.0012
21.10.2025 14:38:48.688 UTC,1.4023,1.40218,0.0012,0.00192
21.10.2025 14:38:48.741 UTC,1.40232,1.40219,0.0018,0.00237
21.10.2025 14:38:49.149 UTC,1.40232,1.4022,0.0018,0.00132
21.10.2025 14:38:49.201 UTC,1.4023,1.4022,0.0012,0.00132
21.10.2025 14:38:49.303 UTC,1.40228,1.4022,0.0027,0.00132
21.10.2025 14:38:52.269 UTC,1.40232,1.4022,0.0018,0.00132
21.10.2025 14:38:52.774 UTC,1.40228,1.4022,0.0027,0.0012
21.10.2025 14:38:52.825 UTC,1.40232,1.4022,0.0018,0.00132
21.10.2025 14:38:53.482 UTC,1.40233,1.4022,0.00315,0.00132
21.10.2025 14:38:53.585 UTC,1.40232,1.40222,0.0018,0.00132
21.10.2025 14:38:55.245 UTC,1.40232,1.40221,0.0012,0.0012
21.10.2025 14:38:55.297 UTC,1.40227,1.4022,0.0027,0.00147
21.10.2025 14:38:56.260 UTC,1.40232,1.40219,0.0012,0.00207
21.10.2025 14:38:57.174 UTC,1.40235,1.40222,0.00225,0.00237
21.10.2025 14:38:57.416 UTC,1.40235,1.40223,0.00135,0.00144
21.10.2025 14:38:57.520 UTC,1.40235,1.40223,0.0012,0.00147
21.10.2025 14:38:57.981 UTC,1.40237,1.40225,0.0012,0.00132
21.10.2025 14:38:58.084 UTC,1.40237,1.40225,0.00225,0.00192
21.10.2025 14:38:58.136 UTC,1.40235,1.40222,0.00135,0.00147
21.10.2025 14:38:58.289 UTC,1.40234,1.40223,0.00135,0.00147
21.10.2025 14:38:58.544 UTC,1.40237,1.40224,0.0042,0.00132
21.10.2025 14:38:58.647 UTC,1.40237,1.40226,0.0033,0.00132
21.10.2025 14:38:59.106 UTC,1.40237,1.40226,0.00315,0.00147
21.10.2025 14:38:59.359 UTC,1.40238,1.40225,0.0033,0.00147
21.10.2025 14:39:00.117 UTC,1.40235,1.40224,0.00225,0.00147
21.10.2025 14:39:00.221 UTC,1.40237,1.40224,0.00225,0.00147
21.10.2025 14:39:00.528 UTC,1.40237,1.40224,0.0018,0.00237
21.10.2025 14:39:00.783 UTC,1.40236,1.40225,0.00135,0.00282
21.10.2025 14:39:00.936 UTC,1.40236,1.40225,0.0018,0.00237
21.10.2025 14:39:01.090 UTC,1.40237,1.40224,0.00135,0.00282
21.10.2025 14:39:02.157 UTC,1.40235,1.40223,0.0012,0.00192
21.10.2025 14:39:02.260 UTC,1.40235,1.40222,0.00225,0.00192
21.10.2025 14:39:02.822 UTC,1.40235,1.40222,0.0018,0.00192
21.10.2025 14:39:02.875 UTC,1.40236,1.40224,0.0036,0.00237
21.10.2025 14:39:03.130 UTC,1.40237,1.40223,0.0024,0.00237
21.10.2025 14:39:03.736 UTC,1.40236,1.40223,0.00225,0.00147
21.10.2025 14:39:04.091 UTC,1.40235,1.40223,0.0036,0.00147
21.10.2025 14:39:04.395 UTC,1.40236,1.40222,0.0033,0.00147
21.10.2025 14:39:04.651 UTC,1.40234,1.40223,0.0018,0.00147
21.10.2025 14:39:04.805 UTC,1.40235,1.40222,0.00135,0.00192
21.10.2025 14:39:05.460 UTC,1.40235,1.40222,0.0018,0.00147
21.10.2025 14:39:05.714 UTC,1.40235,1.40222,0.00195,0.00147
21.10.2025 14:39:06.874 UTC,1.40234,1.40223,0.00135,0.00147
21.10.2025 14:39:07.129 UTC,1.40235,1.40223,0.0012,0.00147
21.10.2025 14:39:07.232 UTC,1.40236,1.40223,0.00225,0.00147
21.10.2025 14:39:07.485 UTC,1.40234,1.40224,0.0018,0.00147
21.10.2025 14:39:07.791 UTC,1.40235,1.40223,0.00135,0.00132
21.10.2025 14:39:10.809 UTC,1.40236,1.40223,0.00225,0.00147
21.10.2025 14:39:10.912 UTC,1.40235,1.40223,0.0012,0.00132
21.10.2025 14:39:11.015 UTC,1.40235,1.40222,0.0012,0.00147
21.10.2025 14:39:11.673 UTC,1.40235,1.40222,0.00135,0.00192
21.10.2025 14:39:12.125 UTC,1.40236,1.40223,0.00225,0.00132
21.10.2025 14:39:12.736 UTC,1.40236,1.40223,0.0018,0.00132
21.10.2025 14:39:12.838 UTC,1.40236,1.40223,0.00135,0.00132
21.10.2025 14:39:12.940 UTC,1.40235,1.40225,0.00135,0.00132
21.10.2025 14:39:13.096 UTC,1.40239,1.40227,0.00135,0.00192
21.10.2025 14:39:13.200 UTC,1.4024,1.4023,0.0012,0.00132
21.10.2025 14:39:13.303 UTC,1.40242,1.4023,0.0012,0.00132
21.10.2025 14:39:14.365 UTC,1.40241,1.4023,0.0012,0.00132
21.10.2025 14:39:16.229 UTC,1.40242,1.4023,0.0012,0.00132
21.10.2025 14:39:16.383 UTC,1.40242,1.40232,0.00135,0.00132
21.10.2025 14:39:17.957 UTC,1.40242,1.4023,0.00135,0.00132
21.10.2025 14:39:19.318 UTC,1.40241,1.40229,0.00135,0.00132
21.10.2025 14:39:19.834 UTC,1.40242,1.40229,0.00225,0.00132
21.10.2025 14:39:19.938 UTC,1.40244,1.40232,0.00315,0.00132
21.10.2025 14:39:20.045 UTC,1.4025,1.40237,0.0018,0.00147
21.10.2025 14:39:20.099 UTC,1.40252,1.40239,0.0018,0.00132
21.10.2025 14:39:20.203 UTC,1.40252,1.40241,0.0018,0.00132
21.10.2025 14:39:20.306 UTC,1.40252,1.40243,0.0012,0.00147
21.10.2025 14:39:20.357 UTC,1.40255,1.40242,0.0081,0.00144
21.10.2025 14:39:20.460 UTC,1.40254,1.40242,0.0027,0.00144
21.10.2025 14:39:20.817 UTC,1.40254,1.40243,0.0027,0.00144
21.10.2025 14:39:20.920 UTC,1.40254,1.40243,0.0027,0.00147
21.10.2025 14:39:21.023 UTC,1.40253,1.40244,0.0027,0.00144
21.10.2025 14:39:21.483 UTC,1.40254,1.40244,0.0012,0.00132
21.10.2025 14:39:22.749 UTC,1.40253,1.40247,0.0012,0.0012
21.10.2025 14:39:22.853 UTC,1.40262,1.40249,0.0018,0.00132
21.10.2025 14:39:22.905 UTC,1.40262,1.40252,0.0012,0.00132
21.10.2025 14:39:23.008 UTC,1.40263,1.40252,0.0012,0.00192
21.10.2025 14:39:23.060 UTC,1.40265,1.40253,0.0018,0.00144
21.10.2025 14:39:23.417 UTC,1.40265,1.40254,0.0036,0.00132
21.10.2025 14:39:24.327 UTC,1.40266,1.40254,0.0012,0.00132
21.10.2025 14:39:24.531 UTC,1.40267,1.40254,0.0012,0.00132
21.10.2025 14:39:24.583 UTC,1.40269,1.40257,0.0018,0.0012
21.10.2025 14:39:24.840 UTC,1.40269,1.40258,0.0012,0.00132
21.10.2025 14:39:25.296 UTC,1.40269,1.40257,0.0012,0.00132
21.10.2025 14:39:25.550 UTC,1.4027,1.40257,0.00135,0.00132
21.10.2025 14:39:25.754 UTC,1.40271,1.40258,0.0027,0.0012
21.10.2025 14:39:25.857 UTC,1.40272,1.4026,0.00285,0.0012
21.10.2025 14:39:26.168 UTC,1.40272,1.40261,0.0018,0.0012
21.10.2025 14:39:26.476 UTC,1.40271,1.40263,0.0018,0.00132
21.10.2025 14:39:28.048 UTC,1.40271,1.40262,0.0018,0.0012
21.10.2025 14:39:29.163 UTC,1.40272,1.4026,0.0018,0.00144
21.10.2025 14:39:30.989 UTC,1.40271,1.40259,0.00135,0.00135
21.10.2025 14:39:33.373 UTC,1.40272,1.40259,0.00225,0.00144
21.10.2025 14:39:34.938 UTC,1.40272,1.4026,0.00135,0.0012
21.10.2025 14:39:35.142 UTC,1.40273,1.4026,0.00135,0.00147
21.10.2025 14:39:36.103 UTC,1.40273,1.40261,0.0012,0.00237
21.10.2025 14:39:36.206 UTC,1.40272,1.40262,0.0012,0.00144
21.10.2025 14:39:37.673 UTC,1.40273,1.4026,0.00135,0.00144
21.10.2025 14:39:37.776 UTC,1.40272,1.4026,0.00135,0.00135
21.10.2025 14:39:39.138 UTC,1.40273,1.4026,0.00135,0.00144
21.10.2025 14:39:40.690 UTC,1.40273,1.4026,0.0012,0.00192
21.10.2025 14:39:40.793 UTC,1.40273,1.4026,0.00135,0.00144
21.10.2025 14:39:43.014 UTC,1.40271,1.40261,0.0012,0.00144
21.10.2025 14:39:43.571 UTC,1.40272,1.4026,0.0012,0.00204
21.10.2025 14:39:43.673 UTC,1.40273,1.4026,0.0012,0.00204
21.10.2025 14:39:50.406 UTC,1.40272,1.40261,0.0012,0.0012
21.10.2025 14:39:50.712 UTC,1.4027,1.40257,0.00135,0.00192
21.10.2025 14:39:50.765 UTC,1.40269,1.40256,0.00135,0.00234
21.10.2025 14:39:50.868 UTC,1.40267,1.40257,0.0012,0.00234
21.10.2025 14:39:50.971 UTC,1.40266,1.40256,0.0012,0.0012
21.10.2025 14:39:51.074 UTC,1.40264,1.40257,0.0012,0.0012
21.10.2025 14:39:51.483 UTC,1.40264,1.40256,0.0012,0.0012
21.10.2025 14:39:51.535 UTC,1.40257,1.40246,0.0012,0.00282
21.10.2025 14:39:51.588 UTC,1.4026,1.40248,0.0012,0.0012
21.10.2025 14:39:51.641 UTC,1.40261,1.4025,0.0012,0.0018
21.10.2025 14:39:51.694 UTC,1.4026,1.40251,0.0012,0.0012
21.10.2025 14:39:51.796 UTC,1.40262,1.4025,0.0012,0.0012
21.10.2025 14:39:51.899 UTC,1.40258,1.4025,0.0033,0.0012
21.10.2025 14:39:52.004 UTC,1.40257,1.40246,0.00225,0.00192
21.10.2025 14:39:52.056 UTC,1.40257,1.40246,0.00315,0.00144
21.10.2025 14:39:52.462 UTC,1.40257,1.40247,0.00225,0.0012
21.10.2025 14:39:52.868 UTC,1.40257,1.40244,0.0012,0.00192
21.10.2025 14:39:53.327 UTC,1.40256,1.40244,0.0012,0.00192
21.10.2025 14:39:53.682 UTC,1.40255,1.40245,0.0018,0.00132
21.10.2025 14:39:53.785 UTC,1.40257,1.40244,0.0018,0.00132
21.10.2025 14:39:53.888 UTC,1.40256,1.40243,0.0024,0.00147
21.10.2025 14:39:53.990 UTC,1.40256,1.40243,0.0024,0.00132
21.10.2025 14:39:54.958 UTC,1.40255,1.40244,0.0024,0.00132
21.10.2025 14:39:55.062 UTC,1.40256,1.40244,0.00135,0.00132
21.10.2025 14:39:55.265 UTC,1.40256,1.40244,0.0018,0.00144
21.10.2025 14:39:55.520 UTC,1.40254,1.40244,0.00135,0.00132
21.10.2025 14:39:56.981 UTC,1.40255,1.40243,0.00135,0.00132
21.10.2025 14:40:00.010 UTC,1.40255,1.40244,0.00225,0.00132
21.10.2025 14:40:00.214 UTC,1.40257,1.40246,0.0012,0.00132
21.10.2025 14:40:00.321 UTC,1.40262,1.40255,0.0027,0.0012
21.10.2025 14:40:00.424 UTC,1.40262,1.40254,0.0012,0.0012
21.10.2025 14:40:00.627 UTC,1.4026,1.40248,0.00135,0.00429
21.10.2025 14:40:00.780 UTC,1.4026,1.40248,0.00135,0.0012
21.10.2025 14:40:00.884 UTC,1.40259,1.40247,0.00135,0.00144
21.10.2025 14:40:00.937 UTC,1.40258,1.40253,0.00135,0.0012
21.10.2025 14:40:01.142 UTC,1.40257,1.40248,0.0012,0.00132
21.10.2025 14:40:01.245 UTC,1.40258,1.40253,0.00135,0.0012
21.10.2025 14:40:01.347 UTC,1.40258,1.40247,0.0012,0.0012
21.10.2025 14:40:01.754 UTC,1.40257,1.40246,0.0012,0.00135
21.10.2025 14:40:01.857 UTC,1.40259,1.40246,0.0024,0.00132
21.10.2025 14:40:02.110 UTC,1.40259,1.40247,0.0018,0.0012
21.10.2025 14:40:04.834 UTC,1.40256,1.40247,0.0012,0.0012
21.10.2025 14:40:04.988 UTC,1.40258,1.40246,0.0012,0.00132
21.10.2025 14:40:05.449 UTC,1.40258,1.40246,0.00135,0.00144
21.10.2025 14:40:05.654 UTC,1.40258,1.40246,0.0018,0.00144
21.10.2025 14:40:05.756 UTC,1.40258,1.40246,0.00135,0.00144
21.10.2025 14:40:06.162 UTC,1.40257,1.40246,0.0012,0.00135
21.10.2025 14:40:06.470 UTC,1.40255,1.40247,0.0012,0.0012
21.10.2025 14:40:06.522 UTC,1.40257,1.40247,0.00135,0.0012
21.10.2025 14:40:06.574 UTC,1.40256,1.40246,0.0012,0.0012
21.10.2025 14:40:06.626 UTC,1.40259,1.40246,0.0033,0.00132
21.10.2025 14:40:06.832 UTC,1.40256,1.40245,0.0012,0.00144
21.10.2025 14:40:06.938 UTC,1.40255,1.40243,0.0012,0.00192
21.10.2025 14:40:06.989 UTC,1.40255,1.40243,0.00135,0.00132
21.10.2025 14:40:07.800 UTC,1.40256,1.40243,0.0024,0.00132
21.10.2025 14:40:08.664 UTC,1.40255,1.40243,0.00135,0.00132
21.10.2025 14:40:08.969 UTC,1.40254,1.40244,0.0018,0.00132
21.10.2025 14:40:09.173 UTC,1.40256,1.40243,0.0027,0.00132
21.10.2025 14:40:09.749 UTC,1.40255,1.40245,0.0018,0.00132
21.10.2025 14:40:09.901 UTC,1.40256,1.40244,0.00135,0.00132
21.10.2025 14:40:10.358 UTC,1.40255,1.40246,0.0012,0.00132
21.10.2025 14:40:10.666 UTC,1.40256,1.40244,0.00135,0.00144
21.10.2025 14:40:10.769 UTC,1.40256,1.40244,0.0018,0.00132
21.10.2025 14:40:11.777 UTC,1.40256,1.40243,0.0024,0.00144
21.10.2025 14:40:12.031 UTC,1.40256,1.40243,0.0024,0.00147
21.10.2025 14:40:12.133 UTC,1.40256,1.40243,0.0024,0.00144
21.10.2025 14:40:12.939 UTC,1.40256,1.40243,0.00285,0.00144
21.10.2025 14:40:13.091 UTC,1.40256,1.40243,0.0033,0.00144
21.10.2025 14:40:13.544 UTC,1.40255,1.40244,0.0033,0.00147
21.10.2025 14:40:13.645 UTC,1.40256,1.40243,0.0033,0.00144
21.10.2025 14:40:14.049 UTC,1.40255,1.40244,0.0033,0.00147
21.10.2025 14:40:16.964 UTC,1.40256,1.40243,0.0024,0.00144
21.10.2025 14:40:17.217 UTC,1.40255,1.40242,0.00285,0.00192
21.10.2025 14:40:17.484 UTC,1.40253,1.40243,0.00135,0.00144
21.10.2025 14:40:17.587 UTC,1.40254,1.40242,0.00135,0.00147
21.10.2025 14:40:17.944 UTC,1.40255,1.40242,0.00225,0.00192
21.10.2025 14:40:19.255 UTC,1.40254,1.40244,0.0012,0.00147
21.10.2025 14:40:19.307 UTC,1.40259,1.40246,0.0018,0.00132
21.10.2025 14:40:19.461 UTC,1.40258,1.40246,0.0012,0.00147
21.10.2025 14:40:19.564 UTC,1.40258,1.40247,0.0027,0.00147
21.10.2025 14:40:19.666 UTC,1.40259,1.40246,0.0033,0.00147
21.10.2025 14:40:19.970 UTC,1.40258,1.40246,0.0012,0.00144
21.10.2025 14:40:20.629 UTC,1.40258,1.40247,0.00315,0.00147
21.10.2025 14:40:20.731 UTC,1.40258,1.40247,0.0033,0.00147
21.10.2025 14:40:20.935 UTC,1.40259,1.40246,0.00315,0.00192
21.10.2025 14:40:21.088 UTC,1.40259,1.40246,0.0033,0.00147
21.10.2025 14:40:21.190 UTC,1.40258,1.40246,0.00135,0.00144
21.10.2025 14:40:21.394 UTC,1.40256,1.40244,0.0012,0.00192
21.10.2025 14:40:21.446 UTC,1.40256,1.40243,0.0024,0.00132
21.10.2025 14:40:21.550 UTC,1.40255,1.40244,0.00225,0.00132
21.10.2025 14:40:21.803 UTC,1.40256,1.40243,0.0024,0.00132
21.10.2025 14:40:22.765 UTC,1.40255,1.40245,0.00135,0.00132
21.10.2025 14:40:24.781 UTC,1.40256,1.40244,0.0018,0.00132
21.10.2025 14:40:24.921 UTC,1.40255,1.40243,0.00135,0.00132
21.10.2025 14:40:26.036 UTC,1.40255,1.40243,0.0012,0.00144
21.10.2025 14:40:26.139 UTC,1.40253,1.40244,0.0018,0.00135
21.10.2025 14:40:26.242 UTC,1.40255,1.40243,0.0018,0.0012
21.10.2025 14:40:26.496 UTC,1.40255,1.40243,0.00135,0.00132
21.10.2025 14:40:27.001 UTC,1.40255,1.40243,0.0018,0.00144
21.10.2025 14:40:27.404 UTC,1.40255,1.40243,0.00135,0.00144
21.10.2025 14:40:28.510 UTC,1.40255,1.40243,0.0018,0.00144
21.10.2025 14:40:28.613 UTC,1.40255,1.40243,0.00135,0.00144
21.10.2025 14:40:28.715 UTC,1.40255,1.40243,0.0018,0.00144
21.10.2025 14:40:29.218 UTC,1.40255,1.40243,0.00135,0.00144
21.10.2025 14:40:30.427 UTC,1.40253,1.40244,0.0012,0.00144
21.10.2025 14:40:30.530 UTC,1.40255,1.40243,0.00135,0.00144
21.10.2025 14:40:31.641 UTC,1.40255,1.40243,0.0018,0.00144
21.10.2025 14:40:31.792 UTC,1.40255,1.40243,0.00135,0.00144
21.10.2025 14:40:32.546 UTC,1.40254,1.40243,0.00135,0.00144
21.10.2025 14:40:32.649 UTC,1.40253,1.40243,0.0012,0.00135
21.10.2025 14:40:33.567 UTC,1.40254,1.40243,0.00225,0.0012
21.10.2025 14:40:34.125 UTC,1.40255,1.40243,0.00225,0.0012
21.10.2025 14:40:34.328 UTC,1.40254,1.40244,0.0033,0.00132
21.10.2025 14:40:35.037 UTC,1.40254,1.40244,0.00225,0.00132
21.10.2025 14:40:35.692 UTC,1.40254,1.40244,0.0024,0.00132
21.10.2025 14:40:38.569 UTC,1.4025,1.40241,0.0012,0.0018
21.10.2025 14:40:38.621 UTC,1.40247,1.40236,0.0012,0.00189
21.10.2025 14:40:38.979 UTC,1.40248,1.40235,0.0012,0.00192
21.10.2025 14:40:39.132 UTC,1.40247,1.40238,0.0012,0.0012
21.10.2025 14:40:39.234 UTC,1.40248,1.40237,0.0018,0.0012
21.10.2025 14:40:39.336 UTC,1.40248,1.40237,0.00135,0.0012
21.10.2025 14:40:39.590 UTC,1.40247,1.40237,0.0012,0.0012
21.10.2025 14:40:39.848 UTC,1.40251,1.40238,0.0024,0.00132
21.10.2025 14:40:39.953 UTC,1.40249,1.40237,0.0012,0.00132
21.10.2025 14:40:40.259 UTC,1.40249,1.40237,0.0018,0.00132
21.10.2025 14:40:40.362 UTC,1.4025,1.4024,0.0027,0.00132
21.10.2025 14:40:40.466 UTC,1.40251,1.40241,0.00135,0.0012
21.10.2025 14:40:40.823 UTC,1.40248,1.40239,0.0012,0.00192
21.10.2025 14:40:40.875 UTC,1.40247,1.40238,0.00135,0.00144
21.10.2025 14:40:40.978 UTC,1.4025,1.40238,0.0012,0.00132
21.10.2025 14:40:41.031 UTC,1.40251,1.40241,0.0027,0.00132
21.10.2025 14:40:41.134 UTC,1.40251,1.40241,0.00135,0.00132
21.10.2025 14:40:41.539 UTC,1.40253,1.40242,0.00135,0.00132
21.10.2025 14:40:41.689 UTC,1.40255,1.40242,0.00405,0.00144
21.10.2025 14:40:41.895 UTC,1.40254,1.40242,0.0012,0.00144
21.10.2025 14:40:42.303 UTC,1.40251,1.40242,0.0012,0.0018
21.10.2025 14:40:42.408 UTC,1.40249,1.40237,0.0012,0.00234
21.10.2025 14:40:42.918 UTC,1.40249,1.40238,0.0012,0.00132
21.10.2025 14:40:43.021 UTC,1.4025,1.4024,0.0012,0.00132
21.10.2025 14:40:43.073 UTC,1.40253,1.4024,0.00405,0.00132
21.10.2025 14:40:43.227 UTC,1.40253,1.4024,0.0033,0.00132
21.10.2025 14:40:43.784 UTC,1.4025,1.40241,0.0012,0.0012
21.10.2025 14:40:43.937 UTC,1.40252,1.4024,0.0012,0.0012
21.10.2025 14:40:44.041 UTC,1.40253,1.4024,0.00135,0.00189
21.10.2025 14:40:45.362 UTC,1.40253,1.4024,0.0018,0.00144
21.10.2025 14:40:45.464 UTC,1.40253,1.4024,0.00135,0.00189
21.10.2025 14:40:45.567 UTC,1.40252,1.40241,0.0018,0.00144
21.10.2025 14:40:46.731 UTC,1.40253,1.4024,0.00135,0.00192
21.10.2025 14:40:47.795 UTC,1.40252,1.40241,0.0018,0.00192
21.10.2025 14:40:48.598 UTC,1.40253,1.4024,0.00225,0.00204
21.10.2025 14:40:48.952 UTC,1.40252,1.40241,0.0024,0.00192
21.10.2025 14:40:49.107 UTC,1.40252,1.4024,0.00135,0.00144
21.10.2025 14:40:49.213 UTC,1.40249,1.4024,0.00195,0.00135
21.10.2025 14:40:49.320 UTC,1.40247,1.40234,0.0027,0.00132
21.10.2025 14:40:49.879 UTC,1.40247,1.40235,0.0018,0.00132
21.10.2025 14:40:49.931 UTC,1.40248,1.40237,0.00225,0.00132
21.10.2025 14:40:50.035 UTC,1.40248,1.40237,0.0012,0.00132
21.10.2025 14:40:50.545 UTC,1.40245,1.40237,0.00225,0.0012
21.10.2025 14:40:50.648 UTC,1.40245,1.40232,0.0018,0.00192
21.10.2025 14:40:50.955 UTC,1.40246,1.40232,0.00225,0.00342
21.10.2025 14:40:51.261 UTC,1.40247,1.40235,0.00315,0.00132
21.10.2025 14:40:52.373 UTC,1.40245,1.40235,0.00135,0.00192
21.10.2025 14:40:52.476 UTC,1.40246,1.40234,0.0018,0.00144
21.10.2025 14:40:52.578 UTC,1.40246,1.40234,0.0012,0.00144
21.10.2025 14:40:52.680 UTC,1.40245,1.40235,0.0018,0.00144
21.10.2025 14:40:52.783 UTC,1.40245,1.40235,0.00135,0.00144
21.10.2025 14:40:53.087 UTC,1.40246,1.40235,0.00135,0.0012
21.10.2025 14:40:54.148 UTC,1.40247,1.40235,0.00225,0.00132
21.10.2025 14:40:54.606 UTC,1.40249,1.40237,0.00225,0.00132
21.10.2025 14:40:54.861 UTC,1.40247,1.40238,0.0012,0.00135
21.10.2025 14:40:56.385 UTC,1.40249,1.40236,0.00315,0.00189
21.10.2025 14:40:56.487 UTC,1.40248,1.40237,0.0033,0.00144
21.10.2025 14:40:56.843 UTC,1.40248,1.40237,0.00315,0.00147
21.10.2025 14:40:57.201 UTC,1.4025,1.40237,0.00135,0.00237
21.10.2025 14:40:57.406 UTC,1.40248,1.40238,0.0012,0.00192
21.10.2025 14:40:57.508 UTC,1.40248,1.40238,0.0012,0.00189
21.10.2025 14:40:57.812 UTC,1.40251,1.40238,0.00225,0.00147
21.10.2025 14:40:57.916 UTC,1.40253,1.4024,0.00225,0.00144
21.10.2025 14:40:58.223 UTC,1.40253,1.4024,0.0018,0.00147
21.10.2025 14:40:58.983 UTC,1.40252,1.40241,0.0024,0.00252
21.10.2025 14:40:59.086 UTC,1.40252,1.40241,0.00225,0.00252
21.10.2025 14:41:00.044 UTC,1.40251,1.40241,0.0012,0.00192
21.10.2025 14:41:00.147 UTC,1.40252,1.4024,0.0012,0.00132
21.10.2025 14:41:02.514 UTC,1.4025,1.4024,0.0018,0.00225
21.10.2025 14:41:02.618 UTC,1.4025,1.4024,0.00135,0.00132
21.10.2025 14:41:02.722 UTC,1.40252,1.40239,0.0018,0.00207
21.10.2025 14:41:05.204 UTC,1.40251,1.40239,0.00135,0.00192
21.10.2025 14:41:05.307 UTC,1.40251,1.40239,0.00135,0.00132
21.10.2025 14:41:05.662 UTC,1.40251,1.4024,0.0012,0.00132
21.10.2025 14:41:07.676 UTC,1.40252,1.4024,0.0012,0.00132
21.10.2025 14:41:07.779 UTC,1.40252,1.4024,0.0012,0.00147
21.10.2025 14:41:09.547 UTC,1.40251,1.40239,0.00135,0.0018
21.10.2025 14:41:09.650 UTC,1.40251,1.40238,0.00135,0.00132
21.10.2025 14:41:10.354 UTC,1.40251,1.4024,0.00135,0.0012
21.10.2025 14:41:10.407 UTC,1.40249,1.40239,0.00135,0.00132
21.10.2025 14:41:10.509 UTC,1.40249,1.40237,0.0012,0.00147
21.10.2025 14:41:10.764 UTC,1.4025,1.40237,0.0018,0.00237
21.10.2025 14:41:10.917 UTC,1.4025,1.40237,0.0012,0.00237
21.10.2025 14:41:11.172 UTC,1.4025,1.4024,0.0012,0.00147
21.10.2025 14:41:11.326 UTC,1.40254,1.40241,0.0069,0.00132
21.10.2025 14:41:11.430 UTC,1.40254,1.40242,0.0018,0.00147
21.10.2025 14:41:11.686 UTC,1.40255,1.40243,0.0012,0.00132
21.10.2025 14:41:11.840 UTC,1.40256,1.40243,0.0045,0.00144
21.10.2025 14:41:11.943 UTC,1.40254,1.40243,0.0018,0.00192
21.10.2025 14:41:12.756 UTC,1.40255,1.40242,0.0033,0.00192
21.10.2025 14:41:13.212 UTC,1.40254,1.40242,0.00135,0.00144
21.10.2025 14:41:13.315 UTC,1.40251,1.40241,0.0012,0.00192
21.10.2025 14:41:13.366 UTC,1.40252,1.4024,0.0012,0.00144
21.10.2025 14:41:13.973 UTC,1.40253,1.40241,0.0033,0.00282
21.10.2025 14:41:14.378 UTC,1.40254,1.4024,0.0033,0.00297
21.10.2025 14:41:14.531 UTC,1.40253,1.4024,0.00135,0.00207
21.10.2025 14:41:14.938 UTC,1.40252,1.4024,0.00135,0.00147
21.10.2025 14:41:15.091 UTC,1.40253,1.4024,0.00225,0.00192
21.10.2025 14:41:15.599 UTC,1.40252,1.4024,0.0012,0.00207
21.10.2025 14:41:18.276 UTC,1.40251,1.40241,0.00195,0.00135
21.10.2025 14:41:18.379 UTC,1.40252,1.40239,0.00225,0.00192
21.10.2025 14:41:20.199 UTC,1.40252,1.4024,0.0012,0.00192
21.10.2025 14:41:20.302 UTC,1.40252,1.4024,0.0012,0.00189
21.10.2025 14:41:20.809 UTC,1.40253,1.40241,0.0012,0.00147
21.10.2025 14:41:20.911 UTC,1.40253,1.40242,0.00135,0.00147
21.10.2025 14:41:21.366 UTC,1.40255,1.40242,0.00225,0.00132
21.10.2025 14:41:21.619 UTC,1.40255,1.40242,0.0024,0.00147
21.10.2025 14:41:22.576 UTC,1.40254,1.40243,0.00225,0.00147
21.10.2025 14:41:24.034 UTC,1.40254,1.40243,0.0024,0.00147
21.10.2025 14:41:24.790 UTC,1.40255,1.40242,0.00225,0.00147
21.10.2025 14:41:27.255 UTC,1.40254,1.40243,0.0024,0.00147
21.10.2025 14:41:27.357 UTC,1.40254,1.40243,0.00225,0.00192
21.10.2025 14:41:27.661 UTC,1.40255,1.40242,0.00225,0.00147
21.10.2025 14:41:27.765 UTC,1.40258,1.40247,0.00495,0.00132
21.10.2025 14:41:27.868 UTC,1.40256,1.40246,0.0012,0.00147
21.10.2025 14:41:27.971 UTC,1.40257,1.40245,0.0018,0.00144
21.10.2025 14:41:28.478 UTC,1.40256,1.40246,0.0018,0.00147
21.10.2025 14:41:28.581 UTC,1.40257,1.40247,0.00225,0.00132
21.10.2025 14:41:31.356 UTC,1.40259,1.40246,0.00315,0.00147
21.10.2025 14:41:31.498 UTC,1.4026,1.40247,0.0018,0.00327
21.10.2025 14:41:31.701 UTC,1.40258,1.40246,0.00135,0.00192
21.10.2025 14:41:31.855 UTC,1.40258,1.40246,0.00225,0.00132
21.10.2025 14:41:32.819 UTC,1.40256,1.40246,0.0012,0.00144
21.10.2025 14:41:32.923 UTC,1.40256,1.40244,0.0018,0.00192
21.10.2025 14:41:33.024 UTC,1.40256,1.40244,0.0018,0.00132
21.10.2025 14:41:33.127 UTC,1.40255,1.40245,0.00135,0.00132
21.10.2025 14:41:33.330 UTC,1.40256,1.40244,0.0018,0.00132
21.10.2025 14:41:34.085 UTC,1.40255,1.40245,0.0018,0.00132
21.10.2025 14:41:35.143 UTC,1.40254,1.40243,0.0012,0.00144
21.10.2025 14:41:36.108 UTC,1.40254,1.40244,0.00225,0.00132
21.10.2025 14:41:36.612 UTC,1.40254,1.40243,0.00135,0.00132
21.10.2025 14:41:41.951 UTC,1.40254,1.40244,0.00135,0.00144
21.10.2025 14:41:49.450 UTC,1.40254,1.40243,0.00135,0.00132
21.10.2025 14:41:49.554 UTC,1.40253,1.40241,0.00135,0.00192
21.10.2025 14:41:49.657 UTC,1.40253,1.40241,0.00135,0.00132
21.10.2025 14:41:49.761 UTC,1.40249,1.40241,0.0012,0.00135
21.10.2025 14:41:49.813 UTC,1.40249,1.40239,0.0018,0.00132
21.10.2025 14:41:49.865 UTC,1.40251,1.40239,0.0018,0.00327
21.10.2025 14:41:49.968 UTC,1.40253,1.4024,0.00405,0.00132
21.10.2025 14:41:50.427 UTC,1.40252,1.4024,0.0012,0.00132
21.10.2025 14:41:50.479 UTC,1.40254,1.40241,0.00585,0.00144
21.10.2025 14:41:50.582 UTC,1.40254,1.40241,0.00405,0.00132
21.10.2025 14:41:53.460 UTC,1.40254,1.40241,0.00315,0.00144
21.10.2025 14:41:53.562 UTC,1.40254,1.40241,0.00135,0.00192
21.10.2025 14:41:54.170 UTC,1.40255,1.40242,0.00225,0.00132
21.10.2025 14:41:54.933 UTC,1.40255,1.40243,0.00315,0.00297
21.10.2025 14:41:55.085 UTC,1.40256,1.40242,0.0033,0.00282
21.10.2025 14:41:55.390 UTC,1.40255,1.40242,0.0024,0.00147
21.10.2025 14:41:55.493 UTC,1.40256,1.40242,0.0033,0.00252
21.10.2025 14:41:55.696 UTC,1.40256,1.40242,0.00225,0.00297
21.10.2025 14:41:55.748 UTC,1.40255,1.40244,0.0012,0.00207
21.10.2025 14:41:55.800 UTC,1.40257,1.40247,0.0012,0.00132
21.10.2025 14:41:55.903 UTC,1.40257,1.40247,0.0018,0.00144
21.10.2025 14:41:56.311 UTC,1.40256,1.40246,0.0012,0.00147
21.10.2025 14:41:56.818 UTC,1.40256,1.40245,0.0012,0.00147
21.10.2025 14:41:57.425 UTC,1.40256,1.40245,0.0018,0.00132
21.10.2025 14:41:58.132 UTC,1.40257,1.40245,0.00225,0.00132
21.10.2025 14:41:58.788 UTC,1.40257,1.40245,0.0012,0.00282
21.10.2025 14:41:58.891 UTC,1.40258,1.40246,0.0027,0.00144
21.10.2025 14:42:00.353 UTC,1.40258,1.40246,0.0012,0.00192
21.10.2025 14:42:00.456 UTC,1.40258,1.40249,0.0012,0.00132
21.10.2025 14:42:00.762 UTC,1.40258,1.40248,0.0018,0.0018
21.10.2025 14:42:00.866 UTC,1.40256,1.40245,0.00225,0.00192
21.10.2025 14:42:00.917 UTC,1.40257,1.40244,0.00315,0.00147
21.10.2025 14:42:01.272 UTC,1.40257,1.40244,0.00315,0.00144
21.10.2025 14:42:01.416 UTC,1.40255,1.40245,0.0012,0.00144
21.10.2025 14:42:01.973 UTC,1.40256,1.40244,0.0012,0.00147
21.10.2025 14:42:02.330 UTC,1.40258,1.40245,0.0027,0.00132
21.10.2025 14:42:03.192 UTC,1.40258,1.40247,0.0012,0.00237
21.10.2025 14:42:03.855 UTC,1.40258,1.40247,0.0012,0.00144
21.10.2025 14:42:04.564 UTC,1.40258,1.40249,0.0012,0.00189
21.10.2025 14:42:04.666 UTC,1.40257,1.40251,0.0012,0.0012
21.10.2025 14:42:05.424 UTC,1.4026,1.40251,0.0012,0.00132
21.10.2025 14:42:05.730 UTC,1.4026,1.40252,0.0012,0.00132
21.10.2025 14:42:05.782 UTC,1.40264,1.40251,0.0012,0.00132
21.10.2025 14:42:05.885 UTC,1.40264,1.40253,0.00315,0.00144
21.10.2025 14:42:06.290 UTC,1.40265,1.40252,0.00225,0.00147
21.10.2025 14:42:08.205 UTC,1.40264,1.40251,0.00315,0.00192
21.10.2025 14:42:08.257 UTC,1.40262,1.40251,0.0012,0.00144
21.10.2025 14:42:09.182 UTC,1.40262,1.40249,0.0018,0.00282
21.10.2025 14:42:09.740 UTC,1.40258,1.40249,0.0018,0.00132
21.10.2025 14:42:10.102 UTC,1.40257,1.40248,0.0012,0.00144
21.10.2025 14:42:10.155 UTC,1.40257,1.40244,0.0012,0.00252
21.10.2025 14:42:10.259 UTC,1.40256,1.40244,0.0012,0.00147
21.10.2025 14:42:11.375 UTC,1.40257,1.40244,0.0012,0.00237
21.10.2025 14:42:12.589 UTC,1.40256,1.40244,0.0012,0.00147
21.10.2025 14:42:12.742 UTC,1.40255,1.40244,0.0018,0.00207
21.10.2025 14:42:12.894 UTC,1.40256,1.40245,0.00225,0.00147
21.10.2025 14:42:13.098 UTC,1.40255,1.40245,0.0012,0.00147
21.10.2025 14:42:13.202 UTC,1.40258,1.40244,0.0033,0.00282
21.10.2025 14:42:13.255 UTC,1.40258,1.40246,0.00135,0.00237
21.10.2025 14:42:13.409 UTC,1.40258,1.40246,0.0012,0.00144
21.10.2025 14:42:14.119 UTC,1.40259,1.40246,0.00405,0.00237
21.10.2025 14:42:14.229 UTC,1.40259,1.40247,0.00225,0.00132
21.10.2025 14:42:14.338 UTC,1.40259,1.40247,0.0027,0.00132
21.10.2025 14:42:14.442 UTC,1.40259,1.40246,0.0027,0.00237
21.10.2025 14:42:14.647 UTC,1.40258,1.40246,0.0012,0.00147
21.10.2025 14:42:14.801 UTC,1.40259,1.40246,0.00405,0.00237
21.10.2025 14:42:14.904 UTC,1.40259,1.40249,0.0018,0.00147
21.10.2025 14:42:16.631 UTC,1.40258,1.4025,0.0012,0.00192
21.10.2025 14:42:18.041 UTC,1.40259,1.40249,0.0012,0.00207
21.10.2025 14:42:18.194 UTC,1.40259,1.40249,0.0012,0.00189
21.10.2025 14:42:23.185 UTC,1.40259,1.40246,0.00405,0.00204
21.10.2025 14:42:23.288 UTC,1.40258,1.40245,0.0027,0.00192
21.10.2025 14:42:23.404 UTC,1.40256,1.40244,0.0018,0.0018
21.10.2025 14:42:23.861 UTC,1.40257,1.40245,0.0018,0.00135
21.10.2025 14:42:25.578 UTC,1.40258,1.40245,0.0027,0.00234
21.10.2025 14:42:25.680 UTC,1.40258,1.40245,0.0027,0.00249
21.10.2025 14:42:28.157 UTC,1.40257,1.40243,0.0027,0.00306
21.10.2025 14:42:28.311 UTC,1.40257,1.40243,0.0027,0.00294
21.10.2025 14:42:29.276 UTC,1.40254,1.40243,0.0012,0.00135
21.10.2025 14:42:29.844 UTC,1.40257,1.40244,0.00135,0.0012
21.10.2025 14:42:29.947 UTC,1.40256,1.40244,0.0012,0.0018
21.10.2025 14:42:30.050 UTC,1.40253,1.40245,0.0012,0.00135
21.10.2025 14:42:30.153 UTC,1.40255,1.40243,0.00135,0.00135
21.10.2025 14:42:30.752 UTC,1.40254,1.40242,0.0012,0.0018
21.10.2025 14:42:30.855 UTC,1.40253,1.40241,0.0018,0.00135
21.10.2025 14:42:30.959 UTC,1.40252,1.40241,0.0012,0.00135
21.10.2025 14:42:31.265 UTC,1.40253,1.40241,0.00225,0.00135
21.10.2025 14:42:31.470 UTC,1.40253,1.40241,0.0012,0.00249
21.10.2025 14:42:31.674 UTC,1.40253,1.40243,0.00135,0.00135
21.10.2025 14:42:32.280 UTC,1.40255,1.40243,0.00135,0.00135
21.10.2025 14:42:32.332 UTC,1.40255,1.40245,0.0012,0.0012
21.10.2025 14:42:32.383 UTC,1.40257,1.40246,0.00225,0.0018
21.10.2025 14:42:33.601 UTC,1.40258,1.40245,0.0012,0.00294
21.10.2025 14:42:33.855 UTC,1.40259,1.40246,0.00135,0.00234
21.10.2025 14:42:34.110 UTC,1.40258,1.40248,0.0012,0.0012
21.10.2025 14:42:34.214 UTC,1.40261,1.40248,0.00135,0.0018
21.10.2025 14:42:34.419 UTC,1.40262,1.40249,0.0018,0.0012
21.10.2025 14:42:34.624 UTC,1.40262,1.40249,0.00135,0.00135
21.10.2025 14:42:35.180 UTC,1.40262,1.40251,0.00135,0.0012
21.10.2025 14:42:36.445 UTC,1.40262,1.4025,0.00135,0.0012
21.10.2025 14:42:36.701 UTC,1.4026,1.4025,0.00135,0.00135
21.10.2025 14:42:38.660 UTC,1.40262,1.40249,0.00135,0.0018
21.10.2025 14:42:38.917 UTC,1.40262,1.40249,0.0018,0.0018
21.10.2025 14:42:40.126 UTC,1.40262,1.40248,0.0018,0.00279
21.10.2025 14:42:41.234 UTC,1.4026,1.40248,0.0012,0.0018
21.10.2025 14:42:41.389 UTC,1.40259,1.40248,0.00135,0.0012
21.10.2025 14:42:41.440 UTC,1.40258,1.40247,0.00225,0.00132
21.10.2025 14:42:43.355 UTC,1.40257,1.40244,0.00144,0.00192
21.10.2025 14:42:43.712 UTC,1.40258,1.40244,0.00147,0.00234
21.10.2025 14:42:43.967 UTC,1.40258,1.40244,0.00147,0.00327
21.10.2025 14:42:44.221 UTC,1.40258,1.40246,0.00225,0.00144
21.10.2025 14:42:44.576 UTC,1.40256,1.40245,0.0012,0.00132
21.10.2025 14:42:44.730 UTC,1.40258,1.40245,0.0018,0.0012
21.10.2025 14:42:44.831 UTC,1.40258,1.40245,0.00135,0.0012
21.10.2025 14:42:45.085 UTC,1.40257,1.40246,0.0018,0.0012
21.10.2025 14:42:47.164 UTC,1.40259,1.40245,0.00249,0.00144
21.10.2025 14:42:49.582 UTC,1.40258,1.40246,0.00234,0.00132
21.10.2025 14:42:50.438 UTC,1.4026,1.40247,0.0012,0.00282
21.10.2025 14:42:50.592 UTC,1.40262,1.40248,0.00135,0.00144
21.10.2025 14:42:51.049 UTC,1.40262,1.40248,0.00135,0.00192
21.10.2025 14:42:52.518 UTC,1.40262,1.40248,0.0018,0.00249
21.10.2025 14:42:54.323 UTC,1.40262,1.40248,0.00135,0.00294
21.10.2025 14:42:54.828 UTC,1.40262,1.40248,0.0018,0.00294
21.10.2025 14:42:54.930 UTC,1.40261,1.4025,0.00135,0.0012
21.10.2025 14:42:55.033 UTC,1.40262,1.40248,0.0018,0.00297
21.10.2025 14:42:55.286 UTC,1.40262,1.40249,0.00135,0.00132
21.10.2025 14:42:56.853 UTC,1.40261,1.40249,0.00192,0.00297
21.10.2025 14:42:57.306 UTC,1.40262,1.40249,0.00144,0.00132
21.10.2025 14:42:57.409 UTC,1.40261,1.40249,0.00192,0.00297
21.10.2025 14:42:58.066 UTC,1.40258,1.40248,0.00264,0.0018
21.10.2025 14:42:58.118 UTC,1.40258,1.40246,0.00144,0.0012
21.10.2025 14:42:58.221 UTC,1.40258,1.40246,0.00132,0.00135
21.10.2025 14:42:58.325 UTC,1.40261,1.40248,0.00144,0.00135
21.10.2025 14:42:58.429 UTC,1.4026,1.40249,0.00156,0.0012
21.10.2025 14:42:58.531 UTC,1.4026,1.40249,0.00144,0.0012
21.10.2025 14:42:58.634 UTC,1.40261,1.40248,0.00144,0.0018
21.10.2025 14:42:59.144 UTC,1.40261,1.4025,0.00243,0.00135
21.10.2025 14:42:59.248 UTC,1.40263,1.40251,0.0012,0.0018
21.10.2025 14:42:59.351 UTC,1.40264,1.40251,0.00234,0.0024
21.10.2025 14:42:59.606 UTC,1.40263,1.40251,0.0012,0.0018
21.10.2025 14:42:59.810 UTC,1.40262,1.40251,0.0012,0.0018
21.10.2025 14:42:59.913 UTC,1.40262,1.4025,0.00132,0.0018
21.10.2025 14:43:00.016 UTC,1.40261,1.4025,0.00201,0.0024
21.10.2025 14:43:00.118 UTC,1.40262,1.40249,0.00201,0.00225
21.10.2025 14:43:00.323 UTC,1.40261,1.4025,0.00144,0.00225
21.10.2025 14:43:00.374 UTC,1.40262,1.40249,0.00144,0.0024
21.10.2025 14:43:00.774 UTC,1.40261,1.4025,0.00132,0.0027
21.10.2025 14:43:00.929 UTC,1.40261,1.4025,0.00234,0.00135
21.10.2025 14:43:01.032 UTC,1.40263,1.4025,0.00327,0.0012
21.10.2025 14:43:01.137 UTC,1.40264,1.40251,0.00324,0.00135
21.10.2025 14:43:01.241 UTC,1.40262,1.40251,0.0012,0.00135
21.10.2025 14:43:02.355 UTC,1.40263,1.40251,0.00132,0.0018
21.10.2025 14:43:02.459 UTC,1.40267,1.40256,0.00195,0.0012
21.10.2025 14:43:02.563 UTC,1.40267,1.40258,0.0018,0.0012
21.10.2025 14:43:03.478 UTC,1.40266,1.40258,0.0018,0.0012
21.10.2025 14:43:05.253 UTC,1.40267,1.40255,0.00192,0.0018
21.10.2025 14:43:05.557 UTC,1.40266,1.40254,0.00147,0.00195
21.10.2025 14:43:05.660 UTC,1.40266,1.40252,0.00372,0.00375
21.10.2025 14:43:06.221 UTC,1.40263,1.40251,0.0012,0.0024
21.10.2025 14:43:06.273 UTC,1.40263,1.40251,0.0012,0.00225
21.10.2025 14:43:06.577 UTC,1.40264,1.40251,0.00132,0.00375
21.10.2025 14:43:06.830 UTC,1.40264,1.40251,0.00132,0.00315
21.10.2025 14:43:06.933 UTC,1.40266,1.40252,0.00372,0.00135
21.10.2025 14:43:07.036 UTC,1.40267,1.40254,0.00474,0.00225
21.10.2025 14:43:07.139 UTC,1.40267,1.40255,0.00429,0.0012
21.10.2025 14:43:07.692 UTC,1.40267,1.40257,0.0018,0.00135
21.10.2025 14:43:07.797 UTC,1.40269,1.40259,0.0012,0.0033
21.10.2025 14:43:07.900 UTC,1.40272,1.40259,0.00192,0.00135
21.10.2025 14:43:08.508 UTC,1.4027,1.40257,0.0012,0.00375
21.10.2025 14:43:11.129 UTC,1.40271,1.40259,0.0018,0.0018
21.10.2025 14:43:11.181 UTC,1.40266,1.4026,0.0012,0.00135
21.10.2025 14:43:11.790 UTC,1.40267,1.40258,0.0012,0.0024
21.10.2025 14:43:11.994 UTC,1.40267,1.40258,0.0012,0.00195
21.10.2025 14:43:12.501 UTC,1.40271,1.4026,0.0012,0.0012
21.10.2025 14:43:14.570 UTC,1.40273,1.4026,0.00279,0.00285
21.10.2025 14:43:14.673 UTC,1.40273,1.40263,0.00189,0.0012
21.10.2025 14:43:14.824 UTC,1.40273,1.40259,0.00282,0.00285
21.10.2025 14:43:15.438 UTC,1.40273,1.40261,0.00189,0.00135
21.10.2025 14:43:15.591 UTC,1.40273,1.4026,0.00282,0.0024
21.10.2025 14:43:15.856 UTC,1.40273,1.4026,0.00279,0.0024
21.10.2025 14:43:16.311 UTC,1.40273,1.4026,0.00327,0.00285
21.10.2025 14:43:16.714 UTC,1.40272,1.40261,0.00324,0.00285
21.10.2025 14:43:17.724 UTC,1.40273,1.4026,0.00327,0.00195
21.10.2025 14:43:18.130 UTC,1.40273,1.40261,0.00324,0.00135
21.10.2025 14:43:18.234 UTC,1.40274,1.40261,0.0027,0.00369
21.10.2025 14:43:18.337 UTC,1.40274,1.40261,0.00189,0.0042
21.10.2025 14:43:18.491 UTC,1.40273,1.40261,0.0012,0.0018
21.10.2025 14:43:18.594 UTC,1.40272,1.4026,0.0012,0.00195
21.10.2025 14:43:19.305 UTC,1.40273,1.4026,0.00279,0.00375
21.10.2025 14:43:20.928 UTC,1.40273,1.4026,0.00339,0.00225
21.10.2025 14:43:21.030 UTC,1.40272,1.40261,0.00324,0.00225
21.10.2025 14:43:21.133 UTC,1.40271,1.4026,0.00189,0.00195
21.10.2025 14:43:21.185 UTC,1.40271,1.40258,0.00225,0.00135
21.10.2025 14:43:21.750 UTC,1.40269,1.40257,0.00135,0.0018
21.10.2025 14:43:21.856 UTC,1.40267,1.40256,0.0012,0.0012
21.10.2025 14:43:21.959 UTC,1.40267,1.40255,0.0012,0.0012
21.10.2025 14:43:22.063 UTC,1.40265,1.40254,0.0012,0.00384
21.10.2025 14:43:24.049 UTC,1.40266,1.40253,0.00135,0.00375
21.10.2025 14:43:24.154 UTC,1.40265,1.40253,0.0018,0.0012
21.10.2025 14:43:24.206 UTC,1.40264,1.40251,0.0018,0.00285
21.10.2025 14:43:24.310 UTC,1.40263,1.40251,0.0012,0.00225
21.10.2025 14:43:24.565 UTC,1.40263,1.40252,0.00225,0.00135
21.10.2025 14:43:24.670 UTC,1.40264,1.40252,0.0012,0.00135
21.10.2025 14:43:24.773 UTC,1.40264,1.40254,0.0012,0.00135
21.10.2025 14:43:24.877 UTC,1.40264,1.40254,0.0012,0.0018
21.10.2025 14:43:27.607 UTC,1.40266,1.40254,0.0012,0.0012
21.10.2025 14:43:32.519 UTC,1.40266,1.40254,0.0012,0.00195
21.10.2025 14:43:32.672 UTC,1.40266,1.40254,0.0012,0.0018
21.10.2025 14:43:32.979 UTC,1.40266,1.40253,0.00237,0.00285
21.10.2025 14:43:33.136 UTC,1.40265,1.40252,0.00132,0.00195
21.10.2025 14:43:33.341 UTC,1.40265,1.40255,0.00189,0.00135
21.10.2025 14:43:36.325 UTC,1.40266,1.40254,0.0012,0.0012
21.10.2025 14:43:36.529 UTC,1.40267,1.40254,0.00132,0.00375
21.10.2025 14:43:37.388 UTC,1.40268,1.40258,0.0012,0.0012
21.10.2025 14:43:37.491 UTC,1.40269,1.40259,0.0012,0.0012
21.10.2025 14:43:38.148 UTC,1.40269,1.4026,0.0012,0.0012
21.10.2025 14:43:41.127 UTC,1.40269,1.40258,0.0012,0.0012
21.10.2025 14:43:41.281 UTC,1.40269,1.40258,0.0012,0.0027
21.10.2025 14:43:41.636 UTC,1.40269,1.40258,0.0012,0.00285
21.10.2025 14:43:45.207 UTC,1.40269,1.40259,0.0012,0.00285
21.10.2025 14:43:45.865 UTC,1.40269,1.40261,0.0012,0.0012
21.10.2025 14:43:45.969 UTC,1.40274,1.40261,0.00324,0.0018
21.10.2025 14:43:46.174 UTC,1.40275,1.40262,0.00324,0.00225
21.10.2025 14:43:46.276 UTC,1.40274,1.40262,0.0012,0.00135
21.10.2025 14:43:49.251 UTC,1.40273,1.40262,0.0012,0.00135
21.10.2025 14:43:49.476 UTC,1.40272,1.40259,0.00225,0.00294
21.10.2025 14:43:49.530 UTC,1.40271,1.4026,0.00225,0.00279
21.10.2025 14:43:49.582 UTC,1.40273,1.40262,0.00432,0.0012
21.10.2025 14:43:50.596 UTC,1.40274,1.40261,0.00324,0.0018
21.10.2025 14:43:51.403 UTC,1.40274,1.40261,0.00279,0.00195
21.10.2025 14:43:51.956 UTC,1.40274,1.40261,0.00324,0.0018
21.10.2025 14:43:52.109 UTC,1.40274,1.40261,0.00279,0.00195
21.10.2025 14:43:52.211 UTC,1.40272,1.40262,0.0012,0.0018
21.10.2025 14:43:52.921 UTC,1.40273,1.40261,0.0012,0.00195
21.10.2025 14:43:53.730 UTC,1.40273,1.40261,0.00135,0.00135
21.10.2025 14:43:53.984 UTC,1.40271,1.40262,0.0012,0.00135
21.10.2025 14:43:54.138 UTC,1.40272,1.4026,0.00225,0.0012
21.10.2025 14:43:56.907 UTC,1.40273,1.40261,0.0012,0.00144
21.10.2025 14:43:57.015 UTC,1.40276,1.40272,0.0012,0.0012
21.10.2025 14:43:57.071 UTC,1.40284,1.40273,0.0027,0.00249
21.10.2025 14:43:57.174 UTC,1.40286,1.40273,0.00132,0.0024
21.10.2025 14:43:57.328 UTC,1.40285,1.40273,0.00132,0.0018
21.10.2025 14:43:57.430 UTC,1.40285,1.40274,0.00189,0.0018
21.10.2025 14:43:57.582 UTC,1.40285,1.40273,0.00132,0.0018
21.10.2025 14:43:57.937 UTC,1.40284,1.40273,0.0012,0.0018
21.10.2025 14:43:58.039 UTC,1.40283,1.40273,0.0012,0.00135
21.10.2025 14:44:00.361 UTC,1.40281,1.40271,0.00135,0.0018
21.10.2025 14:44:00.413 UTC,1.40277,1.40267,0.00189,0.0012
21.10.2025 14:44:01.679 UTC,1.40276,1.40266,0.0012,0.0018
21.10.2025 14:44:02.084 UTC,1.40275,1.40264,0.00237,0.0018
21.10.2025 14:44:02.187 UTC,1.40274,1.40264,0.00132,0.00135
21.10.2025 14:44:03.804 UTC,1.40273,1.40264,0.0012,0.00135
21.10.2025 14:44:04.261 UTC,1.40276,1.40263,0.00342,0.00135
21.10.2025 14:44:04.363 UTC,1.40276,1.40263,0.00315,0.0024
21.10.2025 14:44:04.466 UTC,1.40275,1.40263,0.00132,0.0012
21.10.2025 14:44:04.775 UTC,1.40274,1.40264,0.00192,0.00135
21.10.2025 14:44:09.952 UTC,1.40274,1.40264,0.00135,0.00135
21.10.2025 14:44:10.056 UTC,1.40275,1.40264,0.00324,0.00135
21.10.2025 14:44:10.158 UTC,1.40276,1.40263,0.00327,0.00135
21.10.2025 14:44:10.563 UTC,1.40273,1.40264,0.0012,0.00135
21.10.2025 14:44:12.435 UTC,1.40277,1.40264,0.00327,0.00135
21.10.2025 14:44:12.540 UTC,1.40277,1.40264,0.00324,0.00135
21.10.2025 14:44:12.743 UTC,1.40277,1.40264,0.00327,0.0018
21.10.2025 14:44:13.853 UTC,1.40277,1.40267,0.0027,0.0012
21.10.2025 14:44:13.956 UTC,1.40277,1.40267,0.0012,0.0024
21.10.2025 14:44:14.212 UTC,1.40278,1.40266,0.00249,0.0012
21.10.2025 14:44:14.366 UTC,1.40278,1.40265,0.00339,0.00135
21.10.2025 14:44:14.485 UTC,1.40278,1.40265,0.00324,0.0018
21.10.2025 14:44:14.791 UTC,1.40276,1.40265,0.00324,0.00225
21.10.2025 14:44:14.894 UTC,1.40277,1.40265,0.00132,0.00225
21.10.2025 14:44:15.558 UTC,1.40275,1.40265,0.00132,0.00135
21.10.2025 14:44:16.837 UTC,1.40274,1.40264,0.00135,0.0018
21.10.2025 14:44:16.940 UTC,1.40273,1.40264,0.0012,0.00135
21.10.2025 14:44:17.245 UTC,1.40275,1.40263,0.00234,0.00135
21.10.2025 14:44:17.750 UTC,1.40275,1.40263,0.00249,0.00135
21.10.2025 14:44:19.008 UTC,1.40275,1.40263,0.00234,0.00135
21.10.2025 14:44:19.460 UTC,1.40275,1.40263,0.00249,0.00135
21.10.2025 14:44:20.765 UTC,1.40274,1.40264,0.00234,0.00135
21.10.2025 14:44:20.868 UTC,1.40277,1.40265,0.00144,0.0012
21.10.2025 14:44:21.022 UTC,1.40278,1.40265,0.00279,0.0027
21.10.2025 14:44:21.124 UTC,1.40278,1.40265,0.00192,0.00285
21.10.2025 14:44:23.907 UTC,1.40279,1.40267,0.00192,0.0012
21.10.2025 14:44:23.959 UTC,1.4028,1.40267,0.00234,0.0012
21.10.2025 14:44:24.165 UTC,1.4028,1.40267,0.00144,0.0024
21.10.2025 14:44:24.719 UTC,1.4028,1.40267,0.00144,0.00225
21.10.2025 14:44:24.823 UTC,1.40279,1.40268,0.00144,0.0024
21.10.2025 14:44:24.926 UTC,1.40281,1.40269,0.00144,0.0012
21.10.2025 14:44:26.045 UTC,1.40281,1.40269,0.00132,0.00285
21.10.2025 14:44:27.358 UTC,1.40282,1.40269,0.00414,0.00285
21.10.2025 14:44:28.423 UTC,1.40281,1.40272,0.0012,0.00225
21.10.2025 14:44:28.576 UTC,1.40282,1.40271,0.0012,0.0018
21.10.2025 14:44:30.294 UTC,1.40282,1.40273,0.0012,0.00189
21.10.2025 14:44:30.347 UTC,1.40284,1.40273,0.00234,0.00375
21.10.2025 14:44:30.450 UTC,1.40282,1.40272,0.0012,0.0018
21.10.2025 14:44:31.413 UTC,1.40282,1.40271,0.0027,0.0012
21.10.2025 14:44:33.125 UTC,1.40282,1.4027,0.00315,0.00135
21.10.2025 14:44:33.535 UTC,1.40282,1.4027,0.0018,0.0024
21.10.2025 14:44:34.145 UTC,1.40281,1.40271,0.00315,0.0018
21.10.2025 14:44:34.299 UTC,1.40281,1.40272,0.0018,0.0012
21.10.2025 14:44:34.403 UTC,1.40282,1.40271,0.0012,0.00195
21.10.2025 14:44:34.557 UTC,1.40282,1.40272,0.0012,0.00339
21.10.2025 14:44:34.659 UTC,1.40285,1.40272,0.0099,0.00384
21.10.2025 14:44:36.828 UTC,1.40284,1.40273,0.00225,0.00249
21.10.2025 14:44:37.284 UTC,1.40283,1.40273,0.0012,0.0018
21.10.2025 14:44:39.820 UTC,1.40286,1.40273,0.0027,0.0027
21.10.2025 14:44:39.923 UTC,1.40287,1.40274,0.00135,0.00285
21.10.2025 14:44:40.531 UTC,1.40285,1.40274,0.00327,0.0018
21.10.2025 14:44:40.633 UTC,1.40284,1.40272,0.0012,0.0018
21.10.2025 14:44:40.838 UTC,1.40285,1.40272,0.00324,0.0018
21.10.2025 14:44:40.940 UTC,1.40284,1.40273,0.00324,0.0018
21.10.2025 14:44:41.393 UTC,1.40284,1.40271,0.00234,0.0018
21.10.2025 14:44:41.546 UTC,1.40282,1.40272,0.0012,0.0018
21.10.2025 14:44:43.665 UTC,1.40284,1.40271,0.00189,0.0024
21.10.2025 14:44:43.818 UTC,1.40284,1.40271,0.00189,0.00285
21.10.2025 14:44:44.123 UTC,1.40284,1.40273,0.00189,0.0024
21.10.2025 14:44:44.227 UTC,1.40286,1.40275,0.0012,0.00225
21.10.2025 14:44:44.330 UTC,1.40288,1.40276,0.0018,0.00135
21.10.2025 14:44:44.483 UTC,1.40287,1.40278,0.0018,0.0018
21.10.2025 14:44:45.346 UTC,1.40288,1.40278,0.0018,0.00225
21.10.2025 14:44:45.499 UTC,1.40291,1.40278,0.00189,0.00285
21.10.2025 14:44:48.269 UTC,1.40287,1.40279,0.0018,0.0018
21.10.2025 14:44:50.539 UTC,1.4029,1.40277,0.00324,0.00285
21.10.2025 14:44:51.710 UTC,1.4029,1.40279,0.0012,0.00297
21.10.2025 14:44:51.815 UTC,1.40293,1.40279,0.00324,0.00339
21.10.2025 14:44:51.919 UTC,1.40293,1.4028,0.00324,0.0012
21.10.2025 14:44:52.225 UTC,1.40291,1.4028,0.00132,0.00285
21.10.2025 14:44:53.184 UTC,1.40291,1.40281,0.00132,0.0012
21.10.2025 14:44:57.764 UTC,1.40292,1.40279,0.00144,0.0024
21.10.2025 14:44:58.071 UTC,1.4029,1.40277,0.00135,0.00285
21.10.2025 14:44:59.133 UTC,1.40291,1.40278,0.00324,0.0012
21.10.2025 14:44:59.237 UTC,1.40292,1.40279,0.00339,0.0012
21.10.2025 14:44:59.339 UTC,1.40292,1.40279,0.00339,0.0018
21.10.2025 14:44:59.492 UTC,1.40292,1.40279,0.00324,0.0018
21.10.2025 14:45:00.097 UTC,1.4029,1.40278,0.0018,0.0018
21.10.2025 14:45:00.200 UTC,1.40284,1.40274,0.0012,0.00375
21.10.2025 14:45:00.349 UTC,1.40285,1.40274,0.00279,0.0018
21.10.2025 14:45:00.458 UTC,1.40284,1.40274,0.0012,0.0018
21.10.2025 14:45:01.971 UTC,1.40284,1.40272,0.0012,0.0018
21.10.2025 14:45:03.131 UTC,1.40284,1.40271,0.0018,0.0024
21.10.2025 14:45:06.314 UTC,1.40285,1.40273,0.0012,0.0018
21.10.2025 14:45:06.417 UTC,1.40286,1.40274,0.0012,0.00135
21.10.2025 14:45:07.164 UTC,1.40285,1.40274,0.0012,0.00135
21.10.2025 14:45:07.318 UTC,1.40284,1.40272,0.0012,0.00285
21.10.2025 14:45:07.824 UTC,1.40284,1.40273,0.00135,0.00384
21.10.2025 14:45:08.079 UTC,1.40285,1.40275,0.0012,0.0012
21.10.2025 14:45:09.904 UTC,1.40287,1.40275,0.0012,0.00135
21.10.2025 14:45:10.008 UTC,1.40286,1.40273,0.0012,0.00375
21.10.2025 14:45:10.263 UTC,1.40287,1.40275,0.0018,0.00207
21.10.2025 14:45:10.368 UTC,1.40291,1.40279,0.0012,0.0018
21.10.2025 14:45:10.472 UTC,1.40291,1.40279,0.0012,0.00135
21.10.2025 14:45:10.576 UTC,1.40292,1.40279,0.0018,0.0033
21.10.2025 14:45:11.340 UTC,1.40294,1.40281,0.0012,0.00324
21.10.2025 14:45:11.443 UTC,1.40293,1.40282,0.0012,0.00339
21.10.2025 14:45:11.800 UTC,1.40292,1.40282,0.0012,0.0024
21.10.2025 14:45:12.057 UTC,1.40292,1.40281,0.0012,0.0024
21.10.2025 14:45:12.411 UTC,1.40291,1.4028,0.0012,0.00294
21.10.2025 14:45:16.614 UTC,1.40293,1.40284,0.0012,0.0018
21.10.2025 14:45:16.717 UTC,1.40296,1.40284,0.0018,0.00135
21.10.2025 14:45:16.821 UTC,1.40295,1.40284,0.0018,0.00294
21.10.2025 14:45:18.801 UTC,1.40297,1.40287,0.0033,0.0012
21.10.2025 14:45:18.853 UTC,1.40301,1.40288,0.0027,0.00225
21.10.2025 14:45:18.904 UTC,1.40296,1.40289,0.0027,0.00225
21.10.2025 14:45:19.312 UTC,1.40297,1.40289,0.0027,0.0018
21.10.2025 14:45:19.365 UTC,1.40303,1.4029,0.0018,0.00225
21.10.2025 14:45:19.417 UTC,1.40303,1.4029,0.0018,0.0024
21.10.2025 14:45:19.696 UTC,1.40301,1.4029,0.0018,0.0024
21.10.2025 14:45:20.014 UTC,1.40307,1.40295,0.0015,0.0018
21.10.2025 14:45:20.069 UTC,1.40305,1.40292,0.0027,0.0012
21.10.2025 14:45:20.172 UTC,1.40304,1.40292,0.0012,0.0018
21.10.2025 14:45:20.275 UTC,1.40305,1.40292,0.00315,0.0018
21.10.2025 14:45:20.378 UTC,1.40303,1.40293,0.00135,0.0018
21.10.2025 14:45:20.839 UTC,1.40303,1.4029,0.0012,0.0018
21.10.2025 14:45:21.146 UTC,1.403,1.40289,0.0027,0.00285
21.10.2025 14:45:21.248 UTC,1.40299,1.4029,0.0027,0.00285
21.10.2025 14:45:22.361 UTC,1.403,1.4029,0.0027,0.00195
21.10.2025 14:45:22.616 UTC,1.403,1.40289,0.0027,0.00375
21.10.2025 14:45:22.872 UTC,1.403,1.4029,0.0027,0.0012
21.10.2025 14:45:23.531 UTC,1.40302,1.4029,0.0018,0.00195
21.10.2025 14:45:25.870 UTC,1.40302,1.40289,0.00315,0.0024
21.10.2025 14:45:26.072 UTC,1.403,1.4029,0.00135,0.0018
21.10.2025 14:45:26.128 UTC,1.40299,1.40286,0.0012,0.00474
21.10.2025 14:45:26.738 UTC,1.40301,1.40287,0.0024,0.00339
21.10.2025 14:45:26.841 UTC,1.40301,1.40288,0.0012,0.0018
21.10.2025 14:45:27.804 UTC,1.403,1.40289,0.0012,0.00285
21.10.2025 14:45:29.479 UTC,1.40302,1.4029,0.0027,0.0012
21.10.2025 14:45:29.685 UTC,1.40302,1.40291,0.0012,0.00192
21.10.2025 14:45:29.738 UTC,1.40306,1.40293,0.00202,0.0018
21.10.2025 14:45:29.841 UTC,1.40305,1.40293,0.0012,0.00195
21.10.2025 14:45:29.948 UTC,1.40307,1.40294,0.0018,0.0018
21.10.2025 14:45:30.051 UTC,1.40307,1.40295,0.0012,0.00135
21.10.2025 14:45:30.156 UTC,1.40307,1.40297,0.0012,0.0018
21.10.2025 14:45:30.361 UTC,1.40306,1.40295,0.0012,0.00294
21.10.2025 14:45:30.873 UTC,1.40306,1.40296,0.0012,0.00294
21.10.2025 14:45:30.977 UTC,1.40308,1.40296,0.0018,0.00135
21.10.2025 14:45:31.081 UTC,1.40306,1.40293,0.0018,0.00285
21.10.2025 14:45:31.132 UTC,1.40306,1.40293,0.00135,0.0024
21.10.2025 14:45:31.490 UTC,1.40304,1.40292,0.0018,0.0018
21.10.2025 14:45:31.594 UTC,1.40303,1.40291,0.0027,0.0024
21.10.2025 14:45:31.717 UTC,1.40302,1.40292,0.0018,0.0024
21.10.2025 14:45:32.793 UTC,1.40301,1.40292,0.0012,0.0024
21.10.2025 14:45:32.947 UTC,1.40302,1.40291,0.0027,0.00225
21.10.2025 14:45:33.100 UTC,1.40301,1.40291,0.0012,0.00225
21.10.2025 14:45:33.708 UTC,1.40302,1.40291,0.0018,0.00225
21.10.2025 14:45:33.861 UTC,1.40302,1.40291,0.0012,0.0024
21.10.2025 14:45:34.624 UTC,1.40304,1.40292,0.0012,0.00279
21.10.2025 14:45:34.980 UTC,1.40304,1.40292,0.0012,0.00285
21.10.2025 14:45:35.083 UTC,1.40302,1.40292,0.0012,0.00375
21.10.2025 14:45:35.540 UTC,1.40304,1.40293,0.0012,0.0012
21.10.2025 14:45:35.643 UTC,1.40307,1.40295,0.0012,0.0012
21.10.2025 14:45:35.797 UTC,1.40307,1.40295,0.0012,0.0018
21.10.2025 14:45:35.849 UTC,1.40309,1.40297,0.00236,0.0012
21.10.2025 14:45:35.952 UTC,1.40308,1.40296,0.0018,0.0018
21.10.2025 14:45:36.054 UTC,1.40307,1.40297,0.0018,0.0018
21.10.2025 14:45:37.065 UTC,1.40308,1.40297,0.0012,0.0018
21.10.2025 14:45:37.168 UTC,1.40309,1.40297,0.00146,0.00195
21.10.2025 14:45:39.240 UTC,1.40308,1.40298,0.00146,0.0018
21.10.2025 14:45:39.695 UTC,1.40308,1.40295,0.0012,0.00294
21.10.2025 14:45:40.150 UTC,1.40309,1.40295,0.00245,0.00384
21.10.2025 14:45:40.355 UTC,1.40307,1.40294,0.0018,0.00285
21.10.2025 14:45:40.459 UTC,1.40306,1.40293,0.0027,0.00285
21.10.2025 14:45:41.828 UTC,1.40302,1.40291,0.00132,0.0033
21.10.2025 14:45:41.983 UTC,1.40301,1.40291,0.0012,0.0018
21.10.2025 14:45:43.655 UTC,1.403,1.40289,0.0012,0.00339
21.10.2025 14:45:43.758 UTC,1.40301,1.40288,0.0012,0.00249
21.10.2025 14:45:45.674 UTC,1.403,1.40289,0.0024,0.0024
21.10.2025 14:45:45.781 UTC,1.40299,1.40287,0.0012,0.0024
21.10.2025 14:45:45.833 UTC,1.40298,1.40287,0.0012,0.0012
21.10.2025 14:45:45.937 UTC,1.40298,1.40286,0.00189,0.00135
21.10.2025 14:45:46.039 UTC,1.40298,1.40286,0.00189,0.0018
21.10.2025 14:45:46.192 UTC,1.40297,1.40285,0.0012,0.0024
21.10.2025 14:45:47.913 UTC,1.40298,1.40286,0.0012,0.00225
21.10.2025 14:45:48.016 UTC,1.40297,1.40287,0.0012,0.0018
21.10.2025 14:45:50.948 UTC,1.40297,1.40284,0.00132,0.00375
21.10.2025 14:45:51.001 UTC,1.40292,1.40284,0.0027,0.0012
21.10.2025 14:45:51.105 UTC,1.40289,1.40284,0.0012,0.0012
21.10.2025 14:45:51.563 UTC,1.40292,1.40283,0.0012,0.0012
21.10.2025 14:45:52.324 UTC,1.4029,1.40284,0.0012,0.0012
21.10.2025 14:45:52.881 UTC,1.40289,1.40284,0.0012,0.0012
21.10.2025 14:45:54.202 UTC,1.40291,1.40283,0.0012,0.0012
21.10.2025 14:45:56.075 UTC,1.40289,1.40284,0.0012,0.0012
21.10.2025 14:45:56.585 UTC,1.40289,1.40277,0.0012,0.00294
21.10.2025 14:45:57.143 UTC,1.40288,1.40279,0.0012,0.00195
21.10.2025 14:45:57.850 UTC,1.4029,1.40283,0.0012,0.0012
21.10.2025 14:45:58.544 UTC,1.40289,1.4028,0.0012,0.0012
21.10.2025 14:45:59.112 UTC,1.40287,1.40277,0.0012,0.00429
21.10.2025 14:45:59.268 UTC,1.40287,1.40277,0.00135,0.0024
21.10.2025 14:45:59.628 UTC,1.40288,1.40276,0.00225,0.0018
21.10.2025 14:45:59.731 UTC,1.40286,1.40273,0.0012,0.00474
21.10.2025 14:45:59.782 UTC,1.40285,1.40274,0.0018,0.00474
21.10.2025 14:46:00.240 UTC,1.40285,1.40273,0.00135,0.0024
21.10.2025 14:46:00.293 UTC,1.40282,1.40273,0.0012,0.00135
21.10.2025 14:46:00.396 UTC,1.40284,1.40273,0.0012,0.0018
21.10.2025 14:46:01.109 UTC,1.40282,1.40274,0.0012,0.0018
21.10.2025 14:46:01.974 UTC,1.40283,1.40273,0.0018,0.0012
21.10.2025 14:46:02.127 UTC,1.40282,1.40273,0.0012,0.0012
21.10.2025 14:46:02.231 UTC,1.40281,1.40273,0.0012,0.0012
21.10.2025 14:46:02.435 UTC,1.40279,1.40274,0.0012,0.0012
21.10.2025 14:46:02.997 UTC,1.40278,1.40268,0.0012,0.00195
21.10.2025 14:46:03.100 UTC,1.40278,1.40268,0.0012,0.0018
21.10.2025 14:46:03.611 UTC,1.40277,1.40266,0.0012,0.00297
21.10.2025 14:46:03.713 UTC,1.40278,1.40265,0.0012,0.0024
21.10.2025 14:46:03.869 UTC,1.40278,1.40268,0.0012,0.00225
21.10.2025 14:46:04.055 UTC,1.40279,1.40267,0.0012,0.0024
21.10.2025 14:46:04.666 UTC,1.40277,1.40267,0.0012,0.0018
21.10.2025 14:46:07.138 UTC,1.40277,1.40265,0.0012,0.00195
21.10.2025 14:46:07.242 UTC,1.40277,1.40267,0.00135,0.0018
21.10.2025 14:46:07.345 UTC,1.40278,1.40266,0.0012,0.00249
21.10.2025 14:46:07.447 UTC,1.40277,1.40267,0.0012,0.00294
21.10.2025 14:46:08.007 UTC,1.40279,1.40267,0.0012,0.0018
21.10.2025 14:46:08.111 UTC,1.40278,1.40269,0.0012,0.0012
21.10.2025 14:46:08.419 UTC,1.40278,1.40266,0.0012,0.0018
21.10.2025 14:46:08.573 UTC,1.40278,1.40266,0.0012,0.0024
21.10.2025 14:46:08.675 UTC,1.40278,1.40267,0.0012,0.0018
21.10.2025 14:46:09.081 UTC,1.40278,1.40267,0.0012,0.0012
21.10.2025 14:46:10.253 UTC,1.40278,1.40267,0.0012,0.00195
21.10.2025 14:46:10.506 UTC,1.40278,1.40273,0.0012,0.0012
21.10.2025 14:46:11.171 UTC,1.40278,1.40265,0.0018,0.00384
21.10.2025 14:46:11.424 UTC,1.40278,1.40266,0.0012,0.0018
21.10.2025 14:46:11.629 UTC,1.40277,1.40265,0.0012,0.0024
21.10.2025 14:46:11.781 UTC,1.40276,1.40266,0.0012,0.0024
21.10.2025 14:46:12.186 UTC,1.40276,1.40263,0.0012,0.00204
21.10.2025 14:46:12.443 UTC,1.40277,1.40265,0.00135,0.00135
21.10.2025 14:46:12.496 UTC,1.40277,1.40272,0.0012,0.0027
21.10.2025 14:46:12.650 UTC,1.40278,1.40266,0.0012,0.0018
21.10.2025 14:46:13.511 UTC,1.40279,1.40267,0.0012,0.0027
21.10.2025 14:46:13.665 UTC,1.40279,1.40267,0.0012,0.00294
21.10.2025 14:46:13.869 UTC,1.4028,1.40268,0.0012,0.0012
21.10.2025 14:46:14.276 UTC,1.40281,1.40269,0.0012,0.00195
21.10.2025 14:46:14.379 UTC,1.40282,1.40269,0.0027,0.00285
21.10.2025 14:46:14.482 UTC,1.40282,1.40269,0.0018,0.0033
21.10.2025 14:46:17.271 UTC,1.40281,1.40272,0.0018,0.0018
21.10.2025 14:46:18.365 UTC,1.40282,1.40269,0.0027,0.00195
21.10.2025 14:46:19.029 UTC,1.40282,1.4027,0.0012,0.00195
21.10.2025 14:46:19.538 UTC,1.40284,1.40272,0.0027,0.00189
21.10.2025 14:46:19.640 UTC,1.40284,1.40272,0.0018,0.00204
21.10.2025 14:46:19.793 UTC,1.40282,1.40272,0.0012,0.0012
21.10.2025 14:46:19.895 UTC,1.40283,1.40271,0.0012,0.0012
21.10.2025 14:46:20.049 UTC,1.40282,1.40271,0.0024,0.00192
21.10.2025 14:46:20.151 UTC,1.40283,1.4027,0.00225,0.00192
21.10.2025 14:46:20.254 UTC,1.40281,1.40271,0.0012,0.00192
21.10.2025 14:46:22.075 UTC,1.40281,1.40269,0.0012,0.0018
21.10.2025 14:46:22.280 UTC,1.4028,1.40268,0.0012,0.0018
21.10.2025 14:46:22.332 UTC,1.4028,1.40268,0.0012,0.00135
21.10.2025 14:46:22.790 UTC,1.40278,1.40267,0.0012,0.0024
21.10.2025 14:46:23.197 UTC,1.40278,1.40266,0.00279,0.0018
21.10.2025 14:46:23.606 UTC,1.40278,1.40266,0.0012,0.00315
21.10.2025 14:46:23.708 UTC,1.40278,1.40266,0.0012,0.0024
21.10.2025 14:46:24.117 UTC,1.40277,1.40266,0.0018,0.0018
21.10.2025 14:46:24.220 UTC,1.40277,1.40266,0.00315,0.00135
21.10.2025 14:46:27.104 UTC,1.40275,1.40266,0.0012,0.0012
21.10.2025 14:46:27.209 UTC,1.40273,1.40266,0.0018,0.0012
21.10.2025 14:46:27.261 UTC,1.40272,1.40261,0.0018,0.00825
21.10.2025 14:46:27.366 UTC,1.40273,1.4026,0.0018,0.00825
21.10.2025 14:46:27.724 UTC,1.40272,1.40259,0.0012,0.00375
21.10.2025 14:46:27.776 UTC,1.40271,1.4026,0.0012,0.00375
21.10.2025 14:46:29.050 UTC,1.40271,1.40261,0.0012,0.0018
21.10.2025 14:46:30.519 UTC,1.40271,1.40261,0.0012,0.00285
21.10.2025 14:46:31.885 UTC,1.40272,1.4026,0.0012,0.00285
21.10.2025 14:46:33.873 UTC,1.4027,1.40258,0.0012,0.00195
21.10.2025 14:46:33.977 UTC,1.4027,1.40258,0.0012,0.00249
21.10.2025 14:46:34.081 UTC,1.40271,1.40259,0.0012,0.00204
21.10.2025 14:46:34.134 UTC,1.40274,1.40263,0.0018,0.00144
21.10.2025 14:46:34.236 UTC,1.40275,1.40262,0.0027,0.00249
21.10.2025 14:46:34.742 UTC,1.40275,1.40263,0.0012,0.00285
21.10.2025 14:46:34.895 UTC,1.40275,1.40263,0.0012,0.00195
21.10.2025 14:46:38.938 UTC,1.40274,1.40262,0.0012,0.0012
21.10.2025 14:46:39.042 UTC,1.40274,1.40263,0.0012,0.0012
21.10.2025 14:46:39.400 UTC,1.40273,1.4026,0.0018,0.00132
21.10.2025 14:46:39.506 UTC,1.40273,1.4026,0.0018,0.0012
21.10.2025 14:46:39.811 UTC,1.40272,1.40259,0.0018,0.00204
21.10.2025 14:46:41.332 UTC,1.4027,1.40259,0.0012,0.0018
21.10.2025 14:46:41.486 UTC,1.40269,1.40259,0.0012,0.0018
21.10.2025 14:46:41.589 UTC,1.40269,1.40258,0.0012,0.0018
21.10.2025 14:46:41.995 UTC,1.40268,1.40259,0.0012,0.0018
21.10.2025 14:46:42.555 UTC,1.40269,1.40259,0.0012,0.00135
21.10.2025 14:46:42.811 UTC,1.40268,1.40259,0.0012,0.00195
21.10.2025 14:46:42.915 UTC,1.40271,1.40259,0.0012,0.00294
21.10.2025 14:46:44.387 UTC,1.40271,1.40259,0.0012,0.00204
21.10.2025 14:46:44.490 UTC,1.40272,1.40261,0.0012,0.00195
21.10.2025 14:46:48.132 UTC,1.40274,1.40262,0.0012,0.0012
21.10.2025 14:46:48.235 UTC,1.40275,1.40262,0.00135,0.00384
21.10.2025 14:46:48.338 UTC,1.40275,1.40263,0.00135,0.0012
21.10.2025 14:46:50.558 UTC,1.40275,1.40264,0.00285,0.00285
21.10.2025 14:46:50.662 UTC,1.40274,1.4026,0.00225,0.00294
21.10.2025 14:46:50.764 UTC,1.40274,1.4026,0.0024,0.00192
21.10.2025 14:46:50.968 UTC,1.40272,1.4026,0.0012,0.0012
21.10.2025 14:46:51.426 UTC,1.40271,1.40258,0.0012,0.00294
21.10.2025 14:46:51.478 UTC,1.40271,1.40258,0.0012,0.00285
21.10.2025 14:47:01.794 UTC,1.40272,1.40259,0.00324,0.00195
21.10.2025 14:47:04.066 UTC,1.40272,1.40262,0.0012,0.00135
21.10.2025 14:47:04.118 UTC,1.40273,1.40262,0.00225,0.0018
21.10.2025 14:47:05.485 UTC,1.40272,1.40261,0.0012,0.00294
21.10.2025 14:47:05.640 UTC,1.40274,1.40262,0.0027,0.00132
21.10.2025 14:47:05.746 UTC,1.40273,1.40264,0.0012,0.0012
21.10.2025 14:47:06.256 UTC,1.40274,1.40263,0.0012,0.00297
21.10.2025 14:47:06.359 UTC,1.40274,1.40261,0.0018,0.00204
21.10.2025 14:47:07.368 UTC,1.40273,1.4026,0.0012,0.00192
21.10.2025 14:47:11.107 UTC,1.40271,1.4026,0.00135,0.00249
21.10.2025 14:47:11.262 UTC,1.40272,1.40259,0.0012,0.00384
21.10.2025 14:47:12.381 UTC,1.40271,1.40259,0.0018,0.00195
21.10.2025 14:47:12.484 UTC,1.40271,1.40258,0.0018,0.00195
21.10.2025 14:47:13.142 UTC,1.40271,1.40259,0.0012,0.0012
21.10.2025 14:47:16.985 UTC,1.40272,1.40259,0.00189,0.00285
21.10.2025 14:47:20.264 UTC,1.40271,1.4026,0.00132,0.0012
21.10.2025 14:47:20.368 UTC,1.40266,1.40257,0.00189,0.0012
21.10.2025 14:47:20.471 UTC,1.40265,1.40256,0.0012,0.00135
21.10.2025 14:47:20.676 UTC,1.40264,1.40256,0.0012,0.0012
21.10.2025 14:47:22.598 UTC,1.40265,1.40256,0.0012,0.0012
21.10.2025 14:47:22.702 UTC,1.40266,1.40256,0.0012,0.0012
21.10.2025 14:47:23.507 UTC,1.40267,1.40256,0.0012,0.00225
21.10.2025 14:47:23.559 UTC,1.40268,1.40257,0.00132,0.00225
21.10.2025 14:47:23.661 UTC,1.40269,1.40258,0.0012,0.0012
21.10.2025 14:47:25.074 UTC,1.40269,1.40259,0.00234,0.00135
21.10.2025 14:47:25.177 UTC,1.40269,1.40257,0.00135,0.0018
21.10.2025 14:47:25.280 UTC,1.40271,1.40259,0.00144,0.0012
21.10.2025 14:47:25.383 UTC,1.40266,1.40258,0.0012,0.0012
21.10.2025 14:47:25.435 UTC,1.40265,1.40257,0.0012,0.0012
21.10.2025 14:47:25.690 UTC,1.40266,1.40254,0.00189,0.0018
21.10.2025 14:47:25.843 UTC,1.40268,1.40255,0.00279,0.00225
21.10.2025 14:47:25.946 UTC,1.40268,1.40255,0.00279,0.0024
21.10.2025 14:47:26.807 UTC,1.40266,1.40254,0.00132,0.0018
21.10.2025 14:47:26.912 UTC,1.40266,1.40254,0.00237,0.00135
21.10.2025 14:47:27.321 UTC,1.40267,1.40255,0.0012,0.00135
21.10.2025 14:47:27.423 UTC,1.40267,1.40255,0.0012,0.0018
21.10.2025 14:47:31.717 UTC,1.40266,1.40255,0.00324,0.0018
21.10.2025 14:47:31.922 UTC,1.40267,1.40255,0.0018,0.0024
21.10.2025 14:47:32.633 UTC,1.40267,1.40257,0.00135,0.00135
21.10.2025 14:47:32.786 UTC,1.40268,1.40256,0.00135,0.0018
21.10.2025 14:47:32.941 UTC,1.4027,1.40259,0.00342,0.0012
21.10.2025 14:47:34.355 UTC,1.40269,1.40259,0.00192,0.00135
21.10.2025 14:47:34.508 UTC,1.4027,1.40258,0.00144,0.00135
21.10.2025 14:47:34.811 UTC,1.40269,1.40257,0.00225,0.0018
21.10.2025 14:47:34.967 UTC,1.40269,1.40257,0.00249,0.00135
21.10.2025 14:47:35.425 UTC,1.40269,1.40257,0.00225,0.00135
21.10.2025 14:47:35.783 UTC,1.4027,1.40257,0.00189,0.0027
21.10.2025 14:47:35.886 UTC,1.4027,1.40257,0.00249,0.00225
21.10.2025 14:47:36.694 UTC,1.40268,1.40258,0.0024,0.00135
21.10.2025 14:47:36.796 UTC,1.40269,1.40257,0.00225,0.00135
21.10.2025 14:47:37.103 UTC,1.4027,1.40257,0.00249,0.0024
21.10.2025 14:47:39.229 UTC,1.40269,1.40257,0.0024,0.0018
21.10.2025 14:47:39.332 UTC,1.40267,1.40255,0.00234,0.0018
21.10.2025 14:47:39.384 UTC,1.40267,1.40254,0.00324,0.0018
21.10.2025 14:47:39.437 UTC,1.40264,1.40255,0.0012,0.0018
21.10.2025 14:47:39.489 UTC,1.40264,1.40254,0.0012,0.0018
21.10.2025 14:47:39.592 UTC,1.40264,1.40253,0.0012,0.00135
21.10.2025 14:47:39.900 UTC,1.40263,1.40251,0.00189,0.0024
21.10.2025 14:47:40.003 UTC,1.40263,1.40251,0.00282,0.00135
21.10.2025 14:47:40.258 UTC,1.40262,1.40252,0.00282,0.00135
21.10.2025 14:47:40.565 UTC,1.4026,1.40248,0.00192,0.0018
21.10.2025 14:47:40.617 UTC,1.40262,1.40249,0.00192,0.0018
21.10.2025 14:47:45.756 UTC,1.40261,1.4025,0.00327,0.0024
21.10.2025 14:47:45.960 UTC,1.40258,1.40247,0.00132,0.0012
21.10.2025 14:47:46.065 UTC,1.40255,1.40246,0.00192,0.00135
21.10.2025 14:47:47.528 UTC,1.40257,1.40246,0.00282,0.00135
21.10.2025 14:47:47.681 UTC,1.40258,1.40246,0.00282,0.0018
21.10.2025 14:47:47.835 UTC,1.40256,1.40246,0.0024,0.0018
21.10.2025 14:47:47.938 UTC,1.40255,1.40246,0.0024,0.0018
21.10.2025 14:47:47.990 UTC,1.40255,1.40242,0.00252,0.0018
21.10.2025 14:47:48.194 UTC,1.40255,1.40242,0.00342,0.0018
21.10.2025 14:47:48.600 UTC,1.40253,1.40242,0.00144,0.0018
21.10.2025 14:47:49.707 UTC,1.40252,1.4024,0.0012,0.00285
21.10.2025 14:47:49.810 UTC,1.40252,1.40239,0.00237,0.0024
21.10.2025 14:47:49.913 UTC,1.40252,1.40239,0.00192,0.00285
21.10.2025 14:47:50.416 UTC,1.40252,1.40239,0.00237,0.00225
21.10.2025 14:47:52.130 UTC,1.40248,1.40235,0.00237,0.0018
21.10.2025 14:47:52.234 UTC,1.40247,1.40234,0.00327,0.0018
21.10.2025 14:47:53.205 UTC,1.40245,1.40234,0.00327,0.00195
21.10.2025 14:47:53.462 UTC,1.40244,1.40232,0.00147,0.0018
21.10.2025 14:47:53.616 UTC,1.40243,1.40231,0.00147,0.00135
21.10.2025 14:47:53.719 UTC,1.40243,1.40232,0.00327,0.00195
21.10.2025 14:47:54.228 UTC,1.40244,1.40233,0.00327,0.00135
21.10.2025 14:47:54.333 UTC,1.40244,1.40233,0.00342,0.0018
21.10.2025 14:47:54.638 UTC,1.40244,1.40232,0.00144,0.0018
21.10.2025 14:47:54.843 UTC,1.40245,1.40233,0.00192,0.00195
21.10.2025 14:47:54.946 UTC,1.40245,1.40233,0.00189,0.0012
21.10.2025 14:47:55.099 UTC,1.40245,1.40232,0.00327,0.00195
21.10.2025 14:47:55.201 UTC,1.40245,1.40232,0.00342,0.0018
21.10.2025 14:47:57.923 UTC,1.40244,1.40232,0.00144,0.0018
21.10.2025 14:47:58.027 UTC,1.40244,1.40232,0.00192,0.0018
21.10.2025 14:47:58.129 UTC,1.40244,1.40232,0.00144,0.0018
21.10.2025 14:47:58.232 UTC,1.40244,1.40232,0.00147,0.0018
21.10.2025 14:47:59.900 UTC,1.40243,1.4023,0.00237,0.00135
21.10.2025 14:48:00.054 UTC,1.40242,1.40231,0.00237,0.00195
21.10.2025 14:48:00.207 UTC,1.40243,1.4023,0.00327,0.0012
21.10.2025 14:48:00.359 UTC,1.40242,1.40231,0.00324,0.0012
21.10.2025 14:48:00.614 UTC,1.40242,1.40229,0.0012,0.00384
21.10.2025 14:48:02.234 UTC,1.40241,1.4023,0.00234,0.0024
21.10.2025 14:48:02.591 UTC,1.40242,1.40229,0.00234,0.00225
21.10.2025 14:48:03.704 UTC,1.40242,1.40229,0.00327,0.0018
21.10.2025 14:48:03.808 UTC,1.40241,1.4023,0.00144,0.00135
21.10.2025 14:48:03.860 UTC,1.40241,1.4023,0.00144,0.00195
21.10.2025 14:48:04.730 UTC,1.40243,1.40231,0.00132,0.0012
21.10.2025 14:48:05.950 UTC,1.40243,1.4023,0.00234,0.0018
21.10.2025 14:48:06.103 UTC,1.40243,1.4023,0.00234,0.00195
21.10.2025 14:48:07.162 UTC,1.40242,1.40231,0.00189,0.00285
21.10.2025 14:48:07.266 UTC,1.40238,1.40228,0.00192,0.0024
21.10.2025 14:48:07.421 UTC,1.40237,1.40226,0.00234,0.00135
21.10.2025 14:48:08.134 UTC,1.40238,1.40224,0.00339,0.00294
21.10.2025 14:48:09.244 UTC,1.40237,1.40226,0.00324,0.0012
21.10.2025 14:48:09.346 UTC,1.40238,1.40224,0.00339,0.00384
21.10.2025 14:48:09.855 UTC,1.40235,1.40224,0.00234,0.0024
21.10.2025 14:48:09.957 UTC,1.40234,1.40224,0.0012,0.0018
21.10.2025 14:48:10.060 UTC,1.40236,1.40223,0.00234,0.0024
21.10.2025 14:48:10.769 UTC,1.40235,1.40223,0.0012,0.0018
21.10.2025 14:48:11.024 UTC,1.40236,1.40223,0.00234,0.0024
21.10.2025 14:48:13.247 UTC,1.40236,1.40225,0.00132,0.00285
21.10.2025 14:48:13.712 UTC,1.40235,1.40224,0.00234,0.0018
21.10.2025 14:48:13.776 UTC,1.40234,1.40222,0.00132,0.0018
21.10.2025 14:48:13.879 UTC,1.40234,1.40222,0.0012,0.0018
21.10.2025 14:48:15.595 UTC,1.40234,1.40223,0.00234,0.0018
21.10.2025 14:48:15.698 UTC,1.40234,1.40224,0.0012,0.0018
21.10.2025 14:48:16.003 UTC,1.40236,1.40223,0.00234,0.0018
21.10.2025 14:48:16.107 UTC,1.40238,1.40225,0.00327,0.00135
21.10.2025 14:48:16.210 UTC,1.40238,1.40225,0.00327,0.0018
21.10.2025 14:48:17.168 UTC,1.40238,1.40225,0.00324,0.00195
21.10.2025 14:48:17.373 UTC,1.40239,1.40226,0.00519,0.0024
21.10.2025 14:48:17.475 UTC,1.40239,1.40226,0.00459,0.00285
21.10.2025 14:48:18.081 UTC,1.40239,1.40229,0.0018,0.0012
21.10.2025 14:48:18.239 UTC,1.40238,1.4023,0.0018,0.0018
21.10.2025 14:48:18.445 UTC,1.40243,1.40232,0.00189,0.00135
21.10.2025 14:48:18.649 UTC,1.40244,1.40233,0.00279,0.0012
21.10.2025 14:48:18.752 UTC,1.40244,1.40234,0.00132,0.00135
21.10.2025 14:48:19.008 UTC,1.40244,1.40233,0.0012,0.00135
21.10.2025 14:48:19.111 UTC,1.40245,1.40233,0.00132,0.00135
21.10.2025 14:48:19.275 UTC,1.40244,1.40232,0.0012,0.0018
21.10.2025 14:48:20.497 UTC,1.40244,1.40232,0.00192,0.0018
21.10.2025 14:48:20.701 UTC,1.40244,1.40232,0.00144,0.0018
21.10.2025 14:48:20.853 UTC,1.40243,1.40232,0.0012,0.0018
21.10.2025 14:48:21.760 UTC,1.40239,1.40233,0.0012,0.00135
21.10.2025 14:48:22.064 UTC,1.40244,1.40232,0.00135,0.0018
21.10.2025 14:48:22.115 UTC,1.40239,1.40233,0.0012,0.0012
21.10.2025 14:48:22.167 UTC,1.40245,1.40232,0.00324,0.0018
21.10.2025 14:48:22.621 UTC,1.40245,1.40232,0.00339,0.0018
21.10.2025 14:48:24.135 UTC,1.40244,1.40233,0.00324,0.00195
21.10.2025 14:48:25.242 UTC,1.40245,1.40232,0.00339,0.0018
21.10.2025 14:48:25.895 UTC,1.40244,1.40234,0.00279,0.0018
21.10.2025 14:48:25.998 UTC,1.40244,1.40231,0.00135,0.00204
21.10.2025 14:48:26.656 UTC,1.40245,1.40233,0.00189,0.0012
21.10.2025 14:48:27.018 UTC,1.40245,1.40233,0.0018,0.0012
21.10.2025 14:48:27.485 UTC,1.40244,1.40231,0.00225,0.00294
21.10.2025 14:48:27.587 UTC,1.40244,1.40232,0.0018,0.0012
21.10.2025 14:48:32.531 UTC,1.40243,1.40234,0.0018,0.00195
21.10.2025 14:48:32.584 UTC,1.40246,1.40233,0.0027,0.00384
21.10.2025 14:48:32.687 UTC,1.40247,1.40235,0.0012,0.00225
21.10.2025 14:48:32.791 UTC,1.40246,1.40235,0.00414,0.0024
21.10.2025 14:48:32.893 UTC,1.40246,1.40234,0.0012,0.00195
21.10.2025 14:48:32.996 UTC,1.40247,1.40234,0.00414,0.0024
21.10.2025 14:48:33.100 UTC,1.40247,1.40237,0.0012,0.0018
21.10.2025 14:48:33.508 UTC,1.40246,1.40239,0.0012,0.00135
21.10.2025 14:48:33.611 UTC,1.40247,1.40239,0.0012,0.0018
21.10.2025 14:48:33.662 UTC,1.40251,1.4024,0.00279,0.0024
21.10.2025 14:48:36.888 UTC,1.40253,1.40241,0.0012,0.0018
21.10.2025 14:48:36.994 UTC,1.40256,1.4025,0.0012,0.0012
21.10.2025 14:48:37.046 UTC,1.40255,1.40245,0.0018,0.0018
21.10.2025 14:48:37.352 UTC,1.40257,1.40244,0.00189,0.0024
21.10.2025 14:48:37.608 UTC,1.40255,1.40242,0.00459,0.0018
21.10.2025 14:48:38.117 UTC,1.40255,1.40242,0.00339,0.0018
21.10.2025 14:48:38.219 UTC,1.40254,1.40243,0.00324,0.0018
21.10.2025 14:48:38.674 UTC,1.40255,1.40242,0.00339,0.0018
21.10.2025 14:48:39.227 UTC,1.40254,1.40243,0.00324,0.0018
21.10.2025 14:48:40.439 UTC,1.40254,1.40241,0.00234,0.00195
21.10.2025 14:48:40.541 UTC,1.40253,1.40242,0.00234,0.00195
21.10.2025 14:48:40.693 UTC,1.40253,1.40241,0.0012,0.00195
21.10.2025 14:48:42.267 UTC,1.40254,1.40241,0.00324,0.0018
21.10.2025 14:48:42.320 UTC,1.40256,1.40244,0.0027,0.0012
21.10.2025 14:48:42.425 UTC,1.40255,1.40245,0.0012,0.0018
21.10.2025 14:48:42.578 UTC,1.40257,1.40245,0.00132,0.0018
21.10.2025 14:48:42.784 UTC,1.40257,1.40246,0.00315,0.0018
21.10.2025 14:48:43.092 UTC,1.40256,1.40244,0.00234,0.0018
21.10.2025 14:48:43.195 UTC,1.40256,1.40244,0.00249,0.0018
21.10.2025 14:48:43.298 UTC,1.40256,1.40244,0.00234,0.0018
21.10.2025 14:48:43.401 UTC,1.40256,1.40246,0.00144,0.00135
21.10.2025 14:48:43.503 UTC,1.40257,1.40245,0.00144,0.0018
21.10.2025 14:48:44.014 UTC,1.40256,1.40244,0.00132,0.0018
21.10.2025 14:48:44.926 UTC,1.40256,1.40244,0.00192,0.0018
21.10.2025 14:48:45.029 UTC,1.40256,1.40244,0.00144,0.0018
21.10.2025 14:48:45.939 UTC,1.40257,1.40245,0.00135,0.00225
21.10.2025 14:48:46.041 UTC,1.40256,1.40246,0.0012,0.0024
21.10.2025 14:48:47.409 UTC,1.40256,1.40244,0.00132,0.0018
21.10.2025 14:48:47.512 UTC,1.40256,1.40243,0.00342,0.0018
21.10.2025 14:48:48.069 UTC,1.40255,1.40244,0.00324,0.00195
21.10.2025 14:48:48.322 UTC,1.40256,1.40243,0.00339,0.0018
21.10.2025 14:48:48.374 UTC,1.40254,1.40244,0.00234,0.00135
21.10.2025 14:48:48.476 UTC,1.40255,1.40242,0.00339,0.0018
21.10.2025 14:48:48.579 UTC,1.40255,1.40243,0.00132,0.00225
21.10.2025 14:48:48.632 UTC,1.40256,1.40245,0.0018,0.00225
21.10.2025 14:48:48.736 UTC,1.40257,1.40244,0.00192,0.0024
21.10.2025 14:48:48.839 UTC,1.40255,1.40242,0.00234,0.0018
21.10.2025 14:48:48.942 UTC,1.40254,1.40242,0.0012,0.0018
21.10.2025 14:48:49.303 UTC,1.40254,1.40243,0.00144,0.0033
21.10.2025 14:48:49.407 UTC,1.40255,1.40242,0.00132,0.00375
21.10.2025 14:48:50.525 UTC,1.40254,1.40242,0.0012,0.0018
21.10.2025 14:48:50.627 UTC,1.40254,1.40241,0.0018,0.00384
21.10.2025 14:48:51.236 UTC,1.40254,1.40241,0.0012,0.00384
21.10.2025 14:48:51.997 UTC,1.40254,1.40241,0.00234,0.00375
21.10.2025 14:48:52.099 UTC,1.40254,1.40241,0.00342,0.0018
21.10.2025 14:48:52.303 UTC,1.40253,1.40241,0.00192,0.0018
21.10.2025 14:48:52.506 UTC,1.40253,1.4024,0.00234,0.00285
21.10.2025 14:48:52.711 UTC,1.40252,1.4024,0.0012,0.00285
21.10.2025 14:48:53.167 UTC,1.40252,1.40241,0.00324,0.00285
21.10.2025 14:48:53.270 UTC,1.40253,1.4024,0.00279,0.0024
21.10.2025 14:48:55.497 UTC,1.40251,1.40241,0.0012,0.00195
21.10.2025 14:48:57.311 UTC,1.40253,1.4024,0.00234,0.00285
21.10.2025 14:48:58.123 UTC,1.40251,1.40241,0.0012,0.00195
21.10.2025 14:48:58.631 UTC,1.40253,1.40241,0.0018,0.00195
21.10.2025 14:48:59.294 UTC,1.40254,1.40241,0.00324,0.00195
21.10.2025 14:49:00.205 UTC,1.40253,1.4024,0.00225,0.00195
21.10.2025 14:49:01.114 UTC,1.40252,1.4024,0.0027,0.00195
21.10.2025 14:49:01.721 UTC,1.40252,1.40239,0.00324,0.00225
21.10.2025 14:49:02.279 UTC,1.40246,1.40239,0.0012,0.0018
21.10.2025 14:49:02.383 UTC,1.40244,1.40236,0.0012,0.00315
21.10.2025 14:49:02.537 UTC,1.40246,1.40236,0.00189,0.00315
21.10.2025 14:49:03.046 UTC,1.40249,1.40237,0.00339,0.00465
21.10.2025 14:49:03.158 UTC,1.40251,1.40238,0.00414,0.0012
21.10.2025 14:49:03.266 UTC,1.40248,1.40236,0.00234,0.00465
21.10.2025 14:49:03.371 UTC,1.40248,1.40236,0.00315,0.0036
21.10.2025 14:49:03.525 UTC,1.40248,1.40236,0.00225,0.00465
21.10.2025 14:49:04.337 UTC,1.40247,1.40237,0.0012,0.0045
21.10.2025 14:49:04.440 UTC,1.40248,1.40236,0.0012,0.00465
21.10.2025 14:49:06.617 UTC,1.40248,1.40236,0.0018,0.0018
21.10.2025 14:49:06.769 UTC,1.40248,1.40236,0.00135,0.0018
21.10.2025 14:49:07.022 UTC,1.40247,1.40237,0.0018,0.0018
21.10.2025 14:49:07.124 UTC,1.40248,1.40236,0.00135,0.0018
21.10.2025 14:49:08.995 UTC,1.4025,1.40237,0.00225,0.00225
21.10.2025 14:49:09.098 UTC,1.40249,1.40237,0.00285,0.00225
21.10.2025 14:49:09.201 UTC,1.4025,1.4024,0.0012,0.0018
21.10.2025 14:49:09.659 UTC,1.40252,1.4024,0.0012,0.00135
21.10.2025 14:49:09.965 UTC,1.40253,1.40241,0.0018,0.0012
21.10.2025 14:49:10.017 UTC,1.40254,1.40243,0.0018,0.0018
21.10.2025 14:49:10.121 UTC,1.40256,1.40244,0.0018,0.00135
21.10.2025 14:49:10.277 UTC,1.40255,1.40243,0.0012,0.0018
21.10.2025 14:49:10.479 UTC,1.40256,1.40243,0.0027,0.0018
21.10.2025 14:49:11.028 UTC,1.40256,1.40243,0.0027,0.00135
21.10.2025 14:49:11.937 UTC,1.40255,1.40243,0.0012,0.00135
21.10.2025 14:49:12.040 UTC,1.40254,1.40242,0.0018,0.0018
21.10.2025 14:49:13.004 UTC,1.40252,1.40242,0.0018,0.00195
21.10.2025 14:49:13.158 UTC,1.40253,1.40241,0.00225,0.00135
21.10.2025 14:49:13.262 UTC,1.40254,1.40242,0.00135,0.0012
21.10.2025 14:49:13.366 UTC,1.40254,1.40242,0.00135,0.0018
21.10.2025 14:49:13.927 UTC,1.40254,1.40241,0.00429,0.0018
21.10.2025 14:49:14.080 UTC,1.40252,1.40241,0.00234,0.0018
21.10.2025 14:49:14.234 UTC,1.40252,1.4024,0.0012,0.00195
21.10.2025 14:49:18.057 UTC,1.40253,1.4024,0.0027,0.00195
21.10.2025 14:49:21.746 UTC,1.40253,1.4024,0.00339,0.0018
21.10.2025 14:49:22.100 UTC,1.40253,1.4024,0.00324,0.00195
21.10.2025 14:49:24.169 UTC,1.40254,1.40242,0.00135,0.0012
21.10.2025 14:49:24.475 UTC,1.40253,1.40243,0.0018,0.00135
21.10.2025 14:49:24.628 UTC,1.40254,1.40242,0.00225,0.00135
21.10.2025 14:49:24.681 UTC,1.40252,1.40242,0.0012,0.00135
21.10.2025 14:49:24.784 UTC,1.40251,1.40242,0.00135,0.0012
21.10.2025 14:49:26.517 UTC,1.40253,1.40241,0.00204,0.0012
21.10.2025 14:49:26.725 UTC,1.40251,1.40242,0.00135,0.0012
21.10.2025 14:49:29.161 UTC,1.40245,1.40236,0.00132,0.00315
21.10.2025 14:49:29.266 UTC,1.40245,1.40237,0.0012,0.00135
21.10.2025 14:49:29.320 UTC,1.40248,1.40238,0.00147,0.0012
21.10.2025 14:49:29.984 UTC,1.40252,1.40239,0.00204,0.0012
21.10.2025 14:49:30.343 UTC,1.40252,1.4024,0.00132,0.0012
21.10.2025 14:49:30.446 UTC,1.40254,1.40241,0.00132,0.0012
21.10.2025 14:49:31.612 UTC,1.40254,1.40243,0.0018,0.0012
21.10.2025 14:49:32.772 UTC,1.40253,1.40245,0.0012,0.0012
21.10.2025 14:49:32.880 UTC,1.40261,1.40251,0.00204,0.0012
21.10.2025 14:49:32.933 UTC,1.40263,1.4025,0.00147,0.00135
21.10.2025 14:49:33.036 UTC,1.40263,1.40251,0.00132,0.0012
21.10.2025 14:49:33.390 UTC,1.40262,1.40251,0.00108,0.0012
21.10.2025 14:49:33.797 UTC,1.40261,1.4025,0.00144,0.0012
21.10.2025 14:49:33.900 UTC,1.40262,1.40251,0.00153,0.0012
21.10.2025 14:49:34.003 UTC,1.40262,1.40252,0.00153,0.0012
21.10.2025 14:49:34.661 UTC,1.40263,1.40251,0.00168,0.0012
21.10.2025 14:49:34.763 UTC,1.40263,1.40251,0.00153,0.0012
21.10.2025 14:49:34.966 UTC,1.40262,1.40252,0.00168,0.0012
21.10.2025 14:49:35.119 UTC,1.40261,1.40253,0.0012,0.0012
21.10.2025 14:49:35.272 UTC,1.40262,1.40253,0.00135,0.0012
21.10.2025 14:49:36.081 UTC,1.40263,1.40252,0.00192,0.0012
21.10.2025 14:49:37.343 UTC,1.40262,1.40251,0.00144,0.0012
21.10.2025 14:49:44.069 UTC,1.40259,1.4025,0.00234,0.0012
21.10.2025 14:49:44.173 UTC,1.40259,1.40248,0.0012,0.0018
21.10.2025 14:49:44.277 UTC,1.4026,1.40249,0.00144,0.0012
21.10.2025 14:49:44.586 UTC,1.40257,1.40245,0.00234,0.0018
21.10.2025 14:49:44.689 UTC,1.40255,1.40245,0.0012,0.0012
21.10.2025 14:49:44.945 UTC,1.40256,1.40245,0.0012,0.0012
21.10.2025 14:49:45.100 UTC,1.40258,1.40246,0.0012,0.0012
21.10.2025 14:49:45.203 UTC,1.40257,1.40248,0.0012,0.0012
21.10.2025 14:49:45.306 UTC,1.40259,1.40247,0.00132,0.0012
21.10.2025 14:49:45.612 UTC,1.4026,1.40249,0.00339,0.00135
21.10.2025 14:49:46.476 UTC,1.40256,1.40247,0.0012,0.00135
21.10.2025 14:49:46.634 UTC,1.40253,1.40244,0.0012,0.00135
21.10.2025 14:49:46.739 UTC,1.40253,1.40243,0.0012,0.0012
21.10.2025 14:49:48.059 UTC,1.40255,1.40244,0.0012,0.0012
21.10.2025 14:49:48.419 UTC,1.40255,1.40244,0.00192,0.0012
21.10.2025 14:49:49.029 UTC,1.40255,1.40244,0.00144,0.0012
21.10.2025 14:49:49.381 UTC,1.40255,1.40244,0.00192,0.0012
21.10.2025 14:49:49.483 UTC,1.40255,1.40244,0.00144,0.0012
21.10.2025 14:49:49.739 UTC,1.40255,1.40244,0.00192,0.0012
21.10.2025 14:49:50.092 UTC,1.40255,1.40244,0.00144,0.0012
21.10.2025 14:49:50.696 UTC,1.40255,1.40244,0.00192,0.0012
21.10.2025 14:49:51.100 UTC,1.40254,1.40245,0.00135,0.0012
21.10.2025 14:49:53.112 UTC,1.40253,1.40245,0.0012,0.0012
21.10.2025 14:49:55.426 UTC,1.40253,1.40244,0.00135,0.0012
21.10.2025 14:49:55.933 UTC,1.40253,1.40243,0.0012,0.0012
21.10.2025 14:49:56.036 UTC,1.40253,1.40242,0.00153,0.00135
21.10.2025 14:49:56.241 UTC,1.40252,1.40243,0.00192,0.0012
21.10.2025 14:49:59.716 UTC,1.40252,1.4024,0.00192,0.00135
21.10.2025 14:49:59.870 UTC,1.40251,1.40241,0.00144,0.0012
21.10.2025 14:50:00.277 UTC,1.40252,1.40242,0.00135,0.0012
21.10.2025 14:50:00.381 UTC,1.40253,1.40243,0.0012,0.0012
21.10.2025 14:50:00.994 UTC,1.40252,1.40243,0.00135,0.0012
21.10.2025 14:50:01.046 UTC,1.40252,1.40241,0.00135,0.0012
21.10.2025 14:50:01.665 UTC,1.40252,1.40244,0.00135,0.0012
21.10.2025 14:50:02.278 UTC,1.40255,1.40245,0.00135,0.0012
21.10.2025 14:50:02.331 UTC,1.40258,1.40248,0.0018,0.0012
21.10.2025 14:50:02.434 UTC,1.40259,1.40249,0.0042,0.0012
21.10.2025 14:50:02.538 UTC,1.40262,1.4025,0.00108,0.0012
21.10.2025 14:50:02.590 UTC,1.40258,1.40251,0.0036,0.0012
21.10.2025 14:50:02.641 UTC,1.40262,1.4025,0.00108,0.0012
21.10.2025 14:50:04.165 UTC,1.40262,1.40249,0.00156,0.00135
21.10.2025 14:50:04.272 UTC,1.40261,1.40249,0.00234,0.00135
21.10.2025 14:50:04.376 UTC,1.40259,1.40249,0.0033,0.0018
21.10.2025 14:50:04.480 UTC,1.40262,1.40251,0.00192,0.0012
21.10.2025 14:50:04.533 UTC,1.40259,1.40251,0.0027,0.0012
21.10.2025 14:50:04.840 UTC,1.40259,1.40249,0.0027,0.00135
21.10.2025 14:50:08.142 UTC,1.40258,1.40247,0.00135,0.0018
21.10.2025 14:50:08.194 UTC,1.40253,1.40244,0.0012,0.0012
21.10.2025 14:50:08.297 UTC,1.40252,1.40244,0.0012,0.0012
21.10.2025 14:50:08.502 UTC,1.40254,1.40243,0.0012,0.0012
21.10.2025 14:50:09.058 UTC,1.40252,1.40244,0.0012,0.0012
21.10.2025 14:50:09.160 UTC,1.40252,1.40243,0.0012,0.0012
21.10.2025 14:50:09.564 UTC,1.40252,1.40242,0.0012,0.0012
21.10.2025 14:50:09.921 UTC,1.40254,1.40242,0.0012,0.0012
21.10.2025 14:50:10.227 UTC,1.40253,1.40242,0.0012,0.0012
21.10.2025 14:50:10.987 UTC,1.40251,1.40242,0.0012,0.0012
21.10.2025 14:50:11.090 UTC,1.40251,1.40241,0.0012,0.0012
21.10.2025 14:50:12.153 UTC,1.40253,1.40241,0.00144,0.0012
21.10.2025 14:50:14.686 UTC,1.40251,1.40242,0.0012,0.0012
21.10.2025 14:50:15.375 UTC,1.40251,1.4024,0.0018,0.00135
21.10.2025 14:50:15.479 UTC,1.40253,1.4024,0.00297,0.0012
21.10.2025 14:50:15.936 UTC,1.40252,1.40241,0.00135,0.0012
21.10.2025 14:50:19.867 UTC,1.40253,1.40242,0.0012,0.0012
21.10.2025 14:50:20.274 UTC,1.40252,1.40243,0.0018,0.0012
21.10.2025 14:50:20.377 UTC,1.40255,1.40243,0.00135,0.0012
21.10.2025 14:50:20.482 UTC,1.40256,1.40246,0.0012,0.00249
21.10.2025 14:50:20.534 UTC,1.40261,1.40248,0.0012,0.0012
21.10.2025 14:50:20.790 UTC,1.40261,1.40248,0.00192,0.0012
21.10.2025 14:50:21.044 UTC,1.40261,1.40248,0.00144,0.0012
21.10.2025 14:50:21.146 UTC,1.40262,1.40248,0.00201,0.0012
21.10.2025 14:50:21.987 UTC,1.4026,1.4025,0.00132,0.0012
21.10.2025 14:50:22.498 UTC,1.40262,1.40251,0.00132,0.0012
21.10.2025 14:50:23.611 UTC,1.40262,1.40251,0.00192,0.0012
21.10.2025 14:50:24.419 UTC,1.40262,1.40251,0.00144,0.0012
21.10.2025 14:50:26.685 UTC,1.4026,1.40251,0.00192,0.0012
21.10.2025 14:50:27.706 UTC,1.40261,1.4025,0.00225,0.0012
21.10.2025 14:50:27.860 UTC,1.40257,1.40251,0.00135,0.0012
21.10.2025 14:50:27.913 UTC,1.40258,1.40248,0.0018,0.0012
21.10.2025 14:50:27.965 UTC,1.40257,1.40246,0.0018,0.0018
21.10.2025 14:50:28.068 UTC,1.40253,1.40247,0.0012,0.0012
21.10.2025 14:50:28.171 UTC,1.40253,1.40242,0.0012,0.0018
21.10.2025 14:50:28.223 UTC,1.40252,1.40241,0.0012,0.0012
21.10.2025 14:50:28.275 UTC,1.40252,1.40243,0.0012,0.0018
21.10.2025 14:50:30.301 UTC,1.40247,1.4024,0.0012,0.0018
21.10.2025 14:50:30.353 UTC,1.40247,1.40237,0.0018,0.0012
21.10.2025 14:50:30.405 UTC,1.40248,1.40238,0.0012,0.0018
21.10.2025 14:50:30.457 UTC,1.40248,1.40238,0.0018,0.0012
21.10.2025 14:50:30.913 UTC,1.40248,1.40237,0.0018,0.0012
21.10.2025 14:50:33.091 UTC,1.40246,1.40237,0.0012,0.00135
21.10.2025 14:50:33.194 UTC,1.40245,1.40236,0.00135,0.0012
21.10.2025 14:50:33.296 UTC,1.40244,1.40236,0.0012,0.0012
21.10.2025 14:50:33.349 UTC,1.40244,1.40234,0.0012,0.0012
21.10.2025 14:50:34.057 UTC,1.40245,1.40234,0.00135,0.00135
21.10.2025 14:50:35.474 UTC,1.40244,1.40233,0.00135,0.00135
21.10.2025 14:50:36.083 UTC,1.40244,1.40232,0.0024,0.0018
21.10.2025 14:50:36.186 UTC,1.40242,1.40232,0.0012,0.0018
21.10.2025 14:50:36.289 UTC,1.40241,1.40233,0.0012,0.0012
21.10.2025 14:50:37.749 UTC,1.40242,1.40231,0.00135,0.0012
21.10.2025 14:50:39.212 UTC,1.40243,1.40232,0.00225,0.0012
21.10.2025 14:50:40.428 UTC,1.40244,1.40234,0.0018,0.0012
21.10.2025 14:50:40.532 UTC,1.40247,1.40237,0.00135,0.0012
21.10.2025 14:50:40.585 UTC,1.40249,1.40237,0.00369,0.0012
21.10.2025 14:50:40.738 UTC,1.40249,1.40237,0.00474,0.0012
21.10.2025 14:50:40.840 UTC,1.40249,1.40237,0.00234,0.0012
21.10.2025 14:50:41.949 UTC,1.40248,1.40237,0.0012,0.0012
21.10.2025 14:50:42.053 UTC,1.40246,1.40236,0.0012,0.00135
21.10.2025 14:50:42.156 UTC,1.40245,1.40235,0.0012,0.0012
21.10.2025 14:50:42.261 UTC,1.40246,1.40235,0.00135,0.0012
21.10.2025 14:50:42.363 UTC,1.40247,1.40235,0.00234,0.0012
21.10.2025 14:50:42.466 UTC,1.40248,1.40236,0.00339,0.0012
21.10.2025 14:50:43.011 UTC,1.40247,1.40237,0.0012,0.0012
21.10.2025 14:50:43.371 UTC,1.40246,1.40236,0.0018,0.0012
21.10.2025 14:50:43.474 UTC,1.40245,1.40235,0.00135,0.0012
21.10.2025 14:50:44.385 UTC,1.40246,1.40236,0.00249,0.0012
21.10.2025 14:50:44.538 UTC,1.40247,1.40235,0.00234,0.0012
21.10.2025 14:50:45.093 UTC,1.40248,1.40236,0.00279,0.0012
21.10.2025 14:50:45.196 UTC,1.40248,1.40237,0.00234,0.0012
21.10.2025 14:50:45.298 UTC,1.40247,1.40237,0.0012,0.0012
21.10.2025 14:50:46.416 UTC,1.40246,1.40236,0.0012,0.0012
21.10.2025 14:50:46.570 UTC,1.40248,1.40237,0.00144,0.0012
21.10.2025 14:50:47.178 UTC,1.40246,1.40238,0.0012,0.0012
21.10.2025 14:50:49.246 UTC,1.40247,1.40236,0.00234,0.0012
21.10.2025 14:50:49.298 UTC,1.40245,1.40235,0.00135,0.0012
21.10.2025 14:50:49.402 UTC,1.40246,1.40237,0.00144,0.0012
21.10.2025 14:50:50.064 UTC,1.40248,1.40237,0.00234,0.0012
21.10.2025 14:50:50.788 UTC,1.40247,1.40237,0.0012,0.0012
21.10.2025 14:50:51.094 UTC,1.40246,1.40234,0.00249,0.0018
21.10.2025 14:50:51.197 UTC,1.40247,1.40236,0.00144,0.0012
21.10.2025 14:50:51.351 UTC,1.40248,1.40237,0.00135,0.0012
21.10.2025 14:50:51.454 UTC,1.40247,1.40235,0.00144,0.00135
21.10.2025 14:50:51.557 UTC,1.40247,1.40236,0.00144,0.0012
21.10.2025 14:50:51.659 UTC,1.40247,1.40237,0.00144,0.0012
21.10.2025 14:50:51.763 UTC,1.40247,1.40236,0.00234,0.00135
21.10.2025 14:50:51.917 UTC,1.40246,1.40235,0.0018,0.00135
21.10.2025 14:50:52.020 UTC,1.40247,1.40236,0.00135,0.0012
21.10.2025 14:50:52.428 UTC,1.40246,1.40236,0.0012,0.0012
21.10.2025 14:50:52.530 UTC,1.40247,1.40236,0.00144,0.0012
21.10.2025 14:50:53.792 UTC,1.40248,1.40237,0.00144,0.0012
21.10.2025 14:50:53.896 UTC,1.40248,1.40238,0.0012,0.0012
21.10.2025 14:50:53.999 UTC,1.40249,1.40237,0.0024,0.0012
21.10.2025 14:50:55.166 UTC,1.40249,1.40237,0.00234,0.0012
21.10.2025 14:50:55.319 UTC,1.40247,1.40238,0.00189,0.0012
21.10.2025 14:50:55.674 UTC,1.40247,1.40238,0.00249,0.0012
21.10.2025 14:50:55.776 UTC,1.40248,1.40237,0.00234,0.0012
21.10.2025 14:50:56.588 UTC,1.40249,1.40237,0.00234,0.0012
21.10.2025 14:50:56.694 UTC,1.40248,1.40239,0.0012,0.0012
21.10.2025 14:50:57.510 UTC,1.40249,1.4024,0.0012,0.0012
21.10.2025 14:50:59.681 UTC,1.40251,1.4024,0.00132,0.0012
21.10.2025 14:51:01.145 UTC,1.40253,1.40241,0.00252,0.0012
21.10.2025 14:51:01.905 UTC,1.40253,1.40241,0.00234,0.0012
21.10.2025 14:51:02.058 UTC,1.40252,1.40242,0.00249,0.0012
21.10.2025 14:51:03.323 UTC,1.40253,1.40241,0.00234,0.0012
21.10.2025 14:51:03.425 UTC,1.40253,1.40241,0.00249,0.0012
21.10.2025 14:51:04.282 UTC,1.4025,1.4024,0.0012,0.00135
21.10.2025 14:51:04.388 UTC,1.40249,1.40239,0.0018,0.0012
21.10.2025 14:51:04.593 UTC,1.4025,1.40241,0.00135,0.0012
21.10.2025 14:51:06.662 UTC,1.40248,1.4024,0.00147,0.00135
21.10.2025 14:51:06.765 UTC,1.40247,1.40237,0.0012,0.0018
21.10.2025 14:51:06.867 UTC,1.40247,1.40237,0.0012,0.0012
21.10.2025 14:51:06.970 UTC,1.40249,1.40238,0.00135,0.0012
21.10.2025 14:51:07.124 UTC,1.40248,1.40238,0.00189,0.0012
21.10.2025 14:51:07.227 UTC,1.40246,1.40238,0.00135,0.0012
21.10.2025 14:51:08.947 UTC,1.40248,1.40237,0.0018,0.0012
21.10.2025 14:51:10.165 UTC,1.40247,1.40237,0.00234,0.0012
21.10.2025 14:51:10.268 UTC,1.40245,1.40237,0.0012,0.00135
21.10.2025 14:51:10.990 UTC,1.40244,1.40237,0.00249,0.00135
21.10.2025 14:51:11.295 UTC,1.40245,1.40236,0.00135,0.00135
21.10.2025 14:51:11.701 UTC,1.40247,1.40237,0.0012,0.00225
21.10.2025 14:51:11.754 UTC,1.40249,1.40238,0.00339,0.0018
21.10.2025 14:51:11.856 UTC,1.40249,1.40238,0.00249,0.00135
21.10.2025 14:51:12.263 UTC,1.40249,1.40238,0.00189,0.00135
21.10.2025 14:51:12.416 UTC,1.40249,1.40237,0.0012,0.00135
21.10.2025 14:51:12.570 UTC,1.4025,1.40237,0.00234,0.00135
21.10.2025 14:51:12.673 UTC,1.40249,1.40237,0.0012,0.00135
21.10.2025 14:51:12.776 UTC,1.4025,1.40237,0.00132,0.0018
21.10.2025 14:51:13.032 UTC,1.40251,1.40239,0.00132,0.0018
21.10.2025 14:51:13.134 UTC,1.40251,1.4024,0.00132,0.0012
21.10.2025 14:51:15.294 UTC,1.4025,1.4024,0.00132,0.0012
21.10.2025 14:51:15.398 UTC,1.4025,1.40241,0.00144,0.0012
21.10.2025 14:51:17.075 UTC,1.4025,1.40242,0.0012,0.0012
21.10.2025 14:51:21.008 UTC,1.40252,1.40241,0.0012,0.0012
21.10.2025 14:51:21.515 UTC,1.40251,1.4024,0.00192,0.00135
21.10.2025 14:51:21.669 UTC,1.4025,1.40239,0.00144,0.0012
21.10.2025 14:51:22.426 UTC,1.40251,1.4024,0.0018,0.0012
21.10.2025 14:51:23.337 UTC,1.4025,1.40239,0.00192,0.00135
21.10.2025 14:51:23.443 UTC,1.40247,1.40239,0.0012,0.00135
21.10.2025 14:51:23.800 UTC,1.40249,1.40238,0.00234,0.0012
21.10.2025 14:51:24.864 UTC,1.40248,1.40239,0.00192,0.0012
21.10.2025 14:51:24.965 UTC,1.40248,1.40239,0.00144,0.0012
21.10.2025 14:51:25.573 UTC,1.40249,1.40239,0.00144,0.0012
21.10.2025 14:51:25.714 UTC,1.4025,1.40238,0.00192,0.0012
21.10.2025 14:51:26.019 UTC,1.4025,1.40238,0.00234,0.0012
21.10.2025 14:51:26.829 UTC,1.4025,1.40238,0.00249,0.0012
21.10.2025 14:51:26.983 UTC,1.4025,1.40238,0.00144,0.0012
21.10.2025 14:51:27.236 UTC,1.40248,1.40239,0.00135,0.0012
21.10.2025 14:51:28.448 UTC,1.4025,1.40238,0.00234,0.0012
21.10.2025 14:51:28.599 UTC,1.40249,1.4024,0.00135,0.0012
21.10.2025 14:51:29.311 UTC,1.4025,1.40238,0.00234,0.0012
21.10.2025 14:51:29.465 UTC,1.4025,1.4024,0.00144,0.0012
21.10.2025 14:51:30.473 UTC,1.40251,1.40239,0.00192,0.0012
21.10.2025 14:51:30.776 UTC,1.4025,1.4024,0.00144,0.0012
21.10.2025 14:51:32.391 UTC,1.4025,1.40242,0.0012,0.0012
21.10.2025 14:51:33.442 UTC,1.40251,1.4024,0.00132,0.0012
21.10.2025 14:51:33.548 UTC,1.40251,1.4024,0.00192,0.0012
21.10.2025 14:51:33.751 UTC,1.40251,1.4024,0.00144,0.0012
21.10.2025 14:51:34.610 UTC,1.4025,1.40241,0.00192,0.0012
21.10.2025 14:51:35.666 UTC,1.40251,1.4024,0.00135,0.0012
21.10.2025 14:51:36.575 UTC,1.40251,1.40241,0.0012,0.0012
21.10.2025 14:51:37.536 UTC,1.40251,1.4024,0.00192,0.0012
21.10.2025 14:51:38.144 UTC,1.40251,1.4024,0.00132,0.0012
21.10.2025 14:51:38.900 UTC,1.4025,1.4024,0.00132,0.0012
21.10.2025 14:51:39.210 UTC,1.40251,1.4024,0.00234,0.0012
21.10.2025 14:51:39.365 UTC,1.40251,1.40241,0.0012,0.0012
21.10.2025 14:51:40.330 UTC,1.40252,1.40241,0.00132,0.0012
21.10.2025 14:51:40.635 UTC,1.40251,1.4024,0.00144,0.0012
21.10.2025 14:51:40.794 UTC,1.40251,1.4024,0.00192,0.0012
21.10.2025 14:51:41.155 UTC,1.4025,1.40241,0.00234,0.0012
21.10.2025 14:51:41.461 UTC,1.4025,1.40242,0.0012,0.0012
21.10.2025 14:51:42.471 UTC,1.40252,1.40241,0.00234,0.0012
21.10.2025 14:51:42.878 UTC,1.40251,1.4024,0.00144,0.0012
21.10.2025 14:51:45.105 UTC,1.4025,1.4024,0.00144,0.0012
21.10.2025 14:51:46.220 UTC,1.40249,1.40238,0.00135,0.00135
21.10.2025 14:51:46.526 UTC,1.40247,1.40236,0.00234,0.0018
21.10.2025 14:51:46.629 UTC,1.40247,1.40236,0.00234,0.0012
21.10.2025 14:51:46.782 UTC,1.40246,1.40238,0.00234,0.0012
21.10.2025 14:51:47.694 UTC,1.40245,1.40236,0.0012,0.00135
21.10.2025 14:51:47.846 UTC,1.40245,1.40235,0.0012,0.00135
21.10.2025 14:51:48.143 UTC,1.40246,1.40235,0.00132,0.0012
21.10.2025 14:51:49.356 UTC,1.40246,1.40236,0.00189,0.00135
21.10.2025 14:51:52.530 UTC,1.40246,1.40235,0.00144,0.00135
21.10.2025 14:51:52.633 UTC,1.40245,1.40234,0.00144,0.00135
21.10.2025 14:51:52.836 UTC,1.40245,1.40234,0.00192,0.00135
21.10.2025 14:51:53.391 UTC,1.40245,1.40234,0.00144,0.00135
21.10.2025 14:51:54.649 UTC,1.40244,1.40235,0.00204,0.0012
21.10.2025 14:51:54.701 UTC,1.40245,1.40234,0.00234,0.0012
21.10.2025 14:51:55.555 UTC,1.40245,1.40235,0.00192,0.0012
21.10.2025 14:51:55.657 UTC,1.40245,1.40235,0.00144,0.0012
21.10.2025 14:51:55.911 UTC,1.40246,1.40235,0.00135,0.0012
21.10.2025 14:51:56.417 UTC,1.40248,1.40237,0.00192,0.0012
21.10.2025 14:51:56.469 UTC,1.4025,1.40238,0.00279,0.0012
21.10.2025 14:51:56.725 UTC,1.40249,1.40238,0.00189,0.0012
21.10.2025 14:51:57.081 UTC,1.40247,1.40239,0.0012,0.0012
21.10.2025 14:51:57.740 UTC,1.40248,1.40239,0.00225,0.0012
21.10.2025 14:51:58.903 UTC,1.40247,1.40239,0.0012,0.0012
21.10.2025 14:51:59.008 UTC,1.40246,1.40239,0.0012,0.0012
21.10.2025 14:52:00.433 UTC,1.40247,1.40237,0.0012,0.0012
21.10.2025 14:52:00.536 UTC,1.40246,1.40239,0.0012,0.0012
21.10.2025 14:52:02.556 UTC,1.40248,1.40238,0.00144,0.0012
21.10.2025 14:52:03.060 UTC,1.4025,1.40238,0.00234,0.0012
21.10.2025 14:52:03.164 UTC,1.40249,1.40239,0.00249,0.0012
21.10.2025 14:52:04.279 UTC,1.40249,1.4024,0.0012,0.0012
21.10.2025 14:52:04.331 UTC,1.40252,1.4024,0.00234,0.0012
21.10.2025 14:52:04.433 UTC,1.40251,1.40242,0.00234,0.0012
21.10.2025 14:52:05.295 UTC,1.40251,1.40239,0.00144,0.0018
21.10.2025 14:52:05.400 UTC,1.40248,1.4024,0.0012,0.00135
21.10.2025 14:52:05.657 UTC,1.40248,1.40239,0.0012,0.0012
21.10.2025 14:52:05.760 UTC,1.40247,1.40239,0.00189,0.0012
21.10.2025 14:52:06.371 UTC,1.40249,1.40238,0.00144,0.0012
21.10.2025 14:52:07.586 UTC,1.40251,1.4024,0.00225,0.0012
21.10.2025 14:52:07.690 UTC,1.40254,1.40242,0.0036,0.0012
21.10.2025 14:52:07.794 UTC,1.40253,1.40246,0.0036,0.0012
21.10.2025 14:52:16.567 UTC,1.40254,1.40244,0.00405,0.0012
21.10.2025 14:52:16.670 UTC,1.40253,1.40244,0.006,0.00135
21.10.2025 14:52:17.926 UTC,1.40254,1.40243,0.00585,0.00135
21.10.2025 14:52:19.044 UTC,1.40253,1.40243,0.0012,0.00135
21.10.2025 14:52:20.054 UTC,1.40254,1.40243,0.00225,0.00135
21.10.2025 14:52:22.066 UTC,1.40255,1.40243,0.00225,0.00135
21.10.2025 14:52:22.170 UTC,1.40255,1.40244,0.00225,0.0012
21.10.2025 14:52:22.376 UTC,1.40255,1.40244,0.0024,0.0012
21.10.2025 14:52:23.648 UTC,1.40255,1.40244,0.00225,0.0012
21.10.2025 14:52:23.901 UTC,1.40254,1.40245,0.0024,0.0012
21.10.2025 14:52:24.203 UTC,1.40255,1.40244,0.00225,0.0012
21.10.2025 14:52:24.306 UTC,1.40255,1.40244,0.0024,0.0012
21.10.2025 14:52:24.409 UTC,1.40254,1.40243,0.0024,0.00135
21.10.2025 14:52:24.513 UTC,1.40249,1.4024,0.0012,0.0018
21.10.2025 14:52:24.617 UTC,1.40247,1.40238,0.0012,0.0012
21.10.2025 14:52:25.075 UTC,1.40247,1.40238,0.00225,0.0012
21.10.2025 14:52:26.826 UTC,1.40249,1.40239,0.00225,0.00132
21.10.2025 14:52:26.929 UTC,1.40251,1.40239,0.0012,0.0012
21.10.2025 14:52:27.033 UTC,1.4025,1.40239,0.00135,0.0012
21.10.2025 14:52:27.494 UTC,1.4025,1.40241,0.0012,0.0012
21.10.2025 14:52:27.902 UTC,1.40251,1.40241,0.0012,0.00135
21.10.2025 14:52:28.558 UTC,1.40251,1.4024,0.0012,0.0012
21.10.2025 14:52:28.812 UTC,1.40251,1.40241,0.00135,0.0012
21.10.2025 14:52:31.144 UTC,1.40249,1.4024,0.0012,0.00135
21.10.2025 14:52:32.777 UTC,1.4025,1.40238,0.0012,0.00135
21.10.2025 14:52:32.879 UTC,1.40249,1.40238,0.0012,0.0012
21.10.2025 14:52:33.438 UTC,1.4025,1.40239,0.00193,0.00135
21.10.2025 14:52:33.542 UTC,1.40251,1.4024,0.0018,0.0012
21.10.2025 14:52:33.595 UTC,1.40249,1.40239,0.00145,0.00135
21.10.2025 14:52:33.800 UTC,1.4025,1.40238,0.00193,0.0012
21.10.2025 14:52:34.407 UTC,1.40251,1.40238,0.0018,0.0012
21.10.2025 14:52:35.774 UTC,1.40252,1.40241,0.00192,0.0012
21.10.2025 14:52:36.336 UTC,1.40254,1.40242,0.00252,0.0012
21.10.2025 14:52:36.388 UTC,1.40253,1.40244,0.00144,0.0012
21.10.2025 14:52:38.004 UTC,1.40255,1.40243,0.00192,0.0012
21.10.2025 14:52:38.510 UTC,1.40254,1.40243,0.00144,0.0012
21.10.2025 14:52:40.486 UTC,1.40252,1.40242,0.00246,0.00135
21.10.2025 14:52:40.588 UTC,1.4025,1.4024,0.00204,0.0012
21.10.2025 14:52:44.625 UTC,1.4025,1.40239,0.00156,0.0012
21.10.2025 14:52:45.434 UTC,1.40251,1.40239,0.00153,0.0012
21.10.2025 14:52:45.537 UTC,1.40251,1.40239,0.00204,0.0012
21.10.2025 14:52:46.698 UTC,1.40253,1.4024,0.00351,0.0012
21.10.2025 14:52:47.104 UTC,1.40252,1.40241,0.00204,0.00135
21.10.2025 14:52:47.613 UTC,1.40253,1.4024,0.00204,0.0012
21.10.2025 14:52:48.775 UTC,1.40251,1.40241,0.00204,0.00135
21.10.2025 14:52:48.931 UTC,1.40251,1.4024,0.00204,0.0012
21.10.2025 14:52:48.984 UTC,1.40252,1.40241,0.00147,0.0012
21.10.2025 14:52:49.793 UTC,1.4025,1.4024,0.0012,0.0012
21.10.2025 14:52:50.099 UTC,1.40251,1.4024,0.0012,0.0012
21.10.2025 14:52:52.115 UTC,1.40254,1.40243,0.0024,0.0012
21.10.2025 14:52:52.218 UTC,1.40254,1.40243,0.00135,0.00135
21.10.2025 14:52:52.473 UTC,1.40254,1.40244,0.00135,0.00135
21.10.2025 14:52:52.627 UTC,1.40256,1.40244,0.0012,0.0012
21.10.2025 14:52:52.780 UTC,1.40255,1.40245,0.0018,0.0012
21.10.2025 14:52:56.951 UTC,1.40255,1.40244,0.0018,0.0012
21.10.2025 14:53:00.074 UTC,1.40254,1.40242,0.00135,0.0018
21.10.2025 14:53:00.177 UTC,1.40252,1.40241,0.00135,0.0018
21.10.2025 14:53:00.228 UTC,1.40251,1.40242,0.00135,0.0012
21.10.2025 14:53:00.941 UTC,1.40245,1.40236,0.0012,0.00225
21.10.2025 14:53:01.044 UTC,1.40246,1.40236,0.0012,0.00135
21.10.2025 14:53:01.603 UTC,1.40247,1.40234,0.0024,0.00144
21.10.2025 14:53:01.907 UTC,1.40246,1.40235,0.0018,0.00147
21.10.2025 14:53:02.109 UTC,1.40246,1.40236,0.00135,0.00132
21.10.2025 14:53:02.363 UTC,1.40247,1.40235,0.0018,0.00132
21.10.2025 14:53:03.181 UTC,1.40247,1.40237,0.00135,0.00132
21.10.2025 14:53:03.288 UTC,1.40249,1.40238,0.00225,0.0012
21.10.2025 14:53:03.545 UTC,1.40249,1.4024,0.0018,0.0012
21.10.2025 14:53:04.151 UTC,1.40248,1.40242,0.0018,0.0012
21.10.2025 14:53:06.069 UTC,1.40249,1.4024,0.0027,0.0012
21.10.2025 14:53:06.121 UTC,1.40248,1.40239,0.0018,0.00132
21.10.2025 14:53:07.991 UTC,1.40248,1.4024,0.0018,0.00132
21.10.2025 14:53:10.875 UTC,1.40249,1.4024,0.0018,0.0012
21.10.2025 14:53:13.596 UTC,1.40249,1.40241,0.0018,0.0012
21.10.2025 14:53:14.808 UTC,1.40248,1.4024,0.0036,0.00135
21.10.2025 14:53:14.860 UTC,1.40247,1.40237,0.0012,0.0012
21.10.2025 14:53:16.077 UTC,1.40247,1.40238,0.0012,0.00132
21.10.2025 14:53:17.152 UTC,1.4025,1.40239,0.00135,0.00192
21.10.2025 14:53:17.259 UTC,1.40256,1.40243,0.0012,0.00132
21.10.2025 14:53:17.312 UTC,1.40257,1.40243,0.0033,0.00327
21.10.2025 14:53:17.415 UTC,1.40257,1.40243,0.00225,0.00327
21.10.2025 14:53:17.668 UTC,1.40257,1.40243,0.0024,0.00327
21.10.2025 14:53:18.326 UTC,1.40254,1.40244,0.0012,0.00327
21.10.2025 14:53:18.428 UTC,1.40254,1.40244,0.0012,0.00135
21.10.2025 14:53:21.610 UTC,1.40255,1.40244,0.00135,0.00189
21.10.2025 14:53:21.713 UTC,1.40256,1.40244,0.0012,0.00189
21.10.2025 14:53:22.068 UTC,1.40256,1.40244,0.0018,0.00189
21.10.2025 14:53:23.316 UTC,1.40253,1.40244,0.00135,0.00135
21.10.2025 14:53:23.419 UTC,1.40253,1.40244,0.0018,0.00135
21.10.2025 14:53:24.078 UTC,1.4025,1.40238,0.00192,0.0012
21.10.2025 14:53:24.181 UTC,1.40249,1.40239,0.0012,0.0012
21.10.2025 14:53:24.386 UTC,1.40248,1.40239,0.0012,0.0012
21.10.2025 14:53:24.489 UTC,1.40246,1.40239,0.0012,0.0018
21.10.2025 14:53:25.346 UTC,1.40248,1.40238,0.0012,0.0018
21.10.2025 14:53:26.052 UTC,1.40246,1.40238,0.0012,0.0012
21.10.2025 14:53:26.613 UTC,1.40244,1.40239,0.0012,0.0012
21.10.2025 14:53:26.665 UTC,1.40244,1.40233,0.0018,0.00132
21.10.2025 14:53:26.717 UTC,1.40245,1.40237,0.00135,0.0012
21.10.2025 14:53:30.044 UTC,1.40245,1.40237,0.0018,0.0012
21.10.2025 14:53:30.146 UTC,1.40244,1.40238,0.00135,0.0012
21.10.2025 14:53:31.552 UTC,1.40246,1.40237,0.00135,0.0012
21.10.2025 14:53:32.008 UTC,1.40247,1.40238,0.00135,0.00189
21.10.2025 14:53:32.060 UTC,1.4025,1.40238,0.0036,0.0012
21.10.2025 14:53:32.922 UTC,1.40249,1.40238,0.0012,0.00132
21.10.2025 14:53:33.024 UTC,1.40249,1.40239,0.0018,0.0012
21.10.2025 14:53:33.380 UTC,1.4025,1.40239,0.0012,0.00132
21.10.2025 14:53:34.193 UTC,1.40248,1.40239,0.00135,0.0012
21.10.2025 14:53:34.601 UTC,1.40248,1.40239,0.0018,0.0012
21.10.2025 14:53:34.853 UTC,1.40248,1.40237,0.00135,0.00225
21.10.2025 14:53:35.108 UTC,1.40247,1.40239,0.0012,0.0012
21.10.2025 14:53:35.211 UTC,1.40249,1.40238,0.00135,0.0012
21.10.2025 14:53:35.819 UTC,1.4025,1.40238,0.00135,0.00132
21.10.2025 14:53:37.088 UTC,1.40248,1.40239,0.0012,0.0012
21.10.2025 14:53:37.643 UTC,1.40249,1.40238,0.0018,0.0012
21.10.2025 14:53:37.949 UTC,1.40247,1.40238,0.00135,0.00135
21.10.2025 14:53:38.103 UTC,1.4025,1.40237,0.0024,0.00132
21.10.2025 14:53:38.245 UTC,1.4025,1.40237,0.0018,0.00327
21.10.2025 14:53:38.949 UTC,1.40249,1.40238,0.00225,0.00372
21.10.2025 14:53:40.620 UTC,1.4025,1.40239,0.0012,0.0012
21.10.2025 14:53:40.774 UTC,1.40249,1.40241,0.0012,0.00132
21.10.2025 14:53:40.877 UTC,1.4025,1.40241,0.0012,0.0012
21.10.2025 14:53:41.835 UTC,1.40248,1.40241,0.00135,0.0012
21.10.2025 14:53:41.937 UTC,1.40249,1.40239,0.00135,0.0012
21.10.2025 14:53:42.090 UTC,1.40248,1.40239,0.0012,0.0012
21.10.2025 14:53:44.661 UTC,1.40247,1.40238,0.00135,0.00135
21.10.2025 14:53:46.212 UTC,1.40248,1.40238,0.0012,0.0012
21.10.2025 14:53:47.275 UTC,1.4025,1.40238,0.0024,0.0012
21.10.2025 14:53:47.378 UTC,1.4025,1.40238,0.0018,0.00132
21.10.2025 14:53:48.087 UTC,1.40249,1.4024,0.0012,0.00147
21.10.2025 14:53:49.202 UTC,1.4025,1.40243,0.0012,0.0012
21.10.2025 14:53:49.254 UTC,1.40255,1.40244,0.00375,0.0012
21.10.2025 14:53:49.357 UTC,1.40255,1.40244,0.00315,0.0012
21.10.2025 14:53:49.408 UTC,1.40253,1.40244,0.0027,0.0012
21.10.2025 14:53:50.572 UTC,1.40252,1.40244,0.0036,0.00135
21.10.2025 14:53:50.678 UTC,1.40252,1.40242,0.0012,0.0012
21.10.2025 14:53:52.349 UTC,1.4025,1.40239,0.00135,0.0018
21.10.2025 14:53:52.455 UTC,1.4025,1.40239,0.00135,0.00132
21.10.2025 14:53:53.981 UTC,1.40251,1.40239,0.00225,0.00132
21.10.2025 14:53:54.083 UTC,1.40249,1.4024,0.0012,0.00132
21.10.2025 14:53:55.047 UTC,1.4025,1.40239,0.0018,0.0012
21.10.2025 14:53:55.300 UTC,1.4025,1.40239,0.00135,0.0012
21.10.2025 14:53:55.604 UTC,1.40249,1.40239,0.00135,0.0012
21.10.2025 14:53:55.656 UTC,1.40248,1.40237,0.0012,0.00144
21.10.2025 14:53:55.759 UTC,1.40246,1.40238,0.0012,0.00132
21.10.2025 14:53:58.744 UTC,1.40248,1.40237,0.00135,0.0012
21.10.2025 14:53:59.299 UTC,1.40246,1.40238,0.00135,0.0012
21.10.2025 14:53:59.403 UTC,1.40249,1.40237,0.00315,0.00132
21.10.2025 14:53:59.552 UTC,1.40248,1.40238,0.0012,0.00135
21.10.2025 14:54:00.017 UTC,1.4025,1.40238,0.0024,0.0012
21.10.2025 14:54:00.172 UTC,1.40245,1.40237,0.0012,0.00135
21.10.2025 14:54:00.275 UTC,1.40246,1.40235,0.0012,0.0018
21.10.2025 14:54:00.328 UTC,1.40248,1.40237,0.00225,0.00282
21.10.2025 14:54:00.431 UTC,1.4025,1.40239,0.0033,0.0012
21.10.2025 14:54:00.584 UTC,1.4025,1.40238,0.00135,0.00132
21.10.2025 14:54:00.889 UTC,1.4025,1.40238,0.0018,0.00132
21.10.2025 14:54:01.398 UTC,1.40247,1.40237,0.0012,0.00135
21.10.2025 14:54:01.501 UTC,1.40246,1.40236,0.00225,0.00327
21.10.2025 14:54:01.961 UTC,1.40245,1.40234,0.00135,0.00135
21.10.2025 14:54:02.065 UTC,1.40244,1.40233,0.0024,0.0018
21.10.2025 14:54:02.169 UTC,1.40244,1.40234,0.0024,0.00132
21.10.2025 14:54:02.222 UTC,1.40245,1.40235,0.00135,0.00132
21.10.2025 14:54:02.324 UTC,1.40245,1.40236,0.00135,0.0012
21.10.2025 14:54:04.445 UTC,1.40245,1.40237,0.0012,0.0012
21.10.2025 14:54:04.498 UTC,1.40249,1.40238,0.00315,0.0012
21.10.2025 14:54:04.654 UTC,1.40249,1.40239,0.0018,0.0012
21.10.2025 14:54:04.958 UTC,1.40251,1.40239,0.0027,0.0012
21.10.2025 14:54:05.061 UTC,1.40251,1.40239,0.0033,0.0012
21.10.2025 14:54:05.164 UTC,1.40251,1.40239,0.00135,0.0012
21.10.2025 14:54:05.369 UTC,1.40252,1.4024,0.0012,0.00132
21.10.2025 14:54:05.472 UTC,1.40253,1.40241,0.00225,0.0012
21.10.2025 14:54:05.985 UTC,1.40252,1.40241,0.0012,0.0012
21.10.2025 14:54:09.471 UTC,1.40252,1.4024,0.0018,0.00135
21.10.2025 14:54:09.574 UTC,1.4025,1.4024,0.00135,0.00135
21.10.2025 14:54:09.881 UTC,1.40251,1.4024,0.00135,0.0012
21.10.2025 14:54:10.084 UTC,1.40251,1.4024,0.0024,0.0012
21.10.2025 14:54:12.310 UTC,1.40251,1.40242,0.00135,0.0012
21.10.2025 14:54:12.412 UTC,1.40252,1.40241,0.0018,0.0012
21.10.2025 14:54:12.514 UTC,1.40251,1.40242,0.00135,0.0012
21.10.2025 14:54:13.811 UTC,1.40249,1.4024,0.0012,0.00132
21.10.2025 14:54:13.914 UTC,1.40249,1.40241,0.00135,0.0012
21.10.2025 14:54:14.422 UTC,1.40251,1.4024,0.0012,0.0012
21.10.2025 14:54:16.652 UTC,1.40251,1.4024,0.0018,0.0012
21.10.2025 14:54:17.008 UTC,1.40251,1.4024,0.00135,0.0012
21.10.2025 14:54:17.261 UTC,1.40251,1.4024,0.0018,0.00132
21.10.2025 14:54:17.767 UTC,1.40249,1.40239,0.0012,0.0012
21.10.2025 14:54:17.871 UTC,1.40245,1.40237,0.0012,0.0018
21.10.2025 14:54:17.973 UTC,1.40245,1.40236,0.0012,0.0012
21.10.2025 14:54:18.229 UTC,1.40246,1.40236,0.0018,0.0012
21.10.2025 14:54:18.785 UTC,1.40246,1.40235,0.0018,0.0012
21.10.2025 14:54:20.336 UTC,1.40247,1.40236,0.00135,0.00132
21.10.2025 14:54:20.440 UTC,1.40249,1.40239,0.0012,0.0012
21.10.2025 14:54:20.493 UTC,1.40247,1.40236,0.0012,0.00144
21.10.2025 14:54:22.273 UTC,1.40244,1.40236,0.0012,0.0012
21.10.2025 14:54:22.428 UTC,1.40243,1.40234,0.00195,0.0012
21.10.2025 14:54:22.480 UTC,1.40245,1.40234,0.0018,0.0012
21.10.2025 14:54:22.736 UTC,1.40244,1.40232,0.00195,0.00192
21.10.2025 14:54:22.839 UTC,1.40244,1.40235,0.0018,0.0012
21.10.2025 14:54:22.942 UTC,1.40245,1.40234,0.0018,0.0012
21.10.2025 14:54:23.297 UTC,1.40245,1.40234,0.0012,0.0012
21.10.2025 14:54:23.501 UTC,1.40244,1.40235,0.00135,0.0012
21.10.2025 14:54:23.704 UTC,1.40244,1.40235,0.0024,0.0012
21.10.2025 14:54:25.271 UTC,1.40242,1.40232,0.0012,0.0018
21.10.2025 14:54:25.375 UTC,1.40241,1.40231,0.0012,0.0012
21.10.2025 14:54:25.478 UTC,1.40242,1.40231,0.00225,0.0012
21.10.2025 14:54:25.684 UTC,1.40242,1.40232,0.00135,0.0012
21.10.2025 14:54:26.454 UTC,1.40241,1.40233,0.0018,0.0012
21.10.2025 14:54:26.562 UTC,1.40242,1.40232,0.00135,0.0012
21.10.2025 14:54:29.450 UTC,1.40244,1.40234,0.0024,0.00132
21.10.2025 14:54:29.552 UTC,1.40245,1.40234,0.0024,0.0012
21.10.2025 14:54:29.654 UTC,1.40245,1.40234,0.00135,0.0012
21.10.2025 14:54:30.366 UTC,1.40247,1.40235,0.00315,0.00132
21.10.2025 14:54:31.288 UTC,1.40246,1.40234,0.0012,0.00144
21.10.2025 14:54:31.392 UTC,1.40244,1.40235,0.00135,0.00132
21.10.2025 14:54:35.364 UTC,1.40246,1.40235,0.00135,0.00132
21.10.2025 14:54:35.467 UTC,1.40245,1.40234,0.00135,0.0012
21.10.2025 14:54:35.570 UTC,1.40244,1.40234,0.00135,0.0012
21.10.2025 14:54:35.823 UTC,1.40244,1.40232,0.0018,0.00147
21.10.2025 14:54:35.925 UTC,1.40243,1.40233,0.00135,0.00132
21.10.2025 14:54:38.044 UTC,1.40244,1.40232,0.0012,0.00387
21.10.2025 14:54:38.147 UTC,1.40245,1.40235,0.0012,0.00132
21.10.2025 14:54:38.353 UTC,1.40245,1.40236,0.00135,0.00132
21.10.2025 14:54:39.612 UTC,1.40247,1.40235,0.00135,0.00132
21.10.2025 14:54:39.764 UTC,1.40247,1.40235,0.0018,0.00132
21.10.2025 14:54:40.773 UTC,1.40247,1.40235,0.00195,0.0012
21.10.2025 14:54:40.876 UTC,1.40246,1.40234,0.0018,0.00132
21.10.2025 14:54:41.326 UTC,1.40247,1.40236,0.00285,0.00132
21.10.2025 14:54:41.379 UTC,1.40247,1.40236,0.0018,0.00372
21.10.2025 14:54:41.431 UTC,1.40247,1.40235,0.0024,0.00132
21.10.2025 14:54:41.534 UTC,1.40245,1.40234,0.00225,0.00135
21.10.2025 14:54:41.637 UTC,1.40244,1.40233,0.00225,0.00144
21.10.2025 14:54:42.095 UTC,1.40245,1.40233,0.00225,0.00132
21.10.2025 14:54:42.197 UTC,1.40245,1.40233,0.0024,0.00132
21.10.2025 14:54:43.005 UTC,1.40244,1.40234,0.00225,0.00132
21.10.2025 14:54:45.420 UTC,1.40245,1.40233,0.0018,0.00147
21.10.2025 14:54:47.382 UTC,1.40245,1.40236,0.00135,0.00132
21.10.2025 14:54:47.487 UTC,1.40249,1.40239,0.0012,0.00132
21.10.2025 14:54:47.590 UTC,1.40249,1.4024,0.0012,0.0012
21.10.2025 14:54:47.846 UTC,1.40248,1.40241,0.0012,0.00147
21.10.2025 14:54:49.271 UTC,1.40248,1.40241,0.0012,0.00135
21.10.2025 14:54:51.040 UTC,1.40248,1.40243,0.0012,0.0012
21.10.2025 14:54:52.708 UTC,1.40248,1.40241,0.0012,0.00135
21.10.2025 14:54:53.776 UTC,1.40251,1.4024,0.0024,0.0012
21.10.2025 14:54:54.232 UTC,1.40246,1.40237,0.00135,0.0018
21.10.2025 14:54:54.336 UTC,1.40244,1.40234,0.0012,0.0012
21.10.2025 14:54:54.490 UTC,1.40244,1.40235,0.0012,0.0012
21.10.2025 14:54:55.804 UTC,1.40244,1.40236,0.0012,0.00132
21.10.2025 14:54:55.856 UTC,1.40246,1.40237,0.0012,0.00132
21.10.2025 14:54:56.013 UTC,1.40248,1.40236,0.0012,0.00192
21.10.2025 14:54:58.081 UTC,1.4025,1.40238,0.00225,0.00144
21.10.2025 14:54:58.996 UTC,1.40249,1.40239,0.0018,0.00144
21.10.2025 14:54:59.502 UTC,1.4025,1.40238,0.00135,0.00144
21.10.2025 14:55:00.057 UTC,1.4025,1.40238,0.0018,0.00144
21.10.2025 14:55:00.519 UTC,1.40247,1.40238,0.0012,0.00135
21.10.2025 14:55:00.622 UTC,1.40248,1.40237,0.0024,0.00192
21.10.2025 14:55:01.233 UTC,1.40248,1.40236,0.0018,0.00144
21.10.2025 14:55:01.286 UTC,1.40244,1.40235,0.0012,0.0018
21.10.2025 14:55:01.389 UTC,1.40244,1.40234,0.0012,0.0012
21.10.2025 14:55:01.543 UTC,1.40242,1.40232,0.0012,0.00135
21.10.2025 14:55:01.697 UTC,1.40241,1.40232,0.00135,0.00132
21.10.2025 14:55:06.961 UTC,1.40243,1.40232,0.00135,0.0012
21.10.2025 14:55:09.876 UTC,1.40242,1.40232,0.0012,0.0012
21.10.2025 14:55:09.981 UTC,1.40241,1.40232,0.0012,0.0012
21.10.2025 14:55:10.287 UTC,1.40244,1.40233,0.0027,0.0012
21.10.2025 14:55:11.100 UTC,1.40243,1.40233,0.0012,0.0012
21.10.2025 14:55:11.203 UTC,1.40242,1.40232,0.0012,0.0012
21.10.2025 14:55:11.357 UTC,1.40242,1.40233,0.00135,0.00132
21.10.2025 14:55:11.461 UTC,1.40244,1.40234,0.0012,0.00372
21.10.2025 14:55:15.852 UTC,1.40244,1.40234,0.0012,0.0012
21.10.2025 14:55:16.324 UTC,1.40243,1.40232,0.00135,0.00144
21.10.2025 14:55:18.361 UTC,1.40242,1.40234,0.0012,0.00132
21.10.2025 14:55:18.464 UTC,1.40244,1.40232,0.0012,0.00147
21.10.2025 14:55:19.272 UTC,1.40245,1.40233,0.00135,0.00132
21.10.2025 14:55:19.375 UTC,1.40244,1.40233,0.0012,0.00132
21.10.2025 14:55:22.705 UTC,1.40242,1.40232,0.00135,0.00144
21.10.2025 14:55:23.011 UTC,1.40243,1.40231,0.0018,0.00132
21.10.2025 14:55:23.367 UTC,1.40243,1.40229,0.00285,0.00192
21.10.2025 14:55:23.470 UTC,1.40244,1.4023,0.00285,0.00132
21.10.2025 14:55:23.703 UTC,1.40243,1.40232,0.0018,0.00132
21.10.2025 14:55:24.718 UTC,1.40244,1.40231,0.0012,0.00132
21.10.2025 14:55:25.123 UTC,1.40244,1.4023,0.00249,0.00144
21.10.2025 14:55:25.226 UTC,1.40244,1.4023,0.00252,0.00144
21.10.2025 14:55:25.533 UTC,1.40244,1.4023,0.00261,0.00144
21.10.2025 14:55:25.686 UTC,1.40242,1.4023,0.00144,0.00144
21.10.2025 14:55:26.444 UTC,1.40241,1.4023,0.0024,0.00192
21.10.2025 14:55:26.547 UTC,1.40241,1.40228,0.00225,0.00192
21.10.2025 14:55:26.701 UTC,1.4024,1.40229,0.0024,0.00192
21.10.2025 14:55:27.157 UTC,1.40238,1.40227,0.0042,0.00135
21.10.2025 14:55:27.261 UTC,1.40237,1.40227,0.00285,0.0012
21.10.2025 14:55:29.078 UTC,1.40237,1.40228,0.00432,0.0012
21.10.2025 14:55:29.331 UTC,1.40237,1.40227,0.00147,0.0012
21.10.2025 14:55:29.435 UTC,1.40235,1.40228,0.00249,0.0012
21.10.2025 14:55:30.296 UTC,1.40235,1.40228,0.00135,0.0012
21.10.2025 14:55:30.551 UTC,1.40237,1.40227,0.0012,0.0012
21.10.2025 14:55:31.068 UTC,1.40236,1.40227,0.0024,0.0012
21.10.2025 14:55:31.120 UTC,1.40237,1.40227,0.0012,0.00282
21.10.2025 14:55:31.174 UTC,1.40238,1.40228,0.00225,0.00132
21.10.2025 14:55:31.226 UTC,1.40241,1.40229,0.0018,0.00132
21.10.2025 14:55:31.434 UTC,1.40243,1.4023,0.00192,0.0012
21.10.2025 14:55:31.536 UTC,1.40242,1.40229,0.00144,0.00144
21.10.2025 14:55:31.793 UTC,1.40242,1.40229,0.00192,0.00132
21.10.2025 14:55:32.351 UTC,1.4024,1.40228,0.0024,0.00294
21.10.2025 14:55:32.505 UTC,1.40239,1.40227,0.00249,0.0012
21.10.2025 14:55:33.415 UTC,1.40238,1.40228,0.00342,0.0012
21.10.2025 14:55:33.618 UTC,1.40239,1.40227,0.00252,0.0012
21.10.2025 14:55:33.822 UTC,1.40239,1.40225,0.00342,0.00144
21.10.2025 14:55:34.075 UTC,1.40239,1.40225,0.00351,0.00144
21.10.2025 14:55:34.381 UTC,1.40239,1.40225,0.00441,0.00132
21.10.2025 14:55:34.584 UTC,1.40238,1.40226,0.00441,0.00132
21.10.2025 14:55:34.891 UTC,1.4024,1.40226,0.00288,0.00432
21.10.2025 14:55:34.996 UTC,1.40239,1.40228,0.0012,0.00372
21.10.2025 14:55:35.202 UTC,1.40239,1.40228,0.00192,0.00192
21.10.2025 14:55:35.663 UTC,1.40241,1.40227,0.00192,0.00147
21.10.2025 14:55:35.764 UTC,1.40238,1.40227,0.0012,0.00147
21.10.2025 14:55:35.918 UTC,1.40237,1.40226,0.0012,0.00192
21.10.2025 14:55:36.073 UTC,1.40238,1.40227,0.0012,0.00147
21.10.2025 14:55:36.836 UTC,1.40238,1.40227,0.0012,0.00144
21.10.2025 14:55:37.095 UTC,1.40235,1.40227,0.0012,0.00327
21.10.2025 14:55:37.200 UTC,1.40236,1.40226,0.0012,0.00144
21.10.2025 14:55:37.355 UTC,1.40236,1.40226,0.0012,0.00192
21.10.2025 14:55:37.967 UTC,1.4024,1.40229,0.0027,0.00192
21.10.2025 14:55:38.070 UTC,1.40239,1.40228,0.0012,0.00327
21.10.2025 14:55:38.173 UTC,1.40239,1.4023,0.0018,0.00327
21.10.2025 14:55:38.479 UTC,1.40238,1.40229,0.0012,0.00204
21.10.2025 14:55:38.582 UTC,1.40237,1.40229,0.0012,0.00192
21.10.2025 14:55:38.634 UTC,1.40238,1.40228,0.0012,0.00144
21.10.2025 14:55:38.737 UTC,1.40239,1.40228,0.0012,0.00327
21.10.2025 14:55:39.093 UTC,1.40238,1.40228,0.0012,0.00144
21.10.2025 14:55:39.598 UTC,1.40239,1.40228,0.0012,0.00144
21.10.2025 14:55:39.701 UTC,1.40239,1.40231,0.0012,0.00225
21.10.2025 14:55:39.804 UTC,1.4024,1.40233,0.0012,0.0012
21.10.2025 14:55:39.856 UTC,1.40243,1.40235,0.0012,0.00237
21.10.2025 14:55:42.831 UTC,1.40241,1.40234,0.0012,0.0012
21.10.2025 14:55:42.983 UTC,1.40244,1.40234,0.0012,0.00327
21.10.2025 14:55:45.410 UTC,1.40244,1.40234,0.0012,0.00144
21.10.2025 14:55:47.075 UTC,1.40242,1.40234,0.0012,0.00387
21.10.2025 14:55:47.277 UTC,1.40244,1.40233,0.0012,0.00387
21.10.2025 14:55:47.831 UTC,1.40243,1.40233,0.0012,0.00387
21.10.2025 14:55:48.035 UTC,1.40244,1.40233,0.0012,0.00342
21.10.2025 14:55:48.238 UTC,1.40242,1.40234,0.0012,0.00387
21.10.2025 14:55:48.443 UTC,1.40241,1.40231,0.0012,0.00342
21.10.2025 14:55:48.495 UTC,1.40241,1.40231,0.0012,0.00372
21.10.2025 14:55:48.903 UTC,1.4024,1.40232,0.0018,0.00144
21.10.2025 14:55:49.056 UTC,1.40241,1.40231,0.0018,0.00192
21.10.2025 14:55:49.815 UTC,1.40238,1.40231,0.0012,0.0018
21.10.2025 14:55:49.921 UTC,1.4024,1.40229,0.0012,0.00192
21.10.2025 14:55:50.782 UTC,1.40241,1.40229,0.0012,0.00192
21.10.2025 14:55:50.886 UTC,1.40242,1.40229,0.00225,0.00207
21.10.2025 14:55:52.412 UTC,1.40242,1.4023,0.00135,0.00327
21.10.2025 14:55:52.515 UTC,1.40243,1.40233,0.0018,0.00192
21.10.2025 14:55:52.620 UTC,1.40245,1.40233,0.00135,0.00327
21.10.2025 14:55:52.722 UTC,1.40246,1.40233,0.0033,0.00327
21.10.2025 14:55:52.874 UTC,1.40246,1.40233,0.00285,0.00327
21.10.2025 14:55:56.102 UTC,1.40245,1.40234,0.00135,0.00372
21.10.2025 14:55:56.305 UTC,1.40246,1.40233,0.0018,0.00327
21.10.2025 14:55:57.216 UTC,1.40245,1.40231,0.0024,0.00477
21.10.2025 14:55:57.268 UTC,1.40245,1.40235,0.0018,0.00282
21.10.2025 14:55:57.484 UTC,1.40246,1.40234,0.00135,0.00144
21.10.2025 14:55:57.954 UTC,1.40245,1.40235,0.0018,0.00144
21.10.2025 14:55:58.764 UTC,1.40246,1.40234,0.0018,0.00327
21.10.2025 14:55:58.866 UTC,1.40246,1.40234,0.00135,0.00327
21.10.2025 14:56:00.976 UTC,1.40244,1.40235,0.00135,0.00144
21.10.2025 14:56:01.082 UTC,1.40244,1.40233,0.0012,0.00204
21.10.2025 14:56:01.186 UTC,1.40245,1.40233,0.0012,0.00189
21.10.2025 14:56:01.744 UTC,1.40245,1.40233,0.0018,0.00144
21.10.2025 14:56:02.249 UTC,1.40244,1.40234,0.00135,0.00144
21.10.2025 14:56:02.602 UTC,1.40244,1.40233,0.0012,0.00144
21.10.2025 14:56:02.755 UTC,1.40244,1.40232,0.0018,0.0018
21.10.2025 14:56:02.858 UTC,1.40244,1.40232,0.00135,0.00135
21.10.2025 14:56:06.183 UTC,1.40244,1.40232,0.0018,0.00135
21.10.2025 14:56:06.689 UTC,1.40244,1.40232,0.00135,0.00132
21.10.2025 14:56:06.792 UTC,1.40244,1.40233,0.00225,0.00372
21.10.2025 14:56:07.297 UTC,1.40245,1.40232,0.0024,0.00327
21.10.2025 14:56:09.060 UTC,1.40245,1.40235,0.00195,0.00132
21.10.2025 14:56:09.165 UTC,1.4025,1.40241,0.00735,0.0012
21.10.2025 14:56:09.270 UTC,1.40254,1.40243,0.0012,0.00342
21.10.2025 14:56:09.322 UTC,1.40252,1.40243,0.0012,0.00342
21.10.2025 14:56:10.085 UTC,1.40253,1.40242,0.0012,0.00144
21.10.2025 14:56:10.239 UTC,1.40252,1.4024,0.0012,0.00342
21.10.2025 14:56:10.341 UTC,1.40252,1.4024,0.0012,0.00327
21.10.2025 14:56:10.495 UTC,1.40252,1.4024,0.0018,0.00252
21.10.2025 14:56:10.547 UTC,1.40251,1.40238,0.00315,0.00417
21.10.2025 14:56:10.650 UTC,1.40251,1.40239,0.00315,0.00237
21.10.2025 14:56:10.754 UTC,1.40252,1.40239,0.00135,0.00327
21.10.2025 14:56:10.967 UTC,1.40252,1.40239,0.0018,0.00327
21.10.2025 14:56:11.384 UTC,1.40252,1.40239,0.00135,0.00372
21.10.2025 14:56:11.739 UTC,1.40252,1.40239,0.0018,0.00327
21.10.2025 14:56:11.942 UTC,1.40252,1.40239,0.00135,0.00372
21.10.2025 14:56:12.044 UTC,1.40252,1.40239,0.0018,0.00327
21.10.2025 14:56:12.754 UTC,1.40252,1.40239,0.00135,0.00372
21.10.2025 14:56:13.110 UTC,1.40251,1.40239,0.00135,0.00327
21.10.2025 14:56:14.368 UTC,1.40252,1.40242,0.0033,0.00132
21.10.2025 14:56:14.470 UTC,1.40253,1.40242,0.0033,0.00132
21.10.2025 14:56:14.573 UTC,1.40253,1.40242,0.00225,0.00132
21.10.2025 14:56:14.675 UTC,1.40253,1.40242,0.0024,0.00132
21.10.2025 14:56:15.432 UTC,1.40253,1.40242,0.00225,0.00132
21.10.2025 14:56:16.488 UTC,1.40253,1.40242,0.0024,0.0012
21.10.2025 14:56:17.091 UTC,1.40251,1.4024,0.0012,0.00132
21.10.2025 14:56:17.245 UTC,1.40252,1.4024,0.00135,0.00282
21.10.2025 14:56:21.887 UTC,1.40252,1.40242,0.00135,0.00132
21.10.2025 14:56:22.039 UTC,1.40252,1.40242,0.0018,0.00132
21.10.2025 14:56:23.047 UTC,1.40253,1.40242,0.00135,0.0012
21.10.2025 14:56:23.151 UTC,1.40255,1.40242,0.0024,0.00132
21.10.2025 14:56:23.305 UTC,1.40252,1.40241,0.0012,0.00192
21.10.2025 14:56:23.458 UTC,1.40252,1.40241,0.00135,0.00132
21.10.2025 14:56:24.468 UTC,1.40252,1.40242,0.0018,0.00282
21.10.2025 14:56:25.076 UTC,1.40251,1.40242,0.0012,0.00132
21.10.2025 14:56:25.586 UTC,1.40252,1.40241,0.0012,0.00327
21.10.2025 14:56:25.890 UTC,1.40252,1.40241,0.0012,0.00132
21.10.2025 14:56:28.150 UTC,1.40252,1.40242,0.00135,0.00132
21.10.2025 14:56:28.253 UTC,1.40252,1.40241,0.00135,0.00132
21.10.2025 14:56:32.046 UTC,1.40253,1.40241,0.00135,0.00132
21.10.2025 14:56:33.102 UTC,1.40253,1.40241,0.0018,0.00132
21.10.2025 14:56:33.254 UTC,1.40253,1.40241,0.00135,0.00132
21.10.2025 14:56:33.356 UTC,1.40251,1.40242,0.00135,0.00132
21.10.2025 14:56:33.914 UTC,1.40249,1.4024,0.00135,0.0012
21.10.2025 14:56:34.017 UTC,1.4025,1.40238,0.0018,0.00135
21.10.2025 14:56:34.126 UTC,1.40251,1.40239,0.00315,0.00132
21.10.2025 14:56:34.332 UTC,1.40251,1.4024,0.00135,0.0012
21.10.2025 14:56:35.541 UTC,1.40252,1.4024,0.00135,0.00132
21.10.2025 14:56:35.995 UTC,1.40254,1.40241,0.0024,0.00132
21.10.2025 14:56:41.091 UTC,1.40252,1.4024,0.00135,0.00132
21.10.2025 14:56:42.547 UTC,1.40252,1.40241,0.0018,0.00282
21.10.2025 14:56:43.051 UTC,1.40252,1.40241,0.00135,0.00417
21.10.2025 14:56:43.153 UTC,1.40253,1.40241,0.0018,0.00132
21.10.2025 14:56:44.259 UTC,1.40255,1.40241,0.00465,0.00132
21.10.2025 14:56:44.461 UTC,1.40253,1.40242,0.0012,0.00132
21.10.2025 14:56:44.765 UTC,1.40255,1.40241,0.00285,0.00132
21.10.2025 14:56:45.070 UTC,1.40255,1.40241,0.00252,0.00372
21.10.2025 14:56:45.174 UTC,1.40256,1.40242,0.00297,0.00132
21.10.2025 14:56:45.378 UTC,1.40256,1.40242,0.00249,0.00372
21.10.2025 14:56:45.481 UTC,1.40256,1.40242,0.00297,0.00132
21.10.2025 14:56:45.584 UTC,1.40256,1.40242,0.00306,0.0012
21.10.2025 14:56:45.688 UTC,1.40253,1.40241,0.00144,0.0012
21.10.2025 14:56:45.945 UTC,1.40254,1.40242,0.00342,0.00282
21.10.2025 14:56:46.049 UTC,1.40256,1.40242,0.00297,0.00282
21.10.2025 14:56:46.404 UTC,1.40256,1.40242,0.00297,0.00372
21.10.2025 14:56:46.509 UTC,1.40255,1.40243,0.00297,0.00372
21.10.2025 14:56:47.015 UTC,1.40256,1.40242,0.00252,0.00372
21.10.2025 14:56:47.117 UTC,1.40256,1.40242,0.00237,0.00372
21.10.2025 14:56:47.622 UTC,1.40255,1.40242,0.00252,0.00144
21.10.2025 14:56:47.724 UTC,1.40255,1.40242,0.00252,0.0012
21.10.2025 14:56:48.131 UTC,1.40254,1.40242,0.0012,0.0012
21.10.2025 14:56:48.737 UTC,1.40255,1.40242,0.00285,0.0012
21.10.2025 14:56:49.600 UTC,1.40252,1.40243,0.0012,0.0012
21.10.2025 14:56:50.003 UTC,1.40254,1.40242,0.00192,0.0012
21.10.2025 14:56:50.810 UTC,1.40253,1.40243,0.00192,0.0012
21.10.2025 14:56:52.073 UTC,1.40255,1.40242,0.00252,0.0012
21.10.2025 14:56:52.984 UTC,1.40255,1.40242,0.00252,0.00132
21.10.2025 14:56:53.540 UTC,1.40254,1.40243,0.00252,0.00132
21.10.2025 14:56:54.196 UTC,1.40254,1.40242,0.00351,0.00144
21.10.2025 14:56:54.349 UTC,1.40252,1.40241,0.00192,0.00282
21.10.2025 14:56:54.604 UTC,1.40252,1.40239,0.00192,0.00135
21.10.2025 14:56:54.657 UTC,1.4025,1.4024,0.00144,0.00144
21.10.2025 14:56:55.825 UTC,1.40251,1.40239,0.0018,0.00144
21.10.2025 14:56:56.079 UTC,1.40248,1.40237,0.0012,0.00342
21.10.2025 14:56:56.183 UTC,1.40246,1.40237,0.0012,0.00294
21.10.2025 14:56:56.410 UTC,1.40247,1.40236,0.00144,0.00135
21.10.2025 14:56:56.562 UTC,1.40246,1.40237,0.00192,0.00135
21.10.2025 14:56:56.666 UTC,1.40246,1.40236,0.00249,0.00135
21.10.2025 14:57:01.954 UTC,1.40245,1.40236,0.00252,0.00135
21.10.2025 14:57:02.109 UTC,1.40245,1.40236,0.00342,0.00135
21.10.2025 14:57:02.716 UTC,1.40245,1.40236,0.00375,0.00135
21.10.2025 14:57:03.765 UTC,1.40244,1.40231,0.0012,0.00192
21.10.2025 14:57:03.817 UTC,1.40244,1.40237,0.00252,0.00135
21.10.2025 14:57:04.074 UTC,1.40243,1.4023,0.00192,0.00192
21.10.2025 14:57:04.229 UTC,1.40241,1.40229,0.00192,0.0018
21.10.2025 14:57:04.332 UTC,1.4024,1.40229,0.0033,0.0012
21.10.2025 14:57:04.384 UTC,1.40241,1.40233,0.0033,0.0027
21.10.2025 14:57:04.840 UTC,1.4024,1.40234,0.0027,0.0027
21.10.2025 14:57:05.295 UTC,1.40241,1.40233,0.00192,0.0027
21.10.2025 14:57:06.815 UTC,1.4024,1.40226,0.00192,0.0018
21.10.2025 14:57:06.868 UTC,1.40237,1.40225,0.0018,0.0018
21.10.2025 14:57:06.971 UTC,1.40236,1.40224,0.00135,0.0012
21.10.2025 14:57:07.481 UTC,1.40235,1.40224,0.0012,0.0012
21.10.2025 14:57:07.584 UTC,1.40234,1.40224,0.0012,0.00135
21.10.2025 14:57:07.838 UTC,1.40236,1.40223,0.00135,0.00144
21.10.2025 14:57:07.942 UTC,1.40234,1.40224,0.0012,0.00144
21.10.2025 14:57:09.412 UTC,1.40234,1.40221,0.00135,0.0018
21.10.2025 14:57:09.516 UTC,1.40234,1.40221,0.00135,0.00135
21.10.2025 14:57:09.669 UTC,1.40234,1.40221,0.00135,0.0018
21.10.2025 14:57:09.924 UTC,1.40235,1.40223,0.00135,0.0012
21.10.2025 14:57:09.976 UTC,1.40237,1.40224,0.0018,0.00192
21.10.2025 14:57:10.080 UTC,1.40237,1.40229,0.0012,0.00144
21.10.2025 14:57:10.284 UTC,1.40239,1.40229,0.0018,0.00135
21.10.2025 14:57:10.540 UTC,1.40238,1.40229,0.0018,0.0012
21.10.2025 14:57:10.792 UTC,1.40237,1.40228,0.0024,0.0012
21.10.2025 14:57:11.553 UTC,1.40239,1.40228,0.0018,0.0012
21.10.2025 14:57:12.012 UTC,1.40238,1.40227,0.00225,0.00207
21.10.2025 14:57:12.114 UTC,1.40239,1.40228,0.0018,0.0012
21.10.2025 14:57:13.175 UTC,1.40239,1.40229,0.0018,0.0012
21.10.2025 14:57:13.478 UTC,1.40239,1.40228,0.00315,0.0012
21.10.2025 14:57:14.491 UTC,1.40238,1.40227,0.00405,0.00204
21.10.2025 14:57:14.594 UTC,1.40237,1.40224,0.0012,0.00207
21.10.2025 14:57:14.849 UTC,1.40237,1.40225,0.0012,0.00132
21.10.2025 14:57:15.053 UTC,1.40236,1.40224,0.0012,0.00132
21.10.2025 14:57:15.105 UTC,1.40233,1.40222,0.0018,0.00387
21.10.2025 14:57:15.209 UTC,1.40234,1.40221,0.0012,0.00387
21.10.2025 14:57:15.313 UTC,1.40234,1.40221,0.0012,0.00351
21.10.2025 14:57:16.223 UTC,1.40234,1.40223,0.00135,0.00207
21.10.2025 14:57:16.841 UTC,1.40233,1.40223,0.00135,0.00192
21.10.2025 14:57:18.215 UTC,1.40234,1.40223,0.00135,0.00207
21.10.2025 14:57:19.128 UTC,1.40234,1.40222,0.0012,0.0018
21.10.2025 14:57:19.231 UTC,1.40233,1.40222,0.00225,0.00294
21.10.2025 14:57:20.345 UTC,1.40234,1.40222,0.0012,0.00192
21.10.2025 14:57:20.548 UTC,1.40235,1.40222,0.00315,0.00192
21.10.2025 14:57:20.749 UTC,1.40235,1.40222,0.0033,0.00192
21.10.2025 14:57:21.254 UTC,1.40235,1.40222,0.0033,0.00135
21.10.2025 14:57:21.356 UTC,1.40235,1.40222,0.00225,0.00135
21.10.2025 14:57:21.964 UTC,1.40235,1.40222,0.0024,0.00135
21.10.2025 14:57:22.066 UTC,1.40233,1.40222,0.0012,0.00135
21.10.2025 14:57:22.170 UTC,1.40235,1.40222,0.00225,0.00135
21.10.2025 14:57:22.473 UTC,1.40234,1.40222,0.0012,0.0018
21.10.2025 14:57:23.738 UTC,1.40234,1.40223,0.00225,0.0018
21.10.2025 14:57:23.841 UTC,1.40233,1.40223,0.00135,0.00135
21.10.2025 14:57:25.876 UTC,1.40235,1.40222,0.00225,0.00135
21.10.2025 14:57:27.090 UTC,1.40232,1.40223,0.00135,0.00135
21.10.2025 14:57:27.393 UTC,1.40233,1.40223,0.00135,0.00135
21.10.2025 14:57:27.496 UTC,1.40234,1.40223,0.0012,0.0012
21.10.2025 14:57:28.102 UTC,1.40233,1.40223,0.0012,0.0012
21.10.2025 14:57:28.457 UTC,1.40232,1.40222,0.0012,0.0018
21.10.2025 14:57:28.610 UTC,1.40233,1.40221,0.0012,0.00135
21.10.2025 14:57:28.917 UTC,1.4023,1.40221,0.00132,0.0018
21.10.2025 14:57:29.020 UTC,1.40233,1.4022,0.00252,0.0018
21.10.2025 14:57:29.123 UTC,1.40232,1.4022,0.0012,0.0027
21.10.2025 14:57:29.630 UTC,1.40232,1.40221,0.00261,0.00225
21.10.2025 14:57:30.088 UTC,1.40229,1.4022,0.0012,0.0018
21.10.2025 14:57:30.243 UTC,1.4023,1.40217,0.00246,0.0018
21.10.2025 14:57:30.347 UTC,1.40229,1.40218,0.00297,0.00135
21.10.2025 14:57:30.552 UTC,1.40229,1.40215,0.00108,0.00195
21.10.2025 14:57:30.655 UTC,1.40228,1.40215,0.00225,0.0012
21.10.2025 14:57:31.721 UTC,1.40228,1.40215,0.00249,0.0018
21.10.2025 14:57:31.873 UTC,1.40227,1.40216,0.00192,0.0018
21.10.2025 14:57:31.976 UTC,1.40228,1.40215,0.00144,0.0018
21.10.2025 14:57:32.672 UTC,1.40228,1.40215,0.00192,0.0018
21.10.2025 14:57:33.129 UTC,1.40228,1.40215,0.00234,0.0018
21.10.2025 14:57:33.232 UTC,1.40227,1.40214,0.0012,0.00285
21.10.2025 14:57:33.336 UTC,1.40227,1.40213,0.00294,0.0042
21.10.2025 14:57:33.490 UTC,1.40225,1.40214,0.0012,0.00135
21.10.2025 14:57:35.306 UTC,1.40226,1.40216,0.0018,0.0012
21.10.2025 14:57:35.410 UTC,1.40227,1.40217,0.00135,0.0012
21.10.2025 14:57:35.514 UTC,1.40227,1.40214,0.00225,0.0024
21.10.2025 14:57:35.567 UTC,1.40226,1.40215,0.00237,0.0024
21.10.2025 14:57:35.618 UTC,1.40227,1.40214,0.00225,0.0024
21.10.2025 14:57:35.771 UTC,1.40227,1.40215,0.0024,0.00135
21.10.2025 14:57:36.125 UTC,1.40226,1.40215,0.00261,0.00135
21.10.2025 14:57:37.088 UTC,1.40225,1.40214,0.00252,0.0033
21.10.2025 14:57:37.292 UTC,1.40225,1.40214,0.00225,0.00375
21.10.2025 14:57:37.445 UTC,1.40226,1.40213,0.0024,0.0033
21.10.2025 14:57:37.547 UTC,1.40226,1.40213,0.00258,0.00315
21.10.2025 14:57:37.650 UTC,1.40224,1.40213,0.00135,0.00225
21.10.2025 14:57:37.955 UTC,1.40225,1.40214,0.00204,0.0012
21.10.2025 14:57:38.008 UTC,1.40223,1.40213,0.00192,0.00225
21.10.2025 14:57:38.112 UTC,1.40221,1.40214,0.00156,0.0012
21.10.2025 14:57:38.268 UTC,1.40221,1.40211,0.00204,0.00225
21.10.2025 14:57:39.538 UTC,1.40222,1.40213,0.00156,0.0012
21.10.2025 14:57:39.641 UTC,1.40223,1.40213,0.00243,0.0012
21.10.2025 14:57:39.745 UTC,1.40224,1.40213,0.00264,0.0012
21.10.2025 14:57:40.204 UTC,1.40223,1.40213,0.00159,0.0012
21.10.2025 14:57:40.763 UTC,1.40222,1.40214,0.00246,0.0012
21.10.2025 14:57:41.070 UTC,1.40222,1.4021,0.00156,0.00135
21.10.2025 14:57:41.429 UTC,1.40221,1.40211,0.00156,0.00135
21.10.2025 14:57:41.582 UTC,1.40223,1.4021,0.00156,0.00135
21.10.2025 14:57:41.684 UTC,1.40223,1.40213,0.00156,0.0012
21.10.2025 14:57:42.296 UTC,1.40221,1.40213,0.00132,0.0012
21.10.2025 14:57:42.854 UTC,1.40221,1.4021,0.00147,0.0012
21.10.2025 14:57:42.955 UTC,1.40221,1.40213,0.00144,0.0012
21.10.2025 14:57:43.260 UTC,1.40221,1.40209,0.00192,0.00135
21.10.2025 14:57:43.413 UTC,1.40221,1.40208,0.00342,0.00135
21.10.2025 14:57:43.616 UTC,1.40222,1.40209,0.00252,0.0012
21.10.2025 14:57:44.525 UTC,1.40221,1.40213,0.00144,0.0012
21.10.2025 14:57:44.634 UTC,1.40222,1.40213,0.00234,0.0012
21.10.2025 14:57:44.990 UTC,1.40222,1.40213,0.00249,0.0012
21.10.2025 14:57:45.042 UTC,1.40222,1.40209,0.00249,0.00192
21.10.2025 14:57:45.552 UTC,1.40224,1.40212,0.0012,0.0018
21.10.2025 14:57:45.655 UTC,1.40224,1.40212,0.0012,0.0024
21.10.2025 14:57:45.758 UTC,1.40223,1.40212,0.00132,0.0018
21.10.2025 14:57:45.861 UTC,1.40223,1.40213,0.00225,0.0012
21.10.2025 14:57:46.064 UTC,1.40221,1.40211,0.00147,0.0033
21.10.2025 14:57:46.167 UTC,1.4022,1.40211,0.00132,0.00135
21.10.2025 14:57:46.373 UTC,1.40222,1.40211,0.00237,0.0012
21.10.2025 14:57:47.333 UTC,1.40221,1.40211,0.00327,0.00135
21.10.2025 14:57:48.645 UTC,1.40221,1.4021,0.00144,0.0012
21.10.2025 14:57:49.352 UTC,1.4022,1.40211,0.00252,0.0012
21.10.2025 14:57:49.656 UTC,1.40221,1.4021,0.00144,0.0012
21.10.2025 14:57:50.059 UTC,1.40221,1.4021,0.00147,0.0012
21.10.2025 14:57:50.616 UTC,1.40221,1.4021,0.00192,0.0012
21.10.2025 14:57:51.579 UTC,1.40222,1.40211,0.00294,0.0018
21.10.2025 14:57:51.631 UTC,1.40224,1.40211,0.00405,0.0018
21.10.2025 14:57:51.734 UTC,1.40225,1.40212,0.00234,0.0018
21.10.2025 14:57:51.940 UTC,1.40224,1.40212,0.00135,0.0018
21.10.2025 14:57:52.043 UTC,1.40222,1.40212,0.00135,0.0018
21.10.2025 14:57:52.095 UTC,1.40222,1.40212,0.00135,0.0012
21.10.2025 14:57:53.666 UTC,1.40222,1.40211,0.00324,0.0012
21.10.2025 14:57:53.768 UTC,1.40222,1.40209,0.00414,0.0024
21.10.2025 14:57:53.871 UTC,1.40222,1.40209,0.00414,0.00225
21.10.2025 14:57:54.074 UTC,1.4022,1.4021,0.00192,0.00225
21.10.2025 14:57:54.177 UTC,1.40221,1.40209,0.00135,0.00315
21.10.2025 14:57:54.381 UTC,1.40221,1.40208,0.00249,0.0024
21.10.2025 14:57:54.484 UTC,1.40222,1.40209,0.00429,0.00225
21.10.2025 14:57:54.739 UTC,1.40221,1.40208,0.00414,0.00225
21.10.2025 14:57:54.993 UTC,1.40221,1.40208,0.00429,0.00225
21.10.2025 14:57:55.196 UTC,1.40221,1.40208,0.00429,0.0024
21.10.2025 14:57:55.350 UTC,1.40218,1.40209,0.00135,0.0018
21.10.2025 14:57:55.452 UTC,1.40219,1.40207,0.0012,0.00384
21.10.2025 14:57:55.960 UTC,1.40218,1.40206,0.00135,0.0018
21.10.2025 14:57:56.012 UTC,1.40217,1.40206,0.0012,0.00135
21.10.2025 14:57:56.167 UTC,1.40217,1.40205,0.0012,0.00225
21.10.2025 14:57:56.322 UTC,1.40218,1.40205,0.00225,0.0027
21.10.2025 14:57:56.526 UTC,1.40217,1.40207,0.00225,0.0012
21.10.2025 14:57:56.680 UTC,1.4022,1.40207,0.00342,0.0012
21.10.2025 14:57:56.783 UTC,1.4022,1.40207,0.00387,0.00135
21.10.2025 14:57:56.886 UTC,1.4022,1.40207,0.00339,0.00135
21.10.2025 14:57:58.709 UTC,1.40221,1.4021,0.00144,0.0012
21.10.2025 14:57:58.863 UTC,1.40222,1.40211,0.00234,0.0012
21.10.2025 14:57:59.030 UTC,1.40222,1.40211,0.00147,0.0012
21.10.2025 14:57:59.897 UTC,1.40224,1.40212,0.00147,0.0012
21.10.2025 14:58:00.001 UTC,1.40222,1.40212,0.0012,0.0012
21.10.2025 14:58:00.156 UTC,1.40221,1.40212,0.00225,0.0012
21.10.2025 14:58:01.273 UTC,1.40222,1.40212,0.00234,0.0012
21.10.2025 14:58:01.527 UTC,1.40221,1.40212,0.0012,0.0012
21.10.2025 14:58:01.682 UTC,1.40224,1.40211,0.00249,0.0012
21.10.2025 14:58:01.785 UTC,1.40224,1.40212,0.00249,0.0012
21.10.2025 14:58:02.039 UTC,1.40222,1.40211,0.0018,0.0012
21.10.2025 14:58:02.192 UTC,1.40223,1.40211,0.00144,0.0012
21.10.2025 14:58:02.699 UTC,1.40223,1.40212,0.00135,0.0012
21.10.2025 14:58:03.105 UTC,1.40223,1.40211,0.00237,0.0012
21.10.2025 14:58:03.157 UTC,1.40222,1.40212,0.00234,0.0012
21.10.2025 14:58:03.260 UTC,1.40222,1.40213,0.00225,0.0012
21.10.2025 14:58:04.118 UTC,1.40223,1.40212,0.0018,0.0012
21.10.2025 14:58:04.272 UTC,1.40223,1.40213,0.0024,0.0012
21.10.2025 14:58:04.374 UTC,1.40224,1.40212,0.00195,0.0012
21.10.2025 14:58:04.578 UTC,1.40224,1.40212,0.00252,0.0012
21.10.2025 14:58:07.020 UTC,1.40226,1.40214,0.00294,0.0012
21.10.2025 14:58:07.122 UTC,1.40227,1.40214,0.00432,0.0018
21.10.2025 14:58:07.479 UTC,1.40226,1.40214,0.00192,0.00135
21.10.2025 14:58:07.631 UTC,1.40226,1.40214,0.00144,0.00135
21.10.2025 14:58:07.783 UTC,1.40225,1.40214,0.0012,0.00135
21.10.2025 14:58:08.088 UTC,1.40226,1.40214,0.00144,0.0012
21.10.2025 14:58:08.642 UTC,1.40226,1.40214,0.00252,0.00135
21.10.2025 14:58:08.848 UTC,1.40224,1.40213,0.00135,0.0012
21.10.2025 14:58:09.404 UTC,1.40222,1.40214,0.00144,0.0012
21.10.2025 14:58:09.507 UTC,1.40225,1.40213,0.00249,0.0012
21.10.2025 14:58:10.065 UTC,1.40225,1.40215,0.00249,0.0018
21.10.2025 14:58:10.170 UTC,1.40227,1.40219,0.00135,0.0012
21.10.2025 14:58:10.680 UTC,1.40227,1.4022,0.00135,0.0012
21.10.2025 14:58:10.934 UTC,1.40227,1.40218,0.00135,0.0012
21.10.2025 14:58:10.986 UTC,1.40227,1.4022,0.00135,0.0012
21.10.2025 14:58:12.953 UTC,1.40227,1.40218,0.00135,0.0012
21.10.2025 14:58:13.058 UTC,1.40227,1.40217,0.00135,0.0012
21.10.2025 14:58:13.769 UTC,1.40226,1.40221,0.00135,0.0012
21.10.2025 14:58:13.821 UTC,1.40232,1.40221,0.0012,0.0012
21.10.2025 14:58:13.924 UTC,1.40233,1.40221,0.0024,0.0012
21.10.2025 14:58:13.975 UTC,1.40228,1.40221,0.0027,0.0012
21.10.2025 14:58:14.839 UTC,1.40232,1.40223,0.00225,0.0012
21.10.2025 14:58:15.143 UTC,1.40233,1.40222,0.0024,0.0012
21.10.2025 14:58:15.697 UTC,1.40231,1.40222,0.0012,0.0012
21.10.2025 14:58:15.801 UTC,1.40232,1.40222,0.00249,0.0012
21.10.2025 14:58:15.903 UTC,1.40233,1.40222,0.00234,0.0012
21.10.2025 14:58:16.057 UTC,1.40233,1.40222,0.0024,0.0012
21.10.2025 14:58:16.160 UTC,1.40231,1.40221,0.0012,0.0012
21.10.2025 14:58:16.263 UTC,1.40227,1.40222,0.0027,0.0012
21.10.2025 14:58:17.176 UTC,1.40228,1.4022,0.0027,0.0012
21.10.2025 14:58:18.902 UTC,1.40228,1.40221,0.0012,0.0012
21.10.2025 14:58:19.771 UTC,1.40229,1.40219,0.0018,0.0012
21.10.2025 14:58:19.875 UTC,1.4023,1.40219,0.00249,0.0012
21.10.2025 14:58:20.082 UTC,1.4023,1.40218,0.00252,0.0012
21.10.2025 14:58:20.286 UTC,1.4023,1.40218,0.00249,0.0012
21.10.2025 14:58:20.440 UTC,1.40227,1.40217,0.00207,0.0018
21.10.2025 14:58:20.543 UTC,1.40227,1.40217,0.00252,0.0012
21.10.2025 14:58:20.798 UTC,1.40227,1.40216,0.00249,0.0012
21.10.2025 14:58:20.901 UTC,1.40227,1.40215,0.00249,0.00135
21.10.2025 14:58:21.310 UTC,1.40227,1.40215,0.00234,0.0012
21.10.2025 14:58:21.561 UTC,1.40226,1.40216,0.00249,0.0012
21.10.2025 14:58:21.813 UTC,1.40226,1.40216,0.00234,0.0012
21.10.2025 14:58:21.914 UTC,1.40225,1.40215,0.0012,0.0012
21.10.2025 14:58:22.421 UTC,1.40226,1.40215,0.00144,0.0012
21.10.2025 14:58:23.532 UTC,1.40225,1.40214,0.00429,0.00135
21.10.2025 14:58:23.584 UTC,1.40226,1.40214,0.00234,0.0012
21.10.2025 14:58:23.687 UTC,1.40225,1.40214,0.0012,0.0012
21.10.2025 14:58:24.094 UTC,1.40225,1.40213,0.00252,0.0012
21.10.2025 14:58:24.247 UTC,1.40224,1.40214,0.00144,0.0012
21.10.2025 14:58:25.056 UTC,1.40224,1.40212,0.00189,0.00135
21.10.2025 14:58:25.160 UTC,1.40224,1.40214,0.00249,0.0012
21.10.2025 14:58:26.018 UTC,1.40226,1.40214,0.00189,0.00135
21.10.2025 14:58:26.122 UTC,1.40227,1.40214,0.00204,0.00135
21.10.2025 14:58:26.882 UTC,1.40225,1.40215,0.00234,0.00135
21.10.2025 14:58:27.093 UTC,1.40225,1.40215,0.00249,0.00135
21.10.2025 14:58:27.401 UTC,1.40226,1.40214,0.00135,0.00135
21.10.2025 14:58:27.707 UTC,1.40225,1.40215,0.00192,0.00135
21.10.2025 14:58:27.810 UTC,1.40227,1.40214,0.00249,0.00135
21.10.2025 14:58:27.915 UTC,1.40227,1.40214,0.00204,0.00135
21.10.2025 14:58:27.968 UTC,1.40227,1.40216,0.00234,0.0012
21.10.2025 14:58:28.275 UTC,1.40225,1.40217,0.0012,0.0012
21.10.2025 14:58:28.784 UTC,1.40228,1.40216,0.00195,0.00132
21.10.2025 14:58:28.888 UTC,1.40228,1.40219,0.00144,0.0012
21.10.2025 14:58:28.991 UTC,1.40229,1.40219,0.00237,0.0012
21.10.2025 14:58:29.094 UTC,1.4023,1.40219,0.00237,0.0012
21.10.2025 14:58:31.017 UTC,1.40225,1.40217,0.0012,0.00135
21.10.2025 14:58:31.375 UTC,1.40227,1.40216,0.00234,0.0012
21.10.2025 14:58:31.480 UTC,1.40225,1.40213,0.00192,0.0012
21.10.2025 14:58:32.945 UTC,1.40222,1.40212,0.0012,0.00135
21.10.2025 14:58:33.048 UTC,1.40223,1.40212,0.0012,0.00135
21.10.2025 14:58:33.152 UTC,1.40223,1.40212,0.00132,0.0012
21.10.2025 14:58:33.254 UTC,1.40222,1.40213,0.0012,0.0012
21.10.2025 14:58:33.406 UTC,1.40223,1.40213,0.00234,0.0012
21.10.2025 14:58:34.545 UTC,1.40223,1.40212,0.0012,0.0012
21.10.2025 14:58:34.647 UTC,1.40224,1.40212,0.00144,0.0012
21.10.2025 14:58:34.750 UTC,1.40225,1.40212,0.00252,0.0012
21.10.2025 14:58:34.853 UTC,1.40223,1.40213,0.00144,0.0012
21.10.2025 14:58:35.106 UTC,1.40223,1.40212,0.00144,0.0012
21.10.2025 14:58:35.209 UTC,1.40223,1.40214,0.0018,0.0012
21.10.2025 14:58:35.261 UTC,1.40224,1.40214,0.00144,0.0012
21.10.2025 14:58:35.517 UTC,1.40226,1.40213,0.00342,0.00135
21.10.2025 14:58:35.771 UTC,1.40225,1.40213,0.00144,0.0012
21.10.2025 14:58:36.079 UTC,1.40223,1.40214,0.00144,0.0012
21.10.2025 14:58:36.182 UTC,1.40225,1.40213,0.00135,0.00135
21.10.2025 14:58:36.286 UTC,1.40225,1.40213,0.00252,0.00135
21.10.2025 14:58:36.844 UTC,1.40226,1.40213,0.00234,0.0012
21.10.2025 14:58:36.946 UTC,1.40225,1.40213,0.0012,0.0012
21.10.2025 14:58:37.100 UTC,1.40224,1.40213,0.00237,0.0012
21.10.2025 14:58:39.326 UTC,1.40223,1.40212,0.00192,0.0012
21.10.2025 14:58:39.933 UTC,1.40222,1.40212,0.00282,0.0012
21.10.2025 14:58:40.036 UTC,1.40222,1.40211,0.00192,0.0012
21.10.2025 14:58:40.243 UTC,1.4022,1.40211,0.00147,0.0012
21.10.2025 14:58:41.308 UTC,1.40221,1.4021,0.00147,0.0012
21.10.2025 14:58:41.414 UTC,1.40221,1.40209,0.00192,0.0012
21.10.2025 14:58:41.517 UTC,1.4022,1.40209,0.00147,0.0012
21.10.2025 14:58:41.621 UTC,1.4022,1.40209,0.00234,0.0012
21.10.2025 14:58:42.045 UTC,1.40219,1.4021,0.00192,0.0012
21.10.2025 14:58:42.147 UTC,1.40219,1.4021,0.00147,0.0012
21.10.2025 14:58:43.967 UTC,1.4022,1.40207,0.00234,0.00234
21.10.2025 14:58:44.069 UTC,1.40221,1.40208,0.00252,0.0012
21.10.2025 14:58:44.222 UTC,1.40221,1.40208,0.00207,0.0012
21.10.2025 14:58:44.780 UTC,1.4022,1.40208,0.00414,0.0012
21.10.2025 14:58:45.542 UTC,1.4022,1.40208,0.00237,0.0012
21.10.2025 14:58:45.747 UTC,1.4022,1.40208,0.00234,0.0012
21.10.2025 14:58:46.104 UTC,1.4022,1.40208,0.00432,0.0012
21.10.2025 14:58:47.059 UTC,1.40219,1.40206,0.00432,0.00315
21.10.2025 14:58:47.163 UTC,1.40218,1.40206,0.00132,0.00135
21.10.2025 14:58:47.468 UTC,1.40219,1.40209,0.00372,0.0012
21.10.2025 14:58:47.571 UTC,1.4022,1.40208,0.00132,0.0012
21.10.2025 14:58:48.178 UTC,1.4022,1.40207,0.00432,0.0012
21.10.2025 14:58:48.586 UTC,1.40219,1.40207,0.00147,0.0012
21.10.2025 14:58:48.638 UTC,1.4022,1.40208,0.00144,0.0012
21.10.2025 14:58:48.793 UTC,1.40221,1.40209,0.00297,0.0012
21.10.2025 14:58:50.059 UTC,1.40219,1.4021,0.00147,0.0012
21.10.2025 14:58:50.518 UTC,1.4022,1.40207,0.00192,0.00135
21.10.2025 14:58:50.960 UTC,1.40219,1.40206,0.00237,0.0018
21.10.2025 14:58:51.014 UTC,1.4022,1.40208,0.00192,0.0012
21.10.2025 14:58:51.168 UTC,1.40219,1.40209,0.00147,0.0012
21.10.2025 14:58:51.421 UTC,1.4022,1.40207,0.00237,0.0012
21.10.2025 14:58:51.524 UTC,1.40219,1.40206,0.00147,0.0018
21.10.2025 14:58:52.131 UTC,1.40219,1.40207,0.00147,0.0012
21.10.2025 14:58:52.535 UTC,1.40218,1.40205,0.00132,0.00195
21.10.2025 14:58:52.688 UTC,1.40217,1.40206,0.00132,0.0018
21.10.2025 14:58:53.444 UTC,1.40218,1.40206,0.00342,0.00279
21.10.2025 14:58:53.546 UTC,1.40219,1.40205,0.00339,0.00282
21.10.2025 14:58:53.648 UTC,1.40219,1.40207,0.00249,0.0012
21.10.2025 14:58:53.952 UTC,1.40218,1.40208,0.00144,0.0012
21.10.2025 14:58:54.609 UTC,1.4022,1.40207,0.00342,0.0012
21.10.2025 14:58:54.964 UTC,1.40219,1.40207,0.00234,0.0012
21.10.2025 14:58:55.067 UTC,1.40218,1.40205,0.00327,0.00135
21.10.2025 14:58:55.271 UTC,1.40217,1.40206,0.00324,0.00144
21.10.2025 14:58:55.424 UTC,1.40217,1.40207,0.0012,0.00144
21.10.2025 14:58:55.576 UTC,1.40218,1.40207,0.00234,0.00144
21.10.2025 14:58:56.583 UTC,1.40218,1.40207,0.00192,0.00132
21.10.2025 14:58:56.685 UTC,1.40219,1.40206,0.00144,0.00144
21.10.2025 14:58:56.787 UTC,1.40218,1.40207,0.00192,0.00132
21.10.2025 14:58:56.889 UTC,1.40219,1.40206,0.00144,0.00144
21.10.2025 14:58:57.092 UTC,1.40219,1.40206,0.0024,0.00132
21.10.2025 14:58:57.195 UTC,1.40218,1.40207,0.00144,0.00234
21.10.2025 14:58:57.298 UTC,1.4022,1.40209,0.00132,0.0012
21.10.2025 14:58:58.213 UTC,1.4022,1.40209,0.00192,0.0012
21.10.2025 14:58:58.316 UTC,1.4022,1.40209,0.00144,0.0012
21.10.2025 14:58:58.418 UTC,1.40221,1.40208,0.00342,0.0012
21.10.2025 14:58:59.110 UTC,1.4022,1.40208,0.00189,0.0012
21.10.2025 14:58:59.213 UTC,1.40219,1.40207,0.00135,0.00132
21.10.2025 14:58:59.367 UTC,1.40219,1.40208,0.00132,0.0012
21.10.2025 14:58:59.469 UTC,1.4022,1.40208,0.00279,0.0012
21.10.2025 14:58:59.724 UTC,1.40219,1.40208,0.00237,0.0012
21.10.2025 14:59:00.082 UTC,1.40219,1.40209,0.00144,0.0012
21.10.2025 14:59:00.440 UTC,1.4022,1.40208,0.00147,0.0012
21.10.2025 14:59:00.594 UTC,1.40219,1.40209,0.00144,0.0012
21.10.2025 14:59:01.255 UTC,1.4022,1.40208,0.00249,0.0012
21.10.2025 14:59:01.560 UTC,1.4022,1.40208,0.00144,0.0012
21.10.2025 14:59:01.663 UTC,1.4022,1.40209,0.00132,0.0012
21.10.2025 14:59:03.081 UTC,1.4022,1.40209,0.00147,0.0012
21.10.2025 14:59:03.384 UTC,1.4022,1.40208,0.00147,0.0012
21.10.2025 14:59:04.195 UTC,1.4022,1.40208,0.00144,0.0012
21.10.2025 14:59:04.803 UTC,1.40222,1.40209,0.0027,0.00327
21.10.2025 14:59:04.907 UTC,1.40222,1.40212,0.0012,0.00135
21.10.2025 14:59:05.977 UTC,1.40221,1.40212,0.00132,0.0012
21.10.2025 14:59:06.080 UTC,1.40219,1.40212,0.0012,0.0012
21.10.2025 14:59:06.183 UTC,1.40221,1.40211,0.00144,0.0012
21.10.2025 14:59:06.842 UTC,1.40221,1.40211,0.00132,0.0012
21.10.2025 14:59:07.095 UTC,1.40221,1.40211,0.00237,0.0012
21.10.2025 14:59:07.604 UTC,1.4022,1.40211,0.0012,0.0012
21.10.2025 14:59:07.707 UTC,1.40221,1.40211,0.00189,0.0012
21.10.2025 14:59:09.226 UTC,1.40219,1.40212,0.0012,0.0012
21.10.2025 14:59:10.693 UTC,1.40221,1.4021,0.00144,0.0012
21.10.2025 14:59:10.999 UTC,1.40221,1.4021,0.00192,0.0012
21.10.2025 14:59:11.101 UTC,1.40221,1.4021,0.00144,0.0012
21.10.2025 14:59:11.253 UTC,1.4022,1.40211,0.00249,0.0012
21.10.2025 14:59:12.062 UTC,1.40219,1.40211,0.00147,0.0012
21.10.2025 14:59:12.214 UTC,1.4022,1.4021,0.00147,0.0012
21.10.2025 14:59:12.569 UTC,1.40221,1.4021,0.00252,0.0012
21.10.2025 14:59:14.223 UTC,1.40221,1.40209,0.00205,0.0012
21.10.2025 14:59:14.830 UTC,1.40221,1.40208,0.00205,0.0012
21.10.2025 14:59:15.238 UTC,1.40221,1.40209,0.00205,0.0012
21.10.2025 14:59:16.101 UTC,1.40221,1.40209,0.0031,0.0012
21.10.2025 14:59:16.203 UTC,1.4022,1.4021,0.00205,0.0012
21.10.2025 14:59:16.357 UTC,1.4022,1.40209,0.00154,0.0012
21.10.2025 14:59:16.863 UTC,1.4022,1.40207,0.00342,0.00135
21.10.2025 14:59:16.915 UTC,1.40219,1.4021,0.00342,0.0012
21.10.2025 14:59:17.069 UTC,1.4022,1.40209,0.00234,0.0012
21.10.2025 14:59:17.476 UTC,1.40219,1.4021,0.00249,0.0012
21.10.2025 14:59:17.578 UTC,1.4022,1.40209,0.00234,0.0012
21.10.2025 14:59:17.988 UTC,1.40219,1.40209,0.00144,0.0012
21.10.2025 14:59:18.896 UTC,1.40218,1.40207,0.00144,0.00204
21.10.2025 14:59:19.050 UTC,1.4022,1.40206,0.00342,0.00189
21.10.2025 14:59:19.356 UTC,1.40221,1.40208,0.00432,0.0012
21.10.2025 14:59:20.064 UTC,1.40221,1.40208,0.00342,0.0012
21.10.2025 14:59:20.318 UTC,1.40219,1.40209,0.00144,0.0012
21.10.2025 14:59:20.917 UTC,1.40218,1.40206,0.00135,0.00192
21.10.2025 14:59:21.019 UTC,1.4022,1.40206,0.00339,0.00192
21.10.2025 14:59:21.122 UTC,1.4022,1.40206,0.00429,0.00144
21.10.2025 14:59:21.835 UTC,1.4022,1.40206,0.00339,0.00189
21.10.2025 14:59:21.938 UTC,1.40217,1.40206,0.00144,0.00204
21.10.2025 14:59:22.191 UTC,1.40217,1.40206,0.00144,0.00189
21.10.2025 14:59:22.948 UTC,1.40215,1.40205,0.0012,0.0018
21.10.2025 14:59:23.052 UTC,1.40214,1.40203,0.0012,0.0018
21.10.2025 14:59:23.104 UTC,1.40216,1.40203,0.00279,0.00195
21.10.2025 14:59:23.308 UTC,1.40214,1.40203,0.0012,0.0018
21.10.2025 14:59:23.409 UTC,1.40216,1.40203,0.00324,0.0018
21.10.2025 14:59:24.928 UTC,1.40216,1.40205,0.00144,0.0018
21.10.2025 14:59:24.980 UTC,1.40214,1.40203,0.0012,0.00195
21.10.2025 14:59:25.083 UTC,1.40215,1.40204,0.0012,0.00135
21.10.2025 14:59:25.186 UTC,1.40215,1.40202,0.00237,0.00195
21.10.2025 14:59:25.289 UTC,1.40214,1.40203,0.00237,0.0024
21.10.2025 14:59:25.496 UTC,1.40214,1.40202,0.0012,0.00249
21.10.2025 14:59:25.599 UTC,1.40214,1.40203,0.00144,0.00249
21.10.2025 14:59:25.756 UTC,1.40216,1.40204,0.00144,0.0012
21.10.2025 14:59:26.164 UTC,1.40214,1.40205,0.0012,0.00135
21.10.2025 14:59:26.267 UTC,1.40215,1.40205,0.00144,0.00135
21.10.2025 14:59:26.570 UTC,1.40215,1.40204,0.0012,0.00135
21.10.2025 14:59:26.672 UTC,1.40216,1.40204,0.00132,0.00135
21.10.2025 14:59:26.876 UTC,1.40215,1.40204,0.00135,0.00135
21.10.2025 14:59:28.903 UTC,1.40214,1.40203,0.0012,0.0018
21.10.2025 14:59:29.005 UTC,1.40213,1.40204,0.0012,0.0012
21.10.2025 14:59:29.108 UTC,1.40213,1.40204,0.00132,0.0012
21.10.2025 14:59:31.881 UTC,1.40214,1.40203,0.00135,0.0012
21.10.2025 14:59:32.135 UTC,1.40213,1.40203,0.0012,0.0012
21.10.2025 14:59:32.741 UTC,1.40214,1.40204,0.00234,0.0012
21.10.2025 14:59:32.844 UTC,1.40214,1.40203,0.0012,0.0012
21.10.2025 14:59:33.100 UTC,1.40214,1.40202,0.00132,0.00225
21.10.2025 14:59:34.007 UTC,1.40214,1.40203,0.00339,0.00234
21.10.2025 14:59:34.110 UTC,1.40214,1.40203,0.00234,0.00189
21.10.2025 14:59:35.118 UTC,1.40215,1.40202,0.00249,0.00234
21.10.2025 14:59:35.271 UTC,1.40215,1.40202,0.00234,0.00279
21.10.2025 14:59:35.377 UTC,1.40214,1.40203,0.00249,0.00234
21.10.2025 14:59:35.589 UTC,1.40215,1.40203,0.00249,0.0012
21.10.2025 14:59:35.841 UTC,1.40215,1.40202,0.00234,0.00234
21.10.2025 14:59:36.146 UTC,1.40215,1.40202,0.00249,0.00234
21.10.2025 14:59:36.649 UTC,1.40216,1.40203,0.00252,0.0012
21.10.2025 14:59:38.064 UTC,1.40215,1.40202,0.00252,0.0024
21.10.2025 14:59:38.168 UTC,1.40213,1.40202,0.00189,0.00135
21.10.2025 14:59:38.272 UTC,1.40212,1.40202,0.00237,0.0012
21.10.2025 14:59:38.375 UTC,1.40213,1.40201,0.00144,0.0012
21.10.2025 14:59:38.887 UTC,1.40214,1.40202,0.00192,0.0012
21.10.2025 14:59:38.990 UTC,1.40212,1.40202,0.00237,0.0012
21.10.2025 14:59:39.144 UTC,1.40213,1.40202,0.00234,0.0012
21.10.2025 14:59:39.247 UTC,1.40214,1.40202,0.00144,0.00135
21.10.2025 14:59:40.924 UTC,1.40213,1.40201,0.00234,0.0012
21.10.2025 14:59:42.293 UTC,1.40213,1.40202,0.00234,0.00189
21.10.2025 14:59:42.396 UTC,1.40214,1.40202,0.00144,0.0012
21.10.2025 14:59:42.917 UTC,1.40212,1.40201,0.0012,0.00135
21.10.2025 14:59:43.020 UTC,1.40213,1.40202,0.00339,0.0012
21.10.2025 14:59:43.123 UTC,1.40214,1.40202,0.00234,0.0012
21.10.2025 14:59:43.327 UTC,1.40214,1.40202,0.00249,0.0012
21.10.2025 14:59:43.579 UTC,1.40214,1.40202,0.00189,0.0012
21.10.2025 14:59:43.732 UTC,1.40214,1.40202,0.00249,0.0012
21.10.2025 14:59:43.988 UTC,1.40213,1.40203,0.00225,0.0012
21.10.2025 14:59:44.945 UTC,1.40212,1.40203,0.0024,0.0012
21.10.2025 14:59:45.048 UTC,1.40212,1.40203,0.00132,0.0012
21.10.2025 14:59:46.059 UTC,1.40212,1.40203,0.00147,0.0012
21.10.2025 14:59:46.161 UTC,1.40213,1.40201,0.00147,0.00135
21.10.2025 14:59:46.972 UTC,1.40212,1.40201,0.00252,0.0012
21.10.2025 14:59:47.075 UTC,1.40213,1.40201,0.00252,0.0012
21.10.2025 14:59:47.382 UTC,1.40212,1.40202,0.00234,0.0012
21.10.2025 14:59:47.888 UTC,1.40212,1.40202,0.00249,0.0012
21.10.2025 14:59:48.593 UTC,1.40213,1.40201,0.00234,0.0012
21.10.2025 14:59:48.996 UTC,1.40213,1.40201,0.00252,0.0012
21.10.2025 14:59:49.252 UTC,1.40214,1.40201,0.00339,0.0012
21.10.2025 14:59:49.354 UTC,1.40214,1.40201,0.00279,0.00225
21.10.2025 14:59:49.507 UTC,1.40214,1.40201,0.00339,0.0018
21.10.2025 14:59:50.062 UTC,1.40213,1.40201,0.00147,0.0012
21.10.2025 14:59:50.165 UTC,1.40212,1.40201,0.00132,0.0012
21.10.2025 14:59:50.368 UTC,1.40212,1.40202,0.00132,0.0012
21.10.2025 14:59:50.573 UTC,1.40213,1.40201,0.00192,0.0012
21.10.2025 14:59:50.727 UTC,1.40213,1.402,0.00237,0.0018
21.10.2025 14:59:50.932 UTC,1.40213,1.40203,0.00342,0.0012
21.10.2025 14:59:51.138 UTC,1.40214,1.40202,0.00144,0.0012
21.10.2025 14:59:52.301 UTC,1.40214,1.40202,0.0018,0.0018
21.10.2025 14:59:52.604 UTC,1.40213,1.40203,0.00135,0.0018
21.10.2025 14:59:53.265 UTC,1.40214,1.40202,0.00192,0.0018
21.10.2025 14:59:54.274 UTC,1.40214,1.40202,0.00144,0.0018
21.10.2025 14:59:54.576 UTC,1.40214,1.40202,0.00192,0.0018
21.10.2025 14:59:54.982 UTC,1.40211,1.40201,0.00189,0.0024
21.10.2025 14:59:55.085 UTC,1.40212,1.402,0.00327,0.0012
21.10.2025 14:59:55.795 UTC,1.40211,1.40201,0.00237,0.0012
21.10.2025 14:59:56.904 UTC,1.40214,1.40202,0.00414,0.0012
21.10.2025 14:59:57.008 UTC,1.40214,1.40201,0.00342,0.00225
21.10.2025 14:59:57.162 UTC,1.40214,1.40202,0.00192,0.0012
21.10.2025 14:59:58.981 UTC,1.40211,1.40202,0.00189,0.0018
21.10.2025 14:59:59.085 UTC,1.40214,1.40202,0.00237,0.0012
21.10.2025 14:59:59.238 UTC,1.40214,1.40203,0.00252,0.0012
21.10.2025 14:59:59.341 UTC,1.40214,1.40203,0.00234,0.0012
21.10.2025 14:59:59.443 UTC,1.40213,1.40203,0.00234,0.00225
21.10.2025 14:59:59.595 UTC,1.40214,1.40203,0.00234,0.0012