UTC,Ask,Bid,Ask Volume,Bid Volume
16.09.2025 17:00:00.180 UTC,1.37424,1.37412,0.00244,0.0012
16.09.2025 17:00:00.286 UTC,1.37425,1.37412,0.00184,0.0012
16.09.2025 17:00:00.388 UTC,1.37424,1.37412,0.00138,0.0012
16.09.2025 17:00:01.873 UTC,1.37426,1.37412,0.00244,0.0018
16.09.2025 17:00:01.975 UTC,1.37424,1.37413,0.00184,0.0018
16.09.2025 17:00:04.963 UTC,1.37425,1.37412,0.00289,0.0012
16.09.2025 17:00:12.063 UTC,1.37423,1.37412,0.00147,0.00135
16.09.2025 17:00:12.115 UTC,1.37425,1.37413,0.00184,0.0012
16.09.2025 17:00:16.686 UTC,1.37425,1.37412,0.00196,0.0012
16.09.2025 17:00:17.092 UTC,1.37422,1.37412,0.00138,0.0012
16.09.2025 17:00:17.196 UTC,1.37424,1.37411,0.00208,0.0012
16.09.2025 17:00:18.107 UTC,1.37424,1.37411,0.00298,0.0012
16.09.2025 17:00:21.077 UTC,1.37423,1.37412,0.00211,0.00135
16.09.2025 17:00:21.784 UTC,1.37423,1.37412,0.00211,0.0018
16.09.2025 17:00:21.938 UTC,1.37423,1.37412,0.00211,0.00135
16.09.2025 17:00:22.892 UTC,1.37424,1.37411,0.00301,0.0018
16.09.2025 17:00:22.993 UTC,1.37424,1.37411,0.00256,0.00135
16.09.2025 17:00:23.848 UTC,1.37424,1.37411,0.00196,0.0018
16.09.2025 17:00:24.100 UTC,1.37424,1.37411,0.00196,0.00135
16.09.2025 17:00:24.455 UTC,1.37424,1.37411,0.00211,0.00135
16.09.2025 17:00:24.559 UTC,1.37422,1.37409,0.00346,0.0012
16.09.2025 17:00:24.664 UTC,1.37417,1.37404,0.0012,0.00236
16.09.2025 17:00:31.253 UTC,1.37418,1.37406,0.00184,0.0012
16.09.2025 17:00:31.510 UTC,1.37416,1.37405,0.00138,0.00147
16.09.2025 17:00:31.615 UTC,1.37415,1.37404,0.00138,0.00144
16.09.2025 17:00:31.667 UTC,1.37416,1.37403,0.00184,0.00144
16.09.2025 17:00:33.141 UTC,1.37415,1.37403,0.00184,0.00144
16.09.2025 17:00:37.771 UTC,1.37417,1.37404,0.00244,0.00147
16.09.2025 17:00:37.875 UTC,1.37417,1.37404,0.00244,0.00192
16.09.2025 17:00:40.405 UTC,1.37417,1.37405,0.00289,0.00144
16.09.2025 17:00:40.610 UTC,1.37417,1.37405,0.00301,0.0018
16.09.2025 17:00:40.763 UTC,1.37417,1.37405,0.00301,0.00135
16.09.2025 17:00:42.077 UTC,1.37418,1.37406,0.00289,0.0012
16.09.2025 17:00:42.181 UTC,1.37419,1.37407,0.00196,0.0012
16.09.2025 17:00:42.286 UTC,1.37416,1.37405,0.00138,0.0012
16.09.2025 17:00:42.337 UTC,1.37417,1.37404,0.00244,0.0012
16.09.2025 17:00:44.057 UTC,1.37417,1.37404,0.00199,0.0018
16.09.2025 17:00:44.160 UTC,1.37416,1.37405,0.00184,0.0012
16.09.2025 17:00:44.263 UTC,1.37417,1.37404,0.00184,0.0012
16.09.2025 17:00:45.120 UTC,1.37416,1.37405,0.00199,0.00135
16.09.2025 17:00:46.938 UTC,1.37417,1.37404,0.00244,0.0012
16.09.2025 17:00:47.094 UTC,1.37416,1.37402,0.00244,0.0018
16.09.2025 17:00:47.196 UTC,1.37416,1.37402,0.00244,0.00135
16.09.2025 17:00:51.694 UTC,1.37414,1.37402,0.00184,0.00135
16.09.2025 17:00:52.051 UTC,1.37413,1.37403,0.00184,0.0012
16.09.2025 17:00:53.514 UTC,1.37414,1.37401,0.00196,0.00135
16.09.2025 17:00:53.668 UTC,1.37414,1.37401,0.00196,0.0018
16.09.2025 17:00:54.276 UTC,1.37414,1.37404,0.00253,0.00135
16.09.2025 17:00:55.030 UTC,1.37414,1.37404,0.00244,0.0012
16.09.2025 17:00:57.610 UTC,1.37414,1.37401,0.00184,0.0018
16.09.2025 17:00:57.713 UTC,1.37414,1.37401,0.00184,0.0012
16.09.2025 17:00:59.326 UTC,1.37406,1.374,0.0012,0.0012
16.09.2025 17:00:59.378 UTC,1.37406,1.37394,0.0012,0.00188
16.09.2025 17:00:59.430 UTC,1.37406,1.37394,0.00184,0.00132
16.09.2025 17:00:59.636 UTC,1.37405,1.37394,0.00184,0.00132
16.09.2025 17:01:01.822 UTC,1.37406,1.37393,0.00184,0.00147
16.09.2025 17:01:02.835 UTC,1.37406,1.37395,0.00184,0.0012
16.09.2025 17:01:02.938 UTC,1.37406,1.37395,0.0012,0.00135
16.09.2025 17:01:03.041 UTC,1.37407,1.37396,0.00289,0.00135
16.09.2025 17:01:03.399 UTC,1.37406,1.37396,0.0012,0.00192
16.09.2025 17:01:03.503 UTC,1.3741,1.37398,0.00184,0.00144
16.09.2025 17:01:03.555 UTC,1.37411,1.37398,0.00184,0.00144
16.09.2025 17:01:03.657 UTC,1.37411,1.37399,0.00184,0.00132
16.09.2025 17:01:04.470 UTC,1.37409,1.37398,0.00184,0.00192
16.09.2025 17:01:04.523 UTC,1.37407,1.37394,0.0012,0.00144
16.09.2025 17:01:04.626 UTC,1.37406,1.37394,0.00184,0.00132
16.09.2025 17:01:11.648 UTC,1.37406,1.37393,0.00184,0.00135
16.09.2025 17:01:13.063 UTC,1.37405,1.37393,0.00138,0.0018
16.09.2025 17:01:13.165 UTC,1.37405,1.37393,0.00138,0.0012
16.09.2025 17:01:13.318 UTC,1.37406,1.37393,0.00244,0.0012
16.09.2025 17:01:19.072 UTC,1.37404,1.37393,0.00196,0.0018
16.09.2025 17:01:19.175 UTC,1.37405,1.37392,0.00196,0.0018
16.09.2025 17:01:20.077 UTC,1.37405,1.37392,0.00196,0.00225
16.09.2025 17:01:23.252 UTC,1.37405,1.3739,0.00346,0.0024
16.09.2025 17:01:23.304 UTC,1.37401,1.3739,0.00132,0.00135
16.09.2025 17:01:23.559 UTC,1.37402,1.37389,0.0024,0.0018
16.09.2025 17:01:23.812 UTC,1.37402,1.37389,0.0024,0.00135
16.09.2025 17:01:24.219 UTC,1.37402,1.37391,0.00196,0.0018
16.09.2025 17:01:24.323 UTC,1.37403,1.3739,0.0015,0.0024
16.09.2025 17:01:30.441 UTC,1.37404,1.3739,0.00196,0.00225
16.09.2025 17:01:37.183 UTC,1.37403,1.3739,0.0015,0.0024
16.09.2025 17:01:40.481 UTC,1.37403,1.3739,0.0015,0.00225
16.09.2025 17:01:41.336 UTC,1.37403,1.3739,0.0015,0.0024
16.09.2025 17:01:41.789 UTC,1.37402,1.37391,0.0015,0.00225
16.09.2025 17:01:42.746 UTC,1.37403,1.3739,0.0015,0.0024
16.09.2025 17:01:42.898 UTC,1.37403,1.3739,0.0015,0.00225
16.09.2025 17:01:46.063 UTC,1.37402,1.37391,0.0015,0.00225
16.09.2025 17:01:46.415 UTC,1.37403,1.3739,0.0015,0.00225
16.09.2025 17:01:47.380 UTC,1.37398,1.37385,0.00132,0.0012
16.09.2025 17:01:47.432 UTC,1.37397,1.37383,0.0015,0.0018
16.09.2025 17:01:49.403 UTC,1.37396,1.37383,0.0015,0.00135
16.09.2025 17:01:52.211 UTC,1.37395,1.37383,0.0024,0.0018
16.09.2025 17:01:52.313 UTC,1.37396,1.37382,0.0024,0.0024
16.09.2025 17:01:54.023 UTC,1.37396,1.37382,0.0042,0.0024
16.09.2025 17:01:54.479 UTC,1.37396,1.37382,0.0024,0.0024
16.09.2025 17:01:55.338 UTC,1.37395,1.37383,0.0024,0.0024
16.09.2025 17:01:56.998 UTC,1.37396,1.37382,0.0024,0.0024
16.09.2025 17:02:06.282 UTC,1.37395,1.37383,0.0024,0.0024
16.09.2025 17:02:07.492 UTC,1.37395,1.37382,0.00207,0.0012
16.09.2025 17:02:07.545 UTC,1.37393,1.37382,0.0012,0.0012
16.09.2025 17:02:07.598 UTC,1.37387,1.37376,0.00132,0.00132
16.09.2025 17:02:07.704 UTC,1.37394,1.37381,0.00346,0.0012
16.09.2025 17:02:07.807 UTC,1.37393,1.37381,0.00132,0.0012
16.09.2025 17:02:08.014 UTC,1.37393,1.37383,0.0015,0.00135
16.09.2025 17:02:08.118 UTC,1.37395,1.37382,0.0015,0.0018
16.09.2025 17:02:08.322 UTC,1.37395,1.37382,0.0015,0.00135
16.09.2025 17:02:08.826 UTC,1.37395,1.37382,0.0015,0.0018
16.09.2025 17:02:09.133 UTC,1.37394,1.37383,0.00147,0.0018
16.09.2025 17:02:09.286 UTC,1.37396,1.37382,0.00256,0.00135
16.09.2025 17:02:09.488 UTC,1.37396,1.37384,0.00196,0.0012
16.09.2025 17:02:09.895 UTC,1.37396,1.37383,0.00196,0.00135
16.09.2025 17:02:11.004 UTC,1.37396,1.37383,0.00196,0.0018
16.09.2025 17:02:14.683 UTC,1.37397,1.37384,0.00346,0.0024
16.09.2025 17:02:14.939 UTC,1.37396,1.37385,0.0033,0.00135
16.09.2025 17:02:17.912 UTC,1.37396,1.37383,0.00196,0.00135
16.09.2025 17:02:18.873 UTC,1.37395,1.37385,0.00196,0.00135
16.09.2025 17:02:19.031 UTC,1.37397,1.37385,0.00436,0.0018
16.09.2025 17:02:19.286 UTC,1.37398,1.37384,0.00436,0.00135
16.09.2025 17:02:19.996 UTC,1.37396,1.37385,0.0015,0.0018
16.09.2025 17:02:20.149 UTC,1.37397,1.37384,0.0015,0.00135
16.09.2025 17:02:22.930 UTC,1.37395,1.37385,0.00132,0.0018
16.09.2025 17:02:23.032 UTC,1.37395,1.37385,0.00132,0.00135
16.09.2025 17:02:23.990 UTC,1.37397,1.37384,0.0015,0.0018
16.09.2025 17:02:24.093 UTC,1.37395,1.37385,0.00132,0.00135
16.09.2025 17:02:26.400 UTC,1.37398,1.37384,0.00346,0.0018
16.09.2025 17:02:27.105 UTC,1.37397,1.37384,0.0015,0.00135
16.09.2025 17:02:27.208 UTC,1.37398,1.37384,0.00346,0.0024
16.09.2025 17:02:27.311 UTC,1.37397,1.37385,0.0024,0.00135
16.09.2025 17:02:27.363 UTC,1.37398,1.37384,0.0024,0.0018
16.09.2025 17:02:27.771 UTC,1.37398,1.37384,0.00256,0.0018
16.09.2025 17:02:27.876 UTC,1.37402,1.3739,0.0013,0.00135
16.09.2025 17:02:27.929 UTC,1.37402,1.37391,0.00184,0.00135
16.09.2025 17:02:31.059 UTC,1.37403,1.3739,0.00147,0.00135
16.09.2025 17:02:31.162 UTC,1.37401,1.37391,0.0012,0.00135
16.09.2025 17:02:31.565 UTC,1.37402,1.3739,0.00138,0.0018
16.09.2025 17:02:32.322 UTC,1.37402,1.3739,0.00138,0.00135
16.09.2025 17:02:32.576 UTC,1.37403,1.37389,0.00253,0.00315
16.09.2025 17:02:32.628 UTC,1.37401,1.37389,0.00132,0.0012
16.09.2025 17:02:32.732 UTC,1.37397,1.37385,0.00138,0.0018
16.09.2025 17:02:32.836 UTC,1.37397,1.37384,0.00196,0.0012
16.09.2025 17:02:33.701 UTC,1.37395,1.37383,0.00147,0.0012
16.09.2025 17:02:33.804 UTC,1.37392,1.37383,0.00132,0.00135
16.09.2025 17:02:33.908 UTC,1.37394,1.37383,0.00211,0.0018
16.09.2025 17:02:34.012 UTC,1.37396,1.37382,0.00253,0.00135
16.09.2025 17:02:34.163 UTC,1.37395,1.37384,0.00196,0.0012
16.09.2025 17:02:38.855 UTC,1.37395,1.37383,0.00184,0.0018
16.09.2025 17:02:39.010 UTC,1.37395,1.37383,0.00184,0.00135
16.09.2025 17:02:40.074 UTC,1.37394,1.37384,0.00184,0.0018
16.09.2025 17:02:40.883 UTC,1.37395,1.37383,0.00184,0.00135
16.09.2025 17:02:40.986 UTC,1.37395,1.37383,0.00184,0.0018
16.09.2025 17:02:41.089 UTC,1.37395,1.37383,0.00184,0.00135
16.09.2025 17:02:41.444 UTC,1.37395,1.37383,0.00138,0.00135
16.09.2025 17:02:41.547 UTC,1.37395,1.37383,0.00138,0.0018
16.09.2025 17:02:41.850 UTC,1.37394,1.37384,0.00138,0.00135
16.09.2025 17:02:43.362 UTC,1.37395,1.37384,0.00138,0.00135
16.09.2025 17:02:43.465 UTC,1.37395,1.37385,0.00138,0.00135
16.09.2025 17:02:43.721 UTC,1.37396,1.37384,0.00138,0.0018
16.09.2025 17:02:43.838 UTC,1.37395,1.37385,0.00138,0.00135
16.09.2025 17:02:48.724 UTC,1.37395,1.37383,0.0012,0.00135
16.09.2025 17:02:48.928 UTC,1.37395,1.37383,0.00184,0.00135
16.09.2025 17:02:49.332 UTC,1.37395,1.37383,0.00138,0.00135
16.09.2025 17:02:51.308 UTC,1.37394,1.37385,0.0012,0.00135
16.09.2025 17:02:51.411 UTC,1.37395,1.37385,0.0012,0.00135
16.09.2025 17:02:52.477 UTC,1.37395,1.37385,0.0012,0.0018
16.09.2025 17:02:52.580 UTC,1.37395,1.37385,0.0012,0.00135
16.09.2025 17:02:53.186 UTC,1.37396,1.37384,0.0012,0.0018
16.09.2025 17:02:53.441 UTC,1.37397,1.37384,0.00138,0.0018
16.09.2025 17:02:53.747 UTC,1.37397,1.3739,0.00184,0.0012
16.09.2025 17:02:53.799 UTC,1.374,1.37389,0.0012,0.00135
16.09.2025 17:02:53.904 UTC,1.37403,1.37392,0.00318,0.0012
16.09.2025 17:02:54.008 UTC,1.37404,1.37392,0.0012,0.0012
16.09.2025 17:02:54.162 UTC,1.37404,1.37393,0.00318,0.0012
16.09.2025 17:02:54.520 UTC,1.37404,1.37392,0.0012,0.0012
16.09.2025 17:03:00.417 UTC,1.37405,1.37392,0.00138,0.0012
16.09.2025 17:03:07.993 UTC,1.37406,1.37393,0.00184,0.0018
16.09.2025 17:03:08.096 UTC,1.37406,1.37394,0.0012,0.00135
16.09.2025 17:03:08.658 UTC,1.37408,1.37394,0.00334,0.00135
16.09.2025 17:03:09.625 UTC,1.37407,1.37393,0.00183,0.00135
16.09.2025 17:03:09.727 UTC,1.37405,1.37393,0.00138,0.00135
16.09.2025 17:03:13.538 UTC,1.37405,1.37393,0.00138,0.0018
16.09.2025 17:03:13.943 UTC,1.37405,1.37393,0.00138,0.00135
16.09.2025 17:03:17.314 UTC,1.37406,1.37394,0.00138,0.0018
16.09.2025 17:03:17.419 UTC,1.37409,1.37396,0.00124,0.00252
16.09.2025 17:03:17.471 UTC,1.3741,1.374,0.00124,0.0012
16.09.2025 17:03:17.574 UTC,1.37412,1.37399,0.00184,0.0012
16.09.2025 17:03:29.584 UTC,1.37412,1.37399,0.00184,0.0018
16.09.2025 17:03:29.737 UTC,1.37412,1.37399,0.00184,0.00135
16.09.2025 17:03:32.190 UTC,1.37412,1.37398,0.00289,0.0012
16.09.2025 17:03:32.242 UTC,1.37411,1.37396,0.00183,0.00135
16.09.2025 17:03:32.294 UTC,1.37407,1.37397,0.00124,0.0012
16.09.2025 17:03:32.346 UTC,1.37406,1.37395,0.00183,0.0012
16.09.2025 17:03:32.449 UTC,1.37407,1.37393,0.00289,0.0012
16.09.2025 17:03:40.702 UTC,1.37405,1.37394,0.00244,0.0018
16.09.2025 17:03:40.806 UTC,1.37407,1.37393,0.00244,0.0018
16.09.2025 17:03:41.166 UTC,1.37407,1.37393,0.00244,0.00135
16.09.2025 17:03:41.520 UTC,1.37408,1.37394,0.00424,0.0018
16.09.2025 17:03:41.625 UTC,1.3741,1.37397,0.00138,0.00135
16.09.2025 17:03:41.779 UTC,1.37412,1.37397,0.00334,0.00135
16.09.2025 17:03:42.741 UTC,1.37411,1.37398,0.00244,0.0018
16.09.2025 17:03:43.550 UTC,1.37412,1.37397,0.00244,0.00135
16.09.2025 17:03:43.855 UTC,1.37411,1.37398,0.00244,0.0018
16.09.2025 17:03:44.008 UTC,1.37411,1.374,0.00184,0.0012
16.09.2025 17:03:45.973 UTC,1.37411,1.37401,0.00184,0.0012
16.09.2025 17:03:46.077 UTC,1.37414,1.37401,0.00244,0.0012
16.09.2025 17:03:46.181 UTC,1.37414,1.37401,0.00184,0.0012
16.09.2025 17:03:46.436 UTC,1.37414,1.37401,0.00138,0.0018
16.09.2025 17:03:46.692 UTC,1.37413,1.37402,0.00138,0.0024
16.09.2025 17:03:47.097 UTC,1.37415,1.37401,0.00244,0.00225
16.09.2025 17:03:49.165 UTC,1.37415,1.37401,0.00138,0.00135
16.09.2025 17:03:50.975 UTC,1.37414,1.37402,0.00184,0.00135
16.09.2025 17:03:52.289 UTC,1.37416,1.37402,0.00424,0.0012
16.09.2025 17:03:57.433 UTC,1.37414,1.374,0.00225,0.0024
16.09.2025 17:03:57.486 UTC,1.37413,1.37401,0.00289,0.00225
16.09.2025 17:03:57.589 UTC,1.37414,1.374,0.00289,0.0024
16.09.2025 17:03:57.693 UTC,1.37414,1.374,0.00244,0.00225
16.09.2025 17:03:58.604 UTC,1.37414,1.374,0.00424,0.0018
16.09.2025 17:03:58.808 UTC,1.37414,1.374,0.00424,0.00135
16.09.2025 17:03:58.909 UTC,1.37414,1.374,0.00334,0.00135
16.09.2025 17:04:00.569 UTC,1.37414,1.374,0.00334,0.0018
16.09.2025 17:04:00.672 UTC,1.37414,1.374,0.00318,0.0018
16.09.2025 17:04:00.928 UTC,1.37415,1.37403,0.00334,0.0018
16.09.2025 17:04:02.901 UTC,1.37417,1.37403,0.00424,0.0012
16.09.2025 17:04:03.002 UTC,1.37416,1.37404,0.00424,0.0012
16.09.2025 17:04:08.687 UTC,1.37416,1.37404,0.00543,0.0012
16.09.2025 17:04:10.958 UTC,1.37416,1.37403,0.0012,0.0012
16.09.2025 17:04:11.965 UTC,1.37416,1.37403,0.0012,0.0018
16.09.2025 17:04:12.068 UTC,1.37416,1.37403,0.0012,0.00135
16.09.2025 17:04:12.321 UTC,1.37417,1.37403,0.00543,0.00135
16.09.2025 17:04:12.424 UTC,1.37417,1.37405,0.0018,0.0012
16.09.2025 17:04:12.529 UTC,1.37422,1.37409,0.00228,0.0012
16.09.2025 17:04:12.634 UTC,1.37424,1.3741,0.00334,0.0012
16.09.2025 17:04:12.687 UTC,1.37424,1.3741,0.0027,0.0012
16.09.2025 17:04:13.501 UTC,1.37425,1.3741,0.0018,0.0012
16.09.2025 17:04:13.553 UTC,1.37424,1.37413,0.0012,0.0012
16.09.2025 17:04:15.665 UTC,1.37423,1.37413,0.0012,0.0012
16.09.2025 17:04:16.372 UTC,1.37425,1.37412,0.0027,0.0012
16.09.2025 17:04:17.379 UTC,1.37425,1.3741,0.00405,0.00135
16.09.2025 17:04:17.481 UTC,1.37424,1.3741,0.0012,0.00135
16.09.2025 17:04:21.907 UTC,1.37423,1.37409,0.0012,0.0024
16.09.2025 17:04:22.011 UTC,1.37419,1.37407,0.0012,0.0012
16.09.2025 17:04:22.114 UTC,1.37419,1.37406,0.00138,0.0012
16.09.2025 17:04:22.320 UTC,1.3742,1.37406,0.00244,0.0018
16.09.2025 17:04:22.423 UTC,1.37421,1.37407,0.00138,0.0012
16.09.2025 17:04:22.627 UTC,1.37421,1.37407,0.00138,0.0018
16.09.2025 17:04:22.931 UTC,1.37421,1.37407,0.00138,0.00135
16.09.2025 17:04:24.041 UTC,1.37422,1.37408,0.00244,0.00135
16.09.2025 17:04:24.144 UTC,1.37422,1.3741,0.0012,0.00135
16.09.2025 17:04:24.248 UTC,1.37423,1.3741,0.00405,0.0024
16.09.2025 17:04:24.351 UTC,1.37422,1.3741,0.0012,0.0018
16.09.2025 17:04:25.654 UTC,1.37423,1.37411,0.0012,0.0012
16.09.2025 17:04:25.758 UTC,1.37424,1.37411,0.00315,0.00135
16.09.2025 17:04:26.066 UTC,1.37424,1.37411,0.0018,0.0018
16.09.2025 17:04:26.321 UTC,1.37423,1.37412,0.0018,0.00135
16.09.2025 17:04:26.524 UTC,1.37425,1.37411,0.00315,0.00135
16.09.2025 17:04:27.437 UTC,1.37425,1.37411,0.0027,0.0018
16.09.2025 17:04:27.641 UTC,1.37426,1.37412,0.0036,0.0012
16.09.2025 17:04:27.897 UTC,1.37425,1.37413,0.0036,0.0018
16.09.2025 17:04:28.753 UTC,1.37426,1.37412,0.0018,0.00135
16.09.2025 17:04:30.629 UTC,1.37424,1.37413,0.0012,0.00135
16.09.2025 17:04:31.890 UTC,1.37425,1.37413,0.0012,0.0018
16.09.2025 17:04:32.093 UTC,1.37425,1.37413,0.0012,0.00135
16.09.2025 17:04:32.196 UTC,1.37427,1.37412,0.00405,0.00135
16.09.2025 17:04:32.654 UTC,1.37427,1.37412,0.00405,0.0018
16.09.2025 17:04:32.757 UTC,1.37427,1.37412,0.0045,0.00135
16.09.2025 17:04:33.665 UTC,1.37427,1.37412,0.00405,0.0018
16.09.2025 17:04:33.767 UTC,1.37427,1.37412,0.0054,0.00135
16.09.2025 17:04:33.905 UTC,1.37426,1.37412,0.0033,0.0012
16.09.2025 17:04:34.011 UTC,1.37426,1.37411,0.0051,0.0012
16.09.2025 17:04:34.620 UTC,1.37426,1.37411,0.00405,0.00135
16.09.2025 17:04:34.875 UTC,1.37426,1.37411,0.0036,0.0018
16.09.2025 17:04:37.503 UTC,1.37426,1.37411,0.00405,0.0012
16.09.2025 17:04:37.607 UTC,1.37426,1.37411,0.0051,0.0012
16.09.2025 17:04:38.618 UTC,1.37425,1.37411,0.00225,0.0018
16.09.2025 17:04:39.427 UTC,1.37426,1.37411,0.00405,0.0018
16.09.2025 17:04:41.044 UTC,1.37426,1.37411,0.00405,0.00135
16.09.2025 17:04:41.453 UTC,1.37426,1.37411,0.00405,0.0018
16.09.2025 17:04:43.102 UTC,1.37425,1.37412,0.00405,0.00135
16.09.2025 17:04:43.407 UTC,1.37426,1.37411,0.00414,0.0018
16.09.2025 17:04:43.509 UTC,1.37425,1.37411,0.0012,0.0018
16.09.2025 17:04:46.389 UTC,1.37425,1.37411,0.00135,0.00135
16.09.2025 17:04:46.694 UTC,1.37425,1.37411,0.00315,0.0018
16.09.2025 17:04:49.824 UTC,1.37425,1.37411,0.00315,0.00135
16.09.2025 17:04:51.436 UTC,1.37425,1.37411,0.0033,0.00135
16.09.2025 17:04:54.201 UTC,1.37424,1.37412,0.00315,0.00135
16.09.2025 17:04:56.314 UTC,1.37425,1.37411,0.00315,0.0018
16.09.2025 17:04:56.418 UTC,1.37424,1.3741,0.00225,0.0012
16.09.2025 17:04:56.521 UTC,1.37423,1.3741,0.0012,0.0012
16.09.2025 17:04:56.624 UTC,1.37421,1.3741,0.0012,0.00135
16.09.2025 17:04:56.728 UTC,1.37423,1.3741,0.0012,0.0012
16.09.2025 17:04:57.134 UTC,1.37424,1.37412,0.0036,0.00135
16.09.2025 17:04:57.894 UTC,1.37425,1.37411,0.0027,0.0018
16.09.2025 17:04:58.047 UTC,1.37425,1.37411,0.0027,0.00135
16.09.2025 17:04:59.565 UTC,1.37425,1.37411,0.0012,0.0018
16.09.2025 17:04:59.669 UTC,1.37425,1.37411,0.0012,0.00135
16.09.2025 17:05:01.633 UTC,1.37424,1.37412,0.0027,0.0018
16.09.2025 17:05:01.786 UTC,1.37425,1.37411,0.0027,0.00135
16.09.2025 17:05:04.911 UTC,1.37425,1.37411,0.0012,0.0018
16.09.2025 17:05:05.164 UTC,1.37424,1.37412,0.0012,0.00135
16.09.2025 17:05:06.474 UTC,1.37425,1.37411,0.0012,0.0018
16.09.2025 17:05:07.078 UTC,1.37425,1.37411,0.0012,0.00135
16.09.2025 17:05:07.382 UTC,1.37425,1.37411,0.0012,0.0018
16.09.2025 17:05:07.484 UTC,1.37424,1.37412,0.0027,0.00135
16.09.2025 17:05:07.587 UTC,1.37425,1.37411,0.0027,0.0018
16.09.2025 17:05:09.249 UTC,1.37425,1.37411,0.0027,0.00135
16.09.2025 17:05:09.552 UTC,1.37424,1.37412,0.0012,0.0018
16.09.2025 17:05:10.261 UTC,1.37424,1.37412,0.0012,0.00135
16.09.2025 17:05:10.463 UTC,1.37425,1.37411,0.0012,0.0018
16.09.2025 17:05:10.566 UTC,1.37424,1.37412,0.0012,0.0018
16.09.2025 17:05:10.721 UTC,1.37426,1.37413,0.00138,0.0018
16.09.2025 17:05:10.824 UTC,1.37426,1.37413,0.0012,0.00135
16.09.2025 17:05:10.927 UTC,1.37427,1.37413,0.00408,0.00135
16.09.2025 17:05:11.588 UTC,1.37427,1.37414,0.00318,0.0018
16.09.2025 17:05:11.692 UTC,1.37427,1.37414,0.00318,0.00135
16.09.2025 17:05:13.175 UTC,1.37426,1.37414,0.0012,0.00135
16.09.2025 17:05:14.645 UTC,1.37426,1.37415,0.00318,0.0018
16.09.2025 17:05:15.301 UTC,1.37427,1.37414,0.00318,0.00135
16.09.2025 17:05:16.576 UTC,1.37427,1.37415,0.00138,0.00135
16.09.2025 17:05:16.735 UTC,1.37426,1.37415,0.0012,0.00177
16.09.2025 17:05:17.145 UTC,1.37426,1.37414,0.0012,0.00135
16.09.2025 17:05:17.502 UTC,1.37426,1.37414,0.0012,0.0018
16.09.2025 17:05:17.604 UTC,1.37426,1.37414,0.0012,0.00135
16.09.2025 17:05:18.312 UTC,1.37427,1.37414,0.0027,0.0012
16.09.2025 17:05:18.467 UTC,1.37427,1.37415,0.0027,0.0012
16.09.2025 17:05:18.672 UTC,1.37427,1.37414,0.0027,0.00135
16.09.2025 17:05:18.877 UTC,1.37428,1.37414,0.00408,0.00135
16.09.2025 17:05:19.081 UTC,1.37427,1.37414,0.0012,0.00135
16.09.2025 17:05:19.643 UTC,1.37428,1.37414,0.00408,0.00135
16.09.2025 17:05:21.518 UTC,1.37427,1.37414,0.0027,0.00135
16.09.2025 17:05:22.736 UTC,1.37428,1.37415,0.0012,0.00135
16.09.2025 17:05:22.839 UTC,1.37427,1.37413,0.0018,0.0018
16.09.2025 17:05:22.993 UTC,1.37427,1.37413,0.0027,0.0018
16.09.2025 17:05:24.056 UTC,1.37426,1.37414,0.0012,0.0018
16.09.2025 17:05:24.158 UTC,1.37427,1.37413,0.0012,0.0018
16.09.2025 17:05:24.516 UTC,1.37426,1.37414,0.00135,0.00135
16.09.2025 17:05:24.670 UTC,1.37425,1.37413,0.0012,0.00135
16.09.2025 17:05:24.823 UTC,1.37426,1.37413,0.0012,0.00135
16.09.2025 17:05:25.683 UTC,1.37427,1.37413,0.00318,0.00135
16.09.2025 17:05:26.085 UTC,1.37427,1.37413,0.00318,0.0018
16.09.2025 17:05:26.388 UTC,1.37426,1.37414,0.00318,0.00135
16.09.2025 17:05:26.490 UTC,1.37424,1.37414,0.0012,0.00135
16.09.2025 17:05:27.553 UTC,1.37424,1.37414,0.0012,0.0018
16.09.2025 17:05:27.656 UTC,1.37427,1.37413,0.00138,0.0018
16.09.2025 17:05:28.468 UTC,1.37426,1.37414,0.00138,0.00135
16.09.2025 17:05:28.571 UTC,1.37426,1.37413,0.0012,0.00135
16.09.2025 17:05:28.622 UTC,1.37426,1.37413,0.0012,0.0018
16.09.2025 17:05:29.591 UTC,1.37427,1.37413,0.00138,0.0018
16.09.2025 17:05:30.047 UTC,1.37427,1.37413,0.00138,0.00135
16.09.2025 17:05:30.355 UTC,1.37426,1.37414,0.00138,0.0018
16.09.2025 17:05:31.718 UTC,1.37427,1.37413,0.00138,0.00135
16.09.2025 17:05:31.870 UTC,1.37427,1.37413,0.00138,0.0018
16.09.2025 17:05:32.527 UTC,1.37427,1.37415,0.00138,0.00135
16.09.2025 17:05:32.682 UTC,1.37427,1.37413,0.00138,0.0018
16.09.2025 17:05:33.549 UTC,1.37427,1.37413,0.00138,0.00135
16.09.2025 17:05:33.738 UTC,1.37426,1.37413,0.0012,0.00135
16.09.2025 17:05:34.449 UTC,1.37426,1.37414,0.0012,0.00135
16.09.2025 17:05:34.551 UTC,1.37427,1.37413,0.0027,0.0018
16.09.2025 17:05:35.263 UTC,1.37425,1.37414,0.0012,0.00135
16.09.2025 17:05:35.518 UTC,1.37427,1.37413,0.0012,0.00135
16.09.2025 17:05:36.041 UTC,1.37427,1.37413,0.0012,0.0018
16.09.2025 17:05:36.194 UTC,1.37427,1.37413,0.0012,0.00135
16.09.2025 17:05:36.348 UTC,1.37425,1.37414,0.0012,0.00135
16.09.2025 17:05:36.451 UTC,1.37426,1.37413,0.0012,0.0018
16.09.2025 17:05:37.671 UTC,1.37426,1.37413,0.0012,0.00135
16.09.2025 17:05:37.774 UTC,1.37426,1.37413,0.0012,0.0018
16.09.2025 17:05:38.684 UTC,1.37426,1.37413,0.0012,0.00135
16.09.2025 17:05:38.786 UTC,1.37425,1.37414,0.0012,0.0018
16.09.2025 17:05:38.889 UTC,1.37426,1.37413,0.0012,0.00135
16.09.2025 17:05:39.682 UTC,1.37427,1.37413,0.0027,0.00135
16.09.2025 17:05:39.940 UTC,1.37426,1.37413,0.0012,0.0018
16.09.2025 17:05:40.043 UTC,1.37426,1.37414,0.0027,0.0018
16.09.2025 17:05:40.899 UTC,1.37426,1.37414,0.0036,0.00135
16.09.2025 17:05:41.052 UTC,1.37427,1.37413,0.0036,0.0018
16.09.2025 17:05:41.953 UTC,1.37427,1.37413,0.0036,0.00135
16.09.2025 17:05:42.963 UTC,1.37426,1.37414,0.0036,0.0018
16.09.2025 17:05:43.066 UTC,1.37426,1.37413,0.0012,0.0018
16.09.2025 17:05:43.778 UTC,1.37426,1.37413,0.0012,0.00135
16.09.2025 17:05:44.184 UTC,1.37426,1.37413,0.0012,0.0018
16.09.2025 17:05:44.288 UTC,1.37426,1.37414,0.0012,0.00192
16.09.2025 17:05:44.343 UTC,1.3743,1.37419,0.00184,0.0018
16.09.2025 17:05:44.395 UTC,1.37431,1.37418,0.0027,0.0012
16.09.2025 17:05:44.498 UTC,1.3743,1.37419,0.0012,0.0018
16.09.2025 17:05:44.602 UTC,1.37431,1.37419,0.00228,0.00144
16.09.2025 17:05:44.654 UTC,1.37432,1.37421,0.00244,0.0012
16.09.2025 17:05:44.758 UTC,1.37435,1.37421,0.0036,0.0018
16.09.2025 17:05:45.267 UTC,1.37435,1.37421,0.0036,0.0024
16.09.2025 17:05:45.722 UTC,1.37435,1.37421,0.0018,0.0018
16.09.2025 17:05:45.925 UTC,1.37435,1.37421,0.0018,0.00282
16.09.2025 17:05:46.130 UTC,1.37436,1.37422,0.0018,0.00135
16.09.2025 17:05:46.182 UTC,1.37437,1.37426,0.0018,0.00135
16.09.2025 17:05:46.235 UTC,1.37438,1.37428,0.0012,0.0012
16.09.2025 17:05:46.287 UTC,1.3744,1.37428,0.0018,0.0012
16.09.2025 17:05:46.391 UTC,1.37441,1.37428,0.0012,0.0012
16.09.2025 17:05:46.444 UTC,1.37443,1.3743,0.0018,0.0012
16.09.2025 17:05:46.547 UTC,1.37445,1.3743,0.0027,0.00222
16.09.2025 17:05:46.650 UTC,1.37445,1.3743,0.0027,0.00176
16.09.2025 17:05:49.435 UTC,1.37444,1.3743,0.0012,0.00267
16.09.2025 17:05:49.538 UTC,1.37442,1.3743,0.0012,0.0024
16.09.2025 17:05:49.742 UTC,1.37443,1.37429,0.0018,0.00135
16.09.2025 17:05:52.213 UTC,1.37441,1.3743,0.0012,0.00135
16.09.2025 17:05:53.325 UTC,1.37442,1.37429,0.0012,0.0018
16.09.2025 17:05:54.585 UTC,1.37442,1.37429,0.0012,0.00135
16.09.2025 17:05:54.738 UTC,1.37442,1.37429,0.0012,0.0018
16.09.2025 17:05:55.345 UTC,1.37441,1.3743,0.0012,0.00135
16.09.2025 17:05:55.749 UTC,1.37441,1.37431,0.0012,0.0012
16.09.2025 17:05:57.116 UTC,1.37442,1.37431,0.0012,0.0012
16.09.2025 17:05:59.308 UTC,1.3744,1.37431,0.0012,0.0012
16.09.2025 17:05:59.817 UTC,1.37443,1.3743,0.0018,0.0012
16.09.2025 17:06:00.473 UTC,1.37437,1.37426,0.00132,0.00132
16.09.2025 17:06:00.577 UTC,1.37435,1.37424,0.00147,0.0012
16.09.2025 17:06:00.680 UTC,1.37435,1.37423,0.0012,0.0012
16.09.2025 17:06:00.782 UTC,1.37434,1.37423,0.0012,0.0018
16.09.2025 17:06:01.846 UTC,1.37436,1.37422,0.00237,0.0018
16.09.2025 17:06:06.034 UTC,1.37435,1.37421,0.0012,0.0018
16.09.2025 17:06:06.445 UTC,1.37435,1.37421,0.0012,0.0024
16.09.2025 17:06:06.548 UTC,1.37435,1.37422,0.00315,0.0018
16.09.2025 17:06:06.801 UTC,1.37436,1.37423,0.0018,0.00135
16.09.2025 17:06:10.836 UTC,1.37435,1.37423,0.0012,0.0012
16.09.2025 17:06:18.642 UTC,1.37436,1.37423,0.0018,0.0012
16.09.2025 17:06:19.851 UTC,1.37435,1.37423,0.0012,0.0012
16.09.2025 17:06:20.909 UTC,1.37435,1.37422,0.0012,0.00135
16.09.2025 17:06:21.214 UTC,1.37435,1.37421,0.0018,0.00315
16.09.2025 17:06:26.198 UTC,1.37435,1.37421,0.0027,0.0024
16.09.2025 17:06:26.301 UTC,1.37434,1.37422,0.0027,0.00225
16.09.2025 17:06:27.157 UTC,1.37435,1.37421,0.00282,0.00225
16.09.2025 17:06:27.460 UTC,1.37434,1.37421,0.00147,0.0012
16.09.2025 17:06:27.512 UTC,1.37433,1.37419,0.00132,0.00177
16.09.2025 17:06:28.173 UTC,1.37434,1.37419,0.00417,0.0024
16.09.2025 17:06:32.504 UTC,1.37434,1.37419,0.00417,0.00225
16.09.2025 17:06:32.807 UTC,1.37434,1.37419,0.00405,0.00237
16.09.2025 17:06:33.716 UTC,1.37434,1.37421,0.0018,0.00132
16.09.2025 17:06:33.820 UTC,1.37435,1.37422,0.0012,0.00144
16.09.2025 17:06:35.847 UTC,1.37435,1.37422,0.0012,0.00192
16.09.2025 17:06:35.954 UTC,1.37436,1.37424,0.0012,0.00192
16.09.2025 17:06:36.007 UTC,1.37438,1.37427,0.0012,0.00132
16.09.2025 17:06:36.060 UTC,1.3744,1.37427,0.0018,0.00132
16.09.2025 17:06:37.278 UTC,1.37439,1.37427,0.0012,0.0012
16.09.2025 17:06:37.532 UTC,1.3744,1.37427,0.0012,0.0012
16.09.2025 17:06:37.633 UTC,1.37439,1.37427,0.0012,0.0012
16.09.2025 17:06:42.866 UTC,1.37439,1.37428,0.0018,0.0012
16.09.2025 17:06:43.321 UTC,1.37439,1.37425,0.00135,0.0018
16.09.2025 17:06:43.373 UTC,1.37436,1.37424,0.0012,0.00189
16.09.2025 17:06:43.479 UTC,1.37434,1.37424,0.0012,0.0012
16.09.2025 17:06:44.748 UTC,1.37436,1.37424,0.0018,0.00192
16.09.2025 17:06:44.800 UTC,1.37437,1.37427,0.0012,0.00144
16.09.2025 17:06:44.904 UTC,1.37437,1.37427,0.0012,0.00132
16.09.2025 17:06:45.037 UTC,1.37438,1.37427,0.0012,0.00132
16.09.2025 17:06:45.193 UTC,1.37439,1.37426,0.0012,0.00144
16.09.2025 17:06:45.246 UTC,1.37437,1.37425,0.0012,0.00147
16.09.2025 17:06:45.400 UTC,1.37438,1.37425,0.0012,0.00147
16.09.2025 17:06:45.504 UTC,1.37436,1.37425,0.0012,0.00132
16.09.2025 17:06:45.607 UTC,1.37438,1.37425,0.0012,0.00147
16.09.2025 17:06:46.113 UTC,1.37438,1.37425,0.0012,0.00132
16.09.2025 17:06:46.165 UTC,1.37435,1.37424,0.0012,0.00128
16.09.2025 17:06:46.823 UTC,1.37435,1.37422,0.0012,0.00204
16.09.2025 17:06:50.448 UTC,1.37434,1.37425,0.0012,0.00147
16.09.2025 17:06:50.500 UTC,1.37438,1.37427,0.00244,0.00147
16.09.2025 17:06:50.604 UTC,1.3744,1.37427,0.0012,0.00147
16.09.2025 17:06:51.011 UTC,1.3744,1.37429,0.0012,0.00132
16.09.2025 17:06:51.117 UTC,1.37443,1.3743,0.0012,0.00132
16.09.2025 17:06:54.569 UTC,1.37443,1.37431,0.0018,0.00132
16.09.2025 17:06:59.205 UTC,1.37443,1.3743,0.00192,0.00177
16.09.2025 17:07:03.808 UTC,1.37444,1.3743,0.00372,0.0018
16.09.2025 17:07:03.911 UTC,1.37442,1.37431,0.00192,0.0018
16.09.2025 17:07:06.131 UTC,1.37443,1.37433,0.00372,0.0012
16.09.2025 17:07:06.184 UTC,1.37446,1.37433,0.00436,0.00135
16.09.2025 17:07:08.411 UTC,1.37443,1.37434,0.00192,0.0012
16.09.2025 17:07:08.513 UTC,1.37444,1.37434,0.00192,0.0012
16.09.2025 17:07:08.616 UTC,1.37443,1.37434,0.00192,0.0012
16.09.2025 17:07:08.974 UTC,1.37444,1.37434,0.00282,0.00135
16.09.2025 17:07:09.631 UTC,1.37444,1.37433,0.00192,0.0018
16.09.2025 17:07:09.836 UTC,1.37445,1.37433,0.00282,0.00135
16.09.2025 17:07:10.846 UTC,1.37444,1.37433,0.00192,0.0012
16.09.2025 17:07:11.000 UTC,1.37445,1.37433,0.00282,0.0012
16.09.2025 17:07:14.116 UTC,1.37445,1.37433,0.00192,0.0018
16.09.2025 17:07:15.985 UTC,1.37445,1.37435,0.00192,0.0018
16.09.2025 17:07:16.642 UTC,1.37445,1.37435,0.00192,0.0012
16.09.2025 17:07:16.845 UTC,1.37445,1.37434,0.00192,0.0012
16.09.2025 17:07:21.097 UTC,1.37445,1.37435,0.00189,0.0012
16.09.2025 17:07:28.047 UTC,1.37444,1.37433,0.00189,0.0018
16.09.2025 17:07:28.202 UTC,1.37443,1.37434,0.00189,0.0018
16.09.2025 17:07:28.811 UTC,1.37444,1.37433,0.00189,0.0018
16.09.2025 17:07:28.964 UTC,1.37444,1.37433,0.00189,0.00135
16.09.2025 17:07:29.066 UTC,1.37444,1.37433,0.00189,0.0018
16.09.2025 17:07:29.167 UTC,1.37444,1.37433,0.00189,0.00135
16.09.2025 17:07:32.016 UTC,1.37444,1.37433,0.00189,0.0018
16.09.2025 17:07:32.729 UTC,1.37443,1.37434,0.00189,0.00135
16.09.2025 17:07:32.880 UTC,1.37444,1.37433,0.00189,0.0018
16.09.2025 17:07:33.235 UTC,1.37443,1.37434,0.00189,0.0018
16.09.2025 17:07:33.540 UTC,1.37444,1.37433,0.00189,0.0018
16.09.2025 17:07:33.895 UTC,1.37444,1.37433,0.00189,0.00135
16.09.2025 17:07:35.563 UTC,1.37442,1.37434,0.00192,0.00135
16.09.2025 17:07:45.333 UTC,1.37442,1.37431,0.00192,0.00135
16.09.2025 17:07:46.395 UTC,1.37441,1.37432,0.00192,0.0018
16.09.2025 17:07:47.408 UTC,1.37442,1.37431,0.00192,0.00135
16.09.2025 17:07:48.067 UTC,1.37445,1.37433,0.00189,0.0018
16.09.2025 17:07:48.420 UTC,1.37443,1.37433,0.00192,0.00135
16.09.2025 17:07:50.441 UTC,1.37443,1.37432,0.00192,0.00135
16.09.2025 17:07:56.995 UTC,1.37444,1.37432,0.00192,0.00135
16.09.2025 17:07:58.058 UTC,1.37443,1.37432,0.00192,0.00135
16.09.2025 17:08:00.054 UTC,1.37441,1.3743,0.00192,0.00267
16.09.2025 17:08:00.157 UTC,1.37439,1.3743,0.00192,0.0012
16.09.2025 17:08:00.363 UTC,1.3744,1.37428,0.00192,0.0018
16.09.2025 17:08:00.821 UTC,1.3744,1.37429,0.0024,0.00135
16.09.2025 17:08:00.923 UTC,1.3744,1.37428,0.00192,0.0018
16.09.2025 17:08:01.227 UTC,1.3744,1.37428,0.00192,0.00135
16.09.2025 17:08:02.140 UTC,1.37437,1.37427,0.00192,0.00135
16.09.2025 17:08:02.295 UTC,1.37437,1.37426,0.00192,0.00135
16.09.2025 17:08:02.654 UTC,1.37438,1.37427,0.00192,0.0012
16.09.2025 17:08:02.808 UTC,1.37438,1.37427,0.00192,0.0018
16.09.2025 17:08:02.911 UTC,1.37438,1.37427,0.00192,0.00135
16.09.2025 17:08:04.121 UTC,1.37439,1.37427,0.00192,0.00135
16.09.2025 17:08:04.877 UTC,1.37441,1.37428,0.0033,0.0018
16.09.2025 17:08:06.240 UTC,1.37441,1.37429,0.00192,0.0018
16.09.2025 17:08:07.687 UTC,1.3744,1.3743,0.00192,0.0018
16.09.2025 17:08:07.794 UTC,1.37442,1.3743,0.00192,0.0024
16.09.2025 17:08:07.950 UTC,1.37443,1.3743,0.00192,0.0024
16.09.2025 17:08:09.412 UTC,1.37444,1.37431,0.00192,0.0018
16.09.2025 17:08:09.719 UTC,1.37444,1.37431,0.00192,0.00135
16.09.2025 17:08:09.971 UTC,1.37443,1.37432,0.00192,0.0018
16.09.2025 17:08:10.125 UTC,1.37443,1.37431,0.00192,0.0018
16.09.2025 17:08:15.869 UTC,1.37445,1.37433,0.00282,0.0012
16.09.2025 17:08:15.972 UTC,1.37445,1.37434,0.00192,0.00135
16.09.2025 17:08:17.578 UTC,1.37445,1.37433,0.00192,0.00135
16.09.2025 17:08:23.314 UTC,1.37444,1.37433,0.00192,0.00135
16.09.2025 17:08:28.949 UTC,1.37443,1.37434,0.00192,0.0018
16.09.2025 17:08:29.053 UTC,1.37444,1.37433,0.00192,0.00135
16.09.2025 17:08:29.205 UTC,1.37444,1.37433,0.00192,0.0018
16.09.2025 17:08:29.407 UTC,1.37443,1.37434,0.00192,0.00135
16.09.2025 17:08:30.668 UTC,1.37444,1.37433,0.00192,0.0018
16.09.2025 17:08:30.771 UTC,1.37443,1.37434,0.00192,0.0018
16.09.2025 17:08:30.974 UTC,1.37444,1.37433,0.00192,0.00135
16.09.2025 17:08:31.729 UTC,1.37444,1.37433,0.00192,0.0018
16.09.2025 17:08:31.833 UTC,1.37445,1.37434,0.00192,0.00135
16.09.2025 17:08:32.038 UTC,1.37445,1.37434,0.00192,0.0018
16.09.2025 17:08:32.241 UTC,1.37445,1.37434,0.00192,0.00135
16.09.2025 17:08:38.594 UTC,1.37447,1.37435,0.0018,0.0018
16.09.2025 17:08:38.647 UTC,1.37451,1.37439,0.00436,0.0012
16.09.2025 17:08:38.699 UTC,1.37451,1.3744,0.00192,0.0018
16.09.2025 17:08:40.521 UTC,1.37451,1.37439,0.00192,0.0018
16.09.2025 17:08:43.545 UTC,1.37451,1.37438,0.00192,0.00225
16.09.2025 17:08:44.306 UTC,1.37448,1.37438,0.00192,0.0042
16.09.2025 17:08:44.409 UTC,1.37449,1.37437,0.00192,0.0024
16.09.2025 17:08:44.513 UTC,1.37449,1.37438,0.00192,0.0018
16.09.2025 17:08:45.475 UTC,1.37446,1.37436,0.00192,0.0018
16.09.2025 17:08:45.547 UTC,1.37445,1.37431,0.00282,0.0033
16.09.2025 17:08:45.807 UTC,1.37442,1.37432,0.00282,0.00135
16.09.2025 17:08:46.266 UTC,1.37442,1.37432,0.00132,0.0012
16.09.2025 17:08:50.455 UTC,1.37447,1.37435,0.00372,0.0012
16.09.2025 17:08:52.075 UTC,1.37447,1.37434,0.00282,0.0024
16.09.2025 17:08:52.229 UTC,1.37444,1.37433,0.00192,0.00116
16.09.2025 17:08:52.333 UTC,1.37442,1.37432,0.00282,0.0018
16.09.2025 17:08:52.435 UTC,1.37443,1.37431,0.00282,0.00135
16.09.2025 17:08:52.739 UTC,1.37443,1.37431,0.00282,0.0018
16.09.2025 17:08:54.880 UTC,1.37442,1.37432,0.00282,0.00135
16.09.2025 17:08:55.082 UTC,1.37442,1.37432,0.00282,0.0018
16.09.2025 17:09:08.690 UTC,1.37442,1.37432,0.00192,0.00225
16.09.2025 17:09:10.357 UTC,1.37442,1.37432,0.00192,0.0024
16.09.2025 17:09:11.822 UTC,1.37444,1.37431,0.00282,0.00135
16.09.2025 17:09:11.974 UTC,1.37443,1.37431,0.00192,0.0012
16.09.2025 17:09:12.327 UTC,1.37443,1.37431,0.00192,0.0018
16.09.2025 17:09:12.632 UTC,1.37442,1.37432,0.00192,0.00135
16.09.2025 17:09:12.834 UTC,1.37443,1.37431,0.00192,0.0018
16.09.2025 17:09:14.985 UTC,1.37444,1.37432,0.00132,0.0018
16.09.2025 17:09:15.491 UTC,1.37444,1.37431,0.00132,0.0024
16.09.2025 17:09:19.367 UTC,1.37443,1.37431,0.00192,0.0024
16.09.2025 17:09:20.177 UTC,1.37444,1.37431,0.00282,0.0024
16.09.2025 17:09:21.890 UTC,1.37444,1.37432,0.00192,0.0024
16.09.2025 17:09:21.992 UTC,1.37443,1.37433,0.00192,0.0018
16.09.2025 17:09:30.835 UTC,1.37446,1.37434,0.00282,0.0018
16.09.2025 17:09:30.888 UTC,1.37448,1.37436,0.00256,0.00225
16.09.2025 17:09:31.146 UTC,1.37448,1.37436,0.00192,0.0024
16.09.2025 17:09:31.349 UTC,1.37449,1.37436,0.00282,0.0024
16.09.2025 17:09:31.401 UTC,1.37449,1.37436,0.00282,0.00225
16.09.2025 17:09:31.906 UTC,1.37449,1.37437,0.00192,0.0018
16.09.2025 17:09:33.242 UTC,1.37449,1.37437,0.00192,0.00135
16.09.2025 17:09:36.417 UTC,1.37448,1.37436,0.00192,0.0024
16.09.2025 17:09:37.785 UTC,1.37447,1.37437,0.00192,0.00225
16.09.2025 17:09:38.540 UTC,1.37448,1.37436,0.00192,0.0024
16.09.2025 17:09:40.149 UTC,1.37448,1.37437,0.00282,0.0024
16.09.2025 17:09:41.810 UTC,1.37449,1.37436,0.00282,0.0024
16.09.2025 17:09:42.420 UTC,1.37446,1.37436,0.00192,0.0018
16.09.2025 17:09:42.526 UTC,1.37443,1.37432,0.00192,0.0012
16.09.2025 17:09:42.675 UTC,1.37443,1.37431,0.00192,0.00225
16.09.2025 17:09:42.834 UTC,1.37443,1.37431,0.00192,0.0024
16.09.2025 17:09:44.809 UTC,1.37442,1.37432,0.00192,0.00225
16.09.2025 17:09:45.516 UTC,1.37442,1.37432,0.00192,0.0024
16.09.2025 17:09:46.576 UTC,1.37443,1.37431,0.00192,0.0024
16.09.2025 17:09:51.733 UTC,1.37442,1.37431,0.00192,0.0018
16.09.2025 17:09:51.836 UTC,1.37441,1.37431,0.00282,0.00116
16.09.2025 17:09:54.012 UTC,1.37442,1.3743,0.00282,0.00116
16.09.2025 17:09:55.723 UTC,1.37441,1.3743,0.00192,0.00116
16.09.2025 17:09:56.230 UTC,1.37441,1.37429,0.00192,0.00282
16.09.2025 17:10:00.903 UTC,1.37441,1.37429,0.00282,0.00135
16.09.2025 17:10:01.563 UTC,1.3744,1.37428,0.00132,0.0018
16.09.2025 17:10:02.572 UTC,1.37439,1.37429,0.00132,0.0018
16.09.2025 17:10:03.733 UTC,1.37439,1.37429,0.00282,0.0018
16.09.2025 17:10:03.836 UTC,1.3744,1.37428,0.00282,0.0018
16.09.2025 17:10:04.493 UTC,1.37439,1.37429,0.00282,0.0018
16.09.2025 17:10:04.896 UTC,1.3744,1.37428,0.00282,0.0018
16.09.2025 17:10:05.654 UTC,1.37441,1.37428,0.00282,0.0024
16.09.2025 17:10:06.062 UTC,1.37441,1.3743,0.00282,0.0018
16.09.2025 17:10:06.417 UTC,1.37441,1.3743,0.00282,0.00135
16.09.2025 17:10:11.021 UTC,1.3744,1.37431,0.00282,0.0018
16.09.2025 17:10:11.378 UTC,1.37443,1.3743,0.00132,0.00192
16.09.2025 17:10:15.054 UTC,1.37444,1.37431,0.00282,0.00192
16.09.2025 17:10:15.156 UTC,1.37444,1.37431,0.00132,0.00192
16.09.2025 17:10:17.572 UTC,1.37444,1.37431,0.00282,0.00192
16.09.2025 17:10:18.627 UTC,1.37443,1.37431,0.00192,0.00116
16.09.2025 17:10:19.690 UTC,1.37442,1.37432,0.00192,0.00116
16.09.2025 17:10:20.698 UTC,1.37443,1.37431,0.00192,0.00116
16.09.2025 17:10:23.665 UTC,1.37441,1.37431,0.00192,0.00372
16.09.2025 17:10:23.769 UTC,1.3744,1.3743,0.00192,0.00116
16.09.2025 17:10:25.031 UTC,1.3744,1.37429,0.00282,0.00135
16.09.2025 17:10:34.424 UTC,1.37442,1.37429,0.00282,0.0024
16.09.2025 17:10:34.526 UTC,1.37442,1.37429,0.00132,0.0024
16.09.2025 17:10:38.863 UTC,1.37442,1.3743,0.00132,0.00177
16.09.2025 17:10:45.682 UTC,1.37441,1.37431,0.00132,0.00192
16.09.2025 17:10:46.239 UTC,1.3744,1.37431,0.00282,0.00177
16.09.2025 17:10:47.563 UTC,1.37441,1.37428,0.00282,0.00135
16.09.2025 17:10:47.768 UTC,1.37441,1.37428,0.00282,0.0024
16.09.2025 17:10:50.885 UTC,1.37441,1.37428,0.00282,0.00282
16.09.2025 17:10:52.545 UTC,1.3744,1.37429,0.00282,0.00282
16.09.2025 17:10:56.164 UTC,1.37441,1.37428,0.00282,0.00282
16.09.2025 17:10:57.020 UTC,1.3744,1.37429,0.00282,0.00282
16.09.2025 17:10:59.080 UTC,1.3744,1.37429,0.00282,0.00267
16.09.2025 17:10:59.282 UTC,1.3744,1.37429,0.00282,0.00282
16.09.2025 17:10:59.470 UTC,1.37442,1.37429,0.00282,0.00225
16.09.2025 17:10:59.929 UTC,1.37442,1.37429,0.00282,0.00282
16.09.2025 17:11:07.886 UTC,1.37441,1.37429,0.00282,0.00116
16.09.2025 17:11:08.141 UTC,1.37441,1.37428,0.00282,0.00405
16.09.2025 17:11:08.751 UTC,1.37435,1.37427,0.0012,0.0012
16.09.2025 17:11:08.855 UTC,1.37431,1.37421,0.00192,0.00225
16.09.2025 17:11:08.997 UTC,1.37431,1.37418,0.00282,0.00282
16.09.2025 17:11:09.049 UTC,1.37431,1.37418,0.00282,0.00222
16.09.2025 17:11:09.914 UTC,1.37429,1.37418,0.00282,0.00236
16.09.2025 17:11:10.018 UTC,1.3743,1.37417,0.00282,0.00132
16.09.2025 17:11:10.581 UTC,1.3743,1.37416,0.00282,0.00225
16.09.2025 17:11:11.439 UTC,1.37424,1.37414,0.0012,0.00176
16.09.2025 17:11:11.543 UTC,1.37423,1.37411,0.00372,0.00267
16.09.2025 17:11:11.698 UTC,1.37424,1.3741,0.00372,0.00282
16.09.2025 17:11:12.254 UTC,1.37423,1.37411,0.00372,0.00267
16.09.2025 17:11:12.659 UTC,1.37424,1.3741,0.00372,0.00282
16.09.2025 17:11:14.525 UTC,1.37422,1.3741,0.00132,0.00116
16.09.2025 17:11:18.767 UTC,1.37422,1.37409,0.00282,0.0024
16.09.2025 17:11:34.969 UTC,1.3742,1.3741,0.00282,0.00135
16.09.2025 17:11:35.059 UTC,1.3742,1.3741,0.00282,0.0018
16.09.2025 17:11:35.112 UTC,1.37423,1.37409,0.00372,0.0018
16.09.2025 17:11:35.268 UTC,1.37423,1.37411,0.00282,0.0018
16.09.2025 17:11:36.223 UTC,1.37423,1.37411,0.00282,0.00135
16.09.2025 17:11:37.434 UTC,1.37423,1.37411,0.00132,0.0018
16.09.2025 17:11:37.889 UTC,1.37423,1.37412,0.00192,0.0018
16.09.2025 17:11:38.041 UTC,1.37424,1.37411,0.00192,0.0018
16.09.2025 17:11:40.161 UTC,1.37424,1.37411,0.00372,0.0018
16.09.2025 17:11:41.572 UTC,1.37424,1.37411,0.00372,0.00135
16.09.2025 17:11:41.674 UTC,1.37424,1.37411,0.00372,0.0018
16.09.2025 17:11:42.480 UTC,1.37424,1.37411,0.00372,0.00135
16.09.2025 17:11:42.582 UTC,1.37424,1.37411,0.00372,0.0018
16.09.2025 17:11:43.488 UTC,1.37424,1.37411,0.00372,0.00135
16.09.2025 17:11:43.590 UTC,1.37424,1.37411,0.00372,0.0018
16.09.2025 17:11:44.495 UTC,1.37424,1.37411,0.00372,0.00135
16.09.2025 17:11:44.648 UTC,1.37423,1.37412,0.00372,0.0018
16.09.2025 17:11:45.757 UTC,1.37423,1.37411,0.00192,0.0018
16.09.2025 17:11:46.110 UTC,1.37424,1.37411,0.00372,0.0018
16.09.2025 17:11:46.214 UTC,1.37424,1.37413,0.00132,0.0018
16.09.2025 17:11:47.381 UTC,1.37425,1.37413,0.00189,0.00116
16.09.2025 17:11:47.738 UTC,1.37423,1.37414,0.00132,0.00116
16.09.2025 17:11:49.355 UTC,1.37424,1.37412,0.00132,0.00116
16.09.2025 17:11:52.789 UTC,1.37423,1.37413,0.00132,0.00116
16.09.2025 17:11:53.598 UTC,1.37424,1.37412,0.00132,0.00116
16.09.2025 17:11:54.764 UTC,1.37424,1.37412,0.00132,0.00282
16.09.2025 17:11:54.917 UTC,1.37423,1.37413,0.00132,0.00267
16.09.2025 17:11:55.774 UTC,1.37424,1.37412,0.00132,0.00282
16.09.2025 17:11:56.130 UTC,1.37423,1.37413,0.00282,0.00282
16.09.2025 17:11:56.234 UTC,1.37424,1.37412,0.00282,0.00222
16.09.2025 17:11:56.538 UTC,1.37423,1.37412,0.00282,0.00267
16.09.2025 17:11:58.149 UTC,1.37423,1.37412,0.00372,0.00116
16.09.2025 17:11:58.306 UTC,1.37422,1.37412,0.00282,0.00116
16.09.2025 17:11:58.410 UTC,1.37421,1.37408,0.00132,0.00282
16.09.2025 17:11:58.674 UTC,1.37422,1.37409,0.00282,0.00116
16.09.2025 17:12:00.634 UTC,1.37422,1.37409,0.00282,0.00192
16.09.2025 17:12:00.887 UTC,1.37421,1.3741,0.00282,0.00192
16.09.2025 17:12:06.118 UTC,1.37421,1.3741,0.00132,0.0018
16.09.2025 17:12:06.220 UTC,1.3742,1.3741,0.00192,0.0018
16.09.2025 17:12:06.675 UTC,1.37422,1.37409,0.00282,0.0033
16.09.2025 17:12:06.874 UTC,1.37421,1.37409,0.00192,0.0033
16.09.2025 17:12:08.286 UTC,1.37415,1.37407,0.0012,0.00132
16.09.2025 17:12:08.339 UTC,1.37414,1.37402,0.00282,0.0012
16.09.2025 17:12:08.442 UTC,1.37414,1.37401,0.00189,0.00315
16.09.2025 17:12:09.508 UTC,1.37414,1.374,0.00189,0.00177
16.09.2025 17:12:09.961 UTC,1.37412,1.37401,0.00132,0.00177
16.09.2025 17:12:10.928 UTC,1.37413,1.374,0.00132,0.00192
16.09.2025 17:12:11.284 UTC,1.37412,1.37401,0.00282,0.00177
16.09.2025 17:12:11.386 UTC,1.37413,1.374,0.00282,0.00192
16.09.2025 17:12:12.445 UTC,1.37413,1.374,0.00282,0.00132
16.09.2025 17:12:12.649 UTC,1.3741,1.37401,0.00192,0.00132
16.09.2025 17:12:12.810 UTC,1.37411,1.37398,0.00192,0.00315
16.09.2025 17:12:14.174 UTC,1.3741,1.37402,0.0012,0.00225
16.09.2025 17:12:14.279 UTC,1.37416,1.37404,0.00282,0.00116
16.09.2025 17:12:14.434 UTC,1.37416,1.37403,0.00372,0.00267
16.09.2025 17:12:14.790 UTC,1.37414,1.37402,0.00192,0.00191
16.09.2025 17:12:14.943 UTC,1.37414,1.37402,0.00192,0.00177
16.09.2025 17:12:15.550 UTC,1.37413,1.37402,0.00192,0.00116
16.09.2025 17:12:18.684 UTC,1.37412,1.37402,0.00192,0.00177
16.09.2025 17:12:19.287 UTC,1.37413,1.37401,0.00192,0.00192
16.09.2025 17:12:19.842 UTC,1.37413,1.37401,0.00192,0.00177
16.09.2025 17:12:21.154 UTC,1.37413,1.37401,0.00192,0.00282
16.09.2025 17:12:21.457 UTC,1.37413,1.37401,0.00192,0.00267
16.09.2025 17:12:21.610 UTC,1.37414,1.37401,0.00282,0.00267
16.09.2025 17:12:21.764 UTC,1.37414,1.37401,0.00282,0.00282
16.09.2025 17:12:24.736 UTC,1.37413,1.37402,0.00132,0.00282
16.09.2025 17:12:25.291 UTC,1.37412,1.37402,0.00192,0.00282
16.09.2025 17:12:27.108 UTC,1.37413,1.37402,0.00282,0.00282
16.09.2025 17:12:29.524 UTC,1.37414,1.37401,0.00132,0.00282
16.09.2025 17:12:29.880 UTC,1.37413,1.37402,0.00132,0.00192
16.09.2025 17:12:31.355 UTC,1.37414,1.37401,0.00132,0.00372
16.09.2025 17:12:31.859 UTC,1.37415,1.37402,0.00132,0.0018
16.09.2025 17:12:31.963 UTC,1.37416,1.37403,0.00132,0.0018
16.09.2025 17:12:32.068 UTC,1.37415,1.37402,0.00132,0.0018
16.09.2025 17:12:36.960 UTC,1.37415,1.37402,0.00192,0.00192
16.09.2025 17:12:40.986 UTC,1.37414,1.37403,0.00192,0.00192
16.09.2025 17:12:42.299 UTC,1.37415,1.37403,0.00132,0.0018
16.09.2025 17:12:42.350 UTC,1.37415,1.37402,0.00132,0.00282
16.09.2025 17:12:48.793 UTC,1.37414,1.37403,0.00132,0.00192
16.09.2025 17:12:48.950 UTC,1.37414,1.37404,0.00132,0.0018
16.09.2025 17:12:49.053 UTC,1.37415,1.37403,0.00132,0.0018
16.09.2025 17:12:49.557 UTC,1.37415,1.37403,0.00132,0.00135
16.09.2025 17:12:50.136 UTC,1.37414,1.37404,0.00132,0.0018
16.09.2025 17:12:50.640 UTC,1.37414,1.37404,0.00132,0.00135
16.09.2025 17:12:53.863 UTC,1.37415,1.37402,0.00132,0.00282
16.09.2025 17:12:54.669 UTC,1.37414,1.37403,0.00132,0.00282
16.09.2025 17:12:55.025 UTC,1.37415,1.37402,0.00132,0.00282
16.09.2025 17:12:55.279 UTC,1.37415,1.37402,0.00132,0.00192
16.09.2025 17:12:56.089 UTC,1.37414,1.37403,0.00132,0.00372
16.09.2025 17:12:57.355 UTC,1.37415,1.37402,0.00132,0.00372
16.09.2025 17:13:02.086 UTC,1.37414,1.37403,0.00132,0.00282
16.09.2025 17:13:02.238 UTC,1.37415,1.37402,0.00132,0.00282
16.09.2025 17:13:02.591 UTC,1.37414,1.37403,0.00132,0.00282
16.09.2025 17:13:02.643 UTC,1.37415,1.37405,0.00132,0.0018
16.09.2025 17:13:02.900 UTC,1.37416,1.37403,0.00132,0.00462
16.09.2025 17:13:03.054 UTC,1.37416,1.37404,0.00132,0.00116
16.09.2025 17:13:03.208 UTC,1.37415,1.37404,0.00132,0.00462
16.09.2025 17:13:03.520 UTC,1.37415,1.37404,0.00192,0.00462
16.09.2025 17:13:04.281 UTC,1.37416,1.37403,0.00132,0.00282
16.09.2025 17:13:04.383 UTC,1.37415,1.37404,0.00132,0.00282
16.09.2025 17:13:04.487 UTC,1.37415,1.37403,0.00132,0.00116
16.09.2025 17:13:05.548 UTC,1.37414,1.37401,0.00132,0.00282
16.09.2025 17:13:05.652 UTC,1.37414,1.37401,0.00132,0.00177
16.09.2025 17:13:05.705 UTC,1.37413,1.374,0.0012,0.00236
16.09.2025 17:13:05.758 UTC,1.37411,1.37398,0.0018,0.00176
16.09.2025 17:13:05.810 UTC,1.37411,1.37397,0.00132,0.00537
16.09.2025 17:13:08.820 UTC,1.37411,1.37398,0.00192,0.0012
16.09.2025 17:13:09.827 UTC,1.3741,1.37398,0.00192,0.00267
16.09.2025 17:13:10.030 UTC,1.37411,1.37397,0.00192,0.00282
16.09.2025 17:13:10.684 UTC,1.37411,1.37397,0.00192,0.00267
16.09.2025 17:13:12.095 UTC,1.3741,1.37398,0.00192,0.00267
16.09.2025 17:13:12.199 UTC,1.37409,1.37396,0.00192,0.00177
16.09.2025 17:13:12.302 UTC,1.37406,1.37396,0.00132,0.00192
16.09.2025 17:13:12.405 UTC,1.37407,1.37395,0.00132,0.00132
16.09.2025 17:13:12.863 UTC,1.37406,1.37395,0.00192,0.00135
16.09.2025 17:13:17.839 UTC,1.37404,1.37394,0.00132,0.00135
16.09.2025 17:13:20.705 UTC,1.37405,1.37393,0.00132,0.00135
16.09.2025 17:13:20.960 UTC,1.37404,1.37394,0.00132,0.00135
16.09.2025 17:13:21.515 UTC,1.37405,1.37392,0.00132,0.00282
16.09.2025 17:13:22.329 UTC,1.37405,1.37393,0.00132,0.00116
16.09.2025 17:13:24.399 UTC,1.37403,1.37393,0.00132,0.00132
16.09.2025 17:13:32.428 UTC,1.37404,1.37391,0.00132,0.00282
16.09.2025 17:13:35.195 UTC,1.37404,1.37392,0.00132,0.00116
16.09.2025 17:13:36.199 UTC,1.37403,1.37393,0.00132,0.0018
16.09.2025 17:13:37.056 UTC,1.37404,1.37392,0.00132,0.0018
16.09.2025 17:13:38.769 UTC,1.37404,1.37392,0.00132,0.00135
16.09.2025 17:13:39.021 UTC,1.37404,1.37392,0.00132,0.00192
16.09.2025 17:13:42.989 UTC,1.37404,1.37392,0.00132,0.00177
16.09.2025 17:13:43.091 UTC,1.37403,1.37393,0.00132,0.00192
16.09.2025 17:13:44.650 UTC,1.37403,1.37394,0.00132,0.0018
16.09.2025 17:13:46.351 UTC,1.37404,1.37393,0.00132,0.00135
16.09.2025 17:13:47.564 UTC,1.37403,1.37394,0.00132,0.0018
16.09.2025 17:13:49.031 UTC,1.37406,1.37393,0.00132,0.00192
16.09.2025 17:13:49.236 UTC,1.37406,1.37394,0.00132,0.0018
16.09.2025 17:13:52.775 UTC,1.37407,1.37395,0.00192,0.00116
16.09.2025 17:13:56.086 UTC,1.37407,1.37394,0.00192,0.00192
16.09.2025 17:13:56.188 UTC,1.37407,1.37394,0.00192,0.00177
16.09.2025 17:13:56.291 UTC,1.37406,1.37395,0.00192,0.00192
16.09.2025 17:13:59.321 UTC,1.37405,1.37395,0.00132,0.00116
16.09.2025 17:13:59.373 UTC,1.37404,1.37394,0.00132,0.00116
16.09.2025 17:13:59.578 UTC,1.37404,1.37393,0.00132,0.00116
16.09.2025 17:14:00.085 UTC,1.37405,1.37392,0.00132,0.00116
16.09.2025 17:14:03.973 UTC,1.37404,1.37393,0.00132,0.00116
16.09.2025 17:14:07.651 UTC,1.37405,1.37392,0.00132,0.00116
16.09.2025 17:14:08.006 UTC,1.37405,1.37392,0.00132,0.00177
16.09.2025 17:14:08.761 UTC,1.37404,1.37393,0.00132,0.00192
16.09.2025 17:14:12.575 UTC,1.37405,1.37392,0.00282,0.00116
16.09.2025 17:14:12.678 UTC,1.37405,1.37392,0.00327,0.00116
16.09.2025 17:14:12.882 UTC,1.37403,1.37391,0.00132,0.00116
16.09.2025 17:14:12.985 UTC,1.37403,1.3739,0.00132,0.00192
16.09.2025 17:14:13.087 UTC,1.37403,1.3739,0.00132,0.00177
16.09.2025 17:14:13.441 UTC,1.37403,1.3739,0.00132,0.00192
16.09.2025 17:14:18.177 UTC,1.37398,1.37389,0.0012,0.00191
16.09.2025 17:14:18.230 UTC,1.37396,1.37386,0.0012,0.00326
16.09.2025 17:14:18.282 UTC,1.37397,1.37385,0.00192,0.00176
16.09.2025 17:14:18.437 UTC,1.37396,1.37383,0.00132,0.00236
16.09.2025 17:14:18.541 UTC,1.37395,1.37384,0.00132,0.00222
16.09.2025 17:14:18.694 UTC,1.37397,1.37385,0.00132,0.0012
16.09.2025 17:14:18.796 UTC,1.37397,1.37384,0.00132,0.0012
16.09.2025 17:14:19.659 UTC,1.37396,1.37384,0.00192,0.00132
16.09.2025 17:14:20.417 UTC,1.37396,1.37385,0.00132,0.0018
16.09.2025 17:14:20.521 UTC,1.37397,1.37386,0.0015,0.00135
16.09.2025 17:14:20.624 UTC,1.37398,1.37385,0.00132,0.00191
16.09.2025 17:14:20.802 UTC,1.37397,1.37385,0.00132,0.00176
16.09.2025 17:14:20.956 UTC,1.37397,1.37385,0.00132,0.00132
16.09.2025 17:14:21.618 UTC,1.37396,1.37386,0.00132,0.00176
16.09.2025 17:14:23.791 UTC,1.37396,1.37386,0.00132,0.00132
16.09.2025 17:14:25.612 UTC,1.37397,1.37383,0.00132,0.00192
16.09.2025 17:14:26.267 UTC,1.37396,1.37384,0.00132,0.00192
16.09.2025 17:14:28.089 UTC,1.37398,1.37384,0.00192,0.00191
16.09.2025 17:14:28.342 UTC,1.37397,1.37385,0.00192,0.00191
16.09.2025 17:14:30.608 UTC,1.37397,1.37384,0.0012,0.00191
16.09.2025 17:14:31.315 UTC,1.37397,1.37384,0.0012,0.00177
16.09.2025 17:14:36.077 UTC,1.37396,1.37385,0.0012,0.00192
16.09.2025 17:14:37.792 UTC,1.37397,1.37384,0.00189,0.00135
16.09.2025 17:14:37.895 UTC,1.37396,1.37383,0.0012,0.00192
16.09.2025 17:14:38.303 UTC,1.37395,1.37384,0.0012,0.00177
16.09.2025 17:14:38.557 UTC,1.37395,1.37384,0.0012,0.00192
16.09.2025 17:14:38.864 UTC,1.37396,1.37383,0.0012,0.00177
16.09.2025 17:14:40.981 UTC,1.37395,1.37382,0.00132,0.00192
16.09.2025 17:14:41.090 UTC,1.37395,1.37382,0.00132,0.00177
16.09.2025 17:14:42.858 UTC,1.37394,1.37381,0.00132,0.00116
16.09.2025 17:14:42.962 UTC,1.37394,1.37381,0.00132,0.00177
16.09.2025 17:14:43.115 UTC,1.37394,1.37381,0.00327,0.00132
16.09.2025 17:14:43.167 UTC,1.37393,1.37379,0.00132,0.00267
16.09.2025 17:14:43.219 UTC,1.37392,1.3738,0.00132,0.00192
16.09.2025 17:14:43.324 UTC,1.37388,1.37377,0.0012,0.00176
16.09.2025 17:14:43.427 UTC,1.37388,1.37376,0.0012,0.00132
16.09.2025 17:14:43.833 UTC,1.37389,1.37376,0.00132,0.00132
16.09.2025 17:14:44.998 UTC,1.37387,1.37377,0.0012,0.00192
16.09.2025 17:14:45.050 UTC,1.3739,1.37378,0.0012,0.0012
16.09.2025 17:14:46.010 UTC,1.3739,1.37377,0.0018,0.00267
16.09.2025 17:14:46.114 UTC,1.37388,1.37378,0.0012,0.00116
16.09.2025 17:14:46.925 UTC,1.37389,1.37377,0.0012,0.00116
16.09.2025 17:14:48.332 UTC,1.37389,1.37377,0.0012,0.0018
16.09.2025 17:14:48.384 UTC,1.37391,1.37377,0.00369,0.00282
16.09.2025 17:14:49.197 UTC,1.37391,1.37378,0.00189,0.00116
16.09.2025 17:14:50.912 UTC,1.3739,1.37378,0.0012,0.00116
16.09.2025 17:14:54.046 UTC,1.37389,1.37378,0.00189,0.00116
16.09.2025 17:14:55.663 UTC,1.3739,1.37378,0.00279,0.00116
16.09.2025 17:14:55.818 UTC,1.37388,1.37378,0.00132,0.00116
16.09.2025 17:14:56.175 UTC,1.37388,1.37377,0.00189,0.00192
16.09.2025 17:14:56.565 UTC,1.37388,1.37376,0.0012,0.00116
16.09.2025 17:14:58.234 UTC,1.37385,1.37375,0.0012,0.00176
16.09.2025 17:14:58.340 UTC,1.37384,1.37373,0.00132,0.00176
16.09.2025 17:14:58.393 UTC,1.37384,1.37371,0.00132,0.00177
16.09.2025 17:14:59.055 UTC,1.37384,1.37371,0.0018,0.00177
16.09.2025 17:14:59.210 UTC,1.37384,1.37372,0.0012,0.00135
16.09.2025 17:14:59.313 UTC,1.37385,1.37372,0.00132,0.00267
16.09.2025 17:14:59.927 UTC,1.37384,1.37371,0.00132,0.00267
16.09.2025 17:15:00.030 UTC,1.37384,1.37371,0.00132,0.00282
16.09.2025 17:15:00.435 UTC,1.37383,1.37372,0.00132,0.00282
16.09.2025 17:15:00.540 UTC,1.37381,1.37369,0.00132,0.00116
16.09.2025 17:15:00.591 UTC,1.3738,1.3737,0.0018,0.00116
16.09.2025 17:15:00.747 UTC,1.37381,1.37371,0.0012,0.00135
16.09.2025 17:15:00.850 UTC,1.37383,1.37371,0.00279,0.00116
16.09.2025 17:15:01.257 UTC,1.37384,1.37371,0.0012,0.00267
16.09.2025 17:15:01.359 UTC,1.37384,1.37371,0.0012,0.00282
16.09.2025 17:15:01.561 UTC,1.37384,1.37371,0.0012,0.00267
16.09.2025 17:15:02.354 UTC,1.37382,1.37372,0.0012,0.00132
16.09.2025 17:15:02.509 UTC,1.37383,1.37369,0.00132,0.00191
16.09.2025 17:15:02.562 UTC,1.37381,1.37368,0.00189,0.00135
16.09.2025 17:15:02.765 UTC,1.37379,1.37368,0.00192,0.00192
16.09.2025 17:15:02.918 UTC,1.37379,1.37368,0.00189,0.00135
16.09.2025 17:15:03.070 UTC,1.3738,1.37367,0.00192,0.00135
16.09.2025 17:15:03.532 UTC,1.3738,1.37367,0.00189,0.0018
16.09.2025 17:15:03.634 UTC,1.3738,1.37367,0.00189,0.00135
16.09.2025 17:15:03.738 UTC,1.37381,1.37368,0.00189,0.0018
16.09.2025 17:15:04.045 UTC,1.37381,1.37368,0.00237,0.00135
16.09.2025 17:15:04.150 UTC,1.37379,1.37367,0.0012,0.00116
16.09.2025 17:15:04.756 UTC,1.3738,1.37367,0.00189,0.00116
16.09.2025 17:15:05.212 UTC,1.3738,1.37368,0.0012,0.00116
16.09.2025 17:15:05.316 UTC,1.37382,1.37369,0.0018,0.00135
16.09.2025 17:15:05.725 UTC,1.37382,1.37369,0.0018,0.00192
16.09.2025 17:15:05.828 UTC,1.37381,1.3737,0.0012,0.00192
16.09.2025 17:15:05.933 UTC,1.37383,1.3737,0.0018,0.0018
16.09.2025 17:15:06.140 UTC,1.37384,1.37373,0.00132,0.00225
16.09.2025 17:15:06.243 UTC,1.37385,1.37372,0.0012,0.00282
16.09.2025 17:15:10.501 UTC,1.37385,1.37374,0.0018,0.00135
16.09.2025 17:15:10.603 UTC,1.37386,1.37375,0.0018,0.0012
16.09.2025 17:15:12.725 UTC,1.37386,1.37376,0.0018,0.0012
16.09.2025 17:15:12.828 UTC,1.37387,1.37376,0.0012,0.0012
16.09.2025 17:15:13.589 UTC,1.37386,1.37375,0.0012,0.00186
16.09.2025 17:15:15.149 UTC,1.37389,1.37375,0.00495,0.0012
16.09.2025 17:15:18.121 UTC,1.37386,1.37376,0.0012,0.00135
16.09.2025 17:15:18.223 UTC,1.37389,1.37375,0.00315,0.00135
16.09.2025 17:15:19.333 UTC,1.37388,1.37375,0.0012,0.0012
16.09.2025 17:15:19.842 UTC,1.37387,1.37373,0.0012,0.00201
16.09.2025 17:15:19.945 UTC,1.37386,1.37374,0.0018,0.00135
16.09.2025 17:15:20.098 UTC,1.37386,1.37373,0.0012,0.0018
16.09.2025 17:15:20.401 UTC,1.37386,1.37373,0.0012,0.00135
16.09.2025 17:15:20.706 UTC,1.37385,1.37374,0.0012,0.0018
16.09.2025 17:15:20.809 UTC,1.37386,1.37374,0.00225,0.0018
16.09.2025 17:15:21.012 UTC,1.37387,1.37373,0.00225,0.00135
16.09.2025 17:15:22.525 UTC,1.37386,1.37373,0.0012,0.00234
16.09.2025 17:15:25.384 UTC,1.37387,1.37373,0.0012,0.00144
16.09.2025 17:15:25.891 UTC,1.37383,1.37371,0.0012,0.00176
16.09.2025 17:15:25.994 UTC,1.37383,1.37371,0.0018,0.00132
16.09.2025 17:15:26.551 UTC,1.37384,1.37371,0.0012,0.00141
16.09.2025 17:15:26.805 UTC,1.37384,1.37372,0.0012,0.00132
16.09.2025 17:15:26.909 UTC,1.37384,1.37373,0.0018,0.00144
16.09.2025 17:15:27.265 UTC,1.37385,1.37373,0.0018,0.00192
16.09.2025 17:15:30.495 UTC,1.37385,1.37374,0.0012,0.00128
16.09.2025 17:15:30.701 UTC,1.37386,1.37372,0.00135,0.00276
16.09.2025 17:15:30.857 UTC,1.37384,1.37373,0.0012,0.00186
16.09.2025 17:15:31.814 UTC,1.37385,1.37372,0.0012,0.00201
16.09.2025 17:15:32.017 UTC,1.37385,1.37372,0.0012,0.00186
16.09.2025 17:15:32.775 UTC,1.37385,1.37372,0.0012,0.00201
16.09.2025 17:15:32.927 UTC,1.37385,1.37373,0.00225,0.00201
16.09.2025 17:15:33.922 UTC,1.37385,1.37373,0.0018,0.00186
16.09.2025 17:15:36.287 UTC,1.37383,1.37373,0.0012,0.00177
16.09.2025 17:15:36.593 UTC,1.37383,1.37373,0.0012,0.00204
16.09.2025 17:15:36.696 UTC,1.37384,1.37373,0.0012,0.00186
16.09.2025 17:15:36.799 UTC,1.37385,1.37372,0.0012,0.00189
16.09.2025 17:15:36.952 UTC,1.37386,1.37372,0.0036,0.00204
16.09.2025 17:15:38.467 UTC,1.37385,1.37373,0.0018,0.00201
16.09.2025 17:15:38.571 UTC,1.37385,1.37372,0.0012,0.00186
16.09.2025 17:15:39.985 UTC,1.37383,1.37373,0.0012,0.00141
16.09.2025 17:15:40.337 UTC,1.37384,1.37373,0.0012,0.00141
16.09.2025 17:15:40.790 UTC,1.37383,1.37373,0.0012,0.00141
16.09.2025 17:15:41.096 UTC,1.37383,1.37373,0.0012,0.00144
16.09.2025 17:15:41.298 UTC,1.37383,1.37373,0.0012,0.00141
16.09.2025 17:15:41.954 UTC,1.37384,1.37373,0.0012,0.00189
16.09.2025 17:15:42.057 UTC,1.37386,1.37372,0.0036,0.00204
16.09.2025 17:15:44.979 UTC,1.37385,1.37372,0.0012,0.00279
16.09.2025 17:15:48.696 UTC,1.37384,1.37372,0.0012,0.00189
16.09.2025 17:15:53.122 UTC,1.37385,1.37372,0.0012,0.00144
16.09.2025 17:15:53.604 UTC,1.37383,1.37373,0.0012,0.00189
16.09.2025 17:15:54.915 UTC,1.37383,1.37372,0.0012,0.00141
16.09.2025 17:15:55.068 UTC,1.37383,1.37372,0.0012,0.00144
16.09.2025 17:15:55.777 UTC,1.37384,1.37372,0.0012,0.00144
16.09.2025 17:15:56.842 UTC,1.37384,1.37373,0.0012,0.00132
16.09.2025 17:15:56.946 UTC,1.37384,1.37375,0.0012,0.00147
16.09.2025 17:15:56.999 UTC,1.37386,1.37376,0.0012,0.00144
16.09.2025 17:15:57.053 UTC,1.37389,1.37375,0.0027,0.00189
16.09.2025 17:15:57.867 UTC,1.37389,1.37375,0.0012,0.00203
16.09.2025 17:15:57.918 UTC,1.37387,1.37375,0.0012,0.00189
16.09.2025 17:16:00.396 UTC,1.37388,1.37377,0.0012,0.00203
16.09.2025 17:16:00.499 UTC,1.37387,1.37377,0.0012,0.00189
16.09.2025 17:16:00.807 UTC,1.37386,1.37375,0.0012,0.00141
16.09.2025 17:16:01.414 UTC,1.37386,1.37374,0.0012,0.00132
16.09.2025 17:16:01.603 UTC,1.37384,1.37375,0.0012,0.00132
16.09.2025 17:16:01.806 UTC,1.37385,1.37374,0.0012,0.00132
16.09.2025 17:16:06.028 UTC,1.37386,1.37374,0.0012,0.00132
16.09.2025 17:16:07.438 UTC,1.37386,1.37374,0.0012,0.00189
16.09.2025 17:16:07.747 UTC,1.37386,1.37377,0.0012,0.00132
16.09.2025 17:16:07.902 UTC,1.37387,1.37376,0.0012,0.00132
16.09.2025 17:16:08.715 UTC,1.37388,1.37376,0.0012,0.00132
16.09.2025 17:16:10.980 UTC,1.37388,1.37377,0.0012,0.00132
16.09.2025 17:16:11.061 UTC,1.37391,1.37381,0.00124,0.00132
16.09.2025 17:16:11.572 UTC,1.37393,1.3738,0.0018,0.00188
16.09.2025 17:16:11.827 UTC,1.37391,1.3738,0.0012,0.00188
16.09.2025 17:16:11.930 UTC,1.3739,1.37379,0.0012,0.00188
16.09.2025 17:16:14.303 UTC,1.37392,1.37378,0.0018,0.00294
16.09.2025 17:16:18.085 UTC,1.37391,1.37377,0.0012,0.00203
16.09.2025 17:16:18.492 UTC,1.3739,1.37377,0.0012,0.00204
16.09.2025 17:16:18.697 UTC,1.3739,1.37377,0.0012,0.00147
16.09.2025 17:16:19.354 UTC,1.37389,1.37376,0.0012,0.00144
16.09.2025 17:16:19.406 UTC,1.37387,1.37376,0.0012,0.00144
16.09.2025 17:16:19.558 UTC,1.37387,1.37376,0.0012,0.00141
16.09.2025 17:16:21.643 UTC,1.37388,1.37376,0.0012,0.0012
16.09.2025 17:16:22.650 UTC,1.37387,1.37376,0.0012,0.0012
16.09.2025 17:16:24.062 UTC,1.37388,1.37376,0.0012,0.0012
16.09.2025 17:16:24.167 UTC,1.37391,1.37381,0.0012,0.00135
16.09.2025 17:16:24.271 UTC,1.37393,1.3738,0.0012,0.00177
16.09.2025 17:16:26.189 UTC,1.37392,1.37379,0.0012,0.00177
16.09.2025 17:16:26.343 UTC,1.3739,1.37378,0.0012,0.00192
16.09.2025 17:16:26.446 UTC,1.3739,1.37379,0.0012,0.00192
16.09.2025 17:16:26.701 UTC,1.37391,1.37378,0.0012,0.00177
16.09.2025 17:16:27.306 UTC,1.37391,1.37378,0.0012,0.00192
16.09.2025 17:16:27.460 UTC,1.37392,1.37378,0.0018,0.00177
16.09.2025 17:16:27.562 UTC,1.37392,1.37378,0.0018,0.00192
16.09.2025 17:16:27.767 UTC,1.37391,1.37378,0.0012,0.00192
16.09.2025 17:16:27.870 UTC,1.37391,1.37378,0.0012,0.00177
16.09.2025 17:16:28.074 UTC,1.3739,1.37379,0.0012,0.00192
16.09.2025 17:16:28.376 UTC,1.37391,1.37378,0.0012,0.00192
16.09.2025 17:16:28.834 UTC,1.37392,1.37378,0.0018,0.00192
16.09.2025 17:16:29.325 UTC,1.37392,1.37378,0.0018,0.00177
16.09.2025 17:16:29.528 UTC,1.37392,1.37378,0.0018,0.00192
16.09.2025 17:16:30.135 UTC,1.37392,1.37378,0.0018,0.00177
16.09.2025 17:16:30.237 UTC,1.37391,1.37378,0.0012,0.00177
16.09.2025 17:16:31.952 UTC,1.37392,1.37378,0.0036,0.00177
16.09.2025 17:16:32.909 UTC,1.37391,1.37379,0.0036,0.00192
16.09.2025 17:16:33.112 UTC,1.37391,1.37378,0.0012,0.00192
16.09.2025 17:16:33.465 UTC,1.3739,1.37379,0.0012,0.00177
16.09.2025 17:16:35.229 UTC,1.37389,1.37378,0.0012,0.00177
16.09.2025 17:16:35.332 UTC,1.3739,1.37378,0.0012,0.00135
16.09.2025 17:16:36.753 UTC,1.37391,1.37379,0.0036,0.00177
16.09.2025 17:16:36.857 UTC,1.37391,1.37379,0.0018,0.00282
16.09.2025 17:16:37.009 UTC,1.37391,1.37379,0.0018,0.00177
16.09.2025 17:16:37.960 UTC,1.37392,1.3738,0.0012,0.00135
16.09.2025 17:16:38.062 UTC,1.37393,1.3738,0.0012,0.00191
16.09.2025 17:16:43.715 UTC,1.37392,1.37379,0.0012,0.00191
16.09.2025 17:16:43.819 UTC,1.37392,1.37379,0.0012,0.00135
16.09.2025 17:16:47.684 UTC,1.37393,1.37379,0.00279,0.00135
16.09.2025 17:16:48.946 UTC,1.37393,1.3738,0.0012,0.00135
16.09.2025 17:16:56.744 UTC,1.37394,1.37382,0.0018,0.00135
16.09.2025 17:16:56.799 UTC,1.37395,1.37383,0.0036,0.0018
16.09.2025 17:16:58.014 UTC,1.37396,1.37382,0.0027,0.00225
16.09.2025 17:16:58.166 UTC,1.37395,1.37382,0.0012,0.00135
16.09.2025 17:16:58.319 UTC,1.37394,1.37382,0.0012,0.00135
16.09.2025 17:17:03.115 UTC,1.37395,1.37382,0.0018,0.00135
16.09.2025 17:17:09.712 UTC,1.37394,1.3738,0.0012,0.00191
16.09.2025 17:17:09.918 UTC,1.37395,1.37381,0.0027,0.00192
16.09.2025 17:17:10.529 UTC,1.37396,1.37382,0.0036,0.00116
16.09.2025 17:17:11.694 UTC,1.37396,1.37383,0.0018,0.0018
16.09.2025 17:17:11.799 UTC,1.37399,1.37385,0.00498,0.00135
16.09.2025 17:17:13.015 UTC,1.37399,1.37386,0.0027,0.0012
16.09.2025 17:17:13.673 UTC,1.37397,1.37387,0.0012,0.0012
16.09.2025 17:17:14.126 UTC,1.37398,1.37386,0.00132,0.0012
16.09.2025 17:17:14.329 UTC,1.37397,1.37385,0.00132,0.00177
16.09.2025 17:17:14.483 UTC,1.37397,1.37385,0.00132,0.00191
16.09.2025 17:17:29.292 UTC,1.37398,1.37385,0.00372,0.00132
16.09.2025 17:17:33.022 UTC,1.37398,1.37385,0.00282,0.00192
16.09.2025 17:17:35.209 UTC,1.37398,1.37385,0.00282,0.00132
16.09.2025 17:17:35.363 UTC,1.37396,1.37384,0.00132,0.0018
16.09.2025 17:17:35.466 UTC,1.37397,1.37383,0.00147,0.0018
16.09.2025 17:17:37.482 UTC,1.37396,1.37383,0.00132,0.00135
16.09.2025 17:17:38.944 UTC,1.37394,1.37383,0.00132,0.0012
16.09.2025 17:17:39.201 UTC,1.37394,1.37382,0.00132,0.00135
16.09.2025 17:17:39.865 UTC,1.37392,1.37382,0.00132,0.00267
16.09.2025 17:17:42.837 UTC,1.37393,1.37381,0.00132,0.0018
16.09.2025 17:17:43.084 UTC,1.37393,1.37381,0.00132,0.00177
16.09.2025 17:17:43.339 UTC,1.37393,1.37382,0.00192,0.00282
16.09.2025 17:17:45.360 UTC,1.37395,1.37381,0.00372,0.00177
16.09.2025 17:17:45.461 UTC,1.37395,1.37381,0.00372,0.00192
16.09.2025 17:17:47.123 UTC,1.37395,1.37381,0.00372,0.00132
16.09.2025 17:17:47.327 UTC,1.37395,1.37381,0.00552,0.0012
16.09.2025 17:17:47.380 UTC,1.3739,1.37379,0.0012,0.00132
16.09.2025 17:17:47.432 UTC,1.37389,1.37376,0.0012,0.00176
16.09.2025 17:17:47.534 UTC,1.37389,1.37376,0.00132,0.00176
16.09.2025 17:17:49.301 UTC,1.3739,1.37376,0.00192,0.00176
16.09.2025 17:17:53.074 UTC,1.37391,1.37376,0.00372,0.00191
16.09.2025 17:17:56.647 UTC,1.37389,1.37377,0.00192,0.00191
16.09.2025 17:17:56.748 UTC,1.3739,1.37376,0.00192,0.00191
16.09.2025 17:18:00.802 UTC,1.37389,1.37377,0.00132,0.00191
16.09.2025 17:18:03.620 UTC,1.37391,1.37377,0.00372,0.00116
16.09.2025 17:18:05.081 UTC,1.37391,1.37378,0.00282,0.00192
16.09.2025 17:18:07.952 UTC,1.37393,1.37379,0.00192,0.0018
16.09.2025 17:18:08.707 UTC,1.37393,1.37379,0.00192,0.00135
16.09.2025 17:18:10.159 UTC,1.37393,1.37379,0.00132,0.00192
16.09.2025 17:18:10.463 UTC,1.37394,1.3738,0.00282,0.00135
16.09.2025 17:18:10.567 UTC,1.37394,1.3738,0.00192,0.00192
16.09.2025 17:18:10.669 UTC,1.37394,1.3738,0.00192,0.00177
16.09.2025 17:18:12.285 UTC,1.37393,1.37379,0.00132,0.00191
16.09.2025 17:18:12.388 UTC,1.37392,1.3738,0.00132,0.00135
16.09.2025 17:18:14.259 UTC,1.37393,1.37379,0.00372,0.00135
16.09.2025 17:18:15.324 UTC,1.37392,1.3738,0.00282,0.00192
16.09.2025 17:18:16.888 UTC,1.37392,1.3738,0.00282,0.00177
16.09.2025 17:18:17.145 UTC,1.37392,1.3738,0.00282,0.00192
16.09.2025 17:18:17.248 UTC,1.37392,1.3738,0.00282,0.00177
16.09.2025 17:18:18.148 UTC,1.37392,1.3738,0.00282,0.00132
16.09.2025 17:18:19.608 UTC,1.37392,1.37378,0.00192,0.00191
16.09.2025 17:18:19.711 UTC,1.37392,1.37379,0.00132,0.00177
16.09.2025 17:18:23.701 UTC,1.37392,1.37378,0.00192,0.00191
16.09.2025 17:18:23.805 UTC,1.3739,1.37378,0.00132,0.00132
16.09.2025 17:18:23.909 UTC,1.37387,1.37377,0.00132,0.00191
16.09.2025 17:18:24.011 UTC,1.37388,1.37376,0.00132,0.00191
16.09.2025 17:18:24.164 UTC,1.3739,1.37377,0.00282,0.00177
16.09.2025 17:18:24.267 UTC,1.3739,1.37378,0.00189,0.00116
16.09.2025 17:18:24.775 UTC,1.37392,1.37379,0.00282,0.0012
16.09.2025 17:18:25.280 UTC,1.37392,1.37379,0.00372,0.0012
16.09.2025 17:18:25.384 UTC,1.37388,1.37378,0.00132,0.00176
16.09.2025 17:18:25.589 UTC,1.3739,1.37378,0.00192,0.00116
16.09.2025 17:18:25.922 UTC,1.3739,1.37378,0.00189,0.00116
16.09.2025 17:18:26.328 UTC,1.3739,1.37379,0.00189,0.00135
16.09.2025 17:18:26.432 UTC,1.37391,1.37378,0.00132,0.00191
16.09.2025 17:18:26.534 UTC,1.37391,1.37378,0.00132,0.00177
16.09.2025 17:18:28.195 UTC,1.37392,1.37378,0.00132,0.00192
16.09.2025 17:18:28.296 UTC,1.37392,1.37378,0.00132,0.00177
16.09.2025 17:18:28.499 UTC,1.37392,1.37378,0.00282,0.00192
16.09.2025 17:18:28.752 UTC,1.37392,1.37378,0.00282,0.00177
16.09.2025 17:18:31.919 UTC,1.37391,1.37378,0.00192,0.00177
16.09.2025 17:18:32.023 UTC,1.37391,1.37377,0.00282,0.00191
16.09.2025 17:18:34.693 UTC,1.3739,1.37377,0.00132,0.00191
16.09.2025 17:18:35.246 UTC,1.37389,1.37378,0.00132,0.00191
16.09.2025 17:18:36.090 UTC,1.37389,1.37377,0.00282,0.00191
16.09.2025 17:18:36.151 UTC,1.37387,1.37376,0.00327,0.0012
16.09.2025 17:18:36.309 UTC,1.37387,1.37374,0.00132,0.00177
16.09.2025 17:18:36.819 UTC,1.37387,1.37374,0.00132,0.00191
16.09.2025 17:18:39.845 UTC,1.37388,1.37375,0.00132,0.00132
16.09.2025 17:18:39.898 UTC,1.37389,1.37377,0.00192,0.00135
16.09.2025 17:18:40.001 UTC,1.3739,1.37377,0.00282,0.00135
16.09.2025 17:18:40.154 UTC,1.37389,1.37377,0.00282,0.00177
16.09.2025 17:18:40.862 UTC,1.3739,1.37376,0.00282,0.00177
16.09.2025 17:18:41.266 UTC,1.3739,1.37376,0.00282,0.00192
16.09.2025 17:18:41.369 UTC,1.37389,1.37377,0.00282,0.00192
16.09.2025 17:18:44.240 UTC,1.3739,1.37376,0.00147,0.00192
16.09.2025 17:18:44.343 UTC,1.37389,1.37377,0.00147,0.00132
16.09.2025 17:18:48.568 UTC,1.37388,1.37377,0.00132,0.00177
16.09.2025 17:18:52.403 UTC,1.37389,1.37376,0.0027,0.00177
16.09.2025 17:18:54.365 UTC,1.37388,1.37374,0.00315,0.00191
16.09.2025 17:18:54.467 UTC,1.37387,1.37375,0.00477,0.0012
16.09.2025 17:18:56.190 UTC,1.37387,1.37374,0.00315,0.0018
16.09.2025 17:18:58.919 UTC,1.37387,1.37374,0.0018,0.00135
16.09.2025 17:18:59.023 UTC,1.37387,1.37375,0.0012,0.0012
16.09.2025 17:19:02.100 UTC,1.37386,1.37375,0.0012,0.00267
16.09.2025 17:19:02.203 UTC,1.37388,1.37374,0.0036,0.0018
16.09.2025 17:19:02.506 UTC,1.37388,1.37374,0.0036,0.00135
16.09.2025 17:19:03.162 UTC,1.37386,1.37375,0.0018,0.00135
16.09.2025 17:19:03.264 UTC,1.37386,1.37375,0.00192,0.00135
16.09.2025 17:19:04.865 UTC,1.37386,1.37375,0.00282,0.00192
16.09.2025 17:19:05.017 UTC,1.37386,1.37375,0.00282,0.00177
16.09.2025 17:19:05.421 UTC,1.37387,1.37375,0.0012,0.0018
16.09.2025 17:19:05.524 UTC,1.37388,1.37376,0.00132,0.0012
16.09.2025 17:19:08.941 UTC,1.3739,1.37376,0.0027,0.0012
16.09.2025 17:19:09.847 UTC,1.37389,1.37376,0.0012,0.00135
16.09.2025 17:19:11.059 UTC,1.37389,1.37377,0.00315,0.00135
16.09.2025 17:19:15.929 UTC,1.37389,1.37376,0.0012,0.00135
16.09.2025 17:19:16.383 UTC,1.37389,1.37377,0.0012,0.0012
16.09.2025 17:19:16.486 UTC,1.3739,1.37377,0.0027,0.00135
16.09.2025 17:19:18.907 UTC,1.37389,1.37378,0.0027,0.0018
16.09.2025 17:19:19.010 UTC,1.37389,1.37377,0.0012,0.0012
16.09.2025 17:19:20.585 UTC,1.37389,1.37378,0.0027,0.0012
16.09.2025 17:19:21.502 UTC,1.37389,1.37381,0.0012,0.0012
16.09.2025 17:19:21.558 UTC,1.37391,1.37381,0.0012,0.00135
16.09.2025 17:19:21.664 UTC,1.37394,1.37383,0.0027,0.0012
16.09.2025 17:19:23.382 UTC,1.37396,1.37382,0.0036,0.0012
16.09.2025 17:19:23.688 UTC,1.37395,1.37382,0.0012,0.0012
16.09.2025 17:19:25.808 UTC,1.37393,1.37383,0.0012,0.0012
16.09.2025 17:19:28.482 UTC,1.37393,1.37383,0.00132,0.0012
16.09.2025 17:19:31.684 UTC,1.37394,1.37381,0.00132,0.00132
16.09.2025 17:19:32.296 UTC,1.37394,1.37382,0.00132,0.00135
16.09.2025 17:19:32.449 UTC,1.37395,1.37382,0.00279,0.00135
16.09.2025 17:19:32.552 UTC,1.37394,1.37383,0.00282,0.0012
16.09.2025 17:19:32.910 UTC,1.37394,1.37382,0.00132,0.00135
16.09.2025 17:19:33.520 UTC,1.37394,1.37381,0.00132,0.00135
16.09.2025 17:19:36.893 UTC,1.37395,1.37381,0.00372,0.00225
16.09.2025 17:19:37.145 UTC,1.37394,1.37382,0.00372,0.0024
16.09.2025 17:19:39.914 UTC,1.37395,1.37382,0.00189,0.00135
16.09.2025 17:19:44.975 UTC,1.37395,1.37382,0.00132,0.0018
16.09.2025 17:19:45.127 UTC,1.37394,1.37383,0.00132,0.00135
16.09.2025 17:19:46.937 UTC,1.37395,1.37382,0.00132,0.0018
16.09.2025 17:19:47.039 UTC,1.37395,1.37382,0.00132,0.00135
16.09.2025 17:19:47.342 UTC,1.37395,1.37382,0.00132,0.0018
16.09.2025 17:19:47.547 UTC,1.37394,1.37383,0.0012,0.0018
16.09.2025 17:19:47.750 UTC,1.37395,1.37384,0.00279,0.00135
16.09.2025 17:19:47.855 UTC,1.37396,1.37382,0.00414,0.0018
16.09.2025 17:19:48.008 UTC,1.37395,1.37383,0.00405,0.0024
16.09.2025 17:19:48.815 UTC,1.37396,1.37382,0.0036,0.00225
16.09.2025 17:19:49.574 UTC,1.37394,1.37383,0.0018,0.00135
16.09.2025 17:19:49.897 UTC,1.37395,1.37381,0.0036,0.00135
16.09.2025 17:19:50.554 UTC,1.37394,1.37381,0.0012,0.00135
16.09.2025 17:19:50.708 UTC,1.37395,1.37381,0.0036,0.0012
16.09.2025 17:19:51.061 UTC,1.37394,1.3738,0.0012,0.0018
16.09.2025 17:19:51.569 UTC,1.37393,1.3738,0.0012,0.0012
16.09.2025 17:19:51.673 UTC,1.37394,1.37381,0.0027,0.00135
16.09.2025 17:19:53.243 UTC,1.37394,1.37381,0.0012,0.00192
16.09.2025 17:19:53.495 UTC,1.37394,1.37381,0.0012,0.00177
16.09.2025 17:19:53.749 UTC,1.37394,1.37381,0.0012,0.00192
16.09.2025 17:19:54.152 UTC,1.37394,1.37381,0.0012,0.00177
16.09.2025 17:19:54.707 UTC,1.37394,1.37381,0.0012,0.00192
16.09.2025 17:19:56.718 UTC,1.37394,1.37381,0.0012,0.00177
16.09.2025 17:19:57.021 UTC,1.37395,1.37381,0.0018,0.00177
16.09.2025 17:19:57.826 UTC,1.37395,1.37381,0.0036,0.00192
16.09.2025 17:19:57.979 UTC,1.37394,1.37382,0.0036,0.00132
16.09.2025 17:19:58.234 UTC,1.37394,1.37381,0.0012,0.0012
16.09.2025 17:19:58.540 UTC,1.37394,1.37381,0.0012,0.0018
16.09.2025 17:19:58.794 UTC,1.37394,1.37381,0.0012,0.00135
16.09.2025 17:20:01.839 UTC,1.37394,1.37381,0.0012,0.00192
16.09.2025 17:20:01.943 UTC,1.37395,1.37383,0.0027,0.00192
16.09.2025 17:20:02.046 UTC,1.37395,1.37383,0.0018,0.00177
16.09.2025 17:20:03.109 UTC,1.37396,1.37382,0.0018,0.00192
16.09.2025 17:20:05.923 UTC,1.37395,1.37383,0.0018,0.00192
16.09.2025 17:20:07.488 UTC,1.37397,1.37383,0.0036,0.0012
16.09.2025 17:20:10.804 UTC,1.37395,1.37383,0.0012,0.00186
16.09.2025 17:20:10.908 UTC,1.37397,1.37383,0.0012,0.0012
16.09.2025 17:20:13.526 UTC,1.37397,1.37385,0.0012,0.0012
16.09.2025 17:20:13.629 UTC,1.37398,1.37385,0.0012,0.0012
16.09.2025 17:20:15.393 UTC,1.37397,1.37385,0.0012,0.0012
16.09.2025 17:20:17.258 UTC,1.37398,1.37385,0.0012,0.0012
16.09.2025 17:20:17.361 UTC,1.37399,1.37386,0.0027,0.0012
16.09.2025 17:20:17.464 UTC,1.37398,1.37386,0.0012,0.0012
16.09.2025 17:20:17.667 UTC,1.37396,1.37387,0.0012,0.0012
16.09.2025 17:20:19.133 UTC,1.37395,1.37384,0.0012,0.0012
16.09.2025 17:20:20.934 UTC,1.37396,1.37385,0.0012,0.0012
16.09.2025 17:20:21.640 UTC,1.37398,1.37385,0.0027,0.00135
16.09.2025 17:20:24.663 UTC,1.37398,1.37385,0.0012,0.00192
16.09.2025 17:20:24.815 UTC,1.37398,1.37386,0.0027,0.00177
16.09.2025 17:20:28.536 UTC,1.37399,1.37386,0.0012,0.0012
16.09.2025 17:20:29.048 UTC,1.37403,1.37392,0.00184,0.0012
16.09.2025 17:20:29.101 UTC,1.37403,1.37392,0.0012,0.00132
16.09.2025 17:20:29.206 UTC,1.37405,1.37392,0.0027,0.0012
16.09.2025 17:20:31.277 UTC,1.37405,1.37394,0.0027,0.0012
16.09.2025 17:20:31.432 UTC,1.37406,1.37394,0.0012,0.0012
16.09.2025 17:20:31.686 UTC,1.37407,1.37394,0.0012,0.0012
16.09.2025 17:20:33.094 UTC,1.37407,1.37394,0.00132,0.0012
16.09.2025 17:20:37.720 UTC,1.37406,1.37392,0.00192,0.00132
16.09.2025 17:20:37.825 UTC,1.37403,1.37392,0.00282,0.0012
16.09.2025 17:20:38.185 UTC,1.37406,1.37395,0.0012,0.0012
16.09.2025 17:20:38.290 UTC,1.37407,1.37395,0.00132,0.0012
16.09.2025 17:20:43.107 UTC,1.37408,1.37395,0.00132,0.0012
16.09.2025 17:20:47.961 UTC,1.37407,1.37393,0.0012,0.00177
16.09.2025 17:20:48.055 UTC,1.37405,1.37393,0.0012,0.0012
16.09.2025 17:20:57.921 UTC,1.37405,1.37394,0.0012,0.0012
16.09.2025 17:20:59.727 UTC,1.37406,1.37393,0.00132,0.0018
16.09.2025 17:20:59.830 UTC,1.37405,1.37394,0.0012,0.00135
16.09.2025 17:20:59.934 UTC,1.37407,1.37395,0.00132,0.0012
16.09.2025 17:21:00.089 UTC,1.37407,1.37396,0.00279,0.00132
16.09.2025 17:21:00.644 UTC,1.37408,1.37395,0.00192,0.00132
16.09.2025 17:21:00.747 UTC,1.37407,1.37396,0.00189,0.00132
16.09.2025 17:21:01.303 UTC,1.37409,1.37395,0.00282,0.00132
16.09.2025 17:21:03.479 UTC,1.37407,1.37394,0.00132,0.00177
16.09.2025 17:21:03.986 UTC,1.37407,1.37393,0.00132,0.00135
16.09.2025 17:21:04.091 UTC,1.374,1.3739,0.00192,0.0018
16.09.2025 17:21:04.145 UTC,1.37396,1.37386,0.0012,0.00222
16.09.2025 17:21:04.248 UTC,1.37396,1.37385,0.0012,0.00222
16.09.2025 17:21:05.216 UTC,1.37396,1.37386,0.00132,0.00132
16.09.2025 17:21:09.712 UTC,1.37399,1.37385,0.00192,0.00192
16.09.2025 17:21:10.566 UTC,1.37399,1.37385,0.00192,0.00177
16.09.2025 17:21:10.718 UTC,1.37399,1.37385,0.00192,0.00192
16.09.2025 17:21:10.969 UTC,1.37399,1.37385,0.00192,0.00177
16.09.2025 17:21:11.675 UTC,1.37398,1.37386,0.00279,0.00192
16.09.2025 17:21:11.779 UTC,1.374,1.37386,0.00132,0.0018
16.09.2025 17:21:11.882 UTC,1.374,1.37386,0.00192,0.00132
16.09.2025 17:21:12.186 UTC,1.37399,1.37387,0.00192,0.00192
16.09.2025 17:21:12.794 UTC,1.374,1.37386,0.00192,0.00192
16.09.2025 17:21:15.212 UTC,1.374,1.37386,0.00189,0.00192
16.09.2025 17:21:15.468 UTC,1.374,1.37387,0.0012,0.00192
16.09.2025 17:21:15.520 UTC,1.37402,1.37388,0.0018,0.00135
16.09.2025 17:21:18.691 UTC,1.37402,1.37388,0.00189,0.00192
16.09.2025 17:21:18.794 UTC,1.37403,1.37389,0.00369,0.0018
16.09.2025 17:21:18.898 UTC,1.37401,1.3739,0.0012,0.00176
16.09.2025 17:21:19.002 UTC,1.374,1.3739,0.0012,0.00135
16.09.2025 17:21:20.569 UTC,1.37402,1.3739,0.00279,0.00135
16.09.2025 17:21:20.822 UTC,1.37402,1.3739,0.00282,0.00135
16.09.2025 17:21:21.778 UTC,1.37403,1.37389,0.00282,0.0012
16.09.2025 17:21:23.441 UTC,1.374,1.37387,0.00147,0.00116
16.09.2025 17:21:23.545 UTC,1.37398,1.37386,0.00132,0.00192
16.09.2025 17:21:23.900 UTC,1.374,1.37388,0.00279,0.0018
16.09.2025 17:21:24.004 UTC,1.37402,1.37388,0.0033,0.0018
16.09.2025 17:21:24.107 UTC,1.37401,1.37389,0.00192,0.0018
16.09.2025 17:21:24.210 UTC,1.37402,1.37388,0.00192,0.0018
16.09.2025 17:21:26.234 UTC,1.37401,1.37389,0.0024,0.00135
16.09.2025 17:21:27.165 UTC,1.37402,1.37388,0.00192,0.00192
16.09.2025 17:21:28.632 UTC,1.37402,1.37388,0.00192,0.00282
16.09.2025 17:21:28.834 UTC,1.37401,1.37389,0.00192,0.00282
16.09.2025 17:21:32.565 UTC,1.37402,1.37389,0.00132,0.0018
16.09.2025 17:21:32.669 UTC,1.37403,1.37391,0.0033,0.0018
16.09.2025 17:21:32.722 UTC,1.37405,1.37391,0.00132,0.0012
16.09.2025 17:21:33.181 UTC,1.37406,1.37392,0.0042,0.0012
16.09.2025 17:21:34.796 UTC,1.37405,1.37392,0.00132,0.00135
16.09.2025 17:21:34.900 UTC,1.37404,1.37391,0.00132,0.0012
16.09.2025 17:21:35.405 UTC,1.37404,1.37391,0.00132,0.00135
16.09.2025 17:21:35.509 UTC,1.37404,1.37393,0.0012,0.0018
16.09.2025 17:21:35.612 UTC,1.37405,1.37393,0.00132,0.00135
16.09.2025 17:21:35.716 UTC,1.37406,1.37392,0.00132,0.0018
16.09.2025 17:21:36.774 UTC,1.37405,1.37393,0.00132,0.00135
16.09.2025 17:21:38.495 UTC,1.37401,1.37392,0.0018,0.00132
16.09.2025 17:21:38.600 UTC,1.374,1.37388,0.0012,0.00176
16.09.2025 17:21:38.651 UTC,1.374,1.37389,0.00132,0.0012
16.09.2025 17:21:41.633 UTC,1.37398,1.37388,0.00132,0.00132
16.09.2025 17:21:41.736 UTC,1.37398,1.37386,0.00132,0.00177
16.09.2025 17:21:43.202 UTC,1.37399,1.37385,0.00132,0.00177
16.09.2025 17:21:44.363 UTC,1.37397,1.37386,0.0012,0.00177
16.09.2025 17:21:44.566 UTC,1.37399,1.37385,0.00189,0.00177
16.09.2025 17:21:45.673 UTC,1.37398,1.37385,0.0012,0.00177
16.09.2025 17:21:47.282 UTC,1.37399,1.37385,0.00132,0.00177
16.09.2025 17:21:55.285 UTC,1.37398,1.37385,0.0012,0.00132
16.09.2025 17:21:55.388 UTC,1.37398,1.37385,0.00132,0.00132
16.09.2025 17:21:56.023 UTC,1.37399,1.37385,0.00192,0.00177
16.09.2025 17:21:56.127 UTC,1.37399,1.37385,0.00282,0.00177
16.09.2025 17:21:56.731 UTC,1.37398,1.37386,0.00282,0.00192
16.09.2025 17:21:59.041 UTC,1.37399,1.37385,0.00132,0.00192
16.09.2025 17:22:00.653 UTC,1.37399,1.37385,0.00132,0.00177
16.09.2025 17:22:00.957 UTC,1.37398,1.37386,0.00132,0.00192
16.09.2025 17:22:01.211 UTC,1.37399,1.37385,0.00132,0.00192
16.09.2025 17:22:01.364 UTC,1.37399,1.37385,0.00132,0.00177
16.09.2025 17:22:02.675 UTC,1.37399,1.37385,0.00372,0.00192
16.09.2025 17:22:02.930 UTC,1.37399,1.37385,0.00372,0.00177
16.09.2025 17:22:05.995 UTC,1.37399,1.37385,0.00372,0.00192
16.09.2025 17:22:06.198 UTC,1.37399,1.37385,0.00372,0.00177
16.09.2025 17:22:06.802 UTC,1.37399,1.37385,0.00372,0.00192
16.09.2025 17:22:07.410 UTC,1.37398,1.37386,0.00282,0.00177
16.09.2025 17:22:07.816 UTC,1.37399,1.37385,0.00279,0.00177
16.09.2025 17:22:08.421 UTC,1.37399,1.37385,0.00372,0.00177
16.09.2025 17:22:08.525 UTC,1.37396,1.37383,0.0012,0.00191
16.09.2025 17:22:08.577 UTC,1.37395,1.37383,0.0012,0.00282
16.09.2025 17:22:08.785 UTC,1.37396,1.37383,0.00132,0.0018
16.09.2025 17:22:08.887 UTC,1.37395,1.37384,0.00132,0.00135
16.09.2025 17:22:09.042 UTC,1.37397,1.37383,0.00192,0.0024
16.09.2025 17:22:09.296 UTC,1.37397,1.37383,0.00132,0.00177
16.09.2025 17:22:09.450 UTC,1.37397,1.37384,0.00132,0.00192
16.09.2025 17:22:09.604 UTC,1.37398,1.37384,0.00192,0.00192
16.09.2025 17:22:09.706 UTC,1.37397,1.37385,0.00192,0.00177
16.09.2025 17:22:09.960 UTC,1.37398,1.37384,0.00192,0.00192
16.09.2025 17:22:10.264 UTC,1.37398,1.37384,0.00192,0.00177
16.09.2025 17:22:10.620 UTC,1.37398,1.37385,0.00417,0.00192
16.09.2025 17:22:10.924 UTC,1.37399,1.37384,0.00405,0.00192
16.09.2025 17:22:11.076 UTC,1.37398,1.37385,0.00417,0.00192
16.09.2025 17:22:16.879 UTC,1.37399,1.37384,0.00372,0.00192
16.09.2025 17:22:18.294 UTC,1.37398,1.37385,0.00327,0.00177
16.09.2025 17:22:18.397 UTC,1.37396,1.37385,0.0036,0.00116
16.09.2025 17:22:18.654 UTC,1.37396,1.37384,0.0027,0.00282
16.09.2025 17:22:19.162 UTC,1.37397,1.37383,0.0027,0.00282
16.09.2025 17:22:19.616 UTC,1.37397,1.37383,0.0012,0.00282
16.09.2025 17:22:20.021 UTC,1.37397,1.37383,0.0012,0.00192
16.09.2025 17:22:20.570 UTC,1.37396,1.37384,0.0012,0.00282
16.09.2025 17:22:21.132 UTC,1.37397,1.37383,0.0012,0.00282
16.09.2025 17:22:23.103 UTC,1.37396,1.37384,0.0036,0.0024
16.09.2025 17:22:24.664 UTC,1.37394,1.37384,0.0012,0.00135
16.09.2025 17:22:24.767 UTC,1.37395,1.37381,0.0012,0.00282
16.09.2025 17:22:25.426 UTC,1.37395,1.37381,0.0012,0.00267
16.09.2025 17:22:25.630 UTC,1.37394,1.37382,0.0012,0.00282
16.09.2025 17:22:26.742 UTC,1.37395,1.37381,0.0012,0.00282
16.09.2025 17:22:27.453 UTC,1.37395,1.37381,0.0012,0.00267
16.09.2025 17:22:29.014 UTC,1.37395,1.37381,0.0027,0.00192
16.09.2025 17:22:29.116 UTC,1.37394,1.37382,0.0027,0.00282
16.09.2025 17:22:29.268 UTC,1.37395,1.37381,0.0027,0.00282
16.09.2025 17:22:29.873 UTC,1.37391,1.37382,0.0012,0.00132
16.09.2025 17:22:30.029 UTC,1.37391,1.37379,0.0012,0.00192
16.09.2025 17:22:30.234 UTC,1.37391,1.37378,0.0012,0.00116
16.09.2025 17:22:30.896 UTC,1.37391,1.37377,0.0027,0.00201
16.09.2025 17:22:31.150 UTC,1.3739,1.37378,0.0027,0.00201
16.09.2025 17:22:31.454 UTC,1.37391,1.37377,0.0027,0.00291
16.09.2025 17:22:31.959 UTC,1.37391,1.37379,0.0036,0.0018
16.09.2025 17:22:32.011 UTC,1.37392,1.37379,0.0012,0.0024
16.09.2025 17:22:32.114 UTC,1.37393,1.3738,0.0012,0.00116
16.09.2025 17:22:33.072 UTC,1.37394,1.3738,0.0027,0.00177
16.09.2025 17:22:33.175 UTC,1.37394,1.37381,0.0012,0.00116
16.09.2025 17:22:33.632 UTC,1.37394,1.37382,0.00132,0.00177
16.09.2025 17:22:34.793 UTC,1.37395,1.37381,0.0012,0.00192
16.09.2025 17:22:38.155 UTC,1.37394,1.37381,0.0012,0.00192
16.09.2025 17:22:39.067 UTC,1.37393,1.37381,0.0012,0.00132
16.09.2025 17:22:39.377 UTC,1.37393,1.37381,0.0012,0.00192
16.09.2025 17:22:39.530 UTC,1.37393,1.37381,0.0012,0.00116
16.09.2025 17:22:40.186 UTC,1.37392,1.3738,0.0012,0.00191
16.09.2025 17:22:40.290 UTC,1.37391,1.3738,0.0012,0.00116
16.09.2025 17:22:40.393 UTC,1.37392,1.37378,0.0012,0.00192
16.09.2025 17:22:42.057 UTC,1.37391,1.37379,0.0012,0.00177
16.09.2025 17:22:43.523 UTC,1.37393,1.37379,0.00408,0.0012
16.09.2025 17:22:43.676 UTC,1.37393,1.3738,0.0027,0.00116
16.09.2025 17:22:44.526 UTC,1.37393,1.3738,0.0012,0.00116
16.09.2025 17:22:45.033 UTC,1.3739,1.37381,0.0012,0.00116
16.09.2025 17:22:45.195 UTC,1.3739,1.37377,0.0012,0.00116
16.09.2025 17:22:45.299 UTC,1.37389,1.37376,0.0012,0.00116
16.09.2025 17:22:45.608 UTC,1.37389,1.37375,0.0012,0.00177
16.09.2025 17:22:45.863 UTC,1.37389,1.37375,0.0012,0.00192
16.09.2025 17:22:46.167 UTC,1.37389,1.37375,0.0012,0.00177
16.09.2025 17:22:47.330 UTC,1.37388,1.37376,0.0012,0.00192
16.09.2025 17:22:47.434 UTC,1.3739,1.37376,0.0018,0.00201
16.09.2025 17:22:47.890 UTC,1.37389,1.37377,0.0012,0.00116
16.09.2025 17:22:48.401 UTC,1.37392,1.37379,0.0027,0.0018
16.09.2025 17:22:48.505 UTC,1.37392,1.37381,0.0027,0.00177
16.09.2025 17:22:50.629 UTC,1.37392,1.3738,0.0018,0.00116
16.09.2025 17:22:50.682 UTC,1.37391,1.37378,0.0012,0.00135
16.09.2025 17:22:50.787 UTC,1.37388,1.37377,0.0012,0.00236
16.09.2025 17:22:50.890 UTC,1.37388,1.37376,0.0012,0.002
16.09.2025 17:22:55.471 UTC,1.3739,1.37377,0.0012,0.00294
16.09.2025 17:22:55.575 UTC,1.37391,1.37378,0.0012,0.00192
16.09.2025 17:22:55.728 UTC,1.37391,1.37378,0.0012,0.00177
16.09.2025 17:22:55.831 UTC,1.37393,1.37379,0.00585,0.00186
16.09.2025 17:22:55.935 UTC,1.37391,1.37379,0.0012,0.00116
16.09.2025 17:22:56.493 UTC,1.3739,1.37379,0.0012,0.00186
16.09.2025 17:22:56.746 UTC,1.37391,1.37378,0.0012,0.00201
16.09.2025 17:22:57.256 UTC,1.37393,1.37379,0.0027,0.00144
16.09.2025 17:22:57.515 UTC,1.37393,1.37379,0.0027,0.00201
16.09.2025 17:22:57.818 UTC,1.37393,1.37379,0.0027,0.00186
16.09.2025 17:22:58.272 UTC,1.37392,1.3738,0.0012,0.00201
16.09.2025 17:22:58.376 UTC,1.37394,1.3738,0.0027,0.00135
16.09.2025 17:22:58.478 UTC,1.37394,1.3738,0.0027,0.00191
16.09.2025 17:22:58.985 UTC,1.37394,1.37382,0.0012,0.00291
16.09.2025 17:22:59.444 UTC,1.37396,1.37382,0.0012,0.00204
16.09.2025 17:22:59.699 UTC,1.37397,1.37384,0.0012,0.0012
16.09.2025 17:23:00.239 UTC,1.37396,1.37383,0.0012,0.00128
16.09.2025 17:23:00.344 UTC,1.37396,1.37383,0.0012,0.00116
16.09.2025 17:23:03.880 UTC,1.37395,1.37381,0.0012,0.00281
16.09.2025 17:23:03.984 UTC,1.37394,1.37381,0.0012,0.00116
16.09.2025 17:23:04.036 UTC,1.37394,1.3738,0.0036,0.00192
16.09.2025 17:23:04.139 UTC,1.37394,1.3738,0.0036,0.00177
16.09.2025 17:23:06.662 UTC,1.37391,1.3738,0.0012,0.00281
16.09.2025 17:23:06.766 UTC,1.37391,1.37379,0.0012,0.00116
16.09.2025 17:23:06.869 UTC,1.37391,1.37378,0.0012,0.00201
16.09.2025 17:23:07.825 UTC,1.37392,1.37379,0.0012,0.00144
16.09.2025 17:23:07.929 UTC,1.37393,1.37382,0.0012,0.00225
16.09.2025 17:23:08.388 UTC,1.37393,1.37383,0.0012,0.0012
16.09.2025 17:23:09.196 UTC,1.37394,1.37381,0.0012,0.0018
16.09.2025 17:23:09.551 UTC,1.37395,1.37382,0.0012,0.0018
16.09.2025 17:23:11.319 UTC,1.37395,1.37382,0.0012,0.00186
16.09.2025 17:23:11.524 UTC,1.37396,1.37383,0.0012,0.00192
16.09.2025 17:23:11.628 UTC,1.37397,1.37384,0.0012,0.00144
16.09.2025 17:23:11.732 UTC,1.37397,1.37384,0.0012,0.002
16.09.2025 17:23:12.438 UTC,1.37396,1.37385,0.00132,0.00191
16.09.2025 17:23:13.195 UTC,1.37397,1.37385,0.0012,0.00116
16.09.2025 17:23:14.862 UTC,1.37398,1.37385,0.0012,0.00201
16.09.2025 17:23:21.821 UTC,1.37398,1.37385,0.00132,0.00177
16.09.2025 17:23:21.974 UTC,1.37397,1.37385,0.0012,0.00116
16.09.2025 17:23:22.430 UTC,1.37397,1.37384,0.00132,0.00371
16.09.2025 17:23:25.053 UTC,1.37399,1.37386,0.00282,0.0018
16.09.2025 17:23:25.109 UTC,1.374,1.37392,0.00198,0.0012
16.09.2025 17:23:25.163 UTC,1.37404,1.37391,0.00132,0.00132
16.09.2025 17:23:25.267 UTC,1.37404,1.37391,0.00132,0.00186
16.09.2025 17:23:25.371 UTC,1.37404,1.37393,0.0012,0.0012
16.09.2025 17:23:25.575 UTC,1.37405,1.37392,0.00132,0.00132
16.09.2025 17:23:25.728 UTC,1.37406,1.37393,0.00132,0.0012
16.09.2025 17:23:25.833 UTC,1.37408,1.37394,0.00132,0.00135
16.09.2025 17:23:25.936 UTC,1.37407,1.37395,0.00132,0.00191
16.09.2025 17:23:26.540 UTC,1.37408,1.37394,0.00132,0.002
16.09.2025 17:23:29.474 UTC,1.37408,1.37396,0.00132,0.00201
16.09.2025 17:23:30.589 UTC,1.37409,1.37396,0.00132,0.00116
16.09.2025 17:23:31.052 UTC,1.37407,1.37395,0.00132,0.00116
16.09.2025 17:23:31.255 UTC,1.37407,1.37394,0.00132,0.00192
16.09.2025 17:23:31.358 UTC,1.37407,1.37394,0.00132,0.0018
16.09.2025 17:23:31.461 UTC,1.37405,1.37394,0.0012,0.00201
16.09.2025 17:23:33.474 UTC,1.37406,1.37393,0.00132,0.00135
16.09.2025 17:23:38.161 UTC,1.37406,1.37393,0.00132,0.00192
16.09.2025 17:23:39.221 UTC,1.37405,1.37392,0.00132,0.00192
16.09.2025 17:23:40.836 UTC,1.37405,1.37392,0.00132,0.00267
16.09.2025 17:23:43.251 UTC,1.37403,1.37391,0.00132,0.00116
16.09.2025 17:23:43.466 UTC,1.37399,1.37388,0.0012,0.00191
16.09.2025 17:23:43.573 UTC,1.37398,1.37385,0.00192,0.00116
16.09.2025 17:23:44.483 UTC,1.37398,1.37386,0.00132,0.00132
16.09.2025 17:23:44.991 UTC,1.37399,1.37386,0.00132,0.00132
16.09.2025 17:23:45.701 UTC,1.37398,1.37385,0.00132,0.00116
16.09.2025 17:23:46.456 UTC,1.37399,1.37386,0.0012,0.00177
16.09.2025 17:23:46.559 UTC,1.37399,1.37386,0.00132,0.00177
16.09.2025 17:23:47.215 UTC,1.37399,1.37386,0.0012,0.00132
16.09.2025 17:23:47.420 UTC,1.37399,1.37386,0.0012,0.00192
16.09.2025 17:23:47.825 UTC,1.37398,1.37387,0.0012,0.00192
16.09.2025 17:23:50.581 UTC,1.37399,1.37386,0.0012,0.00192
16.09.2025 17:23:51.798 UTC,1.37401,1.3739,0.0018,0.0018
16.09.2025 17:23:51.953 UTC,1.37403,1.3739,0.00132,0.00135
16.09.2025 17:23:52.415 UTC,1.37403,1.37392,0.0027,0.0012
16.09.2025 17:23:52.519 UTC,1.37406,1.37393,0.0036,0.00116
16.09.2025 17:23:52.623 UTC,1.37405,1.37392,0.0012,0.00191
16.09.2025 17:23:52.727 UTC,1.37405,1.37392,0.00132,0.00135
16.09.2025 17:23:52.983 UTC,1.37404,1.37391,0.00132,0.0012
16.09.2025 17:23:53.087 UTC,1.374,1.37389,0.00132,0.00176
16.09.2025 17:23:53.139 UTC,1.37401,1.37388,0.00132,0.0012
16.09.2025 17:23:56.163 UTC,1.374,1.37387,0.0012,0.00177
16.09.2025 17:24:01.435 UTC,1.374,1.37387,0.0012,0.00192
16.09.2025 17:24:01.894 UTC,1.37402,1.37391,0.0018,0.00135
16.09.2025 17:24:02.048 UTC,1.37404,1.37391,0.0012,0.00177
16.09.2025 17:24:02.150 UTC,1.37404,1.37391,0.0012,0.00192
16.09.2025 17:24:13.376 UTC,1.37403,1.37392,0.0012,0.00177
16.09.2025 17:24:13.730 UTC,1.37404,1.37391,0.0012,0.00192
16.09.2025 17:24:15.897 UTC,1.37404,1.37391,0.0012,0.00177
16.09.2025 17:24:16.501 UTC,1.37404,1.37391,0.0012,0.00192
16.09.2025 17:24:22.374 UTC,1.37404,1.37391,0.0012,0.00177
16.09.2025 17:24:23.181 UTC,1.37404,1.37391,0.0012,0.00192
16.09.2025 17:24:25.448 UTC,1.37399,1.37389,0.0012,0.00191
16.09.2025 17:24:25.553 UTC,1.37397,1.37384,0.0012,0.00192
16.09.2025 17:24:25.759 UTC,1.37397,1.37384,0.0012,0.00132
16.09.2025 17:24:28.430 UTC,1.37397,1.37384,0.0012,0.00191
16.09.2025 17:24:28.535 UTC,1.37398,1.37385,0.0012,0.00132
16.09.2025 17:24:29.396 UTC,1.37398,1.37385,0.0012,0.00192
16.09.2025 17:24:30.405 UTC,1.37398,1.37385,0.00132,0.00177
16.09.2025 17:24:30.813 UTC,1.37397,1.37386,0.0012,0.00192
16.09.2025 17:24:37.658 UTC,1.374,1.37387,0.00225,0.0018
16.09.2025 17:24:37.763 UTC,1.37403,1.37392,0.00132,0.0012
16.09.2025 17:24:41.846 UTC,1.37401,1.37389,0.0012,0.00176
16.09.2025 17:24:41.949 UTC,1.37401,1.37388,0.00132,0.00177
16.09.2025 17:24:52.237 UTC,1.374,1.37389,0.0012,0.0018
16.09.2025 17:24:52.296 UTC,1.37402,1.37391,0.00228,0.0024
16.09.2025 17:24:52.400 UTC,1.37403,1.3739,0.0012,0.00192
16.09.2025 17:24:53.565 UTC,1.37404,1.37391,0.0012,0.0018
16.09.2025 17:24:57.055 UTC,1.37404,1.37391,0.00189,0.0012
16.09.2025 17:25:02.451 UTC,1.37404,1.37391,0.0012,0.0018
16.09.2025 17:25:03.161 UTC,1.37405,1.37392,0.00132,0.0018
16.09.2025 17:25:04.371 UTC,1.37404,1.37393,0.00132,0.00135
16.09.2025 17:25:09.127 UTC,1.37405,1.37392,0.00147,0.00135
16.09.2025 17:25:12.970 UTC,1.37404,1.37391,0.00132,0.00135
16.09.2025 17:25:13.122 UTC,1.37403,1.37392,0.00132,0.0018
16.09.2025 17:25:14.128 UTC,1.37403,1.37392,0.00132,0.00135
16.09.2025 17:25:15.140 UTC,1.37404,1.37391,0.00132,0.0018
16.09.2025 17:25:16.099 UTC,1.37403,1.37392,0.00132,0.00135
16.09.2025 17:25:16.402 UTC,1.37403,1.37392,0.00132,0.0018
16.09.2025 17:25:20.519 UTC,1.37404,1.37391,0.00132,0.00135
16.09.2025 17:25:24.900 UTC,1.37403,1.37392,0.0012,0.00192
16.09.2025 17:25:25.054 UTC,1.37403,1.37392,0.0018,0.00144
16.09.2025 17:25:25.259 UTC,1.37405,1.37392,0.0027,0.00144
16.09.2025 17:25:25.665 UTC,1.37405,1.37392,0.0027,0.00192
16.09.2025 17:25:29.996 UTC,1.37405,1.37392,0.0012,0.00135
16.09.2025 17:25:30.099 UTC,1.37403,1.37392,0.0012,0.00144
16.09.2025 17:25:30.504 UTC,1.37404,1.37391,0.0012,0.00147
16.09.2025 17:25:32.379 UTC,1.37404,1.37393,0.0012,0.00144
16.09.2025 17:25:39.163 UTC,1.37404,1.37393,0.00132,0.0012
16.09.2025 17:25:40.462 UTC,1.37405,1.37392,0.00237,0.0012
16.09.2025 17:25:40.567 UTC,1.37403,1.37392,0.00147,0.00132
16.09.2025 17:25:40.619 UTC,1.37403,1.37389,0.00189,0.00177
16.09.2025 17:25:40.875 UTC,1.37403,1.3739,0.00132,0.00135
16.09.2025 17:25:42.389 UTC,1.37403,1.37391,0.00132,0.00135
16.09.2025 17:25:43.605 UTC,1.37405,1.37391,0.00417,0.00132
16.09.2025 17:25:46.072 UTC,1.37405,1.37391,0.00417,0.00192
16.09.2025 17:25:46.175 UTC,1.37404,1.37392,0.00417,0.0012
16.09.2025 17:25:46.583 UTC,1.374,1.37387,0.0012,0.00281
16.09.2025 17:25:46.635 UTC,1.37402,1.37387,0.00189,0.00281
16.09.2025 17:25:46.686 UTC,1.37402,1.37387,0.00279,0.00267
16.09.2025 17:25:46.840 UTC,1.37401,1.37388,0.00279,0.00282
16.09.2025 17:25:49.303 UTC,1.374,1.37388,0.00192,0.00177
16.09.2025 17:25:52.025 UTC,1.37401,1.37387,0.00279,0.00192
16.09.2025 17:25:52.130 UTC,1.374,1.37388,0.00189,0.00177
16.09.2025 17:25:52.232 UTC,1.37401,1.37388,0.00189,0.00135
16.09.2025 17:25:56.165 UTC,1.37401,1.3739,0.0027,0.0012
16.09.2025 17:25:56.269 UTC,1.37402,1.37392,0.0012,0.0012
16.09.2025 17:25:56.322 UTC,1.37404,1.37393,0.0018,0.0012
16.09.2025 17:25:56.425 UTC,1.37406,1.37393,0.00132,0.0012
16.09.2025 17:25:56.527 UTC,1.37407,1.37393,0.00462,0.0012
16.09.2025 17:25:57.889 UTC,1.37407,1.37393,0.0042,0.0012
16.09.2025 17:25:58.547 UTC,1.37407,1.37395,0.00192,0.0012
16.09.2025 17:26:01.472 UTC,1.37409,1.37396,0.00342,0.0012
16.09.2025 17:26:08.470 UTC,1.37407,1.37395,0.0012,0.0012
16.09.2025 17:26:12.241 UTC,1.37408,1.37396,0.0027,0.00135
16.09.2025 17:26:12.346 UTC,1.37413,1.374,0.00225,0.00132
16.09.2025 17:26:12.452 UTC,1.37413,1.37402,0.00225,0.0012
16.09.2025 17:26:13.563 UTC,1.37413,1.37403,0.0012,0.0012
16.09.2025 17:26:14.173 UTC,1.37414,1.37403,0.0012,0.0012
16.09.2025 17:26:14.276 UTC,1.37415,1.37404,0.0012,0.0012
16.09.2025 17:26:14.429 UTC,1.37416,1.37405,0.0027,0.0012
16.09.2025 17:26:15.089 UTC,1.37417,1.37405,0.0018,0.0012
16.09.2025 17:26:15.243 UTC,1.37418,1.37405,0.00135,0.0012
16.09.2025 17:26:17.965 UTC,1.37418,1.37408,0.0018,0.00132
16.09.2025 17:26:18.018 UTC,1.37421,1.37412,0.0012,0.0012
16.09.2025 17:26:18.123 UTC,1.37423,1.37411,0.0012,0.0012
16.09.2025 17:26:18.228 UTC,1.37428,1.37414,0.0027,0.00141
16.09.2025 17:26:18.330 UTC,1.37429,1.37418,0.00124,0.0012
16.09.2025 17:26:18.439 UTC,1.37433,1.37421,0.00184,0.0012
16.09.2025 17:26:18.492 UTC,1.37434,1.37422,0.0018,0.0012
16.09.2025 17:26:18.852 UTC,1.37434,1.37423,0.0012,0.0012
16.09.2025 17:26:19.614 UTC,1.37431,1.37422,0.0012,0.00135
16.09.2025 17:26:21.587 UTC,1.37432,1.3742,0.0012,0.00191
16.09.2025 17:26:21.692 UTC,1.37431,1.37416,0.00225,0.00132
16.09.2025 17:26:22.353 UTC,1.37425,1.37415,0.0012,0.00132
16.09.2025 17:26:22.457 UTC,1.37429,1.37416,0.0012,0.0012
16.09.2025 17:26:22.662 UTC,1.37428,1.37416,0.0012,0.0012
16.09.2025 17:26:23.069 UTC,1.37427,1.37415,0.0012,0.00132
16.09.2025 17:26:23.174 UTC,1.37426,1.37414,0.0012,0.002
16.09.2025 17:26:23.378 UTC,1.37426,1.37413,0.0012,0.002
16.09.2025 17:26:23.480 UTC,1.37426,1.37413,0.0012,0.00186
16.09.2025 17:26:23.585 UTC,1.37425,1.37412,0.0012,0.00191
16.09.2025 17:26:23.688 UTC,1.37423,1.37413,0.0012,0.00177
16.09.2025 17:26:24.595 UTC,1.37424,1.37413,0.0012,0.0012
16.09.2025 17:26:25.255 UTC,1.37425,1.37413,0.0012,0.0012
16.09.2025 17:26:25.360 UTC,1.37427,1.37413,0.0018,0.00192
16.09.2025 17:26:25.463 UTC,1.37426,1.37414,0.0012,0.00192
16.09.2025 17:26:25.566 UTC,1.37426,1.37414,0.0012,0.0018
16.09.2025 17:26:25.820 UTC,1.37427,1.37413,0.0012,0.0018
16.09.2025 17:26:25.922 UTC,1.37426,1.37413,0.0012,0.0018
16.09.2025 17:26:27.188 UTC,1.37426,1.37416,0.0012,0.0012
16.09.2025 17:26:27.240 UTC,1.37428,1.37417,0.00315,0.0012
16.09.2025 17:26:27.345 UTC,1.37429,1.37417,0.0012,0.0012
16.09.2025 17:26:30.811 UTC,1.37429,1.37418,0.0012,0.00132
16.09.2025 17:26:33.079 UTC,1.37429,1.37417,0.0012,0.00177
16.09.2025 17:26:33.182 UTC,1.37429,1.37416,0.00132,0.00191
16.09.2025 17:26:33.234 UTC,1.37426,1.37415,0.0012,0.00176
16.09.2025 17:26:33.337 UTC,1.37426,1.37415,0.0012,0.0012
16.09.2025 17:26:34.483 UTC,1.37426,1.37416,0.0012,0.00135
16.09.2025 17:26:34.536 UTC,1.37428,1.37418,0.0012,0.0012
16.09.2025 17:26:34.639 UTC,1.37429,1.37418,0.0012,0.0012
16.09.2025 17:26:35.499 UTC,1.37429,1.37417,0.0012,0.00135
16.09.2025 17:26:35.856 UTC,1.37428,1.37418,0.0012,0.00132
16.09.2025 17:26:37.877 UTC,1.37431,1.37419,0.0012,0.00132
16.09.2025 17:26:37.982 UTC,1.37432,1.3742,0.0012,0.00132
16.09.2025 17:26:38.641 UTC,1.37432,1.37421,0.0012,0.0012
16.09.2025 17:26:38.793 UTC,1.37433,1.37421,0.0012,0.0012
16.09.2025 17:26:39.049 UTC,1.37433,1.37422,0.0018,0.0012
16.09.2025 17:26:39.355 UTC,1.37435,1.37421,0.0012,0.00132
16.09.2025 17:26:39.458 UTC,1.37435,1.37422,0.0012,0.00132
16.09.2025 17:26:39.561 UTC,1.37436,1.37422,0.00315,0.00132
16.09.2025 17:26:40.975 UTC,1.37435,1.37423,0.00315,0.00132
16.09.2025 17:26:41.078 UTC,1.37433,1.37423,0.0012,0.00132
16.09.2025 17:26:43.820 UTC,1.37434,1.37422,0.0012,0.00141
16.09.2025 17:26:43.923 UTC,1.37433,1.37423,0.0012,0.00144
16.09.2025 17:26:47.046 UTC,1.37434,1.37423,0.0012,0.00132
16.09.2025 17:26:49.868 UTC,1.37436,1.37422,0.0027,0.00147
16.09.2025 17:26:50.121 UTC,1.37436,1.37422,0.0018,0.00135
16.09.2025 17:26:53.274 UTC,1.37435,1.37423,0.0027,0.00192
16.09.2025 17:26:53.427 UTC,1.37435,1.37422,0.0012,0.00192
16.09.2025 17:26:53.531 UTC,1.37435,1.37424,0.0012,0.0012
16.09.2025 17:26:53.635 UTC,1.37438,1.37425,0.00315,0.0012
16.09.2025 17:26:54.094 UTC,1.37437,1.37425,0.0012,0.0012
16.09.2025 17:26:55.352 UTC,1.37438,1.37425,0.0018,0.0012
16.09.2025 17:26:55.404 UTC,1.37437,1.37428,0.0018,0.0012
16.09.2025 17:26:56.671 UTC,1.37438,1.37428,0.0018,0.0012
16.09.2025 17:26:56.724 UTC,1.37442,1.37429,0.0018,0.0012
16.09.2025 17:26:56.828 UTC,1.37443,1.3743,0.0018,0.0012
16.09.2025 17:26:56.931 UTC,1.37444,1.3743,0.00315,0.00132
16.09.2025 17:26:58.393 UTC,1.37443,1.3743,0.0012,0.00177
16.09.2025 17:27:02.145 UTC,1.37441,1.37431,0.0012,0.00132
16.09.2025 17:27:02.702 UTC,1.37443,1.3743,0.0027,0.00177
16.09.2025 17:27:04.669 UTC,1.37442,1.3743,0.0012,0.00132
16.09.2025 17:27:05.330 UTC,1.37438,1.37429,0.0012,0.00191
16.09.2025 17:27:05.434 UTC,1.3744,1.37428,0.0012,0.00177
16.09.2025 17:27:05.537 UTC,1.3744,1.37429,0.0027,0.00177
16.09.2025 17:27:05.690 UTC,1.37441,1.37428,0.0027,0.00191
16.09.2025 17:27:06.348 UTC,1.37442,1.37429,0.0018,0.00177
16.09.2025 17:27:06.651 UTC,1.37442,1.37429,0.0018,0.00192
16.09.2025 17:27:08.966 UTC,1.37441,1.37429,0.0012,0.00177
16.09.2025 17:27:13.267 UTC,1.37442,1.37429,0.0012,0.00177
16.09.2025 17:27:14.224 UTC,1.37442,1.37429,0.0012,0.00192
16.09.2025 17:27:15.082 UTC,1.37441,1.3743,0.0012,0.00177
16.09.2025 17:27:17.298 UTC,1.3744,1.37428,0.0018,0.00132
16.09.2025 17:27:17.403 UTC,1.37436,1.37424,0.0012,0.00191
16.09.2025 17:27:17.455 UTC,1.37434,1.37424,0.0012,0.00116
16.09.2025 17:27:17.764 UTC,1.37434,1.37423,0.0012,0.00132
16.09.2025 17:27:18.422 UTC,1.37435,1.37422,0.0012,0.00192
16.09.2025 17:27:18.524 UTC,1.37434,1.37423,0.0012,0.00132
16.09.2025 17:27:20.586 UTC,1.37437,1.37423,0.0012,0.0024
16.09.2025 17:27:20.689 UTC,1.37438,1.37425,0.00135,0.00132
16.09.2025 17:27:21.399 UTC,1.37437,1.37425,0.0018,0.00116
16.09.2025 17:27:21.502 UTC,1.37437,1.37424,0.0012,0.00116
16.09.2025 17:27:21.656 UTC,1.37435,1.37423,0.0012,0.00177
16.09.2025 17:27:22.463 UTC,1.37435,1.37423,0.0012,0.00192
16.09.2025 17:27:22.564 UTC,1.37434,1.37424,0.0012,0.00177
16.09.2025 17:27:23.570 UTC,1.37434,1.37424,0.0012,0.00192
16.09.2025 17:27:24.574 UTC,1.37435,1.37423,0.0012,0.00177
16.09.2025 17:27:26.184 UTC,1.37434,1.37423,0.0012,0.00132
16.09.2025 17:27:26.288 UTC,1.37434,1.37422,0.0012,0.00177
16.09.2025 17:27:35.782 UTC,1.37434,1.37422,0.0012,0.00192
16.09.2025 17:27:35.934 UTC,1.37434,1.37422,0.0012,0.00177
16.09.2025 17:27:36.942 UTC,1.37434,1.37422,0.0012,0.00192
16.09.2025 17:27:39.006 UTC,1.37434,1.37422,0.0012,0.00177
16.09.2025 17:27:40.575 UTC,1.37435,1.37422,0.0012,0.00192
16.09.2025 17:27:42.293 UTC,1.37435,1.37423,0.0036,0.00192
16.09.2025 17:27:42.747 UTC,1.37435,1.37424,0.0027,0.00135
16.09.2025 17:27:42.850 UTC,1.37436,1.37424,0.0018,0.0018
16.09.2025 17:27:44.266 UTC,1.37436,1.37424,0.0012,0.00177
16.09.2025 17:27:45.276 UTC,1.37436,1.37423,0.0018,0.00177
16.09.2025 17:27:46.188 UTC,1.37434,1.37423,0.0012,0.00176
16.09.2025 17:27:46.444 UTC,1.37435,1.37422,0.0018,0.00132
16.09.2025 17:27:50.009 UTC,1.37434,1.37422,0.0012,0.00177
16.09.2025 17:27:50.470 UTC,1.37433,1.37421,0.0012,0.00176
16.09.2025 17:27:50.573 UTC,1.37433,1.37422,0.0018,0.00132
16.09.2025 17:27:52.843 UTC,1.37433,1.37422,0.0036,0.00192
16.09.2025 17:27:52.946 UTC,1.37433,1.37422,0.0018,0.00177
16.09.2025 17:27:53.048 UTC,1.37433,1.37422,0.0018,0.00191
16.09.2025 17:28:09.158 UTC,1.37433,1.37422,0.00189,0.00116
16.09.2025 17:28:09.262 UTC,1.37432,1.37419,0.0012,0.00282
16.09.2025 17:28:21.414 UTC,1.37431,1.37419,0.0012,0.00191
16.09.2025 17:28:21.570 UTC,1.37427,1.37417,0.0012,0.00236
16.09.2025 17:28:21.673 UTC,1.37427,1.37414,0.0018,0.00116
16.09.2025 17:28:22.130 UTC,1.37426,1.37415,0.0018,0.00116
16.09.2025 17:28:22.385 UTC,1.37427,1.37413,0.0018,0.0029
16.09.2025 17:28:22.487 UTC,1.37426,1.37415,0.0018,0.00116
16.09.2025 17:28:24.100 UTC,1.37427,1.37414,0.0018,0.00116
16.09.2025 17:28:25.053 UTC,1.37427,1.37415,0.0012,0.00188
16.09.2025 17:28:25.106 UTC,1.37431,1.37418,0.00138,0.00144
16.09.2025 17:28:25.212 UTC,1.37432,1.37418,0.0018,0.00189
16.09.2025 17:28:26.725 UTC,1.37433,1.37419,0.0012,0.00234
16.09.2025 17:28:26.828 UTC,1.37433,1.37419,0.0012,0.0029
16.09.2025 17:28:27.387 UTC,1.37434,1.3742,0.0036,0.00192
16.09.2025 17:28:33.743 UTC,1.37433,1.37423,0.0012,0.0012
16.09.2025 17:28:33.949 UTC,1.37434,1.37421,0.0018,0.00132
16.09.2025 17:28:38.725 UTC,1.37433,1.37422,0.0018,0.00192
16.09.2025 17:28:48.292 UTC,1.37434,1.37422,0.0012,0.00116
16.09.2025 17:28:48.395 UTC,1.37435,1.37422,0.0036,0.00116
16.09.2025 17:28:49.664 UTC,1.37433,1.37423,0.0012,0.00116
16.09.2025 17:28:53.796 UTC,1.37435,1.37422,0.0012,0.00201
16.09.2025 17:28:53.924 UTC,1.37436,1.37423,0.0018,0.00116
16.09.2025 17:28:56.445 UTC,1.37435,1.37424,0.0018,0.00116
16.09.2025 17:28:59.072 UTC,1.37435,1.37422,0.0012,0.002
16.09.2025 17:29:01.138 UTC,1.37435,1.37422,0.0012,0.00186
16.09.2025 17:29:03.401 UTC,1.37435,1.37422,0.0012,0.00201
16.09.2025 17:29:03.504 UTC,1.37436,1.37422,0.0018,0.00201
16.09.2025 17:29:06.178 UTC,1.37435,1.37423,0.0018,0.00201
16.09.2025 17:29:06.433 UTC,1.37436,1.37422,0.0018,0.00141
16.09.2025 17:29:26.227 UTC,1.37436,1.37422,0.0018,0.00192
16.09.2025 17:29:26.330 UTC,1.37436,1.37422,0.0018,0.00177
16.09.2025 17:29:30.815 UTC,1.37434,1.37423,0.0012,0.00177
16.09.2025 17:29:31.219 UTC,1.37435,1.37422,0.0012,0.00192
16.09.2025 17:29:32.853 UTC,1.37435,1.37422,0.0012,0.00177
16.09.2025 17:29:35.488 UTC,1.37435,1.37423,0.0018,0.00177
16.09.2025 17:29:35.593 UTC,1.37436,1.37423,0.0012,0.00177
16.09.2025 17:29:44.025 UTC,1.37437,1.37425,0.0012,0.0012
16.09.2025 17:29:44.129 UTC,1.37434,1.37421,0.0018,0.00192
16.09.2025 17:29:44.232 UTC,1.37433,1.37422,0.0018,0.00132
16.09.2025 17:29:46.609 UTC,1.37433,1.3742,0.00135,0.00176
16.09.2025 17:29:46.661 UTC,1.37432,1.37419,0.0012,0.00132
16.09.2025 17:29:48.127 UTC,1.37433,1.3742,0.0012,0.0012
16.09.2025 17:29:48.280 UTC,1.37434,1.3742,0.0036,0.00281
16.09.2025 17:29:54.347 UTC,1.37434,1.37421,0.0012,0.00116
16.09.2025 17:29:55.004 UTC,1.37435,1.37421,0.0018,0.00201
16.09.2025 17:29:55.109 UTC,1.37437,1.37427,0.00124,0.00135
16.09.2025 17:29:55.161 UTC,1.37439,1.37425,0.0018,0.00191
16.09.2025 17:29:56.074 UTC,1.37437,1.37426,0.0012,0.00191
16.09.2025 17:29:57.642 UTC,1.37436,1.37426,0.0012,0.00116
16.09.2025 17:29:57.722 UTC,1.37435,1.37422,0.0012,0.00191
16.09.2025 17:30:00.263 UTC,1.37435,1.37421,0.00225,0.00281
16.09.2025 17:30:00.416 UTC,1.37434,1.37421,0.0012,0.00191
16.09.2025 17:30:01.275 UTC,1.37434,1.37422,0.0036,0.00191
16.09.2025 17:30:02.535 UTC,1.37434,1.37421,0.0012,0.00191
16.09.2025 17:30:02.636 UTC,1.37434,1.37421,0.0012,0.00177
16.09.2025 17:30:03.139 UTC,1.37434,1.37422,0.0012,0.00116
16.09.2025 17:30:05.306 UTC,1.37434,1.37421,0.0018,0.00116
16.09.2025 17:30:10.342 UTC,1.37433,1.37421,0.0012,0.00116
16.09.2025 17:30:10.849 UTC,1.37434,1.37421,0.00225,0.00116
16.09.2025 17:30:12.162 UTC,1.37433,1.37419,0.0018,0.0024
16.09.2025 17:30:12.417 UTC,1.37433,1.37419,0.0018,0.00225
16.09.2025 17:30:13.878 UTC,1.37432,1.37419,0.0012,0.00192
16.09.2025 17:30:13.982 UTC,1.37433,1.37419,0.0018,0.00192
16.09.2025 17:30:14.237 UTC,1.37432,1.37421,0.0012,0.00116
16.09.2025 17:30:15.169 UTC,1.37433,1.3742,0.0018,0.00177
16.09.2025 17:30:15.326 UTC,1.37432,1.3742,0.0018,0.00177
16.09.2025 17:30:15.580 UTC,1.37433,1.37421,0.0012,0.0018
16.09.2025 17:30:15.684 UTC,1.37434,1.37423,0.00228,0.00135
16.09.2025 17:30:15.787 UTC,1.37434,1.37422,0.0012,0.00177
16.09.2025 17:30:17.001 UTC,1.37435,1.37422,0.0018,0.00177
16.09.2025 17:30:17.958 UTC,1.37433,1.37423,0.0012,0.00116
16.09.2025 17:30:18.113 UTC,1.37434,1.37421,0.0018,0.00177
16.09.2025 17:30:19.827 UTC,1.37433,1.37423,0.0012,0.00192
16.09.2025 17:30:19.931 UTC,1.37436,1.37429,0.0012,0.0012
16.09.2025 17:30:19.983 UTC,1.37441,1.37429,0.00315,0.00231
16.09.2025 17:30:20.036 UTC,1.37443,1.37429,0.0027,0.00231
16.09.2025 17:30:20.142 UTC,1.37442,1.37431,0.0018,0.00132
16.09.2025 17:30:20.245 UTC,1.37442,1.37431,0.0012,0.00188
16.09.2025 17:30:20.601 UTC,1.37444,1.3743,0.0018,0.002
16.09.2025 17:30:26.782 UTC,1.37441,1.37431,0.0012,0.00176
16.09.2025 17:30:26.887 UTC,1.37435,1.37425,0.00132,0.0012
16.09.2025 17:30:26.939 UTC,1.37434,1.37423,0.00132,0.00176
16.09.2025 17:30:28.255 UTC,1.37435,1.37422,0.00132,0.00132
16.09.2025 17:30:28.358 UTC,1.37434,1.37423,0.00132,0.00176
16.09.2025 17:30:28.611 UTC,1.37435,1.37422,0.00132,0.00176
16.09.2025 17:30:30.473 UTC,1.37434,1.37421,0.00132,0.00176
16.09.2025 17:30:30.525 UTC,1.37434,1.37421,0.0012,0.00176
16.09.2025 17:30:30.577 UTC,1.37434,1.37421,0.00132,0.00132
16.09.2025 17:30:30.723 UTC,1.37431,1.37419,0.00132,0.00176
16.09.2025 17:30:31.486 UTC,1.3743,1.37418,0.00192,0.00191
16.09.2025 17:30:31.590 UTC,1.37431,1.37417,0.00192,0.00191
16.09.2025 17:30:32.449 UTC,1.37429,1.37418,0.0027,0.00176
16.09.2025 17:30:32.502 UTC,1.37426,1.37413,0.00132,0.00135
16.09.2025 17:30:32.605 UTC,1.37425,1.37414,0.00132,0.00191
16.09.2025 17:30:35.180 UTC,1.37426,1.37414,0.00189,0.00116
16.09.2025 17:30:35.283 UTC,1.37428,1.37414,0.00132,0.00281
16.09.2025 17:30:36.245 UTC,1.37427,1.37414,0.00132,0.00116
16.09.2025 17:30:36.348 UTC,1.37426,1.37415,0.00192,0.00116
16.09.2025 17:30:37.007 UTC,1.37427,1.37414,0.00192,0.00116
16.09.2025 17:30:40.626 UTC,1.37426,1.37415,0.00417,0.00116
16.09.2025 17:30:44.603 UTC,1.37424,1.37414,0.00132,0.00116
16.09.2025 17:30:45.967 UTC,1.37425,1.37413,0.00132,0.00116
16.09.2025 17:30:47.030 UTC,1.37426,1.37413,0.00189,0.00282
16.09.2025 17:30:47.134 UTC,1.37426,1.37415,0.00132,0.0024
16.09.2025 17:30:47.238 UTC,1.37427,1.37415,0.00132,0.00116
16.09.2025 17:30:53.213 UTC,1.37427,1.37417,0.00132,0.00192
16.09.2025 17:30:53.317 UTC,1.37428,1.37417,0.0012,0.00282
16.09.2025 17:30:54.781 UTC,1.37429,1.37417,0.0012,0.00116
16.09.2025 17:30:54.985 UTC,1.37431,1.37418,0.0036,0.00116
16.09.2025 17:30:55.392 UTC,1.3743,1.37416,0.00192,0.00176
16.09.2025 17:30:55.495 UTC,1.37429,1.37416,0.00132,0.00176
16.09.2025 17:30:55.952 UTC,1.3743,1.37417,0.0036,0.00116
16.09.2025 17:30:57.320 UTC,1.3743,1.37417,0.0018,0.00192
16.09.2025 17:30:58.516 UTC,1.37431,1.37418,0.0036,0.00116
16.09.2025 17:30:58.873 UTC,1.37431,1.37418,0.0018,0.00116
16.09.2025 17:30:59.027 UTC,1.37432,1.37419,0.00279,0.00192
16.09.2025 17:30:59.485 UTC,1.37433,1.37419,0.00369,0.00282
16.09.2025 17:30:59.588 UTC,1.37433,1.37421,0.00279,0.00116
16.09.2025 17:31:12.912 UTC,1.3743,1.37419,0.0012,0.00191
16.09.2025 17:31:13.015 UTC,1.37429,1.37419,0.0012,0.00116
16.09.2025 17:31:13.322 UTC,1.3743,1.37418,0.0012,0.00192
16.09.2025 17:31:13.425 UTC,1.3743,1.37418,0.0012,0.00177
16.09.2025 17:31:14.389 UTC,1.3743,1.37418,0.0012,0.00192
16.09.2025 17:31:14.543 UTC,1.3743,1.37418,0.0012,0.00177
16.09.2025 17:31:14.646 UTC,1.3743,1.37418,0.0012,0.00192
16.09.2025 17:31:14.951 UTC,1.3743,1.37418,0.0012,0.00177
16.09.2025 17:31:15.052 UTC,1.3743,1.37418,0.0012,0.00192
16.09.2025 17:31:15.307 UTC,1.37429,1.37419,0.0012,0.00116
16.09.2025 17:31:15.511 UTC,1.3743,1.37418,0.0012,0.00116
16.09.2025 17:31:16.203 UTC,1.3743,1.37418,0.0012,0.00177
16.09.2025 17:31:16.556 UTC,1.3743,1.37418,0.0012,0.00192
16.09.2025 17:31:16.709 UTC,1.3743,1.37418,0.0012,0.00177
16.09.2025 17:31:17.618 UTC,1.37429,1.37419,0.0012,0.00192
16.09.2025 17:31:17.771 UTC,1.3743,1.37418,0.0012,0.00177
16.09.2025 17:31:18.676 UTC,1.3743,1.37418,0.0012,0.00192
16.09.2025 17:31:18.830 UTC,1.37429,1.37419,0.0012,0.00177
16.09.2025 17:31:21.400 UTC,1.3743,1.37418,0.0012,0.00192
16.09.2025 17:31:21.501 UTC,1.37429,1.37419,0.0012,0.00177
16.09.2025 17:31:22.456 UTC,1.37429,1.37419,0.0012,0.00192
16.09.2025 17:31:22.558 UTC,1.3743,1.37418,0.0012,0.00177
16.09.2025 17:31:27.033 UTC,1.37429,1.37416,0.00132,0.00281
16.09.2025 17:31:27.085 UTC,1.37424,1.37414,0.0012,0.0018
16.09.2025 17:31:27.188 UTC,1.37424,1.37414,0.0012,0.00191
16.09.2025 17:31:33.690 UTC,1.37422,1.37412,0.00237,0.00116
16.09.2025 17:31:33.794 UTC,1.37422,1.37409,0.00132,0.00267
16.09.2025 17:31:34.098 UTC,1.37421,1.3741,0.00132,0.00282
16.09.2025 17:31:36.136 UTC,1.37422,1.37409,0.00132,0.00267
16.09.2025 17:31:36.844 UTC,1.37422,1.37409,0.00132,0.00282
16.09.2025 17:31:37.351 UTC,1.37421,1.3741,0.00189,0.00267
16.09.2025 17:31:37.806 UTC,1.37422,1.37409,0.00132,0.00192
16.09.2025 17:31:38.968 UTC,1.37422,1.37409,0.00132,0.00177
16.09.2025 17:31:39.675 UTC,1.37422,1.37409,0.00132,0.00192
16.09.2025 17:31:43.900 UTC,1.37422,1.37409,0.00132,0.00177
16.09.2025 17:31:44.712 UTC,1.37422,1.37409,0.00132,0.00192
16.09.2025 17:31:44.965 UTC,1.37421,1.3741,0.00132,0.00177
16.09.2025 17:31:47.641 UTC,1.37421,1.3741,0.00132,0.00192
16.09.2025 17:31:48.601 UTC,1.37421,1.3741,0.00279,0.00177
16.09.2025 17:31:48.755 UTC,1.37421,1.3741,0.00279,0.00192
16.09.2025 17:31:50.521 UTC,1.37421,1.37409,0.0012,0.00116
16.09.2025 17:31:54.195 UTC,1.37421,1.37409,0.0012,0.00177
16.09.2025 17:31:55.616 UTC,1.37421,1.37409,0.0012,0.00116
16.09.2025 17:31:59.202 UTC,1.37423,1.3741,0.0036,0.0018
16.09.2025 17:32:13.937 UTC,1.37422,1.3741,0.0012,0.00191
16.09.2025 17:32:14.140 UTC,1.37422,1.3741,0.0012,0.00177
16.09.2025 17:32:14.396 UTC,1.37421,1.37411,0.0012,0.00191
16.09.2025 17:32:17.979 UTC,1.37422,1.3741,0.0018,0.00116
16.09.2025 17:32:30.065 UTC,1.37422,1.3741,0.0012,0.00192
16.09.2025 17:32:32.894 UTC,1.37422,1.3741,0.0018,0.00116
16.09.2025 17:32:39.371 UTC,1.37421,1.3741,0.0012,0.00116
16.09.2025 17:32:40.381 UTC,1.37422,1.37409,0.0012,0.00116
16.09.2025 17:32:42.807 UTC,1.3742,1.37411,0.0012,0.00116
16.09.2025 17:32:45.135 UTC,1.3742,1.37409,0.0012,0.00116
16.09.2025 17:32:45.188 UTC,1.37417,1.37407,0.0012,0.0012
16.09.2025 17:32:45.240 UTC,1.37415,1.37404,0.00132,0.0012
16.09.2025 17:32:45.292 UTC,1.37414,1.37402,0.0012,0.00191
16.09.2025 17:32:54.917 UTC,1.37414,1.37403,0.0018,0.00116
16.09.2025 17:32:57.318 UTC,1.37413,1.37401,0.0012,0.00371
16.09.2025 17:33:00.355 UTC,1.37411,1.37401,0.0012,0.00191
16.09.2025 17:33:00.459 UTC,1.3741,1.37399,0.00132,0.0012
16.09.2025 17:33:00.562 UTC,1.37409,1.37396,0.0012,0.00191
16.09.2025 17:33:00.767 UTC,1.3741,1.37397,0.0012,0.00191
16.09.2025 17:33:04.999 UTC,1.3741,1.374,0.0012,0.00116
16.09.2025 17:33:05.052 UTC,1.37411,1.374,0.0018,0.00192
16.09.2025 17:33:07.896 UTC,1.37411,1.37402,0.0012,0.00116
16.09.2025 17:33:10.868 UTC,1.37412,1.37402,0.0012,0.00116
16.09.2025 17:33:15.049 UTC,1.37413,1.37401,0.0018,0.00116
16.09.2025 17:33:27.562 UTC,1.37412,1.37403,0.0012,0.00116
16.09.2025 17:33:27.768 UTC,1.37413,1.37402,0.0012,0.00116
16.09.2025 17:33:28.429 UTC,1.37412,1.37399,0.00192,0.00236
16.09.2025 17:33:28.485 UTC,1.37408,1.37395,0.0018,0.0018
16.09.2025 17:33:28.792 UTC,1.37407,1.37396,0.0018,0.00191
16.09.2025 17:33:29.601 UTC,1.37407,1.37396,0.0012,0.00191
16.09.2025 17:33:34.911 UTC,1.37409,1.37398,0.0012,0.0018
16.09.2025 17:33:34.963 UTC,1.37411,1.374,0.0012,0.0018
16.09.2025 17:33:35.066 UTC,1.37413,1.37401,0.00189,0.00116
16.09.2025 17:33:36.952 UTC,1.37412,1.37402,0.00132,0.00116
16.09.2025 17:33:37.208 UTC,1.37413,1.37401,0.0012,0.00116
16.09.2025 17:33:37.412 UTC,1.37412,1.37402,0.0012,0.00116
16.09.2025 17:33:40.076 UTC,1.37413,1.37401,0.0012,0.00116
16.09.2025 17:33:49.064 UTC,1.37412,1.37402,0.0012,0.00116
16.09.2025 17:33:49.919 UTC,1.37412,1.37403,0.0012,0.00116
16.09.2025 17:33:50.175 UTC,1.37413,1.37403,0.0018,0.00116
16.09.2025 17:33:50.531 UTC,1.37412,1.37403,0.0012,0.00116
16.09.2025 17:33:58.205 UTC,1.37412,1.37403,0.0018,0.00116
16.09.2025 17:33:58.461 UTC,1.37413,1.37402,0.0012,0.00116
16.09.2025 17:34:00.462 UTC,1.37413,1.37403,0.0012,0.00116
16.09.2025 17:34:00.569 UTC,1.37414,1.37403,0.0012,0.00192
16.09.2025 17:34:00.677 UTC,1.37415,1.37403,0.0018,0.00116
16.09.2025 17:34:01.644 UTC,1.37413,1.37402,0.0012,0.00116
16.09.2025 17:34:01.998 UTC,1.37414,1.37403,0.0012,0.00116
16.09.2025 17:34:06.382 UTC,1.37415,1.37403,0.0012,0.00191
16.09.2025 17:34:11.651 UTC,1.37414,1.37405,0.0012,0.00116
16.09.2025 17:34:11.754 UTC,1.37416,1.37405,0.0012,0.00116
16.09.2025 17:34:13.727 UTC,1.37414,1.37405,0.0012,0.00191
16.09.2025 17:34:13.830 UTC,1.37415,1.37406,0.0012,0.00116
16.09.2025 17:34:13.933 UTC,1.37415,1.37404,0.0012,0.00176
16.09.2025 17:34:15.503 UTC,1.37416,1.37405,0.0012,0.00116
16.09.2025 17:34:15.608 UTC,1.37422,1.37409,0.0012,0.00186
16.09.2025 17:34:15.712 UTC,1.37421,1.3741,0.0012,0.0029
16.09.2025 17:34:26.490 UTC,1.37421,1.3741,0.00132,0.00116
16.09.2025 17:34:26.593 UTC,1.3742,1.37408,0.0012,0.00371
16.09.2025 17:34:26.645 UTC,1.3742,1.37409,0.0012,0.00116
16.09.2025 17:34:26.850 UTC,1.37419,1.3741,0.0012,0.00116
16.09.2025 17:34:26.953 UTC,1.3742,1.37409,0.0012,0.00116
16.09.2025 17:34:27.863 UTC,1.37415,1.37407,0.00132,0.0012
16.09.2025 17:34:27.915 UTC,1.37414,1.37403,0.00132,0.0012
16.09.2025 17:34:28.071 UTC,1.37413,1.37402,0.00132,0.00116
16.09.2025 17:34:33.562 UTC,1.37414,1.37403,0.00192,0.00116
16.09.2025 17:34:33.665 UTC,1.37415,1.37402,0.00132,0.00116
16.09.2025 17:34:33.920 UTC,1.37415,1.37403,0.00132,0.00116
16.09.2025 17:34:34.680 UTC,1.37414,1.37404,0.0012,0.00191
16.09.2025 17:34:39.587 UTC,1.37416,1.37403,0.0012,0.00116
16.09.2025 17:34:40.000 UTC,1.37415,1.37405,0.0012,0.00116
16.09.2025 17:34:41.311 UTC,1.37417,1.37405,0.0012,0.00116
16.09.2025 17:34:42.272 UTC,1.37416,1.37403,0.0012,0.00116
16.09.2025 17:34:48.879 UTC,1.37417,1.37405,0.0027,0.00116
16.09.2025 17:34:51.146 UTC,1.37416,1.37405,0.0012,0.00116
16.09.2025 17:34:55.631 UTC,1.37416,1.37407,0.0012,0.00116
16.09.2025 17:34:56.541 UTC,1.37417,1.37408,0.0018,0.0018
16.09.2025 17:34:56.593 UTC,1.37421,1.3741,0.0027,0.00135
16.09.2025 17:34:56.732 UTC,1.37423,1.3741,0.00132,0.00176
16.09.2025 17:34:59.916 UTC,1.37422,1.3741,0.0012,0.00191
16.09.2025 17:35:00.071 UTC,1.37422,1.3741,0.0012,0.00116
16.09.2025 17:35:17.923 UTC,1.37421,1.37413,0.0012,0.00135
16.09.2025 17:35:17.975 UTC,1.37426,1.37414,0.0012,0.00135
16.09.2025 17:35:18.032 UTC,1.37427,1.37414,0.00228,0.0018
16.09.2025 17:35:18.136 UTC,1.37426,1.37417,0.0012,0.00116
16.09.2025 17:35:18.851 UTC,1.37428,1.37417,0.0012,0.00128
16.09.2025 17:35:18.904 UTC,1.37431,1.37418,0.0012,0.0018
16.09.2025 17:35:19.211 UTC,1.37431,1.37419,0.0012,0.00191
16.09.2025 17:35:19.518 UTC,1.37431,1.3742,0.0012,0.00191
16.09.2025 17:35:21.188 UTC,1.37432,1.37421,0.0012,0.00116
16.09.2025 17:35:21.594 UTC,1.37431,1.37422,0.0012,0.00116
16.09.2025 17:35:26.407 UTC,1.37432,1.37421,0.0012,0.00116
16.09.2025 17:35:26.560 UTC,1.37431,1.37422,0.0012,0.00116
16.09.2025 17:35:27.719 UTC,1.37432,1.37421,0.0012,0.00116
16.09.2025 17:35:28.524 UTC,1.37431,1.37422,0.0012,0.00116
16.09.2025 17:35:34.874 UTC,1.37432,1.37421,0.0012,0.00116
16.09.2025 17:35:34.976 UTC,1.37431,1.37422,0.0012,0.00116
16.09.2025 17:35:35.636 UTC,1.37432,1.37421,0.0012,0.00116
16.09.2025 17:35:36.495 UTC,1.37431,1.37419,0.0012,0.00116
16.09.2025 17:35:36.649 UTC,1.37431,1.3742,0.0012,0.00116
16.09.2025 17:35:37.106 UTC,1.37431,1.37421,0.0012,0.00116
16.09.2025 17:35:43.198 UTC,1.37432,1.37421,0.0012,0.00116
16.09.2025 17:35:46.426 UTC,1.3743,1.37419,0.0012,0.00116
16.09.2025 17:35:49.957 UTC,1.37429,1.37419,0.0012,0.00116
16.09.2025 17:35:50.111 UTC,1.37429,1.37418,0.0012,0.00116
16.09.2025 17:35:51.547 UTC,1.37428,1.37416,0.00135,0.00176
16.09.2025 17:35:51.651 UTC,1.37428,1.37417,0.0012,0.00116
16.09.2025 17:35:52.968 UTC,1.37427,1.37417,0.0012,0.00116
16.09.2025 17:35:56.999 UTC,1.37428,1.37416,0.0012,0.00192
16.09.2025 17:35:57.052 UTC,1.3743,1.37417,0.0027,0.0018
16.09.2025 17:35:57.309 UTC,1.37429,1.37417,0.0012,0.00116
16.09.2025 17:35:57.413 UTC,1.37429,1.37418,0.0012,0.00192
16.09.2025 17:35:57.567 UTC,1.37428,1.37418,0.0012,0.0012
16.09.2025 17:35:57.671 UTC,1.37424,1.37411,0.0012,0.00285
16.09.2025 17:35:57.774 UTC,1.37423,1.37412,0.0012,0.00176
16.09.2025 17:35:58.233 UTC,1.37424,1.37413,0.0018,0.00116
16.09.2025 17:35:58.337 UTC,1.37427,1.37413,0.0018,0.00282
16.09.2025 17:35:58.440 UTC,1.37426,1.37415,0.0012,0.00191
16.09.2025 17:35:59.979 UTC,1.37426,1.37417,0.0012,0.00116
16.09.2025 17:36:00.937 UTC,1.37427,1.37416,0.0012,0.00116
16.09.2025 17:36:03.008 UTC,1.37427,1.37415,0.0012,0.00116
16.09.2025 17:36:03.464 UTC,1.37426,1.37417,0.0012,0.00116
16.09.2025 17:36:06.190 UTC,1.37428,1.37415,0.0012,0.00191
16.09.2025 17:36:06.297 UTC,1.37427,1.37417,0.0012,0.00191
16.09.2025 17:36:06.471 UTC,1.37427,1.37417,0.0012,0.00132
16.09.2025 17:36:06.624 UTC,1.37427,1.37417,0.0012,0.00192
16.09.2025 17:36:06.780 UTC,1.37428,1.37416,0.0012,0.00116
16.09.2025 17:36:10.146 UTC,1.37428,1.37416,0.0012,0.00192
16.09.2025 17:36:10.249 UTC,1.37429,1.37417,0.0012,0.0018
16.09.2025 17:36:10.351 UTC,1.37429,1.37417,0.0012,0.00135
16.09.2025 17:36:12.870 UTC,1.3743,1.37418,0.0012,0.0018
16.09.2025 17:36:12.974 UTC,1.3743,1.3742,0.0012,0.0018
16.09.2025 17:36:17.956 UTC,1.3743,1.37419,0.0012,0.00116
16.09.2025 17:36:18.060 UTC,1.37428,1.37419,0.0012,0.00116
16.09.2025 17:36:19.119 UTC,1.37427,1.37418,0.0012,0.00176
16.09.2025 17:36:19.276 UTC,1.37428,1.37416,0.0012,0.00116
16.09.2025 17:36:19.583 UTC,1.37428,1.37417,0.0012,0.00116
16.09.2025 17:36:19.890 UTC,1.37427,1.37418,0.0012,0.00116
16.09.2025 17:36:27.762 UTC,1.37427,1.37416,0.0012,0.00116
16.09.2025 17:36:27.865 UTC,1.37426,1.37415,0.0012,0.00191
16.09.2025 17:36:27.916 UTC,1.37425,1.37416,0.0012,0.00177
16.09.2025 17:36:29.681 UTC,1.37424,1.37414,0.0012,0.00176
16.09.2025 17:36:29.788 UTC,1.37424,1.37412,0.0012,0.00191
16.09.2025 17:36:31.810 UTC,1.37424,1.37412,0.0012,0.00116
16.09.2025 17:36:44.330 UTC,1.37424,1.37414,0.0012,0.00116
16.09.2025 17:37:14.672 UTC,1.37424,1.37413,0.0012,0.00116
16.09.2025 17:37:15.026 UTC,1.37423,1.37414,0.0012,0.00116
16.09.2025 17:37:16.569 UTC,1.37424,1.37413,0.0012,0.00116
16.09.2025 17:37:20.113 UTC,1.37422,1.37412,0.0012,0.00191
16.09.2025 17:37:20.166 UTC,1.37422,1.37411,0.0012,0.00192
16.09.2025 17:37:20.268 UTC,1.37423,1.37411,0.0012,0.00191
16.09.2025 17:37:20.525 UTC,1.37423,1.37411,0.0012,0.00116
16.09.2025 17:37:20.628 UTC,1.37422,1.37411,0.0012,0.00116
16.09.2025 17:37:20.835 UTC,1.37422,1.37412,0.0012,0.00116
16.09.2025 17:37:20.990 UTC,1.37421,1.37413,0.0012,0.00116
16.09.2025 17:37:21.093 UTC,1.37423,1.37412,0.0012,0.00116
16.09.2025 17:37:34.100 UTC,1.37422,1.37413,0.0012,0.00116
16.09.2025 17:37:36.971 UTC,1.37423,1.37412,0.0012,0.00116
16.09.2025 17:37:40.343 UTC,1.37422,1.37413,0.0012,0.00116
16.09.2025 17:37:42.512 UTC,1.37423,1.37412,0.0012,0.00116
16.09.2025 17:37:45.651 UTC,1.37421,1.37412,0.00189,0.0012
16.09.2025 17:37:45.705 UTC,1.37417,1.37407,0.0012,0.0012
16.09.2025 17:37:45.809 UTC,1.37419,1.37407,0.0012,0.00116
16.09.2025 17:37:46.066 UTC,1.37419,1.37408,0.0012,0.00191
16.09.2025 17:37:46.169 UTC,1.37419,1.3741,0.0012,0.00116
16.09.2025 17:37:47.837 UTC,1.3742,1.37409,0.0012,0.00192
16.09.2025 17:37:48.492 UTC,1.37421,1.3741,0.0012,0.00116
16.09.2025 17:37:50.157 UTC,1.37421,1.3741,0.0012,0.00176
16.09.2025 17:37:52.438 UTC,1.37421,1.37409,0.0012,0.00176
16.09.2025 17:37:52.542 UTC,1.37421,1.37408,0.0018,0.00116
16.09.2025 17:37:52.898 UTC,1.37421,1.37409,0.0018,0.00116
16.09.2025 17:38:02.428 UTC,1.3742,1.37409,0.0012,0.00116
16.09.2025 17:38:03.287 UTC,1.37418,1.37409,0.00132,0.00176
16.09.2025 17:38:03.339 UTC,1.37416,1.37405,0.0018,0.0024
16.09.2025 17:38:03.446 UTC,1.37416,1.37406,0.0012,0.00116
16.09.2025 17:38:03.549 UTC,1.37417,1.37405,0.0012,0.00116
16.09.2025 17:38:04.158 UTC,1.37416,1.37403,0.0018,0.00191
16.09.2025 17:38:04.823 UTC,1.37418,1.37408,0.0018,0.00191
16.09.2025 17:38:05.130 UTC,1.37418,1.37409,0.0012,0.00116
16.09.2025 17:38:05.233 UTC,1.37419,1.37408,0.0012,0.00116
16.09.2025 17:38:06.649 UTC,1.37418,1.37408,0.0012,0.00116
16.09.2025 17:38:06.956 UTC,1.37418,1.37407,0.0012,0.00116
16.09.2025 17:38:07.060 UTC,1.37419,1.37408,0.0012,0.00192
16.09.2025 17:38:07.315 UTC,1.37418,1.37409,0.0012,0.00177
16.09.2025 17:38:08.070 UTC,1.37419,1.37409,0.0012,0.00116
16.09.2025 17:38:08.324 UTC,1.3742,1.37409,0.0012,0.00116
16.09.2025 17:38:10.390 UTC,1.37419,1.3741,0.0012,0.00192
16.09.2025 17:38:10.796 UTC,1.3742,1.37409,0.0012,0.00177
16.09.2025 17:38:11.707 UTC,1.3742,1.37409,0.0012,0.00191
16.09.2025 17:38:13.243 UTC,1.3742,1.37408,0.0012,0.00191
16.09.2025 17:38:13.647 UTC,1.3742,1.37409,0.0012,0.00192
16.09.2025 17:38:13.750 UTC,1.3742,1.37409,0.0012,0.00135
16.09.2025 17:38:14.264 UTC,1.37418,1.37406,0.0012,0.00116
16.09.2025 17:38:15.738 UTC,1.37421,1.37407,0.00135,0.00192
16.09.2025 17:38:15.841 UTC,1.37421,1.3741,0.0012,0.00116
16.09.2025 17:38:16.200 UTC,1.37421,1.37409,0.0012,0.00116
16.09.2025 17:38:17.009 UTC,1.3742,1.3741,0.0012,0.00116
16.09.2025 17:38:17.720 UTC,1.37422,1.3741,0.0012,0.00116
16.09.2025 17:38:19.890 UTC,1.37421,1.37412,0.0012,0.00116
16.09.2025 17:38:22.975 UTC,1.37424,1.37412,0.0018,0.00116
16.09.2025 17:38:23.832 UTC,1.37423,1.37413,0.0018,0.00116
16.09.2025 17:38:23.985 UTC,1.37424,1.37412,0.0018,0.00116
16.09.2025 17:38:30.957 UTC,1.37426,1.37413,0.0012,0.0024
16.09.2025 17:38:31.062 UTC,1.37426,1.37413,0.0012,0.00191
16.09.2025 17:38:32.133 UTC,1.37426,1.37414,0.0018,0.00116
16.09.2025 17:38:32.235 UTC,1.37425,1.37415,0.0018,0.00116
16.09.2025 17:38:33.097 UTC,1.37426,1.37413,0.0012,0.00191
16.09.2025 17:38:36.178 UTC,1.37425,1.37418,0.0012,0.00135
16.09.2025 17:38:36.230 UTC,1.3743,1.37418,0.0018,0.0012
16.09.2025 17:38:36.787 UTC,1.3743,1.37419,0.0012,0.00267
16.09.2025 17:38:38.094 UTC,1.3743,1.37419,0.0012,0.00282
16.09.2025 17:38:38.499 UTC,1.37431,1.37418,0.0012,0.00267
16.09.2025 17:38:38.603 UTC,1.3743,1.37417,0.0012,0.00116
16.09.2025 17:38:42.721 UTC,1.37428,1.37418,0.00132,0.0012
16.09.2025 17:38:42.773 UTC,1.37424,1.37412,0.0012,0.00236
16.09.2025 17:38:42.876 UTC,1.37424,1.37412,0.0012,0.00222
16.09.2025 17:38:43.433 UTC,1.37424,1.37411,0.0012,0.00281
16.09.2025 17:38:54.124 UTC,1.37424,1.37413,0.0012,0.00116
16.09.2025 17:38:56.851 UTC,1.37423,1.37414,0.0012,0.00116
16.09.2025 17:39:01.329 UTC,1.37424,1.37414,0.0012,0.00116
16.09.2025 17:39:01.837 UTC,1.37423,1.37415,0.0012,0.00116
16.09.2025 17:39:01.992 UTC,1.37424,1.37414,0.0012,0.00116
16.09.2025 17:39:03.101 UTC,1.37424,1.37412,0.0012,0.00176
16.09.2025 17:39:03.204 UTC,1.37423,1.37411,0.0012,0.00116
16.09.2025 17:39:03.308 UTC,1.37422,1.37411,0.0012,0.00281
16.09.2025 17:39:19.750 UTC,1.37422,1.3741,0.0012,0.00116
16.09.2025 17:39:19.905 UTC,1.37421,1.37411,0.0012,0.00116
16.09.2025 17:39:23.178 UTC,1.37422,1.37412,0.0012,0.00116
16.09.2025 17:39:23.280 UTC,1.37423,1.37411,0.0012,0.00116
16.09.2025 17:39:35.215 UTC,1.37422,1.37414,0.0012,0.0018
16.09.2025 17:39:35.318 UTC,1.37422,1.37413,0.0012,0.00116
16.09.2025 17:39:36.180 UTC,1.37423,1.37412,0.0012,0.00116
16.09.2025 17:39:40.797 UTC,1.37425,1.37413,0.0012,0.00116
16.09.2025 17:39:40.850 UTC,1.37427,1.37417,0.0027,0.00116
16.09.2025 17:39:41.005 UTC,1.37428,1.37418,0.0012,0.00177
16.09.2025 17:39:41.818 UTC,1.37429,1.37417,0.0012,0.00192
16.09.2025 17:39:47.418 UTC,1.3743,1.37418,0.0012,0.00116
16.09.2025 17:39:47.471 UTC,1.37432,1.37419,0.0012,0.00144
16.09.2025 17:39:47.524 UTC,1.37434,1.37422,0.00138,0.0012
16.09.2025 17:39:47.628 UTC,1.37435,1.37423,0.0012,0.00116
16.09.2025 17:39:47.732 UTC,1.37433,1.37421,0.0012,0.00116
16.09.2025 17:39:47.835 UTC,1.37433,1.37422,0.0018,0.00116
16.09.2025 17:39:57.143 UTC,1.37432,1.37423,0.0012,0.00116
16.09.2025 17:39:59.169 UTC,1.37431,1.3742,0.0012,0.00116
16.09.2025 17:39:59.272 UTC,1.37431,1.37421,0.0012,0.00116
16.09.2025 17:40:07.095 UTC,1.3743,1.37422,0.0012,0.00116
16.09.2025 17:40:09.148 UTC,1.37432,1.37421,0.0012,0.00116
16.09.2025 17:40:10.662 UTC,1.37433,1.37421,0.0012,0.00116
16.09.2025 17:40:10.768 UTC,1.37437,1.37424,0.00183,0.0018
16.09.2025 17:40:10.872 UTC,1.37438,1.37425,0.0012,0.00116
16.09.2025 17:40:16.460 UTC,1.37438,1.37426,0.0012,0.00116
16.09.2025 17:40:19.134 UTC,1.3744,1.37426,0.00189,0.00116
16.09.2025 17:40:19.339 UTC,1.37439,1.37427,0.0012,0.00192
16.09.2025 17:40:21.659 UTC,1.37437,1.37426,0.0012,0.00116
16.09.2025 17:40:21.965 UTC,1.37436,1.37425,0.0012,0.00116
16.09.2025 17:40:22.068 UTC,1.37435,1.37425,0.0012,0.00191
16.09.2025 17:40:22.220 UTC,1.37434,1.37425,0.0012,0.00191
16.09.2025 17:40:22.273 UTC,1.37435,1.37423,0.0012,0.00116
16.09.2025 17:40:22.680 UTC,1.37433,1.37423,0.0012,0.00281
16.09.2025 17:40:23.036 UTC,1.37434,1.37422,0.0018,0.00116
16.09.2025 17:40:23.696 UTC,1.37433,1.37421,0.0012,0.00191
16.09.2025 17:40:23.800 UTC,1.37432,1.37419,0.0012,0.00191
16.09.2025 17:40:24.361 UTC,1.37431,1.37418,0.0012,0.00371
16.09.2025 17:40:24.720 UTC,1.3743,1.37418,0.00189,0.002
16.09.2025 17:40:25.129 UTC,1.3743,1.37419,0.00132,0.00191
16.09.2025 17:40:29.705 UTC,1.37431,1.37421,0.0012,0.00116
16.09.2025 17:40:29.860 UTC,1.37433,1.3742,0.0018,0.00191
16.09.2025 17:40:30.013 UTC,1.37432,1.37422,0.0018,0.00116
16.09.2025 17:40:30.117 UTC,1.37434,1.37422,0.0018,0.00116
16.09.2025 17:40:34.296 UTC,1.37433,1.37421,0.0012,0.00176
16.09.2025 17:40:38.276 UTC,1.37435,1.37423,0.0012,0.0018
16.09.2025 17:40:38.328 UTC,1.37437,1.37425,0.0012,0.00116
16.09.2025 17:40:38.431 UTC,1.37436,1.37426,0.0012,0.00116
16.09.2025 17:40:39.041 UTC,1.37438,1.37425,0.0018,0.00192
16.09.2025 17:40:40.050 UTC,1.37438,1.37426,0.0012,0.00192
16.09.2025 17:40:40.204 UTC,1.37437,1.37427,0.0012,0.00177
16.09.2025 17:40:40.358 UTC,1.37441,1.37428,0.0018,0.0018
16.09.2025 17:40:40.615 UTC,1.37442,1.37429,0.0012,0.00191
16.09.2025 17:40:41.428 UTC,1.37442,1.37432,0.0018,0.00116
16.09.2025 17:40:41.531 UTC,1.37443,1.37431,0.0018,0.00116
16.09.2025 17:40:42.597 UTC,1.37444,1.37432,0.0012,0.00116
16.09.2025 17:40:42.701 UTC,1.37447,1.37437,0.0012,0.0012
16.09.2025 17:40:42.804 UTC,1.37449,1.37436,0.00132,0.00176
16.09.2025 17:40:42.907 UTC,1.37447,1.37437,0.0012,0.00176
16.09.2025 17:40:43.010 UTC,1.37449,1.37436,0.0012,0.00176
16.09.2025 17:40:44.309 UTC,1.37448,1.37435,0.00132,0.00236
16.09.2025 17:40:44.413 UTC,1.37447,1.37433,0.0012,0.0029
16.09.2025 17:40:44.516 UTC,1.37446,1.37434,0.0012,0.0029
16.09.2025 17:40:44.618 UTC,1.37447,1.37435,0.00132,0.00176
16.09.2025 17:40:48.205 UTC,1.37447,1.37434,0.00192,0.00191
16.09.2025 17:40:48.309 UTC,1.37445,1.37434,0.0012,0.00116
16.09.2025 17:40:50.334 UTC,1.37445,1.37433,0.0012,0.00116
16.09.2025 17:40:50.983 UTC,1.37446,1.37433,0.0018,0.00201
16.09.2025 17:40:52.045 UTC,1.37445,1.37435,0.0012,0.00192
16.09.2025 17:40:52.200 UTC,1.37448,1.37436,0.0012,0.00116
16.09.2025 17:40:52.557 UTC,1.37448,1.37437,0.0018,0.00192
16.09.2025 17:40:54.935 UTC,1.37449,1.37436,0.0018,0.00177
16.09.2025 17:40:56.155 UTC,1.37448,1.37436,0.0012,0.00132
16.09.2025 17:40:57.767 UTC,1.37447,1.37436,0.00282,0.00191
16.09.2025 17:40:57.873 UTC,1.37445,1.37435,0.0018,0.00116
16.09.2025 17:40:57.930 UTC,1.37446,1.37433,0.0018,0.00462
16.09.2025 17:40:58.337 UTC,1.37446,1.37433,0.0018,0.0033
16.09.2025 17:40:58.643 UTC,1.37445,1.37433,0.0012,0.00192
16.09.2025 17:40:58.694 UTC,1.37444,1.37434,0.0012,0.00116
16.09.2025 17:40:58.798 UTC,1.37444,1.37431,0.00189,0.00192
16.09.2025 17:40:59.354 UTC,1.37443,1.37431,0.0018,0.00116
16.09.2025 17:41:00.274 UTC,1.37443,1.37431,0.0012,0.00191
16.09.2025 17:41:01.991 UTC,1.37444,1.37431,0.0018,0.00191
16.09.2025 17:41:02.095 UTC,1.37445,1.37432,0.0012,0.00132
16.09.2025 17:41:02.198 UTC,1.37444,1.37434,0.0018,0.00116
16.09.2025 17:41:02.351 UTC,1.37445,1.37433,0.0018,0.00116
16.09.2025 17:41:06.269 UTC,1.37444,1.37433,0.0012,0.00116
16.09.2025 17:41:08.243 UTC,1.37443,1.37433,0.0012,0.00116
16.09.2025 17:41:09.358 UTC,1.37443,1.37432,0.0012,0.00116
16.09.2025 17:41:13.740 UTC,1.37443,1.3743,0.0018,0.00191
16.09.2025 17:41:16.044 UTC,1.37442,1.37432,0.0018,0.00116
16.09.2025 17:41:17.009 UTC,1.37443,1.3743,0.0018,0.00281
16.09.2025 17:41:18.674 UTC,1.37442,1.37432,0.0018,0.00116
16.09.2025 17:41:26.673 UTC,1.37443,1.37432,0.0012,0.00116
16.09.2025 17:41:26.779 UTC,1.37443,1.37433,0.0018,0.00116
16.09.2025 17:41:26.936 UTC,1.37443,1.3743,0.00132,0.00281
16.09.2025 17:41:39.650 UTC,1.37443,1.37431,0.00189,0.00116
16.09.2025 17:41:40.457 UTC,1.37442,1.37431,0.00189,0.00267
16.09.2025 17:41:42.875 UTC,1.37442,1.37431,0.00132,0.00192
16.09.2025 17:41:45.275 UTC,1.37442,1.37431,0.00132,0.00177
16.09.2025 17:41:46.082 UTC,1.37442,1.37431,0.00132,0.00192
16.09.2025 17:41:47.794 UTC,1.37441,1.37431,0.00132,0.00116
16.09.2025 17:41:47.897 UTC,1.37442,1.3743,0.0012,0.00116
16.09.2025 17:42:02.293 UTC,1.37442,1.37429,0.00132,0.00116
16.09.2025 17:42:02.804 UTC,1.37442,1.37429,0.0012,0.00291
16.09.2025 17:42:07.878 UTC,1.37441,1.37431,0.0012,0.00116
16.09.2025 17:42:08.033 UTC,1.3744,1.3743,0.0012,0.00135
16.09.2025 17:42:08.390 UTC,1.3744,1.3743,0.0012,0.0018
16.09.2025 17:42:08.493 UTC,1.3744,1.37431,0.0012,0.00116
16.09.2025 17:42:10.207 UTC,1.37442,1.3743,0.0012,0.00116
16.09.2025 17:42:11.672 UTC,1.37442,1.37431,0.0012,0.00116
16.09.2025 17:42:12.081 UTC,1.37441,1.37432,0.0012,0.00116
16.09.2025 17:42:14.299 UTC,1.37443,1.3743,0.0012,0.00281
16.09.2025 17:42:14.403 UTC,1.37444,1.37431,0.0018,0.00192
16.09.2025 17:42:14.603 UTC,1.37443,1.37432,0.0012,0.00282
16.09.2025 17:42:14.807 UTC,1.37444,1.37431,0.0012,0.00281
16.09.2025 17:42:14.909 UTC,1.37444,1.37432,0.0012,0.00116
16.09.2025 17:42:15.061 UTC,1.37443,1.37433,0.0012,0.00116
16.09.2025 17:42:30.500 UTC,1.37445,1.37434,0.0036,0.00135
16.09.2025 17:42:30.552 UTC,1.37447,1.37437,0.00138,0.00135
16.09.2025 17:42:30.655 UTC,1.37448,1.37438,0.0012,0.00116
16.09.2025 17:42:30.758 UTC,1.37449,1.37438,0.0012,0.0012
16.09.2025 17:42:32.428 UTC,1.37449,1.37437,0.0012,0.00132
16.09.2025 17:42:33.827 UTC,1.37448,1.37438,0.0012,0.00192
16.09.2025 17:42:34.132 UTC,1.37449,1.37437,0.0012,0.00192
16.09.2025 17:42:35.144 UTC,1.37448,1.37438,0.0012,0.00192
16.09.2025 17:42:35.953 UTC,1.37449,1.37437,0.0012,0.00192
16.09.2025 17:42:36.559 UTC,1.37448,1.37438,0.0012,0.00192
16.09.2025 17:42:36.711 UTC,1.37449,1.37437,0.0012,0.00192
16.09.2025 17:42:39.585 UTC,1.37449,1.37437,0.0012,0.00177
16.09.2025 17:42:40.339 UTC,1.37448,1.37438,0.0012,0.00192
16.09.2025 17:42:40.493 UTC,1.37448,1.37438,0.0012,0.00177
16.09.2025 17:42:40.595 UTC,1.37449,1.37437,0.0012,0.00192
16.09.2025 17:42:41.103 UTC,1.37449,1.37437,0.0012,0.00177
16.09.2025 17:42:41.205 UTC,1.37449,1.37437,0.0012,0.00192
16.09.2025 17:42:41.408 UTC,1.37449,1.37437,0.0012,0.00177
16.09.2025 17:42:41.998 UTC,1.37449,1.37437,0.0012,0.00192
16.09.2025 17:42:43.515 UTC,1.37448,1.37439,0.0012,0.0018
16.09.2025 17:42:43.617 UTC,1.37449,1.37438,0.0012,0.0012
16.09.2025 17:42:45.032 UTC,1.37448,1.37438,0.0012,0.00177
16.09.2025 17:42:45.941 UTC,1.37449,1.37437,0.0012,0.00192
16.09.2025 17:42:47.403 UTC,1.37449,1.37437,0.0012,0.00177
16.09.2025 17:42:47.808 UTC,1.37449,1.37438,0.0012,0.00135
16.09.2025 17:42:48.565 UTC,1.37449,1.37438,0.0012,0.0018
16.09.2025 17:42:48.718 UTC,1.37449,1.37438,0.0012,0.00135
16.09.2025 17:42:48.820 UTC,1.37449,1.37438,0.0012,0.0018
16.09.2025 17:42:49.023 UTC,1.37448,1.37439,0.0012,0.00135
16.09.2025 17:42:50.988 UTC,1.37449,1.37438,0.0012,0.0018
16.09.2025 17:42:51.998 UTC,1.37449,1.37438,0.0012,0.00135
16.09.2025 17:42:53.057 UTC,1.37448,1.37439,0.0012,0.0018
16.09.2025 17:42:53.313 UTC,1.37449,1.37438,0.0012,0.00135
16.09.2025 17:42:53.416 UTC,1.3745,1.37438,0.0012,0.00135
16.09.2025 17:42:53.621 UTC,1.37451,1.37441,0.0012,0.00192
16.09.2025 17:42:53.724 UTC,1.37454,1.37441,0.0018,0.00116
16.09.2025 17:42:55.246 UTC,1.37455,1.37443,0.0012,0.0018
16.09.2025 17:42:55.349 UTC,1.37456,1.37444,0.0027,0.00135
16.09.2025 17:42:56.006 UTC,1.37455,1.37442,0.0012,0.00281
16.09.2025 17:42:56.109 UTC,1.37453,1.37442,0.0018,0.00116
16.09.2025 17:43:02.326 UTC,1.37454,1.37442,0.0012,0.00116
16.09.2025 17:43:02.429 UTC,1.37455,1.37442,0.0018,0.00192
16.09.2025 17:43:02.583 UTC,1.37455,1.37442,0.0012,0.00282
16.09.2025 17:43:02.837 UTC,1.37454,1.37444,0.0012,0.00116
16.09.2025 17:43:07.582 UTC,1.37455,1.37444,0.0012,0.00291
16.09.2025 17:43:07.687 UTC,1.37456,1.37445,0.0012,0.00249
16.09.2025 17:43:07.995 UTC,1.37456,1.37446,0.0012,0.00192
16.09.2025 17:43:09.262 UTC,1.37457,1.37445,0.0012,0.00177
16.09.2025 17:43:09.365 UTC,1.37457,1.37446,0.0012,0.0012
16.09.2025 17:43:11.719 UTC,1.37457,1.37445,0.0012,0.00177
16.09.2025 17:43:11.871 UTC,1.37457,1.37445,0.0012,0.00192
16.09.2025 17:43:12.476 UTC,1.37456,1.37447,0.0012,0.0018
16.09.2025 17:43:12.628 UTC,1.37457,1.37446,0.0012,0.00135
16.09.2025 17:43:12.882 UTC,1.37459,1.37446,0.0012,0.0018
16.09.2025 17:43:20.650 UTC,1.37459,1.37445,0.0012,0.00282
16.09.2025 17:43:20.752 UTC,1.37458,1.37446,0.0012,0.00282
16.09.2025 17:43:25.746 UTC,1.37456,1.37444,0.0012,0.00191
16.09.2025 17:43:25.850 UTC,1.37456,1.37443,0.00189,0.00192
16.09.2025 17:43:26.913 UTC,1.37453,1.37443,0.0012,0.00132
16.09.2025 17:43:27.016 UTC,1.37453,1.37441,0.0012,0.00116
16.09.2025 17:43:27.171 UTC,1.37452,1.3744,0.0012,0.00191
16.09.2025 17:43:27.326 UTC,1.37451,1.37438,0.0012,0.00191
16.09.2025 17:43:27.485 UTC,1.37451,1.37437,0.0012,0.00372
16.09.2025 17:43:27.589 UTC,1.37451,1.37437,0.0012,0.00267
16.09.2025 17:43:31.328 UTC,1.37449,1.37437,0.0012,0.00177
16.09.2025 17:43:32.437 UTC,1.37449,1.37437,0.0012,0.00192
16.09.2025 17:43:32.542 UTC,1.37444,1.37433,0.0012,0.00281
16.09.2025 17:43:32.646 UTC,1.37445,1.37432,0.0012,0.00191
16.09.2025 17:43:32.849 UTC,1.37444,1.37433,0.0012,0.00191
16.09.2025 17:43:34.315 UTC,1.37446,1.37434,0.0012,0.00116
16.09.2025 17:43:34.419 UTC,1.37447,1.37434,0.00189,0.00176
16.09.2025 17:43:37.186 UTC,1.37445,1.37434,0.0018,0.00116
16.09.2025 17:43:37.340 UTC,1.37445,1.37434,0.0012,0.00116
16.09.2025 17:43:38.960 UTC,1.37446,1.37435,0.0012,0.00116
16.09.2025 17:43:44.098 UTC,1.37448,1.37435,0.0036,0.00116
16.09.2025 17:43:44.202 UTC,1.37449,1.37437,0.0012,0.00116
16.09.2025 17:43:51.008 UTC,1.37448,1.37438,0.0012,0.00116
16.09.2025 17:43:51.718 UTC,1.37449,1.37437,0.0012,0.00116
16.09.2025 17:43:51.970 UTC,1.37448,1.37438,0.0012,0.00116
16.09.2025 17:43:52.224 UTC,1.37449,1.37437,0.0012,0.00116
16.09.2025 17:43:52.729 UTC,1.37448,1.37438,0.0012,0.00116
16.09.2025 17:43:52.933 UTC,1.37449,1.37437,0.0012,0.00116
16.09.2025 17:43:53.689 UTC,1.37449,1.37438,0.0018,0.00204
16.09.2025 17:43:53.741 UTC,1.37451,1.37438,0.0018,0.00381
16.09.2025 17:43:54.408 UTC,1.37451,1.3744,0.0018,0.002
16.09.2025 17:43:54.863 UTC,1.37452,1.3744,0.0018,0.00116
16.09.2025 17:43:54.965 UTC,1.37451,1.37441,0.0018,0.00116
16.09.2025 17:43:55.068 UTC,1.37451,1.37442,0.0018,0.00116
16.09.2025 17:43:55.426 UTC,1.37451,1.37439,0.0012,0.00116
16.09.2025 17:43:55.530 UTC,1.37451,1.37438,0.0018,0.00116
16.09.2025 17:43:55.735 UTC,1.3745,1.37438,0.0012,0.00116
16.09.2025 17:43:58.758 UTC,1.37449,1.37436,0.00189,0.00116
16.09.2025 17:43:58.860 UTC,1.37448,1.37437,0.00189,0.00116
16.09.2025 17:43:58.963 UTC,1.37448,1.37436,0.0012,0.00116
16.09.2025 17:44:00.691 UTC,1.37447,1.37435,0.0012,0.00116
16.09.2025 17:44:01.699 UTC,1.37448,1.37435,0.0012,0.00116
16.09.2025 17:44:03.723 UTC,1.37447,1.37435,0.0012,0.00116
16.09.2025 17:44:03.879 UTC,1.37446,1.37433,0.00132,0.00116
16.09.2025 17:44:03.982 UTC,1.37442,1.37432,0.0018,0.00281
16.09.2025 17:44:04.085 UTC,1.37443,1.37431,0.0018,0.00281
16.09.2025 17:44:06.839 UTC,1.37442,1.37431,0.0012,0.00116
16.09.2025 17:44:07.654 UTC,1.37443,1.37431,0.0018,0.00116
16.09.2025 17:44:10.779 UTC,1.37443,1.37432,0.0012,0.00116
16.09.2025 17:44:11.287 UTC,1.37443,1.37431,0.0012,0.00116
16.09.2025 17:44:11.948 UTC,1.37442,1.37432,0.0012,0.00116
16.09.2025 17:44:12.503 UTC,1.37443,1.37431,0.0018,0.00128
16.09.2025 17:44:13.112 UTC,1.37443,1.37433,0.0012,0.00116
16.09.2025 17:44:13.467 UTC,1.37443,1.37434,0.0012,0.00116
16.09.2025 17:44:14.023 UTC,1.37444,1.37431,0.0012,0.0038
16.09.2025 17:44:15.260 UTC,1.37443,1.37433,0.0012,0.00116
16.09.2025 17:44:15.568 UTC,1.37443,1.37432,0.0012,0.00116
16.09.2025 17:44:17.492 UTC,1.37444,1.37433,0.0012,0.00116
16.09.2025 17:44:18.103 UTC,1.37444,1.37432,0.0018,0.00191
16.09.2025 17:44:21.224 UTC,1.37444,1.37432,0.0018,0.00116
16.09.2025 17:44:23.979 UTC,1.37443,1.37433,0.0018,0.00116
16.09.2025 17:44:24.082 UTC,1.37444,1.37433,0.0012,0.00116
16.09.2025 17:44:24.183 UTC,1.37443,1.37434,0.0012,0.00116
16.09.2025 17:44:24.638 UTC,1.37444,1.37433,0.0012,0.00116
16.09.2025 17:44:24.791 UTC,1.37443,1.37434,0.0012,0.00116
16.09.2025 17:44:24.895 UTC,1.37443,1.37434,0.0018,0.00116
16.09.2025 17:44:25.202 UTC,1.37443,1.37433,0.0012,0.00176
16.09.2025 17:44:35.112 UTC,1.37445,1.37432,0.0018,0.00191
16.09.2025 17:44:35.265 UTC,1.37445,1.37432,0.0012,0.00191
16.09.2025 17:44:37.488 UTC,1.37444,1.37432,0.0012,0.00176
16.09.2025 17:44:37.590 UTC,1.37443,1.37431,0.0012,0.00116
16.09.2025 17:44:39.461 UTC,1.37443,1.37432,0.0012,0.00116
16.09.2025 17:44:39.564 UTC,1.37443,1.37433,0.0012,0.00116
16.09.2025 17:44:41.329 UTC,1.37443,1.37432,0.0012,0.00116
16.09.2025 17:44:41.734 UTC,1.37442,1.37432,0.0012,0.00116
16.09.2025 17:44:42.138 UTC,1.37441,1.37431,0.0012,0.00116
16.09.2025 17:44:42.243 UTC,1.37442,1.3743,0.0012,0.00116
16.09.2025 17:44:44.265 UTC,1.37442,1.37431,0.0012,0.00116
16.09.2025 17:44:46.333 UTC,1.37444,1.37431,0.0012,0.00116
16.09.2025 17:44:46.437 UTC,1.37445,1.37431,0.0012,0.00192
16.09.2025 17:44:51.548 UTC,1.37442,1.37433,0.0012,0.00116
16.09.2025 17:44:51.706 UTC,1.37443,1.37431,0.0012,0.00116
16.09.2025 17:44:52.719 UTC,1.37442,1.37432,0.0012,0.00116
16.09.2025 17:44:55.337 UTC,1.37442,1.3743,0.0012,0.00116
16.09.2025 17:44:56.755 UTC,1.37441,1.37431,0.0012,0.00116
16.09.2025 17:44:59.170 UTC,1.37442,1.3743,0.0012,0.00192
16.09.2025 17:44:59.272 UTC,1.37442,1.37433,0.0012,0.0012
16.09.2025 17:44:59.474 UTC,1.37441,1.37432,0.0012,0.00116
16.09.2025 17:44:59.726 UTC,1.37442,1.37431,0.0012,0.00116
16.09.2025 17:45:01.277 UTC,1.37442,1.37432,0.0012,0.00192
16.09.2025 17:45:03.192 UTC,1.37444,1.37432,0.0012,0.00135
16.09.2025 17:45:05.773 UTC,1.37443,1.37432,0.0012,0.00267
16.09.2025 17:45:05.925 UTC,1.37444,1.37431,0.0012,0.00282
16.09.2025 17:45:08.202 UTC,1.37444,1.37434,0.0012,0.00192
16.09.2025 17:45:08.255 UTC,1.37446,1.37436,0.00138,0.00135
16.09.2025 17:45:08.358 UTC,1.37448,1.37435,0.0012,0.00281
16.09.2025 17:45:08.462 UTC,1.37449,1.37437,0.0012,0.0012
16.09.2025 17:45:08.666 UTC,1.3745,1.37437,0.0018,0.00135
16.09.2025 17:45:09.326 UTC,1.3745,1.37436,0.0012,0.00357
16.09.2025 17:45:09.732 UTC,1.3745,1.37436,0.0012,0.00282
16.09.2025 17:45:10.756 UTC,1.3745,1.37436,0.0012,0.00192
16.09.2025 17:45:10.909 UTC,1.37449,1.37437,0.0012,0.00192
16.09.2025 17:45:17.263 UTC,1.37449,1.37438,0.0012,0.00135
16.09.2025 17:45:17.467 UTC,1.3745,1.37437,0.0012,0.0018
16.09.2025 17:45:18.274 UTC,1.3745,1.37437,0.0012,0.0012
16.09.2025 17:45:18.430 UTC,1.3745,1.37436,0.0012,0.00282
16.09.2025 17:45:19.444 UTC,1.3745,1.37437,0.0012,0.0018
16.09.2025 17:45:23.239 UTC,1.37447,1.37438,0.0012,0.00282
16.09.2025 17:45:23.343 UTC,1.37444,1.37433,0.0012,0.00293
16.09.2025 17:45:23.394 UTC,1.37445,1.37432,0.0018,0.00267
16.09.2025 17:45:24.256 UTC,1.37444,1.37436,0.0018,0.0012
16.09.2025 17:45:24.609 UTC,1.37445,1.37434,0.0018,0.0012
16.09.2025 17:45:27.182 UTC,1.37445,1.37435,0.0018,0.0012
16.09.2025 17:45:27.787 UTC,1.37443,1.37435,0.0012,0.0012
16.09.2025 17:45:27.839 UTC,1.37443,1.37433,0.0012,0.0012
16.09.2025 17:45:27.944 UTC,1.37443,1.37431,0.0012,0.00116
16.09.2025 17:45:31.353 UTC,1.37442,1.3743,0.0012,0.00176
16.09.2025 17:45:31.406 UTC,1.37438,1.37426,0.0012,0.00324
16.09.2025 17:45:31.510 UTC,1.37438,1.37425,0.0018,0.00188
16.09.2025 17:45:32.470 UTC,1.37437,1.37424,0.0012,0.00293
16.09.2025 17:45:34.187 UTC,1.37437,1.37424,0.0018,0.002
16.09.2025 17:45:34.239 UTC,1.37435,1.37424,0.0012,0.00191
16.09.2025 17:45:34.343 UTC,1.37434,1.37424,0.0012,0.00116
16.09.2025 17:45:34.447 UTC,1.37436,1.37425,0.0012,0.00116
16.09.2025 17:45:37.920 UTC,1.37436,1.37424,0.0012,0.00116
16.09.2025 17:45:39.868 UTC,1.37435,1.37424,0.0012,0.00116
16.09.2025 17:45:39.973 UTC,1.37433,1.37424,0.0012,0.00116
16.09.2025 17:45:40.228 UTC,1.37434,1.37423,0.0012,0.00116
16.09.2025 17:45:40.786 UTC,1.37433,1.37424,0.0012,0.00116
16.09.2025 17:45:40.990 UTC,1.37433,1.37422,0.0012,0.00191
16.09.2025 17:45:41.092 UTC,1.37433,1.37422,0.0012,0.00177
16.09.2025 17:45:42.510 UTC,1.37433,1.37422,0.0012,0.00192
16.09.2025 17:45:42.913 UTC,1.37433,1.37422,0.0012,0.00177
16.09.2025 17:45:44.174 UTC,1.37433,1.37423,0.0012,0.00116
16.09.2025 17:45:44.686 UTC,1.37433,1.37422,0.0012,0.00177
16.09.2025 17:45:44.940 UTC,1.37433,1.37422,0.0012,0.00191
16.09.2025 17:45:45.042 UTC,1.37433,1.37422,0.0012,0.00177
16.09.2025 17:45:45.395 UTC,1.37433,1.37422,0.0012,0.00192
16.09.2025 17:45:45.598 UTC,1.37433,1.37422,0.0012,0.00132
16.09.2025 17:45:48.115 UTC,1.37432,1.37423,0.0012,0.00192
16.09.2025 17:45:51.681 UTC,1.37433,1.37423,0.0012,0.00381
16.09.2025 17:45:51.786 UTC,1.37434,1.37424,0.0012,0.00116
16.09.2025 17:45:54.964 UTC,1.37433,1.37424,0.0012,0.00116
16.09.2025 17:45:55.066 UTC,1.37434,1.37422,0.0012,0.00372
16.09.2025 17:45:56.025 UTC,1.37434,1.37422,0.0012,0.00177
16.09.2025 17:45:56.532 UTC,1.37432,1.37423,0.0012,0.00116
16.09.2025 17:46:00.487 UTC,1.37433,1.37421,0.0012,0.00192
16.09.2025 17:46:02.101 UTC,1.37432,1.37422,0.0012,0.00116
16.09.2025 17:46:02.610 UTC,1.37433,1.37421,0.0012,0.00116
16.09.2025 17:46:03.166 UTC,1.37432,1.37422,0.0012,0.00116
16.09.2025 17:46:07.795 UTC,1.37432,1.37422,0.0012,0.00192
16.09.2025 17:46:08.837 UTC,1.37433,1.37421,0.0012,0.00192
16.09.2025 17:46:09.746 UTC,1.37433,1.37421,0.0012,0.00177
16.09.2025 17:46:09.898 UTC,1.37432,1.37422,0.0012,0.00192
16.09.2025 17:46:14.782 UTC,1.37432,1.37422,0.0012,0.00116
16.09.2025 17:46:15.689 UTC,1.37433,1.37421,0.0012,0.00116
16.09.2025 17:46:15.842 UTC,1.37432,1.37422,0.0012,0.00116
16.09.2025 17:46:16.094 UTC,1.37433,1.37421,0.0012,0.00116
16.09.2025 17:46:19.840 UTC,1.37431,1.37421,0.0012,0.00116
16.09.2025 17:46:25.885 UTC,1.3743,1.3742,0.0012,0.00116
16.09.2025 17:46:25.989 UTC,1.37429,1.37419,0.0012,0.00281
16.09.2025 17:46:26.042 UTC,1.37428,1.37417,0.0012,0.00116
16.09.2025 17:46:26.607 UTC,1.37429,1.37418,0.0012,0.00116
16.09.2025 17:46:26.962 UTC,1.37429,1.37419,0.0012,0.0012
16.09.2025 17:46:27.065 UTC,1.37428,1.37421,0.0012,0.0012
16.09.2025 17:46:29.318 UTC,1.37428,1.37419,0.0012,0.00116
16.09.2025 17:46:29.421 UTC,1.37429,1.37419,0.0012,0.0012
16.09.2025 17:46:30.082 UTC,1.37429,1.37418,0.0012,0.00132
16.09.2025 17:46:30.186 UTC,1.37428,1.37417,0.0012,0.00116
16.09.2025 17:46:30.289 UTC,1.37427,1.37418,0.0012,0.00116
16.09.2025 17:46:30.391 UTC,1.37428,1.37417,0.0012,0.00192
16.09.2025 17:46:30.794 UTC,1.37428,1.37417,0.0012,0.00177
16.09.2025 17:46:31.703 UTC,1.37428,1.37417,0.0012,0.00192
16.09.2025 17:46:32.511 UTC,1.37429,1.37418,0.0012,0.00116
16.09.2025 17:46:34.537 UTC,1.3743,1.37419,0.0012,0.00177
16.09.2025 17:46:35.444 UTC,1.3743,1.37419,0.0012,0.00192
16.09.2025 17:46:40.627 UTC,1.37429,1.3742,0.0012,0.00116
16.09.2025 17:46:41.082 UTC,1.3743,1.37419,0.0012,0.00116
16.09.2025 17:46:44.363 UTC,1.3743,1.3742,0.0012,0.00116
16.09.2025 17:46:45.167 UTC,1.37429,1.37421,0.0012,0.00116
16.09.2025 17:46:45.269 UTC,1.37431,1.3742,0.0012,0.00116
16.09.2025 17:46:45.322 UTC,1.37431,1.3742,0.0012,0.00192
16.09.2025 17:46:45.484 UTC,1.37431,1.37424,0.0012,0.00116
16.09.2025 17:46:46.249 UTC,1.37432,1.37423,0.0012,0.00116
16.09.2025 17:46:47.309 UTC,1.37432,1.37422,0.0012,0.00116
16.09.2025 17:46:55.400 UTC,1.37433,1.37422,0.0012,0.00116
16.09.2025 17:46:56.007 UTC,1.37431,1.37421,0.0012,0.00116
16.09.2025 17:46:58.174 UTC,1.3743,1.37419,0.0012,0.00371
16.09.2025 17:46:58.276 UTC,1.3743,1.37419,0.0012,0.00372
16.09.2025 17:46:58.733 UTC,1.3743,1.3742,0.0012,0.00192
16.09.2025 17:47:06.122 UTC,1.37429,1.37418,0.0012,0.00191
16.09.2025 17:47:06.224 UTC,1.37429,1.37418,0.0012,0.00116
16.09.2025 17:47:06.277 UTC,1.37429,1.37418,0.0012,0.00192
16.09.2025 17:47:07.746 UTC,1.37428,1.37418,0.00132,0.00116
16.09.2025 17:47:07.849 UTC,1.37429,1.37417,0.0012,0.00177
16.09.2025 17:47:07.952 UTC,1.37428,1.37418,0.0012,0.00192
16.09.2025 17:47:08.257 UTC,1.37429,1.37417,0.0012,0.00177
16.09.2025 17:47:08.762 UTC,1.37429,1.37417,0.0012,0.00192
16.09.2025 17:47:09.218 UTC,1.37428,1.37419,0.0012,0.00116
16.09.2025 17:47:10.380 UTC,1.37429,1.37418,0.0012,0.00177
16.09.2025 17:47:10.887 UTC,1.3743,1.37418,0.0012,0.00116
16.09.2025 17:47:13.209 UTC,1.37431,1.3742,0.0012,0.00116
16.09.2025 17:47:16.918 UTC,1.37431,1.3742,0.0012,0.00177
16.09.2025 17:47:17.121 UTC,1.3743,1.37421,0.0012,0.00192
16.09.2025 17:47:17.232 UTC,1.37429,1.3742,0.0012,0.00132
16.09.2025 17:47:17.335 UTC,1.37429,1.37417,0.0012,0.00192
16.09.2025 17:47:18.247 UTC,1.37429,1.37417,0.0012,0.00116
16.09.2025 17:47:19.710 UTC,1.37428,1.37417,0.0012,0.00116
16.09.2025 17:47:20.117 UTC,1.37427,1.37417,0.00132,0.00116
16.09.2025 17:47:20.169 UTC,1.37425,1.37416,0.0012,0.00116
16.09.2025 17:47:20.527 UTC,1.37425,1.37414,0.0012,0.00116
16.09.2025 17:47:20.836 UTC,1.37427,1.37414,0.00132,0.00177
16.09.2025 17:47:20.888 UTC,1.37424,1.37415,0.0012,0.00116
16.09.2025 17:47:20.990 UTC,1.37425,1.37414,0.0012,0.00116
16.09.2025 17:47:21.854 UTC,1.37426,1.37417,0.0012,0.00116
16.09.2025 17:47:23.219 UTC,1.37427,1.37417,0.0012,0.00116
16.09.2025 17:47:24.985 UTC,1.37428,1.37417,0.0012,0.00116
16.09.2025 17:47:28.909 UTC,1.37429,1.37417,0.0018,0.00116
16.09.2025 17:47:29.116 UTC,1.3743,1.37417,0.0012,0.00372
16.09.2025 17:47:29.269 UTC,1.37429,1.3742,0.0012,0.0018
16.09.2025 17:47:31.538 UTC,1.37431,1.37419,0.0012,0.00192
16.09.2025 17:47:32.858 UTC,1.37431,1.37419,0.00132,0.00192
16.09.2025 17:47:34.323 UTC,1.3743,1.3742,0.00132,0.00192
16.09.2025 17:47:35.077 UTC,1.37431,1.37419,0.00132,0.00192
16.09.2025 17:47:37.577 UTC,1.37431,1.37419,0.0012,0.00192
16.09.2025 17:47:37.679 UTC,1.3743,1.3742,0.0012,0.00192
16.09.2025 17:47:37.982 UTC,1.3743,1.37421,0.0012,0.00116
16.09.2025 17:47:41.005 UTC,1.37431,1.3742,0.00132,0.00116
16.09.2025 17:47:41.109 UTC,1.37429,1.37418,0.0012,0.00116
16.09.2025 17:47:43.030 UTC,1.37428,1.37419,0.0012,0.00192
16.09.2025 17:47:43.132 UTC,1.3743,1.37419,0.0012,0.00116
16.09.2025 17:47:44.139 UTC,1.37429,1.3742,0.0012,0.00116
16.09.2025 17:47:51.242 UTC,1.37431,1.37419,0.0012,0.00116
16.09.2025 17:47:52.050 UTC,1.37431,1.3742,0.0012,0.00116
16.09.2025 17:47:55.404 UTC,1.37429,1.3742,0.0012,0.00116
16.09.2025 17:48:02.147 UTC,1.3743,1.37419,0.0012,0.00116
16.09.2025 17:48:03.562 UTC,1.37429,1.3742,0.0012,0.00116
16.09.2025 17:48:04.667 UTC,1.3743,1.37419,0.0012,0.00116
16.09.2025 17:48:06.154 UTC,1.37431,1.37419,0.0012,0.00116
16.09.2025 17:48:11.856 UTC,1.3743,1.3742,0.0012,0.00116
16.09.2025 17:48:14.106 UTC,1.37431,1.37419,0.0012,0.00116
16.09.2025 17:48:15.216 UTC,1.37431,1.37419,0.0012,0.0018
16.09.2025 17:48:16.027 UTC,1.37431,1.37419,0.0012,0.00135
16.09.2025 17:48:16.182 UTC,1.37431,1.37418,0.0012,0.00462
16.09.2025 17:48:16.989 UTC,1.3743,1.37419,0.0012,0.00462
16.09.2025 17:48:17.243 UTC,1.37431,1.37418,0.0012,0.00282
16.09.2025 17:48:20.066 UTC,1.37429,1.37419,0.0012,0.00192
16.09.2025 17:48:20.930 UTC,1.3743,1.37418,0.0012,0.00192
16.09.2025 17:48:20.982 UTC,1.37429,1.37419,0.0012,0.00192
16.09.2025 17:48:21.591 UTC,1.3743,1.37418,0.0012,0.00192
16.09.2025 17:48:29.393 UTC,1.3743,1.37417,0.0012,0.00267
16.09.2025 17:48:29.497 UTC,1.37429,1.37417,0.0012,0.00135
16.09.2025 17:48:29.651 UTC,1.37429,1.37417,0.0012,0.00192
16.09.2025 17:48:33.611 UTC,1.37428,1.37418,0.0012,0.00201
16.09.2025 17:48:34.216 UTC,1.37429,1.37417,0.0012,0.00201
16.09.2025 17:48:35.329 UTC,1.37429,1.37418,0.0012,0.0018
16.09.2025 17:48:35.431 UTC,1.37429,1.37418,0.0012,0.00192
16.09.2025 17:48:38.001 UTC,1.37429,1.37419,0.0012,0.00192
16.09.2025 17:48:38.558 UTC,1.3743,1.37418,0.0012,0.00192
16.09.2025 17:48:40.068 UTC,1.37429,1.3742,0.0012,0.00116
16.09.2025 17:48:42.636 UTC,1.37431,1.3742,0.0012,0.00116
16.09.2025 17:48:44.367 UTC,1.3743,1.37419,0.0012,0.00116
16.09.2025 17:48:44.470 UTC,1.37429,1.37418,0.0012,0.00116
16.09.2025 17:48:44.672 UTC,1.37429,1.37416,0.0012,0.00372
16.09.2025 17:48:45.028 UTC,1.37428,1.37416,0.0012,0.00372
16.09.2025 17:48:45.133 UTC,1.37422,1.3741,0.0018,0.00252
16.09.2025 17:48:45.237 UTC,1.37422,1.37409,0.0012,0.0029
16.09.2025 17:48:46.761 UTC,1.37422,1.37411,0.0012,0.00116
16.09.2025 17:48:50.499 UTC,1.37421,1.3741,0.0012,0.00116
16.09.2025 17:48:50.601 UTC,1.37421,1.37409,0.0012,0.00116
16.09.2025 17:48:53.705 UTC,1.3742,1.3741,0.0012,0.00116
16.09.2025 17:48:54.007 UTC,1.37421,1.37409,0.0012,0.00116
16.09.2025 17:48:54.972 UTC,1.37422,1.3741,0.0018,0.00116
16.09.2025 17:48:57.048 UTC,1.37422,1.37411,0.0018,0.00116
16.09.2025 17:48:57.151 UTC,1.37421,1.37412,0.0018,0.00116
16.09.2025 17:48:59.173 UTC,1.37422,1.37411,0.0018,0.00116
16.09.2025 17:49:00.386 UTC,1.3742,1.3741,0.0012,0.00116
16.09.2025 17:49:02.456 UTC,1.37419,1.37409,0.0012,0.00116
16.09.2025 17:49:04.024 UTC,1.37419,1.37408,0.0012,0.00116
16.09.2025 17:49:04.127 UTC,1.37419,1.37407,0.0012,0.00116
16.09.2025 17:49:05.187 UTC,1.37418,1.37408,0.0012,0.00177
16.09.2025 17:49:05.341 UTC,1.37419,1.37407,0.0012,0.00192
16.09.2025 17:49:07.566 UTC,1.37419,1.37407,0.0012,0.00116
16.09.2025 17:49:07.669 UTC,1.37417,1.37408,0.0012,0.00116
16.09.2025 17:49:11.412 UTC,1.37415,1.37405,0.0012,0.00116
16.09.2025 17:49:11.566 UTC,1.37417,1.37407,0.0012,0.00186
16.09.2025 17:49:11.670 UTC,1.37417,1.37407,0.0012,0.002
16.09.2025 17:49:13.442 UTC,1.37418,1.37406,0.0012,0.00291
16.09.2025 17:49:14.247 UTC,1.37417,1.37407,0.0012,0.00201
16.09.2025 17:49:15.007 UTC,1.37418,1.37405,0.0012,0.00191
16.09.2025 17:49:15.871 UTC,1.37418,1.37406,0.0012,0.00128
16.09.2025 17:49:21.644 UTC,1.37417,1.37408,0.0012,0.00192
16.09.2025 17:49:21.746 UTC,1.37418,1.37407,0.0012,0.00177
16.09.2025 17:49:22.051 UTC,1.37417,1.37408,0.0012,0.00192
16.09.2025 17:49:23.163 UTC,1.37418,1.37407,0.0012,0.00132
16.09.2025 17:49:26.250 UTC,1.3742,1.3741,0.0012,0.0012
16.09.2025 17:49:26.303 UTC,1.37423,1.3741,0.00138,0.0018
16.09.2025 17:49:26.405 UTC,1.37423,1.37411,0.0012,0.00116
16.09.2025 17:49:27.065 UTC,1.37424,1.37411,0.0012,0.00116
16.09.2025 17:49:27.168 UTC,1.37423,1.37412,0.0012,0.00191
16.09.2025 17:49:27.680 UTC,1.37423,1.37412,0.00132,0.00116
16.09.2025 17:49:28.343 UTC,1.37424,1.37411,0.0012,0.00116
16.09.2025 17:49:30.924 UTC,1.37425,1.37413,0.00189,0.00116
16.09.2025 17:49:31.027 UTC,1.37425,1.37413,0.00132,0.00116
16.09.2025 17:49:32.041 UTC,1.37424,1.37414,0.00132,0.00116
16.09.2025 17:49:38.319 UTC,1.37424,1.37414,0.00189,0.00116
16.09.2025 17:49:38.626 UTC,1.37425,1.37412,0.00189,0.00225
16.09.2025 17:49:39.031 UTC,1.37425,1.37411,0.00189,0.00462
16.09.2025 17:49:45.882 UTC,1.37424,1.37412,0.0012,0.00116
16.09.2025 17:49:47.097 UTC,1.37425,1.37412,0.00189,0.00116
16.09.2025 17:49:48.105 UTC,1.37424,1.37412,0.0012,0.00116
16.09.2025 17:49:51.892 UTC,1.37423,1.37414,0.0012,0.00116
16.09.2025 17:49:52.649 UTC,1.37424,1.37413,0.0012,0.00116
16.09.2025 17:49:52.752 UTC,1.37424,1.37414,0.0018,0.00116
16.09.2025 17:49:54.218 UTC,1.37425,1.37413,0.0012,0.00116
16.09.2025 17:49:54.669 UTC,1.37423,1.37415,0.0012,0.00116
16.09.2025 17:49:56.283 UTC,1.37425,1.37413,0.0018,0.00116
16.09.2025 17:49:56.488 UTC,1.37424,1.37412,0.0012,0.00116
16.09.2025 17:49:56.591 UTC,1.37424,1.37412,0.0018,0.00116
16.09.2025 17:50:00.674 UTC,1.37424,1.37411,0.00192,0.00116
16.09.2025 17:50:05.560 UTC,1.37424,1.37412,0.0018,0.00116
16.09.2025 17:50:13.019 UTC,1.37423,1.37413,0.00189,0.00116
16.09.2025 17:50:13.859 UTC,1.37424,1.37412,0.00189,0.00116
16.09.2025 17:50:15.927 UTC,1.37424,1.37412,0.0018,0.00116
16.09.2025 17:50:19.763 UTC,1.37424,1.37412,0.0012,0.00116
16.09.2025 17:50:19.866 UTC,1.37424,1.37411,0.0012,0.00462
16.09.2025 17:50:25.617 UTC,1.37423,1.37413,0.00132,0.00116
16.09.2025 17:50:28.586 UTC,1.37424,1.37412,0.00132,0.00116
16.09.2025 17:50:29.142 UTC,1.37423,1.37413,0.00132,0.00116
16.09.2025 17:50:30.556 UTC,1.37423,1.37414,0.0012,0.00116
16.09.2025 17:50:30.711 UTC,1.37425,1.37412,0.0012,0.00192
16.09.2025 17:50:33.239 UTC,1.37424,1.37414,0.0012,0.00177
16.09.2025 17:50:33.898 UTC,1.37425,1.37413,0.0012,0.00192
16.09.2025 17:50:36.733 UTC,1.37425,1.37413,0.0012,0.00116
16.09.2025 17:50:38.800 UTC,1.37427,1.37419,0.0012,0.0012
16.09.2025 17:50:38.855 UTC,1.37431,1.37418,0.0012,0.00234
16.09.2025 17:50:38.908 UTC,1.37432,1.3742,0.0012,0.0012
16.09.2025 17:50:51.499 UTC,1.37434,1.3742,0.0012,0.00429
16.09.2025 17:50:51.756 UTC,1.37434,1.37421,0.0018,0.00192
16.09.2025 17:50:52.011 UTC,1.37432,1.37422,0.0012,0.00177
16.09.2025 17:50:53.117 UTC,1.37432,1.37422,0.0012,0.00192
16.09.2025 17:50:54.931 UTC,1.37433,1.37421,0.0012,0.00177
16.09.2025 17:50:55.032 UTC,1.37433,1.37421,0.0012,0.00192
16.09.2025 17:50:57.793 UTC,1.37433,1.37421,0.0012,0.00116
16.09.2025 17:50:57.948 UTC,1.37431,1.37421,0.0012,0.00116
16.09.2025 17:50:58.052 UTC,1.3743,1.37418,0.0012,0.00116
16.09.2025 17:50:59.067 UTC,1.37429,1.37416,0.0018,0.00176
16.09.2025 17:50:59.170 UTC,1.37428,1.37414,0.0012,0.00191
16.09.2025 17:50:59.325 UTC,1.37425,1.37414,0.0012,0.00191
16.09.2025 17:50:59.429 UTC,1.37424,1.37414,0.0012,0.00116
16.09.2025 17:51:00.344 UTC,1.37425,1.37414,0.0018,0.00192
16.09.2025 17:51:00.499 UTC,1.37427,1.37414,0.0012,0.00267
16.09.2025 17:51:00.602 UTC,1.37426,1.37416,0.0012,0.00116
16.09.2025 17:51:00.654 UTC,1.37429,1.37415,0.0012,0.00177
16.09.2025 17:51:00.860 UTC,1.3743,1.37416,0.0018,0.00144
16.09.2025 17:51:00.963 UTC,1.3743,1.37417,0.0012,0.00132
16.09.2025 17:51:07.506 UTC,1.37429,1.37415,0.0012,0.00281
16.09.2025 17:51:07.558 UTC,1.37427,1.37416,0.0012,0.00116
16.09.2025 17:51:07.661 UTC,1.37426,1.37416,0.0012,0.00116
16.09.2025 17:51:09.035 UTC,1.37429,1.37417,0.0012,0.0012
16.09.2025 17:51:09.139 UTC,1.37429,1.37418,0.0012,0.0012
16.09.2025 17:51:24.346 UTC,1.37428,1.37417,0.0018,0.00267
16.09.2025 17:51:24.398 UTC,1.37427,1.37416,0.0012,0.00116
16.09.2025 17:51:24.501 UTC,1.37427,1.37415,0.0012,0.00116
16.09.2025 17:51:24.861 UTC,1.37428,1.37417,0.0012,0.00267
16.09.2025 17:51:25.015 UTC,1.37429,1.37416,0.0012,0.00291
16.09.2025 17:51:25.116 UTC,1.37429,1.37417,0.0012,0.00116
16.09.2025 17:51:30.452 UTC,1.37429,1.37419,0.0012,0.00116
16.09.2025 17:51:32.617 UTC,1.37429,1.37417,0.0012,0.00191
16.09.2025 17:51:33.126 UTC,1.37429,1.37418,0.0012,0.00116
16.09.2025 17:51:33.230 UTC,1.3743,1.37419,0.00132,0.00116
16.09.2025 17:51:33.333 UTC,1.37431,1.37418,0.00132,0.00192
16.09.2025 17:51:33.637 UTC,1.37431,1.37419,0.00132,0.00116
16.09.2025 17:51:39.419 UTC,1.37432,1.3742,0.0012,0.00116
16.09.2025 17:51:41.303 UTC,1.3743,1.37419,0.0012,0.00116
16.09.2025 17:51:41.406 UTC,1.3743,1.37418,0.0012,0.00116
16.09.2025 17:51:41.612 UTC,1.3743,1.37418,0.0012,0.00128
16.09.2025 17:51:41.663 UTC,1.37432,1.37419,0.0012,0.00116
16.09.2025 17:51:46.251 UTC,1.37433,1.37419,0.0012,0.00201
16.09.2025 17:51:48.718 UTC,1.37434,1.37421,0.0018,0.0018
16.09.2025 17:51:49.023 UTC,1.37433,1.37422,0.0018,0.00135
16.09.2025 17:51:49.126 UTC,1.37433,1.37421,0.0012,0.00135
16.09.2025 17:51:54.323 UTC,1.37432,1.3742,0.0018,0.00291
16.09.2025 17:51:54.476 UTC,1.37433,1.37419,0.0018,0.00291
16.09.2025 17:51:54.830 UTC,1.37432,1.3742,0.0018,0.00201
16.09.2025 17:51:54.933 UTC,1.37433,1.3742,0.0018,0.00116
16.09.2025 17:52:00.744 UTC,1.37432,1.37421,0.0018,0.00116
16.09.2025 17:52:01.147 UTC,1.37433,1.3742,0.0018,0.00116
16.09.2025 17:52:02.106 UTC,1.3743,1.37421,0.0012,0.00116
16.09.2025 17:52:02.211 UTC,1.37429,1.37416,0.0018,0.00191
16.09.2025 17:52:02.263 UTC,1.37428,1.37417,0.0018,0.00177
16.09.2025 17:52:02.875 UTC,1.37429,1.37416,0.0012,0.002
16.09.2025 17:52:02.976 UTC,1.37428,1.37417,0.0012,0.00186
16.09.2025 17:52:04.139 UTC,1.37431,1.37417,0.0018,0.00132
16.09.2025 17:52:04.446 UTC,1.3743,1.37418,0.0012,0.00291
16.09.2025 17:52:04.753 UTC,1.37432,1.37419,0.0012,0.00177
16.09.2025 17:52:06.971 UTC,1.37432,1.37421,0.0018,0.00135
16.09.2025 17:52:07.074 UTC,1.37432,1.3742,0.0012,0.00135
16.09.2025 17:52:07.428 UTC,1.37431,1.37421,0.0012,0.00192
16.09.2025 17:52:07.531 UTC,1.37432,1.3742,0.0012,0.00177
16.09.2025 17:52:08.470 UTC,1.37432,1.3742,0.0012,0.00192
16.09.2025 17:52:08.573 UTC,1.37433,1.37421,0.0012,0.00135
16.09.2025 17:52:08.675 UTC,1.37434,1.37421,0.0018,0.00135
16.09.2025 17:52:09.687 UTC,1.37432,1.37421,0.0012,0.00177
16.09.2025 17:52:16.119 UTC,1.37432,1.37421,0.0012,0.0018
16.09.2025 17:52:17.050 UTC,1.37433,1.37421,0.0012,0.00135
16.09.2025 17:52:17.157 UTC,1.37432,1.37422,0.0012,0.0018
16.09.2025 17:52:17.562 UTC,1.37433,1.37421,0.0012,0.00135
16.09.2025 17:52:18.623 UTC,1.37433,1.37421,0.0012,0.0018
16.09.2025 17:52:20.534 UTC,1.37433,1.3742,0.0018,0.00201
16.09.2025 17:52:20.637 UTC,1.37432,1.3742,0.0012,0.00201
16.09.2025 17:52:20.942 UTC,1.37431,1.37421,0.0012,0.00201
16.09.2025 17:52:28.278 UTC,1.37432,1.3742,0.0012,0.00192
16.09.2025 17:52:32.508 UTC,1.37432,1.3742,0.0012,0.00177
16.09.2025 17:52:32.962 UTC,1.37431,1.37421,0.0012,0.00192
16.09.2025 17:52:39.401 UTC,1.37432,1.3742,0.0012,0.00177
16.09.2025 17:52:39.506 UTC,1.37431,1.37418,0.00225,0.00116
16.09.2025 17:52:39.558 UTC,1.37431,1.37417,0.0027,0.00192
16.09.2025 17:52:39.764 UTC,1.37431,1.37417,0.0012,0.00471
16.09.2025 17:52:39.867 UTC,1.37432,1.37418,0.0012,0.00192
16.09.2025 17:52:43.091 UTC,1.37432,1.37419,0.0012,0.00116
16.09.2025 17:52:44.942 UTC,1.37431,1.3742,0.0012,0.00116
16.09.2025 17:52:46.108 UTC,1.37432,1.37419,0.0012,0.00116
16.09.2025 17:52:55.545 UTC,1.37432,1.37419,0.0018,0.00116
16.09.2025 17:52:56.505 UTC,1.37432,1.37419,0.0018,0.00192
16.09.2025 17:52:58.573 UTC,1.37431,1.3742,0.0018,0.00192
16.09.2025 17:52:58.927 UTC,1.37432,1.37419,0.0018,0.00192
16.09.2025 17:52:59.385 UTC,1.37431,1.3742,0.0018,0.00192
16.09.2025 17:52:59.889 UTC,1.37432,1.37419,0.0018,0.00201
16.09.2025 17:53:01.153 UTC,1.37431,1.3742,0.0018,0.00192
16.09.2025 17:53:02.010 UTC,1.37432,1.37419,0.0018,0.00192
16.09.2025 17:53:05.898 UTC,1.37433,1.3742,0.0018,0.0018
16.09.2025 17:53:07.354 UTC,1.37431,1.3742,0.0018,0.00177
16.09.2025 17:53:10.186 UTC,1.37431,1.37417,0.0012,0.00191
16.09.2025 17:53:10.290 UTC,1.3743,1.37418,0.0012,0.00132
16.09.2025 17:53:15.273 UTC,1.3743,1.37418,0.0012,0.00201
16.09.2025 17:53:16.177 UTC,1.3743,1.37418,0.0012,0.00186
16.09.2025 17:53:17.481 UTC,1.37431,1.37417,0.0012,0.00201
16.09.2025 17:53:18.206 UTC,1.3743,1.37418,0.0012,0.00186
16.09.2025 17:53:19.215 UTC,1.37431,1.37417,0.0018,0.00201
16.09.2025 17:53:20.327 UTC,1.37431,1.37417,0.0018,0.00186
16.09.2025 17:53:20.782 UTC,1.37431,1.37417,0.0012,0.00201
16.09.2025 17:53:21.690 UTC,1.37429,1.37417,0.00135,0.00236
16.09.2025 17:53:21.743 UTC,1.37428,1.37415,0.0012,0.00281
16.09.2025 17:53:21.847 UTC,1.37427,1.37416,0.0018,0.00141
16.09.2025 17:53:24.276 UTC,1.3743,1.37416,0.00315,0.00132
16.09.2025 17:53:27.993 UTC,1.3743,1.37416,0.0018,0.00237
16.09.2025 17:53:28.045 UTC,1.3743,1.37418,0.0012,0.00249
16.09.2025 17:53:28.097 UTC,1.37432,1.37421,0.00288,0.00132
16.09.2025 17:53:28.201 UTC,1.37433,1.3742,0.0018,0.00132
16.09.2025 17:53:28.356 UTC,1.37433,1.3742,0.0018,0.00201
16.09.2025 17:53:29.212 UTC,1.37432,1.37421,0.0018,0.00186
16.09.2025 17:53:29.416 UTC,1.37432,1.37422,0.0012,0.0012
16.09.2025 17:53:32.441 UTC,1.37434,1.37421,0.0018,0.00135
16.09.2025 17:53:34.153 UTC,1.37433,1.37421,0.0012,0.00135
16.09.2025 17:53:36.893 UTC,1.37432,1.37424,0.0012,0.0018
16.09.2025 17:53:36.949 UTC,1.37436,1.37423,0.00228,0.00249
16.09.2025 17:53:37.052 UTC,1.37437,1.37424,0.0027,0.00191
16.09.2025 17:53:37.408 UTC,1.37438,1.37428,0.0012,0.00132
16.09.2025 17:53:37.512 UTC,1.37439,1.37429,0.0012,0.00132
16.09.2025 17:53:37.616 UTC,1.37441,1.37428,0.0012,0.00231
16.09.2025 17:53:37.929 UTC,1.37442,1.37429,0.0027,0.00132
16.09.2025 17:53:38.084 UTC,1.37442,1.37429,0.0018,0.00188
16.09.2025 17:53:55.084 UTC,1.37444,1.37432,0.0018,0.00135
16.09.2025 17:53:55.188 UTC,1.37445,1.37432,0.0018,0.00177
16.09.2025 17:53:56.403 UTC,1.37443,1.37432,0.0012,0.00132
16.09.2025 17:53:57.924 UTC,1.37443,1.37431,0.0012,0.00116
16.09.2025 17:53:59.392 UTC,1.37443,1.37431,0.0012,0.00128
16.09.2025 17:54:02.663 UTC,1.37442,1.37432,0.0012,0.00128
16.09.2025 17:54:12.019 UTC,1.37443,1.37431,0.0012,0.00128
16.09.2025 17:54:12.071 UTC,1.37445,1.37432,0.0018,0.00132
16.09.2025 17:54:12.174 UTC,1.37442,1.37433,0.0012,0.00135
16.09.2025 17:54:13.236 UTC,1.37443,1.37433,0.0012,0.00135
16.09.2025 17:54:16.563 UTC,1.37442,1.37431,0.0018,0.00371
16.09.2025 17:54:16.666 UTC,1.37443,1.3743,0.0018,0.00177
16.09.2025 17:54:16.870 UTC,1.37442,1.37431,0.0018,0.00189
16.09.2025 17:54:19.542 UTC,1.37442,1.3743,0.0012,0.00204
16.09.2025 17:54:19.645 UTC,1.37442,1.37432,0.0012,0.00132
16.09.2025 17:54:19.698 UTC,1.37445,1.37433,0.0018,0.00147
16.09.2025 17:54:19.884 UTC,1.37447,1.37434,0.0012,0.00147
16.09.2025 17:54:20.844 UTC,1.37447,1.37435,0.0012,0.00147
16.09.2025 17:54:20.946 UTC,1.37447,1.37436,0.0012,0.00147
16.09.2025 17:54:21.050 UTC,1.37446,1.37435,0.0012,0.00188
16.09.2025 17:54:21.917 UTC,1.37447,1.37434,0.0018,0.00189
16.09.2025 17:54:22.577 UTC,1.37447,1.37434,0.0018,0.00204
16.09.2025 17:54:22.833 UTC,1.37447,1.37437,0.0012,0.00132
16.09.2025 17:54:22.937 UTC,1.37448,1.37437,0.0018,0.00147
16.09.2025 17:54:24.905 UTC,1.37448,1.37436,0.0012,0.00144
16.09.2025 17:54:25.058 UTC,1.37448,1.37435,0.0018,0.00128
16.09.2025 17:54:25.111 UTC,1.37446,1.37434,0.0012,0.00128
16.09.2025 17:54:25.213 UTC,1.37445,1.37434,0.0012,0.00128
16.09.2025 17:54:25.367 UTC,1.37448,1.37434,0.0027,0.00189
16.09.2025 17:54:25.876 UTC,1.37447,1.37436,0.0018,0.00116
16.09.2025 17:54:25.978 UTC,1.37447,1.37435,0.0012,0.00116
16.09.2025 17:54:27.593 UTC,1.37448,1.37435,0.0012,0.00282
16.09.2025 17:54:29.031 UTC,1.37447,1.37434,0.0012,0.00188
16.09.2025 17:54:29.136 UTC,1.37447,1.37433,0.00135,0.00176
16.09.2025 17:54:29.238 UTC,1.37445,1.37434,0.0012,0.00176
16.09.2025 17:54:29.844 UTC,1.37446,1.37435,0.0012,0.00132
16.09.2025 17:54:29.896 UTC,1.37447,1.37436,0.0012,0.00132
16.09.2025 17:54:35.085 UTC,1.37444,1.37433,0.00135,0.0012
16.09.2025 17:54:35.138 UTC,1.37442,1.37431,0.0018,0.00144
16.09.2025 17:54:35.190 UTC,1.37443,1.3743,0.0018,0.00249
16.09.2025 17:54:35.294 UTC,1.37443,1.3743,0.0012,0.00249
16.09.2025 17:54:47.164 UTC,1.37442,1.3743,0.0012,0.00116
16.09.2025 17:54:47.267 UTC,1.3744,1.37429,0.0012,0.00462
16.09.2025 17:54:47.471 UTC,1.37441,1.37428,0.0012,0.00462
16.09.2025 17:54:47.875 UTC,1.37441,1.37428,0.0012,0.00177
16.09.2025 17:54:48.832 UTC,1.37442,1.37429,0.0027,0.00135
16.09.2025 17:54:49.089 UTC,1.37441,1.3743,0.0027,0.00192
16.09.2025 17:54:49.499 UTC,1.37443,1.3743,0.0012,0.00135
16.09.2025 17:54:49.705 UTC,1.37443,1.3743,0.0012,0.00192
16.09.2025 17:54:49.807 UTC,1.37443,1.3743,0.0018,0.00267
16.09.2025 17:54:49.909 UTC,1.37443,1.3743,0.0018,0.00282
16.09.2025 17:54:50.212 UTC,1.37442,1.37431,0.0018,0.00267
16.09.2025 17:54:50.769 UTC,1.37442,1.37431,0.0012,0.0018
16.09.2025 17:54:51.424 UTC,1.37443,1.3743,0.0012,0.00135
16.09.2025 17:54:52.488 UTC,1.37441,1.3743,0.0012,0.00135
16.09.2025 17:54:53.752 UTC,1.37442,1.37429,0.0012,0.0018
16.09.2025 17:54:53.854 UTC,1.37442,1.37429,0.0012,0.00135
16.09.2025 17:54:53.958 UTC,1.37441,1.3743,0.0012,0.0018
16.09.2025 17:54:54.060 UTC,1.37442,1.37429,0.0012,0.00135
16.09.2025 17:54:57.276 UTC,1.37442,1.37429,0.0012,0.0018
16.09.2025 17:54:57.633 UTC,1.37442,1.37429,0.0012,0.0012
16.09.2025 17:54:58.245 UTC,1.37442,1.37432,0.0012,0.00132
16.09.2025 17:54:58.350 UTC,1.37448,1.37437,0.0012,0.00132
16.09.2025 17:54:59.824 UTC,1.3745,1.37437,0.0012,0.0012
16.09.2025 17:55:02.808 UTC,1.37448,1.37437,0.0012,0.00132
16.09.2025 17:55:02.962 UTC,1.37449,1.37436,0.0012,0.0018
16.09.2025 17:55:04.477 UTC,1.37449,1.37436,0.0012,0.00177
16.09.2025 17:55:06.141 UTC,1.37449,1.37436,0.0012,0.00192
16.09.2025 17:55:06.345 UTC,1.37448,1.37438,0.0012,0.00116
16.09.2025 17:55:06.650 UTC,1.3745,1.37438,0.0012,0.00192
16.09.2025 17:55:06.751 UTC,1.37451,1.37437,0.0012,0.00177
16.09.2025 17:55:07.044 UTC,1.37451,1.37437,0.0012,0.00192
16.09.2025 17:55:08.155 UTC,1.3745,1.37438,0.0012,0.00177
16.09.2025 17:55:08.659 UTC,1.37451,1.37437,0.0012,0.00192
16.09.2025 17:55:09.011 UTC,1.37451,1.37437,0.0012,0.00177
16.09.2025 17:55:12.387 UTC,1.3745,1.37438,0.0012,0.00192
16.09.2025 17:55:12.489 UTC,1.37449,1.37436,0.0012,0.00281
16.09.2025 17:55:12.643 UTC,1.37449,1.37436,0.0012,0.00177
16.09.2025 17:55:12.949 UTC,1.37448,1.37435,0.0018,0.00191
16.09.2025 17:55:13.052 UTC,1.37447,1.37435,0.0012,0.00191
16.09.2025 17:55:13.256 UTC,1.37447,1.37436,0.0018,0.00176
16.09.2025 17:55:17.094 UTC,1.37447,1.37434,0.0018,0.00236
16.09.2025 17:55:17.197 UTC,1.37446,1.37433,0.0012,0.00177
16.09.2025 17:55:18.204 UTC,1.37446,1.37433,0.0012,0.00201
16.09.2025 17:55:18.407 UTC,1.37446,1.37433,0.0012,0.00177
16.09.2025 17:55:18.867 UTC,1.37444,1.37434,0.0012,0.00116
16.09.2025 17:55:18.970 UTC,1.37445,1.37432,0.0018,0.00177
16.09.2025 17:55:19.928 UTC,1.37445,1.37432,0.0018,0.00192
16.09.2025 17:55:20.683 UTC,1.37445,1.37432,0.0018,0.00177
16.09.2025 17:55:24.001 UTC,1.37443,1.37432,0.0012,0.00116
16.09.2025 17:55:24.859 UTC,1.37443,1.37431,0.00132,0.002
16.09.2025 17:55:25.464 UTC,1.37442,1.37432,0.00132,0.00191
16.09.2025 17:55:25.566 UTC,1.37442,1.37433,0.00132,0.00116
16.09.2025 17:55:25.668 UTC,1.37442,1.37432,0.00132,0.00191
16.09.2025 17:55:26.276 UTC,1.37443,1.37432,0.00132,0.00128
16.09.2025 17:55:27.139 UTC,1.37443,1.37432,0.00132,0.00116
16.09.2025 17:55:27.899 UTC,1.37443,1.37431,0.00132,0.00132
16.09.2025 17:55:28.004 UTC,1.37442,1.37431,0.00132,0.00177
16.09.2025 17:55:28.210 UTC,1.37442,1.37431,0.00192,0.00192
16.09.2025 17:55:28.362 UTC,1.37443,1.3743,0.00192,0.00132
16.09.2025 17:55:29.980 UTC,1.37442,1.3743,0.0012,0.00132
16.09.2025 17:55:30.084 UTC,1.37441,1.37431,0.00132,0.00132
16.09.2025 17:55:32.358 UTC,1.37443,1.3743,0.00192,0.00192
16.09.2025 17:55:32.562 UTC,1.37443,1.3743,0.00192,0.00177
16.09.2025 17:55:33.069 UTC,1.37443,1.3743,0.00192,0.00192
16.09.2025 17:55:34.888 UTC,1.37443,1.3743,0.0018,0.00192
16.09.2025 17:55:35.394 UTC,1.37443,1.3743,0.0018,0.00267
16.09.2025 17:55:39.914 UTC,1.37442,1.37431,0.0012,0.00192
16.09.2025 17:55:41.021 UTC,1.37443,1.3743,0.0012,0.00177
16.09.2025 17:55:43.136 UTC,1.37443,1.3743,0.0012,0.00192
16.09.2025 17:55:45.300 UTC,1.37444,1.3743,0.0018,0.00192
16.09.2025 17:55:50.260 UTC,1.37443,1.37431,0.0012,0.00116
16.09.2025 17:55:52.334 UTC,1.37442,1.37431,0.0018,0.00132
16.09.2025 17:55:53.953 UTC,1.37441,1.3743,0.0012,0.00116
16.09.2025 17:55:54.006 UTC,1.3744,1.37429,0.0012,0.00116
16.09.2025 17:55:54.109 UTC,1.3744,1.37428,0.0012,0.00192
16.09.2025 17:55:55.169 UTC,1.37439,1.37428,0.0012,0.00381
16.09.2025 17:55:57.335 UTC,1.37439,1.37428,0.0012,0.00291
16.09.2025 17:56:02.148 UTC,1.3744,1.37427,0.0012,0.00291
16.09.2025 17:56:02.252 UTC,1.37442,1.37429,0.0027,0.00132
16.09.2025 17:56:02.355 UTC,1.37442,1.3743,0.0027,0.00116
16.09.2025 17:56:02.612 UTC,1.37441,1.37431,0.0012,0.00116
16.09.2025 17:56:03.017 UTC,1.37442,1.37431,0.0018,0.00191
16.09.2025 17:56:05.695 UTC,1.37443,1.37431,0.0018,0.00116
16.09.2025 17:56:08.919 UTC,1.37442,1.37432,0.0018,0.00116
16.09.2025 17:56:09.578 UTC,1.37443,1.3743,0.0018,0.00186
16.09.2025 17:56:09.931 UTC,1.37443,1.3743,0.0018,0.00201
16.09.2025 17:56:10.385 UTC,1.37443,1.3743,0.0018,0.00186
16.09.2025 17:56:10.637 UTC,1.37443,1.3743,0.0018,0.00201
16.09.2025 17:56:11.644 UTC,1.37443,1.3743,0.0018,0.00186
16.09.2025 17:56:13.758 UTC,1.37443,1.37431,0.0018,0.00116
16.09.2025 17:56:18.226 UTC,1.37443,1.3743,0.0018,0.00291
16.09.2025 17:56:18.986 UTC,1.37442,1.37431,0.0012,0.00291
16.09.2025 17:56:20.195 UTC,1.37443,1.3743,0.0012,0.00291
16.09.2025 17:56:20.548 UTC,1.37444,1.3743,0.0018,0.00291
16.09.2025 17:56:20.802 UTC,1.37444,1.3743,0.0018,0.00471
16.09.2025 17:56:21.916 UTC,1.37444,1.3743,0.0018,0.00234
16.09.2025 17:56:22.320 UTC,1.37444,1.3743,0.0018,0.00249
16.09.2025 17:56:22.422 UTC,1.37443,1.37431,0.0018,0.00249
16.09.2025 17:56:23.381 UTC,1.37444,1.3743,0.0018,0.00249
16.09.2025 17:56:23.888 UTC,1.37443,1.37433,0.0012,0.0018
16.09.2025 17:56:23.991 UTC,1.37444,1.37432,0.0012,0.0012
16.09.2025 17:56:24.095 UTC,1.37443,1.37432,0.0012,0.0012
16.09.2025 17:56:25.210 UTC,1.37443,1.37432,0.0012,0.0018
16.09.2025 17:56:25.312 UTC,1.37442,1.37433,0.0012,0.00135
16.09.2025 17:56:25.414 UTC,1.37443,1.37432,0.0012,0.0018
16.09.2025 17:56:25.667 UTC,1.37443,1.37433,0.0012,0.00135
16.09.2025 17:56:26.207 UTC,1.37443,1.37433,0.0012,0.0018
16.09.2025 17:56:26.360 UTC,1.37443,1.37433,0.0012,0.0012
16.09.2025 17:56:26.512 UTC,1.37444,1.37432,0.0012,0.0018
16.09.2025 17:56:26.614 UTC,1.37444,1.37432,0.0012,0.0012
16.09.2025 17:56:26.969 UTC,1.37444,1.37432,0.0012,0.0018
16.09.2025 17:56:27.424 UTC,1.37444,1.37432,0.0012,0.00135
16.09.2025 17:56:27.928 UTC,1.37444,1.37432,0.0012,0.0018
16.09.2025 17:56:29.241 UTC,1.37443,1.37433,0.0012,0.00135
16.09.2025 17:56:30.506 UTC,1.37444,1.37434,0.0012,0.00132
16.09.2025 17:56:30.612 UTC,1.3745,1.3744,0.00138,0.0012
16.09.2025 17:56:30.715 UTC,1.37451,1.3744,0.0012,0.00191
16.09.2025 17:56:30.818 UTC,1.37452,1.37439,0.0012,0.00191
16.09.2025 17:56:32.543 UTC,1.37453,1.3744,0.0012,0.00177
16.09.2025 17:56:33.099 UTC,1.37453,1.37441,0.0012,0.00116
16.09.2025 17:56:33.202 UTC,1.37454,1.37441,0.0012,0.00276
16.09.2025 17:56:33.305 UTC,1.37455,1.37442,0.0012,0.0012
16.09.2025 17:56:33.408 UTC,1.37456,1.37442,0.0012,0.00132
16.09.2025 17:56:33.511 UTC,1.37453,1.37443,0.0018,0.00116
16.09.2025 17:56:34.520 UTC,1.37454,1.37441,0.0018,0.00267
16.09.2025 17:56:35.379 UTC,1.37453,1.37442,0.0012,0.00201
16.09.2025 17:56:35.482 UTC,1.37454,1.37443,0.0012,0.0018
16.09.2025 17:56:35.587 UTC,1.37455,1.37442,0.0012,0.00177
16.09.2025 17:56:35.841 UTC,1.37457,1.37444,0.0036,0.0012
16.09.2025 17:56:35.946 UTC,1.37457,1.37444,0.0012,0.0018
16.09.2025 17:56:36.058 UTC,1.37458,1.37445,0.0012,0.00135
16.09.2025 17:56:36.717 UTC,1.37457,1.37446,0.0012,0.0018
16.09.2025 17:56:36.970 UTC,1.37458,1.37445,0.0012,0.00135
16.09.2025 17:56:37.174 UTC,1.37458,1.37445,0.0012,0.00249
16.09.2025 17:56:37.426 UTC,1.37457,1.37446,0.0012,0.00276
16.09.2025 17:56:38.841 UTC,1.37458,1.37445,0.0012,0.00291
16.09.2025 17:56:39.951 UTC,1.37457,1.37445,0.0012,0.00128
16.09.2025 17:56:40.054 UTC,1.37458,1.37445,0.0012,0.00291
16.09.2025 17:56:40.261 UTC,1.37457,1.37446,0.0012,0.00291
16.09.2025 17:56:40.869 UTC,1.37458,1.37445,0.0012,0.00291
16.09.2025 17:56:41.123 UTC,1.37457,1.37446,0.0012,0.00291
16.09.2025 17:56:42.735 UTC,1.37458,1.37447,0.0012,0.00192
16.09.2025 17:56:43.243 UTC,1.37459,1.37446,0.00132,0.00192
16.09.2025 17:56:43.448 UTC,1.37458,1.37447,0.00132,0.00192
16.09.2025 17:56:45.164 UTC,1.37459,1.37446,0.00132,0.00192
16.09.2025 17:56:46.322 UTC,1.37458,1.37447,0.00132,0.00192
16.09.2025 17:56:46.476 UTC,1.37458,1.37448,0.00132,0.0018
16.09.2025 17:56:47.030 UTC,1.37459,1.37446,0.00132,0.00192
16.09.2025 17:56:50.814 UTC,1.37458,1.37447,0.00132,0.00192
16.09.2025 17:56:50.917 UTC,1.37459,1.37446,0.00132,0.00192
16.09.2025 17:56:51.022 UTC,1.37457,1.37444,0.00132,0.00462
16.09.2025 17:56:51.125 UTC,1.37456,1.37445,0.00132,0.00372
16.09.2025 17:56:52.434 UTC,1.37454,1.37442,0.0012,0.00281
16.09.2025 17:56:52.538 UTC,1.37452,1.3744,0.00132,0.00132
16.09.2025 17:56:52.642 UTC,1.37449,1.37438,0.00132,0.00416
16.09.2025 17:56:52.694 UTC,1.3745,1.37437,0.00132,0.00312
16.09.2025 17:57:04.199 UTC,1.37448,1.37436,0.00132,0.00281
16.09.2025 17:57:04.305 UTC,1.37447,1.37436,0.00132,0.00192
16.09.2025 17:57:04.457 UTC,1.37448,1.37435,0.00132,0.00177
16.09.2025 17:57:06.786 UTC,1.37448,1.37436,0.00132,0.00177
16.09.2025 17:57:07.041 UTC,1.37449,1.37436,0.00132,0.00282
16.09.2025 17:57:09.007 UTC,1.37448,1.37435,0.00132,0.00281
16.09.2025 17:57:09.111 UTC,1.37446,1.37434,0.0012,0.00116
16.09.2025 17:57:09.216 UTC,1.37444,1.37433,0.00132,0.00282
16.09.2025 17:57:09.319 UTC,1.37444,1.37433,0.00132,0.00267
16.09.2025 17:57:09.887 UTC,1.37445,1.37432,0.00132,0.00282
16.09.2025 17:57:10.141 UTC,1.37445,1.37432,0.00132,0.00267
16.09.2025 17:57:10.545 UTC,1.37444,1.37433,0.00132,0.00192
16.09.2025 17:57:11.708 UTC,1.37446,1.37433,0.00132,0.00282
16.09.2025 17:57:11.862 UTC,1.37446,1.37434,0.00132,0.00116
16.09.2025 17:57:12.875 UTC,1.37448,1.37435,0.00132,0.00282
16.09.2025 17:57:14.997 UTC,1.37447,1.37437,0.00132,0.00116
16.09.2025 17:57:16.357 UTC,1.37449,1.37436,0.00132,0.00177
16.09.2025 17:57:16.512 UTC,1.37449,1.37436,0.00132,0.00192
16.09.2025 17:57:18.073 UTC,1.37448,1.37436,0.00132,0.00116
16.09.2025 17:57:19.633 UTC,1.37448,1.37435,0.00132,0.00192
16.09.2025 17:57:20.088 UTC,1.37449,1.37436,0.00192,0.0018
16.09.2025 17:57:26.241 UTC,1.37447,1.37437,0.00192,0.00116
16.09.2025 17:57:26.547 UTC,1.37448,1.37436,0.00189,0.00116
16.09.2025 17:57:28.267 UTC,1.37448,1.37436,0.00132,0.00116
16.09.2025 17:57:33.298 UTC,1.37448,1.37435,0.00132,0.00191
16.09.2025 17:57:33.402 UTC,1.37444,1.37432,0.00192,0.0012
16.09.2025 17:57:33.505 UTC,1.37444,1.37431,0.00192,0.00177
16.09.2025 17:57:34.669 UTC,1.37444,1.37431,0.00189,0.00191
16.09.2025 17:57:34.774 UTC,1.37445,1.37434,0.00132,0.0018
16.09.2025 17:57:34.878 UTC,1.37448,1.37435,0.00192,0.00225
16.09.2025 17:57:34.980 UTC,1.37448,1.37435,0.00132,0.00282
16.09.2025 17:57:35.183 UTC,1.37448,1.37435,0.00132,0.00267
16.09.2025 17:57:35.337 UTC,1.37448,1.37435,0.00132,0.00191
16.09.2025 17:57:36.095 UTC,1.37448,1.37436,0.00132,0.00116
16.09.2025 17:57:37.055 UTC,1.37449,1.37436,0.00192,0.00192
16.09.2025 17:57:39.634 UTC,1.37449,1.37436,0.00132,0.00177
16.09.2025 17:57:39.736 UTC,1.37449,1.37436,0.00132,0.00192
16.09.2025 17:57:41.137 UTC,1.37449,1.37436,0.00132,0.00177
16.09.2025 17:57:41.340 UTC,1.37448,1.37437,0.00192,0.00192
16.09.2025 17:57:42.951 UTC,1.37449,1.37436,0.00132,0.00177
16.09.2025 17:57:43.856 UTC,1.37448,1.37437,0.00132,0.00192
16.09.2025 17:57:47.020 UTC,1.37449,1.37436,0.00192,0.00177
16.09.2025 17:57:47.222 UTC,1.37449,1.37436,0.00192,0.00192
16.09.2025 17:57:47.777 UTC,1.37448,1.37436,0.00132,0.00116
16.09.2025 17:57:47.880 UTC,1.37446,1.37435,0.00192,0.00191
16.09.2025 17:57:47.933 UTC,1.37446,1.37434,0.00132,0.00177
16.09.2025 17:57:48.386 UTC,1.37447,1.37434,0.00132,0.00192
16.09.2025 17:57:48.640 UTC,1.37447,1.37434,0.00132,0.00177
16.09.2025 17:57:49.047 UTC,1.37446,1.37435,0.00132,0.00176
16.09.2025 17:57:50.107 UTC,1.37447,1.37436,0.00132,0.00177
16.09.2025 17:57:50.260 UTC,1.37447,1.37436,0.00192,0.00177
16.09.2025 17:57:50.664 UTC,1.37448,1.37435,0.00192,0.00192
16.09.2025 17:57:51.172 UTC,1.37448,1.37435,0.00192,0.00177
16.09.2025 17:57:51.274 UTC,1.37448,1.37436,0.00132,0.00116
16.09.2025 17:57:51.327 UTC,1.37442,1.37433,0.00132,0.0012
16.09.2025 17:57:51.379 UTC,1.37443,1.37431,0.00132,0.00177
16.09.2025 17:57:52.492 UTC,1.37442,1.37432,0.00132,0.00192
16.09.2025 17:57:53.099 UTC,1.37443,1.37432,0.0012,0.0024
16.09.2025 17:57:53.151 UTC,1.37446,1.37433,0.00192,0.0024
16.09.2025 17:57:53.866 UTC,1.37444,1.37433,0.0012,0.00132
16.09.2025 17:57:53.919 UTC,1.37442,1.37432,0.0012,0.0018
16.09.2025 17:57:53.971 UTC,1.37444,1.37433,0.0012,0.0018
16.09.2025 17:57:54.075 UTC,1.37444,1.37433,0.0012,0.00191
16.09.2025 17:57:54.381 UTC,1.37444,1.37432,0.00132,0.00116
16.09.2025 17:57:54.484 UTC,1.37443,1.37431,0.0012,0.00176
16.09.2025 17:57:54.535 UTC,1.37442,1.37432,0.0012,0.00132
16.09.2025 17:57:55.651 UTC,1.37441,1.37432,0.0012,0.00116
16.09.2025 17:57:57.417 UTC,1.37442,1.3743,0.0018,0.00116
16.09.2025 17:57:57.469 UTC,1.3744,1.37429,0.0012,0.00116
16.09.2025 17:57:57.572 UTC,1.37439,1.37428,0.0012,0.00282
16.09.2025 17:57:59.744 UTC,1.3744,1.37428,0.0018,0.00291
16.09.2025 17:58:08.347 UTC,1.3744,1.37427,0.0012,0.00201
16.09.2025 17:58:11.327 UTC,1.37441,1.37429,0.0018,0.0018
16.09.2025 17:58:12.142 UTC,1.37441,1.37429,0.0018,0.00201
16.09.2025 17:58:12.297 UTC,1.37443,1.3743,0.0027,0.0018
16.09.2025 17:58:12.400 UTC,1.37443,1.3743,0.0027,0.00192
16.09.2025 17:58:12.502 UTC,1.37443,1.3743,0.0027,0.0018
16.09.2025 17:58:12.655 UTC,1.37442,1.37431,0.0018,0.00192
16.09.2025 17:58:12.960 UTC,1.37443,1.3743,0.0018,0.00192
16.09.2025 17:58:14.578 UTC,1.37443,1.37431,0.00192,0.00116
16.09.2025 17:58:15.029 UTC,1.37441,1.3743,0.0012,0.00176
16.09.2025 17:58:16.491 UTC,1.37442,1.37431,0.00192,0.00176
16.09.2025 17:58:16.543 UTC,1.37441,1.37429,0.00132,0.00225
16.09.2025 17:58:20.539 UTC,1.3744,1.37427,0.0012,0.00192
16.09.2025 17:58:22.407 UTC,1.3744,1.37427,0.0012,0.00282
16.09.2025 17:58:22.765 UTC,1.37439,1.37428,0.0012,0.00282
16.09.2025 17:58:22.867 UTC,1.3744,1.37427,0.0012,0.00282
16.09.2025 17:58:30.163 UTC,1.37439,1.37428,0.0012,0.00462
16.09.2025 17:58:30.264 UTC,1.3744,1.37427,0.0012,0.00462
16.09.2025 17:58:30.567 UTC,1.37441,1.37427,0.00132,0.00462
16.09.2025 17:58:30.721 UTC,1.3744,1.37428,0.00132,0.00282
16.09.2025 17:58:31.930 UTC,1.37441,1.37427,0.0012,0.00462
16.09.2025 17:58:32.994 UTC,1.3744,1.37428,0.0012,0.00282
16.09.2025 17:58:33.347 UTC,1.37441,1.37427,0.0012,0.00282
16.09.2025 17:58:36.908 UTC,1.3744,1.37428,0.0012,0.00282
16.09.2025 17:58:39.932 UTC,1.37441,1.37428,0.00369,0.00177
16.09.2025 17:58:40.036 UTC,1.3744,1.37429,0.00279,0.00116
16.09.2025 17:58:43.814 UTC,1.37441,1.3743,0.0012,0.0018
16.09.2025 17:58:44.429 UTC,1.37443,1.3743,0.0012,0.00177
16.09.2025 17:58:44.533 UTC,1.37443,1.3743,0.0012,0.00191
16.09.2025 17:59:07.698 UTC,1.37443,1.37431,0.0012,0.00116
16.09.2025 17:59:07.801 UTC,1.37443,1.3743,0.0012,0.00176
16.09.2025 17:59:10.744 UTC,1.37443,1.37431,0.0012,0.00116
16.09.2025 17:59:10.848 UTC,1.37444,1.37432,0.0012,0.00116
16.09.2025 17:59:11.102 UTC,1.37444,1.37432,0.0012,0.00128
16.09.2025 17:59:11.207 UTC,1.37446,1.37433,0.0012,0.00147
16.09.2025 17:59:11.311 UTC,1.37448,1.37434,0.0012,0.00203
16.09.2025 17:59:11.414 UTC,1.37447,1.37435,0.0012,0.00203
16.09.2025 17:59:13.940 UTC,1.37446,1.37434,0.0012,0.00116
16.09.2025 17:59:14.045 UTC,1.37445,1.37432,0.0012,0.00128
16.09.2025 17:59:14.759 UTC,1.37443,1.37431,0.0012,0.00203
16.09.2025 17:59:14.911 UTC,1.37444,1.37432,0.0018,0.00203
16.09.2025 17:59:16.840 UTC,1.37444,1.37432,0.0012,0.00128
16.09.2025 17:59:33.913 UTC,1.37443,1.37433,0.0012,0.00128
16.09.2025 17:59:34.119 UTC,1.37444,1.37432,0.0012,0.00128
16.09.2025 17:59:34.323 UTC,1.37444,1.37434,0.0018,0.00128
16.09.2025 17:59:37.138 UTC,1.37445,1.37433,0.0012,0.00128
16.09.2025 17:59:39.313 UTC,1.37445,1.37432,0.0018,0.00204
16.09.2025 17:59:40.540 UTC,1.37445,1.37433,0.0012,0.00128
16.09.2025 17:59:47.646 UTC,1.37443,1.37433,0.0012,0.00128
16.09.2025 17:59:52.003 UTC,1.37444,1.37431,0.00132,0.00132
16.09.2025 17:59:52.156 UTC,1.37444,1.37431,0.00132,0.00192
16.09.2025 17:59:52.309 UTC,1.37444,1.37431,0.00132,0.00177
16.09.2025 17:59:52.614 UTC,1.37443,1.37431,0.0012,0.00116
16.09.2025 17:59:55.132 UTC,1.37442,1.37432,0.00132,0.00116
16.09.2025 17:59:56.451 UTC,1.37442,1.37431,0.00132,0.00116
16.09.2025 17:59:56.807 UTC,1.37441,1.37429,0.0012,0.00116
16.09.2025 17:59:59.388 UTC,1.3744,1.37431,0.0012,0.00116
16.09.2025 17:59:59.490 UTC,1.37443,1.3743,0.00192,0.00116
16.09.2025 17:59:59.696 UTC,1.37442,1.37431,0.00192,0.00116