UTC,Ask,Bid,Ask Volume,Bid Volume
28.10.2025 15:00:00.389 UTC,1.39595,1.39583,0.00135,0.0012
28.10.2025 15:00:00.492 UTC,1.39594,1.39582,0.0012,0.0018
28.10.2025 15:00:00.848 UTC,1.39594,1.39584,0.00294,0.0012
28.10.2025 15:00:01.559 UTC,1.39592,1.39581,0.00234,0.0012
28.10.2025 15:00:01.664 UTC,1.39588,1.39576,0.0012,0.0027
28.10.2025 15:00:03.188 UTC,1.39588,1.39577,0.00225,0.0018
28.10.2025 15:00:04.103 UTC,1.39589,1.39576,0.00384,0.0012
28.10.2025 15:00:05.064 UTC,1.39588,1.39577,0.00279,0.00135
28.10.2025 15:00:05.229 UTC,1.39588,1.39578,0.00135,0.0012
28.10.2025 15:00:06.349 UTC,1.39592,1.39579,0.00285,0.00135
28.10.2025 15:00:06.454 UTC,1.39591,1.39581,0.0012,0.0012
28.10.2025 15:00:06.962 UTC,1.39592,1.39582,0.0033,0.0012
28.10.2025 15:00:07.066 UTC,1.39593,1.39583,0.0012,0.0027
28.10.2025 15:00:07.170 UTC,1.39593,1.39585,0.0012,0.0012
28.10.2025 15:00:07.325 UTC,1.39592,1.39587,0.0012,0.0018
28.10.2025 15:00:08.338 UTC,1.39592,1.39586,0.0012,0.0018
28.10.2025 15:00:10.312 UTC,1.39593,1.39583,0.0012,0.00135
28.10.2025 15:00:10.417 UTC,1.39592,1.39579,0.0012,0.00225
28.10.2025 15:00:10.520 UTC,1.39591,1.3958,0.0018,0.0018
28.10.2025 15:00:13.307 UTC,1.39591,1.39579,0.0012,0.0012
28.10.2025 15:00:13.360 UTC,1.3959,1.39577,0.00225,0.0012
28.10.2025 15:00:13.463 UTC,1.39588,1.39576,0.0012,0.0018
28.10.2025 15:00:14.072 UTC,1.39588,1.39575,0.0012,0.00324
28.10.2025 15:00:14.175 UTC,1.39588,1.39576,0.0012,0.0012
28.10.2025 15:00:14.380 UTC,1.39588,1.39576,0.00285,0.0012
28.10.2025 15:00:14.483 UTC,1.39587,1.39576,0.00285,0.0027
28.10.2025 15:00:15.245 UTC,1.39586,1.39574,0.0012,0.0018
28.10.2025 15:00:15.348 UTC,1.39586,1.39574,0.00285,0.0027
28.10.2025 15:00:18.372 UTC,1.39587,1.39574,0.00195,0.00189
28.10.2025 15:00:18.519 UTC,1.39587,1.39575,0.0018,0.0012
28.10.2025 15:00:18.775 UTC,1.39586,1.39576,0.00135,0.0012
28.10.2025 15:00:23.714 UTC,1.39587,1.39574,0.0018,0.00324
28.10.2025 15:00:23.817 UTC,1.39586,1.39576,0.0018,0.0012
28.10.2025 15:00:24.680 UTC,1.39588,1.39576,0.0018,0.00144
28.10.2025 15:00:24.835 UTC,1.39588,1.39576,0.0018,0.00132
28.10.2025 15:00:27.685 UTC,1.39588,1.39575,0.00195,0.00315
28.10.2025 15:00:32.695 UTC,1.39586,1.39575,0.00135,0.00234
28.10.2025 15:00:32.848 UTC,1.39586,1.39575,0.0018,0.00234
28.10.2025 15:00:32.971 UTC,1.39586,1.39576,0.0018,0.0012
28.10.2025 15:00:33.124 UTC,1.39587,1.39574,0.0018,0.00144
28.10.2025 15:00:33.791 UTC,1.39586,1.39574,0.00132,0.0012
28.10.2025 15:00:33.945 UTC,1.39586,1.39574,0.0012,0.0018
28.10.2025 15:00:35.818 UTC,1.39584,1.39575,0.0012,0.0012
28.10.2025 15:00:36.631 UTC,1.39585,1.39574,0.00204,0.00189
28.10.2025 15:00:36.734 UTC,1.39587,1.39574,0.00306,0.0012
28.10.2025 15:00:37.750 UTC,1.39585,1.39574,0.00216,0.00135
28.10.2025 15:00:37.855 UTC,1.39585,1.39572,0.00216,0.0027
28.10.2025 15:00:37.957 UTC,1.39584,1.39572,0.00132,0.0018
28.10.2025 15:00:38.264 UTC,1.39584,1.39573,0.00216,0.00225
28.10.2025 15:00:38.722 UTC,1.39584,1.39571,0.00294,0.00189
28.10.2025 15:00:38.826 UTC,1.39578,1.39569,0.0012,0.0012
28.10.2025 15:00:39.032 UTC,1.39577,1.39569,0.00135,0.0012
28.10.2025 15:00:39.854 UTC,1.39578,1.39568,0.0018,0.0012
28.10.2025 15:00:40.720 UTC,1.39577,1.39569,0.00135,0.0012
28.10.2025 15:00:43.555 UTC,1.39575,1.39562,0.00135,0.00112
28.10.2025 15:00:43.608 UTC,1.3957,1.39559,0.00132,0.0027
28.10.2025 15:00:43.721 UTC,1.39569,1.39562,0.0012,0.0012
28.10.2025 15:00:43.773 UTC,1.39569,1.39556,0.00144,0.00225
28.10.2025 15:00:43.929 UTC,1.39568,1.39557,0.00249,0.00225
28.10.2025 15:00:44.183 UTC,1.39569,1.39556,0.00249,0.00135
28.10.2025 15:00:46.984 UTC,1.39567,1.39557,0.00135,0.00195
28.10.2025 15:00:47.945 UTC,1.39569,1.39556,0.00195,0.00459
28.10.2025 15:00:48.098 UTC,1.39569,1.39556,0.0018,0.00474
28.10.2025 15:00:48.201 UTC,1.39569,1.39556,0.00294,0.0045
28.10.2025 15:00:48.960 UTC,1.39569,1.39556,0.00135,0.0054
28.10.2025 15:00:49.061 UTC,1.39568,1.39557,0.00135,0.00555
28.10.2025 15:00:52.971 UTC,1.39571,1.39563,0.00217,0.0012
28.10.2025 15:00:53.126 UTC,1.39575,1.39563,0.00135,0.0018
28.10.2025 15:00:53.230 UTC,1.39576,1.39565,0.00249,0.0012
28.10.2025 15:00:53.333 UTC,1.39577,1.39565,0.0018,0.0018
28.10.2025 15:00:53.435 UTC,1.39577,1.39565,0.0012,0.0012
28.10.2025 15:00:53.589 UTC,1.39577,1.39566,0.0012,0.0012
28.10.2025 15:00:53.693 UTC,1.39578,1.39565,0.00225,0.0036
28.10.2025 15:00:53.947 UTC,1.39576,1.39566,0.0012,0.0018
28.10.2025 15:00:54.862 UTC,1.39576,1.39564,0.0012,0.0012
28.10.2025 15:00:54.966 UTC,1.39575,1.39563,0.0018,0.0018
28.10.2025 15:00:55.378 UTC,1.39575,1.39562,0.00234,0.00225
28.10.2025 15:00:55.481 UTC,1.39573,1.39563,0.00225,0.0012
28.10.2025 15:00:55.585 UTC,1.39573,1.3956,0.0027,0.0036
28.10.2025 15:00:55.688 UTC,1.39573,1.39561,0.00225,0.0012
28.10.2025 15:00:57.666 UTC,1.39574,1.39561,0.00369,0.0036
28.10.2025 15:00:57.771 UTC,1.39574,1.39562,0.00144,0.0012
28.10.2025 15:00:58.789 UTC,1.39574,1.39561,0.00135,0.0036
28.10.2025 15:00:59.145 UTC,1.3957,1.3956,0.0012,0.0018
28.10.2025 15:00:59.354 UTC,1.3957,1.39557,0.00225,0.0027
28.10.2025 15:01:00.679 UTC,1.3957,1.39557,0.00258,0.0012
28.10.2025 15:01:00.781 UTC,1.39569,1.39558,0.00243,0.0012
28.10.2025 15:01:01.137 UTC,1.39568,1.39557,0.0012,0.0018
28.10.2025 15:01:02.822 UTC,1.39567,1.39555,0.00192,0.0012
28.10.2025 15:01:02.925 UTC,1.39566,1.39555,0.00258,0.0012
28.10.2025 15:01:03.230 UTC,1.39567,1.39555,0.00294,0.0012
28.10.2025 15:01:03.333 UTC,1.39566,1.39555,0.00213,0.0012
28.10.2025 15:01:03.486 UTC,1.39566,1.39556,0.00144,0.0012
28.10.2025 15:01:03.641 UTC,1.39568,1.39555,0.00303,0.0018
28.10.2025 15:01:04.639 UTC,1.39566,1.39553,0.00144,0.00315
28.10.2025 15:01:05.551 UTC,1.39566,1.39554,0.00198,0.0012
28.10.2025 15:01:07.219 UTC,1.39566,1.39554,0.00135,0.00195
28.10.2025 15:01:07.270 UTC,1.39566,1.39554,0.00135,0.00135
28.10.2025 15:01:07.678 UTC,1.39567,1.39554,0.00243,0.0042
28.10.2025 15:01:08.490 UTC,1.39567,1.39554,0.00225,0.00405
28.10.2025 15:01:08.642 UTC,1.39567,1.39555,0.00225,0.0012
28.10.2025 15:01:09.247 UTC,1.39567,1.39554,0.00225,0.00405
28.10.2025 15:01:09.449 UTC,1.39566,1.39556,0.00225,0.0012
28.10.2025 15:01:09.550 UTC,1.39567,1.39554,0.00225,0.00405
28.10.2025 15:01:09.652 UTC,1.39567,1.39555,0.00225,0.0012
28.10.2025 15:01:09.854 UTC,1.39566,1.39555,0.0027,0.00405
28.10.2025 15:01:10.006 UTC,1.39567,1.39555,0.0027,0.0012
28.10.2025 15:01:10.109 UTC,1.39567,1.39554,0.00225,0.00405
28.10.2025 15:01:10.463 UTC,1.39567,1.39554,0.00225,0.0042
28.10.2025 15:01:11.277 UTC,1.39567,1.39556,0.0012,0.0012
28.10.2025 15:01:11.531 UTC,1.39568,1.39556,0.00135,0.0012
28.10.2025 15:01:11.632 UTC,1.39567,1.39556,0.00135,0.00279
28.10.2025 15:01:11.735 UTC,1.39568,1.39556,0.00135,0.0012
28.10.2025 15:01:13.114 UTC,1.39568,1.39555,0.00285,0.0018
28.10.2025 15:01:17.955 UTC,1.39567,1.39556,0.0012,0.0012
28.10.2025 15:01:19.882 UTC,1.39567,1.39555,0.0012,0.00324
28.10.2025 15:01:19.985 UTC,1.39566,1.39556,0.0012,0.00339
28.10.2025 15:01:20.544 UTC,1.39567,1.39555,0.0012,0.00243
28.10.2025 15:01:21.299 UTC,1.39567,1.39555,0.0012,0.00168
28.10.2025 15:01:21.402 UTC,1.39566,1.39555,0.0018,0.00225
28.10.2025 15:01:22.415 UTC,1.39566,1.39556,0.0018,0.00144
28.10.2025 15:01:24.437 UTC,1.39567,1.39554,0.00315,0.00414
28.10.2025 15:01:24.642 UTC,1.39567,1.39555,0.00315,0.00132
28.10.2025 15:01:25.051 UTC,1.39568,1.39555,0.0036,0.00144
28.10.2025 15:01:25.156 UTC,1.39567,1.39555,0.0012,0.00315
28.10.2025 15:01:26.590 UTC,1.39566,1.39555,0.0018,0.00315
28.10.2025 15:01:27.351 UTC,1.39567,1.39555,0.00225,0.0012
28.10.2025 15:01:27.453 UTC,1.39567,1.39554,0.00225,0.00315
28.10.2025 15:01:27.605 UTC,1.39567,1.39555,0.00135,0.0012
28.10.2025 15:01:27.708 UTC,1.39567,1.39554,0.00135,0.00315
28.10.2025 15:01:27.859 UTC,1.39567,1.39555,0.00135,0.0012
28.10.2025 15:01:28.614 UTC,1.39566,1.39555,0.00135,0.00315
28.10.2025 15:01:28.716 UTC,1.39566,1.39556,0.00135,0.0012
28.10.2025 15:01:29.423 UTC,1.39567,1.39554,0.00135,0.00315
28.10.2025 15:01:30.730 UTC,1.39567,1.39555,0.00135,0.00189
28.10.2025 15:01:32.791 UTC,1.39567,1.39554,0.0012,0.00414
28.10.2025 15:01:33.348 UTC,1.39567,1.39554,0.0012,0.00429
28.10.2025 15:01:34.096 UTC,1.39567,1.39554,0.0018,0.00384
28.10.2025 15:01:34.201 UTC,1.39567,1.39554,0.0018,0.00339
28.10.2025 15:01:36.624 UTC,1.39567,1.39554,0.0012,0.00234
28.10.2025 15:01:37.179 UTC,1.39566,1.39554,0.0012,0.00225
28.10.2025 15:01:37.282 UTC,1.39566,1.39554,0.0024,0.0012
28.10.2025 15:01:37.386 UTC,1.39565,1.39553,0.00132,0.0012
28.10.2025 15:01:37.792 UTC,1.39566,1.39553,0.0027,0.00135
28.10.2025 15:01:38.914 UTC,1.39567,1.39554,0.00189,0.0012
28.10.2025 15:01:40.733 UTC,1.39567,1.39554,0.00315,0.0024
28.10.2025 15:01:40.885 UTC,1.39567,1.39554,0.00279,0.00225
28.10.2025 15:01:43.752 UTC,1.39567,1.39554,0.00324,0.0024
28.10.2025 15:01:44.106 UTC,1.39567,1.39554,0.00369,0.00225
28.10.2025 15:01:45.413 UTC,1.39567,1.39554,0.00372,0.00225
28.10.2025 15:01:45.516 UTC,1.39565,1.39553,0.0012,0.0018
28.10.2025 15:01:46.378 UTC,1.39565,1.39552,0.00237,0.0012
28.10.2025 15:01:46.481 UTC,1.39564,1.39551,0.00132,0.00315
28.10.2025 15:01:46.737 UTC,1.39563,1.39552,0.00132,0.0024
28.10.2025 15:01:46.840 UTC,1.39564,1.39551,0.00132,0.00225
28.10.2025 15:01:46.993 UTC,1.39559,1.3955,0.0012,0.0012
28.10.2025 15:01:47.199 UTC,1.39559,1.39546,0.0012,0.0027
28.10.2025 15:01:47.559 UTC,1.39558,1.39548,0.0012,0.0012
28.10.2025 15:01:48.117 UTC,1.39559,1.39546,0.0012,0.00315
28.10.2025 15:01:48.776 UTC,1.39559,1.39547,0.0012,0.0012
28.10.2025 15:01:49.030 UTC,1.39558,1.39547,0.0012,0.00324
28.10.2025 15:01:49.435 UTC,1.39558,1.39548,0.0018,0.0012
28.10.2025 15:01:49.589 UTC,1.39559,1.39547,0.0018,0.0024
28.10.2025 15:01:49.692 UTC,1.39559,1.39547,0.0018,0.00225
28.10.2025 15:01:49.794 UTC,1.3956,1.39551,0.0018,0.0012
28.10.2025 15:01:49.943 UTC,1.39565,1.39552,0.00249,0.0012
28.10.2025 15:01:49.996 UTC,1.39565,1.39553,0.00339,0.0012
28.10.2025 15:01:50.203 UTC,1.39565,1.39554,0.00342,0.0012
28.10.2025 15:01:50.561 UTC,1.39563,1.39554,0.0012,0.0012
28.10.2025 15:01:50.763 UTC,1.39565,1.39554,0.00282,0.0018
28.10.2025 15:01:51.425 UTC,1.39566,1.39554,0.00192,0.0012
28.10.2025 15:01:51.528 UTC,1.39565,1.39553,0.00192,0.0033
28.10.2025 15:01:51.630 UTC,1.39565,1.39553,0.00237,0.00405
28.10.2025 15:01:52.443 UTC,1.39564,1.39552,0.00189,0.0012
28.10.2025 15:01:52.546 UTC,1.39563,1.39552,0.00189,0.00225
28.10.2025 15:01:53.053 UTC,1.39564,1.39552,0.00279,0.0012
28.10.2025 15:01:54.974 UTC,1.39563,1.39551,0.00132,0.0012
28.10.2025 15:01:55.027 UTC,1.3956,1.3955,0.00132,0.0012
28.10.2025 15:01:55.132 UTC,1.39559,1.3955,0.0012,0.0012
28.10.2025 15:01:55.188 UTC,1.39559,1.39547,0.00132,0.0012
28.10.2025 15:01:55.291 UTC,1.39557,1.39548,0.0012,0.0012
28.10.2025 15:01:55.393 UTC,1.39557,1.39547,0.0012,0.0018
28.10.2025 15:01:58.020 UTC,1.39557,1.39545,0.0012,0.00225
28.10.2025 15:01:58.731 UTC,1.39558,1.39545,0.0012,0.0018
28.10.2025 15:01:59.085 UTC,1.39557,1.39546,0.0012,0.0012
28.10.2025 15:01:59.488 UTC,1.39558,1.39546,0.0012,0.0018
28.10.2025 15:02:01.047 UTC,1.39556,1.39547,0.0012,0.00225
28.10.2025 15:02:01.200 UTC,1.39558,1.39546,0.0012,0.00225
28.10.2025 15:02:02.513 UTC,1.39557,1.39548,0.0012,0.0012
28.10.2025 15:02:05.672 UTC,1.39557,1.39547,0.0012,0.0012
28.10.2025 15:02:07.940 UTC,1.39558,1.39545,0.00132,0.0024
28.10.2025 15:02:08.093 UTC,1.39558,1.39545,0.00132,0.00225
28.10.2025 15:02:08.197 UTC,1.39557,1.39547,0.00132,0.0012
28.10.2025 15:02:08.854 UTC,1.39558,1.39546,0.00132,0.0012
28.10.2025 15:02:09.009 UTC,1.39558,1.39546,0.00144,0.0012
28.10.2025 15:02:14.919 UTC,1.39557,1.39548,0.0012,0.00132
28.10.2025 15:02:15.024 UTC,1.39563,1.3955,0.00249,0.0012
28.10.2025 15:02:15.076 UTC,1.39563,1.39551,0.00279,0.0012
28.10.2025 15:02:15.180 UTC,1.39563,1.3955,0.00279,0.0012
28.10.2025 15:02:15.283 UTC,1.39562,1.39552,0.00324,0.0012
28.10.2025 15:02:15.388 UTC,1.39559,1.39549,0.0012,0.0012
28.10.2025 15:02:15.541 UTC,1.39558,1.39549,0.0012,0.0012
28.10.2025 15:02:15.847 UTC,1.39558,1.39548,0.0018,0.0012
28.10.2025 15:02:22.798 UTC,1.39558,1.39548,0.00192,0.0012
28.10.2025 15:02:24.061 UTC,1.39559,1.39546,0.00342,0.0012
28.10.2025 15:02:24.215 UTC,1.39559,1.39547,0.00192,0.00135
28.10.2025 15:02:24.368 UTC,1.39558,1.39547,0.00132,0.00315
28.10.2025 15:02:25.127 UTC,1.39558,1.39547,0.00132,0.0024
28.10.2025 15:02:25.784 UTC,1.39559,1.39546,0.00132,0.00225
28.10.2025 15:02:26.091 UTC,1.39559,1.39547,0.00189,0.0012
28.10.2025 15:02:27.391 UTC,1.39559,1.39546,0.00279,0.0012
28.10.2025 15:02:28.907 UTC,1.39559,1.39545,0.00144,0.00315
28.10.2025 15:02:29.163 UTC,1.39557,1.39546,0.0012,0.00315
28.10.2025 15:02:29.468 UTC,1.39557,1.39546,0.0012,0.0033
28.10.2025 15:02:29.571 UTC,1.39558,1.39545,0.00135,0.00225
28.10.2025 15:02:30.025 UTC,1.39558,1.39545,0.0012,0.0024
28.10.2025 15:02:31.282 UTC,1.39558,1.39545,0.0012,0.00285
28.10.2025 15:02:31.384 UTC,1.39558,1.39545,0.0012,0.0024
28.10.2025 15:02:35.679 UTC,1.39558,1.39545,0.00135,0.00225
28.10.2025 15:02:35.782 UTC,1.39558,1.39546,0.00132,0.00135
28.10.2025 15:02:36.597 UTC,1.39557,1.39546,0.00282,0.00135
28.10.2025 15:02:36.751 UTC,1.39558,1.39545,0.00147,0.0018
28.10.2025 15:02:37.310 UTC,1.39558,1.39545,0.00147,0.00225
28.10.2025 15:02:38.776 UTC,1.39558,1.39545,0.00147,0.0024
28.10.2025 15:02:39.179 UTC,1.39557,1.39545,0.00132,0.00135
28.10.2025 15:02:39.333 UTC,1.39557,1.39545,0.0012,0.0024
28.10.2025 15:02:40.088 UTC,1.39556,1.39546,0.0012,0.00135
28.10.2025 15:02:40.344 UTC,1.39556,1.39545,0.00297,0.00225
28.10.2025 15:02:40.448 UTC,1.39555,1.39543,0.0012,0.00279
28.10.2025 15:02:40.552 UTC,1.39556,1.39545,0.00144,0.00135
28.10.2025 15:02:40.707 UTC,1.39557,1.39545,0.00132,0.00225
28.10.2025 15:02:42.740 UTC,1.39557,1.39545,0.00132,0.0024
28.10.2025 15:02:42.843 UTC,1.39557,1.39545,0.0012,0.00225
28.10.2025 15:02:42.995 UTC,1.39556,1.39546,0.0012,0.0024
28.10.2025 15:02:43.097 UTC,1.39557,1.39545,0.0012,0.00225
28.10.2025 15:02:43.300 UTC,1.39557,1.39545,0.0012,0.0024
28.10.2025 15:02:43.404 UTC,1.39556,1.39546,0.00132,0.00225
28.10.2025 15:02:43.859 UTC,1.39557,1.39545,0.00132,0.0024
28.10.2025 15:02:44.412 UTC,1.39557,1.39545,0.00132,0.00225
28.10.2025 15:02:44.664 UTC,1.39556,1.39546,0.00132,0.0024
28.10.2025 15:02:47.073 UTC,1.39557,1.39545,0.00132,0.00225
28.10.2025 15:02:48.081 UTC,1.39557,1.39545,0.00132,0.0024
28.10.2025 15:02:48.185 UTC,1.39557,1.39545,0.00132,0.00225
28.10.2025 15:02:48.391 UTC,1.39557,1.39545,0.00132,0.0024
28.10.2025 15:02:48.497 UTC,1.39558,1.39544,0.00282,0.0024
28.10.2025 15:02:48.600 UTC,1.39557,1.39544,0.00132,0.0027
28.10.2025 15:02:48.704 UTC,1.39555,1.39544,0.00147,0.0012
28.10.2025 15:02:48.808 UTC,1.39553,1.39544,0.00192,0.0012
28.10.2025 15:02:48.859 UTC,1.39553,1.39541,0.00192,0.00135
28.10.2025 15:02:49.116 UTC,1.39553,1.39543,0.0024,0.0012
28.10.2025 15:02:49.219 UTC,1.39552,1.39542,0.0024,0.00144
28.10.2025 15:02:49.321 UTC,1.39552,1.39542,0.00225,0.00249
28.10.2025 15:02:49.730 UTC,1.39553,1.39541,0.00225,0.00144
28.10.2025 15:02:49.782 UTC,1.39551,1.3954,0.00144,0.0012
28.10.2025 15:02:49.886 UTC,1.39548,1.3954,0.0012,0.0012
28.10.2025 15:02:49.938 UTC,1.39549,1.39537,0.0012,0.0018
28.10.2025 15:02:50.262 UTC,1.39547,1.39537,0.0012,0.0018
28.10.2025 15:02:50.821 UTC,1.39549,1.39536,0.0018,0.00132
28.10.2025 15:02:51.878 UTC,1.39547,1.39537,0.0012,0.0012
28.10.2025 15:02:51.982 UTC,1.39549,1.39536,0.00234,0.0012
28.10.2025 15:02:52.288 UTC,1.39548,1.39536,0.0012,0.0012
28.10.2025 15:02:52.694 UTC,1.39546,1.39537,0.0012,0.0018
28.10.2025 15:02:52.998 UTC,1.39549,1.39537,0.00225,0.00132
28.10.2025 15:02:53.213 UTC,1.39549,1.39539,0.00189,0.00132
28.10.2025 15:02:54.075 UTC,1.39551,1.39539,0.00135,0.00156
28.10.2025 15:02:54.233 UTC,1.39552,1.39539,0.00189,0.00225
28.10.2025 15:02:54.387 UTC,1.39551,1.39539,0.0012,0.00225
28.10.2025 15:02:54.845 UTC,1.39551,1.39541,0.00225,0.0012
28.10.2025 15:02:55.253 UTC,1.39555,1.39542,0.00192,0.0012
28.10.2025 15:02:55.356 UTC,1.39556,1.39543,0.00387,0.0018
28.10.2025 15:02:55.560 UTC,1.39556,1.39544,0.00252,0.0012
28.10.2025 15:02:56.112 UTC,1.39556,1.39543,0.00297,0.0012
28.10.2025 15:02:57.684 UTC,1.39556,1.39544,0.00297,0.0012
28.10.2025 15:02:58.085 UTC,1.39556,1.39543,0.00297,0.00135
28.10.2025 15:02:58.794 UTC,1.39555,1.39543,0.00192,0.0012
28.10.2025 15:02:58.847 UTC,1.39554,1.39541,0.00234,0.00315
28.10.2025 15:02:58.950 UTC,1.39554,1.39541,0.00384,0.0027
28.10.2025 15:02:59.616 UTC,1.39555,1.39542,0.00207,0.00225
28.10.2025 15:02:59.718 UTC,1.39554,1.39544,0.00147,0.00135
28.10.2025 15:03:00.127 UTC,1.39554,1.39543,0.00192,0.00225
28.10.2025 15:03:00.230 UTC,1.39555,1.39543,0.00207,0.0012
28.10.2025 15:03:00.334 UTC,1.39553,1.39541,0.00144,0.0018
28.10.2025 15:03:00.494 UTC,1.39554,1.39542,0.00339,0.0012
28.10.2025 15:03:00.596 UTC,1.39553,1.39542,0.00249,0.0012
28.10.2025 15:03:01.711 UTC,1.39551,1.3954,0.00225,0.0012
28.10.2025 15:03:01.814 UTC,1.3955,1.39539,0.00132,0.0012
28.10.2025 15:03:01.918 UTC,1.39548,1.39538,0.0012,0.00315
28.10.2025 15:03:02.323 UTC,1.39548,1.39537,0.0012,0.0012
28.10.2025 15:03:04.691 UTC,1.39552,1.39539,0.00339,0.00225
28.10.2025 15:03:04.744 UTC,1.39552,1.3954,0.00135,0.0018
28.10.2025 15:03:04.951 UTC,1.39552,1.39539,0.00369,0.0018
28.10.2025 15:03:05.054 UTC,1.39552,1.39539,0.00294,0.0018
28.10.2025 15:03:06.226 UTC,1.3955,1.39539,0.00135,0.0012
28.10.2025 15:03:06.331 UTC,1.39552,1.3954,0.00135,0.0012
28.10.2025 15:03:06.486 UTC,1.39551,1.3954,0.00234,0.00225
28.10.2025 15:03:06.589 UTC,1.39552,1.39539,0.00294,0.00225
28.10.2025 15:03:07.198 UTC,1.39549,1.3954,0.00135,0.0012
28.10.2025 15:03:08.060 UTC,1.3955,1.3954,0.00135,0.0018
28.10.2025 15:03:12.242 UTC,1.39549,1.3954,0.00135,0.0012
28.10.2025 15:03:12.295 UTC,1.39549,1.39537,0.0012,0.00225
28.10.2025 15:03:13.700 UTC,1.39549,1.39539,0.0018,0.0012
28.10.2025 15:03:13.853 UTC,1.39548,1.39538,0.0012,0.00315
28.10.2025 15:03:16.071 UTC,1.39549,1.39538,0.00135,0.0024
28.10.2025 15:03:16.778 UTC,1.39549,1.39538,0.00135,0.00225
28.10.2025 15:03:17.130 UTC,1.3955,1.39537,0.00135,0.0024
28.10.2025 15:03:17.439 UTC,1.39551,1.3954,0.0024,0.00195
28.10.2025 15:03:17.543 UTC,1.39554,1.39541,0.00369,0.0018
28.10.2025 15:03:17.647 UTC,1.39553,1.39541,0.0018,0.0012
28.10.2025 15:03:17.752 UTC,1.39552,1.39542,0.00285,0.0012
28.10.2025 15:03:17.805 UTC,1.3955,1.3954,0.0012,0.00315
28.10.2025 15:03:17.909 UTC,1.3955,1.39539,0.0012,0.0012
28.10.2025 15:03:17.961 UTC,1.39551,1.39537,0.00234,0.00315
28.10.2025 15:03:18.064 UTC,1.39552,1.39538,0.00294,0.0024
28.10.2025 15:03:18.167 UTC,1.39551,1.39539,0.00279,0.0024
28.10.2025 15:03:18.269 UTC,1.39552,1.39538,0.00279,0.00225
28.10.2025 15:03:18.777 UTC,1.39551,1.39538,0.0012,0.00225
28.10.2025 15:03:19.034 UTC,1.39552,1.39538,0.00384,0.0024
28.10.2025 15:03:20.199 UTC,1.39549,1.3954,0.0012,0.0012
28.10.2025 15:03:20.302 UTC,1.39551,1.3954,0.00294,0.0012
28.10.2025 15:03:20.555 UTC,1.39552,1.39539,0.00234,0.0018
28.10.2025 15:03:20.961 UTC,1.39552,1.39538,0.00369,0.00225
28.10.2025 15:03:21.087 UTC,1.3955,1.39539,0.0012,0.0012
28.10.2025 15:03:21.191 UTC,1.39549,1.39539,0.0012,0.0012
28.10.2025 15:03:21.294 UTC,1.39551,1.39538,0.00135,0.00195
28.10.2025 15:03:21.397 UTC,1.3955,1.3954,0.0018,0.00135
28.10.2025 15:03:21.598 UTC,1.3955,1.3954,0.0018,0.0018
28.10.2025 15:03:21.751 UTC,1.3955,1.3954,0.00225,0.0012
28.10.2025 15:03:22.710 UTC,1.39552,1.39539,0.00279,0.00135
28.10.2025 15:03:22.862 UTC,1.39551,1.39539,0.00135,0.00135
28.10.2025 15:03:22.966 UTC,1.39547,1.39538,0.0012,0.0018
28.10.2025 15:03:23.475 UTC,1.39548,1.39538,0.00135,0.0012
28.10.2025 15:03:24.940 UTC,1.39548,1.39537,0.0012,0.0012
28.10.2025 15:03:27.256 UTC,1.39547,1.39536,0.0012,0.0012
28.10.2025 15:03:28.065 UTC,1.39547,1.39537,0.0012,0.00189
28.10.2025 15:03:32.940 UTC,1.39547,1.39536,0.0012,0.00144
28.10.2025 15:03:33.043 UTC,1.39548,1.39537,0.00294,0.00144
28.10.2025 15:03:33.394 UTC,1.39549,1.39539,0.00294,0.0012
28.10.2025 15:03:33.446 UTC,1.39548,1.39537,0.00294,0.00144
28.10.2025 15:03:34.602 UTC,1.39547,1.39536,0.0012,0.00144
28.10.2025 15:03:37.168 UTC,1.39548,1.39536,0.00135,0.00144
28.10.2025 15:03:37.624 UTC,1.39548,1.39536,0.00135,0.00192
28.10.2025 15:03:37.727 UTC,1.39547,1.39536,0.00135,0.00132
28.10.2025 15:03:41.800 UTC,1.39548,1.39537,0.0024,0.00249
28.10.2025 15:03:42.102 UTC,1.39549,1.39536,0.00285,0.00234
28.10.2025 15:03:43.113 UTC,1.39549,1.39536,0.0024,0.00249
28.10.2025 15:03:43.215 UTC,1.39549,1.39536,0.00285,0.00234
28.10.2025 15:03:44.524 UTC,1.39547,1.39537,0.00135,0.00234
28.10.2025 15:03:49.277 UTC,1.39547,1.39537,0.0012,0.0012
28.10.2025 15:03:49.382 UTC,1.39548,1.39535,0.00195,0.00225
28.10.2025 15:03:50.153 UTC,1.39547,1.39535,0.0012,0.0018
28.10.2025 15:03:50.306 UTC,1.39547,1.39535,0.0012,0.0012
28.10.2025 15:03:53.367 UTC,1.39547,1.39535,0.0018,0.0018
28.10.2025 15:03:53.471 UTC,1.39547,1.39535,0.0018,0.00135
28.10.2025 15:03:53.573 UTC,1.39547,1.39535,0.0018,0.0018
28.10.2025 15:03:53.826 UTC,1.39547,1.39535,0.0018,0.00135
28.10.2025 15:03:55.389 UTC,1.39548,1.39535,0.00375,0.00135
28.10.2025 15:03:57.299 UTC,1.39547,1.39536,0.00375,0.00147
28.10.2025 15:04:00.415 UTC,1.39549,1.39536,0.00204,0.00144
28.10.2025 15:04:00.518 UTC,1.3955,1.39536,0.00285,0.00246
28.10.2025 15:04:00.670 UTC,1.39549,1.39536,0.00135,0.00246
28.10.2025 15:04:01.985 UTC,1.39548,1.39537,0.0012,0.00153
28.10.2025 15:04:02.793 UTC,1.3955,1.39536,0.00285,0.00168
28.10.2025 15:04:02.946 UTC,1.39548,1.39537,0.00189,0.00243
28.10.2025 15:04:03.049 UTC,1.39548,1.39536,0.0012,0.00132
28.10.2025 15:04:03.151 UTC,1.39548,1.39536,0.0018,0.00132
28.10.2025 15:04:04.765 UTC,1.39544,1.39535,0.0012,0.00135
28.10.2025 15:04:04.870 UTC,1.3954,1.39528,0.00282,0.0027
28.10.2025 15:04:04.922 UTC,1.3954,1.39534,0.0012,0.0012
28.10.2025 15:04:04.974 UTC,1.39541,1.39528,0.0018,0.0012
28.10.2025 15:04:05.330 UTC,1.39541,1.39527,0.0018,0.00189
28.10.2025 15:04:05.433 UTC,1.39541,1.39527,0.0024,0.00132
28.10.2025 15:04:05.840 UTC,1.3954,1.39527,0.00192,0.0012
28.10.2025 15:04:06.419 UTC,1.39541,1.39528,0.00339,0.0012
28.10.2025 15:04:07.326 UTC,1.3954,1.39528,0.00249,0.0012
28.10.2025 15:04:08.336 UTC,1.39539,1.39527,0.00192,0.0012
28.10.2025 15:04:09.053 UTC,1.39541,1.39529,0.00387,0.0012
28.10.2025 15:04:09.206 UTC,1.39541,1.39528,0.00294,0.0018
28.10.2025 15:04:09.866 UTC,1.39541,1.39532,0.0018,0.0012
28.10.2025 15:04:09.969 UTC,1.39544,1.39534,0.00144,0.0012
28.10.2025 15:04:10.071 UTC,1.39545,1.39532,0.00144,0.0012
28.10.2025 15:04:10.326 UTC,1.39545,1.39533,0.00144,0.0012
28.10.2025 15:04:10.683 UTC,1.39545,1.39535,0.00252,0.0012
28.10.2025 15:04:12.046 UTC,1.39546,1.39534,0.00135,0.0012
28.10.2025 15:04:12.302 UTC,1.39546,1.39534,0.0018,0.0012
28.10.2025 15:04:13.268 UTC,1.39546,1.39534,0.0024,0.0018
28.10.2025 15:04:13.523 UTC,1.39546,1.39534,0.0024,0.00135
28.10.2025 15:04:15.291 UTC,1.39543,1.39535,0.0012,0.00135
28.10.2025 15:04:15.494 UTC,1.39545,1.39535,0.0024,0.00135
28.10.2025 15:04:16.253 UTC,1.39546,1.39535,0.0024,0.0012
28.10.2025 15:04:16.455 UTC,1.39544,1.39535,0.0012,0.0012
28.10.2025 15:04:16.958 UTC,1.39546,1.39535,0.0024,0.0012
28.10.2025 15:04:18.320 UTC,1.39545,1.39536,0.00135,0.0012
28.10.2025 15:04:18.422 UTC,1.39546,1.39533,0.00135,0.0042
28.10.2025 15:04:18.777 UTC,1.39547,1.39534,0.00249,0.0018
28.10.2025 15:04:21.849 UTC,1.39548,1.39535,0.00204,0.00135
28.10.2025 15:04:22.154 UTC,1.39548,1.39535,0.00189,0.00135
28.10.2025 15:04:22.256 UTC,1.39547,1.39536,0.00204,0.00135
28.10.2025 15:04:24.506 UTC,1.39546,1.39536,0.0018,0.0012
28.10.2025 15:04:24.762 UTC,1.39547,1.39535,0.0024,0.00135
28.10.2025 15:04:26.932 UTC,1.39547,1.39534,0.0033,0.00225
28.10.2025 15:04:27.892 UTC,1.39546,1.39535,0.00384,0.00225
28.10.2025 15:04:28.247 UTC,1.39547,1.39534,0.00339,0.0024
28.10.2025 15:04:29.158 UTC,1.39547,1.39534,0.00384,0.00225
28.10.2025 15:04:29.411 UTC,1.39546,1.39535,0.0033,0.0024
28.10.2025 15:04:29.866 UTC,1.39547,1.39534,0.00375,0.00225
28.10.2025 15:04:30.269 UTC,1.39547,1.39534,0.0033,0.0024
28.10.2025 15:04:30.475 UTC,1.39547,1.39534,0.00375,0.00225
28.10.2025 15:04:30.577 UTC,1.39547,1.39534,0.0033,0.0033
28.10.2025 15:04:31.132 UTC,1.39547,1.39534,0.00339,0.00315
28.10.2025 15:04:31.789 UTC,1.39546,1.39535,0.00384,0.00225
28.10.2025 15:04:31.942 UTC,1.39547,1.39534,0.00339,0.0024
28.10.2025 15:04:32.142 UTC,1.39547,1.39534,0.00384,0.00225
28.10.2025 15:04:32.803 UTC,1.39547,1.39534,0.00339,0.0024
28.10.2025 15:04:32.905 UTC,1.39547,1.39534,0.00384,0.00225
28.10.2025 15:04:35.441 UTC,1.39547,1.39534,0.00339,0.0024
28.10.2025 15:04:35.543 UTC,1.39547,1.39534,0.00384,0.00225
28.10.2025 15:04:36.551 UTC,1.39547,1.39534,0.00249,0.0024
28.10.2025 15:04:36.653 UTC,1.39547,1.39534,0.00294,0.00225
28.10.2025 15:04:36.907 UTC,1.39547,1.39534,0.00339,0.0024
28.10.2025 15:04:37.718 UTC,1.39545,1.39534,0.00237,0.0012
28.10.2025 15:04:37.821 UTC,1.39544,1.39533,0.00132,0.0012
28.10.2025 15:04:37.924 UTC,1.39544,1.39534,0.00249,0.0012
28.10.2025 15:04:38.079 UTC,1.39544,1.39534,0.00135,0.0018
28.10.2025 15:04:39.346 UTC,1.39544,1.39535,0.00192,0.0018
28.10.2025 15:04:39.450 UTC,1.39546,1.39535,0.00132,0.0012
28.10.2025 15:04:39.502 UTC,1.39547,1.39535,0.00432,0.0012
28.10.2025 15:04:44.143 UTC,1.39545,1.39536,0.00195,0.0012
28.10.2025 15:04:44.802 UTC,1.39546,1.39535,0.00204,0.0012
28.10.2025 15:04:45.360 UTC,1.39546,1.39534,0.00204,0.0012
28.10.2025 15:04:46.016 UTC,1.39545,1.39535,0.00195,0.0012
28.10.2025 15:04:46.473 UTC,1.39547,1.39534,0.00195,0.00135
28.10.2025 15:04:46.626 UTC,1.39546,1.39535,0.00285,0.00135
28.10.2025 15:04:47.285 UTC,1.39547,1.39535,0.0012,0.0012
28.10.2025 15:04:47.439 UTC,1.39548,1.39535,0.00285,0.00135
28.10.2025 15:04:49.769 UTC,1.39547,1.39535,0.00195,0.0012
28.10.2025 15:04:50.178 UTC,1.39545,1.39534,0.00285,0.0012
28.10.2025 15:04:51.137 UTC,1.39546,1.39534,0.00285,0.0012
28.10.2025 15:04:55.853 UTC,1.39545,1.39535,0.0018,0.00135
28.10.2025 15:04:55.955 UTC,1.39546,1.39533,0.00195,0.00225
28.10.2025 15:04:56.109 UTC,1.39545,1.39533,0.0012,0.0018
28.10.2025 15:04:56.768 UTC,1.39545,1.39534,0.0024,0.0024
28.10.2025 15:04:56.970 UTC,1.39545,1.39534,0.00285,0.00225
28.10.2025 15:04:57.323 UTC,1.39546,1.39533,0.0024,0.0024
28.10.2025 15:04:57.626 UTC,1.39546,1.39533,0.00285,0.00225
28.10.2025 15:04:57.780 UTC,1.39545,1.39534,0.0024,0.0024
28.10.2025 15:04:59.791 UTC,1.39546,1.39533,0.00285,0.00225
28.10.2025 15:05:01.809 UTC,1.39546,1.39534,0.0018,0.00135
28.10.2025 15:05:01.911 UTC,1.39545,1.39535,0.0018,0.00135
28.10.2025 15:05:02.937 UTC,1.39546,1.39534,0.00135,0.00135
28.10.2025 15:05:03.039 UTC,1.39546,1.39533,0.0018,0.0024
28.10.2025 15:05:03.496 UTC,1.39546,1.39534,0.0018,0.0024
28.10.2025 15:05:03.599 UTC,1.39546,1.39534,0.00135,0.0024
28.10.2025 15:05:03.855 UTC,1.39548,1.39538,0.00294,0.0012
28.10.2025 15:05:03.908 UTC,1.39547,1.39536,0.00195,0.00225
28.10.2025 15:05:03.959 UTC,1.39548,1.39535,0.0027,0.00225
28.10.2025 15:05:04.113 UTC,1.39548,1.39535,0.00285,0.00135
28.10.2025 15:05:04.872 UTC,1.39547,1.39535,0.00195,0.0012
28.10.2025 15:05:07.649 UTC,1.39549,1.39536,0.0018,0.00234
28.10.2025 15:05:07.802 UTC,1.3955,1.39537,0.00195,0.0018
28.10.2025 15:05:07.906 UTC,1.39549,1.39536,0.00135,0.00279
28.10.2025 15:05:09.169 UTC,1.39548,1.39537,0.00285,0.0012
28.10.2025 15:05:09.727 UTC,1.39548,1.39534,0.00294,0.0033
28.10.2025 15:05:10.087 UTC,1.39548,1.39534,0.0024,0.00285
28.10.2025 15:05:10.189 UTC,1.39547,1.39536,0.00285,0.00135
28.10.2025 15:05:10.895 UTC,1.39547,1.39537,0.0018,0.00135
28.10.2025 15:05:10.949 UTC,1.39549,1.39538,0.0018,0.0012
28.10.2025 15:05:11.054 UTC,1.39548,1.39538,0.0018,0.0012
28.10.2025 15:05:11.158 UTC,1.39549,1.39536,0.00285,0.00225
28.10.2025 15:05:13.033 UTC,1.39547,1.39534,0.00135,0.00225
28.10.2025 15:05:13.187 UTC,1.39547,1.39534,0.00195,0.00225
28.10.2025 15:05:13.443 UTC,1.39546,1.39535,0.00195,0.00135
28.10.2025 15:05:13.698 UTC,1.39547,1.39534,0.00195,0.00135
28.10.2025 15:05:13.800 UTC,1.39547,1.39533,0.0024,0.0027
28.10.2025 15:05:14.907 UTC,1.39547,1.39533,0.00285,0.00315
28.10.2025 15:05:15.264 UTC,1.39546,1.39534,0.00285,0.0024
28.10.2025 15:05:16.324 UTC,1.39547,1.39534,0.00135,0.0024
28.10.2025 15:05:16.428 UTC,1.39548,1.39535,0.00135,0.00135
28.10.2025 15:05:16.935 UTC,1.39549,1.39536,0.0018,0.0012
28.10.2025 15:05:17.090 UTC,1.39549,1.39536,0.00135,0.00234
28.10.2025 15:05:17.394 UTC,1.39549,1.39536,0.00135,0.00339
28.10.2025 15:05:17.973 UTC,1.3955,1.3954,0.0018,0.00132
28.10.2025 15:05:18.077 UTC,1.39553,1.39542,0.0024,0.0012
28.10.2025 15:05:18.235 UTC,1.39551,1.39539,0.0024,0.0012
28.10.2025 15:05:18.287 UTC,1.3955,1.39537,0.0027,0.00135
28.10.2025 15:05:18.345 UTC,1.39549,1.39536,0.0018,0.00135
28.10.2025 15:05:19.464 UTC,1.39548,1.39537,0.0018,0.00249
28.10.2025 15:05:20.225 UTC,1.39548,1.39537,0.0018,0.00132
28.10.2025 15:05:21.031 UTC,1.3955,1.39537,0.00285,0.0012
28.10.2025 15:05:23.549 UTC,1.39549,1.39537,0.00375,0.00225
28.10.2025 15:05:23.652 UTC,1.39548,1.39538,0.0012,0.0012
28.10.2025 15:05:24.314 UTC,1.39548,1.39537,0.0018,0.00135
28.10.2025 15:05:29.150 UTC,1.39548,1.39535,0.00135,0.00135
28.10.2025 15:05:30.809 UTC,1.39547,1.39536,0.0018,0.00225
28.10.2025 15:05:30.961 UTC,1.39547,1.39536,0.00135,0.00225
28.10.2025 15:05:31.214 UTC,1.39548,1.39535,0.00135,0.0033
28.10.2025 15:05:31.920 UTC,1.39547,1.39536,0.00135,0.00225
28.10.2025 15:05:32.472 UTC,1.39548,1.39535,0.00135,0.0024
28.10.2025 15:05:32.725 UTC,1.39547,1.39536,0.00135,0.00225
28.10.2025 15:05:34.085 UTC,1.39548,1.39537,0.00195,0.0012
28.10.2025 15:05:34.188 UTC,1.39549,1.39537,0.00195,0.0012
28.10.2025 15:05:34.292 UTC,1.39553,1.39541,0.0012,0.0012
28.10.2025 15:05:34.396 UTC,1.39554,1.39541,0.00375,0.0012
28.10.2025 15:05:35.257 UTC,1.39553,1.39541,0.0018,0.0012
28.10.2025 15:05:36.221 UTC,1.39553,1.39542,0.0018,0.00135
28.10.2025 15:05:36.324 UTC,1.39554,1.39542,0.0018,0.00135
28.10.2025 15:05:42.784 UTC,1.39552,1.39543,0.0012,0.0012
28.10.2025 15:05:46.068 UTC,1.39553,1.39543,0.00195,0.0012
28.10.2025 15:05:47.126 UTC,1.39553,1.39543,0.0012,0.0012
28.10.2025 15:05:47.231 UTC,1.39555,1.39543,0.00195,0.0012
28.10.2025 15:05:47.386 UTC,1.39553,1.39544,0.0024,0.0012
28.10.2025 15:06:00.062 UTC,1.39554,1.39544,0.0018,0.0018
28.10.2025 15:06:00.170 UTC,1.39555,1.39545,0.0012,0.0012
28.10.2025 15:06:00.222 UTC,1.39557,1.39544,0.00384,0.0012
28.10.2025 15:06:01.036 UTC,1.39556,1.39544,0.00192,0.0012
28.10.2025 15:06:01.141 UTC,1.39553,1.39544,0.0012,0.0012
28.10.2025 15:06:01.243 UTC,1.39554,1.39543,0.0018,0.0012
28.10.2025 15:06:01.753 UTC,1.39554,1.39542,0.0018,0.0012
28.10.2025 15:06:05.685 UTC,1.39554,1.39542,0.00135,0.00132
28.10.2025 15:06:06.584 UTC,1.39554,1.39541,0.0027,0.00144
28.10.2025 15:06:06.889 UTC,1.39554,1.39541,0.00225,0.00192
28.10.2025 15:06:09.462 UTC,1.39554,1.39541,0.00225,0.00204
28.10.2025 15:06:09.564 UTC,1.39553,1.39542,0.00225,0.00192
28.10.2025 15:06:10.374 UTC,1.39555,1.39542,0.0024,0.00144
28.10.2025 15:06:16.308 UTC,1.39549,1.39542,0.0018,0.0012
28.10.2025 15:06:16.361 UTC,1.39549,1.3954,0.0027,0.0012
28.10.2025 15:06:16.414 UTC,1.39548,1.39538,0.0027,0.0012
28.10.2025 15:06:16.465 UTC,1.39548,1.39535,0.0033,0.0012
28.10.2025 15:06:18.283 UTC,1.39547,1.39534,0.0024,0.0012
28.10.2025 15:06:22.562 UTC,1.39547,1.39537,0.00195,0.0012
28.10.2025 15:06:22.665 UTC,1.39547,1.39536,0.00195,0.0012
28.10.2025 15:06:23.220 UTC,1.39548,1.39538,0.00225,0.0012
28.10.2025 15:06:23.321 UTC,1.39547,1.39536,0.00285,0.0012
28.10.2025 15:06:25.438 UTC,1.39547,1.39534,0.0018,0.00135
28.10.2025 15:06:28.128 UTC,1.39547,1.39534,0.0018,0.0024
28.10.2025 15:06:28.682 UTC,1.39547,1.39534,0.00195,0.00225
28.10.2025 15:06:29.490 UTC,1.39547,1.39534,0.0024,0.0024
28.10.2025 15:06:30.093 UTC,1.39547,1.39534,0.0024,0.00225
28.10.2025 15:06:30.999 UTC,1.39547,1.39534,0.0024,0.0024
28.10.2025 15:06:31.453 UTC,1.39547,1.39534,0.0024,0.00225
28.10.2025 15:06:32.106 UTC,1.39547,1.39534,0.0024,0.0024
28.10.2025 15:06:32.660 UTC,1.39547,1.39534,0.00285,0.00225
28.10.2025 15:06:32.814 UTC,1.39547,1.39534,0.0024,0.0024
28.10.2025 15:06:33.621 UTC,1.39547,1.39534,0.00285,0.00225
28.10.2025 15:06:33.875 UTC,1.39548,1.39535,0.0024,0.00135
28.10.2025 15:06:33.979 UTC,1.39547,1.39536,0.00375,0.00135
28.10.2025 15:06:44.739 UTC,1.39548,1.39535,0.0024,0.00225
28.10.2025 15:06:44.892 UTC,1.39548,1.39535,0.00285,0.0018
28.10.2025 15:06:45.704 UTC,1.39547,1.39536,0.00285,0.0012
28.10.2025 15:06:45.808 UTC,1.39547,1.39534,0.00195,0.0027
28.10.2025 15:06:46.571 UTC,1.39544,1.39534,0.0012,0.0012
28.10.2025 15:06:46.674 UTC,1.39546,1.39533,0.00285,0.0012
28.10.2025 15:06:48.251 UTC,1.39544,1.39532,0.0012,0.0012
28.10.2025 15:06:48.355 UTC,1.39542,1.39532,0.0018,0.0012
28.10.2025 15:06:49.068 UTC,1.39544,1.39531,0.00195,0.00315
28.10.2025 15:06:49.172 UTC,1.39543,1.39533,0.0018,0.0012
28.10.2025 15:06:50.258 UTC,1.39545,1.39532,0.00285,0.0018
28.10.2025 15:06:50.363 UTC,1.39545,1.39532,0.0033,0.0012
28.10.2025 15:06:51.637 UTC,1.39545,1.39532,0.00375,0.0018
28.10.2025 15:06:51.740 UTC,1.39545,1.39532,0.0033,0.00135
28.10.2025 15:06:57.062 UTC,1.39545,1.39532,0.0042,0.00135
28.10.2025 15:06:57.368 UTC,1.39544,1.39533,0.0042,0.00135
28.10.2025 15:06:59.892 UTC,1.39545,1.39533,0.0012,0.00249
28.10.2025 15:07:00.099 UTC,1.39545,1.39533,0.0012,0.00234
28.10.2025 15:07:00.251 UTC,1.39545,1.39534,0.0012,0.0012
28.10.2025 15:07:02.521 UTC,1.39547,1.39534,0.0018,0.00234
28.10.2025 15:07:03.684 UTC,1.39548,1.39536,0.0012,0.0012
28.10.2025 15:07:12.422 UTC,1.39549,1.39536,0.0033,0.0018
28.10.2025 15:07:12.526 UTC,1.39551,1.39538,0.0012,0.00282
28.10.2025 15:07:12.579 UTC,1.3955,1.39539,0.0024,0.00324
28.10.2025 15:07:12.632 UTC,1.39552,1.39539,0.0024,0.00234
28.10.2025 15:07:12.735 UTC,1.39552,1.3954,0.0018,0.0012
28.10.2025 15:07:12.890 UTC,1.39553,1.3954,0.00375,0.0012
28.10.2025 15:07:17.092 UTC,1.39552,1.39541,0.0024,0.00192
28.10.2025 15:07:17.246 UTC,1.39552,1.39542,0.0018,0.00225
28.10.2025 15:07:18.962 UTC,1.39554,1.39542,0.00375,0.0012
28.10.2025 15:07:21.442 UTC,1.39555,1.39542,0.0024,0.00339
28.10.2025 15:07:21.545 UTC,1.39555,1.39542,0.0024,0.00249
28.10.2025 15:07:22.208 UTC,1.39554,1.39543,0.0024,0.00234
28.10.2025 15:07:23.014 UTC,1.39555,1.39542,0.0024,0.00249
28.10.2025 15:07:26.131 UTC,1.39554,1.39543,0.0018,0.00342
28.10.2025 15:07:26.183 UTC,1.39556,1.39543,0.0018,0.00297
28.10.2025 15:07:26.235 UTC,1.39556,1.39543,0.00135,0.00144
28.10.2025 15:07:27.749 UTC,1.39556,1.39543,0.00225,0.00249
28.10.2025 15:07:27.852 UTC,1.39555,1.39543,0.0012,0.00339
28.10.2025 15:07:28.005 UTC,1.39555,1.39543,0.0012,0.00324
28.10.2025 15:07:28.862 UTC,1.39554,1.39544,0.0012,0.00339
28.10.2025 15:07:29.165 UTC,1.39554,1.39544,0.00285,0.0018
28.10.2025 15:07:29.319 UTC,1.39555,1.39543,0.00135,0.0012
28.10.2025 15:07:29.422 UTC,1.39555,1.39543,0.00249,0.0012
28.10.2025 15:07:30.286 UTC,1.39555,1.39543,0.00135,0.00135
28.10.2025 15:07:30.632 UTC,1.39554,1.39544,0.00195,0.0012
28.10.2025 15:07:33.502 UTC,1.39554,1.39545,0.0018,0.0012
28.10.2025 15:07:33.656 UTC,1.39556,1.39544,0.00294,0.0012
28.10.2025 15:07:34.968 UTC,1.39555,1.39545,0.00225,0.0012
28.10.2025 15:07:39.474 UTC,1.39555,1.39546,0.00195,0.0012
28.10.2025 15:07:39.577 UTC,1.39555,1.39546,0.00285,0.0012
28.10.2025 15:07:40.384 UTC,1.39555,1.39544,0.0027,0.0012
28.10.2025 15:07:41.094 UTC,1.39555,1.39543,0.0018,0.0012
28.10.2025 15:07:42.903 UTC,1.39555,1.39542,0.0027,0.00234
28.10.2025 15:07:43.056 UTC,1.39553,1.39543,0.00135,0.00234
28.10.2025 15:07:43.160 UTC,1.39553,1.39542,0.00135,0.0012
28.10.2025 15:07:43.364 UTC,1.39552,1.39541,0.00315,0.00225
28.10.2025 15:07:44.123 UTC,1.39553,1.3954,0.00225,0.00342
28.10.2025 15:07:45.083 UTC,1.39552,1.39543,0.00225,0.0012
28.10.2025 15:07:45.893 UTC,1.39553,1.3954,0.00225,0.00429
28.10.2025 15:07:46.010 UTC,1.39552,1.39541,0.00225,0.00234
28.10.2025 15:07:46.467 UTC,1.39552,1.39539,0.00225,0.00279
28.10.2025 15:07:46.571 UTC,1.3955,1.3954,0.0012,0.0012
28.10.2025 15:07:46.675 UTC,1.39552,1.39539,0.00294,0.0012
28.10.2025 15:07:46.728 UTC,1.39552,1.39539,0.00225,0.00144
28.10.2025 15:07:46.832 UTC,1.39553,1.3954,0.00195,0.00132
28.10.2025 15:07:46.935 UTC,1.39553,1.39542,0.00285,0.00144
28.10.2025 15:07:47.087 UTC,1.39554,1.39541,0.00285,0.00144
28.10.2025 15:07:48.854 UTC,1.39554,1.39541,0.0024,0.00372
28.10.2025 15:07:48.958 UTC,1.39554,1.39542,0.00225,0.0012
28.10.2025 15:07:49.214 UTC,1.39555,1.39543,0.0024,0.00132
28.10.2025 15:07:49.317 UTC,1.39556,1.39543,0.00225,0.00189
28.10.2025 15:07:50.126 UTC,1.39555,1.39545,0.00225,0.0012
28.10.2025 15:07:52.488 UTC,1.39554,1.39543,0.0027,0.00234
28.10.2025 15:07:52.591 UTC,1.39554,1.39542,0.0012,0.00234
28.10.2025 15:07:53.819 UTC,1.39554,1.39542,0.00135,0.0024
28.10.2025 15:07:53.976 UTC,1.39554,1.39543,0.00375,0.00324
28.10.2025 15:07:54.488 UTC,1.39553,1.39543,0.00135,0.00249
28.10.2025 15:07:54.690 UTC,1.39554,1.39543,0.0033,0.00234
28.10.2025 15:07:54.894 UTC,1.39555,1.39543,0.0033,0.0012
28.10.2025 15:07:55.148 UTC,1.39555,1.39542,0.00375,0.00234
28.10.2025 15:07:55.251 UTC,1.39555,1.39542,0.0033,0.00249
28.10.2025 15:07:55.555 UTC,1.39554,1.39543,0.00225,0.00294
28.10.2025 15:07:55.659 UTC,1.39554,1.39542,0.00135,0.00234
28.10.2025 15:07:55.963 UTC,1.39555,1.39542,0.0033,0.00339
28.10.2025 15:07:56.718 UTC,1.39554,1.39543,0.00375,0.00324
28.10.2025 15:07:59.884 UTC,1.39554,1.39543,0.00225,0.00294
28.10.2025 15:08:00.140 UTC,1.39555,1.39542,0.00135,0.00324
28.10.2025 15:08:00.295 UTC,1.39555,1.39544,0.00315,0.0018
28.10.2025 15:08:00.850 UTC,1.39555,1.39544,0.00225,0.0024
28.10.2025 15:08:03.344 UTC,1.39556,1.39543,0.00225,0.00315
28.10.2025 15:08:03.947 UTC,1.39556,1.39543,0.00225,0.0033
28.10.2025 15:08:05.006 UTC,1.39556,1.39545,0.00135,0.0012
28.10.2025 15:08:05.459 UTC,1.39555,1.39545,0.0012,0.0012
28.10.2025 15:08:06.267 UTC,1.39554,1.39544,0.0012,0.0012
28.10.2025 15:08:10.009 UTC,1.39553,1.39542,0.0018,0.0012
28.10.2025 15:08:10.162 UTC,1.39552,1.39541,0.0012,0.0012
28.10.2025 15:08:10.617 UTC,1.39552,1.39542,0.00279,0.0012
28.10.2025 15:08:11.124 UTC,1.39551,1.39541,0.0012,0.0012
28.10.2025 15:08:11.780 UTC,1.39548,1.39537,0.0012,0.0018
28.10.2025 15:08:11.832 UTC,1.39552,1.39541,0.0036,0.00234
28.10.2025 15:08:11.936 UTC,1.39554,1.39541,0.0024,0.00279
28.10.2025 15:08:12.090 UTC,1.39554,1.39542,0.0033,0.0012
28.10.2025 15:08:12.597 UTC,1.39552,1.39542,0.00135,0.0012
28.10.2025 15:08:12.750 UTC,1.39552,1.39543,0.00135,0.0012
28.10.2025 15:08:12.854 UTC,1.39554,1.39542,0.00135,0.00315
28.10.2025 15:08:12.957 UTC,1.39554,1.39543,0.00135,0.00405
28.10.2025 15:08:13.615 UTC,1.39555,1.39542,0.00135,0.00339
28.10.2025 15:08:13.718 UTC,1.39556,1.39543,0.00135,0.00135
28.10.2025 15:08:14.727 UTC,1.39555,1.39543,0.0012,0.0018
28.10.2025 15:08:14.831 UTC,1.39553,1.39543,0.0012,0.0027
28.10.2025 15:08:16.136 UTC,1.39553,1.39542,0.0012,0.0012
28.10.2025 15:08:16.238 UTC,1.3955,1.39543,0.0012,0.0012
28.10.2025 15:08:16.289 UTC,1.39553,1.39542,0.0012,0.0012
28.10.2025 15:08:16.391 UTC,1.39553,1.39541,0.0012,0.0018
28.10.2025 15:08:16.495 UTC,1.39552,1.39541,0.0012,0.0012
28.10.2025 15:08:18.112 UTC,1.39552,1.39541,0.00285,0.0012
28.10.2025 15:08:18.669 UTC,1.39552,1.39539,0.00285,0.00324
28.10.2025 15:08:21.794 UTC,1.3955,1.39539,0.00195,0.00324
28.10.2025 15:08:21.948 UTC,1.39551,1.39538,0.00135,0.00324
28.10.2025 15:08:22.102 UTC,1.39552,1.3954,0.0018,0.00234
28.10.2025 15:08:22.154 UTC,1.39553,1.3954,0.0027,0.00324
28.10.2025 15:08:22.257 UTC,1.39553,1.39541,0.00135,0.0012
28.10.2025 15:08:22.612 UTC,1.39553,1.3954,0.0027,0.0012
28.10.2025 15:08:23.118 UTC,1.39552,1.3954,0.0027,0.0012
28.10.2025 15:08:23.271 UTC,1.39552,1.3954,0.00195,0.0012
28.10.2025 15:08:23.476 UTC,1.39552,1.39539,0.00285,0.0012
28.10.2025 15:08:23.631 UTC,1.3955,1.3954,0.00195,0.0012
28.10.2025 15:08:23.683 UTC,1.3955,1.39537,0.00135,0.00414
28.10.2025 15:08:24.087 UTC,1.39548,1.39538,0.0012,0.00279
28.10.2025 15:08:26.156 UTC,1.39549,1.39536,0.00315,0.00132
28.10.2025 15:08:26.258 UTC,1.39549,1.39537,0.00225,0.00132
28.10.2025 15:08:26.914 UTC,1.39548,1.39537,0.00225,0.00405
28.10.2025 15:08:27.169 UTC,1.39549,1.39536,0.00225,0.0042
28.10.2025 15:08:27.271 UTC,1.39547,1.39536,0.00135,0.0012
28.10.2025 15:08:27.375 UTC,1.39549,1.39536,0.00135,0.00234
28.10.2025 15:08:27.782 UTC,1.39548,1.39537,0.00135,0.00249
28.10.2025 15:08:27.986 UTC,1.39548,1.39536,0.0012,0.00234
28.10.2025 15:08:29.550 UTC,1.39548,1.39537,0.0027,0.00234
28.10.2025 15:08:29.652 UTC,1.39547,1.39537,0.0012,0.00234
28.10.2025 15:08:29.754 UTC,1.39548,1.39536,0.0012,0.00249
28.10.2025 15:08:30.057 UTC,1.39547,1.39537,0.0012,0.00234
28.10.2025 15:08:30.312 UTC,1.39549,1.39536,0.00135,0.00324
28.10.2025 15:08:30.415 UTC,1.39549,1.39536,0.00135,0.00327
28.10.2025 15:08:32.228 UTC,1.39549,1.39537,0.00135,0.00192
28.10.2025 15:08:32.433 UTC,1.39548,1.39538,0.00135,0.00144
28.10.2025 15:08:32.939 UTC,1.39549,1.39537,0.00135,0.00192
28.10.2025 15:08:33.336 UTC,1.39549,1.39537,0.00135,0.00144
28.10.2025 15:08:35.329 UTC,1.39549,1.39536,0.00135,0.00384
28.10.2025 15:08:35.480 UTC,1.39549,1.39536,0.00135,0.00429
28.10.2025 15:08:36.189 UTC,1.39547,1.39538,0.0012,0.0012
28.10.2025 15:08:36.846 UTC,1.39547,1.39537,0.0012,0.0012
28.10.2025 15:08:37.853 UTC,1.39547,1.39536,0.0012,0.0012
28.10.2025 15:08:37.956 UTC,1.39546,1.39536,0.0012,0.0012
28.10.2025 15:08:39.119 UTC,1.39547,1.39536,0.00135,0.0012
28.10.2025 15:08:42.204 UTC,1.39547,1.39535,0.0018,0.0012
28.10.2025 15:08:42.308 UTC,1.39545,1.39536,0.0012,0.00135
28.10.2025 15:08:43.621 UTC,1.39545,1.39537,0.0012,0.0012
28.10.2025 15:08:46.040 UTC,1.39546,1.39536,0.00195,0.0012
28.10.2025 15:08:46.144 UTC,1.39544,1.39535,0.00135,0.0012
28.10.2025 15:08:47.214 UTC,1.39545,1.39534,0.00375,0.0012
28.10.2025 15:08:48.985 UTC,1.39546,1.39534,0.0018,0.00234
28.10.2025 15:08:49.138 UTC,1.39545,1.39535,0.0012,0.00189
28.10.2025 15:08:49.444 UTC,1.39547,1.39535,0.0027,0.0012
28.10.2025 15:08:49.549 UTC,1.39548,1.39535,0.0024,0.00237
28.10.2025 15:08:49.653 UTC,1.39547,1.39536,0.00315,0.00189
28.10.2025 15:08:51.516 UTC,1.39547,1.39535,0.00135,0.0012
28.10.2025 15:08:51.672 UTC,1.39547,1.39536,0.0012,0.00132
28.10.2025 15:08:53.036 UTC,1.39546,1.39534,0.0012,0.00327
28.10.2025 15:08:53.190 UTC,1.39547,1.39534,0.0018,0.00327
28.10.2025 15:08:54.406 UTC,1.39546,1.39534,0.0012,0.00189
28.10.2025 15:08:56.430 UTC,1.39546,1.39534,0.0012,0.0018
28.10.2025 15:08:56.532 UTC,1.39547,1.39534,0.00315,0.0018
28.10.2025 15:08:56.991 UTC,1.39547,1.39534,0.0036,0.0018
28.10.2025 15:08:57.248 UTC,1.39546,1.39534,0.00135,0.00234
28.10.2025 15:08:59.263 UTC,1.39545,1.39535,0.0012,0.00339
28.10.2025 15:09:00.323 UTC,1.39545,1.39535,0.0012,0.00324
28.10.2025 15:09:01.532 UTC,1.39546,1.39534,0.0012,0.00339
28.10.2025 15:09:03.187 UTC,1.39547,1.39534,0.00315,0.00249
28.10.2025 15:09:04.042 UTC,1.39547,1.39534,0.0036,0.00234
28.10.2025 15:09:04.245 UTC,1.39546,1.39535,0.00375,0.00189
28.10.2025 15:09:04.397 UTC,1.39547,1.39534,0.0036,0.00234
28.10.2025 15:09:07.103 UTC,1.39547,1.39534,0.00315,0.00249
28.10.2025 15:09:07.307 UTC,1.39545,1.39535,0.0012,0.00339
28.10.2025 15:09:07.860 UTC,1.39546,1.39534,0.0012,0.00324
28.10.2025 15:09:09.516 UTC,1.39545,1.39535,0.0012,0.00339
28.10.2025 15:09:10.773 UTC,1.39545,1.39535,0.0012,0.00324
28.10.2025 15:09:11.734 UTC,1.39547,1.39535,0.00225,0.00324
28.10.2025 15:09:11.939 UTC,1.39547,1.39536,0.0018,0.0012
28.10.2025 15:09:12.998 UTC,1.39547,1.39535,0.0012,0.00234
28.10.2025 15:09:13.251 UTC,1.39546,1.39536,0.0012,0.00249
28.10.2025 15:09:14.967 UTC,1.39547,1.39536,0.00225,0.00324
28.10.2025 15:09:15.629 UTC,1.39548,1.39535,0.00225,0.00339
28.10.2025 15:09:16.229 UTC,1.39546,1.39537,0.0012,0.00135
28.10.2025 15:09:18.642 UTC,1.39547,1.39535,0.0012,0.00414
28.10.2025 15:09:18.746 UTC,1.39547,1.39537,0.00225,0.0012
28.10.2025 15:09:20.105 UTC,1.39548,1.39535,0.00135,0.00324
28.10.2025 15:09:20.358 UTC,1.39547,1.39535,0.0012,0.00414
28.10.2025 15:09:22.569 UTC,1.39547,1.39535,0.0012,0.00429
28.10.2025 15:09:25.980 UTC,1.39548,1.39536,0.00225,0.00135
28.10.2025 15:09:28.790 UTC,1.39548,1.39537,0.00135,0.0012
28.10.2025 15:09:28.942 UTC,1.39548,1.39536,0.00135,0.0012
28.10.2025 15:09:31.203 UTC,1.39546,1.39537,0.0012,0.0012
28.10.2025 15:09:34.525 UTC,1.39548,1.39536,0.00225,0.0012
28.10.2025 15:09:36.995 UTC,1.39549,1.39537,0.00135,0.00132
28.10.2025 15:09:37.099 UTC,1.39552,1.3954,0.0018,0.00189
28.10.2025 15:09:37.153 UTC,1.39552,1.39541,0.0012,0.0012
28.10.2025 15:09:37.255 UTC,1.39553,1.39541,0.00135,0.0012
28.10.2025 15:09:38.219 UTC,1.39553,1.39542,0.0018,0.0012
28.10.2025 15:09:39.129 UTC,1.39553,1.39541,0.00225,0.0012
28.10.2025 15:09:39.282 UTC,1.39553,1.39541,0.0024,0.0012
28.10.2025 15:09:39.435 UTC,1.39552,1.39541,0.0036,0.00135
28.10.2025 15:09:39.539 UTC,1.39553,1.39539,0.0036,0.00324
28.10.2025 15:09:39.693 UTC,1.39553,1.3954,0.0036,0.0012
28.10.2025 15:09:39.846 UTC,1.39552,1.39539,0.0012,0.00324
28.10.2025 15:09:42.236 UTC,1.3955,1.39538,0.00135,0.0018
28.10.2025 15:09:42.340 UTC,1.39549,1.39538,0.0027,0.0012
28.10.2025 15:09:42.443 UTC,1.39548,1.39537,0.00324,0.0012
28.10.2025 15:09:42.547 UTC,1.39549,1.39537,0.00135,0.0012
28.10.2025 15:09:42.649 UTC,1.39549,1.39536,0.00315,0.00189
28.10.2025 15:09:42.855 UTC,1.39548,1.39535,0.00234,0.0018
28.10.2025 15:09:43.012 UTC,1.39548,1.39535,0.0033,0.00132
28.10.2025 15:09:43.922 UTC,1.39546,1.39535,0.0012,0.0012
28.10.2025 15:09:44.024 UTC,1.39548,1.39535,0.0033,0.0012
28.10.2025 15:09:44.327 UTC,1.39548,1.39535,0.00315,0.00132
28.10.2025 15:09:45.890 UTC,1.39547,1.39536,0.00339,0.0012
28.10.2025 15:09:45.992 UTC,1.39546,1.39535,0.00225,0.00279
28.10.2025 15:09:47.514 UTC,1.39546,1.39535,0.00234,0.0024
28.10.2025 15:09:48.974 UTC,1.39546,1.39537,0.00135,0.0012
28.10.2025 15:09:49.280 UTC,1.39547,1.39534,0.00135,0.0042
28.10.2025 15:09:50.701 UTC,1.39546,1.39535,0.0018,0.00135
28.10.2025 15:09:50.804 UTC,1.39547,1.39534,0.00135,0.0018
28.10.2025 15:09:51.613 UTC,1.39546,1.39535,0.0027,0.00225
28.10.2025 15:09:52.471 UTC,1.39547,1.39536,0.0018,0.0012
28.10.2025 15:09:52.522 UTC,1.39547,1.39534,0.0018,0.00315
28.10.2025 15:09:52.879 UTC,1.39547,1.39534,0.00135,0.0024
28.10.2025 15:09:53.183 UTC,1.39547,1.39534,0.0018,0.00315
28.10.2025 15:09:53.592 UTC,1.39547,1.39534,0.00135,0.0042
28.10.2025 15:09:54.400 UTC,1.39546,1.39534,0.0012,0.0042
28.10.2025 15:09:54.602 UTC,1.39546,1.39535,0.00135,0.0042
28.10.2025 15:09:59.037 UTC,1.39547,1.39534,0.0018,0.00405
28.10.2025 15:09:59.239 UTC,1.39547,1.39534,0.00135,0.0042
28.10.2025 15:09:59.441 UTC,1.39546,1.39534,0.0012,0.0042
28.10.2025 15:09:59.543 UTC,1.39547,1.39534,0.00135,0.0042
28.10.2025 15:09:59.998 UTC,1.39547,1.39534,0.0018,0.00405
28.10.2025 15:10:00.151 UTC,1.39546,1.39535,0.00135,0.0042
28.10.2025 15:10:01.414 UTC,1.39547,1.39534,0.0027,0.00315
28.10.2025 15:10:03.884 UTC,1.39547,1.39534,0.00375,0.00225
28.10.2025 15:10:03.989 UTC,1.39544,1.39531,0.0027,0.00135
28.10.2025 15:10:04.093 UTC,1.39543,1.39532,0.00294,0.0012
28.10.2025 15:10:05.399 UTC,1.39544,1.3953,0.00294,0.00315
28.10.2025 15:10:05.604 UTC,1.39544,1.39531,0.00294,0.0012
28.10.2025 15:10:06.064 UTC,1.39542,1.39532,0.0018,0.00135
28.10.2025 15:10:06.372 UTC,1.39542,1.39533,0.0018,0.0012
28.10.2025 15:10:06.577 UTC,1.39543,1.3953,0.00195,0.00225
28.10.2025 15:10:06.679 UTC,1.39543,1.39531,0.0018,0.0012
28.10.2025 15:10:06.832 UTC,1.39542,1.39531,0.0018,0.00135
28.10.2025 15:10:06.985 UTC,1.39543,1.39531,0.0018,0.0012
28.10.2025 15:10:07.703 UTC,1.39543,1.3953,0.00144,0.00135
28.10.2025 15:10:07.858 UTC,1.39543,1.39532,0.00144,0.0012
28.10.2025 15:10:07.963 UTC,1.39542,1.39532,0.00144,0.00135
28.10.2025 15:10:08.525 UTC,1.39542,1.39532,0.00144,0.0024
28.10.2025 15:10:11.868 UTC,1.39543,1.39531,0.00225,0.00234
28.10.2025 15:10:12.223 UTC,1.39543,1.39531,0.00225,0.00192
28.10.2025 15:10:12.476 UTC,1.39543,1.39531,0.00225,0.00144
28.10.2025 15:10:12.729 UTC,1.39543,1.39532,0.00225,0.00135
28.10.2025 15:10:13.751 UTC,1.39543,1.39531,0.00225,0.00234
28.10.2025 15:10:13.904 UTC,1.39543,1.39531,0.00225,0.00249
28.10.2025 15:10:14.460 UTC,1.39543,1.39531,0.00135,0.00144
28.10.2025 15:10:14.568 UTC,1.39542,1.39532,0.00147,0.00135
28.10.2025 15:10:14.672 UTC,1.39539,1.39526,0.00189,0.00452
28.10.2025 15:10:14.775 UTC,1.39537,1.39527,0.00132,0.00488
28.10.2025 15:10:16.793 UTC,1.39532,1.39521,0.00192,0.0018
28.10.2025 15:10:16.898 UTC,1.39522,1.39513,0.0012,0.0012
28.10.2025 15:10:17.002 UTC,1.39519,1.39512,0.0012,0.0012
28.10.2025 15:10:17.106 UTC,1.39523,1.39511,0.00192,0.0012
28.10.2025 15:10:17.258 UTC,1.39522,1.39512,0.00144,0.0012
28.10.2025 15:10:18.471 UTC,1.39525,1.39514,0.00252,0.0012
28.10.2025 15:10:18.575 UTC,1.39526,1.39513,0.0012,0.00234
28.10.2025 15:10:19.686 UTC,1.39527,1.39514,0.00135,0.0012
28.10.2025 15:10:20.749 UTC,1.39526,1.39514,0.0012,0.0012
28.10.2025 15:10:22.660 UTC,1.39524,1.39515,0.0012,0.0012
28.10.2025 15:10:22.816 UTC,1.39526,1.39514,0.00252,0.0012
28.10.2025 15:10:22.974 UTC,1.39526,1.39514,0.00249,0.0012
28.10.2025 15:10:25.688 UTC,1.39525,1.39513,0.00135,0.0012
28.10.2025 15:10:26.091 UTC,1.39524,1.39513,0.0012,0.0012
28.10.2025 15:10:30.987 UTC,1.39525,1.39513,0.00135,0.0012
28.10.2025 15:10:31.290 UTC,1.39525,1.39512,0.00144,0.00315
28.10.2025 15:10:31.395 UTC,1.39524,1.39511,0.00234,0.0012
28.10.2025 15:10:31.653 UTC,1.39524,1.39512,0.00144,0.0012
28.10.2025 15:10:31.956 UTC,1.39524,1.39511,0.00189,0.0012
28.10.2025 15:10:32.463 UTC,1.39524,1.39512,0.00144,0.0012
28.10.2025 15:10:33.322 UTC,1.39523,1.39512,0.00369,0.0012
28.10.2025 15:10:33.425 UTC,1.39524,1.39512,0.00135,0.0012
28.10.2025 15:10:36.546 UTC,1.39524,1.39512,0.00192,0.00135
28.10.2025 15:10:41.940 UTC,1.39524,1.39511,0.00252,0.00225
28.10.2025 15:10:43.004 UTC,1.39521,1.39511,0.00132,0.0012
28.10.2025 15:10:43.107 UTC,1.39522,1.3951,0.00192,0.0012
28.10.2025 15:10:43.159 UTC,1.39518,1.39509,0.00132,0.0012
28.10.2025 15:10:43.211 UTC,1.39518,1.39507,0.00132,0.0012
28.10.2025 15:10:43.315 UTC,1.39515,1.39508,0.00135,0.0012
28.10.2025 15:10:45.034 UTC,1.39517,1.39504,0.00192,0.0027
28.10.2025 15:10:45.494 UTC,1.39515,1.39503,0.00234,0.0012
28.10.2025 15:10:45.598 UTC,1.39515,1.39505,0.0018,0.0012
28.10.2025 15:10:45.753 UTC,1.39515,1.39508,0.00135,0.0012
28.10.2025 15:10:46.593 UTC,1.39518,1.39505,0.00195,0.00324
28.10.2025 15:10:48.207 UTC,1.39519,1.39505,0.00375,0.00339
28.10.2025 15:10:48.364 UTC,1.3952,1.39507,0.00285,0.0012
28.10.2025 15:10:48.467 UTC,1.39519,1.39506,0.0012,0.00279
28.10.2025 15:10:48.773 UTC,1.39521,1.39509,0.0018,0.00132
28.10.2025 15:10:48.877 UTC,1.39524,1.39511,0.00465,0.0012
28.10.2025 15:10:49.135 UTC,1.39524,1.39512,0.00135,0.0012
28.10.2025 15:10:49.945 UTC,1.39522,1.39512,0.00135,0.0012
28.10.2025 15:10:50.150 UTC,1.39522,1.39511,0.0012,0.0012
28.10.2025 15:10:50.253 UTC,1.39522,1.3951,0.00135,0.0018
28.10.2025 15:10:50.306 UTC,1.3952,1.3951,0.0012,0.0012
28.10.2025 15:10:50.409 UTC,1.3952,1.3951,0.0027,0.0012
28.10.2025 15:10:50.511 UTC,1.39521,1.39509,0.00285,0.0012
28.10.2025 15:10:50.764 UTC,1.39521,1.39508,0.00375,0.0012
28.10.2025 15:10:51.576 UTC,1.39517,1.39508,0.0012,0.00132
28.10.2025 15:10:54.935 UTC,1.39517,1.3951,0.0012,0.0012
28.10.2025 15:10:54.987 UTC,1.39517,1.39508,0.0012,0.00144
28.10.2025 15:10:55.191 UTC,1.39516,1.39506,0.0012,0.0018
28.10.2025 15:10:55.295 UTC,1.39516,1.39505,0.0012,0.0012
28.10.2025 15:10:55.398 UTC,1.39516,1.39504,0.00135,0.00189
28.10.2025 15:10:55.705 UTC,1.39516,1.39506,0.0012,0.00135
28.10.2025 15:11:01.855 UTC,1.39516,1.39508,0.0012,0.0012
28.10.2025 15:11:02.214 UTC,1.39517,1.39506,0.0012,0.00135
28.10.2025 15:11:02.317 UTC,1.39517,1.39507,0.0012,0.00135
28.10.2025 15:11:02.768 UTC,1.39516,1.39507,0.0012,0.00135
28.10.2025 15:11:02.871 UTC,1.39517,1.39507,0.0012,0.0012
28.10.2025 15:11:03.277 UTC,1.39516,1.39507,0.0012,0.00135
28.10.2025 15:11:03.938 UTC,1.39516,1.39508,0.0012,0.00135
28.10.2025 15:11:04.498 UTC,1.39517,1.39506,0.0012,0.00135
28.10.2025 15:11:05.411 UTC,1.39517,1.39506,0.0012,0.0018
28.10.2025 15:11:07.475 UTC,1.39517,1.39506,0.0012,0.00135
28.10.2025 15:11:09.128 UTC,1.39517,1.39506,0.0012,0.0018
28.10.2025 15:11:09.932 UTC,1.39516,1.39507,0.0012,0.00135
28.10.2025 15:11:10.386 UTC,1.39517,1.39505,0.0012,0.00225
28.10.2025 15:11:10.488 UTC,1.39516,1.39505,0.0012,0.00225
28.10.2025 15:11:11.148 UTC,1.39516,1.39506,0.0012,0.0018
28.10.2025 15:11:11.457 UTC,1.39516,1.39505,0.0012,0.00135
28.10.2025 15:11:14.695 UTC,1.39515,1.39506,0.0012,0.0018
28.10.2025 15:11:15.155 UTC,1.39515,1.39508,0.0012,0.0012
28.10.2025 15:11:15.962 UTC,1.39517,1.39507,0.0012,0.00285
28.10.2025 15:11:16.066 UTC,1.39518,1.39507,0.0012,0.00225
28.10.2025 15:11:16.169 UTC,1.39518,1.39508,0.0012,0.0012
28.10.2025 15:11:16.272 UTC,1.39517,1.39507,0.0012,0.00249
28.10.2025 15:11:16.730 UTC,1.39518,1.39507,0.0012,0.00249
28.10.2025 15:11:18.146 UTC,1.39517,1.39506,0.0012,0.00192
28.10.2025 15:11:18.451 UTC,1.39517,1.39505,0.0012,0.00192
28.10.2025 15:11:19.108 UTC,1.39516,1.39506,0.0012,0.00252
28.10.2025 15:11:19.775 UTC,1.39517,1.39505,0.0012,0.00252
28.10.2025 15:11:20.581 UTC,1.39517,1.39505,0.0012,0.00192
28.10.2025 15:11:22.090 UTC,1.39517,1.39508,0.0012,0.0012
28.10.2025 15:11:22.141 UTC,1.39516,1.39506,0.0012,0.00192
28.10.2025 15:11:23.400 UTC,1.39518,1.39506,0.0012,0.00234
28.10.2025 15:11:23.504 UTC,1.39518,1.39506,0.0012,0.00249
28.10.2025 15:11:24.160 UTC,1.39518,1.39506,0.0012,0.00144
28.10.2025 15:11:24.562 UTC,1.39518,1.39506,0.0012,0.00192
28.10.2025 15:11:25.115 UTC,1.39518,1.39506,0.0012,0.00132
28.10.2025 15:11:25.268 UTC,1.39518,1.39504,0.0012,0.00387
28.10.2025 15:11:25.371 UTC,1.39518,1.39504,0.0012,0.00342
28.10.2025 15:11:25.779 UTC,1.39517,1.39505,0.0012,0.00342
28.10.2025 15:11:26.131 UTC,1.39518,1.39504,0.0012,0.00342
28.10.2025 15:11:26.536 UTC,1.39518,1.39506,0.0012,0.00132
28.10.2025 15:11:26.639 UTC,1.39518,1.39506,0.0012,0.00249
28.10.2025 15:11:26.842 UTC,1.39518,1.39506,0.0012,0.00234
28.10.2025 15:11:27.045 UTC,1.39517,1.39507,0.0012,0.00249
28.10.2025 15:11:27.598 UTC,1.39517,1.39507,0.0012,0.00234
28.10.2025 15:11:30.010 UTC,1.39518,1.39505,0.00225,0.00225
28.10.2025 15:11:30.112 UTC,1.39518,1.39505,0.0018,0.00249
28.10.2025 15:11:32.528 UTC,1.39516,1.39506,0.00135,0.0012
28.10.2025 15:11:33.039 UTC,1.39516,1.39507,0.0012,0.0012
28.10.2025 15:11:33.142 UTC,1.39516,1.39506,0.0012,0.00135
28.10.2025 15:11:33.244 UTC,1.39515,1.39505,0.00135,0.0012
28.10.2025 15:11:33.297 UTC,1.39513,1.39503,0.0012,0.0012
28.10.2025 15:11:33.451 UTC,1.39514,1.39503,0.0012,0.0012
28.10.2025 15:11:33.759 UTC,1.39513,1.39503,0.00189,0.0012
28.10.2025 15:11:33.862 UTC,1.39514,1.39503,0.00189,0.0012
28.10.2025 15:11:34.015 UTC,1.39514,1.39502,0.00189,0.0012
28.10.2025 15:11:34.119 UTC,1.39513,1.39504,0.0012,0.0012
28.10.2025 15:11:34.325 UTC,1.39514,1.39502,0.00132,0.0012
28.10.2025 15:11:34.428 UTC,1.39514,1.39503,0.00132,0.0012
28.10.2025 15:11:34.583 UTC,1.39513,1.39503,0.00132,0.0018
28.10.2025 15:11:34.686 UTC,1.39514,1.39503,0.00132,0.0012
28.10.2025 15:11:34.942 UTC,1.39514,1.39502,0.00132,0.0012
28.10.2025 15:11:35.298 UTC,1.39514,1.39501,0.00132,0.00225
28.10.2025 15:11:35.401 UTC,1.39513,1.39503,0.00132,0.0012
28.10.2025 15:11:35.712 UTC,1.39514,1.39501,0.00132,0.00405
28.10.2025 15:11:35.816 UTC,1.39514,1.39502,0.0012,0.0012
28.10.2025 15:11:36.733 UTC,1.39514,1.39501,0.00132,0.00405
28.10.2025 15:11:36.836 UTC,1.39514,1.39502,0.00132,0.00135
28.10.2025 15:11:37.295 UTC,1.39513,1.39503,0.00132,0.0018
28.10.2025 15:11:37.398 UTC,1.39514,1.39501,0.0012,0.0024
28.10.2025 15:11:37.553 UTC,1.39515,1.39502,0.0012,0.00342
28.10.2025 15:11:37.656 UTC,1.39515,1.39504,0.0012,0.00132
28.10.2025 15:11:37.759 UTC,1.39515,1.39505,0.0012,0.0012
28.10.2025 15:11:38.320 UTC,1.39517,1.39505,0.00135,0.00135
28.10.2025 15:11:38.424 UTC,1.39517,1.39504,0.0012,0.00315
28.10.2025 15:11:38.578 UTC,1.39517,1.39504,0.0012,0.00336
28.10.2025 15:11:41.058 UTC,1.39517,1.39508,0.0012,0.00132
28.10.2025 15:11:41.163 UTC,1.39519,1.39509,0.00135,0.00153
28.10.2025 15:11:41.267 UTC,1.39523,1.39514,0.00135,0.0012
28.10.2025 15:11:45.765 UTC,1.39525,1.39514,0.0012,0.0012
28.10.2025 15:11:46.671 UTC,1.39523,1.39515,0.0012,0.0012
28.10.2025 15:11:46.773 UTC,1.39523,1.39514,0.0012,0.00225
28.10.2025 15:11:47.131 UTC,1.39525,1.39513,0.0012,0.00315
28.10.2025 15:11:47.234 UTC,1.39525,1.39513,0.0012,0.0033
28.10.2025 15:11:49.044 UTC,1.39525,1.39513,0.0012,0.00315
28.10.2025 15:11:49.447 UTC,1.39525,1.39513,0.0012,0.0033
28.10.2025 15:11:50.103 UTC,1.39524,1.39515,0.0012,0.0018
28.10.2025 15:11:51.367 UTC,1.39525,1.39515,0.0012,0.0033
28.10.2025 15:11:51.721 UTC,1.39526,1.39516,0.0018,0.00135
28.10.2025 15:11:51.962 UTC,1.39529,1.39517,0.0033,0.00132
28.10.2025 15:11:52.021 UTC,1.39533,1.39522,0.0018,0.00135
28.10.2025 15:11:52.074 UTC,1.39535,1.39524,0.0027,0.0012
28.10.2025 15:11:52.886 UTC,1.39535,1.39525,0.00315,0.0012
28.10.2025 15:11:53.242 UTC,1.39534,1.39525,0.0012,0.0012
28.10.2025 15:11:53.345 UTC,1.39535,1.39523,0.0012,0.00135
28.10.2025 15:11:54.908 UTC,1.39536,1.39524,0.0012,0.0012
28.10.2025 15:11:55.012 UTC,1.39536,1.39523,0.0012,0.00315
28.10.2025 15:11:55.116 UTC,1.39536,1.39523,0.00285,0.0012
28.10.2025 15:11:55.217 UTC,1.39535,1.39524,0.0027,0.0012
28.10.2025 15:11:57.132 UTC,1.39536,1.39523,0.00285,0.0018
28.10.2025 15:11:57.685 UTC,1.39536,1.39523,0.0027,0.00225
28.10.2025 15:11:59.344 UTC,1.39534,1.39523,0.0012,0.0012
28.10.2025 15:11:59.395 UTC,1.39535,1.39524,0.0027,0.0012
28.10.2025 15:12:00.103 UTC,1.39534,1.39522,0.0012,0.00315
28.10.2025 15:12:00.668 UTC,1.39533,1.39523,0.0012,0.0033
28.10.2025 15:12:00.771 UTC,1.39533,1.39523,0.0012,0.00135
28.10.2025 15:12:00.925 UTC,1.39534,1.39521,0.00135,0.00324
28.10.2025 15:12:02.542 UTC,1.39533,1.39521,0.0012,0.00324
28.10.2025 15:12:02.645 UTC,1.39533,1.39522,0.0012,0.0012
28.10.2025 15:12:07.604 UTC,1.39532,1.39523,0.0012,0.0024
28.10.2025 15:12:08.060 UTC,1.39534,1.39524,0.0012,0.0012
28.10.2025 15:12:10.067 UTC,1.39535,1.39524,0.0012,0.0012
28.10.2025 15:12:11.220 UTC,1.39536,1.39524,0.0012,0.0018
28.10.2025 15:12:11.323 UTC,1.39535,1.39524,0.0012,0.0012
28.10.2025 15:12:11.578 UTC,1.39535,1.39522,0.0012,0.00414
28.10.2025 15:12:12.536 UTC,1.39535,1.39522,0.0012,0.00429
28.10.2025 15:12:12.790 UTC,1.39532,1.39521,0.0012,0.00324
28.10.2025 15:12:12.996 UTC,1.39533,1.39521,0.00225,0.0012
28.10.2025 15:12:13.558 UTC,1.39527,1.3952,0.0012,0.0012
28.10.2025 15:12:13.661 UTC,1.39529,1.39519,0.0012,0.0012
28.10.2025 15:12:13.714 UTC,1.39531,1.3952,0.0012,0.0012
28.10.2025 15:12:13.818 UTC,1.39532,1.39521,0.0012,0.0012
28.10.2025 15:12:13.973 UTC,1.39533,1.39522,0.00135,0.0012
28.10.2025 15:12:14.483 UTC,1.39534,1.39522,0.0012,0.0012
28.10.2025 15:12:14.635 UTC,1.39533,1.39524,0.0012,0.0012
28.10.2025 15:12:15.296 UTC,1.39534,1.39521,0.0012,0.0018
28.10.2025 15:12:16.563 UTC,1.39534,1.3952,0.0012,0.00279
28.10.2025 15:12:16.615 UTC,1.39532,1.39519,0.00459,0.00225
28.10.2025 15:12:16.719 UTC,1.3953,1.39519,0.00135,0.0012
28.10.2025 15:12:16.822 UTC,1.39528,1.39518,0.0012,0.00189
28.10.2025 15:12:16.962 UTC,1.3953,1.39517,0.0018,0.00144
28.10.2025 15:12:17.069 UTC,1.39529,1.39517,0.0012,0.0012
28.10.2025 15:12:18.943 UTC,1.39525,1.39516,0.0012,0.0018
28.10.2025 15:12:20.007 UTC,1.39527,1.39515,0.0012,0.0012
28.10.2025 15:12:20.108 UTC,1.39527,1.39514,0.0018,0.00279
28.10.2025 15:12:24.081 UTC,1.39527,1.39515,0.0018,0.0018
28.10.2025 15:12:24.188 UTC,1.3953,1.3952,0.0018,0.0018
28.10.2025 15:12:24.240 UTC,1.39528,1.39517,0.0018,0.0012
28.10.2025 15:12:24.411 UTC,1.39527,1.39515,0.0012,0.0012
28.10.2025 15:12:24.513 UTC,1.39526,1.39515,0.0012,0.00189
28.10.2025 15:12:26.125 UTC,1.39526,1.39516,0.0018,0.0012
28.10.2025 15:12:30.200 UTC,1.39526,1.39515,0.00225,0.00132
28.10.2025 15:12:30.354 UTC,1.39525,1.39514,0.0018,0.00237
28.10.2025 15:12:30.457 UTC,1.39525,1.39514,0.0018,0.00189
28.10.2025 15:12:35.210 UTC,1.39525,1.39514,0.0018,0.00249
28.10.2025 15:12:35.313 UTC,1.39523,1.39514,0.0012,0.0012
28.10.2025 15:12:35.416 UTC,1.39524,1.39512,0.0012,0.00225
28.10.2025 15:12:36.074 UTC,1.39525,1.39512,0.00135,0.00315
28.10.2025 15:12:37.489 UTC,1.39524,1.39514,0.00135,0.00225
28.10.2025 15:12:38.550 UTC,1.39525,1.39512,0.0012,0.00192
28.10.2025 15:12:38.705 UTC,1.39524,1.39514,0.0018,0.00135
28.10.2025 15:12:38.808 UTC,1.39524,1.39514,0.0018,0.00192
28.10.2025 15:12:39.360 UTC,1.39525,1.39513,0.0018,0.00144
28.10.2025 15:12:43.596 UTC,1.39526,1.39516,0.00192,0.0018
28.10.2025 15:12:43.649 UTC,1.39526,1.39512,0.00315,0.00414
28.10.2025 15:12:43.854 UTC,1.39526,1.39512,0.00225,0.00375
28.10.2025 15:12:44.110 UTC,1.39523,1.39513,0.0018,0.00135
28.10.2025 15:12:46.842 UTC,1.39523,1.39512,0.0012,0.00315
28.10.2025 15:12:50.070 UTC,1.39523,1.39513,0.0012,0.00135
28.10.2025 15:12:50.122 UTC,1.39525,1.39513,0.00135,0.00135
28.10.2025 15:12:50.327 UTC,1.39523,1.39514,0.0012,0.0012
28.10.2025 15:12:50.481 UTC,1.39524,1.39512,0.0012,0.00225
28.10.2025 15:12:50.635 UTC,1.39523,1.39513,0.0012,0.0024
28.10.2025 15:12:51.240 UTC,1.39523,1.39513,0.0012,0.00225
28.10.2025 15:12:53.659 UTC,1.39524,1.39514,0.0012,0.0012
28.10.2025 15:12:53.711 UTC,1.39524,1.39512,0.0012,0.00225
28.10.2025 15:12:54.616 UTC,1.39523,1.39512,0.0012,0.0012
28.10.2025 15:12:54.718 UTC,1.39523,1.39511,0.0018,0.00135
28.10.2025 15:12:56.334 UTC,1.39523,1.3951,0.0012,0.00195
28.10.2025 15:12:56.486 UTC,1.39523,1.3951,0.0012,0.0024
28.10.2025 15:12:56.792 UTC,1.39523,1.39512,0.0012,0.0012
28.10.2025 15:12:58.538 UTC,1.39523,1.39511,0.00135,0.00135
28.10.2025 15:12:58.741 UTC,1.39523,1.39512,0.00135,0.0012
28.10.2025 15:13:01.669 UTC,1.39523,1.39511,0.0012,0.00135
28.10.2025 15:13:01.821 UTC,1.39523,1.39511,0.0012,0.0018
28.10.2025 15:13:05.300 UTC,1.39522,1.39511,0.0012,0.0018
28.10.2025 15:13:05.453 UTC,1.39523,1.39511,0.0012,0.0018
28.10.2025 15:13:06.528 UTC,1.39523,1.3951,0.0012,0.0024
28.10.2025 15:13:06.887 UTC,1.39516,1.39506,0.00132,0.0081
28.10.2025 15:13:06.991 UTC,1.39515,1.39506,0.0012,0.0012
28.10.2025 15:13:07.094 UTC,1.39514,1.39505,0.0012,0.0012
28.10.2025 15:13:07.559 UTC,1.39515,1.39505,0.0012,0.0012
28.10.2025 15:13:07.662 UTC,1.39516,1.39505,0.0012,0.0018
28.10.2025 15:13:08.124 UTC,1.39515,1.39504,0.0012,0.0012
28.10.2025 15:13:08.227 UTC,1.39515,1.39503,0.0012,0.0018
28.10.2025 15:13:11.044 UTC,1.39515,1.39508,0.0012,0.0012
28.10.2025 15:13:11.148 UTC,1.39516,1.39506,0.0012,0.00225
28.10.2025 15:13:11.252 UTC,1.39516,1.39507,0.0012,0.0012
28.10.2025 15:13:12.113 UTC,1.39516,1.39506,0.0012,0.0018
28.10.2025 15:13:12.217 UTC,1.39516,1.39504,0.0012,0.0018
28.10.2025 15:13:12.576 UTC,1.39516,1.39507,0.0012,0.0012
28.10.2025 15:13:12.681 UTC,1.39516,1.39506,0.0012,0.0018
28.10.2025 15:13:13.087 UTC,1.39517,1.39506,0.0012,0.0012
28.10.2025 15:13:14.101 UTC,1.39517,1.39505,0.0012,0.00225
28.10.2025 15:13:14.205 UTC,1.39516,1.39504,0.0018,0.0012
28.10.2025 15:13:16.074 UTC,1.39515,1.39507,0.0018,0.0012
28.10.2025 15:13:16.630 UTC,1.39516,1.39504,0.0018,0.00135
28.10.2025 15:13:17.132 UTC,1.39515,1.39504,0.0012,0.00225
28.10.2025 15:13:17.285 UTC,1.39515,1.39504,0.0012,0.0024
28.10.2025 15:13:17.440 UTC,1.39515,1.39504,0.0012,0.0018
28.10.2025 15:13:18.398 UTC,1.39513,1.39505,0.0012,0.0012
28.10.2025 15:13:18.551 UTC,1.39513,1.39504,0.0012,0.00225
28.10.2025 15:13:18.957 UTC,1.39514,1.39503,0.0012,0.0024
28.10.2025 15:13:19.160 UTC,1.39513,1.39504,0.0012,0.00225
28.10.2025 15:13:19.312 UTC,1.39513,1.39504,0.0012,0.0024
28.10.2025 15:13:21.026 UTC,1.39514,1.39503,0.0012,0.00225
28.10.2025 15:13:21.078 UTC,1.39516,1.39504,0.0012,0.00225
28.10.2025 15:13:21.131 UTC,1.39516,1.39507,0.0012,0.0018
28.10.2025 15:13:21.438 UTC,1.39517,1.39507,0.0012,0.0012
28.10.2025 15:13:24.135 UTC,1.39521,1.3951,0.00262,0.0012
28.10.2025 15:13:24.239 UTC,1.39521,1.39511,0.0012,0.0012
28.10.2025 15:13:24.341 UTC,1.39522,1.39511,0.0012,0.0012
28.10.2025 15:13:26.823 UTC,1.39521,1.39511,0.0012,0.00195
28.10.2025 15:13:26.925 UTC,1.39522,1.39511,0.0012,0.00135
28.10.2025 15:13:27.029 UTC,1.39523,1.39511,0.0012,0.00225
28.10.2025 15:13:29.346 UTC,1.39523,1.39511,0.0012,0.0024
28.10.2025 15:13:29.951 UTC,1.39523,1.39512,0.0018,0.0024
28.10.2025 15:13:30.905 UTC,1.39524,1.39511,0.00225,0.00225
28.10.2025 15:13:31.204 UTC,1.39523,1.39511,0.0012,0.00225
28.10.2025 15:13:31.307 UTC,1.39524,1.39511,0.0018,0.0024
28.10.2025 15:13:35.286 UTC,1.39523,1.39512,0.0012,0.00225
28.10.2025 15:13:37.203 UTC,1.39523,1.39512,0.0012,0.0018
28.10.2025 15:13:40.057 UTC,1.39523,1.39512,0.0012,0.00135
28.10.2025 15:13:40.562 UTC,1.39524,1.39511,0.0018,0.0018
28.10.2025 15:13:41.069 UTC,1.39525,1.39512,0.0018,0.00234
28.10.2025 15:13:41.172 UTC,1.39524,1.39512,0.0012,0.00135
28.10.2025 15:13:43.655 UTC,1.39524,1.39511,0.0018,0.00225
28.10.2025 15:13:43.758 UTC,1.39523,1.39513,0.0027,0.0012
28.10.2025 15:13:45.229 UTC,1.39525,1.39512,0.0018,0.00225
28.10.2025 15:13:45.383 UTC,1.39525,1.39513,0.0027,0.00339
28.10.2025 15:13:45.486 UTC,1.39525,1.39513,0.00315,0.00339
28.10.2025 15:13:45.842 UTC,1.3953,1.3952,0.00192,0.00135
28.10.2025 15:13:45.947 UTC,1.39528,1.39518,0.0012,0.0018
28.10.2025 15:13:46.051 UTC,1.39527,1.39516,0.0012,0.0012
28.10.2025 15:13:46.205 UTC,1.39527,1.39517,0.0012,0.00132
28.10.2025 15:13:46.309 UTC,1.3953,1.39519,0.00225,0.0012
28.10.2025 15:13:46.488 UTC,1.39529,1.39518,0.00135,0.0012
28.10.2025 15:13:46.597 UTC,1.3953,1.39518,0.00135,0.00135
28.10.2025 15:13:46.700 UTC,1.39531,1.39517,0.0027,0.00339
28.10.2025 15:13:46.802 UTC,1.3953,1.39518,0.0012,0.00225
28.10.2025 15:13:47.061 UTC,1.39532,1.39521,0.0018,0.0012
28.10.2025 15:13:50.100 UTC,1.39527,1.39518,0.0018,0.00225
28.10.2025 15:13:50.204 UTC,1.39527,1.39515,0.0018,0.0018
28.10.2025 15:13:50.256 UTC,1.39527,1.39515,0.0018,0.0012
28.10.2025 15:13:50.358 UTC,1.39526,1.39515,0.0018,0.00132
28.10.2025 15:13:53.790 UTC,1.39526,1.39515,0.0018,0.00474
28.10.2025 15:13:54.194 UTC,1.39526,1.39514,0.0012,0.00474
28.10.2025 15:13:54.299 UTC,1.39526,1.39514,0.0018,0.00234
28.10.2025 15:13:54.402 UTC,1.39526,1.39513,0.0018,0.00414
28.10.2025 15:13:54.605 UTC,1.39525,1.39515,0.0018,0.0012
28.10.2025 15:13:55.062 UTC,1.39527,1.39514,0.0018,0.0033
28.10.2025 15:13:55.216 UTC,1.39527,1.39514,0.0012,0.00459
28.10.2025 15:13:55.368 UTC,1.39527,1.39515,0.0012,0.0012
28.10.2025 15:13:57.944 UTC,1.39527,1.39515,0.0012,0.0018
28.10.2025 15:13:58.046 UTC,1.39527,1.39515,0.0012,0.00135
28.10.2025 15:14:01.297 UTC,1.39525,1.39515,0.0012,0.0018
28.10.2025 15:14:01.400 UTC,1.39526,1.39513,0.0018,0.00234
28.10.2025 15:14:01.906 UTC,1.39525,1.39514,0.0018,0.00339
28.10.2025 15:14:02.915 UTC,1.39526,1.39513,0.00225,0.00315
28.10.2025 15:14:03.018 UTC,1.39525,1.39513,0.0012,0.00135
28.10.2025 15:14:03.172 UTC,1.39523,1.39513,0.0012,0.0012
28.10.2025 15:14:03.379 UTC,1.39523,1.3951,0.0012,0.0036
28.10.2025 15:14:05.768 UTC,1.39523,1.3951,0.0012,0.0042
28.10.2025 15:14:12.091 UTC,1.39522,1.39511,0.00135,0.0012
28.10.2025 15:14:12.347 UTC,1.39522,1.39512,0.00135,0.0012
28.10.2025 15:14:12.502 UTC,1.39521,1.39511,0.00132,0.0012
28.10.2025 15:14:12.555 UTC,1.39516,1.39507,0.0012,0.0012
28.10.2025 15:14:12.608 UTC,1.39515,1.39505,0.0012,0.0018
28.10.2025 15:14:12.915 UTC,1.39516,1.39505,0.0012,0.0018
28.10.2025 15:14:13.068 UTC,1.39517,1.39505,0.0012,0.0027
28.10.2025 15:14:13.221 UTC,1.39517,1.39506,0.0012,0.0012
28.10.2025 15:14:13.473 UTC,1.39518,1.39506,0.0012,0.0012
28.10.2025 15:14:13.577 UTC,1.39516,1.39506,0.0012,0.0012
28.10.2025 15:14:16.205 UTC,1.39515,1.39506,0.0012,0.00135
28.10.2025 15:14:17.731 UTC,1.39517,1.39505,0.0012,0.00135
28.10.2025 15:14:19.038 UTC,1.3952,1.39509,0.00247,0.0018
28.10.2025 15:14:19.142 UTC,1.39519,1.39508,0.0012,0.0012
28.10.2025 15:14:19.244 UTC,1.39518,1.39508,0.0012,0.0012
28.10.2025 15:14:20.007 UTC,1.39518,1.39509,0.0012,0.00132
28.10.2025 15:14:20.061 UTC,1.39521,1.39508,0.0012,0.00279
28.10.2025 15:14:20.218 UTC,1.3952,1.39507,0.0027,0.00225
28.10.2025 15:14:20.321 UTC,1.39519,1.39507,0.0012,0.0018
28.10.2025 15:14:22.342 UTC,1.39521,1.39508,0.0018,0.00414
28.10.2025 15:14:22.394 UTC,1.39522,1.3951,0.00225,0.0012
28.10.2025 15:14:22.756 UTC,1.39522,1.39508,0.00315,0.00279
28.10.2025 15:14:22.859 UTC,1.39521,1.39509,0.0012,0.0012
28.10.2025 15:14:22.962 UTC,1.39521,1.39508,0.0018,0.00225
28.10.2025 15:14:23.065 UTC,1.39521,1.39509,0.00225,0.0012
28.10.2025 15:14:23.167 UTC,1.3952,1.39509,0.00225,0.0012
28.10.2025 15:14:24.734 UTC,1.39522,1.39512,0.0012,0.0012
28.10.2025 15:14:24.888 UTC,1.39522,1.3951,0.0012,0.00135
28.10.2025 15:14:25.044 UTC,1.39522,1.39509,0.00135,0.00414
28.10.2025 15:14:25.702 UTC,1.39523,1.3951,0.00315,0.00225
28.10.2025 15:14:26.110 UTC,1.39522,1.39512,0.0018,0.0012
28.10.2025 15:14:27.932 UTC,1.39523,1.3951,0.00225,0.00405
28.10.2025 15:14:28.086 UTC,1.39523,1.3951,0.0027,0.0033
28.10.2025 15:14:28.189 UTC,1.39523,1.3951,0.00315,0.00315
28.10.2025 15:14:28.945 UTC,1.39523,1.3951,0.0027,0.0033
28.10.2025 15:14:30.260 UTC,1.39523,1.3951,0.0027,0.00369
28.10.2025 15:14:30.513 UTC,1.39522,1.39511,0.0027,0.00375
28.10.2025 15:14:32.633 UTC,1.39523,1.39511,0.0018,0.0018
28.10.2025 15:14:32.889 UTC,1.39523,1.39511,0.0012,0.00135
28.10.2025 15:14:33.195 UTC,1.39523,1.39511,0.0018,0.0018
28.10.2025 15:14:33.347 UTC,1.39522,1.39512,0.0018,0.00135
28.10.2025 15:14:33.450 UTC,1.39523,1.39511,0.0018,0.0018
28.10.2025 15:14:33.602 UTC,1.39523,1.39511,0.0018,0.00135
28.10.2025 15:14:35.013 UTC,1.39523,1.39511,0.0027,0.0018
28.10.2025 15:14:35.165 UTC,1.39523,1.39511,0.0027,0.00135
28.10.2025 15:14:36.172 UTC,1.39522,1.39511,0.00225,0.00369
28.10.2025 15:14:38.489 UTC,1.39523,1.3951,0.0027,0.00375
28.10.2025 15:14:38.592 UTC,1.39523,1.3951,0.00315,0.0036
28.10.2025 15:14:38.744 UTC,1.39523,1.3951,0.0027,0.00375
28.10.2025 15:14:38.997 UTC,1.39522,1.39511,0.00315,0.0036
28.10.2025 15:14:39.100 UTC,1.39523,1.39511,0.0027,0.00225
28.10.2025 15:14:40.362 UTC,1.3952,1.39511,0.0012,0.0036
28.10.2025 15:14:40.413 UTC,1.39522,1.39511,0.0027,0.0036
28.10.2025 15:14:40.665 UTC,1.39522,1.39511,0.0027,0.00375
28.10.2025 15:14:41.624 UTC,1.39524,1.39511,0.00315,0.0012
28.10.2025 15:14:41.777 UTC,1.39522,1.39512,0.0012,0.0012
28.10.2025 15:14:49.046 UTC,1.39525,1.39512,0.00315,0.00132
28.10.2025 15:14:49.149 UTC,1.39523,1.39512,0.0012,0.0012
28.10.2025 15:14:51.374 UTC,1.39523,1.3951,0.0012,0.00252
28.10.2025 15:14:52.334 UTC,1.39523,1.3951,0.0012,0.00297
28.10.2025 15:14:52.537 UTC,1.39522,1.39511,0.0012,0.00252
28.10.2025 15:14:52.640 UTC,1.39523,1.39512,0.0012,0.00249
28.10.2025 15:14:52.794 UTC,1.39524,1.39511,0.0018,0.00144
28.10.2025 15:14:52.949 UTC,1.39525,1.39512,0.0027,0.00132
28.10.2025 15:14:53.051 UTC,1.39525,1.39512,0.00225,0.00297
28.10.2025 15:14:53.155 UTC,1.39526,1.39513,0.0012,0.00249
28.10.2025 15:14:53.258 UTC,1.39526,1.39513,0.0027,0.0018
28.10.2025 15:14:54.121 UTC,1.39525,1.39513,0.0012,0.0018
28.10.2025 15:14:54.374 UTC,1.39525,1.39513,0.0012,0.00195
28.10.2025 15:14:54.880 UTC,1.39525,1.39513,0.0012,0.0018
28.10.2025 15:14:55.385 UTC,1.39526,1.39513,0.0027,0.00285
28.10.2025 15:14:55.538 UTC,1.39525,1.39514,0.0018,0.00279
28.10.2025 15:14:55.791 UTC,1.39526,1.39513,0.0027,0.00294
28.10.2025 15:14:56.147 UTC,1.39525,1.39513,0.0012,0.0018
28.10.2025 15:14:57.759 UTC,1.39525,1.39513,0.0012,0.00195
28.10.2025 15:14:58.475 UTC,1.39526,1.39513,0.0018,0.00384
28.10.2025 15:14:58.579 UTC,1.39526,1.3952,0.0012,0.0012
28.10.2025 15:14:58.989 UTC,1.39527,1.3952,0.0012,0.0012
28.10.2025 15:14:59.091 UTC,1.39527,1.39519,0.0012,0.00234
28.10.2025 15:14:59.951 UTC,1.39527,1.3952,0.0012,0.0012
28.10.2025 15:15:01.068 UTC,1.39532,1.3952,0.00135,0.0012
28.10.2025 15:15:02.083 UTC,1.39527,1.39519,0.0012,0.00135
28.10.2025 15:15:03.046 UTC,1.39532,1.39521,0.00135,0.0012
28.10.2025 15:15:03.301 UTC,1.39532,1.39522,0.00225,0.0012
28.10.2025 15:15:03.454 UTC,1.39532,1.39521,0.0012,0.0012
28.10.2025 15:15:05.689 UTC,1.39532,1.39522,0.00225,0.0012
28.10.2025 15:15:05.842 UTC,1.39536,1.39524,0.0018,0.00189
28.10.2025 15:15:05.946 UTC,1.39536,1.39525,0.0012,0.0027
28.10.2025 15:15:06.153 UTC,1.39536,1.39526,0.0012,0.0012
28.10.2025 15:15:06.712 UTC,1.39537,1.39524,0.0018,0.0027
28.10.2025 15:15:06.815 UTC,1.39536,1.39524,0.0012,0.0018
28.10.2025 15:15:07.681 UTC,1.39536,1.39524,0.0012,0.0024
28.10.2025 15:15:07.784 UTC,1.39536,1.39524,0.0012,0.00225
28.10.2025 15:15:07.886 UTC,1.39536,1.39524,0.0012,0.0018
28.10.2025 15:15:08.340 UTC,1.39535,1.39525,0.0012,0.00135
28.10.2025 15:15:09.254 UTC,1.39535,1.39522,0.0012,0.00384
28.10.2025 15:15:09.357 UTC,1.39534,1.39522,0.0012,0.00234
28.10.2025 15:15:09.562 UTC,1.39534,1.39523,0.0018,0.00135
28.10.2025 15:15:09.664 UTC,1.39534,1.39522,0.0012,0.00135
28.10.2025 15:15:10.773 UTC,1.39535,1.39522,0.0018,0.00135
28.10.2025 15:15:15.208 UTC,1.39533,1.39523,0.0012,0.0024
28.10.2025 15:15:15.311 UTC,1.39535,1.39522,0.0018,0.00135
28.10.2025 15:15:15.413 UTC,1.39536,1.39522,0.0027,0.00342
28.10.2025 15:15:15.517 UTC,1.39535,1.39522,0.0012,0.00339
28.10.2025 15:15:15.569 UTC,1.39534,1.39523,0.0012,0.00234
28.10.2025 15:15:15.672 UTC,1.39535,1.39522,0.0018,0.00249
28.10.2025 15:15:16.127 UTC,1.39535,1.39522,0.0018,0.00234
28.10.2025 15:15:17.638 UTC,1.39535,1.39522,0.0012,0.00339
28.10.2025 15:15:17.742 UTC,1.39536,1.39523,0.00315,0.00144
28.10.2025 15:15:18.053 UTC,1.39535,1.39522,0.0012,0.00234
28.10.2025 15:15:20.974 UTC,1.39535,1.39523,0.00225,0.0012
28.10.2025 15:15:25.863 UTC,1.39534,1.39524,0.0024,0.0012
28.10.2025 15:15:25.915 UTC,1.39536,1.39523,0.0018,0.00234
28.10.2025 15:15:26.020 UTC,1.39536,1.39525,0.0012,0.0012
28.10.2025 15:15:26.072 UTC,1.39538,1.39525,0.0018,0.00189
28.10.2025 15:15:26.175 UTC,1.39537,1.39525,0.0012,0.00189
28.10.2025 15:15:30.705 UTC,1.39537,1.39525,0.00135,0.0024
28.10.2025 15:15:32.015 UTC,1.39536,1.39525,0.0033,0.0018
28.10.2025 15:15:32.168 UTC,1.39537,1.39524,0.00315,0.0018
28.10.2025 15:15:33.822 UTC,1.39536,1.39525,0.0033,0.0018
28.10.2025 15:15:33.975 UTC,1.39536,1.39525,0.00315,0.0018
28.10.2025 15:15:35.335 UTC,1.39536,1.39524,0.00135,0.0018
28.10.2025 15:15:35.438 UTC,1.39536,1.39524,0.00225,0.00135
28.10.2025 15:15:35.539 UTC,1.39535,1.39525,0.00225,0.0018
28.10.2025 15:15:36.867 UTC,1.39536,1.39524,0.0018,0.00135
28.10.2025 15:15:37.776 UTC,1.39534,1.39524,0.0012,0.00144
28.10.2025 15:15:37.827 UTC,1.39536,1.39524,0.00225,0.00144
28.10.2025 15:15:40.740 UTC,1.39536,1.39524,0.0012,0.00192
28.10.2025 15:15:43.154 UTC,1.39536,1.39524,0.0012,0.00234
28.10.2025 15:15:43.256 UTC,1.39535,1.39525,0.0018,0.00225
28.10.2025 15:15:43.359 UTC,1.39536,1.39524,0.00135,0.00225
28.10.2025 15:15:44.014 UTC,1.39534,1.39525,0.0012,0.00225
28.10.2025 15:15:45.474 UTC,1.39533,1.39524,0.00225,0.0024
28.10.2025 15:15:45.579 UTC,1.39534,1.39523,0.0027,0.0012
28.10.2025 15:15:45.682 UTC,1.39534,1.39522,0.00315,0.0012
28.10.2025 15:15:46.290 UTC,1.39534,1.39521,0.0027,0.00234
28.10.2025 15:15:48.259 UTC,1.39534,1.39522,0.00225,0.0012
28.10.2025 15:15:48.705 UTC,1.39534,1.39521,0.00225,0.00189
28.10.2025 15:15:49.165 UTC,1.39534,1.39521,0.0018,0.00204
28.10.2025 15:15:50.019 UTC,1.39533,1.39522,0.0018,0.00189
28.10.2025 15:15:50.172 UTC,1.39533,1.39523,0.0012,0.0012
28.10.2025 15:15:50.576 UTC,1.39535,1.39522,0.00225,0.00144
28.10.2025 15:15:50.679 UTC,1.39536,1.39523,0.00225,0.00144
28.10.2025 15:15:50.782 UTC,1.39535,1.39524,0.00225,0.00204
28.10.2025 15:15:51.486 UTC,1.39536,1.39525,0.00225,0.0012
28.10.2025 15:15:54.258 UTC,1.39537,1.39526,0.0012,0.00192
28.10.2025 15:15:54.363 UTC,1.39541,1.39528,0.0018,0.00192
28.10.2025 15:15:55.274 UTC,1.39541,1.39531,0.0012,0.0012
28.10.2025 15:15:55.377 UTC,1.39542,1.39531,0.00225,0.0012
28.10.2025 15:15:55.530 UTC,1.39542,1.3953,0.0012,0.00135
28.10.2025 15:15:58.302 UTC,1.39542,1.3953,0.00225,0.00252
28.10.2025 15:15:58.410 UTC,1.39544,1.39532,0.0012,0.00192
28.10.2025 15:15:58.513 UTC,1.39545,1.39533,0.0012,0.00192
28.10.2025 15:15:58.618 UTC,1.39545,1.39534,0.0018,0.00192
28.10.2025 15:15:58.720 UTC,1.39545,1.39534,0.0018,0.00252
28.10.2025 15:15:59.883 UTC,1.39547,1.39534,0.00225,0.00144
28.10.2025 15:15:59.985 UTC,1.39546,1.39534,0.0012,0.00249
28.10.2025 15:16:00.342 UTC,1.39547,1.39534,0.00225,0.00294
28.10.2025 15:16:00.444 UTC,1.39546,1.39534,0.0012,0.00294
28.10.2025 15:16:10.479 UTC,1.39548,1.39536,0.0012,0.00144
28.10.2025 15:16:10.582 UTC,1.39548,1.39536,0.0012,0.00204
28.10.2025 15:16:11.748 UTC,1.39547,1.39535,0.00225,0.0018
28.10.2025 15:16:11.853 UTC,1.39546,1.39533,0.00234,0.0018
28.10.2025 15:16:11.957 UTC,1.39544,1.39534,0.0012,0.0018
28.10.2025 15:16:12.059 UTC,1.39544,1.39534,0.0012,0.0012
28.10.2025 15:16:12.871 UTC,1.39546,1.39533,0.0018,0.00144
28.10.2025 15:16:13.041 UTC,1.39545,1.39534,0.0018,0.00204
28.10.2025 15:16:13.146 UTC,1.39546,1.39533,0.00225,0.00189
28.10.2025 15:16:15.464 UTC,1.39545,1.39534,0.0024,0.00144
28.10.2025 15:16:15.667 UTC,1.39546,1.39534,0.0018,0.0012
28.10.2025 15:16:15.869 UTC,1.39546,1.39533,0.0024,0.00144
28.10.2025 15:16:22.882 UTC,1.39545,1.39533,0.0024,0.00132
28.10.2025 15:16:22.984 UTC,1.39544,1.39534,0.00225,0.00132
28.10.2025 15:16:23.086 UTC,1.39545,1.39533,0.0024,0.00132
28.10.2025 15:16:23.939 UTC,1.39544,1.39534,0.00225,0.00132
28.10.2025 15:16:24.041 UTC,1.39544,1.39534,0.0024,0.00132
28.10.2025 15:16:25.499 UTC,1.39545,1.39533,0.00225,0.0012
28.10.2025 15:16:26.353 UTC,1.39544,1.39534,0.0024,0.0012
28.10.2025 15:16:26.606 UTC,1.39544,1.39534,0.00225,0.0012
28.10.2025 15:16:26.758 UTC,1.39545,1.39533,0.0024,0.0012
28.10.2025 15:16:27.713 UTC,1.39545,1.39533,0.00225,0.0012
28.10.2025 15:16:27.816 UTC,1.39545,1.39533,0.0024,0.0012
28.10.2025 15:16:28.018 UTC,1.39545,1.39533,0.00225,0.0012
28.10.2025 15:16:28.621 UTC,1.39545,1.39533,0.0024,0.0012
28.10.2025 15:16:28.723 UTC,1.39545,1.39533,0.00225,0.0012
28.10.2025 15:16:28.829 UTC,1.39545,1.39533,0.0024,0.0012
28.10.2025 15:16:29.032 UTC,1.39545,1.39533,0.00225,0.0012
28.10.2025 15:16:29.735 UTC,1.39545,1.39533,0.0024,0.0012
28.10.2025 15:16:29.836 UTC,1.39545,1.39533,0.00225,0.0012
28.10.2025 15:16:29.939 UTC,1.39545,1.39533,0.0024,0.0012
28.10.2025 15:16:30.844 UTC,1.39544,1.39534,0.00225,0.0012
28.10.2025 15:16:30.989 UTC,1.39545,1.39533,0.0024,0.0012
28.10.2025 15:16:31.946 UTC,1.39545,1.39533,0.00135,0.0012
28.10.2025 15:16:32.048 UTC,1.39544,1.39534,0.0018,0.0012
28.10.2025 15:16:32.651 UTC,1.39545,1.39533,0.00135,0.0012
28.10.2025 15:16:38.741 UTC,1.39544,1.39534,0.0018,0.0012
28.10.2025 15:16:40.355 UTC,1.39543,1.39531,0.0012,0.00192
28.10.2025 15:16:40.458 UTC,1.39543,1.39531,0.0018,0.0012
28.10.2025 15:16:40.561 UTC,1.39543,1.39531,0.0012,0.0012
28.10.2025 15:16:44.198 UTC,1.39542,1.39532,0.0012,0.00195
28.10.2025 15:16:44.301 UTC,1.39542,1.39532,0.0012,0.00135
28.10.2025 15:16:44.907 UTC,1.39541,1.39531,0.0012,0.00135
28.10.2025 15:16:44.958 UTC,1.39543,1.39531,0.0012,0.00135
28.10.2025 15:16:52.933 UTC,1.39538,1.39528,0.0012,0.00135
28.10.2025 15:16:53.036 UTC,1.39538,1.39529,0.00315,0.0012
28.10.2025 15:16:53.087 UTC,1.39539,1.39526,0.00315,0.00144
28.10.2025 15:16:53.190 UTC,1.39538,1.39526,0.0012,0.00144
28.10.2025 15:16:53.292 UTC,1.39539,1.39526,0.00405,0.00144
28.10.2025 15:16:53.395 UTC,1.39537,1.39527,0.0012,0.00144
28.10.2025 15:16:53.497 UTC,1.39538,1.39527,0.00405,0.00144
28.10.2025 15:16:54.361 UTC,1.39538,1.39527,0.00225,0.00192
28.10.2025 15:16:54.565 UTC,1.39538,1.39529,0.0012,0.00132
28.10.2025 15:16:54.619 UTC,1.39543,1.39531,0.0012,0.00234
28.10.2025 15:16:54.773 UTC,1.39544,1.3953,0.00189,0.00192
28.10.2025 15:16:54.826 UTC,1.39541,1.3953,0.0018,0.00192
28.10.2025 15:16:54.928 UTC,1.39541,1.3953,0.0018,0.00147
28.10.2025 15:16:56.291 UTC,1.39542,1.39529,0.00225,0.00135
28.10.2025 15:16:56.695 UTC,1.3954,1.3953,0.0012,0.0027
28.10.2025 15:16:57.149 UTC,1.39542,1.39529,0.00135,0.00135
28.10.2025 15:16:57.251 UTC,1.39539,1.39528,0.0018,0.0018
28.10.2025 15:16:57.304 UTC,1.39537,1.39527,0.0012,0.00144
28.10.2025 15:16:57.458 UTC,1.39539,1.39526,0.0027,0.00189
28.10.2025 15:17:00.877 UTC,1.39539,1.39526,0.0018,0.00192
28.10.2025 15:17:00.929 UTC,1.3954,1.39528,0.00225,0.00342
28.10.2025 15:17:01.034 UTC,1.39541,1.3953,0.0012,0.00204
28.10.2025 15:17:01.897 UTC,1.3954,1.3953,0.00135,0.0012
28.10.2025 15:17:02.001 UTC,1.39539,1.39526,0.00315,0.00192
28.10.2025 15:17:02.053 UTC,1.39539,1.39526,0.00315,0.00144
28.10.2025 15:17:07.415 UTC,1.39537,1.39526,0.0012,0.00144
28.10.2025 15:17:07.466 UTC,1.39539,1.39526,0.0027,0.00144
28.10.2025 15:17:08.223 UTC,1.39538,1.39527,0.00135,0.00192
28.10.2025 15:17:10.093 UTC,1.39541,1.39528,0.0024,0.0018
28.10.2025 15:17:10.196 UTC,1.39541,1.39528,0.00135,0.00225
28.10.2025 15:17:10.601 UTC,1.39541,1.39528,0.00225,0.0024
28.10.2025 15:17:15.117 UTC,1.3954,1.39528,0.0012,0.0018
28.10.2025 15:17:15.225 UTC,1.39539,1.39526,0.0012,0.00249
28.10.2025 15:17:18.657 UTC,1.39539,1.39526,0.0018,0.00192
28.10.2025 15:17:18.761 UTC,1.39538,1.39527,0.0024,0.0018
28.10.2025 15:17:18.963 UTC,1.39539,1.39526,0.00225,0.0018
28.10.2025 15:17:20.624 UTC,1.39539,1.39526,0.0033,0.0018
28.10.2025 15:17:21.280 UTC,1.39539,1.39526,0.00315,0.00195
28.10.2025 15:17:21.432 UTC,1.39539,1.39526,0.0033,0.0018
28.10.2025 15:17:21.937 UTC,1.39539,1.39526,0.00225,0.00195
28.10.2025 15:17:25.706 UTC,1.39538,1.39527,0.0033,0.0018
28.10.2025 15:17:26.214 UTC,1.39539,1.39526,0.00225,0.00195
28.10.2025 15:17:29.794 UTC,1.39539,1.39526,0.0024,0.00192
28.10.2025 15:17:29.896 UTC,1.39539,1.39526,0.00225,0.00192
28.10.2025 15:17:30.050 UTC,1.39537,1.39526,0.00225,0.00192
28.10.2025 15:17:30.153 UTC,1.39537,1.39525,0.0012,0.00192
28.10.2025 15:17:30.204 UTC,1.39536,1.39526,0.0012,0.00144
28.10.2025 15:17:30.966 UTC,1.39537,1.39526,0.0027,0.00204
28.10.2025 15:17:32.637 UTC,1.39539,1.39527,0.0012,0.0012
28.10.2025 15:17:32.740 UTC,1.3954,1.39527,0.0027,0.0012
28.10.2025 15:17:32.843 UTC,1.39539,1.39528,0.00315,0.0018
28.10.2025 15:17:33.700 UTC,1.39539,1.39528,0.00225,0.00135
28.10.2025 15:17:33.803 UTC,1.3954,1.39527,0.00225,0.0018
28.10.2025 15:17:34.316 UTC,1.39539,1.39528,0.0024,0.0018
28.10.2025 15:17:38.098 UTC,1.39539,1.39528,0.00195,0.0018
28.10.2025 15:17:38.402 UTC,1.39539,1.39527,0.00135,0.0018
28.10.2025 15:17:38.955 UTC,1.39539,1.39527,0.00135,0.00135
28.10.2025 15:17:39.712 UTC,1.39539,1.39525,0.0033,0.00204
28.10.2025 15:17:39.966 UTC,1.39539,1.39526,0.00315,0.0012
28.10.2025 15:17:40.070 UTC,1.39537,1.39526,0.00135,0.00204
28.10.2025 15:17:41.238 UTC,1.39539,1.39525,0.0027,0.00294
28.10.2025 15:17:42.535 UTC,1.39539,1.39525,0.0033,0.00294
28.10.2025 15:17:44.092 UTC,1.39539,1.39525,0.00225,0.00297
28.10.2025 15:17:44.194 UTC,1.39539,1.39525,0.0024,0.00297
28.10.2025 15:17:44.347 UTC,1.39538,1.39527,0.00225,0.00132
28.10.2025 15:17:45.151 UTC,1.39538,1.39526,0.0024,0.00297
28.10.2025 15:17:48.072 UTC,1.39539,1.39525,0.00315,0.00207
28.10.2025 15:17:48.375 UTC,1.39539,1.39525,0.0033,0.00207
28.10.2025 15:17:50.185 UTC,1.39539,1.39526,0.00315,0.00132
28.10.2025 15:17:50.288 UTC,1.39539,1.39525,0.0033,0.00204
28.10.2025 15:17:54.058 UTC,1.39537,1.39526,0.0012,0.00192
28.10.2025 15:17:54.463 UTC,1.3954,1.3953,0.0012,0.00192
28.10.2025 15:17:54.515 UTC,1.39543,1.3953,0.00315,0.00192
28.10.2025 15:17:54.723 UTC,1.3954,1.3953,0.00225,0.00135
28.10.2025 15:17:54.827 UTC,1.39539,1.39529,0.0018,0.00132
28.10.2025 15:17:54.931 UTC,1.39539,1.39527,0.0012,0.00144
28.10.2025 15:17:55.086 UTC,1.3954,1.39528,0.0012,0.00432
28.10.2025 15:17:55.139 UTC,1.39541,1.39531,0.0012,0.0012
28.10.2025 15:17:55.192 UTC,1.39544,1.39533,0.0018,0.0012
28.10.2025 15:17:55.295 UTC,1.39545,1.39533,0.0018,0.0012
28.10.2025 15:17:55.447 UTC,1.39545,1.39531,0.0018,0.00252
28.10.2025 15:17:56.157 UTC,1.39545,1.39533,0.0012,0.0012
28.10.2025 15:18:00.101 UTC,1.39544,1.39533,0.00135,0.0012
28.10.2025 15:18:00.255 UTC,1.39546,1.39533,0.00249,0.0012
28.10.2025 15:18:00.357 UTC,1.39546,1.39533,0.00234,0.0012
28.10.2025 15:18:01.462 UTC,1.39546,1.39533,0.00249,0.0012
28.10.2025 15:18:02.617 UTC,1.39545,1.39534,0.00204,0.0012
28.10.2025 15:18:02.769 UTC,1.39545,1.39534,0.00249,0.0012
28.10.2025 15:18:03.172 UTC,1.39543,1.39531,0.00135,0.0018
28.10.2025 15:18:03.275 UTC,1.39543,1.39529,0.0033,0.00192
28.10.2025 15:18:03.986 UTC,1.39543,1.39529,0.0033,0.00144
28.10.2025 15:18:04.496 UTC,1.39538,1.39527,0.0018,0.00294
28.10.2025 15:18:04.598 UTC,1.39539,1.39526,0.0018,0.00294
28.10.2025 15:18:07.287 UTC,1.3954,1.39528,0.0012,0.0012
28.10.2025 15:18:07.397 UTC,1.39539,1.39528,0.0012,0.0012
28.10.2025 15:18:07.503 UTC,1.39538,1.39527,0.0012,0.00384
28.10.2025 15:18:07.961 UTC,1.39539,1.39528,0.0012,0.00279
28.10.2025 15:18:08.064 UTC,1.39541,1.39528,0.0012,0.00135
28.10.2025 15:18:08.217 UTC,1.39541,1.39528,0.0012,0.00195
28.10.2025 15:18:08.323 UTC,1.39538,1.39526,0.0018,0.0018
28.10.2025 15:18:08.375 UTC,1.39538,1.39526,0.0018,0.00135
28.10.2025 15:18:15.862 UTC,1.39536,1.39525,0.0012,0.00285
28.10.2025 15:18:15.965 UTC,1.39536,1.39524,0.0012,0.0024
28.10.2025 15:18:16.067 UTC,1.39536,1.39524,0.0012,0.00225
28.10.2025 15:18:17.517 UTC,1.39536,1.39524,0.0012,0.00195
28.10.2025 15:18:18.680 UTC,1.39537,1.39525,0.0012,0.0012
28.10.2025 15:18:19.440 UTC,1.39537,1.39524,0.0027,0.0018
28.10.2025 15:18:19.543 UTC,1.39537,1.39524,0.0027,0.00195
28.10.2025 15:18:20.148 UTC,1.39537,1.39524,0.00315,0.00135
28.10.2025 15:18:20.251 UTC,1.39536,1.39524,0.0012,0.00135
28.10.2025 15:18:21.416 UTC,1.39534,1.39522,0.0012,0.00195
28.10.2025 15:18:21.520 UTC,1.39534,1.39522,0.0018,0.0012
28.10.2025 15:18:22.940 UTC,1.39535,1.39523,0.0012,0.00225
28.10.2025 15:18:23.046 UTC,1.39535,1.39523,0.0012,0.00204
28.10.2025 15:18:23.151 UTC,1.39534,1.39524,0.0012,0.0018
28.10.2025 15:18:23.457 UTC,1.39536,1.39524,0.0018,0.00132
28.10.2025 15:18:23.560 UTC,1.39537,1.39524,0.0027,0.00294
28.10.2025 15:18:23.818 UTC,1.39537,1.39525,0.0012,0.00339
28.10.2025 15:18:24.074 UTC,1.39538,1.39526,0.0018,0.0018
28.10.2025 15:18:24.338 UTC,1.39539,1.39527,0.0012,0.00132
28.10.2025 15:18:24.441 UTC,1.39539,1.39528,0.00135,0.00207
28.10.2025 15:18:24.847 UTC,1.39541,1.39528,0.0018,0.00474
28.10.2025 15:18:25.000 UTC,1.3954,1.39529,0.0018,0.00429
28.10.2025 15:18:25.304 UTC,1.3954,1.39529,0.0012,0.00474
28.10.2025 15:18:25.807 UTC,1.39542,1.39529,0.0018,0.00252
28.10.2025 15:18:25.911 UTC,1.39541,1.39532,0.0012,0.00234
28.10.2025 15:18:26.569 UTC,1.39542,1.39531,0.0012,0.00372
28.10.2025 15:18:26.672 UTC,1.39542,1.39533,0.0012,0.0012
28.10.2025 15:18:26.774 UTC,1.39541,1.39532,0.0012,0.00249
28.10.2025 15:18:26.877 UTC,1.39542,1.39532,0.0012,0.0018
28.10.2025 15:18:27.737 UTC,1.39541,1.39532,0.0012,0.00294
28.10.2025 15:18:30.314 UTC,1.39541,1.3953,0.0018,0.0018
28.10.2025 15:18:30.366 UTC,1.39541,1.39529,0.0018,0.0018
28.10.2025 15:18:30.418 UTC,1.39539,1.39529,0.0018,0.0012
28.10.2025 15:18:30.522 UTC,1.39539,1.39527,0.0027,0.00135
28.10.2025 15:18:37.100 UTC,1.39542,1.39529,0.00135,0.0012
28.10.2025 15:18:37.203 UTC,1.39542,1.39529,0.00225,0.0018
28.10.2025 15:18:37.356 UTC,1.39541,1.39529,0.0012,0.0018
28.10.2025 15:18:39.118 UTC,1.39541,1.39529,0.0012,0.00135
28.10.2025 15:18:40.661 UTC,1.39541,1.39529,0.00135,0.0018
28.10.2025 15:18:41.067 UTC,1.39542,1.39531,0.00135,0.00135
28.10.2025 15:18:41.169 UTC,1.39543,1.39532,0.00225,0.00135
28.10.2025 15:18:41.423 UTC,1.39543,1.39532,0.0024,0.00135
28.10.2025 15:18:41.577 UTC,1.39542,1.39531,0.0012,0.00135
28.10.2025 15:18:42.088 UTC,1.3954,1.3953,0.0012,0.00192
28.10.2025 15:18:42.139 UTC,1.39542,1.3953,0.00135,0.0018
28.10.2025 15:18:42.748 UTC,1.39539,1.39529,0.0012,0.0018
28.10.2025 15:18:42.851 UTC,1.3954,1.39527,0.0027,0.0018
28.10.2025 15:18:43.261 UTC,1.39538,1.39528,0.0012,0.0018
28.10.2025 15:18:43.615 UTC,1.39539,1.39527,0.0012,0.00135
28.10.2025 15:18:43.768 UTC,1.39539,1.39527,0.0012,0.0018
28.10.2025 15:18:45.639 UTC,1.39539,1.39526,0.0018,0.0018
28.10.2025 15:18:45.895 UTC,1.39539,1.39527,0.0012,0.0018
28.10.2025 15:18:52.493 UTC,1.39538,1.39526,0.0012,0.00195
28.10.2025 15:18:52.597 UTC,1.39537,1.39525,0.0018,0.0018
28.10.2025 15:18:52.649 UTC,1.39536,1.39524,0.0012,0.00315
28.10.2025 15:18:52.753 UTC,1.39537,1.39524,0.0027,0.0024
28.10.2025 15:18:53.665 UTC,1.39537,1.39526,0.00225,0.00135
28.10.2025 15:18:53.717 UTC,1.39536,1.39525,0.0012,0.00135
28.10.2025 15:18:53.769 UTC,1.39538,1.39525,0.00225,0.00135
28.10.2025 15:18:53.972 UTC,1.39537,1.39526,0.0018,0.0018
28.10.2025 15:18:57.432 UTC,1.39536,1.39526,0.0012,0.0024
28.10.2025 15:18:57.538 UTC,1.39537,1.39526,0.00135,0.0018
28.10.2025 15:18:57.590 UTC,1.39538,1.39525,0.00225,0.00195
28.10.2025 15:19:00.107 UTC,1.39538,1.39525,0.0012,0.00339
28.10.2025 15:19:00.260 UTC,1.39538,1.39526,0.0012,0.0012
28.10.2025 15:19:01.321 UTC,1.39536,1.39525,0.0012,0.0018
28.10.2025 15:19:01.424 UTC,1.39535,1.39524,0.00315,0.0024
28.10.2025 15:19:01.526 UTC,1.39535,1.39523,0.0012,0.0018
28.10.2025 15:19:01.628 UTC,1.39533,1.39523,0.0012,0.0018
28.10.2025 15:19:05.620 UTC,1.39534,1.39522,0.00135,0.00135
28.10.2025 15:19:08.849 UTC,1.39532,1.39521,0.00225,0.0018
28.10.2025 15:19:08.953 UTC,1.39531,1.39519,0.0018,0.0018
28.10.2025 15:19:09.005 UTC,1.39531,1.39519,0.0018,0.00135
28.10.2025 15:19:14.357 UTC,1.39529,1.39517,0.0012,0.0018
28.10.2025 15:19:14.461 UTC,1.39529,1.39517,0.00135,0.00135
28.10.2025 15:19:14.665 UTC,1.39528,1.39517,0.0024,0.0018
28.10.2025 15:19:15.323 UTC,1.3953,1.39517,0.0024,0.00135
28.10.2025 15:19:15.426 UTC,1.39531,1.39518,0.0033,0.00135
28.10.2025 15:19:19.605 UTC,1.3953,1.39519,0.00324,0.00285
28.10.2025 15:19:20.162 UTC,1.39531,1.3952,0.00144,0.0018
28.10.2025 15:19:20.266 UTC,1.39532,1.39519,0.00144,0.0018
28.10.2025 15:19:22.245 UTC,1.3953,1.39518,0.00144,0.0024
28.10.2025 15:19:22.400 UTC,1.3953,1.39518,0.00144,0.00135
28.10.2025 15:19:22.503 UTC,1.39528,1.39519,0.0012,0.00135
28.10.2025 15:19:27.245 UTC,1.39529,1.39517,0.0024,0.0018
28.10.2025 15:19:27.598 UTC,1.39528,1.39518,0.0018,0.0018
28.10.2025 15:19:27.802 UTC,1.39531,1.39518,0.0018,0.00225
28.10.2025 15:19:27.906 UTC,1.3953,1.39518,0.00135,0.0018
28.10.2025 15:19:30.222 UTC,1.39529,1.39518,0.0012,0.0018
28.10.2025 15:19:31.277 UTC,1.3953,1.39519,0.0033,0.0018
28.10.2025 15:19:32.183 UTC,1.39532,1.3952,0.0012,0.00189
28.10.2025 15:19:32.235 UTC,1.39531,1.39522,0.0012,0.0018
28.10.2025 15:19:32.439 UTC,1.39533,1.39523,0.0012,0.00135
28.10.2025 15:19:35.108 UTC,1.39535,1.39522,0.00414,0.00225
28.10.2025 15:19:38.729 UTC,1.39533,1.39522,0.0012,0.00135
28.10.2025 15:19:38.781 UTC,1.39535,1.39522,0.00279,0.0018
28.10.2025 15:19:38.884 UTC,1.39535,1.39523,0.0012,0.0012
28.10.2025 15:19:39.087 UTC,1.39536,1.39523,0.00225,0.00192
28.10.2025 15:19:39.595 UTC,1.39536,1.39523,0.00144,0.00144
28.10.2025 15:19:39.748 UTC,1.39535,1.39524,0.0012,0.00252
28.10.2025 15:19:41.331 UTC,1.39537,1.39525,0.00324,0.0012
28.10.2025 15:19:41.888 UTC,1.39537,1.39526,0.00225,0.0012
28.10.2025 15:19:42.899 UTC,1.39535,1.39527,0.0012,0.0012
28.10.2025 15:19:43.001 UTC,1.39534,1.39526,0.0012,0.0012
28.10.2025 15:19:43.053 UTC,1.39535,1.39527,0.0012,0.0012
28.10.2025 15:19:45.968 UTC,1.39535,1.39526,0.0012,0.0012
28.10.2025 15:19:47.126 UTC,1.39538,1.39531,0.00165,0.0018
28.10.2025 15:19:47.178 UTC,1.39543,1.39534,0.0012,0.0012
28.10.2025 15:19:47.282 UTC,1.39545,1.39534,0.0018,0.0012
28.10.2025 15:19:47.437 UTC,1.39546,1.39534,0.00189,0.0012
28.10.2025 15:19:47.541 UTC,1.39545,1.39534,0.0012,0.0012
28.10.2025 15:19:48.438 UTC,1.39543,1.39534,0.0012,0.0012
28.10.2025 15:19:48.490 UTC,1.39545,1.39534,0.0012,0.0012
28.10.2025 15:19:57.663 UTC,1.39546,1.39534,0.0012,0.0012
28.10.2025 15:20:00.979 UTC,1.39545,1.39534,0.00144,0.00225
28.10.2025 15:20:02.786 UTC,1.39546,1.39533,0.00192,0.00225
28.10.2025 15:20:05.314 UTC,1.39546,1.39533,0.00135,0.00225
28.10.2025 15:20:05.767 UTC,1.39545,1.39534,0.0018,0.00225
28.10.2025 15:20:05.970 UTC,1.39545,1.39534,0.00225,0.0018
28.10.2025 15:20:06.275 UTC,1.39546,1.39533,0.00249,0.00135
28.10.2025 15:20:06.881 UTC,1.39545,1.39534,0.00225,0.0027
28.10.2025 15:20:06.983 UTC,1.39546,1.39533,0.00225,0.0024
28.10.2025 15:20:07.438 UTC,1.39546,1.39533,0.00225,0.00225
28.10.2025 15:20:07.541 UTC,1.39546,1.39533,0.0024,0.00135
28.10.2025 15:20:09.862 UTC,1.39545,1.39534,0.00135,0.00135
28.10.2025 15:20:09.967 UTC,1.39546,1.39533,0.00135,0.0018
28.10.2025 15:20:10.070 UTC,1.39546,1.39535,0.00135,0.0012
28.10.2025 15:20:12.812 UTC,1.39546,1.39536,0.00225,0.0012
28.10.2025 15:20:15.982 UTC,1.39544,1.39535,0.0012,0.0012
28.10.2025 15:20:16.033 UTC,1.39546,1.39536,0.00225,0.0012
28.10.2025 15:20:17.190 UTC,1.39546,1.39536,0.0024,0.0012
28.10.2025 15:20:17.794 UTC,1.39547,1.39535,0.00225,0.0012
28.10.2025 15:20:18.405 UTC,1.39546,1.39535,0.0018,0.0012
28.10.2025 15:20:18.508 UTC,1.39545,1.39536,0.0024,0.0012
28.10.2025 15:20:18.662 UTC,1.39546,1.39535,0.00225,0.0012
28.10.2025 15:20:18.763 UTC,1.39546,1.39534,0.0024,0.0012
28.10.2025 15:20:21.401 UTC,1.39546,1.39533,0.0033,0.00225
28.10.2025 15:20:26.926 UTC,1.39545,1.39533,0.00285,0.00225
28.10.2025 15:20:26.982 UTC,1.39541,1.39532,0.0012,0.0018
28.10.2025 15:20:27.087 UTC,1.39542,1.3953,0.0012,0.0024
28.10.2025 15:20:27.342 UTC,1.39542,1.3953,0.0012,0.00135
28.10.2025 15:20:27.495 UTC,1.39543,1.3953,0.00234,0.0027
28.10.2025 15:20:28.103 UTC,1.39542,1.39532,0.00132,0.00135
28.10.2025 15:20:32.154 UTC,1.39542,1.39532,0.0012,0.00195
28.10.2025 15:20:32.306 UTC,1.39542,1.39532,0.0012,0.0018
28.10.2025 15:20:32.509 UTC,1.39543,1.39531,0.0012,0.00285
28.10.2025 15:20:32.611 UTC,1.39543,1.39531,0.0012,0.0027
28.10.2025 15:20:32.765 UTC,1.39543,1.39532,0.0012,0.0012
28.10.2025 15:20:32.971 UTC,1.39542,1.39532,0.0012,0.0036
28.10.2025 15:20:33.075 UTC,1.39543,1.39532,0.0012,0.0012
28.10.2025 15:20:33.378 UTC,1.39543,1.39531,0.0012,0.00225
28.10.2025 15:20:34.440 UTC,1.39542,1.39532,0.0012,0.00195
28.10.2025 15:20:34.543 UTC,1.39544,1.39531,0.00135,0.00384
28.10.2025 15:20:35.351 UTC,1.39545,1.39531,0.00315,0.00294
28.10.2025 15:20:35.454 UTC,1.39544,1.39532,0.0012,0.0012
28.10.2025 15:20:38.028 UTC,1.3954,1.3953,0.00189,0.0012
28.10.2025 15:20:38.133 UTC,1.39537,1.39526,0.0018,0.0018
28.10.2025 15:20:38.185 UTC,1.39536,1.39526,0.0012,0.00135
28.10.2025 15:20:39.247 UTC,1.39536,1.39525,0.0012,0.0018
28.10.2025 15:20:39.399 UTC,1.39535,1.39526,0.0012,0.00135
28.10.2025 15:20:41.612 UTC,1.39536,1.39524,0.0018,0.00135
28.10.2025 15:20:41.818 UTC,1.39534,1.39522,0.0018,0.0018
28.10.2025 15:20:41.871 UTC,1.39534,1.39522,0.0018,0.00135
28.10.2025 15:20:41.974 UTC,1.39532,1.39523,0.0012,0.00135
28.10.2025 15:20:42.177 UTC,1.39534,1.39521,0.0027,0.0018
28.10.2025 15:20:43.186 UTC,1.39533,1.3952,0.0012,0.00339
28.10.2025 15:20:43.238 UTC,1.39531,1.39519,0.0018,0.0024
28.10.2025 15:20:43.342 UTC,1.39528,1.39519,0.0012,0.00135
28.10.2025 15:20:43.446 UTC,1.39529,1.39517,0.0012,0.0018
28.10.2025 15:20:43.706 UTC,1.39528,1.39517,0.0012,0.0018
28.10.2025 15:20:45.323 UTC,1.39528,1.39518,0.0018,0.0018
28.10.2025 15:20:47.048 UTC,1.39528,1.39517,0.0024,0.0024
28.10.2025 15:20:47.759 UTC,1.39529,1.39517,0.00225,0.0018
28.10.2025 15:20:47.913 UTC,1.39529,1.39518,0.00225,0.00249
28.10.2025 15:20:50.142 UTC,1.39529,1.39517,0.0012,0.00384
28.10.2025 15:20:53.683 UTC,1.39529,1.39516,0.0024,0.0033
28.10.2025 15:20:53.786 UTC,1.39532,1.39523,0.0018,0.0012
28.10.2025 15:20:54.194 UTC,1.39533,1.39521,0.0018,0.00135
28.10.2025 15:20:57.224 UTC,1.39528,1.39518,0.0012,0.0012
28.10.2025 15:20:57.328 UTC,1.39526,1.39519,0.0012,0.00135
28.10.2025 15:20:57.584 UTC,1.39526,1.39517,0.0012,0.0012
28.10.2025 15:20:58.138 UTC,1.39527,1.39516,0.0012,0.0018
28.10.2025 15:20:59.498 UTC,1.39525,1.39515,0.0012,0.0018
28.10.2025 15:20:59.551 UTC,1.39523,1.39514,0.0012,0.0012
28.10.2025 15:20:59.602 UTC,1.39524,1.39515,0.00279,0.0012
28.10.2025 15:20:59.654 UTC,1.39523,1.39513,0.0012,0.0012
28.10.2025 15:20:59.910 UTC,1.39522,1.3951,0.0012,0.00339
28.10.2025 15:21:00.015 UTC,1.39522,1.39511,0.0012,0.00249
28.10.2025 15:21:00.174 UTC,1.39521,1.3951,0.0027,0.0024
28.10.2025 15:21:00.278 UTC,1.3952,1.39508,0.0012,0.0033
28.10.2025 15:21:00.384 UTC,1.39519,1.39508,0.0012,0.0024
28.10.2025 15:21:00.487 UTC,1.39518,1.39508,0.0012,0.0024
28.10.2025 15:21:04.830 UTC,1.39518,1.39508,0.0012,0.00195
28.10.2025 15:21:05.233 UTC,1.39517,1.39505,0.0012,0.00192
28.10.2025 15:21:05.286 UTC,1.39516,1.39504,0.00132,0.0018
28.10.2025 15:21:05.541 UTC,1.39515,1.39504,0.0012,0.0012
28.10.2025 15:21:06.148 UTC,1.39516,1.39503,0.00225,0.00465
28.10.2025 15:21:07.161 UTC,1.39518,1.39506,0.0012,0.00192
28.10.2025 15:21:07.213 UTC,1.3952,1.39508,0.0018,0.0012
28.10.2025 15:21:07.265 UTC,1.3952,1.39508,0.0012,0.0018
28.10.2025 15:21:07.413 UTC,1.39521,1.39508,0.0027,0.00225
28.10.2025 15:21:07.515 UTC,1.3952,1.39509,0.0027,0.00249
28.10.2025 15:21:08.125 UTC,1.39522,1.39511,0.0012,0.00225
28.10.2025 15:21:08.228 UTC,1.39522,1.39512,0.0012,0.0018
28.10.2025 15:21:08.331 UTC,1.39522,1.39512,0.0012,0.0033
28.10.2025 15:21:08.535 UTC,1.39524,1.39511,0.00405,0.0033
28.10.2025 15:21:10.096 UTC,1.3952,1.3951,0.0012,0.0018
28.10.2025 15:21:10.199 UTC,1.39518,1.3951,0.0012,0.0012
28.10.2025 15:21:10.303 UTC,1.39518,1.39507,0.0012,0.00339
28.10.2025 15:21:10.610 UTC,1.39521,1.39508,0.0012,0.00339
28.10.2025 15:21:10.764 UTC,1.3952,1.39509,0.0012,0.00339
28.10.2025 15:21:10.969 UTC,1.3952,1.39508,0.0012,0.0051
28.10.2025 15:21:11.223 UTC,1.39519,1.39509,0.0012,0.0051
28.10.2025 15:21:13.140 UTC,1.39519,1.39508,0.00324,0.0018
28.10.2025 15:21:13.192 UTC,1.39516,1.39508,0.0012,0.0018
28.10.2025 15:21:13.297 UTC,1.39516,1.39507,0.0012,0.0018
28.10.2025 15:21:17.599 UTC,1.39521,1.39508,0.0024,0.00189
28.10.2025 15:21:17.702 UTC,1.3952,1.39509,0.0018,0.0024
28.10.2025 15:21:17.805 UTC,1.39519,1.39509,0.0012,0.0018
28.10.2025 15:21:19.683 UTC,1.39518,1.39508,0.00135,0.0024
28.10.2025 15:21:20.443 UTC,1.39518,1.39507,0.0012,0.0018
28.10.2025 15:21:24.669 UTC,1.3952,1.39508,0.0012,0.0018
28.10.2025 15:21:24.878 UTC,1.39518,1.39508,0.0012,0.0024
28.10.2025 15:21:24.981 UTC,1.39519,1.39507,0.00135,0.0024
28.10.2025 15:21:25.084 UTC,1.39519,1.39507,0.00135,0.00135
28.10.2025 15:21:25.392 UTC,1.39518,1.39508,0.0012,0.0024
28.10.2025 15:21:25.547 UTC,1.39519,1.39507,0.0012,0.00135
28.10.2025 15:21:32.838 UTC,1.39517,1.39505,0.0012,0.0024
28.10.2025 15:21:32.890 UTC,1.39517,1.39505,0.0012,0.00225
28.10.2025 15:21:32.993 UTC,1.39517,1.39506,0.0012,0.0012
28.10.2025 15:21:33.956 UTC,1.39518,1.39506,0.00135,0.00225
28.10.2025 15:21:34.059 UTC,1.39519,1.39506,0.00315,0.0018
28.10.2025 15:21:34.163 UTC,1.39518,1.39506,0.0012,0.00195
28.10.2025 15:21:38.295 UTC,1.39518,1.39507,0.00225,0.0024
28.10.2025 15:21:38.600 UTC,1.39518,1.39506,0.0012,0.0024
28.10.2025 15:21:39.103 UTC,1.39519,1.39506,0.00315,0.0024
28.10.2025 15:21:39.205 UTC,1.39518,1.39506,0.0012,0.0024
28.10.2025 15:21:42.121 UTC,1.39516,1.39506,0.0012,0.0024
28.10.2025 15:21:42.173 UTC,1.39517,1.39507,0.0018,0.0024
28.10.2025 15:21:46.064 UTC,1.39518,1.39506,0.0012,0.00384
28.10.2025 15:21:48.288 UTC,1.39519,1.39507,0.0018,0.0018
28.10.2025 15:21:53.243 UTC,1.39519,1.39508,0.0018,0.0012
28.10.2025 15:21:53.397 UTC,1.39519,1.39507,0.0018,0.0018
28.10.2025 15:21:58.281 UTC,1.3952,1.39507,0.00225,0.0018
28.10.2025 15:21:59.040 UTC,1.3952,1.39506,0.00249,0.00375
28.10.2025 15:21:59.149 UTC,1.39518,1.39506,0.0012,0.0018
28.10.2025 15:22:00.168 UTC,1.39519,1.39506,0.0018,0.00195
28.10.2025 15:22:03.040 UTC,1.39517,1.39506,0.0012,0.00375
28.10.2025 15:22:03.245 UTC,1.39516,1.39506,0.00135,0.0018
28.10.2025 15:22:03.450 UTC,1.39517,1.39505,0.0012,0.0018
28.10.2025 15:22:05.267 UTC,1.39517,1.39505,0.0012,0.0012
28.10.2025 15:22:07.183 UTC,1.39519,1.39505,0.00234,0.00285
28.10.2025 15:22:07.490 UTC,1.39518,1.39507,0.0024,0.0018
28.10.2025 15:22:07.946 UTC,1.39519,1.39506,0.00234,0.0018
28.10.2025 15:22:08.907 UTC,1.39519,1.39506,0.00249,0.0024
28.10.2025 15:22:09.260 UTC,1.39519,1.39506,0.00324,0.0018
28.10.2025 15:22:09.543 UTC,1.39517,1.39506,0.00225,0.0033
28.10.2025 15:22:09.598 UTC,1.39518,1.39505,0.0018,0.00315
28.10.2025 15:22:09.702 UTC,1.39516,1.39504,0.00132,0.0024
28.10.2025 15:22:09.807 UTC,1.39514,1.39504,0.00132,0.0012
28.10.2025 15:22:09.911 UTC,1.39515,1.39503,0.00147,0.0012
28.10.2025 15:22:10.218 UTC,1.39514,1.39504,0.00144,0.0018
28.10.2025 15:22:11.236 UTC,1.39514,1.39505,0.00135,0.0012
28.10.2025 15:22:11.340 UTC,1.39515,1.39506,0.0018,0.0012
28.10.2025 15:22:11.495 UTC,1.39515,1.39506,0.00135,0.0012
28.10.2025 15:22:11.799 UTC,1.39516,1.39505,0.0018,0.0012
28.10.2025 15:22:12.608 UTC,1.39515,1.39505,0.00192,0.0012
28.10.2025 15:22:13.364 UTC,1.39516,1.39504,0.00132,0.0012
28.10.2025 15:22:13.466 UTC,1.39516,1.39504,0.0018,0.0012
28.10.2025 15:22:13.970 UTC,1.39515,1.39505,0.0012,0.0012
28.10.2025 15:22:14.427 UTC,1.39515,1.39504,0.00135,0.0012
28.10.2025 15:22:22.043 UTC,1.39514,1.39505,0.0018,0.0012
28.10.2025 15:22:22.196 UTC,1.39514,1.39505,0.00135,0.0012
28.10.2025 15:22:22.399 UTC,1.39514,1.39505,0.0018,0.0012
28.10.2025 15:22:22.751 UTC,1.39515,1.39504,0.00135,0.0012
28.10.2025 15:22:23.712 UTC,1.39511,1.39504,0.00132,0.0012
28.10.2025 15:22:23.764 UTC,1.39514,1.39502,0.00192,0.0018
28.10.2025 15:22:23.817 UTC,1.39511,1.39501,0.0012,0.0018
28.10.2025 15:22:23.919 UTC,1.39511,1.39501,0.00132,0.0012
28.10.2025 15:22:24.175 UTC,1.39511,1.395,0.00144,0.0012
28.10.2025 15:22:24.277 UTC,1.3951,1.395,0.0012,0.0012
28.10.2025 15:22:24.985 UTC,1.39511,1.395,0.0012,0.0012
28.10.2025 15:22:25.089 UTC,1.39513,1.39503,0.00189,0.0012
28.10.2025 15:22:26.001 UTC,1.39513,1.39502,0.0018,0.00135
28.10.2025 15:22:29.033 UTC,1.39513,1.39501,0.0018,0.0018
28.10.2025 15:22:29.135 UTC,1.39513,1.39501,0.0012,0.0018
28.10.2025 15:22:29.942 UTC,1.39515,1.39502,0.00225,0.00135
28.10.2025 15:22:30.045 UTC,1.39518,1.39504,0.0045,0.0012
28.10.2025 15:22:30.149 UTC,1.39516,1.39504,0.0012,0.0024
28.10.2025 15:22:30.253 UTC,1.39514,1.39504,0.0012,0.00135
28.10.2025 15:22:30.356 UTC,1.39516,1.39503,0.00225,0.00135
28.10.2025 15:22:30.457 UTC,1.39516,1.39503,0.0024,0.00135
28.10.2025 15:22:30.559 UTC,1.39515,1.39504,0.00225,0.00135
28.10.2025 15:22:30.660 UTC,1.39515,1.39504,0.0024,0.00135
28.10.2025 15:22:30.762 UTC,1.39516,1.39503,0.00225,0.00135
28.10.2025 15:22:30.864 UTC,1.39516,1.39503,0.0024,0.00135
28.10.2025 15:22:31.119 UTC,1.39516,1.39503,0.00135,0.00315
28.10.2025 15:22:31.226 UTC,1.39517,1.39505,0.0018,0.00135
28.10.2025 15:22:31.384 UTC,1.39517,1.39505,0.00135,0.00135
28.10.2025 15:22:32.545 UTC,1.39517,1.39505,0.0018,0.00135
28.10.2025 15:22:32.748 UTC,1.39517,1.39505,0.00135,0.00135
28.10.2025 15:22:32.950 UTC,1.39514,1.39506,0.0012,0.00135
28.10.2025 15:22:33.001 UTC,1.39516,1.39506,0.00135,0.00135
28.10.2025 15:22:34.109 UTC,1.39515,1.39505,0.0012,0.00135
28.10.2025 15:22:34.160 UTC,1.39516,1.39506,0.00135,0.00135
28.10.2025 15:22:46.218 UTC,1.39517,1.39506,0.00144,0.00135
28.10.2025 15:22:48.226 UTC,1.39517,1.39505,0.0012,0.00135
28.10.2025 15:22:50.136 UTC,1.39515,1.39506,0.0012,0.00135
28.10.2025 15:22:50.240 UTC,1.39515,1.39503,0.0012,0.00135
28.10.2025 15:22:51.558 UTC,1.39513,1.39501,0.00147,0.0018
28.10.2025 15:22:51.662 UTC,1.39511,1.39499,0.0012,0.00135
28.10.2025 15:22:59.090 UTC,1.3951,1.39498,0.00192,0.0018
28.10.2025 15:22:59.193 UTC,1.39509,1.39497,0.0012,0.0018
28.10.2025 15:23:10.287 UTC,1.39508,1.39498,0.0012,0.00285
28.10.2025 15:23:15.126 UTC,1.39509,1.39497,0.00135,0.0018
28.10.2025 15:23:16.889 UTC,1.39507,1.39496,0.0012,0.0018
28.10.2025 15:23:17.044 UTC,1.39507,1.39494,0.0012,0.00213
28.10.2025 15:23:17.655 UTC,1.39507,1.39495,0.0012,0.00132
28.10.2025 15:23:18.113 UTC,1.39509,1.39496,0.00225,0.00204
28.10.2025 15:23:18.216 UTC,1.39509,1.39496,0.00135,0.00204
28.10.2025 15:23:18.569 UTC,1.39509,1.39496,0.0018,0.00192
28.10.2025 15:23:18.672 UTC,1.39508,1.39497,0.00135,0.00204
28.10.2025 15:23:19.633 UTC,1.39509,1.39496,0.00249,0.00192
28.10.2025 15:23:20.039 UTC,1.39509,1.39496,0.00234,0.00204
28.10.2025 15:23:20.243 UTC,1.39507,1.39496,0.0018,0.0018
28.10.2025 15:23:20.399 UTC,1.39502,1.39494,0.0012,0.00249
28.10.2025 15:23:20.451 UTC,1.39505,1.39493,0.0012,0.00204
28.10.2025 15:23:20.504 UTC,1.39508,1.39495,0.00279,0.0012
28.10.2025 15:23:20.659 UTC,1.39509,1.39496,0.00315,0.00204
28.10.2025 15:23:20.762 UTC,1.39508,1.39497,0.00225,0.00168
28.10.2025 15:23:23.340 UTC,1.39509,1.39496,0.00234,0.0018
28.10.2025 15:23:30.845 UTC,1.39507,1.39494,0.00132,0.00195
28.10.2025 15:23:30.897 UTC,1.39505,1.39493,0.0012,0.00225
28.10.2025 15:23:31.002 UTC,1.39502,1.3949,0.0018,0.00252
28.10.2025 15:23:31.107 UTC,1.39501,1.39491,0.0012,0.00192
28.10.2025 15:23:32.178 UTC,1.39501,1.39489,0.0012,0.0012
28.10.2025 15:23:32.283 UTC,1.39498,1.39484,0.0012,0.00192
28.10.2025 15:23:32.386 UTC,1.39496,1.39485,0.0012,0.00192
28.10.2025 15:23:32.490 UTC,1.39496,1.39484,0.0012,0.00192
28.10.2025 15:23:32.696 UTC,1.39496,1.39485,0.0012,0.0018
28.10.2025 15:23:33.254 UTC,1.39496,1.39486,0.0012,0.00135
28.10.2025 15:23:33.861 UTC,1.39495,1.39484,0.0012,0.0018
28.10.2025 15:23:33.965 UTC,1.39494,1.39482,0.0012,0.0018
28.10.2025 15:23:35.949 UTC,1.39493,1.3948,0.0012,0.0012
28.10.2025 15:23:37.065 UTC,1.39493,1.39482,0.0012,0.00135
28.10.2025 15:23:37.219 UTC,1.39493,1.39483,0.0012,0.00135
28.10.2025 15:23:37.375 UTC,1.39493,1.3948,0.0012,0.00294
28.10.2025 15:23:39.952 UTC,1.39494,1.39481,0.00234,0.0018
28.10.2025 15:23:40.962 UTC,1.39492,1.39481,0.0012,0.0018
28.10.2025 15:23:41.015 UTC,1.39488,1.39476,0.0012,0.00308
28.10.2025 15:23:41.119 UTC,1.39488,1.39477,0.0018,0.0047
28.10.2025 15:23:42.632 UTC,1.39489,1.39476,0.0024,0.0038
28.10.2025 15:23:42.985 UTC,1.39488,1.39477,0.00225,0.00425
28.10.2025 15:23:43.944 UTC,1.39489,1.39479,0.00225,0.0012
28.10.2025 15:23:44.146 UTC,1.39489,1.39476,0.00225,0.00425
28.10.2025 15:23:46.612 UTC,1.39488,1.39477,0.0024,0.0038
28.10.2025 15:23:46.765 UTC,1.39488,1.39477,0.0018,0.0038
28.10.2025 15:23:56.730 UTC,1.39493,1.39484,0.00132,0.0012
28.10.2025 15:23:56.834 UTC,1.39495,1.39483,0.0012,0.0018
28.10.2025 15:23:57.886 UTC,1.39491,1.39481,0.0012,0.0024
28.10.2025 15:23:57.989 UTC,1.39492,1.3948,0.0012,0.0018
28.10.2025 15:23:58.094 UTC,1.39493,1.39482,0.0012,0.00135
28.10.2025 15:23:58.197 UTC,1.39492,1.39483,0.0012,0.0018
28.10.2025 15:23:59.263 UTC,1.39493,1.39481,0.0012,0.00195
28.10.2025 15:23:59.418 UTC,1.39493,1.39481,0.0018,0.0018
28.10.2025 15:23:59.521 UTC,1.39492,1.39481,0.0012,0.0018
28.10.2025 15:23:59.624 UTC,1.39491,1.39481,0.0012,0.0018
28.10.2025 15:23:59.728 UTC,1.39492,1.39481,0.0012,0.00195
28.10.2025 15:24:00.037 UTC,1.39491,1.39481,0.0012,0.00195
28.10.2025 15:24:00.812 UTC,1.39492,1.3948,0.00135,0.0018
28.10.2025 15:24:01.825 UTC,1.3949,1.3948,0.0012,0.00285
28.10.2025 15:24:01.978 UTC,1.39492,1.39479,0.0018,0.00285
28.10.2025 15:24:05.001 UTC,1.39494,1.39483,0.0018,0.0012
28.10.2025 15:24:05.105 UTC,1.39494,1.39484,0.0012,0.0012
28.10.2025 15:24:05.213 UTC,1.39496,1.39484,0.0012,0.0018
28.10.2025 15:24:05.372 UTC,1.39496,1.39484,0.0012,0.00135
28.10.2025 15:24:05.529 UTC,1.39495,1.39485,0.0012,0.0018
28.10.2025 15:24:05.786 UTC,1.39496,1.39484,0.00135,0.00135
28.10.2025 15:24:05.995 UTC,1.39495,1.39482,0.0012,0.00195
28.10.2025 15:24:06.149 UTC,1.39495,1.39482,0.0018,0.00195
28.10.2025 15:24:07.209 UTC,1.39495,1.39482,0.0018,0.0027
28.10.2025 15:24:08.270 UTC,1.39495,1.39483,0.0018,0.0012
28.10.2025 15:24:08.677 UTC,1.39496,1.39483,0.00324,0.00135
28.10.2025 15:24:09.336 UTC,1.39495,1.39483,0.0012,0.0018
28.10.2025 15:24:09.439 UTC,1.39495,1.39484,0.00189,0.0018
28.10.2025 15:24:09.896 UTC,1.39496,1.39482,0.0033,0.00375
28.10.2025 15:24:10.001 UTC,1.39496,1.39484,0.0012,0.0012
28.10.2025 15:24:11.222 UTC,1.39495,1.39485,0.0012,0.00195
28.10.2025 15:24:11.580 UTC,1.39496,1.39487,0.0012,0.0012
28.10.2025 15:24:11.735 UTC,1.39497,1.39485,0.0012,0.00294
28.10.2025 15:24:13.907 UTC,1.39497,1.39486,0.00225,0.00294
28.10.2025 15:24:23.419 UTC,1.39498,1.39485,0.0024,0.00249
28.10.2025 15:24:23.821 UTC,1.39497,1.39487,0.0018,0.0012
28.10.2025 15:24:30.038 UTC,1.39498,1.39487,0.0012,0.0012
28.10.2025 15:24:30.142 UTC,1.39499,1.39488,0.0012,0.0018
28.10.2025 15:24:30.194 UTC,1.395,1.39488,0.0018,0.00195
28.10.2025 15:24:30.298 UTC,1.39498,1.39486,0.0012,0.00384
28.10.2025 15:24:36.875 UTC,1.39498,1.39487,0.00405,0.00285
28.10.2025 15:24:38.137 UTC,1.39498,1.39487,0.0012,0.00135
28.10.2025 15:24:38.443 UTC,1.39499,1.39487,0.0018,0.00135
28.10.2025 15:24:38.597 UTC,1.39498,1.39486,0.0012,0.00285
28.10.2025 15:24:41.264 UTC,1.39499,1.39487,0.0018,0.0018
28.10.2025 15:24:41.627 UTC,1.39499,1.39487,0.0018,0.00285
28.10.2025 15:24:41.729 UTC,1.39499,1.39487,0.0018,0.0027
28.10.2025 15:24:42.534 UTC,1.39499,1.39489,0.0018,0.0012
28.10.2025 15:24:42.585 UTC,1.39498,1.39488,0.0018,0.0027
28.10.2025 15:24:43.245 UTC,1.39499,1.39487,0.0018,0.00285
28.10.2025 15:24:43.498 UTC,1.39498,1.39486,0.0012,0.0024
28.10.2025 15:24:43.703 UTC,1.39497,1.39486,0.0012,0.0018
28.10.2025 15:24:43.805 UTC,1.39498,1.39486,0.0018,0.0018
28.10.2025 15:24:46.025 UTC,1.39496,1.39487,0.0012,0.0018
28.10.2025 15:24:46.227 UTC,1.39498,1.39486,0.0018,0.0018
28.10.2025 15:24:56.091 UTC,1.39499,1.39487,0.0018,0.00195
28.10.2025 15:24:56.194 UTC,1.39499,1.39486,0.00135,0.0018
28.10.2025 15:24:57.305 UTC,1.39498,1.39487,0.0024,0.0018
28.10.2025 15:24:59.876 UTC,1.395,1.39488,0.0018,0.00234
28.10.2025 15:24:59.928 UTC,1.395,1.39491,0.0012,0.0012
28.10.2025 15:25:00.032 UTC,1.39501,1.39491,0.0018,0.0018
28.10.2025 15:25:00.646 UTC,1.39502,1.39489,0.0012,0.00285
28.10.2025 15:25:00.749 UTC,1.39501,1.39492,0.0012,0.0012
28.10.2025 15:25:01.006 UTC,1.39498,1.39488,0.0012,0.00135
28.10.2025 15:25:04.139 UTC,1.39498,1.39486,0.0012,0.0018
28.10.2025 15:25:13.973 UTC,1.39497,1.39486,0.0012,0.0018
28.10.2025 15:25:17.404 UTC,1.39498,1.39488,0.0012,0.0027
28.10.2025 15:25:17.507 UTC,1.39498,1.39489,0.0012,0.0027
28.10.2025 15:25:17.610 UTC,1.39499,1.39488,0.0012,0.00285
28.10.2025 15:25:17.715 UTC,1.39498,1.39486,0.0018,0.0012
28.10.2025 15:25:17.767 UTC,1.39497,1.39485,0.0012,0.0018
28.10.2025 15:25:18.023 UTC,1.39496,1.39486,0.0012,0.00285
28.10.2025 15:25:18.127 UTC,1.39496,1.39485,0.0012,0.0018
28.10.2025 15:25:18.180 UTC,1.39492,1.3948,0.0012,0.0018
28.10.2025 15:25:18.232 UTC,1.39492,1.39483,0.0012,0.0012
28.10.2025 15:25:18.338 UTC,1.39491,1.39478,0.0012,0.0033
28.10.2025 15:25:18.390 UTC,1.3949,1.39478,0.0012,0.0012
28.10.2025 15:25:18.442 UTC,1.39489,1.39479,0.0018,0.0018
28.10.2025 15:25:18.545 UTC,1.3949,1.39478,0.0018,0.0024
28.10.2025 15:25:18.648 UTC,1.39488,1.39479,0.0012,0.0024
28.10.2025 15:25:21.490 UTC,1.39489,1.39478,0.0012,0.0018
28.10.2025 15:25:21.592 UTC,1.39489,1.39478,0.0012,0.00192
28.10.2025 15:25:27.300 UTC,1.39489,1.3948,0.0012,0.00132
28.10.2025 15:25:27.658 UTC,1.39491,1.39479,0.0012,0.00132
28.10.2025 15:25:27.912 UTC,1.39493,1.39481,0.0012,0.00144
28.10.2025 15:25:28.017 UTC,1.39493,1.39481,0.0012,0.00192
28.10.2025 15:25:28.374 UTC,1.39493,1.3948,0.0036,0.00195
28.10.2025 15:25:28.427 UTC,1.39491,1.3948,0.0012,0.0018
28.10.2025 15:25:28.478 UTC,1.3949,1.39479,0.0012,0.00192
28.10.2025 15:25:28.581 UTC,1.39489,1.39478,0.0012,0.00192
28.10.2025 15:25:29.492 UTC,1.39489,1.3948,0.0012,0.0012
28.10.2025 15:25:29.644 UTC,1.39489,1.39478,0.0012,0.00192
28.10.2025 15:25:32.104 UTC,1.3949,1.39478,0.0012,0.00204
28.10.2025 15:25:34.623 UTC,1.39491,1.39478,0.0012,0.00387
28.10.2025 15:25:36.285 UTC,1.39491,1.39482,0.0012,0.0012
28.10.2025 15:25:38.748 UTC,1.39491,1.39479,0.0012,0.0012
28.10.2025 15:25:38.801 UTC,1.3949,1.39478,0.0012,0.00132
28.10.2025 15:25:42.749 UTC,1.39488,1.39477,0.0012,0.0012
28.10.2025 15:25:42.802 UTC,1.39486,1.39476,0.0012,0.00166
28.10.2025 15:25:42.907 UTC,1.39487,1.39476,0.0012,0.00166
28.10.2025 15:25:43.010 UTC,1.39487,1.39476,0.0012,0.00226
28.10.2025 15:25:43.418 UTC,1.39487,1.39476,0.0012,0.00193
28.10.2025 15:25:43.522 UTC,1.39486,1.39474,0.0012,0.00271
28.10.2025 15:25:51.049 UTC,1.39487,1.39477,0.0012,0.00317
28.10.2025 15:25:52.004 UTC,1.39488,1.39477,0.0012,0.00225
28.10.2025 15:25:52.158 UTC,1.39488,1.39477,0.0012,0.0024
28.10.2025 15:25:55.486 UTC,1.39489,1.39477,0.0012,0.00285
28.10.2025 15:26:06.334 UTC,1.39487,1.39476,0.0012,0.00332
28.10.2025 15:26:06.437 UTC,1.39487,1.39476,0.0012,0.00317
28.10.2025 15:26:07.047 UTC,1.39487,1.39477,0.0012,0.0012
28.10.2025 15:26:16.916 UTC,1.39487,1.39476,0.0012,0.00182
28.10.2025 15:26:17.221 UTC,1.39486,1.39476,0.0012,0.00182
28.10.2025 15:26:17.480 UTC,1.39484,1.39476,0.00189,0.00137
28.10.2025 15:26:17.584 UTC,1.39481,1.39473,0.0012,0.00135
28.10.2025 15:26:17.688 UTC,1.39482,1.39473,0.0012,0.00135
28.10.2025 15:26:17.740 UTC,1.39483,1.39472,0.0012,0.0012
28.10.2025 15:26:17.843 UTC,1.39484,1.39472,0.0012,0.0012
28.10.2025 15:26:18.101 UTC,1.39484,1.39472,0.0018,0.0012
28.10.2025 15:26:18.256 UTC,1.39482,1.39472,0.0012,0.00132
28.10.2025 15:26:18.360 UTC,1.39483,1.39472,0.0012,0.00195
28.10.2025 15:26:18.513 UTC,1.39482,1.39472,0.0012,0.00132
28.10.2025 15:26:19.177 UTC,1.39483,1.39474,0.0012,0.0012
28.10.2025 15:26:19.279 UTC,1.39483,1.39473,0.0012,0.0012
28.10.2025 15:26:19.382 UTC,1.39483,1.39474,0.0012,0.0012
28.10.2025 15:26:19.486 UTC,1.39483,1.39472,0.0012,0.00135
28.10.2025 15:26:19.639 UTC,1.39483,1.39472,0.0012,0.0018
28.10.2025 15:26:19.742 UTC,1.39483,1.39474,0.0012,0.0012
28.10.2025 15:26:19.844 UTC,1.39483,1.39472,0.0012,0.00135
28.10.2025 15:26:19.997 UTC,1.39483,1.39471,0.0012,0.00204
28.10.2025 15:26:20.405 UTC,1.39483,1.39472,0.0012,0.0018
28.10.2025 15:26:21.425 UTC,1.39482,1.3947,0.0012,0.00204
28.10.2025 15:26:21.684 UTC,1.39483,1.39473,0.0018,0.00135
28.10.2025 15:26:21.787 UTC,1.39484,1.39473,0.0012,0.0012
28.10.2025 15:26:22.194 UTC,1.39484,1.39472,0.0012,0.0018
28.10.2025 15:26:22.297 UTC,1.39484,1.39473,0.0012,0.0012
28.10.2025 15:26:22.451 UTC,1.39484,1.39472,0.0012,0.0018
28.10.2025 15:26:22.553 UTC,1.39484,1.39473,0.0012,0.0012
28.10.2025 15:26:23.596 UTC,1.39484,1.39474,0.0012,0.0012
28.10.2025 15:26:24.457 UTC,1.39484,1.39473,0.0012,0.0012
28.10.2025 15:26:25.017 UTC,1.39485,1.39473,0.0012,0.00234
28.10.2025 15:26:25.120 UTC,1.39485,1.39473,0.0012,0.00294
28.10.2025 15:26:26.234 UTC,1.39485,1.39474,0.0012,0.00195
28.10.2025 15:26:26.337 UTC,1.39485,1.39474,0.0012,0.0018
28.10.2025 15:26:27.293 UTC,1.39484,1.39476,0.0012,0.0012
28.10.2025 15:26:27.547 UTC,1.39485,1.39474,0.0012,0.0018
28.10.2025 15:26:28.050 UTC,1.39485,1.39475,0.0012,0.0012
28.10.2025 15:26:28.762 UTC,1.39486,1.39475,0.0012,0.0012
28.10.2025 15:26:29.117 UTC,1.39485,1.39475,0.0012,0.0018
28.10.2025 15:26:32.875 UTC,1.39485,1.39475,0.0012,0.00204
28.10.2025 15:26:32.976 UTC,1.39486,1.39474,0.0012,0.00189
28.10.2025 15:26:34.282 UTC,1.39485,1.39476,0.0012,0.0012
28.10.2025 15:26:35.738 UTC,1.39486,1.39474,0.0012,0.00189
28.10.2025 15:26:36.445 UTC,1.39485,1.39474,0.0012,0.0018
28.10.2025 15:26:36.803 UTC,1.39485,1.39473,0.0018,0.0018
28.10.2025 15:26:38.445 UTC,1.39485,1.39473,0.0012,0.00204
28.10.2025 15:26:38.548 UTC,1.39485,1.39473,0.0012,0.00189
28.10.2025 15:26:38.702 UTC,1.39484,1.39472,0.0012,0.00204
28.10.2025 15:26:39.820 UTC,1.39485,1.39473,0.0012,0.00294
28.10.2025 15:26:39.923 UTC,1.39486,1.39474,0.0012,0.0012
28.10.2025 15:26:42.353 UTC,1.39487,1.39474,0.00405,0.0012
28.10.2025 15:26:43.205 UTC,1.39484,1.39475,0.0012,0.0012
28.10.2025 15:26:43.258 UTC,1.39487,1.39474,0.00315,0.00285
28.10.2025 15:26:45.725 UTC,1.39486,1.39474,0.00135,0.00135
28.10.2025 15:26:49.105 UTC,1.39486,1.39475,0.0027,0.0018
28.10.2025 15:26:52.183 UTC,1.39486,1.39473,0.00225,0.00294
28.10.2025 15:26:52.392 UTC,1.39485,1.39472,0.00315,0.00294
28.10.2025 15:26:53.481 UTC,1.39485,1.39472,0.0018,0.00234
28.10.2025 15:26:53.584 UTC,1.39485,1.39472,0.0018,0.00294
28.10.2025 15:26:53.688 UTC,1.39485,1.39472,0.0012,0.00369
28.10.2025 15:26:53.792 UTC,1.39484,1.39473,0.0012,0.00339
28.10.2025 15:26:54.657 UTC,1.39485,1.39472,0.0018,0.00279
28.10.2025 15:26:54.760 UTC,1.39484,1.39473,0.0012,0.00384
28.10.2025 15:26:55.121 UTC,1.39484,1.39473,0.0018,0.00279
28.10.2025 15:26:55.225 UTC,1.39485,1.39472,0.0018,0.00294
28.10.2025 15:26:55.328 UTC,1.39485,1.39472,0.0012,0.00369
28.10.2025 15:26:55.430 UTC,1.39485,1.39472,0.0012,0.00384
28.10.2025 15:26:55.532 UTC,1.39484,1.39473,0.00135,0.00279
28.10.2025 15:26:55.685 UTC,1.39484,1.39473,0.0012,0.00294
28.10.2025 15:26:55.788 UTC,1.39484,1.39473,0.0018,0.00279
28.10.2025 15:26:56.244 UTC,1.39484,1.39474,0.00225,0.00135
28.10.2025 15:26:57.815 UTC,1.39485,1.39474,0.0012,0.00135
28.10.2025 15:26:57.918 UTC,1.39485,1.39474,0.0024,0.0012
28.10.2025 15:26:58.020 UTC,1.39485,1.39474,0.0012,0.0012
28.10.2025 15:26:58.377 UTC,1.39485,1.39473,0.0012,0.0018
28.10.2025 15:26:59.644 UTC,1.39484,1.39473,0.0012,0.00225
28.10.2025 15:27:01.922 UTC,1.39484,1.39474,0.0012,0.00225
28.10.2025 15:27:02.388 UTC,1.39483,1.39473,0.0027,0.0018
28.10.2025 15:27:02.492 UTC,1.39485,1.39472,0.00225,0.00339
28.10.2025 15:27:02.595 UTC,1.39485,1.39472,0.00405,0.00234
28.10.2025 15:27:02.805 UTC,1.39485,1.39473,0.0036,0.0012
28.10.2025 15:27:02.959 UTC,1.39485,1.39472,0.0033,0.00144
28.10.2025 15:27:03.061 UTC,1.39484,1.39473,0.0027,0.00204
28.10.2025 15:27:03.164 UTC,1.39485,1.39472,0.0027,0.00189
28.10.2025 15:27:03.774 UTC,1.39485,1.39472,0.0018,0.00294
28.10.2025 15:27:03.927 UTC,1.39485,1.39472,0.00315,0.00279
28.10.2025 15:27:04.131 UTC,1.39485,1.39472,0.0027,0.00294
28.10.2025 15:27:04.437 UTC,1.39485,1.39472,0.00315,0.00279
28.10.2025 15:27:04.591 UTC,1.39485,1.39472,0.0018,0.00384
28.10.2025 15:27:04.694 UTC,1.39485,1.39472,0.00225,0.00369
28.10.2025 15:27:04.847 UTC,1.39484,1.39473,0.0018,0.00294
28.10.2025 15:27:05.250 UTC,1.39485,1.39472,0.00315,0.00189
28.10.2025 15:27:05.403 UTC,1.39485,1.39472,0.0018,0.00294
28.10.2025 15:27:05.556 UTC,1.39485,1.39472,0.0012,0.00279
28.10.2025 15:27:05.659 UTC,1.39485,1.39473,0.00225,0.0012
28.10.2025 15:27:05.812 UTC,1.39485,1.39472,0.00225,0.00369
28.10.2025 15:27:05.966 UTC,1.39484,1.39474,0.0018,0.00144
28.10.2025 15:27:06.172 UTC,1.39485,1.39473,0.0012,0.00387
28.10.2025 15:27:06.325 UTC,1.39484,1.39475,0.0012,0.00132
28.10.2025 15:27:06.580 UTC,1.39486,1.39473,0.0012,0.00297
28.10.2025 15:27:06.886 UTC,1.39487,1.39474,0.0027,0.00204
28.10.2025 15:27:07.042 UTC,1.39487,1.39476,0.0027,0.00294
28.10.2025 15:27:07.148 UTC,1.39489,1.39477,0.0018,0.00192
28.10.2025 15:27:07.253 UTC,1.39487,1.39475,0.0012,0.00147
28.10.2025 15:27:07.409 UTC,1.39487,1.39475,0.0018,0.00192
28.10.2025 15:27:08.491 UTC,1.39487,1.39474,0.00225,0.00252
28.10.2025 15:27:08.594 UTC,1.39486,1.39475,0.0018,0.00297
28.10.2025 15:27:08.749 UTC,1.39487,1.39475,0.0018,0.00192
28.10.2025 15:27:10.781 UTC,1.39487,1.39474,0.00405,0.00192
28.10.2025 15:27:10.885 UTC,1.39486,1.39474,0.0012,0.00294
28.10.2025 15:27:10.988 UTC,1.39485,1.39475,0.0012,0.00192
28.10.2025 15:27:11.091 UTC,1.39486,1.39473,0.0018,0.00387
28.10.2025 15:27:11.398 UTC,1.39485,1.39475,0.0018,0.00132
28.10.2025 15:27:14.978 UTC,1.39486,1.39474,0.0027,0.00132
28.10.2025 15:27:15.693 UTC,1.39486,1.39473,0.0042,0.00192
28.10.2025 15:27:15.796 UTC,1.39486,1.39473,0.00315,0.00294
28.10.2025 15:27:17.661 UTC,1.39487,1.39475,0.0012,0.00135
28.10.2025 15:27:17.764 UTC,1.39486,1.39476,0.0012,0.0018
28.10.2025 15:27:18.522 UTC,1.39486,1.39476,0.0012,0.00195
28.10.2025 15:27:18.880 UTC,1.39488,1.39476,0.0012,0.00294
28.10.2025 15:27:19.233 UTC,1.39488,1.39478,0.0012,0.0012
28.10.2025 15:27:19.838 UTC,1.39488,1.39477,0.0012,0.0012
28.10.2025 15:27:20.343 UTC,1.39488,1.39477,0.0018,0.00249
28.10.2025 15:27:20.449 UTC,1.39493,1.39482,0.0018,0.00234
28.10.2025 15:27:20.551 UTC,1.39494,1.39481,0.0018,0.00249
28.10.2025 15:27:20.857 UTC,1.39495,1.39482,0.0027,0.00144
28.10.2025 15:27:22.271 UTC,1.39495,1.39483,0.0012,0.0012
28.10.2025 15:27:22.374 UTC,1.39495,1.39484,0.0018,0.0012
28.10.2025 15:27:22.578 UTC,1.39495,1.39483,0.0012,0.00132
28.10.2025 15:27:22.834 UTC,1.39496,1.39483,0.0027,0.00144
28.10.2025 15:27:24.310 UTC,1.39493,1.39483,0.0018,0.00144
28.10.2025 15:27:24.715 UTC,1.39494,1.39483,0.00315,0.00144
28.10.2025 15:27:29.052 UTC,1.39494,1.39484,0.00225,0.0018
28.10.2025 15:27:29.257 UTC,1.39494,1.39483,0.0012,0.00135
28.10.2025 15:27:30.165 UTC,1.39495,1.39483,0.0018,0.0012
28.10.2025 15:27:30.674 UTC,1.39495,1.39483,0.0024,0.0012
28.10.2025 15:27:30.776 UTC,1.39494,1.39484,0.00225,0.0012
28.10.2025 15:27:32.392 UTC,1.39494,1.39484,0.0024,0.0012
28.10.2025 15:27:32.495 UTC,1.39494,1.39484,0.00225,0.0012
28.10.2025 15:27:33.503 UTC,1.39495,1.39483,0.00294,0.0012
28.10.2025 15:27:33.606 UTC,1.39494,1.39481,0.00225,0.00204
28.10.2025 15:27:33.710 UTC,1.39494,1.39481,0.0033,0.00192
28.10.2025 15:27:33.863 UTC,1.39494,1.39481,0.00225,0.00204
28.10.2025 15:27:34.673 UTC,1.39492,1.39482,0.00135,0.00192
28.10.2025 15:27:35.633 UTC,1.39493,1.39482,0.00315,0.00294
28.10.2025 15:27:35.890 UTC,1.39494,1.39481,0.0024,0.00249
28.10.2025 15:27:36.149 UTC,1.39494,1.39481,0.0033,0.00144
28.10.2025 15:27:38.120 UTC,1.39494,1.39481,0.00315,0.00144
28.10.2025 15:27:38.375 UTC,1.39493,1.39482,0.0033,0.00144
28.10.2025 15:27:40.687 UTC,1.39492,1.3948,0.0018,0.00297
28.10.2025 15:27:40.791 UTC,1.39486,1.39477,0.0012,0.00132
28.10.2025 15:27:41.404 UTC,1.39487,1.39478,0.0012,0.0012
28.10.2025 15:27:41.657 UTC,1.39486,1.39477,0.0012,0.00192
28.10.2025 15:27:42.566 UTC,1.39486,1.39476,0.0012,0.00192
28.10.2025 15:27:45.744 UTC,1.39486,1.39477,0.0012,0.00192
28.10.2025 15:27:54.052 UTC,1.3949,1.39478,0.0027,0.0012
28.10.2025 15:27:54.104 UTC,1.39487,1.39479,0.0012,0.0012
28.10.2025 15:27:54.206 UTC,1.39488,1.39478,0.0012,0.0018
28.10.2025 15:27:55.373 UTC,1.39488,1.3948,0.0012,0.0012
28.10.2025 15:27:55.476 UTC,1.39488,1.39478,0.0012,0.00195
28.10.2025 15:27:56.282 UTC,1.39486,1.39477,0.0012,0.00132
28.10.2025 15:27:56.384 UTC,1.39487,1.39476,0.0012,0.00132
28.10.2025 15:28:00.672 UTC,1.39485,1.39475,0.0012,0.00204
28.10.2025 15:28:00.724 UTC,1.39484,1.39474,0.0012,0.0012
28.10.2025 15:28:00.828 UTC,1.39484,1.39473,0.0012,0.0018
28.10.2025 15:28:00.931 UTC,1.39484,1.39472,0.0027,0.0018
28.10.2025 15:28:00.983 UTC,1.39484,1.39471,0.0018,0.00189
28.10.2025 15:28:01.136 UTC,1.39483,1.39472,0.0018,0.00204
28.10.2025 15:28:01.493 UTC,1.39484,1.39472,0.0027,0.0018
28.10.2025 15:28:01.902 UTC,1.39484,1.39472,0.0018,0.0018
28.10.2025 15:28:04.850 UTC,1.39483,1.39471,0.0018,0.0012
28.10.2025 15:28:04.953 UTC,1.39483,1.39471,0.0012,0.00132
28.10.2025 15:28:05.107 UTC,1.39483,1.39471,0.0012,0.00204
28.10.2025 15:28:05.212 UTC,1.39471,1.39462,0.0012,0.00112
28.10.2025 15:28:05.264 UTC,1.39471,1.39459,0.0018,0.00279
28.10.2025 15:28:05.367 UTC,1.3947,1.39457,0.0018,0.00192
28.10.2025 15:28:05.470 UTC,1.39469,1.39457,0.0012,0.00192
28.10.2025 15:28:05.573 UTC,1.3947,1.39456,0.0012,0.00342
28.10.2025 15:28:06.136 UTC,1.39469,1.39458,0.0012,0.00192
28.10.2025 15:28:06.649 UTC,1.3947,1.39459,0.0012,0.00252
28.10.2025 15:28:06.701 UTC,1.3947,1.39458,0.0012,0.00207
28.10.2025 15:28:06.805 UTC,1.39469,1.39458,0.00135,0.00252
28.10.2025 15:28:06.908 UTC,1.39469,1.39459,0.0012,0.00192
28.10.2025 15:28:07.012 UTC,1.39471,1.3946,0.00135,0.00252
28.10.2025 15:28:07.117 UTC,1.39473,1.3946,0.0012,0.00252
28.10.2025 15:28:07.170 UTC,1.39474,1.39461,0.0012,0.00297
28.10.2025 15:28:07.274 UTC,1.39473,1.39462,0.0012,0.00477
28.10.2025 15:28:07.378 UTC,1.39471,1.39459,0.0012,0.00132
28.10.2025 15:28:07.430 UTC,1.39472,1.39459,0.00225,0.00207
28.10.2025 15:28:07.637 UTC,1.39472,1.39461,0.00225,0.00192
28.10.2025 15:28:08.096 UTC,1.39472,1.3946,0.0018,0.00132
28.10.2025 15:28:08.200 UTC,1.39471,1.39458,0.0012,0.00297
28.10.2025 15:28:08.356 UTC,1.39471,1.3946,0.0012,0.00132
28.10.2025 15:28:08.410 UTC,1.39473,1.3946,0.00225,0.0012
28.10.2025 15:28:08.514 UTC,1.3947,1.39458,0.0012,0.00207
28.10.2025 15:28:08.618 UTC,1.3947,1.39461,0.0012,0.00132
28.10.2025 15:28:08.722 UTC,1.39471,1.39461,0.0012,0.0012
28.10.2025 15:28:08.825 UTC,1.39472,1.3946,0.0012,0.0012
28.10.2025 15:28:09.338 UTC,1.3947,1.39462,0.0012,0.0012
28.10.2025 15:28:09.442 UTC,1.3947,1.3946,0.0012,0.00195
28.10.2025 15:28:09.649 UTC,1.39471,1.3946,0.0012,0.0012
28.10.2025 15:28:09.752 UTC,1.39472,1.3946,0.0012,0.0012
28.10.2025 15:28:09.855 UTC,1.3947,1.3946,0.0012,0.0012
28.10.2025 15:28:09.907 UTC,1.39471,1.39461,0.0012,0.0012
28.10.2025 15:28:10.417 UTC,1.39471,1.39459,0.0012,0.00195
28.10.2025 15:28:10.469 UTC,1.39472,1.3946,0.00135,0.00135
28.10.2025 15:28:10.573 UTC,1.39473,1.3946,0.0012,0.00204
28.10.2025 15:28:11.085 UTC,1.39471,1.39461,0.0012,0.0012
28.10.2025 15:28:12.910 UTC,1.39474,1.39463,0.0012,0.00249
28.10.2025 15:28:13.013 UTC,1.39474,1.39464,0.0012,0.00204
28.10.2025 15:28:13.422 UTC,1.39475,1.39463,0.0012,0.00204
28.10.2025 15:28:14.385 UTC,1.39475,1.39465,0.0012,0.0018
28.10.2025 15:28:14.488 UTC,1.39474,1.39465,0.0012,0.00195
28.10.2025 15:28:15.247 UTC,1.39473,1.39462,0.0012,0.0018
28.10.2025 15:28:15.300 UTC,1.39471,1.3946,0.0027,0.0012
28.10.2025 15:28:15.404 UTC,1.39471,1.39459,0.0018,0.00135
28.10.2025 15:28:15.610 UTC,1.3947,1.39459,0.0012,0.00135
28.10.2025 15:28:15.663 UTC,1.39468,1.39456,0.0012,0.00192
28.10.2025 15:28:15.766 UTC,1.39467,1.39457,0.0012,0.00249
28.10.2025 15:28:16.379 UTC,1.39467,1.39456,0.0012,0.0018
28.10.2025 15:28:16.482 UTC,1.39466,1.39457,0.0018,0.0018
28.10.2025 15:28:16.586 UTC,1.39466,1.39457,0.0012,0.00135
28.10.2025 15:28:16.688 UTC,1.39466,1.39455,0.0012,0.0018
28.10.2025 15:28:16.792 UTC,1.39465,1.39456,0.0012,0.00135
28.10.2025 15:28:17.250 UTC,1.39465,1.39456,0.0012,0.0018
28.10.2025 15:28:22.038 UTC,1.39465,1.39453,0.0012,0.0012
28.10.2025 15:28:22.143 UTC,1.39464,1.39452,0.0012,0.0018
28.10.2025 15:28:26.190 UTC,1.39463,1.39455,0.0012,0.0012
28.10.2025 15:28:27.103 UTC,1.39465,1.39454,0.0012,0.0012
28.10.2025 15:28:28.622 UTC,1.39464,1.39456,0.0012,0.0012
28.10.2025 15:28:28.727 UTC,1.39464,1.39452,0.0018,0.0018
28.10.2025 15:28:28.780 UTC,1.3946,1.3945,0.0012,0.0018
28.10.2025 15:28:28.884 UTC,1.39458,1.39449,0.0012,0.0018
28.10.2025 15:28:28.988 UTC,1.39456,1.39446,0.0012,0.0018
28.10.2025 15:28:29.041 UTC,1.39457,1.39445,0.0018,0.0018
28.10.2025 15:28:29.248 UTC,1.39457,1.39445,0.0012,0.00192
28.10.2025 15:28:33.082 UTC,1.39457,1.39447,0.0012,0.0018
28.10.2025 15:28:33.185 UTC,1.39457,1.39448,0.0012,0.0012
28.10.2025 15:28:33.338 UTC,1.39458,1.39448,0.0018,0.0024
28.10.2025 15:28:33.442 UTC,1.39458,1.39449,0.0012,0.0024
28.10.2025 15:28:33.546 UTC,1.39459,1.39449,0.0012,0.00204
28.10.2025 15:28:33.650 UTC,1.39461,1.3945,0.0012,0.00195
28.10.2025 15:28:33.753 UTC,1.39462,1.3945,0.0012,0.00195
28.10.2025 15:28:34.319 UTC,1.39462,1.39451,0.0012,0.00192
28.10.2025 15:28:35.638 UTC,1.39462,1.3945,0.0012,0.0018
28.10.2025 15:28:35.742 UTC,1.3946,1.3945,0.0018,0.00195
28.10.2025 15:28:35.796 UTC,1.39461,1.39449,0.0018,0.00195
28.10.2025 15:28:35.903 UTC,1.39461,1.39449,0.0012,0.00249
28.10.2025 15:28:36.007 UTC,1.39461,1.39448,0.00225,0.00195
28.10.2025 15:28:36.110 UTC,1.3946,1.39448,0.0012,0.0018
28.10.2025 15:28:36.265 UTC,1.3946,1.39449,0.0012,0.0012
28.10.2025 15:28:36.420 UTC,1.3946,1.39448,0.0012,0.00195
28.10.2025 15:28:37.182 UTC,1.3946,1.39449,0.0012,0.0018
28.10.2025 15:28:37.286 UTC,1.39459,1.3945,0.0012,0.00195
28.10.2025 15:28:37.390 UTC,1.39462,1.39451,0.0012,0.0012
28.10.2025 15:28:37.494 UTC,1.3946,1.3945,0.0018,0.0018
28.10.2025 15:28:37.598 UTC,1.3946,1.39449,0.0012,0.0018
28.10.2025 15:28:37.700 UTC,1.39459,1.39449,0.0018,0.00195
28.10.2025 15:28:40.898 UTC,1.39458,1.39448,0.0018,0.0012
28.10.2025 15:28:41.914 UTC,1.3946,1.39449,0.0027,0.0012
28.10.2025 15:28:42.016 UTC,1.39459,1.3945,0.0018,0.0012
28.10.2025 15:28:42.069 UTC,1.39461,1.39452,0.0012,0.0018
28.10.2025 15:28:42.173 UTC,1.39463,1.39451,0.0012,0.0018
28.10.2025 15:28:43.138 UTC,1.39463,1.39451,0.0012,0.00195
28.10.2025 15:28:43.293 UTC,1.3946,1.3945,0.0018,0.00195
28.10.2025 15:28:43.398 UTC,1.39459,1.39447,0.0012,0.0024
28.10.2025 15:28:43.501 UTC,1.3946,1.39448,0.0018,0.0018
28.10.2025 15:28:44.213 UTC,1.39459,1.39447,0.0012,0.00285
28.10.2025 15:28:45.678 UTC,1.3946,1.39448,0.0012,0.00195
28.10.2025 15:28:45.781 UTC,1.3946,1.39449,0.00189,0.00195
28.10.2025 15:28:45.833 UTC,1.39459,1.39448,0.0018,0.0012
28.10.2025 15:28:50.300 UTC,1.39455,1.39445,0.0012,0.0018
28.10.2025 15:28:50.456 UTC,1.39457,1.39445,0.0018,0.0018
28.10.2025 15:28:52.075 UTC,1.39457,1.39445,0.0012,0.00195
28.10.2025 15:28:52.787 UTC,1.39458,1.39445,0.0018,0.00285
28.10.2025 15:28:57.991 UTC,1.39456,1.39446,0.0027,0.00195
28.10.2025 15:29:03.192 UTC,1.39454,1.39442,0.0018,0.0012
28.10.2025 15:29:03.296 UTC,1.39455,1.39442,0.0027,0.0018
28.10.2025 15:29:03.502 UTC,1.39453,1.3944,0.0018,0.0018
28.10.2025 15:29:03.556 UTC,1.39455,1.39444,0.0012,0.00135
28.10.2025 15:29:03.660 UTC,1.39456,1.39444,0.0012,0.00135
28.10.2025 15:29:03.763 UTC,1.39456,1.39444,0.0012,0.0018
28.10.2025 15:29:04.021 UTC,1.39457,1.39445,0.0012,0.0018
28.10.2025 15:29:04.683 UTC,1.39456,1.39446,0.0012,0.0018
28.10.2025 15:29:04.838 UTC,1.39457,1.39444,0.0042,0.0024
28.10.2025 15:29:04.942 UTC,1.39456,1.39444,0.0012,0.0018
28.10.2025 15:29:08.178 UTC,1.39454,1.39444,0.0012,0.0012
28.10.2025 15:29:08.434 UTC,1.39455,1.39442,0.0012,0.00279
28.10.2025 15:29:11.215 UTC,1.39455,1.39443,0.0012,0.0012
28.10.2025 15:29:11.318 UTC,1.39455,1.39442,0.0012,0.00279
28.10.2025 15:29:11.620 UTC,1.39455,1.39442,0.0012,0.00294
28.10.2025 15:29:11.874 UTC,1.39455,1.39443,0.0012,0.00204
28.10.2025 15:29:11.978 UTC,1.39456,1.39444,0.0012,0.00132
28.10.2025 15:29:12.081 UTC,1.39457,1.39444,0.0012,0.00204
28.10.2025 15:29:16.011 UTC,1.39454,1.39445,0.0012,0.0018
28.10.2025 15:29:16.164 UTC,1.39455,1.39444,0.0012,0.0018
28.10.2025 15:29:16.267 UTC,1.39455,1.39444,0.0012,0.00195
28.10.2025 15:29:16.320 UTC,1.39456,1.39446,0.0018,0.00135
28.10.2025 15:29:17.631 UTC,1.39455,1.39445,0.0012,0.00285
28.10.2025 15:29:17.733 UTC,1.39457,1.39445,0.0012,0.0012
28.10.2025 15:29:18.442 UTC,1.39456,1.39444,0.0012,0.0018
28.10.2025 15:29:18.547 UTC,1.39454,1.39442,0.00144,0.0012
28.10.2025 15:29:18.650 UTC,1.39452,1.39443,0.0012,0.0018
28.10.2025 15:29:18.805 UTC,1.39453,1.3944,0.0012,0.00195
28.10.2025 15:29:19.061 UTC,1.39454,1.39442,0.0012,0.0012
28.10.2025 15:29:19.113 UTC,1.39456,1.39443,0.0018,0.00315
28.10.2025 15:29:19.165 UTC,1.39456,1.39443,0.0012,0.00375
28.10.2025 15:29:19.268 UTC,1.39457,1.39444,0.0012,0.0033
28.10.2025 15:29:20.186 UTC,1.39457,1.39446,0.0012,0.0018
28.10.2025 15:29:20.238 UTC,1.39458,1.39447,0.0018,0.0018
28.10.2025 15:29:21.895 UTC,1.39457,1.39447,0.0012,0.0018
28.10.2025 15:29:22.097 UTC,1.39459,1.39446,0.0018,0.0018
28.10.2025 15:29:23.411 UTC,1.39457,1.39445,0.0012,0.0018
28.10.2025 15:29:23.719 UTC,1.39458,1.39446,0.00324,0.00135
28.10.2025 15:29:23.821 UTC,1.39457,1.39447,0.00339,0.00135
28.10.2025 15:29:23.924 UTC,1.39457,1.39447,0.00315,0.00135
28.10.2025 15:29:24.585 UTC,1.39458,1.39446,0.0033,0.00135
28.10.2025 15:29:24.687 UTC,1.39458,1.39446,0.00315,0.00135
28.10.2025 15:29:24.889 UTC,1.39458,1.39446,0.00339,0.00135
28.10.2025 15:29:24.992 UTC,1.39458,1.39446,0.00225,0.00135
28.10.2025 15:29:28.070 UTC,1.39456,1.39446,0.0012,0.00135
28.10.2025 15:29:28.175 UTC,1.39452,1.3944,0.0012,0.0012
28.10.2025 15:29:28.227 UTC,1.39452,1.39441,0.0018,0.0018
28.10.2025 15:29:28.331 UTC,1.39455,1.39443,0.0012,0.0012
28.10.2025 15:29:28.436 UTC,1.39455,1.39444,0.0012,0.0024
28.10.2025 15:29:28.488 UTC,1.39456,1.39445,0.0036,0.0024
28.10.2025 15:29:28.591 UTC,1.39457,1.39444,0.0027,0.00225
28.10.2025 15:29:29.303 UTC,1.39456,1.39446,0.0018,0.0012
28.10.2025 15:29:30.514 UTC,1.39457,1.39444,0.0018,0.0027
28.10.2025 15:29:30.617 UTC,1.39457,1.39444,0.0027,0.00285
28.10.2025 15:29:33.325 UTC,1.39458,1.39445,0.00414,0.0018
28.10.2025 15:29:38.416 UTC,1.39457,1.39446,0.0012,0.0012
28.10.2025 15:29:38.518 UTC,1.39457,1.39446,0.0012,0.0018
28.10.2025 15:29:38.621 UTC,1.39458,1.39446,0.0018,0.0018
28.10.2025 15:29:38.723 UTC,1.39457,1.39446,0.0012,0.0018
28.10.2025 15:29:39.536 UTC,1.39457,1.39444,0.00225,0.0024
28.10.2025 15:29:39.794 UTC,1.39455,1.39445,0.0024,0.0018
28.10.2025 15:29:39.898 UTC,1.39456,1.39444,0.0018,0.0018
28.10.2025 15:29:40.002 UTC,1.39457,1.39444,0.00433,0.00135
28.10.2025 15:29:40.157 UTC,1.39457,1.39444,0.00315,0.0024
28.10.2025 15:29:42.485 UTC,1.39455,1.39444,0.00189,0.0012
28.10.2025 15:29:42.588 UTC,1.39453,1.39442,0.0012,0.0024
28.10.2025 15:29:45.317 UTC,1.39456,1.39443,0.00375,0.00135
28.10.2025 15:29:45.420 UTC,1.39455,1.39443,0.0012,0.00135
28.10.2025 15:29:50.655 UTC,1.39454,1.39442,0.00144,0.0018
28.10.2025 15:29:50.707 UTC,1.39449,1.39439,0.0012,0.0012
28.10.2025 15:29:50.810 UTC,1.3945,1.39438,0.0012,0.0018
28.10.2025 15:29:50.862 UTC,1.39448,1.39438,0.0012,0.0018
28.10.2025 15:29:51.847 UTC,1.39448,1.39437,0.0012,0.0018
28.10.2025 15:29:51.949 UTC,1.39448,1.39437,0.0012,0.00135
28.10.2025 15:29:52.105 UTC,1.39447,1.39438,0.0012,0.0018
28.10.2025 15:29:53.064 UTC,1.39449,1.39437,0.0018,0.0018
28.10.2025 15:29:54.325 UTC,1.39449,1.39437,0.0012,0.0018
28.10.2025 15:29:54.678 UTC,1.39449,1.39438,0.0018,0.0018
28.10.2025 15:29:54.780 UTC,1.39449,1.39437,0.0012,0.0018
28.10.2025 15:29:56.799 UTC,1.3945,1.39437,0.00315,0.00315
28.10.2025 15:29:57.103 UTC,1.3945,1.39437,0.0018,0.0033
28.10.2025 15:29:57.256 UTC,1.39445,1.39436,0.0012,0.0018
28.10.2025 15:29:57.462 UTC,1.39446,1.39435,0.0012,0.0012
28.10.2025 15:29:57.615 UTC,1.39446,1.39434,0.0012,0.00135
28.10.2025 15:29:58.021 UTC,1.39445,1.39433,0.0012,0.00225
28.10.2025 15:29:58.125 UTC,1.39443,1.39434,0.0012,0.0012
28.10.2025 15:29:58.230 UTC,1.39443,1.39431,0.0012,0.00285
28.10.2025 15:29:58.333 UTC,1.39443,1.39431,0.0012,0.0018
28.10.2025 15:29:58.737 UTC,1.39443,1.39431,0.0012,0.00195
28.10.2025 15:29:59.495 UTC,1.39443,1.39431,0.0012,0.0018
28.10.2025 15:29:59.702 UTC,1.39443,1.39431,0.0012,0.00195
28.10.2025 15:30:00.013 UTC,1.39443,1.39431,0.0012,0.00135
28.10.2025 15:30:00.117 UTC,1.39443,1.39432,0.0012,0.0012
28.10.2025 15:30:00.539 UTC,1.39449,1.39441,0.0012,0.0012
28.10.2025 15:30:00.593 UTC,1.39452,1.39442,0.0018,0.0012
28.10.2025 15:30:00.799 UTC,1.3945,1.39439,0.0012,0.00249
28.10.2025 15:30:00.902 UTC,1.3945,1.39439,0.0012,0.00144
28.10.2025 15:30:01.159 UTC,1.3945,1.3944,0.0012,0.00132
28.10.2025 15:30:01.264 UTC,1.3945,1.39439,0.0012,0.00135
28.10.2025 15:30:01.868 UTC,1.3945,1.3944,0.0012,0.00135
28.10.2025 15:30:02.426 UTC,1.3945,1.39439,0.0012,0.00189
28.10.2025 15:30:02.733 UTC,1.39451,1.3944,0.0012,0.00144
28.10.2025 15:30:02.836 UTC,1.39451,1.39441,0.0012,0.00135
28.10.2025 15:30:03.394 UTC,1.39452,1.39442,0.0012,0.0012
28.10.2025 15:30:03.649 UTC,1.39452,1.39441,0.0012,0.00189
28.10.2025 15:30:03.803 UTC,1.39451,1.39444,0.0012,0.0012
28.10.2025 15:30:03.854 UTC,1.39452,1.39441,0.0012,0.00189
28.10.2025 15:30:03.957 UTC,1.39451,1.3944,0.0012,0.0012
28.10.2025 15:30:04.010 UTC,1.39448,1.3944,0.0012,0.0012
28.10.2025 15:30:04.114 UTC,1.39444,1.39436,0.0012,0.0012
28.10.2025 15:30:04.220 UTC,1.39443,1.39435,0.0012,0.0018
28.10.2025 15:30:04.323 UTC,1.39443,1.39434,0.0012,0.00135
28.10.2025 15:30:04.936 UTC,1.39443,1.39433,0.0012,0.00144
28.10.2025 15:30:05.040 UTC,1.39441,1.3943,0.0012,0.0018
28.10.2025 15:30:05.145 UTC,1.39438,1.39431,0.0012,0.0012
28.10.2025 15:30:05.251 UTC,1.3944,1.39431,0.0012,0.0012
28.10.2025 15:30:05.407 UTC,1.39441,1.39432,0.0012,0.0012
28.10.2025 15:30:05.709 UTC,1.39441,1.39431,0.0012,0.0012
28.10.2025 15:30:06.217 UTC,1.3944,1.39433,0.0012,0.0012
28.10.2025 15:30:06.321 UTC,1.39445,1.39434,0.0012,0.00135
28.10.2025 15:30:06.526 UTC,1.39445,1.39434,0.0012,0.00204
28.10.2025 15:30:07.290 UTC,1.39445,1.39435,0.0012,0.0018
28.10.2025 15:30:07.595 UTC,1.39446,1.39436,0.0012,0.00135
28.10.2025 15:30:07.699 UTC,1.39444,1.39436,0.0012,0.0018
28.10.2025 15:30:07.851 UTC,1.39445,1.39435,0.0012,0.00135
28.10.2025 15:30:09.076 UTC,1.39445,1.39434,0.0012,0.00135
28.10.2025 15:30:09.282 UTC,1.39445,1.39434,0.0012,0.00285
28.10.2025 15:30:09.638 UTC,1.39445,1.39434,0.0012,0.00135
28.10.2025 15:30:09.792 UTC,1.39445,1.39434,0.0012,0.00285
28.10.2025 15:30:11.973 UTC,1.39444,1.39435,0.0012,0.0027
28.10.2025 15:30:12.077 UTC,1.39442,1.39432,0.0012,0.0012
28.10.2025 15:30:12.180 UTC,1.39442,1.39431,0.0012,0.00294
28.10.2025 15:30:13.037 UTC,1.39442,1.39433,0.0012,0.00225
28.10.2025 15:30:13.656 UTC,1.39444,1.39434,0.0012,0.00225
28.10.2025 15:30:13.709 UTC,1.39445,1.39435,0.0018,0.00189
28.10.2025 15:30:13.812 UTC,1.39445,1.39436,0.0012,0.00132
28.10.2025 15:30:13.915 UTC,1.39446,1.39436,0.0012,0.00132
28.10.2025 15:30:15.784 UTC,1.39446,1.39437,0.0012,0.00192
28.10.2025 15:30:18.201 UTC,1.39448,1.39436,0.0012,0.00204
28.10.2025 15:30:18.807 UTC,1.39449,1.39437,0.0012,0.0012
28.10.2025 15:30:21.089 UTC,1.39447,1.39437,0.0012,0.0012
28.10.2025 15:30:21.142 UTC,1.39446,1.39434,0.0012,0.0012
28.10.2025 15:30:21.400 UTC,1.39447,1.39434,0.0018,0.00195
28.10.2025 15:30:21.502 UTC,1.39447,1.39434,0.0018,0.0018
28.10.2025 15:30:21.608 UTC,1.39445,1.39434,0.00225,0.0018
28.10.2025 15:30:21.966 UTC,1.39443,1.39432,0.0018,0.00249
28.10.2025 15:30:22.071 UTC,1.39442,1.39431,0.0012,0.00294
28.10.2025 15:30:22.781 UTC,1.39443,1.39432,0.0012,0.0012
28.10.2025 15:30:22.883 UTC,1.39442,1.39431,0.0012,0.00294
28.10.2025 15:30:23.389 UTC,1.39441,1.39431,0.0012,0.0018
28.10.2025 15:30:23.492 UTC,1.39441,1.39428,0.0012,0.00249
28.10.2025 15:30:24.508 UTC,1.39441,1.39428,0.0024,0.0018
28.10.2025 15:30:24.560 UTC,1.3944,1.39426,0.00135,0.00387
28.10.2025 15:30:24.815 UTC,1.3944,1.39426,0.0024,0.00384
28.10.2025 15:30:24.919 UTC,1.39438,1.39426,0.0012,0.00294
28.10.2025 15:30:25.527 UTC,1.39438,1.39428,0.0012,0.0012
28.10.2025 15:30:25.729 UTC,1.39438,1.39426,0.0012,0.00192
28.10.2025 15:30:26.084 UTC,1.39438,1.39429,0.0012,0.00132
28.10.2025 15:30:26.188 UTC,1.3944,1.39428,0.0012,0.00192
28.10.2025 15:30:26.292 UTC,1.3944,1.3943,0.0012,0.0012
28.10.2025 15:30:26.395 UTC,1.39441,1.3943,0.0018,0.00189
28.10.2025 15:30:26.497 UTC,1.39442,1.39429,0.0012,0.00204
28.10.2025 15:30:27.155 UTC,1.39442,1.39429,0.0012,0.00189
28.10.2025 15:30:27.863 UTC,1.39442,1.39432,0.00225,0.0012
28.10.2025 15:30:27.915 UTC,1.39442,1.39429,0.0012,0.00189
28.10.2025 15:30:28.218 UTC,1.39442,1.39429,0.0012,0.00204
28.10.2025 15:30:28.774 UTC,1.39444,1.39431,0.0018,0.00189
28.10.2025 15:30:28.880 UTC,1.39444,1.39431,0.0018,0.00192
28.10.2025 15:30:29.188 UTC,1.39445,1.39432,0.0012,0.00234
28.10.2025 15:30:29.291 UTC,1.39446,1.39432,0.0018,0.00234
28.10.2025 15:30:29.597 UTC,1.39446,1.39432,0.00315,0.00294
28.10.2025 15:30:29.956 UTC,1.39445,1.39433,0.0012,0.0012
28.10.2025 15:30:30.059 UTC,1.39444,1.39433,0.00225,0.00144
28.10.2025 15:30:30.978 UTC,1.39444,1.39433,0.0012,0.00294
28.10.2025 15:30:31.231 UTC,1.39445,1.39432,0.00135,0.00279
28.10.2025 15:30:31.335 UTC,1.39444,1.39435,0.00135,0.0012
28.10.2025 15:30:31.388 UTC,1.39447,1.39435,0.0018,0.0012
28.10.2025 15:30:31.440 UTC,1.39446,1.39432,0.00195,0.00237
28.10.2025 15:30:31.492 UTC,1.39446,1.39433,0.00135,0.00144
28.10.2025 15:30:31.596 UTC,1.39446,1.39434,0.00135,0.0012
28.10.2025 15:30:31.751 UTC,1.39444,1.39432,0.0018,0.00135
28.10.2025 15:30:31.854 UTC,1.39443,1.39432,0.00225,0.00195
28.10.2025 15:30:32.464 UTC,1.39444,1.39431,0.00249,0.0018
28.10.2025 15:30:32.568 UTC,1.39442,1.39432,0.0018,0.0012
28.10.2025 15:30:33.282 UTC,1.39444,1.39433,0.0012,0.00225
28.10.2025 15:30:33.335 UTC,1.39447,1.39433,0.00202,0.00189
28.10.2025 15:30:33.590 UTC,1.39447,1.39435,0.0012,0.0012
28.10.2025 15:30:35.053 UTC,1.39447,1.39433,0.00279,0.00324
28.10.2025 15:30:35.105 UTC,1.39445,1.39434,0.0033,0.00144
28.10.2025 15:30:35.209 UTC,1.39446,1.39435,0.0012,0.0012
28.10.2025 15:30:35.265 UTC,1.39447,1.39437,0.00225,0.00132
28.10.2025 15:30:35.369 UTC,1.39448,1.39437,0.0012,0.0012
28.10.2025 15:30:35.473 UTC,1.3945,1.39439,0.0018,0.0012
28.10.2025 15:30:36.144 UTC,1.3945,1.3944,0.0012,0.00135
28.10.2025 15:30:36.250 UTC,1.39452,1.3944,0.0012,0.00147
28.10.2025 15:30:36.356 UTC,1.39453,1.39442,0.0012,0.0018
28.10.2025 15:30:36.414 UTC,1.39455,1.39443,0.0012,0.0012
28.10.2025 15:30:36.517 UTC,1.39455,1.39442,0.0018,0.0018
28.10.2025 15:30:36.971 UTC,1.39454,1.39444,0.0012,0.0012
28.10.2025 15:30:37.074 UTC,1.39456,1.39443,0.0018,0.0018
28.10.2025 15:30:37.177 UTC,1.39454,1.39444,0.0012,0.00225
28.10.2025 15:30:37.279 UTC,1.39456,1.39443,0.0018,0.0027
28.10.2025 15:30:37.382 UTC,1.39454,1.39444,0.0018,0.00135
28.10.2025 15:30:39.457 UTC,1.39456,1.39444,0.00249,0.0012
28.10.2025 15:30:39.560 UTC,1.39455,1.39443,0.00135,0.0012
28.10.2025 15:30:39.868 UTC,1.39454,1.39445,0.0012,0.0012
28.10.2025 15:30:40.379 UTC,1.39458,1.39445,0.00132,0.0018
28.10.2025 15:30:40.483 UTC,1.39458,1.39447,0.00225,0.00135
28.10.2025 15:30:42.707 UTC,1.39458,1.39446,0.0012,0.00135
28.10.2025 15:30:44.884 UTC,1.3946,1.39446,0.0033,0.00135
28.10.2025 15:30:45.037 UTC,1.3946,1.39446,0.00315,0.0018
28.10.2025 15:30:45.289 UTC,1.39459,1.39446,0.0012,0.0036
28.10.2025 15:30:45.845 UTC,1.39459,1.39447,0.0012,0.0012
28.10.2025 15:30:49.574 UTC,1.3946,1.39447,0.00225,0.0012
28.10.2025 15:30:49.676 UTC,1.39459,1.39447,0.0012,0.0012
28.10.2025 15:30:49.931 UTC,1.39459,1.39448,0.00135,0.0012
28.10.2025 15:30:50.084 UTC,1.3946,1.39448,0.00135,0.0012
28.10.2025 15:30:50.337 UTC,1.39461,1.39449,0.00135,0.0012
28.10.2025 15:30:50.441 UTC,1.39461,1.3945,0.0012,0.0012
28.10.2025 15:30:50.543 UTC,1.39459,1.39451,0.0012,0.0012
28.10.2025 15:30:50.647 UTC,1.39461,1.3945,0.00135,0.0012
28.10.2025 15:30:51.053 UTC,1.39458,1.3945,0.0012,0.0012
28.10.2025 15:30:51.156 UTC,1.39459,1.3945,0.0012,0.0012
28.10.2025 15:30:52.114 UTC,1.39461,1.39449,0.00135,0.0012
28.10.2025 15:30:53.676 UTC,1.39459,1.3945,0.00135,0.0012
28.10.2025 15:30:53.779 UTC,1.39459,1.39448,0.0012,0.0012
28.10.2025 15:30:53.933 UTC,1.39459,1.39449,0.00135,0.0012
28.10.2025 15:30:54.187 UTC,1.39459,1.39448,0.0012,0.0012
28.10.2025 15:30:54.290 UTC,1.3946,1.39448,0.00135,0.0012
28.10.2025 15:30:55.803 UTC,1.39458,1.39449,0.0012,0.0012
28.10.2025 15:30:57.127 UTC,1.3946,1.39448,0.00225,0.0012
28.10.2025 15:30:57.381 UTC,1.39458,1.39449,0.00135,0.0012
28.10.2025 15:30:58.136 UTC,1.39456,1.39445,0.0012,0.0018
28.10.2025 15:30:58.239 UTC,1.39455,1.39444,0.0012,0.0012
28.10.2025 15:30:58.444 UTC,1.39455,1.39445,0.00135,0.0012
28.10.2025 15:30:58.546 UTC,1.39454,1.39445,0.0012,0.0012
28.10.2025 15:30:58.904 UTC,1.39457,1.39445,0.0018,0.0012
28.10.2025 15:30:59.055 UTC,1.39459,1.39446,0.00225,0.00135
28.10.2025 15:30:59.717 UTC,1.39458,1.39446,0.00225,0.0012
28.10.2025 15:31:00.075 UTC,1.39457,1.39446,0.00135,0.0012
28.10.2025 15:31:00.178 UTC,1.39457,1.39447,0.00225,0.0012
28.10.2025 15:31:00.944 UTC,1.39458,1.39446,0.0024,0.0012
28.10.2025 15:31:03.074 UTC,1.39458,1.39446,0.00225,0.0012
28.10.2025 15:31:08.323 UTC,1.3946,1.3945,0.00315,0.0012
28.10.2025 15:31:08.428 UTC,1.3946,1.39449,0.0018,0.0012
28.10.2025 15:31:09.797 UTC,1.3946,1.39448,0.00225,0.0012
28.10.2025 15:31:10.153 UTC,1.39458,1.39447,0.0018,0.00285
28.10.2025 15:31:10.256 UTC,1.39456,1.39447,0.00135,0.0012
28.10.2025 15:31:10.359 UTC,1.39457,1.39445,0.00225,0.0012
28.10.2025 15:31:11.072 UTC,1.39457,1.39444,0.00225,0.0018
28.10.2025 15:31:11.176 UTC,1.39454,1.39445,0.0012,0.0012
28.10.2025 15:31:12.451 UTC,1.39455,1.39443,0.0012,0.0018
28.10.2025 15:31:13.365 UTC,1.39452,1.39442,0.0012,0.0018
28.10.2025 15:31:13.470 UTC,1.39451,1.39439,0.0012,0.00135
28.10.2025 15:31:14.991 UTC,1.3945,1.39439,0.0012,0.00135
28.10.2025 15:31:17.205 UTC,1.39448,1.3944,0.0012,0.0012
28.10.2025 15:31:17.515 UTC,1.39448,1.39439,0.0012,0.0012
28.10.2025 15:31:17.667 UTC,1.39448,1.3944,0.0012,0.0012
28.10.2025 15:31:18.020 UTC,1.39448,1.39439,0.0012,0.00135
28.10.2025 15:31:21.503 UTC,1.39449,1.39439,0.0012,0.0012
28.10.2025 15:31:24.817 UTC,1.39449,1.39437,0.0012,0.00294
28.10.2025 15:31:26.229 UTC,1.39451,1.39438,0.00225,0.00195
28.10.2025 15:31:26.834 UTC,1.39449,1.3944,0.0012,0.0012
28.10.2025 15:31:27.086 UTC,1.3945,1.39439,0.00225,0.00195
28.10.2025 15:31:27.641 UTC,1.39451,1.39438,0.0033,0.0018
28.10.2025 15:31:27.796 UTC,1.3945,1.39437,0.0027,0.0027
28.10.2025 15:31:29.909 UTC,1.39449,1.39438,0.0012,0.0012
28.10.2025 15:31:30.014 UTC,1.39449,1.39439,0.0012,0.00225
28.10.2025 15:31:30.118 UTC,1.39449,1.39439,0.0012,0.00375
28.10.2025 15:31:33.241 UTC,1.39451,1.39438,0.00315,0.00195
28.10.2025 15:31:33.344 UTC,1.3945,1.39439,0.0033,0.0018
28.10.2025 15:31:35.273 UTC,1.3945,1.39438,0.00135,0.00135
28.10.2025 15:31:39.153 UTC,1.3945,1.39439,0.0012,0.00135
28.10.2025 15:31:39.257 UTC,1.39448,1.3944,0.0012,0.0012
28.10.2025 15:31:39.308 UTC,1.39448,1.39438,0.0012,0.00315
28.10.2025 15:31:41.673 UTC,1.39449,1.39436,0.00324,0.00225
28.10.2025 15:31:41.726 UTC,1.39446,1.39436,0.0018,0.0024
28.10.2025 15:31:41.830 UTC,1.39447,1.39435,0.0018,0.00225
28.10.2025 15:31:41.983 UTC,1.39447,1.39434,0.0027,0.00225
28.10.2025 15:31:42.647 UTC,1.39447,1.39434,0.00225,0.0033
28.10.2025 15:31:42.699 UTC,1.39449,1.39436,0.0018,0.0027
28.10.2025 15:31:43.206 UTC,1.39449,1.39436,0.0024,0.00315
28.10.2025 15:31:43.309 UTC,1.39449,1.39436,0.00225,0.0036
28.10.2025 15:31:44.124 UTC,1.3945,1.39437,0.00225,0.0027
28.10.2025 15:31:44.231 UTC,1.39449,1.39439,0.0018,0.00135
28.10.2025 15:31:44.994 UTC,1.3945,1.39437,0.00315,0.00135
28.10.2025 15:31:45.652 UTC,1.39449,1.39439,0.0018,0.00135
28.10.2025 15:31:49.429 UTC,1.39447,1.39436,0.0012,0.0024
28.10.2025 15:31:49.532 UTC,1.39447,1.39436,0.0012,0.0012
28.10.2025 15:31:49.636 UTC,1.39447,1.39435,0.0012,0.0012
28.10.2025 15:31:49.892 UTC,1.39447,1.39434,0.00225,0.0018
28.10.2025 15:31:50.404 UTC,1.39447,1.39434,0.0018,0.00285
28.10.2025 15:31:50.712 UTC,1.39447,1.39434,0.00225,0.00225
28.10.2025 15:31:51.118 UTC,1.39448,1.39435,0.0018,0.0024
28.10.2025 15:31:51.222 UTC,1.39447,1.39436,0.0027,0.0018
28.10.2025 15:31:51.325 UTC,1.39447,1.39435,0.0018,0.0018
28.10.2025 15:31:52.907 UTC,1.39447,1.39434,0.00339,0.0024
28.10.2025 15:31:53.009 UTC,1.39446,1.39434,0.00135,0.0018
28.10.2025 15:31:53.113 UTC,1.39447,1.39433,0.00249,0.00315
28.10.2025 15:31:53.318 UTC,1.39447,1.39434,0.00339,0.0012
28.10.2025 15:31:53.521 UTC,1.39447,1.39434,0.00324,0.0012
28.10.2025 15:31:53.624 UTC,1.39446,1.39434,0.00234,0.0036
28.10.2025 15:31:53.726 UTC,1.39447,1.39434,0.00324,0.0012
28.10.2025 15:31:53.829 UTC,1.39447,1.39434,0.00339,0.0012
28.10.2025 15:31:55.854 UTC,1.39446,1.39434,0.00249,0.0036
28.10.2025 15:31:55.957 UTC,1.39447,1.39433,0.00234,0.00375
28.10.2025 15:31:56.060 UTC,1.39447,1.39433,0.00249,0.0036
28.10.2025 15:31:56.164 UTC,1.39446,1.39434,0.00225,0.0012
28.10.2025 15:31:57.128 UTC,1.39443,1.39432,0.00147,0.00465
28.10.2025 15:31:57.232 UTC,1.39439,1.39432,0.00132,0.0012
28.10.2025 15:31:57.335 UTC,1.3944,1.39427,0.0012,0.0042
28.10.2025 15:31:58.952 UTC,1.3944,1.39427,0.0018,0.00405
28.10.2025 15:32:04.251 UTC,1.39445,1.39433,0.00192,0.0012
28.10.2025 15:32:04.304 UTC,1.39446,1.39433,0.00225,0.0012
28.10.2025 15:32:04.407 UTC,1.39444,1.39434,0.0012,0.0012
28.10.2025 15:32:05.270 UTC,1.39445,1.39434,0.00135,0.00315
28.10.2025 15:32:05.884 UTC,1.39446,1.39434,0.0018,0.0012
28.10.2025 15:32:07.255 UTC,1.39446,1.39433,0.00315,0.0027
28.10.2025 15:32:07.960 UTC,1.39446,1.39433,0.0027,0.00285
28.10.2025 15:32:08.162 UTC,1.39445,1.39434,0.00315,0.0027
28.10.2025 15:32:08.319 UTC,1.39446,1.39435,0.0012,0.0012
28.10.2025 15:32:08.425 UTC,1.39446,1.39434,0.00135,0.0012
28.10.2025 15:32:08.786 UTC,1.39446,1.39433,0.00135,0.0027
28.10.2025 15:32:08.940 UTC,1.39445,1.39432,0.0012,0.00285
28.10.2025 15:32:09.045 UTC,1.39443,1.39431,0.00132,0.0012
28.10.2025 15:32:09.148 UTC,1.39443,1.3943,0.0012,0.00135
28.10.2025 15:32:09.251 UTC,1.39443,1.39431,0.0027,0.0012
28.10.2025 15:32:11.023 UTC,1.3944,1.39431,0.0012,0.00135
28.10.2025 15:32:11.127 UTC,1.39441,1.39431,0.00225,0.00135
28.10.2025 15:32:12.246 UTC,1.39441,1.39429,0.0012,0.00375
28.10.2025 15:32:12.349 UTC,1.39441,1.3943,0.0018,0.00375
28.10.2025 15:32:12.503 UTC,1.39441,1.39429,0.0012,0.00375
28.10.2025 15:32:12.656 UTC,1.39442,1.39429,0.0018,0.00375
28.10.2025 15:32:15.432 UTC,1.39443,1.3943,0.0018,0.0036
28.10.2025 15:32:15.685 UTC,1.39443,1.3943,0.0018,0.00375
28.10.2025 15:32:15.982 UTC,1.39442,1.39431,0.00225,0.0027
28.10.2025 15:32:16.085 UTC,1.39443,1.3943,0.0018,0.00285
28.10.2025 15:32:17.200 UTC,1.39441,1.39431,0.0012,0.0018
28.10.2025 15:32:17.505 UTC,1.39443,1.3943,0.0027,0.0018
28.10.2025 15:32:19.117 UTC,1.39442,1.3943,0.0012,0.0018
28.10.2025 15:32:19.219 UTC,1.39443,1.3943,0.00315,0.0018
28.10.2025 15:32:20.278 UTC,1.39442,1.3943,0.0012,0.00195
28.10.2025 15:32:20.431 UTC,1.39442,1.3943,0.0012,0.0018
28.10.2025 15:32:21.090 UTC,1.39442,1.3943,0.0012,0.00375
28.10.2025 15:32:23.117 UTC,1.39443,1.39433,0.00225,0.0012
28.10.2025 15:32:23.170 UTC,1.39446,1.39433,0.00132,0.0012
28.10.2025 15:32:23.273 UTC,1.39445,1.39432,0.0012,0.00405
28.10.2025 15:32:23.376 UTC,1.39445,1.39432,0.0012,0.0042
28.10.2025 15:32:23.631 UTC,1.39444,1.39433,0.0012,0.00405
28.10.2025 15:32:26.959 UTC,1.39444,1.39432,0.0012,0.0045
28.10.2025 15:32:28.065 UTC,1.39444,1.39433,0.00135,0.0036
28.10.2025 15:32:28.568 UTC,1.39445,1.39433,0.0012,0.00135
28.10.2025 15:32:28.770 UTC,1.39446,1.39433,0.00234,0.00135
28.10.2025 15:32:29.731 UTC,1.39446,1.39434,0.0012,0.00135
28.10.2025 15:32:29.835 UTC,1.39447,1.39435,0.0012,0.00225
28.10.2025 15:32:29.938 UTC,1.39447,1.39436,0.0012,0.00135
28.10.2025 15:32:34.523 UTC,1.39445,1.39436,0.0012,0.0018
28.10.2025 15:32:34.576 UTC,1.39446,1.39433,0.00324,0.00225
28.10.2025 15:32:34.679 UTC,1.39444,1.39434,0.0012,0.0012
28.10.2025 15:32:34.993 UTC,1.39446,1.39434,0.0012,0.0018
28.10.2025 15:32:36.219 UTC,1.39446,1.39434,0.0012,0.00285
28.10.2025 15:32:36.372 UTC,1.39446,1.39434,0.0012,0.0027
28.10.2025 15:32:37.129 UTC,1.39444,1.39432,0.0012,0.0024
28.10.2025 15:32:37.180 UTC,1.39444,1.39432,0.0018,0.0018
28.10.2025 15:32:38.949 UTC,1.39445,1.39432,0.00315,0.0018
28.10.2025 15:32:39.305 UTC,1.39443,1.39433,0.0012,0.0018
28.10.2025 15:32:40.161 UTC,1.39444,1.39433,0.00234,0.00405
28.10.2025 15:32:40.617 UTC,1.39444,1.39433,0.00249,0.0027
28.10.2025 15:32:40.872 UTC,1.39445,1.39432,0.00234,0.0027
28.10.2025 15:32:41.677 UTC,1.39443,1.39433,0.0012,0.00315
28.10.2025 15:32:43.701 UTC,1.39444,1.39432,0.0018,0.0018
28.10.2025 15:32:43.903 UTC,1.39444,1.39432,0.0012,0.00225
28.10.2025 15:32:44.056 UTC,1.39443,1.39433,0.00249,0.0018
28.10.2025 15:32:44.158 UTC,1.39444,1.39432,0.00189,0.00225
28.10.2025 15:32:45.015 UTC,1.39442,1.39432,0.00324,0.00225
28.10.2025 15:32:45.119 UTC,1.3944,1.39432,0.0018,0.00135
28.10.2025 15:32:45.228 UTC,1.3944,1.39428,0.0012,0.0018
28.10.2025 15:32:45.331 UTC,1.3944,1.39428,0.0012,0.00135
28.10.2025 15:32:46.342 UTC,1.3944,1.39429,0.00225,0.00135
28.10.2025 15:32:46.848 UTC,1.39439,1.39428,0.0012,0.00135
28.10.2025 15:32:47.758 UTC,1.39439,1.39427,0.0012,0.0018
28.10.2025 15:32:47.911 UTC,1.39439,1.39428,0.0012,0.0012
28.10.2025 15:32:48.873 UTC,1.39439,1.39427,0.0012,0.00135
28.10.2025 15:32:50.342 UTC,1.39437,1.39427,0.00132,0.0018
28.10.2025 15:32:50.448 UTC,1.39437,1.39426,0.00132,0.00135
28.10.2025 15:32:51.871 UTC,1.39438,1.39426,0.00132,0.00225
28.10.2025 15:32:51.974 UTC,1.39437,1.39427,0.0012,0.00135
28.10.2025 15:32:52.479 UTC,1.39438,1.39427,0.0012,0.0018
28.10.2025 15:32:52.582 UTC,1.39439,1.39428,0.0012,0.0012
28.10.2025 15:32:52.889 UTC,1.39438,1.39429,0.0012,0.00195
28.10.2025 15:32:53.143 UTC,1.39439,1.3943,0.0012,0.00135
28.10.2025 15:32:53.297 UTC,1.3944,1.39429,0.0012,0.0024
28.10.2025 15:32:56.714 UTC,1.3944,1.39431,0.0012,0.00135
28.10.2025 15:32:58.031 UTC,1.39441,1.39429,0.0012,0.00375
28.10.2025 15:32:59.540 UTC,1.39442,1.39429,0.00189,0.00375
28.10.2025 15:32:59.645 UTC,1.3944,1.3943,0.0012,0.00195
28.10.2025 15:33:01.711 UTC,1.3944,1.39429,0.0012,0.0012
28.10.2025 15:33:01.813 UTC,1.3944,1.39428,0.0012,0.0036
28.10.2025 15:33:02.974 UTC,1.39441,1.39428,0.00225,0.0027
28.10.2025 15:33:04.333 UTC,1.39441,1.39428,0.0027,0.00285
28.10.2025 15:33:05.195 UTC,1.3944,1.39429,0.0012,0.0018
28.10.2025 15:33:05.498 UTC,1.39439,1.3943,0.0012,0.00195
28.10.2025 15:33:05.701 UTC,1.3944,1.39429,0.0012,0.0018
28.10.2025 15:33:05.904 UTC,1.39439,1.3943,0.0012,0.00195
28.10.2025 15:33:06.007 UTC,1.3944,1.39429,0.0012,0.0018
28.10.2025 15:33:06.411 UTC,1.3944,1.39429,0.0012,0.00195
28.10.2025 15:33:06.651 UTC,1.3944,1.39429,0.0012,0.0018
28.10.2025 15:33:06.753 UTC,1.3944,1.39429,0.0012,0.00195
28.10.2025 15:33:08.718 UTC,1.3944,1.39429,0.0012,0.0012
28.10.2025 15:33:08.873 UTC,1.39439,1.39428,0.00135,0.00375
28.10.2025 15:33:11.795 UTC,1.39439,1.39427,0.0012,0.00195
28.10.2025 15:33:11.898 UTC,1.39439,1.39427,0.0012,0.0018
28.10.2025 15:33:15.280 UTC,1.39438,1.39427,0.0018,0.0024
28.10.2025 15:33:15.383 UTC,1.39439,1.39426,0.00135,0.00285
28.10.2025 15:33:16.003 UTC,1.39438,1.39428,0.0012,0.0012
28.10.2025 15:33:16.156 UTC,1.39439,1.39427,0.0012,0.0012
28.10.2025 15:33:16.411 UTC,1.39438,1.39428,0.0012,0.0012
28.10.2025 15:33:19.790 UTC,1.39438,1.39426,0.0012,0.00195
28.10.2025 15:33:19.892 UTC,1.39437,1.39427,0.0012,0.0018
28.10.2025 15:33:20.146 UTC,1.39438,1.39426,0.0012,0.00195
28.10.2025 15:33:20.348 UTC,1.39437,1.39427,0.0012,0.0018
28.10.2025 15:33:20.903 UTC,1.39438,1.39426,0.0012,0.00195
28.10.2025 15:33:21.056 UTC,1.39438,1.39426,0.0012,0.0018
28.10.2025 15:33:22.264 UTC,1.39436,1.39423,0.00234,0.0033
28.10.2025 15:33:22.369 UTC,1.39435,1.39422,0.00135,0.0018
28.10.2025 15:33:22.421 UTC,1.39433,1.39422,0.0012,0.00135
28.10.2025 15:33:22.527 UTC,1.39432,1.3942,0.0012,0.00204
28.10.2025 15:33:22.935 UTC,1.39432,1.39425,0.0012,0.0012
28.10.2025 15:33:23.039 UTC,1.39436,1.39426,0.0018,0.0012
28.10.2025 15:33:23.142 UTC,1.39437,1.39426,0.0012,0.00144
28.10.2025 15:33:23.244 UTC,1.39437,1.39427,0.0012,0.0012
28.10.2025 15:33:27.119 UTC,1.39437,1.39426,0.0012,0.00225
28.10.2025 15:33:27.175 UTC,1.39434,1.39427,0.0012,0.00135
28.10.2025 15:33:27.228 UTC,1.39436,1.39427,0.0012,0.0012
28.10.2025 15:33:27.686 UTC,1.39437,1.39427,0.0012,0.00234
28.10.2025 15:33:27.890 UTC,1.39438,1.39428,0.0012,0.0012
28.10.2025 15:33:27.941 UTC,1.39438,1.39426,0.0012,0.00279
28.10.2025 15:33:31.966 UTC,1.39438,1.39426,0.0012,0.00294
28.10.2025 15:33:34.894 UTC,1.39439,1.39426,0.0012,0.00384
28.10.2025 15:33:35.346 UTC,1.39439,1.39426,0.00135,0.00369
28.10.2025 15:33:37.454 UTC,1.39439,1.39426,0.0012,0.00384
28.10.2025 15:33:37.656 UTC,1.39439,1.39426,0.00135,0.00459
28.10.2025 15:33:39.479 UTC,1.39439,1.39427,0.0012,0.00135
28.10.2025 15:33:39.634 UTC,1.3944,1.39427,0.0012,0.00237
28.10.2025 15:33:39.737 UTC,1.3944,1.39429,0.0018,0.00285
28.10.2025 15:33:39.840 UTC,1.39441,1.39428,0.0018,0.00285
28.10.2025 15:33:41.707 UTC,1.39439,1.3943,0.0012,0.0018
28.10.2025 15:33:45.450 UTC,1.3944,1.39429,0.0012,0.00204
28.10.2025 15:33:46.005 UTC,1.3944,1.39429,0.0012,0.00189
28.10.2025 15:33:46.106 UTC,1.3944,1.39429,0.0012,0.00204
28.10.2025 15:33:46.211 UTC,1.39442,1.39432,0.0012,0.00234
28.10.2025 15:33:46.263 UTC,1.39447,1.39435,0.0012,0.00192
28.10.2025 15:33:49.445 UTC,1.39446,1.39438,0.0012,0.0012
28.10.2025 15:33:49.549 UTC,1.39447,1.39438,0.0012,0.00156
28.10.2025 15:33:49.652 UTC,1.39449,1.39437,0.0012,0.00204
28.10.2025 15:33:53.943 UTC,1.39447,1.39435,0.0012,0.0024
28.10.2025 15:33:53.995 UTC,1.39445,1.39432,0.0012,0.0018
28.10.2025 15:33:54.099 UTC,1.39444,1.39431,0.0012,0.0018
28.10.2025 15:33:54.203 UTC,1.39443,1.3943,0.0012,0.00168
28.10.2025 15:33:59.151 UTC,1.39443,1.3943,0.0018,0.00285
28.10.2025 15:34:00.308 UTC,1.39442,1.39432,0.0012,0.00213
28.10.2025 15:34:00.564 UTC,1.39443,1.39431,0.0012,0.00288
28.10.2025 15:34:00.767 UTC,1.39444,1.39434,0.00135,0.0012
28.10.2025 15:34:00.872 UTC,1.39442,1.39432,0.0018,0.0012
28.10.2025 15:34:00.976 UTC,1.39442,1.39429,0.0018,0.0027
28.10.2025 15:34:01.384 UTC,1.39441,1.39429,0.0012,0.0033
28.10.2025 15:34:01.487 UTC,1.39442,1.3943,0.0012,0.00225
28.10.2025 15:34:04.625 UTC,1.39443,1.39432,0.0012,0.00135
28.10.2025 15:34:04.679 UTC,1.39445,1.39434,0.0012,0.00144
28.10.2025 15:34:04.784 UTC,1.39447,1.39434,0.0027,0.0018
28.10.2025 15:34:05.953 UTC,1.39446,1.39436,0.0012,0.0012
28.10.2025 15:34:07.783 UTC,1.39445,1.39436,0.0012,0.0018
28.10.2025 15:34:13.413 UTC,1.39446,1.39436,0.0012,0.0012
28.10.2025 15:34:13.718 UTC,1.39448,1.39436,0.0012,0.0036
28.10.2025 15:34:13.832 UTC,1.39448,1.39438,0.0018,0.00324
28.10.2025 15:34:13.937 UTC,1.3945,1.39437,0.0018,0.00384
28.10.2025 15:34:15.102 UTC,1.39449,1.39437,0.0012,0.0018
28.10.2025 15:34:15.460 UTC,1.39447,1.39436,0.0012,0.00294
28.10.2025 15:34:15.562 UTC,1.39448,1.39435,0.00135,0.0024
28.10.2025 15:34:16.169 UTC,1.39447,1.39435,0.0012,0.0018
28.10.2025 15:34:16.274 UTC,1.39441,1.39431,0.0012,0.0012
28.10.2025 15:34:16.326 UTC,1.39442,1.39429,0.0012,0.00324
28.10.2025 15:34:16.430 UTC,1.39442,1.39429,0.0012,0.00381
28.10.2025 15:34:16.534 UTC,1.39442,1.39432,0.0012,0.00288
28.10.2025 15:34:16.637 UTC,1.39442,1.39431,0.0012,0.0027
28.10.2025 15:34:18.103 UTC,1.3944,1.39431,0.0012,0.0018
28.10.2025 15:34:18.259 UTC,1.39441,1.3943,0.0018,0.00135
28.10.2025 15:34:18.365 UTC,1.39441,1.39428,0.0012,0.00393
28.10.2025 15:34:21.094 UTC,1.3944,1.3943,0.0012,0.0018
28.10.2025 15:34:21.196 UTC,1.39441,1.39429,0.0012,0.0018
28.10.2025 15:34:23.124 UTC,1.3944,1.3943,0.0018,0.0024
28.10.2025 15:34:23.886 UTC,1.39441,1.39429,0.0018,0.0024
28.10.2025 15:34:24.496 UTC,1.39441,1.3943,0.0012,0.00135
28.10.2025 15:34:24.650 UTC,1.3944,1.3943,0.0012,0.00204
28.10.2025 15:34:24.854 UTC,1.39441,1.39428,0.0012,0.00294
28.10.2025 15:34:28.383 UTC,1.3944,1.39428,0.0012,0.00285
28.10.2025 15:34:34.269 UTC,1.3944,1.39428,0.00195,0.0024
28.10.2025 15:34:34.372 UTC,1.3944,1.39428,0.00135,0.0018
28.10.2025 15:34:48.551 UTC,1.3944,1.39429,0.0012,0.0012
28.10.2025 15:34:48.655 UTC,1.39441,1.39429,0.0012,0.0012
28.10.2025 15:34:52.546 UTC,1.3944,1.39431,0.0012,0.0012
28.10.2025 15:34:52.699 UTC,1.39436,1.39428,0.0012,0.0012
28.10.2025 15:34:52.752 UTC,1.39437,1.39424,0.00279,0.0012
28.10.2025 15:34:52.905 UTC,1.39436,1.39425,0.0027,0.0018
28.10.2025 15:34:53.008 UTC,1.39437,1.39426,0.0012,0.00315
28.10.2025 15:34:53.110 UTC,1.39438,1.39425,0.0012,0.0024
28.10.2025 15:34:53.467 UTC,1.39439,1.39426,0.00144,0.00225
28.10.2025 15:34:53.671 UTC,1.39438,1.39428,0.0012,0.0012
28.10.2025 15:34:54.594 UTC,1.39439,1.39426,0.00135,0.00405
28.10.2025 15:34:55.006 UTC,1.39439,1.39426,0.0012,0.00465
28.10.2025 15:34:55.160 UTC,1.39439,1.39426,0.00132,0.0045
28.10.2025 15:34:59.387 UTC,1.39439,1.39426,0.00195,0.00132
28.10.2025 15:34:59.490 UTC,1.39439,1.39427,0.00144,0.00135
28.10.2025 15:34:59.644 UTC,1.39439,1.39427,0.00132,0.00135
28.10.2025 15:34:59.748 UTC,1.39436,1.39426,0.0012,0.0012
28.10.2025 15:34:59.852 UTC,1.39434,1.39423,0.0012,0.0024
28.10.2025 15:34:59.956 UTC,1.39432,1.39422,0.0012,0.0012
28.10.2025 15:35:00.264 UTC,1.39436,1.39423,0.0042,0.0012
28.10.2025 15:35:03.192 UTC,1.39436,1.39423,0.00225,0.00225
28.10.2025 15:35:03.444 UTC,1.39435,1.39425,0.00135,0.0012
28.10.2025 15:35:03.548 UTC,1.39438,1.39425,0.0018,0.0018
28.10.2025 15:35:03.706 UTC,1.39437,1.39426,0.0012,0.0024
28.10.2025 15:35:03.915 UTC,1.3944,1.39427,0.0018,0.0012
28.10.2025 15:35:04.019 UTC,1.39441,1.39427,0.00315,0.0024
28.10.2025 15:35:04.731 UTC,1.39442,1.39429,0.0027,0.00135
28.10.2025 15:35:04.986 UTC,1.39442,1.39429,0.0027,0.0024
28.10.2025 15:35:08.370 UTC,1.39441,1.3943,0.0012,0.0012
28.10.2025 15:35:08.979 UTC,1.39441,1.39431,0.0018,0.00135
28.10.2025 15:35:09.082 UTC,1.39442,1.39432,0.0018,0.0012
28.10.2025 15:35:09.184 UTC,1.39443,1.39432,0.00225,0.0012
28.10.2025 15:35:09.489 UTC,1.39442,1.39431,0.00135,0.0012
28.10.2025 15:35:14.980 UTC,1.39439,1.39432,0.0012,0.0012
28.10.2025 15:35:15.031 UTC,1.39442,1.39431,0.00225,0.0012
28.10.2025 15:35:17.091 UTC,1.3944,1.3943,0.00234,0.00135
28.10.2025 15:35:17.195 UTC,1.39439,1.39429,0.00234,0.0024
28.10.2025 15:35:17.298 UTC,1.3944,1.39429,0.00192,0.00135
28.10.2025 15:35:17.551 UTC,1.39441,1.39428,0.00144,0.0018
28.10.2025 15:35:17.703 UTC,1.39441,1.39428,0.00192,0.00135
28.10.2025 15:35:18.005 UTC,1.39441,1.39428,0.00144,0.0018
28.10.2025 15:35:18.262 UTC,1.3944,1.39428,0.00132,0.00135
28.10.2025 15:35:18.365 UTC,1.3944,1.39428,0.0018,0.0012
28.10.2025 15:35:18.519 UTC,1.3944,1.39428,0.00225,0.0012
28.10.2025 15:35:20.017 UTC,1.39438,1.39428,0.0012,0.0012
28.10.2025 15:35:20.069 UTC,1.3944,1.39428,0.00225,0.0012
28.10.2025 15:35:21.427 UTC,1.39441,1.39429,0.00225,0.0012
28.10.2025 15:35:22.134 UTC,1.3944,1.39429,0.0012,0.0012
28.10.2025 15:35:22.238 UTC,1.39439,1.39431,0.0012,0.0012
28.10.2025 15:35:24.101 UTC,1.3944,1.39431,0.00225,0.0012
28.10.2025 15:35:24.306 UTC,1.39441,1.39431,0.0012,0.0012
28.10.2025 15:35:24.409 UTC,1.39442,1.39432,0.00135,0.0012
28.10.2025 15:35:24.721 UTC,1.39441,1.39432,0.0012,0.00135
28.10.2025 15:35:25.682 UTC,1.39442,1.39433,0.00225,0.0012
28.10.2025 15:35:28.654 UTC,1.39442,1.39432,0.0012,0.0012
28.10.2025 15:35:28.806 UTC,1.39442,1.39431,0.0012,0.00135
28.10.2025 15:35:31.270 UTC,1.3944,1.39432,0.0012,0.00135
28.10.2025 15:35:31.373 UTC,1.39442,1.39431,0.00135,0.00135
28.10.2025 15:35:31.980 UTC,1.39442,1.39433,0.0018,0.0012
28.10.2025 15:35:32.032 UTC,1.39446,1.39434,0.0012,0.0012
28.10.2025 15:35:32.085 UTC,1.39448,1.39436,0.0012,0.0012
28.10.2025 15:35:32.188 UTC,1.39449,1.39437,0.0018,0.0012
28.10.2025 15:35:32.292 UTC,1.39447,1.39436,0.0012,0.0012
28.10.2025 15:35:33.000 UTC,1.39447,1.39437,0.00225,0.0012
28.10.2025 15:35:35.995 UTC,1.39449,1.39438,0.00135,0.0012
28.10.2025 15:35:36.257 UTC,1.3945,1.39438,0.00225,0.0012
28.10.2025 15:35:36.813 UTC,1.39449,1.3944,0.00135,0.0012
28.10.2025 15:35:36.916 UTC,1.39451,1.39439,0.00135,0.0012
28.10.2025 15:35:37.021 UTC,1.39451,1.39441,0.0012,0.0012
28.10.2025 15:35:37.123 UTC,1.39452,1.39442,0.0012,0.0012
28.10.2025 15:35:37.478 UTC,1.3945,1.39442,0.0012,0.0012
28.10.2025 15:35:37.530 UTC,1.39452,1.39442,0.0012,0.0012
28.10.2025 15:35:43.041 UTC,1.39452,1.3944,0.00225,0.0012
28.10.2025 15:35:43.144 UTC,1.39451,1.3944,0.00135,0.0012
28.10.2025 15:35:43.248 UTC,1.3945,1.3944,0.0012,0.0012
28.10.2025 15:35:45.006 UTC,1.39451,1.3944,0.00225,0.0012
28.10.2025 15:35:55.947 UTC,1.39452,1.3944,0.00225,0.0012
28.10.2025 15:35:56.051 UTC,1.39453,1.39441,0.00135,0.0012
28.10.2025 15:35:56.305 UTC,1.39453,1.39441,0.0018,0.0012
28.10.2025 15:35:56.962 UTC,1.39452,1.39442,0.00135,0.0012
28.10.2025 15:35:57.171 UTC,1.39453,1.39441,0.0024,0.0012
28.10.2025 15:35:57.826 UTC,1.39452,1.39442,0.00225,0.0012
28.10.2025 15:35:57.931 UTC,1.39453,1.39441,0.0024,0.0012
28.10.2025 15:35:59.301 UTC,1.39453,1.39441,0.00225,0.0012
28.10.2025 15:35:59.403 UTC,1.39453,1.39441,0.0024,0.0012
28.10.2025 15:35:59.959 UTC,1.39453,1.39441,0.00225,0.0012
28.10.2025 15:36:01.120 UTC,1.39453,1.39441,0.0024,0.0012
28.10.2025 15:36:01.222 UTC,1.39453,1.39441,0.00225,0.0012
28.10.2025 15:36:01.324 UTC,1.39452,1.39441,0.00135,0.0012
28.10.2025 15:36:05.257 UTC,1.39453,1.39441,0.00225,0.00135
28.10.2025 15:36:06.172 UTC,1.39451,1.39442,0.0012,0.00135
28.10.2025 15:36:07.180 UTC,1.39453,1.39441,0.00225,0.00135
28.10.2025 15:36:07.436 UTC,1.39452,1.39441,0.0033,0.0018
28.10.2025 15:36:07.539 UTC,1.39453,1.3944,0.00315,0.00195
28.10.2025 15:36:07.641 UTC,1.39453,1.3944,0.0033,0.0018
28.10.2025 15:36:07.843 UTC,1.39453,1.3944,0.00315,0.0018
28.10.2025 15:36:08.197 UTC,1.39453,1.3944,0.0033,0.0018
28.10.2025 15:36:08.350 UTC,1.39452,1.3944,0.00135,0.0018
28.10.2025 15:36:08.854 UTC,1.39452,1.3944,0.00135,0.0012
28.10.2025 15:36:09.360 UTC,1.39452,1.39441,0.00315,0.00144
28.10.2025 15:36:09.463 UTC,1.39452,1.39441,0.0027,0.00192
28.10.2025 15:36:09.566 UTC,1.39453,1.3944,0.00315,0.00189
28.10.2025 15:36:09.668 UTC,1.39453,1.3944,0.00315,0.00204
28.10.2025 15:36:10.278 UTC,1.39452,1.3944,0.0012,0.0018
28.10.2025 15:36:10.380 UTC,1.39452,1.3944,0.0012,0.00135
28.10.2025 15:36:11.489 UTC,1.39452,1.3944,0.0012,0.00195
28.10.2025 15:36:12.653 UTC,1.39453,1.39441,0.00225,0.0012
28.10.2025 15:36:13.008 UTC,1.39451,1.39442,0.00135,0.00135
28.10.2025 15:36:14.172 UTC,1.39453,1.39441,0.00225,0.00135
28.10.2025 15:36:14.779 UTC,1.39453,1.39441,0.0024,0.00135
28.10.2025 15:36:15.087 UTC,1.39453,1.39441,0.00225,0.00135
28.10.2025 15:36:17.353 UTC,1.39453,1.3944,0.00405,0.0018
28.10.2025 15:36:17.465 UTC,1.3945,1.3944,0.00225,0.0018
28.10.2025 15:36:17.572 UTC,1.3945,1.39438,0.00135,0.00225
28.10.2025 15:36:17.931 UTC,1.39448,1.39438,0.0012,0.0012
28.10.2025 15:36:18.033 UTC,1.39448,1.39437,0.0012,0.00225
28.10.2025 15:36:32.994 UTC,1.39444,1.39436,0.0012,0.00135
28.10.2025 15:36:33.097 UTC,1.39444,1.39431,0.0012,0.0033
28.10.2025 15:36:33.149 UTC,1.39443,1.39432,0.0018,0.00225
28.10.2025 15:36:33.252 UTC,1.39443,1.39431,0.0012,0.00225
28.10.2025 15:36:34.263 UTC,1.39444,1.39431,0.0012,0.00234
28.10.2025 15:36:34.366 UTC,1.39444,1.39431,0.00315,0.0018
28.10.2025 15:36:37.834 UTC,1.39445,1.39435,0.0012,0.0012
28.10.2025 15:36:37.886 UTC,1.39447,1.39435,0.00225,0.0012
28.10.2025 15:36:38.347 UTC,1.39446,1.39433,0.0012,0.00285
28.10.2025 15:36:38.451 UTC,1.39444,1.39434,0.0012,0.00135
28.10.2025 15:36:41.376 UTC,1.39443,1.39433,0.0012,0.00225
28.10.2025 15:36:42.091 UTC,1.39445,1.39432,0.00315,0.00225
28.10.2025 15:36:42.700 UTC,1.39444,1.39434,0.0012,0.00135
28.10.2025 15:36:42.804 UTC,1.39444,1.39432,0.0012,0.0024
28.10.2025 15:36:42.856 UTC,1.39443,1.39433,0.0012,0.00315
28.10.2025 15:36:48.998 UTC,1.39444,1.39433,0.00315,0.0027
28.10.2025 15:36:49.100 UTC,1.39445,1.39432,0.0033,0.00225
28.10.2025 15:36:49.404 UTC,1.39445,1.39432,0.00315,0.0027
28.10.2025 15:36:49.557 UTC,1.39444,1.39432,0.0012,0.0027
28.10.2025 15:36:51.196 UTC,1.39445,1.39432,0.00315,0.0027
28.10.2025 15:36:51.349 UTC,1.39445,1.39432,0.0018,0.00375
28.10.2025 15:36:51.452 UTC,1.39445,1.39432,0.00225,0.0036
28.10.2025 15:36:53.164 UTC,1.39444,1.39432,0.0012,0.0036
28.10.2025 15:36:53.421 UTC,1.39442,1.39431,0.0018,0.0018
28.10.2025 15:36:53.474 UTC,1.39441,1.3943,0.0012,0.00225
28.10.2025 15:36:53.679 UTC,1.39441,1.39429,0.0012,0.00135
28.10.2025 15:36:54.890 UTC,1.39442,1.39429,0.0018,0.0036
28.10.2025 15:36:55.044 UTC,1.39441,1.3943,0.0012,0.00465
28.10.2025 15:36:56.161 UTC,1.39442,1.39431,0.0027,0.00285
28.10.2025 15:36:58.330 UTC,1.39442,1.3943,0.0012,0.00375
28.10.2025 15:36:59.559 UTC,1.39443,1.39433,0.0012,0.0012
28.10.2025 15:36:59.663 UTC,1.39446,1.39433,0.00135,0.0027
28.10.2025 15:36:59.765 UTC,1.39446,1.39433,0.00135,0.0042
28.10.2025 15:37:00.120 UTC,1.39444,1.39434,0.0012,0.0018
28.10.2025 15:37:00.222 UTC,1.39446,1.39433,0.0027,0.0024
28.10.2025 15:37:01.229 UTC,1.39445,1.39432,0.0027,0.0018
28.10.2025 15:37:01.331 UTC,1.39444,1.39433,0.0027,0.00135
28.10.2025 15:37:02.089 UTC,1.39444,1.39432,0.0012,0.00135
28.10.2025 15:37:02.597 UTC,1.39445,1.39432,0.00225,0.00135
28.10.2025 15:37:07.574 UTC,1.39445,1.39433,0.0018,0.00135
28.10.2025 15:37:08.342 UTC,1.39446,1.39436,0.0012,0.0018
28.10.2025 15:37:08.396 UTC,1.39449,1.39437,0.0018,0.0012
28.10.2025 15:37:08.448 UTC,1.39449,1.39438,0.00279,0.00135
28.10.2025 15:37:09.359 UTC,1.3945,1.39438,0.0012,0.0012
28.10.2025 15:37:09.463 UTC,1.39452,1.39439,0.0018,0.0018
28.10.2025 15:37:09.565 UTC,1.39452,1.39439,0.0027,0.0018
28.10.2025 15:37:10.371 UTC,1.39451,1.39439,0.0012,0.0018
28.10.2025 15:37:10.627 UTC,1.39451,1.39438,0.0012,0.00339
28.10.2025 15:37:10.729 UTC,1.3945,1.3944,0.0012,0.0018
28.10.2025 15:37:10.982 UTC,1.39452,1.39439,0.0018,0.0018
28.10.2025 15:37:11.236 UTC,1.39451,1.39438,0.0012,0.00429
28.10.2025 15:37:12.862 UTC,1.39449,1.39439,0.00189,0.0018
28.10.2025 15:37:12.965 UTC,1.39449,1.39437,0.0012,0.00285
28.10.2025 15:37:13.017 UTC,1.39449,1.39437,0.0012,0.00225
28.10.2025 15:37:13.120 UTC,1.39447,1.39438,0.0012,0.00135
28.10.2025 15:37:13.275 UTC,1.39448,1.39436,0.0018,0.00135
28.10.2025 15:37:14.489 UTC,1.39448,1.39434,0.00324,0.00285
28.10.2025 15:37:14.591 UTC,1.39447,1.39434,0.0012,0.00285
28.10.2025 15:37:16.410 UTC,1.39446,1.39435,0.0024,0.0024
28.10.2025 15:37:16.563 UTC,1.39447,1.39434,0.0024,0.00225
28.10.2025 15:37:16.815 UTC,1.39447,1.39434,0.00225,0.00225
28.10.2025 15:37:18.997 UTC,1.39446,1.39435,0.0018,0.00285
28.10.2025 15:37:19.250 UTC,1.39447,1.39434,0.00225,0.0027
28.10.2025 15:37:19.904 UTC,1.39447,1.39434,0.0018,0.00285
28.10.2025 15:37:20.005 UTC,1.39446,1.39435,0.00225,0.0027
28.10.2025 15:37:20.159 UTC,1.39447,1.39435,0.0012,0.00135
28.10.2025 15:37:20.212 UTC,1.39449,1.39436,0.00324,0.00225
28.10.2025 15:37:20.416 UTC,1.3945,1.39437,0.00324,0.00135
28.10.2025 15:37:20.670 UTC,1.39449,1.39437,0.0012,0.00135
28.10.2025 15:37:20.824 UTC,1.3945,1.39437,0.00315,0.00135
28.10.2025 15:37:20.928 UTC,1.3945,1.39439,0.00225,0.0012
28.10.2025 15:37:21.532 UTC,1.39451,1.39438,0.0024,0.00135
28.10.2025 15:37:21.785 UTC,1.39451,1.39438,0.00225,0.00135
28.10.2025 15:37:22.593 UTC,1.3945,1.39438,0.0012,0.00135
28.10.2025 15:37:26.468 UTC,1.39451,1.39438,0.00324,0.00135
28.10.2025 15:37:27.780 UTC,1.39451,1.39438,0.00279,0.00195
28.10.2025 15:37:27.882 UTC,1.39451,1.39438,0.00324,0.0018
28.10.2025 15:37:28.188 UTC,1.39453,1.39442,0.00202,0.0027
28.10.2025 15:37:28.292 UTC,1.39454,1.39445,0.0012,0.0012
28.10.2025 15:37:28.396 UTC,1.39455,1.39445,0.0012,0.0018
28.10.2025 15:37:28.501 UTC,1.39456,1.39444,0.0012,0.0033
28.10.2025 15:37:28.604 UTC,1.39457,1.39444,0.0012,0.0033
28.10.2025 15:37:28.962 UTC,1.39455,1.39443,0.0012,0.0018
28.10.2025 15:37:29.067 UTC,1.39452,1.39444,0.00279,0.0018
28.10.2025 15:37:29.121 UTC,1.39451,1.39439,0.0012,0.0018
28.10.2025 15:37:29.224 UTC,1.39451,1.39438,0.0018,0.0024
28.10.2025 15:37:30.033 UTC,1.39453,1.3944,0.00279,0.0012
28.10.2025 15:37:30.188 UTC,1.39453,1.3944,0.0027,0.0024
28.10.2025 15:37:30.291 UTC,1.39452,1.3944,0.0012,0.0018
28.10.2025 15:37:31.406 UTC,1.39451,1.3944,0.0012,0.0018
28.10.2025 15:37:32.243 UTC,1.39452,1.3944,0.00135,0.0018
28.10.2025 15:37:35.413 UTC,1.39453,1.3944,0.00315,0.00195
28.10.2025 15:37:35.516 UTC,1.39451,1.3944,0.00315,0.00195
28.10.2025 15:37:35.567 UTC,1.39451,1.3944,0.00315,0.0018
28.10.2025 15:37:36.073 UTC,1.39452,1.39444,0.0012,0.0012
28.10.2025 15:37:36.177 UTC,1.39456,1.39444,0.0012,0.0012
28.10.2025 15:37:36.383 UTC,1.39456,1.39443,0.00234,0.00225
28.10.2025 15:37:36.893 UTC,1.39455,1.39445,0.0012,0.0012
28.10.2025 15:37:37.047 UTC,1.39456,1.39445,0.0012,0.0012
28.10.2025 15:37:37.253 UTC,1.39456,1.39443,0.0012,0.00315
28.10.2025 15:37:38.061 UTC,1.39456,1.39444,0.0018,0.0012
28.10.2025 15:37:38.163 UTC,1.39455,1.39444,0.0012,0.00315
28.10.2025 15:37:39.627 UTC,1.39456,1.39444,0.0012,0.0012
28.10.2025 15:37:40.352 UTC,1.39456,1.39443,0.0012,0.00315
28.10.2025 15:37:40.455 UTC,1.39455,1.39445,0.0012,0.0012
28.10.2025 15:37:40.607 UTC,1.39456,1.39443,0.0012,0.0036
28.10.2025 15:37:41.365 UTC,1.39454,1.39441,0.0012,0.00285
28.10.2025 15:37:43.540 UTC,1.39453,1.39441,0.00225,0.0018
28.10.2025 15:37:43.643 UTC,1.39453,1.39441,0.00225,0.00135
28.10.2025 15:37:46.617 UTC,1.39454,1.39442,0.0018,0.0027
28.10.2025 15:37:50.505 UTC,1.39456,1.39445,0.00135,0.0018
28.10.2025 15:37:50.659 UTC,1.39458,1.39444,0.00234,0.0027
28.10.2025 15:37:51.116 UTC,1.39458,1.39444,0.00249,0.0027
28.10.2025 15:37:51.271 UTC,1.39456,1.39444,0.0012,0.0012
28.10.2025 15:37:51.781 UTC,1.39457,1.39444,0.00144,0.0012
28.10.2025 15:37:51.934 UTC,1.39456,1.39444,0.0012,0.0018
28.10.2025 15:37:52.088 UTC,1.39456,1.39445,0.00234,0.0018
28.10.2025 15:37:52.190 UTC,1.39456,1.39444,0.0012,0.0018
28.10.2025 15:37:52.294 UTC,1.39457,1.39445,0.00135,0.0012
28.10.2025 15:37:52.702 UTC,1.39457,1.39446,0.0012,0.0012
28.10.2025 15:37:53.407 UTC,1.39458,1.39446,0.00225,0.0012
28.10.2025 15:37:53.511 UTC,1.39458,1.39447,0.0012,0.0012
28.10.2025 15:37:57.134 UTC,1.39458,1.39449,0.00135,0.0012
28.10.2025 15:37:57.345 UTC,1.39459,1.39449,0.0012,0.0012
28.10.2025 15:37:57.450 UTC,1.3946,1.39449,0.0012,0.0012
28.10.2025 15:37:58.409 UTC,1.3946,1.39448,0.00135,0.00225
28.10.2025 15:37:59.718 UTC,1.39461,1.39448,0.00315,0.00135
28.10.2025 15:38:00.071 UTC,1.3946,1.39448,0.00135,0.00135
28.10.2025 15:38:05.789 UTC,1.39459,1.39447,0.0012,0.0027
28.10.2025 15:38:05.945 UTC,1.39458,1.39446,0.00135,0.0018
28.10.2025 15:38:06.050 UTC,1.39457,1.39445,0.00144,0.00225
28.10.2025 15:38:06.102 UTC,1.39454,1.39446,0.0012,0.00135
28.10.2025 15:38:06.205 UTC,1.39456,1.39444,0.0012,0.0018
28.10.2025 15:38:06.358 UTC,1.39457,1.39444,0.00279,0.0018
28.10.2025 15:38:06.462 UTC,1.39456,1.39444,0.0012,0.0018
28.10.2025 15:38:06.564 UTC,1.39457,1.39444,0.00132,0.0018
28.10.2025 15:38:06.871 UTC,1.39456,1.39444,0.0012,0.0018
28.10.2025 15:38:06.974 UTC,1.39455,1.39444,0.00225,0.00135
28.10.2025 15:38:07.631 UTC,1.39454,1.39444,0.00225,0.0012
28.10.2025 15:38:07.734 UTC,1.39455,1.39442,0.00315,0.00135
28.10.2025 15:38:07.939 UTC,1.39454,1.39443,0.0033,0.00135
28.10.2025 15:38:08.145 UTC,1.39456,1.39444,0.00225,0.0012
28.10.2025 15:38:08.248 UTC,1.39455,1.39443,0.00135,0.0012
28.10.2025 15:38:08.402 UTC,1.39455,1.39444,0.0018,0.00225
28.10.2025 15:38:08.505 UTC,1.39456,1.39445,0.00315,0.0012
28.10.2025 15:38:08.607 UTC,1.39456,1.39444,0.0012,0.0012
28.10.2025 15:38:08.812 UTC,1.39457,1.39444,0.00315,0.0018
28.10.2025 15:38:09.977 UTC,1.39456,1.39444,0.0012,0.0012
28.10.2025 15:38:10.737 UTC,1.39457,1.39444,0.00315,0.0018
28.10.2025 15:38:10.892 UTC,1.39455,1.39445,0.0012,0.0018
28.10.2025 15:38:11.501 UTC,1.39456,1.39445,0.00225,0.0018
28.10.2025 15:38:11.603 UTC,1.39457,1.39445,0.00225,0.00225
28.10.2025 15:38:12.218 UTC,1.39455,1.39444,0.0012,0.0018
28.10.2025 15:38:12.321 UTC,1.39456,1.39444,0.0012,0.0024
28.10.2025 15:38:12.424 UTC,1.39456,1.39444,0.0012,0.0018
28.10.2025 15:38:12.834 UTC,1.39456,1.39445,0.00324,0.0012
28.10.2025 15:38:13.232 UTC,1.39457,1.39444,0.00339,0.0012
28.10.2025 15:38:13.696 UTC,1.39457,1.39444,0.00324,0.00135
28.10.2025 15:38:13.799 UTC,1.39455,1.39445,0.00135,0.0012
28.10.2025 15:38:15.529 UTC,1.39457,1.39444,0.00324,0.00135
28.10.2025 15:38:15.631 UTC,1.39457,1.39444,0.00339,0.0012
28.10.2025 15:38:15.734 UTC,1.39457,1.39444,0.00234,0.00135
28.10.2025 15:38:15.938 UTC,1.39457,1.39444,0.00339,0.0012
28.10.2025 15:38:16.041 UTC,1.39457,1.39444,0.00234,0.00135
28.10.2025 15:38:16.447 UTC,1.39456,1.39445,0.00249,0.0012
28.10.2025 15:38:16.550 UTC,1.39457,1.39444,0.00324,0.00135
28.10.2025 15:38:17.261 UTC,1.39457,1.39446,0.0012,0.0012
28.10.2025 15:38:17.465 UTC,1.39457,1.39447,0.00225,0.00135
28.10.2025 15:38:24.797 UTC,1.39458,1.39447,0.0012,0.0012
28.10.2025 15:38:25.001 UTC,1.39458,1.39446,0.0012,0.0027
28.10.2025 15:38:30.255 UTC,1.39457,1.39446,0.0012,0.00135
28.10.2025 15:38:30.360 UTC,1.39455,1.39445,0.00225,0.0012
28.10.2025 15:38:31.073 UTC,1.39456,1.39445,0.00234,0.00225
28.10.2025 15:38:32.895 UTC,1.39456,1.39445,0.00189,0.00465
28.10.2025 15:38:37.554 UTC,1.39457,1.39444,0.00315,0.00225
28.10.2025 15:38:38.569 UTC,1.39457,1.39444,0.0033,0.0018
28.10.2025 15:38:40.286 UTC,1.39457,1.39444,0.0027,0.00135
28.10.2025 15:38:40.391 UTC,1.39457,1.39445,0.0012,0.0012
28.10.2025 15:38:41.594 UTC,1.39457,1.39446,0.00225,0.00135
28.10.2025 15:38:42.709 UTC,1.39457,1.39445,0.0012,0.0018
28.10.2025 15:38:49.081 UTC,1.39457,1.39445,0.0024,0.00135
28.10.2025 15:38:49.486 UTC,1.39456,1.39444,0.0012,0.00225
28.10.2025 15:38:49.842 UTC,1.39456,1.39445,0.00225,0.0018
28.10.2025 15:38:51.274 UTC,1.39455,1.39445,0.0012,0.0012
28.10.2025 15:38:51.483 UTC,1.39456,1.39445,0.0027,0.0012
28.10.2025 15:38:51.688 UTC,1.39456,1.39444,0.0012,0.0018
28.10.2025 15:38:51.841 UTC,1.39456,1.39445,0.00315,0.0018
28.10.2025 15:38:52.750 UTC,1.39455,1.39445,0.0012,0.0018
28.10.2025 15:38:54.066 UTC,1.39457,1.39444,0.0033,0.0018
28.10.2025 15:38:54.169 UTC,1.39456,1.39444,0.00225,0.0012
28.10.2025 15:38:54.579 UTC,1.39457,1.39444,0.00225,0.0018
28.10.2025 15:38:57.903 UTC,1.39457,1.39444,0.0018,0.0024
28.10.2025 15:38:59.918 UTC,1.39457,1.39446,0.00225,0.00135
28.10.2025 15:39:00.173 UTC,1.39456,1.39446,0.0012,0.0018
28.10.2025 15:39:00.380 UTC,1.39457,1.39446,0.00225,0.0027
28.10.2025 15:39:01.649 UTC,1.39457,1.39445,0.0012,0.0018
28.10.2025 15:39:09.140 UTC,1.39458,1.39445,0.00315,0.00135
28.10.2025 15:39:09.394 UTC,1.39458,1.39445,0.0033,0.00135
28.10.2025 15:39:09.546 UTC,1.39458,1.39445,0.00315,0.0018
28.10.2025 15:39:12.357 UTC,1.39452,1.3944,0.0036,0.00112
28.10.2025 15:39:12.461 UTC,1.39449,1.39437,0.0018,0.0018
28.10.2025 15:39:12.564 UTC,1.39448,1.39436,0.0012,0.00135
28.10.2025 15:39:15.148 UTC,1.39447,1.39436,0.0033,0.0018
28.10.2025 15:39:15.252 UTC,1.39444,1.39431,0.0018,0.0018
28.10.2025 15:39:15.304 UTC,1.39442,1.3943,0.0012,0.0018
28.10.2025 15:39:15.408 UTC,1.39442,1.39431,0.0027,0.00135
28.10.2025 15:39:17.231 UTC,1.39442,1.3943,0.0012,0.00135
28.10.2025 15:39:17.685 UTC,1.39443,1.3943,0.00225,0.00225
28.10.2025 15:39:19.149 UTC,1.39444,1.39432,0.0018,0.0018
28.10.2025 15:39:19.808 UTC,1.39444,1.39433,0.00225,0.0012
28.10.2025 15:39:20.011 UTC,1.39443,1.39433,0.00225,0.0012
28.10.2025 15:39:20.969 UTC,1.39445,1.39432,0.00225,0.00324
28.10.2025 15:39:21.224 UTC,1.39447,1.39434,0.0018,0.0027
28.10.2025 15:39:21.633 UTC,1.39446,1.39433,0.00225,0.0033
28.10.2025 15:39:22.706 UTC,1.39446,1.39435,0.00225,0.00135
28.10.2025 15:39:22.912 UTC,1.39447,1.39435,0.0018,0.0012
28.10.2025 15:39:24.678 UTC,1.39447,1.39436,0.00315,0.0027
28.10.2025 15:39:25.185 UTC,1.39447,1.39435,0.0012,0.00135
28.10.2025 15:39:25.339 UTC,1.39446,1.39435,0.0018,0.00135
28.10.2025 15:39:25.443 UTC,1.39446,1.39433,0.00315,0.0024
28.10.2025 15:39:25.597 UTC,1.39447,1.39434,0.00315,0.0018
28.10.2025 15:39:26.058 UTC,1.39446,1.39433,0.00135,0.0024
28.10.2025 15:39:26.160 UTC,1.39446,1.39433,0.00135,0.00135
28.10.2025 15:39:27.790 UTC,1.39444,1.39434,0.0012,0.00135
28.10.2025 15:39:29.197 UTC,1.39446,1.39436,0.00225,0.0012
28.10.2025 15:39:29.249 UTC,1.39446,1.39433,0.0012,0.00315
28.10.2025 15:39:29.910 UTC,1.39444,1.39434,0.0012,0.00225
28.10.2025 15:39:30.519 UTC,1.39446,1.39435,0.0012,0.0012
28.10.2025 15:39:31.583 UTC,1.39447,1.39435,0.00225,0.0012
28.10.2025 15:39:33.048 UTC,1.39447,1.39436,0.0012,0.0012
28.10.2025 15:39:33.406 UTC,1.39448,1.39436,0.00135,0.0012
28.10.2025 15:39:33.962 UTC,1.39447,1.39436,0.0012,0.0012
28.10.2025 15:39:37.461 UTC,1.39445,1.39435,0.00135,0.0012
28.10.2025 15:39:39.086 UTC,1.39445,1.39433,0.0012,0.00135
28.10.2025 15:39:39.138 UTC,1.39447,1.39434,0.00315,0.0012
28.10.2025 15:39:41.218 UTC,1.39447,1.39434,0.0027,0.00375
28.10.2025 15:39:41.323 UTC,1.39447,1.39436,0.0012,0.0012
28.10.2025 15:39:41.633 UTC,1.39448,1.39436,0.0018,0.0012
28.10.2025 15:39:43.249 UTC,1.39446,1.39437,0.0012,0.0012
28.10.2025 15:39:43.961 UTC,1.39447,1.39435,0.0012,0.0018
28.10.2025 15:39:44.115 UTC,1.39447,1.39435,0.0018,0.00135
28.10.2025 15:39:44.218 UTC,1.39447,1.39436,0.0033,0.0012
28.10.2025 15:39:44.473 UTC,1.39447,1.39436,0.00315,0.00135
28.10.2025 15:39:45.184 UTC,1.39447,1.39435,0.00135,0.0012
28.10.2025 15:39:46.313 UTC,1.39448,1.39435,0.0018,0.00234
28.10.2025 15:39:46.417 UTC,1.39449,1.39436,0.00225,0.0012
28.10.2025 15:39:47.025 UTC,1.39447,1.39437,0.0018,0.00135
28.10.2025 15:39:47.485 UTC,1.39449,1.39436,0.00315,0.00135
28.10.2025 15:39:47.587 UTC,1.39449,1.39436,0.00315,0.0018
28.10.2025 15:39:47.792 UTC,1.39449,1.39436,0.0033,0.0018
28.10.2025 15:39:48.196 UTC,1.39449,1.39436,0.0033,0.0012
28.10.2025 15:39:48.248 UTC,1.3945,1.39438,0.0018,0.0012
28.10.2025 15:39:48.352 UTC,1.39451,1.39438,0.00315,0.00192
28.10.2025 15:39:48.455 UTC,1.3945,1.39439,0.00225,0.00189
28.10.2025 15:39:48.608 UTC,1.39449,1.39438,0.0012,0.00189
28.10.2025 15:39:53.593 UTC,1.39451,1.39438,0.00315,0.0012
28.10.2025 15:39:56.219 UTC,1.3945,1.39439,0.00135,0.00375
28.10.2025 15:39:56.322 UTC,1.39451,1.39438,0.00135,0.00375
28.10.2025 15:39:58.135 UTC,1.39451,1.39438,0.0024,0.00315
28.10.2025 15:39:59.643 UTC,1.3945,1.39439,0.00225,0.00315
28.10.2025 15:40:00.602 UTC,1.39453,1.3944,0.0018,0.0012
28.10.2025 15:40:00.707 UTC,1.39452,1.39439,0.0012,0.00225
28.10.2025 15:40:00.811 UTC,1.39451,1.39438,0.0027,0.0018
28.10.2025 15:40:00.862 UTC,1.3945,1.39437,0.0012,0.00225
28.10.2025 15:40:01.371 UTC,1.39448,1.39438,0.0012,0.00135
28.10.2025 15:40:01.978 UTC,1.39448,1.39436,0.0018,0.0018
28.10.2025 15:40:02.083 UTC,1.39446,1.39436,0.0018,0.0018
28.10.2025 15:40:02.595 UTC,1.39448,1.39435,0.00225,0.0012
28.10.2025 15:40:02.698 UTC,1.39449,1.39436,0.00225,0.0012
28.10.2025 15:40:03.408 UTC,1.39449,1.39437,0.00135,0.0012
28.10.2025 15:40:06.938 UTC,1.39449,1.39437,0.0024,0.0012
28.10.2025 15:40:07.040 UTC,1.39449,1.39437,0.00225,0.0012
28.10.2025 15:40:07.694 UTC,1.39448,1.39438,0.0024,0.0012
28.10.2025 15:40:08.198 UTC,1.39449,1.3944,0.0024,0.0012
28.10.2025 15:40:08.300 UTC,1.39451,1.39439,0.0024,0.0012
28.10.2025 15:40:08.403 UTC,1.3945,1.39441,0.00225,0.0012
28.10.2025 15:40:08.507 UTC,1.39453,1.39441,0.00135,0.0012
28.10.2025 15:40:08.609 UTC,1.39451,1.39442,0.0012,0.0012
28.10.2025 15:40:09.927 UTC,1.39451,1.39442,0.0024,0.0012
28.10.2025 15:40:10.179 UTC,1.39452,1.39441,0.00225,0.0012
28.10.2025 15:40:10.583 UTC,1.39452,1.3944,0.0024,0.0012
28.10.2025 15:40:14.425 UTC,1.3945,1.3944,0.0012,0.0012
28.10.2025 15:40:14.833 UTC,1.3945,1.39439,0.00135,0.0012
28.10.2025 15:40:14.936 UTC,1.39448,1.3944,0.0012,0.0012
28.10.2025 15:40:15.545 UTC,1.39452,1.39441,0.00285,0.0012
28.10.2025 15:40:15.750 UTC,1.39451,1.39441,0.0012,0.0012
28.10.2025 15:40:15.802 UTC,1.39454,1.39441,0.00225,0.00135
28.10.2025 15:40:15.956 UTC,1.39452,1.39441,0.0012,0.00135
28.10.2025 15:40:17.319 UTC,1.39451,1.3944,0.0012,0.0018
28.10.2025 15:40:17.422 UTC,1.3945,1.39439,0.0012,0.0018
28.10.2025 15:40:17.475 UTC,1.39449,1.3944,0.0018,0.0012
28.10.2025 15:40:17.578 UTC,1.39449,1.39439,0.00225,0.0012
28.10.2025 15:40:17.782 UTC,1.3945,1.39438,0.0024,0.0012
28.10.2025 15:40:18.184 UTC,1.3945,1.39438,0.00225,0.0012
28.10.2025 15:40:19.202 UTC,1.39449,1.39439,0.0024,0.0012
28.10.2025 15:40:19.304 UTC,1.3945,1.39438,0.0012,0.00135
28.10.2025 15:40:21.483 UTC,1.3945,1.39439,0.0018,0.0012
28.10.2025 15:40:21.587 UTC,1.39451,1.39439,0.0012,0.0012
28.10.2025 15:40:22.000 UTC,1.39451,1.39439,0.0018,0.0012
28.10.2025 15:40:22.105 UTC,1.39452,1.3944,0.0024,0.0012
28.10.2025 15:40:22.310 UTC,1.39452,1.3944,0.00225,0.0012
28.10.2025 15:40:22.615 UTC,1.39453,1.3944,0.00315,0.0012
28.10.2025 15:40:22.821 UTC,1.39453,1.39441,0.00135,0.0012
28.10.2025 15:40:23.630 UTC,1.39457,1.39444,0.00135,0.0012
28.10.2025 15:40:23.733 UTC,1.39458,1.39445,0.0027,0.0012
28.10.2025 15:40:23.836 UTC,1.39457,1.39445,0.0012,0.0012
28.10.2025 15:40:24.094 UTC,1.39457,1.39446,0.0018,0.00135
28.10.2025 15:40:24.197 UTC,1.39458,1.39446,0.0018,0.0012
28.10.2025 15:40:26.273 UTC,1.39458,1.39447,0.00135,0.00225
28.10.2025 15:40:26.377 UTC,1.39458,1.39448,0.00225,0.0012
28.10.2025 15:40:27.541 UTC,1.39459,1.39447,0.0024,0.0012
28.10.2025 15:40:27.645 UTC,1.39459,1.39447,0.0018,0.0012
28.10.2025 15:40:32.982 UTC,1.39458,1.39447,0.00225,0.0012
28.10.2025 15:40:37.517 UTC,1.39456,1.39446,0.00135,0.0012
28.10.2025 15:40:38.583 UTC,1.39456,1.39446,0.0024,0.0012
28.10.2025 15:40:38.737 UTC,1.39457,1.39445,0.00135,0.0012
28.10.2025 15:40:38.840 UTC,1.39457,1.39445,0.0018,0.0012
28.10.2025 15:40:39.446 UTC,1.39456,1.39446,0.00225,0.0012
28.10.2025 15:40:39.549 UTC,1.39456,1.39446,0.0024,0.0012
28.10.2025 15:40:40.412 UTC,1.39457,1.39445,0.00135,0.0012
28.10.2025 15:40:40.769 UTC,1.39456,1.39446,0.0018,0.0012
28.10.2025 15:40:40.972 UTC,1.39457,1.39445,0.00135,0.0012
28.10.2025 15:40:41.074 UTC,1.39456,1.39446,0.0018,0.0012
28.10.2025 15:40:41.683 UTC,1.39457,1.39445,0.0018,0.00135
28.10.2025 15:40:43.044 UTC,1.39456,1.39448,0.0012,0.0012
28.10.2025 15:40:44.559 UTC,1.39457,1.39448,0.00135,0.0012
28.10.2025 15:40:49.280 UTC,1.39456,1.39448,0.00135,0.0012
28.10.2025 15:40:53.017 UTC,1.39456,1.39447,0.0012,0.0012
28.10.2025 15:40:54.130 UTC,1.39458,1.39446,0.00225,0.0012
28.10.2025 15:41:01.243 UTC,1.39456,1.39445,0.00135,0.0012
28.10.2025 15:41:01.346 UTC,1.39457,1.39445,0.00225,0.0012
28.10.2025 15:41:01.551 UTC,1.39457,1.39445,0.0024,0.0012
28.10.2025 15:41:01.706 UTC,1.39457,1.39445,0.00225,0.0012
28.10.2025 15:41:02.318 UTC,1.39455,1.39445,0.0018,0.00135
28.10.2025 15:41:04.485 UTC,1.39452,1.39443,0.0012,0.00135
28.10.2025 15:41:05.248 UTC,1.39454,1.39442,0.0018,0.0012
28.10.2025 15:41:06.008 UTC,1.39452,1.39443,0.0018,0.0012
28.10.2025 15:41:06.112 UTC,1.3945,1.3944,0.0012,0.0018
28.10.2025 15:41:06.214 UTC,1.3945,1.3944,0.0012,0.0012
28.10.2025 15:41:06.622 UTC,1.39451,1.3944,0.0012,0.0012
28.10.2025 15:41:08.845 UTC,1.39451,1.39441,0.00225,0.00135
28.10.2025 15:41:09.603 UTC,1.39448,1.39441,0.0012,0.00135
28.10.2025 15:41:09.657 UTC,1.39452,1.39441,0.0012,0.00132
28.10.2025 15:41:09.710 UTC,1.39455,1.39444,0.00135,0.0012
28.10.2025 15:41:09.812 UTC,1.39454,1.39444,0.00135,0.00135
28.10.2025 15:41:09.967 UTC,1.39453,1.39444,0.00135,0.00135
28.10.2025 15:41:13.093 UTC,1.39455,1.39443,0.0018,0.0012
28.10.2025 15:41:13.345 UTC,1.39455,1.39444,0.0018,0.0012
28.10.2025 15:41:13.398 UTC,1.39456,1.39447,0.0012,0.0012
28.10.2025 15:41:13.552 UTC,1.39458,1.39446,0.0018,0.0012
28.10.2025 15:41:13.706 UTC,1.39457,1.39448,0.0012,0.0012
28.10.2025 15:41:21.700 UTC,1.39457,1.39446,0.00135,0.00135
28.10.2025 15:41:21.958 UTC,1.39456,1.39447,0.0018,0.0012
28.10.2025 15:41:22.112 UTC,1.39456,1.39447,0.00135,0.0012
28.10.2025 15:41:22.471 UTC,1.39458,1.39449,0.0036,0.0012
28.10.2025 15:41:22.574 UTC,1.39458,1.39449,0.0018,0.0012
28.10.2025 15:41:24.098 UTC,1.3946,1.39449,0.0018,0.0012
28.10.2025 15:41:24.203 UTC,1.3946,1.39449,0.0012,0.0012
28.10.2025 15:41:24.307 UTC,1.39461,1.39449,0.0012,0.0012
28.10.2025 15:41:24.611 UTC,1.39461,1.39449,0.0018,0.0012
28.10.2025 15:41:24.765 UTC,1.39461,1.39449,0.00135,0.0012
28.10.2025 15:41:24.867 UTC,1.3946,1.3945,0.0018,0.0012
28.10.2025 15:41:25.523 UTC,1.39459,1.3945,0.0018,0.0012
28.10.2025 15:41:26.330 UTC,1.3946,1.39449,0.00135,0.0012
28.10.2025 15:41:26.736 UTC,1.3946,1.3945,0.00225,0.0012
28.10.2025 15:41:27.042 UTC,1.3946,1.39449,0.0012,0.0012
28.10.2025 15:41:28.709 UTC,1.39458,1.3945,0.0012,0.0012
28.10.2025 15:41:28.813 UTC,1.39458,1.39447,0.00225,0.00135
28.10.2025 15:41:28.916 UTC,1.39456,1.39448,0.00135,0.0012
28.10.2025 15:41:29.423 UTC,1.39457,1.39445,0.00225,0.0012
28.10.2025 15:41:29.575 UTC,1.39456,1.39445,0.0012,0.0012
28.10.2025 15:41:29.679 UTC,1.39457,1.39445,0.00135,0.0012
28.10.2025 15:41:29.731 UTC,1.39456,1.39448,0.0012,0.0012
28.10.2025 15:41:31.043 UTC,1.39456,1.39447,0.00135,0.0012
28.10.2025 15:41:31.700 UTC,1.39456,1.39448,0.0018,0.0012
28.10.2025 15:41:32.594 UTC,1.39458,1.39447,0.00225,0.0012
28.10.2025 15:41:37.839 UTC,1.39458,1.39448,0.00132,0.0012
28.10.2025 15:41:38.094 UTC,1.39458,1.39449,0.00135,0.0012
28.10.2025 15:41:45.867 UTC,1.39457,1.39449,0.00192,0.0012
28.10.2025 15:41:45.919 UTC,1.39457,1.39446,0.00144,0.00135
28.10.2025 15:41:47.898 UTC,1.39456,1.39446,0.0012,0.0012
28.10.2025 15:41:48.862 UTC,1.39457,1.39446,0.00135,0.0012
28.10.2025 15:41:49.171 UTC,1.39457,1.39449,0.0018,0.0012
28.10.2025 15:41:50.644 UTC,1.39456,1.39447,0.0012,0.0012
28.10.2025 15:41:50.746 UTC,1.39456,1.39447,0.0024,0.0012
28.10.2025 15:41:51.256 UTC,1.39457,1.39446,0.00225,0.0012
28.10.2025 15:41:51.360 UTC,1.39457,1.39446,0.0024,0.0012
28.10.2025 15:41:51.716 UTC,1.39457,1.39446,0.00225,0.0012
28.10.2025 15:41:53.034 UTC,1.39458,1.39447,0.00225,0.0012
28.10.2025 15:41:53.239 UTC,1.39458,1.39447,0.0024,0.0012
28.10.2025 15:41:54.044 UTC,1.39457,1.39448,0.00225,0.0012
28.10.2025 15:41:54.551 UTC,1.39457,1.39446,0.0012,0.0012
28.10.2025 15:41:54.657 UTC,1.39456,1.39446,0.00135,0.0012
28.10.2025 15:41:55.068 UTC,1.39457,1.39446,0.00225,0.0012
28.10.2025 15:41:56.185 UTC,1.39457,1.39448,0.00225,0.0012
28.10.2025 15:41:57.149 UTC,1.39459,1.39449,0.00135,0.0012
28.10.2025 15:41:57.303 UTC,1.3946,1.39449,0.0012,0.0012
28.10.2025 15:41:58.619 UTC,1.3946,1.39451,0.0012,0.0012
28.10.2025 15:41:58.837 UTC,1.3946,1.39449,0.00135,0.0012
28.10.2025 15:42:00.354 UTC,1.39459,1.39449,0.0012,0.0012
28.10.2025 15:42:05.100 UTC,1.39462,1.39451,0.0012,0.0012
28.10.2025 15:42:05.203 UTC,1.3946,1.39452,0.0012,0.0012
28.10.2025 15:42:05.307 UTC,1.39459,1.39452,0.0012,0.0012
28.10.2025 15:42:07.081 UTC,1.39461,1.39451,0.00135,0.0012
28.10.2025 15:42:07.284 UTC,1.3946,1.39451,0.0012,0.0012
28.10.2025 15:42:09.997 UTC,1.39459,1.3945,0.00144,0.0012
28.10.2025 15:42:10.048 UTC,1.39458,1.39449,0.0012,0.0012
28.10.2025 15:42:12.273 UTC,1.39459,1.39449,0.0012,0.0012
28.10.2025 15:42:13.633 UTC,1.3946,1.39449,0.00135,0.0012
28.10.2025 15:42:15.763 UTC,1.39459,1.39449,0.0012,0.0012
28.10.2025 15:42:16.977 UTC,1.3946,1.39449,0.00132,0.0012
28.10.2025 15:42:19.495 UTC,1.39461,1.3945,0.0012,0.0012
28.10.2025 15:42:19.650 UTC,1.3946,1.3945,0.00144,0.0012
28.10.2025 15:42:20.256 UTC,1.3946,1.3945,0.00192,0.0012
28.10.2025 15:42:20.511 UTC,1.39461,1.39449,0.0012,0.0012
28.10.2025 15:42:20.821 UTC,1.39459,1.39449,0.0012,0.0012
28.10.2025 15:42:20.925 UTC,1.39461,1.39451,0.0012,0.0012
28.10.2025 15:42:21.030 UTC,1.39469,1.39457,0.0033,0.0012
28.10.2025 15:42:21.082 UTC,1.39466,1.39459,0.0012,0.0012
28.10.2025 15:42:21.136 UTC,1.39468,1.39457,0.0018,0.00192
28.10.2025 15:42:21.341 UTC,1.39468,1.39456,0.0012,0.00327
28.10.2025 15:42:22.467 UTC,1.39469,1.39456,0.0018,0.00387
28.10.2025 15:42:23.640 UTC,1.39469,1.39459,0.0012,0.00135
28.10.2025 15:42:23.743 UTC,1.39471,1.39458,0.00225,0.0018
28.10.2025 15:42:23.795 UTC,1.39469,1.39458,0.0012,0.00225
28.10.2025 15:42:24.003 UTC,1.39471,1.39459,0.0012,0.00234
28.10.2025 15:42:24.107 UTC,1.3947,1.39458,0.0012,0.00249
28.10.2025 15:42:24.159 UTC,1.3947,1.39458,0.0012,0.00144
28.10.2025 15:42:24.262 UTC,1.39469,1.39458,0.0012,0.00144
28.10.2025 15:42:29.491 UTC,1.39471,1.39458,0.00315,0.00189
28.10.2025 15:42:30.706 UTC,1.39471,1.39461,0.0018,0.00192
28.10.2025 15:42:30.810 UTC,1.39473,1.3946,0.0012,0.00369
28.10.2025 15:42:31.216 UTC,1.39472,1.3946,0.0012,0.00324
28.10.2025 15:42:32.734 UTC,1.39471,1.39461,0.0012,0.00372
28.10.2025 15:42:33.488 UTC,1.39471,1.39461,0.0012,0.00369
28.10.2025 15:42:35.096 UTC,1.39473,1.39463,0.0012,0.00132
28.10.2025 15:42:35.151 UTC,1.39477,1.39464,0.00135,0.0012
28.10.2025 15:42:35.308 UTC,1.39476,1.39464,0.0018,0.00135
28.10.2025 15:42:35.413 UTC,1.39474,1.39463,0.0012,0.0012
28.10.2025 15:42:35.517 UTC,1.39475,1.39462,0.0012,0.00237
28.10.2025 15:42:35.620 UTC,1.39476,1.39462,0.0027,0.00234
28.10.2025 15:42:36.378 UTC,1.39476,1.39462,0.0018,0.00417
28.10.2025 15:42:36.887 UTC,1.39476,1.39462,0.0018,0.00279
28.10.2025 15:42:36.990 UTC,1.39475,1.39462,0.0012,0.00144
28.10.2025 15:42:37.446 UTC,1.39475,1.39463,0.00315,0.00189
28.10.2025 15:42:38.004 UTC,1.39476,1.39463,0.00315,0.0012
28.10.2025 15:42:38.207 UTC,1.39475,1.39462,0.0012,0.00189
28.10.2025 15:42:38.461 UTC,1.39475,1.39463,0.00135,0.0012
28.10.2025 15:42:38.563 UTC,1.39475,1.39464,0.00315,0.0012
28.10.2025 15:42:38.818 UTC,1.39475,1.39463,0.0012,0.00135
28.10.2025 15:42:40.184 UTC,1.39475,1.39462,0.00135,0.00234
28.10.2025 15:42:40.287 UTC,1.39475,1.39463,0.00225,0.0012
28.10.2025 15:42:40.400 UTC,1.39475,1.39462,0.0018,0.00189
28.10.2025 15:42:40.504 UTC,1.3947,1.3946,0.0018,0.0018
28.10.2025 15:42:40.556 UTC,1.39469,1.39459,0.0012,0.0018
28.10.2025 15:42:44.541 UTC,1.39468,1.39459,0.0012,0.0012
28.10.2025 15:42:49.184 UTC,1.39469,1.39459,0.0018,0.0012
28.10.2025 15:42:51.097 UTC,1.39471,1.39459,0.0012,0.00132
28.10.2025 15:42:51.304 UTC,1.3947,1.39459,0.0012,0.0012
28.10.2025 15:42:51.609 UTC,1.3947,1.39457,0.00225,0.00144
28.10.2025 15:42:55.292 UTC,1.3947,1.39457,0.0012,0.00477
28.10.2025 15:42:55.446 UTC,1.39469,1.39458,0.00225,0.00369
28.10.2025 15:42:55.649 UTC,1.39469,1.39458,0.00135,0.00462
28.10.2025 15:42:56.708 UTC,1.3947,1.39457,0.00225,0.00369
28.10.2025 15:42:57.267 UTC,1.39469,1.39458,0.0018,0.00294
28.10.2025 15:42:57.419 UTC,1.3947,1.39457,0.00225,0.00279
28.10.2025 15:42:57.470 UTC,1.39467,1.39458,0.0012,0.00279
28.10.2025 15:42:57.522 UTC,1.39469,1.39458,0.00225,0.00279
28.10.2025 15:42:57.975 UTC,1.3947,1.39457,0.00225,0.00282
28.10.2025 15:42:58.128 UTC,1.39469,1.39458,0.00225,0.00279
28.10.2025 15:42:58.331 UTC,1.3947,1.39457,0.0018,0.00294
28.10.2025 15:42:58.737 UTC,1.3947,1.39457,0.00225,0.00279
28.10.2025 15:42:59.142 UTC,1.3947,1.39457,0.0012,0.00387
28.10.2025 15:42:59.300 UTC,1.39469,1.39458,0.0024,0.00225
28.10.2025 15:42:59.406 UTC,1.39468,1.39457,0.0012,0.0027
28.10.2025 15:42:59.458 UTC,1.39469,1.39458,0.00225,0.00225
28.10.2025 15:43:00.365 UTC,1.39469,1.39457,0.0012,0.00225
28.10.2025 15:43:02.185 UTC,1.39468,1.39458,0.0012,0.00327
28.10.2025 15:43:02.288 UTC,1.3947,1.39457,0.0018,0.00372
28.10.2025 15:43:02.542 UTC,1.3947,1.39457,0.0018,0.00369
28.10.2025 15:43:03.505 UTC,1.39469,1.39458,0.0018,0.00387
28.10.2025 15:43:03.607 UTC,1.3947,1.39457,0.0024,0.00327
28.10.2025 15:43:03.710 UTC,1.3947,1.39457,0.00225,0.00327
28.10.2025 15:43:03.864 UTC,1.3947,1.39457,0.00225,0.00225
28.10.2025 15:43:04.123 UTC,1.3947,1.39459,0.0012,0.00132
28.10.2025 15:43:04.175 UTC,1.39472,1.39459,0.00225,0.00192
28.10.2025 15:43:04.329 UTC,1.39471,1.39459,0.0012,0.00237
28.10.2025 15:43:04.685 UTC,1.39471,1.39459,0.0012,0.00135
28.10.2025 15:43:04.789 UTC,1.3947,1.39458,0.0012,0.00135
28.10.2025 15:43:04.943 UTC,1.3947,1.39457,0.0018,0.00369
28.10.2025 15:43:08.574 UTC,1.39469,1.39457,0.00135,0.00135
28.10.2025 15:43:08.883 UTC,1.3947,1.39457,0.00315,0.0012
28.10.2025 15:43:11.098 UTC,1.3947,1.39457,0.00135,0.00282
28.10.2025 15:43:17.261 UTC,1.3947,1.39459,0.00225,0.0012
28.10.2025 15:43:17.365 UTC,1.3947,1.39458,0.0018,0.00132
28.10.2025 15:43:18.571 UTC,1.39468,1.39457,0.0012,0.00195
28.10.2025 15:43:18.676 UTC,1.39467,1.39455,0.00315,0.0024
28.10.2025 15:43:18.727 UTC,1.39467,1.39455,0.00315,0.0018
28.10.2025 15:43:18.985 UTC,1.39466,1.39454,0.0012,0.0018
28.10.2025 15:43:19.088 UTC,1.39465,1.39452,0.0027,0.00189
28.10.2025 15:43:21.606 UTC,1.39464,1.39452,0.0018,0.00324
28.10.2025 15:43:21.708 UTC,1.39465,1.39453,0.0018,0.0012
28.10.2025 15:43:21.812 UTC,1.39465,1.39456,0.0012,0.0012
28.10.2025 15:43:21.915 UTC,1.39467,1.39454,0.0012,0.00375
28.10.2025 15:43:22.423 UTC,1.39467,1.39454,0.00135,0.0036
28.10.2025 15:43:22.831 UTC,1.39466,1.39455,0.0012,0.00375
28.10.2025 15:43:22.933 UTC,1.39467,1.39454,0.0018,0.0027
28.10.2025 15:43:23.037 UTC,1.39467,1.39458,0.0012,0.0012
28.10.2025 15:43:23.496 UTC,1.39469,1.39458,0.00135,0.00192
28.10.2025 15:43:23.613 UTC,1.3947,1.39457,0.00135,0.00132
28.10.2025 15:43:24.481 UTC,1.39469,1.39458,0.0012,0.00237
28.10.2025 15:43:24.842 UTC,1.39472,1.39459,0.0012,0.00192
28.10.2025 15:43:24.946 UTC,1.39476,1.39463,0.00135,0.00189
28.10.2025 15:43:25.050 UTC,1.39476,1.39464,0.0012,0.00144
28.10.2025 15:43:25.153 UTC,1.39477,1.39464,0.0012,0.00249
28.10.2025 15:43:25.510 UTC,1.39476,1.39464,0.0012,0.00144
28.10.2025 15:43:25.665 UTC,1.39477,1.39464,0.0018,0.0012
28.10.2025 15:43:25.768 UTC,1.39476,1.39463,0.0018,0.00234
28.10.2025 15:43:26.327 UTC,1.39476,1.39465,0.0018,0.0012
28.10.2025 15:43:26.379 UTC,1.39476,1.39463,0.0018,0.00279
28.10.2025 15:43:26.533 UTC,1.39476,1.39465,0.0018,0.0012
28.10.2025 15:43:26.637 UTC,1.39475,1.39465,0.00225,0.00135
28.10.2025 15:43:26.741 UTC,1.39478,1.39467,0.0024,0.00237
28.10.2025 15:43:26.794 UTC,1.39483,1.3947,0.0018,0.00279
28.10.2025 15:43:26.897 UTC,1.39484,1.39471,0.0027,0.00135
28.10.2025 15:43:27.460 UTC,1.39484,1.39471,0.0018,0.00327
28.10.2025 15:43:27.867 UTC,1.39479,1.39472,0.0012,0.00135
28.10.2025 15:43:27.972 UTC,1.3948,1.39468,0.0018,0.0012
28.10.2025 15:43:28.683 UTC,1.3948,1.39469,0.0018,0.0012
28.10.2025 15:43:28.888 UTC,1.3948,1.3947,0.0012,0.00147
28.10.2025 15:43:28.940 UTC,1.39486,1.39473,0.00324,0.0018
28.10.2025 15:43:29.043 UTC,1.39486,1.39474,0.00315,0.0012
28.10.2025 15:43:29.852 UTC,1.39483,1.39475,0.0018,0.0012
28.10.2025 15:43:29.960 UTC,1.39483,1.39473,0.0012,0.0012
28.10.2025 15:43:30.219 UTC,1.39484,1.39473,0.00225,0.0012
28.10.2025 15:43:30.422 UTC,1.39483,1.39476,0.0012,0.0012
28.10.2025 15:43:30.475 UTC,1.39486,1.39475,0.00225,0.0012
28.10.2025 15:43:30.682 UTC,1.39487,1.39476,0.00225,0.0012
28.10.2025 15:43:30.784 UTC,1.39487,1.39475,0.0012,0.0012
28.10.2025 15:43:30.938 UTC,1.39486,1.39475,0.0012,0.0012
28.10.2025 15:43:30.990 UTC,1.39484,1.39473,0.0012,0.00135
28.10.2025 15:43:31.093 UTC,1.39483,1.39472,0.0012,0.0012
28.10.2025 15:43:31.196 UTC,1.39483,1.39473,0.0018,0.0012
28.10.2025 15:43:32.009 UTC,1.39482,1.39472,0.0012,0.0012
28.10.2025 15:43:32.060 UTC,1.39484,1.39472,0.00225,0.0012
28.10.2025 15:43:33.213 UTC,1.39484,1.39473,0.00225,0.0012
28.10.2025 15:43:33.416 UTC,1.39484,1.39473,0.0024,0.0012
28.10.2025 15:43:33.824 UTC,1.39484,1.39473,0.00225,0.0012
28.10.2025 15:43:34.479 UTC,1.39482,1.39474,0.0012,0.0012
28.10.2025 15:43:35.290 UTC,1.39483,1.39473,0.0018,0.0012
28.10.2025 15:43:35.394 UTC,1.39483,1.39472,0.0018,0.0012
28.10.2025 15:43:35.498 UTC,1.39482,1.39471,0.0012,0.00135
28.10.2025 15:43:35.756 UTC,1.39483,1.39471,0.00135,0.0012
28.10.2025 15:43:35.858 UTC,1.39482,1.39473,0.0018,0.0012
28.10.2025 15:43:35.962 UTC,1.39482,1.39471,0.00225,0.00135
28.10.2025 15:43:36.066 UTC,1.39481,1.39471,0.0012,0.0012
28.10.2025 15:43:38.130 UTC,1.39479,1.39469,0.0018,0.0012
28.10.2025 15:43:38.285 UTC,1.39479,1.39468,0.00135,0.0012
28.10.2025 15:43:42.322 UTC,1.3948,1.39468,0.00135,0.0018
28.10.2025 15:43:42.374 UTC,1.39481,1.3947,0.0027,0.00135
28.10.2025 15:43:42.682 UTC,1.39482,1.39469,0.0024,0.00144
28.10.2025 15:43:43.791 UTC,1.39481,1.39468,0.00225,0.0018
28.10.2025 15:43:45.605 UTC,1.3948,1.39469,0.00225,0.00192
28.10.2025 15:43:46.264 UTC,1.39481,1.39468,0.00225,0.00189
28.10.2025 15:43:46.518 UTC,1.3948,1.39469,0.0024,0.00144
28.10.2025 15:43:47.933 UTC,1.39481,1.39468,0.00315,0.00189
28.10.2025 15:43:49.292 UTC,1.39481,1.39469,0.00225,0.0012
28.10.2025 15:43:51.056 UTC,1.3948,1.3947,0.0024,0.0012
28.10.2025 15:43:51.209 UTC,1.39481,1.39469,0.00225,0.0012
28.10.2025 15:43:53.172 UTC,1.39479,1.39468,0.00225,0.00279
28.10.2025 15:43:53.329 UTC,1.39479,1.39467,0.00225,0.00225
28.10.2025 15:43:57.818 UTC,1.39478,1.39468,0.0012,0.00282
28.10.2025 15:43:57.870 UTC,1.39481,1.39469,0.0012,0.00135
28.10.2025 15:43:58.631 UTC,1.39479,1.3947,0.0012,0.0012
28.10.2025 15:44:00.091 UTC,1.39481,1.39469,0.00225,0.0012
28.10.2025 15:44:05.421 UTC,1.39481,1.39468,0.00315,0.00189
28.10.2025 15:44:07.031 UTC,1.3948,1.39469,0.0018,0.00294
28.10.2025 15:44:07.135 UTC,1.3948,1.39467,0.0012,0.00285
28.10.2025 15:44:07.239 UTC,1.39477,1.39468,0.0012,0.0018
28.10.2025 15:44:07.342 UTC,1.39478,1.39466,0.0012,0.0012
28.10.2025 15:44:12.840 UTC,1.3948,1.39467,0.0018,0.00204
28.10.2025 15:44:12.942 UTC,1.3948,1.39467,0.00225,0.00189
28.10.2025 15:44:13.096 UTC,1.39479,1.39468,0.00225,0.00201
28.10.2025 15:44:14.697 UTC,1.39479,1.39467,0.0012,0.0018
28.10.2025 15:44:14.801 UTC,1.39478,1.39466,0.0012,0.0018
28.10.2025 15:44:14.904 UTC,1.39479,1.39466,0.00225,0.00135
28.10.2025 15:44:15.109 UTC,1.39478,1.39465,0.0012,0.00294
28.10.2025 15:44:15.415 UTC,1.39479,1.39466,0.00315,0.0018
28.10.2025 15:44:15.773 UTC,1.39478,1.39466,0.0012,0.00135
28.10.2025 15:44:15.877 UTC,1.39477,1.39465,0.0012,0.00285
28.10.2025 15:44:15.980 UTC,1.39479,1.39465,0.00315,0.00285
28.10.2025 15:44:16.133 UTC,1.39478,1.39465,0.0012,0.00375
28.10.2025 15:44:17.747 UTC,1.39476,1.39466,0.0018,0.0018
28.10.2025 15:44:17.849 UTC,1.39476,1.39466,0.0018,0.00135
28.10.2025 15:44:18.155 UTC,1.39477,1.39465,0.0018,0.0012
28.10.2025 15:44:18.660 UTC,1.39476,1.39466,0.0018,0.0012
28.10.2025 15:44:20.126 UTC,1.39474,1.39466,0.0012,0.0018
28.10.2025 15:44:20.178 UTC,1.39477,1.39466,0.0012,0.0012
28.10.2025 15:44:20.282 UTC,1.39478,1.39465,0.0012,0.00387
28.10.2025 15:44:20.385 UTC,1.39478,1.39468,0.0012,0.00132
28.10.2025 15:44:21.843 UTC,1.39479,1.39468,0.0018,0.00306
28.10.2025 15:44:21.945 UTC,1.3948,1.39467,0.0018,0.00306
28.10.2025 15:44:22.100 UTC,1.3948,1.39468,0.0012,0.00135
28.10.2025 15:44:22.203 UTC,1.3948,1.39467,0.0012,0.00306
28.10.2025 15:44:24.127 UTC,1.39482,1.39469,0.0018,0.00144
28.10.2025 15:44:24.231 UTC,1.39483,1.39471,0.0012,0.00132
28.10.2025 15:44:24.335 UTC,1.39483,1.39471,0.0012,0.0024
28.10.2025 15:44:24.439 UTC,1.39481,1.39471,0.0012,0.0012
28.10.2025 15:44:24.541 UTC,1.3948,1.39469,0.0012,0.00339
28.10.2025 15:44:24.695 UTC,1.3948,1.39468,0.0012,0.00249
28.10.2025 15:44:24.902 UTC,1.3948,1.39469,0.0012,0.00132
28.10.2025 15:44:25.510 UTC,1.39486,1.39475,0.00342,0.0018
28.10.2025 15:44:25.614 UTC,1.39487,1.39474,0.0018,0.0024
28.10.2025 15:44:25.770 UTC,1.39488,1.39474,0.0027,0.00249
28.10.2025 15:44:25.873 UTC,1.39487,1.39474,0.0012,0.0024
28.10.2025 15:44:30.917 UTC,1.39485,1.39473,0.0012,0.0033
28.10.2025 15:44:31.021 UTC,1.39484,1.39474,0.00135,0.00225
28.10.2025 15:44:31.226 UTC,1.39486,1.39473,0.00234,0.00135
28.10.2025 15:44:31.329 UTC,1.39486,1.39473,0.00249,0.00225
28.10.2025 15:44:31.432 UTC,1.39486,1.39473,0.00234,0.00135
28.10.2025 15:44:31.534 UTC,1.39486,1.39474,0.00234,0.0012
28.10.2025 15:44:32.044 UTC,1.3949,1.3948,0.00135,0.00144
28.10.2025 15:44:32.148 UTC,1.39488,1.39476,0.0012,0.0018
28.10.2025 15:44:33.116 UTC,1.39487,1.39475,0.0012,0.0033
28.10.2025 15:44:33.219 UTC,1.39488,1.39475,0.0027,0.00315
28.10.2025 15:44:33.774 UTC,1.39486,1.39476,0.0012,0.00225
28.10.2025 15:44:33.926 UTC,1.39488,1.39475,0.0027,0.00135
28.10.2025 15:44:34.079 UTC,1.39485,1.39475,0.0012,0.0024
28.10.2025 15:44:35.414 UTC,1.39486,1.39474,0.0012,0.00135
28.10.2025 15:44:36.223 UTC,1.39485,1.39475,0.0012,0.00195
28.10.2025 15:44:36.478 UTC,1.39485,1.39474,0.0012,0.0012
28.10.2025 15:44:36.581 UTC,1.39485,1.39476,0.0024,0.0012
28.10.2025 15:44:36.684 UTC,1.39485,1.39476,0.00225,0.0012
28.10.2025 15:44:37.190 UTC,1.39486,1.39474,0.00225,0.0012
28.10.2025 15:44:41.116 UTC,1.39485,1.39476,0.0012,0.0012
28.10.2025 15:44:42.227 UTC,1.39485,1.39475,0.0012,0.0012
28.10.2025 15:44:42.329 UTC,1.39486,1.39475,0.0012,0.0012
28.10.2025 15:44:42.432 UTC,1.39483,1.39475,0.0012,0.0012
28.10.2025 15:44:42.536 UTC,1.39483,1.39474,0.0012,0.0018
28.10.2025 15:44:42.639 UTC,1.39484,1.39474,0.0012,0.0012
28.10.2025 15:44:42.894 UTC,1.39481,1.3947,0.0012,0.0024
28.10.2025 15:44:42.946 UTC,1.3948,1.3947,0.0012,0.00135
28.10.2025 15:44:43.050 UTC,1.3948,1.3947,0.0012,0.0018
28.10.2025 15:44:43.153 UTC,1.3948,1.39468,0.0012,0.00285
28.10.2025 15:44:43.257 UTC,1.39478,1.39468,0.0012,0.0018
28.10.2025 15:44:43.309 UTC,1.39477,1.39467,0.0012,0.00294
28.10.2025 15:44:48.109 UTC,1.39479,1.39467,0.0012,0.0018
28.10.2025 15:44:48.161 UTC,1.39479,1.39468,0.0012,0.0012
28.10.2025 15:44:48.469 UTC,1.39483,1.39472,0.0012,0.0012
28.10.2025 15:44:48.572 UTC,1.39484,1.39473,0.0012,0.0012
28.10.2025 15:44:48.676 UTC,1.39483,1.39472,0.0012,0.0024
28.10.2025 15:44:48.779 UTC,1.39485,1.39472,0.0027,0.00135
28.10.2025 15:44:48.882 UTC,1.39484,1.39471,0.0018,0.0018
28.10.2025 15:44:49.587 UTC,1.39483,1.39471,0.0012,0.0024
28.10.2025 15:44:49.740 UTC,1.39484,1.39472,0.0018,0.00135
28.10.2025 15:44:49.845 UTC,1.39485,1.39475,0.0018,0.0012
28.10.2025 15:44:50.152 UTC,1.39486,1.39475,0.0018,0.00225
28.10.2025 15:44:50.256 UTC,1.39484,1.39475,0.0018,0.0012
28.10.2025 15:44:50.361 UTC,1.39483,1.3947,0.0018,0.00339
28.10.2025 15:44:50.465 UTC,1.39483,1.3947,0.0027,0.0024
28.10.2025 15:44:51.173 UTC,1.39482,1.3947,0.0012,0.0024
28.10.2025 15:44:51.733 UTC,1.39481,1.39471,0.0018,0.00135
28.10.2025 15:44:54.205 UTC,1.3948,1.3947,0.0012,0.0024
28.10.2025 15:44:54.309 UTC,1.39481,1.39471,0.00315,0.00135
28.10.2025 15:44:55.262 UTC,1.39483,1.39472,0.0036,0.0018
28.10.2025 15:44:55.365 UTC,1.39484,1.39471,0.00225,0.0033
28.10.2025 15:44:55.468 UTC,1.39483,1.39471,0.00225,0.00135
28.10.2025 15:44:55.979 UTC,1.39484,1.39471,0.00315,0.00135
28.10.2025 15:44:56.031 UTC,1.39486,1.39473,0.0012,0.00279
28.10.2025 15:44:56.134 UTC,1.39487,1.39474,0.0018,0.0018
28.10.2025 15:44:56.238 UTC,1.39488,1.39475,0.0012,0.0033
28.10.2025 15:44:56.341 UTC,1.39488,1.39475,0.0012,0.0024
28.10.2025 15:44:57.707 UTC,1.39486,1.39476,0.0012,0.0024
28.10.2025 15:45:02.961 UTC,1.39489,1.39477,0.0018,0.00135
28.10.2025 15:45:03.064 UTC,1.39487,1.39478,0.0012,0.0018
28.10.2025 15:45:03.373 UTC,1.39487,1.39476,0.00315,0.00249
28.10.2025 15:45:03.425 UTC,1.39486,1.39475,0.0012,0.0018
28.10.2025 15:45:03.529 UTC,1.39486,1.39475,0.0012,0.0012
28.10.2025 15:45:03.631 UTC,1.39485,1.39475,0.0012,0.00339
28.10.2025 15:45:03.734 UTC,1.39486,1.39474,0.0012,0.00324
28.10.2025 15:45:03.837 UTC,1.39487,1.39475,0.00225,0.00132
28.10.2025 15:45:03.940 UTC,1.39487,1.39475,0.00225,0.0018
28.10.2025 15:45:04.145 UTC,1.39487,1.39474,0.0012,0.00384
28.10.2025 15:45:04.402 UTC,1.39487,1.39475,0.0012,0.0012
28.10.2025 15:45:04.505 UTC,1.39488,1.39475,0.00234,0.00285
28.10.2025 15:45:04.658 UTC,1.39487,1.39475,0.0012,0.00195
28.10.2025 15:45:04.863 UTC,1.39487,1.39475,0.00135,0.00135
28.10.2025 15:45:06.495 UTC,1.39486,1.39474,0.0012,0.00384
28.10.2025 15:45:06.547 UTC,1.39484,1.39474,0.0012,0.0024
28.10.2025 15:45:06.651 UTC,1.39484,1.39471,0.00225,0.00252
28.10.2025 15:45:08.976 UTC,1.39484,1.39475,0.00135,0.0012
28.10.2025 15:45:09.079 UTC,1.39486,1.39473,0.00315,0.0012
28.10.2025 15:45:09.181 UTC,1.39486,1.39473,0.0033,0.0012
28.10.2025 15:45:09.334 UTC,1.39486,1.39473,0.00225,0.0018
28.10.2025 15:45:09.437 UTC,1.39487,1.39474,0.0018,0.00279
28.10.2025 15:45:09.541 UTC,1.39486,1.39474,0.0012,0.0033
28.10.2025 15:45:09.697 UTC,1.39487,1.39474,0.0018,0.00135
28.10.2025 15:45:11.006 UTC,1.39487,1.39474,0.0024,0.00135
28.10.2025 15:45:11.407 UTC,1.39487,1.39474,0.00225,0.00135
28.10.2025 15:45:11.661 UTC,1.39486,1.39474,0.0012,0.00225
28.10.2025 15:45:11.764 UTC,1.39485,1.39474,0.00135,0.00135
28.10.2025 15:45:11.869 UTC,1.39481,1.3947,0.0027,0.00192
28.10.2025 15:45:11.921 UTC,1.39481,1.39468,0.0018,0.0033
28.10.2025 15:45:12.024 UTC,1.3948,1.39468,0.0012,0.0018
28.10.2025 15:45:12.127 UTC,1.3948,1.39468,0.0012,0.00135
28.10.2025 15:45:12.633 UTC,1.39479,1.39468,0.0012,0.00135
28.10.2025 15:45:12.736 UTC,1.39479,1.39469,0.0012,0.00135
28.10.2025 15:45:15.002 UTC,1.39479,1.39467,0.0012,0.00192
28.10.2025 15:45:15.561 UTC,1.39477,1.39467,0.0012,0.00192
28.10.2025 15:45:20.691 UTC,1.39477,1.39467,0.0018,0.00192
28.10.2025 15:45:24.578 UTC,1.39477,1.39465,0.0012,0.00297
28.10.2025 15:45:29.011 UTC,1.39474,1.39465,0.0027,0.00135
28.10.2025 15:45:29.063 UTC,1.39472,1.39461,0.0012,0.0018
28.10.2025 15:45:29.115 UTC,1.39472,1.39459,0.0018,0.00342
28.10.2025 15:45:30.232 UTC,1.39473,1.39462,0.0018,0.00132
28.10.2025 15:45:30.335 UTC,1.39473,1.39461,0.0012,0.00132
28.10.2025 15:45:31.297 UTC,1.39474,1.39461,0.00315,0.00192
28.10.2025 15:45:31.605 UTC,1.39472,1.39462,0.0012,0.00144
28.10.2025 15:45:32.111 UTC,1.39471,1.39461,0.0012,0.00204
28.10.2025 15:45:32.266 UTC,1.39471,1.3946,0.00225,0.00342
28.10.2025 15:45:32.792 UTC,1.39471,1.39461,0.0012,0.00132
28.10.2025 15:45:32.994 UTC,1.39473,1.3946,0.00315,0.00204
28.10.2025 15:45:36.060 UTC,1.3947,1.39459,0.0012,0.00135
28.10.2025 15:45:36.163 UTC,1.3947,1.39458,0.0012,0.0012
28.10.2025 15:45:36.417 UTC,1.3947,1.39457,0.0012,0.00189
28.10.2025 15:45:36.520 UTC,1.3947,1.39457,0.0012,0.00282
28.10.2025 15:45:37.177 UTC,1.39471,1.39457,0.00315,0.00144
28.10.2025 15:45:37.331 UTC,1.39471,1.39457,0.0027,0.00204
28.10.2025 15:45:37.435 UTC,1.39471,1.39457,0.00315,0.00189
28.10.2025 15:45:37.641 UTC,1.39471,1.39457,0.0033,0.00189
28.10.2025 15:45:38.097 UTC,1.39469,1.39457,0.0012,0.00132
28.10.2025 15:45:38.200 UTC,1.39469,1.39458,0.0012,0.00192
28.10.2025 15:45:38.304 UTC,1.39472,1.39459,0.00315,0.00234
28.10.2025 15:45:38.406 UTC,1.39471,1.3946,0.0027,0.00294
28.10.2025 15:45:38.912 UTC,1.39472,1.39459,0.00315,0.00279
28.10.2025 15:45:39.216 UTC,1.39471,1.39458,0.00135,0.00384
28.10.2025 15:45:39.320 UTC,1.3947,1.39457,0.0027,0.00249
28.10.2025 15:45:39.422 UTC,1.3947,1.39457,0.0027,0.00192
28.10.2025 15:45:40.128 UTC,1.39469,1.39456,0.00135,0.00297
28.10.2025 15:45:40.232 UTC,1.3947,1.39458,0.0012,0.00132
28.10.2025 15:45:41.145 UTC,1.3947,1.39459,0.00225,0.0012
28.10.2025 15:45:43.397 UTC,1.3947,1.39458,0.00135,0.00135
28.10.2025 15:45:43.450 UTC,1.3947,1.39459,0.0012,0.00342
28.10.2025 15:45:43.555 UTC,1.39472,1.3946,0.0012,0.0018
28.10.2025 15:45:43.708 UTC,1.39472,1.3946,0.0012,0.0012
28.10.2025 15:45:44.213 UTC,1.39471,1.3946,0.00135,0.0012
28.10.2025 15:45:45.580 UTC,1.39472,1.3946,0.00135,0.0012
28.10.2025 15:45:45.682 UTC,1.39472,1.3946,0.0018,0.0012
28.10.2025 15:45:46.236 UTC,1.39472,1.39459,0.00249,0.00135
28.10.2025 15:45:46.340 UTC,1.39469,1.39457,0.0012,0.00144
28.10.2025 15:45:47.799 UTC,1.39468,1.39457,0.0012,0.00189
28.10.2025 15:45:47.951 UTC,1.39469,1.39457,0.0012,0.00189
28.10.2025 15:45:49.357 UTC,1.3947,1.39457,0.00234,0.00144
28.10.2025 15:45:50.111 UTC,1.3947,1.39457,0.00225,0.00192
28.10.2025 15:45:51.629 UTC,1.39472,1.39459,0.00234,0.0012
28.10.2025 15:45:51.736 UTC,1.39472,1.39462,0.0012,0.0012
28.10.2025 15:45:51.838 UTC,1.39474,1.39461,0.00234,0.00135
28.10.2025 15:45:51.941 UTC,1.39473,1.39461,0.0012,0.00135
28.10.2025 15:45:52.045 UTC,1.39471,1.3946,0.00147,0.00135
28.10.2025 15:45:52.199 UTC,1.39471,1.39459,0.00192,0.0012
28.10.2025 15:45:52.302 UTC,1.3947,1.39459,0.00192,0.0012
28.10.2025 15:45:55.534 UTC,1.39469,1.39458,0.0012,0.0012
28.10.2025 15:45:58.662 UTC,1.39471,1.39459,0.0012,0.0012
28.10.2025 15:45:58.815 UTC,1.39471,1.3946,0.0012,0.0012
28.10.2025 15:45:58.919 UTC,1.3947,1.39458,0.00132,0.0012
28.10.2025 15:45:59.175 UTC,1.39469,1.39458,0.0012,0.0012
28.10.2025 15:46:00.600 UTC,1.39467,1.39458,0.0012,0.0012
28.10.2025 15:46:00.652 UTC,1.39468,1.39459,0.0012,0.0012
28.10.2025 15:46:01.765 UTC,1.39468,1.39456,0.0012,0.0018
28.10.2025 15:46:01.868 UTC,1.39467,1.39455,0.0012,0.0018
28.10.2025 15:46:02.275 UTC,1.39467,1.39454,0.00135,0.00225
28.10.2025 15:46:02.378 UTC,1.39467,1.39455,0.0012,0.0012
28.10.2025 15:46:02.480 UTC,1.39466,1.39455,0.0012,0.0018
28.10.2025 15:46:02.985 UTC,1.39466,1.39456,0.0018,0.0012
28.10.2025 15:46:04.352 UTC,1.39466,1.39455,0.00135,0.0012
28.10.2025 15:46:05.010 UTC,1.39464,1.39454,0.0012,0.0012
28.10.2025 15:46:05.114 UTC,1.39466,1.39454,0.0012,0.0012
28.10.2025 15:46:05.319 UTC,1.39467,1.39454,0.00315,0.0012
28.10.2025 15:46:05.423 UTC,1.39466,1.39455,0.0012,0.0012
28.10.2025 15:46:05.526 UTC,1.39466,1.39456,0.0012,0.0012
28.10.2025 15:46:05.630 UTC,1.39468,1.39457,0.0012,0.00132
28.10.2025 15:46:05.733 UTC,1.3947,1.39456,0.0012,0.00132
28.10.2025 15:46:05.836 UTC,1.39469,1.39456,0.0012,0.00339
28.10.2025 15:46:10.881 UTC,1.39468,1.39456,0.00135,0.00225
28.10.2025 15:46:11.229 UTC,1.39467,1.39456,0.0012,0.0012
28.10.2025 15:46:12.848 UTC,1.39469,1.39457,0.0012,0.0012
28.10.2025 15:46:13.054 UTC,1.39471,1.39458,0.00225,0.0012
28.10.2025 15:46:13.157 UTC,1.39472,1.39459,0.00225,0.0012
28.10.2025 15:46:13.260 UTC,1.39473,1.3946,0.00225,0.00132
28.10.2025 15:46:13.364 UTC,1.39475,1.39463,0.00315,0.00225
28.10.2025 15:46:13.468 UTC,1.39476,1.39462,0.0027,0.00339
28.10.2025 15:46:14.582 UTC,1.39476,1.39464,0.0018,0.0012
28.10.2025 15:46:15.090 UTC,1.39472,1.39461,0.0018,0.0018
28.10.2025 15:46:15.142 UTC,1.39474,1.39462,0.00135,0.0018
28.10.2025 15:46:15.246 UTC,1.39473,1.39462,0.0018,0.0012
28.10.2025 15:46:15.400 UTC,1.39472,1.39462,0.0012,0.0012
28.10.2025 15:46:16.763 UTC,1.39472,1.39461,0.0018,0.0012
28.10.2025 15:46:19.226 UTC,1.3947,1.39461,0.0012,0.0012
28.10.2025 15:46:19.277 UTC,1.39472,1.39461,0.00225,0.0012
28.10.2025 15:46:20.843 UTC,1.39471,1.3946,0.00225,0.0027
28.10.2025 15:46:21.145 UTC,1.39472,1.3946,0.00225,0.0012
28.10.2025 15:46:21.951 UTC,1.39471,1.3946,0.0024,0.00135
28.10.2025 15:46:22.054 UTC,1.39472,1.39459,0.00225,0.0018
28.10.2025 15:46:22.309 UTC,1.39469,1.39459,0.00225,0.00135
28.10.2025 15:46:22.513 UTC,1.39469,1.39457,0.00225,0.00294
28.10.2025 15:46:22.766 UTC,1.39471,1.39459,0.0012,0.00135
28.10.2025 15:46:22.869 UTC,1.39471,1.39461,0.00225,0.0012
28.10.2025 15:46:23.327 UTC,1.39472,1.39459,0.00225,0.0027
28.10.2025 15:46:24.436 UTC,1.39471,1.39458,0.00135,0.00195
28.10.2025 15:46:24.539 UTC,1.3947,1.39457,0.0012,0.00285
28.10.2025 15:46:24.590 UTC,1.3947,1.39457,0.0012,0.0027
28.10.2025 15:46:25.044 UTC,1.3947,1.39458,0.0012,0.0012
28.10.2025 15:46:25.147 UTC,1.3947,1.39457,0.0012,0.0027
28.10.2025 15:46:25.300 UTC,1.39469,1.39457,0.0012,0.00225
28.10.2025 15:46:26.922 UTC,1.39468,1.39456,0.0012,0.00285
28.10.2025 15:46:27.027 UTC,1.39467,1.39456,0.0018,0.00285
28.10.2025 15:46:32.265 UTC,1.39469,1.39457,0.0012,0.0012
28.10.2025 15:46:32.368 UTC,1.39469,1.39458,0.0018,0.0012
28.10.2025 15:46:35.146 UTC,1.39469,1.39457,0.0012,0.0012
28.10.2025 15:46:35.250 UTC,1.39471,1.39459,0.0012,0.0012
28.10.2025 15:46:35.353 UTC,1.39471,1.39458,0.0018,0.00279
28.10.2025 15:46:36.209 UTC,1.39472,1.39459,0.00315,0.00144
28.10.2025 15:46:36.314 UTC,1.39474,1.39462,0.0012,0.00132
28.10.2025 15:46:36.560 UTC,1.39476,1.39464,0.0018,0.0012
28.10.2025 15:46:37.066 UTC,1.39476,1.39463,0.0018,0.0018
28.10.2025 15:46:38.277 UTC,1.39474,1.39462,0.0012,0.00135
28.10.2025 15:46:39.083 UTC,1.39472,1.39459,0.00315,0.0024
28.10.2025 15:46:39.187 UTC,1.3947,1.39459,0.0018,0.0012
28.10.2025 15:46:39.290 UTC,1.39469,1.39458,0.0018,0.0024
28.10.2025 15:46:39.393 UTC,1.39468,1.39458,0.0012,0.00225
28.10.2025 15:46:42.476 UTC,1.3947,1.39457,0.0018,0.00339
28.10.2025 15:46:42.578 UTC,1.39468,1.39458,0.0012,0.0024
28.10.2025 15:46:42.681 UTC,1.39469,1.39457,0.0012,0.00225
28.10.2025 15:46:51.048 UTC,1.39468,1.39459,0.0012,0.0012
28.10.2025 15:46:51.250 UTC,1.39469,1.39457,0.0012,0.00225
28.10.2025 15:46:51.353 UTC,1.39468,1.39456,0.0012,0.00135
28.10.2025 15:46:52.210 UTC,1.39467,1.39456,0.0012,0.00135
28.10.2025 15:46:52.463 UTC,1.39468,1.39456,0.0012,0.00135
28.10.2025 15:46:52.767 UTC,1.39467,1.39455,0.0012,0.0012
28.10.2025 15:46:52.872 UTC,1.39466,1.39454,0.0012,0.00135
28.10.2025 15:46:52.975 UTC,1.39466,1.39453,0.0012,0.00225
28.10.2025 15:46:53.181 UTC,1.39465,1.39455,0.0018,0.0012
28.10.2025 15:46:53.498 UTC,1.39467,1.39455,0.0018,0.0012
28.10.2025 15:46:53.618 UTC,1.39468,1.39456,0.0012,0.00135
28.10.2025 15:47:00.564 UTC,1.39468,1.39456,0.0012,0.00204
28.10.2025 15:47:00.716 UTC,1.39468,1.39456,0.0012,0.00189
28.10.2025 15:47:03.172 UTC,1.39468,1.39457,0.00135,0.0027
28.10.2025 15:47:04.028 UTC,1.3947,1.39456,0.00315,0.0018
28.10.2025 15:47:04.283 UTC,1.39469,1.39457,0.0033,0.0018
28.10.2025 15:47:04.386 UTC,1.3947,1.39457,0.0024,0.0012
28.10.2025 15:47:04.694 UTC,1.39468,1.39457,0.0012,0.0012
28.10.2025 15:47:04.796 UTC,1.39468,1.39456,0.0012,0.00135
28.10.2025 15:47:06.469 UTC,1.39468,1.39456,0.0024,0.0012
28.10.2025 15:47:06.571 UTC,1.39468,1.39456,0.00135,0.0012
28.10.2025 15:47:07.783 UTC,1.39469,1.39458,0.0033,0.0012
28.10.2025 15:47:07.835 UTC,1.39472,1.39459,0.00135,0.00135
28.10.2025 15:47:07.887 UTC,1.39472,1.39462,0.0018,0.0012
28.10.2025 15:47:07.991 UTC,1.3947,1.39461,0.0012,0.00135
28.10.2025 15:47:08.043 UTC,1.39468,1.39458,0.0012,0.00225
28.10.2025 15:47:09.549 UTC,1.39469,1.39458,0.0012,0.0012
28.10.2025 15:47:11.163 UTC,1.39472,1.3946,0.00225,0.00225
28.10.2025 15:47:11.215 UTC,1.39473,1.39461,0.00225,0.0012
28.10.2025 15:47:11.320 UTC,1.3947,1.39459,0.0018,0.0018
28.10.2025 15:47:11.423 UTC,1.39469,1.3946,0.0018,0.0012
28.10.2025 15:47:11.526 UTC,1.3947,1.39458,0.00225,0.0012
28.10.2025 15:47:12.183 UTC,1.39471,1.39459,0.0012,0.00135
28.10.2025 15:47:12.235 UTC,1.39473,1.3946,0.0027,0.0012
28.10.2025 15:47:12.338 UTC,1.39472,1.39461,0.0024,0.0012
28.10.2025 15:47:12.491 UTC,1.39473,1.39462,0.00225,0.0012
28.10.2025 15:47:12.648 UTC,1.39472,1.39462,0.0012,0.0012
28.10.2025 15:47:13.259 UTC,1.3947,1.3946,0.0018,0.00135
28.10.2025 15:47:13.362 UTC,1.3947,1.39459,0.0018,0.0012
28.10.2025 15:47:13.818 UTC,1.39471,1.39461,0.0012,0.0012
28.10.2025 15:47:13.870 UTC,1.39472,1.39462,0.00225,0.0012
28.10.2025 15:47:13.973 UTC,1.39471,1.39462,0.00135,0.0012
28.10.2025 15:47:15.082 UTC,1.3947,1.39459,0.0018,0.00135
28.10.2025 15:47:15.185 UTC,1.3947,1.39458,0.0018,0.00225
28.10.2025 15:47:16.311 UTC,1.39468,1.39459,0.0012,0.0012
28.10.2025 15:47:18.647 UTC,1.3947,1.39458,0.00225,0.0012
28.10.2025 15:47:18.750 UTC,1.39469,1.39458,0.0012,0.0012
28.10.2025 15:47:20.716 UTC,1.3947,1.39458,0.00225,0.0012
28.10.2025 15:47:21.570 UTC,1.3947,1.39458,0.0024,0.0012
28.10.2025 15:47:21.672 UTC,1.3947,1.39458,0.00225,0.0012
28.10.2025 15:47:21.825 UTC,1.39469,1.39458,0.0012,0.0012
28.10.2025 15:47:21.929 UTC,1.39471,1.3946,0.0018,0.0012
28.10.2025 15:47:21.982 UTC,1.39473,1.39462,0.00384,0.0012
28.10.2025 15:47:22.240 UTC,1.39473,1.39461,0.0018,0.0012
28.10.2025 15:47:23.452 UTC,1.39472,1.39462,0.00225,0.0012
28.10.2025 15:47:24.159 UTC,1.39473,1.39461,0.0024,0.0012
28.10.2025 15:47:24.262 UTC,1.39472,1.39462,0.00225,0.0012
28.10.2025 15:47:25.152 UTC,1.39472,1.39461,0.0012,0.0012
28.10.2025 15:47:25.560 UTC,1.39469,1.3946,0.00225,0.0012
28.10.2025 15:47:26.474 UTC,1.39469,1.3946,0.0024,0.0012
28.10.2025 15:47:28.184 UTC,1.3947,1.39459,0.00225,0.0012
28.10.2025 15:47:32.961 UTC,1.39469,1.39459,0.0012,0.0012
28.10.2025 15:47:33.263 UTC,1.39469,1.39458,0.0012,0.0012
28.10.2025 15:47:35.191 UTC,1.39469,1.39456,0.0024,0.0024
28.10.2025 15:47:35.293 UTC,1.39469,1.39456,0.00135,0.00285
28.10.2025 15:47:35.547 UTC,1.39468,1.39456,0.0012,0.0027
28.10.2025 15:47:37.259 UTC,1.3947,1.39456,0.0033,0.0018
28.10.2025 15:47:37.362 UTC,1.39469,1.39457,0.00315,0.0018
28.10.2025 15:47:37.465 UTC,1.39469,1.39457,0.0033,0.00225
28.10.2025 15:47:38.070 UTC,1.39469,1.39457,0.00135,0.0012
28.10.2025 15:47:39.027 UTC,1.39469,1.39457,0.0024,0.0012
28.10.2025 15:47:39.129 UTC,1.39469,1.39457,0.00225,0.0012
28.10.2025 15:47:39.989 UTC,1.39468,1.39459,0.0012,0.0012
28.10.2025 15:47:40.907 UTC,1.3947,1.39458,0.00225,0.0012
28.10.2025 15:47:41.512 UTC,1.3947,1.39458,0.0024,0.0012
28.10.2025 15:47:41.664 UTC,1.39469,1.39459,0.00225,0.0012
28.10.2025 15:47:41.970 UTC,1.39474,1.39461,0.00172,0.0012
28.10.2025 15:47:42.075 UTC,1.39475,1.39466,0.0012,0.0012
28.10.2025 15:47:42.178 UTC,1.39476,1.39466,0.0012,0.0012
28.10.2025 15:47:42.281 UTC,1.39476,1.39465,0.0012,0.0012
28.10.2025 15:47:43.561 UTC,1.39478,1.39466,0.0036,0.0012
28.10.2025 15:47:43.666 UTC,1.3948,1.39468,0.00225,0.0012
28.10.2025 15:47:44.578 UTC,1.39479,1.39468,0.0012,0.0012
28.10.2025 15:47:47.402 UTC,1.39481,1.39469,0.0018,0.0012
28.10.2025 15:47:47.506 UTC,1.39482,1.39472,0.0018,0.0012
28.10.2025 15:47:47.609 UTC,1.39481,1.39471,0.0012,0.0012
28.10.2025 15:47:47.661 UTC,1.39483,1.39471,0.00225,0.0012
28.10.2025 15:47:47.764 UTC,1.39481,1.39471,0.0012,0.0012
28.10.2025 15:47:47.918 UTC,1.39483,1.39471,0.0024,0.0012
28.10.2025 15:47:48.021 UTC,1.39483,1.39471,0.00225,0.0012
28.10.2025 15:47:48.123 UTC,1.39481,1.39471,0.0012,0.0012
28.10.2025 15:47:50.543 UTC,1.39482,1.39471,0.0012,0.0012
28.10.2025 15:47:53.326 UTC,1.3948,1.39469,0.0018,0.00135
28.10.2025 15:47:53.430 UTC,1.3948,1.39468,0.00225,0.00135
28.10.2025 15:47:53.533 UTC,1.39479,1.39468,0.0012,0.00135
28.10.2025 15:47:53.636 UTC,1.3948,1.39468,0.0018,0.00135
28.10.2025 15:47:53.689 UTC,1.39481,1.3947,0.00135,0.00135
28.10.2025 15:47:53.793 UTC,1.39481,1.39469,0.0018,0.00135
28.10.2025 15:47:54.759 UTC,1.3948,1.3947,0.0012,0.00285
28.10.2025 15:47:54.912 UTC,1.39482,1.39469,0.00225,0.0018
28.10.2025 15:47:55.315 UTC,1.39482,1.39469,0.0024,0.00135
28.10.2025 15:47:55.719 UTC,1.39482,1.39471,0.00135,0.0012
28.10.2025 15:47:56.226 UTC,1.39483,1.39471,0.00225,0.0012
28.10.2025 15:48:00.765 UTC,1.39483,1.39472,0.0012,0.0012
28.10.2025 15:48:00.869 UTC,1.39483,1.39473,0.00135,0.00135
28.10.2025 15:48:01.979 UTC,1.39484,1.39474,0.0033,0.0012
28.10.2025 15:48:02.788 UTC,1.39485,1.39473,0.00315,0.0012
28.10.2025 15:48:04.600 UTC,1.39484,1.39474,0.0033,0.0012
28.10.2025 15:48:06.008 UTC,1.39484,1.39474,0.00135,0.0012
28.10.2025 15:48:07.415 UTC,1.39486,1.39473,0.00132,0.0018
28.10.2025 15:48:07.519 UTC,1.39489,1.39476,0.0036,0.0012
28.10.2025 15:48:07.623 UTC,1.39488,1.39478,0.00135,0.0012
28.10.2025 15:48:09.141 UTC,1.3949,1.39477,0.00135,0.0012
28.10.2025 15:48:09.687 UTC,1.39489,1.39477,0.0012,0.0012
28.10.2025 15:48:13.714 UTC,1.3949,1.39477,0.00225,0.00135
28.10.2025 15:48:14.016 UTC,1.3949,1.39477,0.0024,0.0012
28.10.2025 15:48:14.168 UTC,1.3949,1.39477,0.00225,0.00135
28.10.2025 15:48:15.077 UTC,1.39488,1.39478,0.0012,0.0012
28.10.2025 15:48:16.591 UTC,1.39488,1.39478,0.0018,0.0012
28.10.2025 15:48:17.294 UTC,1.39489,1.39477,0.00135,0.0012
28.10.2025 15:48:18.081 UTC,1.39487,1.39476,0.0012,0.00135
28.10.2025 15:48:18.704 UTC,1.39484,1.39473,0.0012,0.0024
28.10.2025 15:48:18.808 UTC,1.39487,1.39475,0.0018,0.0012
28.10.2025 15:48:20.628 UTC,1.39485,1.39473,0.0012,0.00294
28.10.2025 15:48:20.932 UTC,1.39485,1.39474,0.0012,0.0012
28.10.2025 15:48:20.983 UTC,1.39487,1.39474,0.0018,0.00285
28.10.2025 15:48:25.101 UTC,1.39487,1.39474,0.00225,0.00135
28.10.2025 15:48:26.529 UTC,1.39486,1.39474,0.0012,0.0027
28.10.2025 15:48:26.634 UTC,1.39485,1.39473,0.00315,0.0018
28.10.2025 15:48:26.737 UTC,1.39484,1.39473,0.00225,0.00135
28.10.2025 15:48:26.890 UTC,1.39486,1.39473,0.00315,0.0012
28.10.2025 15:48:26.993 UTC,1.39486,1.39474,0.0018,0.0012
28.10.2025 15:48:31.979 UTC,1.39486,1.39475,0.00225,0.00135
28.10.2025 15:48:32.134 UTC,1.39485,1.39475,0.0012,0.00195
28.10.2025 15:48:32.235 UTC,1.39486,1.39474,0.0012,0.0018
28.10.2025 15:48:33.750 UTC,1.39487,1.39475,0.0012,0.00135
28.10.2025 15:48:33.853 UTC,1.39486,1.39476,0.0012,0.0018
28.10.2025 15:48:36.114 UTC,1.39487,1.39476,0.00315,0.00195
28.10.2025 15:48:36.319 UTC,1.39489,1.39476,0.00225,0.00135
28.10.2025 15:48:36.677 UTC,1.39487,1.39476,0.00135,0.00135
28.10.2025 15:48:36.831 UTC,1.39487,1.39475,0.00135,0.00135
28.10.2025 15:48:37.123 UTC,1.39488,1.39477,0.00225,0.00135
28.10.2025 15:48:38.142 UTC,1.39488,1.39476,0.0012,0.0027
28.10.2025 15:48:38.294 UTC,1.3949,1.39476,0.0033,0.0027
28.10.2025 15:48:41.465 UTC,1.3949,1.39478,0.0024,0.0012
28.10.2025 15:48:41.569 UTC,1.3949,1.39479,0.00315,0.0012
28.10.2025 15:48:41.672 UTC,1.39491,1.39478,0.0033,0.00135
28.10.2025 15:48:41.775 UTC,1.39491,1.39478,0.00315,0.00135
28.10.2025 15:48:42.181 UTC,1.39489,1.39479,0.0012,0.00135
28.10.2025 15:48:42.435 UTC,1.3949,1.39478,0.0018,0.00135
28.10.2025 15:48:43.344 UTC,1.3949,1.39477,0.00225,0.00195
28.10.2025 15:48:43.446 UTC,1.3949,1.39477,0.0024,0.0018
28.10.2025 15:48:43.648 UTC,1.3949,1.39477,0.00225,0.00195
28.10.2025 15:48:43.900 UTC,1.3949,1.39477,0.0024,0.0018
28.10.2025 15:48:44.103 UTC,1.3949,1.39477,0.00225,0.00195
28.10.2025 15:48:48.498 UTC,1.3949,1.39477,0.0033,0.0018
28.10.2025 15:48:48.600 UTC,1.39489,1.39478,0.00225,0.0018
28.10.2025 15:48:51.167 UTC,1.39489,1.39478,0.0033,0.0018
28.10.2025 15:48:51.369 UTC,1.3949,1.39477,0.00225,0.0018
28.10.2025 15:48:51.622 UTC,1.3949,1.39477,0.0033,0.0018
28.10.2025 15:48:51.824 UTC,1.3949,1.39477,0.00315,0.0018
28.10.2025 15:48:52.127 UTC,1.3949,1.39477,0.0033,0.0018
28.10.2025 15:48:52.428 UTC,1.39489,1.39478,0.00225,0.0018
28.10.2025 15:48:52.732 UTC,1.3949,1.39477,0.0033,0.0018
28.10.2025 15:48:52.835 UTC,1.39487,1.39477,0.0012,0.0012
28.10.2025 15:48:52.938 UTC,1.39488,1.39476,0.0012,0.0012
28.10.2025 15:48:53.443 UTC,1.39487,1.39476,0.00135,0.00405
28.10.2025 15:48:53.701 UTC,1.39488,1.39475,0.00135,0.00474
28.10.2025 15:48:53.863 UTC,1.39488,1.39477,0.00315,0.0012
28.10.2025 15:48:54.672 UTC,1.39488,1.39476,0.0012,0.0012
28.10.2025 15:48:57.243 UTC,1.39489,1.39476,0.00315,0.0012
28.10.2025 15:48:58.001 UTC,1.39489,1.39475,0.0033,0.00465
28.10.2025 15:48:58.960 UTC,1.39489,1.39476,0.00315,0.0012
28.10.2025 15:49:00.064 UTC,1.39488,1.39476,0.0033,0.00384
28.10.2025 15:49:00.266 UTC,1.39489,1.39476,0.00315,0.0012
28.10.2025 15:49:00.367 UTC,1.39489,1.39475,0.0033,0.00384
28.10.2025 15:49:00.619 UTC,1.39489,1.39476,0.00315,0.0012
28.10.2025 15:49:00.972 UTC,1.39489,1.39475,0.0033,0.00384
28.10.2025 15:49:02.281 UTC,1.39488,1.39477,0.00315,0.0012
28.10.2025 15:49:02.583 UTC,1.39486,1.39477,0.0012,0.0012
28.10.2025 15:49:02.634 UTC,1.39489,1.39476,0.00315,0.0012
28.10.2025 15:49:02.738 UTC,1.39488,1.39475,0.00135,0.00474
28.10.2025 15:49:03.743 UTC,1.39486,1.39477,0.0012,0.0012
28.10.2025 15:49:03.845 UTC,1.39488,1.39476,0.0012,0.0012
28.10.2025 15:49:04.991 UTC,1.39489,1.39476,0.00225,0.00195
28.10.2025 15:49:05.298 UTC,1.39487,1.39478,0.0012,0.00135
28.10.2025 15:49:05.451 UTC,1.39489,1.39477,0.00135,0.00135
28.10.2025 15:49:05.705 UTC,1.39489,1.39477,0.0018,0.00135
28.10.2025 15:49:05.959 UTC,1.39489,1.39477,0.00135,0.00135
28.10.2025 15:49:06.417 UTC,1.39488,1.39476,0.0012,0.0012
28.10.2025 15:49:06.572 UTC,1.39488,1.39475,0.00225,0.00315
28.10.2025 15:49:08.484 UTC,1.39488,1.39475,0.0024,0.00315
28.10.2025 15:49:08.839 UTC,1.39485,1.39475,0.0012,0.00135
28.10.2025 15:49:08.944 UTC,1.3948,1.39472,0.0012,0.0018
28.10.2025 15:49:10.165 UTC,1.39477,1.39468,0.0012,0.0012
28.10.2025 15:49:10.268 UTC,1.39477,1.39467,0.0012,0.00135
28.10.2025 15:49:10.524 UTC,1.39477,1.39471,0.0012,0.0012
28.10.2025 15:49:10.576 UTC,1.39481,1.3947,0.0012,0.0012
28.10.2025 15:49:10.629 UTC,1.39479,1.39469,0.0012,0.0018
28.10.2025 15:49:10.785 UTC,1.39479,1.39469,0.0012,0.00132
28.10.2025 15:49:10.888 UTC,1.39478,1.39468,0.0012,0.0018
28.10.2025 15:49:10.992 UTC,1.39479,1.39467,0.00135,0.00204
28.10.2025 15:49:11.044 UTC,1.39477,1.39466,0.0012,0.00204
28.10.2025 15:49:12.013 UTC,1.39478,1.39468,0.0012,0.00135
28.10.2025 15:49:12.264 UTC,1.39477,1.39468,0.0012,0.0018
28.10.2025 15:49:13.122 UTC,1.39475,1.39467,0.0012,0.0024
28.10.2025 15:49:17.616 UTC,1.39476,1.39465,0.0012,0.00195
28.10.2025 15:49:17.718 UTC,1.39475,1.39465,0.0012,0.00195
28.10.2025 15:49:17.923 UTC,1.39473,1.39461,0.0012,0.00279
28.10.2025 15:49:17.974 UTC,1.39472,1.39461,0.0012,0.00339
28.10.2025 15:49:18.230 UTC,1.39472,1.39461,0.0012,0.0024
28.10.2025 15:49:22.005 UTC,1.39471,1.3946,0.0012,0.0033
28.10.2025 15:49:23.423 UTC,1.3947,1.3946,0.0012,0.0018
28.10.2025 15:49:23.475 UTC,1.39469,1.39458,0.0012,0.00315
28.10.2025 15:49:23.526 UTC,1.39469,1.39458,0.0012,0.00375
28.10.2025 15:49:24.238 UTC,1.39471,1.39457,0.0018,0.0024
28.10.2025 15:49:24.290 UTC,1.39468,1.39458,0.0012,0.00135
28.10.2025 15:49:24.444 UTC,1.39467,1.39456,0.0012,0.0024
28.10.2025 15:49:27.284 UTC,1.39468,1.39458,0.0012,0.0018
28.10.2025 15:49:27.388 UTC,1.39468,1.39458,0.0012,0.00285
28.10.2025 15:49:28.300 UTC,1.39467,1.39457,0.0012,0.00285
28.10.2025 15:49:28.414 UTC,1.39466,1.39458,0.0012,0.0018
28.10.2025 15:49:31.353 UTC,1.39465,1.39454,0.0012,0.00555
28.10.2025 15:49:31.405 UTC,1.39465,1.39453,0.0012,0.00315
28.10.2025 15:49:31.508 UTC,1.39463,1.39454,0.0012,0.00285
28.10.2025 15:49:31.764 UTC,1.39464,1.39454,0.0012,0.0033
28.10.2025 15:49:31.868 UTC,1.39465,1.39453,0.0012,0.00375
28.10.2025 15:49:31.972 UTC,1.39463,1.39454,0.0012,0.00375
28.10.2025 15:49:34.487 UTC,1.39465,1.39455,0.0012,0.0018
28.10.2025 15:49:34.590 UTC,1.39466,1.39454,0.0012,0.00375
28.10.2025 15:49:34.694 UTC,1.39464,1.39456,0.0012,0.0018
28.10.2025 15:49:34.796 UTC,1.39464,1.39456,0.0012,0.00195
28.10.2025 15:49:34.900 UTC,1.39464,1.39454,0.0012,0.00135
28.10.2025 15:49:36.566 UTC,1.39464,1.39453,0.0012,0.0018
28.10.2025 15:49:39.123 UTC,1.39464,1.39454,0.0012,0.0012
28.10.2025 15:49:40.384 UTC,1.39465,1.39454,0.0012,0.00135
28.10.2025 15:49:42.903 UTC,1.39465,1.39453,0.0012,0.0018
28.10.2025 15:49:43.005 UTC,1.39465,1.39453,0.0012,0.00195
28.10.2025 15:49:46.033 UTC,1.39464,1.39453,0.0012,0.00195
28.10.2025 15:49:46.186 UTC,1.39464,1.39454,0.0012,0.00195
28.10.2025 15:49:48.924 UTC,1.39465,1.39455,0.0018,0.0012
28.10.2025 15:49:49.027 UTC,1.39466,1.39453,0.00225,0.00195
28.10.2025 15:49:49.129 UTC,1.39465,1.39453,0.0012,0.00195
28.10.2025 15:49:50.138 UTC,1.39466,1.39454,0.0012,0.00195
28.10.2025 15:49:50.241 UTC,1.39465,1.39454,0.0012,0.0018
28.10.2025 15:49:50.344 UTC,1.39465,1.39453,0.0012,0.00285
28.10.2025 15:49:59.757 UTC,1.39466,1.39454,0.00189,0.00135
28.10.2025 15:50:00.160 UTC,1.39465,1.39455,0.00192,0.00135
28.10.2025 15:50:01.015 UTC,1.39465,1.39455,0.0018,0.00135
28.10.2025 15:50:02.271 UTC,1.39466,1.39454,0.0012,0.0012
28.10.2025 15:50:03.027 UTC,1.3946,1.39454,0.0012,0.0012
28.10.2025 15:50:03.130 UTC,1.39461,1.39454,0.0012,0.0012
28.10.2025 15:50:03.234 UTC,1.39462,1.39449,0.0018,0.00249
28.10.2025 15:50:03.639 UTC,1.39461,1.3945,0.0012,0.00192
28.10.2025 15:50:03.792 UTC,1.39461,1.39451,0.0018,0.00192
28.10.2025 15:50:04.090 UTC,1.39464,1.39451,0.00225,0.00249
28.10.2025 15:50:04.193 UTC,1.39464,1.39452,0.0012,0.00192
28.10.2025 15:50:08.119 UTC,1.39462,1.39452,0.0012,0.00384
28.10.2025 15:50:09.134 UTC,1.3946,1.39451,0.0012,0.0018
28.10.2025 15:50:15.118 UTC,1.39461,1.3945,0.0012,0.00195
28.10.2025 15:50:18.589 UTC,1.39462,1.39452,0.00189,0.0012
28.10.2025 15:50:20.462 UTC,1.39461,1.39452,0.0012,0.00135
28.10.2025 15:50:20.823 UTC,1.39462,1.39453,0.0012,0.00225
28.10.2025 15:50:20.977 UTC,1.39463,1.39452,0.0012,0.0018
28.10.2025 15:50:21.031 UTC,1.3946,1.39453,0.0012,0.0018
28.10.2025 15:50:21.134 UTC,1.3946,1.3945,0.0012,0.0024
28.10.2025 15:50:21.238 UTC,1.39459,1.39448,0.0012,0.00195
28.10.2025 15:50:21.595 UTC,1.3946,1.39448,0.0012,0.00204
28.10.2025 15:50:22.324 UTC,1.3946,1.39448,0.0012,0.00297
28.10.2025 15:50:23.131 UTC,1.3946,1.39449,0.0012,0.0012
28.10.2025 15:50:23.286 UTC,1.39461,1.3945,0.0012,0.00132
28.10.2025 15:50:23.390 UTC,1.39461,1.39449,0.0012,0.00192
28.10.2025 15:50:24.601 UTC,1.39462,1.39451,0.0012,0.00195
28.10.2025 15:50:24.705 UTC,1.39461,1.3945,0.0012,0.00195
28.10.2025 15:50:24.811 UTC,1.39461,1.39452,0.0012,0.0012
28.10.2025 15:50:24.916 UTC,1.39462,1.39452,0.0012,0.0018
28.10.2025 15:50:25.224 UTC,1.39462,1.39452,0.0012,0.00339
28.10.2025 15:50:26.136 UTC,1.39462,1.39451,0.0012,0.00195
28.10.2025 15:50:26.592 UTC,1.39462,1.39451,0.0012,0.0012
28.10.2025 15:50:27.498 UTC,1.39463,1.3945,0.00225,0.00285
28.10.2025 15:50:27.701 UTC,1.39463,1.3945,0.00135,0.00285
28.10.2025 15:50:27.802 UTC,1.39462,1.3945,0.0012,0.00285
28.10.2025 15:50:29.060 UTC,1.39463,1.3945,0.00225,0.00285
28.10.2025 15:50:29.766 UTC,1.39463,1.39451,0.0012,0.0024
28.10.2025 15:50:29.870 UTC,1.39463,1.39451,0.0012,0.00375
28.10.2025 15:50:30.073 UTC,1.39464,1.39451,0.0012,0.00465
28.10.2025 15:50:30.175 UTC,1.39465,1.39452,0.00234,0.0018
28.10.2025 15:50:30.379 UTC,1.39464,1.39451,0.0027,0.0024
28.10.2025 15:50:30.482 UTC,1.39465,1.39452,0.0018,0.0042
28.10.2025 15:50:34.926 UTC,1.39464,1.39453,0.0012,0.0018
28.10.2025 15:50:35.078 UTC,1.39465,1.39453,0.00225,0.0018
28.10.2025 15:50:35.484 UTC,1.39465,1.39452,0.00324,0.0024
28.10.2025 15:50:35.588 UTC,1.39462,1.39453,0.0012,0.0018
28.10.2025 15:50:35.741 UTC,1.39463,1.3945,0.0012,0.00474
28.10.2025 15:50:36.198 UTC,1.39463,1.39452,0.0012,0.00195
28.10.2025 15:50:37.663 UTC,1.39464,1.39451,0.00135,0.00375
28.10.2025 15:50:39.480 UTC,1.39464,1.39453,0.00225,0.00249
28.10.2025 15:50:39.583 UTC,1.39464,1.39453,0.0012,0.00135
28.10.2025 15:50:39.687 UTC,1.39465,1.39453,0.0012,0.0018
28.10.2025 15:50:40.194 UTC,1.39464,1.39453,0.0012,0.00195
28.10.2025 15:50:41.153 UTC,1.39464,1.39453,0.0012,0.00135
28.10.2025 15:50:42.365 UTC,1.39462,1.39451,0.0018,0.00384
28.10.2025 15:50:42.470 UTC,1.39458,1.39451,0.0012,0.0018
28.10.2025 15:50:42.522 UTC,1.39457,1.39447,0.0012,0.0024
28.10.2025 15:50:42.626 UTC,1.39457,1.39446,0.0012,0.0018
28.10.2025 15:50:42.832 UTC,1.39458,1.39445,0.00132,0.0024
28.10.2025 15:50:44.626 UTC,1.39456,1.39446,0.0012,0.0018
28.10.2025 15:50:44.978 UTC,1.39458,1.39445,0.0012,0.0018
28.10.2025 15:50:45.281 UTC,1.39456,1.39444,0.0012,0.00195
28.10.2025 15:50:57.129 UTC,1.39454,1.39446,0.0012,0.0018
28.10.2025 15:50:57.183 UTC,1.39447,1.39443,0.0012,0.0012
28.10.2025 15:50:57.236 UTC,1.39446,1.39439,0.0012,0.00225
28.10.2025 15:50:57.340 UTC,1.39447,1.39437,0.0012,0.00135
28.10.2025 15:50:57.443 UTC,1.39447,1.39435,0.0012,0.00192
28.10.2025 15:50:57.595 UTC,1.39446,1.39435,0.0012,0.00192
28.10.2025 15:50:57.749 UTC,1.39445,1.39436,0.0012,0.0018
28.10.2025 15:50:59.122 UTC,1.39443,1.39433,0.0012,0.0012
28.10.2025 15:50:59.174 UTC,1.3944,1.39428,0.0012,0.00372
28.10.2025 15:50:59.225 UTC,1.3944,1.39428,0.0012,0.00432
28.10.2025 15:50:59.328 UTC,1.39439,1.39428,0.0012,0.00342
28.10.2025 15:50:59.688 UTC,1.39437,1.39427,0.0012,0.00189
28.10.2025 15:50:59.740 UTC,1.39437,1.39427,0.0012,0.0018
28.10.2025 15:50:59.844 UTC,1.39436,1.39425,0.0012,0.0012
28.10.2025 15:50:59.896 UTC,1.39435,1.39426,0.0012,0.0018
28.10.2025 15:51:00.153 UTC,1.39436,1.39424,0.0012,0.00204
28.10.2025 15:51:00.309 UTC,1.39435,1.39421,0.0012,0.0018
28.10.2025 15:51:00.363 UTC,1.39431,1.39421,0.0012,0.00132
28.10.2025 15:51:00.467 UTC,1.39431,1.39419,0.0012,0.00204
28.10.2025 15:51:00.570 UTC,1.39431,1.3942,0.0012,0.0018
28.10.2025 15:51:00.674 UTC,1.3943,1.39421,0.0012,0.00135
28.10.2025 15:51:00.932 UTC,1.39432,1.39421,0.0012,0.00132
28.10.2025 15:51:00.985 UTC,1.39434,1.39423,0.0012,0.00132
28.10.2025 15:51:01.089 UTC,1.39434,1.39424,0.0012,0.0018
28.10.2025 15:51:02.308 UTC,1.39434,1.39425,0.0012,0.00195
28.10.2025 15:51:03.172 UTC,1.39436,1.39424,0.0012,0.0018
28.10.2025 15:51:03.326 UTC,1.39435,1.39425,0.0012,0.00195
28.10.2025 15:51:04.139 UTC,1.39437,1.39425,0.0012,0.0012
28.10.2025 15:51:04.242 UTC,1.39436,1.39425,0.0012,0.0012
28.10.2025 15:51:04.650 UTC,1.39435,1.39425,0.0012,0.0024
28.10.2025 15:51:06.021 UTC,1.39436,1.39426,0.0012,0.0012
28.10.2025 15:51:06.124 UTC,1.39436,1.39425,0.0012,0.00195
28.10.2025 15:51:06.226 UTC,1.39435,1.39426,0.0012,0.00195
28.10.2025 15:51:07.239 UTC,1.39437,1.39425,0.0018,0.00195
28.10.2025 15:51:08.556 UTC,1.39439,1.39428,0.0018,0.0012
28.10.2025 15:51:08.661 UTC,1.39439,1.39427,0.0012,0.00315
28.10.2025 15:51:08.714 UTC,1.39441,1.39431,0.0012,0.00225
28.10.2025 15:51:08.818 UTC,1.3944,1.3943,0.0012,0.0012
28.10.2025 15:51:09.580 UTC,1.39442,1.39429,0.0018,0.00375
28.10.2025 15:51:10.651 UTC,1.39443,1.39432,0.0012,0.0012
28.10.2025 15:51:10.804 UTC,1.39443,1.39432,0.0012,0.0024
28.10.2025 15:51:11.212 UTC,1.39442,1.39431,0.0012,0.0018
28.10.2025 15:51:11.367 UTC,1.39441,1.39432,0.0012,0.0018
28.10.2025 15:51:11.828 UTC,1.39441,1.3943,0.00234,0.00285
28.10.2025 15:51:12.587 UTC,1.39442,1.39429,0.00225,0.00285
28.10.2025 15:51:14.016 UTC,1.39445,1.39433,0.00135,0.0012
28.10.2025 15:51:14.119 UTC,1.39446,1.39433,0.0024,0.0018
28.10.2025 15:51:14.272 UTC,1.39445,1.39434,0.00315,0.00195
28.10.2025 15:51:14.776 UTC,1.39445,1.39434,0.0033,0.0018
28.10.2025 15:51:14.929 UTC,1.39446,1.39434,0.00225,0.00135
28.10.2025 15:51:15.032 UTC,1.39444,1.39435,0.0012,0.00135
28.10.2025 15:51:15.135 UTC,1.39443,1.39435,0.0012,0.00135
28.10.2025 15:51:15.742 UTC,1.39444,1.39435,0.00135,0.00135
28.10.2025 15:51:17.306 UTC,1.39446,1.39434,0.00225,0.00135
28.10.2025 15:51:17.412 UTC,1.39444,1.39435,0.0012,0.0018
28.10.2025 15:51:17.515 UTC,1.39445,1.39434,0.0012,0.00135
28.10.2025 15:51:18.070 UTC,1.39446,1.39434,0.00225,0.00135
28.10.2025 15:51:18.323 UTC,1.39445,1.39434,0.0012,0.00135
28.10.2025 15:51:23.114 UTC,1.39446,1.39434,0.0027,0.0012
28.10.2025 15:51:24.674 UTC,1.39444,1.39434,0.0012,0.00285
28.10.2025 15:51:26.945 UTC,1.39446,1.39433,0.00315,0.00375
28.10.2025 15:51:28.855 UTC,1.39443,1.39434,0.0012,0.00375
28.10.2025 15:51:28.907 UTC,1.39446,1.39433,0.00315,0.00375
28.10.2025 15:51:29.109 UTC,1.39445,1.39433,0.0012,0.00375
28.10.2025 15:51:29.416 UTC,1.39445,1.39435,0.0027,0.0012
28.10.2025 15:51:30.075 UTC,1.39446,1.39436,0.0012,0.0012
28.10.2025 15:51:30.279 UTC,1.39445,1.39436,0.0012,0.00135
28.10.2025 15:51:30.331 UTC,1.39446,1.39438,0.0012,0.0012
28.10.2025 15:51:30.486 UTC,1.39447,1.39438,0.00132,0.0012
28.10.2025 15:51:30.590 UTC,1.39446,1.39438,0.0012,0.0012
28.10.2025 15:51:31.351 UTC,1.39447,1.39439,0.00135,0.0012
28.10.2025 15:51:31.454 UTC,1.39447,1.39436,0.0018,0.0018
28.10.2025 15:51:31.506 UTC,1.39447,1.39436,0.0018,0.00135
28.10.2025 15:51:33.725 UTC,1.39448,1.39437,0.0012,0.0012
28.10.2025 15:51:33.829 UTC,1.39449,1.39439,0.0012,0.0012
28.10.2025 15:51:33.935 UTC,1.39447,1.39438,0.0012,0.0012
28.10.2025 15:51:34.039 UTC,1.39447,1.39435,0.0018,0.00195
28.10.2025 15:51:34.194 UTC,1.39448,1.39436,0.00189,0.0018
28.10.2025 15:51:34.348 UTC,1.39448,1.39436,0.00189,0.00135
28.10.2025 15:51:34.450 UTC,1.39448,1.39436,0.00192,0.00135
28.10.2025 15:51:38.525 UTC,1.39446,1.39436,0.0012,0.00135
28.10.2025 15:51:40.341 UTC,1.39448,1.39439,0.00132,0.0012
28.10.2025 15:51:40.445 UTC,1.39448,1.39437,0.00132,0.0012
28.10.2025 15:51:40.548 UTC,1.39447,1.39437,0.0012,0.0012
28.10.2025 15:51:41.059 UTC,1.39449,1.39438,0.00132,0.00135
28.10.2025 15:51:41.164 UTC,1.39451,1.39441,0.00144,0.00135
28.10.2025 15:51:41.217 UTC,1.3945,1.3944,0.0012,0.00135
28.10.2025 15:51:42.183 UTC,1.39448,1.39438,0.0012,0.0018
28.10.2025 15:51:42.286 UTC,1.39448,1.39437,0.0012,0.0018
28.10.2025 15:51:42.438 UTC,1.39449,1.39437,0.0018,0.0024
28.10.2025 15:51:42.541 UTC,1.39448,1.39438,0.0018,0.00285
28.10.2025 15:51:42.644 UTC,1.3945,1.39437,0.00279,0.00285
28.10.2025 15:51:44.261 UTC,1.39449,1.39438,0.0012,0.0018
28.10.2025 15:51:44.366 UTC,1.39449,1.39438,0.0012,0.00135
28.10.2025 15:51:45.527 UTC,1.3945,1.39438,0.00144,0.00135
28.10.2025 15:51:45.629 UTC,1.39449,1.39438,0.0012,0.0018
28.10.2025 15:51:45.732 UTC,1.39448,1.39439,0.0012,0.00135
28.10.2025 15:51:46.137 UTC,1.39448,1.39438,0.0012,0.00135
28.10.2025 15:51:47.498 UTC,1.39447,1.39438,0.0012,0.00135
28.10.2025 15:51:47.652 UTC,1.39447,1.39435,0.0012,0.0018
28.10.2025 15:51:48.665 UTC,1.39446,1.39437,0.0012,0.00195
28.10.2025 15:51:48.768 UTC,1.39446,1.39437,0.0012,0.0018
28.10.2025 15:51:48.921 UTC,1.39447,1.39437,0.0018,0.0018
28.10.2025 15:52:00.599 UTC,1.39449,1.39438,0.0012,0.00135
28.10.2025 15:52:00.703 UTC,1.39449,1.39439,0.0012,0.0018
28.10.2025 15:52:00.806 UTC,1.3945,1.39438,0.0012,0.0024
28.10.2025 15:52:00.960 UTC,1.39449,1.39439,0.0012,0.0024
28.10.2025 15:52:01.265 UTC,1.39451,1.39438,0.0036,0.00195
28.10.2025 15:52:02.129 UTC,1.3945,1.39438,0.0012,0.00285
28.10.2025 15:52:02.385 UTC,1.39449,1.39438,0.0012,0.00195
28.10.2025 15:52:02.729 UTC,1.39449,1.39438,0.0012,0.0018
28.10.2025 15:52:04.045 UTC,1.39449,1.39438,0.0012,0.00195
28.10.2025 15:52:04.147 UTC,1.39449,1.39439,0.00135,0.0018
28.10.2025 15:52:07.158 UTC,1.39449,1.39437,0.0018,0.0018
28.10.2025 15:52:09.284 UTC,1.39448,1.39439,0.0018,0.0012
28.10.2025 15:52:10.816 UTC,1.39447,1.39436,0.00132,0.0024
28.10.2025 15:52:10.971 UTC,1.39447,1.39436,0.00132,0.00135
28.10.2025 15:52:16.766 UTC,1.39447,1.39435,0.0012,0.00285
28.10.2025 15:52:18.192 UTC,1.39448,1.39436,0.00189,0.0018
28.10.2025 15:52:18.296 UTC,1.39449,1.39437,0.00132,0.00225
28.10.2025 15:52:18.348 UTC,1.39449,1.39438,0.0012,0.0012
28.10.2025 15:52:18.747 UTC,1.39449,1.39436,0.00189,0.00465
28.10.2025 15:52:18.852 UTC,1.39448,1.39436,0.00132,0.00465
28.10.2025 15:52:19.872 UTC,1.39449,1.39439,0.0012,0.00195
28.10.2025 15:52:19.977 UTC,1.3945,1.39441,0.0012,0.0012
28.10.2025 15:52:20.080 UTC,1.39452,1.39441,0.0012,0.0018
28.10.2025 15:52:20.684 UTC,1.39453,1.39441,0.0012,0.0018
28.10.2025 15:52:20.788 UTC,1.39455,1.39442,0.00279,0.00225
28.10.2025 15:52:20.891 UTC,1.39455,1.39442,0.00279,0.0018
28.10.2025 15:52:20.993 UTC,1.39454,1.39443,0.00279,0.00135
28.10.2025 15:52:21.297 UTC,1.39453,1.39443,0.0012,0.00225
28.10.2025 15:52:21.601 UTC,1.39453,1.39444,0.00132,0.00135
28.10.2025 15:52:21.754 UTC,1.39452,1.39444,0.0012,0.00135
28.10.2025 15:52:21.807 UTC,1.39451,1.3944,0.00189,0.0012
28.10.2025 15:52:21.910 UTC,1.3945,1.3944,0.0012,0.00135
28.10.2025 15:52:22.116 UTC,1.3945,1.39438,0.0018,0.0018
28.10.2025 15:52:24.135 UTC,1.39451,1.39438,0.00324,0.00285
28.10.2025 15:52:24.290 UTC,1.3945,1.39438,0.00192,0.0012
28.10.2025 15:52:24.394 UTC,1.3945,1.39437,0.00147,0.0018
28.10.2025 15:52:25.155 UTC,1.39448,1.39437,0.0012,0.00135
28.10.2025 15:52:25.564 UTC,1.39447,1.39436,0.0012,0.00195
28.10.2025 15:52:26.122 UTC,1.39447,1.39435,0.0012,0.00195
28.10.2025 15:52:30.448 UTC,1.39447,1.39435,0.00327,0.00135
28.10.2025 15:52:30.553 UTC,1.39439,1.39428,0.00132,0.0012
28.10.2025 15:52:30.661 UTC,1.39438,1.39427,0.00132,0.00135
28.10.2025 15:52:31.018 UTC,1.39439,1.39426,0.0018,0.0018
28.10.2025 15:52:31.122 UTC,1.39439,1.39426,0.00279,0.0024
28.10.2025 15:52:32.341 UTC,1.39438,1.39426,0.0012,0.0018
28.10.2025 15:52:33.007 UTC,1.39439,1.39426,0.00414,0.0018
28.10.2025 15:52:33.515 UTC,1.39438,1.39426,0.0012,0.0018
28.10.2025 15:52:33.618 UTC,1.39439,1.39426,0.00405,0.0018
28.10.2025 15:52:33.770 UTC,1.39438,1.39426,0.0012,0.0018
28.10.2025 15:52:33.873 UTC,1.39438,1.39427,0.00405,0.0018
28.10.2025 15:52:35.750 UTC,1.39439,1.3943,0.0012,0.0012
28.10.2025 15:52:35.802 UTC,1.39444,1.39431,0.00414,0.0012
28.10.2025 15:52:35.854 UTC,1.39445,1.39434,0.0018,0.0012
28.10.2025 15:52:35.958 UTC,1.39445,1.39433,0.0012,0.0018
28.10.2025 15:52:36.060 UTC,1.39445,1.39433,0.0012,0.00135
28.10.2025 15:52:36.164 UTC,1.39443,1.39433,0.0027,0.0018
28.10.2025 15:52:36.267 UTC,1.39444,1.39432,0.00225,0.00135
28.10.2025 15:52:36.576 UTC,1.39446,1.39433,0.00135,0.00315
28.10.2025 15:52:36.679 UTC,1.39446,1.39434,0.00225,0.00135
28.10.2025 15:52:36.782 UTC,1.39444,1.39434,0.0012,0.0024
28.10.2025 15:52:37.039 UTC,1.39444,1.39433,0.0012,0.0018
28.10.2025 15:52:43.632 UTC,1.39445,1.39433,0.0018,0.0018
28.10.2025 15:52:44.702 UTC,1.39446,1.39433,0.00414,0.0018
28.10.2025 15:52:44.856 UTC,1.39445,1.39434,0.0012,0.00135
28.10.2025 15:52:44.959 UTC,1.39445,1.39435,0.0012,0.0012
28.10.2025 15:52:45.063 UTC,1.39447,1.39435,0.00324,0.00135
28.10.2025 15:52:45.166 UTC,1.39446,1.39436,0.00279,0.00195
28.10.2025 15:52:45.924 UTC,1.39445,1.39436,0.0018,0.0018
28.10.2025 15:52:46.026 UTC,1.39446,1.39435,0.0018,0.0012
28.10.2025 15:52:48.798 UTC,1.39446,1.39434,0.0018,0.0018
28.10.2025 15:52:48.901 UTC,1.39446,1.39433,0.00252,0.0024
28.10.2025 15:52:49.004 UTC,1.39445,1.39434,0.00237,0.0027
28.10.2025 15:52:49.959 UTC,1.39445,1.39435,0.00327,0.00135
28.10.2025 15:52:54.101 UTC,1.39446,1.39434,0.00144,0.00135
28.10.2025 15:52:55.828 UTC,1.39445,1.39435,0.00249,0.00135
28.10.2025 15:52:55.982 UTC,1.39445,1.39435,0.00132,0.00195
28.10.2025 15:52:56.688 UTC,1.39443,1.39435,0.0012,0.0012
28.10.2025 15:52:56.991 UTC,1.39446,1.39434,0.00189,0.0012
28.10.2025 15:52:57.193 UTC,1.39444,1.39434,0.0012,0.0012
28.10.2025 15:52:57.545 UTC,1.39446,1.39434,0.00189,0.0012
28.10.2025 15:52:57.698 UTC,1.39443,1.39434,0.0012,0.00375
28.10.2025 15:52:58.552 UTC,1.39446,1.39433,0.00234,0.00375
28.10.2025 15:52:58.756 UTC,1.39444,1.39433,0.0012,0.00375
28.10.2025 15:52:59.312 UTC,1.39445,1.39435,0.00132,0.0012
28.10.2025 15:52:59.515 UTC,1.39444,1.39434,0.0012,0.0012
28.10.2025 15:53:01.271 UTC,1.39447,1.39433,0.00432,0.00465
28.10.2025 15:53:01.374 UTC,1.39447,1.39435,0.0018,0.0018
28.10.2025 15:53:01.479 UTC,1.39447,1.39435,0.00189,0.0018
28.10.2025 15:53:02.139 UTC,1.39445,1.39436,0.00132,0.0018
28.10.2025 15:53:02.242 UTC,1.39444,1.39436,0.0012,0.0012
28.10.2025 15:53:03.199 UTC,1.39445,1.39436,0.00234,0.0012
28.10.2025 15:53:04.413 UTC,1.39445,1.39435,0.0012,0.0012
28.10.2025 15:53:05.779 UTC,1.39447,1.39435,0.00132,0.00195
28.10.2025 15:53:05.882 UTC,1.39446,1.39435,0.00132,0.0018
28.10.2025 15:53:05.985 UTC,1.39446,1.39435,0.00132,0.00135
28.10.2025 15:53:20.768 UTC,1.39446,1.39435,0.0012,0.0018
28.10.2025 15:53:24.091 UTC,1.39445,1.39435,0.0012,0.00195
28.10.2025 15:53:25.550 UTC,1.39445,1.39435,0.0012,0.00135
28.10.2025 15:53:25.794 UTC,1.39445,1.39436,0.00132,0.00135
28.10.2025 15:53:27.906 UTC,1.39445,1.39435,0.0012,0.00135
28.10.2025 15:53:30.721 UTC,1.39445,1.39435,0.0012,0.0018
28.10.2025 15:53:31.025 UTC,1.39445,1.39435,0.0012,0.00135
28.10.2025 15:53:31.227 UTC,1.39445,1.39435,0.0012,0.0018
28.10.2025 15:53:32.585 UTC,1.39445,1.39436,0.00189,0.00195
28.10.2025 15:53:34.351 UTC,1.39446,1.39435,0.00189,0.00135
28.10.2025 15:53:34.954 UTC,1.39445,1.39435,0.0012,0.00135
28.10.2025 15:53:35.156 UTC,1.39445,1.39436,0.00189,0.00135
28.10.2025 15:53:36.311 UTC,1.39445,1.39435,0.0012,0.00135
28.10.2025 15:53:39.474 UTC,1.39446,1.39435,0.00189,0.00135
28.10.2025 15:53:39.779 UTC,1.39446,1.39435,0.00189,0.0018
28.10.2025 15:53:41.793 UTC,1.39448,1.39435,0.00234,0.00195
28.10.2025 15:53:41.958 UTC,1.39447,1.39438,0.0012,0.0012
28.10.2025 15:53:42.061 UTC,1.39449,1.39437,0.0012,0.00135
28.10.2025 15:53:43.370 UTC,1.39451,1.3944,0.0018,0.00132
28.10.2025 15:53:43.982 UTC,1.3945,1.39438,0.0012,0.00285
28.10.2025 15:53:45.244 UTC,1.39451,1.39441,0.00279,0.0012
28.10.2025 15:53:45.399 UTC,1.39451,1.39439,0.0012,0.0012
28.10.2025 15:53:45.551 UTC,1.3945,1.39439,0.0012,0.0012
28.10.2025 15:53:45.704 UTC,1.39451,1.3944,0.0012,0.0012
28.10.2025 15:53:45.858 UTC,1.39451,1.3944,0.0012,0.00195
28.10.2025 15:53:47.027 UTC,1.39451,1.3944,0.0012,0.00135
28.10.2025 15:53:47.686 UTC,1.3945,1.3944,0.0012,0.00135
28.10.2025 15:53:50.255 UTC,1.39452,1.3944,0.00189,0.0018
28.10.2025 15:53:50.865 UTC,1.39455,1.39442,0.0018,0.0027
28.10.2025 15:53:50.917 UTC,1.39455,1.39444,0.0012,0.0012
28.10.2025 15:53:51.683 UTC,1.39455,1.39443,0.0012,0.00135
28.10.2025 15:53:52.342 UTC,1.39452,1.39442,0.00189,0.0018
28.10.2025 15:53:52.446 UTC,1.39448,1.39436,0.0012,0.0012
28.10.2025 15:53:52.548 UTC,1.39448,1.39436,0.0012,0.0018
28.10.2025 15:53:54.215 UTC,1.39447,1.39435,0.0012,0.0018
28.10.2025 15:53:58.249 UTC,1.39448,1.39435,0.00132,0.0024
28.10.2025 15:53:59.005 UTC,1.39447,1.39436,0.0012,0.0012
28.10.2025 15:54:03.183 UTC,1.39448,1.39435,0.00132,0.00285
28.10.2025 15:54:05.443 UTC,1.3945,1.39438,0.0018,0.00135
28.10.2025 15:54:05.546 UTC,1.39449,1.3944,0.0012,0.00375
28.10.2025 15:54:05.598 UTC,1.39454,1.3944,0.0027,0.0024
28.10.2025 15:54:06.007 UTC,1.3945,1.39437,0.00132,0.00285
28.10.2025 15:54:06.110 UTC,1.39447,1.39438,0.0012,0.00285
28.10.2025 15:54:06.869 UTC,1.39448,1.39437,0.0012,0.0018
28.10.2025 15:54:07.929 UTC,1.3945,1.39439,0.0027,0.00195
28.10.2025 15:54:07.981 UTC,1.39448,1.39439,0.0012,0.00195
28.10.2025 15:54:09.407 UTC,1.3945,1.39439,0.0012,0.00135
28.10.2025 15:54:09.511 UTC,1.39451,1.39439,0.0012,0.00135
28.10.2025 15:54:09.614 UTC,1.3945,1.3944,0.0012,0.00195
28.10.2025 15:54:09.719 UTC,1.39453,1.39443,0.0012,0.0012
28.10.2025 15:54:09.871 UTC,1.39454,1.39443,0.0012,0.00135
28.10.2025 15:54:10.025 UTC,1.39453,1.39443,0.0012,0.00135
28.10.2025 15:54:10.692 UTC,1.39454,1.39443,0.0012,0.00135
28.10.2025 15:54:10.794 UTC,1.39454,1.39444,0.00189,0.00135
28.10.2025 15:54:10.897 UTC,1.39455,1.39444,0.0012,0.0012
28.10.2025 15:54:12.209 UTC,1.39454,1.39444,0.0012,0.0012
28.10.2025 15:54:13.069 UTC,1.39455,1.39444,0.0012,0.0012
28.10.2025 15:54:13.527 UTC,1.39455,1.39445,0.00234,0.00135
28.10.2025 15:54:13.835 UTC,1.39457,1.39444,0.00324,0.00135
28.10.2025 15:54:13.939 UTC,1.39458,1.39446,0.00135,0.0012
28.10.2025 15:54:14.042 UTC,1.39458,1.39446,0.0012,0.0018
28.10.2025 15:54:14.144 UTC,1.39459,1.39446,0.00279,0.0018
28.10.2025 15:54:16.614 UTC,1.39457,1.39447,0.0012,0.0018
28.10.2025 15:54:16.716 UTC,1.39457,1.39446,0.0012,0.0018
28.10.2025 15:54:27.338 UTC,1.39455,1.39447,0.0012,0.00195
28.10.2025 15:54:27.590 UTC,1.39457,1.39446,0.0012,0.00195
28.10.2025 15:54:28.245 UTC,1.39457,1.39447,0.0012,0.00195
28.10.2025 15:54:31.564 UTC,1.39459,1.39446,0.00315,0.0024
28.10.2025 15:54:31.820 UTC,1.39457,1.39447,0.0012,0.0018
28.10.2025 15:54:32.076 UTC,1.39459,1.39446,0.00315,0.00195
28.10.2025 15:54:32.938 UTC,1.39458,1.39447,0.00327,0.00195
28.10.2025 15:54:33.140 UTC,1.39459,1.39446,0.00324,0.00195
28.10.2025 15:54:36.116 UTC,1.39456,1.39447,0.00249,0.00135
28.10.2025 15:54:36.270 UTC,1.39456,1.39444,0.0012,0.00135
28.10.2025 15:54:36.876 UTC,1.39457,1.39444,0.0018,0.00375
28.10.2025 15:54:39.957 UTC,1.3945,1.39441,0.00237,0.0018
28.10.2025 15:54:40.062 UTC,1.39448,1.39439,0.00189,0.0012
28.10.2025 15:54:40.115 UTC,1.39448,1.39435,0.00189,0.0024
28.10.2025 15:54:40.219 UTC,1.39448,1.39435,0.00189,0.00225
28.10.2025 15:54:40.321 UTC,1.39448,1.39435,0.00189,0.0024
28.10.2025 15:54:40.425 UTC,1.39448,1.39437,0.0012,0.0012
28.10.2025 15:54:40.528 UTC,1.3945,1.39438,0.0018,0.0018
28.10.2025 15:54:40.631 UTC,1.3945,1.39439,0.00234,0.0033
28.10.2025 15:54:40.734 UTC,1.3945,1.39437,0.0012,0.00285
28.10.2025 15:54:41.302 UTC,1.39449,1.39436,0.0012,0.00285
28.10.2025 15:54:41.769 UTC,1.39449,1.39436,0.0012,0.0024
28.10.2025 15:54:42.279 UTC,1.39449,1.39438,0.00234,0.00135
28.10.2025 15:54:42.383 UTC,1.39448,1.39438,0.0012,0.00135
28.10.2025 15:54:42.485 UTC,1.3945,1.39438,0.0018,0.0018
28.10.2025 15:54:42.588 UTC,1.3945,1.3944,0.00225,0.00135
28.10.2025 15:54:42.793 UTC,1.39449,1.39439,0.0012,0.00195
28.10.2025 15:54:43.254 UTC,1.3945,1.39438,0.00144,0.00135
28.10.2025 15:54:43.358 UTC,1.39451,1.3944,0.0012,0.00135
28.10.2025 15:54:43.460 UTC,1.39451,1.3944,0.0012,0.0012
28.10.2025 15:54:43.564 UTC,1.39454,1.39443,0.0012,0.0012
28.10.2025 15:54:43.971 UTC,1.39453,1.39442,0.0012,0.0018
28.10.2025 15:54:46.140 UTC,1.39452,1.39439,0.0012,0.00192
28.10.2025 15:54:46.243 UTC,1.39451,1.39438,0.0012,0.00387
28.10.2025 15:54:46.800 UTC,1.39451,1.39439,0.0012,0.00132
28.10.2025 15:54:47.357 UTC,1.3945,1.39437,0.0027,0.00342
28.10.2025 15:54:47.462 UTC,1.39447,1.39437,0.0012,0.00249
28.10.2025 15:54:48.342 UTC,1.39446,1.39436,0.00282,0.0018
28.10.2025 15:54:48.445 UTC,1.39447,1.39435,0.00279,0.0012
28.10.2025 15:54:49.717 UTC,1.39447,1.39434,0.00315,0.00144
28.10.2025 15:54:50.023 UTC,1.39447,1.39435,0.0027,0.00135
28.10.2025 15:54:50.682 UTC,1.39448,1.39435,0.00315,0.00135
28.10.2025 15:54:50.735 UTC,1.39448,1.39436,0.0018,0.0018
28.10.2025 15:54:50.889 UTC,1.39449,1.39436,0.0027,0.00294
28.10.2025 15:54:50.995 UTC,1.39449,1.39439,0.0012,0.0012
28.10.2025 15:54:51.098 UTC,1.39452,1.39439,0.0012,0.0018
28.10.2025 15:54:51.202 UTC,1.39451,1.39438,0.0027,0.0024
28.10.2025 15:54:51.254 UTC,1.39451,1.39439,0.00135,0.00135
28.10.2025 15:54:51.359 UTC,1.39452,1.3944,0.0012,0.00294
28.10.2025 15:54:51.512 UTC,1.39453,1.3944,0.0012,0.00384
28.10.2025 15:54:52.723 UTC,1.39454,1.39442,0.0012,0.00135
28.10.2025 15:54:53.228 UTC,1.39453,1.39444,0.0012,0.0012
28.10.2025 15:54:53.938 UTC,1.39452,1.39442,0.00225,0.0018
28.10.2025 15:54:54.043 UTC,1.39449,1.3944,0.00132,0.0012
28.10.2025 15:54:54.095 UTC,1.39449,1.39437,0.0012,0.0024
28.10.2025 15:54:54.199 UTC,1.39449,1.39438,0.00189,0.0018
28.10.2025 15:54:55.579 UTC,1.39452,1.39439,0.0018,0.0018
28.10.2025 15:54:55.682 UTC,1.39452,1.39439,0.0018,0.00285
28.10.2025 15:54:58.759 UTC,1.39452,1.39442,0.0012,0.0012
28.10.2025 15:54:58.861 UTC,1.39451,1.39441,0.0012,0.00195
28.10.2025 15:55:00.067 UTC,1.39453,1.3944,0.00234,0.00285
28.10.2025 15:55:00.172 UTC,1.39449,1.39438,0.0012,0.0012
28.10.2025 15:55:00.224 UTC,1.39448,1.39436,0.0018,0.00135
28.10.2025 15:55:00.328 UTC,1.39447,1.39435,0.0012,0.0018
28.10.2025 15:55:00.589 UTC,1.39443,1.3943,0.0012,0.0033
28.10.2025 15:55:00.641 UTC,1.39441,1.39428,0.0012,0.00474
28.10.2025 15:55:00.744 UTC,1.39441,1.3943,0.0018,0.0018
28.10.2025 15:55:00.848 UTC,1.39441,1.39429,0.0012,0.0012
28.10.2025 15:55:04.144 UTC,1.39442,1.3943,0.0012,0.0012
28.10.2025 15:55:05.954 UTC,1.39444,1.39431,0.0027,0.00132
28.10.2025 15:55:06.007 UTC,1.39442,1.3943,0.0012,0.0012
28.10.2025 15:55:06.162 UTC,1.39441,1.39431,0.0012,0.0012
28.10.2025 15:55:09.715 UTC,1.39442,1.39432,0.0012,0.0012
28.10.2025 15:55:09.817 UTC,1.39443,1.39431,0.0018,0.0012
28.10.2025 15:55:09.920 UTC,1.39443,1.39431,0.0027,0.0012
28.10.2025 15:55:10.074 UTC,1.39442,1.39429,0.0012,0.00294
28.10.2025 15:55:10.127 UTC,1.39445,1.39432,0.00135,0.00135
28.10.2025 15:55:10.230 UTC,1.39445,1.39432,0.00135,0.00195
28.10.2025 15:55:12.003 UTC,1.39446,1.39434,0.0018,0.00135
28.10.2025 15:55:12.106 UTC,1.39446,1.39434,0.0012,0.00384
28.10.2025 15:55:12.208 UTC,1.39447,1.39434,0.0012,0.00384
28.10.2025 15:55:14.783 UTC,1.39448,1.39436,0.0012,0.00204
28.10.2025 15:55:14.887 UTC,1.39449,1.39437,0.0012,0.00192
28.10.2025 15:55:14.991 UTC,1.3945,1.39436,0.0018,0.00474
28.10.2025 15:55:15.093 UTC,1.3945,1.39436,0.0018,0.00387
28.10.2025 15:55:16.221 UTC,1.39449,1.39438,0.0018,0.0012
28.10.2025 15:55:17.183 UTC,1.39448,1.39438,0.0012,0.0012
28.10.2025 15:55:17.285 UTC,1.3945,1.39437,0.00315,0.0012
28.10.2025 15:55:17.794 UTC,1.39448,1.39435,0.0018,0.00294
28.10.2025 15:55:17.897 UTC,1.39446,1.39436,0.0012,0.0018
28.10.2025 15:55:17.949 UTC,1.39447,1.39435,0.0012,0.00135
28.10.2025 15:55:18.360 UTC,1.39445,1.39436,0.0012,0.00135
28.10.2025 15:55:18.970 UTC,1.39446,1.39436,0.00315,0.00135
28.10.2025 15:55:19.530 UTC,1.39448,1.39435,0.00405,0.0018
28.10.2025 15:55:19.889 UTC,1.39448,1.39435,0.0018,0.00285
28.10.2025 15:55:19.991 UTC,1.39447,1.39436,0.00135,0.0027
28.10.2025 15:55:20.146 UTC,1.39447,1.39435,0.0012,0.0027
28.10.2025 15:55:22.182 UTC,1.39446,1.39434,0.00225,0.0018
28.10.2025 15:55:22.286 UTC,1.39446,1.39435,0.00459,0.0012
28.10.2025 15:55:22.390 UTC,1.39447,1.39434,0.00459,0.0012
28.10.2025 15:55:23.602 UTC,1.39445,1.39435,0.0012,0.00195
28.10.2025 15:55:23.804 UTC,1.39447,1.39434,0.00414,0.00195
28.10.2025 15:55:24.107 UTC,1.39444,1.39432,0.00135,0.0018
28.10.2025 15:55:24.210 UTC,1.39443,1.39432,0.00225,0.0042
28.10.2025 15:55:24.364 UTC,1.39444,1.39434,0.00225,0.0012
28.10.2025 15:55:24.468 UTC,1.39444,1.39434,0.0018,0.0012
28.10.2025 15:55:24.571 UTC,1.39445,1.39432,0.00459,0.0018
28.10.2025 15:55:25.077 UTC,1.39444,1.39432,0.0012,0.00135
28.10.2025 15:55:25.533 UTC,1.39445,1.39432,0.00459,0.0027
28.10.2025 15:55:26.042 UTC,1.39444,1.39433,0.00369,0.00375
28.10.2025 15:55:28.157 UTC,1.39445,1.39432,0.00234,0.0018
28.10.2025 15:55:28.208 UTC,1.39445,1.39434,0.00189,0.0012
28.10.2025 15:55:28.312 UTC,1.39443,1.39431,0.0012,0.00285
28.10.2025 15:55:28.457 UTC,1.39444,1.39432,0.0012,0.0018
28.10.2025 15:55:28.561 UTC,1.39445,1.39433,0.00414,0.0012
28.10.2025 15:55:31.740 UTC,1.39444,1.39433,0.0012,0.00135
28.10.2025 15:55:31.893 UTC,1.39444,1.39434,0.00279,0.0012
28.10.2025 15:55:32.148 UTC,1.39445,1.39431,0.00327,0.00465
28.10.2025 15:55:32.251 UTC,1.39443,1.39431,0.00234,0.0033
28.10.2025 15:55:32.554 UTC,1.39444,1.39431,0.00234,0.00375
28.10.2025 15:55:32.657 UTC,1.39442,1.39433,0.00189,0.00135
28.10.2025 15:55:33.715 UTC,1.39444,1.39431,0.00189,0.00465
28.10.2025 15:55:33.818 UTC,1.39445,1.39433,0.0012,0.00225
28.10.2025 15:55:33.921 UTC,1.39445,1.39432,0.00279,0.00375
28.10.2025 15:55:34.379 UTC,1.39444,1.39431,0.0027,0.00285
28.10.2025 15:55:34.482 UTC,1.39444,1.39431,0.00369,0.00285
28.10.2025 15:55:34.584 UTC,1.39443,1.39432,0.00519,0.0024
28.10.2025 15:55:34.737 UTC,1.39444,1.39431,0.00594,0.00285
28.10.2025 15:55:35.089 UTC,1.39444,1.39431,0.00609,0.0024
28.10.2025 15:55:35.193 UTC,1.39444,1.39432,0.0012,0.0012
28.10.2025 15:55:35.295 UTC,1.39444,1.39432,0.00279,0.0012
28.10.2025 15:55:38.643 UTC,1.39442,1.39431,0.00189,0.0012
28.10.2025 15:55:38.695 UTC,1.39441,1.39428,0.00189,0.0018
28.10.2025 15:55:38.748 UTC,1.39441,1.39428,0.00414,0.0024
28.10.2025 15:55:38.902 UTC,1.3944,1.39429,0.00594,0.0018
28.10.2025 15:55:39.057 UTC,1.39439,1.39428,0.0012,0.0033
28.10.2025 15:55:39.259 UTC,1.39441,1.39427,0.00594,0.00375
28.10.2025 15:55:39.563 UTC,1.39441,1.39427,0.00609,0.00375
28.10.2025 15:55:40.120 UTC,1.3944,1.39426,0.00237,0.00285
28.10.2025 15:55:40.223 UTC,1.39439,1.39427,0.00327,0.00285
28.10.2025 15:55:40.326 UTC,1.39438,1.39426,0.00189,0.0024
28.10.2025 15:55:40.378 UTC,1.3944,1.39427,0.00279,0.0018
28.10.2025 15:55:40.431 UTC,1.39442,1.3943,0.00144,0.0012
28.10.2025 15:55:40.535 UTC,1.39443,1.3943,0.00144,0.0024
28.10.2025 15:55:42.061 UTC,1.39443,1.3943,0.00237,0.0018
28.10.2025 15:55:43.875 UTC,1.39443,1.3943,0.0012,0.00285
28.10.2025 15:55:44.639 UTC,1.39444,1.39431,0.00324,0.00285
28.10.2025 15:55:45.046 UTC,1.39443,1.39431,0.00189,0.00285
28.10.2025 15:55:45.150 UTC,1.39441,1.39431,0.00504,0.0018
28.10.2025 15:55:45.201 UTC,1.3944,1.39431,0.00189,0.00135
28.10.2025 15:55:45.305 UTC,1.39442,1.39428,0.00414,0.00465
28.10.2025 15:55:45.659 UTC,1.3944,1.39429,0.00189,0.00375
28.10.2025 15:55:45.762 UTC,1.3944,1.39428,0.00189,0.00375
28.10.2025 15:55:46.724 UTC,1.3944,1.39429,0.00234,0.00465
28.10.2025 15:55:46.979 UTC,1.39441,1.39429,0.00324,0.0018
28.10.2025 15:55:47.235 UTC,1.3944,1.3943,0.00144,0.00135
28.10.2025 15:55:47.589 UTC,1.3944,1.39428,0.00369,0.0033
28.10.2025 15:55:49.062 UTC,1.3944,1.39429,0.00132,0.00195
28.10.2025 15:55:49.114 UTC,1.39434,1.39427,0.0012,0.0012
28.10.2025 15:55:50.584 UTC,1.39433,1.39427,0.00369,0.0012
28.10.2025 15:55:52.364 UTC,1.39433,1.39421,0.00279,0.0018
28.10.2025 15:55:52.718 UTC,1.39433,1.39421,0.00189,0.00135
28.10.2025 15:55:53.071 UTC,1.39433,1.3942,0.00132,0.0033
28.10.2025 15:55:53.123 UTC,1.3943,1.3942,0.00132,0.00135
28.10.2025 15:55:53.227 UTC,1.39429,1.3942,0.00189,0.0012
28.10.2025 15:55:53.329 UTC,1.39429,1.39419,0.00189,0.00225
28.10.2025 15:55:53.585 UTC,1.3943,1.39419,0.00279,0.0018
28.10.2025 15:55:53.687 UTC,1.39431,1.39419,0.0012,0.0018
28.10.2025 15:55:54.045 UTC,1.3943,1.3942,0.00282,0.00225
28.10.2025 15:55:55.101 UTC,1.39428,1.39419,0.00279,0.00225
28.10.2025 15:55:55.206 UTC,1.39426,1.3942,0.0012,0.0018
28.10.2025 15:55:55.361 UTC,1.39428,1.39419,0.0012,0.0018
28.10.2025 15:55:55.465 UTC,1.39429,1.39419,0.00132,0.00225
28.10.2025 15:55:55.569 UTC,1.3943,1.39419,0.00189,0.00225
28.10.2025 15:55:56.130 UTC,1.39429,1.39419,0.00135,0.0018
28.10.2025 15:55:56.437 UTC,1.3943,1.39419,0.00189,0.0018
28.10.2025 15:55:56.540 UTC,1.39428,1.3942,0.00279,0.0018
28.10.2025 15:55:57.098 UTC,1.39426,1.39416,0.00282,0.00195
28.10.2025 15:55:57.202 UTC,1.39425,1.39416,0.00279,0.0018
28.10.2025 15:55:57.813 UTC,1.39425,1.3942,0.0012,0.0018
28.10.2025 15:55:57.917 UTC,1.39426,1.39416,0.00279,0.00135
28.10.2025 15:55:58.020 UTC,1.39425,1.39413,0.00189,0.0033
28.10.2025 15:55:59.000 UTC,1.39426,1.39414,0.0018,0.0012
28.10.2025 15:55:59.052 UTC,1.39426,1.39419,0.0012,0.0018
28.10.2025 15:55:59.104 UTC,1.39428,1.39419,0.00144,0.0018
28.10.2025 15:55:59.209 UTC,1.39426,1.39414,0.0018,0.0018
28.10.2025 15:55:59.260 UTC,1.39425,1.39414,0.00189,0.0018
28.10.2025 15:55:59.414 UTC,1.39427,1.39419,0.00519,0.0018
28.10.2025 15:55:59.466 UTC,1.39425,1.39414,0.00189,0.0024
28.10.2025 15:55:59.977 UTC,1.39427,1.3942,0.00153,0.0018
28.10.2025 15:56:00.132 UTC,1.39429,1.39419,0.0012,0.0018
28.10.2025 15:56:00.439 UTC,1.39431,1.39419,0.00504,0.0018
28.10.2025 15:56:00.592 UTC,1.3943,1.39419,0.00189,0.0018
28.10.2025 15:56:00.845 UTC,1.39427,1.3942,0.0012,0.0018
28.10.2025 15:56:00.998 UTC,1.3943,1.39419,0.00339,0.0018
28.10.2025 15:56:01.102 UTC,1.39427,1.39419,0.00189,0.0018
28.10.2025 15:56:02.070 UTC,1.39427,1.39415,0.00189,0.0024
28.10.2025 15:56:03.083 UTC,1.39425,1.39416,0.00279,0.0018
28.10.2025 15:56:03.238 UTC,1.39426,1.39414,0.00369,0.00135
28.10.2025 15:56:03.646 UTC,1.39425,1.39414,0.00189,0.00135
28.10.2025 15:56:03.954 UTC,1.39425,1.39414,0.00279,0.00375
28.10.2025 15:56:04.058 UTC,1.39425,1.39416,0.00189,0.00135
28.10.2025 15:56:07.222 UTC,1.39422,1.39414,0.00369,0.0012
28.10.2025 15:56:07.275 UTC,1.39422,1.39411,0.00369,0.0012
28.10.2025 15:56:07.378 UTC,1.39423,1.3941,0.00369,0.0024
28.10.2025 15:56:08.138 UTC,1.39421,1.39411,0.00189,0.0024
28.10.2025 15:56:09.103 UTC,1.3942,1.3941,0.0012,0.0024
28.10.2025 15:56:09.256 UTC,1.39421,1.39411,0.00189,0.0018
28.10.2025 15:56:09.764 UTC,1.39421,1.3941,0.0012,0.0018
28.10.2025 15:56:09.966 UTC,1.39421,1.39411,0.00132,0.00195
28.10.2025 15:56:10.473 UTC,1.39423,1.3941,0.00234,0.00195
28.10.2025 15:56:10.728 UTC,1.39423,1.39412,0.00135,0.00375
28.10.2025 15:56:10.833 UTC,1.39426,1.39413,0.00144,0.0018
28.10.2025 15:56:10.884 UTC,1.39426,1.39413,0.00132,0.0024
28.10.2025 15:56:11.855 UTC,1.39428,1.39415,0.00381,0.0018
28.10.2025 15:56:11.907 UTC,1.39428,1.39415,0.00189,0.0018
28.10.2025 15:56:12.061 UTC,1.39427,1.39415,0.00333,0.0018
28.10.2025 15:56:12.114 UTC,1.39425,1.39415,0.00189,0.0018
28.10.2025 15:56:12.216 UTC,1.39425,1.39415,0.00189,0.0012
28.10.2025 15:56:12.371 UTC,1.39426,1.39416,0.00324,0.0012
28.10.2025 15:56:12.679 UTC,1.39423,1.39415,0.00189,0.0018
28.10.2025 15:56:12.732 UTC,1.39423,1.39414,0.00234,0.0012
28.10.2025 15:56:12.835 UTC,1.39423,1.39413,0.0012,0.0012
28.10.2025 15:56:14.110 UTC,1.39422,1.39411,0.0012,0.0018
28.10.2025 15:56:14.214 UTC,1.39421,1.3941,0.00189,0.00135
28.10.2025 15:56:14.318 UTC,1.39422,1.3941,0.0012,0.0024
28.10.2025 15:56:14.370 UTC,1.39419,1.3941,0.00189,0.0024
28.10.2025 15:56:14.577 UTC,1.39421,1.39411,0.00279,0.0012
28.10.2025 15:56:14.681 UTC,1.39422,1.39411,0.00324,0.0012
28.10.2025 15:56:14.989 UTC,1.39422,1.39412,0.00234,0.00135
28.10.2025 15:56:15.092 UTC,1.39422,1.39411,0.00189,0.00135
28.10.2025 15:56:16.105 UTC,1.39421,1.39409,0.0012,0.0024
28.10.2025 15:56:16.966 UTC,1.3942,1.39409,0.00279,0.0018
28.10.2025 15:56:17.019 UTC,1.39417,1.39409,0.0012,0.0024
28.10.2025 15:56:17.128 UTC,1.39417,1.39408,0.00189,0.0012
28.10.2025 15:56:17.179 UTC,1.39417,1.39406,0.00189,0.00135
28.10.2025 15:56:17.384 UTC,1.39416,1.39407,0.00189,0.0018
28.10.2025 15:56:17.791 UTC,1.39419,1.39406,0.00198,0.0018
28.10.2025 15:56:17.895 UTC,1.39419,1.39407,0.00189,0.0018
28.10.2025 15:56:18.099 UTC,1.39417,1.39407,0.00189,0.0012
28.10.2025 15:56:18.859 UTC,1.39416,1.39406,0.00279,0.0018
28.10.2025 15:56:18.965 UTC,1.39414,1.39405,0.00189,0.0012
28.10.2025 15:56:19.069 UTC,1.39412,1.39401,0.00279,0.0027
28.10.2025 15:56:19.172 UTC,1.39413,1.39401,0.00279,0.00225
28.10.2025 15:56:19.276 UTC,1.39413,1.39402,0.00279,0.0012
28.10.2025 15:56:19.328 UTC,1.39411,1.394,0.00189,0.0024
28.10.2025 15:56:19.432 UTC,1.39411,1.394,0.00279,0.00135
28.10.2025 15:56:19.586 UTC,1.39409,1.394,0.00279,0.0018
28.10.2025 15:56:19.844 UTC,1.39412,1.394,0.00333,0.00135
28.10.2025 15:56:20.353 UTC,1.39411,1.394,0.00189,0.00135
28.10.2025 15:56:20.763 UTC,1.39411,1.39399,0.00339,0.0018
28.10.2025 15:56:21.067 UTC,1.39412,1.39403,0.0027,0.0012
28.10.2025 15:56:21.171 UTC,1.39414,1.39404,0.00144,0.00135
28.10.2025 15:56:21.376 UTC,1.39413,1.39401,0.00159,0.0018
28.10.2025 15:56:21.481 UTC,1.39412,1.394,0.00264,0.00135
28.10.2025 15:56:22.652 UTC,1.39411,1.39399,0.0012,0.0018
28.10.2025 15:56:22.755 UTC,1.39411,1.39399,0.00147,0.0018
28.10.2025 15:56:24.121 UTC,1.39409,1.39398,0.0012,0.0024
28.10.2025 15:56:25.839 UTC,1.39409,1.39399,0.00324,0.0024
28.10.2025 15:56:25.942 UTC,1.39409,1.39399,0.00189,0.00135
28.10.2025 15:56:26.045 UTC,1.39409,1.39399,0.00189,0.0018
28.10.2025 15:56:26.354 UTC,1.3941,1.39399,0.00324,0.0018
28.10.2025 15:56:26.713 UTC,1.39409,1.39399,0.00189,0.0018
28.10.2025 15:56:26.869 UTC,1.39407,1.39399,0.00189,0.0012
28.10.2025 15:56:27.081 UTC,1.39409,1.39398,0.00414,0.0012
28.10.2025 15:56:27.342 UTC,1.39408,1.39398,0.00144,0.00135
28.10.2025 15:56:27.904 UTC,1.39409,1.39397,0.00147,0.00135
28.10.2025 15:56:28.007 UTC,1.39408,1.39397,0.00147,0.0012
28.10.2025 15:56:28.516 UTC,1.39405,1.39397,0.00132,0.0012
28.10.2025 15:56:28.619 UTC,1.39407,1.39397,0.00192,0.0012
28.10.2025 15:56:28.773 UTC,1.39407,1.39398,0.00192,0.0012
28.10.2025 15:56:28.926 UTC,1.39408,1.39397,0.0012,0.0012
28.10.2025 15:56:29.028 UTC,1.39408,1.39398,0.0018,0.00225
28.10.2025 15:56:29.131 UTC,1.39409,1.39397,0.0018,0.0033
28.10.2025 15:56:29.639 UTC,1.3941,1.39397,0.00324,0.0024
28.10.2025 15:56:29.944 UTC,1.39405,1.39397,0.0012,0.0024
28.10.2025 15:56:30.046 UTC,1.39407,1.39396,0.0012,0.00225
28.10.2025 15:56:34.454 UTC,1.39407,1.39396,0.00132,0.00135
28.10.2025 15:56:37.431 UTC,1.39405,1.39393,0.00147,0.00375
28.10.2025 15:56:37.535 UTC,1.39402,1.39393,0.00132,0.00225
28.10.2025 15:56:37.638 UTC,1.39403,1.39393,0.00192,0.00135
28.10.2025 15:56:37.742 UTC,1.39404,1.39393,0.00417,0.00135
28.10.2025 15:56:37.794 UTC,1.39403,1.39393,0.00132,0.0018
28.10.2025 15:56:38.156 UTC,1.39403,1.39394,0.00135,0.00135
28.10.2025 15:56:38.259 UTC,1.39405,1.39393,0.00132,0.00225
28.10.2025 15:56:39.067 UTC,1.39403,1.39394,0.0012,0.0027
28.10.2025 15:56:39.170 UTC,1.39404,1.39394,0.00153,0.00225
28.10.2025 15:56:39.272 UTC,1.39404,1.39393,0.0012,0.00225
28.10.2025 15:56:39.979 UTC,1.39405,1.39393,0.00189,0.00225
28.10.2025 15:56:40.081 UTC,1.39406,1.39393,0.00234,0.0036
28.10.2025 15:56:40.185 UTC,1.39405,1.39395,0.00189,0.00135
28.10.2025 15:56:41.204 UTC,1.39405,1.39394,0.00144,0.0036
28.10.2025 15:56:41.358 UTC,1.39406,1.39394,0.00144,0.0012
28.10.2025 15:56:41.768 UTC,1.39404,1.39394,0.00249,0.00195
28.10.2025 15:56:41.872 UTC,1.39406,1.39393,0.00342,0.00285
28.10.2025 15:56:42.499 UTC,1.39404,1.39393,0.0012,0.00285
28.10.2025 15:56:42.601 UTC,1.39404,1.39393,0.0012,0.0027
28.10.2025 15:56:42.753 UTC,1.39404,1.39393,0.0012,0.00285
28.10.2025 15:56:42.856 UTC,1.39405,1.39395,0.00339,0.0012
28.10.2025 15:56:43.012 UTC,1.39404,1.39393,0.0012,0.00285
28.10.2025 15:56:43.115 UTC,1.39404,1.39393,0.00132,0.0018
28.10.2025 15:56:43.417 UTC,1.39405,1.39393,0.00147,0.00135
28.10.2025 15:56:44.125 UTC,1.39405,1.39393,0.00192,0.0018
28.10.2025 15:56:44.782 UTC,1.39404,1.39393,0.00144,0.00135
28.10.2025 15:56:44.986 UTC,1.39402,1.39391,0.00144,0.0033
28.10.2025 15:56:45.089 UTC,1.39403,1.39391,0.00132,0.0024
28.10.2025 15:56:45.694 UTC,1.39401,1.39391,0.00372,0.00465
28.10.2025 15:56:45.798 UTC,1.39399,1.39391,0.0018,0.0018
28.10.2025 15:56:45.902 UTC,1.394,1.3939,0.00282,0.0012
28.10.2025 15:56:46.107 UTC,1.39398,1.3939,0.00132,0.0012
28.10.2025 15:56:46.314 UTC,1.39397,1.39385,0.00132,0.00225
28.10.2025 15:56:46.823 UTC,1.39396,1.39386,0.00132,0.00225
28.10.2025 15:56:46.926 UTC,1.39398,1.3939,0.00225,0.0012
28.10.2025 15:56:48.196 UTC,1.39402,1.3939,0.0018,0.0012
28.10.2025 15:56:48.299 UTC,1.39402,1.3939,0.0012,0.0024
28.10.2025 15:56:48.402 UTC,1.39401,1.3939,0.0012,0.0024
28.10.2025 15:56:48.505 UTC,1.394,1.39391,0.0018,0.0024
28.10.2025 15:56:48.610 UTC,1.394,1.3939,0.0018,0.0012
28.10.2025 15:56:49.118 UTC,1.39399,1.3939,0.0012,0.0012
28.10.2025 15:56:49.272 UTC,1.39402,1.3939,0.00189,0.0012
28.10.2025 15:56:49.324 UTC,1.39401,1.3939,0.00192,0.0024
28.10.2025 15:56:49.428 UTC,1.39398,1.39391,0.0012,0.0012
28.10.2025 15:56:49.531 UTC,1.394,1.3939,0.00324,0.0012
28.10.2025 15:56:49.740 UTC,1.39399,1.3939,0.0012,0.0012
28.10.2025 15:56:49.997 UTC,1.39397,1.39391,0.0012,0.0012
28.10.2025 15:56:50.461 UTC,1.39397,1.3939,0.0012,0.0012
28.10.2025 15:56:50.517 UTC,1.39398,1.39391,0.00132,0.0012
28.10.2025 15:56:50.569 UTC,1.39396,1.39386,0.00132,0.0042
28.10.2025 15:56:50.675 UTC,1.39398,1.39391,0.00234,0.0012
28.10.2025 15:56:51.084 UTC,1.39397,1.39391,0.00315,0.0012
28.10.2025 15:56:51.136 UTC,1.39397,1.39386,0.0012,0.0012
28.10.2025 15:56:51.239 UTC,1.39397,1.39385,0.00132,0.00225
28.10.2025 15:56:51.290 UTC,1.39398,1.3939,0.00234,0.0012
28.10.2025 15:56:52.003 UTC,1.39398,1.39391,0.00234,0.0012
28.10.2025 15:56:52.106 UTC,1.39398,1.3939,0.0012,0.0012
28.10.2025 15:56:52.714 UTC,1.39399,1.3939,0.00189,0.0012
28.10.2025 15:56:53.071 UTC,1.39398,1.3939,0.0018,0.0012
28.10.2025 15:56:53.123 UTC,1.39397,1.39385,0.0012,0.0033
28.10.2025 15:56:54.089 UTC,1.39397,1.39385,0.0018,0.00225
28.10.2025 15:56:54.292 UTC,1.39395,1.39386,0.00189,0.00225
28.10.2025 15:56:54.394 UTC,1.39395,1.39385,0.0012,0.00225
28.10.2025 15:56:54.496 UTC,1.39396,1.39385,0.00189,0.00225
28.10.2025 15:56:54.751 UTC,1.39394,1.39386,0.00192,0.00135
28.10.2025 15:56:55.058 UTC,1.39398,1.3939,0.0018,0.0012
28.10.2025 15:56:55.266 UTC,1.39398,1.39391,0.00279,0.0012
28.10.2025 15:56:55.572 UTC,1.39398,1.3939,0.00324,0.0012
28.10.2025 15:56:55.675 UTC,1.39397,1.39386,0.00132,0.0018
28.10.2025 15:56:55.779 UTC,1.39396,1.39386,0.00132,0.00195
28.10.2025 15:56:56.034 UTC,1.39397,1.39385,0.00132,0.0027
28.10.2025 15:56:56.341 UTC,1.39396,1.39385,0.0012,0.00135
28.10.2025 15:56:56.494 UTC,1.39397,1.39385,0.00144,0.00135
28.10.2025 15:56:57.054 UTC,1.39396,1.39385,0.00189,0.00135
28.10.2025 15:56:57.205 UTC,1.39395,1.39384,0.0012,0.0024
28.10.2025 15:56:57.308 UTC,1.39395,1.39385,0.00189,0.00225
28.10.2025 15:56:57.513 UTC,1.39396,1.39384,0.0012,0.0018
28.10.2025 15:56:57.716 UTC,1.39397,1.39384,0.00414,0.00195
28.10.2025 15:56:58.531 UTC,1.39395,1.39385,0.0012,0.0018
28.10.2025 15:56:58.736 UTC,1.39397,1.39384,0.00414,0.0024
28.10.2025 15:56:58.838 UTC,1.39396,1.39384,0.00189,0.00135
28.10.2025 15:56:58.993 UTC,1.39396,1.39384,0.00279,0.00285
28.10.2025 15:56:59.096 UTC,1.39395,1.39384,0.0012,0.0018
28.10.2025 15:56:59.199 UTC,1.39396,1.39384,0.00414,0.00225
28.10.2025 15:56:59.456 UTC,1.39396,1.39384,0.00279,0.0018
28.10.2025 15:57:00.887 UTC,1.39399,1.39387,0.00279,0.0018
28.10.2025 15:57:00.939 UTC,1.39403,1.39392,0.00465,0.0012
28.10.2025 15:57:00.991 UTC,1.39402,1.39393,0.00225,0.00135
28.10.2025 15:57:01.095 UTC,1.39403,1.39393,0.0012,0.0012
28.10.2025 15:57:01.198 UTC,1.39405,1.39393,0.00372,0.0012
28.10.2025 15:57:01.450 UTC,1.39405,1.39393,0.00372,0.0018
28.10.2025 15:57:01.858 UTC,1.39404,1.39393,0.00162,0.00135
28.10.2025 15:57:02.820 UTC,1.39402,1.39394,0.0012,0.00135
28.10.2025 15:57:03.175 UTC,1.39404,1.39394,0.00218,0.00135
28.10.2025 15:57:06.499 UTC,1.39403,1.39393,0.0012,0.00135
28.10.2025 15:57:06.603 UTC,1.39405,1.39393,0.00353,0.00135
28.10.2025 15:57:08.431 UTC,1.39402,1.39394,0.00192,0.0012
28.10.2025 15:57:09.085 UTC,1.39402,1.39391,0.00192,0.0033
28.10.2025 15:57:09.193 UTC,1.39402,1.39391,0.00192,0.0036
28.10.2025 15:57:10.209 UTC,1.39399,1.39389,0.00282,0.00135
28.10.2025 15:57:10.262 UTC,1.39398,1.39386,0.00192,0.0018
28.10.2025 15:57:10.366 UTC,1.39396,1.39386,0.00132,0.0024
28.10.2025 15:57:10.876 UTC,1.39398,1.39385,0.00282,0.00285
28.10.2025 15:57:11.082 UTC,1.39397,1.39387,0.0012,0.0018
28.10.2025 15:57:11.186 UTC,1.394,1.39389,0.00279,0.0012
28.10.2025 15:57:11.290 UTC,1.39401,1.39389,0.00324,0.00135
28.10.2025 15:57:11.393 UTC,1.394,1.39389,0.0012,0.00135
28.10.2025 15:57:11.814 UTC,1.39398,1.39389,0.00189,0.0018
28.10.2025 15:57:11.923 UTC,1.39398,1.39387,0.0012,0.0018
28.10.2025 15:57:12.027 UTC,1.394,1.39388,0.00504,0.0018
28.10.2025 15:57:12.184 UTC,1.39399,1.3939,0.0012,0.00195
28.10.2025 15:57:12.289 UTC,1.39401,1.39389,0.00132,0.00195
28.10.2025 15:57:13.156 UTC,1.39399,1.39389,0.00279,0.0024
28.10.2025 15:57:13.259 UTC,1.39399,1.39388,0.00189,0.0018
28.10.2025 15:57:13.310 UTC,1.39398,1.39388,0.0012,0.00135
28.10.2025 15:57:13.413 UTC,1.39399,1.39388,0.00279,0.00135
28.10.2025 15:57:13.568 UTC,1.39397,1.39389,0.0012,0.00135
28.10.2025 15:57:13.673 UTC,1.39398,1.39386,0.00279,0.00195
28.10.2025 15:57:15.493 UTC,1.39399,1.39386,0.00279,0.0024
28.10.2025 15:57:15.803 UTC,1.394,1.39388,0.00279,0.0018
28.10.2025 15:57:15.906 UTC,1.39398,1.39388,0.0012,0.00195
28.10.2025 15:57:16.058 UTC,1.394,1.39387,0.00369,0.00195
28.10.2025 15:57:16.162 UTC,1.39399,1.39386,0.0018,0.00285
28.10.2025 15:57:17.073 UTC,1.39397,1.39387,0.00135,0.0024
28.10.2025 15:57:18.038 UTC,1.39397,1.39385,0.00369,0.00195
28.10.2025 15:57:18.141 UTC,1.39397,1.39384,0.00324,0.00285
28.10.2025 15:57:18.245 UTC,1.39395,1.39385,0.00189,0.0024
28.10.2025 15:57:18.907 UTC,1.39396,1.39387,0.00189,0.0012
28.10.2025 15:57:20.082 UTC,1.39394,1.39388,0.00189,0.0012
28.10.2025 15:57:20.850 UTC,1.39395,1.39386,0.00189,0.0012
28.10.2025 15:57:21.155 UTC,1.39394,1.39385,0.00279,0.0012
28.10.2025 15:57:21.411 UTC,1.39394,1.39386,0.00279,0.0012
28.10.2025 15:57:22.380 UTC,1.39392,1.39382,0.0012,0.00195
28.10.2025 15:57:22.432 UTC,1.39395,1.39383,0.00279,0.0027
28.10.2025 15:57:22.536 UTC,1.39394,1.39385,0.00279,0.00135
28.10.2025 15:57:22.691 UTC,1.39395,1.39386,0.00279,0.0012
28.10.2025 15:57:22.897 UTC,1.39393,1.39387,0.0012,0.0012
28.10.2025 15:57:22.949 UTC,1.39394,1.39384,0.0012,0.00135
28.10.2025 15:57:23.001 UTC,1.39392,1.39382,0.0012,0.0012
28.10.2025 15:57:23.053 UTC,1.39393,1.39383,0.00414,0.0012
28.10.2025 15:57:23.157 UTC,1.39393,1.39382,0.00189,0.0018
28.10.2025 15:57:23.260 UTC,1.39394,1.39382,0.00225,0.00135
28.10.2025 15:57:23.413 UTC,1.39391,1.39383,0.0012,0.00135
28.10.2025 15:57:23.670 UTC,1.39393,1.39382,0.00135,0.0018
28.10.2025 15:57:23.823 UTC,1.39394,1.39382,0.00144,0.0018
28.10.2025 15:57:23.977 UTC,1.39394,1.39383,0.00324,0.00135
28.10.2025 15:57:24.078 UTC,1.39394,1.39383,0.00327,0.0012
28.10.2025 15:57:24.284 UTC,1.39392,1.39383,0.0012,0.0018
28.10.2025 15:57:24.387 UTC,1.39394,1.39384,0.00234,0.0018
28.10.2025 15:57:25.095 UTC,1.39394,1.39383,0.0012,0.0012
28.10.2025 15:57:25.199 UTC,1.39395,1.39384,0.00225,0.0012
28.10.2025 15:57:26.322 UTC,1.39392,1.39384,0.00234,0.0012
28.10.2025 15:57:26.427 UTC,1.39392,1.39383,0.0012,0.00135
28.10.2025 15:57:27.040 UTC,1.39394,1.39383,0.00135,0.0012
28.10.2025 15:57:27.145 UTC,1.39393,1.39382,0.0012,0.00135
28.10.2025 15:57:27.556 UTC,1.39391,1.39382,0.0012,0.00135
28.10.2025 15:57:27.659 UTC,1.39391,1.39383,0.0012,0.0012
28.10.2025 15:57:27.812 UTC,1.3939,1.39383,0.0012,0.0012
28.10.2025 15:57:27.916 UTC,1.39391,1.39381,0.0012,0.0012
28.10.2025 15:57:28.019 UTC,1.39389,1.39382,0.0012,0.0012
28.10.2025 15:57:28.122 UTC,1.3939,1.3938,0.0012,0.00135
28.10.2025 15:57:28.429 UTC,1.39392,1.39382,0.00135,0.0018
28.10.2025 15:57:28.532 UTC,1.39394,1.39383,0.00234,0.0012
28.10.2025 15:57:28.893 UTC,1.39393,1.39383,0.0012,0.0012
28.10.2025 15:57:29.046 UTC,1.39392,1.39383,0.0012,0.0012
28.10.2025 15:57:29.353 UTC,1.39393,1.39383,0.00225,0.0012
28.10.2025 15:57:29.558 UTC,1.39392,1.39383,0.0012,0.0012
28.10.2025 15:57:29.610 UTC,1.39391,1.39382,0.0012,0.00135
28.10.2025 15:57:30.120 UTC,1.3939,1.39382,0.0012,0.0012
28.10.2025 15:57:30.173 UTC,1.39389,1.39379,0.00132,0.0018
28.10.2025 15:57:30.276 UTC,1.39388,1.3938,0.0012,0.00135
28.10.2025 15:57:30.886 UTC,1.39392,1.39382,0.0018,0.0012
28.10.2025 15:57:30.989 UTC,1.39391,1.39384,0.0018,0.0027
28.10.2025 15:57:31.092 UTC,1.39394,1.39383,0.00132,0.00135
28.10.2025 15:57:31.297 UTC,1.39394,1.39383,0.0012,0.00135
28.10.2025 15:57:31.399 UTC,1.39396,1.39383,0.00315,0.0018
28.10.2025 15:57:31.553 UTC,1.39395,1.39385,0.0012,0.00135
28.10.2025 15:57:31.658 UTC,1.39397,1.39385,0.0018,0.00234
28.10.2025 15:57:31.763 UTC,1.39397,1.39385,0.0018,0.00285
28.10.2025 15:57:31.865 UTC,1.39395,1.39386,0.0012,0.00285
28.10.2025 15:57:32.020 UTC,1.39394,1.39385,0.0012,0.00135
28.10.2025 15:57:32.073 UTC,1.39396,1.39386,0.00135,0.00279
28.10.2025 15:57:32.125 UTC,1.39394,1.39385,0.00132,0.0012
28.10.2025 15:57:32.228 UTC,1.39394,1.39385,0.0012,0.0012
28.10.2025 15:57:32.383 UTC,1.39396,1.39386,0.0018,0.0012
28.10.2025 15:57:32.487 UTC,1.39397,1.39386,0.0027,0.00234
28.10.2025 15:57:32.595 UTC,1.39397,1.39385,0.0012,0.0012
28.10.2025 15:57:33.110 UTC,1.39395,1.39384,0.0012,0.00195
28.10.2025 15:57:33.216 UTC,1.39392,1.39383,0.0012,0.00135
28.10.2025 15:57:33.322 UTC,1.39391,1.39383,0.0012,0.00135
28.10.2025 15:57:33.373 UTC,1.39391,1.39381,0.0012,0.0012
28.10.2025 15:57:33.427 UTC,1.39391,1.39384,0.0012,0.0012
28.10.2025 15:57:33.530 UTC,1.39392,1.39381,0.0012,0.0012
28.10.2025 15:57:33.583 UTC,1.39394,1.39382,0.0012,0.00285
28.10.2025 15:57:33.636 UTC,1.39396,1.39383,0.0012,0.0018
28.10.2025 15:57:33.739 UTC,1.39396,1.39385,0.00279,0.00135
28.10.2025 15:57:33.893 UTC,1.39395,1.39384,0.0012,0.00135
28.10.2025 15:57:33.996 UTC,1.39396,1.39384,0.0012,0.00135
28.10.2025 15:57:34.099 UTC,1.39394,1.39384,0.00132,0.00285
28.10.2025 15:57:34.202 UTC,1.39395,1.39383,0.0012,0.0027
28.10.2025 15:57:34.457 UTC,1.39396,1.39383,0.00135,0.00135
28.10.2025 15:57:34.611 UTC,1.39394,1.39384,0.0012,0.0018
28.10.2025 15:57:35.017 UTC,1.39394,1.39383,0.0012,0.0018
28.10.2025 15:57:35.120 UTC,1.39394,1.39383,0.00132,0.0018
28.10.2025 15:57:35.325 UTC,1.39394,1.39384,0.00132,0.00195
28.10.2025 15:57:35.428 UTC,1.39396,1.39383,0.00234,0.00135
28.10.2025 15:57:35.531 UTC,1.39395,1.39384,0.00225,0.0024
28.10.2025 15:57:35.633 UTC,1.39394,1.39383,0.0012,0.00375
28.10.2025 15:57:35.736 UTC,1.39396,1.39383,0.00234,0.00195
28.10.2025 15:57:35.889 UTC,1.39394,1.39383,0.0012,0.00285
28.10.2025 15:57:35.993 UTC,1.39395,1.39384,0.0012,0.0012
28.10.2025 15:57:36.096 UTC,1.39395,1.39385,0.00144,0.00135
28.10.2025 15:57:36.199 UTC,1.39393,1.39385,0.0012,0.00135
28.10.2025 15:57:36.251 UTC,1.39396,1.39384,0.00225,0.00135
28.10.2025 15:57:36.354 UTC,1.39395,1.39384,0.0012,0.00135
28.10.2025 15:57:36.508 UTC,1.39396,1.39384,0.00234,0.00135
28.10.2025 15:57:36.623 UTC,1.39395,1.39384,0.0012,0.00135
28.10.2025 15:57:36.832 UTC,1.39396,1.39384,0.00135,0.00135
28.10.2025 15:57:36.986 UTC,1.39395,1.39384,0.0012,0.00135
28.10.2025 15:57:37.039 UTC,1.39395,1.39385,0.0012,0.00132
28.10.2025 15:57:37.154 UTC,1.39397,1.39387,0.0012,0.00327
28.10.2025 15:57:37.211 UTC,1.39399,1.39388,0.0012,0.00132
28.10.2025 15:57:37.264 UTC,1.39403,1.39393,0.0015,0.00144
28.10.2025 15:57:37.367 UTC,1.39403,1.39393,0.0012,0.00135
28.10.2025 15:57:37.470 UTC,1.39404,1.39392,0.0012,0.0018
28.10.2025 15:57:37.522 UTC,1.39401,1.39391,0.0012,0.0018
28.10.2025 15:57:37.626 UTC,1.39399,1.39387,0.0012,0.00249
28.10.2025 15:57:37.730 UTC,1.39398,1.39387,0.0018,0.00342
28.10.2025 15:57:37.884 UTC,1.39397,1.39387,0.0012,0.00252
28.10.2025 15:57:38.036 UTC,1.39399,1.39387,0.0012,0.00192
28.10.2025 15:57:38.140 UTC,1.39397,1.39385,0.0012,0.00192
28.10.2025 15:57:38.244 UTC,1.39399,1.39387,0.0018,0.0018
28.10.2025 15:57:38.654 UTC,1.39399,1.39387,0.0027,0.00195
28.10.2025 15:57:38.758 UTC,1.39398,1.39386,0.0012,0.00132
28.10.2025 15:57:38.913 UTC,1.39394,1.39385,0.0012,0.00297
28.10.2025 15:57:39.217 UTC,1.39399,1.39389,0.0018,0.0012
28.10.2025 15:57:39.320 UTC,1.39399,1.39389,0.0018,0.00195
28.10.2025 15:57:39.424 UTC,1.39399,1.39388,0.0018,0.0018
28.10.2025 15:57:39.939 UTC,1.39401,1.39389,0.0012,0.00204
28.10.2025 15:57:40.195 UTC,1.39398,1.3939,0.0012,0.00132
28.10.2025 15:57:42.076 UTC,1.39398,1.39388,0.0018,0.0012
28.10.2025 15:57:42.280 UTC,1.39398,1.39389,0.0012,0.0012
28.10.2025 15:57:42.388 UTC,1.39399,1.39389,0.0012,0.00135
28.10.2025 15:57:42.492 UTC,1.39398,1.39391,0.0012,0.0033
28.10.2025 15:57:42.594 UTC,1.39403,1.39391,0.00132,0.0012
28.10.2025 15:57:42.961 UTC,1.39402,1.39392,0.0012,0.0018
28.10.2025 15:57:43.064 UTC,1.39402,1.39392,0.0012,0.00132
28.10.2025 15:57:43.472 UTC,1.39402,1.39393,0.0018,0.0018
28.10.2025 15:57:43.576 UTC,1.394,1.39391,0.0018,0.0012
28.10.2025 15:57:43.680 UTC,1.39398,1.39387,0.0012,0.0012
28.10.2025 15:57:43.783 UTC,1.39398,1.39386,0.0018,0.0018
28.10.2025 15:57:44.494 UTC,1.39395,1.39386,0.0012,0.00192
28.10.2025 15:57:44.598 UTC,1.39399,1.39388,0.0012,0.0012
28.10.2025 15:57:44.650 UTC,1.39399,1.39388,0.0012,0.0024
28.10.2025 15:57:45.161 UTC,1.39399,1.39388,0.0012,0.00189
28.10.2025 15:57:45.415 UTC,1.39398,1.39389,0.0012,0.00207
28.10.2025 15:57:45.827 UTC,1.39398,1.39392,0.0012,0.00234
28.10.2025 15:57:46.034 UTC,1.39403,1.39391,0.0012,0.00225
28.10.2025 15:57:46.086 UTC,1.39401,1.3939,0.0018,0.0012
28.10.2025 15:57:46.190 UTC,1.39402,1.39389,0.00225,0.00135
28.10.2025 15:57:46.243 UTC,1.394,1.39388,0.0012,0.0024
28.10.2025 15:57:46.346 UTC,1.39399,1.39387,0.0012,0.00384
28.10.2025 15:57:46.449 UTC,1.39399,1.39387,0.0012,0.0024
28.10.2025 15:57:46.553 UTC,1.39396,1.39388,0.0012,0.00135
28.10.2025 15:57:46.909 UTC,1.39397,1.39385,0.0012,0.00192
28.10.2025 15:57:47.062 UTC,1.39396,1.39385,0.0012,0.0018
28.10.2025 15:57:47.368 UTC,1.39395,1.39385,0.0012,0.00192
28.10.2025 15:57:47.421 UTC,1.39398,1.39387,0.0018,0.0012
28.10.2025 15:57:47.525 UTC,1.39398,1.39389,0.0012,0.00135
28.10.2025 15:57:47.831 UTC,1.39398,1.39388,0.0012,0.00135
28.10.2025 15:57:48.134 UTC,1.394,1.39388,0.00135,0.00135
28.10.2025 15:57:48.337 UTC,1.39399,1.39388,0.0012,0.0018
28.10.2025 15:57:49.006 UTC,1.39398,1.39386,0.0012,0.00204
28.10.2025 15:57:49.111 UTC,1.394,1.3939,0.0012,0.00192
28.10.2025 15:57:49.215 UTC,1.39402,1.39389,0.00225,0.00249
28.10.2025 15:57:49.420 UTC,1.39402,1.39391,0.0018,0.00291
28.10.2025 15:57:49.524 UTC,1.39402,1.3939,0.0012,0.0018
28.10.2025 15:57:49.627 UTC,1.39403,1.3939,0.00225,0.00192
28.10.2025 15:57:49.730 UTC,1.39401,1.39391,0.0012,0.00192
28.10.2025 15:57:49.783 UTC,1.39404,1.39391,0.00348,0.0018
28.10.2025 15:57:49.886 UTC,1.39404,1.39392,0.00258,0.0012
28.10.2025 15:57:49.990 UTC,1.39403,1.39392,0.00303,0.00279
28.10.2025 15:57:50.093 UTC,1.39402,1.39393,0.0012,0.0027
28.10.2025 15:57:50.654 UTC,1.39401,1.39392,0.0012,0.00135
28.10.2025 15:57:50.758 UTC,1.39403,1.39391,0.00147,0.00225
28.10.2025 15:57:50.862 UTC,1.39403,1.39393,0.00168,0.00135
28.10.2025 15:57:50.966 UTC,1.39403,1.39393,0.00104,0.00195
28.10.2025 15:57:51.069 UTC,1.39403,1.39393,0.0018,0.0018
28.10.2025 15:57:51.171 UTC,1.39404,1.39392,0.00168,0.0018
28.10.2025 15:57:52.038 UTC,1.39402,1.39393,0.0012,0.0012
28.10.2025 15:57:52.142 UTC,1.39404,1.39392,0.00168,0.0012
28.10.2025 15:57:52.298 UTC,1.39402,1.39391,0.0012,0.00234
28.10.2025 15:57:52.401 UTC,1.39403,1.39391,0.0018,0.00249
28.10.2025 15:57:52.504 UTC,1.39403,1.3939,0.0012,0.00396
28.10.2025 15:57:52.607 UTC,1.39404,1.39391,0.00104,0.00144
28.10.2025 15:57:52.709 UTC,1.39404,1.39391,0.00123,0.00204
28.10.2025 15:57:53.474 UTC,1.39401,1.3939,0.0012,0.00168
28.10.2025 15:57:53.527 UTC,1.39404,1.39391,0.00348,0.00249
28.10.2025 15:57:53.629 UTC,1.39402,1.39393,0.0012,0.0012
28.10.2025 15:57:53.733 UTC,1.39402,1.39393,0.0012,0.00285
28.10.2025 15:57:53.836 UTC,1.39403,1.39392,0.0012,0.0027
28.10.2025 15:57:54.146 UTC,1.39404,1.39393,0.0018,0.0012
28.10.2025 15:57:54.200 UTC,1.39402,1.3939,0.00132,0.00375
28.10.2025 15:57:54.359 UTC,1.394,1.39391,0.0012,0.0018
28.10.2025 15:57:54.462 UTC,1.39401,1.39389,0.0012,0.0033
28.10.2025 15:57:54.870 UTC,1.394,1.39388,0.0012,0.00384
28.10.2025 15:57:55.128 UTC,1.39402,1.39389,0.0018,0.00342
28.10.2025 15:57:55.282 UTC,1.394,1.3939,0.0018,0.00192
28.10.2025 15:57:55.639 UTC,1.39399,1.39388,0.0012,0.00195
28.10.2025 15:57:55.741 UTC,1.39398,1.39388,0.0012,0.00375
28.10.2025 15:57:56.200 UTC,1.39398,1.39386,0.0012,0.00294
28.10.2025 15:57:56.304 UTC,1.39398,1.39388,0.0012,0.00387
28.10.2025 15:57:56.408 UTC,1.39401,1.39392,0.0012,0.0012
28.10.2025 15:57:56.615 UTC,1.394,1.39391,0.0012,0.00417
28.10.2025 15:57:56.719 UTC,1.39399,1.39391,0.0012,0.00324
28.10.2025 15:57:56.822 UTC,1.39404,1.39391,0.0012,0.00477
28.10.2025 15:57:56.926 UTC,1.39402,1.39392,0.00225,0.00192
28.10.2025 15:57:57.030 UTC,1.39403,1.39392,0.00258,0.00372
28.10.2025 15:57:57.134 UTC,1.39403,1.39391,0.00132,0.0012
28.10.2025 15:57:57.237 UTC,1.39403,1.39391,0.00132,0.0018
28.10.2025 15:57:57.339 UTC,1.39402,1.39392,0.00189,0.00285
28.10.2025 15:57:57.443 UTC,1.39404,1.39392,0.0027,0.0012
28.10.2025 15:57:57.596 UTC,1.39402,1.39392,0.00189,0.0012
28.10.2025 15:57:57.700 UTC,1.39402,1.39391,0.00147,0.0033
28.10.2025 15:57:58.317 UTC,1.394,1.39389,0.0012,0.00195
28.10.2025 15:57:58.420 UTC,1.394,1.39389,0.00132,0.0012
28.10.2025 15:57:58.930 UTC,1.39401,1.39388,0.0018,0.00339
28.10.2025 15:57:59.032 UTC,1.39398,1.39389,0.0012,0.0033
28.10.2025 15:57:59.136 UTC,1.39401,1.39389,0.00372,0.00135
28.10.2025 15:57:59.239 UTC,1.39399,1.39388,0.0012,0.0033
28.10.2025 15:57:59.342 UTC,1.39399,1.39389,0.00132,0.0024
28.10.2025 15:57:59.648 UTC,1.39401,1.39388,0.00237,0.0024
28.10.2025 15:57:59.751 UTC,1.394,1.39389,0.00237,0.00285
28.10.2025 15:57:59.906 UTC,1.39402,1.3939,0.0012,0.00132
28.10.2025 15:57:59.958 UTC,1.39404,1.3939,0.00393,0.00279
28.10.2025 15:58:00.061 UTC,1.39404,1.3939,0.00348,0.00522
28.10.2025 15:58:00.224 UTC,1.39402,1.39392,0.0012,0.00249
28.10.2025 15:58:00.386 UTC,1.39404,1.39391,0.00253,0.00249
28.10.2025 15:58:00.488 UTC,1.39402,1.39392,0.0012,0.00192
28.10.2025 15:58:00.591 UTC,1.39403,1.39391,0.0012,0.00144
28.10.2025 15:58:00.694 UTC,1.39403,1.39392,0.0012,0.00135
28.10.2025 15:58:01.107 UTC,1.39404,1.39391,0.00261,0.00375
28.10.2025 15:58:01.211 UTC,1.39403,1.39391,0.00144,0.0018
28.10.2025 15:58:01.468 UTC,1.39402,1.3939,0.00132,0.00285
28.10.2025 15:58:01.520 UTC,1.39401,1.39391,0.0018,0.0027
28.10.2025 15:58:01.572 UTC,1.39402,1.39392,0.0012,0.0012
28.10.2025 15:58:01.675 UTC,1.39403,1.39392,0.0012,0.0027
28.10.2025 15:58:01.881 UTC,1.39401,1.39393,0.0012,0.00135
28.10.2025 15:58:01.984 UTC,1.39402,1.39393,0.0012,0.0024
28.10.2025 15:58:02.139 UTC,1.39403,1.39392,0.0012,0.0027
28.10.2025 15:58:02.343 UTC,1.39405,1.39392,0.0033,0.0018
28.10.2025 15:58:02.907 UTC,1.39403,1.39392,0.00306,0.00315
28.10.2025 15:58:03.011 UTC,1.39405,1.39392,0.0033,0.00285
28.10.2025 15:58:03.115 UTC,1.39402,1.3939,0.00192,0.0018
28.10.2025 15:58:03.219 UTC,1.39403,1.3939,0.0012,0.0027
28.10.2025 15:58:03.324 UTC,1.39404,1.39391,0.00366,0.00135
28.10.2025 15:58:03.427 UTC,1.39404,1.39391,0.00261,0.0027
28.10.2025 15:58:03.580 UTC,1.39402,1.39391,0.0012,0.0036
28.10.2025 15:58:03.835 UTC,1.39402,1.39392,0.0012,0.0027
28.10.2025 15:58:03.990 UTC,1.39401,1.39392,0.0018,0.0012
28.10.2025 15:58:04.144 UTC,1.394,1.39391,0.0012,0.0012
28.10.2025 15:58:04.248 UTC,1.39402,1.39391,0.00132,0.0012
28.10.2025 15:58:04.859 UTC,1.394,1.3939,0.00192,0.0018
28.10.2025 15:58:04.962 UTC,1.39401,1.39388,0.00192,0.00375
28.10.2025 15:58:06.079 UTC,1.39399,1.39388,0.00132,0.0024
28.10.2025 15:58:06.186 UTC,1.39398,1.39389,0.00132,0.00135
28.10.2025 15:58:06.695 UTC,1.39398,1.39387,0.0012,0.0018
28.10.2025 15:58:06.798 UTC,1.39399,1.39387,0.00132,0.0018
28.10.2025 15:58:06.901 UTC,1.39397,1.39387,0.0012,0.0018
28.10.2025 15:58:07.054 UTC,1.39398,1.39387,0.0012,0.00195
28.10.2025 15:58:07.158 UTC,1.39399,1.39387,0.00132,0.00195
28.10.2025 15:58:07.313 UTC,1.39399,1.39388,0.0018,0.00294
28.10.2025 15:58:07.415 UTC,1.39399,1.39387,0.0012,0.00294
28.10.2025 15:58:08.024 UTC,1.39398,1.39387,0.0012,0.00285
28.10.2025 15:58:08.128 UTC,1.39397,1.39386,0.0012,0.0024
28.10.2025 15:58:08.180 UTC,1.39397,1.39387,0.00132,0.0018
28.10.2025 15:58:08.385 UTC,1.39397,1.39387,0.00132,0.00285
28.10.2025 15:58:08.946 UTC,1.39397,1.39387,0.00147,0.00135
28.10.2025 15:58:09.201 UTC,1.39396,1.39384,0.00282,0.00285
28.10.2025 15:58:09.458 UTC,1.39396,1.39386,0.0012,0.0012
28.10.2025 15:58:09.510 UTC,1.39395,1.39385,0.00192,0.0042
28.10.2025 15:58:09.714 UTC,1.39397,1.39384,0.00189,0.0033
28.10.2025 15:58:10.073 UTC,1.39399,1.39386,0.00459,0.0012
28.10.2025 15:58:10.176 UTC,1.39398,1.39385,0.0012,0.00285
28.10.2025 15:58:10.279 UTC,1.39396,1.39384,0.0012,0.00285
28.10.2025 15:58:10.331 UTC,1.39396,1.39385,0.00279,0.00285
28.10.2025 15:58:10.433 UTC,1.39397,1.39384,0.00279,0.00285
28.10.2025 15:58:10.535 UTC,1.39396,1.39384,0.00132,0.0018
28.10.2025 15:58:10.638 UTC,1.39398,1.39384,0.00507,0.0033
28.10.2025 15:58:10.740 UTC,1.39398,1.39384,0.00507,0.0042
28.10.2025 15:58:10.894 UTC,1.39398,1.39387,0.00189,0.0018
28.10.2025 15:58:10.997 UTC,1.39398,1.39386,0.00132,0.00195
28.10.2025 15:58:11.049 UTC,1.39395,1.39386,0.0012,0.0033
28.10.2025 15:58:11.152 UTC,1.39397,1.39385,0.00132,0.0024
28.10.2025 15:58:11.355 UTC,1.39395,1.39385,0.0012,0.00225
28.10.2025 15:58:12.220 UTC,1.39395,1.39383,0.0018,0.0018
28.10.2025 15:58:12.374 UTC,1.39393,1.39383,0.0012,0.00135
28.10.2025 15:58:12.425 UTC,1.39395,1.39383,0.0018,0.00135
28.10.2025 15:58:12.628 UTC,1.39396,1.39383,0.00132,0.0033
28.10.2025 15:58:12.680 UTC,1.39393,1.39384,0.00189,0.0018
28.10.2025 15:58:12.783 UTC,1.39396,1.39383,0.00135,0.00135
28.10.2025 15:58:12.886 UTC,1.39398,1.39385,0.00285,0.0018
28.10.2025 15:58:12.991 UTC,1.39395,1.39384,0.0012,0.00285
28.10.2025 15:58:13.094 UTC,1.39394,1.39384,0.0012,0.0018
28.10.2025 15:58:13.197 UTC,1.39394,1.39385,0.00132,0.0018
28.10.2025 15:58:13.403 UTC,1.39394,1.39385,0.00132,0.0012
28.10.2025 15:58:14.628 UTC,1.39396,1.39384,0.00225,0.00135
28.10.2025 15:58:14.680 UTC,1.39394,1.39384,0.0012,0.00135
28.10.2025 15:58:14.782 UTC,1.39395,1.39384,0.00225,0.00135
28.10.2025 15:58:14.988 UTC,1.39393,1.39384,0.0012,0.00135
28.10.2025 15:58:15.091 UTC,1.39395,1.39383,0.00132,0.0018
28.10.2025 15:58:17.372 UTC,1.39393,1.39383,0.0012,0.0036
28.10.2025 15:58:17.577 UTC,1.39394,1.39384,0.00282,0.0036
28.10.2025 15:58:18.031 UTC,1.39393,1.39383,0.0012,0.0036
28.10.2025 15:58:18.234 UTC,1.39395,1.39383,0.00144,0.00135
28.10.2025 15:58:18.286 UTC,1.39392,1.39384,0.0012,0.00135
28.10.2025 15:58:19.553 UTC,1.39393,1.39384,0.00324,0.0012
28.10.2025 15:58:20.163 UTC,1.39394,1.39382,0.00324,0.0012
28.10.2025 15:58:21.905 UTC,1.39392,1.39383,0.0012,0.0018
28.10.2025 15:58:22.008 UTC,1.39394,1.39382,0.00279,0.0012
28.10.2025 15:58:24.652 UTC,1.39393,1.39382,0.0012,0.0018
28.10.2025 15:58:25.108 UTC,1.39392,1.39381,0.0012,0.00315
28.10.2025 15:58:25.212 UTC,1.39392,1.39382,0.0012,0.0012
28.10.2025 15:58:27.864 UTC,1.39393,1.39382,0.0012,0.0012
28.10.2025 15:58:28.286 UTC,1.39392,1.39383,0.0012,0.0018
28.10.2025 15:58:29.051 UTC,1.39393,1.39382,0.0012,0.0018
28.10.2025 15:58:29.613 UTC,1.39393,1.39382,0.0012,0.00195
28.10.2025 15:58:30.484 UTC,1.39393,1.39382,0.0012,0.00132
28.10.2025 15:58:31.147 UTC,1.39391,1.39381,0.0012,0.0018
28.10.2025 15:58:31.251 UTC,1.39389,1.39381,0.0012,0.0012
28.10.2025 15:58:31.355 UTC,1.39388,1.39378,0.0012,0.0018
28.10.2025 15:58:31.510 UTC,1.3939,1.39379,0.0012,0.0018
28.10.2025 15:58:31.563 UTC,1.39387,1.3938,0.0012,0.00135
28.10.2025 15:58:31.717 UTC,1.39387,1.39378,0.0012,0.0012
28.10.2025 15:58:32.177 UTC,1.39388,1.39377,0.0012,0.00195
28.10.2025 15:58:33.044 UTC,1.39389,1.39378,0.0012,0.00195
28.10.2025 15:58:33.149 UTC,1.39388,1.39378,0.0012,0.0012
28.10.2025 15:58:33.252 UTC,1.39388,1.39376,0.0012,0.00285
28.10.2025 15:58:33.405 UTC,1.39388,1.39376,0.0012,0.0042
28.10.2025 15:58:35.085 UTC,1.39389,1.39377,0.0012,0.00195
28.10.2025 15:58:35.189 UTC,1.39387,1.39378,0.0012,0.00195
28.10.2025 15:58:35.651 UTC,1.39388,1.39379,0.0012,0.0012
28.10.2025 15:58:35.754 UTC,1.39387,1.39379,0.0012,0.0012
28.10.2025 15:58:37.070 UTC,1.39387,1.39377,0.0012,0.0012
28.10.2025 15:58:37.174 UTC,1.39387,1.39376,0.0012,0.0033
28.10.2025 15:58:41.229 UTC,1.39385,1.39375,0.0012,0.00195
28.10.2025 15:58:41.383 UTC,1.39385,1.39375,0.0012,0.00135
28.10.2025 15:58:41.638 UTC,1.39387,1.39374,0.00189,0.00285
28.10.2025 15:58:41.993 UTC,1.39385,1.39374,0.00189,0.00285
28.10.2025 15:58:42.098 UTC,1.39385,1.39373,0.00189,0.00285
28.10.2025 15:58:42.149 UTC,1.39385,1.39373,0.00189,0.0027
28.10.2025 15:58:43.061 UTC,1.39385,1.39373,0.0012,0.00285
28.10.2025 15:58:43.646 UTC,1.39384,1.39372,0.00279,0.0012
28.10.2025 15:58:43.751 UTC,1.39383,1.39371,0.00189,0.00375
28.10.2025 15:58:43.855 UTC,1.39385,1.39372,0.00327,0.00135
28.10.2025 15:58:43.907 UTC,1.39384,1.39373,0.00225,0.00135
28.10.2025 15:58:44.113 UTC,1.39385,1.39374,0.0012,0.0012
28.10.2025 15:58:44.369 UTC,1.39384,1.39374,0.0012,0.0012
28.10.2025 15:58:44.473 UTC,1.39382,1.39373,0.0012,0.00135
28.10.2025 15:58:44.576 UTC,1.39386,1.39372,0.0033,0.00144
28.10.2025 15:58:44.679 UTC,1.39385,1.39373,0.00315,0.00189
28.10.2025 15:58:44.731 UTC,1.39383,1.39373,0.0012,0.00135
28.10.2025 15:58:44.835 UTC,1.39385,1.39372,0.00225,0.00135
28.10.2025 15:58:45.040 UTC,1.39384,1.39373,0.0018,0.00195
28.10.2025 15:58:45.144 UTC,1.39385,1.39374,0.00192,0.0012
28.10.2025 15:58:49.114 UTC,1.39384,1.39373,0.00189,0.00315
28.10.2025 15:58:49.627 UTC,1.39383,1.39373,0.0012,0.0018
28.10.2025 15:58:49.780 UTC,1.39385,1.39373,0.00192,0.0018
28.10.2025 15:58:50.819 UTC,1.39385,1.39373,0.00369,0.00135
28.10.2025 15:58:50.924 UTC,1.39383,1.39374,0.00189,0.00135
28.10.2025 15:58:51.079 UTC,1.39386,1.39374,0.00192,0.00225
28.10.2025 15:58:51.184 UTC,1.39388,1.39376,0.00552,0.0012
28.10.2025 15:58:51.287 UTC,1.39385,1.39374,0.0012,0.0018
28.10.2025 15:58:52.102 UTC,1.39383,1.39373,0.00279,0.00285
28.10.2025 15:58:52.206 UTC,1.39383,1.39372,0.00132,0.00285
28.10.2025 15:58:52.258 UTC,1.39382,1.39373,0.00132,0.00135
28.10.2025 15:58:52.310 UTC,1.39385,1.39373,0.00132,0.0012
28.10.2025 15:58:52.567 UTC,1.39385,1.39373,0.00132,0.00195
28.10.2025 15:58:52.670 UTC,1.39384,1.39373,0.00132,0.00135
28.10.2025 15:58:52.875 UTC,1.39383,1.39372,0.00132,0.0018
28.10.2025 15:58:52.979 UTC,1.39384,1.39373,0.00192,0.00135
28.10.2025 15:58:53.083 UTC,1.39384,1.39374,0.00372,0.00135
28.10.2025 15:58:53.237 UTC,1.39385,1.39373,0.00132,0.0018
28.10.2025 15:58:53.391 UTC,1.39385,1.39373,0.00327,0.00135
28.10.2025 15:58:53.495 UTC,1.39383,1.39372,0.00132,0.00285
28.10.2025 15:58:53.598 UTC,1.39383,1.39371,0.0012,0.00285
28.10.2025 15:58:53.651 UTC,1.39385,1.39373,0.00144,0.0012
28.10.2025 15:58:53.855 UTC,1.39384,1.39373,0.0012,0.00135
28.10.2025 15:58:54.519 UTC,1.39383,1.39373,0.0012,0.00135
28.10.2025 15:58:54.724 UTC,1.39383,1.39374,0.00189,0.00135
28.10.2025 15:58:55.291 UTC,1.39385,1.39373,0.00324,0.00135
28.10.2025 15:58:55.394 UTC,1.39382,1.39373,0.0012,0.0012
28.10.2025 15:58:55.498 UTC,1.39384,1.39371,0.00279,0.00285
28.10.2025 15:58:55.858 UTC,1.39383,1.39372,0.0012,0.0036
28.10.2025 15:58:56.217 UTC,1.39384,1.39371,0.00189,0.00465
28.10.2025 15:58:56.424 UTC,1.39381,1.39372,0.0012,0.00465
28.10.2025 15:58:56.476 UTC,1.39384,1.39372,0.00279,0.0027
28.10.2025 15:58:59.069 UTC,1.39382,1.39374,0.0012,0.0012
28.10.2025 15:58:59.377 UTC,1.39384,1.39373,0.00279,0.0012
28.10.2025 15:58:59.582 UTC,1.39383,1.39373,0.0012,0.00135
28.10.2025 15:58:59.887 UTC,1.39384,1.39373,0.0012,0.00135
28.10.2025 15:58:59.990 UTC,1.39385,1.39373,0.00324,0.00135
28.10.2025 15:59:00.144 UTC,1.39384,1.39373,0.00279,0.00135
28.10.2025 15:59:01.108 UTC,1.39383,1.39373,0.0012,0.0018
28.10.2025 15:59:01.211 UTC,1.39383,1.39374,0.00189,0.0018
28.10.2025 15:59:01.314 UTC,1.39382,1.39374,0.0012,0.00135
28.10.2025 15:59:01.417 UTC,1.39384,1.39373,0.00279,0.00135
28.10.2025 15:59:02.133 UTC,1.39384,1.39375,0.00189,0.0012
28.10.2025 15:59:02.544 UTC,1.39386,1.39376,0.00372,0.00135
28.10.2025 15:59:02.648 UTC,1.39386,1.39376,0.00132,0.00135
28.10.2025 15:59:02.700 UTC,1.39385,1.39375,0.0012,0.00135
28.10.2025 15:59:02.752 UTC,1.39387,1.39375,0.00189,0.00135
28.10.2025 15:59:02.855 UTC,1.39385,1.39376,0.0012,0.00135
28.10.2025 15:59:02.958 UTC,1.39385,1.39375,0.0012,0.00135
28.10.2025 15:59:03.112 UTC,1.39386,1.39375,0.00132,0.00135
28.10.2025 15:59:03.267 UTC,1.39385,1.39374,0.0027,0.0018
28.10.2025 15:59:03.427 UTC,1.39385,1.39373,0.0012,0.00135
28.10.2025 15:59:03.530 UTC,1.39384,1.39375,0.0018,0.0012
28.10.2025 15:59:03.737 UTC,1.39386,1.39375,0.0018,0.0012
28.10.2025 15:59:04.556 UTC,1.39387,1.39375,0.0012,0.0012
28.10.2025 15:59:04.707 UTC,1.39384,1.39376,0.0012,0.00135
28.10.2025 15:59:04.813 UTC,1.39384,1.39375,0.0012,0.00135
28.10.2025 15:59:04.918 UTC,1.39385,1.39375,0.0012,0.00135
28.10.2025 15:59:05.073 UTC,1.39386,1.39374,0.00189,0.0012
28.10.2025 15:59:05.176 UTC,1.39384,1.39373,0.0012,0.00195
28.10.2025 15:59:05.330 UTC,1.39384,1.39375,0.0012,0.0012
28.10.2025 15:59:05.433 UTC,1.39386,1.39373,0.00324,0.00195
28.10.2025 15:59:05.587 UTC,1.39385,1.39374,0.00417,0.00195
28.10.2025 15:59:05.843 UTC,1.39385,1.39373,0.00132,0.00195
28.10.2025 15:59:06.098 UTC,1.39383,1.39374,0.0012,0.00195
28.10.2025 15:59:08.180 UTC,1.39383,1.39373,0.0012,0.00375
28.10.2025 15:59:08.284 UTC,1.39384,1.39373,0.00132,0.00285
28.10.2025 15:59:08.440 UTC,1.39384,1.39373,0.0012,0.0018
28.10.2025 15:59:08.951 UTC,1.39382,1.39374,0.0012,0.00135
28.10.2025 15:59:09.257 UTC,1.39383,1.39374,0.00279,0.00135
28.10.2025 15:59:09.463 UTC,1.39383,1.39373,0.0012,0.00135
28.10.2025 15:59:09.566 UTC,1.39384,1.39373,0.0012,0.0018
28.10.2025 15:59:10.072 UTC,1.39383,1.39373,0.0012,0.00135
28.10.2025 15:59:10.176 UTC,1.39384,1.39373,0.0012,0.00135
28.10.2025 15:59:10.635 UTC,1.39385,1.39373,0.00279,0.0018
28.10.2025 15:59:11.142 UTC,1.39383,1.39374,0.0012,0.00195
28.10.2025 15:59:11.245 UTC,1.39383,1.39374,0.0012,0.0018
28.10.2025 15:59:11.347 UTC,1.39383,1.39374,0.0018,0.00195
28.10.2025 15:59:11.450 UTC,1.39383,1.39373,0.0012,0.00195
28.10.2025 15:59:11.553 UTC,1.39383,1.39373,0.0012,0.0018
28.10.2025 15:59:11.656 UTC,1.39383,1.39374,0.0012,0.0018
28.10.2025 15:59:12.052 UTC,1.39385,1.39373,0.00279,0.0018
28.10.2025 15:59:12.258 UTC,1.39384,1.39373,0.00189,0.0018
28.10.2025 15:59:12.412 UTC,1.39384,1.39374,0.00279,0.0018
28.10.2025 15:59:12.667 UTC,1.39384,1.39373,0.0012,0.0036
28.10.2025 15:59:12.819 UTC,1.39385,1.39373,0.00279,0.0036
28.10.2025 15:59:12.972 UTC,1.39384,1.39373,0.0012,0.0018
28.10.2025 15:59:13.124 UTC,1.39385,1.39373,0.00279,0.0018
28.10.2025 15:59:13.479 UTC,1.39383,1.39374,0.0012,0.0018
28.10.2025 15:59:13.884 UTC,1.39383,1.39373,0.0012,0.0018
28.10.2025 15:59:14.138 UTC,1.39384,1.39373,0.0012,0.0018
28.10.2025 15:59:14.997 UTC,1.39385,1.39373,0.00189,0.0018
28.10.2025 15:59:15.201 UTC,1.39384,1.39373,0.0012,0.0018
28.10.2025 15:59:15.556 UTC,1.39385,1.39373,0.00189,0.0018
28.10.2025 15:59:15.661 UTC,1.39384,1.39372,0.00279,0.0012
28.10.2025 15:59:15.817 UTC,1.39383,1.39371,0.00189,0.00285
28.10.2025 15:59:15.921 UTC,1.39384,1.39372,0.00189,0.00195
28.10.2025 15:59:16.024 UTC,1.39385,1.39372,0.00369,0.00195
28.10.2025 15:59:16.281 UTC,1.39383,1.39371,0.00189,0.00285
28.10.2025 15:59:16.385 UTC,1.39383,1.39373,0.00189,0.0018
28.10.2025 15:59:16.488 UTC,1.39384,1.39372,0.00189,0.0018
28.10.2025 15:59:16.695 UTC,1.39384,1.39372,0.00189,0.00195
28.10.2025 15:59:16.799 UTC,1.39385,1.39373,0.00279,0.0012
28.10.2025 15:59:16.903 UTC,1.39383,1.39374,0.00189,0.0012
28.10.2025 15:59:17.518 UTC,1.39383,1.39371,0.0012,0.0024
28.10.2025 15:59:17.622 UTC,1.39383,1.39371,0.00189,0.00375
28.10.2025 15:59:17.726 UTC,1.39382,1.39374,0.00189,0.0012
28.10.2025 15:59:17.932 UTC,1.39383,1.39374,0.00189,0.00135
28.10.2025 15:59:18.086 UTC,1.39383,1.39373,0.0012,0.00135
28.10.2025 15:59:18.241 UTC,1.39384,1.39373,0.00279,0.00135
28.10.2025 15:59:18.395 UTC,1.39383,1.39371,0.0012,0.00285
28.10.2025 15:59:18.551 UTC,1.39384,1.39372,0.00189,0.00135
28.10.2025 15:59:18.655 UTC,1.39383,1.39372,0.00279,0.00135
28.10.2025 15:59:18.810 UTC,1.39383,1.39371,0.00279,0.00135
28.10.2025 15:59:19.066 UTC,1.39381,1.39372,0.0012,0.00135
28.10.2025 15:59:19.170 UTC,1.39381,1.39373,0.0012,0.0012
28.10.2025 15:59:19.273 UTC,1.39382,1.39373,0.00279,0.0012
28.10.2025 15:59:19.377 UTC,1.39383,1.39371,0.00279,0.0027
28.10.2025 15:59:19.937 UTC,1.39382,1.39372,0.00189,0.00195
28.10.2025 15:59:20.195 UTC,1.39383,1.39373,0.0012,0.0012
28.10.2025 15:59:20.299 UTC,1.39383,1.39374,0.00279,0.0018
28.10.2025 15:59:20.454 UTC,1.39383,1.39373,0.0012,0.0012
28.10.2025 15:59:20.609 UTC,1.39384,1.39373,0.00324,0.0012
28.10.2025 15:59:20.969 UTC,1.39383,1.39373,0.0012,0.0012
28.10.2025 15:59:21.275 UTC,1.39384,1.39373,0.00279,0.0012
28.10.2025 15:59:21.378 UTC,1.39382,1.39374,0.0012,0.0012
28.10.2025 15:59:21.532 UTC,1.39384,1.39373,0.00279,0.0012
28.10.2025 15:59:21.634 UTC,1.39383,1.39373,0.0012,0.0012
28.10.2025 15:59:21.889 UTC,1.39383,1.39374,0.00279,0.0012
28.10.2025 15:59:21.993 UTC,1.39384,1.39371,0.00369,0.00195
28.10.2025 15:59:22.146 UTC,1.39383,1.39371,0.0012,0.00195
28.10.2025 15:59:22.403 UTC,1.39383,1.3937,0.00414,0.00195
28.10.2025 15:59:22.710 UTC,1.3938,1.39371,0.0012,0.0018
28.10.2025 15:59:22.864 UTC,1.39381,1.39371,0.0012,0.0024
28.10.2025 15:59:23.121 UTC,1.3938,1.3937,0.0012,0.0018
28.10.2025 15:59:23.225 UTC,1.39382,1.3937,0.00369,0.0012
28.10.2025 15:59:23.693 UTC,1.39381,1.3937,0.0012,0.00195
28.10.2025 15:59:23.798 UTC,1.3938,1.39369,0.0012,0.00375
28.10.2025 15:59:23.850 UTC,1.39382,1.39372,0.00189,0.0012
28.10.2025 15:59:23.954 UTC,1.39382,1.3937,0.0012,0.0018
28.10.2025 15:59:24.667 UTC,1.39381,1.3937,0.0012,0.00135
28.10.2025 15:59:25.477 UTC,1.39378,1.3937,0.0012,0.00195
28.10.2025 15:59:25.630 UTC,1.39379,1.3937,0.0012,0.00195
28.10.2025 15:59:25.877 UTC,1.39381,1.39369,0.00279,0.00195
28.10.2025 15:59:25.980 UTC,1.39382,1.39369,0.00504,0.00285
28.10.2025 15:59:26.083 UTC,1.39382,1.39371,0.00459,0.0012
28.10.2025 15:59:26.391 UTC,1.39381,1.3937,0.0012,0.00285
28.10.2025 15:59:26.495 UTC,1.39383,1.39372,0.00369,0.0012
28.10.2025 15:59:26.701 UTC,1.39382,1.39372,0.00279,0.0027
28.10.2025 15:59:26.803 UTC,1.39382,1.39372,0.00279,0.00285
28.10.2025 15:59:27.264 UTC,1.39384,1.39371,0.00369,0.00375
28.10.2025 15:59:27.316 UTC,1.39382,1.39371,0.0012,0.0018
28.10.2025 15:59:27.420 UTC,1.39382,1.39371,0.00279,0.00195
28.10.2025 15:59:27.522 UTC,1.39382,1.3937,0.0012,0.00195
28.10.2025 15:59:27.625 UTC,1.39381,1.3937,0.0012,0.00285
28.10.2025 15:59:28.235 UTC,1.39379,1.3937,0.0012,0.0012
28.10.2025 15:59:28.800 UTC,1.3938,1.3937,0.00279,0.0012
28.10.2025 15:59:29.968 UTC,1.39381,1.3937,0.0018,0.00375
28.10.2025 15:59:30.072 UTC,1.39382,1.39372,0.0012,0.0012
28.10.2025 15:59:30.176 UTC,1.39382,1.39373,0.00279,0.00225
28.10.2025 15:59:30.330 UTC,1.39382,1.39372,0.00189,0.00135
28.10.2025 15:59:30.434 UTC,1.39383,1.39371,0.00189,0.0027
28.10.2025 15:59:30.537 UTC,1.39383,1.39372,0.00189,0.00195
28.10.2025 15:59:31.052 UTC,1.39383,1.39374,0.00189,0.0012
28.10.2025 15:59:31.155 UTC,1.39383,1.39373,0.0012,0.0012
28.10.2025 15:59:31.261 UTC,1.39384,1.39373,0.00189,0.0012
28.10.2025 15:59:31.774 UTC,1.39383,1.39373,0.00132,0.0012
28.10.2025 15:59:32.286 UTC,1.39384,1.39373,0.00132,0.0012
28.10.2025 15:59:33.124 UTC,1.39381,1.39371,0.0012,0.00285
28.10.2025 15:59:33.228 UTC,1.39383,1.39371,0.00372,0.0027
28.10.2025 15:59:33.332 UTC,1.39384,1.39371,0.00282,0.0018
28.10.2025 15:59:33.487 UTC,1.39383,1.39371,0.00192,0.0018
28.10.2025 15:59:33.591 UTC,1.39382,1.39372,0.00279,0.00135
28.10.2025 15:59:33.798 UTC,1.39383,1.39372,0.00462,0.00192
28.10.2025 15:59:34.106 UTC,1.39383,1.39372,0.00282,0.00189
28.10.2025 15:59:34.209 UTC,1.39384,1.39371,0.00372,0.00294
28.10.2025 15:59:34.466 UTC,1.39382,1.39371,0.00192,0.0012
28.10.2025 15:59:34.621 UTC,1.3938,1.3937,0.0012,0.00375
28.10.2025 15:59:34.723 UTC,1.39381,1.3937,0.00189,0.00195
28.10.2025 15:59:34.825 UTC,1.3938,1.3937,0.0012,0.00285
28.10.2025 15:59:35.282 UTC,1.3938,1.39369,0.00132,0.00285
28.10.2025 15:59:35.889 UTC,1.39379,1.39368,0.0012,0.0033
28.10.2025 15:59:35.993 UTC,1.39382,1.39369,0.00372,0.00465
28.10.2025 15:59:36.097 UTC,1.3938,1.39369,0.00132,0.0024
28.10.2025 15:59:36.200 UTC,1.39378,1.39369,0.0012,0.00285
28.10.2025 15:59:36.811 UTC,1.39382,1.3937,0.00192,0.0012
28.10.2025 15:59:36.915 UTC,1.39384,1.39372,0.00189,0.0012
28.10.2025 15:59:37.069 UTC,1.39384,1.39372,0.00189,0.0018
28.10.2025 15:59:37.325 UTC,1.39384,1.39372,0.00189,0.0012
28.10.2025 15:59:37.734 UTC,1.39383,1.39373,0.0012,0.0012
28.10.2025 15:59:37.887 UTC,1.39382,1.39373,0.0012,0.0018
28.10.2025 15:59:38.042 UTC,1.39382,1.39372,0.0012,0.00135
28.10.2025 15:59:38.094 UTC,1.39383,1.39373,0.00369,0.00135
28.10.2025 15:59:38.248 UTC,1.39383,1.39372,0.0012,0.0012
28.10.2025 15:59:38.504 UTC,1.39384,1.39372,0.00369,0.0012
28.10.2025 15:59:38.666 UTC,1.39382,1.39373,0.0012,0.0012
28.10.2025 15:59:38.871 UTC,1.39384,1.39372,0.00369,0.00135
28.10.2025 15:59:38.924 UTC,1.39382,1.39371,0.00417,0.00135
28.10.2025 15:59:39.026 UTC,1.39379,1.39371,0.0012,0.0018
28.10.2025 15:59:39.130 UTC,1.39381,1.39369,0.00279,0.0018
28.10.2025 15:59:39.386 UTC,1.39383,1.3937,0.00369,0.00294
28.10.2025 15:59:39.489 UTC,1.39383,1.3937,0.00414,0.0024
28.10.2025 15:59:39.593 UTC,1.39383,1.39371,0.0018,0.00135
28.10.2025 15:59:39.645 UTC,1.3938,1.39369,0.0012,0.0024
28.10.2025 15:59:39.749 UTC,1.39379,1.39369,0.0012,0.0018
28.10.2025 15:59:39.852 UTC,1.3938,1.39369,0.00279,0.0018
28.10.2025 15:59:39.956 UTC,1.39382,1.3937,0.00282,0.00135
28.10.2025 15:59:40.060 UTC,1.39379,1.3937,0.00189,0.0024
28.10.2025 15:59:40.266 UTC,1.39381,1.39371,0.00279,0.0027
28.10.2025 15:59:40.370 UTC,1.39382,1.39371,0.00132,0.00135
28.10.2025 15:59:40.473 UTC,1.3938,1.39369,0.0012,0.00285
28.10.2025 15:59:40.526 UTC,1.39382,1.39369,0.00459,0.00375
28.10.2025 15:59:40.629 UTC,1.3938,1.3937,0.0012,0.0018
28.10.2025 15:59:40.732 UTC,1.39381,1.3937,0.00414,0.0018
28.10.2025 15:59:41.090 UTC,1.39382,1.39371,0.00189,0.00135
28.10.2025 15:59:41.193 UTC,1.39381,1.39369,0.0012,0.00375
28.10.2025 15:59:41.296 UTC,1.39381,1.39369,0.0012,0.00285
28.10.2025 15:59:41.552 UTC,1.3938,1.39369,0.0012,0.00195
28.10.2025 15:59:41.806 UTC,1.3938,1.3937,0.0012,0.00195
28.10.2025 15:59:41.960 UTC,1.3938,1.39369,0.0012,0.00195
28.10.2025 15:59:42.466 UTC,1.39378,1.3937,0.0012,0.00195
28.10.2025 15:59:42.928 UTC,1.39382,1.3937,0.0012,0.0012
28.10.2025 15:59:43.900 UTC,1.3938,1.39371,0.0012,0.00135
28.10.2025 15:59:44.158 UTC,1.3938,1.39369,0.0012,0.0012
28.10.2025 15:59:44.260 UTC,1.39381,1.3937,0.0012,0.0012
28.10.2025 15:59:44.365 UTC,1.39381,1.39372,0.0012,0.00135
28.10.2025 15:59:44.775 UTC,1.39381,1.39372,0.0012,0.00195
28.10.2025 15:59:45.183 UTC,1.39382,1.39371,0.0012,0.0012
28.10.2025 15:59:45.643 UTC,1.39381,1.39373,0.0018,0.0012
28.10.2025 15:59:45.943 UTC,1.39382,1.39371,0.0012,0.0018
28.10.2025 15:59:46.048 UTC,1.39381,1.39369,0.0018,0.00195
28.10.2025 15:59:46.857 UTC,1.3938,1.39369,0.0012,0.00195
28.10.2025 15:59:46.961 UTC,1.39379,1.39369,0.0012,0.0012
28.10.2025 15:59:47.064 UTC,1.3938,1.39369,0.0012,0.0012
28.10.2025 15:59:47.318 UTC,1.39379,1.39368,0.0012,0.00195
28.10.2025 15:59:47.674 UTC,1.3938,1.39368,0.00132,0.0018
28.10.2025 15:59:47.776 UTC,1.39378,1.39369,0.0012,0.0018
28.10.2025 15:59:48.082 UTC,1.39379,1.39369,0.00189,0.0018
28.10.2025 15:59:48.186 UTC,1.39379,1.39367,0.00189,0.00195
28.10.2025 15:59:48.289 UTC,1.39379,1.39367,0.00189,0.0018
28.10.2025 15:59:48.650 UTC,1.39378,1.39367,0.0012,0.0018
28.10.2025 15:59:49.513 UTC,1.39379,1.39366,0.00189,0.0033
28.10.2025 15:59:50.779 UTC,1.39378,1.39366,0.0012,0.0042
28.10.2025 15:59:51.639 UTC,1.39379,1.39366,0.00189,0.0033
28.10.2025 15:59:51.742 UTC,1.39378,1.39366,0.0012,0.0033
28.10.2025 15:59:52.401 UTC,1.39378,1.39368,0.00189,0.0012
28.10.2025 15:59:52.963 UTC,1.39377,1.39368,0.0012,0.0012
28.10.2025 15:59:53.120 UTC,1.39379,1.39367,0.00279,0.0012
28.10.2025 15:59:53.324 UTC,1.39377,1.39367,0.0012,0.0042
28.10.2025 15:59:53.780 UTC,1.39379,1.39367,0.00369,0.0012
28.10.2025 15:59:54.792 UTC,1.39378,1.39366,0.00189,0.0033
28.10.2025 15:59:54.844 UTC,1.39377,1.39367,0.00279,0.0018
28.10.2025 15:59:56.111 UTC,1.39375,1.39366,0.00189,0.00591
28.10.2025 15:59:56.881 UTC,1.39376,1.39367,0.00192,0.00135
28.10.2025 15:59:56.984 UTC,1.39377,1.39365,0.00192,0.00612
28.10.2025 15:59:57.140 UTC,1.39375,1.39366,0.00132,0.00567
28.10.2025 15:59:57.243 UTC,1.39376,1.39365,0.0012,0.00462
28.10.2025 15:59:57.398 UTC,1.39376,1.39367,0.00189,0.0012
28.10.2025 15:59:57.907 UTC,1.39377,1.39365,0.00237,0.00355
28.10.2025 15:59:58.009 UTC,1.39377,1.39365,0.00324,0.00355
28.10.2025 15:59:58.113 UTC,1.39377,1.39366,0.00279,0.00135
28.10.2025 15:59:58.267 UTC,1.39374,1.39366,0.0012,0.0046
28.10.2025 15:59:58.371 UTC,1.39374,1.39366,0.0012,0.0049
28.10.2025 15:59:58.524 UTC,1.39377,1.39366,0.00369,0.0012
28.10.2025 15:59:58.628 UTC,1.39377,1.39365,0.00189,0.004
28.10.2025 15:59:58.731 UTC,1.39375,1.39365,0.0012,0.00355
28.10.2025 15:59:59.035 UTC,1.39376,1.39365,0.00279,0.00355
28.10.2025 15:59:59.191 UTC,1.39375,1.39365,0.0012,0.00355
28.10.2025 15:59:59.342 UTC,1.39376,1.39366,0.00279,0.0046
28.10.2025 15:59:59.496 UTC,1.39375,1.39365,0.0012,0.0037
28.10.2025 15:59:59.600 UTC,1.39376,1.39365,0.0012,0.00355
28.10.2025 15:59:59.703 UTC,1.39377,1.39366,0.00189,0.0012
28.10.2025 15:59:59.807 UTC,1.39376,1.39366,0.00369,0.00395
28.10.2025 15:59:59.910 UTC,1.39377,1.39366,0.00279,0.00135