UTC,Ask,Bid,Ask Volume,Bid Volume
09.09.2025 15:00:00.344 UTC,1.38213,1.38201,0.00315,0.0018
09.09.2025 15:00:00.446 UTC,1.38212,1.38202,0.00315,0.0024
09.09.2025 15:00:00.549 UTC,1.38212,1.38202,0.00315,0.00225
09.09.2025 15:00:00.651 UTC,1.38213,1.38201,0.00315,0.0024
09.09.2025 15:00:02.822 UTC,1.38212,1.38202,0.0018,0.00585
09.09.2025 15:00:02.925 UTC,1.38213,1.38201,0.0018,0.0033
09.09.2025 15:00:03.381 UTC,1.38213,1.38203,0.0018,0.0018
09.09.2025 15:00:03.484 UTC,1.38212,1.38202,0.0018,0.0033
09.09.2025 15:00:03.631 UTC,1.38212,1.38202,0.0018,0.00315
09.09.2025 15:00:03.887 UTC,1.38213,1.38201,0.0018,0.0033
09.09.2025 15:00:04.196 UTC,1.38213,1.38201,0.0012,0.00225
09.09.2025 15:00:04.805 UTC,1.38213,1.38203,0.0018,0.00465
09.09.2025 15:00:04.959 UTC,1.38213,1.38203,0.00135,0.0024
09.09.2025 15:00:05.061 UTC,1.38214,1.38202,0.00135,0.00225
09.09.2025 15:00:05.164 UTC,1.38212,1.38203,0.0012,0.00225
09.09.2025 15:00:06.225 UTC,1.38212,1.38203,0.0012,0.0033
09.09.2025 15:00:06.328 UTC,1.38214,1.38202,0.00225,0.0024
09.09.2025 15:00:07.187 UTC,1.38214,1.38202,0.00225,0.00225
09.09.2025 15:00:07.492 UTC,1.38213,1.38203,0.0018,0.0024
09.09.2025 15:00:08.149 UTC,1.38212,1.38203,0.0012,0.0033
09.09.2025 15:00:08.252 UTC,1.38213,1.38203,0.0012,0.0024
09.09.2025 15:00:08.354 UTC,1.38212,1.38203,0.0012,0.0033
09.09.2025 15:00:08.456 UTC,1.38214,1.38202,0.0012,0.0024
09.09.2025 15:00:08.558 UTC,1.38212,1.38203,0.0012,0.0033
09.09.2025 15:00:09.900 UTC,1.38213,1.38202,0.0012,0.0018
09.09.2025 15:00:10.456 UTC,1.38213,1.38202,0.0012,0.00195
09.09.2025 15:00:10.610 UTC,1.38215,1.38203,0.0018,0.00195
09.09.2025 15:00:11.070 UTC,1.38214,1.38203,0.0012,0.0012
09.09.2025 15:00:11.172 UTC,1.38213,1.38204,0.0012,0.0012
09.09.2025 15:00:11.274 UTC,1.38214,1.38203,0.0012,0.0012
09.09.2025 15:00:13.960 UTC,1.38214,1.38202,0.0018,0.00225
09.09.2025 15:00:14.315 UTC,1.38213,1.38203,0.0018,0.0024
09.09.2025 15:00:15.580 UTC,1.38214,1.38202,0.0018,0.00225
09.09.2025 15:00:15.783 UTC,1.38214,1.38202,0.0018,0.0024
09.09.2025 15:00:16.190 UTC,1.38214,1.38202,0.0018,0.00225
09.09.2025 15:00:16.395 UTC,1.38214,1.38204,0.0012,0.00195
09.09.2025 15:00:16.498 UTC,1.38214,1.38203,0.0012,0.0018
09.09.2025 15:00:16.601 UTC,1.38213,1.38204,0.0012,0.00135
09.09.2025 15:00:16.753 UTC,1.38214,1.38203,0.0012,0.0018
09.09.2025 15:00:17.207 UTC,1.38214,1.38203,0.0012,0.00135
09.09.2025 15:00:17.339 UTC,1.38214,1.38203,0.0012,0.0018
09.09.2025 15:00:17.794 UTC,1.38214,1.38203,0.0018,0.00135
09.09.2025 15:00:18.052 UTC,1.38214,1.38202,0.0018,0.00225
09.09.2025 15:00:18.457 UTC,1.38214,1.38202,0.0018,0.0024
09.09.2025 15:00:18.812 UTC,1.38214,1.38202,0.0018,0.00225
09.09.2025 15:00:18.964 UTC,1.38213,1.38203,0.0018,0.0024
09.09.2025 15:00:19.066 UTC,1.38213,1.38203,0.0018,0.00225
09.09.2025 15:00:19.770 UTC,1.38214,1.38202,0.0018,0.0024
09.09.2025 15:00:20.479 UTC,1.38214,1.38202,0.0018,0.00225
09.09.2025 15:00:20.581 UTC,1.38213,1.38203,0.0012,0.0024
09.09.2025 15:00:21.137 UTC,1.38214,1.38203,0.0012,0.0024
09.09.2025 15:00:22.094 UTC,1.38214,1.38205,0.0018,0.00135
09.09.2025 15:00:23.106 UTC,1.38213,1.38205,0.0012,0.00135
09.09.2025 15:00:23.619 UTC,1.38214,1.38205,0.0012,0.00135
09.09.2025 15:00:23.872 UTC,1.38214,1.38203,0.0012,0.0051
09.09.2025 15:00:24.078 UTC,1.38214,1.38203,0.0012,0.00225
09.09.2025 15:00:24.182 UTC,1.38214,1.38204,0.0012,0.0018
09.09.2025 15:00:25.695 UTC,1.38214,1.38203,0.0018,0.00135
09.09.2025 15:00:26.001 UTC,1.38213,1.38203,0.0012,0.0018
09.09.2025 15:00:31.673 UTC,1.38212,1.38203,0.0012,0.00225
09.09.2025 15:00:32.080 UTC,1.38214,1.38202,0.00225,0.0033
09.09.2025 15:00:32.538 UTC,1.38212,1.38203,0.0012,0.00315
09.09.2025 15:00:32.691 UTC,1.38214,1.38202,0.00315,0.00225
09.09.2025 15:00:32.845 UTC,1.38214,1.38202,0.0018,0.0042
09.09.2025 15:00:33.100 UTC,1.38214,1.38203,0.0018,0.00195
09.09.2025 15:00:33.203 UTC,1.38213,1.38203,0.00315,0.0033
09.09.2025 15:00:34.412 UTC,1.38213,1.38203,0.0012,0.0012
09.09.2025 15:00:36.677 UTC,1.38214,1.38202,0.0018,0.0024
09.09.2025 15:00:36.781 UTC,1.38216,1.38205,0.0012,0.0012
09.09.2025 15:00:36.885 UTC,1.38215,1.38204,0.0012,0.0012
09.09.2025 15:00:36.988 UTC,1.38214,1.38205,0.0012,0.0012
09.09.2025 15:00:37.193 UTC,1.38214,1.38205,0.0033,0.0012
09.09.2025 15:00:37.296 UTC,1.38214,1.38204,0.00225,0.0012
09.09.2025 15:00:39.673 UTC,1.38213,1.38204,0.00225,0.0012
09.09.2025 15:00:40.132 UTC,1.38214,1.38203,0.00225,0.0012
09.09.2025 15:00:42.755 UTC,1.38213,1.38203,0.0012,0.0012
09.09.2025 15:00:43.881 UTC,1.38212,1.38205,0.0012,0.0036
09.09.2025 15:00:43.933 UTC,1.38216,1.38205,0.0012,0.0018
09.09.2025 15:00:44.037 UTC,1.38218,1.38207,0.0012,0.00315
09.09.2025 15:00:44.141 UTC,1.38214,1.38206,0.00315,0.00135
09.09.2025 15:00:44.244 UTC,1.38214,1.38203,0.00225,0.0012
09.09.2025 15:00:45.156 UTC,1.38214,1.38203,0.00135,0.0024
09.09.2025 15:00:45.259 UTC,1.38216,1.38204,0.00315,0.0012
09.09.2025 15:00:46.124 UTC,1.38216,1.38204,0.0033,0.0012
09.09.2025 15:00:46.278 UTC,1.38216,1.38204,0.00315,0.0012
09.09.2025 15:00:46.330 UTC,1.38213,1.38205,0.00135,0.0012
09.09.2025 15:00:47.190 UTC,1.38213,1.38202,0.0012,0.0012
09.09.2025 15:00:47.294 UTC,1.38214,1.38203,0.0024,0.00195
09.09.2025 15:00:47.447 UTC,1.38214,1.38203,0.0024,0.0012
09.09.2025 15:00:48.869 UTC,1.38212,1.38203,0.00135,0.0012
09.09.2025 15:00:49.072 UTC,1.38213,1.38202,0.00135,0.00195
09.09.2025 15:00:50.334 UTC,1.38212,1.38202,0.00135,0.0012
09.09.2025 15:00:50.693 UTC,1.38212,1.38202,0.00135,0.00195
09.09.2025 15:00:50.796 UTC,1.38213,1.38203,0.0012,0.0012
09.09.2025 15:00:53.478 UTC,1.38212,1.38203,0.00225,0.0018
09.09.2025 15:00:53.583 UTC,1.38214,1.38201,0.00315,0.00315
09.09.2025 15:00:53.686 UTC,1.38213,1.38203,0.0018,0.00195
09.09.2025 15:00:54.194 UTC,1.38213,1.38202,0.0012,0.00195
09.09.2025 15:00:55.112 UTC,1.38214,1.38204,0.0012,0.0012
09.09.2025 15:00:55.672 UTC,1.38213,1.38205,0.0024,0.0012
09.09.2025 15:00:55.775 UTC,1.38212,1.38203,0.00135,0.00195
09.09.2025 15:00:55.977 UTC,1.38213,1.38202,0.00135,0.0018
09.09.2025 15:00:56.691 UTC,1.38209,1.382,0.0012,0.0018
09.09.2025 15:00:58.099 UTC,1.38209,1.38201,0.0012,0.0012
09.09.2025 15:00:58.154 UTC,1.3821,1.382,0.0042,0.00585
09.09.2025 15:00:58.257 UTC,1.38211,1.38199,0.00135,0.006
09.09.2025 15:00:58.462 UTC,1.3821,1.38198,0.0018,0.006
09.09.2025 15:00:59.826 UTC,1.38208,1.38199,0.0012,0.0051
09.09.2025 15:01:00.636 UTC,1.3821,1.38198,0.00225,0.0012
09.09.2025 15:01:00.939 UTC,1.38209,1.38198,0.0012,0.0012
09.09.2025 15:01:04.268 UTC,1.38209,1.38198,0.00315,0.0012
09.09.2025 15:01:04.370 UTC,1.38208,1.38199,0.00315,0.0012
09.09.2025 15:01:04.774 UTC,1.38207,1.38199,0.0012,0.0012
09.09.2025 15:01:05.488 UTC,1.38208,1.38197,0.0018,0.0018
09.09.2025 15:01:06.149 UTC,1.38207,1.38197,0.00225,0.0012
09.09.2025 15:01:06.252 UTC,1.38205,1.38196,0.0012,0.00195
09.09.2025 15:01:06.760 UTC,1.38205,1.38196,0.00495,0.00195
09.09.2025 15:01:06.913 UTC,1.38207,1.38196,0.00225,0.0012
09.09.2025 15:01:07.877 UTC,1.3821,1.38198,0.00495,0.00315
09.09.2025 15:01:07.979 UTC,1.3821,1.38198,0.00405,0.0033
09.09.2025 15:01:08.132 UTC,1.38209,1.38199,0.00405,0.00315
09.09.2025 15:01:08.636 UTC,1.38209,1.382,0.00405,0.00135
09.09.2025 15:01:09.145 UTC,1.38208,1.38199,0.00495,0.0012
09.09.2025 15:01:09.249 UTC,1.38208,1.38198,0.00585,0.0012
09.09.2025 15:01:09.301 UTC,1.38206,1.38196,0.00495,0.00375
09.09.2025 15:01:09.404 UTC,1.38207,1.38195,0.0012,0.00285
09.09.2025 15:01:13.488 UTC,1.38206,1.38197,0.0012,0.0012
09.09.2025 15:01:13.642 UTC,1.38208,1.38197,0.00315,0.0012
09.09.2025 15:01:13.844 UTC,1.38208,1.38196,0.00315,0.0012
09.09.2025 15:01:15.105 UTC,1.38207,1.38198,0.0012,0.0033
09.09.2025 15:01:16.118 UTC,1.38209,1.38197,0.00135,0.0024
09.09.2025 15:01:16.272 UTC,1.38208,1.38197,0.0012,0.0033
09.09.2025 15:01:16.877 UTC,1.38208,1.38197,0.0012,0.0012
09.09.2025 15:01:18.090 UTC,1.38209,1.38201,0.0018,0.0018
09.09.2025 15:01:18.143 UTC,1.38212,1.382,0.0027,0.00195
09.09.2025 15:01:18.195 UTC,1.38209,1.38201,0.0012,0.00195
09.09.2025 15:01:18.299 UTC,1.38212,1.382,0.0027,0.00225
09.09.2025 15:01:18.405 UTC,1.38213,1.38202,0.0018,0.00135
09.09.2025 15:01:18.508 UTC,1.38213,1.38203,0.0012,0.0012
09.09.2025 15:01:18.814 UTC,1.38213,1.38202,0.0012,0.0018
09.09.2025 15:01:19.017 UTC,1.38213,1.38202,0.0012,0.0033
09.09.2025 15:01:20.173 UTC,1.38212,1.38203,0.0012,0.00225
09.09.2025 15:01:20.276 UTC,1.38213,1.38202,0.0012,0.0033
09.09.2025 15:01:21.997 UTC,1.38212,1.38203,0.0018,0.00225
09.09.2025 15:01:22.099 UTC,1.38212,1.38203,0.0012,0.0024
09.09.2025 15:01:22.304 UTC,1.38214,1.38202,0.0018,0.0018
09.09.2025 15:01:24.373 UTC,1.38212,1.38203,0.0012,0.0024
09.09.2025 15:01:25.182 UTC,1.38214,1.38202,0.0018,0.00285
09.09.2025 15:01:30.394 UTC,1.38214,1.38204,0.0012,0.0012
09.09.2025 15:01:30.446 UTC,1.38216,1.38204,0.0027,0.00285
09.09.2025 15:01:30.498 UTC,1.38219,1.38208,0.0024,0.0018
09.09.2025 15:01:30.550 UTC,1.38221,1.38209,0.0027,0.0024
09.09.2025 15:01:30.653 UTC,1.3822,1.3821,0.0027,0.00135
09.09.2025 15:01:30.960 UTC,1.38219,1.38209,0.0012,0.00135
09.09.2025 15:01:31.115 UTC,1.38219,1.38207,0.0012,0.00375
09.09.2025 15:01:31.218 UTC,1.38218,1.38207,0.0012,0.00285
09.09.2025 15:01:31.574 UTC,1.38219,1.38207,0.0018,0.0012
09.09.2025 15:01:32.129 UTC,1.38218,1.38206,0.0012,0.00285
09.09.2025 15:01:32.232 UTC,1.38217,1.38206,0.0012,0.00285
09.09.2025 15:01:34.403 UTC,1.38217,1.38206,0.0012,0.0018
09.09.2025 15:01:34.507 UTC,1.38215,1.38205,0.0012,0.0018
09.09.2025 15:01:35.070 UTC,1.38216,1.38205,0.0012,0.0018
09.09.2025 15:01:35.577 UTC,1.38215,1.38205,0.0012,0.0018
09.09.2025 15:01:35.721 UTC,1.38215,1.38205,0.0012,0.00135
09.09.2025 15:01:36.177 UTC,1.38214,1.38204,0.0012,0.0012
09.09.2025 15:01:36.381 UTC,1.38214,1.38205,0.0012,0.0012
09.09.2025 15:01:37.795 UTC,1.38215,1.38204,0.0012,0.00195
09.09.2025 15:01:40.113 UTC,1.38215,1.38205,0.0027,0.00195
09.09.2025 15:01:40.417 UTC,1.38215,1.38204,0.0018,0.0012
09.09.2025 15:01:41.979 UTC,1.38214,1.38205,0.0018,0.00195
09.09.2025 15:01:42.082 UTC,1.38215,1.38204,0.0012,0.00315
09.09.2025 15:01:43.446 UTC,1.38213,1.38204,0.0012,0.00195
09.09.2025 15:01:43.953 UTC,1.38213,1.38204,0.0012,0.0018
09.09.2025 15:01:44.055 UTC,1.38214,1.38204,0.00225,0.0012
09.09.2025 15:01:44.158 UTC,1.38215,1.38203,0.00315,0.00195
09.09.2025 15:01:44.717 UTC,1.38216,1.38203,0.00315,0.00195
09.09.2025 15:01:45.682 UTC,1.38216,1.38205,0.0012,0.00195
09.09.2025 15:01:45.785 UTC,1.38216,1.38204,0.006,0.00195
09.09.2025 15:01:45.837 UTC,1.38215,1.38205,0.006,0.0018
09.09.2025 15:01:46.298 UTC,1.38216,1.38204,0.00225,0.00195
09.09.2025 15:01:47.104 UTC,1.38216,1.38204,0.00225,0.0018
09.09.2025 15:01:47.207 UTC,1.38216,1.38204,0.00225,0.00195
09.09.2025 15:01:47.411 UTC,1.38216,1.38205,0.00135,0.0024
09.09.2025 15:01:47.869 UTC,1.38216,1.38205,0.00225,0.00195
09.09.2025 15:01:47.920 UTC,1.38215,1.38204,0.0012,0.0018
09.09.2025 15:01:47.973 UTC,1.38215,1.38204,0.0012,0.0012
09.09.2025 15:01:48.888 UTC,1.38214,1.38203,0.00225,0.0018
09.09.2025 15:01:49.018 UTC,1.38214,1.38203,0.00225,0.0012
09.09.2025 15:01:49.121 UTC,1.38213,1.38203,0.00225,0.0018
09.09.2025 15:01:50.999 UTC,1.38214,1.38202,0.00315,0.0018
09.09.2025 15:01:51.154 UTC,1.38212,1.38202,0.0012,0.0018
09.09.2025 15:01:51.663 UTC,1.38213,1.38201,0.00135,0.00285
09.09.2025 15:01:52.169 UTC,1.38212,1.38202,0.00135,0.0012
09.09.2025 15:01:52.272 UTC,1.38211,1.38202,0.0012,0.0018
09.09.2025 15:01:52.376 UTC,1.38213,1.38201,0.00315,0.0027
09.09.2025 15:01:53.035 UTC,1.38213,1.38201,0.00315,0.00285
09.09.2025 15:01:54.707 UTC,1.38214,1.38202,0.0012,0.0078
09.09.2025 15:01:54.810 UTC,1.38215,1.38203,0.00135,0.0018
09.09.2025 15:01:55.320 UTC,1.38216,1.38203,0.0063,0.0018
09.09.2025 15:01:55.828 UTC,1.38215,1.38203,0.0012,0.00285
09.09.2025 15:01:57.000 UTC,1.38217,1.38205,0.00315,0.00195
09.09.2025 15:01:57.104 UTC,1.38216,1.38205,0.0012,0.00195
09.09.2025 15:01:57.206 UTC,1.38216,1.38205,0.0012,0.0018
09.09.2025 15:01:57.309 UTC,1.38214,1.38204,0.00135,0.0018
09.09.2025 15:01:57.361 UTC,1.38213,1.38204,0.00135,0.00225
09.09.2025 15:01:58.170 UTC,1.38214,1.38203,0.00135,0.00195
09.09.2025 15:02:00.300 UTC,1.38214,1.38203,0.00225,0.0018
09.09.2025 15:02:01.514 UTC,1.38212,1.38202,0.00315,0.00195
09.09.2025 15:02:01.617 UTC,1.38213,1.38201,0.00315,0.0027
09.09.2025 15:02:01.822 UTC,1.38213,1.38202,0.00225,0.00135
09.09.2025 15:02:05.653 UTC,1.38212,1.38202,0.0012,0.00135
09.09.2025 15:02:05.755 UTC,1.38213,1.38202,0.0012,0.00135
09.09.2025 15:02:09.898 UTC,1.38212,1.38202,0.00225,0.00135
09.09.2025 15:02:10.001 UTC,1.38211,1.38202,0.00315,0.00135
09.09.2025 15:02:10.104 UTC,1.38211,1.382,0.00135,0.00195
09.09.2025 15:02:10.156 UTC,1.38212,1.38203,0.00675,0.00135
09.09.2025 15:02:10.310 UTC,1.38213,1.38202,0.0012,0.00195
09.09.2025 15:02:10.413 UTC,1.38214,1.38202,0.0018,0.0033
09.09.2025 15:02:11.587 UTC,1.38214,1.38204,0.00315,0.0018
09.09.2025 15:02:11.689 UTC,1.38214,1.38204,0.00315,0.00195
09.09.2025 15:02:11.843 UTC,1.38215,1.38203,0.00315,0.0018
09.09.2025 15:02:12.196 UTC,1.38215,1.38203,0.00315,0.0033
09.09.2025 15:02:12.549 UTC,1.38215,1.38203,0.00315,0.00315
09.09.2025 15:02:13.156 UTC,1.38214,1.38203,0.0012,0.0033
09.09.2025 15:02:13.258 UTC,1.38214,1.38204,0.00315,0.0033
09.09.2025 15:02:13.713 UTC,1.38215,1.38203,0.00315,0.00315
09.09.2025 15:02:14.120 UTC,1.38215,1.38203,0.00225,0.0033
09.09.2025 15:02:14.223 UTC,1.38215,1.38205,0.00315,0.0012
09.09.2025 15:02:14.326 UTC,1.38214,1.38203,0.00135,0.0033
09.09.2025 15:02:14.633 UTC,1.38214,1.38203,0.00135,0.0018
09.09.2025 15:02:16.000 UTC,1.38209,1.38201,0.0012,0.00135
09.09.2025 15:02:16.155 UTC,1.38208,1.38198,0.00225,0.00285
09.09.2025 15:02:16.308 UTC,1.38209,1.38199,0.00225,0.00135
09.09.2025 15:02:16.411 UTC,1.38209,1.38199,0.00135,0.0024
09.09.2025 15:02:17.377 UTC,1.38208,1.382,0.00135,0.00135
09.09.2025 15:02:18.187 UTC,1.38208,1.38197,0.0012,0.0033
09.09.2025 15:02:21.170 UTC,1.38208,1.38199,0.00315,0.0012
09.09.2025 15:02:21.879 UTC,1.38209,1.38198,0.00315,0.0012
09.09.2025 15:02:21.982 UTC,1.38209,1.38199,0.00225,0.00285
09.09.2025 15:02:22.086 UTC,1.38209,1.38197,0.00135,0.00285
09.09.2025 15:02:22.189 UTC,1.38208,1.38197,0.0012,0.00195
09.09.2025 15:02:22.291 UTC,1.38208,1.38196,0.00315,0.00285
09.09.2025 15:02:26.437 UTC,1.38208,1.38198,0.00225,0.00285
09.09.2025 15:02:28.266 UTC,1.38207,1.38196,0.00135,0.00285
09.09.2025 15:02:28.420 UTC,1.38206,1.38198,0.00135,0.0012
09.09.2025 15:02:28.573 UTC,1.38209,1.382,0.0012,0.00405
09.09.2025 15:02:28.676 UTC,1.38213,1.38203,0.0012,0.0012
09.09.2025 15:02:28.727 UTC,1.38215,1.38203,0.00315,0.0018
09.09.2025 15:02:28.829 UTC,1.38215,1.38203,0.00225,0.00135
09.09.2025 15:02:28.932 UTC,1.38215,1.38203,0.00315,0.0024
09.09.2025 15:02:29.034 UTC,1.38214,1.38204,0.00315,0.00225
09.09.2025 15:02:29.288 UTC,1.38214,1.38204,0.00315,0.0024
09.09.2025 15:02:30.502 UTC,1.38215,1.38204,0.00135,0.00195
09.09.2025 15:02:30.656 UTC,1.38216,1.38206,0.0018,0.00285
09.09.2025 15:02:30.759 UTC,1.38217,1.38208,0.0012,0.00135
09.09.2025 15:02:30.861 UTC,1.38218,1.38207,0.0012,0.00285
09.09.2025 15:02:30.964 UTC,1.3822,1.38208,0.0012,0.0012
09.09.2025 15:02:31.372 UTC,1.38219,1.38209,0.0012,0.0012
09.09.2025 15:02:31.526 UTC,1.38223,1.38211,0.0018,0.00315
09.09.2025 15:02:31.630 UTC,1.38226,1.38215,0.0012,0.00225
09.09.2025 15:02:31.733 UTC,1.38227,1.38216,0.0018,0.0012
09.09.2025 15:02:31.938 UTC,1.38226,1.38217,0.0012,0.0012
09.09.2025 15:02:32.041 UTC,1.38226,1.38215,0.0018,0.0012
09.09.2025 15:02:32.144 UTC,1.38225,1.38214,0.0012,0.0012
09.09.2025 15:02:32.299 UTC,1.38225,1.38213,0.0018,0.00135
09.09.2025 15:02:32.800 UTC,1.38225,1.38213,0.0012,0.0018
09.09.2025 15:02:33.365 UTC,1.38225,1.38215,0.0018,0.0024
09.09.2025 15:02:33.974 UTC,1.38226,1.38217,0.0012,0.0012
09.09.2025 15:02:34.940 UTC,1.38226,1.38216,0.0012,0.0012
09.09.2025 15:02:35.043 UTC,1.38226,1.38213,0.0018,0.0069
09.09.2025 15:02:36.055 UTC,1.38224,1.38214,0.0018,0.00195
09.09.2025 15:02:36.210 UTC,1.38225,1.38213,0.0018,0.00195
09.09.2025 15:02:36.314 UTC,1.38222,1.38213,0.0012,0.0018
09.09.2025 15:02:36.416 UTC,1.38223,1.38211,0.0012,0.0018
09.09.2025 15:02:36.519 UTC,1.38224,1.38212,0.0027,0.0012
09.09.2025 15:02:36.621 UTC,1.38223,1.38211,0.0012,0.0018
09.09.2025 15:02:36.725 UTC,1.38224,1.38212,0.0027,0.0012
09.09.2025 15:02:37.838 UTC,1.38224,1.38211,0.0018,0.00225
09.09.2025 15:02:38.246 UTC,1.38223,1.38212,0.0012,0.0033
09.09.2025 15:02:38.452 UTC,1.38224,1.38213,0.0012,0.00285
09.09.2025 15:02:38.655 UTC,1.38225,1.38213,0.0012,0.0012
09.09.2025 15:02:39.821 UTC,1.38223,1.38214,0.0012,0.00195
09.09.2025 15:02:39.928 UTC,1.38223,1.38212,0.0012,0.0012
09.09.2025 15:02:40.079 UTC,1.38224,1.38212,0.0027,0.00195
09.09.2025 15:02:40.789 UTC,1.38225,1.38213,0.0018,0.00135
09.09.2025 15:02:40.891 UTC,1.38225,1.38213,0.0018,0.0018
09.09.2025 15:02:41.399 UTC,1.38226,1.38214,0.0018,0.0012
09.09.2025 15:02:42.510 UTC,1.38226,1.38215,0.0012,0.00225
09.09.2025 15:02:42.613 UTC,1.38227,1.38215,0.0012,0.0036
09.09.2025 15:02:42.716 UTC,1.38228,1.38216,0.0012,0.00285
09.09.2025 15:02:44.687 UTC,1.38229,1.38219,0.0012,0.00225
09.09.2025 15:02:44.842 UTC,1.38229,1.38217,0.0012,0.0033
09.09.2025 15:02:44.946 UTC,1.38227,1.38217,0.0018,0.0051
09.09.2025 15:02:48.658 UTC,1.38229,1.38221,0.0012,0.00225
09.09.2025 15:02:48.716 UTC,1.38232,1.38225,0.0012,0.00135
09.09.2025 15:02:48.768 UTC,1.38235,1.38223,0.0012,0.00555
09.09.2025 15:02:48.871 UTC,1.38234,1.38224,0.0012,0.0018
09.09.2025 15:02:50.397 UTC,1.38235,1.38223,0.0012,0.0012
09.09.2025 15:02:50.600 UTC,1.38235,1.38225,0.0018,0.0012
09.09.2025 15:02:50.653 UTC,1.38236,1.38226,0.0012,0.00135
09.09.2025 15:02:50.759 UTC,1.38236,1.38227,0.0018,0.00195
09.09.2025 15:02:51.216 UTC,1.38237,1.38226,0.0012,0.00195
09.09.2025 15:02:52.940 UTC,1.38238,1.38227,0.00315,0.0042
09.09.2025 15:02:53.043 UTC,1.38239,1.38228,0.0018,0.00195
09.09.2025 15:02:53.147 UTC,1.3824,1.38228,0.0012,0.0018
09.09.2025 15:02:53.198 UTC,1.3824,1.38227,0.0018,0.00405
09.09.2025 15:02:53.250 UTC,1.38238,1.38227,0.0012,0.0012
09.09.2025 15:02:54.562 UTC,1.38237,1.38229,0.0012,0.0012
09.09.2025 15:02:54.617 UTC,1.3824,1.3823,0.0012,0.00135
09.09.2025 15:02:54.669 UTC,1.38241,1.38232,0.0012,0.0012
09.09.2025 15:02:54.721 UTC,1.38244,1.38232,0.0018,0.00135
09.09.2025 15:02:55.333 UTC,1.38243,1.38231,0.0012,0.0018
09.09.2025 15:02:55.436 UTC,1.38238,1.38226,0.0012,0.00195
09.09.2025 15:02:55.539 UTC,1.38238,1.38225,0.0012,0.00645
09.09.2025 15:02:55.694 UTC,1.38238,1.38226,0.0012,0.00195
09.09.2025 15:02:55.797 UTC,1.38239,1.38226,0.0012,0.0069
09.09.2025 15:02:56.202 UTC,1.38239,1.38228,0.0012,0.0012
09.09.2025 15:02:56.305 UTC,1.38238,1.38229,0.0012,0.0012
09.09.2025 15:02:57.215 UTC,1.3824,1.38228,0.0012,0.0012
09.09.2025 15:02:57.319 UTC,1.38241,1.3823,0.0012,0.00195
09.09.2025 15:02:57.774 UTC,1.38241,1.3823,0.0012,0.0018
09.09.2025 15:02:57.877 UTC,1.3824,1.38231,0.0012,0.00195
09.09.2025 15:02:57.980 UTC,1.38241,1.38229,0.0018,0.00195
09.09.2025 15:02:58.082 UTC,1.3824,1.3823,0.0018,0.00135
09.09.2025 15:02:58.185 UTC,1.3824,1.38229,0.0012,0.00135
09.09.2025 15:02:58.642 UTC,1.38238,1.38226,0.0012,0.0024
09.09.2025 15:02:58.745 UTC,1.38238,1.38228,0.00135,0.0012
09.09.2025 15:02:58.848 UTC,1.38239,1.38227,0.00135,0.0012
09.09.2025 15:02:59.256 UTC,1.3824,1.38228,0.0012,0.00135
09.09.2025 15:02:59.512 UTC,1.3824,1.38228,0.0012,0.0024
09.09.2025 15:02:59.716 UTC,1.3824,1.38229,0.0012,0.0012
09.09.2025 15:03:00.121 UTC,1.3824,1.38229,0.0012,0.0018
09.09.2025 15:03:00.569 UTC,1.38239,1.38228,0.0012,0.0012
09.09.2025 15:03:01.029 UTC,1.38238,1.38227,0.0012,0.0018
09.09.2025 15:03:01.133 UTC,1.38236,1.38225,0.0012,0.0033
09.09.2025 15:03:01.185 UTC,1.38235,1.38225,0.0012,0.0018
09.09.2025 15:03:01.288 UTC,1.38236,1.38224,0.0012,0.00195
09.09.2025 15:03:01.643 UTC,1.38237,1.38224,0.0012,0.0024
09.09.2025 15:03:01.948 UTC,1.38237,1.38226,0.0012,0.00135
09.09.2025 15:03:03.467 UTC,1.38236,1.38225,0.0012,0.0012
09.09.2025 15:03:03.571 UTC,1.38235,1.38224,0.0012,0.0012
09.09.2025 15:03:03.827 UTC,1.38235,1.38223,0.0012,0.0018
09.09.2025 15:03:03.930 UTC,1.38236,1.38224,0.0012,0.0012
09.09.2025 15:03:04.686 UTC,1.38236,1.38224,0.0012,0.0024
09.09.2025 15:03:04.991 UTC,1.38236,1.38224,0.0012,0.0018
09.09.2025 15:03:05.094 UTC,1.38235,1.38225,0.0012,0.00195
09.09.2025 15:03:05.246 UTC,1.38236,1.38224,0.0012,0.0018
09.09.2025 15:03:05.398 UTC,1.38236,1.38224,0.0012,0.00195
09.09.2025 15:03:06.002 UTC,1.38236,1.38224,0.0012,0.0018
09.09.2025 15:03:06.760 UTC,1.38237,1.38225,0.0018,0.0027
09.09.2025 15:03:06.863 UTC,1.38236,1.38226,0.0012,0.0033
09.09.2025 15:03:12.433 UTC,1.38236,1.38227,0.0012,0.0012
09.09.2025 15:03:12.536 UTC,1.38238,1.38227,0.0018,0.0012
09.09.2025 15:03:13.094 UTC,1.38237,1.38226,0.0012,0.00135
09.09.2025 15:03:13.855 UTC,1.38238,1.38226,0.0012,0.00285
09.09.2025 15:03:15.276 UTC,1.38238,1.38228,0.0012,0.0018
09.09.2025 15:03:15.380 UTC,1.3824,1.38228,0.0018,0.00135
09.09.2025 15:03:15.483 UTC,1.38239,1.38227,0.0012,0.0018
09.09.2025 15:03:15.587 UTC,1.38238,1.38227,0.0012,0.0018
09.09.2025 15:03:15.690 UTC,1.38237,1.38227,0.0018,0.00135
09.09.2025 15:03:16.578 UTC,1.38236,1.38225,0.00225,0.00285
09.09.2025 15:03:16.631 UTC,1.38231,1.38224,0.0012,0.00135
09.09.2025 15:03:16.682 UTC,1.38232,1.38221,0.0012,0.00135
09.09.2025 15:03:16.785 UTC,1.38232,1.3822,0.0012,0.00225
09.09.2025 15:03:16.887 UTC,1.38233,1.38221,0.0027,0.0012
09.09.2025 15:03:16.991 UTC,1.38233,1.38222,0.0018,0.00135
09.09.2025 15:03:17.449 UTC,1.38233,1.38223,0.0012,0.00285
09.09.2025 15:03:17.602 UTC,1.38233,1.38223,0.0012,0.0027
09.09.2025 15:03:17.957 UTC,1.38233,1.38222,0.0012,0.0012
09.09.2025 15:03:19.124 UTC,1.38232,1.38222,0.0018,0.0027
09.09.2025 15:03:19.430 UTC,1.38232,1.38222,0.0012,0.00285
09.09.2025 15:03:19.685 UTC,1.38233,1.38221,0.0012,0.0027
09.09.2025 15:03:21.613 UTC,1.38234,1.38222,0.00225,0.00285
09.09.2025 15:03:24.124 UTC,1.38235,1.38223,0.00225,0.00285
09.09.2025 15:03:24.278 UTC,1.38236,1.38224,0.00135,0.00195
09.09.2025 15:03:24.381 UTC,1.38237,1.38225,0.00225,0.00195
09.09.2025 15:03:24.535 UTC,1.38238,1.38225,0.00315,0.00285
09.09.2025 15:03:24.639 UTC,1.38238,1.38228,0.00225,0.00135
09.09.2025 15:03:27.117 UTC,1.38239,1.38227,0.0012,0.00285
09.09.2025 15:03:27.220 UTC,1.38239,1.38229,0.0012,0.0027
09.09.2025 15:03:27.326 UTC,1.38245,1.38232,0.0072,0.0012
09.09.2025 15:03:27.379 UTC,1.38245,1.38232,0.0027,0.00285
09.09.2025 15:03:27.534 UTC,1.38245,1.38233,0.00225,0.0012
09.09.2025 15:03:28.496 UTC,1.38245,1.38233,0.00225,0.00195
09.09.2025 15:03:28.651 UTC,1.38244,1.38234,0.00225,0.00135
09.09.2025 15:03:28.844 UTC,1.38245,1.38233,0.00225,0.0018
09.09.2025 15:03:28.946 UTC,1.38245,1.38233,0.00225,0.00135
09.09.2025 15:03:29.051 UTC,1.38245,1.38233,0.00225,0.00195
09.09.2025 15:03:30.369 UTC,1.38246,1.38235,0.00585,0.00195
09.09.2025 15:03:30.421 UTC,1.38244,1.38235,0.0012,0.0018
09.09.2025 15:03:31.732 UTC,1.38247,1.38235,0.0027,0.0018
09.09.2025 15:03:31.887 UTC,1.38248,1.3824,0.0012,0.00135
09.09.2025 15:03:31.938 UTC,1.38251,1.38242,0.0012,0.0012
09.09.2025 15:03:32.041 UTC,1.38252,1.3824,0.0012,0.00135
09.09.2025 15:03:32.144 UTC,1.38251,1.38239,0.0012,0.0024
09.09.2025 15:03:32.400 UTC,1.38253,1.3824,0.0018,0.00135
09.09.2025 15:03:32.502 UTC,1.38253,1.38241,0.0012,0.00135
09.09.2025 15:03:33.464 UTC,1.38251,1.38241,0.0012,0.00135
09.09.2025 15:03:33.825 UTC,1.38253,1.3824,0.00405,0.00225
09.09.2025 15:03:35.139 UTC,1.38253,1.38241,0.0018,0.0012
09.09.2025 15:03:35.440 UTC,1.38253,1.3824,0.0012,0.0027
09.09.2025 15:03:35.694 UTC,1.38254,1.38242,0.0012,0.00225
09.09.2025 15:03:35.798 UTC,1.38255,1.38243,0.00315,0.0027
09.09.2025 15:03:36.411 UTC,1.38255,1.38243,0.00225,0.00285
09.09.2025 15:03:36.513 UTC,1.38255,1.38243,0.00225,0.0027
09.09.2025 15:03:36.970 UTC,1.38255,1.38243,0.0012,0.0042
09.09.2025 15:03:37.073 UTC,1.38256,1.38246,0.0012,0.00195
09.09.2025 15:03:37.125 UTC,1.38258,1.38246,0.0027,0.00195
09.09.2025 15:03:37.228 UTC,1.38257,1.38246,0.0012,0.0012
09.09.2025 15:03:37.739 UTC,1.38256,1.38244,0.0012,0.00285
09.09.2025 15:03:37.945 UTC,1.38257,1.38245,0.0018,0.00195
09.09.2025 15:03:39.267 UTC,1.38255,1.38245,0.0012,0.0018
09.09.2025 15:03:39.371 UTC,1.38254,1.38243,0.0012,0.0012
09.09.2025 15:03:39.473 UTC,1.38254,1.38242,0.0012,0.0036
09.09.2025 15:03:40.135 UTC,1.38254,1.38243,0.0012,0.0012
09.09.2025 15:03:41.200 UTC,1.38252,1.38243,0.0012,0.00225
09.09.2025 15:03:41.305 UTC,1.38252,1.38241,0.0012,0.0018
09.09.2025 15:03:41.408 UTC,1.38251,1.38242,0.0018,0.0012
09.09.2025 15:03:41.765 UTC,1.38252,1.3824,0.0018,0.00225
09.09.2025 15:03:42.219 UTC,1.38252,1.38242,0.0012,0.0027
09.09.2025 15:03:42.323 UTC,1.38253,1.38242,0.0012,0.00225
09.09.2025 15:03:42.933 UTC,1.38252,1.38243,0.0012,0.00285
09.09.2025 15:03:43.237 UTC,1.38253,1.38242,0.0012,0.0027
09.09.2025 15:03:45.012 UTC,1.38251,1.38241,0.0012,0.0051
09.09.2025 15:03:45.063 UTC,1.38252,1.3824,0.0012,0.0045
09.09.2025 15:03:45.875 UTC,1.38251,1.38241,0.0012,0.00375
09.09.2025 15:03:45.978 UTC,1.38253,1.38241,0.0012,0.0024
09.09.2025 15:03:46.081 UTC,1.38253,1.38243,0.0012,0.0012
09.09.2025 15:03:46.184 UTC,1.38252,1.38242,0.0012,0.00285
09.09.2025 15:03:46.695 UTC,1.38252,1.38242,0.0012,0.0027
09.09.2025 15:03:46.797 UTC,1.38253,1.38241,0.0012,0.00285
09.09.2025 15:03:47.402 UTC,1.38253,1.38242,0.0012,0.0012
09.09.2025 15:03:48.908 UTC,1.38254,1.38244,0.0012,0.00285
09.09.2025 15:03:49.012 UTC,1.38256,1.38244,0.0018,0.0027
09.09.2025 15:03:49.114 UTC,1.38255,1.38245,0.0012,0.0033
09.09.2025 15:03:49.369 UTC,1.38256,1.38244,0.0012,0.00375
09.09.2025 15:03:49.521 UTC,1.38257,1.38245,0.0012,0.00135
09.09.2025 15:03:49.624 UTC,1.38257,1.38247,0.0012,0.00315
09.09.2025 15:03:49.982 UTC,1.38256,1.38245,0.0012,0.00195
09.09.2025 15:03:50.085 UTC,1.38256,1.38244,0.0012,0.0069
09.09.2025 15:03:50.187 UTC,1.38255,1.38245,0.0012,0.00675
09.09.2025 15:03:50.290 UTC,1.38256,1.38244,0.0012,0.0069
09.09.2025 15:03:50.392 UTC,1.38255,1.38245,0.0012,0.00405
09.09.2025 15:03:50.495 UTC,1.38256,1.38245,0.0012,0.0012
09.09.2025 15:03:50.851 UTC,1.38254,1.38245,0.0012,0.00195
09.09.2025 15:03:50.953 UTC,1.38255,1.38244,0.0012,0.0018
09.09.2025 15:03:51.056 UTC,1.38255,1.38243,0.0012,0.0069
09.09.2025 15:03:51.159 UTC,1.38254,1.38244,0.0012,0.00675
09.09.2025 15:03:54.501 UTC,1.38256,1.38245,0.0012,0.0012
09.09.2025 15:03:54.604 UTC,1.38257,1.38247,0.0027,0.0018
09.09.2025 15:03:54.698 UTC,1.38256,1.38245,0.0012,0.0012
09.09.2025 15:03:55.316 UTC,1.38255,1.38246,0.0012,0.0012
09.09.2025 15:03:55.926 UTC,1.38256,1.38245,0.0012,0.0018
09.09.2025 15:03:56.079 UTC,1.38256,1.38245,0.0012,0.00195
09.09.2025 15:03:56.584 UTC,1.38256,1.38245,0.0012,0.0018
09.09.2025 15:03:56.687 UTC,1.38256,1.38245,0.0012,0.0024
09.09.2025 15:03:56.891 UTC,1.38257,1.38247,0.0018,0.0018
09.09.2025 15:03:57.044 UTC,1.38256,1.38246,0.0012,0.0012
09.09.2025 15:03:57.146 UTC,1.38257,1.38245,0.0018,0.0012
09.09.2025 15:03:58.107 UTC,1.38254,1.38244,0.0012,0.00285
09.09.2025 15:03:58.211 UTC,1.38255,1.38243,0.0012,0.00135
09.09.2025 15:03:59.481 UTC,1.38256,1.38244,0.0012,0.00225
09.09.2025 15:03:59.583 UTC,1.38257,1.38245,0.0018,0.0018
09.09.2025 15:03:59.788 UTC,1.38257,1.38245,0.0012,0.00135
09.09.2025 15:03:59.941 UTC,1.38256,1.38246,0.0018,0.0018
09.09.2025 15:04:00.550 UTC,1.38256,1.38246,0.0018,0.00135
09.09.2025 15:04:00.703 UTC,1.38257,1.38245,0.0018,0.0018
09.09.2025 15:04:00.908 UTC,1.38257,1.38247,0.0012,0.0054
09.09.2025 15:04:01.010 UTC,1.38257,1.38247,0.0012,0.00555
09.09.2025 15:04:01.163 UTC,1.38257,1.38247,0.0012,0.0054
09.09.2025 15:04:01.517 UTC,1.38256,1.38246,0.0012,0.0018
09.09.2025 15:04:01.654 UTC,1.38257,1.38245,0.0018,0.00135
09.09.2025 15:04:01.757 UTC,1.38257,1.38245,0.0018,0.0018
09.09.2025 15:04:01.860 UTC,1.38256,1.38246,0.0018,0.00135
09.09.2025 15:04:02.013 UTC,1.38257,1.38245,0.0012,0.0018
09.09.2025 15:04:02.522 UTC,1.38256,1.38244,0.0012,0.00195
09.09.2025 15:04:02.624 UTC,1.38256,1.38244,0.0018,0.0018
09.09.2025 15:04:02.777 UTC,1.38256,1.38244,0.0012,0.0033
09.09.2025 15:04:02.881 UTC,1.3826,1.38248,0.0018,0.00135
09.09.2025 15:04:02.985 UTC,1.3826,1.38249,0.0012,0.0018
09.09.2025 15:04:03.649 UTC,1.38261,1.38249,0.0018,0.00315
09.09.2025 15:04:04.259 UTC,1.38263,1.38251,0.0018,0.00135
09.09.2025 15:04:04.363 UTC,1.38264,1.38252,0.0027,0.00135
09.09.2025 15:04:04.467 UTC,1.38263,1.38254,0.0012,0.0012
09.09.2025 15:04:04.723 UTC,1.38265,1.38254,0.0012,0.0012
09.09.2025 15:04:04.829 UTC,1.38266,1.38254,0.0012,0.00135
09.09.2025 15:04:04.931 UTC,1.38265,1.38254,0.0012,0.00135
09.09.2025 15:04:05.694 UTC,1.38264,1.38253,0.0012,0.0012
09.09.2025 15:04:06.306 UTC,1.38264,1.38254,0.0012,0.0012
09.09.2025 15:04:06.357 UTC,1.38265,1.38255,0.0012,0.00135
09.09.2025 15:04:06.409 UTC,1.38266,1.38256,0.0012,0.0012
09.09.2025 15:04:06.512 UTC,1.3827,1.38258,0.00135,0.0012
09.09.2025 15:04:06.565 UTC,1.38267,1.38256,0.0012,0.0018
09.09.2025 15:04:06.668 UTC,1.38266,1.38256,0.0012,0.00135
09.09.2025 15:04:07.128 UTC,1.38266,1.38257,0.0012,0.0012
09.09.2025 15:04:07.282 UTC,1.38268,1.38257,0.0012,0.0012
09.09.2025 15:04:07.334 UTC,1.3827,1.38257,0.00135,0.0012
09.09.2025 15:04:07.489 UTC,1.3827,1.3826,0.00315,0.0012
09.09.2025 15:04:07.695 UTC,1.38271,1.38257,0.006,0.0018
09.09.2025 15:04:07.798 UTC,1.38268,1.38259,0.0012,0.0012
09.09.2025 15:04:07.901 UTC,1.3827,1.38258,0.0012,0.0012
09.09.2025 15:04:08.004 UTC,1.38271,1.38258,0.0012,0.00195
09.09.2025 15:04:08.664 UTC,1.38272,1.38258,0.00315,0.0018
09.09.2025 15:04:08.767 UTC,1.38271,1.38258,0.00135,0.00135
09.09.2025 15:04:08.919 UTC,1.3827,1.38258,0.0012,0.0012
09.09.2025 15:04:09.780 UTC,1.38272,1.38259,0.0045,0.0018
09.09.2025 15:04:09.882 UTC,1.3827,1.3826,0.0012,0.00135
09.09.2025 15:04:10.389 UTC,1.38271,1.38258,0.0018,0.00135
09.09.2025 15:04:10.492 UTC,1.38269,1.38259,0.0012,0.00135
09.09.2025 15:04:10.748 UTC,1.38269,1.38259,0.0012,0.00195
09.09.2025 15:04:10.851 UTC,1.38269,1.38259,0.0012,0.00135
09.09.2025 15:04:11.157 UTC,1.38268,1.38259,0.0012,0.00135
09.09.2025 15:04:11.514 UTC,1.38268,1.38257,0.0018,0.00285
09.09.2025 15:04:11.566 UTC,1.38267,1.38255,0.0012,0.00285
09.09.2025 15:04:11.668 UTC,1.38266,1.38256,0.0012,0.00285
09.09.2025 15:04:12.381 UTC,1.38266,1.38255,0.0018,0.0018
09.09.2025 15:04:12.485 UTC,1.38266,1.38253,0.0012,0.0018
09.09.2025 15:04:12.994 UTC,1.38265,1.38253,0.0012,0.0018
09.09.2025 15:04:13.096 UTC,1.38266,1.38253,0.0027,0.0018
09.09.2025 15:04:13.199 UTC,1.38265,1.38254,0.0027,0.00135
09.09.2025 15:04:13.301 UTC,1.38265,1.38253,0.0012,0.00135
09.09.2025 15:04:13.456 UTC,1.38264,1.38254,0.0012,0.0018
09.09.2025 15:04:13.862 UTC,1.38266,1.38254,0.0012,0.00135
09.09.2025 15:04:13.965 UTC,1.38265,1.38255,0.0012,0.0018
09.09.2025 15:04:14.068 UTC,1.38266,1.38254,0.0012,0.00135
09.09.2025 15:04:14.171 UTC,1.38265,1.38255,0.0012,0.00195
09.09.2025 15:04:14.324 UTC,1.38266,1.38254,0.0012,0.00135
09.09.2025 15:04:14.679 UTC,1.38265,1.38254,0.0012,0.00135
09.09.2025 15:04:16.654 UTC,1.38263,1.38251,0.0012,0.00195
09.09.2025 15:04:16.757 UTC,1.38262,1.38253,0.0012,0.00195
09.09.2025 15:04:17.570 UTC,1.38264,1.38253,0.0012,0.00135
09.09.2025 15:04:17.672 UTC,1.38264,1.38253,0.0012,0.00195
09.09.2025 15:04:19.244 UTC,1.38264,1.38256,0.0018,0.0045
09.09.2025 15:04:19.348 UTC,1.38268,1.38262,0.0012,0.0012
09.09.2025 15:04:19.400 UTC,1.38273,1.38261,0.0012,0.00135
09.09.2025 15:04:19.758 UTC,1.38274,1.38262,0.0018,0.0012
09.09.2025 15:04:19.912 UTC,1.38274,1.38262,0.0012,0.0024
09.09.2025 15:04:20.262 UTC,1.38273,1.38261,0.0012,0.00225
09.09.2025 15:04:20.365 UTC,1.38271,1.38259,0.0012,0.00285
09.09.2025 15:04:20.417 UTC,1.3827,1.38259,0.0018,0.0018
09.09.2025 15:04:20.520 UTC,1.3827,1.38259,0.0012,0.0012
09.09.2025 15:04:20.623 UTC,1.38269,1.38258,0.0018,0.0024
09.09.2025 15:04:22.952 UTC,1.3827,1.38259,0.0018,0.0018
09.09.2025 15:04:23.055 UTC,1.38271,1.38258,0.0012,0.00195
09.09.2025 15:04:24.632 UTC,1.38273,1.38261,0.0018,0.0012
09.09.2025 15:04:24.736 UTC,1.3827,1.38261,0.0012,0.0012
09.09.2025 15:04:24.838 UTC,1.38271,1.38259,0.0012,0.00135
09.09.2025 15:04:25.093 UTC,1.3827,1.38258,0.0012,0.0018
09.09.2025 15:04:25.196 UTC,1.38266,1.38256,0.0012,0.0033
09.09.2025 15:04:25.299 UTC,1.38267,1.38255,0.0018,0.0018
09.09.2025 15:04:25.758 UTC,1.38267,1.38257,0.0012,0.0027
09.09.2025 15:04:25.861 UTC,1.38269,1.38257,0.0012,0.00135
09.09.2025 15:04:26.954 UTC,1.38268,1.38258,0.0012,0.00195
09.09.2025 15:04:27.361 UTC,1.38269,1.38257,0.0012,0.00135
09.09.2025 15:04:27.517 UTC,1.38268,1.38257,0.0012,0.00135
09.09.2025 15:04:27.826 UTC,1.38269,1.38257,0.0018,0.0018
09.09.2025 15:04:28.184 UTC,1.38269,1.38257,0.0018,0.00195
09.09.2025 15:04:28.287 UTC,1.38269,1.38257,0.0018,0.0018
09.09.2025 15:04:29.503 UTC,1.38268,1.38255,0.0012,0.0069
09.09.2025 15:04:29.658 UTC,1.38267,1.38256,0.0012,0.006
09.09.2025 15:04:29.761 UTC,1.38267,1.38254,0.0018,0.006
09.09.2025 15:04:29.966 UTC,1.38268,1.38256,0.0012,0.0033
09.09.2025 15:04:30.069 UTC,1.38269,1.38257,0.0012,0.00195
09.09.2025 15:04:30.222 UTC,1.38267,1.38257,0.0012,0.00195
09.09.2025 15:04:30.882 UTC,1.38268,1.38256,0.0018,0.0018
09.09.2025 15:04:31.290 UTC,1.38267,1.38257,0.0012,0.00375
09.09.2025 15:04:31.443 UTC,1.38268,1.38256,0.0012,0.00375
09.09.2025 15:04:33.161 UTC,1.38268,1.38258,0.0018,0.0012
09.09.2025 15:04:33.465 UTC,1.38267,1.38257,0.0012,0.00135
09.09.2025 15:04:33.517 UTC,1.38265,1.38255,0.0012,0.0018
09.09.2025 15:04:33.621 UTC,1.38266,1.38257,0.0012,0.0012
09.09.2025 15:04:33.723 UTC,1.38267,1.38257,0.0012,0.0012
09.09.2025 15:04:34.526 UTC,1.38265,1.38257,0.0012,0.0012
09.09.2025 15:04:34.634 UTC,1.38267,1.38256,0.00675,0.00135
09.09.2025 15:04:34.748 UTC,1.38267,1.38257,0.00495,0.0012
09.09.2025 15:04:34.902 UTC,1.38268,1.38258,0.0012,0.0012
09.09.2025 15:04:37.882 UTC,1.38267,1.38258,0.0018,0.00135
09.09.2025 15:04:38.891 UTC,1.38267,1.38259,0.00315,0.0012
09.09.2025 15:04:39.899 UTC,1.38267,1.38258,0.00315,0.00135
09.09.2025 15:04:40.354 UTC,1.38266,1.38258,0.0012,0.00135
09.09.2025 15:04:41.370 UTC,1.38267,1.38258,0.0012,0.0012
09.09.2025 15:04:41.472 UTC,1.38268,1.38258,0.00225,0.0012
09.09.2025 15:04:47.167 UTC,1.38267,1.38255,0.0012,0.0024
09.09.2025 15:04:47.271 UTC,1.38264,1.38255,0.0012,0.0018
09.09.2025 15:04:47.323 UTC,1.38265,1.38255,0.0012,0.0012
09.09.2025 15:04:47.578 UTC,1.38267,1.38255,0.0018,0.0018
09.09.2025 15:04:47.681 UTC,1.38268,1.38256,0.00225,0.00225
09.09.2025 15:04:48.225 UTC,1.38268,1.38257,0.00135,0.0024
09.09.2025 15:04:50.151 UTC,1.38268,1.38258,0.00315,0.0024
09.09.2025 15:04:50.556 UTC,1.3827,1.38258,0.0018,0.00225
09.09.2025 15:04:51.217 UTC,1.38271,1.38259,0.0027,0.00135
09.09.2025 15:04:51.321 UTC,1.38271,1.38264,0.0012,0.0012
09.09.2025 15:04:51.373 UTC,1.38275,1.38263,0.00225,0.0012
09.09.2025 15:04:51.629 UTC,1.38274,1.38265,0.00135,0.0012
09.09.2025 15:04:52.891 UTC,1.38274,1.38264,0.00135,0.0012
09.09.2025 15:04:54.409 UTC,1.38275,1.38264,0.00225,0.0012
09.09.2025 15:04:55.166 UTC,1.38274,1.38262,0.00135,0.00285
09.09.2025 15:04:55.268 UTC,1.38273,1.38262,0.00135,0.0018
09.09.2025 15:04:55.371 UTC,1.38272,1.38263,0.00135,0.0012
09.09.2025 15:04:55.474 UTC,1.38273,1.38261,0.00225,0.0012
09.09.2025 15:04:58.655 UTC,1.38274,1.38262,0.00225,0.0012
09.09.2025 15:04:58.758 UTC,1.38275,1.38263,0.00225,0.00135
09.09.2025 15:04:58.860 UTC,1.38275,1.38263,0.00225,0.0018
09.09.2025 15:05:00.073 UTC,1.38276,1.38264,0.00225,0.00135
09.09.2025 15:05:01.590 UTC,1.38274,1.38261,0.0036,0.0018
09.09.2025 15:05:01.642 UTC,1.38273,1.3826,0.0012,0.00285
09.09.2025 15:05:02.099 UTC,1.38273,1.38262,0.0012,0.0012
09.09.2025 15:05:02.203 UTC,1.38274,1.38262,0.00225,0.0012
09.09.2025 15:05:02.305 UTC,1.38274,1.38262,0.00225,0.0024
09.09.2025 15:05:04.174 UTC,1.38276,1.38264,0.0012,0.0027
09.09.2025 15:05:05.947 UTC,1.38274,1.38262,0.0012,0.00195
09.09.2025 15:05:10.726 UTC,1.38276,1.38263,0.00225,0.00195
09.09.2025 15:05:11.493 UTC,1.38277,1.38265,0.0018,0.0018
09.09.2025 15:05:11.699 UTC,1.38279,1.38267,0.0018,0.0018
09.09.2025 15:05:11.802 UTC,1.38278,1.38269,0.0012,0.00135
09.09.2025 15:05:13.472 UTC,1.38278,1.38266,0.0012,0.00195
09.09.2025 15:05:13.575 UTC,1.38277,1.38265,0.0012,0.0024
09.09.2025 15:05:13.677 UTC,1.38277,1.38265,0.0012,0.0018
09.09.2025 15:05:13.779 UTC,1.38276,1.38266,0.0012,0.00195
09.09.2025 15:05:15.393 UTC,1.38275,1.38264,0.0012,0.0033
09.09.2025 15:05:16.591 UTC,1.38275,1.38265,0.0012,0.0012
09.09.2025 15:05:16.745 UTC,1.38277,1.38265,0.0012,0.0027
09.09.2025 15:05:16.848 UTC,1.38277,1.38265,0.0012,0.00195
09.09.2025 15:05:18.773 UTC,1.38276,1.38264,0.0012,0.0024
09.09.2025 15:05:18.876 UTC,1.38276,1.38263,0.0012,0.0018
09.09.2025 15:05:18.978 UTC,1.38274,1.38262,0.0012,0.0069
09.09.2025 15:05:19.082 UTC,1.38273,1.38261,0.0012,0.0033
09.09.2025 15:05:20.204 UTC,1.38275,1.38262,0.0012,0.00195
09.09.2025 15:05:20.257 UTC,1.38275,1.38263,0.0012,0.0012
09.09.2025 15:05:22.230 UTC,1.38276,1.38263,0.0012,0.00195
09.09.2025 15:05:22.333 UTC,1.38276,1.38265,0.00315,0.00195
09.09.2025 15:05:22.436 UTC,1.38277,1.38264,0.00315,0.0018
09.09.2025 15:05:22.640 UTC,1.38276,1.38264,0.0012,0.00195
09.09.2025 15:05:23.096 UTC,1.38277,1.38264,0.00315,0.00195
09.09.2025 15:05:23.899 UTC,1.38277,1.38265,0.00225,0.0012
09.09.2025 15:05:25.066 UTC,1.38278,1.38266,0.00225,0.0012
09.09.2025 15:05:26.380 UTC,1.38278,1.38267,0.00135,0.0012
09.09.2025 15:05:27.595 UTC,1.38277,1.38267,0.00225,0.00135
09.09.2025 15:05:28.863 UTC,1.38276,1.38267,0.0012,0.00135
09.09.2025 15:05:29.418 UTC,1.38278,1.38266,0.00585,0.00135
09.09.2025 15:05:30.126 UTC,1.38277,1.38267,0.00555,0.00135
09.09.2025 15:05:30.280 UTC,1.38276,1.38264,0.00135,0.0018
09.09.2025 15:05:30.332 UTC,1.38276,1.38264,0.0018,0.00135
09.09.2025 15:05:34.555 UTC,1.38275,1.38263,0.0012,0.0042
09.09.2025 15:05:35.367 UTC,1.38275,1.38265,0.0018,0.00135
09.09.2025 15:05:36.684 UTC,1.38275,1.38267,0.0012,0.00135
09.09.2025 15:05:36.789 UTC,1.38282,1.3827,0.0018,0.0012
09.09.2025 15:05:36.840 UTC,1.38281,1.38271,0.0012,0.00135
09.09.2025 15:05:36.994 UTC,1.38283,1.38271,0.0027,0.0012
09.09.2025 15:05:37.706 UTC,1.38283,1.38272,0.0012,0.0012
09.09.2025 15:05:38.958 UTC,1.38282,1.38271,0.0012,0.0018
09.09.2025 15:05:39.060 UTC,1.38281,1.38272,0.0012,0.00135
09.09.2025 15:05:39.365 UTC,1.38283,1.38271,0.0018,0.00135
09.09.2025 15:05:40.275 UTC,1.38283,1.38271,0.0012,0.0024
09.09.2025 15:05:42.329 UTC,1.38284,1.38272,0.0012,0.00135
09.09.2025 15:05:42.633 UTC,1.38284,1.38272,0.0018,0.00135
09.09.2025 15:05:42.736 UTC,1.38284,1.38272,0.00225,0.00135
09.09.2025 15:05:43.952 UTC,1.38284,1.38272,0.0018,0.00135
09.09.2025 15:05:44.104 UTC,1.38283,1.38273,0.0012,0.00135
09.09.2025 15:05:49.789 UTC,1.38285,1.38275,0.0018,0.0012
09.09.2025 15:05:51.865 UTC,1.38286,1.38275,0.00225,0.0012
09.09.2025 15:05:51.968 UTC,1.38286,1.38276,0.0027,0.0012
09.09.2025 15:05:52.070 UTC,1.38287,1.38275,0.0018,0.0018
09.09.2025 15:05:53.387 UTC,1.38285,1.38275,0.0012,0.00195
09.09.2025 15:05:53.542 UTC,1.38287,1.38275,0.0027,0.00135
09.09.2025 15:05:56.064 UTC,1.38286,1.38276,0.0042,0.00135
09.09.2025 15:05:56.166 UTC,1.38287,1.38275,0.00405,0.00135
09.09.2025 15:05:59.352 UTC,1.38286,1.38276,0.00135,0.0018
09.09.2025 15:05:59.707 UTC,1.38287,1.38277,0.0012,0.0018
09.09.2025 15:06:02.628 UTC,1.38288,1.38277,0.0012,0.00135
09.09.2025 15:06:02.680 UTC,1.38292,1.3828,0.0018,0.00135
09.09.2025 15:06:02.783 UTC,1.38294,1.38281,0.0036,0.0018
09.09.2025 15:06:02.918 UTC,1.38292,1.3828,0.0024,0.00135
09.09.2025 15:06:03.023 UTC,1.38292,1.3828,0.00225,0.00135
09.09.2025 15:06:03.328 UTC,1.38291,1.38282,0.0012,0.0012
09.09.2025 15:06:03.481 UTC,1.38294,1.38281,0.0027,0.00135
09.09.2025 15:06:03.636 UTC,1.38294,1.38281,0.0018,0.00195
09.09.2025 15:06:05.711 UTC,1.38294,1.38283,0.00315,0.00135
09.09.2025 15:06:06.673 UTC,1.38294,1.38282,0.0012,0.00135
09.09.2025 15:06:09.799 UTC,1.38295,1.38282,0.0012,0.00135
09.09.2025 15:06:10.562 UTC,1.38296,1.38282,0.00405,0.00225
09.09.2025 15:06:10.664 UTC,1.38296,1.38282,0.0042,0.0018
09.09.2025 15:06:11.122 UTC,1.38294,1.38283,0.0024,0.0018
09.09.2025 15:06:11.225 UTC,1.38294,1.38282,0.00135,0.0018
09.09.2025 15:06:11.327 UTC,1.38294,1.38282,0.0012,0.0027
09.09.2025 15:06:11.733 UTC,1.38294,1.38282,0.0042,0.00135
09.09.2025 15:06:11.937 UTC,1.38294,1.38282,0.00315,0.00135
09.09.2025 15:06:12.243 UTC,1.38294,1.38282,0.0033,0.00135
09.09.2025 15:06:12.549 UTC,1.38294,1.38282,0.00405,0.00135
09.09.2025 15:06:13.058 UTC,1.38294,1.38283,0.0012,0.0024
09.09.2025 15:06:13.109 UTC,1.38296,1.38283,0.00135,0.0024
09.09.2025 15:06:13.263 UTC,1.38297,1.38283,0.00225,0.0024
09.09.2025 15:06:13.972 UTC,1.38295,1.38283,0.0012,0.0024
09.09.2025 15:06:14.124 UTC,1.38297,1.38284,0.00225,0.0012
09.09.2025 15:06:14.176 UTC,1.38293,1.38283,0.0012,0.00195
09.09.2025 15:06:14.280 UTC,1.38292,1.38281,0.006,0.0012
09.09.2025 15:06:14.383 UTC,1.38292,1.38279,0.0012,0.00135
09.09.2025 15:06:14.690 UTC,1.38292,1.3828,0.00225,0.0012
09.09.2025 15:06:14.995 UTC,1.38292,1.3828,0.0012,0.0018
09.09.2025 15:06:15.250 UTC,1.38292,1.3828,0.00225,0.0012
09.09.2025 15:06:15.353 UTC,1.38292,1.3828,0.0018,0.0018
09.09.2025 15:06:15.507 UTC,1.38291,1.38281,0.0018,0.00135
09.09.2025 15:06:15.963 UTC,1.38292,1.3828,0.0012,0.0018
09.09.2025 15:06:16.168 UTC,1.38293,1.38281,0.0012,0.00135
09.09.2025 15:06:17.053 UTC,1.38294,1.38281,0.00225,0.00135
09.09.2025 15:06:17.157 UTC,1.38292,1.38282,0.00135,0.00135
09.09.2025 15:06:17.413 UTC,1.38293,1.3828,0.00225,0.00135
09.09.2025 15:06:17.817 UTC,1.38292,1.3828,0.0012,0.0012
09.09.2025 15:06:17.919 UTC,1.38292,1.38281,0.0012,0.0012
09.09.2025 15:06:18.022 UTC,1.38291,1.38281,0.00135,0.00135
09.09.2025 15:06:19.897 UTC,1.38292,1.38281,0.00405,0.00135
09.09.2025 15:06:20.000 UTC,1.38293,1.38281,0.00225,0.0012
09.09.2025 15:06:20.154 UTC,1.38292,1.3828,0.0042,0.00195
09.09.2025 15:06:20.206 UTC,1.38292,1.38279,0.00135,0.0018
09.09.2025 15:06:20.664 UTC,1.38291,1.3828,0.00135,0.00195
09.09.2025 15:06:20.818 UTC,1.38291,1.3828,0.00135,0.0018
09.09.2025 15:06:20.920 UTC,1.38291,1.3828,0.0012,0.0024
09.09.2025 15:06:21.022 UTC,1.38292,1.38279,0.00135,0.0018
09.09.2025 15:06:21.627 UTC,1.38292,1.38281,0.0027,0.00135
09.09.2025 15:06:21.729 UTC,1.38292,1.38281,0.0018,0.00195
09.09.2025 15:06:23.661 UTC,1.38293,1.38282,0.0012,0.0018
09.09.2025 15:06:23.764 UTC,1.38295,1.38282,0.0018,0.0018
09.09.2025 15:06:24.467 UTC,1.38294,1.38282,0.0012,0.00135
09.09.2025 15:06:24.776 UTC,1.38295,1.38282,0.0018,0.0018
09.09.2025 15:06:25.534 UTC,1.38295,1.38282,0.0024,0.00135
09.09.2025 15:06:25.687 UTC,1.38294,1.38283,0.00225,0.0012
09.09.2025 15:06:25.790 UTC,1.38295,1.38282,0.0024,0.0012
09.09.2025 15:06:25.942 UTC,1.38295,1.38282,0.00225,0.0012
09.09.2025 15:06:27.257 UTC,1.38295,1.38282,0.0042,0.0012
09.09.2025 15:06:27.359 UTC,1.38295,1.38282,0.00405,0.0012
09.09.2025 15:06:27.563 UTC,1.38292,1.38281,0.0012,0.00195
09.09.2025 15:06:27.716 UTC,1.3829,1.38281,0.0012,0.0012
09.09.2025 15:06:27.819 UTC,1.3829,1.38279,0.0012,0.00195
09.09.2025 15:06:28.074 UTC,1.3829,1.38278,0.00225,0.00135
09.09.2025 15:06:28.126 UTC,1.38288,1.38277,0.0012,0.0012
09.09.2025 15:06:29.043 UTC,1.38291,1.3828,0.0027,0.0018
09.09.2025 15:06:29.554 UTC,1.38289,1.3828,0.0012,0.00195
09.09.2025 15:06:30.877 UTC,1.3829,1.38281,0.0012,0.0012
09.09.2025 15:06:31.382 UTC,1.3829,1.3828,0.0012,0.0012
09.09.2025 15:06:31.535 UTC,1.3829,1.38278,0.0012,0.0033
09.09.2025 15:06:32.967 UTC,1.3829,1.38278,0.0012,0.00225
09.09.2025 15:06:33.978 UTC,1.38289,1.38279,0.0012,0.0033
09.09.2025 15:06:35.497 UTC,1.38289,1.38278,0.0012,0.0012
09.09.2025 15:06:35.804 UTC,1.38287,1.38278,0.0012,0.0012
09.09.2025 15:06:35.908 UTC,1.38286,1.38274,0.0012,0.00285
09.09.2025 15:06:35.960 UTC,1.38288,1.38275,0.00225,0.00285
09.09.2025 15:06:36.569 UTC,1.38286,1.38274,0.0012,0.0069
09.09.2025 15:06:36.926 UTC,1.38286,1.38277,0.0012,0.00195
09.09.2025 15:06:37.029 UTC,1.38289,1.38277,0.0012,0.00315
09.09.2025 15:06:37.132 UTC,1.38289,1.38277,0.0012,0.0033
09.09.2025 15:06:37.994 UTC,1.38288,1.38278,0.0012,0.00225
09.09.2025 15:06:38.552 UTC,1.38288,1.38277,0.0012,0.0012
09.09.2025 15:06:38.858 UTC,1.38288,1.38278,0.0018,0.0012
09.09.2025 15:06:38.961 UTC,1.38289,1.38277,0.0018,0.0012
09.09.2025 15:06:39.063 UTC,1.38289,1.38276,0.0018,0.0024
09.09.2025 15:06:39.518 UTC,1.38288,1.38276,0.0012,0.0024
09.09.2025 15:06:40.099 UTC,1.38289,1.38277,0.0018,0.00195
09.09.2025 15:06:41.365 UTC,1.38288,1.3828,0.0012,0.0018
09.09.2025 15:06:41.417 UTC,1.38292,1.38283,0.00135,0.00135
09.09.2025 15:06:41.519 UTC,1.38294,1.38282,0.0012,0.00195
09.09.2025 15:06:54.584 UTC,1.38293,1.38282,0.0012,0.0018
09.09.2025 15:06:54.689 UTC,1.38293,1.38283,0.0018,0.00225
09.09.2025 15:06:54.792 UTC,1.38294,1.38282,0.0018,0.0024
09.09.2025 15:07:06.713 UTC,1.38294,1.38284,0.0012,0.0012
09.09.2025 15:07:06.816 UTC,1.38295,1.38285,0.0018,0.0012
09.09.2025 15:07:08.985 UTC,1.38295,1.38284,0.0012,0.00135
09.09.2025 15:07:11.836 UTC,1.38294,1.38285,0.0012,0.0018
09.09.2025 15:07:12.040 UTC,1.38295,1.38284,0.0012,0.00135
09.09.2025 15:07:12.650 UTC,1.38294,1.38283,0.0012,0.00135
09.09.2025 15:07:12.803 UTC,1.38294,1.38283,0.0018,0.0018
09.09.2025 15:07:15.989 UTC,1.38294,1.38282,0.0012,0.00285
09.09.2025 15:07:17.206 UTC,1.38294,1.38284,0.0012,0.00225
09.09.2025 15:07:17.347 UTC,1.38295,1.38283,0.0012,0.00285
09.09.2025 15:07:17.707 UTC,1.383,1.38288,0.00315,0.0012
09.09.2025 15:07:17.810 UTC,1.383,1.38289,0.0012,0.0012
09.09.2025 15:07:19.682 UTC,1.38299,1.38287,0.00225,0.0024
09.09.2025 15:07:19.785 UTC,1.38297,1.38287,0.00315,0.0024
09.09.2025 15:07:19.836 UTC,1.38298,1.38286,0.00315,0.00225
09.09.2025 15:07:19.990 UTC,1.38297,1.38285,0.0012,0.0018
09.09.2025 15:07:20.093 UTC,1.38296,1.38285,0.0012,0.0012
09.09.2025 15:07:20.498 UTC,1.38297,1.38285,0.0018,0.0012
09.09.2025 15:07:20.600 UTC,1.38296,1.38285,0.00135,0.0012
09.09.2025 15:07:32.686 UTC,1.38295,1.38285,0.00135,0.0012
09.09.2025 15:07:32.838 UTC,1.38295,1.38286,0.00225,0.0012
09.09.2025 15:07:32.890 UTC,1.38298,1.38287,0.0018,0.00135
09.09.2025 15:07:33.146 UTC,1.38298,1.38288,0.00315,0.0012
09.09.2025 15:07:34.057 UTC,1.38298,1.38288,0.00225,0.0018
09.09.2025 15:07:34.614 UTC,1.383,1.38288,0.00225,0.0018
09.09.2025 15:07:36.026 UTC,1.383,1.38288,0.00225,0.00195
09.09.2025 15:07:37.138 UTC,1.38299,1.3829,0.00135,0.00285
09.09.2025 15:07:37.998 UTC,1.38299,1.3829,0.00135,0.00225
09.09.2025 15:07:38.304 UTC,1.383,1.3829,0.00225,0.0012
09.09.2025 15:07:41.781 UTC,1.38301,1.3829,0.00135,0.0012
09.09.2025 15:07:41.884 UTC,1.38302,1.3829,0.00225,0.00225
09.09.2025 15:07:46.631 UTC,1.38302,1.38292,0.00315,0.00135
09.09.2025 15:07:48.812 UTC,1.38302,1.3829,0.0012,0.0027
09.09.2025 15:07:48.915 UTC,1.38302,1.38292,0.00225,0.0018
09.09.2025 15:07:51.489 UTC,1.38302,1.38293,0.00225,0.0012
09.09.2025 15:07:51.892 UTC,1.38302,1.38294,0.00225,0.0012
09.09.2025 15:07:52.552 UTC,1.38303,1.38292,0.00225,0.0012
09.09.2025 15:07:52.806 UTC,1.38303,1.38291,0.00225,0.0012
09.09.2025 15:07:54.172 UTC,1.38303,1.3829,0.0054,0.00135
09.09.2025 15:07:56.722 UTC,1.38302,1.3829,0.00135,0.0012
09.09.2025 15:07:56.825 UTC,1.383,1.38289,0.00135,0.00135
09.09.2025 15:07:56.929 UTC,1.38301,1.38289,0.00225,0.0012
09.09.2025 15:07:57.032 UTC,1.38302,1.3829,0.00225,0.0012
09.09.2025 15:07:57.539 UTC,1.383,1.3829,0.0012,0.0012
09.09.2025 15:08:00.020 UTC,1.38301,1.38291,0.00225,0.00135
09.09.2025 15:08:00.930 UTC,1.38302,1.38292,0.00225,0.0012
09.09.2025 15:08:01.031 UTC,1.38301,1.38292,0.00225,0.0012
09.09.2025 15:08:02.851 UTC,1.38302,1.38291,0.006,0.0012
09.09.2025 15:08:03.006 UTC,1.38302,1.3829,0.006,0.0018
09.09.2025 15:08:04.573 UTC,1.383,1.3829,0.00225,0.0012
09.09.2025 15:08:04.677 UTC,1.38299,1.38289,0.0012,0.0012
09.09.2025 15:08:04.781 UTC,1.38299,1.38289,0.00315,0.0012
09.09.2025 15:08:05.035 UTC,1.383,1.38287,0.00315,0.00225
09.09.2025 15:08:05.542 UTC,1.38298,1.38286,0.00135,0.0024
09.09.2025 15:08:05.646 UTC,1.38296,1.38286,0.00315,0.00225
09.09.2025 15:08:05.901 UTC,1.38296,1.38284,0.0012,0.00225
09.09.2025 15:08:06.664 UTC,1.38296,1.38285,0.00225,0.0012
09.09.2025 15:08:06.868 UTC,1.38297,1.38286,0.00144,0.0012
09.09.2025 15:08:07.224 UTC,1.38298,1.38287,0.00135,0.0012
09.09.2025 15:08:07.328 UTC,1.38299,1.38288,0.00135,0.0012
09.09.2025 15:08:10.700 UTC,1.38296,1.38288,0.00135,0.00135
09.09.2025 15:08:10.805 UTC,1.38296,1.38285,0.00135,0.0012
09.09.2025 15:08:11.059 UTC,1.38297,1.38285,0.00585,0.0012
09.09.2025 15:08:11.162 UTC,1.38298,1.38286,0.00585,0.0012
09.09.2025 15:08:11.366 UTC,1.38298,1.38288,0.00405,0.0012
09.09.2025 15:08:12.879 UTC,1.38298,1.38287,0.00135,0.00135
09.09.2025 15:08:13.186 UTC,1.38299,1.38287,0.00315,0.00135
09.09.2025 15:08:13.290 UTC,1.38297,1.38287,0.0012,0.0012
09.09.2025 15:08:13.393 UTC,1.38296,1.38286,0.0012,0.0012
09.09.2025 15:08:13.496 UTC,1.38295,1.38286,0.00225,0.0012
09.09.2025 15:08:13.600 UTC,1.38299,1.38287,0.0012,0.0012
09.09.2025 15:08:13.704 UTC,1.383,1.38288,0.0012,0.00135
09.09.2025 15:08:13.959 UTC,1.38301,1.38288,0.00675,0.00135
09.09.2025 15:08:14.463 UTC,1.38299,1.38289,0.00135,0.00135
09.09.2025 15:08:14.566 UTC,1.38299,1.38288,0.0012,0.00135
09.09.2025 15:08:14.669 UTC,1.383,1.38288,0.00225,0.0012
09.09.2025 15:08:16.132 UTC,1.38301,1.38289,0.00225,0.0012
09.09.2025 15:08:19.298 UTC,1.38302,1.3829,0.0018,0.00135
09.09.2025 15:08:21.117 UTC,1.38303,1.38291,0.00585,0.0012
09.09.2025 15:08:24.102 UTC,1.38302,1.38293,0.0012,0.00225
09.09.2025 15:08:24.154 UTC,1.38307,1.38296,0.00195,0.0012
09.09.2025 15:08:24.258 UTC,1.38308,1.38296,0.00315,0.00135
09.09.2025 15:08:24.564 UTC,1.38307,1.38296,0.0012,0.00135
09.09.2025 15:08:26.026 UTC,1.38307,1.38297,0.0012,0.0012
09.09.2025 15:08:26.231 UTC,1.38308,1.38297,0.0012,0.0012
09.09.2025 15:08:26.334 UTC,1.38308,1.38296,0.0012,0.0018
09.09.2025 15:08:31.290 UTC,1.38308,1.38296,0.00315,0.00195
09.09.2025 15:08:31.392 UTC,1.38308,1.38296,0.00315,0.0018
09.09.2025 15:08:32.553 UTC,1.38308,1.38299,0.0012,0.0012
09.09.2025 15:08:32.605 UTC,1.38311,1.38298,0.0012,0.0036
09.09.2025 15:08:32.709 UTC,1.38311,1.38299,0.00135,0.0012
09.09.2025 15:08:32.811 UTC,1.3831,1.38299,0.0012,0.0012
09.09.2025 15:08:33.168 UTC,1.38311,1.38299,0.0012,0.0012
09.09.2025 15:08:33.271 UTC,1.38311,1.383,0.0012,0.0012
09.09.2025 15:08:33.398 UTC,1.38311,1.383,0.00135,0.00135
09.09.2025 15:08:33.451 UTC,1.3831,1.38299,0.0012,0.0012
09.09.2025 15:08:34.660 UTC,1.38311,1.38299,0.0012,0.0012
09.09.2025 15:08:35.568 UTC,1.38311,1.383,0.0012,0.0012
09.09.2025 15:08:35.671 UTC,1.38311,1.38299,0.0012,0.0012
09.09.2025 15:08:37.237 UTC,1.3831,1.38299,0.0012,0.0012
09.09.2025 15:08:37.389 UTC,1.3831,1.383,0.00135,0.0012
09.09.2025 15:08:38.404 UTC,1.38309,1.383,0.0012,0.0012
09.09.2025 15:08:38.556 UTC,1.38311,1.38299,0.00135,0.0012
09.09.2025 15:08:38.911 UTC,1.3831,1.38299,0.0018,0.00135
09.09.2025 15:08:39.669 UTC,1.3831,1.38298,0.0012,0.0018
09.09.2025 15:08:46.632 UTC,1.38309,1.38299,0.0012,0.00195
09.09.2025 15:08:46.988 UTC,1.38309,1.38299,0.0012,0.0018
09.09.2025 15:08:49.821 UTC,1.38311,1.38299,0.0012,0.00135
09.09.2025 15:08:51.286 UTC,1.3831,1.38298,0.0012,0.00225
09.09.2025 15:08:51.541 UTC,1.38309,1.38298,0.0012,0.00135
09.09.2025 15:08:51.645 UTC,1.38303,1.38294,0.0012,0.0012
09.09.2025 15:08:51.697 UTC,1.38303,1.38291,0.0012,0.0012
09.09.2025 15:08:51.799 UTC,1.38302,1.38291,0.0027,0.0012
09.09.2025 15:08:52.104 UTC,1.38302,1.3829,0.0012,0.0012
09.09.2025 15:08:54.871 UTC,1.38299,1.38289,0.00135,0.00135
09.09.2025 15:08:54.980 UTC,1.38293,1.38281,0.0018,0.0018
09.09.2025 15:08:55.031 UTC,1.38293,1.38281,0.0018,0.0012
09.09.2025 15:08:56.045 UTC,1.38291,1.38281,0.0012,0.00495
09.09.2025 15:08:56.148 UTC,1.38292,1.38282,0.0012,0.0012
09.09.2025 15:08:56.301 UTC,1.38291,1.38282,0.0012,0.0012
09.09.2025 15:08:57.717 UTC,1.38293,1.38281,0.0018,0.0012
09.09.2025 15:08:58.273 UTC,1.38291,1.38282,0.00135,0.0012
09.09.2025 15:08:58.375 UTC,1.38293,1.38281,0.0018,0.0012
09.09.2025 15:08:58.528 UTC,1.38292,1.38281,0.0012,0.00135
09.09.2025 15:08:59.289 UTC,1.38292,1.38282,0.0018,0.00135
09.09.2025 15:09:00.297 UTC,1.38293,1.38282,0.0012,0.0012
09.09.2025 15:09:00.401 UTC,1.38294,1.38282,0.0018,0.0012
09.09.2025 15:09:01.287 UTC,1.38293,1.38284,0.0012,0.00135
09.09.2025 15:09:01.389 UTC,1.38293,1.38283,0.0012,0.00135
09.09.2025 15:09:01.492 UTC,1.38294,1.38283,0.0012,0.0018
09.09.2025 15:09:05.878 UTC,1.38293,1.38281,0.00225,0.0024
09.09.2025 15:09:05.982 UTC,1.38292,1.38281,0.00225,0.0018
09.09.2025 15:09:06.084 UTC,1.38291,1.38281,0.0027,0.0012
09.09.2025 15:09:08.210 UTC,1.38292,1.3828,0.0012,0.0018
09.09.2025 15:09:14.204 UTC,1.38292,1.38281,0.0012,0.0012
09.09.2025 15:09:14.308 UTC,1.38293,1.38283,0.0018,0.00135
09.09.2025 15:09:14.409 UTC,1.38294,1.38282,0.0018,0.00195
09.09.2025 15:09:17.996 UTC,1.38294,1.38284,0.0012,0.00225
09.09.2025 15:09:18.048 UTC,1.38299,1.38289,0.00135,0.0012
09.09.2025 15:09:18.152 UTC,1.383,1.3829,0.00225,0.00135
09.09.2025 15:09:18.309 UTC,1.38299,1.38287,0.0012,0.0024
09.09.2025 15:09:18.360 UTC,1.38298,1.38288,0.00135,0.00225
09.09.2025 15:09:18.514 UTC,1.38297,1.38286,0.00135,0.0024
09.09.2025 15:09:19.174 UTC,1.38299,1.38287,0.00495,0.00135
09.09.2025 15:09:20.239 UTC,1.383,1.38288,0.0012,0.0018
09.09.2025 15:09:21.709 UTC,1.383,1.38288,0.0012,0.00195
09.09.2025 15:09:21.812 UTC,1.383,1.38288,0.0012,0.0018
09.09.2025 15:09:22.518 UTC,1.38299,1.38286,0.0012,0.00285
09.09.2025 15:09:22.672 UTC,1.38298,1.38288,0.0012,0.0012
09.09.2025 15:09:25.656 UTC,1.38298,1.38288,0.00135,0.0012
09.09.2025 15:09:25.809 UTC,1.38299,1.38287,0.00135,0.0012
09.09.2025 15:09:27.777 UTC,1.38298,1.38286,0.00135,0.00195
09.09.2025 15:09:27.931 UTC,1.38298,1.38287,0.00585,0.00195
09.09.2025 15:09:28.084 UTC,1.38298,1.38287,0.00135,0.0012
09.09.2025 15:09:28.186 UTC,1.38299,1.38286,0.00585,0.0018
09.09.2025 15:09:30.861 UTC,1.38295,1.38287,0.00135,0.00195
09.09.2025 15:09:30.965 UTC,1.38293,1.38285,0.0012,0.0018
09.09.2025 15:09:31.018 UTC,1.38294,1.38284,0.00315,0.0012
09.09.2025 15:09:31.069 UTC,1.38294,1.38281,0.00315,0.0018
09.09.2025 15:09:31.926 UTC,1.38293,1.38281,0.0012,0.0018
09.09.2025 15:09:32.030 UTC,1.38295,1.38284,0.0012,0.0012
09.09.2025 15:09:32.133 UTC,1.38296,1.38284,0.0018,0.00135
09.09.2025 15:09:37.166 UTC,1.38295,1.38283,0.0018,0.00195
09.09.2025 15:09:37.421 UTC,1.38295,1.38283,0.0018,0.00135
09.09.2025 15:09:37.979 UTC,1.38295,1.38283,0.0018,0.00195
09.09.2025 15:09:38.284 UTC,1.38294,1.38282,0.0018,0.0018
09.09.2025 15:09:38.438 UTC,1.38294,1.38282,0.0018,0.00135
09.09.2025 15:09:38.845 UTC,1.38293,1.38282,0.0012,0.00135
09.09.2025 15:09:39.200 UTC,1.38294,1.38282,0.0018,0.0018
09.09.2025 15:09:42.631 UTC,1.38293,1.38281,0.0012,0.0018
09.09.2025 15:09:42.734 UTC,1.38292,1.38282,0.0012,0.00135
09.09.2025 15:09:42.887 UTC,1.38293,1.38281,0.0012,0.0018
09.09.2025 15:09:43.745 UTC,1.38293,1.38281,0.0018,0.00225
09.09.2025 15:09:44.049 UTC,1.38293,1.38281,0.0018,0.0024
09.09.2025 15:09:47.788 UTC,1.38293,1.38284,0.0018,0.00135
09.09.2025 15:09:47.842 UTC,1.38297,1.38288,0.00225,0.0012
09.09.2025 15:09:47.946 UTC,1.38297,1.38284,0.0012,0.00375
09.09.2025 15:09:48.151 UTC,1.38297,1.38285,0.0012,0.0012
09.09.2025 15:09:48.304 UTC,1.38296,1.38285,0.0012,0.0012
09.09.2025 15:09:48.356 UTC,1.38294,1.38283,0.0012,0.00195
09.09.2025 15:09:48.409 UTC,1.38293,1.38284,0.0012,0.0018
09.09.2025 15:09:48.512 UTC,1.38293,1.38281,0.0012,0.00195
09.09.2025 15:09:48.615 UTC,1.38292,1.38281,0.0012,0.00195
09.09.2025 15:09:50.135 UTC,1.38292,1.3828,0.0012,0.0018
09.09.2025 15:09:50.592 UTC,1.38292,1.38282,0.0012,0.0018
09.09.2025 15:09:50.694 UTC,1.38293,1.38281,0.0012,0.00285
09.09.2025 15:09:51.805 UTC,1.38294,1.38282,0.0012,0.00195
09.09.2025 15:09:52.825 UTC,1.38292,1.38283,0.0012,0.0012
09.09.2025 15:09:52.977 UTC,1.38293,1.38282,0.0012,0.0012
09.09.2025 15:09:55.661 UTC,1.38292,1.38281,0.0012,0.00195
09.09.2025 15:09:55.763 UTC,1.38291,1.38282,0.0012,0.00195
09.09.2025 15:09:57.281 UTC,1.38291,1.3828,0.0012,0.0012
09.09.2025 15:09:57.333 UTC,1.38284,1.38278,0.0012,0.0012
09.09.2025 15:09:57.386 UTC,1.38283,1.38273,0.00135,0.0018
09.09.2025 15:09:57.440 UTC,1.38279,1.38269,0.0012,0.00285
09.09.2025 15:09:57.492 UTC,1.38279,1.38269,0.0012,0.0018
09.09.2025 15:09:58.306 UTC,1.3828,1.38266,0.0012,0.00555
09.09.2025 15:09:58.459 UTC,1.3828,1.38267,0.0012,0.0018
09.09.2025 15:09:58.816 UTC,1.3828,1.3827,0.0012,0.00135
09.09.2025 15:09:59.411 UTC,1.38279,1.38271,0.0012,0.0012
09.09.2025 15:09:59.514 UTC,1.3828,1.38269,0.0012,0.0012
09.09.2025 15:10:00.023 UTC,1.38279,1.3827,0.0012,0.00195
09.09.2025 15:10:00.384 UTC,1.38282,1.38271,0.0018,0.0018
09.09.2025 15:10:00.436 UTC,1.38285,1.38272,0.0036,0.00225
09.09.2025 15:10:00.489 UTC,1.38285,1.38275,0.0027,0.00135
09.09.2025 15:10:00.592 UTC,1.38289,1.38276,0.0018,0.0027
09.09.2025 15:10:00.643 UTC,1.38289,1.38276,0.0012,0.00285
09.09.2025 15:10:03.321 UTC,1.38289,1.3828,0.0012,0.00135
09.09.2025 15:10:03.829 UTC,1.3829,1.38278,0.0012,0.0012
09.09.2025 15:10:04.386 UTC,1.3829,1.38278,0.0012,0.0018
09.09.2025 15:10:04.941 UTC,1.3829,1.38278,0.0012,0.00135
09.09.2025 15:10:05.194 UTC,1.38288,1.38279,0.0012,0.00135
09.09.2025 15:10:06.897 UTC,1.38289,1.38278,0.0012,0.0024
09.09.2025 15:10:07.202 UTC,1.3829,1.38278,0.0012,0.0024
09.09.2025 15:10:07.309 UTC,1.3829,1.38279,0.0012,0.0018
09.09.2025 15:10:09.123 UTC,1.38291,1.3828,0.0012,0.00195
09.09.2025 15:10:10.335 UTC,1.38291,1.3828,0.0012,0.0018
09.09.2025 15:10:12.100 UTC,1.3829,1.38282,0.0012,0.0012
09.09.2025 15:10:12.152 UTC,1.38293,1.38282,0.0012,0.00285
09.09.2025 15:10:12.256 UTC,1.38295,1.38283,0.0012,0.0012
09.09.2025 15:10:12.819 UTC,1.38297,1.38285,0.0018,0.00195
09.09.2025 15:10:12.871 UTC,1.38297,1.38287,0.0018,0.0012
09.09.2025 15:10:12.974 UTC,1.38299,1.38288,0.0012,0.0012
09.09.2025 15:10:13.586 UTC,1.383,1.38288,0.0012,0.0018
09.09.2025 15:10:13.688 UTC,1.38299,1.3829,0.0012,0.00135
09.09.2025 15:10:13.791 UTC,1.383,1.38289,0.0012,0.0018
09.09.2025 15:10:17.928 UTC,1.38301,1.3829,0.0012,0.00195
09.09.2025 15:10:18.182 UTC,1.383,1.38291,0.0012,0.0018
09.09.2025 15:10:22.455 UTC,1.383,1.3829,0.0012,0.0018
09.09.2025 15:10:24.735 UTC,1.38297,1.38291,0.0012,0.00135
09.09.2025 15:10:24.787 UTC,1.38297,1.38286,0.0012,0.0018
09.09.2025 15:10:24.890 UTC,1.38297,1.38287,0.0012,0.0012
09.09.2025 15:10:24.994 UTC,1.38296,1.38288,0.0012,0.0018
09.09.2025 15:10:25.097 UTC,1.38296,1.38288,0.0012,0.00195
09.09.2025 15:10:26.110 UTC,1.38297,1.38289,0.0012,0.0012
09.09.2025 15:10:27.225 UTC,1.38298,1.38289,0.0012,0.0012
09.09.2025 15:10:27.783 UTC,1.38297,1.3829,0.0012,0.0012
09.09.2025 15:10:28.841 UTC,1.38298,1.38289,0.0012,0.0012
09.09.2025 15:10:29.651 UTC,1.38297,1.3829,0.0012,0.00195
09.09.2025 15:10:29.753 UTC,1.38298,1.38289,0.0012,0.0018
09.09.2025 15:10:30.109 UTC,1.38298,1.38289,0.0012,0.00195
09.09.2025 15:10:30.953 UTC,1.38297,1.3829,0.0012,0.0018
09.09.2025 15:10:31.056 UTC,1.38298,1.38289,0.0012,0.00195
09.09.2025 15:10:32.725 UTC,1.38298,1.3829,0.0012,0.00195
09.09.2025 15:10:37.633 UTC,1.38298,1.3829,0.0012,0.0018
09.09.2025 15:10:37.786 UTC,1.38299,1.38289,0.0012,0.00195
09.09.2025 15:10:37.939 UTC,1.38299,1.38289,0.0012,0.0018
09.09.2025 15:10:38.042 UTC,1.38299,1.38289,0.0012,0.00195
09.09.2025 15:10:38.405 UTC,1.38299,1.38289,0.0012,0.0018
09.09.2025 15:10:39.059 UTC,1.38299,1.38289,0.0012,0.00195
09.09.2025 15:10:40.275 UTC,1.38298,1.3829,0.0012,0.0012
09.09.2025 15:10:40.377 UTC,1.38299,1.38289,0.0012,0.0012
09.09.2025 15:10:40.733 UTC,1.38298,1.3829,0.0012,0.0012
09.09.2025 15:10:43.310 UTC,1.38299,1.38289,0.0012,0.0012
09.09.2025 15:10:44.824 UTC,1.38299,1.3829,0.0012,0.0012
09.09.2025 15:10:49.129 UTC,1.383,1.3829,0.0012,0.0012
09.09.2025 15:10:49.233 UTC,1.383,1.38289,0.0012,0.0012
09.09.2025 15:10:49.284 UTC,1.38299,1.38288,0.00225,0.0012
09.09.2025 15:10:49.337 UTC,1.38293,1.38285,0.0012,0.0027
09.09.2025 15:10:49.440 UTC,1.38292,1.38279,0.0012,0.0033
09.09.2025 15:10:49.542 UTC,1.38291,1.38278,0.0012,0.0024
09.09.2025 15:10:49.798 UTC,1.38289,1.38279,0.0012,0.0018
09.09.2025 15:10:49.901 UTC,1.38288,1.38278,0.0012,0.0027
09.09.2025 15:10:50.864 UTC,1.38287,1.38275,0.0012,0.00285
09.09.2025 15:10:50.967 UTC,1.38287,1.38275,0.0012,0.00195
09.09.2025 15:10:51.775 UTC,1.38286,1.38274,0.0012,0.0033
09.09.2025 15:10:51.880 UTC,1.38284,1.3827,0.0012,0.0051
09.09.2025 15:10:51.983 UTC,1.38282,1.38269,0.0012,0.006
09.09.2025 15:10:52.592 UTC,1.3828,1.3827,0.0012,0.0018
09.09.2025 15:10:55.624 UTC,1.38281,1.38269,0.0012,0.0018
09.09.2025 15:10:58.512 UTC,1.3828,1.38268,0.0012,0.00195
09.09.2025 15:10:58.615 UTC,1.3828,1.38268,0.0012,0.0018
09.09.2025 15:11:00.366 UTC,1.38279,1.3827,0.0012,0.0012
09.09.2025 15:11:00.974 UTC,1.38281,1.3827,0.0012,0.0012
09.09.2025 15:11:02.540 UTC,1.38282,1.38274,0.0012,0.00135
09.09.2025 15:11:02.592 UTC,1.38286,1.38275,0.0012,0.00135
09.09.2025 15:11:02.644 UTC,1.38287,1.38275,0.0012,0.00285
09.09.2025 15:11:03.512 UTC,1.38285,1.38275,0.0012,0.00555
09.09.2025 15:11:03.666 UTC,1.38284,1.38274,0.0012,0.00465
09.09.2025 15:11:05.786 UTC,1.38283,1.38272,0.0012,0.0042
09.09.2025 15:11:06.040 UTC,1.38284,1.38271,0.0012,0.00375
09.09.2025 15:11:07.654 UTC,1.38284,1.38271,0.0012,0.0033
09.09.2025 15:11:07.758 UTC,1.38284,1.38272,0.0012,0.00195
09.09.2025 15:11:07.914 UTC,1.38285,1.38272,0.0018,0.00195
09.09.2025 15:11:08.017 UTC,1.38284,1.38274,0.0012,0.00195
09.09.2025 15:11:09.986 UTC,1.38286,1.38276,0.0012,0.0024
09.09.2025 15:11:10.039 UTC,1.38288,1.38277,0.0012,0.00135
09.09.2025 15:11:10.142 UTC,1.38289,1.38278,0.0012,0.00135
09.09.2025 15:11:10.244 UTC,1.38288,1.38279,0.0012,0.0018
09.09.2025 15:11:12.265 UTC,1.38289,1.38278,0.0012,0.00135
09.09.2025 15:11:12.368 UTC,1.38289,1.38278,0.0012,0.0018
09.09.2025 15:11:12.723 UTC,1.38289,1.38278,0.0012,0.00135
09.09.2025 15:11:13.740 UTC,1.38289,1.38278,0.0012,0.00195
09.09.2025 15:11:14.196 UTC,1.38291,1.38279,0.0012,0.0012
09.09.2025 15:11:14.350 UTC,1.38293,1.38281,0.0018,0.0024
09.09.2025 15:11:14.457 UTC,1.38292,1.38282,0.0012,0.0033
09.09.2025 15:11:15.118 UTC,1.38293,1.38281,0.0012,0.0012
09.09.2025 15:11:15.272 UTC,1.38293,1.3828,0.0012,0.00285
09.09.2025 15:11:15.728 UTC,1.38291,1.38282,0.0012,0.0012
09.09.2025 15:11:15.882 UTC,1.38291,1.3828,0.0012,0.0012
09.09.2025 15:11:19.929 UTC,1.38291,1.38279,0.0012,0.00195
09.09.2025 15:11:20.083 UTC,1.3829,1.38279,0.0012,0.0012
09.09.2025 15:11:20.640 UTC,1.38291,1.38279,0.0012,0.0012
09.09.2025 15:11:23.449 UTC,1.38289,1.38278,0.0012,0.00135
09.09.2025 15:11:24.372 UTC,1.38289,1.38276,0.0012,0.0033
09.09.2025 15:11:26.691 UTC,1.38288,1.38276,0.0012,0.0018
09.09.2025 15:11:26.795 UTC,1.38282,1.3827,0.0012,0.0012
09.09.2025 15:11:26.897 UTC,1.38282,1.38269,0.0012,0.00225
09.09.2025 15:11:29.969 UTC,1.3828,1.3827,0.0012,0.00135
09.09.2025 15:11:30.071 UTC,1.38281,1.38269,0.0012,0.0018
09.09.2025 15:11:34.148 UTC,1.38281,1.3827,0.0012,0.0012
09.09.2025 15:11:34.250 UTC,1.3828,1.38271,0.0012,0.0012
09.09.2025 15:11:35.417 UTC,1.38281,1.3827,0.0012,0.0012
09.09.2025 15:11:35.775 UTC,1.38283,1.3827,0.0018,0.00195
09.09.2025 15:11:36.291 UTC,1.38284,1.38272,0.0012,0.0051
09.09.2025 15:11:36.344 UTC,1.38284,1.38271,0.0012,0.0033
09.09.2025 15:11:36.447 UTC,1.38284,1.38271,0.0018,0.0033
09.09.2025 15:11:37.308 UTC,1.38283,1.38271,0.0012,0.0033
09.09.2025 15:11:43.604 UTC,1.38283,1.38272,0.0012,0.0012
09.09.2025 15:11:48.179 UTC,1.38281,1.3827,0.0012,0.00195
09.09.2025 15:11:48.284 UTC,1.38281,1.3827,0.0012,0.0012
09.09.2025 15:11:52.874 UTC,1.38283,1.3827,0.0012,0.00195
09.09.2025 15:11:53.079 UTC,1.38283,1.38273,0.0012,0.0012
09.09.2025 15:11:53.181 UTC,1.38284,1.38272,0.0012,0.0012
09.09.2025 15:11:53.285 UTC,1.38285,1.38272,0.0012,0.00375
09.09.2025 15:11:53.388 UTC,1.38284,1.38272,0.0012,0.00195
09.09.2025 15:11:54.406 UTC,1.38284,1.38274,0.0012,0.0012
09.09.2025 15:11:54.559 UTC,1.38285,1.38273,0.0012,0.0012
09.09.2025 15:11:56.023 UTC,1.38285,1.38274,0.0012,0.0024
09.09.2025 15:11:56.075 UTC,1.3829,1.38278,0.0018,0.00225
09.09.2025 15:11:56.230 UTC,1.38291,1.38278,0.0012,0.00465
09.09.2025 15:12:00.072 UTC,1.38286,1.38278,0.0012,0.0012
09.09.2025 15:12:00.125 UTC,1.38285,1.38275,0.0012,0.00195
09.09.2025 15:12:00.228 UTC,1.38287,1.38275,0.0012,0.0018
09.09.2025 15:12:00.432 UTC,1.38287,1.38276,0.0012,0.0012
09.09.2025 15:12:01.243 UTC,1.38288,1.38277,0.0012,0.0012
09.09.2025 15:12:01.549 UTC,1.38287,1.38276,0.0012,0.0012
09.09.2025 15:12:01.651 UTC,1.38286,1.38277,0.0012,0.0012
09.09.2025 15:12:01.956 UTC,1.38287,1.38276,0.0012,0.0012
09.09.2025 15:12:02.058 UTC,1.38286,1.38277,0.0012,0.0012
09.09.2025 15:12:02.815 UTC,1.38287,1.38275,0.0012,0.0012
09.09.2025 15:12:04.938 UTC,1.38286,1.38274,0.0012,0.0012
09.09.2025 15:12:04.990 UTC,1.38285,1.38273,0.0012,0.0024
09.09.2025 15:12:06.353 UTC,1.38284,1.38274,0.0012,0.0024
09.09.2025 15:12:08.574 UTC,1.38284,1.38273,0.0012,0.00195
09.09.2025 15:12:08.626 UTC,1.38281,1.38272,0.0012,0.00195
09.09.2025 15:12:08.730 UTC,1.3828,1.38269,0.0012,0.00375
09.09.2025 15:12:10.858 UTC,1.38281,1.38271,0.0012,0.0012
09.09.2025 15:12:11.163 UTC,1.38282,1.38271,0.0012,0.0012
09.09.2025 15:12:13.651 UTC,1.38284,1.38271,0.0012,0.0012
09.09.2025 15:12:13.804 UTC,1.38284,1.38271,0.0012,0.0024
09.09.2025 15:12:14.867 UTC,1.38283,1.38273,0.0012,0.00195
09.09.2025 15:12:15.322 UTC,1.38282,1.38271,0.0012,0.0024
09.09.2025 15:12:15.833 UTC,1.38282,1.38271,0.0012,0.0012
09.09.2025 15:12:16.087 UTC,1.38282,1.38272,0.0012,0.0012
09.09.2025 15:12:19.070 UTC,1.3828,1.3827,0.0012,0.0012
09.09.2025 15:12:19.173 UTC,1.3828,1.38268,0.0012,0.006
09.09.2025 15:12:19.327 UTC,1.3828,1.38268,0.0012,0.0012
09.09.2025 15:12:19.735 UTC,1.38279,1.38267,0.0012,0.00285
09.09.2025 15:12:21.027 UTC,1.3828,1.38268,0.0012,0.0012
09.09.2025 15:12:21.839 UTC,1.3828,1.38268,0.0012,0.00195
09.09.2025 15:12:24.934 UTC,1.38279,1.38266,0.0012,0.00285
09.09.2025 15:12:25.037 UTC,1.38278,1.38268,0.0012,0.0012
09.09.2025 15:12:30.180 UTC,1.38278,1.38269,0.0012,0.0012
09.09.2025 15:12:30.282 UTC,1.38279,1.38268,0.0012,0.0012
09.09.2025 15:12:30.484 UTC,1.38277,1.38269,0.0012,0.0012
09.09.2025 15:12:35.645 UTC,1.38277,1.38268,0.0012,0.0033
09.09.2025 15:12:35.749 UTC,1.38279,1.38268,0.0012,0.00195
09.09.2025 15:12:37.155 UTC,1.38279,1.38268,0.0012,0.0012
09.09.2025 15:12:46.582 UTC,1.38278,1.38266,0.0012,0.00195
09.09.2025 15:12:46.634 UTC,1.38274,1.38264,0.0012,0.0012
09.09.2025 15:12:46.736 UTC,1.38272,1.38265,0.0012,0.0012
09.09.2025 15:12:46.839 UTC,1.38273,1.38262,0.0012,0.00465
09.09.2025 15:12:47.651 UTC,1.38272,1.38262,0.0012,0.0018
09.09.2025 15:12:48.008 UTC,1.38271,1.38261,0.0012,0.0012
09.09.2025 15:12:48.111 UTC,1.38271,1.3826,0.0012,0.0012
09.09.2025 15:12:51.844 UTC,1.38272,1.38261,0.0012,0.0012
09.09.2025 15:12:51.948 UTC,1.38272,1.38262,0.0012,0.0012
09.09.2025 15:12:55.262 UTC,1.3827,1.38259,0.0018,0.0018
09.09.2025 15:12:55.315 UTC,1.38266,1.38259,0.0012,0.0012
09.09.2025 15:12:55.417 UTC,1.38266,1.38256,0.0012,0.00195
09.09.2025 15:12:55.622 UTC,1.38268,1.38256,0.00135,0.0018
09.09.2025 15:12:55.675 UTC,1.38268,1.3826,0.0012,0.0012
09.09.2025 15:12:56.235 UTC,1.38268,1.38259,0.0012,0.00135
09.09.2025 15:12:56.338 UTC,1.38268,1.38257,0.0012,0.0012
09.09.2025 15:12:56.801 UTC,1.38266,1.38257,0.0012,0.00195
09.09.2025 15:12:57.108 UTC,1.38267,1.38257,0.0012,0.0012
09.09.2025 15:12:57.515 UTC,1.38267,1.38256,0.0012,0.0012
09.09.2025 15:12:57.618 UTC,1.38267,1.38258,0.0012,0.0012
09.09.2025 15:13:01.209 UTC,1.38268,1.38257,0.0012,0.00195
09.09.2025 15:13:01.817 UTC,1.38268,1.38256,0.0012,0.00195
09.09.2025 15:13:02.532 UTC,1.38267,1.38256,0.00135,0.0012
09.09.2025 15:13:02.635 UTC,1.38266,1.38254,0.0018,0.0012
09.09.2025 15:13:02.891 UTC,1.38267,1.38254,0.0018,0.0012
09.09.2025 15:13:03.045 UTC,1.38268,1.38255,0.0012,0.00285
09.09.2025 15:13:03.148 UTC,1.38268,1.38257,0.0012,0.00135
09.09.2025 15:13:03.403 UTC,1.38268,1.38257,0.0012,0.0012
09.09.2025 15:13:03.506 UTC,1.38267,1.38257,0.0012,0.0012
09.09.2025 15:13:03.610 UTC,1.38267,1.38255,0.0033,0.0012
09.09.2025 15:13:04.066 UTC,1.38266,1.38256,0.00135,0.0012
09.09.2025 15:13:04.372 UTC,1.38266,1.38255,0.0012,0.00195
09.09.2025 15:13:04.475 UTC,1.38266,1.38255,0.0012,0.0012
09.09.2025 15:13:05.436 UTC,1.38265,1.38254,0.0012,0.0012
09.09.2025 15:13:05.539 UTC,1.38264,1.38252,0.00135,0.0012
09.09.2025 15:13:05.643 UTC,1.38265,1.38252,0.0024,0.0012
09.09.2025 15:13:05.745 UTC,1.38265,1.38252,0.00135,0.0012
09.09.2025 15:13:09.565 UTC,1.38266,1.38255,0.0012,0.0012
09.09.2025 15:13:09.617 UTC,1.38272,1.38258,0.0018,0.0033
09.09.2025 15:13:09.771 UTC,1.38271,1.38261,0.0012,0.0018
09.09.2025 15:13:10.635 UTC,1.38272,1.38261,0.0024,0.0012
09.09.2025 15:13:11.346 UTC,1.38271,1.38262,0.00225,0.0012
09.09.2025 15:13:11.599 UTC,1.38272,1.38262,0.0024,0.0012
09.09.2025 15:13:12.560 UTC,1.38272,1.3826,0.00135,0.00195
09.09.2025 15:13:13.165 UTC,1.38272,1.3826,0.0018,0.00195
09.09.2025 15:13:13.975 UTC,1.38272,1.3826,0.00135,0.00195
09.09.2025 15:13:14.127 UTC,1.38272,1.3826,0.0018,0.00195
09.09.2025 15:13:14.535 UTC,1.38271,1.38259,0.00135,0.00195
09.09.2025 15:13:14.640 UTC,1.38271,1.38259,0.00225,0.0012
09.09.2025 15:13:14.796 UTC,1.38269,1.38257,0.00135,0.0024
09.09.2025 15:13:14.899 UTC,1.38268,1.38257,0.0012,0.00135
09.09.2025 15:13:20.076 UTC,1.38268,1.38258,0.00225,0.0012
09.09.2025 15:13:20.180 UTC,1.38269,1.38259,0.00135,0.0018
09.09.2025 15:13:20.283 UTC,1.38272,1.38259,0.00315,0.0018
09.09.2025 15:13:20.335 UTC,1.38272,1.38259,0.00315,0.00195
09.09.2025 15:13:21.749 UTC,1.38272,1.38262,0.0027,0.0012
09.09.2025 15:13:21.953 UTC,1.38271,1.38261,0.0018,0.0018
09.09.2025 15:13:22.056 UTC,1.38271,1.38261,0.0012,0.0012
09.09.2025 15:13:23.981 UTC,1.38272,1.38261,0.0012,0.0012
09.09.2025 15:13:25.316 UTC,1.38273,1.38261,0.0012,0.00195
09.09.2025 15:13:25.419 UTC,1.38274,1.38261,0.0012,0.00195
09.09.2025 15:13:28.043 UTC,1.38274,1.38262,0.0018,0.0012
09.09.2025 15:13:29.304 UTC,1.38273,1.38263,0.0018,0.0012
09.09.2025 15:13:31.569 UTC,1.38274,1.38262,0.0012,0.0012
09.09.2025 15:13:31.672 UTC,1.38272,1.3826,0.0012,0.0018
09.09.2025 15:13:31.775 UTC,1.38272,1.3826,0.0012,0.00135
09.09.2025 15:13:32.234 UTC,1.38272,1.3826,0.0012,0.0012
09.09.2025 15:13:34.761 UTC,1.38271,1.38261,0.0012,0.0012
09.09.2025 15:13:35.114 UTC,1.38272,1.3826,0.0012,0.0012
09.09.2025 15:13:37.274 UTC,1.38271,1.3826,0.0012,0.0012
09.09.2025 15:13:39.040 UTC,1.38269,1.38261,0.0012,0.0012
09.09.2025 15:13:40.048 UTC,1.3827,1.38261,0.0012,0.0012
09.09.2025 15:13:40.756 UTC,1.38272,1.3826,0.0018,0.0012
09.09.2025 15:13:40.909 UTC,1.38273,1.3826,0.0012,0.00285
09.09.2025 15:13:44.934 UTC,1.38274,1.38264,0.0018,0.00135
09.09.2025 15:13:45.042 UTC,1.38274,1.38261,0.0012,0.00405
09.09.2025 15:13:45.506 UTC,1.38273,1.38262,0.0012,0.00285
09.09.2025 15:13:46.014 UTC,1.38273,1.38261,0.0012,0.00135
09.09.2025 15:13:46.369 UTC,1.38274,1.38262,0.0012,0.0012
09.09.2025 15:13:47.783 UTC,1.38273,1.3826,0.0018,0.0018
09.09.2025 15:13:48.996 UTC,1.38273,1.38261,0.0012,0.0018
09.09.2025 15:13:49.052 UTC,1.38275,1.38263,0.0018,0.0012
09.09.2025 15:13:50.068 UTC,1.38276,1.38264,0.0012,0.0027
09.09.2025 15:13:50.120 UTC,1.38277,1.38266,0.00225,0.0012
09.09.2025 15:13:50.223 UTC,1.38277,1.38264,0.0018,0.00135
09.09.2025 15:13:50.526 UTC,1.38276,1.38263,0.0012,0.0024
09.09.2025 15:13:54.448 UTC,1.38275,1.38266,0.0012,0.0012
09.09.2025 15:13:54.651 UTC,1.38276,1.38266,0.0018,0.0012
09.09.2025 15:13:55.060 UTC,1.38276,1.38265,0.0012,0.0012
09.09.2025 15:13:55.162 UTC,1.38276,1.38264,0.0018,0.0012
09.09.2025 15:13:55.617 UTC,1.38275,1.38262,0.0012,0.006
09.09.2025 15:13:55.723 UTC,1.38275,1.38262,0.0018,0.00585
09.09.2025 15:13:55.877 UTC,1.38275,1.38262,0.0018,0.006
09.09.2025 15:13:56.836 UTC,1.38275,1.38262,0.0018,0.00585
09.09.2025 15:14:00.151 UTC,1.38274,1.38262,0.0012,0.0012
09.09.2025 15:14:00.354 UTC,1.38274,1.38262,0.0012,0.0018
09.09.2025 15:14:00.610 UTC,1.38274,1.38263,0.0012,0.00285
09.09.2025 15:14:01.619 UTC,1.38274,1.38263,0.0012,0.0027
09.09.2025 15:14:01.926 UTC,1.38273,1.38263,0.0012,0.00135
09.09.2025 15:14:03.091 UTC,1.38273,1.38263,0.0012,0.0018
09.09.2025 15:14:03.799 UTC,1.38274,1.38262,0.0012,0.0012
09.09.2025 15:14:03.902 UTC,1.38274,1.38261,0.0012,0.00315
09.09.2025 15:14:04.055 UTC,1.38274,1.38261,0.0012,0.0033
09.09.2025 15:14:04.361 UTC,1.38274,1.38261,0.0012,0.00315
09.09.2025 15:14:08.651 UTC,1.38274,1.38262,0.0012,0.00135
09.09.2025 15:14:09.707 UTC,1.38272,1.3826,0.0012,0.0027
09.09.2025 15:14:10.115 UTC,1.38272,1.3826,0.0012,0.0033
09.09.2025 15:14:10.216 UTC,1.38271,1.38261,0.0012,0.00315
09.09.2025 15:14:10.674 UTC,1.38273,1.38261,0.0012,0.0012
09.09.2025 15:14:11.986 UTC,1.38273,1.38261,0.0012,0.0018
09.09.2025 15:14:12.290 UTC,1.38273,1.38261,0.0012,0.00135
09.09.2025 15:14:12.643 UTC,1.38272,1.38262,0.0012,0.0018
09.09.2025 15:14:13.152 UTC,1.38273,1.38261,0.0012,0.0018
09.09.2025 15:14:16.232 UTC,1.38275,1.38262,0.00585,0.0012
09.09.2025 15:14:16.386 UTC,1.38275,1.38262,0.0018,0.00285
09.09.2025 15:14:18.850 UTC,1.38275,1.38262,0.0012,0.0027
09.09.2025 15:14:21.170 UTC,1.38276,1.38264,0.0018,0.0012
09.09.2025 15:14:21.274 UTC,1.38277,1.38265,0.0018,0.00135
09.09.2025 15:14:21.733 UTC,1.38275,1.38266,0.0012,0.0012
09.09.2025 15:14:21.836 UTC,1.38276,1.38264,0.0012,0.00135
09.09.2025 15:14:21.989 UTC,1.38277,1.38265,0.0012,0.00285
09.09.2025 15:14:23.364 UTC,1.38277,1.38267,0.0012,0.0018
09.09.2025 15:14:24.225 UTC,1.38279,1.38269,0.0012,0.0012
09.09.2025 15:14:24.328 UTC,1.38281,1.38269,0.00315,0.0018
09.09.2025 15:14:28.867 UTC,1.38283,1.3827,0.0012,0.00315
09.09.2025 15:14:28.919 UTC,1.38284,1.38274,0.0027,0.00135
09.09.2025 15:14:28.972 UTC,1.38287,1.38275,0.0012,0.00285
09.09.2025 15:14:29.074 UTC,1.38288,1.38276,0.0012,0.00135
09.09.2025 15:14:34.993 UTC,1.38286,1.38276,0.00135,0.00225
09.09.2025 15:14:35.149 UTC,1.38288,1.38278,0.0018,0.00135
09.09.2025 15:14:35.201 UTC,1.38292,1.38279,0.0054,0.0012
09.09.2025 15:14:35.304 UTC,1.38293,1.3828,0.0018,0.00135
09.09.2025 15:14:36.364 UTC,1.38293,1.38282,0.00405,0.0012
09.09.2025 15:14:37.479 UTC,1.38293,1.38281,0.0012,0.0012
09.09.2025 15:14:37.531 UTC,1.38293,1.38286,0.0012,0.0012
09.09.2025 15:14:37.584 UTC,1.38298,1.38286,0.0012,0.0012
09.09.2025 15:14:37.687 UTC,1.38299,1.38286,0.00495,0.0012
09.09.2025 15:14:38.753 UTC,1.383,1.38287,0.00405,0.0012
09.09.2025 15:14:39.362 UTC,1.383,1.38289,0.0012,0.0012
09.09.2025 15:14:39.486 UTC,1.38301,1.3829,0.0012,0.0012
09.09.2025 15:14:39.591 UTC,1.38302,1.3829,0.0012,0.0012
09.09.2025 15:14:39.896 UTC,1.38303,1.3829,0.00225,0.0012
09.09.2025 15:14:40.000 UTC,1.38299,1.38287,0.0018,0.0018
09.09.2025 15:14:40.103 UTC,1.38298,1.38288,0.0018,0.0012
09.09.2025 15:14:40.207 UTC,1.38297,1.38287,0.0012,0.0012
09.09.2025 15:14:40.410 UTC,1.38298,1.38287,0.00495,0.0012
09.09.2025 15:14:41.323 UTC,1.38296,1.38285,0.00225,0.00285
09.09.2025 15:14:41.427 UTC,1.38292,1.38282,0.0012,0.0018
09.09.2025 15:14:41.479 UTC,1.38292,1.38282,0.00225,0.0012
09.09.2025 15:14:42.141 UTC,1.38294,1.38282,0.0012,0.0012
09.09.2025 15:14:42.243 UTC,1.38295,1.38282,0.0018,0.0012
09.09.2025 15:14:42.702 UTC,1.38295,1.38284,0.00225,0.00135
09.09.2025 15:14:42.805 UTC,1.38295,1.38283,0.0012,0.00135
09.09.2025 15:14:43.465 UTC,1.38295,1.38284,0.00405,0.0012
09.09.2025 15:14:43.969 UTC,1.38294,1.38284,0.0012,0.0012
09.09.2025 15:14:44.880 UTC,1.38293,1.38283,0.0012,0.00135
09.09.2025 15:14:46.000 UTC,1.38294,1.38283,0.0018,0.0012
09.09.2025 15:14:46.610 UTC,1.38295,1.38283,0.0012,0.0012
09.09.2025 15:14:46.762 UTC,1.38295,1.38284,0.0018,0.00135
09.09.2025 15:14:47.370 UTC,1.38298,1.38284,0.0036,0.0012
09.09.2025 15:14:47.523 UTC,1.38296,1.38285,0.0012,0.00135
09.09.2025 15:14:47.725 UTC,1.38296,1.38284,0.0012,0.00135
09.09.2025 15:14:47.928 UTC,1.38298,1.38286,0.0012,0.00135
09.09.2025 15:14:50.307 UTC,1.38297,1.38284,0.00225,0.00135
09.09.2025 15:14:50.359 UTC,1.38294,1.38283,0.0012,0.00135
09.09.2025 15:14:50.411 UTC,1.38298,1.38284,0.00135,0.0012
09.09.2025 15:14:50.463 UTC,1.38296,1.38284,0.0012,0.0012
09.09.2025 15:14:50.618 UTC,1.38294,1.38285,0.0012,0.0012
09.09.2025 15:14:50.771 UTC,1.38295,1.38283,0.0012,0.00135
09.09.2025 15:14:51.626 UTC,1.38298,1.38284,0.0045,0.00135
09.09.2025 15:14:52.442 UTC,1.38296,1.38285,0.0012,0.0012
09.09.2025 15:14:52.595 UTC,1.38297,1.38283,0.0018,0.00135
09.09.2025 15:14:52.747 UTC,1.38296,1.38283,0.0012,0.0012
09.09.2025 15:14:53.661 UTC,1.38295,1.38283,0.0012,0.0012
09.09.2025 15:14:53.969 UTC,1.38296,1.38283,0.0018,0.0012
09.09.2025 15:14:54.276 UTC,1.38294,1.38284,0.0012,0.0012
09.09.2025 15:14:54.832 UTC,1.38296,1.38283,0.0027,0.0012
09.09.2025 15:14:59.622 UTC,1.38295,1.38283,0.0012,0.0012
09.09.2025 15:15:00.359 UTC,1.38296,1.38283,0.0012,0.0012
09.09.2025 15:15:00.515 UTC,1.38296,1.38284,0.0012,0.0012
09.09.2025 15:15:00.670 UTC,1.38296,1.38283,0.00135,0.00135
09.09.2025 15:15:01.034 UTC,1.38295,1.38282,0.00135,0.0018
09.09.2025 15:15:01.492 UTC,1.38294,1.38282,0.0012,0.00135
09.09.2025 15:15:01.898 UTC,1.38293,1.3828,0.00225,0.00135
09.09.2025 15:15:02.002 UTC,1.38292,1.38279,0.0012,0.0018
09.09.2025 15:15:02.104 UTC,1.38291,1.3828,0.0012,0.0012
09.09.2025 15:15:02.762 UTC,1.38289,1.3828,0.0012,0.0012
09.09.2025 15:15:02.865 UTC,1.3829,1.38278,0.00225,0.0012
09.09.2025 15:15:03.523 UTC,1.38287,1.38277,0.00135,0.0018
09.09.2025 15:15:03.626 UTC,1.38287,1.38277,0.00135,0.00135
09.09.2025 15:15:03.982 UTC,1.38289,1.38279,0.00225,0.0012
09.09.2025 15:15:04.440 UTC,1.38288,1.38279,0.00135,0.0012
09.09.2025 15:15:04.543 UTC,1.38288,1.38277,0.00135,0.00135
09.09.2025 15:15:05.861 UTC,1.3829,1.38277,0.00225,0.0012
09.09.2025 15:15:05.964 UTC,1.38289,1.38279,0.00225,0.00135
09.09.2025 15:15:07.847 UTC,1.38291,1.38278,0.0045,0.00135
09.09.2025 15:15:08.253 UTC,1.38291,1.38279,0.0012,0.00135
09.09.2025 15:15:08.357 UTC,1.38292,1.38281,0.0012,0.0012
09.09.2025 15:15:08.460 UTC,1.38293,1.38281,0.00135,0.0012
09.09.2025 15:15:09.018 UTC,1.38294,1.38281,0.0018,0.0012
09.09.2025 15:15:09.425 UTC,1.38294,1.38282,0.0012,0.0012
09.09.2025 15:15:09.528 UTC,1.38296,1.38285,0.0012,0.0012
09.09.2025 15:15:09.580 UTC,1.38299,1.38286,0.0012,0.0012
09.09.2025 15:15:13.268 UTC,1.383,1.38287,0.0072,0.0012
09.09.2025 15:15:14.628 UTC,1.383,1.38288,0.0012,0.0012
09.09.2025 15:15:14.681 UTC,1.38303,1.38292,0.0018,0.0012
09.09.2025 15:15:14.734 UTC,1.38305,1.38294,0.00285,0.0012
09.09.2025 15:15:14.836 UTC,1.38306,1.38293,0.00225,0.0012
09.09.2025 15:15:14.993 UTC,1.38305,1.38293,0.0012,0.0012
09.09.2025 15:15:16.557 UTC,1.38305,1.38292,0.0018,0.0012
09.09.2025 15:15:16.660 UTC,1.38304,1.38292,0.00135,0.0012
09.09.2025 15:15:20.155 UTC,1.38302,1.3829,0.00135,0.00135
09.09.2025 15:15:20.258 UTC,1.38301,1.38289,0.00225,0.0018
09.09.2025 15:15:20.361 UTC,1.38301,1.38289,0.00315,0.0012
09.09.2025 15:15:20.514 UTC,1.383,1.38289,0.0027,0.00135
09.09.2025 15:15:20.618 UTC,1.38304,1.38291,0.0012,0.00135
09.09.2025 15:15:20.670 UTC,1.38305,1.38291,0.0045,0.00135
09.09.2025 15:15:21.026 UTC,1.38305,1.38291,0.0051,0.0012
09.09.2025 15:15:22.670 UTC,1.38301,1.3829,0.00135,0.0018
09.09.2025 15:15:22.773 UTC,1.38301,1.38289,0.00225,0.00135
09.09.2025 15:15:22.877 UTC,1.38302,1.38291,0.006,0.00135
09.09.2025 15:15:22.980 UTC,1.38303,1.38291,0.0045,0.00135
09.09.2025 15:15:23.032 UTC,1.38303,1.38293,0.00225,0.0012
09.09.2025 15:15:23.135 UTC,1.38304,1.38293,0.0036,0.0012
09.09.2025 15:15:23.289 UTC,1.38303,1.38293,0.00135,0.0012
09.09.2025 15:15:26.887 UTC,1.38303,1.38292,0.0018,0.0012
09.09.2025 15:15:26.938 UTC,1.38303,1.3829,0.0024,0.0018
09.09.2025 15:15:27.550 UTC,1.38301,1.3829,0.00135,0.0012
09.09.2025 15:15:27.653 UTC,1.38301,1.38289,0.00225,0.00135
09.09.2025 15:15:29.071 UTC,1.38298,1.38288,0.0018,0.00135
09.09.2025 15:15:33.952 UTC,1.38298,1.38286,0.0012,0.00135
09.09.2025 15:15:34.308 UTC,1.38298,1.38287,0.0012,0.0012
09.09.2025 15:15:35.722 UTC,1.38299,1.38287,0.00315,0.0012
09.09.2025 15:15:37.081 UTC,1.38299,1.38288,0.0012,0.0012
09.09.2025 15:15:37.183 UTC,1.383,1.38288,0.00675,0.0012
09.09.2025 15:15:38.501 UTC,1.38301,1.38288,0.00585,0.00135
09.09.2025 15:15:39.158 UTC,1.38301,1.38289,0.0012,0.00135
09.09.2025 15:15:39.261 UTC,1.38302,1.3829,0.00225,0.0012
09.09.2025 15:15:40.882 UTC,1.383,1.38291,0.0012,0.0012
09.09.2025 15:15:41.187 UTC,1.38301,1.38291,0.00135,0.0012
09.09.2025 15:15:42.702 UTC,1.38302,1.38291,0.0012,0.00135
09.09.2025 15:15:42.806 UTC,1.38303,1.38293,0.00495,0.0012
09.09.2025 15:15:43.113 UTC,1.38305,1.38293,0.00225,0.0012
09.09.2025 15:15:43.875 UTC,1.38307,1.38293,0.00915,0.0012
09.09.2025 15:15:43.977 UTC,1.38307,1.38293,0.009,0.0012
09.09.2025 15:15:44.142 UTC,1.38307,1.38299,0.00135,0.0012
09.09.2025 15:15:44.194 UTC,1.38311,1.38297,0.00375,0.0027
09.09.2025 15:15:44.246 UTC,1.38312,1.38299,0.0018,0.0012
09.09.2025 15:15:44.961 UTC,1.38311,1.38299,0.0018,0.0012
09.09.2025 15:15:45.064 UTC,1.38309,1.38298,0.00135,0.0012
09.09.2025 15:15:45.422 UTC,1.38309,1.38296,0.0042,0.0012
09.09.2025 15:15:45.730 UTC,1.38308,1.38296,0.0051,0.0012
09.09.2025 15:15:46.439 UTC,1.38308,1.38295,0.0078,0.0012
09.09.2025 15:15:46.542 UTC,1.38305,1.38296,0.0012,0.0012
09.09.2025 15:15:46.998 UTC,1.38308,1.38295,0.00285,0.00135
09.09.2025 15:15:47.101 UTC,1.38308,1.38295,0.00135,0.00135
09.09.2025 15:15:47.204 UTC,1.38308,1.38296,0.00135,0.0012
09.09.2025 15:15:48.922 UTC,1.38309,1.38297,0.0018,0.00135
09.09.2025 15:15:49.025 UTC,1.38309,1.38298,0.0027,0.00135
09.09.2025 15:15:50.547 UTC,1.38309,1.383,0.0012,0.0012
09.09.2025 15:15:50.678 UTC,1.38313,1.38304,0.0012,0.0012
09.09.2025 15:15:52.094 UTC,1.38314,1.38301,0.00495,0.00225
09.09.2025 15:15:52.196 UTC,1.38314,1.38303,0.00495,0.0012
09.09.2025 15:15:54.120 UTC,1.38313,1.38305,0.0012,0.0012
09.09.2025 15:15:56.143 UTC,1.38313,1.38304,0.0012,0.0012
09.09.2025 15:15:56.347 UTC,1.38313,1.38305,0.0018,0.0012
09.09.2025 15:15:57.058 UTC,1.38313,1.38302,0.0012,0.0012
09.09.2025 15:15:57.262 UTC,1.38314,1.38302,0.0018,0.0012
09.09.2025 15:15:57.465 UTC,1.38313,1.38302,0.0012,0.0012
09.09.2025 15:15:57.669 UTC,1.38313,1.38303,0.0018,0.0012
09.09.2025 15:15:58.225 UTC,1.38313,1.38302,0.0012,0.0012
09.09.2025 15:15:58.422 UTC,1.38312,1.38301,0.0012,0.0012
09.09.2025 15:15:58.526 UTC,1.38311,1.38301,0.00225,0.0012
09.09.2025 15:15:58.629 UTC,1.38312,1.38301,0.00225,0.0012
09.09.2025 15:15:59.642 UTC,1.38313,1.38301,0.00225,0.0012
09.09.2025 15:15:59.896 UTC,1.38314,1.38301,0.00225,0.0012
09.09.2025 15:15:59.999 UTC,1.38313,1.38303,0.00225,0.0012
09.09.2025 15:16:00.152 UTC,1.38315,1.38302,0.00405,0.00225
09.09.2025 15:16:00.254 UTC,1.38315,1.38303,0.0012,0.0012
09.09.2025 15:16:00.713 UTC,1.38313,1.38304,0.0012,0.0012
09.09.2025 15:16:00.968 UTC,1.38314,1.38302,0.0012,0.0012
09.09.2025 15:16:01.530 UTC,1.38315,1.38304,0.0012,0.0012
09.09.2025 15:16:01.633 UTC,1.38316,1.38304,0.00225,0.0012
09.09.2025 15:16:01.735 UTC,1.38316,1.38305,0.00225,0.0012
09.09.2025 15:16:01.838 UTC,1.38315,1.38304,0.0012,0.0012
09.09.2025 15:16:02.094 UTC,1.38316,1.38304,0.00225,0.0012
09.09.2025 15:16:02.907 UTC,1.38315,1.38304,0.0012,0.0012
09.09.2025 15:16:03.211 UTC,1.38316,1.38304,0.0027,0.0012
09.09.2025 15:16:03.314 UTC,1.38315,1.38304,0.0012,0.0012
09.09.2025 15:16:03.468 UTC,1.38316,1.38304,0.0018,0.0012
09.09.2025 15:16:03.571 UTC,1.38319,1.38309,0.0012,0.0012
09.09.2025 15:16:03.623 UTC,1.38321,1.38309,0.0012,0.00315
09.09.2025 15:16:03.726 UTC,1.38322,1.3831,0.00225,0.00315
09.09.2025 15:16:03.829 UTC,1.38323,1.3831,0.0018,0.0012
09.09.2025 15:16:04.135 UTC,1.38323,1.38312,0.00225,0.0012
09.09.2025 15:16:04.239 UTC,1.38324,1.38314,0.0012,0.0012
09.09.2025 15:16:04.291 UTC,1.38326,1.38314,0.0027,0.0012
09.09.2025 15:16:04.393 UTC,1.38323,1.38314,0.0012,0.0012
09.09.2025 15:16:05.089 UTC,1.38325,1.38315,0.0012,0.0012
09.09.2025 15:16:05.348 UTC,1.38325,1.38314,0.0012,0.0012
09.09.2025 15:16:05.705 UTC,1.38326,1.38314,0.0018,0.0012
09.09.2025 15:16:06.265 UTC,1.38324,1.38315,0.0012,0.0012
09.09.2025 15:16:06.367 UTC,1.38323,1.38315,0.0012,0.0012
09.09.2025 15:16:06.927 UTC,1.38325,1.38314,0.0012,0.0012
09.09.2025 15:16:07.232 UTC,1.38325,1.38312,0.0012,0.00135
09.09.2025 15:16:07.335 UTC,1.38324,1.38312,0.0012,0.0012
09.09.2025 15:16:07.593 UTC,1.38324,1.38313,0.0012,0.00135
09.09.2025 15:16:08.153 UTC,1.38324,1.38312,0.0012,0.0012
09.09.2025 15:16:08.256 UTC,1.38324,1.38311,0.0027,0.0012
09.09.2025 15:16:08.360 UTC,1.38323,1.3831,0.0018,0.0012
09.09.2025 15:16:08.462 UTC,1.38321,1.3831,0.0012,0.0012
09.09.2025 15:16:08.565 UTC,1.38321,1.38311,0.00225,0.0012
09.09.2025 15:16:09.324 UTC,1.38322,1.38309,0.00225,0.0012
09.09.2025 15:16:09.427 UTC,1.38318,1.38308,0.0042,0.0012
09.09.2025 15:16:09.531 UTC,1.38316,1.38306,0.0012,0.00135
09.09.2025 15:16:09.634 UTC,1.38318,1.38306,0.00315,0.0012
09.09.2025 15:16:09.847 UTC,1.38318,1.38307,0.0018,0.0012
09.09.2025 15:16:09.949 UTC,1.38318,1.38306,0.0012,0.0012
09.09.2025 15:16:10.003 UTC,1.38316,1.38305,0.0042,0.00225
09.09.2025 15:16:10.106 UTC,1.38315,1.38303,0.00135,0.0012
09.09.2025 15:16:10.261 UTC,1.38316,1.38303,0.00315,0.0012
09.09.2025 15:16:10.568 UTC,1.38317,1.38305,0.0018,0.0012
09.09.2025 15:16:10.671 UTC,1.38316,1.38304,0.00135,0.0012
09.09.2025 15:16:11.030 UTC,1.38316,1.38303,0.00225,0.0012
09.09.2025 15:16:11.133 UTC,1.38314,1.38302,0.00135,0.0012
09.09.2025 15:16:12.201 UTC,1.38316,1.38306,0.00135,0.0012
09.09.2025 15:16:12.305 UTC,1.38318,1.38311,0.0012,0.0012
09.09.2025 15:16:12.408 UTC,1.3832,1.38311,0.00405,0.0012
09.09.2025 15:16:13.221 UTC,1.38321,1.38309,0.00405,0.0012
09.09.2025 15:16:13.426 UTC,1.38321,1.38308,0.00585,0.0012
09.09.2025 15:16:13.528 UTC,1.3832,1.38308,0.0012,0.0012
09.09.2025 15:16:13.732 UTC,1.3832,1.38309,0.00675,0.0012
09.09.2025 15:16:15.501 UTC,1.38321,1.38309,0.00495,0.0012
09.09.2025 15:16:16.447 UTC,1.38322,1.3831,0.0018,0.0012
09.09.2025 15:16:18.422 UTC,1.38322,1.38311,0.0012,0.0012
09.09.2025 15:16:18.474 UTC,1.38323,1.38314,0.0018,0.0012
09.09.2025 15:16:18.579 UTC,1.38328,1.38319,0.0012,0.0012
09.09.2025 15:16:18.682 UTC,1.38328,1.38318,0.00225,0.0012
09.09.2025 15:16:18.785 UTC,1.38327,1.38315,0.0018,0.00135
09.09.2025 15:16:18.889 UTC,1.38327,1.38316,0.0018,0.0012
09.09.2025 15:16:19.447 UTC,1.38328,1.38316,0.0012,0.0012
09.09.2025 15:16:19.702 UTC,1.38328,1.38317,0.0012,0.00135
09.09.2025 15:16:19.805 UTC,1.3833,1.38318,0.0024,0.0012
09.09.2025 15:16:20.363 UTC,1.38329,1.3832,0.0012,0.0012
09.09.2025 15:16:20.416 UTC,1.38332,1.38321,0.0018,0.0012
09.09.2025 15:16:20.519 UTC,1.38333,1.38321,0.00135,0.0012
09.09.2025 15:16:22.243 UTC,1.38333,1.3832,0.00315,0.0012
09.09.2025 15:16:22.345 UTC,1.38333,1.3832,0.0033,0.0012
09.09.2025 15:16:22.773 UTC,1.38333,1.3832,0.00315,0.0012
09.09.2025 15:16:23.528 UTC,1.38333,1.3832,0.0033,0.0012
09.09.2025 15:16:23.680 UTC,1.38329,1.38321,0.0012,0.0012
09.09.2025 15:16:23.783 UTC,1.38328,1.38321,0.0012,0.0012
09.09.2025 15:16:24.038 UTC,1.38329,1.38319,0.0012,0.0012
09.09.2025 15:16:24.696 UTC,1.38329,1.38317,0.0012,0.0012
09.09.2025 15:16:25.910 UTC,1.3833,1.38318,0.0012,0.0012
09.09.2025 15:16:26.013 UTC,1.3833,1.38319,0.00405,0.00135
09.09.2025 15:16:28.950 UTC,1.38329,1.38319,0.00225,0.0012
09.09.2025 15:16:29.054 UTC,1.38328,1.38319,0.0012,0.0012
09.09.2025 15:16:29.358 UTC,1.38329,1.38319,0.0012,0.0012
09.09.2025 15:16:29.665 UTC,1.38327,1.38317,0.00135,0.00225
09.09.2025 15:16:29.769 UTC,1.38329,1.38317,0.0012,0.0012
09.09.2025 15:16:29.923 UTC,1.38328,1.38316,0.0018,0.0012
09.09.2025 15:16:30.026 UTC,1.38325,1.38314,0.0012,0.0012
09.09.2025 15:16:31.352 UTC,1.38325,1.38315,0.00225,0.0012
09.09.2025 15:16:32.159 UTC,1.38327,1.38315,0.00135,0.0012
09.09.2025 15:16:32.261 UTC,1.38327,1.38318,0.0012,0.0012
09.09.2025 15:16:32.364 UTC,1.38329,1.38317,0.00495,0.0012
09.09.2025 15:16:32.977 UTC,1.38329,1.38318,0.0018,0.0012
09.09.2025 15:16:33.383 UTC,1.38329,1.3832,0.0012,0.0012
09.09.2025 15:16:33.537 UTC,1.3833,1.3832,0.00315,0.0012
09.09.2025 15:16:38.095 UTC,1.3833,1.38321,0.0012,0.0012
09.09.2025 15:16:38.198 UTC,1.38332,1.3832,0.0027,0.0012
09.09.2025 15:16:39.365 UTC,1.38332,1.38321,0.00495,0.0012
09.09.2025 15:16:39.721 UTC,1.38333,1.38321,0.00405,0.00135
09.09.2025 15:16:42.151 UTC,1.38332,1.38322,0.00465,0.0012
09.09.2025 15:16:42.253 UTC,1.38332,1.3832,0.00225,0.0012
09.09.2025 15:16:44.475 UTC,1.38331,1.3832,0.00315,0.0012
09.09.2025 15:16:45.132 UTC,1.38332,1.3832,0.0045,0.0012
09.09.2025 15:16:46.344 UTC,1.38331,1.3832,0.0012,0.0012
09.09.2025 15:16:46.447 UTC,1.38331,1.38321,0.00405,0.0012
09.09.2025 15:16:46.551 UTC,1.3833,1.38321,0.0012,0.0012
09.09.2025 15:16:48.212 UTC,1.38332,1.3832,0.00405,0.0012
09.09.2025 15:16:50.080 UTC,1.3833,1.38321,0.0018,0.0012
09.09.2025 15:16:51.347 UTC,1.3833,1.3832,0.0012,0.0012
09.09.2025 15:16:51.450 UTC,1.3833,1.38321,0.0012,0.0012
09.09.2025 15:16:52.205 UTC,1.38331,1.38319,0.0012,0.0012
09.09.2025 15:16:52.661 UTC,1.38331,1.3832,0.00135,0.0012
09.09.2025 15:16:52.915 UTC,1.38332,1.3832,0.0012,0.0012
09.09.2025 15:16:53.122 UTC,1.38333,1.3832,0.00225,0.0012
09.09.2025 15:16:54.087 UTC,1.38333,1.38321,0.0018,0.0012
09.09.2025 15:16:54.190 UTC,1.38332,1.38321,0.00225,0.0012
09.09.2025 15:16:55.153 UTC,1.38333,1.38321,0.00405,0.0012
09.09.2025 15:16:58.740 UTC,1.38332,1.38321,0.0012,0.0012
09.09.2025 15:16:58.895 UTC,1.38332,1.3832,0.0018,0.0012
09.09.2025 15:17:03.301 UTC,1.38333,1.38322,0.0036,0.0012
09.09.2025 15:17:03.710 UTC,1.38334,1.38322,0.0018,0.0012
09.09.2025 15:17:06.685 UTC,1.38335,1.38321,0.00225,0.00135
09.09.2025 15:17:06.938 UTC,1.38335,1.38321,0.0033,0.0012
09.09.2025 15:17:07.247 UTC,1.38334,1.38322,0.00315,0.00135
09.09.2025 15:17:07.453 UTC,1.38335,1.38321,0.0033,0.0012
09.09.2025 15:17:07.705 UTC,1.38334,1.38322,0.00225,0.0012
09.09.2025 15:17:08.612 UTC,1.38333,1.38322,0.00315,0.0012
09.09.2025 15:17:09.629 UTC,1.38334,1.38322,0.00495,0.0012
09.09.2025 15:17:10.234 UTC,1.38332,1.38322,0.00135,0.0012
09.09.2025 15:17:12.104 UTC,1.38333,1.38322,0.00225,0.0012
09.09.2025 15:17:12.306 UTC,1.38332,1.38322,0.00135,0.0012
09.09.2025 15:17:12.714 UTC,1.38333,1.38322,0.0018,0.0012
09.09.2025 15:17:12.818 UTC,1.38333,1.38323,0.00135,0.0012
09.09.2025 15:17:13.474 UTC,1.38335,1.38322,0.0036,0.0012
09.09.2025 15:17:13.678 UTC,1.38335,1.38323,0.0027,0.0012
09.09.2025 15:17:16.276 UTC,1.38335,1.38324,0.00225,0.0012
09.09.2025 15:17:16.379 UTC,1.38335,1.38324,0.0033,0.0012
09.09.2025 15:17:18.345 UTC,1.38335,1.38323,0.0024,0.0012
09.09.2025 15:17:18.497 UTC,1.38335,1.38323,0.00225,0.0012
09.09.2025 15:17:19.003 UTC,1.38334,1.38324,0.0033,0.0012
09.09.2025 15:17:19.708 UTC,1.38335,1.38323,0.00315,0.0012
09.09.2025 15:17:19.811 UTC,1.38335,1.38323,0.0033,0.0012
09.09.2025 15:17:19.963 UTC,1.38335,1.38323,0.00315,0.0012
09.09.2025 15:17:20.768 UTC,1.38335,1.38323,0.0033,0.0012
09.09.2025 15:17:20.870 UTC,1.38335,1.38323,0.00315,0.0012
09.09.2025 15:17:21.022 UTC,1.38335,1.38323,0.0033,0.0012
09.09.2025 15:17:21.770 UTC,1.38334,1.38324,0.00315,0.0012
09.09.2025 15:17:21.872 UTC,1.38334,1.38324,0.0033,0.0012
09.09.2025 15:17:21.975 UTC,1.38334,1.38324,0.00315,0.0012
09.09.2025 15:17:22.580 UTC,1.38335,1.38323,0.0024,0.0012
09.09.2025 15:17:22.684 UTC,1.38334,1.38324,0.00225,0.0012
09.09.2025 15:17:24.650 UTC,1.38335,1.38323,0.0024,0.0012
09.09.2025 15:17:24.803 UTC,1.38334,1.38324,0.00225,0.0012
09.09.2025 15:17:25.108 UTC,1.38334,1.38324,0.0024,0.0012
09.09.2025 15:17:26.167 UTC,1.38335,1.38323,0.00315,0.0012
09.09.2025 15:17:28.241 UTC,1.38335,1.38323,0.0024,0.0012
09.09.2025 15:17:28.344 UTC,1.38334,1.38323,0.0018,0.0012
09.09.2025 15:17:28.901 UTC,1.38334,1.38323,0.00135,0.0012
09.09.2025 15:17:29.055 UTC,1.38334,1.38324,0.00315,0.0012
09.09.2025 15:17:31.021 UTC,1.38334,1.38324,0.0033,0.00225
09.09.2025 15:17:31.375 UTC,1.38334,1.38324,0.00315,0.00225
09.09.2025 15:17:31.579 UTC,1.38335,1.38323,0.0033,0.00225
09.09.2025 15:17:32.035 UTC,1.38334,1.38324,0.00315,0.00225
09.09.2025 15:17:32.137 UTC,1.38335,1.38323,0.0033,0.0012
09.09.2025 15:17:32.240 UTC,1.38335,1.38322,0.0033,0.0012
09.09.2025 15:17:32.697 UTC,1.38334,1.38322,0.0018,0.0012
09.09.2025 15:17:32.850 UTC,1.38334,1.38322,0.00135,0.0012
09.09.2025 15:17:34.113 UTC,1.38335,1.38323,0.0027,0.00135
09.09.2025 15:17:34.222 UTC,1.38338,1.3833,0.0027,0.0012
09.09.2025 15:17:34.277 UTC,1.38342,1.38329,0.0027,0.0012
09.09.2025 15:17:35.746 UTC,1.38341,1.38329,0.0012,0.0012
09.09.2025 15:17:36.053 UTC,1.3834,1.38329,0.0012,0.0012
09.09.2025 15:17:36.604 UTC,1.38341,1.38329,0.0012,0.0012
09.09.2025 15:17:38.069 UTC,1.38338,1.38326,0.00135,0.0024
09.09.2025 15:17:38.172 UTC,1.38337,1.38325,0.0012,0.0018
09.09.2025 15:17:38.224 UTC,1.38337,1.38326,0.00135,0.0012
09.09.2025 15:17:38.326 UTC,1.38337,1.38325,0.0012,0.0012
09.09.2025 15:17:38.429 UTC,1.38336,1.38324,0.00135,0.0012
09.09.2025 15:17:38.532 UTC,1.38333,1.38325,0.0012,0.0012
09.09.2025 15:17:39.850 UTC,1.38334,1.38325,0.00135,0.0012
09.09.2025 15:17:40.407 UTC,1.38336,1.38324,0.00135,0.0012
09.09.2025 15:17:44.240 UTC,1.38335,1.38325,0.00195,0.0012
09.09.2025 15:17:45.301 UTC,1.38335,1.38326,0.0012,0.00135
09.09.2025 15:17:45.408 UTC,1.3834,1.3833,0.0012,0.0012
09.09.2025 15:17:46.923 UTC,1.38341,1.38328,0.00225,0.0012
09.09.2025 15:17:47.025 UTC,1.3834,1.38328,0.0012,0.0012
09.09.2025 15:17:47.933 UTC,1.3834,1.38329,0.0012,0.0012
09.09.2025 15:17:48.036 UTC,1.38341,1.38329,0.00225,0.0012
09.09.2025 15:17:49.600 UTC,1.38342,1.38329,0.0018,0.0012
09.09.2025 15:17:54.013 UTC,1.3834,1.3833,0.0012,0.0012
09.09.2025 15:17:56.435 UTC,1.38341,1.3833,0.0027,0.0012
09.09.2025 15:17:57.250 UTC,1.38342,1.3833,0.0027,0.00135
09.09.2025 15:17:57.809 UTC,1.38342,1.38331,0.0012,0.0024
09.09.2025 15:17:57.911 UTC,1.38343,1.38332,0.0012,0.00135
09.09.2025 15:17:58.066 UTC,1.38344,1.38332,0.0018,0.00135
09.09.2025 15:17:58.273 UTC,1.38345,1.38333,0.0012,0.0012
09.09.2025 15:17:58.376 UTC,1.38346,1.38333,0.0027,0.0012
09.09.2025 15:17:58.684 UTC,1.38344,1.38334,0.0012,0.00225
09.09.2025 15:17:58.939 UTC,1.38346,1.38333,0.00405,0.00225
09.09.2025 15:18:00.157 UTC,1.38344,1.38334,0.0012,0.00225
09.09.2025 15:18:00.925 UTC,1.38343,1.38334,0.0012,0.0012
09.09.2025 15:18:01.380 UTC,1.38345,1.38335,0.0027,0.0012
09.09.2025 15:18:01.432 UTC,1.38346,1.38336,0.0018,0.0012
09.09.2025 15:18:03.108 UTC,1.38347,1.38338,0.0012,0.0012
09.09.2025 15:18:03.211 UTC,1.38347,1.38336,0.0012,0.0012
09.09.2025 15:18:03.365 UTC,1.38348,1.38337,0.00765,0.00135
09.09.2025 15:18:03.469 UTC,1.38347,1.38336,0.0012,0.0012
09.09.2025 15:18:03.825 UTC,1.38347,1.38334,0.0012,0.00135
09.09.2025 15:18:03.928 UTC,1.38345,1.38335,0.0012,0.0012
09.09.2025 15:18:04.082 UTC,1.38347,1.38334,0.00135,0.0012
09.09.2025 15:18:05.095 UTC,1.38346,1.38333,0.0018,0.00135
09.09.2025 15:18:05.198 UTC,1.38345,1.38333,0.0012,0.0012
09.09.2025 15:18:05.301 UTC,1.38344,1.38336,0.0012,0.0018
09.09.2025 15:18:05.404 UTC,1.38348,1.38336,0.0012,0.0012
09.09.2025 15:18:05.508 UTC,1.38347,1.38335,0.0012,0.00225
09.09.2025 15:18:05.866 UTC,1.38349,1.38335,0.00765,0.00225
09.09.2025 15:18:06.121 UTC,1.38348,1.38335,0.0012,0.0036
09.09.2025 15:18:06.223 UTC,1.38347,1.38335,0.0012,0.00315
09.09.2025 15:18:06.835 UTC,1.38345,1.38335,0.0012,0.00135
09.09.2025 15:18:06.887 UTC,1.38345,1.38332,0.00225,0.0027
09.09.2025 15:18:06.990 UTC,1.38344,1.38332,0.0012,0.00225
09.09.2025 15:18:07.194 UTC,1.38343,1.38332,0.0018,0.0012
09.09.2025 15:18:07.246 UTC,1.38343,1.3833,0.00375,0.0012
09.09.2025 15:18:07.349 UTC,1.38342,1.38329,0.00135,0.0012
09.09.2025 15:18:07.452 UTC,1.38342,1.38329,0.0024,0.0012
09.09.2025 15:18:07.555 UTC,1.3834,1.3833,0.0018,0.0012
09.09.2025 15:18:07.659 UTC,1.38334,1.38326,0.0012,0.0045
09.09.2025 15:18:07.711 UTC,1.38333,1.38322,0.00135,0.00315
09.09.2025 15:18:07.814 UTC,1.38332,1.38319,0.00225,0.0054
09.09.2025 15:18:08.837 UTC,1.38331,1.3832,0.00645,0.0012
09.09.2025 15:18:08.941 UTC,1.38331,1.38318,0.00225,0.00135
09.09.2025 15:18:09.246 UTC,1.3833,1.38317,0.0012,0.0018
09.09.2025 15:18:10.258 UTC,1.3833,1.38317,0.0012,0.00285
09.09.2025 15:18:10.917 UTC,1.3833,1.38317,0.0012,0.0027
09.09.2025 15:18:11.976 UTC,1.38326,1.38317,0.0012,0.00195
09.09.2025 15:18:12.081 UTC,1.38323,1.38313,0.0012,0.00195
09.09.2025 15:18:12.184 UTC,1.38323,1.38313,0.0012,0.00135
09.09.2025 15:18:12.439 UTC,1.38323,1.38311,0.0012,0.00135
09.09.2025 15:18:14.157 UTC,1.38322,1.3831,0.00135,0.00135
09.09.2025 15:18:18.313 UTC,1.38322,1.3831,0.0012,0.00195
09.09.2025 15:18:18.416 UTC,1.38323,1.38311,0.00315,0.0012
09.09.2025 15:18:19.837 UTC,1.38324,1.38312,0.0018,0.00135
09.09.2025 15:18:19.940 UTC,1.38327,1.38316,0.0018,0.0012
09.09.2025 15:18:19.994 UTC,1.38328,1.38316,0.0012,0.0012
09.09.2025 15:18:21.259 UTC,1.38331,1.38319,0.00135,0.00225
09.09.2025 15:18:21.362 UTC,1.38332,1.38319,0.0012,0.0027
09.09.2025 15:18:23.799 UTC,1.38331,1.38319,0.0012,0.00135
09.09.2025 15:18:25.014 UTC,1.38332,1.3832,0.0018,0.0012
09.09.2025 15:18:25.825 UTC,1.3833,1.38319,0.0012,0.00195
09.09.2025 15:18:25.927 UTC,1.38331,1.38318,0.0012,0.00135
09.09.2025 15:18:27.849 UTC,1.38331,1.38318,0.0012,0.0018
09.09.2025 15:18:27.952 UTC,1.38331,1.38318,0.0012,0.00135
09.09.2025 15:18:28.087 UTC,1.38329,1.38319,0.0018,0.0012
09.09.2025 15:18:30.213 UTC,1.38327,1.38317,0.00135,0.0012
09.09.2025 15:18:30.317 UTC,1.38325,1.38313,0.0012,0.00225
09.09.2025 15:18:30.420 UTC,1.38324,1.38312,0.0018,0.0012
09.09.2025 15:18:36.829 UTC,1.38322,1.38311,0.0012,0.0012
09.09.2025 15:18:37.843 UTC,1.38321,1.3831,0.0012,0.0024
09.09.2025 15:18:37.946 UTC,1.38321,1.3831,0.0012,0.0018
09.09.2025 15:18:39.212 UTC,1.3832,1.3831,0.0012,0.00135
09.09.2025 15:18:39.314 UTC,1.3832,1.38308,0.0012,0.00315
09.09.2025 15:18:39.418 UTC,1.38319,1.38308,0.0012,0.00135
09.09.2025 15:18:41.284 UTC,1.38319,1.38307,0.0012,0.0018
09.09.2025 15:18:41.845 UTC,1.38319,1.38307,0.0012,0.0033
09.09.2025 15:18:42.516 UTC,1.38319,1.38307,0.0012,0.00315
09.09.2025 15:18:42.874 UTC,1.38319,1.38307,0.0012,0.00195
09.09.2025 15:18:42.976 UTC,1.38318,1.38308,0.0012,0.0018
09.09.2025 15:18:43.078 UTC,1.38319,1.38307,0.0012,0.00195
09.09.2025 15:18:43.385 UTC,1.38319,1.38307,0.0012,0.00135
09.09.2025 15:18:45.958 UTC,1.38319,1.38307,0.0012,0.0018
09.09.2025 15:18:47.017 UTC,1.38318,1.38308,0.0012,0.00195
09.09.2025 15:18:47.119 UTC,1.38319,1.38307,0.0012,0.00195
09.09.2025 15:18:47.323 UTC,1.3832,1.38308,0.0012,0.00135
09.09.2025 15:18:47.426 UTC,1.3832,1.38308,0.0012,0.0018
09.09.2025 15:18:48.184 UTC,1.38319,1.38309,0.0012,0.00135
09.09.2025 15:18:48.743 UTC,1.38319,1.38309,0.0012,0.0018
09.09.2025 15:18:48.846 UTC,1.38321,1.3831,0.0012,0.00135
09.09.2025 15:18:52.479 UTC,1.38322,1.38311,0.00135,0.0018
09.09.2025 15:18:52.583 UTC,1.38322,1.38312,0.0012,0.0012
09.09.2025 15:18:52.836 UTC,1.38323,1.38311,0.0012,0.00135
09.09.2025 15:18:54.807 UTC,1.38322,1.38312,0.0012,0.0012
09.09.2025 15:18:58.197 UTC,1.38323,1.38311,0.0012,0.0012
09.09.2025 15:18:58.448 UTC,1.38322,1.38312,0.0012,0.0012
09.09.2025 15:18:58.955 UTC,1.38323,1.38311,0.0012,0.0012
09.09.2025 15:18:59.107 UTC,1.38322,1.38312,0.0012,0.0012
09.09.2025 15:19:00.572 UTC,1.38323,1.38311,0.0012,0.0012
09.09.2025 15:19:00.676 UTC,1.38327,1.38315,0.0024,0.00225
09.09.2025 15:19:00.778 UTC,1.38327,1.38315,0.0018,0.0027
09.09.2025 15:19:00.882 UTC,1.38325,1.38315,0.0012,0.00225
09.09.2025 15:19:00.985 UTC,1.38327,1.38315,0.0012,0.0012
09.09.2025 15:19:01.648 UTC,1.38327,1.38315,0.0012,0.00285
09.09.2025 15:19:01.751 UTC,1.38328,1.38316,0.0012,0.0018
09.09.2025 15:19:02.511 UTC,1.38327,1.38315,0.0012,0.00135
09.09.2025 15:19:02.615 UTC,1.38326,1.38314,0.0012,0.0024
09.09.2025 15:19:02.768 UTC,1.38325,1.38315,0.0012,0.00225
09.09.2025 15:19:03.176 UTC,1.38329,1.38317,0.0027,0.00285
09.09.2025 15:19:03.482 UTC,1.38329,1.38317,0.0012,0.0027
09.09.2025 15:19:04.525 UTC,1.38329,1.38317,0.0012,0.00285
09.09.2025 15:19:04.678 UTC,1.38329,1.38317,0.0012,0.0027
09.09.2025 15:19:05.988 UTC,1.38329,1.38317,0.0012,0.00285
09.09.2025 15:19:06.090 UTC,1.38329,1.38317,0.0012,0.0027
09.09.2025 15:19:09.369 UTC,1.38329,1.38317,0.0012,0.00285
09.09.2025 15:19:09.472 UTC,1.38329,1.38317,0.0012,0.0027
09.09.2025 15:19:09.977 UTC,1.38329,1.38317,0.0012,0.00375
09.09.2025 15:19:10.333 UTC,1.38329,1.38317,0.0012,0.0036
09.09.2025 15:19:10.437 UTC,1.3833,1.38318,0.0012,0.00375
09.09.2025 15:19:10.694 UTC,1.3833,1.38318,0.0012,0.0033
09.09.2025 15:19:10.947 UTC,1.38329,1.38319,0.0012,0.0033
09.09.2025 15:19:11.050 UTC,1.38332,1.3832,0.0012,0.0018
09.09.2025 15:19:12.498 UTC,1.38332,1.3832,0.0012,0.00135
09.09.2025 15:19:12.857 UTC,1.38332,1.3832,0.0012,0.0018
09.09.2025 15:19:14.471 UTC,1.38331,1.38321,0.0012,0.00135
09.09.2025 15:19:15.630 UTC,1.38331,1.38321,0.0012,0.0018
09.09.2025 15:19:15.732 UTC,1.38332,1.3832,0.0012,0.00135
09.09.2025 15:19:16.339 UTC,1.38331,1.38321,0.0012,0.0018
09.09.2025 15:19:17.754 UTC,1.38332,1.3832,0.0012,0.0018
09.09.2025 15:19:17.805 UTC,1.38331,1.38321,0.0012,0.00135
09.09.2025 15:19:17.908 UTC,1.38332,1.3832,0.0012,0.00195
09.09.2025 15:19:20.735 UTC,1.38333,1.38321,0.0012,0.0018
09.09.2025 15:19:20.839 UTC,1.38333,1.38323,0.0012,0.0018
09.09.2025 15:19:20.992 UTC,1.38334,1.38322,0.0012,0.00135
09.09.2025 15:19:21.246 UTC,1.38335,1.38322,0.0018,0.00135
09.09.2025 15:19:21.398 UTC,1.38334,1.38323,0.0018,0.0018
09.09.2025 15:19:22.306 UTC,1.38335,1.38322,0.0036,0.00135
09.09.2025 15:19:22.759 UTC,1.38334,1.38323,0.0036,0.0018
09.09.2025 15:19:22.810 UTC,1.38333,1.38321,0.0012,0.0018
09.09.2025 15:19:22.964 UTC,1.38332,1.3832,0.0012,0.0033
09.09.2025 15:19:23.067 UTC,1.38332,1.3832,0.0012,0.00135
09.09.2025 15:19:23.269 UTC,1.38331,1.38321,0.0012,0.0018
09.09.2025 15:19:24.534 UTC,1.38331,1.38321,0.0018,0.00135
09.09.2025 15:19:27.781 UTC,1.3833,1.3832,0.0012,0.0018
09.09.2025 15:19:27.885 UTC,1.38331,1.38319,0.0018,0.0012
09.09.2025 15:19:29.550 UTC,1.3833,1.38318,0.0012,0.00135
09.09.2025 15:19:30.109 UTC,1.3833,1.3832,0.0012,0.00135
09.09.2025 15:19:30.212 UTC,1.38331,1.38319,0.0012,0.0018
09.09.2025 15:19:31.726 UTC,1.38333,1.38321,0.0027,0.00135
09.09.2025 15:19:38.271 UTC,1.38333,1.38321,0.0012,0.00195
09.09.2025 15:19:38.322 UTC,1.38333,1.38321,0.0012,0.0018
09.09.2025 15:19:40.389 UTC,1.38332,1.38322,0.0012,0.0024
09.09.2025 15:19:40.552 UTC,1.38333,1.38321,0.0012,0.00225
09.09.2025 15:19:41.972 UTC,1.38332,1.38322,0.0012,0.0024
09.09.2025 15:19:42.877 UTC,1.38333,1.38321,0.0012,0.0018
09.09.2025 15:19:43.689 UTC,1.38333,1.38321,0.0012,0.00195
09.09.2025 15:19:44.041 UTC,1.38332,1.38322,0.0012,0.0018
09.09.2025 15:19:45.706 UTC,1.38334,1.38322,0.0012,0.00225
09.09.2025 15:19:45.758 UTC,1.38335,1.38326,0.0012,0.0012
09.09.2025 15:19:45.810 UTC,1.38336,1.38327,0.00135,0.0012
09.09.2025 15:19:45.913 UTC,1.38337,1.38324,0.0012,0.00225
09.09.2025 15:19:46.016 UTC,1.38336,1.38323,0.0012,0.006
09.09.2025 15:19:46.068 UTC,1.38334,1.38323,0.0012,0.0012
09.09.2025 15:19:46.222 UTC,1.38334,1.38322,0.0012,0.00555
09.09.2025 15:19:47.436 UTC,1.38336,1.38324,0.0018,0.0018
09.09.2025 15:19:47.591 UTC,1.38335,1.38325,0.0012,0.00135
09.09.2025 15:19:47.695 UTC,1.38336,1.38326,0.0012,0.00135
09.09.2025 15:19:48.053 UTC,1.38339,1.38325,0.00495,0.00135
09.09.2025 15:19:48.155 UTC,1.38338,1.38326,0.00405,0.0018
09.09.2025 15:19:48.259 UTC,1.38341,1.38328,0.0024,0.00135
09.09.2025 15:19:48.312 UTC,1.38341,1.3833,0.0018,0.0018
09.09.2025 15:19:48.618 UTC,1.38342,1.38331,0.0012,0.00135
09.09.2025 15:19:48.722 UTC,1.38346,1.38332,0.0018,0.0012
09.09.2025 15:19:48.923 UTC,1.38345,1.38332,0.0012,0.0012
09.09.2025 15:19:49.287 UTC,1.38345,1.38334,0.00135,0.0012
09.09.2025 15:19:49.393 UTC,1.38344,1.38334,0.0012,0.0012
09.09.2025 15:19:49.802 UTC,1.38345,1.38335,0.0012,0.0012
09.09.2025 15:19:49.905 UTC,1.38346,1.38336,0.0018,0.0012
09.09.2025 15:19:50.260 UTC,1.38347,1.38336,0.00405,0.0012
09.09.2025 15:19:50.867 UTC,1.38347,1.38336,0.0012,0.0012
09.09.2025 15:19:50.971 UTC,1.38349,1.38337,0.0018,0.0012
09.09.2025 15:19:51.227 UTC,1.38349,1.38338,0.0018,0.00135
09.09.2025 15:19:51.330 UTC,1.38351,1.38337,0.00315,0.00135
09.09.2025 15:19:51.738 UTC,1.3835,1.38339,0.00135,0.0012
09.09.2025 15:19:52.451 UTC,1.38349,1.38337,0.0012,0.0012
09.09.2025 15:19:52.554 UTC,1.38349,1.38338,0.00135,0.0012
09.09.2025 15:19:52.656 UTC,1.3835,1.38338,0.0012,0.0012
09.09.2025 15:19:53.061 UTC,1.3835,1.38338,0.0012,0.0018
09.09.2025 15:19:53.215 UTC,1.38349,1.38339,0.0012,0.00135
09.09.2025 15:19:53.317 UTC,1.3835,1.38338,0.0012,0.0018
09.09.2025 15:19:53.419 UTC,1.3835,1.38338,0.0012,0.00135
09.09.2025 15:19:53.523 UTC,1.38351,1.38337,0.00135,0.0018
09.09.2025 15:19:53.880 UTC,1.38349,1.38336,0.0027,0.0012
09.09.2025 15:19:53.983 UTC,1.38347,1.38335,0.0012,0.0012
09.09.2025 15:19:54.188 UTC,1.38347,1.38336,0.00225,0.00135
09.09.2025 15:19:54.746 UTC,1.38348,1.38335,0.0012,0.0018
09.09.2025 15:19:54.850 UTC,1.38348,1.38337,0.0012,0.00135
09.09.2025 15:19:55.140 UTC,1.38348,1.38336,0.0012,0.00135
09.09.2025 15:19:57.720 UTC,1.38347,1.38338,0.0012,0.00135
09.09.2025 15:19:57.823 UTC,1.38348,1.38338,0.0012,0.00135
09.09.2025 15:19:57.926 UTC,1.38349,1.38336,0.00315,0.00135
09.09.2025 15:19:58.029 UTC,1.38344,1.38333,0.0012,0.00135
09.09.2025 15:19:58.286 UTC,1.38343,1.38333,0.0012,0.0012
09.09.2025 15:19:59.145 UTC,1.38343,1.38331,0.0012,0.00135
09.09.2025 15:19:59.808 UTC,1.38343,1.38334,0.0012,0.00135
09.09.2025 15:19:59.912 UTC,1.38352,1.38338,0.00285,0.0012
09.09.2025 15:19:59.964 UTC,1.38351,1.38339,0.00195,0.0012
09.09.2025 15:20:00.118 UTC,1.3835,1.38338,0.0012,0.0012
09.09.2025 15:20:00.221 UTC,1.38351,1.38338,0.0018,0.0012
09.09.2025 15:20:00.325 UTC,1.3835,1.38338,0.0012,0.0012
09.09.2025 15:20:00.376 UTC,1.38352,1.38338,0.0018,0.0012
09.09.2025 15:20:00.886 UTC,1.38351,1.38338,0.00135,0.00135
09.09.2025 15:20:00.988 UTC,1.3835,1.38338,0.0012,0.00135
09.09.2025 15:20:01.997 UTC,1.38351,1.38338,0.00135,0.00135
09.09.2025 15:20:02.099 UTC,1.38351,1.38338,0.0012,0.0018
09.09.2025 15:20:02.202 UTC,1.38352,1.3834,0.0018,0.0012
09.09.2025 15:20:02.254 UTC,1.38351,1.38338,0.0018,0.0012
09.09.2025 15:20:02.358 UTC,1.38347,1.38337,0.0012,0.0012
09.09.2025 15:20:03.275 UTC,1.38347,1.38336,0.0012,0.0012
09.09.2025 15:20:03.532 UTC,1.38348,1.38337,0.0012,0.00135
09.09.2025 15:20:03.735 UTC,1.38349,1.38337,0.0012,0.00135
09.09.2025 15:20:03.840 UTC,1.38349,1.38338,0.0012,0.00135
09.09.2025 15:20:04.448 UTC,1.38349,1.38339,0.0012,0.00135
09.09.2025 15:20:05.464 UTC,1.3835,1.38337,0.0012,0.00135
09.09.2025 15:20:06.281 UTC,1.3835,1.38337,0.0012,0.0018
09.09.2025 15:20:07.694 UTC,1.38351,1.38337,0.00135,0.0018
09.09.2025 15:20:08.149 UTC,1.38351,1.38337,0.00135,0.00135
09.09.2025 15:20:08.655 UTC,1.38349,1.38338,0.0012,0.0012
09.09.2025 15:20:08.758 UTC,1.38348,1.38338,0.0018,0.00135
09.09.2025 15:20:08.862 UTC,1.38348,1.38336,0.0012,0.00135
09.09.2025 15:20:09.522 UTC,1.38347,1.38335,0.0012,0.00135
09.09.2025 15:20:11.691 UTC,1.38345,1.38336,0.0012,0.0012
09.09.2025 15:20:13.433 UTC,1.38344,1.38332,0.0012,0.0033
09.09.2025 15:20:13.637 UTC,1.38344,1.38332,0.0012,0.00135
09.09.2025 15:20:13.841 UTC,1.38345,1.38335,0.0012,0.0012
09.09.2025 15:20:14.200 UTC,1.38345,1.38332,0.0027,0.00135
09.09.2025 15:20:14.303 UTC,1.38344,1.38332,0.0012,0.00135
09.09.2025 15:20:14.406 UTC,1.38344,1.38333,0.0027,0.00135
09.09.2025 15:20:15.317 UTC,1.38344,1.38332,0.0012,0.00135
09.09.2025 15:20:15.673 UTC,1.38345,1.38332,0.0027,0.0018
09.09.2025 15:20:16.532 UTC,1.38343,1.38333,0.0012,0.0018
09.09.2025 15:20:16.837 UTC,1.38344,1.38333,0.0012,0.0018
09.09.2025 15:20:17.645 UTC,1.38344,1.38334,0.0012,0.0018
09.09.2025 15:20:17.747 UTC,1.38346,1.38333,0.0018,0.0018
09.09.2025 15:20:18.152 UTC,1.38346,1.38333,0.0018,0.00135
09.09.2025 15:20:18.757 UTC,1.38345,1.38334,0.0018,0.0018
09.09.2025 15:20:18.858 UTC,1.38345,1.38334,0.0018,0.00135
09.09.2025 15:20:19.755 UTC,1.38345,1.38333,0.0012,0.00135
09.09.2025 15:20:20.312 UTC,1.38343,1.38334,0.0012,0.00135
09.09.2025 15:20:22.278 UTC,1.38342,1.38333,0.0012,0.00135
09.09.2025 15:20:22.434 UTC,1.38342,1.38331,0.0027,0.0018
09.09.2025 15:20:22.538 UTC,1.38342,1.3833,0.0012,0.00135
09.09.2025 15:20:23.604 UTC,1.38342,1.3833,0.0012,0.0018
09.09.2025 15:20:23.808 UTC,1.38341,1.38331,0.0012,0.00135
09.09.2025 15:20:24.062 UTC,1.38342,1.3833,0.0012,0.0018
09.09.2025 15:20:24.265 UTC,1.38342,1.38331,0.0027,0.0018
09.09.2025 15:20:25.491 UTC,1.38342,1.38331,0.0027,0.0027
09.09.2025 15:20:25.803 UTC,1.38342,1.3833,0.0012,0.00135
09.09.2025 15:20:28.399 UTC,1.38341,1.38332,0.0012,0.00135
09.09.2025 15:20:35.554 UTC,1.38341,1.38331,0.0012,0.00135
09.09.2025 15:20:36.723 UTC,1.38343,1.3833,0.0027,0.00195
09.09.2025 15:20:36.926 UTC,1.38343,1.38336,0.0012,0.0012
09.09.2025 15:20:36.978 UTC,1.38346,1.38338,0.0018,0.00135
09.09.2025 15:20:37.066 UTC,1.3835,1.38339,0.0027,0.00135
09.09.2025 15:20:38.996 UTC,1.38351,1.38338,0.0012,0.00285
09.09.2025 15:20:42.090 UTC,1.38351,1.38339,0.0012,0.00195
09.09.2025 15:20:42.192 UTC,1.3835,1.3834,0.0012,0.0018
09.09.2025 15:20:42.295 UTC,1.3835,1.3834,0.0012,0.00195
09.09.2025 15:20:42.347 UTC,1.38351,1.38339,0.0012,0.0018
09.09.2025 15:20:43.807 UTC,1.3835,1.3834,0.0012,0.0018
09.09.2025 15:20:43.959 UTC,1.38351,1.3834,0.0012,0.0018
09.09.2025 15:20:44.315 UTC,1.38352,1.38339,0.0012,0.0018
09.09.2025 15:20:44.772 UTC,1.38352,1.3834,0.0012,0.0012
09.09.2025 15:20:47.389 UTC,1.38353,1.38342,0.0012,0.0012
09.09.2025 15:20:47.491 UTC,1.38352,1.38342,0.0012,0.0012
09.09.2025 15:20:50.067 UTC,1.38352,1.38341,0.0012,0.0012
09.09.2025 15:20:52.441 UTC,1.38352,1.3834,0.0012,0.00135
09.09.2025 15:20:52.644 UTC,1.38352,1.3834,0.0012,0.0018
09.09.2025 15:20:53.600 UTC,1.38351,1.38341,0.0012,0.0012
09.09.2025 15:20:58.048 UTC,1.38351,1.3834,0.0012,0.0012
09.09.2025 15:20:59.313 UTC,1.38349,1.38338,0.0036,0.0012
09.09.2025 15:20:59.519 UTC,1.38347,1.38338,0.00225,0.0012
09.09.2025 15:21:00.030 UTC,1.38347,1.38339,0.0012,0.00135
09.09.2025 15:21:00.082 UTC,1.38351,1.38339,0.0012,0.00135
09.09.2025 15:21:00.440 UTC,1.38349,1.3834,0.0012,0.0012
09.09.2025 15:21:01.099 UTC,1.3835,1.38338,0.0012,0.00135
09.09.2025 15:21:02.110 UTC,1.38349,1.38338,0.0012,0.00135
09.09.2025 15:21:02.910 UTC,1.3835,1.38338,0.0012,0.00135
09.09.2025 15:21:03.268 UTC,1.38349,1.38338,0.0012,0.0012
09.09.2025 15:21:03.371 UTC,1.38345,1.38336,0.0012,0.00135
09.09.2025 15:21:04.180 UTC,1.38346,1.38336,0.0012,0.0018
09.09.2025 15:21:04.285 UTC,1.38352,1.38339,0.00135,0.0012
09.09.2025 15:21:09.334 UTC,1.38351,1.38339,0.00135,0.0012
09.09.2025 15:21:09.791 UTC,1.38351,1.38338,0.0012,0.0012
09.09.2025 15:21:13.268 UTC,1.38351,1.38338,0.0012,0.0018
09.09.2025 15:21:13.573 UTC,1.3835,1.38339,0.0012,0.00135
09.09.2025 15:21:16.598 UTC,1.3835,1.38338,0.0012,0.00135
09.09.2025 15:21:18.715 UTC,1.38349,1.38339,0.0012,0.0018
09.09.2025 15:21:18.919 UTC,1.38351,1.38339,0.0012,0.00135
09.09.2025 15:21:19.021 UTC,1.38351,1.3834,0.00135,0.0018
09.09.2025 15:21:19.124 UTC,1.38351,1.3834,0.0012,0.00135
09.09.2025 15:21:20.923 UTC,1.38351,1.38338,0.0018,0.00135
09.09.2025 15:21:21.026 UTC,1.38351,1.38337,0.0018,0.00135
09.09.2025 15:21:21.179 UTC,1.3835,1.38338,0.0018,0.0018
09.09.2025 15:21:21.989 UTC,1.3835,1.38337,0.0018,0.0018
09.09.2025 15:21:22.594 UTC,1.3835,1.38337,0.0018,0.00135
09.09.2025 15:21:22.997 UTC,1.3835,1.38337,0.0018,0.0018
09.09.2025 15:21:23.149 UTC,1.38351,1.38337,0.0036,0.0018
09.09.2025 15:21:23.350 UTC,1.38351,1.38337,0.0036,0.00135
09.09.2025 15:21:23.503 UTC,1.38349,1.38338,0.0012,0.0012
09.09.2025 15:21:23.606 UTC,1.38348,1.38336,0.0012,0.0012
09.09.2025 15:21:23.913 UTC,1.38349,1.38336,0.0036,0.0012
09.09.2025 15:21:25.229 UTC,1.38347,1.38336,0.0012,0.00135
09.09.2025 15:21:25.332 UTC,1.38348,1.38337,0.00315,0.0012
09.09.2025 15:21:26.046 UTC,1.38349,1.38336,0.0012,0.0018
09.09.2025 15:21:26.201 UTC,1.38349,1.38338,0.0018,0.00135
09.09.2025 15:21:26.507 UTC,1.38348,1.38338,0.0012,0.00135
09.09.2025 15:21:26.609 UTC,1.3835,1.38337,0.00225,0.00135
09.09.2025 15:21:28.093 UTC,1.3835,1.38337,0.00225,0.0018
09.09.2025 15:21:28.296 UTC,1.38349,1.38338,0.00225,0.00135
09.09.2025 15:21:28.449 UTC,1.3835,1.38337,0.00225,0.0018
09.09.2025 15:21:29.104 UTC,1.3835,1.38337,0.00225,0.00135
09.09.2025 15:21:29.559 UTC,1.38348,1.38338,0.0012,0.00135
09.09.2025 15:21:29.914 UTC,1.38349,1.38336,0.0018,0.00225
09.09.2025 15:21:30.374 UTC,1.38347,1.38335,0.0012,0.00225
09.09.2025 15:21:30.477 UTC,1.38346,1.38336,0.0012,0.0018
09.09.2025 15:21:30.630 UTC,1.38346,1.38334,0.0012,0.00375
09.09.2025 15:21:31.999 UTC,1.38346,1.38334,0.0012,0.00285
09.09.2025 15:21:32.051 UTC,1.38347,1.38337,0.0012,0.00135
09.09.2025 15:21:32.510 UTC,1.38347,1.38335,0.0012,0.00135
09.09.2025 15:21:32.612 UTC,1.38346,1.38334,0.0012,0.0033
09.09.2025 15:21:33.020 UTC,1.38346,1.38334,0.0012,0.00285
09.09.2025 15:21:33.527 UTC,1.38345,1.38335,0.0012,0.00285
09.09.2025 15:21:33.630 UTC,1.38346,1.38336,0.0012,0.00135
09.09.2025 15:21:33.733 UTC,1.38347,1.38335,0.0012,0.0018
09.09.2025 15:21:34.953 UTC,1.38346,1.38334,0.0012,0.00195
09.09.2025 15:21:35.558 UTC,1.38348,1.38336,0.0018,0.00135
09.09.2025 15:21:39.197 UTC,1.38346,1.38335,0.0012,0.0018
09.09.2025 15:21:39.301 UTC,1.38341,1.38328,0.0012,0.0018
09.09.2025 15:21:39.404 UTC,1.38338,1.38328,0.0012,0.00315
09.09.2025 15:21:40.974 UTC,1.38333,1.38324,0.0012,0.0018
09.09.2025 15:21:41.081 UTC,1.38333,1.38321,0.0012,0.00285
09.09.2025 15:21:44.094 UTC,1.38333,1.38323,0.0012,0.0012
09.09.2025 15:21:45.861 UTC,1.38331,1.3832,0.0012,0.00195
09.09.2025 15:21:45.964 UTC,1.38329,1.3832,0.0012,0.0012
09.09.2025 15:21:46.066 UTC,1.38329,1.38319,0.0012,0.0012
09.09.2025 15:21:46.373 UTC,1.38329,1.38319,0.0012,0.0018
09.09.2025 15:21:46.729 UTC,1.38329,1.38319,0.0012,0.00135
09.09.2025 15:21:47.293 UTC,1.3833,1.38318,0.0012,0.0033
09.09.2025 15:21:47.345 UTC,1.38332,1.38319,0.0018,0.006
09.09.2025 15:21:47.450 UTC,1.38333,1.3832,0.0012,0.0018
09.09.2025 15:21:47.657 UTC,1.38333,1.38321,0.0018,0.0012
09.09.2025 15:21:47.761 UTC,1.38332,1.38322,0.0012,0.0012
09.09.2025 15:21:49.792 UTC,1.38333,1.3832,0.0018,0.00585
09.09.2025 15:21:49.895 UTC,1.3833,1.38318,0.0012,0.0069
09.09.2025 15:21:49.948 UTC,1.38329,1.38318,0.0012,0.0051
09.09.2025 15:21:50.861 UTC,1.3833,1.3832,0.0012,0.00135
09.09.2025 15:21:51.016 UTC,1.38331,1.38319,0.0012,0.00195
09.09.2025 15:21:51.271 UTC,1.3833,1.3832,0.0012,0.0018
09.09.2025 15:21:51.694 UTC,1.38331,1.38319,0.0012,0.00195
09.09.2025 15:21:52.806 UTC,1.3833,1.3832,0.0012,0.0042
09.09.2025 15:21:52.908 UTC,1.38331,1.3832,0.0012,0.0012
09.09.2025 15:21:54.477 UTC,1.38332,1.3832,0.0012,0.0033
09.09.2025 15:21:54.731 UTC,1.38332,1.38321,0.0012,0.0012
09.09.2025 15:21:55.645 UTC,1.38331,1.3832,0.0012,0.0012
09.09.2025 15:21:56.103 UTC,1.3833,1.3832,0.0012,0.0018
09.09.2025 15:21:56.761 UTC,1.3833,1.38319,0.0012,0.0012
09.09.2025 15:21:56.916 UTC,1.3833,1.38318,0.0012,0.00285
09.09.2025 15:21:57.070 UTC,1.3833,1.38318,0.0018,0.0027
09.09.2025 15:21:57.324 UTC,1.3833,1.38318,0.0018,0.00285
09.09.2025 15:21:58.185 UTC,1.3833,1.38318,0.0018,0.0027
09.09.2025 15:21:58.389 UTC,1.38328,1.38319,0.0012,0.00225
09.09.2025 15:21:59.149 UTC,1.3833,1.38318,0.0027,0.00225
09.09.2025 15:22:00.206 UTC,1.3833,1.38318,0.0018,0.00285
09.09.2025 15:22:00.412 UTC,1.38331,1.38319,0.0018,0.0018
09.09.2025 15:22:00.717 UTC,1.38331,1.38319,0.0012,0.0027
09.09.2025 15:22:01.728 UTC,1.38331,1.38319,0.0012,0.00285
09.09.2025 15:22:02.338 UTC,1.38332,1.3832,0.0012,0.00285
09.09.2025 15:22:02.949 UTC,1.38331,1.38321,0.0012,0.00285
09.09.2025 15:22:04.917 UTC,1.38332,1.3832,0.0012,0.00285
09.09.2025 15:22:11.164 UTC,1.38331,1.38321,0.0012,0.00285
09.09.2025 15:22:12.726 UTC,1.38332,1.3832,0.0012,0.0027
09.09.2025 15:22:12.931 UTC,1.38329,1.38319,0.0012,0.0033
09.09.2025 15:22:13.086 UTC,1.3833,1.38318,0.0012,0.0018
09.09.2025 15:22:13.442 UTC,1.38329,1.38319,0.0012,0.00135
09.09.2025 15:22:14.250 UTC,1.3833,1.38318,0.0012,0.0018
09.09.2025 15:22:16.317 UTC,1.3833,1.3832,0.00135,0.00135
09.09.2025 15:22:16.445 UTC,1.38331,1.38319,0.0012,0.0018
09.09.2025 15:22:17.854 UTC,1.3833,1.3832,0.0012,0.0018
09.09.2025 15:22:18.309 UTC,1.38331,1.38319,0.0012,0.0018
09.09.2025 15:22:20.684 UTC,1.38324,1.38315,0.0012,0.00195
09.09.2025 15:22:20.735 UTC,1.38324,1.38312,0.0012,0.0018
09.09.2025 15:22:20.940 UTC,1.38324,1.38312,0.0012,0.00135
09.09.2025 15:22:21.448 UTC,1.38322,1.38313,0.0012,0.0012
09.09.2025 15:22:22.710 UTC,1.38322,1.38312,0.0018,0.0018
09.09.2025 15:22:23.065 UTC,1.38322,1.3831,0.0012,0.0018
09.09.2025 15:22:23.371 UTC,1.38321,1.38311,0.0012,0.00195
09.09.2025 15:22:24.624 UTC,1.38322,1.38309,0.0012,0.00645
09.09.2025 15:22:27.303 UTC,1.38322,1.38309,0.0012,0.00735
09.09.2025 15:22:28.264 UTC,1.38322,1.38309,0.0012,0.006
09.09.2025 15:22:30.228 UTC,1.38322,1.38309,0.0018,0.0069
09.09.2025 15:22:30.331 UTC,1.38323,1.3831,0.0012,0.0024
09.09.2025 15:22:31.140 UTC,1.38323,1.3831,0.0012,0.00195
09.09.2025 15:22:32.655 UTC,1.38323,1.3831,0.0012,0.0018
09.09.2025 15:22:32.859 UTC,1.38322,1.38311,0.0012,0.0018
09.09.2025 15:22:37.735 UTC,1.38323,1.3831,0.0012,0.0018
09.09.2025 15:22:39.606 UTC,1.38323,1.38313,0.0018,0.0018
09.09.2025 15:22:39.709 UTC,1.38324,1.38312,0.0018,0.0018
09.09.2025 15:22:40.469 UTC,1.38324,1.38312,0.0012,0.0018
09.09.2025 15:22:40.571 UTC,1.38323,1.38313,0.0012,0.0018
09.09.2025 15:22:41.077 UTC,1.38322,1.38312,0.0012,0.0018
09.09.2025 15:22:41.885 UTC,1.38323,1.38311,0.0018,0.0018
09.09.2025 15:22:42.496 UTC,1.38325,1.38315,0.0027,0.0012
09.09.2025 15:22:42.600 UTC,1.38329,1.38316,0.0027,0.0018
09.09.2025 15:22:42.804 UTC,1.38328,1.38317,0.0012,0.00135
09.09.2025 15:22:43.008 UTC,1.38327,1.38317,0.0012,0.00135
09.09.2025 15:22:43.157 UTC,1.38328,1.38316,0.0012,0.0018
09.09.2025 15:22:43.311 UTC,1.38328,1.38317,0.0012,0.0018
09.09.2025 15:22:43.515 UTC,1.38328,1.38316,0.0012,0.0018
09.09.2025 15:22:43.769 UTC,1.38329,1.38316,0.0012,0.00285
09.09.2025 15:22:44.886 UTC,1.38328,1.38317,0.0012,0.00285
09.09.2025 15:22:45.089 UTC,1.38329,1.38316,0.0012,0.00285
09.09.2025 15:22:45.445 UTC,1.38326,1.38316,0.0012,0.0024
09.09.2025 15:22:45.550 UTC,1.38325,1.38312,0.0018,0.00375
09.09.2025 15:22:46.412 UTC,1.38324,1.38313,0.0018,0.00375
09.09.2025 15:22:46.716 UTC,1.38325,1.38312,0.0018,0.00375
09.09.2025 15:22:46.920 UTC,1.38325,1.38313,0.0012,0.0018
09.09.2025 15:22:47.022 UTC,1.38326,1.38313,0.00225,0.0024
09.09.2025 15:22:47.225 UTC,1.38326,1.38313,0.0018,0.0024
09.09.2025 15:22:48.136 UTC,1.38326,1.38314,0.0012,0.00285
09.09.2025 15:22:48.239 UTC,1.38328,1.38315,0.0024,0.00285
09.09.2025 15:22:48.342 UTC,1.38327,1.38316,0.0012,0.00285
09.09.2025 15:22:48.597 UTC,1.38328,1.38315,0.0012,0.00285
09.09.2025 15:22:50.061 UTC,1.38328,1.38315,0.0018,0.00285
09.09.2025 15:22:50.717 UTC,1.38328,1.38315,0.0012,0.00285
09.09.2025 15:22:50.820 UTC,1.38327,1.38317,0.0012,0.0018
09.09.2025 15:22:51.324 UTC,1.38328,1.38316,0.0012,0.0018
09.09.2025 15:22:53.390 UTC,1.38326,1.38314,0.0018,0.00135
09.09.2025 15:22:53.493 UTC,1.38324,1.38313,0.0012,0.0087
09.09.2025 15:22:54.150 UTC,1.38325,1.38312,0.0012,0.00825
09.09.2025 15:22:55.109 UTC,1.38325,1.38315,0.0018,0.0018
09.09.2025 15:22:55.819 UTC,1.38326,1.38314,0.0012,0.00135
09.09.2025 15:22:55.872 UTC,1.38324,1.38312,0.0012,0.00135
09.09.2025 15:22:58.502 UTC,1.38322,1.38311,0.0012,0.0018
09.09.2025 15:22:59.109 UTC,1.38321,1.38312,0.0012,0.00195
09.09.2025 15:22:59.213 UTC,1.38322,1.3831,0.0018,0.0018
09.09.2025 15:23:00.380 UTC,1.38319,1.3831,0.0012,0.0012
09.09.2025 15:23:00.643 UTC,1.3832,1.38307,0.0012,0.0024
09.09.2025 15:23:02.263 UTC,1.38319,1.38309,0.0012,0.00285
09.09.2025 15:23:02.468 UTC,1.3832,1.38308,0.0012,0.0018
09.09.2025 15:23:04.234 UTC,1.3832,1.38307,0.0012,0.00375
09.09.2025 15:23:05.448 UTC,1.3832,1.3831,0.0012,0.0024
09.09.2025 15:23:05.751 UTC,1.38321,1.38309,0.0012,0.0024
09.09.2025 15:23:05.905 UTC,1.38322,1.3831,0.0012,0.0018
09.09.2025 15:23:06.159 UTC,1.38321,1.38311,0.0012,0.0018
09.09.2025 15:23:08.321 UTC,1.38323,1.38311,0.0012,0.00135
09.09.2025 15:23:08.475 UTC,1.38322,1.3831,0.0012,0.00135
09.09.2025 15:23:09.332 UTC,1.38322,1.38311,0.0012,0.0012
09.09.2025 15:23:10.546 UTC,1.38322,1.3831,0.0012,0.0012
09.09.2025 15:23:10.652 UTC,1.3832,1.38311,0.0012,0.0012
09.09.2025 15:23:10.755 UTC,1.38322,1.3831,0.0018,0.0012
09.09.2025 15:23:11.314 UTC,1.38322,1.3831,0.0012,0.0018
09.09.2025 15:23:12.228 UTC,1.38322,1.3831,0.0012,0.00135
09.09.2025 15:23:12.734 UTC,1.38321,1.38311,0.0012,0.0018
09.09.2025 15:23:12.886 UTC,1.38322,1.3831,0.0012,0.00135
09.09.2025 15:23:12.988 UTC,1.38322,1.38311,0.0012,0.00135
09.09.2025 15:23:14.761 UTC,1.38323,1.3831,0.0012,0.0018
09.09.2025 15:23:15.016 UTC,1.38323,1.3831,0.0012,0.00135
09.09.2025 15:23:15.925 UTC,1.38322,1.38311,0.0012,0.0018
09.09.2025 15:23:19.936 UTC,1.38323,1.3831,0.0012,0.0012
09.09.2025 15:23:20.343 UTC,1.38323,1.3831,0.00135,0.0018
09.09.2025 15:23:20.546 UTC,1.38323,1.3831,0.0012,0.00135
09.09.2025 15:23:22.014 UTC,1.38323,1.3831,0.0018,0.0018
09.09.2025 15:23:22.117 UTC,1.38323,1.3831,0.00225,0.0012
09.09.2025 15:23:24.489 UTC,1.38323,1.3831,0.0018,0.0018
09.09.2025 15:23:24.593 UTC,1.38322,1.38311,0.0018,0.00135
09.09.2025 15:23:24.696 UTC,1.38322,1.38311,0.0012,0.0018
09.09.2025 15:23:24.800 UTC,1.38326,1.38313,0.0024,0.00135
09.09.2025 15:23:24.902 UTC,1.38326,1.38313,0.00135,0.00135
09.09.2025 15:23:25.004 UTC,1.38324,1.38314,0.0012,0.00135
09.09.2025 15:23:25.615 UTC,1.38324,1.38313,0.0012,0.0012
09.09.2025 15:23:26.981 UTC,1.38323,1.38313,0.0012,0.0012
09.09.2025 15:23:28.139 UTC,1.38323,1.38313,0.0018,0.0012
09.09.2025 15:23:28.345 UTC,1.38323,1.38311,0.0012,0.00135
09.09.2025 15:23:29.454 UTC,1.38323,1.38312,0.0012,0.0012
09.09.2025 15:23:29.709 UTC,1.38323,1.38313,0.0012,0.0012
09.09.2025 15:23:31.271 UTC,1.38324,1.38312,0.0012,0.0018
09.09.2025 15:23:32.177 UTC,1.38324,1.38313,0.0018,0.0018
09.09.2025 15:23:32.280 UTC,1.38323,1.38313,0.0012,0.0018
09.09.2025 15:23:32.483 UTC,1.38324,1.38312,0.0012,0.0033
09.09.2025 15:23:33.444 UTC,1.38324,1.38312,0.0012,0.0024
09.09.2025 15:23:33.899 UTC,1.38325,1.38312,0.0012,0.0024
09.09.2025 15:23:34.254 UTC,1.38327,1.38311,0.00315,0.0042
09.09.2025 15:23:35.161 UTC,1.38324,1.38312,0.0012,0.0051
09.09.2025 15:23:35.415 UTC,1.38323,1.38312,0.0012,0.0024
09.09.2025 15:23:36.715 UTC,1.38325,1.38311,0.0012,0.0024
09.09.2025 15:23:36.818 UTC,1.38328,1.38318,0.0024,0.0018
09.09.2025 15:23:36.870 UTC,1.3833,1.38321,0.0012,0.00195
09.09.2025 15:23:36.922 UTC,1.38334,1.38321,0.0018,0.00135
09.09.2025 15:23:37.682 UTC,1.38335,1.38321,0.00225,0.00135
09.09.2025 15:23:37.734 UTC,1.38335,1.38323,0.00135,0.0012
09.09.2025 15:23:37.888 UTC,1.38336,1.38323,0.00315,0.0012
09.09.2025 15:23:38.093 UTC,1.38336,1.38328,0.0018,0.0012
09.09.2025 15:23:38.197 UTC,1.38341,1.38329,0.0018,0.0012
09.09.2025 15:23:38.248 UTC,1.38341,1.38329,0.0012,0.00135
09.09.2025 15:23:38.351 UTC,1.3834,1.38328,0.0012,0.0012
09.09.2025 15:23:38.454 UTC,1.38339,1.38327,0.0012,0.0012
09.09.2025 15:23:39.668 UTC,1.38338,1.38328,0.0012,0.0018
09.09.2025 15:23:39.771 UTC,1.3834,1.38327,0.00135,0.0018
09.09.2025 15:23:40.582 UTC,1.38339,1.38328,0.0012,0.0012
09.09.2025 15:23:41.547 UTC,1.3834,1.38328,0.0012,0.00135
09.09.2025 15:23:42.306 UTC,1.38339,1.38328,0.0012,0.0012
09.09.2025 15:23:42.573 UTC,1.38341,1.38328,0.00135,0.00135
09.09.2025 15:23:43.030 UTC,1.38339,1.38329,0.0012,0.0012
09.09.2025 15:23:43.233 UTC,1.38341,1.38328,0.00135,0.0012
09.09.2025 15:23:43.336 UTC,1.3834,1.38329,0.00135,0.0018
09.09.2025 15:23:43.489 UTC,1.38341,1.38328,0.0012,0.0018
09.09.2025 15:23:45.004 UTC,1.3834,1.38331,0.0012,0.0018
09.09.2025 15:23:45.106 UTC,1.38342,1.3833,0.0012,0.00135
09.09.2025 15:23:50.617 UTC,1.38341,1.38332,0.0012,0.0012
09.09.2025 15:23:50.719 UTC,1.38343,1.38331,0.0012,0.0012
09.09.2025 15:23:51.939 UTC,1.38342,1.38331,0.00495,0.0012
09.09.2025 15:23:52.041 UTC,1.38341,1.38331,0.0012,0.0012
09.09.2025 15:23:52.346 UTC,1.38341,1.3833,0.0012,0.0012
09.09.2025 15:23:55.167 UTC,1.38341,1.38331,0.0012,0.0012
09.09.2025 15:23:59.428 UTC,1.38341,1.3833,0.0012,0.00135
09.09.2025 15:24:00.949 UTC,1.3834,1.38329,0.0036,0.0012
09.09.2025 15:24:01.052 UTC,1.38339,1.38328,0.0027,0.0012
09.09.2025 15:24:01.104 UTC,1.38338,1.38327,0.0012,0.0012
09.09.2025 15:24:01.209 UTC,1.38339,1.38327,0.0018,0.0012
09.09.2025 15:24:02.273 UTC,1.3834,1.38327,0.00405,0.00135
09.09.2025 15:24:03.940 UTC,1.3834,1.38328,0.0027,0.0012
09.09.2025 15:24:04.043 UTC,1.38341,1.38329,0.0012,0.00135
09.09.2025 15:24:05.465 UTC,1.3834,1.38329,0.0027,0.0012
09.09.2025 15:24:05.770 UTC,1.38341,1.38328,0.0027,0.0018
09.09.2025 15:24:06.025 UTC,1.38342,1.38328,0.00225,0.0018
09.09.2025 15:24:07.088 UTC,1.3834,1.38329,0.0012,0.0012
09.09.2025 15:24:07.191 UTC,1.3834,1.38328,0.00135,0.0012
09.09.2025 15:24:07.395 UTC,1.38341,1.38328,0.0027,0.00135
09.09.2025 15:24:07.598 UTC,1.3834,1.38328,0.0012,0.0012
09.09.2025 15:24:08.254 UTC,1.38339,1.38328,0.0012,0.0012
09.09.2025 15:24:08.408 UTC,1.3834,1.38328,0.0012,0.00135
09.09.2025 15:24:09.672 UTC,1.38339,1.38328,0.0012,0.0012
09.09.2025 15:24:10.429 UTC,1.38339,1.38328,0.0012,0.0018
09.09.2025 15:24:10.481 UTC,1.3834,1.38329,0.0027,0.00135
09.09.2025 15:24:11.740 UTC,1.3834,1.38328,0.0012,0.00135
09.09.2025 15:24:11.792 UTC,1.3834,1.38327,0.0018,0.0018
09.09.2025 15:24:11.896 UTC,1.38337,1.38326,0.0012,0.0012
09.09.2025 15:24:12.049 UTC,1.38338,1.38326,0.0012,0.0012
09.09.2025 15:24:12.203 UTC,1.38338,1.38329,0.0012,0.0012
09.09.2025 15:24:12.306 UTC,1.3834,1.38328,0.0012,0.00135
09.09.2025 15:24:12.511 UTC,1.3834,1.38329,0.0012,0.0012
09.09.2025 15:24:12.615 UTC,1.38343,1.38329,0.00405,0.0027
09.09.2025 15:24:12.911 UTC,1.38342,1.38329,0.0012,0.00135
09.09.2025 15:24:13.669 UTC,1.38341,1.38328,0.0012,0.0018
09.09.2025 15:24:13.822 UTC,1.3834,1.38328,0.0012,0.0018
09.09.2025 15:24:13.924 UTC,1.38339,1.38328,0.0018,0.00225
09.09.2025 15:24:14.028 UTC,1.38338,1.38327,0.0018,0.0012
09.09.2025 15:24:14.130 UTC,1.38338,1.38326,0.0012,0.00135
09.09.2025 15:24:15.995 UTC,1.38338,1.38326,0.0012,0.0018
09.09.2025 15:24:16.148 UTC,1.38338,1.38325,0.0018,0.00135
09.09.2025 15:24:16.200 UTC,1.38336,1.38323,0.0018,0.0033
09.09.2025 15:24:16.302 UTC,1.38335,1.38324,0.0018,0.00225
09.09.2025 15:24:16.405 UTC,1.38334,1.38324,0.0012,0.0027
09.09.2025 15:24:16.508 UTC,1.38338,1.38325,0.0012,0.0012
09.09.2025 15:24:17.018 UTC,1.38336,1.38325,0.0012,0.0012
09.09.2025 15:24:18.983 UTC,1.38333,1.38324,0.0012,0.0012
09.09.2025 15:24:21.455 UTC,1.38335,1.38323,0.00135,0.00135
09.09.2025 15:24:21.560 UTC,1.38335,1.38324,0.0012,0.0036
09.09.2025 15:24:21.614 UTC,1.38337,1.38325,0.0012,0.0012
09.09.2025 15:24:21.717 UTC,1.38338,1.38325,0.0036,0.00135
09.09.2025 15:24:21.973 UTC,1.38336,1.38323,0.0012,0.0018
09.09.2025 15:24:22.126 UTC,1.38335,1.38322,0.0018,0.00285
09.09.2025 15:24:22.279 UTC,1.38335,1.38322,0.0018,0.00135
09.09.2025 15:24:22.533 UTC,1.38335,1.38322,0.0018,0.0018
09.09.2025 15:24:22.635 UTC,1.38334,1.38322,0.0012,0.0018
09.09.2025 15:24:22.938 UTC,1.38333,1.38323,0.0012,0.00135
09.09.2025 15:24:23.444 UTC,1.38335,1.38322,0.0018,0.00135
09.09.2025 15:24:24.202 UTC,1.38334,1.38322,0.0012,0.00135
09.09.2025 15:24:24.609 UTC,1.38334,1.38321,0.0018,0.0018
09.09.2025 15:24:26.625 UTC,1.38334,1.38321,0.0018,0.0033
09.09.2025 15:24:27.282 UTC,1.38334,1.38324,0.0018,0.00135
09.09.2025 15:24:27.385 UTC,1.38337,1.38325,0.0012,0.00195
09.09.2025 15:24:27.540 UTC,1.38336,1.38324,0.0012,0.00135
09.09.2025 15:24:27.643 UTC,1.38335,1.38323,0.0018,0.00225
09.09.2025 15:24:27.948 UTC,1.38335,1.38323,0.0012,0.0018
09.09.2025 15:24:28.279 UTC,1.38335,1.38323,0.0012,0.00135
09.09.2025 15:24:28.482 UTC,1.38334,1.38324,0.0012,0.0018
09.09.2025 15:24:29.492 UTC,1.38335,1.38323,0.0012,0.00135
09.09.2025 15:24:29.896 UTC,1.38334,1.38324,0.0012,0.0018
09.09.2025 15:24:30.049 UTC,1.38335,1.38323,0.0012,0.00135
09.09.2025 15:24:30.151 UTC,1.38335,1.38323,0.0012,0.0018
09.09.2025 15:24:31.111 UTC,1.38334,1.38322,0.0012,0.0012
09.09.2025 15:24:31.214 UTC,1.38334,1.38321,0.0012,0.006
09.09.2025 15:24:32.785 UTC,1.38335,1.38323,0.0018,0.00135
09.09.2025 15:24:32.888 UTC,1.38335,1.38323,0.0012,0.0018
09.09.2025 15:24:33.699 UTC,1.38334,1.38324,0.0012,0.0018
09.09.2025 15:24:33.751 UTC,1.38335,1.38323,0.0012,0.00135
09.09.2025 15:24:33.853 UTC,1.38334,1.38324,0.0012,0.0018
09.09.2025 15:24:34.659 UTC,1.38334,1.38322,0.0012,0.0018
09.09.2025 15:24:35.219 UTC,1.38334,1.38322,0.0012,0.00135
09.09.2025 15:24:35.578 UTC,1.38334,1.38322,0.0012,0.0018
09.09.2025 15:24:35.834 UTC,1.38334,1.38322,0.0018,0.00135
09.09.2025 15:24:35.938 UTC,1.38334,1.38322,0.0018,0.0018
09.09.2025 15:24:36.092 UTC,1.38334,1.38322,0.0018,0.00135
09.09.2025 15:24:36.195 UTC,1.38334,1.38322,0.0018,0.0018
09.09.2025 15:24:37.866 UTC,1.38334,1.38322,0.0012,0.00135
09.09.2025 15:24:38.069 UTC,1.38334,1.38322,0.0012,0.0018
09.09.2025 15:24:39.939 UTC,1.38334,1.38322,0.0018,0.00135
09.09.2025 15:24:40.043 UTC,1.3833,1.38322,0.0012,0.00135
09.09.2025 15:24:40.146 UTC,1.3833,1.38318,0.0012,0.0027
09.09.2025 15:24:40.350 UTC,1.3833,1.38318,0.0012,0.00285
09.09.2025 15:24:40.452 UTC,1.3833,1.38318,0.0012,0.0027
09.09.2025 15:24:42.825 UTC,1.38328,1.38316,0.0012,0.00195
09.09.2025 15:24:42.928 UTC,1.38326,1.38316,0.0018,0.0012
09.09.2025 15:24:43.030 UTC,1.38326,1.38315,0.00225,0.0012
09.09.2025 15:24:43.184 UTC,1.38324,1.38313,0.0012,0.00135
09.09.2025 15:24:43.541 UTC,1.38324,1.38312,0.0012,0.0027
09.09.2025 15:24:46.813 UTC,1.38322,1.38312,0.0012,0.0027
09.09.2025 15:24:48.486 UTC,1.38323,1.38311,0.0012,0.00285
09.09.2025 15:24:48.740 UTC,1.38323,1.38311,0.0012,0.0033
09.09.2025 15:24:50.406 UTC,1.38323,1.38311,0.0012,0.00135
09.09.2025 15:24:50.661 UTC,1.38322,1.38312,0.0018,0.00285
09.09.2025 15:24:51.670 UTC,1.38323,1.38311,0.0018,0.00285
09.09.2025 15:24:52.387 UTC,1.38322,1.38312,0.0012,0.0033
09.09.2025 15:24:53.499 UTC,1.38323,1.38311,0.0012,0.0033
09.09.2025 15:25:00.196 UTC,1.38322,1.38311,0.0012,0.0018
09.09.2025 15:25:00.339 UTC,1.38319,1.38312,0.0012,0.00135
09.09.2025 15:25:00.794 UTC,1.3832,1.38308,0.0012,0.00285
09.09.2025 15:25:00.896 UTC,1.3832,1.38308,0.0012,0.0027
09.09.2025 15:25:03.068 UTC,1.3832,1.38308,0.0012,0.00375
09.09.2025 15:25:04.126 UTC,1.38319,1.38309,0.0012,0.00375
09.09.2025 15:25:04.480 UTC,1.3832,1.38308,0.0012,0.00375
09.09.2025 15:25:04.785 UTC,1.38322,1.3831,0.0018,0.00135
09.09.2025 15:25:04.837 UTC,1.38321,1.38311,0.0012,0.0018
09.09.2025 15:25:04.940 UTC,1.38322,1.3831,0.0012,0.0018
09.09.2025 15:25:05.093 UTC,1.38322,1.3831,0.0012,0.0027
09.09.2025 15:25:05.602 UTC,1.38321,1.38311,0.0012,0.00285
09.09.2025 15:25:05.908 UTC,1.38322,1.3831,0.0012,0.0027
09.09.2025 15:25:06.062 UTC,1.38322,1.3831,0.0012,0.00285
09.09.2025 15:25:06.165 UTC,1.38321,1.38311,0.0012,0.0027
09.09.2025 15:25:06.622 UTC,1.38321,1.38309,0.0012,0.00195
09.09.2025 15:25:06.775 UTC,1.3832,1.3831,0.0012,0.00135
09.09.2025 15:25:06.878 UTC,1.3832,1.3831,0.0012,0.0018
09.09.2025 15:25:07.132 UTC,1.38321,1.38309,0.0018,0.0012
09.09.2025 15:25:07.437 UTC,1.38321,1.38309,0.0012,0.0018
09.09.2025 15:25:07.895 UTC,1.38321,1.38311,0.0012,0.0012
09.09.2025 15:25:09.355 UTC,1.38322,1.3831,0.0012,0.0018
09.09.2025 15:25:10.213 UTC,1.38321,1.38311,0.0012,0.00135
09.09.2025 15:25:12.731 UTC,1.38321,1.38312,0.0012,0.0018
09.09.2025 15:25:12.834 UTC,1.38323,1.38311,0.0012,0.0018
09.09.2025 15:25:12.937 UTC,1.38323,1.38312,0.0018,0.0018
09.09.2025 15:25:13.040 UTC,1.38323,1.38311,0.0012,0.0018
09.09.2025 15:25:13.647 UTC,1.38322,1.38312,0.0012,0.0018
09.09.2025 15:25:13.851 UTC,1.38323,1.38312,0.0018,0.00285
09.09.2025 15:25:14.055 UTC,1.38324,1.38311,0.0018,0.00285
09.09.2025 15:25:14.308 UTC,1.38323,1.38312,0.0018,0.00285
09.09.2025 15:25:15.367 UTC,1.38324,1.38311,0.0018,0.00285
09.09.2025 15:25:15.925 UTC,1.38323,1.38312,0.0018,0.00135
09.09.2025 15:25:17.737 UTC,1.38324,1.38311,0.0018,0.0018
09.09.2025 15:25:18.091 UTC,1.38323,1.38311,0.0012,0.0018
09.09.2025 15:25:18.193 UTC,1.38324,1.38311,0.0012,0.0018
09.09.2025 15:25:20.716 UTC,1.38324,1.38311,0.0018,0.00135
09.09.2025 15:25:20.972 UTC,1.38323,1.38314,0.0012,0.00135
09.09.2025 15:25:21.074 UTC,1.38325,1.38313,0.0036,0.0018
09.09.2025 15:25:21.228 UTC,1.38324,1.38314,0.0018,0.00135
09.09.2025 15:25:21.331 UTC,1.38324,1.38312,0.0012,0.0012
09.09.2025 15:25:21.382 UTC,1.38324,1.38311,0.0018,0.00405
09.09.2025 15:25:21.638 UTC,1.38324,1.38311,0.0018,0.0033
09.09.2025 15:25:23.911 UTC,1.38324,1.38311,0.0018,0.00285
09.09.2025 15:25:23.962 UTC,1.38323,1.38312,0.0012,0.0042
09.09.2025 15:25:24.065 UTC,1.38324,1.38311,0.0012,0.0042
09.09.2025 15:25:24.624 UTC,1.38324,1.38314,0.0018,0.00465
09.09.2025 15:25:24.732 UTC,1.38333,1.3832,0.0018,0.0012
09.09.2025 15:25:24.938 UTC,1.38333,1.3832,0.0018,0.0024
09.09.2025 15:25:25.296 UTC,1.38331,1.38319,0.0012,0.00285
09.09.2025 15:25:26.003 UTC,1.38333,1.38321,0.0018,0.0012
09.09.2025 15:25:30.093 UTC,1.38333,1.38322,0.0012,0.0012
09.09.2025 15:25:30.196 UTC,1.38334,1.38322,0.0018,0.0012
09.09.2025 15:25:30.298 UTC,1.38332,1.38323,0.0012,0.0012
09.09.2025 15:25:32.574 UTC,1.38332,1.38324,0.0012,0.00135
09.09.2025 15:25:32.627 UTC,1.38334,1.38324,0.0012,0.0012
09.09.2025 15:25:32.680 UTC,1.38336,1.38329,0.0012,0.0012
09.09.2025 15:25:32.732 UTC,1.38342,1.3833,0.00195,0.0012
09.09.2025 15:25:32.784 UTC,1.38342,1.3833,0.00135,0.0012
09.09.2025 15:25:35.869 UTC,1.38342,1.38329,0.0027,0.0012
09.09.2025 15:25:36.579 UTC,1.38341,1.38328,0.00225,0.0012
09.09.2025 15:25:38.851 UTC,1.38342,1.3833,0.00135,0.00135
09.09.2025 15:25:41.222 UTC,1.38342,1.38331,0.0012,0.0012
09.09.2025 15:25:41.325 UTC,1.38343,1.38333,0.0012,0.0012
09.09.2025 15:25:45.765 UTC,1.38343,1.3833,0.0018,0.0018
09.09.2025 15:25:45.869 UTC,1.38341,1.38331,0.0012,0.00135
09.09.2025 15:25:45.971 UTC,1.38342,1.38331,0.0018,0.00135
09.09.2025 15:25:47.990 UTC,1.38343,1.3833,0.0018,0.0018
09.09.2025 15:25:48.297 UTC,1.38343,1.3833,0.0018,0.00135
09.09.2025 15:25:50.899 UTC,1.38343,1.3833,0.0018,0.0018
09.09.2025 15:25:51.253 UTC,1.38341,1.3833,0.0012,0.00225
09.09.2025 15:25:51.608 UTC,1.38342,1.38329,0.00225,0.0018
09.09.2025 15:25:51.711 UTC,1.38342,1.38329,0.0027,0.00135
09.09.2025 15:25:52.015 UTC,1.38341,1.3833,0.00225,0.0018
09.09.2025 15:25:53.431 UTC,1.38341,1.3833,0.0018,0.0018
09.09.2025 15:25:54.240 UTC,1.38337,1.38327,0.0012,0.0024
09.09.2025 15:25:54.344 UTC,1.38339,1.38327,0.0018,0.0012
09.09.2025 15:25:55.755 UTC,1.38338,1.38327,0.0012,0.0012
09.09.2025 15:25:56.162 UTC,1.38339,1.38327,0.0018,0.0012
09.09.2025 15:25:56.264 UTC,1.38338,1.38327,0.0012,0.0012
09.09.2025 15:25:57.173 UTC,1.38337,1.38325,0.0018,0.00135
09.09.2025 15:25:57.513 UTC,1.38336,1.38324,0.0012,0.0012
09.09.2025 15:25:57.616 UTC,1.38335,1.38324,0.0012,0.0012
09.09.2025 15:25:58.526 UTC,1.38336,1.38324,0.00225,0.00135
09.09.2025 15:25:58.628 UTC,1.38336,1.38325,0.0012,0.00135
09.09.2025 15:25:58.731 UTC,1.38337,1.38325,0.0012,0.00135
09.09.2025 15:26:01.306 UTC,1.38335,1.38324,0.0012,0.00135
09.09.2025 15:26:01.408 UTC,1.38334,1.38324,0.0012,0.0012
09.09.2025 15:26:01.915 UTC,1.38334,1.38323,0.0012,0.0012
09.09.2025 15:26:02.522 UTC,1.38332,1.38322,0.0012,0.00135
09.09.2025 15:26:02.676 UTC,1.38331,1.38321,0.0012,0.00135
09.09.2025 15:26:05.045 UTC,1.38331,1.38321,0.0012,0.0018
09.09.2025 15:26:05.250 UTC,1.38332,1.3832,0.0012,0.00135
09.09.2025 15:26:15.818 UTC,1.38332,1.3832,0.0012,0.0018
09.09.2025 15:26:16.221 UTC,1.38331,1.38321,0.0012,0.00135
09.09.2025 15:26:16.324 UTC,1.38333,1.38321,0.00315,0.00135
09.09.2025 15:26:16.427 UTC,1.38332,1.38321,0.0012,0.0012
09.09.2025 15:26:19.680 UTC,1.38332,1.3832,0.0018,0.00135
09.09.2025 15:26:21.348 UTC,1.38331,1.3832,0.0012,0.0012
09.09.2025 15:26:22.205 UTC,1.38331,1.38319,0.0018,0.0012
09.09.2025 15:26:24.683 UTC,1.38331,1.38319,0.0012,0.0018
09.09.2025 15:26:24.835 UTC,1.38331,1.38319,0.0012,0.00135
09.09.2025 15:26:25.540 UTC,1.38331,1.38319,0.0012,0.0018
09.09.2025 15:26:25.692 UTC,1.38331,1.38319,0.0012,0.00135
09.09.2025 15:26:29.017 UTC,1.38329,1.38317,0.0012,0.00135
09.09.2025 15:26:29.173 UTC,1.3833,1.38318,0.0036,0.0012
09.09.2025 15:26:29.276 UTC,1.38329,1.38317,0.00315,0.0012
09.09.2025 15:26:29.531 UTC,1.38327,1.38316,0.0036,0.0018
09.09.2025 15:26:29.634 UTC,1.38329,1.38319,0.00225,0.0012
09.09.2025 15:26:30.448 UTC,1.38331,1.3832,0.0012,0.0012
09.09.2025 15:26:31.456 UTC,1.38332,1.3832,0.0018,0.0012
09.09.2025 15:26:37.293 UTC,1.38332,1.38322,0.0012,0.0012
09.09.2025 15:26:38.155 UTC,1.38333,1.38324,0.0027,0.0012
09.09.2025 15:26:38.412 UTC,1.38333,1.38323,0.0012,0.0012
09.09.2025 15:26:39.628 UTC,1.38332,1.38323,0.0012,0.0012
09.09.2025 15:26:42.501 UTC,1.38332,1.38324,0.0012,0.0012
09.09.2025 15:26:44.199 UTC,1.38332,1.38323,0.0012,0.0012
09.09.2025 15:26:45.915 UTC,1.38331,1.38322,0.0012,0.0012
09.09.2025 15:26:46.017 UTC,1.38332,1.38322,0.0018,0.0012
09.09.2025 15:26:47.935 UTC,1.38332,1.38321,0.0012,0.0012
09.09.2025 15:26:48.648 UTC,1.38332,1.3832,0.0018,0.0012
09.09.2025 15:26:49.864 UTC,1.38331,1.3832,0.0012,0.0012
09.09.2025 15:26:49.967 UTC,1.38331,1.38319,0.0018,0.0012
09.09.2025 15:26:50.071 UTC,1.38325,1.38317,0.0012,0.00135
09.09.2025 15:26:50.124 UTC,1.38325,1.38314,0.0012,0.0012
09.09.2025 15:26:50.176 UTC,1.38323,1.38312,0.0012,0.0018
09.09.2025 15:26:50.228 UTC,1.38322,1.38312,0.0018,0.00135
09.09.2025 15:26:50.933 UTC,1.38324,1.38314,0.00135,0.00495
09.09.2025 15:26:51.039 UTC,1.38329,1.38317,0.0012,0.0012
09.09.2025 15:26:51.295 UTC,1.38329,1.38317,0.0018,0.0018
09.09.2025 15:26:51.398 UTC,1.38329,1.38317,0.0018,0.00135
09.09.2025 15:26:51.501 UTC,1.38328,1.38318,0.0018,0.0018
09.09.2025 15:26:51.705 UTC,1.38328,1.38318,0.0018,0.00135
09.09.2025 15:26:51.807 UTC,1.38329,1.38317,0.0018,0.0018
09.09.2025 15:26:51.910 UTC,1.3833,1.38318,0.0018,0.0012
09.09.2025 15:26:52.013 UTC,1.3833,1.38318,0.0012,0.0018
09.09.2025 15:26:52.116 UTC,1.38331,1.38319,0.0012,0.00135
09.09.2025 15:26:53.025 UTC,1.3833,1.3832,0.0012,0.0018
09.09.2025 15:26:53.479 UTC,1.3833,1.38318,0.0018,0.0018
09.09.2025 15:26:53.531 UTC,1.38327,1.38317,0.0018,0.00135
09.09.2025 15:26:53.583 UTC,1.38325,1.38315,0.0012,0.0024
09.09.2025 15:26:53.688 UTC,1.38324,1.38314,0.0012,0.0012
09.09.2025 15:26:55.911 UTC,1.38325,1.38314,0.0012,0.0012
09.09.2025 15:26:58.433 UTC,1.38323,1.38315,0.0012,0.0012
09.09.2025 15:27:00.506 UTC,1.38324,1.38315,0.0012,0.0012
09.09.2025 15:27:00.608 UTC,1.38325,1.38313,0.0018,0.0012
09.09.2025 15:27:00.711 UTC,1.38324,1.38313,0.0012,0.0012
09.09.2025 15:27:01.318 UTC,1.38323,1.38313,0.0018,0.00135
09.09.2025 15:27:01.422 UTC,1.38323,1.38311,0.0018,0.0012
09.09.2025 15:27:01.927 UTC,1.38317,1.38307,0.0012,0.00307
09.09.2025 15:27:01.979 UTC,1.38317,1.38307,0.0018,0.0012
09.09.2025 15:27:02.082 UTC,1.38318,1.38308,0.0012,0.0012
09.09.2025 15:27:02.185 UTC,1.38319,1.38308,0.0018,0.00135
09.09.2025 15:27:03.099 UTC,1.38319,1.38308,0.00225,0.0018
09.09.2025 15:27:03.704 UTC,1.38318,1.38307,0.0018,0.0018
09.09.2025 15:27:03.808 UTC,1.38314,1.38303,0.0012,0.00195
09.09.2025 15:27:03.860 UTC,1.38314,1.38302,0.0012,0.00135
09.09.2025 15:27:05.940 UTC,1.38315,1.38302,0.0018,0.00135
09.09.2025 15:27:06.561 UTC,1.38316,1.38304,0.0018,0.00135
09.09.2025 15:27:07.278 UTC,1.38316,1.38306,0.0018,0.00285
09.09.2025 15:27:07.386 UTC,1.38319,1.38309,0.0027,0.0012
09.09.2025 15:27:07.643 UTC,1.38319,1.38308,0.0012,0.0012
09.09.2025 15:27:08.152 UTC,1.38319,1.38309,0.0027,0.0012
09.09.2025 15:27:08.357 UTC,1.38319,1.38308,0.0012,0.0012
09.09.2025 15:27:08.509 UTC,1.38319,1.38307,0.0018,0.0012
09.09.2025 15:27:09.523 UTC,1.38319,1.38307,0.0018,0.0018
09.09.2025 15:27:09.777 UTC,1.38319,1.38307,0.0018,0.00135
09.09.2025 15:27:13.551 UTC,1.3832,1.38308,0.0063,0.0012
09.09.2025 15:27:14.662 UTC,1.38319,1.38309,0.0054,0.0018
09.09.2025 15:27:15.625 UTC,1.38319,1.38308,0.0012,0.0018
09.09.2025 15:27:15.929 UTC,1.38321,1.38309,0.0012,0.0036
09.09.2025 15:27:16.031 UTC,1.38321,1.38309,0.0012,0.00375
09.09.2025 15:27:17.546 UTC,1.38321,1.3831,0.0012,0.0018
09.09.2025 15:27:17.750 UTC,1.38321,1.38309,0.0012,0.0051
09.09.2025 15:27:19.071 UTC,1.38318,1.38308,0.0012,0.00285
09.09.2025 15:27:19.383 UTC,1.38319,1.38308,0.0012,0.0012
09.09.2025 15:27:21.643 UTC,1.38321,1.38308,0.0012,0.00285
09.09.2025 15:27:22.157 UTC,1.38321,1.38309,0.0012,0.00285
09.09.2025 15:27:22.817 UTC,1.3832,1.3831,0.0012,0.00375
09.09.2025 15:27:27.851 UTC,1.38323,1.38311,0.0012,0.00135
09.09.2025 15:27:27.954 UTC,1.38324,1.38312,0.0012,0.00135
09.09.2025 15:27:30.270 UTC,1.38323,1.38311,0.0012,0.00315
09.09.2025 15:27:30.373 UTC,1.38323,1.38311,0.0012,0.00285
09.09.2025 15:27:37.665 UTC,1.38323,1.38311,0.0012,0.0012
09.09.2025 15:27:39.368 UTC,1.38322,1.38309,0.0012,0.00285
09.09.2025 15:27:39.473 UTC,1.38322,1.38309,0.0012,0.0024
09.09.2025 15:27:39.726 UTC,1.38321,1.3831,0.0012,0.0018
09.09.2025 15:27:40.180 UTC,1.38322,1.38309,0.0012,0.0018
09.09.2025 15:27:44.460 UTC,1.38321,1.38308,0.00135,0.0018
09.09.2025 15:27:44.512 UTC,1.38318,1.38309,0.0012,0.0012
09.09.2025 15:27:44.615 UTC,1.38319,1.38307,0.0012,0.00195
09.09.2025 15:27:45.218 UTC,1.3832,1.38308,0.0012,0.0018
09.09.2025 15:27:45.422 UTC,1.38319,1.38309,0.0012,0.00135
09.09.2025 15:27:45.827 UTC,1.3832,1.38308,0.0012,0.0018
09.09.2025 15:27:46.133 UTC,1.38319,1.38309,0.0012,0.00135
09.09.2025 15:27:46.587 UTC,1.38319,1.38309,0.0012,0.0018
09.09.2025 15:27:46.862 UTC,1.3832,1.38309,0.0012,0.00135
09.09.2025 15:27:48.923 UTC,1.38319,1.38309,0.0012,0.00135
09.09.2025 15:27:49.028 UTC,1.38317,1.38309,0.0012,0.00135
09.09.2025 15:27:49.132 UTC,1.38317,1.38308,0.00135,0.0012
09.09.2025 15:27:49.184 UTC,1.38317,1.38306,0.0012,0.00135
09.09.2025 15:27:49.287 UTC,1.38316,1.38307,0.0012,0.0018
09.09.2025 15:27:49.389 UTC,1.38317,1.38306,0.0012,0.00135
09.09.2025 15:27:49.492 UTC,1.38317,1.38307,0.0012,0.00135
09.09.2025 15:27:49.644 UTC,1.38318,1.38307,0.0012,0.00135
09.09.2025 15:27:49.798 UTC,1.38319,1.38307,0.00495,0.00225
09.09.2025 15:27:49.900 UTC,1.38319,1.38308,0.0012,0.0012
09.09.2025 15:27:52.472 UTC,1.3832,1.38308,0.00225,0.0024
09.09.2025 15:27:53.129 UTC,1.38319,1.38309,0.00225,0.00225
09.09.2025 15:27:53.686 UTC,1.3832,1.38308,0.00225,0.0024
09.09.2025 15:27:57.869 UTC,1.38321,1.38309,0.0012,0.00285
09.09.2025 15:27:58.126 UTC,1.38321,1.3831,0.0012,0.00135
09.09.2025 15:27:59.035 UTC,1.38322,1.3831,0.0012,0.0024
09.09.2025 15:27:59.340 UTC,1.38322,1.3831,0.0012,0.00225
09.09.2025 15:27:59.795 UTC,1.38322,1.38311,0.0012,0.0018
09.09.2025 15:27:59.899 UTC,1.38324,1.38311,0.0012,0.00285
09.09.2025 15:28:00.002 UTC,1.38324,1.38314,0.0012,0.00135
09.09.2025 15:28:00.359 UTC,1.38325,1.38315,0.0012,0.00285
09.09.2025 15:28:00.462 UTC,1.38327,1.38315,0.0012,0.0027
09.09.2025 15:28:00.717 UTC,1.38326,1.38315,0.0018,0.0027
09.09.2025 15:28:00.819 UTC,1.38326,1.38316,0.0018,0.0012
09.09.2025 15:28:03.997 UTC,1.38324,1.38315,0.00135,0.00135
09.09.2025 15:28:04.202 UTC,1.38324,1.38313,0.00225,0.00135
09.09.2025 15:28:04.355 UTC,1.38325,1.38314,0.00135,0.0012
09.09.2025 15:28:04.458 UTC,1.38325,1.38317,0.0018,0.0012
09.09.2025 15:28:06.784 UTC,1.38326,1.38315,0.0018,0.0018
09.09.2025 15:28:08.606 UTC,1.38325,1.38316,0.0018,0.0018
09.09.2025 15:28:09.613 UTC,1.38326,1.38315,0.0018,0.0018
09.09.2025 15:28:11.324 UTC,1.38325,1.38315,0.0018,0.00375
09.09.2025 15:28:11.728 UTC,1.38326,1.38314,0.0018,0.00375
09.09.2025 15:28:11.981 UTC,1.38325,1.38315,0.0018,0.00375
09.09.2025 15:28:12.132 UTC,1.38326,1.38314,0.0018,0.00375
09.09.2025 15:28:13.341 UTC,1.38325,1.38315,0.0018,0.00375
09.09.2025 15:28:13.695 UTC,1.38328,1.38315,0.0012,0.00195
09.09.2025 15:28:13.747 UTC,1.38327,1.38315,0.0018,0.00195
09.09.2025 15:28:14.203 UTC,1.38329,1.38317,0.00285,0.00135
09.09.2025 15:28:14.306 UTC,1.38329,1.38317,0.0018,0.0024
09.09.2025 15:28:15.166 UTC,1.38329,1.38317,0.0018,0.00135
09.09.2025 15:28:15.520 UTC,1.38329,1.38318,0.0018,0.0012
09.09.2025 15:28:16.532 UTC,1.38328,1.38318,0.0024,0.00225
09.09.2025 15:28:17.143 UTC,1.38328,1.38318,0.00225,0.00225
09.09.2025 15:28:18.206 UTC,1.38328,1.38317,0.0012,0.0012
09.09.2025 15:28:18.512 UTC,1.38326,1.38316,0.0012,0.0012
09.09.2025 15:28:18.615 UTC,1.38324,1.38317,0.0012,0.0012
09.09.2025 15:28:18.717 UTC,1.38325,1.38313,0.0012,0.00225
09.09.2025 15:28:19.678 UTC,1.38325,1.38314,0.0012,0.0012
09.09.2025 15:28:19.980 UTC,1.38324,1.38316,0.0012,0.0012
09.09.2025 15:28:20.220 UTC,1.38325,1.38314,0.0012,0.00135
09.09.2025 15:28:21.730 UTC,1.38324,1.38314,0.0012,0.0024
09.09.2025 15:28:21.832 UTC,1.38325,1.38313,0.0012,0.0024
09.09.2025 15:28:23.348 UTC,1.38324,1.38312,0.0012,0.00375
09.09.2025 15:28:23.603 UTC,1.38324,1.38312,0.0018,0.0018
09.09.2025 15:28:23.706 UTC,1.38324,1.38312,0.0012,0.00195
09.09.2025 15:28:23.910 UTC,1.38323,1.38311,0.0012,0.00195
09.09.2025 15:28:24.012 UTC,1.38322,1.38312,0.0012,0.00135
09.09.2025 15:28:24.164 UTC,1.38323,1.38311,0.0012,0.0018
09.09.2025 15:28:25.782 UTC,1.38324,1.38312,0.00135,0.00135
09.09.2025 15:28:27.202 UTC,1.38324,1.38312,0.0012,0.0018
09.09.2025 15:28:27.810 UTC,1.38324,1.38312,0.0018,0.00135
09.09.2025 15:28:28.356 UTC,1.38324,1.38312,0.0018,0.0018
09.09.2025 15:28:29.467 UTC,1.38322,1.38313,0.0012,0.0018
09.09.2025 15:28:29.569 UTC,1.38323,1.38312,0.0012,0.00135
09.09.2025 15:28:32.947 UTC,1.38323,1.38313,0.00315,0.00135
09.09.2025 15:28:33.406 UTC,1.38323,1.38313,0.00225,0.0018
09.09.2025 15:28:35.376 UTC,1.38323,1.38313,0.0018,0.00225
09.09.2025 15:28:35.579 UTC,1.38324,1.38312,0.0018,0.0018
09.09.2025 15:28:35.732 UTC,1.38324,1.38312,0.0018,0.00135
09.09.2025 15:28:40.483 UTC,1.38323,1.38311,0.0012,0.0018
09.09.2025 15:28:40.989 UTC,1.38323,1.38311,0.0012,0.00135
09.09.2025 15:28:42.203 UTC,1.38324,1.38312,0.00495,0.0012
09.09.2025 15:28:43.166 UTC,1.38323,1.38313,0.00495,0.0018
09.09.2025 15:28:43.470 UTC,1.38323,1.38313,0.00495,0.00135
09.09.2025 15:28:44.284 UTC,1.38322,1.38312,0.0012,0.0024
09.09.2025 15:28:46.003 UTC,1.38323,1.38311,0.0012,0.00135
09.09.2025 15:28:47.715 UTC,1.38323,1.38311,0.0012,0.0018
09.09.2025 15:28:50.184 UTC,1.38323,1.38311,0.0012,0.00135
09.09.2025 15:28:50.538 UTC,1.38323,1.38311,0.0012,0.0018
09.09.2025 15:28:51.041 UTC,1.38323,1.38311,0.0012,0.00135
09.09.2025 15:28:51.248 UTC,1.38323,1.38311,0.0012,0.0018
09.09.2025 15:28:52.919 UTC,1.38323,1.38311,0.0018,0.0024
09.09.2025 15:28:53.024 UTC,1.38323,1.38311,0.0018,0.0018
09.09.2025 15:28:54.537 UTC,1.38323,1.38311,0.0018,0.00135
09.09.2025 15:28:54.789 UTC,1.38323,1.38311,0.0018,0.0018
09.09.2025 15:28:55.698 UTC,1.38322,1.38312,0.0018,0.00225
09.09.2025 15:28:56.610 UTC,1.38322,1.38312,0.0012,0.0018
09.09.2025 15:28:56.762 UTC,1.38324,1.38312,0.00225,0.00135
09.09.2025 15:28:56.864 UTC,1.38324,1.38312,0.00225,0.0018
09.09.2025 15:28:57.117 UTC,1.38323,1.38313,0.00225,0.0018
09.09.2025 15:28:57.374 UTC,1.38324,1.38312,0.00315,0.0012
09.09.2025 15:28:58.986 UTC,1.38324,1.38312,0.00225,0.0018
09.09.2025 15:28:59.092 UTC,1.38323,1.38313,0.00225,0.00135
09.09.2025 15:28:59.599 UTC,1.38324,1.38312,0.00225,0.0018
09.09.2025 15:29:00.205 UTC,1.38324,1.38312,0.0012,0.0018
09.09.2025 15:29:01.621 UTC,1.38325,1.38314,0.00135,0.0018
09.09.2025 15:29:01.673 UTC,1.38325,1.38313,0.00225,0.00135
09.09.2025 15:29:01.777 UTC,1.38324,1.38312,0.0018,0.00225
09.09.2025 15:29:01.879 UTC,1.38324,1.38312,0.0018,0.0018
09.09.2025 15:29:02.735 UTC,1.38324,1.38312,0.0018,0.00135
09.09.2025 15:29:04.448 UTC,1.38321,1.3831,0.00135,0.0012
09.09.2025 15:29:04.552 UTC,1.3832,1.38309,0.0012,0.0012
09.09.2025 15:29:04.653 UTC,1.3832,1.38308,0.0012,0.00135
09.09.2025 15:29:04.906 UTC,1.38319,1.38309,0.0012,0.0018
09.09.2025 15:29:05.460 UTC,1.3832,1.38308,0.0012,0.00135
09.09.2025 15:29:07.280 UTC,1.38319,1.38309,0.0012,0.0024
09.09.2025 15:29:08.087 UTC,1.3832,1.38308,0.0012,0.0024
09.09.2025 15:29:08.644 UTC,1.38319,1.38309,0.00225,0.00225
09.09.2025 15:29:08.746 UTC,1.38319,1.38309,0.0024,0.00135
09.09.2025 15:29:09.155 UTC,1.3832,1.38307,0.0042,0.0018
09.09.2025 15:29:09.359 UTC,1.38318,1.38306,0.00135,0.0018
09.09.2025 15:29:09.462 UTC,1.38317,1.38307,0.00135,0.0018
09.09.2025 15:29:09.565 UTC,1.38317,1.38305,0.00225,0.0018
09.09.2025 15:29:09.667 UTC,1.38316,1.38306,0.00225,0.00195
09.09.2025 15:29:09.769 UTC,1.38317,1.38305,0.00225,0.0018
09.09.2025 15:29:09.872 UTC,1.38317,1.38307,0.0018,0.0018
09.09.2025 15:29:10.025 UTC,1.38318,1.38308,0.00495,0.00195
09.09.2025 15:29:12.195 UTC,1.38319,1.38307,0.00495,0.00195
09.09.2025 15:29:13.403 UTC,1.38318,1.38308,0.0012,0.00285
09.09.2025 15:29:13.556 UTC,1.38319,1.38307,0.0012,0.00285
09.09.2025 15:29:14.163 UTC,1.38318,1.38308,0.0012,0.00285
09.09.2025 15:29:15.274 UTC,1.38319,1.38307,0.0012,0.00285
09.09.2025 15:29:18.381 UTC,1.38319,1.38308,0.0012,0.0018
09.09.2025 15:29:19.888 UTC,1.3832,1.38308,0.00495,0.0018
09.09.2025 15:29:21.395 UTC,1.38317,1.38307,0.0012,0.00285
09.09.2025 15:29:22.353 UTC,1.38316,1.38307,0.0012,0.00285
09.09.2025 15:29:23.057 UTC,1.38316,1.38308,0.0012,0.00285
09.09.2025 15:29:23.262 UTC,1.38317,1.3831,0.0012,0.0018
09.09.2025 15:29:24.270 UTC,1.38319,1.38309,0.0012,0.0018
09.09.2025 15:29:25.228 UTC,1.38317,1.3831,0.0012,0.0018
09.09.2025 15:29:27.252 UTC,1.38316,1.3831,0.0012,0.00135
09.09.2025 15:29:28.212 UTC,1.38317,1.38309,0.0012,0.00195
09.09.2025 15:29:28.869 UTC,1.38318,1.38309,0.0012,0.00195
09.09.2025 15:29:28.972 UTC,1.38318,1.38309,0.0012,0.0018
09.09.2025 15:29:29.074 UTC,1.38319,1.38309,0.0012,0.0018
09.09.2025 15:29:29.227 UTC,1.38318,1.3831,0.0012,0.00135
09.09.2025 15:29:29.329 UTC,1.38318,1.38311,0.0012,0.00135
09.09.2025 15:29:30.737 UTC,1.38319,1.3831,0.0012,0.0018
09.09.2025 15:29:32.395 UTC,1.38319,1.3831,0.0012,0.00135
09.09.2025 15:29:34.708 UTC,1.38318,1.38311,0.0012,0.0018
09.09.2025 15:29:35.463 UTC,1.38319,1.38311,0.0012,0.0018
09.09.2025 15:29:36.469 UTC,1.38319,1.3831,0.0012,0.0018
09.09.2025 15:29:37.222 UTC,1.38318,1.38311,0.0012,0.00135
09.09.2025 15:29:37.325 UTC,1.38318,1.38311,0.0012,0.0018
09.09.2025 15:29:37.428 UTC,1.38319,1.3831,0.0012,0.0012
09.09.2025 15:29:37.837 UTC,1.38317,1.3831,0.0012,0.00135
09.09.2025 15:29:37.941 UTC,1.38317,1.38311,0.0012,0.00135
09.09.2025 15:29:39.559 UTC,1.38319,1.3831,0.0012,0.0012
09.09.2025 15:29:40.817 UTC,1.38319,1.3831,0.0012,0.0018
09.09.2025 15:29:41.421 UTC,1.38319,1.3831,0.0012,0.00135
09.09.2025 15:29:42.967 UTC,1.38318,1.38312,0.0012,0.0012
09.09.2025 15:29:51.003 UTC,1.38319,1.38313,0.0012,0.0012
09.09.2025 15:29:51.361 UTC,1.3832,1.38313,0.0012,0.00135
09.09.2025 15:29:51.716 UTC,1.38321,1.38312,0.0012,0.0018
09.09.2025 15:29:51.818 UTC,1.38321,1.38312,0.0012,0.00135
09.09.2025 15:29:53.781 UTC,1.38322,1.38313,0.0012,0.00135
09.09.2025 15:29:53.884 UTC,1.38324,1.38316,0.0012,0.00135
09.09.2025 15:29:54.240 UTC,1.38324,1.38316,0.0012,0.0018
09.09.2025 15:29:54.544 UTC,1.38323,1.38316,0.0012,0.00135
09.09.2025 15:29:54.596 UTC,1.38325,1.38317,0.0012,0.00135
09.09.2025 15:29:54.749 UTC,1.38325,1.38318,0.0012,0.00135
09.09.2025 15:29:55.053 UTC,1.38326,1.38317,0.0012,0.0018
09.09.2025 15:29:58.483 UTC,1.38325,1.38316,0.0012,0.0024
09.09.2025 15:30:00.128 UTC,1.38325,1.38317,0.0012,0.0018
09.09.2025 15:30:00.231 UTC,1.38326,1.38318,0.0012,0.0024
09.09.2025 15:30:00.636 UTC,1.38327,1.38317,0.0012,0.0024
09.09.2025 15:30:00.891 UTC,1.38326,1.38318,0.0012,0.0024
09.09.2025 15:30:00.993 UTC,1.38327,1.38317,0.0012,0.0024
09.09.2025 15:30:01.097 UTC,1.38329,1.3832,0.0012,0.00135
09.09.2025 15:30:01.655 UTC,1.38329,1.3832,0.0012,0.0018
09.09.2025 15:30:01.758 UTC,1.38328,1.38319,0.0012,0.0018
09.09.2025 15:30:01.861 UTC,1.38327,1.38318,0.0012,0.0018
09.09.2025 15:30:03.222 UTC,1.38327,1.38319,0.0012,0.0018
09.09.2025 15:30:03.935 UTC,1.38329,1.38319,0.0012,0.0018
09.09.2025 15:30:04.241 UTC,1.38329,1.38319,0.0012,0.0024
09.09.2025 15:30:04.948 UTC,1.38328,1.38319,0.0012,0.0024
09.09.2025 15:30:05.503 UTC,1.3833,1.38319,0.0012,0.0024
09.09.2025 15:30:05.757 UTC,1.38331,1.38319,0.0012,0.0024
09.09.2025 15:30:05.860 UTC,1.3833,1.38319,0.0012,0.0024
09.09.2025 15:30:07.581 UTC,1.3833,1.38319,0.0012,0.00225
09.09.2025 15:30:07.683 UTC,1.38329,1.3832,0.0012,0.0018
09.09.2025 15:30:08.292 UTC,1.38329,1.38318,0.0012,0.0024
09.09.2025 15:30:08.747 UTC,1.38329,1.38318,0.0012,0.0018
09.09.2025 15:30:09.602 UTC,1.38328,1.38318,0.0012,0.0018
09.09.2025 15:30:10.611 UTC,1.38329,1.38318,0.0012,0.0018
09.09.2025 15:30:11.623 UTC,1.38327,1.38319,0.0012,0.0018
09.09.2025 15:30:11.826 UTC,1.38328,1.38318,0.0012,0.0018
09.09.2025 15:30:12.029 UTC,1.38328,1.38319,0.0012,0.0018
09.09.2025 15:30:13.241 UTC,1.38329,1.38318,0.0012,0.0024
09.09.2025 15:30:13.644 UTC,1.3833,1.38318,0.0012,0.0024
09.09.2025 15:30:14.083 UTC,1.38329,1.38318,0.0012,0.0018
09.09.2025 15:30:17.116 UTC,1.3833,1.38318,0.0012,0.0018
09.09.2025 15:30:18.126 UTC,1.38329,1.38318,0.0012,0.0018
09.09.2025 15:30:19.184 UTC,1.38329,1.38319,0.0012,0.0018
09.09.2025 15:30:19.288 UTC,1.38326,1.38318,0.0012,0.0027
09.09.2025 15:30:19.442 UTC,1.38326,1.38318,0.0012,0.00285
09.09.2025 15:30:20.401 UTC,1.38327,1.38318,0.0012,0.00195
09.09.2025 15:30:22.405 UTC,1.38327,1.38317,0.0012,0.00195
09.09.2025 15:30:23.816 UTC,1.38329,1.38318,0.00225,0.0018
09.09.2025 15:30:25.834 UTC,1.38327,1.3832,0.0012,0.0012
09.09.2025 15:30:26.442 UTC,1.38329,1.38319,0.0012,0.0012
09.09.2025 15:30:27.355 UTC,1.38328,1.38321,0.0012,0.0012
09.09.2025 15:30:28.265 UTC,1.38329,1.38318,0.0012,0.0018
09.09.2025 15:30:28.467 UTC,1.3833,1.38318,0.0012,0.0018
09.09.2025 15:30:28.921 UTC,1.38329,1.3832,0.0012,0.0018
09.09.2025 15:30:29.127 UTC,1.38331,1.38319,0.0054,0.0018
09.09.2025 15:30:30.594 UTC,1.38331,1.38319,0.0012,0.00135
09.09.2025 15:30:31.153 UTC,1.3833,1.3832,0.00135,0.0012
09.09.2025 15:30:31.257 UTC,1.38331,1.3832,0.0012,0.0012
09.09.2025 15:30:31.360 UTC,1.38332,1.3832,0.00405,0.0018
09.09.2025 15:30:31.463 UTC,1.38332,1.3832,0.00315,0.00135
09.09.2025 15:30:32.831 UTC,1.38331,1.3832,0.0012,0.00135
09.09.2025 15:30:33.492 UTC,1.38331,1.38319,0.0012,0.00135
09.09.2025 15:30:34.204 UTC,1.38331,1.38319,0.0012,0.0018
09.09.2025 15:30:34.306 UTC,1.38331,1.38319,0.0012,0.00135
09.09.2025 15:30:34.409 UTC,1.38331,1.38319,0.0012,0.0018
09.09.2025 15:30:35.265 UTC,1.38331,1.38319,0.0018,0.00135
09.09.2025 15:30:36.368 UTC,1.3833,1.3832,0.0018,0.0018
09.09.2025 15:30:36.621 UTC,1.38331,1.38319,0.0018,0.00135
09.09.2025 15:30:37.892 UTC,1.38331,1.38319,0.0012,0.0018
09.09.2025 15:30:38.450 UTC,1.38331,1.38323,0.0018,0.00195
09.09.2025 15:30:38.554 UTC,1.38333,1.38321,0.00225,0.0012
09.09.2025 15:30:38.656 UTC,1.38332,1.38321,0.0012,0.0012
09.09.2025 15:30:39.516 UTC,1.38332,1.3832,0.0018,0.00135
09.09.2025 15:30:44.283 UTC,1.3833,1.38321,0.0012,0.0012
09.09.2025 15:30:44.795 UTC,1.3833,1.38318,0.0012,0.00285
09.09.2025 15:30:45.100 UTC,1.3833,1.38319,0.0012,0.0012
09.09.2025 15:30:45.657 UTC,1.38329,1.3832,0.0012,0.0012
09.09.2025 15:30:45.759 UTC,1.38331,1.3832,0.0012,0.0012
09.09.2025 15:30:45.861 UTC,1.38332,1.3832,0.00135,0.0018
09.09.2025 15:30:46.367 UTC,1.38331,1.38321,0.00135,0.00135
09.09.2025 15:30:46.823 UTC,1.38332,1.3832,0.00225,0.0018
09.09.2025 15:30:47.732 UTC,1.38332,1.3832,0.00135,0.00135
09.09.2025 15:30:47.986 UTC,1.38332,1.3832,0.00135,0.0018
09.09.2025 15:30:48.088 UTC,1.38332,1.3832,0.00135,0.00135
09.09.2025 15:30:48.191 UTC,1.38332,1.3832,0.00135,0.0018
09.09.2025 15:30:48.292 UTC,1.38332,1.3832,0.00135,0.00135
09.09.2025 15:30:51.069 UTC,1.38331,1.38321,0.00225,0.0018
09.09.2025 15:30:52.810 UTC,1.38332,1.38321,0.0012,0.00195
09.09.2025 15:30:52.913 UTC,1.38332,1.38322,0.0012,0.00195
09.09.2025 15:30:53.065 UTC,1.38333,1.38321,0.0012,0.0018
09.09.2025 15:30:53.167 UTC,1.38333,1.38321,0.0012,0.00195
09.09.2025 15:30:53.270 UTC,1.38333,1.38321,0.0012,0.0018
09.09.2025 15:30:53.372 UTC,1.38333,1.38321,0.0012,0.00195
09.09.2025 15:30:54.330 UTC,1.38333,1.38321,0.0012,0.0018
09.09.2025 15:30:54.986 UTC,1.38333,1.38321,0.0012,0.00195
09.09.2025 15:30:55.691 UTC,1.38333,1.38321,0.0012,0.0018
09.09.2025 15:30:56.145 UTC,1.38334,1.38321,0.0018,0.00195
09.09.2025 15:30:57.001 UTC,1.38333,1.38322,0.0018,0.0018
09.09.2025 15:30:58.209 UTC,1.38333,1.38321,0.0012,0.0018
09.09.2025 15:30:58.312 UTC,1.38333,1.38321,0.0012,0.00195
09.09.2025 15:30:58.414 UTC,1.38333,1.38321,0.0012,0.0018
09.09.2025 15:30:58.516 UTC,1.38332,1.38322,0.0012,0.00195
09.09.2025 15:30:58.618 UTC,1.38332,1.38322,0.0012,0.0018
09.09.2025 15:30:58.820 UTC,1.38333,1.38321,0.0012,0.00195
09.09.2025 15:31:00.083 UTC,1.38331,1.38322,0.0012,0.00135
09.09.2025 15:31:00.644 UTC,1.38332,1.38321,0.0012,0.0018
09.09.2025 15:31:02.413 UTC,1.3833,1.3832,0.0012,0.00285
09.09.2025 15:31:02.667 UTC,1.38331,1.3832,0.0012,0.0012
09.09.2025 15:31:06.405 UTC,1.38331,1.38319,0.0012,0.0027
09.09.2025 15:31:06.557 UTC,1.38331,1.38319,0.0012,0.00285
09.09.2025 15:31:07.567 UTC,1.38331,1.38319,0.0012,0.0027
09.09.2025 15:31:07.895 UTC,1.38331,1.38319,0.0012,0.00285
09.09.2025 15:31:09.366 UTC,1.3833,1.3832,0.0012,0.0027
09.09.2025 15:31:09.871 UTC,1.38331,1.38319,0.0012,0.00285
09.09.2025 15:31:12.695 UTC,1.38331,1.38321,0.0018,0.0018
09.09.2025 15:31:20.120 UTC,1.38329,1.38319,0.0012,0.00135
09.09.2025 15:31:22.243 UTC,1.3833,1.38318,0.0012,0.00195
09.09.2025 15:31:22.545 UTC,1.38329,1.38319,0.0012,0.0018
09.09.2025 15:31:22.750 UTC,1.38329,1.38319,0.0012,0.00195
09.09.2025 15:31:23.004 UTC,1.38331,1.38319,0.00135,0.00135
09.09.2025 15:31:24.064 UTC,1.38331,1.38319,0.0012,0.0018
09.09.2025 15:31:26.618 UTC,1.3833,1.3832,0.0012,0.0012
09.09.2025 15:31:26.974 UTC,1.38331,1.38319,0.0012,0.0018
09.09.2025 15:31:27.838 UTC,1.38331,1.38319,0.0012,0.00135
09.09.2025 15:31:27.990 UTC,1.3833,1.3832,0.0012,0.0018
09.09.2025 15:31:33.425 UTC,1.38331,1.38321,0.0018,0.0018
09.09.2025 15:31:33.569 UTC,1.38334,1.38322,0.0012,0.0018
09.09.2025 15:31:33.626 UTC,1.38335,1.38325,0.0012,0.0018
09.09.2025 15:31:33.678 UTC,1.38337,1.38325,0.0012,0.0018
09.09.2025 15:31:33.832 UTC,1.38338,1.38326,0.0012,0.0024
09.09.2025 15:31:33.935 UTC,1.38339,1.38327,0.0012,0.0018
09.09.2025 15:31:34.039 UTC,1.3834,1.38327,0.00135,0.0027
09.09.2025 15:31:36.409 UTC,1.38339,1.38328,0.0012,0.00285
09.09.2025 15:31:36.715 UTC,1.3834,1.38327,0.0012,0.0027
09.09.2025 15:31:36.969 UTC,1.3834,1.38327,0.0012,0.00285
09.09.2025 15:31:39.290 UTC,1.3834,1.38328,0.0012,0.0012
09.09.2025 15:31:39.648 UTC,1.38341,1.38329,0.0012,0.0018
09.09.2025 15:31:40.562 UTC,1.38342,1.3833,0.0018,0.0012
09.09.2025 15:31:44.563 UTC,1.38341,1.38331,0.0018,0.00195
09.09.2025 15:31:44.666 UTC,1.38341,1.38331,0.0018,0.0018
09.09.2025 15:31:50.563 UTC,1.38342,1.3833,0.0018,0.0018
09.09.2025 15:31:50.665 UTC,1.38342,1.3833,0.0012,0.00135
09.09.2025 15:31:53.194 UTC,1.3834,1.38331,0.0012,0.00135
09.09.2025 15:31:54.754 UTC,1.38342,1.3833,0.0012,0.00135
09.09.2025 15:31:56.368 UTC,1.38337,1.38329,0.00135,0.00135
09.09.2025 15:31:56.472 UTC,1.38334,1.38325,0.0012,0.0012
09.09.2025 15:31:56.524 UTC,1.38333,1.38323,0.0018,0.00315
09.09.2025 15:31:56.678 UTC,1.38332,1.38322,0.0012,0.00135
09.09.2025 15:31:56.783 UTC,1.38332,1.3832,0.0012,0.0012
09.09.2025 15:32:00.399 UTC,1.38331,1.3832,0.0012,0.0012
09.09.2025 15:32:01.056 UTC,1.38332,1.3832,0.0012,0.0012
09.09.2025 15:32:05.034 UTC,1.38331,1.38319,0.0012,0.0012
09.09.2025 15:32:05.291 UTC,1.3833,1.38318,0.0012,0.00135
09.09.2025 15:32:06.506 UTC,1.38328,1.38319,0.0012,0.0012
09.09.2025 15:32:06.608 UTC,1.38329,1.38319,0.0012,0.0018
09.09.2025 15:32:06.763 UTC,1.38331,1.38319,0.0012,0.00135
09.09.2025 15:32:07.320 UTC,1.38331,1.38319,0.0012,0.0018
09.09.2025 15:32:07.422 UTC,1.38331,1.38319,0.0012,0.00135
09.09.2025 15:32:08.691 UTC,1.38331,1.38319,0.0012,0.0018
09.09.2025 15:32:09.196 UTC,1.38331,1.38321,0.0018,0.0018
09.09.2025 15:32:12.165 UTC,1.38332,1.3832,0.0018,0.00135
09.09.2025 15:32:13.705 UTC,1.38332,1.3832,0.0018,0.0018
09.09.2025 15:32:13.808 UTC,1.38332,1.3832,0.0018,0.00135
09.09.2025 15:32:14.011 UTC,1.38331,1.38319,0.0012,0.00135
09.09.2025 15:32:14.114 UTC,1.3833,1.3832,0.0012,0.0018
09.09.2025 15:32:14.216 UTC,1.38331,1.38319,0.0012,0.00135
09.09.2025 15:32:14.469 UTC,1.38331,1.38319,0.0018,0.0018
09.09.2025 15:32:14.571 UTC,1.3833,1.3832,0.0018,0.00135
09.09.2025 15:32:15.684 UTC,1.38331,1.38319,0.0012,0.0018
09.09.2025 15:32:15.786 UTC,1.3833,1.3832,0.0012,0.00135
09.09.2025 15:32:15.989 UTC,1.38331,1.38319,0.0012,0.0018
09.09.2025 15:32:17.148 UTC,1.38331,1.38319,0.0012,0.00135
09.09.2025 15:32:17.250 UTC,1.38331,1.38319,0.0012,0.0018
09.09.2025 15:32:23.248 UTC,1.38329,1.3832,0.0012,0.0018
09.09.2025 15:32:23.554 UTC,1.38329,1.38319,0.0012,0.00135
09.09.2025 15:32:23.657 UTC,1.38328,1.38319,0.0012,0.0018
09.09.2025 15:32:23.759 UTC,1.38329,1.38318,0.0012,0.00195
09.09.2025 15:32:23.861 UTC,1.38329,1.38318,0.0012,0.0018
09.09.2025 15:32:24.064 UTC,1.38329,1.38317,0.0018,0.00225
09.09.2025 15:32:24.268 UTC,1.38328,1.38317,0.0012,0.0018
09.09.2025 15:32:24.522 UTC,1.38328,1.38316,0.0018,0.0018
09.09.2025 15:32:24.625 UTC,1.38327,1.38315,0.0012,0.00225
09.09.2025 15:32:24.677 UTC,1.38328,1.38317,0.0012,0.0012
09.09.2025 15:32:25.638 UTC,1.38328,1.38318,0.0018,0.00195
09.09.2025 15:32:25.991 UTC,1.38329,1.38317,0.0018,0.0018
09.09.2025 15:32:26.799 UTC,1.38328,1.38317,0.0012,0.00135
09.09.2025 15:32:27.507 UTC,1.38327,1.38316,0.0012,0.0018
09.09.2025 15:32:27.609 UTC,1.38326,1.38317,0.0018,0.00135
09.09.2025 15:32:28.515 UTC,1.38327,1.38316,0.0012,0.0018
09.09.2025 15:32:31.030 UTC,1.38329,1.38316,0.0027,0.00375
09.09.2025 15:32:31.498 UTC,1.38328,1.38317,0.0036,0.0042
09.09.2025 15:32:32.758 UTC,1.38328,1.38317,0.0018,0.0042
09.09.2025 15:32:35.537 UTC,1.38327,1.38317,0.00135,0.00135
09.09.2025 15:32:35.691 UTC,1.38328,1.38316,0.0012,0.00195
09.09.2025 15:32:36.197 UTC,1.38327,1.38317,0.0012,0.00195
09.09.2025 15:32:36.606 UTC,1.38328,1.38316,0.0012,0.00195
09.09.2025 15:32:38.170 UTC,1.38328,1.38316,0.0012,0.00285
09.09.2025 15:32:38.623 UTC,1.38327,1.38317,0.0012,0.00285
09.09.2025 15:32:39.583 UTC,1.38328,1.38316,0.0012,0.00375
09.09.2025 15:32:41.284 UTC,1.38324,1.38314,0.0012,0.00195
09.09.2025 15:32:41.338 UTC,1.38324,1.38312,0.0018,0.0024
09.09.2025 15:32:41.390 UTC,1.38324,1.38312,0.0018,0.0012
09.09.2025 15:32:41.748 UTC,1.38323,1.38311,0.0012,0.00315
09.09.2025 15:32:41.851 UTC,1.38322,1.38311,0.0012,0.0012
09.09.2025 15:32:42.055 UTC,1.38323,1.38311,0.0018,0.0012
09.09.2025 15:32:42.108 UTC,1.38319,1.38311,0.0012,0.0012
09.09.2025 15:32:42.211 UTC,1.38321,1.38311,0.0036,0.0012
09.09.2025 15:32:42.365 UTC,1.38321,1.3831,0.0012,0.0012
09.09.2025 15:32:42.466 UTC,1.38322,1.3831,0.0027,0.0012
09.09.2025 15:32:44.988 UTC,1.38321,1.38309,0.0012,0.00135
09.09.2025 15:32:45.091 UTC,1.38319,1.38309,0.0012,0.00135
09.09.2025 15:32:47.163 UTC,1.38318,1.3831,0.0012,0.0018
09.09.2025 15:32:47.315 UTC,1.38319,1.38309,0.0012,0.00135
09.09.2025 15:32:47.570 UTC,1.38321,1.38311,0.0036,0.00135
09.09.2025 15:32:53.947 UTC,1.38322,1.3831,0.0012,0.0018
09.09.2025 15:32:54.401 UTC,1.38322,1.3831,0.0012,0.00135
09.09.2025 15:32:54.758 UTC,1.38321,1.38309,0.0012,0.00135
09.09.2025 15:32:55.013 UTC,1.38321,1.38311,0.0012,0.0012
09.09.2025 15:32:57.582 UTC,1.38321,1.38311,0.0012,0.0018
09.09.2025 15:33:00.167 UTC,1.38322,1.3831,0.0012,0.0018
09.09.2025 15:33:00.470 UTC,1.38321,1.38311,0.0012,0.0018
09.09.2025 15:33:00.876 UTC,1.38322,1.3831,0.0012,0.00135
09.09.2025 15:33:01.080 UTC,1.38322,1.3831,0.0012,0.0018
09.09.2025 15:33:02.187 UTC,1.38322,1.3831,0.0012,0.00135
09.09.2025 15:33:08.314 UTC,1.38322,1.3831,0.0018,0.0018
09.09.2025 15:33:08.419 UTC,1.38323,1.38311,0.0012,0.00135
09.09.2025 15:33:08.673 UTC,1.38322,1.38312,0.0018,0.0018
09.09.2025 15:33:09.129 UTC,1.3832,1.3831,0.00135,0.0018
09.09.2025 15:33:09.181 UTC,1.3832,1.38308,0.0012,0.0018
09.09.2025 15:33:09.284 UTC,1.38319,1.38308,0.0012,0.00135
09.09.2025 15:33:09.488 UTC,1.3832,1.38308,0.0027,0.0018
09.09.2025 15:33:10.248 UTC,1.3832,1.38309,0.0012,0.00135
09.09.2025 15:33:10.351 UTC,1.3832,1.3831,0.0012,0.00135
09.09.2025 15:33:10.403 UTC,1.38321,1.38311,0.0018,0.00135
09.09.2025 15:33:11.209 UTC,1.38321,1.38311,0.0018,0.0018
09.09.2025 15:33:11.712 UTC,1.38322,1.3831,0.0018,0.00135
09.09.2025 15:33:12.267 UTC,1.3832,1.38311,0.0012,0.00135
09.09.2025 15:33:12.979 UTC,1.3832,1.3831,0.0027,0.00135
09.09.2025 15:33:14.394 UTC,1.3832,1.3831,0.0012,0.0018
09.09.2025 15:33:17.049 UTC,1.38321,1.38309,0.00315,0.0012
09.09.2025 15:33:18.159 UTC,1.38318,1.38309,0.0042,0.00135
09.09.2025 15:33:18.263 UTC,1.38316,1.38304,0.0012,0.0012
09.09.2025 15:33:18.469 UTC,1.38315,1.38305,0.0018,0.0012
09.09.2025 15:33:18.572 UTC,1.38316,1.38306,0.0012,0.00135
09.09.2025 15:33:18.725 UTC,1.38316,1.38304,0.0012,0.00195
09.09.2025 15:33:19.081 UTC,1.38317,1.38305,0.0012,0.0018
09.09.2025 15:33:19.183 UTC,1.38317,1.38305,0.0012,0.00135
09.09.2025 15:33:19.538 UTC,1.38317,1.38305,0.0012,0.00285
09.09.2025 15:33:19.640 UTC,1.38318,1.38305,0.0018,0.00285
09.09.2025 15:33:20.096 UTC,1.38317,1.38305,0.0018,0.00285
09.09.2025 15:33:20.198 UTC,1.38316,1.38306,0.0012,0.00375
09.09.2025 15:33:20.301 UTC,1.38318,1.38305,0.0027,0.0042
09.09.2025 15:33:22.725 UTC,1.38318,1.38308,0.0018,0.00135
09.09.2025 15:33:23.633 UTC,1.38319,1.38307,0.0018,0.0018
09.09.2025 15:33:27.179 UTC,1.38319,1.38309,0.0018,0.00135
09.09.2025 15:33:27.634 UTC,1.38319,1.38308,0.0012,0.00135
09.09.2025 15:33:29.850 UTC,1.3832,1.38308,0.0018,0.00135
09.09.2025 15:33:31.159 UTC,1.3832,1.38308,0.0018,0.0018
09.09.2025 15:33:31.261 UTC,1.3832,1.38308,0.0018,0.00135
09.09.2025 15:33:32.620 UTC,1.38319,1.38309,0.0018,0.0018
09.09.2025 15:33:34.626 UTC,1.3832,1.38308,0.0012,0.00225
09.09.2025 15:33:35.129 UTC,1.38319,1.38309,0.0012,0.0024
09.09.2025 15:33:38.899 UTC,1.38319,1.38308,0.0012,0.00135
09.09.2025 15:33:39.004 UTC,1.38314,1.38302,0.0012,0.0018
09.09.2025 15:33:39.055 UTC,1.38314,1.38302,0.0018,0.0012
09.09.2025 15:33:41.993 UTC,1.38313,1.38301,0.0012,0.0018
09.09.2025 15:33:42.095 UTC,1.38311,1.38301,0.0012,0.00195
09.09.2025 15:33:42.349 UTC,1.38312,1.383,0.0012,0.0018
09.09.2025 15:33:43.450 UTC,1.38312,1.38302,0.0018,0.0018
09.09.2025 15:33:48.658 UTC,1.38312,1.38302,0.0012,0.0018
09.09.2025 15:33:48.911 UTC,1.38313,1.38301,0.0012,0.0018
09.09.2025 15:33:54.410 UTC,1.38313,1.38301,0.0018,0.00135
09.09.2025 15:33:54.714 UTC,1.38313,1.38303,0.0018,0.00135
09.09.2025 15:33:54.817 UTC,1.38313,1.38303,0.0012,0.0018
09.09.2025 15:33:57.140 UTC,1.38312,1.38302,0.0012,0.0024
09.09.2025 15:33:58.957 UTC,1.38313,1.38301,0.00495,0.00135
09.09.2025 15:34:01.621 UTC,1.38313,1.38301,0.00495,0.0018
09.09.2025 15:34:02.027 UTC,1.38314,1.38302,0.00495,0.0018
09.09.2025 15:34:02.130 UTC,1.38316,1.38304,0.00555,0.0018
09.09.2025 15:34:02.232 UTC,1.38316,1.38304,0.00495,0.0018
09.09.2025 15:34:02.589 UTC,1.38316,1.38305,0.00405,0.0018
09.09.2025 15:34:02.691 UTC,1.38316,1.38305,0.00405,0.00135
09.09.2025 15:34:02.996 UTC,1.38315,1.38306,0.00405,0.0018
09.09.2025 15:34:03.200 UTC,1.38316,1.38305,0.00405,0.00135
09.09.2025 15:34:03.960 UTC,1.38316,1.38305,0.00405,0.0018
09.09.2025 15:34:04.061 UTC,1.38315,1.38306,0.00405,0.00135
09.09.2025 15:34:04.818 UTC,1.38316,1.38305,0.00405,0.0018
09.09.2025 15:34:04.921 UTC,1.38317,1.38305,0.00225,0.0018
09.09.2025 15:34:05.278 UTC,1.38316,1.38306,0.00225,0.00135
09.09.2025 15:34:05.532 UTC,1.38316,1.38306,0.00315,0.0018
09.09.2025 15:34:06.290 UTC,1.38317,1.38305,0.00225,0.00135
09.09.2025 15:34:09.531 UTC,1.38317,1.38305,0.00225,0.0018
09.09.2025 15:34:10.286 UTC,1.38316,1.38306,0.00315,0.00135
09.09.2025 15:34:11.291 UTC,1.38317,1.38305,0.00315,0.0018
09.09.2025 15:34:11.847 UTC,1.38317,1.38305,0.00315,0.00135
09.09.2025 15:34:13.809 UTC,1.38316,1.38306,0.00225,0.0018
09.09.2025 15:34:13.962 UTC,1.38319,1.38307,0.00135,0.0024
09.09.2025 15:34:14.065 UTC,1.38319,1.38309,0.00225,0.0024
09.09.2025 15:34:14.524 UTC,1.3832,1.3831,0.0012,0.00135
09.09.2025 15:34:14.677 UTC,1.38322,1.3831,0.00315,0.0012
09.09.2025 15:34:20.293 UTC,1.3832,1.38311,0.00135,0.00135
09.09.2025 15:34:20.395 UTC,1.38322,1.3831,0.00585,0.0018
09.09.2025 15:34:20.499 UTC,1.38322,1.3831,0.00585,0.00135
09.09.2025 15:34:20.702 UTC,1.38322,1.3831,0.00585,0.0018
09.09.2025 15:34:20.855 UTC,1.38322,1.3831,0.00495,0.0018
09.09.2025 15:34:21.110 UTC,1.38322,1.3831,0.00495,0.00135
09.09.2025 15:34:22.319 UTC,1.38322,1.3831,0.00495,0.0018
09.09.2025 15:34:25.697 UTC,1.38324,1.38312,0.0027,0.0018
09.09.2025 15:34:25.800 UTC,1.38324,1.38312,0.0012,0.0018
09.09.2025 15:34:26.004 UTC,1.38324,1.38312,0.0012,0.0024
09.09.2025 15:34:26.106 UTC,1.38325,1.38313,0.0012,0.0018
09.09.2025 15:34:26.209 UTC,1.38327,1.38315,0.00135,0.0018
09.09.2025 15:34:26.404 UTC,1.38327,1.38315,0.0012,0.00135
09.09.2025 15:34:26.609 UTC,1.38327,1.38315,0.0012,0.0018
09.09.2025 15:34:26.712 UTC,1.38325,1.38315,0.0012,0.00135
09.09.2025 15:34:26.967 UTC,1.38326,1.38313,0.0012,0.0018
09.09.2025 15:34:27.536 UTC,1.38323,1.38313,0.0012,0.00195
09.09.2025 15:34:28.545 UTC,1.38323,1.38313,0.0012,0.0018
09.09.2025 15:34:29.552 UTC,1.38322,1.38312,0.0012,0.0018
09.09.2025 15:34:29.655 UTC,1.38323,1.38311,0.0012,0.00135
09.09.2025 15:34:30.464 UTC,1.38323,1.38311,0.0012,0.0018
09.09.2025 15:34:30.566 UTC,1.38322,1.38312,0.0012,0.00135
09.09.2025 15:34:32.129 UTC,1.38322,1.3831,0.0012,0.00135
09.09.2025 15:34:33.290 UTC,1.38322,1.3831,0.0012,0.0018
09.09.2025 15:34:33.442 UTC,1.38322,1.3831,0.0012,0.00135
09.09.2025 15:34:33.797 UTC,1.38322,1.3831,0.0012,0.0018
09.09.2025 15:34:34.200 UTC,1.38321,1.38311,0.0012,0.00135
09.09.2025 15:34:34.454 UTC,1.38322,1.3831,0.0012,0.0018
09.09.2025 15:34:35.378 UTC,1.38323,1.38311,0.0012,0.0018
09.09.2025 15:34:35.582 UTC,1.38323,1.38313,0.0018,0.0018
09.09.2025 15:34:35.686 UTC,1.38328,1.38317,0.0018,0.0018
09.09.2025 15:34:35.738 UTC,1.38329,1.38318,0.0012,0.00135
09.09.2025 15:34:35.840 UTC,1.38329,1.38319,0.0012,0.00135
09.09.2025 15:34:35.943 UTC,1.38329,1.38319,0.0012,0.0018
09.09.2025 15:34:37.305 UTC,1.38329,1.38319,0.0012,0.00135
09.09.2025 15:34:37.407 UTC,1.3833,1.38318,0.0012,0.0018
09.09.2025 15:34:40.328 UTC,1.3833,1.38318,0.0012,0.00135
09.09.2025 15:34:41.135 UTC,1.3833,1.38318,0.00135,0.0018
09.09.2025 15:34:41.847 UTC,1.38332,1.38319,0.00375,0.0018
09.09.2025 15:34:41.949 UTC,1.38332,1.38319,0.00315,0.0018
09.09.2025 15:34:42.256 UTC,1.38331,1.3832,0.00225,0.0018
09.09.2025 15:34:43.297 UTC,1.38331,1.38318,0.0012,0.00195
09.09.2025 15:34:43.805 UTC,1.3833,1.38319,0.0012,0.0024
09.09.2025 15:34:43.957 UTC,1.38332,1.38319,0.00315,0.00135
09.09.2025 15:34:44.110 UTC,1.38332,1.38319,0.00315,0.0018
09.09.2025 15:34:47.697 UTC,1.38332,1.38319,0.00315,0.00285
09.09.2025 15:34:48.103 UTC,1.38331,1.3832,0.0018,0.00285
09.09.2025 15:34:48.206 UTC,1.38332,1.38322,0.0012,0.0018
09.09.2025 15:34:48.258 UTC,1.38335,1.38322,0.0063,0.0018
09.09.2025 15:34:49.319 UTC,1.38333,1.38321,0.0012,0.00135
09.09.2025 15:34:49.421 UTC,1.38332,1.38322,0.0018,0.0018
09.09.2025 15:34:50.128 UTC,1.38333,1.38321,0.0012,0.00135
09.09.2025 15:34:50.382 UTC,1.38332,1.38322,0.0012,0.0018
09.09.2025 15:34:50.836 UTC,1.38333,1.38323,0.00225,0.00135
09.09.2025 15:34:50.990 UTC,1.38334,1.38322,0.0012,0.0018
09.09.2025 15:34:51.442 UTC,1.38334,1.38322,0.0012,0.00135
09.09.2025 15:34:52.434 UTC,1.38334,1.38322,0.0012,0.0018
09.09.2025 15:34:52.637 UTC,1.38334,1.38322,0.00225,0.0012
09.09.2025 15:34:52.741 UTC,1.38333,1.38321,0.0018,0.0018
09.09.2025 15:34:53.151 UTC,1.38333,1.38321,0.0018,0.00135
09.09.2025 15:34:53.253 UTC,1.38333,1.38321,0.0018,0.0018
09.09.2025 15:34:54.062 UTC,1.38332,1.38322,0.0018,0.00135
09.09.2025 15:34:54.518 UTC,1.38333,1.38321,0.0018,0.0018
09.09.2025 15:34:55.377 UTC,1.38333,1.38321,0.0018,0.00135
09.09.2025 15:34:55.883 UTC,1.38332,1.38322,0.0018,0.0018
09.09.2025 15:34:55.985 UTC,1.38333,1.38321,0.0018,0.00135
09.09.2025 15:34:56.388 UTC,1.38333,1.38321,0.0018,0.0018
09.09.2025 15:34:57.397 UTC,1.38332,1.38322,0.0018,0.00135
09.09.2025 15:34:57.599 UTC,1.38333,1.38321,0.0018,0.0018
09.09.2025 15:34:58.055 UTC,1.38333,1.38321,0.0018,0.00135
09.09.2025 15:34:59.619 UTC,1.38331,1.38321,0.0012,0.0018
09.09.2025 15:34:59.722 UTC,1.38332,1.3832,0.0018,0.00135
09.09.2025 15:35:00.280 UTC,1.38329,1.38319,0.00135,0.0018
09.09.2025 15:35:00.385 UTC,1.38329,1.38316,0.0012,0.0024
09.09.2025 15:35:00.639 UTC,1.38328,1.38317,0.0012,0.0024
09.09.2025 15:35:01.751 UTC,1.38329,1.38317,0.0012,0.0018
09.09.2025 15:35:02.413 UTC,1.38329,1.38318,0.0012,0.0024
09.09.2025 15:35:02.517 UTC,1.3833,1.38317,0.0012,0.0024
09.09.2025 15:35:02.620 UTC,1.38331,1.38321,0.00225,0.0018
09.09.2025 15:35:04.541 UTC,1.38331,1.38319,0.00135,0.0018
09.09.2025 15:35:04.593 UTC,1.3833,1.38317,0.0018,0.006
09.09.2025 15:35:04.747 UTC,1.3833,1.38317,0.0018,0.0024
09.09.2025 15:35:04.850 UTC,1.3833,1.38317,0.0018,0.0018
09.09.2025 15:35:05.356 UTC,1.3833,1.38317,0.006,0.0018
09.09.2025 15:35:06.116 UTC,1.38329,1.38316,0.00135,0.00195
09.09.2025 15:35:06.168 UTC,1.38328,1.38316,0.0018,0.00195
09.09.2025 15:35:07.640 UTC,1.38325,1.38315,0.0012,0.0012
09.09.2025 15:35:07.692 UTC,1.38325,1.38315,0.0018,0.0012
09.09.2025 15:35:07.898 UTC,1.38324,1.38314,0.00225,0.00135
09.09.2025 15:35:08.254 UTC,1.38324,1.38315,0.00135,0.0012
09.09.2025 15:35:08.357 UTC,1.38325,1.38313,0.0012,0.0018
09.09.2025 15:35:10.628 UTC,1.38324,1.38311,0.0033,0.0018
09.09.2025 15:35:10.731 UTC,1.38321,1.38312,0.00135,0.0012
09.09.2025 15:35:10.835 UTC,1.38319,1.3831,0.0042,0.0012
09.09.2025 15:35:11.794 UTC,1.3832,1.38308,0.0051,0.0012
09.09.2025 15:35:11.897 UTC,1.38319,1.38308,0.0051,0.0018
09.09.2025 15:35:12.406 UTC,1.3832,1.38307,0.0051,0.0018
09.09.2025 15:35:12.609 UTC,1.3832,1.38307,0.006,0.00135
09.09.2025 15:35:12.862 UTC,1.38318,1.38305,0.00225,0.00195
09.09.2025 15:35:12.965 UTC,1.38317,1.38305,0.00135,0.0018
09.09.2025 15:35:13.220 UTC,1.38316,1.38305,0.0018,0.0012
09.09.2025 15:35:13.323 UTC,1.38316,1.38304,0.0033,0.0012
09.09.2025 15:35:13.579 UTC,1.38314,1.38303,0.0024,0.0018
09.09.2025 15:35:13.683 UTC,1.38313,1.38301,0.0012,0.00195
09.09.2025 15:35:15.963 UTC,1.38315,1.38302,0.0033,0.0018
09.09.2025 15:35:16.629 UTC,1.38314,1.38302,0.0024,0.0018
09.09.2025 15:35:17.184 UTC,1.38313,1.38305,0.0012,0.0018
09.09.2025 15:35:17.287 UTC,1.38314,1.38303,0.0024,0.0018
09.09.2025 15:35:17.490 UTC,1.38313,1.38302,0.0018,0.00195
09.09.2025 15:35:17.846 UTC,1.38313,1.38302,0.0024,0.0018
09.09.2025 15:35:19.413 UTC,1.38313,1.38301,0.0033,0.00135
09.09.2025 15:35:19.716 UTC,1.38312,1.38302,0.00315,0.00135
09.09.2025 15:35:20.776 UTC,1.38313,1.38301,0.00315,0.0018
09.09.2025 15:35:20.879 UTC,1.38313,1.38302,0.0018,0.0012
09.09.2025 15:35:21.235 UTC,1.38313,1.38303,0.0018,0.00195
09.09.2025 15:35:23.449 UTC,1.38313,1.38302,0.0012,0.00195
09.09.2025 15:35:24.404 UTC,1.38314,1.38302,0.00315,0.00195
09.09.2025 15:35:29.956 UTC,1.38313,1.38302,0.0012,0.00195
09.09.2025 15:35:30.865 UTC,1.38313,1.38302,0.0012,0.00135
09.09.2025 15:35:32.177 UTC,1.38312,1.38302,0.0012,0.0018
09.09.2025 15:35:33.887 UTC,1.38312,1.38302,0.0012,0.00135
09.09.2025 15:35:34.496 UTC,1.38312,1.38302,0.0012,0.0018
09.09.2025 15:35:34.850 UTC,1.38313,1.38303,0.0018,0.0018
09.09.2025 15:35:34.953 UTC,1.38316,1.38303,0.0027,0.0018
09.09.2025 15:35:35.055 UTC,1.38316,1.38303,0.0027,0.00135
09.09.2025 15:35:35.359 UTC,1.38315,1.38304,0.0054,0.0018
09.09.2025 15:35:35.763 UTC,1.38315,1.38304,0.0054,0.00135
09.09.2025 15:35:36.119 UTC,1.38313,1.38303,0.0012,0.00135
09.09.2025 15:35:36.476 UTC,1.38313,1.38303,0.0012,0.00285
09.09.2025 15:35:37.536 UTC,1.38316,1.38303,0.0018,0.00135
09.09.2025 15:35:37.689 UTC,1.38315,1.38304,0.0012,0.00195
09.09.2025 15:35:39.151 UTC,1.38315,1.38306,0.0012,0.0012
09.09.2025 15:35:39.203 UTC,1.38317,1.38309,0.0054,0.0012
09.09.2025 15:35:39.259 UTC,1.38319,1.3831,0.0045,0.0012
09.09.2025 15:35:39.311 UTC,1.38322,1.38311,0.0018,0.00135
09.09.2025 15:35:39.769 UTC,1.38323,1.38312,0.0012,0.00135
09.09.2025 15:35:39.821 UTC,1.38326,1.38315,0.0018,0.0012
09.09.2025 15:35:40.128 UTC,1.38326,1.38316,0.0012,0.0012
09.09.2025 15:35:40.180 UTC,1.3833,1.38317,0.0054,0.00135
09.09.2025 15:35:40.283 UTC,1.38331,1.38318,0.0018,0.00225
09.09.2025 15:35:40.890 UTC,1.38331,1.3832,0.0018,0.0012
09.09.2025 15:35:41.348 UTC,1.38331,1.38318,0.0012,0.0024
09.09.2025 15:35:41.451 UTC,1.38331,1.38318,0.0012,0.00135
09.09.2025 15:35:41.905 UTC,1.3833,1.38319,0.0012,0.0018
09.09.2025 15:35:45.474 UTC,1.3833,1.38317,0.0012,0.0018
09.09.2025 15:35:45.526 UTC,1.38326,1.38316,0.0018,0.0018
09.09.2025 15:35:45.629 UTC,1.38327,1.38315,0.0018,0.0012
09.09.2025 15:35:45.731 UTC,1.38326,1.38315,0.0018,0.00135
09.09.2025 15:35:45.834 UTC,1.38326,1.38315,0.0018,0.0018
09.09.2025 15:35:45.937 UTC,1.38327,1.38314,0.0018,0.0018
09.09.2025 15:35:46.141 UTC,1.38327,1.38314,0.0018,0.00195
09.09.2025 15:35:47.103 UTC,1.38326,1.38315,0.0012,0.00195
09.09.2025 15:35:47.255 UTC,1.38326,1.38315,0.0018,0.00195
09.09.2025 15:35:50.179 UTC,1.38326,1.38315,0.0018,0.0018
09.09.2025 15:35:51.421 UTC,1.38327,1.38314,0.00315,0.0018
09.09.2025 15:35:51.881 UTC,1.38328,1.38315,0.00855,0.0018
09.09.2025 15:35:51.988 UTC,1.38326,1.38314,0.00225,0.0018
09.09.2025 15:35:52.090 UTC,1.38325,1.38315,0.00225,0.00135
09.09.2025 15:35:52.194 UTC,1.38325,1.38315,0.00225,0.0018
09.09.2025 15:35:52.801 UTC,1.38326,1.38314,0.00225,0.00135
09.09.2025 15:35:53.203 UTC,1.38326,1.38314,0.00225,0.0018
09.09.2025 15:35:53.559 UTC,1.38327,1.38314,0.0063,0.0018
09.09.2025 15:35:53.612 UTC,1.38329,1.38317,0.00585,0.00135
09.09.2025 15:35:53.664 UTC,1.38329,1.38319,0.00495,0.0018
09.09.2025 15:35:53.715 UTC,1.38331,1.3832,0.00315,0.00135
09.09.2025 15:35:53.818 UTC,1.38331,1.3832,0.00315,0.0018
09.09.2025 15:35:56.942 UTC,1.38331,1.3832,0.0033,0.0018
09.09.2025 15:35:57.096 UTC,1.38331,1.38319,0.00135,0.00135
09.09.2025 15:36:00.165 UTC,1.38331,1.38319,0.00135,0.0018
09.09.2025 15:36:00.317 UTC,1.3833,1.3832,0.00135,0.00135
09.09.2025 15:36:02.131 UTC,1.3833,1.3832,0.00135,0.0018
09.09.2025 15:36:02.283 UTC,1.38331,1.38319,0.00135,0.00135
09.09.2025 15:36:02.435 UTC,1.38331,1.3832,0.0087,0.0018
09.09.2025 15:36:02.692 UTC,1.38331,1.3832,0.006,0.0018
09.09.2025 15:36:03.156 UTC,1.38331,1.3832,0.00855,0.0018
09.09.2025 15:36:07.340 UTC,1.3833,1.3832,0.00135,0.00135
09.09.2025 15:36:07.646 UTC,1.3833,1.38318,0.0012,0.00135
09.09.2025 15:36:07.900 UTC,1.38328,1.38318,0.0012,0.00135
09.09.2025 15:36:08.637 UTC,1.38327,1.38318,0.0012,0.00135
09.09.2025 15:36:10.103 UTC,1.38325,1.38318,0.0012,0.00135
09.09.2025 15:36:10.205 UTC,1.38327,1.38318,0.0012,0.00135
09.09.2025 15:36:10.511 UTC,1.38327,1.38318,0.0012,0.0018
09.09.2025 15:36:11.473 UTC,1.38327,1.38316,0.0012,0.0027
09.09.2025 15:36:11.525 UTC,1.38326,1.38318,0.0012,0.0018
09.09.2025 15:36:11.577 UTC,1.38328,1.38318,0.0012,0.0018
09.09.2025 15:36:13.093 UTC,1.38327,1.38319,0.0012,0.0018
09.09.2025 15:36:13.700 UTC,1.38329,1.38318,0.00135,0.0018
09.09.2025 15:36:14.607 UTC,1.3833,1.38319,0.0012,0.0018
09.09.2025 15:36:17.613 UTC,1.38331,1.38319,0.00225,0.0018
09.09.2025 15:36:18.620 UTC,1.3833,1.38319,0.0012,0.0018
09.09.2025 15:36:22.337 UTC,1.38329,1.38321,0.00135,0.0018
09.09.2025 15:36:23.856 UTC,1.3833,1.3832,0.00135,0.00195
09.09.2025 15:36:24.160 UTC,1.3833,1.3832,0.00135,0.00135
09.09.2025 15:36:24.867 UTC,1.38332,1.3832,0.0033,0.0018
09.09.2025 15:36:24.970 UTC,1.38332,1.3832,0.0033,0.00135
09.09.2025 15:36:26.782 UTC,1.38329,1.38319,0.0012,0.0018
09.09.2025 15:36:27.088 UTC,1.38329,1.38319,0.0012,0.00135
09.09.2025 15:36:27.140 UTC,1.38327,1.38317,0.00135,0.0012
09.09.2025 15:36:27.192 UTC,1.38326,1.38314,0.0024,0.0012
09.09.2025 15:36:27.296 UTC,1.38322,1.38313,0.0012,0.00135
09.09.2025 15:36:28.830 UTC,1.38324,1.38316,0.0012,0.0012
09.09.2025 15:36:28.882 UTC,1.38327,1.38317,0.00135,0.00135
09.09.2025 15:36:29.240 UTC,1.38327,1.38317,0.00135,0.0018
09.09.2025 15:36:29.545 UTC,1.38328,1.38317,0.0018,0.0018
09.09.2025 15:36:30.003 UTC,1.38327,1.38318,0.0018,0.0018
09.09.2025 15:36:30.105 UTC,1.38328,1.38317,0.0018,0.0024
09.09.2025 15:36:31.370 UTC,1.38325,1.38318,0.0012,0.0024
09.09.2025 15:36:31.675 UTC,1.38326,1.38318,0.00135,0.0024
09.09.2025 15:36:32.683 UTC,1.38326,1.38317,0.0012,0.0024
09.09.2025 15:36:33.290 UTC,1.38326,1.38317,0.0012,0.00225
09.09.2025 15:36:33.393 UTC,1.38326,1.38317,0.0012,0.0018
09.09.2025 15:36:33.496 UTC,1.38325,1.38317,0.0012,0.0018
09.09.2025 15:36:34.487 UTC,1.38326,1.38317,0.0012,0.0018
09.09.2025 15:36:34.591 UTC,1.38325,1.38316,0.0012,0.00225
09.09.2025 15:36:34.644 UTC,1.38323,1.38315,0.00135,0.0012
09.09.2025 15:36:34.748 UTC,1.3832,1.38313,0.0012,0.00135
09.09.2025 15:36:35.511 UTC,1.38321,1.38315,0.0012,0.00135
09.09.2025 15:36:35.615 UTC,1.38325,1.38316,0.0012,0.0018
09.09.2025 15:36:35.821 UTC,1.38324,1.38317,0.0012,0.0018
09.09.2025 15:36:36.124 UTC,1.38325,1.38318,0.0012,0.0018
09.09.2025 15:36:36.227 UTC,1.38324,1.38318,0.0012,0.0018
09.09.2025 15:36:39.149 UTC,1.38326,1.38317,0.0012,0.0018
09.09.2025 15:36:39.201 UTC,1.38329,1.38317,0.0018,0.0018
09.09.2025 15:36:40.213 UTC,1.38328,1.38316,0.006,0.0018
09.09.2025 15:36:40.316 UTC,1.38329,1.38317,0.006,0.0018
09.09.2025 15:36:40.368 UTC,1.38329,1.38317,0.00225,0.0018
09.09.2025 15:36:41.227 UTC,1.38329,1.38317,0.00135,0.0018
09.09.2025 15:36:42.138 UTC,1.38327,1.38318,0.0012,0.0018
09.09.2025 15:36:42.240 UTC,1.38328,1.38317,0.0012,0.00135
09.09.2025 15:36:42.343 UTC,1.38327,1.38318,0.0012,0.0018
09.09.2025 15:36:45.017 UTC,1.38328,1.38317,0.0012,0.00135
09.09.2025 15:36:45.119 UTC,1.38328,1.38317,0.0012,0.0018
09.09.2025 15:36:47.182 UTC,1.38327,1.38316,0.0024,0.00135
09.09.2025 15:36:47.286 UTC,1.38325,1.38314,0.0018,0.0018
09.09.2025 15:36:47.846 UTC,1.38324,1.38313,0.00135,0.0018
09.09.2025 15:36:49.359 UTC,1.38322,1.38313,0.00135,0.0018
09.09.2025 15:36:49.715 UTC,1.38321,1.38313,0.0012,0.0012
09.09.2025 15:36:50.221 UTC,1.38322,1.38313,0.00225,0.0012
09.09.2025 15:36:50.373 UTC,1.38322,1.38312,0.0012,0.0012
09.09.2025 15:36:50.831 UTC,1.38321,1.3831,0.00135,0.0018
09.09.2025 15:36:50.985 UTC,1.38321,1.3831,0.00135,0.00195
09.09.2025 15:36:51.187 UTC,1.38319,1.38311,0.0012,0.00195
09.09.2025 15:36:52.441 UTC,1.38318,1.3831,0.0012,0.00195
09.09.2025 15:36:53.099 UTC,1.38318,1.3831,0.00135,0.0012
09.09.2025 15:36:53.202 UTC,1.38316,1.38309,0.00135,0.0018
09.09.2025 15:36:54.365 UTC,1.38318,1.38308,0.0012,0.0018
09.09.2025 15:36:56.129 UTC,1.38319,1.38308,0.00135,0.0018
09.09.2025 15:36:56.334 UTC,1.38319,1.38308,0.00135,0.00195
09.09.2025 15:36:57.143 UTC,1.38318,1.38309,0.00135,0.00195
09.09.2025 15:36:58.155 UTC,1.38317,1.38309,0.0012,0.00195
09.09.2025 15:36:58.516 UTC,1.38316,1.38309,0.00135,0.0018
09.09.2025 15:36:59.077 UTC,1.38316,1.38309,0.0012,0.0018
09.09.2025 15:36:59.531 UTC,1.38318,1.38308,0.00135,0.0018
09.09.2025 15:37:01.484 UTC,1.38318,1.38308,0.0012,0.0018
09.09.2025 15:37:01.587 UTC,1.38318,1.38308,0.0012,0.00195
09.09.2025 15:37:03.252 UTC,1.38319,1.38309,0.0012,0.0018
09.09.2025 15:37:03.507 UTC,1.3832,1.38309,0.0033,0.00195
09.09.2025 15:37:06.285 UTC,1.3832,1.38308,0.0018,0.00195
09.09.2025 15:37:06.590 UTC,1.3832,1.38308,0.0018,0.0018
09.09.2025 15:37:06.742 UTC,1.3832,1.38308,0.0018,0.00195
09.09.2025 15:37:07.648 UTC,1.3832,1.3831,0.0018,0.00135
09.09.2025 15:37:07.751 UTC,1.3832,1.3831,0.0042,0.0018
09.09.2025 15:37:08.004 UTC,1.38321,1.38309,0.0042,0.00135
09.09.2025 15:37:08.209 UTC,1.38317,1.38309,0.0018,0.0012
09.09.2025 15:37:08.312 UTC,1.38318,1.38307,0.0018,0.0012
09.09.2025 15:37:08.489 UTC,1.38318,1.38307,0.0018,0.0018
09.09.2025 15:37:08.692 UTC,1.38318,1.38307,0.0018,0.00135
09.09.2025 15:37:09.096 UTC,1.38319,1.38307,0.0051,0.0018
09.09.2025 15:37:10.460 UTC,1.38319,1.38307,0.0042,0.00135
09.09.2025 15:37:10.662 UTC,1.38318,1.38308,0.0042,0.0018
09.09.2025 15:37:11.622 UTC,1.38319,1.38307,0.0042,0.00135
09.09.2025 15:37:11.724 UTC,1.38318,1.38308,0.0042,0.0018
09.09.2025 15:37:12.029 UTC,1.38318,1.38307,0.0018,0.0018
09.09.2025 15:37:12.437 UTC,1.38318,1.38307,0.0018,0.00195
09.09.2025 15:37:16.165 UTC,1.38318,1.38307,0.0018,0.0018
09.09.2025 15:37:17.832 UTC,1.38316,1.38305,0.0042,0.0018
09.09.2025 15:37:17.973 UTC,1.38313,1.38302,0.0024,0.0027
09.09.2025 15:37:20.798 UTC,1.38311,1.38303,0.0018,0.00135
09.09.2025 15:37:20.902 UTC,1.38312,1.38301,0.0018,0.0012
09.09.2025 15:37:23.931 UTC,1.38313,1.38301,0.0033,0.0018
09.09.2025 15:37:24.034 UTC,1.38313,1.38302,0.0024,0.0018
09.09.2025 15:37:24.136 UTC,1.38312,1.38303,0.0024,0.00135
09.09.2025 15:37:24.641 UTC,1.38313,1.38302,0.0024,0.0018
09.09.2025 15:37:24.744 UTC,1.38315,1.38304,0.0024,0.0018
09.09.2025 15:37:25.604 UTC,1.38315,1.38303,0.0033,0.00195
09.09.2025 15:37:25.758 UTC,1.38314,1.38304,0.0033,0.00135
09.09.2025 15:37:25.860 UTC,1.38314,1.38304,0.0033,0.0018
09.09.2025 15:37:26.416 UTC,1.38316,1.38304,0.0024,0.0018
09.09.2025 15:37:26.842 UTC,1.38316,1.38306,0.0018,0.0018
09.09.2025 15:37:27.146 UTC,1.38317,1.38306,0.0012,0.0018
09.09.2025 15:37:27.348 UTC,1.38318,1.38306,0.00135,0.0018
09.09.2025 15:37:29.770 UTC,1.38318,1.38307,0.0114,0.00195
09.09.2025 15:37:30.074 UTC,1.38317,1.38307,0.0018,0.00195
09.09.2025 15:37:31.534 UTC,1.38318,1.38306,0.0018,0.0018
09.09.2025 15:37:34.100 UTC,1.38317,1.38306,0.00135,0.0018
09.09.2025 15:37:34.303 UTC,1.38318,1.38306,0.0024,0.00135
09.09.2025 15:37:38.979 UTC,1.38318,1.38306,0.0018,0.0018
09.09.2025 15:37:39.283 UTC,1.38317,1.38307,0.0018,0.00135
09.09.2025 15:37:39.538 UTC,1.38319,1.38307,0.0051,0.0018
09.09.2025 15:37:41.605 UTC,1.38319,1.38308,0.00135,0.0018
09.09.2025 15:37:41.912 UTC,1.38321,1.38309,0.0024,0.0018
09.09.2025 15:37:43.181 UTC,1.3832,1.38307,0.00135,0.0024
09.09.2025 15:37:43.285 UTC,1.38319,1.38306,0.0051,0.00195
09.09.2025 15:37:43.540 UTC,1.38318,1.38308,0.0051,0.0012
09.09.2025 15:37:43.642 UTC,1.38319,1.38307,0.00135,0.0012
09.09.2025 15:37:44.850 UTC,1.38319,1.38307,0.0024,0.0012
09.09.2025 15:37:45.105 UTC,1.38319,1.38307,0.00135,0.0012
09.09.2025 15:37:47.070 UTC,1.3832,1.38308,0.0024,0.0018
09.09.2025 15:37:47.275 UTC,1.38319,1.38309,0.00135,0.0018
09.09.2025 15:37:52.506 UTC,1.38319,1.38309,0.00135,0.00195
09.09.2025 15:37:53.764 UTC,1.38321,1.38309,0.0012,0.0018
09.09.2025 15:37:53.816 UTC,1.3832,1.38308,0.0012,0.00285
09.09.2025 15:37:53.919 UTC,1.3832,1.38308,0.0012,0.00195
09.09.2025 15:37:57.366 UTC,1.38319,1.38309,0.0012,0.00195
09.09.2025 15:37:57.972 UTC,1.3832,1.38308,0.00135,0.00195
09.09.2025 15:37:58.024 UTC,1.3832,1.38308,0.00135,0.0018
09.09.2025 15:37:58.075 UTC,1.38319,1.38309,0.00135,0.0018
09.09.2025 15:37:58.329 UTC,1.3832,1.38308,0.00135,0.0018
09.09.2025 15:38:00.194 UTC,1.38321,1.38309,0.00135,0.0018
09.09.2025 15:38:00.297 UTC,1.38321,1.38309,0.0012,0.0033
09.09.2025 15:38:00.399 UTC,1.3832,1.3831,0.0012,0.0033
09.09.2025 15:38:00.602 UTC,1.3832,1.38309,0.0012,0.00225
09.09.2025 15:38:00.705 UTC,1.3832,1.38308,0.0012,0.0012
09.09.2025 15:38:01.818 UTC,1.38319,1.38309,0.0012,0.0012
09.09.2025 15:38:04.088 UTC,1.38321,1.38308,0.0012,0.00195
09.09.2025 15:38:04.391 UTC,1.38319,1.38309,0.0018,0.0012
09.09.2025 15:38:05.454 UTC,1.38318,1.38307,0.0012,0.00195
09.09.2025 15:38:05.559 UTC,1.38317,1.38305,0.00225,0.0018
09.09.2025 15:38:05.666 UTC,1.38317,1.38307,0.0012,0.0018
09.09.2025 15:38:05.719 UTC,1.38319,1.38307,0.0012,0.0018
09.09.2025 15:38:05.974 UTC,1.3832,1.38307,0.0012,0.0018
09.09.2025 15:38:06.480 UTC,1.38318,1.38307,0.0012,0.0018
09.09.2025 15:38:06.532 UTC,1.38317,1.38305,0.0012,0.00195
09.09.2025 15:38:06.636 UTC,1.38318,1.38306,0.0012,0.00135
09.09.2025 15:38:07.603 UTC,1.38318,1.38306,0.0012,0.0018
09.09.2025 15:38:08.207 UTC,1.38318,1.38306,0.0012,0.00135
09.09.2025 15:38:09.012 UTC,1.38318,1.38306,0.0012,0.0024
09.09.2025 15:38:09.116 UTC,1.3832,1.38307,0.0018,0.0018
09.09.2025 15:38:09.673 UTC,1.3832,1.38309,0.0018,0.0018
09.09.2025 15:38:09.876 UTC,1.3832,1.38309,0.0012,0.0018
09.09.2025 15:38:11.794 UTC,1.3832,1.38307,0.0012,0.0018
09.09.2025 15:38:15.917 UTC,1.38319,1.38308,0.0012,0.0018
09.09.2025 15:38:17.023 UTC,1.3832,1.38307,0.0012,0.0018
09.09.2025 15:38:18.281 UTC,1.3832,1.38307,0.0012,0.00285
09.09.2025 15:38:18.738 UTC,1.38321,1.38308,0.0012,0.0018
09.09.2025 15:38:18.840 UTC,1.3832,1.38309,0.0012,0.0018
09.09.2025 15:38:19.850 UTC,1.38321,1.38308,0.0012,0.00195
09.09.2025 15:38:20.052 UTC,1.38322,1.3831,0.0027,0.0018
09.09.2025 15:38:20.156 UTC,1.38322,1.38312,0.00495,0.0018
09.09.2025 15:38:20.259 UTC,1.38324,1.38311,0.0018,0.0018
09.09.2025 15:38:20.666 UTC,1.38323,1.38312,0.0018,0.00135
09.09.2025 15:38:20.919 UTC,1.38324,1.38311,0.0018,0.0018
09.09.2025 15:38:22.490 UTC,1.38324,1.38311,0.0018,0.00135
09.09.2025 15:38:23.203 UTC,1.38322,1.38312,0.0012,0.00135
09.09.2025 15:38:24.711 UTC,1.38321,1.38312,0.0012,0.00135
09.09.2025 15:38:24.814 UTC,1.38322,1.38309,0.0012,0.00285
09.09.2025 15:38:24.967 UTC,1.38321,1.3831,0.0012,0.00285
09.09.2025 15:38:25.325 UTC,1.38322,1.38309,0.0012,0.00285
09.09.2025 15:38:31.072 UTC,1.38322,1.3831,0.0063,0.00285
09.09.2025 15:38:33.485 UTC,1.38321,1.3831,0.0012,0.00285
09.09.2025 15:38:35.178 UTC,1.38321,1.38316,0.0012,0.0012
09.09.2025 15:38:35.229 UTC,1.38325,1.38316,0.0018,0.00285
09.09.2025 15:38:35.281 UTC,1.3833,1.38317,0.0072,0.00135
09.09.2025 15:38:35.589 UTC,1.3833,1.38317,0.0012,0.0018
09.09.2025 15:38:35.691 UTC,1.38331,1.38318,0.0012,0.00135
09.09.2025 15:38:36.299 UTC,1.3833,1.38319,0.0012,0.0018
09.09.2025 15:38:36.805 UTC,1.3833,1.38319,0.0012,0.00135
09.09.2025 15:38:36.957 UTC,1.3833,1.38317,0.0012,0.0018
09.09.2025 15:38:37.009 UTC,1.38329,1.38316,0.0012,0.0018
09.09.2025 15:38:37.112 UTC,1.38328,1.38315,0.0018,0.0012
09.09.2025 15:38:37.215 UTC,1.38327,1.38315,0.0012,0.0018
09.09.2025 15:38:37.521 UTC,1.38327,1.38315,0.0054,0.00135
09.09.2025 15:38:37.623 UTC,1.38327,1.38314,0.0063,0.00135
09.09.2025 15:38:39.185 UTC,1.38326,1.38313,0.0063,0.0018
09.09.2025 15:38:39.288 UTC,1.38325,1.38313,0.0012,0.0018
09.09.2025 15:38:40.298 UTC,1.38323,1.38312,0.0012,0.00195
09.09.2025 15:38:40.349 UTC,1.38324,1.38311,0.0018,0.00195
09.09.2025 15:38:40.451 UTC,1.38324,1.38311,0.0018,0.0018
09.09.2025 15:38:40.654 UTC,1.38324,1.38311,0.0018,0.00195
09.09.2025 15:38:40.906 UTC,1.38324,1.38311,0.0018,0.0018
09.09.2025 15:38:41.959 UTC,1.38324,1.38311,0.0018,0.00195
09.09.2025 15:38:43.269 UTC,1.38324,1.38311,0.0018,0.0018
09.09.2025 15:38:43.370 UTC,1.38324,1.38311,0.0018,0.00195
09.09.2025 15:38:43.675 UTC,1.38324,1.38311,0.0018,0.0018
09.09.2025 15:38:46.449 UTC,1.38325,1.38312,0.0012,0.00285
09.09.2025 15:38:46.551 UTC,1.38324,1.38314,0.0012,0.0012
09.09.2025 15:38:47.511 UTC,1.38325,1.38313,0.0012,0.0012
09.09.2025 15:38:49.375 UTC,1.38327,1.38314,0.0063,0.0018
09.09.2025 15:38:49.478 UTC,1.38328,1.38315,0.0045,0.0018
09.09.2025 15:38:49.632 UTC,1.38327,1.38316,0.0036,0.0018
09.09.2025 15:38:49.784 UTC,1.38328,1.38315,0.0027,0.0018
09.09.2025 15:38:56.142 UTC,1.38327,1.38316,0.0012,0.0018
09.09.2025 15:38:57.103 UTC,1.38327,1.38315,0.00135,0.0018
09.09.2025 15:39:00.088 UTC,1.38326,1.38316,0.00135,0.00135
09.09.2025 15:39:01.456 UTC,1.38324,1.38314,0.0012,0.00195
09.09.2025 15:39:01.558 UTC,1.38324,1.38312,0.0012,0.00135
09.09.2025 15:39:02.619 UTC,1.38324,1.38312,0.0012,0.0018
09.09.2025 15:39:03.074 UTC,1.38324,1.38312,0.0012,0.00195
09.09.2025 15:39:03.177 UTC,1.38324,1.38313,0.0012,0.00195
09.09.2025 15:39:03.330 UTC,1.38325,1.38312,0.00585,0.0018
09.09.2025 15:39:03.432 UTC,1.38324,1.38312,0.0012,0.00135
09.09.2025 15:39:07.107 UTC,1.38324,1.38311,0.0018,0.0018
09.09.2025 15:39:07.211 UTC,1.38324,1.38311,0.0018,0.00195
09.09.2025 15:39:09.014 UTC,1.38324,1.38311,0.0018,0.00135
09.09.2025 15:39:10.573 UTC,1.38324,1.38311,0.0018,0.0018
09.09.2025 15:39:11.883 UTC,1.38324,1.38311,0.0018,0.00135
09.09.2025 15:39:12.894 UTC,1.38324,1.38311,0.0018,0.0018
09.09.2025 15:39:13.901 UTC,1.38323,1.38312,0.0018,0.00135
09.09.2025 15:39:19.379 UTC,1.38323,1.3831,0.0012,0.00195
09.09.2025 15:39:19.737 UTC,1.38322,1.38311,0.0072,0.00135
09.09.2025 15:39:23.054 UTC,1.38322,1.38309,0.0012,0.0018
09.09.2025 15:39:26.728 UTC,1.38323,1.38309,0.01035,0.0018
09.09.2025 15:39:27.936 UTC,1.38323,1.38309,0.009,0.00135
09.09.2025 15:39:28.189 UTC,1.38323,1.38309,0.009,0.0018
09.09.2025 15:39:28.947 UTC,1.38323,1.38311,0.0018,0.0018
09.09.2025 15:39:29.050 UTC,1.38324,1.38312,0.0012,0.0018
09.09.2025 15:39:29.153 UTC,1.38324,1.38313,0.0018,0.0018
09.09.2025 15:39:29.256 UTC,1.38325,1.38312,0.0018,0.0018
09.09.2025 15:39:29.460 UTC,1.38325,1.38312,0.0018,0.00135
09.09.2025 15:39:29.630 UTC,1.38324,1.38312,0.0012,0.0018
09.09.2025 15:39:29.885 UTC,1.38323,1.38313,0.0012,0.00135
09.09.2025 15:39:32.758 UTC,1.38324,1.38313,0.0012,0.00135
09.09.2025 15:39:32.810 UTC,1.38325,1.38317,0.0045,0.00135
09.09.2025 15:39:32.862 UTC,1.3833,1.38317,0.0069,0.00135
09.09.2025 15:39:32.914 UTC,1.38329,1.38318,0.0072,0.00135
09.09.2025 15:39:33.016 UTC,1.38329,1.38317,0.0054,0.00135
09.09.2025 15:39:36.203 UTC,1.3833,1.38318,0.0012,0.00135
09.09.2025 15:39:36.304 UTC,1.3833,1.38319,0.0054,0.00135
09.09.2025 15:39:36.762 UTC,1.38328,1.38318,0.0012,0.0012
09.09.2025 15:39:36.865 UTC,1.38328,1.38316,0.0054,0.0012
09.09.2025 15:39:37.121 UTC,1.38329,1.38316,0.0054,0.00135
09.09.2025 15:39:37.275 UTC,1.38328,1.38316,0.0012,0.00135
09.09.2025 15:39:37.379 UTC,1.38329,1.38318,0.0027,0.00135
09.09.2025 15:39:37.482 UTC,1.3833,1.38318,0.0036,0.0012
09.09.2025 15:39:37.586 UTC,1.38329,1.38316,0.0027,0.0018
09.09.2025 15:39:37.688 UTC,1.38329,1.38317,0.0012,0.0018
09.09.2025 15:39:38.045 UTC,1.3833,1.38318,0.0012,0.00135
09.09.2025 15:39:38.147 UTC,1.3833,1.3832,0.00585,0.00135
09.09.2025 15:39:47.896 UTC,1.38332,1.38319,0.0033,0.0018
09.09.2025 15:39:47.998 UTC,1.38332,1.38319,0.0033,0.00135
09.09.2025 15:39:48.961 UTC,1.38332,1.38319,0.0054,0.0018
09.09.2025 15:39:50.776 UTC,1.38333,1.3832,0.0054,0.00135
09.09.2025 15:39:50.930 UTC,1.38332,1.38321,0.0054,0.0018
09.09.2025 15:39:51.032 UTC,1.38333,1.3832,0.0012,0.00135
09.09.2025 15:39:51.842 UTC,1.38333,1.3832,0.0012,0.0018
09.09.2025 15:39:52.094 UTC,1.38332,1.38321,0.0012,0.00135
09.09.2025 15:39:54.962 UTC,1.38333,1.38321,0.0012,0.0012
09.09.2025 15:39:57.324 UTC,1.38332,1.38321,0.0054,0.00135
09.09.2025 15:39:57.427 UTC,1.38332,1.38321,0.0018,0.00135
09.09.2025 15:39:58.036 UTC,1.38331,1.3832,0.0045,0.0018
09.09.2025 15:39:58.139 UTC,1.38331,1.3832,0.0054,0.0018
09.09.2025 15:40:00.103 UTC,1.38331,1.38322,0.0054,0.0012
09.09.2025 15:40:00.206 UTC,1.38333,1.38321,0.0072,0.00135
09.09.2025 15:40:02.786 UTC,1.38332,1.38323,0.0012,0.0012
09.09.2025 15:40:03.597 UTC,1.38333,1.38321,0.0054,0.00135
09.09.2025 15:40:10.070 UTC,1.38333,1.38322,0.0012,0.00135
09.09.2025 15:40:10.173 UTC,1.38333,1.38323,0.0054,0.00135
09.09.2025 15:40:12.245 UTC,1.38334,1.38323,0.0054,0.0012
09.09.2025 15:40:12.348 UTC,1.38335,1.38323,0.0027,0.00135
09.09.2025 15:40:12.553 UTC,1.38335,1.38323,0.0027,0.0018
09.09.2025 15:40:12.658 UTC,1.38341,1.38328,0.0018,0.00225
09.09.2025 15:40:12.761 UTC,1.38343,1.38329,0.00585,0.0012
09.09.2025 15:40:12.863 UTC,1.38341,1.38329,0.00135,0.0012
09.09.2025 15:40:14.378 UTC,1.38342,1.38329,0.00585,0.00135
09.09.2025 15:40:14.481 UTC,1.3834,1.3833,0.0012,0.0012
09.09.2025 15:40:15.737 UTC,1.38341,1.38328,0.00225,0.00135
09.09.2025 15:40:15.839 UTC,1.38339,1.38329,0.0012,0.0012
09.09.2025 15:40:17.608 UTC,1.38339,1.38328,0.00135,0.0012
09.09.2025 15:40:18.015 UTC,1.38338,1.38329,0.00135,0.0018
09.09.2025 15:40:18.318 UTC,1.38339,1.38329,0.0012,0.0018
09.09.2025 15:40:19.679 UTC,1.38339,1.38329,0.0012,0.00135
09.09.2025 15:40:20.186 UTC,1.3834,1.38328,0.0012,0.0018
09.09.2025 15:40:20.288 UTC,1.38341,1.38328,0.0045,0.0018
09.09.2025 15:40:20.442 UTC,1.38342,1.38328,0.00855,0.0018
09.09.2025 15:40:20.898 UTC,1.38342,1.38328,0.0081,0.0018
09.09.2025 15:40:24.964 UTC,1.38341,1.3833,0.0054,0.00135
09.09.2025 15:40:25.323 UTC,1.38342,1.38329,0.0012,0.0018
09.09.2025 15:40:28.700 UTC,1.38342,1.38329,0.0054,0.0012
09.09.2025 15:40:31.322 UTC,1.38342,1.38329,0.0054,0.0018
09.09.2025 15:40:37.616 UTC,1.38341,1.38329,0.00135,0.00135
09.09.2025 15:40:38.575 UTC,1.38341,1.38329,0.00135,0.0018
09.09.2025 15:40:38.827 UTC,1.3834,1.3833,0.00135,0.00135
09.09.2025 15:40:40.035 UTC,1.38341,1.3833,0.0054,0.0018
09.09.2025 15:40:40.692 UTC,1.38341,1.38331,0.0054,0.0018
09.09.2025 15:40:40.744 UTC,1.38341,1.38331,0.0054,0.00135
09.09.2025 15:40:44.721 UTC,1.3834,1.38329,0.00135,0.0018
09.09.2025 15:40:44.859 UTC,1.38339,1.3833,0.00135,0.00135
09.09.2025 15:40:44.962 UTC,1.38341,1.38329,0.00225,0.00135
09.09.2025 15:40:45.266 UTC,1.38342,1.38329,0.00855,0.0012
09.09.2025 15:40:46.778 UTC,1.38342,1.3833,0.00675,0.0012
09.09.2025 15:40:52.507 UTC,1.38342,1.3833,0.00735,0.0012
09.09.2025 15:40:53.367 UTC,1.3834,1.38329,0.00135,0.0012
09.09.2025 15:40:59.073 UTC,1.38341,1.38329,0.0063,0.0012
09.09.2025 15:40:59.533 UTC,1.38337,1.38329,0.00135,0.0012
09.09.2025 15:40:59.637 UTC,1.38336,1.38323,0.00225,0.00195
09.09.2025 15:40:59.690 UTC,1.38333,1.38324,0.0054,0.00135
09.09.2025 15:40:59.793 UTC,1.38336,1.38323,0.0054,0.0012
09.09.2025 15:40:59.845 UTC,1.38335,1.38325,0.0045,0.00285
09.09.2025 15:40:59.949 UTC,1.38339,1.38329,0.0012,0.0012
09.09.2025 15:41:00.001 UTC,1.38342,1.38329,0.00675,0.0012
09.09.2025 15:41:00.103 UTC,1.38339,1.3833,0.0012,0.0012
09.09.2025 15:41:02.880 UTC,1.38336,1.38324,0.0045,0.0018
09.09.2025 15:41:02.982 UTC,1.38332,1.38322,0.0012,0.0012
09.09.2025 15:41:03.614 UTC,1.38333,1.38322,0.0012,0.0012
09.09.2025 15:41:04.069 UTC,1.38333,1.38321,0.0012,0.0012
09.09.2025 15:41:04.172 UTC,1.38332,1.38321,0.0012,0.0012
09.09.2025 15:41:08.367 UTC,1.38332,1.3832,0.0012,0.0018
09.09.2025 15:41:11.895 UTC,1.38332,1.38319,0.0012,0.0018
09.09.2025 15:41:12.454 UTC,1.38332,1.38319,0.0054,0.0018
09.09.2025 15:41:13.620 UTC,1.38331,1.38321,0.0012,0.0018
09.09.2025 15:41:14.231 UTC,1.38332,1.38321,0.0012,0.00195
09.09.2025 15:41:14.684 UTC,1.38333,1.3832,0.0012,0.00195
09.09.2025 15:41:14.787 UTC,1.38333,1.38322,0.0012,0.0018
09.09.2025 15:41:15.546 UTC,1.38334,1.38323,0.0012,0.0018
09.09.2025 15:41:15.650 UTC,1.38335,1.38323,0.0054,0.0018
09.09.2025 15:41:15.752 UTC,1.38335,1.38323,0.0054,0.00135
09.09.2025 15:41:15.855 UTC,1.38333,1.38324,0.0012,0.00135
09.09.2025 15:41:16.009 UTC,1.38335,1.38323,0.0012,0.00135
09.09.2025 15:41:17.672 UTC,1.38334,1.38323,0.0012,0.00135
09.09.2025 15:41:18.686 UTC,1.38333,1.38322,0.0012,0.00135
09.09.2025 15:41:22.115 UTC,1.38331,1.38323,0.0012,0.0012
09.09.2025 15:41:23.469 UTC,1.38333,1.38322,0.0012,0.0012
09.09.2025 15:41:24.178 UTC,1.38332,1.38321,0.0027,0.00135
09.09.2025 15:41:24.385 UTC,1.38333,1.38321,0.0012,0.0012
09.09.2025 15:41:24.488 UTC,1.38334,1.38321,0.0054,0.0018
09.09.2025 15:41:24.591 UTC,1.38334,1.38321,0.0054,0.00135
09.09.2025 15:41:25.553 UTC,1.38334,1.38321,0.0012,0.0018
09.09.2025 15:41:25.706 UTC,1.38333,1.38321,0.0012,0.0018
09.09.2025 15:41:28.132 UTC,1.38334,1.38321,0.0012,0.0018
09.09.2025 15:41:29.501 UTC,1.38333,1.38321,0.0012,0.00135
09.09.2025 15:41:29.961 UTC,1.38333,1.3832,0.00135,0.00135
09.09.2025 15:41:30.519 UTC,1.38332,1.38319,0.00135,0.0018
09.09.2025 15:41:30.621 UTC,1.38332,1.38319,0.00135,0.00135
09.09.2025 15:41:31.026 UTC,1.38332,1.38319,0.0054,0.0018
09.09.2025 15:41:31.578 UTC,1.38332,1.3832,0.00135,0.0018
09.09.2025 15:41:31.681 UTC,1.38332,1.38322,0.0012,0.0018
09.09.2025 15:41:37.029 UTC,1.38333,1.38321,0.0012,0.00195
09.09.2025 15:41:37.132 UTC,1.38335,1.38324,0.0018,0.00135
09.09.2025 15:41:37.235 UTC,1.38336,1.38324,0.0054,0.00135
09.09.2025 15:41:37.338 UTC,1.38336,1.38327,0.0012,0.0018
09.09.2025 15:41:37.390 UTC,1.38338,1.38328,0.0018,0.0012
09.09.2025 15:41:38.856 UTC,1.38338,1.38327,0.0012,0.0012
09.09.2025 15:41:39.010 UTC,1.38338,1.38326,0.0054,0.0012
09.09.2025 15:41:43.579 UTC,1.38339,1.38326,0.0072,0.0012
09.09.2025 15:41:43.631 UTC,1.38339,1.38328,0.0063,0.0012
09.09.2025 15:41:43.733 UTC,1.38341,1.38328,0.0018,0.00135
09.09.2025 15:41:46.756 UTC,1.38338,1.38328,0.0012,0.00135
09.09.2025 15:41:46.859 UTC,1.3834,1.38328,0.0072,0.0012
09.09.2025 15:41:46.962 UTC,1.3834,1.38329,0.00585,0.00135
09.09.2025 15:41:47.770 UTC,1.38341,1.38329,0.0012,0.00135
09.09.2025 15:41:47.873 UTC,1.38341,1.38329,0.0012,0.0018
09.09.2025 15:41:47.975 UTC,1.38341,1.38329,0.0012,0.00135
09.09.2025 15:41:56.373 UTC,1.38341,1.38329,0.0012,0.0018
09.09.2025 15:41:57.587 UTC,1.38341,1.38329,0.0012,0.00135
09.09.2025 15:42:00.738 UTC,1.38338,1.38327,0.0012,0.00135
09.09.2025 15:42:01.100 UTC,1.38337,1.38327,0.0012,0.0012
09.09.2025 15:42:01.152 UTC,1.38336,1.38326,0.0012,0.0018
09.09.2025 15:42:01.254 UTC,1.38337,1.38326,0.0027,0.0018
09.09.2025 15:42:01.560 UTC,1.38335,1.38324,0.0012,0.0018
09.09.2025 15:42:01.662 UTC,1.38335,1.38324,0.0012,0.0012
09.09.2025 15:42:02.371 UTC,1.38335,1.38325,0.0012,0.0012
09.09.2025 15:42:02.422 UTC,1.38339,1.38325,0.00765,0.00135
09.09.2025 15:42:02.525 UTC,1.38339,1.38325,0.0072,0.00195
09.09.2025 15:42:02.628 UTC,1.3834,1.38326,0.0063,0.00135
09.09.2025 15:42:03.538 UTC,1.38338,1.38326,0.0012,0.0018
09.09.2025 15:42:03.890 UTC,1.38339,1.38326,0.0012,0.0018
09.09.2025 15:42:04.042 UTC,1.38339,1.38326,0.0012,0.00195
09.09.2025 15:42:04.346 UTC,1.38339,1.38327,0.0018,0.00195
09.09.2025 15:42:05.107 UTC,1.38341,1.38327,0.0081,0.0018
09.09.2025 15:42:05.262 UTC,1.3834,1.38327,0.0012,0.0018
09.09.2025 15:42:05.416 UTC,1.3834,1.38327,0.0012,0.00135
09.09.2025 15:42:06.124 UTC,1.38339,1.38329,0.0012,0.0012
09.09.2025 15:42:06.427 UTC,1.3834,1.38329,0.0012,0.00135
09.09.2025 15:42:06.531 UTC,1.38341,1.38329,0.0027,0.00135
09.09.2025 15:42:06.633 UTC,1.38342,1.38329,0.0036,0.00135
09.09.2025 15:42:07.692 UTC,1.38341,1.38329,0.00495,0.0012
09.09.2025 15:42:07.795 UTC,1.3834,1.38329,0.0012,0.0012
09.09.2025 15:42:09.163 UTC,1.38339,1.3833,0.0012,0.0018
09.09.2025 15:42:09.214 UTC,1.38342,1.38329,0.00765,0.00135
09.09.2025 15:42:09.267 UTC,1.38342,1.38329,0.00585,0.0018
09.09.2025 15:42:10.125 UTC,1.38341,1.3833,0.0054,0.00135
09.09.2025 15:42:11.490 UTC,1.38342,1.38329,0.0054,0.0018
09.09.2025 15:42:11.594 UTC,1.38341,1.38332,0.0012,0.0012
09.09.2025 15:42:12.806 UTC,1.38342,1.38332,0.0012,0.0012
09.09.2025 15:42:12.908 UTC,1.38343,1.38332,0.0027,0.0012
09.09.2025 15:42:21.541 UTC,1.38342,1.38332,0.0012,0.0012
09.09.2025 15:42:22.503 UTC,1.38342,1.38331,0.0012,0.00135
09.09.2025 15:42:24.571 UTC,1.38342,1.38332,0.0012,0.0012
09.09.2025 15:42:24.674 UTC,1.38342,1.38333,0.0012,0.0012
09.09.2025 15:42:26.185 UTC,1.38343,1.38333,0.0012,0.0012
09.09.2025 15:42:29.505 UTC,1.38343,1.38332,0.0012,0.0012
09.09.2025 15:42:29.710 UTC,1.38342,1.38331,0.0012,0.0012
09.09.2025 15:42:29.813 UTC,1.38342,1.3833,0.0018,0.0012
09.09.2025 15:42:33.342 UTC,1.38341,1.3833,0.0012,0.0012
09.09.2025 15:42:33.927 UTC,1.38341,1.38329,0.0012,0.0012
09.09.2025 15:42:34.287 UTC,1.3834,1.38329,0.0012,0.0012
09.09.2025 15:42:36.010 UTC,1.3834,1.3833,0.0012,0.0012
09.09.2025 15:42:36.367 UTC,1.38342,1.38329,0.0063,0.00135
09.09.2025 15:42:41.002 UTC,1.38341,1.38331,0.0054,0.0012
09.09.2025 15:42:51.560 UTC,1.38341,1.38331,0.00225,0.0018
09.09.2025 15:42:53.131 UTC,1.38341,1.38331,0.00135,0.0012
09.09.2025 15:42:53.234 UTC,1.38341,1.3833,0.00135,0.0012
09.09.2025 15:42:53.645 UTC,1.38341,1.38331,0.00315,0.00135
09.09.2025 15:42:58.001 UTC,1.38341,1.38332,0.00225,0.0012
09.09.2025 15:43:11.984 UTC,1.38342,1.3833,0.0012,0.0012
09.09.2025 15:43:12.440 UTC,1.38343,1.3833,0.00585,0.0012
09.09.2025 15:43:15.329 UTC,1.38342,1.3833,0.0018,0.0012
09.09.2025 15:43:18.108 UTC,1.3834,1.38328,0.0012,0.0018
09.09.2025 15:43:18.311 UTC,1.38341,1.38328,0.0027,0.00135
09.09.2025 15:43:18.767 UTC,1.3834,1.38328,0.0027,0.0012
09.09.2025 15:43:18.870 UTC,1.3834,1.38327,0.0036,0.00135
09.09.2025 15:43:18.974 UTC,1.38337,1.38326,0.0012,0.00195
09.09.2025 15:43:19.077 UTC,1.3834,1.38327,0.00495,0.0018
09.09.2025 15:43:19.180 UTC,1.3834,1.38327,0.00495,0.00135
09.09.2025 15:43:20.952 UTC,1.3834,1.38329,0.00135,0.0018
09.09.2025 15:43:21.308 UTC,1.38342,1.38328,0.0063,0.0018
09.09.2025 15:43:23.611 UTC,1.38342,1.38328,0.0063,0.00135
09.09.2025 15:43:23.816 UTC,1.38341,1.38328,0.0012,0.0018
09.09.2025 15:43:23.918 UTC,1.38342,1.38328,0.0081,0.0012
09.09.2025 15:43:24.071 UTC,1.38341,1.38329,0.00765,0.0018
09.09.2025 15:43:24.329 UTC,1.38341,1.38328,0.0018,0.0018
09.09.2025 15:43:25.291 UTC,1.38341,1.38328,0.0045,0.00135
09.09.2025 15:43:25.393 UTC,1.38341,1.38328,0.0045,0.0018
09.09.2025 15:43:26.354 UTC,1.38342,1.38328,0.00765,0.0018
09.09.2025 15:43:27.060 UTC,1.38342,1.38328,0.00765,0.00135
09.09.2025 15:43:27.512 UTC,1.38342,1.38328,0.00765,0.0018
09.09.2025 15:43:27.614 UTC,1.38342,1.38328,0.00765,0.00135
09.09.2025 15:43:27.765 UTC,1.38342,1.38328,0.00765,0.0018
09.09.2025 15:43:28.169 UTC,1.38341,1.38329,0.0063,0.00135
09.09.2025 15:43:28.423 UTC,1.38342,1.38328,0.0063,0.0018
09.09.2025 15:43:28.732 UTC,1.38342,1.38328,0.0063,0.00135
09.09.2025 15:43:28.835 UTC,1.38342,1.38329,0.0054,0.0018
09.09.2025 15:43:28.988 UTC,1.38341,1.38329,0.0012,0.0018
09.09.2025 15:43:29.192 UTC,1.38341,1.38329,0.0012,0.00135
09.09.2025 15:43:30.202 UTC,1.3834,1.3833,0.0012,0.0018
09.09.2025 15:43:30.504 UTC,1.38341,1.38329,0.0012,0.00135
09.09.2025 15:43:30.959 UTC,1.3834,1.3833,0.0012,0.0018
09.09.2025 15:43:31.213 UTC,1.38341,1.38329,0.0012,0.00135
09.09.2025 15:43:33.349 UTC,1.38341,1.38329,0.0012,0.0018
09.09.2025 15:43:34.558 UTC,1.3834,1.3833,0.0012,0.00135
09.09.2025 15:43:35.565 UTC,1.3834,1.3833,0.0012,0.0018
09.09.2025 15:43:36.774 UTC,1.38341,1.38329,0.0012,0.00135
09.09.2025 15:43:37.229 UTC,1.38337,1.38326,0.0012,0.00375
09.09.2025 15:43:37.281 UTC,1.3834,1.38327,0.0054,0.0012
09.09.2025 15:43:37.587 UTC,1.38341,1.3833,0.0051,0.00135
09.09.2025 15:43:37.690 UTC,1.38341,1.38331,0.0012,0.0018
09.09.2025 15:43:37.793 UTC,1.38342,1.3833,0.0012,0.00135
09.09.2025 15:43:38.551 UTC,1.38343,1.3833,0.0012,0.00135
09.09.2025 15:43:39.160 UTC,1.38342,1.3833,0.0012,0.00135
09.09.2025 15:43:41.877 UTC,1.38342,1.3833,0.0012,0.0018
09.09.2025 15:43:41.978 UTC,1.38342,1.3833,0.0012,0.00135
09.09.2025 15:43:42.231 UTC,1.38341,1.38331,0.0012,0.0018
09.09.2025 15:43:42.484 UTC,1.38342,1.3833,0.0012,0.00135
09.09.2025 15:43:43.037 UTC,1.38342,1.3833,0.0012,0.0018
09.09.2025 15:43:44.647 UTC,1.38341,1.38331,0.0012,0.00135
09.09.2025 15:43:47.165 UTC,1.38342,1.3833,0.0012,0.0018
09.09.2025 15:43:47.924 UTC,1.38341,1.38331,0.0012,0.00135
09.09.2025 15:43:55.231 UTC,1.38342,1.38331,0.0012,0.00135
09.09.2025 15:43:55.334 UTC,1.38343,1.38329,0.00585,0.0018
09.09.2025 15:43:55.438 UTC,1.38342,1.38331,0.00495,0.00135
09.09.2025 15:43:56.605 UTC,1.38342,1.3833,0.00675,0.00135
09.09.2025 15:43:57.760 UTC,1.38343,1.38329,0.00675,0.0018
09.09.2025 15:43:57.862 UTC,1.38341,1.3833,0.0012,0.0018
09.09.2025 15:43:59.350 UTC,1.38343,1.3833,0.0036,0.00135
09.09.2025 15:44:00.107 UTC,1.38341,1.38331,0.0012,0.0012
09.09.2025 15:44:02.882 UTC,1.38343,1.3833,0.0012,0.0018
09.09.2025 15:44:03.389 UTC,1.38342,1.38331,0.0045,0.00135
09.09.2025 15:44:03.491 UTC,1.38343,1.3833,0.0036,0.0018
09.09.2025 15:44:07.181 UTC,1.38343,1.3833,0.0018,0.00135
09.09.2025 15:44:09.303 UTC,1.38342,1.38331,0.0012,0.0018
09.09.2025 15:44:09.405 UTC,1.38343,1.3833,0.0012,0.00135
09.09.2025 15:44:09.810 UTC,1.38342,1.3833,0.0012,0.00135
09.09.2025 15:44:09.913 UTC,1.38342,1.38329,0.0018,0.00135
09.09.2025 15:44:11.225 UTC,1.38342,1.38329,0.0036,0.0018
09.09.2025 15:44:11.929 UTC,1.38342,1.38329,0.0036,0.00135
09.09.2025 15:44:12.031 UTC,1.38342,1.38329,0.0036,0.0018
09.09.2025 15:44:12.183 UTC,1.38342,1.38329,0.0036,0.00135
09.09.2025 15:44:12.485 UTC,1.38341,1.3833,0.0036,0.0018
09.09.2025 15:44:13.640 UTC,1.38341,1.3833,0.0036,0.00135
09.09.2025 15:44:14.192 UTC,1.38342,1.38329,0.0036,0.0018
09.09.2025 15:44:15.047 UTC,1.38342,1.3833,0.0012,0.0018
09.09.2025 15:44:15.150 UTC,1.38342,1.38332,0.0012,0.0012
09.09.2025 15:44:17.050 UTC,1.38342,1.38333,0.0012,0.0012
09.09.2025 15:44:17.557 UTC,1.38342,1.38332,0.0012,0.0012
09.09.2025 15:44:17.664 UTC,1.38341,1.3833,0.0012,0.00225
09.09.2025 15:44:18.523 UTC,1.38341,1.38328,0.0012,0.0018
09.09.2025 15:44:18.626 UTC,1.38341,1.38329,0.0012,0.00225
09.09.2025 15:44:19.533 UTC,1.38341,1.3833,0.0012,0.00225
09.09.2025 15:44:33.364 UTC,1.38342,1.38329,0.0036,0.0018
09.09.2025 15:44:33.972 UTC,1.38342,1.38329,0.00495,0.0018
09.09.2025 15:44:34.277 UTC,1.38341,1.38329,0.0027,0.0012
09.09.2025 15:44:34.380 UTC,1.3834,1.38331,0.0012,0.0012
09.09.2025 15:44:35.341 UTC,1.38342,1.3833,0.0045,0.0012
09.09.2025 15:44:36.153 UTC,1.38342,1.38329,0.0045,0.00225
09.09.2025 15:44:36.255 UTC,1.38342,1.3833,0.0036,0.0012
09.09.2025 15:44:40.382 UTC,1.38342,1.38329,0.0036,0.00225
09.09.2025 15:44:42.248 UTC,1.38342,1.3833,0.0045,0.0012
09.09.2025 15:44:44.716 UTC,1.38342,1.38331,0.0018,0.0012
09.09.2025 15:44:45.727 UTC,1.38342,1.3833,0.0012,0.0012
09.09.2025 15:44:48.560 UTC,1.3834,1.38331,0.0012,0.0012
09.09.2025 15:44:49.618 UTC,1.38342,1.3833,0.0036,0.0012
09.09.2025 15:44:58.493 UTC,1.38342,1.38329,0.0018,0.00135
09.09.2025 15:44:58.795 UTC,1.38342,1.38329,0.0018,0.0018
09.09.2025 15:44:59.803 UTC,1.38342,1.38329,0.0018,0.00135
09.09.2025 15:45:00.205 UTC,1.38342,1.38329,0.0018,0.0018
09.09.2025 15:45:00.458 UTC,1.38341,1.3833,0.0018,0.00135
09.09.2025 15:45:00.710 UTC,1.38342,1.38329,0.0018,0.0018
09.09.2025 15:45:00.812 UTC,1.38341,1.3833,0.0027,0.00135
09.09.2025 15:45:00.914 UTC,1.38341,1.38329,0.0012,0.00135
09.09.2025 15:45:03.180 UTC,1.38342,1.38329,0.0027,0.00135
09.09.2025 15:45:03.282 UTC,1.38341,1.3833,0.0027,0.0018
09.09.2025 15:45:03.485 UTC,1.38341,1.3833,0.0027,0.0012
09.09.2025 15:45:03.639 UTC,1.38338,1.38327,0.0012,0.0012
09.09.2025 15:45:03.742 UTC,1.38335,1.38323,0.0012,0.00195
09.09.2025 15:45:03.795 UTC,1.38335,1.38323,0.0012,0.00315
09.09.2025 15:45:03.897 UTC,1.38336,1.38323,0.0012,0.00315
09.09.2025 15:45:04.253 UTC,1.38336,1.38323,0.0012,0.0033
09.09.2025 15:45:04.505 UTC,1.38335,1.38324,0.0012,0.00315
09.09.2025 15:45:04.658 UTC,1.38334,1.38324,0.0012,0.00315
09.09.2025 15:45:04.760 UTC,1.38335,1.38324,0.0012,0.00315
09.09.2025 15:45:05.764 UTC,1.38336,1.38323,0.0012,0.0033
09.09.2025 15:45:05.966 UTC,1.38336,1.38323,0.0012,0.00315
09.09.2025 15:45:06.320 UTC,1.38336,1.38325,0.0012,0.00135
09.09.2025 15:45:06.373 UTC,1.38338,1.38325,0.00675,0.0012
09.09.2025 15:45:06.424 UTC,1.38336,1.38323,0.0012,0.0033
09.09.2025 15:45:06.579 UTC,1.38335,1.38322,0.00135,0.0018
09.09.2025 15:45:06.684 UTC,1.38334,1.38322,0.0012,0.00135
09.09.2025 15:45:06.888 UTC,1.38333,1.38322,0.0012,0.0018
09.09.2025 15:45:06.991 UTC,1.38333,1.38322,0.0012,0.00195
09.09.2025 15:45:08.253 UTC,1.38334,1.38321,0.0012,0.0018
09.09.2025 15:45:08.610 UTC,1.38334,1.38321,0.0012,0.00195
09.09.2025 15:45:09.422 UTC,1.38333,1.38324,0.0012,0.0012
09.09.2025 15:45:09.576 UTC,1.38335,1.38323,0.0018,0.00135
09.09.2025 15:45:10.085 UTC,1.38337,1.38324,0.0045,0.00135
09.09.2025 15:45:10.188 UTC,1.38337,1.38324,0.0018,0.0018
09.09.2025 15:45:10.290 UTC,1.38336,1.38324,0.0012,0.0018
09.09.2025 15:45:11.095 UTC,1.38337,1.38324,0.0012,0.00135
09.09.2025 15:45:11.298 UTC,1.38336,1.38324,0.0012,0.00135
09.09.2025 15:45:11.400 UTC,1.38337,1.38324,0.0012,0.00225
09.09.2025 15:45:11.653 UTC,1.38336,1.38324,0.0012,0.0018
09.09.2025 15:45:11.855 UTC,1.38337,1.38324,0.0012,0.00225
09.09.2025 15:45:12.008 UTC,1.38335,1.38325,0.0012,0.00225
09.09.2025 15:45:12.310 UTC,1.38337,1.38324,0.0012,0.0018
09.09.2025 15:45:12.464 UTC,1.38336,1.38324,0.0012,0.00225
09.09.2025 15:45:12.610 UTC,1.38337,1.38324,0.0012,0.00225
09.09.2025 15:45:12.714 UTC,1.38336,1.38324,0.0012,0.0012
09.09.2025 15:45:14.081 UTC,1.38334,1.38322,0.0012,0.0012
09.09.2025 15:45:15.293 UTC,1.38332,1.38323,0.0012,0.00225
09.09.2025 15:45:20.928 UTC,1.38334,1.38322,0.0018,0.00135
09.09.2025 15:45:21.132 UTC,1.38334,1.38322,0.0018,0.00195
09.09.2025 15:45:21.335 UTC,1.38334,1.38322,0.0012,0.0018
09.09.2025 15:45:22.761 UTC,1.38335,1.38322,0.0018,0.0018
09.09.2025 15:45:22.914 UTC,1.38334,1.38323,0.0018,0.00195
09.09.2025 15:45:23.319 UTC,1.38333,1.38323,0.0012,0.00195
09.09.2025 15:45:24.683 UTC,1.38334,1.38322,0.0012,0.0018
09.09.2025 15:45:24.785 UTC,1.38335,1.38322,0.0012,0.0018
09.09.2025 15:45:24.888 UTC,1.38336,1.38324,0.0018,0.0012
09.09.2025 15:45:24.991 UTC,1.38337,1.38324,0.0045,0.00225
09.09.2025 15:45:26.101 UTC,1.38336,1.38324,0.0012,0.0012
09.09.2025 15:45:26.711 UTC,1.38336,1.38325,0.0054,0.00135
09.09.2025 15:45:26.815 UTC,1.38338,1.38325,0.0018,0.00135
09.09.2025 15:45:26.918 UTC,1.38336,1.38323,0.0012,0.0018
09.09.2025 15:45:27.174 UTC,1.38335,1.38324,0.0012,0.0018
09.09.2025 15:45:27.580 UTC,1.38336,1.38323,0.0012,0.00135
09.09.2025 15:45:28.035 UTC,1.38336,1.38323,0.0012,0.0018
09.09.2025 15:45:28.643 UTC,1.38337,1.38323,0.0045,0.0024
09.09.2025 15:45:28.746 UTC,1.38337,1.38323,0.0045,0.00285
09.09.2025 15:45:29.516 UTC,1.38336,1.38324,0.0054,0.00285
09.09.2025 15:45:29.769 UTC,1.38337,1.38323,0.0045,0.00285
09.09.2025 15:45:30.076 UTC,1.38337,1.38325,0.0045,0.00135
09.09.2025 15:45:30.179 UTC,1.3834,1.38327,0.0024,0.0018
09.09.2025 15:45:30.320 UTC,1.3834,1.38327,0.0012,0.0024
09.09.2025 15:45:30.422 UTC,1.38339,1.38328,0.0012,0.0018
09.09.2025 15:45:31.742 UTC,1.38339,1.38327,0.0012,0.00135
09.09.2025 15:45:32.502 UTC,1.38339,1.38326,0.00225,0.00135
09.09.2025 15:45:32.606 UTC,1.38337,1.38325,0.0012,0.0018
09.09.2025 15:45:32.759 UTC,1.38336,1.38325,0.0012,0.0018
09.09.2025 15:45:33.769 UTC,1.38335,1.38327,0.0012,0.00135
09.09.2025 15:45:33.822 UTC,1.38339,1.38327,0.0018,0.00135
09.09.2025 15:45:33.925 UTC,1.38338,1.38329,0.0012,0.00135
09.09.2025 15:45:33.977 UTC,1.3834,1.38329,0.0012,0.00135
09.09.2025 15:45:35.088 UTC,1.38339,1.38329,0.0012,0.00135
09.09.2025 15:45:40.660 UTC,1.38337,1.38326,0.0012,0.0012
09.09.2025 15:45:40.763 UTC,1.38335,1.38324,0.0012,0.0012
09.09.2025 15:45:44.698 UTC,1.38336,1.38324,0.0012,0.00135
09.09.2025 15:45:45.758 UTC,1.38336,1.38324,0.0018,0.0018
09.09.2025 15:45:45.911 UTC,1.38336,1.38324,0.0018,0.00135
09.09.2025 15:45:46.214 UTC,1.38336,1.38324,0.0018,0.0018
09.09.2025 15:45:47.572 UTC,1.38335,1.38325,0.0012,0.00135
09.09.2025 15:45:48.176 UTC,1.38336,1.38324,0.0012,0.0018
09.09.2025 15:45:49.325 UTC,1.38336,1.38324,0.0012,0.00135
09.09.2025 15:45:52.350 UTC,1.38335,1.38325,0.0012,0.0018
09.09.2025 15:45:52.503 UTC,1.38335,1.38325,0.0012,0.00135
09.09.2025 15:45:52.855 UTC,1.38335,1.38325,0.0012,0.0018
09.09.2025 15:45:53.160 UTC,1.38336,1.38324,0.0012,0.00135
09.09.2025 15:45:55.890 UTC,1.38336,1.38323,0.0027,0.00135
09.09.2025 15:45:55.992 UTC,1.38336,1.38323,0.0027,0.0018
09.09.2025 15:45:57.151 UTC,1.38336,1.38323,0.0027,0.00135
09.09.2025 15:45:59.735 UTC,1.38336,1.38323,0.0027,0.0018
09.09.2025 15:46:00.239 UTC,1.38335,1.38324,0.0018,0.0018
09.09.2025 15:46:00.342 UTC,1.38336,1.38323,0.0018,0.0018
09.09.2025 15:46:00.644 UTC,1.38335,1.38324,0.0018,0.0018
09.09.2025 15:46:00.746 UTC,1.38336,1.38323,0.0018,0.0018
09.09.2025 15:46:01.704 UTC,1.38336,1.38323,0.0027,0.0018
09.09.2025 15:46:02.110 UTC,1.38335,1.38326,0.0012,0.0018
09.09.2025 15:46:02.214 UTC,1.3834,1.38331,0.0018,0.0018
09.09.2025 15:46:02.267 UTC,1.38341,1.38331,0.0012,0.00135
09.09.2025 15:46:02.319 UTC,1.38343,1.38331,0.0012,0.0012
09.09.2025 15:46:02.423 UTC,1.38342,1.38329,0.00225,0.0012
09.09.2025 15:46:02.627 UTC,1.3834,1.3833,0.0012,0.0012
09.09.2025 15:46:03.132 UTC,1.38342,1.38329,0.0027,0.00135
09.09.2025 15:46:03.334 UTC,1.3834,1.3833,0.0012,0.00135
09.09.2025 15:46:06.810 UTC,1.38342,1.38329,0.00585,0.00135
09.09.2025 15:46:10.273 UTC,1.38342,1.38329,0.0012,0.0018
09.09.2025 15:46:10.477 UTC,1.38341,1.3833,0.0012,0.0018
09.09.2025 15:46:10.980 UTC,1.38342,1.38329,0.0012,0.0018
09.09.2025 15:46:11.133 UTC,1.38341,1.3833,0.0012,0.00135
09.09.2025 15:46:11.235 UTC,1.38341,1.3833,0.0012,0.0018
09.09.2025 15:46:11.690 UTC,1.38342,1.38329,0.0018,0.00135
09.09.2025 15:46:12.955 UTC,1.38342,1.38329,0.0018,0.0018
09.09.2025 15:46:13.057 UTC,1.38341,1.3833,0.0027,0.00135
09.09.2025 15:46:13.261 UTC,1.38342,1.38329,0.0018,0.0018
09.09.2025 15:46:16.032 UTC,1.38341,1.38329,0.0018,0.0018
09.09.2025 15:46:16.084 UTC,1.38339,1.38328,0.0012,0.0018
09.09.2025 15:46:16.201 UTC,1.38339,1.38329,0.00135,0.0024
09.09.2025 15:46:17.012 UTC,1.3834,1.38329,0.00225,0.00135
09.09.2025 15:46:17.064 UTC,1.38338,1.38328,0.0012,0.00135
09.09.2025 15:46:17.420 UTC,1.38339,1.38328,0.0027,0.00135
09.09.2025 15:46:17.524 UTC,1.38337,1.38327,0.0012,0.00135
09.09.2025 15:46:17.627 UTC,1.38339,1.38327,0.00405,0.0012
09.09.2025 15:46:18.888 UTC,1.3834,1.38327,0.0045,0.00135
09.09.2025 15:46:20.115 UTC,1.38339,1.38327,0.0018,0.0012
09.09.2025 15:46:20.219 UTC,1.38336,1.38327,0.00225,0.0012
09.09.2025 15:46:22.040 UTC,1.38337,1.38326,0.00135,0.0018
09.09.2025 15:46:22.091 UTC,1.38339,1.38326,0.00405,0.0018
09.09.2025 15:46:22.396 UTC,1.38339,1.38326,0.00405,0.00135
09.09.2025 15:46:22.952 UTC,1.38339,1.38326,0.00405,0.0018
09.09.2025 15:46:24.568 UTC,1.3834,1.38327,0.0018,0.00135
09.09.2025 15:46:24.622 UTC,1.38339,1.38329,0.00135,0.0018
09.09.2025 15:46:24.674 UTC,1.38341,1.38328,0.0081,0.0012
09.09.2025 15:46:26.336 UTC,1.38341,1.38327,0.0072,0.0024
09.09.2025 15:46:29.596 UTC,1.38341,1.38329,0.00585,0.0018
09.09.2025 15:46:29.901 UTC,1.38341,1.38329,0.00585,0.00135
09.09.2025 15:46:32.069 UTC,1.3834,1.38331,0.00405,0.0018
09.09.2025 15:46:32.172 UTC,1.38341,1.3833,0.00405,0.00135
09.09.2025 15:46:32.274 UTC,1.38342,1.3833,0.0012,0.00135
09.09.2025 15:46:33.537 UTC,1.38341,1.38331,0.0012,0.0018
09.09.2025 15:46:33.841 UTC,1.38342,1.3833,0.0012,0.00135
09.09.2025 15:46:35.003 UTC,1.38342,1.3833,0.0012,0.0018
09.09.2025 15:46:36.009 UTC,1.38342,1.3833,0.0012,0.00135
09.09.2025 15:46:37.620 UTC,1.38342,1.38329,0.0012,0.0018
09.09.2025 15:46:37.923 UTC,1.38341,1.38329,0.0018,0.0027
09.09.2025 15:46:37.975 UTC,1.38342,1.38328,0.0036,0.00285
09.09.2025 15:46:38.122 UTC,1.38342,1.38328,0.00315,0.0024
09.09.2025 15:46:39.731 UTC,1.38341,1.38329,0.00495,0.0024
09.09.2025 15:46:39.833 UTC,1.38341,1.38329,0.00225,0.0024
09.09.2025 15:46:40.741 UTC,1.38343,1.38328,0.0054,0.0024
09.09.2025 15:46:41.147 UTC,1.38343,1.3833,0.00585,0.0012
09.09.2025 15:46:41.250 UTC,1.38342,1.3833,0.0012,0.0012
09.09.2025 15:46:52.746 UTC,1.38342,1.3833,0.0012,0.0018
09.09.2025 15:46:54.208 UTC,1.38342,1.3833,0.0012,0.00135
09.09.2025 15:46:59.763 UTC,1.38343,1.38331,0.0012,0.0012
09.09.2025 15:46:59.868 UTC,1.38347,1.38335,0.0018,0.00135
09.09.2025 15:46:59.971 UTC,1.3835,1.3834,0.00825,0.0012
09.09.2025 15:47:00.023 UTC,1.38351,1.38339,0.00495,0.0012
09.09.2025 15:47:00.126 UTC,1.38349,1.3834,0.0012,0.0012
09.09.2025 15:47:00.230 UTC,1.38351,1.3834,0.0018,0.0012
09.09.2025 15:47:05.074 UTC,1.38351,1.38341,0.0012,0.0012
09.09.2025 15:47:05.177 UTC,1.38351,1.38342,0.0012,0.0012
09.09.2025 15:47:05.230 UTC,1.38353,1.38342,0.0018,0.0012
09.09.2025 15:47:05.977 UTC,1.38354,1.38343,0.0069,0.0012
09.09.2025 15:47:06.994 UTC,1.38353,1.38342,0.00135,0.0012
09.09.2025 15:47:07.096 UTC,1.38352,1.38342,0.0012,0.0012
09.09.2025 15:47:07.199 UTC,1.38352,1.38343,0.0012,0.0012
09.09.2025 15:47:08.006 UTC,1.38352,1.38344,0.0012,0.0012
09.09.2025 15:47:09.519 UTC,1.38354,1.38343,0.00585,0.0012
09.09.2025 15:47:10.985 UTC,1.38353,1.38345,0.0054,0.0012
09.09.2025 15:47:11.137 UTC,1.38353,1.38344,0.0012,0.0012
09.09.2025 15:47:11.493 UTC,1.38353,1.38343,0.0012,0.0012
09.09.2025 15:47:14.162 UTC,1.38354,1.38344,0.00135,0.0012
09.09.2025 15:47:17.880 UTC,1.38354,1.38343,0.00135,0.0012
09.09.2025 15:47:17.982 UTC,1.38353,1.38342,0.00135,0.00285
09.09.2025 15:47:18.889 UTC,1.38353,1.38342,0.00135,0.0027
09.09.2025 15:47:19.193 UTC,1.38354,1.38341,0.00135,0.00285
09.09.2025 15:47:19.448 UTC,1.38353,1.38341,0.0012,0.0027
09.09.2025 15:47:21.920 UTC,1.38356,1.38347,0.0012,0.0012
09.09.2025 15:47:21.972 UTC,1.38359,1.38347,0.0012,0.00285
09.09.2025 15:47:22.024 UTC,1.38361,1.38347,0.0036,0.0036
09.09.2025 15:47:22.280 UTC,1.38361,1.38347,0.00315,0.00375
09.09.2025 15:47:22.384 UTC,1.3836,1.3835,0.00225,0.00225
09.09.2025 15:47:24.713 UTC,1.38361,1.38348,0.0012,0.0027
09.09.2025 15:47:24.816 UTC,1.3836,1.38349,0.0012,0.00285
09.09.2025 15:47:29.014 UTC,1.38361,1.38348,0.0012,0.0027
09.09.2025 15:47:29.527 UTC,1.38361,1.38349,0.0012,0.00285
09.09.2025 15:47:29.630 UTC,1.38366,1.38353,0.0042,0.0024
09.09.2025 15:47:29.682 UTC,1.38366,1.38353,0.00135,0.0024
09.09.2025 15:47:29.784 UTC,1.38365,1.38353,0.0012,0.0024
09.09.2025 15:47:29.937 UTC,1.38365,1.38353,0.0012,0.00225
09.09.2025 15:47:30.141 UTC,1.38364,1.38353,0.0012,0.0012
09.09.2025 15:47:30.193 UTC,1.38362,1.38352,0.0012,0.00225
09.09.2025 15:47:31.152 UTC,1.38362,1.38352,0.0012,0.00195
09.09.2025 15:47:31.559 UTC,1.38363,1.38353,0.00135,0.0012
09.09.2025 15:47:31.663 UTC,1.38366,1.38353,0.0018,0.00285
09.09.2025 15:47:31.766 UTC,1.38366,1.38353,0.0012,0.00285
09.09.2025 15:47:32.376 UTC,1.38366,1.38354,0.00225,0.00285
09.09.2025 15:47:32.883 UTC,1.38366,1.38353,0.0012,0.00285
09.09.2025 15:47:33.134 UTC,1.38366,1.38353,0.0012,0.0027
09.09.2025 15:47:35.297 UTC,1.38365,1.38353,0.00135,0.0012
09.09.2025 15:47:35.400 UTC,1.38364,1.38353,0.0012,0.0012
09.09.2025 15:47:35.604 UTC,1.38364,1.38352,0.0012,0.0018
09.09.2025 15:47:36.312 UTC,1.38363,1.38352,0.0012,0.00135
09.09.2025 15:47:36.668 UTC,1.38364,1.38352,0.0012,0.0018
09.09.2025 15:47:39.075 UTC,1.38365,1.38351,0.00135,0.00465
09.09.2025 15:47:39.582 UTC,1.38364,1.38351,0.0012,0.00375
09.09.2025 15:47:40.539 UTC,1.38364,1.38351,0.0012,0.00285
09.09.2025 15:47:41.447 UTC,1.38364,1.38351,0.0018,0.00285
09.09.2025 15:47:43.113 UTC,1.38363,1.38352,0.0018,0.00285
09.09.2025 15:47:43.518 UTC,1.38364,1.38352,0.0012,0.00135
09.09.2025 15:47:44.226 UTC,1.38366,1.38354,0.00225,0.0018
09.09.2025 15:47:44.330 UTC,1.38368,1.38355,0.0033,0.0012
09.09.2025 15:47:44.586 UTC,1.38367,1.38356,0.00285,0.0012
09.09.2025 15:47:44.739 UTC,1.38368,1.38355,0.0027,0.0012
09.09.2025 15:47:44.892 UTC,1.38368,1.38355,0.00225,0.0012
09.09.2025 15:47:48.632 UTC,1.38365,1.38356,0.0012,0.00225
09.09.2025 15:47:48.685 UTC,1.38369,1.38358,0.0018,0.0012
09.09.2025 15:47:48.788 UTC,1.38369,1.38358,0.00135,0.0012
09.09.2025 15:47:48.892 UTC,1.38368,1.38354,0.0012,0.0012
09.09.2025 15:47:48.944 UTC,1.38366,1.38354,0.00135,0.0012
09.09.2025 15:47:49.098 UTC,1.38366,1.38355,0.0012,0.0012
09.09.2025 15:47:49.251 UTC,1.38367,1.38355,0.00225,0.0012
09.09.2025 15:47:50.865 UTC,1.38366,1.38355,0.0012,0.0012
09.09.2025 15:47:53.846 UTC,1.38367,1.38355,0.00135,0.0012
09.09.2025 15:47:55.394 UTC,1.38366,1.38357,0.0012,0.00135
09.09.2025 15:47:55.498 UTC,1.38368,1.38357,0.00135,0.00135
09.09.2025 15:47:56.256 UTC,1.38368,1.38358,0.0012,0.0012
09.09.2025 15:47:56.359 UTC,1.38369,1.38358,0.00135,0.0012
09.09.2025 15:47:57.720 UTC,1.38367,1.38359,0.0012,0.0012
09.09.2025 15:47:58.525 UTC,1.38367,1.38357,0.0012,0.0012
09.09.2025 15:47:58.577 UTC,1.38365,1.38355,0.0012,0.0012
09.09.2025 15:47:59.589 UTC,1.38365,1.38356,0.0012,0.0012
09.09.2025 15:48:00.098 UTC,1.38364,1.38356,0.0012,0.0012
09.09.2025 15:48:02.466 UTC,1.38365,1.38354,0.0012,0.0012
09.09.2025 15:48:04.780 UTC,1.38366,1.38354,0.0027,0.0012
09.09.2025 15:48:05.744 UTC,1.38365,1.38354,0.0012,0.0012
09.09.2025 15:48:09.168 UTC,1.38363,1.38351,0.0012,0.00135
09.09.2025 15:48:09.272 UTC,1.38362,1.3835,0.00285,0.0012
09.09.2025 15:48:11.402 UTC,1.38363,1.38351,0.0018,0.00135
09.09.2025 15:48:11.556 UTC,1.38363,1.38351,0.0012,0.0012
09.09.2025 15:48:15.227 UTC,1.38363,1.3835,0.00285,0.00135
09.09.2025 15:48:21.686 UTC,1.38362,1.38351,0.0018,0.00135
09.09.2025 15:48:31.552 UTC,1.38362,1.38352,0.0033,0.0012
09.09.2025 15:48:32.310 UTC,1.38361,1.38352,0.0018,0.0012
09.09.2025 15:48:32.363 UTC,1.38361,1.3835,0.0018,0.00225
09.09.2025 15:48:33.172 UTC,1.38361,1.3835,0.0018,0.0018
09.09.2025 15:48:34.241 UTC,1.38362,1.38352,0.00195,0.0012
09.09.2025 15:48:35.759 UTC,1.38361,1.38352,0.00135,0.0012
09.09.2025 15:48:36.216 UTC,1.38361,1.38351,0.00225,0.0012
09.09.2025 15:48:37.625 UTC,1.38362,1.38351,0.00135,0.0012
09.09.2025 15:48:38.484 UTC,1.38361,1.38351,0.0024,0.0012
09.09.2025 15:48:39.090 UTC,1.38361,1.38352,0.0018,0.0012
09.09.2025 15:48:41.111 UTC,1.38361,1.38351,0.0024,0.0012
09.09.2025 15:48:44.077 UTC,1.38362,1.38349,0.0024,0.00225
09.09.2025 15:48:44.281 UTC,1.38362,1.38349,0.0024,0.0024
09.09.2025 15:48:47.749 UTC,1.38356,1.38349,0.00135,0.0012
09.09.2025 15:48:47.801 UTC,1.38358,1.38346,0.0012,0.0012
09.09.2025 15:48:47.906 UTC,1.38357,1.38345,0.0018,0.0018
09.09.2025 15:48:48.009 UTC,1.38354,1.38344,0.0012,0.0012
09.09.2025 15:48:48.113 UTC,1.38353,1.38342,0.00135,0.0012
09.09.2025 15:48:48.216 UTC,1.38353,1.38342,0.0018,0.0012
09.09.2025 15:48:51.095 UTC,1.38353,1.38341,0.0024,0.0012
09.09.2025 15:48:55.961 UTC,1.38353,1.38342,0.0033,0.0012
09.09.2025 15:48:56.919 UTC,1.38351,1.38342,0.00135,0.0012
09.09.2025 15:48:57.022 UTC,1.38352,1.38341,0.0018,0.0012
09.09.2025 15:49:03.963 UTC,1.38353,1.38342,0.0033,0.0012
09.09.2025 15:49:04.074 UTC,1.38351,1.38343,0.0012,0.0012
09.09.2025 15:49:08.061 UTC,1.38352,1.38343,0.0012,0.0012
09.09.2025 15:49:09.774 UTC,1.38351,1.38343,0.0012,0.0012
09.09.2025 15:49:10.830 UTC,1.38351,1.38344,0.0012,0.0012
09.09.2025 15:49:11.940 UTC,1.38352,1.38342,0.0012,0.0012
09.09.2025 15:49:14.955 UTC,1.38352,1.38343,0.0012,0.0012
09.09.2025 15:49:17.326 UTC,1.38352,1.38344,0.0012,0.00135
09.09.2025 15:49:18.661 UTC,1.38354,1.38344,0.00135,0.0012
09.09.2025 15:49:18.766 UTC,1.38357,1.38347,0.0024,0.0012
09.09.2025 15:49:18.869 UTC,1.38357,1.38347,0.0012,0.0012
09.09.2025 15:49:19.726 UTC,1.38358,1.38347,0.00135,0.0012
09.09.2025 15:49:22.648 UTC,1.38355,1.38347,0.00225,0.0012
09.09.2025 15:49:22.751 UTC,1.38353,1.38346,0.0012,0.0012
09.09.2025 15:49:22.855 UTC,1.38357,1.38347,0.0018,0.0012
09.09.2025 15:49:25.827 UTC,1.38356,1.38347,0.0018,0.0012
09.09.2025 15:49:28.227 UTC,1.38355,1.38346,0.0012,0.00135
09.09.2025 15:49:28.530 UTC,1.38356,1.38346,0.0018,0.00135
09.09.2025 15:49:31.864 UTC,1.38355,1.38348,0.0018,0.0012
09.09.2025 15:49:33.824 UTC,1.38356,1.38346,0.0018,0.0012
09.09.2025 15:49:38.085 UTC,1.38354,1.38345,0.0018,0.0012
09.09.2025 15:49:38.137 UTC,1.38354,1.38343,0.0018,0.0012
09.09.2025 15:49:42.722 UTC,1.38354,1.38344,0.0027,0.0012
09.09.2025 15:49:42.824 UTC,1.38353,1.38344,0.0018,0.0012
09.09.2025 15:49:43.734 UTC,1.38353,1.38343,0.00225,0.0012
09.09.2025 15:49:45.800 UTC,1.38351,1.38344,0.0012,0.0012
09.09.2025 15:49:56.762 UTC,1.38352,1.38342,0.00135,0.0012
09.09.2025 15:50:09.413 UTC,1.38352,1.38343,0.0012,0.0012
09.09.2025 15:50:10.429 UTC,1.38351,1.38343,0.0012,0.0012
09.09.2025 15:50:11.186 UTC,1.38353,1.38342,0.00225,0.0018
09.09.2025 15:50:11.440 UTC,1.38352,1.38344,0.00225,0.0012
09.09.2025 15:50:12.196 UTC,1.38353,1.38345,0.0012,0.0012
09.09.2025 15:50:12.249 UTC,1.38358,1.38347,0.0018,0.0012
09.09.2025 15:50:12.353 UTC,1.38361,1.38351,0.0012,0.0012
09.09.2025 15:50:12.507 UTC,1.38361,1.38349,0.0027,0.0012
09.09.2025 15:50:12.610 UTC,1.3836,1.38349,0.0012,0.0012
09.09.2025 15:50:13.420 UTC,1.3836,1.38348,0.0012,0.0012
09.09.2025 15:50:13.876 UTC,1.38359,1.38348,0.0012,0.0012
09.09.2025 15:50:13.979 UTC,1.38359,1.38347,0.00225,0.0012
09.09.2025 15:50:19.349 UTC,1.38357,1.38348,0.0012,0.0012
09.09.2025 15:50:25.037 UTC,1.38358,1.38346,0.0018,0.00225
09.09.2025 15:50:25.089 UTC,1.38353,1.38343,0.0012,0.00135
09.09.2025 15:50:25.192 UTC,1.38354,1.38343,0.0012,0.0012
09.09.2025 15:50:25.547 UTC,1.38353,1.38343,0.0012,0.00135
09.09.2025 15:50:25.650 UTC,1.38353,1.38342,0.0012,0.00135
09.09.2025 15:50:27.616 UTC,1.38356,1.38348,0.00405,0.0012
09.09.2025 15:50:27.668 UTC,1.3836,1.3835,0.00135,0.0012
09.09.2025 15:50:31.984 UTC,1.3836,1.38351,0.0012,0.0012
09.09.2025 15:50:32.441 UTC,1.38359,1.38349,0.0012,0.0012
09.09.2025 15:50:32.493 UTC,1.38361,1.3835,0.0012,0.0012
09.09.2025 15:50:32.699 UTC,1.38362,1.3835,0.00135,0.0027
09.09.2025 15:50:33.155 UTC,1.38362,1.38351,0.00135,0.0012
09.09.2025 15:50:37.583 UTC,1.38362,1.38352,0.0012,0.00135
09.09.2025 15:50:37.686 UTC,1.38362,1.38354,0.00135,0.00135
09.09.2025 15:50:37.790 UTC,1.38362,1.38352,0.0012,0.0012
09.09.2025 15:50:38.247 UTC,1.38362,1.38353,0.0012,0.0012
09.09.2025 15:50:40.240 UTC,1.38364,1.38353,0.00135,0.0012
09.09.2025 15:50:40.293 UTC,1.38367,1.38356,0.0012,0.0018
09.09.2025 15:50:40.448 UTC,1.38368,1.38356,0.0012,0.00135
09.09.2025 15:50:40.550 UTC,1.38367,1.38356,0.0012,0.00135
09.09.2025 15:50:42.824 UTC,1.38366,1.38356,0.0012,0.0012
09.09.2025 15:50:43.736 UTC,1.38363,1.38354,0.0012,0.0012
09.09.2025 15:50:43.839 UTC,1.38363,1.38353,0.0012,0.0012
09.09.2025 15:50:44.296 UTC,1.38364,1.38353,0.0012,0.0012
09.09.2025 15:50:44.854 UTC,1.38363,1.38353,0.0012,0.0012
09.09.2025 15:50:46.265 UTC,1.38363,1.38352,0.0012,0.00225
09.09.2025 15:50:49.498 UTC,1.38362,1.38352,0.0012,0.0012
09.09.2025 15:50:50.510 UTC,1.38361,1.38353,0.0012,0.0018
09.09.2025 15:50:50.613 UTC,1.38363,1.38352,0.0012,0.0018
09.09.2025 15:50:50.716 UTC,1.38363,1.38352,0.0012,0.0012
09.09.2025 15:50:50.919 UTC,1.38363,1.38352,0.0012,0.0018
09.09.2025 15:50:51.022 UTC,1.38362,1.38353,0.0012,0.0012
09.09.2025 15:50:53.343 UTC,1.38365,1.38353,0.00135,0.00225
09.09.2025 15:50:53.446 UTC,1.38365,1.38355,0.0012,0.0012
09.09.2025 15:50:53.550 UTC,1.38368,1.38356,0.00225,0.00135
09.09.2025 15:50:53.908 UTC,1.38366,1.38357,0.0012,0.0012
09.09.2025 15:50:54.011 UTC,1.38365,1.38357,0.0012,0.0012
09.09.2025 15:50:54.869 UTC,1.38366,1.38355,0.0012,0.0012
09.09.2025 15:50:56.132 UTC,1.38364,1.38353,0.0012,0.0018
09.09.2025 15:50:56.234 UTC,1.38364,1.38354,0.0012,0.0012
09.09.2025 15:50:56.439 UTC,1.38365,1.38354,0.0012,0.0012
09.09.2025 15:50:56.492 UTC,1.38367,1.38354,0.00135,0.00285
09.09.2025 15:50:56.644 UTC,1.38367,1.38356,0.00135,0.0012
09.09.2025 15:51:00.704 UTC,1.38366,1.38356,0.0012,0.0012
09.09.2025 15:51:01.109 UTC,1.38366,1.38354,0.0012,0.00225
09.09.2025 15:51:01.162 UTC,1.38365,1.38353,0.0012,0.0018
09.09.2025 15:51:01.265 UTC,1.38363,1.38352,0.0012,0.0012
09.09.2025 15:51:06.011 UTC,1.38362,1.38352,0.0012,0.0012
09.09.2025 15:51:10.306 UTC,1.38362,1.38351,0.0012,0.00225
09.09.2025 15:51:13.941 UTC,1.38361,1.38351,0.0012,0.0027
09.09.2025 15:51:15.252 UTC,1.38361,1.38351,0.0012,0.00285
09.09.2025 15:51:15.353 UTC,1.38361,1.38351,0.0012,0.0027
09.09.2025 15:51:15.652 UTC,1.38362,1.3835,0.0012,0.00285
09.09.2025 15:51:15.958 UTC,1.38362,1.3835,0.0012,0.0027
09.09.2025 15:51:19.127 UTC,1.38361,1.3835,0.0045,0.0018
09.09.2025 15:51:19.886 UTC,1.38361,1.3835,0.0051,0.0018
09.09.2025 15:51:20.343 UTC,1.38359,1.38348,0.00135,0.0018
09.09.2025 15:51:20.496 UTC,1.38358,1.38348,0.00135,0.00135
09.09.2025 15:51:21.457 UTC,1.38358,1.38347,0.0018,0.0018
09.09.2025 15:51:21.560 UTC,1.38357,1.38346,0.0012,0.0012
09.09.2025 15:51:21.663 UTC,1.38355,1.38346,0.0024,0.0012
09.09.2025 15:51:21.715 UTC,1.38357,1.38344,0.00495,0.00225
09.09.2025 15:51:21.818 UTC,1.38357,1.38344,0.00585,0.0024
09.09.2025 15:51:24.142 UTC,1.38356,1.38344,0.0012,0.00225
09.09.2025 15:51:24.340 UTC,1.38357,1.38344,0.00495,0.00225
09.09.2025 15:51:24.593 UTC,1.38356,1.38344,0.0012,0.00225
09.09.2025 15:51:24.696 UTC,1.38357,1.38345,0.00495,0.00225
09.09.2025 15:51:24.798 UTC,1.38357,1.38345,0.00495,0.0024
09.09.2025 15:51:24.901 UTC,1.38357,1.38345,0.00405,0.00225
09.09.2025 15:51:25.106 UTC,1.38356,1.38345,0.0012,0.00135
09.09.2025 15:51:26.622 UTC,1.38356,1.38344,0.0018,0.00225
09.09.2025 15:51:28.638 UTC,1.38356,1.38345,0.0012,0.0012
09.09.2025 15:51:34.476 UTC,1.38355,1.38345,0.0012,0.0012
09.09.2025 15:51:34.931 UTC,1.38354,1.38343,0.0012,0.0018
09.09.2025 15:51:35.237 UTC,1.38354,1.38343,0.0012,0.00135
09.09.2025 15:51:35.542 UTC,1.38354,1.38343,0.0012,0.0018
09.09.2025 15:51:37.206 UTC,1.38353,1.38344,0.0012,0.00135
09.09.2025 15:51:41.742 UTC,1.38353,1.38342,0.0012,0.00135
09.09.2025 15:51:42.704 UTC,1.38351,1.38342,0.00315,0.00135
09.09.2025 15:51:42.756 UTC,1.3835,1.38341,0.0012,0.00135
09.09.2025 15:51:45.180 UTC,1.38352,1.38342,0.0012,0.0012
09.09.2025 15:51:45.282 UTC,1.38353,1.38342,0.0018,0.0012
09.09.2025 15:51:50.640 UTC,1.38352,1.38341,0.0012,0.00135
09.09.2025 15:51:50.742 UTC,1.38351,1.38343,0.0012,0.0012
09.09.2025 15:51:55.785 UTC,1.38351,1.38342,0.0012,0.0012
09.09.2025 15:52:01.874 UTC,1.38352,1.38343,0.0012,0.0012
09.09.2025 15:52:01.927 UTC,1.38354,1.38345,0.00135,0.0012
09.09.2025 15:52:02.030 UTC,1.38356,1.38345,0.0012,0.00225
09.09.2025 15:52:02.082 UTC,1.38355,1.38348,0.0012,0.0012
09.09.2025 15:52:02.185 UTC,1.38355,1.38347,0.0012,0.0012
09.09.2025 15:52:02.289 UTC,1.38353,1.38346,0.0012,0.0012
09.09.2025 15:52:02.392 UTC,1.38357,1.38346,0.0012,0.0024
09.09.2025 15:52:02.545 UTC,1.38357,1.38346,0.0012,0.00135
09.09.2025 15:52:02.850 UTC,1.38357,1.38347,0.0012,0.00135
09.09.2025 15:52:02.902 UTC,1.38357,1.38349,0.0012,0.0012
09.09.2025 15:52:03.207 UTC,1.38358,1.38349,0.0012,0.0012
09.09.2025 15:52:03.764 UTC,1.38357,1.38348,0.0012,0.0012
09.09.2025 15:52:05.357 UTC,1.38358,1.38348,0.0012,0.0012
09.09.2025 15:52:05.461 UTC,1.38358,1.38349,0.0012,0.0012
09.09.2025 15:52:07.125 UTC,1.38359,1.38349,0.0012,0.0012
09.09.2025 15:52:15.445 UTC,1.38358,1.38349,0.0012,0.00135
09.09.2025 15:52:17.704 UTC,1.38358,1.38348,0.0012,0.00135
09.09.2025 15:52:18.359 UTC,1.38357,1.38348,0.0012,0.0012
09.09.2025 15:52:18.461 UTC,1.38357,1.38349,0.0012,0.0012
09.09.2025 15:52:20.524 UTC,1.38356,1.38349,0.0012,0.0012
09.09.2025 15:52:21.982 UTC,1.38359,1.38348,0.0012,0.0012
09.09.2025 15:52:22.034 UTC,1.38358,1.38351,0.0012,0.0012
09.09.2025 15:52:27.146 UTC,1.38359,1.38349,0.00135,0.0012
09.09.2025 15:52:27.804 UTC,1.38359,1.3835,0.0012,0.0012
09.09.2025 15:52:28.564 UTC,1.3836,1.38351,0.0012,0.00135
09.09.2025 15:52:29.575 UTC,1.3836,1.38352,0.0012,0.0012
09.09.2025 15:52:29.779 UTC,1.38361,1.38352,0.00225,0.0012
09.09.2025 15:52:38.580 UTC,1.38361,1.38351,0.00225,0.0012
09.09.2025 15:52:39.589 UTC,1.38361,1.38352,0.00225,0.0012
09.09.2025 15:52:40.800 UTC,1.38362,1.38352,0.0012,0.0012
09.09.2025 15:52:43.071 UTC,1.38362,1.38353,0.0012,0.0012
09.09.2025 15:52:43.928 UTC,1.38363,1.38353,0.0018,0.0012
09.09.2025 15:52:44.031 UTC,1.38363,1.38352,0.00225,0.0012
09.09.2025 15:52:44.992 UTC,1.38363,1.38353,0.00315,0.0012
09.09.2025 15:52:45.648 UTC,1.38361,1.38354,0.0012,0.0012
09.09.2025 15:52:46.002 UTC,1.38362,1.38352,0.0012,0.0012
09.09.2025 15:52:46.788 UTC,1.3836,1.38353,0.0012,0.0012
09.09.2025 15:52:46.891 UTC,1.3836,1.38351,0.0012,0.00135
09.09.2025 15:52:47.801 UTC,1.38361,1.38351,0.0012,0.0012
09.09.2025 15:52:51.127 UTC,1.3836,1.38351,0.00135,0.0012
09.09.2025 15:52:51.835 UTC,1.3836,1.3835,0.00225,0.0012
09.09.2025 15:52:54.650 UTC,1.3836,1.38351,0.00225,0.0012
09.09.2025 15:52:59.641 UTC,1.3836,1.3835,0.00225,0.0012
09.09.2025 15:53:00.148 UTC,1.38358,1.3835,0.00135,0.0012
09.09.2025 15:53:01.158 UTC,1.38359,1.38348,0.0018,0.0012
09.09.2025 15:53:01.210 UTC,1.38355,1.38345,0.0018,0.0018
09.09.2025 15:53:01.314 UTC,1.38353,1.38344,0.00135,0.0012
09.09.2025 15:53:01.417 UTC,1.38352,1.38343,0.00135,0.0012
09.09.2025 15:53:02.229 UTC,1.38352,1.38342,0.00225,0.0012
09.09.2025 15:53:02.331 UTC,1.38352,1.38341,0.00225,0.0012
09.09.2025 15:53:11.385 UTC,1.38349,1.38341,0.0018,0.0012
09.09.2025 15:53:11.437 UTC,1.38348,1.3834,0.0018,0.0012
09.09.2025 15:53:11.540 UTC,1.38349,1.3834,0.0018,0.0012
09.09.2025 15:53:12.401 UTC,1.38349,1.38339,0.0018,0.0012
09.09.2025 15:53:13.460 UTC,1.38349,1.38338,0.0018,0.00225
09.09.2025 15:53:14.356 UTC,1.38349,1.38339,0.0018,0.0012
09.09.2025 15:53:18.533 UTC,1.38348,1.38339,0.0018,0.0012
09.09.2025 15:53:18.585 UTC,1.38348,1.38337,0.0018,0.00225
09.09.2025 15:53:18.688 UTC,1.38348,1.38338,0.0018,0.00135
09.09.2025 15:53:18.740 UTC,1.38349,1.38338,0.00135,0.00135
09.09.2025 15:53:19.699 UTC,1.38349,1.38339,0.00135,0.0012
09.09.2025 15:53:20.102 UTC,1.38348,1.3834,0.00135,0.0018
09.09.2025 15:53:25.133 UTC,1.3835,1.38341,0.0024,0.00135
09.09.2025 15:53:25.738 UTC,1.38351,1.38341,0.0024,0.0012
09.09.2025 15:53:27.101 UTC,1.38351,1.38342,0.0018,0.0012
09.09.2025 15:53:30.128 UTC,1.38351,1.38341,0.0018,0.0012
09.09.2025 15:53:32.946 UTC,1.38351,1.38342,0.0024,0.0012
09.09.2025 15:53:33.049 UTC,1.38352,1.38342,0.0024,0.0012
09.09.2025 15:53:35.214 UTC,1.38352,1.38343,0.0018,0.0012
09.09.2025 15:53:35.370 UTC,1.38352,1.38343,0.00135,0.0012
09.09.2025 15:53:35.526 UTC,1.38352,1.38342,0.00135,0.00135
09.09.2025 15:53:39.459 UTC,1.38352,1.38342,0.0024,0.0012
09.09.2025 15:53:39.563 UTC,1.38352,1.38341,0.0024,0.0012
09.09.2025 15:53:39.768 UTC,1.38352,1.38341,0.0012,0.0012
09.09.2025 15:53:40.023 UTC,1.38352,1.38342,0.0012,0.0012
09.09.2025 15:53:42.840 UTC,1.38352,1.38341,0.0012,0.0012
09.09.2025 15:53:42.946 UTC,1.3835,1.38342,0.0012,0.0012
09.09.2025 15:53:43.049 UTC,1.3835,1.38343,0.0012,0.0012
09.09.2025 15:53:45.404 UTC,1.38353,1.38342,0.00225,0.0018
09.09.2025 15:53:47.024 UTC,1.38353,1.38343,0.0024,0.0012
09.09.2025 15:53:49.545 UTC,1.38353,1.38342,0.0018,0.0012
09.09.2025 15:53:50.100 UTC,1.38353,1.38342,0.00135,0.0012
09.09.2025 15:53:50.605 UTC,1.38351,1.38343,0.0012,0.0012
09.09.2025 15:53:53.477 UTC,1.38353,1.38343,0.00315,0.0012
09.09.2025 15:53:54.484 UTC,1.38353,1.38342,0.00225,0.0012
09.09.2025 15:53:58.499 UTC,1.38353,1.38343,0.0012,0.0012
09.09.2025 15:53:59.460 UTC,1.38353,1.38344,0.0012,0.0018
09.09.2025 15:53:59.512 UTC,1.38359,1.38348,0.0018,0.0012
09.09.2025 15:53:59.615 UTC,1.3836,1.38348,0.0045,0.0018
09.09.2025 15:54:03.558 UTC,1.3836,1.38349,0.0012,0.0012
09.09.2025 15:54:06.541 UTC,1.3836,1.3835,0.00225,0.0012
09.09.2025 15:54:07.547 UTC,1.38359,1.3835,0.00225,0.0012
09.09.2025 15:54:11.769 UTC,1.38359,1.38349,0.0012,0.00225
09.09.2025 15:54:12.780 UTC,1.3836,1.38349,0.0018,0.0012
09.09.2025 15:54:18.782 UTC,1.3836,1.3835,0.00225,0.0012
09.09.2025 15:54:19.790 UTC,1.3836,1.38349,0.00225,0.0012
09.09.2025 15:54:22.043 UTC,1.38361,1.3835,0.0027,0.0012
09.09.2025 15:54:22.149 UTC,1.38361,1.3835,0.0027,0.0018
09.09.2025 15:54:22.251 UTC,1.38361,1.3835,0.00225,0.0012
09.09.2025 15:54:23.165 UTC,1.38359,1.38351,0.0012,0.0012
09.09.2025 15:54:24.023 UTC,1.38359,1.3835,0.00225,0.0018
09.09.2025 15:54:25.530 UTC,1.38358,1.38348,0.00135,0.0018
09.09.2025 15:54:25.634 UTC,1.38359,1.38348,0.00135,0.00225
09.09.2025 15:54:25.737 UTC,1.38359,1.38349,0.00135,0.0012
09.09.2025 15:54:25.838 UTC,1.3836,1.38349,0.00225,0.0012
09.09.2025 15:54:26.746 UTC,1.3836,1.3835,0.00135,0.0012
09.09.2025 15:54:28.555 UTC,1.3836,1.38351,0.00315,0.0012
09.09.2025 15:54:28.658 UTC,1.38359,1.38351,0.0012,0.0012
09.09.2025 15:54:28.759 UTC,1.3836,1.38349,0.0012,0.0012
09.09.2025 15:54:30.822 UTC,1.38358,1.3835,0.0012,0.0012
09.09.2025 15:54:30.925 UTC,1.38359,1.38348,0.0012,0.0018
09.09.2025 15:54:34.889 UTC,1.38359,1.38349,0.0012,0.0012
09.09.2025 15:54:34.992 UTC,1.3836,1.38349,0.0018,0.0012
09.09.2025 15:54:35.146 UTC,1.3836,1.3835,0.0012,0.0012
09.09.2025 15:54:35.300 UTC,1.38359,1.3835,0.00135,0.0012
09.09.2025 15:54:36.919 UTC,1.3836,1.3835,0.00135,0.0012
09.09.2025 15:54:37.124 UTC,1.38361,1.3835,0.0018,0.0012
09.09.2025 15:54:37.227 UTC,1.38361,1.38351,0.0012,0.0012
09.09.2025 15:54:38.190 UTC,1.38361,1.38352,0.0012,0.0012
09.09.2025 15:54:38.444 UTC,1.38362,1.38352,0.00225,0.0012
09.09.2025 15:54:40.008 UTC,1.38361,1.38354,0.0012,0.0012
09.09.2025 15:54:40.162 UTC,1.38362,1.38352,0.0012,0.0012
09.09.2025 15:54:42.165 UTC,1.38362,1.38351,0.0018,0.0012
09.09.2025 15:54:42.920 UTC,1.3836,1.38352,0.0012,0.0012
09.09.2025 15:54:45.187 UTC,1.3836,1.38351,0.0012,0.0012
09.09.2025 15:54:46.750 UTC,1.38356,1.38349,0.0012,0.0012
09.09.2025 15:54:46.802 UTC,1.38354,1.38344,0.00135,0.0012
09.09.2025 15:54:46.854 UTC,1.38352,1.38342,0.0012,0.0012
09.09.2025 15:54:46.957 UTC,1.38352,1.38341,0.0012,0.0012
09.09.2025 15:54:47.059 UTC,1.38351,1.38343,0.0012,0.0012
09.09.2025 15:54:48.120 UTC,1.38352,1.38342,0.0024,0.0012
09.09.2025 15:54:52.073 UTC,1.38352,1.38341,0.0012,0.0012
09.09.2025 15:54:57.109 UTC,1.38352,1.38342,0.00225,0.0012
09.09.2025 15:55:00.143 UTC,1.38352,1.38343,0.00135,0.0012
09.09.2025 15:55:00.552 UTC,1.38353,1.38343,0.00225,0.0012
09.09.2025 15:55:01.136 UTC,1.38352,1.38345,0.00225,0.0012
09.09.2025 15:55:01.744 UTC,1.38353,1.38343,0.00225,0.0012
09.09.2025 15:55:02.757 UTC,1.38354,1.38344,0.0012,0.0018
09.09.2025 15:55:02.861 UTC,1.38357,1.38347,0.00135,0.0012
09.09.2025 15:55:03.166 UTC,1.38357,1.38349,0.00135,0.0012
09.09.2025 15:55:03.472 UTC,1.38359,1.38349,0.0012,0.0012
09.09.2025 15:55:03.575 UTC,1.38358,1.38351,0.0012,0.0012
09.09.2025 15:55:04.735 UTC,1.38361,1.3835,0.00585,0.0012
09.09.2025 15:55:05.141 UTC,1.38361,1.38351,0.00225,0.0012
09.09.2025 15:55:05.245 UTC,1.38362,1.38351,0.0012,0.0012
09.09.2025 15:55:05.401 UTC,1.38361,1.38353,0.0012,0.0012
09.09.2025 15:55:11.955 UTC,1.38363,1.38353,0.00495,0.0012
09.09.2025 15:55:12.413 UTC,1.38362,1.38353,0.0012,0.0012
09.09.2025 15:55:12.970 UTC,1.38362,1.38352,0.0012,0.0012
09.09.2025 15:55:13.626 UTC,1.38363,1.38352,0.00225,0.0012
09.09.2025 15:55:13.980 UTC,1.38363,1.38353,0.00225,0.0012
09.09.2025 15:55:14.737 UTC,1.38363,1.38354,0.0012,0.0012
09.09.2025 15:55:14.840 UTC,1.38364,1.38354,0.00315,0.0012
09.09.2025 15:55:15.502 UTC,1.38363,1.38354,0.0012,0.0012
09.09.2025 15:55:15.604 UTC,1.38363,1.38353,0.0012,0.0012
09.09.2025 15:55:16.561 UTC,1.38362,1.38353,0.0012,0.0012
09.09.2025 15:55:20.387 UTC,1.38363,1.38352,0.0012,0.0018
09.09.2025 15:55:21.130 UTC,1.38364,1.38353,0.0036,0.00135
09.09.2025 15:55:21.233 UTC,1.38363,1.38353,0.0012,0.00135
09.09.2025 15:55:22.146 UTC,1.38363,1.38354,0.00765,0.00135
09.09.2025 15:55:22.554 UTC,1.38364,1.38354,0.00765,0.0012
09.09.2025 15:55:23.511 UTC,1.38363,1.38354,0.00765,0.00135
09.09.2025 15:55:24.170 UTC,1.38364,1.38356,0.0054,0.0024
09.09.2025 15:55:24.221 UTC,1.38367,1.38357,0.00135,0.0024
09.09.2025 15:55:24.324 UTC,1.38369,1.38358,0.00225,0.00135
09.09.2025 15:55:25.085 UTC,1.3837,1.38359,0.0012,0.0018
09.09.2025 15:55:25.388 UTC,1.38371,1.38359,0.0027,0.0018
09.09.2025 15:55:25.591 UTC,1.38369,1.3836,0.0012,0.0018
09.09.2025 15:55:27.059 UTC,1.38369,1.38359,0.0012,0.0018
09.09.2025 15:55:30.405 UTC,1.38369,1.38359,0.0012,0.0012
09.09.2025 15:55:31.061 UTC,1.38369,1.38358,0.0012,0.0018
09.09.2025 15:55:33.022 UTC,1.38368,1.3836,0.00225,0.0012
09.09.2025 15:55:35.689 UTC,1.3837,1.38359,0.00225,0.0012
09.09.2025 15:55:35.793 UTC,1.38369,1.38361,0.00225,0.0012
09.09.2025 15:55:35.945 UTC,1.38369,1.38359,0.0012,0.0012
09.09.2025 15:55:36.803 UTC,1.38369,1.3836,0.0012,0.0012
09.09.2025 15:55:36.956 UTC,1.3837,1.3836,0.00135,0.0012
09.09.2025 15:55:37.108 UTC,1.3837,1.38361,0.0054,0.0012
09.09.2025 15:55:37.762 UTC,1.38371,1.38359,0.0054,0.0012
09.09.2025 15:55:38.770 UTC,1.3837,1.38361,0.0054,0.0012
09.09.2025 15:55:41.810 UTC,1.38371,1.38361,0.0012,0.0012
09.09.2025 15:55:41.963 UTC,1.3837,1.38361,0.0012,0.0012
09.09.2025 15:55:42.066 UTC,1.38371,1.3836,0.00225,0.0012
09.09.2025 15:55:42.978 UTC,1.38371,1.38361,0.0012,0.0012
09.09.2025 15:55:47.012 UTC,1.38371,1.38362,0.0012,0.0012
09.09.2025 15:55:49.016 UTC,1.38371,1.38361,0.0012,0.0012
09.09.2025 15:55:51.029 UTC,1.3837,1.38363,0.0012,0.0012
09.09.2025 15:55:51.784 UTC,1.38372,1.38362,0.0012,0.0012
09.09.2025 15:55:53.800 UTC,1.38372,1.38363,0.0012,0.00135
09.09.2025 15:55:54.812 UTC,1.38371,1.38363,0.0012,0.0012
09.09.2025 15:55:55.521 UTC,1.38372,1.38361,0.0012,0.0012
09.09.2025 15:56:00.425 UTC,1.38371,1.38362,0.0012,0.0018
09.09.2025 15:56:02.447 UTC,1.38372,1.38362,0.0012,0.0018
09.09.2025 15:56:02.549 UTC,1.38372,1.38362,0.00225,0.0012
09.09.2025 15:56:02.702 UTC,1.38371,1.38362,0.00225,0.0012
09.09.2025 15:56:06.978 UTC,1.38372,1.38361,0.00225,0.0018
09.09.2025 15:56:07.080 UTC,1.38371,1.38362,0.00225,0.0018
09.09.2025 15:56:07.232 UTC,1.38371,1.38362,0.00225,0.0012
09.09.2025 15:56:07.536 UTC,1.38372,1.38362,0.00225,0.0012
09.09.2025 15:56:11.456 UTC,1.38372,1.38361,0.00225,0.0012
09.09.2025 15:56:15.531 UTC,1.38371,1.38363,0.00315,0.0012
09.09.2025 15:56:15.684 UTC,1.38373,1.38367,0.0012,0.0012
09.09.2025 15:56:15.737 UTC,1.38378,1.38367,0.009,0.0012
09.09.2025 15:56:15.790 UTC,1.38379,1.38369,0.0018,0.0012
09.09.2025 15:56:15.842 UTC,1.38381,1.3837,0.00225,0.0012
09.09.2025 15:56:16.048 UTC,1.38381,1.38371,0.0012,0.0012
09.09.2025 15:56:16.150 UTC,1.38382,1.38371,0.00495,0.0012
09.09.2025 15:56:16.304 UTC,1.38382,1.38372,0.0012,0.0012
09.09.2025 15:56:16.407 UTC,1.38383,1.38372,0.0108,0.0012
09.09.2025 15:56:16.815 UTC,1.38382,1.38372,0.0012,0.0012
09.09.2025 15:56:25.230 UTC,1.38382,1.38371,0.0012,0.0012
09.09.2025 15:56:25.332 UTC,1.38381,1.38371,0.00135,0.0012
09.09.2025 15:56:25.434 UTC,1.38381,1.3837,0.00225,0.0012
09.09.2025 15:56:27.854 UTC,1.38381,1.38368,0.00225,0.0018
09.09.2025 15:56:29.936 UTC,1.3838,1.38369,0.00225,0.00135
09.09.2025 15:56:30.701 UTC,1.3838,1.38368,0.0012,0.00135
09.09.2025 15:56:31.760 UTC,1.3838,1.38368,0.0012,0.0018
09.09.2025 15:56:31.863 UTC,1.38379,1.38367,0.00675,0.00135
09.09.2025 15:56:31.915 UTC,1.38376,1.38366,0.0012,0.00225
09.09.2025 15:56:31.967 UTC,1.38376,1.38364,0.0012,0.0012
09.09.2025 15:56:32.070 UTC,1.38377,1.38364,0.00495,0.0012
09.09.2025 15:56:35.451 UTC,1.38376,1.38365,0.0012,0.0018
09.09.2025 15:56:36.560 UTC,1.38377,1.38364,0.0012,0.00135
09.09.2025 15:56:37.115 UTC,1.38377,1.38365,0.0012,0.0018
09.09.2025 15:56:37.167 UTC,1.38379,1.38366,0.00315,0.00135
09.09.2025 15:56:38.837 UTC,1.38379,1.38366,0.0024,0.00135
09.09.2025 15:56:39.140 UTC,1.38379,1.38366,0.0024,0.0018
09.09.2025 15:56:39.476 UTC,1.38379,1.38366,0.0024,0.00135
09.09.2025 15:56:39.830 UTC,1.38379,1.38366,0.0024,0.0018
09.09.2025 15:56:39.931 UTC,1.38379,1.38366,0.0024,0.00135
09.09.2025 15:56:40.688 UTC,1.38379,1.38366,0.0024,0.0018
09.09.2025 15:56:41.796 UTC,1.38379,1.38366,0.0024,0.00135
09.09.2025 15:56:44.209 UTC,1.38378,1.38366,0.0033,0.0024
09.09.2025 15:56:44.312 UTC,1.38379,1.38367,0.00135,0.0018
09.09.2025 15:56:44.820 UTC,1.38379,1.38368,0.0018,0.0018
09.09.2025 15:56:45.927 UTC,1.3838,1.38367,0.0018,0.0018
09.09.2025 15:56:46.029 UTC,1.38379,1.38368,0.0018,0.0018
09.09.2025 15:56:48.996 UTC,1.38378,1.38368,0.0018,0.0018
09.09.2025 15:56:49.099 UTC,1.38378,1.38368,0.0018,0.00135
09.09.2025 15:56:52.082 UTC,1.38378,1.38366,0.00135,0.00135
09.09.2025 15:56:52.338 UTC,1.38377,1.38365,0.0024,0.0012
09.09.2025 15:56:52.441 UTC,1.38375,1.38363,0.0012,0.0018
09.09.2025 15:56:52.493 UTC,1.38377,1.38363,0.00405,0.0018
09.09.2025 15:56:52.595 UTC,1.38376,1.38363,0.0012,0.0018
09.09.2025 15:56:53.208 UTC,1.38375,1.38363,0.0018,0.0012
09.09.2025 15:56:56.583 UTC,1.38374,1.38362,0.0024,0.0012
09.09.2025 15:56:58.356 UTC,1.38371,1.38361,0.0018,0.00375
09.09.2025 15:56:58.459 UTC,1.38371,1.38359,0.0018,0.0018
09.09.2025 15:56:58.613 UTC,1.38371,1.38359,0.0018,0.00135
09.09.2025 15:57:02.554 UTC,1.38372,1.3836,0.0024,0.0012
09.09.2025 15:57:02.659 UTC,1.38373,1.38361,0.0018,0.00135
09.09.2025 15:57:04.027 UTC,1.38373,1.38362,0.0024,0.00195
09.09.2025 15:57:04.684 UTC,1.38373,1.38361,0.00135,0.00195
09.09.2025 15:57:04.786 UTC,1.38372,1.38361,0.00225,0.0024
09.09.2025 15:57:08.066 UTC,1.38374,1.38363,0.0012,0.0012
09.09.2025 15:57:08.170 UTC,1.38376,1.38363,0.00315,0.00135
09.09.2025 15:57:08.222 UTC,1.38373,1.38363,0.00135,0.0012
09.09.2025 15:57:08.327 UTC,1.38373,1.38362,0.0012,0.00135
09.09.2025 15:57:08.429 UTC,1.38374,1.38362,0.00225,0.00135
09.09.2025 15:57:09.085 UTC,1.38372,1.38362,0.00225,0.0018
09.09.2025 15:57:16.298 UTC,1.38373,1.38362,0.00135,0.00135
09.09.2025 15:57:16.401 UTC,1.38373,1.38362,0.00135,0.00195
09.09.2025 15:57:16.504 UTC,1.38373,1.38364,0.00135,0.0012
09.09.2025 15:57:18.331 UTC,1.38373,1.38365,0.00135,0.0012
09.09.2025 15:57:18.583 UTC,1.38375,1.38365,0.00225,0.0012
09.09.2025 15:57:19.844 UTC,1.38375,1.38365,0.0033,0.0012
09.09.2025 15:57:19.947 UTC,1.38373,1.38365,0.00135,0.0012
09.09.2025 15:57:20.656 UTC,1.38374,1.38365,0.00135,0.0012
09.09.2025 15:57:21.612 UTC,1.38374,1.38364,0.00135,0.0012
09.09.2025 15:57:21.815 UTC,1.38375,1.38364,0.0018,0.0012
09.09.2025 15:57:22.621 UTC,1.38374,1.38366,0.0018,0.0012
09.09.2025 15:57:23.127 UTC,1.38374,1.38365,0.00225,0.0012
09.09.2025 15:57:23.231 UTC,1.38371,1.38363,0.0012,0.00135
09.09.2025 15:57:29.209 UTC,1.38375,1.38363,0.0018,0.00135
09.09.2025 15:57:29.314 UTC,1.38375,1.38364,0.0012,0.0018
09.09.2025 15:57:29.417 UTC,1.38375,1.38367,0.0012,0.0012
09.09.2025 15:57:30.075 UTC,1.38376,1.38366,0.0024,0.0012
09.09.2025 15:57:30.327 UTC,1.38375,1.38368,0.0024,0.0012
09.09.2025 15:57:30.637 UTC,1.38376,1.38366,0.0024,0.0012
09.09.2025 15:57:30.740 UTC,1.38376,1.38364,0.0024,0.0024
09.09.2025 15:57:31.751 UTC,1.38374,1.38364,0.0018,0.0012
09.09.2025 15:57:31.854 UTC,1.38373,1.38361,0.0024,0.0018
09.09.2025 15:57:31.906 UTC,1.38372,1.3836,0.0018,0.00375
09.09.2025 15:57:32.010 UTC,1.38372,1.3836,0.0018,0.0018
09.09.2025 15:57:34.228 UTC,1.38372,1.38359,0.0024,0.0018
09.09.2025 15:57:34.533 UTC,1.38372,1.38359,0.0033,0.00195
09.09.2025 15:57:34.735 UTC,1.38371,1.3836,0.0033,0.0018
09.09.2025 15:57:35.441 UTC,1.38369,1.3836,0.0018,0.0018
09.09.2025 15:57:36.306 UTC,1.38369,1.38356,0.00225,0.00135
09.09.2025 15:57:36.764 UTC,1.38367,1.38357,0.0012,0.0018
09.09.2025 15:57:36.817 UTC,1.38366,1.38355,0.0018,0.0018
09.09.2025 15:57:36.920 UTC,1.38361,1.38351,0.0018,0.00135
09.09.2025 15:57:37.045 UTC,1.38361,1.3835,0.00135,0.00195
09.09.2025 15:57:37.148 UTC,1.38361,1.3835,0.00135,0.00135
09.09.2025 15:57:40.823 UTC,1.38362,1.38351,0.0012,0.00135
09.09.2025 15:57:40.926 UTC,1.38362,1.38352,0.0012,0.00135
09.09.2025 15:57:41.835 UTC,1.38364,1.38351,0.0018,0.0018
09.09.2025 15:57:43.507 UTC,1.38364,1.38351,0.0018,0.00195
09.09.2025 15:57:43.609 UTC,1.38364,1.38351,0.0018,0.0018
09.09.2025 15:57:44.918 UTC,1.38363,1.38354,0.0012,0.0012
09.09.2025 15:57:44.971 UTC,1.38368,1.38357,0.00135,0.00135
09.09.2025 15:57:45.074 UTC,1.38369,1.38358,0.00225,0.0024
09.09.2025 15:57:45.278 UTC,1.3837,1.38357,0.00225,0.00225
09.09.2025 15:57:45.635 UTC,1.38369,1.38357,0.0012,0.0012
09.09.2025 15:57:46.726 UTC,1.3837,1.38357,0.0012,0.0018
09.09.2025 15:57:46.831 UTC,1.3837,1.38357,0.0012,0.00285
09.09.2025 15:57:47.945 UTC,1.38368,1.38358,0.0012,0.00225
09.09.2025 15:57:48.251 UTC,1.38369,1.38357,0.00135,0.00195
09.09.2025 15:57:48.353 UTC,1.38367,1.38357,0.0012,0.00285
09.09.2025 15:57:48.456 UTC,1.38367,1.38355,0.0018,0.0018
09.09.2025 15:57:50.524 UTC,1.38366,1.38355,0.00135,0.0018
09.09.2025 15:57:52.186 UTC,1.38367,1.38355,0.00315,0.0018
09.09.2025 15:57:56.457 UTC,1.38365,1.38355,0.00135,0.0012
09.09.2025 15:57:56.560 UTC,1.38362,1.38354,0.0012,0.0012
09.09.2025 15:57:56.691 UTC,1.38363,1.38352,0.0018,0.0012
09.09.2025 15:57:57.708 UTC,1.38363,1.38351,0.0018,0.0018
09.09.2025 15:57:57.962 UTC,1.38363,1.38351,0.0018,0.00195
09.09.2025 15:57:58.114 UTC,1.38363,1.38351,0.0018,0.0018
09.09.2025 15:57:58.317 UTC,1.38363,1.38351,0.0018,0.00195
09.09.2025 15:57:58.419 UTC,1.38363,1.38351,0.0018,0.0018
09.09.2025 15:57:58.522 UTC,1.38362,1.38352,0.0018,0.00195
09.09.2025 15:57:58.624 UTC,1.38363,1.38351,0.0018,0.0018
09.09.2025 15:57:58.878 UTC,1.38362,1.38352,0.0018,0.00195
09.09.2025 15:57:59.081 UTC,1.38363,1.38351,0.0018,0.0018
09.09.2025 15:58:01.905 UTC,1.38362,1.38352,0.0018,0.00195
09.09.2025 15:58:02.010 UTC,1.38365,1.38354,0.00225,0.0033
09.09.2025 15:58:03.276 UTC,1.38366,1.38354,0.00135,0.0018
09.09.2025 15:58:03.430 UTC,1.38366,1.38353,0.00225,0.0018
09.09.2025 15:58:03.533 UTC,1.38366,1.38353,0.00225,0.0033
09.09.2025 15:58:05.400 UTC,1.38365,1.38354,0.0012,0.0033
09.09.2025 15:58:06.047 UTC,1.38366,1.38353,0.0012,0.0033
09.09.2025 15:58:06.301 UTC,1.38365,1.38354,0.0012,0.0033
09.09.2025 15:58:07.157 UTC,1.38366,1.38353,0.0012,0.0033
09.09.2025 15:58:10.034 UTC,1.38364,1.38352,0.0033,0.00195
09.09.2025 15:58:10.137 UTC,1.38364,1.38352,0.0018,0.00195
09.09.2025 15:58:10.493 UTC,1.38363,1.38352,0.00225,0.0012
09.09.2025 15:58:10.799 UTC,1.38364,1.38352,0.0018,0.0018
09.09.2025 15:58:13.171 UTC,1.38363,1.38353,0.0018,0.00195
09.09.2025 15:58:13.525 UTC,1.38364,1.38352,0.0012,0.0018
09.09.2025 15:58:13.628 UTC,1.38363,1.38351,0.00315,0.0012
09.09.2025 15:58:13.731 UTC,1.38362,1.38352,0.00315,0.0012
09.09.2025 15:58:13.834 UTC,1.38362,1.38351,0.0012,0.0012
09.09.2025 15:58:14.241 UTC,1.38363,1.38351,0.00315,0.0012
09.09.2025 15:58:14.545 UTC,1.38363,1.38351,0.0018,0.0012
09.09.2025 15:58:14.648 UTC,1.38364,1.38352,0.00405,0.0018
09.09.2025 15:58:15.054 UTC,1.38364,1.38352,0.00405,0.00135
09.09.2025 15:58:15.208 UTC,1.38362,1.38353,0.00135,0.00135
09.09.2025 15:58:15.311 UTC,1.38362,1.3835,0.0018,0.0012
09.09.2025 15:58:15.414 UTC,1.38361,1.3835,0.00225,0.0012
09.09.2025 15:58:15.721 UTC,1.38359,1.3835,0.00135,0.0012
09.09.2025 15:58:15.925 UTC,1.3836,1.38349,0.00135,0.0012
09.09.2025 15:58:16.828 UTC,1.38359,1.3835,0.00135,0.0012
09.09.2025 15:58:17.180 UTC,1.3836,1.38349,0.00135,0.0012
09.09.2025 15:58:17.586 UTC,1.38358,1.38349,0.00135,0.00195
09.09.2025 15:58:17.740 UTC,1.38359,1.38347,0.00135,0.00285
09.09.2025 15:58:19.458 UTC,1.38358,1.38349,0.00135,0.0012
09.09.2025 15:58:19.711 UTC,1.38359,1.38348,0.00135,0.0018
09.09.2025 15:58:20.065 UTC,1.38359,1.38349,0.00225,0.0018
09.09.2025 15:58:20.572 UTC,1.38359,1.38348,0.00225,0.0027
09.09.2025 15:58:20.724 UTC,1.38359,1.38348,0.00225,0.00285
09.09.2025 15:58:21.231 UTC,1.3836,1.38347,0.00315,0.0018
09.09.2025 15:58:21.738 UTC,1.38359,1.38348,0.00495,0.00195
09.09.2025 15:58:21.992 UTC,1.3836,1.38347,0.00495,0.0027
09.09.2025 15:58:22.095 UTC,1.38359,1.38348,0.00495,0.00285
09.09.2025 15:58:22.754 UTC,1.38359,1.38347,0.00135,0.00285
09.09.2025 15:58:24.819 UTC,1.38358,1.38348,0.00135,0.0018
09.09.2025 15:58:25.222 UTC,1.38359,1.38347,0.00135,0.00195
09.09.2025 15:58:25.524 UTC,1.38359,1.38348,0.00315,0.00195
09.09.2025 15:58:26.362 UTC,1.3836,1.38347,0.00405,0.0018
09.09.2025 15:58:26.465 UTC,1.38359,1.38347,0.00135,0.00195
09.09.2025 15:58:27.272 UTC,1.38358,1.38348,0.00135,0.0018
09.09.2025 15:58:27.375 UTC,1.38358,1.38349,0.00135,0.0012
09.09.2025 15:58:27.782 UTC,1.38358,1.38347,0.00135,0.0018
09.09.2025 15:58:27.886 UTC,1.38357,1.38346,0.00135,0.0018
09.09.2025 15:58:27.938 UTC,1.38359,1.38346,0.00315,0.0024
09.09.2025 15:58:28.041 UTC,1.38359,1.38347,0.00225,0.0012
09.09.2025 15:58:28.749 UTC,1.38358,1.38348,0.00225,0.0012
09.09.2025 15:58:29.354 UTC,1.38359,1.38347,0.00225,0.0012
09.09.2025 15:58:30.264 UTC,1.38358,1.38348,0.00225,0.0012
09.09.2025 15:58:32.785 UTC,1.38359,1.38347,0.00225,0.0012
09.09.2025 15:58:33.390 UTC,1.38359,1.38346,0.00315,0.0018
09.09.2025 15:58:33.493 UTC,1.38359,1.38346,0.00315,0.00195
09.09.2025 15:58:33.646 UTC,1.38358,1.38347,0.00315,0.00195
09.09.2025 15:58:34.152 UTC,1.38358,1.38347,0.0033,0.00195
09.09.2025 15:58:34.255 UTC,1.38358,1.38347,0.00315,0.00195
09.09.2025 15:58:35.088 UTC,1.38359,1.38346,0.0018,0.00195
09.09.2025 15:58:38.108 UTC,1.38359,1.38347,0.00135,0.0018
09.09.2025 15:58:38.260 UTC,1.38359,1.38347,0.00135,0.00195
09.09.2025 15:58:38.362 UTC,1.38358,1.38348,0.00135,0.0018
09.09.2025 15:58:38.465 UTC,1.38359,1.38347,0.00135,0.00195
09.09.2025 15:58:40.024 UTC,1.38357,1.38345,0.0012,0.00135
09.09.2025 15:58:40.127 UTC,1.38356,1.38345,0.00135,0.0018
09.09.2025 15:58:45.642 UTC,1.38357,1.38346,0.00225,0.00135
09.09.2025 15:58:46.053 UTC,1.38357,1.38344,0.00135,0.0018
09.09.2025 15:58:46.862 UTC,1.38356,1.38344,0.0012,0.0018
09.09.2025 15:58:50.996 UTC,1.38356,1.38344,0.00225,0.00195
09.09.2025 15:58:51.449 UTC,1.38356,1.38344,0.00225,0.0018
09.09.2025 15:58:52.660 UTC,1.38357,1.38344,0.00315,0.00195
09.09.2025 15:58:52.813 UTC,1.38357,1.38344,0.00225,0.0018
09.09.2025 15:58:55.777 UTC,1.38356,1.38344,0.00135,0.0018
09.09.2025 15:58:56.083 UTC,1.38354,1.38345,0.00135,0.0012
09.09.2025 15:58:56.186 UTC,1.38355,1.38343,0.00225,0.0018
09.09.2025 15:58:56.288 UTC,1.38355,1.38344,0.00135,0.00135
09.09.2025 15:58:56.391 UTC,1.38355,1.38345,0.00135,0.00135
09.09.2025 15:58:59.419 UTC,1.38354,1.38344,0.00135,0.00135
09.09.2025 15:58:59.622 UTC,1.38355,1.38344,0.00135,0.00135
09.09.2025 15:59:01.238 UTC,1.38354,1.38344,0.00135,0.00135
09.09.2025 15:59:02.302 UTC,1.38353,1.38341,0.0018,0.0024
09.09.2025 15:59:02.406 UTC,1.38353,1.3834,0.0033,0.0027
09.09.2025 15:59:02.509 UTC,1.38353,1.38341,0.00225,0.0012
09.09.2025 15:59:02.713 UTC,1.38353,1.38341,0.00225,0.0018
09.09.2025 15:59:02.918 UTC,1.38353,1.38341,0.00225,0.00135
09.09.2025 15:59:03.070 UTC,1.38353,1.38341,0.00225,0.0018
09.09.2025 15:59:03.222 UTC,1.38353,1.38341,0.00225,0.00135
09.09.2025 15:59:03.325 UTC,1.38353,1.38341,0.0012,0.0018
09.09.2025 15:59:03.427 UTC,1.38353,1.38342,0.0027,0.0018
09.09.2025 15:59:03.529 UTC,1.38354,1.38341,0.0027,0.00135
09.09.2025 15:59:03.681 UTC,1.38354,1.38342,0.0018,0.0018
09.09.2025 15:59:03.785 UTC,1.38356,1.38344,0.00135,0.0012
09.09.2025 15:59:04.145 UTC,1.38356,1.38346,0.0012,0.00135
09.09.2025 15:59:04.249 UTC,1.38358,1.38347,0.00135,0.00135
09.09.2025 15:59:04.353 UTC,1.38357,1.38346,0.0018,0.0018
09.09.2025 15:59:04.536 UTC,1.38356,1.38345,0.00225,0.00135
09.09.2025 15:59:05.104 UTC,1.38355,1.38345,0.00135,0.00135
09.09.2025 15:59:05.255 UTC,1.38356,1.38344,0.00135,0.0018
09.09.2025 15:59:05.357 UTC,1.38355,1.38345,0.00135,0.00135
09.09.2025 15:59:05.510 UTC,1.38355,1.38345,0.00135,0.0018
09.09.2025 15:59:08.080 UTC,1.38355,1.38345,0.00135,0.00135
09.09.2025 15:59:08.233 UTC,1.38356,1.38344,0.00135,0.0018
09.09.2025 15:59:10.143 UTC,1.38355,1.38345,0.00135,0.00135
09.09.2025 15:59:10.852 UTC,1.38355,1.38345,0.00135,0.0018
09.09.2025 15:59:11.157 UTC,1.38358,1.38345,0.0018,0.00135
09.09.2025 15:59:11.261 UTC,1.38359,1.38346,0.006,0.0018
09.09.2025 15:59:11.466 UTC,1.38359,1.38346,0.0042,0.00135
09.09.2025 15:59:11.569 UTC,1.38357,1.38346,0.0018,0.00135
09.09.2025 15:59:11.672 UTC,1.38357,1.38345,0.0012,0.00135
09.09.2025 15:59:12.028 UTC,1.38357,1.38345,0.0012,0.0018
09.09.2025 15:59:12.181 UTC,1.38357,1.38345,0.0012,0.00135
09.09.2025 15:59:12.385 UTC,1.38358,1.38345,0.0012,0.00135
09.09.2025 15:59:12.589 UTC,1.38354,1.38344,0.00135,0.00135
09.09.2025 15:59:12.692 UTC,1.38353,1.38341,0.00135,0.0018
09.09.2025 15:59:12.795 UTC,1.38353,1.38341,0.00225,0.0012
09.09.2025 15:59:12.951 UTC,1.38354,1.38342,0.0012,0.00135
09.09.2025 15:59:13.308 UTC,1.38353,1.38341,0.0012,0.00195
09.09.2025 15:59:15.718 UTC,1.38352,1.38342,0.0012,0.0018
09.09.2025 15:59:15.870 UTC,1.38353,1.38341,0.0012,0.00195
09.09.2025 15:59:16.073 UTC,1.38351,1.38342,0.0012,0.0012
09.09.2025 15:59:16.175 UTC,1.38352,1.38341,0.0012,0.0012
09.09.2025 15:59:18.343 UTC,1.3835,1.38341,0.0012,0.0012
09.09.2025 15:59:18.395 UTC,1.38348,1.38336,0.0012,0.00375
09.09.2025 15:59:18.499 UTC,1.38346,1.38338,0.0012,0.0012
09.09.2025 15:59:18.854 UTC,1.38346,1.38336,0.0012,0.00195
09.09.2025 15:59:19.159 UTC,1.38346,1.38336,0.0012,0.00285
09.09.2025 15:59:21.528 UTC,1.38346,1.38337,0.0012,0.0018
09.09.2025 15:59:21.882 UTC,1.38347,1.38336,0.0012,0.00285
09.09.2025 15:59:22.628 UTC,1.38347,1.38336,0.0012,0.00195
09.09.2025 15:59:23.390 UTC,1.38349,1.38336,0.00225,0.00285
09.09.2025 15:59:23.947 UTC,1.38349,1.38336,0.00315,0.0027
09.09.2025 15:59:24.049 UTC,1.38349,1.38336,0.00315,0.00195
09.09.2025 15:59:26.473 UTC,1.38347,1.38335,0.00135,0.00135
09.09.2025 15:59:26.576 UTC,1.38346,1.38333,0.0018,0.0024
09.09.2025 15:59:27.135 UTC,1.38346,1.38333,0.00225,0.0024
09.09.2025 15:59:29.108 UTC,1.38346,1.38333,0.00225,0.0018
09.09.2025 15:59:29.211 UTC,1.38345,1.38334,0.00225,0.0018
09.09.2025 15:59:29.314 UTC,1.38346,1.38333,0.00315,0.0018
09.09.2025 15:59:29.417 UTC,1.38346,1.38333,0.00315,0.00135
09.09.2025 15:59:29.520 UTC,1.38346,1.38333,0.00315,0.0018
09.09.2025 15:59:29.673 UTC,1.38346,1.38333,0.00315,0.00135
09.09.2025 15:59:29.775 UTC,1.38345,1.38334,0.00315,0.0018
09.09.2025 15:59:30.027 UTC,1.38346,1.38333,0.00315,0.00135
09.09.2025 15:59:30.181 UTC,1.38346,1.38333,0.00315,0.0018
09.09.2025 15:59:30.888 UTC,1.38346,1.38333,0.00225,0.00225
09.09.2025 15:59:31.238 UTC,1.38345,1.38334,0.00225,0.0018
09.09.2025 15:59:31.340 UTC,1.38346,1.38333,0.00225,0.00135
09.09.2025 15:59:31.695 UTC,1.38345,1.38334,0.00225,0.0018
09.09.2025 15:59:31.999 UTC,1.38346,1.38333,0.00225,0.00135
09.09.2025 15:59:33.057 UTC,1.38346,1.38333,0.00225,0.0018
09.09.2025 15:59:33.513 UTC,1.38345,1.38334,0.00225,0.0018
09.09.2025 15:59:33.616 UTC,1.38345,1.38334,0.00225,0.00135
09.09.2025 15:59:33.718 UTC,1.38346,1.38333,0.00225,0.0018
09.09.2025 15:59:33.820 UTC,1.38346,1.38333,0.00225,0.00135
09.09.2025 15:59:34.326 UTC,1.38346,1.38333,0.00225,0.0018
09.09.2025 15:59:35.136 UTC,1.38346,1.38333,0.00225,0.00135
09.09.2025 15:59:35.239 UTC,1.38345,1.38333,0.0018,0.0018
09.09.2025 15:59:35.291 UTC,1.38346,1.38333,0.00585,0.0018
09.09.2025 15:59:35.395 UTC,1.38348,1.38336,0.00135,0.0018
09.09.2025 15:59:36.105 UTC,1.38349,1.38336,0.00135,0.0018
09.09.2025 15:59:36.818 UTC,1.38349,1.38336,0.00135,0.0024
09.09.2025 15:59:36.970 UTC,1.38348,1.38337,0.00135,0.0024
09.09.2025 15:59:38.484 UTC,1.38349,1.38338,0.00135,0.0012
09.09.2025 15:59:41.077 UTC,1.38349,1.38339,0.00225,0.0012
09.09.2025 15:59:45.061 UTC,1.38348,1.38341,0.00135,0.0012
09.09.2025 15:59:45.364 UTC,1.38351,1.38341,0.0018,0.0012
09.09.2025 15:59:45.468 UTC,1.38352,1.38342,0.00315,0.0012
09.09.2025 15:59:45.572 UTC,1.3835,1.38341,0.00225,0.00135
09.09.2025 15:59:45.876 UTC,1.38349,1.38341,0.00135,0.0012
09.09.2025 15:59:50.914 UTC,1.3835,1.38342,0.00135,0.0012
09.09.2025 15:59:51.018 UTC,1.38352,1.38343,0.00225,0.0012
09.09.2025 15:59:51.070 UTC,1.38352,1.38341,0.00315,0.0012
09.09.2025 15:59:51.173 UTC,1.38351,1.38343,0.00135,0.0012
09.09.2025 15:59:51.276 UTC,1.38354,1.38343,0.00405,0.00135
09.09.2025 15:59:52.441 UTC,1.38353,1.38345,0.00135,0.0012
09.09.2025 15:59:52.544 UTC,1.38355,1.38345,0.00135,0.0012
09.09.2025 15:59:52.647 UTC,1.38355,1.38346,0.00135,0.0012
09.09.2025 15:59:52.699 UTC,1.38356,1.38348,0.00765,0.0012
09.09.2025 15:59:52.802 UTC,1.38358,1.38347,0.0012,0.0012
09.09.2025 15:59:53.159 UTC,1.38357,1.38347,0.0012,0.0012
09.09.2025 15:59:53.312 UTC,1.38357,1.38346,0.0018,0.0012
09.09.2025 15:59:54.271 UTC,1.38357,1.38347,0.0012,0.0012
09.09.2025 15:59:56.291 UTC,1.38357,1.38346,0.0012,0.0012
09.09.2025 15:59:57.301 UTC,1.38357,1.38347,0.0012,0.0012
09.09.2025 15:59:57.404 UTC,1.38358,1.38347,0.0012,0.0012