UTC,Ask,Bid,Ask Volume,Bid Volume
22.09.2025 10:00:00.166 UTC,1.38099,1.38088,0.0012,0.00192
22.09.2025 10:00:00.217 UTC,1.38101,1.38091,0.0012,0.00252
22.09.2025 10:00:00.268 UTC,1.38102,1.38089,0.00135,0.0012
22.09.2025 10:00:00.320 UTC,1.38101,1.38092,0.00135,0.0012
22.09.2025 10:00:00.421 UTC,1.38104,1.38091,0.0012,0.00135
22.09.2025 10:00:00.574 UTC,1.38103,1.38092,0.0012,0.00147
22.09.2025 10:00:00.977 UTC,1.38104,1.38092,0.0018,0.00147
22.09.2025 10:00:01.079 UTC,1.38105,1.38091,0.00225,0.00327
22.09.2025 10:00:02.038 UTC,1.38105,1.38092,0.0012,0.00327
22.09.2025 10:00:02.141 UTC,1.38107,1.38092,0.0036,0.00327
22.09.2025 10:00:02.495 UTC,1.38107,1.38092,0.00285,0.00327
22.09.2025 10:00:02.596 UTC,1.38107,1.38092,0.0027,0.00342
22.09.2025 10:00:03.301 UTC,1.38106,1.38093,0.0027,0.00192
22.09.2025 10:00:03.905 UTC,1.38107,1.38092,0.00285,0.00147
22.09.2025 10:00:04.007 UTC,1.38105,1.38092,0.0012,0.00147
22.09.2025 10:00:04.814 UTC,1.38104,1.38093,0.0012,0.00147
22.09.2025 10:00:05.120 UTC,1.38103,1.38092,0.0012,0.00147
22.09.2025 10:00:05.172 UTC,1.38102,1.3809,0.0012,0.00237
22.09.2025 10:00:05.224 UTC,1.38103,1.38089,0.0027,0.00132
22.09.2025 10:00:05.275 UTC,1.38102,1.38089,0.00132,0.0012
22.09.2025 10:00:05.327 UTC,1.38101,1.38087,0.00132,0.00225
22.09.2025 10:00:05.481 UTC,1.38097,1.38086,0.00135,0.00132
22.09.2025 10:00:05.584 UTC,1.38097,1.38084,0.00132,0.0012
22.09.2025 10:00:05.686 UTC,1.38099,1.38085,0.0012,0.00132
22.09.2025 10:00:05.738 UTC,1.38098,1.38086,0.0012,0.00252
22.09.2025 10:00:05.993 UTC,1.381,1.38085,0.00135,0.00192
22.09.2025 10:00:06.358 UTC,1.381,1.38085,0.0018,0.00192
22.09.2025 10:00:06.716 UTC,1.381,1.38085,0.00195,0.00147
22.09.2025 10:00:08.225 UTC,1.38099,1.38085,0.00135,0.00237
22.09.2025 10:00:09.287 UTC,1.38098,1.38086,0.0012,0.00252
22.09.2025 10:00:09.338 UTC,1.38098,1.38086,0.00135,0.00237
22.09.2025 10:00:10.095 UTC,1.38098,1.38085,0.0012,0.00192
22.09.2025 10:00:10.198 UTC,1.38096,1.38084,0.0018,0.00132
22.09.2025 10:00:10.300 UTC,1.38096,1.38084,0.00195,0.00132
22.09.2025 10:00:10.402 UTC,1.38096,1.38084,0.00135,0.00147
22.09.2025 10:00:10.503 UTC,1.38097,1.38083,0.00135,0.00147
22.09.2025 10:00:10.605 UTC,1.38096,1.38085,0.00135,0.00147
22.09.2025 10:00:10.708 UTC,1.38098,1.38083,0.0018,0.00252
22.09.2025 10:00:10.809 UTC,1.38098,1.38083,0.00135,0.00252
22.09.2025 10:00:14.085 UTC,1.38099,1.38085,0.00315,0.00147
22.09.2025 10:00:14.187 UTC,1.381,1.38086,0.00135,0.00147
22.09.2025 10:00:14.744 UTC,1.38099,1.38089,0.00135,0.00132
22.09.2025 10:00:14.846 UTC,1.38104,1.3809,0.0012,0.00132
22.09.2025 10:00:17.063 UTC,1.38104,1.3809,0.00135,0.00132
22.09.2025 10:00:17.166 UTC,1.38103,1.38089,0.0012,0.00132
22.09.2025 10:00:17.268 UTC,1.38105,1.3809,0.00315,0.00132
22.09.2025 10:00:18.075 UTC,1.38104,1.38091,0.0012,0.00327
22.09.2025 10:00:18.126 UTC,1.38107,1.38093,0.00315,0.00132
22.09.2025 10:00:20.411 UTC,1.38104,1.38092,0.0012,0.00132
22.09.2025 10:00:20.463 UTC,1.38105,1.38093,0.0012,0.00192
22.09.2025 10:00:20.565 UTC,1.38106,1.38094,0.0012,0.00237
22.09.2025 10:00:20.616 UTC,1.38108,1.38095,0.00495,0.00282
22.09.2025 10:00:21.275 UTC,1.38103,1.38093,0.0012,0.0012
22.09.2025 10:00:21.377 UTC,1.38106,1.38093,0.00189,0.0012
22.09.2025 10:00:21.884 UTC,1.38108,1.38094,0.00132,0.00225
22.09.2025 10:00:21.986 UTC,1.38109,1.38095,0.00132,0.00135
22.09.2025 10:00:23.096 UTC,1.38109,1.38096,0.0018,0.00417
22.09.2025 10:00:24.458 UTC,1.38109,1.38096,0.00195,0.00237
22.09.2025 10:00:27.128 UTC,1.38108,1.38096,0.00135,0.00237
22.09.2025 10:00:27.280 UTC,1.38109,1.38095,0.0012,0.00432
22.09.2025 10:00:34.429 UTC,1.38109,1.38099,0.0012,0.00189
22.09.2025 10:00:35.034 UTC,1.3811,1.38099,0.0012,0.00189
22.09.2025 10:00:36.042 UTC,1.38108,1.38098,0.0012,0.00132
22.09.2025 10:00:36.847 UTC,1.38109,1.38097,0.0012,0.00132
22.09.2025 10:00:37.955 UTC,1.38109,1.38097,0.0012,0.0012
22.09.2025 10:00:41.074 UTC,1.38108,1.38098,0.0018,0.00132
22.09.2025 10:00:41.176 UTC,1.38108,1.38097,0.0012,0.00132
22.09.2025 10:00:42.188 UTC,1.38108,1.38096,0.00135,0.0012
22.09.2025 10:00:43.348 UTC,1.38107,1.38094,0.00282,0.00135
22.09.2025 10:00:43.400 UTC,1.38102,1.3809,0.0012,0.00177
22.09.2025 10:00:43.505 UTC,1.38101,1.38087,0.00132,0.0012
22.09.2025 10:00:43.557 UTC,1.38099,1.38085,0.00132,0.0012
22.09.2025 10:00:43.608 UTC,1.38097,1.38083,0.00132,0.00116
22.09.2025 10:00:43.711 UTC,1.38093,1.38079,0.0012,0.0012
22.09.2025 10:00:43.762 UTC,1.38091,1.38079,0.0012,0.0012
22.09.2025 10:00:43.966 UTC,1.38091,1.38077,0.0018,0.0012
22.09.2025 10:00:44.170 UTC,1.38091,1.38078,0.0012,0.0012
22.09.2025 10:00:44.828 UTC,1.38091,1.38075,0.00324,0.0018
22.09.2025 10:00:44.930 UTC,1.38088,1.38076,0.00132,0.0018
22.09.2025 10:00:45.083 UTC,1.38088,1.38074,0.00132,0.00225
22.09.2025 10:00:45.288 UTC,1.38086,1.38075,0.0012,0.0012
22.09.2025 10:00:45.390 UTC,1.38088,1.38074,0.00144,0.0012
22.09.2025 10:00:45.492 UTC,1.38086,1.38075,0.0012,0.0012
22.09.2025 10:00:45.644 UTC,1.38088,1.38074,0.00144,0.0012
22.09.2025 10:00:45.747 UTC,1.38087,1.38074,0.0012,0.00135
22.09.2025 10:00:46.102 UTC,1.38087,1.38076,0.0012,0.00135
22.09.2025 10:00:46.204 UTC,1.38092,1.38077,0.0012,0.00192
22.09.2025 10:00:47.227 UTC,1.38091,1.38076,0.00282,0.0012
22.09.2025 10:00:47.329 UTC,1.38088,1.38075,0.0012,0.00225
22.09.2025 10:00:47.483 UTC,1.38087,1.38074,0.0012,0.00225
22.09.2025 10:00:47.585 UTC,1.38088,1.38074,0.0012,0.00225
22.09.2025 10:00:48.695 UTC,1.38087,1.38074,0.0012,0.00225
22.09.2025 10:00:49.303 UTC,1.38086,1.38075,0.0012,0.0024
22.09.2025 10:00:49.808 UTC,1.38087,1.38075,0.0012,0.0024
22.09.2025 10:00:50.514 UTC,1.38088,1.38074,0.00144,0.00225
22.09.2025 10:00:50.616 UTC,1.38085,1.38074,0.0012,0.00135
22.09.2025 10:00:51.071 UTC,1.38086,1.38074,0.0012,0.00192
22.09.2025 10:00:51.123 UTC,1.38089,1.38075,0.00135,0.00147
22.09.2025 10:00:51.225 UTC,1.38089,1.38077,0.0012,0.00132
22.09.2025 10:00:51.327 UTC,1.38089,1.38078,0.0012,0.00147
22.09.2025 10:00:51.530 UTC,1.38089,1.38077,0.0012,0.00132
22.09.2025 10:00:56.056 UTC,1.38089,1.38077,0.0012,0.0012
22.09.2025 10:00:56.158 UTC,1.38091,1.38078,0.00315,0.00192
22.09.2025 10:00:56.260 UTC,1.38092,1.38077,0.00327,0.0018
22.09.2025 10:00:56.462 UTC,1.38092,1.38077,0.00387,0.00135
22.09.2025 10:00:56.565 UTC,1.38089,1.38078,0.0012,0.00192
22.09.2025 10:00:56.616 UTC,1.38092,1.38077,0.0012,0.00192
22.09.2025 10:00:56.718 UTC,1.38093,1.38081,0.00417,0.00135
22.09.2025 10:00:56.821 UTC,1.38093,1.38082,0.00279,0.00135
22.09.2025 10:00:56.974 UTC,1.38097,1.38083,0.00279,0.0012
22.09.2025 10:00:57.077 UTC,1.38097,1.38085,0.0012,0.00282
22.09.2025 10:00:57.229 UTC,1.38099,1.38084,0.00315,0.00372
22.09.2025 10:00:57.331 UTC,1.381,1.38085,0.00135,0.00372
22.09.2025 10:00:57.584 UTC,1.38099,1.38086,0.0012,0.00132
22.09.2025 10:00:57.837 UTC,1.38099,1.38086,0.0012,0.00282
22.09.2025 10:00:58.293 UTC,1.38099,1.38086,0.0012,0.00192
22.09.2025 10:00:58.497 UTC,1.38099,1.38087,0.0012,0.00132
22.09.2025 10:00:59.756 UTC,1.38099,1.38085,0.0012,0.00372
22.09.2025 10:00:59.807 UTC,1.381,1.38085,0.00135,0.00192
22.09.2025 10:00:59.859 UTC,1.381,1.38085,0.00135,0.00372
22.09.2025 10:01:00.314 UTC,1.381,1.38085,0.0018,0.00132
22.09.2025 10:01:00.366 UTC,1.38099,1.38085,0.0012,0.00327
22.09.2025 10:01:01.514 UTC,1.381,1.38086,0.0012,0.00147
22.09.2025 10:01:02.421 UTC,1.381,1.38086,0.0012,0.00327
22.09.2025 10:01:03.629 UTC,1.381,1.38086,0.0012,0.00147
22.09.2025 10:01:06.142 UTC,1.38099,1.38086,0.0012,0.00237
22.09.2025 10:01:06.245 UTC,1.38098,1.38087,0.00132,0.00225
22.09.2025 10:01:06.347 UTC,1.38099,1.38086,0.0012,0.00237
22.09.2025 10:01:06.549 UTC,1.38098,1.38087,0.0012,0.00147
22.09.2025 10:01:06.652 UTC,1.38098,1.38086,0.00189,0.00135
22.09.2025 10:01:06.754 UTC,1.38097,1.38086,0.0012,0.00225
22.09.2025 10:01:06.856 UTC,1.38099,1.38086,0.0012,0.00192
22.09.2025 10:01:06.907 UTC,1.381,1.38087,0.00225,0.00192
22.09.2025 10:01:08.017 UTC,1.381,1.38086,0.0012,0.00342
22.09.2025 10:01:10.179 UTC,1.38099,1.38086,0.0012,0.00342
22.09.2025 10:01:14.409 UTC,1.38098,1.38087,0.0012,0.00147
22.09.2025 10:01:14.460 UTC,1.381,1.38085,0.00195,0.00147
22.09.2025 10:01:14.563 UTC,1.38097,1.38086,0.00135,0.0012
22.09.2025 10:01:16.158 UTC,1.38098,1.38085,0.0012,0.0024
22.09.2025 10:01:16.260 UTC,1.38098,1.38086,0.00132,0.0024
22.09.2025 10:01:17.517 UTC,1.38098,1.38085,0.0012,0.0024
22.09.2025 10:01:18.071 UTC,1.38098,1.38086,0.0012,0.00252
22.09.2025 10:01:18.122 UTC,1.38099,1.38087,0.00135,0.00417
22.09.2025 10:01:18.679 UTC,1.381,1.38087,0.00225,0.00342
22.09.2025 10:01:18.780 UTC,1.38101,1.38086,0.0024,0.00327
22.09.2025 10:01:19.033 UTC,1.38101,1.38086,0.00225,0.00342
22.09.2025 10:01:19.135 UTC,1.381,1.38086,0.0012,0.00432
22.09.2025 10:01:19.487 UTC,1.38099,1.38087,0.0012,0.00252
22.09.2025 10:01:19.690 UTC,1.381,1.38086,0.00195,0.00132
22.09.2025 10:01:19.741 UTC,1.38097,1.38084,0.0012,0.00342
22.09.2025 10:01:19.843 UTC,1.38098,1.38085,0.0012,0.00237
22.09.2025 10:01:29.310 UTC,1.38097,1.38084,0.0012,0.00237
22.09.2025 10:01:30.117 UTC,1.38098,1.38086,0.00135,0.00417
22.09.2025 10:01:33.543 UTC,1.38098,1.38089,0.0012,0.00132
22.09.2025 10:01:38.230 UTC,1.38099,1.3809,0.0012,0.0012
22.09.2025 10:01:38.785 UTC,1.38101,1.3809,0.00135,0.0012
22.09.2025 10:01:38.987 UTC,1.38101,1.38089,0.0012,0.00279
22.09.2025 10:01:39.291 UTC,1.381,1.38089,0.0012,0.00189
22.09.2025 10:01:40.299 UTC,1.381,1.3809,0.0012,0.00189
22.09.2025 10:01:40.401 UTC,1.38099,1.3809,0.0012,0.00189
22.09.2025 10:01:40.806 UTC,1.38101,1.38089,0.00135,0.00189
22.09.2025 10:01:41.562 UTC,1.38101,1.38092,0.0012,0.00189
22.09.2025 10:01:41.613 UTC,1.38103,1.38093,0.0012,0.00189
22.09.2025 10:01:41.665 UTC,1.38104,1.38094,0.0012,0.00192
22.09.2025 10:01:41.716 UTC,1.38107,1.38096,0.0012,0.00192
22.09.2025 10:01:41.768 UTC,1.3811,1.38095,0.0027,0.00192
22.09.2025 10:01:41.870 UTC,1.38107,1.38095,0.00135,0.00192
22.09.2025 10:01:42.683 UTC,1.38108,1.38096,0.0018,0.00189
22.09.2025 10:01:42.785 UTC,1.38108,1.38094,0.00237,0.0012
22.09.2025 10:01:42.836 UTC,1.38104,1.38091,0.0012,0.00132
22.09.2025 10:01:42.888 UTC,1.38101,1.38092,0.0012,0.00132
22.09.2025 10:01:42.990 UTC,1.38101,1.38088,0.0012,0.00342
22.09.2025 10:01:43.041 UTC,1.38103,1.3809,0.0018,0.00147
22.09.2025 10:01:43.347 UTC,1.38101,1.3809,0.00225,0.00132
22.09.2025 10:01:44.356 UTC,1.38102,1.38089,0.00225,0.00132
22.09.2025 10:01:44.458 UTC,1.38105,1.3809,0.0024,0.00237
22.09.2025 10:01:44.560 UTC,1.38105,1.38091,0.0012,0.00147
22.09.2025 10:01:44.612 UTC,1.38103,1.3809,0.0012,0.00327
22.09.2025 10:01:44.714 UTC,1.38103,1.38091,0.0012,0.00237
22.09.2025 10:01:44.766 UTC,1.38103,1.3809,0.0012,0.00225
22.09.2025 10:01:44.868 UTC,1.38102,1.38088,0.00135,0.0012
22.09.2025 10:01:44.970 UTC,1.38099,1.38088,0.0012,0.00225
22.09.2025 10:01:48.798 UTC,1.38098,1.38088,0.0012,0.0012
22.09.2025 10:01:49.052 UTC,1.38099,1.38088,0.0012,0.00132
22.09.2025 10:01:49.103 UTC,1.38104,1.38091,0.0027,0.00132
22.09.2025 10:01:49.810 UTC,1.38102,1.38088,0.0012,0.00252
22.09.2025 10:01:49.912 UTC,1.38105,1.38091,0.00135,0.00147
22.09.2025 10:01:51.275 UTC,1.38104,1.38091,0.0012,0.00237
22.09.2025 10:01:54.799 UTC,1.38105,1.38091,0.0012,0.00252
22.09.2025 10:01:55.054 UTC,1.38104,1.3809,0.0018,0.00132
22.09.2025 10:01:55.156 UTC,1.38103,1.3809,0.00234,0.0012
22.09.2025 10:01:55.258 UTC,1.38103,1.3809,0.0012,0.00147
22.09.2025 10:01:55.462 UTC,1.38102,1.38091,0.0012,0.00147
22.09.2025 10:01:55.614 UTC,1.38103,1.38091,0.00135,0.00147
22.09.2025 10:01:55.716 UTC,1.38105,1.38091,0.00225,0.00147
22.09.2025 10:01:56.648 UTC,1.38104,1.38091,0.0027,0.00192
22.09.2025 10:01:56.751 UTC,1.38101,1.38088,0.0012,0.00192
22.09.2025 10:01:56.856 UTC,1.38104,1.38089,0.00192,0.00135
22.09.2025 10:01:56.964 UTC,1.38105,1.38089,0.00387,0.0018
22.09.2025 10:01:57.066 UTC,1.38105,1.38089,0.00387,0.00135
22.09.2025 10:01:57.218 UTC,1.38105,1.38089,0.00387,0.0018
22.09.2025 10:01:58.327 UTC,1.38105,1.38089,0.00207,0.0018
22.09.2025 10:01:58.379 UTC,1.38099,1.38089,0.0012,0.0012
22.09.2025 10:01:58.481 UTC,1.381,1.38087,0.0012,0.0018
22.09.2025 10:01:58.634 UTC,1.381,1.38086,0.00132,0.00135
22.09.2025 10:01:59.090 UTC,1.38103,1.38087,0.00189,0.00195
22.09.2025 10:01:59.192 UTC,1.38105,1.38091,0.00327,0.0012
22.09.2025 10:02:02.068 UTC,1.38105,1.38091,0.0012,0.00147
22.09.2025 10:02:02.170 UTC,1.38105,1.38093,0.0018,0.00132
22.09.2025 10:02:02.272 UTC,1.38106,1.38092,0.00189,0.0012
22.09.2025 10:02:02.373 UTC,1.38106,1.38091,0.00207,0.00135
22.09.2025 10:02:02.525 UTC,1.38104,1.38091,0.0012,0.00135
22.09.2025 10:02:03.230 UTC,1.38102,1.38089,0.00132,0.0012
22.09.2025 10:02:03.382 UTC,1.38101,1.38088,0.00132,0.00225
22.09.2025 10:02:04.188 UTC,1.381,1.38088,0.0012,0.0012
22.09.2025 10:02:04.340 UTC,1.381,1.38087,0.0012,0.0012
22.09.2025 10:02:06.657 UTC,1.38101,1.38087,0.00132,0.0024
22.09.2025 10:02:07.061 UTC,1.38099,1.38088,0.0012,0.00225
22.09.2025 10:02:07.163 UTC,1.38101,1.38087,0.00132,0.00135
22.09.2025 10:02:09.263 UTC,1.381,1.38086,0.00147,0.0024
22.09.2025 10:02:09.315 UTC,1.38099,1.38085,0.00327,0.0018
22.09.2025 10:02:09.417 UTC,1.38098,1.38084,0.00189,0.0012
22.09.2025 10:02:09.519 UTC,1.38098,1.38083,0.00189,0.0012
22.09.2025 10:02:10.074 UTC,1.38097,1.38084,0.0012,0.00252
22.09.2025 10:02:10.175 UTC,1.38098,1.38086,0.0012,0.00147
22.09.2025 10:02:12.996 UTC,1.381,1.38084,0.0018,0.00342
22.09.2025 10:02:14.204 UTC,1.381,1.38084,0.00375,0.00342
22.09.2025 10:02:17.279 UTC,1.38098,1.38084,0.0012,0.00342
22.09.2025 10:02:19.656 UTC,1.38092,1.38082,0.0018,0.0012
22.09.2025 10:02:19.708 UTC,1.38089,1.38077,0.0012,0.00132
22.09.2025 10:02:19.810 UTC,1.3809,1.38076,0.0012,0.00192
22.09.2025 10:02:19.862 UTC,1.38092,1.38078,0.0012,0.00132
22.09.2025 10:02:19.913 UTC,1.38094,1.38081,0.0012,0.00132
22.09.2025 10:02:19.964 UTC,1.38094,1.3808,0.0012,0.00132
22.09.2025 10:02:20.016 UTC,1.38091,1.38079,0.0012,0.00132
22.09.2025 10:02:21.533 UTC,1.38093,1.38079,0.0012,0.00147
22.09.2025 10:02:25.072 UTC,1.38093,1.38081,0.0012,0.00147
22.09.2025 10:02:25.175 UTC,1.38095,1.38082,0.0012,0.00237
22.09.2025 10:02:25.378 UTC,1.38095,1.38081,0.00135,0.00237
22.09.2025 10:02:25.479 UTC,1.38094,1.38081,0.0012,0.00237
22.09.2025 10:02:26.587 UTC,1.38093,1.38082,0.00135,0.00132
22.09.2025 10:02:26.689 UTC,1.38093,1.38079,0.00135,0.00147
22.09.2025 10:02:26.792 UTC,1.38093,1.38081,0.0012,0.00132
22.09.2025 10:02:26.894 UTC,1.38095,1.38081,0.0027,0.00132
22.09.2025 10:02:27.097 UTC,1.38094,1.38081,0.00135,0.00132
22.09.2025 10:02:27.199 UTC,1.38093,1.38081,0.0012,0.00132
22.09.2025 10:02:32.790 UTC,1.38093,1.38079,0.00135,0.00237
22.09.2025 10:02:32.893 UTC,1.38092,1.38078,0.0012,0.00342
22.09.2025 10:02:32.995 UTC,1.38092,1.38081,0.0012,0.00147
22.09.2025 10:02:33.098 UTC,1.38093,1.38082,0.0012,0.00147
22.09.2025 10:02:33.301 UTC,1.38094,1.38081,0.0012,0.00147
22.09.2025 10:02:33.403 UTC,1.38093,1.38081,0.0012,0.00132
22.09.2025 10:02:35.270 UTC,1.38092,1.38081,0.0012,0.00132
22.09.2025 10:02:35.372 UTC,1.38093,1.3808,0.0012,0.00147
22.09.2025 10:02:35.474 UTC,1.38094,1.3808,0.00135,0.00237
22.09.2025 10:02:37.797 UTC,1.38093,1.38081,0.00135,0.00147
22.09.2025 10:02:37.899 UTC,1.38093,1.3808,0.00135,0.00132
22.09.2025 10:02:38.002 UTC,1.38094,1.3808,0.00135,0.00147
22.09.2025 10:02:40.865 UTC,1.38093,1.38081,0.00195,0.00132
22.09.2025 10:02:41.220 UTC,1.38092,1.38081,0.0012,0.00237
22.09.2025 10:02:42.227 UTC,1.38095,1.3808,0.0033,0.00147
22.09.2025 10:02:44.288 UTC,1.38094,1.3808,0.00135,0.00147
22.09.2025 10:02:44.843 UTC,1.38094,1.3808,0.00195,0.00132
22.09.2025 10:02:44.996 UTC,1.38094,1.3808,0.0018,0.00147
22.09.2025 10:02:45.098 UTC,1.38094,1.3808,0.00285,0.00132
22.09.2025 10:02:45.301 UTC,1.38094,1.3808,0.0027,0.00147
22.09.2025 10:02:45.403 UTC,1.38092,1.38081,0.0012,0.00147
22.09.2025 10:02:46.058 UTC,1.38093,1.38078,0.0018,0.00147
22.09.2025 10:02:46.161 UTC,1.38091,1.38077,0.00135,0.00147
22.09.2025 10:02:46.263 UTC,1.3809,1.38079,0.0012,0.00237
22.09.2025 10:02:46.314 UTC,1.38092,1.3808,0.00315,0.00147
22.09.2025 10:02:46.365 UTC,1.38094,1.38079,0.00225,0.00252
22.09.2025 10:02:46.569 UTC,1.38093,1.38081,0.0027,0.00147
22.09.2025 10:02:46.671 UTC,1.38092,1.3808,0.0012,0.00252
22.09.2025 10:02:46.773 UTC,1.38093,1.3808,0.0012,0.00147
22.09.2025 10:02:48.084 UTC,1.38093,1.38081,0.0027,0.00237
22.09.2025 10:02:48.186 UTC,1.38094,1.38079,0.0027,0.00342
22.09.2025 10:02:49.494 UTC,1.38092,1.3808,0.0012,0.00327
22.09.2025 10:02:55.624 UTC,1.38092,1.38079,0.0018,0.00147
22.09.2025 10:02:55.726 UTC,1.3809,1.38078,0.00135,0.00327
22.09.2025 10:02:55.829 UTC,1.38092,1.3808,0.0012,0.00132
22.09.2025 10:02:55.931 UTC,1.38094,1.3808,0.0033,0.00282
22.09.2025 10:02:56.033 UTC,1.38094,1.3808,0.0012,0.00342
22.09.2025 10:02:56.135 UTC,1.38094,1.3808,0.0018,0.00192
22.09.2025 10:02:56.993 UTC,1.38092,1.3808,0.0012,0.00147
22.09.2025 10:02:57.852 UTC,1.38093,1.3808,0.00135,0.00132
22.09.2025 10:02:59.364 UTC,1.38093,1.3808,0.0018,0.00132
22.09.2025 10:02:59.466 UTC,1.38093,1.3808,0.0012,0.00147
22.09.2025 10:02:59.567 UTC,1.38093,1.3808,0.0012,0.00237
22.09.2025 10:03:00.072 UTC,1.38093,1.3808,0.0012,0.00234
22.09.2025 10:03:00.428 UTC,1.38092,1.38078,0.0012,0.0012
22.09.2025 10:03:00.530 UTC,1.38091,1.38077,0.00135,0.00135
22.09.2025 10:03:01.486 UTC,1.38089,1.38078,0.0012,0.00135
22.09.2025 10:03:01.892 UTC,1.3809,1.38076,0.0012,0.0012
22.09.2025 10:03:02.801 UTC,1.3809,1.38075,0.00315,0.0018
22.09.2025 10:03:02.903 UTC,1.38086,1.38074,0.0012,0.0012
22.09.2025 10:03:03.006 UTC,1.38082,1.3807,0.0012,0.0012
22.09.2025 10:03:03.966 UTC,1.38083,1.3807,0.0012,0.0012
22.09.2025 10:03:04.521 UTC,1.38083,1.38071,0.0018,0.0012
22.09.2025 10:03:05.379 UTC,1.38081,1.38071,0.0012,0.0012
22.09.2025 10:03:05.482 UTC,1.38082,1.38069,0.0012,0.0012
22.09.2025 10:03:05.533 UTC,1.38081,1.38067,0.0012,0.0012
22.09.2025 10:03:05.585 UTC,1.38079,1.38066,0.0012,0.0012
22.09.2025 10:03:11.027 UTC,1.38078,1.38065,0.0012,0.0012
22.09.2025 10:03:11.129 UTC,1.38074,1.38064,0.0012,0.0012
22.09.2025 10:03:11.231 UTC,1.38076,1.38062,0.0012,0.00135
22.09.2025 10:03:11.333 UTC,1.38077,1.38064,0.0027,0.00189
22.09.2025 10:03:12.643 UTC,1.38078,1.38063,0.0012,0.00192
22.09.2025 10:03:12.795 UTC,1.38077,1.38064,0.0012,0.00144
22.09.2025 10:03:13.802 UTC,1.38078,1.38063,0.0012,0.00249
22.09.2025 10:03:14.305 UTC,1.38078,1.38064,0.0012,0.00192
22.09.2025 10:03:14.408 UTC,1.38078,1.38066,0.00135,0.00144
22.09.2025 10:03:16.021 UTC,1.38076,1.38063,0.00135,0.00204
22.09.2025 10:03:17.835 UTC,1.38076,1.38062,0.0012,0.0018
22.09.2025 10:03:17.937 UTC,1.38075,1.38063,0.0012,0.00135
22.09.2025 10:03:18.495 UTC,1.38076,1.38061,0.0012,0.00135
22.09.2025 10:03:18.597 UTC,1.38075,1.38061,0.0012,0.00135
22.09.2025 10:03:19.153 UTC,1.38076,1.38061,0.0012,0.00144
22.09.2025 10:03:19.255 UTC,1.38077,1.38063,0.0012,0.00192
22.09.2025 10:03:20.716 UTC,1.38078,1.38064,0.00135,0.0024
22.09.2025 10:03:21.123 UTC,1.38078,1.38064,0.00225,0.0012
22.09.2025 10:03:21.225 UTC,1.38078,1.38063,0.0027,0.00144
22.09.2025 10:03:21.479 UTC,1.38078,1.38063,0.0027,0.00192
22.09.2025 10:03:22.861 UTC,1.38078,1.38063,0.0027,0.00144
22.09.2025 10:03:23.667 UTC,1.38077,1.38065,0.00135,0.0018
22.09.2025 10:03:27.545 UTC,1.38078,1.38063,0.00135,0.0024
22.09.2025 10:03:28.254 UTC,1.38079,1.38063,0.0045,0.0018
22.09.2025 10:03:28.458 UTC,1.38079,1.38063,0.00465,0.0018
22.09.2025 10:03:28.913 UTC,1.38077,1.38063,0.0012,0.0018
22.09.2025 10:03:30.275 UTC,1.38076,1.38064,0.0012,0.00135
22.09.2025 10:03:32.490 UTC,1.38076,1.38064,0.0012,0.0018
22.09.2025 10:03:32.995 UTC,1.38077,1.38063,0.0012,0.0018
22.09.2025 10:03:33.247 UTC,1.38078,1.38063,0.0018,0.0018
22.09.2025 10:03:34.002 UTC,1.38078,1.38063,0.0018,0.00135
22.09.2025 10:03:34.355 UTC,1.38078,1.38063,0.00135,0.0018
22.09.2025 10:03:34.558 UTC,1.38078,1.38064,0.0012,0.00132
22.09.2025 10:03:34.661 UTC,1.3808,1.38064,0.00375,0.00192
22.09.2025 10:03:34.914 UTC,1.38079,1.38065,0.00375,0.00192
22.09.2025 10:03:35.267 UTC,1.3808,1.38064,0.00195,0.00192
22.09.2025 10:03:36.979 UTC,1.38077,1.38065,0.0012,0.00192
22.09.2025 10:03:37.132 UTC,1.38079,1.38064,0.0018,0.00192
22.09.2025 10:03:41.827 UTC,1.38079,1.38064,0.0018,0.00144
22.09.2025 10:03:42.483 UTC,1.38078,1.38066,0.00132,0.0012
22.09.2025 10:03:42.534 UTC,1.38081,1.38066,0.00132,0.00144
22.09.2025 10:03:42.738 UTC,1.38081,1.38066,0.00192,0.00135
22.09.2025 10:03:44.403 UTC,1.38079,1.38067,0.00132,0.0018
22.09.2025 10:03:44.656 UTC,1.38079,1.38067,0.0012,0.00144
22.09.2025 10:03:47.022 UTC,1.38079,1.38065,0.0018,0.00135
22.09.2025 10:03:47.125 UTC,1.38078,1.38064,0.0012,0.00249
22.09.2025 10:03:50.548 UTC,1.38079,1.38065,0.00225,0.00144
22.09.2025 10:03:50.850 UTC,1.38078,1.38066,0.0018,0.00192
22.09.2025 10:03:52.168 UTC,1.38078,1.38064,0.0012,0.00249
22.09.2025 10:03:53.429 UTC,1.38077,1.38063,0.0012,0.00249
22.09.2025 10:03:53.531 UTC,1.38076,1.38062,0.0012,0.00297
22.09.2025 10:03:53.684 UTC,1.38077,1.38063,0.0012,0.00252
22.09.2025 10:03:54.188 UTC,1.38076,1.38064,0.0012,0.00252
22.09.2025 10:03:56.305 UTC,1.38077,1.38063,0.0012,0.00252
22.09.2025 10:03:57.968 UTC,1.38078,1.38064,0.0018,0.00147
22.09.2025 10:03:58.020 UTC,1.38079,1.38065,0.0012,0.00192
22.09.2025 10:03:58.122 UTC,1.3808,1.38065,0.0012,0.00192
22.09.2025 10:03:58.224 UTC,1.38078,1.38064,0.00132,0.00195
22.09.2025 10:03:59.182 UTC,1.38078,1.38064,0.00132,0.0018
22.09.2025 10:03:59.335 UTC,1.38077,1.38066,0.00132,0.00135
22.09.2025 10:04:00.089 UTC,1.38077,1.38066,0.00132,0.0018
22.09.2025 10:04:00.594 UTC,1.38077,1.38065,0.0012,0.0018
22.09.2025 10:04:01.098 UTC,1.38076,1.38066,0.0012,0.00135
22.09.2025 10:04:01.351 UTC,1.38077,1.38065,0.0012,0.0018
22.09.2025 10:04:07.974 UTC,1.38077,1.38065,0.0012,0.00135
22.09.2025 10:04:08.228 UTC,1.38077,1.38065,0.0012,0.0018
22.09.2025 10:04:10.243 UTC,1.38077,1.38064,0.0012,0.0018
22.09.2025 10:04:10.597 UTC,1.38076,1.38065,0.0012,0.0018
22.09.2025 10:04:15.278 UTC,1.38077,1.38064,0.0012,0.0018
22.09.2025 10:04:16.236 UTC,1.38077,1.38065,0.0012,0.00135
22.09.2025 10:04:17.092 UTC,1.38076,1.38066,0.0012,0.0018
22.09.2025 10:04:20.091 UTC,1.38077,1.38064,0.0012,0.0018
22.09.2025 10:04:27.697 UTC,1.38076,1.38065,0.0012,0.0018
22.09.2025 10:04:30.060 UTC,1.38077,1.38064,0.0012,0.0018
22.09.2025 10:04:30.212 UTC,1.38076,1.38065,0.0012,0.0018
22.09.2025 10:04:30.868 UTC,1.38076,1.38064,0.0012,0.0018
22.09.2025 10:04:31.273 UTC,1.38075,1.38062,0.0012,0.0018
22.09.2025 10:04:32.739 UTC,1.38074,1.38063,0.0012,0.0018
22.09.2025 10:04:32.891 UTC,1.38075,1.38062,0.0012,0.0018
22.09.2025 10:04:35.265 UTC,1.38074,1.38062,0.0012,0.0018
22.09.2025 10:04:35.317 UTC,1.38073,1.38061,0.0018,0.0033
22.09.2025 10:04:36.074 UTC,1.38074,1.38061,0.00132,0.00135
22.09.2025 10:04:36.930 UTC,1.38073,1.38062,0.00132,0.0018
22.09.2025 10:04:41.754 UTC,1.38074,1.38061,0.00132,0.00135
22.09.2025 10:04:42.762 UTC,1.38073,1.38063,0.00132,0.00135
22.09.2025 10:04:43.621 UTC,1.38071,1.3806,0.0012,0.0024
22.09.2025 10:04:45.988 UTC,1.38071,1.3806,0.00132,0.0018
22.09.2025 10:04:46.844 UTC,1.38072,1.38057,0.00132,0.0024
22.09.2025 10:04:46.946 UTC,1.38072,1.38058,0.0012,0.0018
22.09.2025 10:04:46.997 UTC,1.38073,1.38063,0.00132,0.0012
22.09.2025 10:04:55.325 UTC,1.38073,1.38062,0.00132,0.0018
22.09.2025 10:04:55.427 UTC,1.38071,1.3806,0.0012,0.0051
22.09.2025 10:04:55.529 UTC,1.38071,1.38061,0.00132,0.0018
22.09.2025 10:04:55.833 UTC,1.38072,1.3806,0.0012,0.0018
22.09.2025 10:04:56.186 UTC,1.38071,1.38062,0.0012,0.00135
22.09.2025 10:04:56.991 UTC,1.38071,1.38062,0.0012,0.0018
22.09.2025 10:04:57.496 UTC,1.38072,1.38061,0.0012,0.0018
22.09.2025 10:04:57.647 UTC,1.38073,1.38061,0.00132,0.0018
22.09.2025 10:04:58.353 UTC,1.38074,1.38063,0.00132,0.0018
22.09.2025 10:05:00.573 UTC,1.38075,1.38062,0.00132,0.0018
22.09.2025 10:05:01.780 UTC,1.38074,1.38062,0.00132,0.00135
22.09.2025 10:05:03.242 UTC,1.38074,1.38062,0.00132,0.0018
22.09.2025 10:05:03.446 UTC,1.38075,1.38063,0.00132,0.0018
22.09.2025 10:05:04.557 UTC,1.38074,1.3806,0.00132,0.0018
22.09.2025 10:05:05.541 UTC,1.38074,1.38062,0.00132,0.0012
22.09.2025 10:05:06.347 UTC,1.38071,1.3806,0.00132,0.0024
22.09.2025 10:05:07.355 UTC,1.3807,1.3806,0.00132,0.00135
22.09.2025 10:05:09.726 UTC,1.38071,1.38059,0.00132,0.00135
22.09.2025 10:05:11.689 UTC,1.38071,1.38058,0.00132,0.0018
22.09.2025 10:05:13.001 UTC,1.38071,1.38056,0.00189,0.00465
22.09.2025 10:05:14.107 UTC,1.38069,1.38056,0.00189,0.00555
22.09.2025 10:05:14.612 UTC,1.3807,1.38055,0.00132,0.00195
22.09.2025 10:05:15.269 UTC,1.38069,1.38057,0.00189,0.0018
22.09.2025 10:05:15.823 UTC,1.3807,1.38056,0.0018,0.00192
22.09.2025 10:05:31.724 UTC,1.38068,1.38056,0.0012,0.0018
22.09.2025 10:05:31.826 UTC,1.38068,1.38057,0.0012,0.0018
22.09.2025 10:05:41.956 UTC,1.38069,1.38057,0.00189,0.0018
22.09.2025 10:05:42.811 UTC,1.38069,1.38057,0.00189,0.00135
22.09.2025 10:05:45.073 UTC,1.38069,1.38057,0.00189,0.0018
22.09.2025 10:05:54.351 UTC,1.3807,1.38057,0.00189,0.0024
22.09.2025 10:05:54.456 UTC,1.38074,1.3806,0.0036,0.00135
22.09.2025 10:05:54.561 UTC,1.38073,1.38062,0.0012,0.0012
22.09.2025 10:05:55.570 UTC,1.38075,1.38061,0.0012,0.0012
22.09.2025 10:05:55.673 UTC,1.38076,1.38064,0.0012,0.0012
22.09.2025 10:05:55.825 UTC,1.38077,1.38064,0.0012,0.0012
22.09.2025 10:05:55.927 UTC,1.38077,1.38063,0.0012,0.0012
22.09.2025 10:05:56.886 UTC,1.38077,1.38064,0.0012,0.0012
22.09.2025 10:05:59.404 UTC,1.38077,1.38063,0.0012,0.0012
22.09.2025 10:06:02.331 UTC,1.38076,1.38064,0.0012,0.0018
22.09.2025 10:06:10.755 UTC,1.38077,1.38063,0.0012,0.00237
22.09.2025 10:06:10.806 UTC,1.38079,1.38064,0.0012,0.00192
22.09.2025 10:06:12.671 UTC,1.38078,1.38065,0.0012,0.00192
22.09.2025 10:06:12.773 UTC,1.38079,1.38064,0.0012,0.00192
22.09.2025 10:06:16.245 UTC,1.38078,1.38065,0.0012,0.00192
22.09.2025 10:06:16.347 UTC,1.38079,1.38064,0.0012,0.00192
22.09.2025 10:06:17.826 UTC,1.38079,1.38064,0.0018,0.00252
22.09.2025 10:06:18.329 UTC,1.38078,1.38065,0.0018,0.00252
22.09.2025 10:06:25.520 UTC,1.38079,1.38064,0.0012,0.00252
22.09.2025 10:06:25.622 UTC,1.38079,1.38064,0.0012,0.00342
22.09.2025 10:06:25.724 UTC,1.38078,1.38065,0.0012,0.00342
22.09.2025 10:06:26.681 UTC,1.38079,1.38065,0.0012,0.00192
22.09.2025 10:06:31.316 UTC,1.38079,1.38064,0.0012,0.00252
22.09.2025 10:06:31.871 UTC,1.38079,1.38064,0.0012,0.00249
22.09.2025 10:06:32.526 UTC,1.38078,1.38065,0.0012,0.00249
22.09.2025 10:06:34.289 UTC,1.38079,1.38064,0.0012,0.00249
22.09.2025 10:06:34.743 UTC,1.38079,1.38064,0.0012,0.00252
22.09.2025 10:06:34.845 UTC,1.3808,1.38065,0.0012,0.00192
22.09.2025 10:06:35.200 UTC,1.38079,1.38066,0.0012,0.00252
22.09.2025 10:06:36.007 UTC,1.38078,1.38066,0.0012,0.00147
22.09.2025 10:06:36.362 UTC,1.3808,1.38066,0.0018,0.00144
22.09.2025 10:06:36.464 UTC,1.38081,1.38068,0.0012,0.00132
22.09.2025 10:06:40.440 UTC,1.38082,1.38067,0.0012,0.00252
22.09.2025 10:06:40.542 UTC,1.38081,1.38068,0.0012,0.00252
22.09.2025 10:06:41.150 UTC,1.38082,1.38067,0.0012,0.00252
22.09.2025 10:06:44.130 UTC,1.38082,1.38069,0.0012,0.00192
22.09.2025 10:06:44.232 UTC,1.38083,1.38069,0.0018,0.00252
22.09.2025 10:06:46.147 UTC,1.38082,1.3807,0.0012,0.00252
22.09.2025 10:06:46.852 UTC,1.38083,1.38069,0.0012,0.00252
22.09.2025 10:06:49.329 UTC,1.38083,1.38069,0.0018,0.00252
22.09.2025 10:06:49.433 UTC,1.38085,1.38072,0.0012,0.00252
22.09.2025 10:06:49.535 UTC,1.38087,1.38072,0.0012,0.00147
22.09.2025 10:06:49.839 UTC,1.38085,1.38072,0.0012,0.0024
22.09.2025 10:06:49.941 UTC,1.38086,1.38071,0.0012,0.0018
22.09.2025 10:06:50.646 UTC,1.38085,1.3807,0.0012,0.00192
22.09.2025 10:06:50.698 UTC,1.38082,1.38069,0.0012,0.00327
22.09.2025 10:06:50.800 UTC,1.38083,1.38068,0.0012,0.00189
22.09.2025 10:06:50.851 UTC,1.38081,1.38066,0.0012,0.00189
22.09.2025 10:06:51.055 UTC,1.3808,1.38066,0.0012,0.00189
22.09.2025 10:06:51.157 UTC,1.3808,1.38067,0.0012,0.00132
22.09.2025 10:06:51.208 UTC,1.38082,1.38067,0.0018,0.00132
22.09.2025 10:06:51.310 UTC,1.38081,1.38067,0.0012,0.00189
22.09.2025 10:06:52.116 UTC,1.38082,1.38067,0.0018,0.00132
22.09.2025 10:06:53.878 UTC,1.38082,1.38067,0.0012,0.00192
22.09.2025 10:06:54.031 UTC,1.38081,1.38066,0.0012,0.00339
22.09.2025 10:06:54.134 UTC,1.38081,1.38066,0.0018,0.00192
22.09.2025 10:06:54.185 UTC,1.38082,1.38069,0.0012,0.00207
22.09.2025 10:06:54.237 UTC,1.38083,1.38072,0.0012,0.00144
22.09.2025 10:06:54.339 UTC,1.38085,1.38071,0.0012,0.00144
22.09.2025 10:06:55.447 UTC,1.38085,1.38072,0.0012,0.0012
22.09.2025 10:06:57.295 UTC,1.38086,1.38073,0.0012,0.0012
22.09.2025 10:06:57.346 UTC,1.38088,1.38073,0.0018,0.00189
22.09.2025 10:07:00.820 UTC,1.38088,1.38073,0.0018,0.00249
22.09.2025 10:07:04.742 UTC,1.38087,1.38074,0.00225,0.00234
22.09.2025 10:07:05.147 UTC,1.38088,1.38073,0.00225,0.00249
22.09.2025 10:07:06.909 UTC,1.38087,1.38074,0.00225,0.00234
22.09.2025 10:07:07.312 UTC,1.38086,1.38074,0.0012,0.00192
22.09.2025 10:07:07.464 UTC,1.38084,1.38074,0.0012,0.0018
22.09.2025 10:07:07.567 UTC,1.38084,1.38072,0.0012,0.00147
22.09.2025 10:07:10.437 UTC,1.38085,1.38071,0.0012,0.00252
22.09.2025 10:07:10.724 UTC,1.38086,1.38072,0.0012,0.00252
22.09.2025 10:07:11.030 UTC,1.38085,1.38073,0.0012,0.00432
22.09.2025 10:07:15.457 UTC,1.38087,1.38074,0.0012,0.00192
22.09.2025 10:07:16.061 UTC,1.38088,1.38073,0.0012,0.00192
22.09.2025 10:07:19.781 UTC,1.38088,1.38073,0.0012,0.0018
22.09.2025 10:07:22.400 UTC,1.38087,1.38072,0.00132,0.0042
22.09.2025 10:07:22.503 UTC,1.38087,1.38072,0.00234,0.0018
22.09.2025 10:07:22.605 UTC,1.38084,1.38072,0.0012,0.0024
22.09.2025 10:07:23.460 UTC,1.38085,1.38071,0.0012,0.0024
22.09.2025 10:07:23.765 UTC,1.38084,1.3807,0.0012,0.00405
22.09.2025 10:07:23.867 UTC,1.38082,1.3807,0.0012,0.0033
22.09.2025 10:07:23.969 UTC,1.38082,1.3807,0.0012,0.0018
22.09.2025 10:07:32.976 UTC,1.38083,1.38071,0.0018,0.00195
22.09.2025 10:07:33.987 UTC,1.38084,1.3807,0.0012,0.0024
22.09.2025 10:07:37.003 UTC,1.38082,1.38071,0.00132,0.0012
22.09.2025 10:07:37.109 UTC,1.38078,1.38068,0.0012,0.00116
22.09.2025 10:07:37.211 UTC,1.38077,1.38065,0.0012,0.00132
22.09.2025 10:07:39.215 UTC,1.38077,1.38063,0.0012,0.00132
22.09.2025 10:07:39.317 UTC,1.38076,1.38062,0.0018,0.00132
22.09.2025 10:07:47.159 UTC,1.38076,1.38062,0.0012,0.00132
22.09.2025 10:07:48.918 UTC,1.38075,1.38061,0.0012,0.00147
22.09.2025 10:07:57.146 UTC,1.38071,1.38059,0.0012,0.00132
22.09.2025 10:08:03.843 UTC,1.38071,1.38059,0.0018,0.00192
22.09.2025 10:08:03.945 UTC,1.38071,1.38056,0.0012,0.00192
22.09.2025 10:08:04.098 UTC,1.3807,1.38057,0.0012,0.00252
22.09.2025 10:08:06.300 UTC,1.38072,1.38059,0.0012,0.00192
22.09.2025 10:08:06.354 UTC,1.38074,1.38059,0.0012,0.00252
22.09.2025 10:08:06.963 UTC,1.38074,1.38059,0.00225,0.00147
22.09.2025 10:08:07.471 UTC,1.38074,1.38059,0.0012,0.00252
22.09.2025 10:08:10.941 UTC,1.38073,1.3806,0.00225,0.00192
22.09.2025 10:08:11.952 UTC,1.38074,1.3806,0.0018,0.00192
22.09.2025 10:08:13.564 UTC,1.38073,1.38058,0.0012,0.00252
22.09.2025 10:08:15.480 UTC,1.3807,1.38057,0.0012,0.00147
22.09.2025 10:08:36.397 UTC,1.38068,1.38054,0.0012,0.00252
22.09.2025 10:08:41.391 UTC,1.38068,1.38054,0.0012,0.00297
22.09.2025 10:08:41.496 UTC,1.38067,1.38054,0.0012,0.00192
22.09.2025 10:08:42.009 UTC,1.38068,1.38054,0.0012,0.00207
22.09.2025 10:08:45.580 UTC,1.38067,1.38055,0.0012,0.00387
22.09.2025 10:08:52.017 UTC,1.38069,1.38054,0.0012,0.00657
22.09.2025 10:08:59.794 UTC,1.3807,1.38056,0.0012,0.00432
22.09.2025 10:08:59.846 UTC,1.38073,1.38058,0.0012,0.00252
22.09.2025 10:08:59.948 UTC,1.38074,1.38059,0.0012,0.00372
22.09.2025 10:09:01.867 UTC,1.38073,1.38058,0.0012,0.00147
22.09.2025 10:09:03.934 UTC,1.38072,1.38057,0.0012,0.00252
22.09.2025 10:09:11.573 UTC,1.38072,1.38057,0.00135,0.00192
22.09.2025 10:09:14.295 UTC,1.38072,1.38057,0.0012,0.00192
22.09.2025 10:09:15.151 UTC,1.38071,1.38056,0.0012,0.00252
22.09.2025 10:09:15.254 UTC,1.38069,1.38056,0.0012,0.00252
22.09.2025 10:09:32.055 UTC,1.38066,1.38055,0.0012,0.0012
22.09.2025 10:09:32.106 UTC,1.38065,1.38051,0.0012,0.00321
22.09.2025 10:09:32.208 UTC,1.38064,1.3805,0.0018,0.00192
22.09.2025 10:09:42.645 UTC,1.38065,1.38051,0.0018,0.00132
22.09.2025 10:09:47.320 UTC,1.38066,1.38051,0.0012,0.00132
22.09.2025 10:09:52.336 UTC,1.38065,1.38052,0.0018,0.00192
22.09.2025 10:09:56.556 UTC,1.38066,1.38051,0.00225,0.00192
22.09.2025 10:09:56.658 UTC,1.38065,1.38051,0.0012,0.00192
22.09.2025 10:09:57.867 UTC,1.38066,1.38051,0.0012,0.00192
22.09.2025 10:10:01.749 UTC,1.38066,1.38051,0.0012,0.00252
22.09.2025 10:10:01.902 UTC,1.38068,1.38054,0.00135,0.00237
22.09.2025 10:10:02.055 UTC,1.38069,1.38055,0.00135,0.00147
22.09.2025 10:10:03.984 UTC,1.38069,1.38055,0.0012,0.00327
22.09.2025 10:10:09.316 UTC,1.3807,1.38057,0.0018,0.00132
22.09.2025 10:10:14.801 UTC,1.3807,1.38055,0.0018,0.00327
22.09.2025 10:10:17.977 UTC,1.38068,1.38056,0.0027,0.0012
22.09.2025 10:10:18.029 UTC,1.38067,1.38055,0.0018,0.0012
22.09.2025 10:10:18.180 UTC,1.38067,1.38053,0.0018,0.00192
22.09.2025 10:10:20.144 UTC,1.38067,1.38053,0.0018,0.00189
22.09.2025 10:10:20.499 UTC,1.38065,1.38053,0.0018,0.00132
22.09.2025 10:10:26.334 UTC,1.38065,1.38052,0.0012,0.00132
22.09.2025 10:10:31.060 UTC,1.38065,1.38053,0.0018,0.00132
22.09.2025 10:10:35.062 UTC,1.38065,1.38053,0.0012,0.00147
22.09.2025 10:10:37.634 UTC,1.38065,1.38051,0.0012,0.00192
22.09.2025 10:10:40.608 UTC,1.38065,1.38051,0.0012,0.00147
22.09.2025 10:10:42.671 UTC,1.38067,1.38059,0.0012,0.0012
22.09.2025 10:10:42.723 UTC,1.38078,1.38064,0.0012,0.00192
22.09.2025 10:10:42.775 UTC,1.38079,1.38066,0.00132,0.00192
22.09.2025 10:10:42.877 UTC,1.3808,1.38065,0.0012,0.00192
22.09.2025 10:10:42.979 UTC,1.3808,1.38066,0.0012,0.00132
22.09.2025 10:10:51.366 UTC,1.38079,1.38066,0.00135,0.00279
22.09.2025 10:10:53.278 UTC,1.38079,1.38065,0.00135,0.0012
22.09.2025 10:10:53.380 UTC,1.38079,1.38065,0.0018,0.0012
22.09.2025 10:10:53.885 UTC,1.38079,1.38065,0.00135,0.0012
22.09.2025 10:10:54.388 UTC,1.38079,1.38065,0.0018,0.0012
22.09.2025 10:10:54.841 UTC,1.38079,1.38065,0.00135,0.0012
22.09.2025 10:11:01.163 UTC,1.38078,1.38066,0.0018,0.0012
22.09.2025 10:11:01.465 UTC,1.38079,1.38065,0.00135,0.0012
22.09.2025 10:11:02.068 UTC,1.38079,1.38065,0.0018,0.0012
22.09.2025 10:11:06.185 UTC,1.38079,1.38065,0.00135,0.0012
22.09.2025 10:11:08.299 UTC,1.38077,1.38065,0.00135,0.0012
22.09.2025 10:11:08.350 UTC,1.38077,1.38062,0.00135,0.00315
22.09.2025 10:11:09.359 UTC,1.38076,1.38064,0.00135,0.0012
22.09.2025 10:11:09.561 UTC,1.38076,1.38064,0.0024,0.0012
22.09.2025 10:11:09.663 UTC,1.38077,1.38063,0.0012,0.0012
22.09.2025 10:11:14.197 UTC,1.38077,1.38062,0.00234,0.00225
22.09.2025 10:11:14.299 UTC,1.38076,1.38064,0.00234,0.0012
22.09.2025 10:11:16.563 UTC,1.38077,1.38062,0.00144,0.00225
22.09.2025 10:11:18.354 UTC,1.38077,1.38063,0.00144,0.0012
22.09.2025 10:11:23.227 UTC,1.38077,1.38063,0.0012,0.0018
22.09.2025 10:11:23.329 UTC,1.38077,1.38063,0.00135,0.00135
22.09.2025 10:11:23.933 UTC,1.38077,1.38063,0.00132,0.0018
22.09.2025 10:11:24.185 UTC,1.38077,1.38063,0.00144,0.00135
22.09.2025 10:11:24.287 UTC,1.38078,1.38063,0.00135,0.00249
22.09.2025 10:11:24.439 UTC,1.38078,1.38064,0.00147,0.00135
22.09.2025 10:11:24.592 UTC,1.38077,1.38065,0.00147,0.0012
22.09.2025 10:11:29.721 UTC,1.38078,1.38064,0.00132,0.0012
22.09.2025 10:11:34.970 UTC,1.38077,1.38065,0.00132,0.0012
22.09.2025 10:11:35.327 UTC,1.38077,1.38065,0.00147,0.0012
22.09.2025 10:11:35.833 UTC,1.38078,1.38064,0.00147,0.0012
22.09.2025 10:11:36.186 UTC,1.38077,1.38064,0.00147,0.00315
22.09.2025 10:11:36.287 UTC,1.38077,1.38064,0.00132,0.0033
22.09.2025 10:11:37.091 UTC,1.38078,1.38063,0.00132,0.00315
22.09.2025 10:11:38.047 UTC,1.38078,1.38063,0.00132,0.0033
22.09.2025 10:11:38.399 UTC,1.38078,1.38063,0.00132,0.00315
22.09.2025 10:11:41.920 UTC,1.38077,1.38064,0.00132,0.0033
22.09.2025 10:11:43.028 UTC,1.38078,1.38063,0.00132,0.00315
22.09.2025 10:11:43.431 UTC,1.38077,1.38064,0.00132,0.0033
22.09.2025 10:11:43.533 UTC,1.38078,1.38063,0.00147,0.0033
22.09.2025 10:11:46.162 UTC,1.38078,1.38064,0.00147,0.00135
22.09.2025 10:11:46.265 UTC,1.38077,1.38062,0.00147,0.0033
22.09.2025 10:11:48.025 UTC,1.38077,1.38062,0.00147,0.00225
22.09.2025 10:11:49.233 UTC,1.38077,1.38062,0.00147,0.0024
22.09.2025 10:11:51.396 UTC,1.38079,1.38064,0.00297,0.00135
22.09.2025 10:11:53.915 UTC,1.3808,1.38065,0.00207,0.0012
22.09.2025 10:11:54.068 UTC,1.3808,1.38065,0.00192,0.00135
22.09.2025 10:11:56.181 UTC,1.3808,1.38065,0.00192,0.0012
22.09.2025 10:12:13.496 UTC,1.3808,1.38065,0.00132,0.0018
22.09.2025 10:12:13.809 UTC,1.38079,1.38066,0.00147,0.00135
22.09.2025 10:12:17.692 UTC,1.3808,1.38065,0.00147,0.0018
22.09.2025 10:12:18.597 UTC,1.3808,1.38065,0.00147,0.00135
22.09.2025 10:12:19.806 UTC,1.3808,1.38065,0.00147,0.0018
22.09.2025 10:12:20.059 UTC,1.38079,1.38066,0.00147,0.00135
22.09.2025 10:12:22.532 UTC,1.3808,1.38065,0.00207,0.00135
22.09.2025 10:12:33.694 UTC,1.3808,1.38065,0.00147,0.0018
22.09.2025 10:12:34.349 UTC,1.3808,1.38065,0.00192,0.00135
22.09.2025 10:12:38.927 UTC,1.38077,1.38065,0.00192,0.0012
22.09.2025 10:12:39.029 UTC,1.38078,1.38064,0.00237,0.0012
22.09.2025 10:12:53.102 UTC,1.38077,1.38065,0.00252,0.0012
22.09.2025 10:13:00.393 UTC,1.38074,1.38063,0.00189,0.0012
22.09.2025 10:13:00.444 UTC,1.38074,1.38061,0.00132,0.0012
22.09.2025 10:13:08.200 UTC,1.38075,1.38061,0.00147,0.00135
22.09.2025 10:13:09.157 UTC,1.38075,1.38061,0.00192,0.0012
22.09.2025 10:13:16.551 UTC,1.38075,1.38061,0.00147,0.0012
22.09.2025 10:13:17.810 UTC,1.38076,1.38062,0.00192,0.0012
22.09.2025 10:13:18.469 UTC,1.38075,1.38062,0.00147,0.0012
22.09.2025 10:13:23.950 UTC,1.38075,1.38062,0.00192,0.0012
22.09.2025 10:13:24.153 UTC,1.38075,1.38062,0.00147,0.0012
22.09.2025 10:13:40.419 UTC,1.38076,1.38062,0.00192,0.0012
22.09.2025 10:13:44.794 UTC,1.38076,1.38062,0.00522,0.0012
22.09.2025 10:13:47.210 UTC,1.38075,1.38062,0.00147,0.0012
22.09.2025 10:13:47.968 UTC,1.38077,1.38062,0.0024,0.00132
22.09.2025 10:13:48.070 UTC,1.38077,1.38062,0.0024,0.00147
22.09.2025 10:13:48.222 UTC,1.38077,1.38062,0.0024,0.00132
22.09.2025 10:13:48.927 UTC,1.38076,1.38063,0.0024,0.00147
22.09.2025 10:13:49.079 UTC,1.38077,1.38062,0.0024,0.00132
22.09.2025 10:13:49.180 UTC,1.38077,1.38062,0.0024,0.00147
22.09.2025 10:13:50.994 UTC,1.38076,1.38063,0.0024,0.00132
22.09.2025 10:13:52.906 UTC,1.38076,1.38062,0.0018,0.00132
22.09.2025 10:13:53.008 UTC,1.38075,1.38063,0.0033,0.00132
22.09.2025 10:13:53.866 UTC,1.38076,1.3807,0.00132,0.0012
22.09.2025 10:13:53.918 UTC,1.38081,1.3807,0.0012,0.00132
22.09.2025 10:13:54.071 UTC,1.38082,1.38067,0.0018,0.00132
22.09.2025 10:13:54.173 UTC,1.3808,1.38068,0.0012,0.00132
22.09.2025 10:13:54.225 UTC,1.38085,1.38071,0.0012,0.00132
22.09.2025 10:13:54.327 UTC,1.38086,1.38071,0.0024,0.00132
22.09.2025 10:13:57.956 UTC,1.38085,1.38071,0.00135,0.00132
22.09.2025 10:13:58.966 UTC,1.38085,1.38072,0.00465,0.00132
22.09.2025 10:14:00.322 UTC,1.38083,1.38071,0.0018,0.00132
22.09.2025 10:14:00.425 UTC,1.3808,1.38068,0.0018,0.00279
22.09.2025 10:14:02.790 UTC,1.38081,1.38066,0.00225,0.00192
22.09.2025 10:14:07.665 UTC,1.38079,1.38067,0.0012,0.00132
22.09.2025 10:14:08.220 UTC,1.38081,1.38066,0.0027,0.00132
22.09.2025 10:14:13.746 UTC,1.38081,1.38066,0.00285,0.00132
22.09.2025 10:14:25.210 UTC,1.3808,1.38066,0.00135,0.0012
22.09.2025 10:14:25.313 UTC,1.3808,1.38065,0.00285,0.00189
22.09.2025 10:14:28.283 UTC,1.38074,1.38062,0.0012,0.00135
22.09.2025 10:14:28.334 UTC,1.38073,1.3806,0.0012,0.00141
22.09.2025 10:14:29.545 UTC,1.38073,1.3806,0.00225,0.00132
22.09.2025 10:14:36.459 UTC,1.38073,1.38059,0.0012,0.00132
22.09.2025 10:14:36.766 UTC,1.38072,1.38059,0.00135,0.00132
22.09.2025 10:14:37.019 UTC,1.38071,1.3806,0.0018,0.00132
22.09.2025 10:14:38.025 UTC,1.38072,1.38059,0.00135,0.00132
22.09.2025 10:14:41.038 UTC,1.38073,1.38059,0.0024,0.00132
22.09.2025 10:14:41.694 UTC,1.38072,1.38057,0.0018,0.00147
22.09.2025 10:14:41.796 UTC,1.38071,1.38056,0.0018,0.00147
22.09.2025 10:14:42.554 UTC,1.3807,1.38057,0.0024,0.00192
22.09.2025 10:14:48.295 UTC,1.3807,1.38057,0.00135,0.00132
22.09.2025 10:14:49.453 UTC,1.3807,1.38057,0.0018,0.00132
22.09.2025 10:14:49.963 UTC,1.38071,1.38056,0.00135,0.00147
22.09.2025 10:14:50.072 UTC,1.38071,1.38056,0.0018,0.00147
22.09.2025 10:14:52.584 UTC,1.38071,1.38057,0.0018,0.00132
22.09.2025 10:14:56.866 UTC,1.38072,1.38057,0.00135,0.00132
22.09.2025 10:14:57.473 UTC,1.38072,1.38057,0.0018,0.00132
22.09.2025 10:14:58.682 UTC,1.38072,1.38057,0.00135,0.00147
22.09.2025 10:15:00.037 UTC,1.38072,1.38057,0.0018,0.00147
22.09.2025 10:15:00.140 UTC,1.38073,1.38058,0.0018,0.00132
22.09.2025 10:15:00.242 UTC,1.38073,1.38058,0.0012,0.00147
22.09.2025 10:15:00.344 UTC,1.38074,1.38059,0.00135,0.00132
22.09.2025 10:15:00.652 UTC,1.38074,1.38059,0.00195,0.00132
22.09.2025 10:15:00.754 UTC,1.38074,1.38059,0.00285,0.00132
22.09.2025 10:15:01.058 UTC,1.38074,1.38059,0.0033,0.00132
22.09.2025 10:15:03.022 UTC,1.38071,1.38057,0.00135,0.00147
22.09.2025 10:15:03.124 UTC,1.3807,1.38058,0.0027,0.00144
22.09.2025 10:15:03.512 UTC,1.38071,1.38057,0.0027,0.00147
22.09.2025 10:15:03.865 UTC,1.38071,1.38057,0.00195,0.00132
22.09.2025 10:15:05.581 UTC,1.38069,1.38057,0.0018,0.00132
22.09.2025 10:15:05.683 UTC,1.3807,1.38056,0.00135,0.00144
22.09.2025 10:15:05.785 UTC,1.38069,1.38057,0.0018,0.00132
22.09.2025 10:15:07.900 UTC,1.38068,1.38056,0.0018,0.00189
22.09.2025 10:15:08.103 UTC,1.3807,1.38056,0.00285,0.00132
22.09.2025 10:15:10.974 UTC,1.3807,1.38056,0.00225,0.00144
22.09.2025 10:15:11.176 UTC,1.3807,1.38056,0.0024,0.00132
22.09.2025 10:15:11.430 UTC,1.3807,1.38056,0.00135,0.00189
22.09.2025 10:15:12.990 UTC,1.38069,1.38057,0.0018,0.00132
22.09.2025 10:15:13.293 UTC,1.3807,1.38056,0.0018,0.00132
22.09.2025 10:15:15.556 UTC,1.3807,1.38056,0.0012,0.00132
22.09.2025 10:15:15.657 UTC,1.38069,1.38057,0.0018,0.00132
22.09.2025 10:15:15.859 UTC,1.38069,1.38057,0.00135,0.00147
22.09.2025 10:15:18.535 UTC,1.3807,1.38056,0.0018,0.00132
22.09.2025 10:15:19.545 UTC,1.3807,1.38056,0.00135,0.00147
22.09.2025 10:15:20.703 UTC,1.38071,1.38057,0.00285,0.00132
22.09.2025 10:15:20.855 UTC,1.3807,1.38058,0.0018,0.00147
22.09.2025 10:15:21.158 UTC,1.3807,1.38058,0.00285,0.00132
22.09.2025 10:15:21.762 UTC,1.38071,1.38057,0.0027,0.00132
22.09.2025 10:15:22.065 UTC,1.38071,1.38057,0.00285,0.00132
22.09.2025 10:15:22.819 UTC,1.38071,1.38057,0.0027,0.00147
22.09.2025 10:15:24.226 UTC,1.3807,1.38058,0.00285,0.00132
22.09.2025 10:15:24.830 UTC,1.38071,1.38057,0.0024,0.00132
22.09.2025 10:15:25.185 UTC,1.3807,1.38056,0.00195,0.00132
22.09.2025 10:15:25.287 UTC,1.3807,1.38056,0.00135,0.00147
22.09.2025 10:15:28.560 UTC,1.3807,1.38056,0.0024,0.00192
22.09.2025 10:15:29.114 UTC,1.3807,1.38056,0.00135,0.00132
22.09.2025 10:15:30.733 UTC,1.3807,1.38056,0.0018,0.00132
22.09.2025 10:15:36.859 UTC,1.3807,1.38056,0.00135,0.00147
22.09.2025 10:15:41.534 UTC,1.38071,1.38056,0.00285,0.00132
22.09.2025 10:15:43.296 UTC,1.38069,1.38055,0.00135,0.00237
22.09.2025 10:15:52.778 UTC,1.38069,1.38055,0.0018,0.00192
22.09.2025 10:15:52.880 UTC,1.38069,1.38055,0.00195,0.00132
22.09.2025 10:16:02.741 UTC,1.38069,1.38055,0.0018,0.00132
22.09.2025 10:16:07.700 UTC,1.38068,1.38056,0.00135,0.00132
22.09.2025 10:16:09.911 UTC,1.38068,1.38056,0.00195,0.00132
22.09.2025 10:16:10.317 UTC,1.38068,1.38056,0.00195,0.0012
22.09.2025 10:16:10.420 UTC,1.38067,1.38055,0.00384,0.0012
22.09.2025 10:16:10.521 UTC,1.38068,1.38054,0.00375,0.0012
22.09.2025 10:16:10.825 UTC,1.38068,1.38054,0.00465,0.0012
22.09.2025 10:16:11.935 UTC,1.38068,1.38054,0.00285,0.0012
22.09.2025 10:16:12.188 UTC,1.38068,1.38054,0.0033,0.0012
22.09.2025 10:16:12.494 UTC,1.38068,1.38054,0.00519,0.0012
22.09.2025 10:16:12.596 UTC,1.38067,1.38053,0.0018,0.0012
22.09.2025 10:16:14.160 UTC,1.38068,1.38054,0.0051,0.0012
22.09.2025 10:16:14.314 UTC,1.38069,1.38055,0.00375,0.00132
22.09.2025 10:16:14.518 UTC,1.3807,1.38056,0.00195,0.0012
22.09.2025 10:16:15.624 UTC,1.3807,1.38056,0.0018,0.0012
22.09.2025 10:16:20.750 UTC,1.38071,1.38057,0.00225,0.00132
22.09.2025 10:16:20.853 UTC,1.38073,1.38058,0.0045,0.00192
22.09.2025 10:16:20.904 UTC,1.38075,1.3806,0.0036,0.0012
22.09.2025 10:16:21.006 UTC,1.38076,1.38061,0.0012,0.00132
22.09.2025 10:16:21.412 UTC,1.38077,1.38063,0.00315,0.0012
22.09.2025 10:16:26.602 UTC,1.38077,1.38065,0.00225,0.0012
22.09.2025 10:16:26.704 UTC,1.38078,1.38067,0.00135,0.0012
22.09.2025 10:16:26.807 UTC,1.38083,1.38072,0.0024,0.0012
22.09.2025 10:16:26.858 UTC,1.38086,1.38071,0.00315,0.00132
22.09.2025 10:16:26.961 UTC,1.38087,1.38072,0.00135,0.0012
22.09.2025 10:16:28.830 UTC,1.38087,1.38072,0.0024,0.0012
22.09.2025 10:16:32.461 UTC,1.38087,1.38072,0.00195,0.0012
22.09.2025 10:16:35.224 UTC,1.38087,1.38072,0.00195,0.00144
22.09.2025 10:16:42.265 UTC,1.38086,1.38072,0.00195,0.0012
22.09.2025 10:16:42.518 UTC,1.38085,1.38073,0.0018,0.00135
22.09.2025 10:16:44.580 UTC,1.38086,1.38072,0.00192,0.0018
22.09.2025 10:16:48.840 UTC,1.38086,1.38072,0.00252,0.0012
22.09.2025 10:16:48.892 UTC,1.38086,1.38072,0.00225,0.0012
22.09.2025 10:16:50.506 UTC,1.38085,1.38073,0.0024,0.0012
22.09.2025 10:16:50.608 UTC,1.38086,1.38072,0.00225,0.00135
22.09.2025 10:16:50.709 UTC,1.38085,1.38073,0.0024,0.0012
22.09.2025 10:16:51.614 UTC,1.38086,1.38072,0.00225,0.00135
22.09.2025 10:16:52.068 UTC,1.38085,1.38073,0.0024,0.0012
22.09.2025 10:16:57.342 UTC,1.38086,1.38072,0.00234,0.00225
22.09.2025 10:16:57.494 UTC,1.38086,1.38072,0.00249,0.0018
22.09.2025 10:16:58.148 UTC,1.38086,1.38072,0.00234,0.0018
22.09.2025 10:16:58.702 UTC,1.38085,1.38073,0.00249,0.0018
22.09.2025 10:16:59.006 UTC,1.38086,1.38072,0.00144,0.0018
22.09.2025 10:16:59.258 UTC,1.38086,1.38072,0.00192,0.0018
22.09.2025 10:17:00.618 UTC,1.38086,1.38072,0.00144,0.0018
22.09.2025 10:17:00.871 UTC,1.38085,1.38073,0.00192,0.0018
22.09.2025 10:17:02.127 UTC,1.38086,1.38072,0.00144,0.00135
22.09.2025 10:17:02.229 UTC,1.38086,1.38072,0.00192,0.0012
22.09.2025 10:17:04.096 UTC,1.38086,1.38072,0.00297,0.0012
22.09.2025 10:17:04.197 UTC,1.38085,1.38073,0.00297,0.0012
22.09.2025 10:17:05.865 UTC,1.38086,1.38072,0.00207,0.0018
22.09.2025 10:17:06.271 UTC,1.38081,1.38068,0.00132,0.0012
22.09.2025 10:17:06.373 UTC,1.3808,1.38067,0.00132,0.0012
22.09.2025 10:17:07.182 UTC,1.38079,1.38067,0.0012,0.0012
22.09.2025 10:17:08.596 UTC,1.38079,1.38068,0.00132,0.0012
22.09.2025 10:17:12.522 UTC,1.3808,1.38067,0.00192,0.0012
22.09.2025 10:17:15.335 UTC,1.3808,1.38067,0.00144,0.0012
22.09.2025 10:17:15.587 UTC,1.38079,1.38067,0.0012,0.0012
22.09.2025 10:17:19.083 UTC,1.38079,1.38066,0.00135,0.0012
22.09.2025 10:17:20.337 UTC,1.38078,1.38067,0.0018,0.0012
22.09.2025 10:17:22.749 UTC,1.38079,1.38066,0.00135,0.0012
22.09.2025 10:17:23.755 UTC,1.38079,1.38066,0.0018,0.0012
22.09.2025 10:17:25.162 UTC,1.38079,1.38066,0.00135,0.0012
22.09.2025 10:17:25.565 UTC,1.38079,1.38066,0.0018,0.0012
22.09.2025 10:17:26.268 UTC,1.38078,1.38067,0.00135,0.0012
22.09.2025 10:17:26.571 UTC,1.38078,1.38067,0.0018,0.0012
22.09.2025 10:17:27.676 UTC,1.38078,1.38067,0.00135,0.0012
22.09.2025 10:17:27.778 UTC,1.38078,1.38067,0.0018,0.0012
22.09.2025 10:17:29.234 UTC,1.38079,1.38066,0.00135,0.0012
22.09.2025 10:17:29.989 UTC,1.3808,1.38067,0.00192,0.0012
22.09.2025 10:17:30.091 UTC,1.3808,1.38067,0.00144,0.0012
22.09.2025 10:17:30.344 UTC,1.3808,1.38067,0.0018,0.0012
22.09.2025 10:17:38.772 UTC,1.38078,1.38065,0.0012,0.00135
22.09.2025 10:17:40.083 UTC,1.38079,1.38065,0.00144,0.0012
22.09.2025 10:17:40.589 UTC,1.38081,1.38066,0.00432,0.0012
22.09.2025 10:17:40.691 UTC,1.38079,1.38066,0.0012,0.0012
22.09.2025 10:17:49.759 UTC,1.3808,1.38067,0.00252,0.0012
22.09.2025 10:17:51.469 UTC,1.38081,1.38066,0.00252,0.00135
22.09.2025 10:17:58.569 UTC,1.38081,1.38066,0.00297,0.0012
22.09.2025 10:18:00.132 UTC,1.3808,1.38066,0.00144,0.0012
22.09.2025 10:18:00.435 UTC,1.38079,1.38067,0.00192,0.0012
22.09.2025 10:18:02.147 UTC,1.38078,1.38066,0.0012,0.0012
22.09.2025 10:18:03.103 UTC,1.3808,1.38066,0.00297,0.0012
22.09.2025 10:18:10.196 UTC,1.38079,1.38066,0.00192,0.0012
22.09.2025 10:18:10.298 UTC,1.38079,1.38066,0.00132,0.0012
22.09.2025 10:18:10.451 UTC,1.38079,1.38066,0.00192,0.0012
22.09.2025 10:18:10.553 UTC,1.38079,1.38066,0.00144,0.0012
22.09.2025 10:18:10.856 UTC,1.38078,1.38067,0.00192,0.0012
22.09.2025 10:18:11.515 UTC,1.38079,1.38066,0.00144,0.0012
22.09.2025 10:18:11.919 UTC,1.38079,1.38065,0.00144,0.0012
22.09.2025 10:18:21.141 UTC,1.38078,1.38066,0.00192,0.0012
22.09.2025 10:18:23.408 UTC,1.38079,1.38065,0.00234,0.0012
22.09.2025 10:18:25.369 UTC,1.38079,1.38065,0.00249,0.0018
22.09.2025 10:18:25.570 UTC,1.38078,1.38066,0.00249,0.0018
22.09.2025 10:18:25.672 UTC,1.38079,1.38065,0.00234,0.0018
22.09.2025 10:18:29.893 UTC,1.38078,1.38066,0.00249,0.0018
22.09.2025 10:18:29.995 UTC,1.38079,1.38065,0.00249,0.0018
22.09.2025 10:18:32.712 UTC,1.38079,1.38065,0.00234,0.0012
22.09.2025 10:18:39.862 UTC,1.38079,1.38065,0.0024,0.0012
22.09.2025 10:18:39.965 UTC,1.38077,1.38065,0.00225,0.0012
22.09.2025 10:18:47.006 UTC,1.38079,1.38065,0.0012,0.00135
22.09.2025 10:18:49.187 UTC,1.38078,1.38065,0.00135,0.00234
22.09.2025 10:18:49.591 UTC,1.38078,1.38065,0.00135,0.00249
22.09.2025 10:19:00.497 UTC,1.38079,1.38064,0.0018,0.00234
22.09.2025 10:19:00.850 UTC,1.38079,1.38064,0.0024,0.0012
22.09.2025 10:19:00.953 UTC,1.38077,1.38064,0.0018,0.00225
22.09.2025 10:19:02.265 UTC,1.38075,1.38061,0.00135,0.00225
22.09.2025 10:19:02.367 UTC,1.38073,1.38059,0.0012,0.00189
22.09.2025 10:19:04.114 UTC,1.38071,1.3806,0.0012,0.0012
22.09.2025 10:19:04.216 UTC,1.38072,1.3806,0.0018,0.0012
22.09.2025 10:19:23.174 UTC,1.38069,1.38058,0.0012,0.00135
22.09.2025 10:19:23.281 UTC,1.3807,1.38056,0.0012,0.0012
22.09.2025 10:19:27.661 UTC,1.38069,1.38055,0.0012,0.0018
22.09.2025 10:19:31.588 UTC,1.38067,1.38056,0.0012,0.0012
22.09.2025 10:19:31.690 UTC,1.38068,1.38054,0.0012,0.0012
22.09.2025 10:19:32.650 UTC,1.38068,1.38056,0.00135,0.0018
22.09.2025 10:19:33.510 UTC,1.38068,1.38056,0.0018,0.0018
22.09.2025 10:19:37.103 UTC,1.38068,1.38053,0.00144,0.0018
22.09.2025 10:19:37.256 UTC,1.38068,1.38053,0.00192,0.00225
22.09.2025 10:19:37.357 UTC,1.38068,1.38053,0.00144,0.0024
22.09.2025 10:19:37.862 UTC,1.38067,1.38054,0.00144,0.00225
22.09.2025 10:19:38.316 UTC,1.38067,1.38054,0.00144,0.0024
22.09.2025 10:19:38.518 UTC,1.38068,1.38053,0.00192,0.00225
22.09.2025 10:19:38.670 UTC,1.38068,1.38053,0.00144,0.0024
22.09.2025 10:19:39.478 UTC,1.38068,1.38053,0.00192,0.00225
22.09.2025 10:19:39.832 UTC,1.38068,1.38053,0.00144,0.0024
22.09.2025 10:19:41.593 UTC,1.38068,1.38053,0.00144,0.00225
22.09.2025 10:19:41.795 UTC,1.38067,1.38055,0.00144,0.0012
22.09.2025 10:19:45.264 UTC,1.38067,1.38055,0.00132,0.0018
22.09.2025 10:19:45.369 UTC,1.38068,1.38054,0.00144,0.0012
22.09.2025 10:19:46.376 UTC,1.38068,1.38054,0.00132,0.0018
22.09.2025 10:19:46.478 UTC,1.38068,1.38054,0.00144,0.00135
22.09.2025 10:19:47.890 UTC,1.38068,1.38055,0.00144,0.0012
22.09.2025 10:19:49.121 UTC,1.38068,1.38054,0.00192,0.0012
22.09.2025 10:19:49.223 UTC,1.38068,1.38054,0.00144,0.00135
22.09.2025 10:19:56.206 UTC,1.38067,1.38055,0.00192,0.0012
22.09.2025 10:19:56.609 UTC,1.38068,1.38054,0.0012,0.00135
22.09.2025 10:19:56.712 UTC,1.38069,1.38055,0.00189,0.0024
22.09.2025 10:19:56.813 UTC,1.38068,1.38056,0.00234,0.00225
22.09.2025 10:20:01.142 UTC,1.38069,1.38055,0.00192,0.0012
22.09.2025 10:20:01.244 UTC,1.38069,1.38055,0.00144,0.00135
22.09.2025 10:20:07.530 UTC,1.38069,1.38055,0.00192,0.0012
22.09.2025 10:20:10.646 UTC,1.38069,1.38055,0.00144,0.00135
22.09.2025 10:20:14.218 UTC,1.38069,1.38055,0.00192,0.0012
22.09.2025 10:20:14.923 UTC,1.38069,1.38055,0.00144,0.00135
22.09.2025 10:20:15.327 UTC,1.38069,1.38055,0.00132,0.0018
22.09.2025 10:20:19.122 UTC,1.38071,1.38056,0.00252,0.00135
22.09.2025 10:20:19.882 UTC,1.38071,1.38056,0.00192,0.0012
22.09.2025 10:20:20.034 UTC,1.38071,1.38056,0.00252,0.00135
22.09.2025 10:20:20.388 UTC,1.38068,1.38054,0.00132,0.0018
22.09.2025 10:20:20.489 UTC,1.38068,1.38054,0.00192,0.0012
22.09.2025 10:20:20.692 UTC,1.38067,1.38055,0.00144,0.00135
22.09.2025 10:20:23.060 UTC,1.38068,1.38054,0.00192,0.0012
22.09.2025 10:20:23.212 UTC,1.38067,1.38053,0.00132,0.0024
22.09.2025 10:20:23.415 UTC,1.38066,1.38054,0.00132,0.00225
22.09.2025 10:20:25.636 UTC,1.38067,1.38053,0.00249,0.0012
22.09.2025 10:20:25.840 UTC,1.38067,1.38053,0.00132,0.0012
22.09.2025 10:20:28.414 UTC,1.38066,1.38054,0.00249,0.0012
22.09.2025 10:20:28.566 UTC,1.38067,1.38053,0.00234,0.0012
22.09.2025 10:20:29.069 UTC,1.38066,1.38054,0.00249,0.0012
22.09.2025 10:20:29.724 UTC,1.38067,1.38053,0.00234,0.00135
22.09.2025 10:20:30.532 UTC,1.38067,1.38053,0.00192,0.0012
22.09.2025 10:20:31.036 UTC,1.38067,1.38053,0.00144,0.00135
22.09.2025 10:20:33.356 UTC,1.38067,1.38054,0.0012,0.00135
22.09.2025 10:20:33.461 UTC,1.38067,1.38056,0.0012,0.00135
22.09.2025 10:20:33.566 UTC,1.38069,1.38055,0.00144,0.00135
22.09.2025 10:20:33.820 UTC,1.38069,1.38055,0.00132,0.0018
22.09.2025 10:20:34.124 UTC,1.38069,1.38055,0.00144,0.00135
22.09.2025 10:20:36.291 UTC,1.38069,1.38055,0.00192,0.0012
22.09.2025 10:20:37.952 UTC,1.38068,1.38056,0.00144,0.00135
22.09.2025 10:20:39.408 UTC,1.38069,1.38055,0.00192,0.0012
22.09.2025 10:20:39.510 UTC,1.38068,1.38056,0.00144,0.00135
22.09.2025 10:20:51.482 UTC,1.38069,1.38056,0.0012,0.00135
22.09.2025 10:20:52.238 UTC,1.38069,1.38057,0.00234,0.0012
22.09.2025 10:20:52.542 UTC,1.3807,1.38056,0.00249,0.0012
22.09.2025 10:20:53.500 UTC,1.38069,1.38057,0.00234,0.0012
22.09.2025 10:20:53.702 UTC,1.38069,1.38054,0.00132,0.00225
22.09.2025 10:20:53.804 UTC,1.38068,1.38056,0.00144,0.00135
22.09.2025 10:20:53.956 UTC,1.38068,1.38056,0.00192,0.0012
22.09.2025 10:20:54.109 UTC,1.38069,1.38055,0.00132,0.00135
22.09.2025 10:20:54.565 UTC,1.38068,1.38055,0.00132,0.0018
22.09.2025 10:20:55.170 UTC,1.38069,1.38054,0.00144,0.0024
22.09.2025 10:20:55.826 UTC,1.38069,1.38054,0.00132,0.00225
22.09.2025 10:20:55.928 UTC,1.38069,1.38054,0.00192,0.00225
22.09.2025 10:20:56.081 UTC,1.38069,1.38054,0.00144,0.0024
22.09.2025 10:20:56.384 UTC,1.38069,1.38054,0.00144,0.00225
22.09.2025 10:20:57.944 UTC,1.38069,1.38054,0.00192,0.0018
22.09.2025 10:20:59.001 UTC,1.38068,1.38055,0.00144,0.00225
22.09.2025 10:20:59.102 UTC,1.38069,1.38055,0.00234,0.0012
22.09.2025 10:21:00.261 UTC,1.38069,1.38055,0.00339,0.0012
22.09.2025 10:21:00.312 UTC,1.38069,1.38055,0.00279,0.0012
22.09.2025 10:21:00.414 UTC,1.38068,1.38056,0.00339,0.0012
22.09.2025 10:21:01.168 UTC,1.38069,1.38055,0.00339,0.0012
22.09.2025 10:21:03.127 UTC,1.38068,1.38055,0.00192,0.0018
22.09.2025 10:21:04.389 UTC,1.38068,1.38053,0.00132,0.00225
22.09.2025 10:21:04.541 UTC,1.38068,1.38053,0.00144,0.0024
22.09.2025 10:21:07.307 UTC,1.38068,1.38054,0.00192,0.0012
22.09.2025 10:21:07.409 UTC,1.38067,1.38053,0.00144,0.00135
22.09.2025 10:21:10.832 UTC,1.38066,1.38052,0.00135,0.0012
22.09.2025 10:21:10.985 UTC,1.38067,1.38052,0.00324,0.00225
22.09.2025 10:21:11.288 UTC,1.38066,1.38053,0.00249,0.00225
22.09.2025 10:21:11.495 UTC,1.38067,1.38052,0.00249,0.0018
22.09.2025 10:21:11.546 UTC,1.38067,1.38052,0.00234,0.00225
22.09.2025 10:21:11.748 UTC,1.38067,1.38053,0.00234,0.0012
22.09.2025 10:21:12.605 UTC,1.38067,1.38053,0.00249,0.0012
22.09.2025 10:21:13.158 UTC,1.38067,1.38053,0.00234,0.00135
22.09.2025 10:21:13.663 UTC,1.38067,1.38053,0.00249,0.0012
22.09.2025 10:21:13.916 UTC,1.38067,1.38053,0.00234,0.00135
22.09.2025 10:21:14.974 UTC,1.38067,1.38052,0.00339,0.0012
22.09.2025 10:21:15.076 UTC,1.38067,1.38052,0.00234,0.00135
22.09.2025 10:21:15.228 UTC,1.38066,1.38052,0.0012,0.00135
22.09.2025 10:21:16.286 UTC,1.38067,1.38052,0.00234,0.00225
22.09.2025 10:21:19.007 UTC,1.38066,1.38052,0.00192,0.00135
22.09.2025 10:21:19.109 UTC,1.38066,1.38051,0.00342,0.0012
22.09.2025 10:21:19.211 UTC,1.38064,1.38052,0.00144,0.00135
22.09.2025 10:21:19.364 UTC,1.38065,1.38051,0.00192,0.0012
22.09.2025 10:21:19.466 UTC,1.38064,1.38052,0.0012,0.0024
22.09.2025 10:21:19.568 UTC,1.38066,1.38053,0.00192,0.00135
22.09.2025 10:21:19.771 UTC,1.38066,1.38053,0.00144,0.00225
22.09.2025 10:21:21.933 UTC,1.38066,1.38053,0.00144,0.0024
22.09.2025 10:21:24.596 UTC,1.38067,1.38052,0.00144,0.00225
22.09.2025 10:21:26.457 UTC,1.38067,1.38052,0.00192,0.0012
22.09.2025 10:21:26.660 UTC,1.38067,1.38052,0.00249,0.0012
22.09.2025 10:21:27.013 UTC,1.38065,1.38052,0.00252,0.00135
22.09.2025 10:21:28.121 UTC,1.38066,1.38051,0.00252,0.0012
22.09.2025 10:21:28.575 UTC,1.38066,1.38051,0.00147,0.00225
22.09.2025 10:21:31.145 UTC,1.38067,1.38052,0.00192,0.0012
22.09.2025 10:21:32.356 UTC,1.38067,1.38052,0.00144,0.00135
22.09.2025 10:21:32.861 UTC,1.38067,1.38052,0.00192,0.0012
22.09.2025 10:21:32.962 UTC,1.38067,1.38052,0.00144,0.00135
22.09.2025 10:21:35.426 UTC,1.38067,1.38052,0.00192,0.00135
22.09.2025 10:21:35.577 UTC,1.38067,1.38052,0.00144,0.0024
22.09.2025 10:21:36.286 UTC,1.38066,1.38053,0.00192,0.0012
22.09.2025 10:21:36.388 UTC,1.38067,1.38052,0.00249,0.00135
22.09.2025 10:21:42.180 UTC,1.38067,1.38052,0.00192,0.0018
22.09.2025 10:21:42.382 UTC,1.38066,1.38053,0.00249,0.00135
22.09.2025 10:21:45.195 UTC,1.38066,1.38053,0.00132,0.00225
22.09.2025 10:21:46.354 UTC,1.38067,1.38052,0.00144,0.0018
22.09.2025 10:21:48.765 UTC,1.38067,1.38052,0.00192,0.00135
22.09.2025 10:21:49.270 UTC,1.38067,1.38052,0.00144,0.00135
22.09.2025 10:21:49.725 UTC,1.38067,1.38052,0.00192,0.00135
22.09.2025 10:21:49.877 UTC,1.38067,1.38052,0.00144,0.0018
22.09.2025 10:21:50.280 UTC,1.38066,1.38053,0.00192,0.00135
22.09.2025 10:21:50.382 UTC,1.38066,1.38053,0.00144,0.0018
22.09.2025 10:21:52.193 UTC,1.38066,1.38053,0.00192,0.00135
22.09.2025 10:21:53.250 UTC,1.38067,1.38052,0.00342,0.0018
22.09.2025 10:21:53.353 UTC,1.38065,1.38051,0.00192,0.0012
22.09.2025 10:21:53.657 UTC,1.38065,1.38051,0.00144,0.0012
22.09.2025 10:21:54.463 UTC,1.38065,1.38051,0.00192,0.0012
22.09.2025 10:21:55.367 UTC,1.38065,1.38051,0.00144,0.00135
22.09.2025 10:21:56.373 UTC,1.38064,1.38052,0.00132,0.0018
22.09.2025 10:21:56.775 UTC,1.38064,1.38052,0.00132,0.00225
22.09.2025 10:21:57.382 UTC,1.38064,1.38052,0.0012,0.0024
22.09.2025 10:21:59.016 UTC,1.38066,1.38052,0.00135,0.00135
22.09.2025 10:22:01.433 UTC,1.38067,1.38054,0.00144,0.00135
22.09.2025 10:22:01.535 UTC,1.38068,1.38053,0.00132,0.0018
22.09.2025 10:22:01.939 UTC,1.38068,1.38053,0.00132,0.00135
22.09.2025 10:22:06.109 UTC,1.38068,1.38053,0.00132,0.0018
22.09.2025 10:22:12.240 UTC,1.38069,1.38054,0.00144,0.00135
22.09.2025 10:22:12.393 UTC,1.38068,1.38055,0.00144,0.0018
22.09.2025 10:22:14.460 UTC,1.38069,1.38054,0.00144,0.00135
22.09.2025 10:22:15.012 UTC,1.38068,1.38055,0.00144,0.0018
22.09.2025 10:22:17.926 UTC,1.38069,1.38054,0.00192,0.00135
22.09.2025 10:22:18.731 UTC,1.38069,1.38054,0.00144,0.0018
22.09.2025 10:22:18.782 UTC,1.38068,1.38055,0.00192,0.0012
22.09.2025 10:22:19.737 UTC,1.38069,1.38054,0.00144,0.00135
22.09.2025 10:22:19.889 UTC,1.38068,1.38055,0.00192,0.0012
22.09.2025 10:22:19.940 UTC,1.38069,1.38054,0.00144,0.00135
22.09.2025 10:22:21.402 UTC,1.38069,1.38054,0.00192,0.0012
22.09.2025 10:22:21.504 UTC,1.38067,1.38053,0.0012,0.00135
22.09.2025 10:22:21.910 UTC,1.38065,1.38053,0.00132,0.00135
22.09.2025 10:22:23.624 UTC,1.38066,1.38052,0.00249,0.0018
22.09.2025 10:22:23.726 UTC,1.38065,1.38053,0.00189,0.00225
22.09.2025 10:22:24.029 UTC,1.38066,1.38052,0.00189,0.0024
22.09.2025 10:22:25.739 UTC,1.38066,1.38052,0.00192,0.0012
22.09.2025 10:22:25.940 UTC,1.38066,1.38052,0.00144,0.00135
22.09.2025 10:22:28.098 UTC,1.38066,1.38052,0.00249,0.0012
22.09.2025 10:22:30.021 UTC,1.38065,1.38051,0.00147,0.0012
22.09.2025 10:22:30.072 UTC,1.38063,1.38049,0.00135,0.00132
22.09.2025 10:22:30.727 UTC,1.38061,1.38048,0.0012,0.00135
22.09.2025 10:22:32.839 UTC,1.3806,1.38049,0.0012,0.0018
22.09.2025 10:22:35.150 UTC,1.38061,1.38047,0.00132,0.00135
22.09.2025 10:22:35.252 UTC,1.3806,1.38046,0.0018,0.00132
22.09.2025 10:22:35.456 UTC,1.3806,1.38045,0.0018,0.00237
22.09.2025 10:22:38.277 UTC,1.3806,1.38045,0.0012,0.00372
22.09.2025 10:22:38.430 UTC,1.3806,1.38045,0.0012,0.00282
22.09.2025 10:22:40.946 UTC,1.38059,1.38046,0.0012,0.00147
22.09.2025 10:22:41.047 UTC,1.3806,1.38045,0.0018,0.00147
22.09.2025 10:22:41.250 UTC,1.3806,1.38045,0.00135,0.00147
22.09.2025 10:22:42.055 UTC,1.38059,1.38046,0.0018,0.00147
22.09.2025 10:22:42.457 UTC,1.3806,1.38045,0.00225,0.00252
22.09.2025 10:22:43.697 UTC,1.3806,1.38045,0.0024,0.00237
22.09.2025 10:22:43.799 UTC,1.3806,1.38045,0.00225,0.00252
22.09.2025 10:22:44.757 UTC,1.3806,1.38045,0.0018,0.00147
22.09.2025 10:22:44.858 UTC,1.3806,1.38045,0.00135,0.00192
22.09.2025 10:22:44.960 UTC,1.38059,1.38046,0.0018,0.00147
22.09.2025 10:22:45.261 UTC,1.3806,1.38045,0.00135,0.00192
22.09.2025 10:22:45.715 UTC,1.38059,1.38046,0.0018,0.00147
22.09.2025 10:22:48.425 UTC,1.3806,1.38045,0.00135,0.00147
22.09.2025 10:22:48.576 UTC,1.3806,1.38045,0.0018,0.00132
22.09.2025 10:22:48.678 UTC,1.3806,1.38045,0.00135,0.00192
22.09.2025 10:22:48.779 UTC,1.3806,1.38045,0.0018,0.00147
22.09.2025 10:22:49.834 UTC,1.3806,1.38045,0.00135,0.00147
22.09.2025 10:22:50.791 UTC,1.3806,1.38045,0.0018,0.00132
22.09.2025 10:22:51.345 UTC,1.3806,1.38045,0.00135,0.00192
22.09.2025 10:22:51.497 UTC,1.3806,1.38045,0.0018,0.00147
22.09.2025 10:22:52.805 UTC,1.3806,1.38045,0.00135,0.00147
22.09.2025 10:22:53.208 UTC,1.3806,1.38045,0.0018,0.00147
22.09.2025 10:22:53.811 UTC,1.3806,1.38045,0.0018,0.00132
22.09.2025 10:22:54.566 UTC,1.38059,1.38046,0.0018,0.00147
22.09.2025 10:22:55.826 UTC,1.38058,1.38045,0.0018,0.00237
22.09.2025 10:22:56.078 UTC,1.38059,1.38044,0.00135,0.00252
22.09.2025 10:22:57.337 UTC,1.38061,1.38047,0.00315,0.00132
22.09.2025 10:22:57.439 UTC,1.38061,1.38046,0.0018,0.00147
22.09.2025 10:22:57.541 UTC,1.38061,1.38046,0.00135,0.00192
22.09.2025 10:22:57.695 UTC,1.3806,1.38047,0.0018,0.00147
22.09.2025 10:22:58.379 UTC,1.38061,1.38046,0.00135,0.00192
22.09.2025 10:22:59.487 UTC,1.38061,1.38046,0.0018,0.00147
22.09.2025 10:22:59.638 UTC,1.38061,1.38046,0.00135,0.00192
22.09.2025 10:23:00.042 UTC,1.38061,1.38046,0.0018,0.00147
22.09.2025 10:23:00.194 UTC,1.38061,1.38046,0.00135,0.00192
22.09.2025 10:23:00.447 UTC,1.38061,1.38046,0.0018,0.00147
22.09.2025 10:23:01.554 UTC,1.3806,1.38047,0.0018,0.00132
22.09.2025 10:23:01.656 UTC,1.38061,1.38046,0.0018,0.00147
22.09.2025 10:23:09.140 UTC,1.38061,1.38046,0.0024,0.00147
22.09.2025 10:23:09.242 UTC,1.38059,1.38045,0.00225,0.00237
22.09.2025 10:23:11.564 UTC,1.38059,1.38045,0.0018,0.00132
22.09.2025 10:23:11.770 UTC,1.38059,1.38045,0.0012,0.00147
22.09.2025 10:23:14.653 UTC,1.38059,1.38045,0.0018,0.00132
22.09.2025 10:23:14.759 UTC,1.38058,1.38046,0.00135,0.00147
22.09.2025 10:23:14.863 UTC,1.38058,1.38046,0.0018,0.00132
22.09.2025 10:23:14.965 UTC,1.38059,1.38045,0.00135,0.00147
22.09.2025 10:23:15.319 UTC,1.38059,1.38045,0.0018,0.00132
22.09.2025 10:23:15.421 UTC,1.38059,1.38045,0.00135,0.00147
22.09.2025 10:23:17.687 UTC,1.38059,1.38045,0.0018,0.00132
22.09.2025 10:23:20.952 UTC,1.38059,1.38046,0.0024,0.00132
22.09.2025 10:23:21.457 UTC,1.3806,1.38045,0.0024,0.00147
22.09.2025 10:23:25.224 UTC,1.3806,1.38045,0.0024,0.00132
22.09.2025 10:23:25.577 UTC,1.38059,1.38046,0.0024,0.00147
22.09.2025 10:23:26.330 UTC,1.3806,1.38045,0.0024,0.00132
22.09.2025 10:23:30.814 UTC,1.38059,1.38046,0.0024,0.00147
22.09.2025 10:23:30.915 UTC,1.3806,1.38045,0.0024,0.00132
22.09.2025 10:23:31.718 UTC,1.3806,1.38045,0.0024,0.00237
22.09.2025 10:23:32.924 UTC,1.38059,1.38046,0.0024,0.00192
22.09.2025 10:23:33.326 UTC,1.3806,1.38045,0.0024,0.00237
22.09.2025 10:23:33.781 UTC,1.3806,1.38045,0.00225,0.00192
22.09.2025 10:23:34.185 UTC,1.3806,1.38045,0.0024,0.00132
22.09.2025 10:23:35.192 UTC,1.38059,1.38046,0.0024,0.00132
22.09.2025 10:23:35.494 UTC,1.3806,1.38045,0.0024,0.00132
22.09.2025 10:23:37.408 UTC,1.38059,1.38044,0.0018,0.00282
22.09.2025 10:23:37.662 UTC,1.38059,1.38044,0.00135,0.00192
22.09.2025 10:23:38.065 UTC,1.38059,1.38044,0.0018,0.00192
22.09.2025 10:23:39.277 UTC,1.38058,1.38045,0.00135,0.00282
22.09.2025 10:23:41.894 UTC,1.38059,1.38044,0.00135,0.00237
22.09.2025 10:23:41.996 UTC,1.38059,1.38044,0.0024,0.00192
22.09.2025 10:23:45.401 UTC,1.38059,1.38044,0.00225,0.00237
22.09.2025 10:23:47.363 UTC,1.38059,1.38045,0.0018,0.00132
22.09.2025 10:23:48.525 UTC,1.38059,1.38045,0.00135,0.00132
22.09.2025 10:23:48.627 UTC,1.38059,1.38045,0.0018,0.00132
22.09.2025 10:23:49.084 UTC,1.38059,1.38045,0.00135,0.00132
22.09.2025 10:23:49.639 UTC,1.38059,1.38045,0.0018,0.00132
22.09.2025 10:23:50.144 UTC,1.38054,1.38046,0.00135,0.0012
22.09.2025 10:23:50.195 UTC,1.38055,1.38042,0.00315,0.00128
22.09.2025 10:23:50.297 UTC,1.38054,1.38041,0.0012,0.00192
22.09.2025 10:23:50.500 UTC,1.38055,1.38041,0.0027,0.00132
22.09.2025 10:23:50.652 UTC,1.38053,1.38042,0.0012,0.00132
22.09.2025 10:23:55.077 UTC,1.38054,1.38042,0.0027,0.00132
22.09.2025 10:23:55.886 UTC,1.38052,1.38042,0.0012,0.00132
22.09.2025 10:23:56.187 UTC,1.38054,1.38041,0.0012,0.00132
22.09.2025 10:23:59.928 UTC,1.38054,1.3804,0.0018,0.00147
22.09.2025 10:23:59.980 UTC,1.38052,1.3804,0.0012,0.00192
22.09.2025 10:24:00.335 UTC,1.38051,1.3804,0.0012,0.00132
22.09.2025 10:24:00.941 UTC,1.38051,1.38038,0.0012,0.00192
22.09.2025 10:24:02.450 UTC,1.3805,1.38039,0.0012,0.00192
22.09.2025 10:24:02.502 UTC,1.3805,1.38038,0.0018,0.00132
22.09.2025 10:24:02.604 UTC,1.3805,1.38037,0.0012,0.00132
22.09.2025 10:24:03.362 UTC,1.38049,1.38037,0.0012,0.00192
22.09.2025 10:24:03.514 UTC,1.38051,1.38036,0.00315,0.00192
22.09.2025 10:24:04.268 UTC,1.3805,1.38036,0.0012,0.00192
22.09.2025 10:24:05.172 UTC,1.3805,1.38038,0.0012,0.00132
22.09.2025 10:24:05.224 UTC,1.38052,1.38039,0.0012,0.00132
22.09.2025 10:24:05.326 UTC,1.38052,1.3804,0.0012,0.00132
22.09.2025 10:24:05.377 UTC,1.38054,1.3804,0.0018,0.00192
22.09.2025 10:24:05.479 UTC,1.38053,1.3804,0.0012,0.00132
22.09.2025 10:24:05.531 UTC,1.38051,1.38044,0.0012,0.00132
22.09.2025 10:24:05.584 UTC,1.38057,1.38043,0.0012,0.00192
22.09.2025 10:24:06.946 UTC,1.38056,1.38043,0.0012,0.00132
22.09.2025 10:24:07.048 UTC,1.38054,1.38043,0.0012,0.00192
22.09.2025 10:24:08.057 UTC,1.38056,1.38043,0.0012,0.00132
22.09.2025 10:24:08.915 UTC,1.38053,1.38042,0.0012,0.00192
22.09.2025 10:24:09.017 UTC,1.38054,1.3804,0.0012,0.00237
22.09.2025 10:24:15.529 UTC,1.38054,1.3804,0.0018,0.00132
22.09.2025 10:24:16.887 UTC,1.38054,1.3804,0.00135,0.00237
22.09.2025 10:24:24.071 UTC,1.38054,1.3804,0.0024,0.00132
22.09.2025 10:24:24.878 UTC,1.38054,1.3804,0.00225,0.00132
22.09.2025 10:24:26.241 UTC,1.38055,1.3804,0.00225,0.00237
22.09.2025 10:24:27.233 UTC,1.38053,1.38041,0.0012,0.00192
22.09.2025 10:24:30.198 UTC,1.38055,1.3804,0.00225,0.00252
22.09.2025 10:24:31.911 UTC,1.38053,1.38041,0.0012,0.00252
22.09.2025 10:24:37.088 UTC,1.38053,1.38041,0.0018,0.00252
22.09.2025 10:24:38.043 UTC,1.38054,1.3804,0.0018,0.00252
22.09.2025 10:24:50.784 UTC,1.38054,1.3804,0.0012,0.00252
22.09.2025 10:24:52.295 UTC,1.38053,1.38041,0.0018,0.00252
22.09.2025 10:24:53.353 UTC,1.38055,1.38041,0.00135,0.00147
22.09.2025 10:25:04.181 UTC,1.38053,1.38041,0.0012,0.00252
22.09.2025 10:25:04.335 UTC,1.38052,1.38041,0.0024,0.0012
22.09.2025 10:25:04.589 UTC,1.38053,1.38038,0.0027,0.00237
22.09.2025 10:25:07.157 UTC,1.38053,1.38038,0.00315,0.00192
22.09.2025 10:25:10.529 UTC,1.38053,1.38038,0.0033,0.00147
22.09.2025 10:25:17.110 UTC,1.38051,1.38038,0.0018,0.00237
22.09.2025 10:25:18.115 UTC,1.38051,1.38038,0.00315,0.00252
22.09.2025 10:25:20.277 UTC,1.38052,1.38038,0.0033,0.00132
22.09.2025 10:25:21.233 UTC,1.38051,1.38038,0.00225,0.00192
22.09.2025 10:25:22.289 UTC,1.38052,1.38037,0.0024,0.00147
22.09.2025 10:25:25.103 UTC,1.38052,1.38037,0.00249,0.00135
22.09.2025 10:25:25.707 UTC,1.38052,1.38037,0.00234,0.0018
22.09.2025 10:25:28.644 UTC,1.38052,1.38037,0.00324,0.00225
22.09.2025 10:25:29.248 UTC,1.38052,1.38037,0.00234,0.0024
22.09.2025 10:25:30.155 UTC,1.38051,1.38036,0.00189,0.0024
22.09.2025 10:25:30.206 UTC,1.38051,1.38036,0.00249,0.00135
22.09.2025 10:25:30.308 UTC,1.38051,1.38036,0.00234,0.0018
22.09.2025 10:25:30.511 UTC,1.38051,1.38036,0.00234,0.00135
22.09.2025 10:25:30.913 UTC,1.38051,1.38036,0.00234,0.0018
22.09.2025 10:25:31.869 UTC,1.38051,1.38036,0.00234,0.00135
22.09.2025 10:25:32.222 UTC,1.38051,1.38037,0.00324,0.0012
22.09.2025 10:25:33.880 UTC,1.38048,1.38037,0.0012,0.00135
22.09.2025 10:25:33.982 UTC,1.38048,1.38036,0.00189,0.0018
22.09.2025 10:25:34.287 UTC,1.38049,1.38035,0.0018,0.0024
22.09.2025 10:25:34.943 UTC,1.38048,1.38036,0.00234,0.00225
22.09.2025 10:25:35.045 UTC,1.38049,1.38035,0.00189,0.0018
22.09.2025 10:25:35.147 UTC,1.38049,1.38035,0.00234,0.00135
22.09.2025 10:25:35.349 UTC,1.38049,1.38035,0.00189,0.0018
22.09.2025 10:25:35.754 UTC,1.38049,1.38035,0.00234,0.00135
22.09.2025 10:25:35.856 UTC,1.38049,1.38035,0.00189,0.0018
22.09.2025 10:25:36.360 UTC,1.38049,1.38035,0.00234,0.0012
22.09.2025 10:25:37.069 UTC,1.38048,1.38036,0.00189,0.0018
22.09.2025 10:25:40.836 UTC,1.38049,1.38035,0.00144,0.00135
22.09.2025 10:25:40.937 UTC,1.38049,1.38035,0.00132,0.0018
22.09.2025 10:25:40.989 UTC,1.38047,1.38033,0.00132,0.00267
22.09.2025 10:25:41.040 UTC,1.38044,1.38033,0.00132,0.00116
22.09.2025 10:25:41.092 UTC,1.38042,1.38029,0.00189,0.0012
22.09.2025 10:25:41.143 UTC,1.38041,1.38028,0.00189,0.0018
22.09.2025 10:25:41.245 UTC,1.38042,1.38028,0.00189,0.0012
22.09.2025 10:25:41.347 UTC,1.3804,1.38029,0.0012,0.0012
22.09.2025 10:25:43.616 UTC,1.38041,1.38027,0.00132,0.00135
22.09.2025 10:25:43.718 UTC,1.38042,1.38029,0.00132,0.0024
22.09.2025 10:25:46.872 UTC,1.38042,1.38029,0.00132,0.00135
22.09.2025 10:25:48.934 UTC,1.38041,1.3803,0.00132,0.0018
22.09.2025 10:25:49.036 UTC,1.38043,1.38029,0.0018,0.0024
22.09.2025 10:25:49.138 UTC,1.38043,1.38029,0.00225,0.00135
22.09.2025 10:25:49.642 UTC,1.38042,1.38029,0.00144,0.0012
22.09.2025 10:25:49.744 UTC,1.38042,1.38027,0.00144,0.0024
22.09.2025 10:25:50.900 UTC,1.38042,1.38029,0.00144,0.0012
22.09.2025 10:25:52.362 UTC,1.38042,1.38027,0.00144,0.0033
22.09.2025 10:25:53.920 UTC,1.38043,1.38028,0.00234,0.0018
22.09.2025 10:25:54.073 UTC,1.38043,1.38028,0.00147,0.0018
22.09.2025 10:25:55.212 UTC,1.38042,1.38029,0.00237,0.00135
22.09.2025 10:25:55.616 UTC,1.38043,1.38028,0.00237,0.0018
22.09.2025 10:25:55.869 UTC,1.38041,1.38029,0.00144,0.00135
22.09.2025 10:26:00.294 UTC,1.3804,1.38027,0.00234,0.0024
22.09.2025 10:26:01.505 UTC,1.3804,1.38027,0.00234,0.0018
22.09.2025 10:26:01.607 UTC,1.38041,1.38026,0.00189,0.0024
22.09.2025 10:26:01.708 UTC,1.38041,1.38026,0.00234,0.00225
22.09.2025 10:26:01.911 UTC,1.3804,1.38027,0.00237,0.00225
22.09.2025 10:26:03.022 UTC,1.3804,1.38027,0.00144,0.0012
22.09.2025 10:26:12.869 UTC,1.38039,1.38028,0.00147,0.0012
22.09.2025 10:26:12.920 UTC,1.38039,1.38025,0.00192,0.0012
22.09.2025 10:26:13.174 UTC,1.38039,1.38025,0.00144,0.00135
22.09.2025 10:26:15.790 UTC,1.38039,1.38027,0.00132,0.0012
22.09.2025 10:26:15.892 UTC,1.3804,1.38027,0.00132,0.0012
22.09.2025 10:26:18.357 UTC,1.38041,1.38027,0.00144,0.00135
22.09.2025 10:26:18.459 UTC,1.38042,1.38028,0.0018,0.00135
22.09.2025 10:26:18.561 UTC,1.38042,1.38029,0.0012,0.0012
22.09.2025 10:26:19.015 UTC,1.38042,1.3803,0.00132,0.0018
22.09.2025 10:26:23.042 UTC,1.38043,1.38029,0.00132,0.0012
22.09.2025 10:26:27.722 UTC,1.38041,1.38029,0.00132,0.0018
22.09.2025 10:26:35.164 UTC,1.38042,1.38029,0.0012,0.0012
22.09.2025 10:26:35.266 UTC,1.38042,1.38028,0.0012,0.00225
22.09.2025 10:26:38.534 UTC,1.38041,1.38026,0.00132,0.0033
22.09.2025 10:26:38.636 UTC,1.38041,1.38026,0.00144,0.0033
22.09.2025 10:26:39.491 UTC,1.3804,1.38028,0.00132,0.0018
22.09.2025 10:26:39.945 UTC,1.3804,1.38028,0.00144,0.00225
22.09.2025 10:26:40.399 UTC,1.38041,1.38027,0.00132,0.0024
22.09.2025 10:26:41.202 UTC,1.38041,1.38027,0.00144,0.00225
22.09.2025 10:26:41.405 UTC,1.38041,1.38027,0.00132,0.0024
22.09.2025 10:26:45.177 UTC,1.38042,1.38028,0.00132,0.0024
22.09.2025 10:26:45.279 UTC,1.38042,1.38028,0.00132,0.00225
22.09.2025 10:26:49.358 UTC,1.3804,1.38028,0.00135,0.00225
22.09.2025 10:26:50.062 UTC,1.38041,1.38027,0.0012,0.0024
22.09.2025 10:27:02.739 UTC,1.38041,1.38027,0.00135,0.00135
22.09.2025 10:27:10.881 UTC,1.38041,1.38027,0.0012,0.0018
22.09.2025 10:27:11.186 UTC,1.38041,1.38027,0.00135,0.00135
22.09.2025 10:27:12.457 UTC,1.38041,1.38027,0.0012,0.0018
22.09.2025 10:27:13.315 UTC,1.38041,1.38027,0.00135,0.00135
22.09.2025 10:27:13.518 UTC,1.3804,1.38027,0.00135,0.00225
22.09.2025 10:27:13.972 UTC,1.38041,1.38026,0.00135,0.0024
22.09.2025 10:27:26.288 UTC,1.38039,1.38028,0.00132,0.00135
22.09.2025 10:27:29.257 UTC,1.3804,1.38027,0.00132,0.0018
22.09.2025 10:27:29.359 UTC,1.3804,1.38027,0.00132,0.00135
22.09.2025 10:27:34.340 UTC,1.38039,1.38028,0.0012,0.0018
22.09.2025 10:27:34.448 UTC,1.3804,1.38028,0.00132,0.0018
22.09.2025 10:27:38.281 UTC,1.38041,1.38027,0.00144,0.00135
22.09.2025 10:27:39.185 UTC,1.38041,1.38027,0.00132,0.0018
22.09.2025 10:27:41.200 UTC,1.3804,1.38028,0.00144,0.00135
22.09.2025 10:27:41.503 UTC,1.3804,1.38028,0.00132,0.0018
22.09.2025 10:27:44.720 UTC,1.38043,1.38028,0.00135,0.0033
22.09.2025 10:27:44.822 UTC,1.38043,1.3803,0.0012,0.00315
22.09.2025 10:27:45.177 UTC,1.38044,1.3803,0.0012,0.0012
22.09.2025 10:27:45.934 UTC,1.38044,1.3803,0.00147,0.0012
22.09.2025 10:27:46.036 UTC,1.38043,1.3803,0.00237,0.0018
22.09.2025 10:27:48.051 UTC,1.38044,1.38029,0.00192,0.0024
22.09.2025 10:27:48.154 UTC,1.38044,1.38029,0.00237,0.0024
22.09.2025 10:27:48.707 UTC,1.38042,1.38029,0.00192,0.00225
22.09.2025 10:27:48.859 UTC,1.38043,1.38028,0.00144,0.0024
22.09.2025 10:27:49.062 UTC,1.38042,1.38029,0.00192,0.00225
22.09.2025 10:27:50.421 UTC,1.38042,1.38029,0.00144,0.00225
22.09.2025 10:27:50.926 UTC,1.38043,1.38028,0.00192,0.0018
22.09.2025 10:27:51.030 UTC,1.3804,1.38026,0.00132,0.00177
22.09.2025 10:27:51.132 UTC,1.38038,1.38025,0.00132,0.0012
22.09.2025 10:27:51.237 UTC,1.38038,1.38024,0.00132,0.0012
22.09.2025 10:27:51.339 UTC,1.38038,1.38023,0.00132,0.0018
22.09.2025 10:27:52.533 UTC,1.38036,1.38022,0.00132,0.0012
22.09.2025 10:27:52.635 UTC,1.38035,1.38021,0.00132,0.0012
22.09.2025 10:27:56.721 UTC,1.38035,1.38021,0.00189,0.0024
22.09.2025 10:27:56.823 UTC,1.38035,1.38021,0.00189,0.00225
22.09.2025 10:27:57.327 UTC,1.38035,1.38021,0.00189,0.0024
22.09.2025 10:27:58.084 UTC,1.38037,1.38023,0.00225,0.00135
22.09.2025 10:27:58.186 UTC,1.38037,1.38023,0.00132,0.0024
22.09.2025 10:27:59.401 UTC,1.38037,1.38025,0.0012,0.0012
22.09.2025 10:27:59.503 UTC,1.38037,1.38024,0.0012,0.00135
22.09.2025 10:28:01.418 UTC,1.38039,1.38024,0.00135,0.00249
22.09.2025 10:28:05.413 UTC,1.38038,1.38027,0.00135,0.0012
22.09.2025 10:28:05.516 UTC,1.38035,1.38023,0.0012,0.00192
22.09.2025 10:28:05.618 UTC,1.38036,1.38022,0.00135,0.00144
22.09.2025 10:28:10.496 UTC,1.38035,1.38021,0.0018,0.0018
22.09.2025 10:28:10.598 UTC,1.38035,1.38021,0.00225,0.00135
22.09.2025 10:28:12.361 UTC,1.38034,1.38022,0.0018,0.0018
22.09.2025 10:28:13.166 UTC,1.38035,1.38021,0.00225,0.00135
22.09.2025 10:28:13.722 UTC,1.38035,1.38021,0.0012,0.00192
22.09.2025 10:28:13.824 UTC,1.38037,1.38023,0.0012,0.00249
22.09.2025 10:28:14.281 UTC,1.38036,1.38025,0.0012,0.0018
22.09.2025 10:28:14.433 UTC,1.38039,1.38025,0.00135,0.00135
22.09.2025 10:28:14.535 UTC,1.38038,1.38025,0.00135,0.0012
22.09.2025 10:28:14.639 UTC,1.38036,1.38023,0.0012,0.0018
22.09.2025 10:28:14.741 UTC,1.38034,1.38021,0.0018,0.00249
22.09.2025 10:28:21.198 UTC,1.38037,1.38024,0.00225,0.00249
22.09.2025 10:28:21.299 UTC,1.38039,1.38025,0.0018,0.0012
22.09.2025 10:28:21.452 UTC,1.38039,1.38025,0.00135,0.0012
22.09.2025 10:28:27.084 UTC,1.38039,1.38026,0.0012,0.0012
22.09.2025 10:28:27.489 UTC,1.38038,1.38026,0.0012,0.00144
22.09.2025 10:28:39.887 UTC,1.38039,1.38025,0.0012,0.0018
22.09.2025 10:28:40.139 UTC,1.3804,1.38025,0.00135,0.00249
22.09.2025 10:28:40.241 UTC,1.38039,1.38028,0.0012,0.00135
22.09.2025 10:28:45.178 UTC,1.3804,1.38026,0.00135,0.00135
22.09.2025 10:28:45.330 UTC,1.38039,1.38027,0.0012,0.0018
22.09.2025 10:28:46.337 UTC,1.3804,1.38026,0.00135,0.00135
22.09.2025 10:28:47.341 UTC,1.3804,1.38026,0.0012,0.00192
22.09.2025 10:28:49.867 UTC,1.38041,1.38026,0.0012,0.00432
22.09.2025 10:28:49.918 UTC,1.38043,1.38028,0.00135,0.00144
22.09.2025 10:28:50.275 UTC,1.38043,1.38028,0.00135,0.00192
22.09.2025 10:28:54.861 UTC,1.38043,1.38028,0.0012,0.00234
22.09.2025 10:28:55.165 UTC,1.38043,1.38028,0.00135,0.00249
22.09.2025 10:28:55.719 UTC,1.38043,1.38028,0.0012,0.00249
22.09.2025 10:28:55.771 UTC,1.38045,1.3803,0.00225,0.00192
22.09.2025 10:28:55.873 UTC,1.38043,1.38029,0.0012,0.00135
22.09.2025 10:28:56.379 UTC,1.38043,1.3803,0.00135,0.0012
22.09.2025 10:28:57.540 UTC,1.38044,1.38031,0.00315,0.00192
22.09.2025 10:29:03.348 UTC,1.38045,1.38034,0.00135,0.00132
22.09.2025 10:29:03.450 UTC,1.38048,1.38034,0.0018,0.0012
22.09.2025 10:29:05.016 UTC,1.38049,1.38035,0.0012,0.0012
22.09.2025 10:29:11.554 UTC,1.38049,1.38035,0.0012,0.00192
22.09.2025 10:29:12.459 UTC,1.38049,1.38035,0.00135,0.00144
22.09.2025 10:29:13.515 UTC,1.38049,1.38035,0.0012,0.00192
22.09.2025 10:29:14.220 UTC,1.38049,1.38035,0.00135,0.00144
22.09.2025 10:29:18.449 UTC,1.38049,1.38036,0.00135,0.00192
22.09.2025 10:29:19.205 UTC,1.38049,1.38036,0.0018,0.00144
22.09.2025 10:29:19.508 UTC,1.3805,1.38035,0.00135,0.00192
22.09.2025 10:29:24.284 UTC,1.38049,1.38037,0.0012,0.0018
22.09.2025 10:29:24.386 UTC,1.3805,1.38036,0.00135,0.00135
22.09.2025 10:29:29.361 UTC,1.38051,1.38038,0.00375,0.00144
22.09.2025 10:29:29.464 UTC,1.38053,1.38038,0.0018,0.00144
22.09.2025 10:29:29.668 UTC,1.38051,1.38038,0.0018,0.00144
22.09.2025 10:29:31.043 UTC,1.38051,1.38038,0.00225,0.00192
22.09.2025 10:29:33.306 UTC,1.38051,1.38038,0.0024,0.00144
22.09.2025 10:29:33.859 UTC,1.38051,1.38038,0.0024,0.00132
22.09.2025 10:29:34.563 UTC,1.38051,1.38038,0.0024,0.00144
22.09.2025 10:29:34.815 UTC,1.3805,1.38036,0.00135,0.00144
22.09.2025 10:29:39.302 UTC,1.3805,1.38036,0.0018,0.0012
22.09.2025 10:29:39.504 UTC,1.3805,1.38036,0.00135,0.00135
22.09.2025 10:29:46.220 UTC,1.3805,1.38035,0.0012,0.00192
22.09.2025 10:29:47.430 UTC,1.38053,1.38039,0.00135,0.00144
22.09.2025 10:29:48.190 UTC,1.38053,1.38039,0.0012,0.00132
22.09.2025 10:29:48.241 UTC,1.38056,1.38041,0.0012,0.00132
22.09.2025 10:29:49.652 UTC,1.38056,1.38041,0.0018,0.00132
22.09.2025 10:29:51.415 UTC,1.38056,1.38043,0.00285,0.00135
22.09.2025 10:29:51.720 UTC,1.38056,1.38043,0.00285,0.0012
22.09.2025 10:29:51.872 UTC,1.38057,1.38042,0.00285,0.00135
22.09.2025 10:29:52.576 UTC,1.38057,1.38043,0.00135,0.00147
22.09.2025 10:29:52.678 UTC,1.38058,1.38043,0.0012,0.00147
22.09.2025 10:29:54.138 UTC,1.38058,1.38043,0.0012,0.00192
22.09.2025 10:30:01.779 UTC,1.38057,1.38044,0.00135,0.00192
22.09.2025 10:30:02.285 UTC,1.38058,1.38043,0.0018,0.00144
22.09.2025 10:30:02.437 UTC,1.38058,1.38043,0.00135,0.00192
22.09.2025 10:30:12.209 UTC,1.38051,1.38041,0.0012,0.0012
22.09.2025 10:30:12.261 UTC,1.38051,1.38039,0.0012,0.00116
22.09.2025 10:30:12.312 UTC,1.38051,1.38036,0.0012,0.00132
22.09.2025 10:30:17.762 UTC,1.3805,1.38037,0.0012,0.00192
22.09.2025 10:30:19.727 UTC,1.38051,1.38036,0.0012,0.00192
22.09.2025 10:30:21.437 UTC,1.3805,1.38037,0.0012,0.00192
22.09.2025 10:30:21.538 UTC,1.38051,1.38036,0.0012,0.00192
22.09.2025 10:30:23.798 UTC,1.38051,1.38037,0.0012,0.0018
22.09.2025 10:30:23.950 UTC,1.38051,1.38037,0.00135,0.00135
22.09.2025 10:30:29.167 UTC,1.38052,1.38038,0.00135,0.00132
22.09.2025 10:30:31.632 UTC,1.38051,1.38036,0.0012,0.00192
22.09.2025 10:30:34.796 UTC,1.38049,1.38036,0.0012,0.00342
22.09.2025 10:30:35.099 UTC,1.3805,1.38035,0.00135,0.00249
22.09.2025 10:30:37.970 UTC,1.3805,1.38035,0.0012,0.00192
22.09.2025 10:30:38.173 UTC,1.3805,1.38035,0.00135,0.00192
22.09.2025 10:30:38.928 UTC,1.3805,1.38035,0.0012,0.00249
22.09.2025 10:30:39.244 UTC,1.3805,1.38035,0.0012,0.00297
22.09.2025 10:30:39.852 UTC,1.3805,1.38038,0.0012,0.00147
22.09.2025 10:30:44.435 UTC,1.38053,1.38041,0.00225,0.00147
22.09.2025 10:30:44.588 UTC,1.38054,1.3804,0.0012,0.00192
22.09.2025 10:30:45.096 UTC,1.38053,1.38039,0.0012,0.00507
22.09.2025 10:30:45.401 UTC,1.38053,1.3804,0.0012,0.00192
22.09.2025 10:30:47.616 UTC,1.38052,1.38041,0.0012,0.00192
22.09.2025 10:30:47.969 UTC,1.38053,1.3804,0.0012,0.00192
22.09.2025 10:30:51.032 UTC,1.38054,1.3804,0.0012,0.00192
22.09.2025 10:30:55.345 UTC,1.38054,1.3804,0.0012,0.00249
22.09.2025 10:30:55.950 UTC,1.38054,1.3804,0.0012,0.00192
22.09.2025 10:30:59.673 UTC,1.38054,1.38041,0.0012,0.0018
22.09.2025 10:31:00.482 UTC,1.38054,1.3804,0.0012,0.00192
22.09.2025 10:31:01.038 UTC,1.38054,1.38041,0.00135,0.00192
22.09.2025 10:31:01.392 UTC,1.38054,1.38041,0.0012,0.00192
22.09.2025 10:31:01.594 UTC,1.38055,1.3804,0.00135,0.00192
22.09.2025 10:31:02.449 UTC,1.38055,1.3804,0.0012,0.00192
22.09.2025 10:31:03.461 UTC,1.38055,1.3804,0.00135,0.00252
22.09.2025 10:31:06.605 UTC,1.38055,1.3804,0.0012,0.00252
22.09.2025 10:31:07.561 UTC,1.38055,1.3804,0.00135,0.00192
22.09.2025 10:31:08.320 UTC,1.38053,1.38039,0.0012,0.00522
22.09.2025 10:31:09.431 UTC,1.38052,1.3804,0.0012,0.00252
22.09.2025 10:31:09.883 UTC,1.38053,1.38039,0.0012,0.00252
22.09.2025 10:31:09.985 UTC,1.38052,1.3804,0.0012,0.00252
22.09.2025 10:31:10.137 UTC,1.38052,1.38041,0.0012,0.00192
22.09.2025 10:31:10.239 UTC,1.38054,1.3804,0.0012,0.00192
22.09.2025 10:31:11.855 UTC,1.38054,1.3804,0.0012,0.00387
22.09.2025 10:31:12.008 UTC,1.38054,1.3804,0.0012,0.00297
22.09.2025 10:31:12.410 UTC,1.38055,1.38042,0.0012,0.00432
22.09.2025 10:31:12.462 UTC,1.38057,1.38044,0.0018,0.00144
22.09.2025 10:31:12.564 UTC,1.38057,1.38044,0.0012,0.00297
22.09.2025 10:31:13.073 UTC,1.38058,1.38043,0.0012,0.00252
22.09.2025 10:31:14.736 UTC,1.38058,1.38043,0.0012,0.00342
22.09.2025 10:31:14.837 UTC,1.38059,1.38044,0.00135,0.00144
22.09.2025 10:31:14.989 UTC,1.38057,1.38045,0.0012,0.00192
22.09.2025 10:31:20.383 UTC,1.38057,1.38042,0.00195,0.00312
22.09.2025 10:31:20.486 UTC,1.38055,1.3804,0.0012,0.00132
22.09.2025 10:31:22.401 UTC,1.38055,1.3804,0.0012,0.00192
22.09.2025 10:31:22.655 UTC,1.38055,1.3804,0.00135,0.00192
22.09.2025 10:31:23.411 UTC,1.38055,1.3804,0.00135,0.00144
22.09.2025 10:31:25.826 UTC,1.38055,1.3804,0.0012,0.00192
22.09.2025 10:31:25.927 UTC,1.38054,1.38041,0.0012,0.00144
22.09.2025 10:31:28.095 UTC,1.38055,1.3804,0.00135,0.00192
22.09.2025 10:31:28.347 UTC,1.38054,1.38041,0.00135,0.00144
22.09.2025 10:31:28.649 UTC,1.38055,1.3804,0.00135,0.00192
22.09.2025 10:31:29.052 UTC,1.38055,1.3804,0.0012,0.00192
22.09.2025 10:31:29.154 UTC,1.38054,1.38041,0.00135,0.00192
22.09.2025 10:31:29.255 UTC,1.38055,1.3804,0.0012,0.00192
22.09.2025 10:31:29.356 UTC,1.38054,1.38041,0.0012,0.00192
22.09.2025 10:31:29.458 UTC,1.38054,1.38041,0.00285,0.00135
22.09.2025 10:31:30.771 UTC,1.38055,1.3804,0.00135,0.0018
22.09.2025 10:31:30.922 UTC,1.38054,1.3804,0.0012,0.0018
22.09.2025 10:31:31.376 UTC,1.38054,1.3804,0.0012,0.00135
22.09.2025 10:31:34.303 UTC,1.38054,1.3804,0.0018,0.0012
22.09.2025 10:31:34.707 UTC,1.38054,1.3804,0.00135,0.00135
22.09.2025 10:31:36.622 UTC,1.38053,1.38039,0.0012,0.00192
22.09.2025 10:31:38.942 UTC,1.38052,1.3804,0.00135,0.00144
22.09.2025 10:31:40.703 UTC,1.38053,1.38039,0.0012,0.0018
22.09.2025 10:31:40.855 UTC,1.38053,1.38039,0.00135,0.00135
22.09.2025 10:31:41.161 UTC,1.38055,1.3804,0.00315,0.0024
22.09.2025 10:31:41.265 UTC,1.38056,1.38041,0.00135,0.00192
22.09.2025 10:31:41.920 UTC,1.38056,1.38041,0.0018,0.00135
22.09.2025 10:31:42.023 UTC,1.38053,1.38041,0.0012,0.0018
22.09.2025 10:31:45.138 UTC,1.38055,1.38042,0.00135,0.00192
22.09.2025 10:31:46.146 UTC,1.38056,1.38041,0.0012,0.00192
22.09.2025 10:31:48.515 UTC,1.38056,1.38041,0.0018,0.00135
22.09.2025 10:31:48.616 UTC,1.38056,1.38041,0.00135,0.0018
22.09.2025 10:31:48.969 UTC,1.38056,1.38041,0.00135,0.00135
22.09.2025 10:31:49.323 UTC,1.38056,1.38041,0.00135,0.00192
22.09.2025 10:31:49.474 UTC,1.38056,1.38041,0.0012,0.00192
22.09.2025 10:31:49.727 UTC,1.38055,1.38043,0.0012,0.00252
22.09.2025 10:31:49.779 UTC,1.38058,1.38043,0.0012,0.00252
22.09.2025 10:31:49.881 UTC,1.38058,1.38045,0.00135,0.00192
22.09.2025 10:31:56.723 UTC,1.38058,1.38044,0.0012,0.00147
22.09.2025 10:32:14.177 UTC,1.38057,1.38043,0.0012,0.00339
22.09.2025 10:32:14.279 UTC,1.38056,1.38043,0.0012,0.0012
22.09.2025 10:32:17.557 UTC,1.38055,1.38044,0.0012,0.00192
22.09.2025 10:32:17.659 UTC,1.38057,1.38043,0.0012,0.00207
22.09.2025 10:32:18.365 UTC,1.38057,1.38043,0.0012,0.00297
22.09.2025 10:32:18.618 UTC,1.38056,1.38044,0.0012,0.00192
22.09.2025 10:32:19.675 UTC,1.38057,1.38043,0.0012,0.00192
22.09.2025 10:32:20.684 UTC,1.38057,1.38043,0.0012,0.00252
22.09.2025 10:32:20.735 UTC,1.38057,1.38043,0.0012,0.00387
22.09.2025 10:32:20.837 UTC,1.38058,1.38043,0.0012,0.00612
22.09.2025 10:32:21.844 UTC,1.38057,1.38044,0.0012,0.00747
22.09.2025 10:32:25.061 UTC,1.38058,1.38043,0.0012,0.00747
22.09.2025 10:32:25.467 UTC,1.38056,1.38043,0.0012,0.0027
22.09.2025 10:32:25.569 UTC,1.38053,1.38043,0.0012,0.0012
22.09.2025 10:32:25.621 UTC,1.38051,1.38039,0.0012,0.00789
22.09.2025 10:32:26.985 UTC,1.38051,1.38039,0.0012,0.00522
22.09.2025 10:32:29.649 UTC,1.38051,1.38039,0.0012,0.00237
22.09.2025 10:32:29.750 UTC,1.38051,1.38039,0.0012,0.00252
22.09.2025 10:32:33.301 UTC,1.38052,1.38038,0.0012,0.00252
22.09.2025 10:32:33.955 UTC,1.38051,1.38039,0.0012,0.00342
22.09.2025 10:32:35.517 UTC,1.38052,1.38039,0.0012,0.00207
22.09.2025 10:32:37.481 UTC,1.38052,1.38039,0.0012,0.00192
22.09.2025 10:32:41.548 UTC,1.38051,1.3804,0.0012,0.00192
22.09.2025 10:32:44.918 UTC,1.38052,1.38039,0.0012,0.00192
22.09.2025 10:32:45.020 UTC,1.38054,1.38039,0.0012,0.00522
22.09.2025 10:32:45.376 UTC,1.38053,1.38041,0.0012,0.00297
22.09.2025 10:32:45.478 UTC,1.38054,1.3804,0.0012,0.00297
22.09.2025 10:32:46.747 UTC,1.38054,1.38039,0.0012,0.00792
22.09.2025 10:32:52.077 UTC,1.38054,1.38041,0.0012,0.00192
22.09.2025 10:32:52.881 UTC,1.38053,1.38042,0.0012,0.00144
22.09.2025 10:32:53.033 UTC,1.38054,1.3804,0.0012,0.00192
22.09.2025 10:32:53.286 UTC,1.38054,1.3804,0.0012,0.00342
22.09.2025 10:32:56.059 UTC,1.38054,1.38041,0.0012,0.00522
22.09.2025 10:32:56.161 UTC,1.38057,1.38043,0.0012,0.00132
22.09.2025 10:32:56.263 UTC,1.38057,1.38043,0.0012,0.00297
22.09.2025 10:33:00.734 UTC,1.38057,1.38043,0.0012,0.00192
22.09.2025 10:33:02.693 UTC,1.38056,1.38044,0.0012,0.00192
22.09.2025 10:33:06.264 UTC,1.38056,1.38044,0.0012,0.00132
22.09.2025 10:33:07.625 UTC,1.38057,1.38042,0.0012,0.00522
22.09.2025 10:33:11.392 UTC,1.38057,1.38043,0.0012,0.00192
22.09.2025 10:33:15.168 UTC,1.38057,1.38044,0.0012,0.00192
22.09.2025 10:33:15.371 UTC,1.38056,1.38045,0.0012,0.00144
22.09.2025 10:33:15.724 UTC,1.38057,1.38044,0.0012,0.00192
22.09.2025 10:33:16.126 UTC,1.38057,1.38043,0.0012,0.00192
22.09.2025 10:33:16.429 UTC,1.38056,1.38044,0.0012,0.00342
22.09.2025 10:33:17.997 UTC,1.38057,1.38043,0.0012,0.00342
22.09.2025 10:33:22.578 UTC,1.38057,1.38043,0.0012,0.00432
22.09.2025 10:33:24.944 UTC,1.38057,1.38043,0.0012,0.00192
22.09.2025 10:33:25.248 UTC,1.38057,1.38043,0.0012,0.00252
22.09.2025 10:33:25.954 UTC,1.38057,1.38044,0.0012,0.00144
22.09.2025 10:33:29.482 UTC,1.38057,1.38043,0.0012,0.00135
22.09.2025 10:33:33.203 UTC,1.38058,1.38045,0.00285,0.0012
22.09.2025 10:33:33.305 UTC,1.38057,1.38043,0.0012,0.00144
22.09.2025 10:33:37.246 UTC,1.38055,1.38043,0.0018,0.0012
22.09.2025 10:33:37.297 UTC,1.38054,1.38041,0.0012,0.00116
22.09.2025 10:33:37.399 UTC,1.38053,1.38041,0.0012,0.00144
22.09.2025 10:33:42.332 UTC,1.38052,1.38039,0.0012,0.00144
22.09.2025 10:33:42.687 UTC,1.38053,1.38039,0.0012,0.00144
22.09.2025 10:33:44.352 UTC,1.38051,1.38039,0.0012,0.00135
22.09.2025 10:33:44.454 UTC,1.3805,1.38039,0.0012,0.00144
22.09.2025 10:33:44.908 UTC,1.3805,1.38039,0.0012,0.00192
22.09.2025 10:33:44.959 UTC,1.38053,1.38039,0.0012,0.00144
22.09.2025 10:33:45.061 UTC,1.38053,1.3804,0.00135,0.00144
22.09.2025 10:33:45.213 UTC,1.38054,1.38039,0.00135,0.00192
22.09.2025 10:33:45.468 UTC,1.38055,1.38041,0.0012,0.00297
22.09.2025 10:33:45.622 UTC,1.38054,1.38042,0.0012,0.00327
22.09.2025 10:33:46.781 UTC,1.38055,1.38041,0.0012,0.00297
22.09.2025 10:33:47.036 UTC,1.38056,1.38042,0.0012,0.00522
22.09.2025 10:33:47.087 UTC,1.38059,1.38044,0.0012,0.00147
22.09.2025 10:33:47.945 UTC,1.38059,1.38044,0.00135,0.00135
22.09.2025 10:33:49.866 UTC,1.38059,1.38044,0.0012,0.00192
22.09.2025 10:33:54.798 UTC,1.38059,1.38044,0.0012,0.00144
22.09.2025 10:33:55.000 UTC,1.38058,1.38045,0.0012,0.00192
22.09.2025 10:33:55.102 UTC,1.38059,1.38044,0.00135,0.00192
22.09.2025 10:33:55.455 UTC,1.38059,1.38044,0.0012,0.00192
22.09.2025 10:33:56.111 UTC,1.38058,1.38045,0.0012,0.00192
22.09.2025 10:33:56.365 UTC,1.38059,1.38044,0.0012,0.00192
22.09.2025 10:33:56.718 UTC,1.38059,1.38045,0.0012,0.00132
22.09.2025 10:33:57.528 UTC,1.3806,1.38045,0.00135,0.00147
22.09.2025 10:33:58.737 UTC,1.38061,1.38046,0.00225,0.00342
22.09.2025 10:33:58.890 UTC,1.38062,1.38046,0.00135,0.00147
22.09.2025 10:33:59.046 UTC,1.38062,1.38049,0.0018,0.0012
22.09.2025 10:33:59.150 UTC,1.38066,1.38052,0.00135,0.0012
22.09.2025 10:33:59.252 UTC,1.38067,1.38051,0.00135,0.0012
22.09.2025 10:33:59.405 UTC,1.38067,1.38051,0.0033,0.0012
22.09.2025 10:33:59.657 UTC,1.38064,1.3805,0.0018,0.0012
22.09.2025 10:34:00.416 UTC,1.38066,1.3805,0.0033,0.00192
22.09.2025 10:34:00.518 UTC,1.38066,1.3805,0.0033,0.0012
22.09.2025 10:34:01.022 UTC,1.38067,1.38054,0.0012,0.00132
22.09.2025 10:34:01.074 UTC,1.38068,1.38055,0.0012,0.00189
22.09.2025 10:34:01.429 UTC,1.38069,1.38055,0.0012,0.0012
22.09.2025 10:34:02.186 UTC,1.3807,1.38055,0.0012,0.0012
22.09.2025 10:34:02.390 UTC,1.38068,1.38053,0.00135,0.0018
22.09.2025 10:34:02.492 UTC,1.38066,1.38053,0.0012,0.0012
22.09.2025 10:34:02.593 UTC,1.38068,1.38053,0.0024,0.0012
22.09.2025 10:34:03.974 UTC,1.38065,1.38052,0.0012,0.0024
22.09.2025 10:34:04.025 UTC,1.38063,1.38048,0.00132,0.00177
22.09.2025 10:34:04.127 UTC,1.3806,1.38048,0.0012,0.0012
22.09.2025 10:34:05.037 UTC,1.38061,1.38048,0.0012,0.0012
22.09.2025 10:34:06.752 UTC,1.38062,1.3805,0.0012,0.0012
22.09.2025 10:34:07.361 UTC,1.38062,1.38048,0.0012,0.0012
22.09.2025 10:34:07.463 UTC,1.38061,1.38047,0.00135,0.0012
22.09.2025 10:34:07.615 UTC,1.3806,1.38047,0.0012,0.0012
22.09.2025 10:34:09.483 UTC,1.38058,1.38048,0.0012,0.0012
22.09.2025 10:34:09.586 UTC,1.38059,1.38048,0.00135,0.0012
22.09.2025 10:34:12.401 UTC,1.3806,1.38045,0.00135,0.00225
22.09.2025 10:34:13.061 UTC,1.3806,1.38046,0.00135,0.00132
22.09.2025 10:34:13.163 UTC,1.3806,1.38047,0.00135,0.00144
22.09.2025 10:34:15.180 UTC,1.38061,1.38046,0.0012,0.00192
22.09.2025 10:34:16.189 UTC,1.38061,1.38046,0.0012,0.00144
22.09.2025 10:34:16.291 UTC,1.38058,1.38045,0.0012,0.00387
22.09.2025 10:34:16.895 UTC,1.38058,1.38045,0.0012,0.00369
22.09.2025 10:34:17.049 UTC,1.38057,1.38045,0.0012,0.00132
22.09.2025 10:34:22.648 UTC,1.38058,1.38044,0.0012,0.00297
22.09.2025 10:34:27.676 UTC,1.38058,1.38045,0.0012,0.00192
22.09.2025 10:34:30.041 UTC,1.38058,1.38045,0.0012,0.00144
22.09.2025 10:34:32.776 UTC,1.38058,1.38044,0.0012,0.00192
22.09.2025 10:34:32.879 UTC,1.38059,1.38045,0.0012,0.00207
22.09.2025 10:34:34.743 UTC,1.38058,1.38047,0.0012,0.00144
22.09.2025 10:34:35.146 UTC,1.38059,1.38046,0.0012,0.00192
22.09.2025 10:34:36.151 UTC,1.38059,1.38046,0.0012,0.00234
22.09.2025 10:34:36.956 UTC,1.38058,1.38047,0.0012,0.00294
22.09.2025 10:34:38.112 UTC,1.3806,1.38046,0.0012,0.00384
22.09.2025 10:34:38.164 UTC,1.38062,1.38047,0.0012,0.00297
22.09.2025 10:34:39.172 UTC,1.38062,1.38048,0.0012,0.00192
22.09.2025 10:34:40.232 UTC,1.38061,1.38049,0.0012,0.00144
22.09.2025 10:34:40.385 UTC,1.38062,1.38048,0.0012,0.00147
22.09.2025 10:34:41.392 UTC,1.38061,1.38049,0.0012,0.00192
22.09.2025 10:34:44.109 UTC,1.38061,1.38049,0.0012,0.00147
22.09.2025 10:34:44.210 UTC,1.3806,1.38047,0.0012,0.00249
22.09.2025 10:34:44.564 UTC,1.38062,1.38047,0.0012,0.00387
22.09.2025 10:34:45.778 UTC,1.38062,1.38049,0.0012,0.00192
22.09.2025 10:34:49.801 UTC,1.38063,1.38048,0.0012,0.00432
22.09.2025 10:34:49.903 UTC,1.38063,1.38049,0.0012,0.00192
22.09.2025 10:34:50.005 UTC,1.38063,1.38048,0.0012,0.00477
22.09.2025 10:34:51.521 UTC,1.38063,1.38048,0.0012,0.00567
22.09.2025 10:34:51.624 UTC,1.38063,1.38049,0.0012,0.00192
22.09.2025 10:34:54.142 UTC,1.38062,1.38049,0.0012,0.00612
22.09.2025 10:34:54.996 UTC,1.38063,1.38048,0.0012,0.00702
22.09.2025 10:34:57.406 UTC,1.38063,1.38048,0.0012,0.00612
22.09.2025 10:35:02.867 UTC,1.38063,1.38048,0.0012,0.00702
22.09.2025 10:35:04.834 UTC,1.38062,1.3805,0.0012,0.00144
22.09.2025 10:35:05.087 UTC,1.38063,1.38048,0.0012,0.00522
22.09.2025 10:35:05.995 UTC,1.38063,1.38048,0.0012,0.00432
22.09.2025 10:35:06.401 UTC,1.38063,1.38049,0.0012,0.00132
22.09.2025 10:35:06.704 UTC,1.38063,1.38048,0.0012,0.00612
22.09.2025 10:35:10.227 UTC,1.3806,1.3805,0.0012,0.0018
22.09.2025 10:35:10.430 UTC,1.38061,1.38048,0.0012,0.00339
22.09.2025 10:35:11.692 UTC,1.38061,1.38049,0.0012,0.00135
22.09.2025 10:35:11.794 UTC,1.3806,1.38049,0.0012,0.00192
22.09.2025 10:35:11.946 UTC,1.38061,1.38048,0.0012,0.00192
22.09.2025 10:35:20.759 UTC,1.38059,1.38048,0.0012,0.00279
22.09.2025 10:35:22.121 UTC,1.3806,1.38046,0.0012,0.0018
22.09.2025 10:35:22.274 UTC,1.38062,1.38049,0.0012,0.00192
22.09.2025 10:35:26.951 UTC,1.38063,1.38048,0.0012,0.00747
22.09.2025 10:35:27.053 UTC,1.38062,1.38049,0.0012,0.00747
22.09.2025 10:35:28.564 UTC,1.38063,1.38048,0.0012,0.00747
22.09.2025 10:35:28.767 UTC,1.38063,1.38048,0.0012,0.00477
22.09.2025 10:35:30.229 UTC,1.38063,1.38048,0.0012,0.00612
22.09.2025 10:35:36.144 UTC,1.38063,1.38049,0.0012,0.00192
22.09.2025 10:35:37.505 UTC,1.38062,1.38049,0.0012,0.00192
22.09.2025 10:35:37.957 UTC,1.38061,1.3805,0.0012,0.00204
22.09.2025 10:35:41.381 UTC,1.38062,1.38048,0.0012,0.00567
22.09.2025 10:35:42.088 UTC,1.38064,1.38049,0.0012,0.00192
22.09.2025 10:35:42.140 UTC,1.38066,1.38052,0.0012,0.00192
22.09.2025 10:35:42.242 UTC,1.38067,1.38053,0.0012,0.00192
22.09.2025 10:35:46.146 UTC,1.38068,1.38054,0.0012,0.00132
22.09.2025 10:35:51.176 UTC,1.38067,1.38055,0.0012,0.00414
22.09.2025 10:35:54.747 UTC,1.38067,1.38055,0.0012,0.00204
22.09.2025 10:35:55.000 UTC,1.38068,1.38054,0.0012,0.00204
22.09.2025 10:35:57.464 UTC,1.38067,1.38055,0.0012,0.00294
22.09.2025 10:35:58.019 UTC,1.38068,1.38054,0.0012,0.00204
22.09.2025 10:35:58.573 UTC,1.38067,1.38055,0.0012,0.00204
22.09.2025 10:36:00.717 UTC,1.38068,1.38054,0.0012,0.00387
22.09.2025 10:36:00.819 UTC,1.38069,1.38055,0.0012,0.00192
22.09.2025 10:36:01.526 UTC,1.38069,1.38055,0.0012,0.00144
22.09.2025 10:36:02.433 UTC,1.38068,1.38056,0.0012,0.00192
22.09.2025 10:36:03.140 UTC,1.38069,1.38055,0.0012,0.00144
22.09.2025 10:36:03.845 UTC,1.38069,1.38055,0.0012,0.00192
22.09.2025 10:36:05.857 UTC,1.38068,1.38056,0.0012,0.00192
22.09.2025 10:36:06.109 UTC,1.38069,1.38055,0.0012,0.00192
22.09.2025 10:36:07.115 UTC,1.38068,1.38054,0.0012,0.00477
22.09.2025 10:36:07.418 UTC,1.38068,1.38054,0.0012,0.00342
22.09.2025 10:36:17.278 UTC,1.38068,1.38054,0.0012,0.00192
22.09.2025 10:36:18.235 UTC,1.38068,1.38053,0.0012,0.00522
22.09.2025 10:36:21.050 UTC,1.38067,1.38054,0.0012,0.00522
22.09.2025 10:36:22.507 UTC,1.38068,1.38053,0.0012,0.00522
22.09.2025 10:36:23.764 UTC,1.38067,1.38054,0.0012,0.00522
22.09.2025 10:36:25.878 UTC,1.38068,1.38053,0.0012,0.00522
22.09.2025 10:36:27.789 UTC,1.38068,1.38054,0.0012,0.00144
22.09.2025 10:36:28.492 UTC,1.38068,1.38054,0.0012,0.00192
22.09.2025 10:36:29.146 UTC,1.38068,1.38054,0.0012,0.00144
22.09.2025 10:36:32.228 UTC,1.38068,1.38054,0.0012,0.00192
22.09.2025 10:36:34.392 UTC,1.38068,1.38054,0.0012,0.00144
22.09.2025 10:36:34.644 UTC,1.38068,1.38054,0.0012,0.00192
22.09.2025 10:36:38.763 UTC,1.38067,1.38054,0.0012,0.0018
22.09.2025 10:36:40.826 UTC,1.38067,1.38054,0.0012,0.00144
22.09.2025 10:36:43.398 UTC,1.38067,1.38054,0.0012,0.00192
22.09.2025 10:36:45.864 UTC,1.38065,1.38055,0.0012,0.0012
22.09.2025 10:36:45.968 UTC,1.38064,1.38052,0.0012,0.00429
22.09.2025 10:36:46.204 UTC,1.38065,1.38053,0.0012,0.00249
22.09.2025 10:36:46.356 UTC,1.38066,1.38052,0.0012,0.00249
22.09.2025 10:36:48.118 UTC,1.38066,1.38055,0.0012,0.00192
22.09.2025 10:36:48.372 UTC,1.38066,1.38055,0.0012,0.00144
22.09.2025 10:36:51.242 UTC,1.38066,1.38056,0.0012,0.00135
22.09.2025 10:36:57.443 UTC,1.38067,1.38053,0.0012,0.00252
22.09.2025 10:36:57.595 UTC,1.38066,1.38054,0.0012,0.00252
22.09.2025 10:36:57.846 UTC,1.38067,1.38053,0.0012,0.00252
22.09.2025 10:36:58.400 UTC,1.38068,1.38053,0.0012,0.00477
22.09.2025 10:36:58.652 UTC,1.38067,1.38054,0.0012,0.00477
22.09.2025 10:36:59.759 UTC,1.38069,1.38054,0.00135,0.00192
22.09.2025 10:36:59.861 UTC,1.38069,1.38054,0.0012,0.00192
22.09.2025 10:37:04.956 UTC,1.38069,1.38054,0.0012,0.00297
22.09.2025 10:37:10.391 UTC,1.38069,1.38054,0.0012,0.00342
22.09.2025 10:37:10.896 UTC,1.38068,1.38055,0.0018,0.00324
22.09.2025 10:37:11.653 UTC,1.38068,1.38053,0.0012,0.00252
22.09.2025 10:37:11.957 UTC,1.38068,1.38054,0.0012,0.00144
22.09.2025 10:37:12.260 UTC,1.38068,1.38054,0.0012,0.00192
22.09.2025 10:37:12.463 UTC,1.38068,1.38054,0.0012,0.00144
22.09.2025 10:37:13.571 UTC,1.38067,1.38055,0.0012,0.00192
22.09.2025 10:37:13.996 UTC,1.38068,1.38054,0.0012,0.00192
22.09.2025 10:37:14.098 UTC,1.38067,1.38055,0.0012,0.00192
22.09.2025 10:37:14.602 UTC,1.38068,1.38054,0.0012,0.00144
22.09.2025 10:37:15.757 UTC,1.38068,1.38054,0.0012,0.00192
22.09.2025 10:37:19.422 UTC,1.38068,1.38054,0.0012,0.00144
22.09.2025 10:37:19.923 UTC,1.38068,1.38054,0.0012,0.00192
22.09.2025 10:37:20.478 UTC,1.38068,1.38055,0.0012,0.00249
22.09.2025 10:37:22.138 UTC,1.38069,1.38054,0.0012,0.00252
22.09.2025 10:37:22.442 UTC,1.38068,1.38055,0.0012,0.00252
22.09.2025 10:37:22.544 UTC,1.38068,1.38054,0.0012,0.00144
22.09.2025 10:37:23.050 UTC,1.38068,1.38054,0.0012,0.00192
22.09.2025 10:37:27.776 UTC,1.38068,1.38054,0.0012,0.00144
22.09.2025 10:37:28.580 UTC,1.38067,1.38055,0.0012,0.00192
22.09.2025 10:37:31.195 UTC,1.38068,1.38054,0.0012,0.00132
22.09.2025 10:37:31.949 UTC,1.38068,1.38054,0.0012,0.00192
22.09.2025 10:37:38.991 UTC,1.38068,1.38054,0.0012,0.00234
22.09.2025 10:37:39.293 UTC,1.38068,1.38054,0.0012,0.00249
22.09.2025 10:37:42.204 UTC,1.38068,1.38054,0.0012,0.00234
22.09.2025 10:37:45.573 UTC,1.38068,1.38054,0.0012,0.00249
22.09.2025 10:37:52.201 UTC,1.38068,1.38054,0.00135,0.00225
22.09.2025 10:37:52.305 UTC,1.38067,1.38053,0.00135,0.00234
22.09.2025 10:37:52.712 UTC,1.38067,1.38054,0.0012,0.0012
22.09.2025 10:38:01.712 UTC,1.38067,1.38053,0.00135,0.00144
22.09.2025 10:38:02.115 UTC,1.38065,1.38053,0.0012,0.0018
22.09.2025 10:38:02.218 UTC,1.38066,1.38052,0.00135,0.00135
22.09.2025 10:38:03.225 UTC,1.38066,1.38052,0.0012,0.0018
22.09.2025 10:38:03.377 UTC,1.38066,1.38052,0.0012,0.0012
22.09.2025 10:38:08.209 UTC,1.38066,1.38052,0.0012,0.00192
22.09.2025 10:38:08.412 UTC,1.38066,1.38053,0.0012,0.0012
22.09.2025 10:38:12.387 UTC,1.38066,1.38052,0.0012,0.00192
22.09.2025 10:38:13.999 UTC,1.38066,1.38052,0.0012,0.00144
22.09.2025 10:38:14.651 UTC,1.38066,1.38052,0.0012,0.00192
22.09.2025 10:38:15.306 UTC,1.38066,1.38053,0.0012,0.0018
22.09.2025 10:38:15.909 UTC,1.38065,1.38054,0.0012,0.00135
22.09.2025 10:38:19.913 UTC,1.38066,1.38052,0.0012,0.00144
22.09.2025 10:38:20.217 UTC,1.38065,1.38053,0.0012,0.00192
22.09.2025 10:38:25.741 UTC,1.38065,1.3805,0.0018,0.00189
22.09.2025 10:38:25.792 UTC,1.38063,1.38049,0.0012,0.00282
22.09.2025 10:38:38.358 UTC,1.38064,1.3805,0.0012,0.00132
22.09.2025 10:38:38.711 UTC,1.38063,1.38052,0.0012,0.0012
22.09.2025 10:38:38.912 UTC,1.38064,1.3805,0.0012,0.00189
22.09.2025 10:38:41.378 UTC,1.38063,1.38049,0.00144,0.00225
22.09.2025 10:38:41.632 UTC,1.38062,1.3805,0.0012,0.0024
22.09.2025 10:38:41.733 UTC,1.38063,1.38049,0.00135,0.00225
22.09.2025 10:38:42.141 UTC,1.38062,1.3805,0.0012,0.0024
22.09.2025 10:38:56.388 UTC,1.38063,1.38051,0.00135,0.00135
22.09.2025 10:38:56.492 UTC,1.38064,1.3805,0.0012,0.0018
22.09.2025 10:38:56.946 UTC,1.38064,1.3805,0.00135,0.00135
22.09.2025 10:39:01.164 UTC,1.38062,1.3805,0.00132,0.00135
22.09.2025 10:39:01.266 UTC,1.38063,1.38048,0.00144,0.00225
22.09.2025 10:39:01.620 UTC,1.38063,1.38048,0.00144,0.0024
22.09.2025 10:39:02.776 UTC,1.38062,1.38049,0.00132,0.00225
22.09.2025 10:39:03.580 UTC,1.38062,1.3805,0.00234,0.0012
22.09.2025 10:39:05.441 UTC,1.38062,1.38051,0.0012,0.0018
22.09.2025 10:39:05.493 UTC,1.38067,1.38052,0.00132,0.0018
22.09.2025 10:39:05.645 UTC,1.38067,1.38053,0.00132,0.0012
22.09.2025 10:39:06.703 UTC,1.38067,1.38054,0.0018,0.0018
22.09.2025 10:39:06.857 UTC,1.38068,1.38054,0.0012,0.0012
22.09.2025 10:39:09.133 UTC,1.38069,1.38054,0.00132,0.0018
22.09.2025 10:39:16.012 UTC,1.38069,1.38055,0.00132,0.0012
22.09.2025 10:39:17.423 UTC,1.38068,1.38055,0.0012,0.00279
22.09.2025 10:39:17.877 UTC,1.38068,1.38055,0.0012,0.00339
22.09.2025 10:39:18.330 UTC,1.38068,1.38055,0.00135,0.00279
22.09.2025 10:39:18.786 UTC,1.38068,1.38055,0.00135,0.00339
22.09.2025 10:39:19.793 UTC,1.38069,1.38054,0.00135,0.00324
22.09.2025 10:39:21.053 UTC,1.38068,1.38055,0.0012,0.00249
22.09.2025 10:39:25.132 UTC,1.3807,1.38055,0.00135,0.00192
22.09.2025 10:39:25.339 UTC,1.3807,1.38055,0.0012,0.00204
22.09.2025 10:39:26.194 UTC,1.38069,1.38056,0.0012,0.00204
22.09.2025 10:39:26.295 UTC,1.3807,1.38055,0.00135,0.00204
22.09.2025 10:39:26.549 UTC,1.3807,1.38055,0.0012,0.00294
22.09.2025 10:39:27.554 UTC,1.38069,1.38056,0.00135,0.00294
22.09.2025 10:39:28.710 UTC,1.38069,1.38056,0.0012,0.00294
22.09.2025 10:39:29.264 UTC,1.38069,1.38056,0.00135,0.00294
22.09.2025 10:39:29.669 UTC,1.38069,1.38056,0.0012,0.00294
22.09.2025 10:39:40.829 UTC,1.3807,1.38055,0.0012,0.00192
22.09.2025 10:39:41.212 UTC,1.38069,1.38056,0.0012,0.0018
22.09.2025 10:39:41.464 UTC,1.38069,1.38056,0.00135,0.00195
22.09.2025 10:39:56.935 UTC,1.3807,1.38055,0.0012,0.00285
22.09.2025 10:39:57.040 UTC,1.3807,1.38055,0.00135,0.00375
22.09.2025 10:40:00.057 UTC,1.3807,1.38055,0.0012,0.00375
22.09.2025 10:40:02.421 UTC,1.3807,1.38055,0.00135,0.00285
22.09.2025 10:40:03.531 UTC,1.38069,1.38056,0.0012,0.00297
22.09.2025 10:40:05.946 UTC,1.3807,1.38055,0.00135,0.00297
22.09.2025 10:40:07.301 UTC,1.3807,1.38055,0.0012,0.00297
22.09.2025 10:40:07.402 UTC,1.3807,1.38055,0.00135,0.00294
22.09.2025 10:40:10.368 UTC,1.38067,1.38054,0.0012,0.00135
22.09.2025 10:40:10.471 UTC,1.38065,1.38053,0.0012,0.00189
22.09.2025 10:40:12.538 UTC,1.38066,1.38053,0.0012,0.0012
22.09.2025 10:40:13.716 UTC,1.38058,1.38052,0.0012,0.0012
22.09.2025 10:40:13.769 UTC,1.38059,1.38048,0.0012,0.00267
22.09.2025 10:40:13.822 UTC,1.38058,1.38046,0.0012,0.0018
22.09.2025 10:40:15.993 UTC,1.38059,1.38046,0.0012,0.0012
22.09.2025 10:40:24.391 UTC,1.38059,1.38045,0.0012,0.0012
22.09.2025 10:40:25.903 UTC,1.38059,1.38045,0.0018,0.0012
22.09.2025 10:40:26.157 UTC,1.38057,1.38046,0.0012,0.0018
22.09.2025 10:40:26.259 UTC,1.38057,1.38046,0.0012,0.00135
22.09.2025 10:40:28.642 UTC,1.38058,1.38045,0.0018,0.0012
22.09.2025 10:40:28.744 UTC,1.38057,1.38046,0.00135,0.0012
22.09.2025 10:40:29.349 UTC,1.38058,1.38044,0.00135,0.00135
22.09.2025 10:40:29.651 UTC,1.38058,1.38044,0.0012,0.0018
22.09.2025 10:40:29.904 UTC,1.38058,1.38044,0.0012,0.00135
22.09.2025 10:40:30.911 UTC,1.38057,1.38045,0.0012,0.0018
22.09.2025 10:40:31.163 UTC,1.38057,1.38045,0.00135,0.00135
22.09.2025 10:40:31.265 UTC,1.38057,1.38045,0.0012,0.0018
22.09.2025 10:40:35.095 UTC,1.38058,1.38044,0.00135,0.00225
22.09.2025 10:40:35.197 UTC,1.38058,1.38044,0.0012,0.0024
22.09.2025 10:40:36.355 UTC,1.38058,1.38044,0.0012,0.00225
22.09.2025 10:40:38.669 UTC,1.38058,1.38044,0.0012,0.0018
22.09.2025 10:40:38.820 UTC,1.38058,1.38044,0.00135,0.00135
22.09.2025 10:40:40.025 UTC,1.38057,1.38045,0.0012,0.0018
22.09.2025 10:40:40.829 UTC,1.38057,1.38045,0.0012,0.0024
22.09.2025 10:40:41.231 UTC,1.38058,1.38044,0.0012,0.0024
22.09.2025 10:40:43.050 UTC,1.38057,1.38045,0.0012,0.0024
22.09.2025 10:40:56.836 UTC,1.38058,1.38044,0.0012,0.0024
22.09.2025 10:40:58.108 UTC,1.38057,1.38045,0.0012,0.0024
22.09.2025 10:40:58.210 UTC,1.38058,1.38044,0.0012,0.0024
22.09.2025 10:40:58.814 UTC,1.38057,1.38045,0.0012,0.0024
22.09.2025 10:41:00.423 UTC,1.38058,1.38044,0.0012,0.00249
22.09.2025 10:41:00.627 UTC,1.38055,1.38042,0.0012,0.00144
22.09.2025 10:41:00.729 UTC,1.38055,1.38043,0.0012,0.0012
22.09.2025 10:41:08.638 UTC,1.38055,1.38041,0.0012,0.00372
22.09.2025 10:41:10.904 UTC,1.38055,1.38043,0.0012,0.00135
22.09.2025 10:41:12.128 UTC,1.38055,1.38042,0.0012,0.00234
22.09.2025 10:41:12.983 UTC,1.38055,1.38042,0.0012,0.00249
22.09.2025 10:41:15.946 UTC,1.38055,1.38042,0.0012,0.00234
22.09.2025 10:41:16.249 UTC,1.38055,1.38042,0.0012,0.00249
22.09.2025 10:41:19.113 UTC,1.38054,1.38043,0.0012,0.00249
22.09.2025 10:41:20.830 UTC,1.38056,1.38043,0.0012,0.0012
22.09.2025 10:41:22.491 UTC,1.38053,1.38042,0.0012,0.0012
22.09.2025 10:41:22.542 UTC,1.38052,1.3804,0.0012,0.00132
22.09.2025 10:41:22.796 UTC,1.38052,1.3804,0.0012,0.00192
22.09.2025 10:41:26.774 UTC,1.38053,1.3804,0.0012,0.0018
22.09.2025 10:41:26.925 UTC,1.38052,1.38041,0.0012,0.0012
22.09.2025 10:41:27.432 UTC,1.38056,1.38045,0.0018,0.0012
22.09.2025 10:41:29.094 UTC,1.38058,1.38045,0.0012,0.0012
22.09.2025 10:41:33.248 UTC,1.38057,1.38045,0.0012,0.0012
22.09.2025 10:41:33.300 UTC,1.38056,1.38042,0.0012,0.00132
22.09.2025 10:41:33.356 UTC,1.38054,1.38041,0.0012,0.0012
22.09.2025 10:41:33.459 UTC,1.38053,1.38041,0.0012,0.00132
22.09.2025 10:41:45.143 UTC,1.38054,1.38039,0.0012,0.00342
22.09.2025 10:41:45.648 UTC,1.38054,1.3804,0.0012,0.00144
22.09.2025 10:41:51.772 UTC,1.38054,1.3804,0.0012,0.00192
22.09.2025 10:41:52.677 UTC,1.38054,1.3804,0.0012,0.00144
22.09.2025 10:41:53.830 UTC,1.38054,1.3804,0.0012,0.00192
22.09.2025 10:41:53.932 UTC,1.38054,1.3804,0.00135,0.00144
22.09.2025 10:41:55.542 UTC,1.38054,1.3804,0.0018,0.00249
22.09.2025 10:41:55.694 UTC,1.38054,1.3804,0.0012,0.00249
22.09.2025 10:41:55.796 UTC,1.38053,1.38042,0.0012,0.00135
22.09.2025 10:41:56.099 UTC,1.38053,1.38041,0.0012,0.00234
22.09.2025 10:41:57.309 UTC,1.38053,1.38041,0.0012,0.00192
22.09.2025 10:42:01.231 UTC,1.38053,1.38041,0.0012,0.00144
22.09.2025 10:42:01.383 UTC,1.38054,1.3804,0.0012,0.00192
22.09.2025 10:42:03.146 UTC,1.38055,1.38041,0.0012,0.0024
22.09.2025 10:42:03.303 UTC,1.38055,1.38043,0.0012,0.0012
22.09.2025 10:42:03.607 UTC,1.38056,1.38043,0.0012,0.0012
22.09.2025 10:42:04.011 UTC,1.38057,1.38043,0.00135,0.00225
22.09.2025 10:42:04.113 UTC,1.3806,1.38045,0.00237,0.0012
22.09.2025 10:42:04.316 UTC,1.38059,1.38046,0.00234,0.0012
22.09.2025 10:42:15.023 UTC,1.38059,1.38049,0.0012,0.0012
22.09.2025 10:42:15.074 UTC,1.38063,1.38051,0.00132,0.0018
22.09.2025 10:42:28.848 UTC,1.38066,1.38052,0.0012,0.0012
22.09.2025 10:42:28.950 UTC,1.38069,1.38054,0.00108,0.0012
22.09.2025 10:42:43.901 UTC,1.38066,1.38054,0.00192,0.0012
22.09.2025 10:42:43.953 UTC,1.38066,1.38051,0.00192,0.00267
22.09.2025 10:42:44.055 UTC,1.38063,1.38052,0.0012,0.0012
22.09.2025 10:42:44.157 UTC,1.38065,1.3805,0.00189,0.0012
22.09.2025 10:42:45.920 UTC,1.38064,1.38049,0.00132,0.00225
22.09.2025 10:42:45.971 UTC,1.38065,1.38052,0.00279,0.0012
22.09.2025 10:42:46.073 UTC,1.38065,1.38052,0.00132,0.0024
22.09.2025 10:43:02.084 UTC,1.38066,1.38053,0.00225,0.00144
22.09.2025 10:43:02.185 UTC,1.38067,1.38054,0.00144,0.0018
22.09.2025 10:43:04.874 UTC,1.38068,1.38053,0.0012,0.00249
22.09.2025 10:43:05.326 UTC,1.38068,1.38053,0.00135,0.00249
22.09.2025 10:43:06.181 UTC,1.38068,1.38053,0.0012,0.00249
22.09.2025 10:43:06.433 UTC,1.38067,1.38054,0.0012,0.00249
22.09.2025 10:43:06.786 UTC,1.38069,1.38054,0.00144,0.00135
22.09.2025 10:43:06.991 UTC,1.38069,1.38054,0.00144,0.0018
22.09.2025 10:43:07.296 UTC,1.38068,1.38055,0.00192,0.00135
22.09.2025 10:43:07.448 UTC,1.38069,1.38054,0.00234,0.0018
22.09.2025 10:43:17.499 UTC,1.38068,1.38055,0.00144,0.00135
22.09.2025 10:43:18.763 UTC,1.38069,1.38054,0.00192,0.00135
22.09.2025 10:43:19.517 UTC,1.38069,1.38054,0.00144,0.00135
22.09.2025 10:43:22.386 UTC,1.38068,1.38055,0.00132,0.0018
22.09.2025 10:43:22.489 UTC,1.38069,1.38054,0.00144,0.00135
22.09.2025 10:43:27.015 UTC,1.38067,1.38054,0.00135,0.00144
22.09.2025 10:43:27.117 UTC,1.38066,1.38051,0.00144,0.00144
22.09.2025 10:43:42.771 UTC,1.38065,1.38052,0.0012,0.00249
22.09.2025 10:43:47.591 UTC,1.38065,1.38052,0.0012,0.00144
22.09.2025 10:43:47.693 UTC,1.38069,1.38054,0.0012,0.00144
22.09.2025 10:43:47.845 UTC,1.38069,1.38054,0.0018,0.00144
22.09.2025 10:43:48.853 UTC,1.38069,1.38054,0.00135,0.00144
22.09.2025 10:44:00.005 UTC,1.38068,1.38054,0.0012,0.00144
22.09.2025 10:44:00.215 UTC,1.38067,1.38055,0.0018,0.0012
22.09.2025 10:44:00.317 UTC,1.38068,1.38054,0.00225,0.0012
22.09.2025 10:44:03.837 UTC,1.3807,1.38055,0.00135,0.00192
22.09.2025 10:44:03.889 UTC,1.38071,1.38058,0.00132,0.00147
22.09.2025 10:44:03.991 UTC,1.38072,1.38057,0.0012,0.0018
22.09.2025 10:44:04.246 UTC,1.38071,1.38058,0.00135,0.0018
22.09.2025 10:44:04.500 UTC,1.3807,1.38057,0.00135,0.00249
22.09.2025 10:44:05.256 UTC,1.38069,1.38056,0.00135,0.00342
22.09.2025 10:44:05.358 UTC,1.38069,1.38055,0.00135,0.00234
22.09.2025 10:44:08.202 UTC,1.38069,1.38054,0.0018,0.00132
22.09.2025 10:44:08.254 UTC,1.38066,1.38054,0.0012,0.00279
22.09.2025 10:44:09.362 UTC,1.38067,1.38053,0.0012,0.00237
22.09.2025 10:44:20.716 UTC,1.38068,1.38053,0.0012,0.00192
22.09.2025 10:44:32.145 UTC,1.38069,1.38054,0.00189,0.00195
22.09.2025 10:44:34.713 UTC,1.38069,1.38054,0.00135,0.00135
22.09.2025 10:44:35.169 UTC,1.38069,1.38054,0.00135,0.0018
22.09.2025 10:44:37.832 UTC,1.38068,1.38055,0.0012,0.0018
22.09.2025 10:44:38.636 UTC,1.38069,1.38054,0.00135,0.0018
22.09.2025 10:44:38.737 UTC,1.38069,1.38054,0.0012,0.0018
22.09.2025 10:44:40.951 UTC,1.38069,1.38054,0.00135,0.00135
22.09.2025 10:44:44.919 UTC,1.38069,1.38055,0.0012,0.0012
22.09.2025 10:44:48.303 UTC,1.3807,1.38056,0.00135,0.0012
22.09.2025 10:44:48.406 UTC,1.38069,1.38057,0.0012,0.0018
22.09.2025 10:44:48.710 UTC,1.38069,1.38057,0.0012,0.00135
22.09.2025 10:44:52.229 UTC,1.38069,1.38055,0.0012,0.0027
22.09.2025 10:45:06.559 UTC,1.38069,1.38056,0.00234,0.0012
22.09.2025 10:45:07.062 UTC,1.3807,1.38055,0.00249,0.0012
22.09.2025 10:45:07.716 UTC,1.3807,1.38055,0.00234,0.0012
22.09.2025 10:45:10.227 UTC,1.3807,1.38055,0.00249,0.0012
22.09.2025 10:45:11.637 UTC,1.3807,1.38055,0.00234,0.0012
22.09.2025 10:45:12.895 UTC,1.38069,1.38056,0.00249,0.0012
22.09.2025 10:45:13.199 UTC,1.3807,1.38055,0.00234,0.0012
22.09.2025 10:45:13.956 UTC,1.38069,1.38056,0.00249,0.0012
22.09.2025 10:45:14.560 UTC,1.3807,1.38055,0.00234,0.0012
22.09.2025 10:45:14.863 UTC,1.38069,1.38056,0.00249,0.0012
22.09.2025 10:45:18.939 UTC,1.3807,1.38055,0.00144,0.0018
22.09.2025 10:45:19.041 UTC,1.3807,1.38055,0.0012,0.0018
22.09.2025 10:45:19.245 UTC,1.38069,1.38056,0.0012,0.0018
22.09.2025 10:45:19.347 UTC,1.3807,1.38055,0.00132,0.0018
22.09.2025 10:45:20.252 UTC,1.38069,1.38056,0.00144,0.0018
22.09.2025 10:45:20.804 UTC,1.3807,1.38055,0.00132,0.0018
22.09.2025 10:45:21.409 UTC,1.3807,1.38055,0.00144,0.00135
22.09.2025 10:45:29.033 UTC,1.3807,1.38058,0.00225,0.0012
22.09.2025 10:45:29.135 UTC,1.38072,1.38059,0.0012,0.0024
22.09.2025 10:45:29.237 UTC,1.38073,1.38058,0.0012,0.00135
22.09.2025 10:45:33.662 UTC,1.38074,1.38062,0.0012,0.0012
22.09.2025 10:45:35.376 UTC,1.38076,1.38063,0.00135,0.00225
22.09.2025 10:45:35.478 UTC,1.38078,1.38063,0.00132,0.00315
22.09.2025 10:45:48.239 UTC,1.38076,1.38064,0.00132,0.0012
22.09.2025 10:45:48.290 UTC,1.38075,1.38061,0.0012,0.0018
22.09.2025 10:45:49.350 UTC,1.38075,1.38061,0.0012,0.00225
22.09.2025 10:45:49.652 UTC,1.38074,1.38062,0.0012,0.0024
22.09.2025 10:45:52.978 UTC,1.38075,1.38061,0.0012,0.00225
22.09.2025 10:45:56.195 UTC,1.38074,1.38062,0.0012,0.0018
22.09.2025 10:45:58.303 UTC,1.38076,1.38061,0.00135,0.0018
22.09.2025 10:46:01.966 UTC,1.38075,1.38062,0.0012,0.00135
22.09.2025 10:46:03.221 UTC,1.38076,1.38061,0.00135,0.0018
22.09.2025 10:46:07.336 UTC,1.38076,1.38061,0.00135,0.00135
22.09.2025 10:46:08.039 UTC,1.38076,1.38061,0.00135,0.0024
22.09.2025 10:46:08.594 UTC,1.38076,1.38061,0.00135,0.00225
22.09.2025 10:46:09.098 UTC,1.38075,1.38062,0.00135,0.0018
22.09.2025 10:46:10.005 UTC,1.38076,1.38061,0.0012,0.0018
22.09.2025 10:46:10.329 UTC,1.38075,1.38063,0.00135,0.00135
22.09.2025 10:46:10.831 UTC,1.38074,1.38063,0.0012,0.00135
22.09.2025 10:46:16.157 UTC,1.38074,1.38063,0.0012,0.0018
22.09.2025 10:46:16.258 UTC,1.38074,1.38063,0.0012,0.00135
22.09.2025 10:46:19.121 UTC,1.38074,1.38059,0.00132,0.00225
22.09.2025 10:46:19.173 UTC,1.3807,1.38059,0.00132,0.00177
22.09.2025 10:46:19.224 UTC,1.3807,1.38056,0.00189,0.0012
22.09.2025 10:46:19.325 UTC,1.3807,1.38055,0.00189,0.0018
22.09.2025 10:46:19.428 UTC,1.38071,1.38056,0.00192,0.0012
22.09.2025 10:46:19.834 UTC,1.38071,1.38056,0.00192,0.0018
22.09.2025 10:46:19.936 UTC,1.3807,1.38057,0.00237,0.00135
22.09.2025 10:46:23.157 UTC,1.3807,1.38057,0.00237,0.0018
22.09.2025 10:46:23.410 UTC,1.38069,1.38056,0.00144,0.0024
22.09.2025 10:46:24.018 UTC,1.38069,1.38056,0.00234,0.00225
22.09.2025 10:46:25.137 UTC,1.3807,1.38055,0.00144,0.0018
22.09.2025 10:46:32.795 UTC,1.3807,1.38055,0.00144,0.00135
22.09.2025 10:46:33.399 UTC,1.38069,1.38055,0.0012,0.00135
22.09.2025 10:46:34.206 UTC,1.38069,1.38055,0.0012,0.0024
22.09.2025 10:46:34.910 UTC,1.38068,1.38056,0.0012,0.00225
22.09.2025 10:46:35.165 UTC,1.38068,1.38056,0.0012,0.0024
22.09.2025 10:46:39.695 UTC,1.38069,1.38055,0.00135,0.00225
22.09.2025 10:46:40.852 UTC,1.38068,1.38056,0.0012,0.0024
22.09.2025 10:46:48.737 UTC,1.38069,1.38056,0.00144,0.0024
22.09.2025 10:46:49.140 UTC,1.38069,1.38055,0.00147,0.00135
22.09.2025 10:46:50.047 UTC,1.38068,1.38056,0.00192,0.0012
22.09.2025 10:46:50.149 UTC,1.38069,1.38054,0.00252,0.00135
22.09.2025 10:46:51.056 UTC,1.38068,1.38055,0.00234,0.0018
22.09.2025 10:46:51.158 UTC,1.38068,1.38056,0.0012,0.0024
22.09.2025 10:46:55.714 UTC,1.38069,1.38055,0.0012,0.00135
22.09.2025 10:46:56.317 UTC,1.38069,1.38055,0.0012,0.0018
22.09.2025 10:47:04.052 UTC,1.38069,1.38054,0.00135,0.00285
22.09.2025 10:47:04.155 UTC,1.38068,1.38055,0.0012,0.00285
22.09.2025 10:47:04.257 UTC,1.38069,1.38054,0.00135,0.00285
22.09.2025 10:47:06.426 UTC,1.38068,1.38055,0.00132,0.0027
22.09.2025 10:47:06.829 UTC,1.38068,1.38055,0.00144,0.00285
22.09.2025 10:47:10.525 UTC,1.38069,1.38054,0.00132,0.00285
22.09.2025 10:47:10.677 UTC,1.38069,1.38054,0.00144,0.00285
22.09.2025 10:47:11.484 UTC,1.38067,1.38055,0.00132,0.0018
22.09.2025 10:47:13.949 UTC,1.38068,1.38055,0.00132,0.0018
22.09.2025 10:47:14.052 UTC,1.38068,1.38054,0.00132,0.0018
22.09.2025 10:47:14.808 UTC,1.38068,1.38055,0.00132,0.00135
22.09.2025 10:47:28.705 UTC,1.38067,1.38055,0.00144,0.00135
22.09.2025 10:47:28.859 UTC,1.38066,1.38054,0.00192,0.00135
22.09.2025 10:47:28.965 UTC,1.38065,1.3805,0.00237,0.0018
22.09.2025 10:47:29.118 UTC,1.38064,1.38051,0.00237,0.0024
22.09.2025 10:47:29.472 UTC,1.38064,1.38051,0.00237,0.00135
22.09.2025 10:47:30.091 UTC,1.38065,1.3805,0.00147,0.0018
22.09.2025 10:47:30.193 UTC,1.38066,1.38051,0.00132,0.0024
22.09.2025 10:47:30.346 UTC,1.38066,1.38051,0.00144,0.0024
22.09.2025 10:47:31.201 UTC,1.38065,1.38052,0.00132,0.0024
22.09.2025 10:47:32.105 UTC,1.38066,1.38051,0.00132,0.0024
22.09.2025 10:47:33.131 UTC,1.38065,1.38052,0.00132,0.0024
22.09.2025 10:47:35.588 UTC,1.38066,1.38051,0.00132,0.0024
22.09.2025 10:47:39.502 UTC,1.38065,1.38052,0.00132,0.0024
22.09.2025 10:47:40.056 UTC,1.38066,1.38051,0.00144,0.0018
22.09.2025 10:47:40.308 UTC,1.38066,1.38051,0.00132,0.0018
22.09.2025 10:47:40.410 UTC,1.38066,1.38051,0.00144,0.0018
22.09.2025 10:47:41.767 UTC,1.38066,1.38051,0.00132,0.0018
22.09.2025 10:47:53.655 UTC,1.38066,1.38051,0.00132,0.00405
22.09.2025 10:47:53.757 UTC,1.38066,1.38051,0.00132,0.0033
22.09.2025 10:47:56.317 UTC,1.38066,1.38051,0.00144,0.0018
22.09.2025 10:48:00.083 UTC,1.38066,1.38051,0.00132,0.00225
22.09.2025 10:48:00.285 UTC,1.38066,1.38051,0.00144,0.0024
22.09.2025 10:48:01.949 UTC,1.38066,1.38051,0.00132,0.0018
22.09.2025 10:48:02.302 UTC,1.38066,1.38051,0.00144,0.0018
22.09.2025 10:48:02.604 UTC,1.38066,1.38051,0.00132,0.00135
22.09.2025 10:48:02.957 UTC,1.38066,1.38051,0.00132,0.0018
22.09.2025 10:48:03.158 UTC,1.38066,1.38051,0.00144,0.0018
22.09.2025 10:48:03.670 UTC,1.38065,1.38052,0.00132,0.0018
22.09.2025 10:48:03.973 UTC,1.38066,1.38051,0.00132,0.0018
22.09.2025 10:48:04.176 UTC,1.38064,1.38051,0.00144,0.00315
22.09.2025 10:48:05.289 UTC,1.38064,1.38051,0.00144,0.0018
22.09.2025 10:48:20.523 UTC,1.38065,1.38051,0.00192,0.0012
22.09.2025 10:48:20.625 UTC,1.38065,1.38051,0.00144,0.00135
22.09.2025 10:48:24.815 UTC,1.38064,1.3805,0.00135,0.00135
22.09.2025 10:48:25.018 UTC,1.38064,1.3805,0.0012,0.0018
22.09.2025 10:48:25.925 UTC,1.38064,1.3805,0.00147,0.00135
22.09.2025 10:48:26.027 UTC,1.38062,1.38049,0.00132,0.00135
22.09.2025 10:48:26.079 UTC,1.3806,1.38048,0.00132,0.0012
22.09.2025 10:48:26.181 UTC,1.38061,1.38046,0.00192,0.0012
22.09.2025 10:48:41.116 UTC,1.3806,1.38046,0.00132,0.0012
22.09.2025 10:48:41.223 UTC,1.38059,1.38045,0.00132,0.0012
22.09.2025 10:48:45.300 UTC,1.38059,1.38047,0.00237,0.0012
22.09.2025 10:48:59.727 UTC,1.3806,1.38046,0.00252,0.0012
22.09.2025 10:48:59.929 UTC,1.38059,1.38047,0.00252,0.0012
22.09.2025 10:49:31.626 UTC,1.38061,1.38046,0.00249,0.0012
22.09.2025 10:49:32.331 UTC,1.38061,1.38046,0.00234,0.0018
22.09.2025 10:49:32.382 UTC,1.38061,1.38046,0.00249,0.0012
22.09.2025 10:49:32.986 UTC,1.3806,1.38047,0.00249,0.00135
22.09.2025 10:49:33.088 UTC,1.3806,1.38047,0.00234,0.0018
22.09.2025 10:49:33.240 UTC,1.3806,1.38047,0.00249,0.00135
22.09.2025 10:49:33.392 UTC,1.3806,1.38047,0.00234,0.0018
22.09.2025 10:49:33.695 UTC,1.3806,1.38047,0.00249,0.00135
22.09.2025 10:49:36.109 UTC,1.3806,1.38046,0.0018,0.0012
22.09.2025 10:49:36.211 UTC,1.3806,1.38046,0.00135,0.00135
22.09.2025 10:49:38.373 UTC,1.3806,1.38046,0.0018,0.0012
22.09.2025 10:49:39.781 UTC,1.3806,1.38046,0.00135,0.00135
22.09.2025 10:49:40.989 UTC,1.3806,1.38046,0.0018,0.0012
22.09.2025 10:49:41.392 UTC,1.38059,1.38047,0.00135,0.00135
22.09.2025 10:49:42.497 UTC,1.3806,1.38046,0.0024,0.0012
22.09.2025 10:49:43.478 UTC,1.3806,1.38046,0.00225,0.00135
22.09.2025 10:49:43.580 UTC,1.38059,1.38047,0.0024,0.0012
22.09.2025 10:49:47.901 UTC,1.3806,1.38046,0.00135,0.00135
22.09.2025 10:49:51.116 UTC,1.3806,1.38046,0.0018,0.0012
22.09.2025 10:49:53.227 UTC,1.3806,1.38046,0.00135,0.00135
22.09.2025 10:49:54.435 UTC,1.3806,1.38046,0.0018,0.0012
22.09.2025 10:49:55.642 UTC,1.38059,1.38047,0.00144,0.00135
22.09.2025 10:49:55.745 UTC,1.38055,1.38042,0.00132,0.00116
22.09.2025 10:49:55.847 UTC,1.38055,1.3804,0.0012,0.0012
22.09.2025 10:49:55.899 UTC,1.38057,1.38042,0.00192,0.0012
22.09.2025 10:49:56.706 UTC,1.38057,1.38042,0.00132,0.0012
22.09.2025 10:49:57.213 UTC,1.38056,1.38041,0.00252,0.0012
22.09.2025 10:49:57.468 UTC,1.38057,1.38042,0.00342,0.0012
22.09.2025 10:49:57.570 UTC,1.38058,1.38043,0.00252,0.0018
22.09.2025 10:50:04.044 UTC,1.38059,1.38045,0.00189,0.0012
22.09.2025 10:50:04.148 UTC,1.3806,1.38046,0.00144,0.00132
22.09.2025 10:50:05.813 UTC,1.38062,1.38048,0.0027,0.0012
22.09.2025 10:50:05.865 UTC,1.38066,1.38053,0.00237,0.00132
22.09.2025 10:50:06.220 UTC,1.38067,1.38052,0.0018,0.00132
22.09.2025 10:50:07.027 UTC,1.38066,1.38052,0.0012,0.00132
22.09.2025 10:50:07.985 UTC,1.38066,1.38052,0.0018,0.00132
22.09.2025 10:50:08.087 UTC,1.38067,1.38052,0.00315,0.00132
22.09.2025 10:50:10.201 UTC,1.38067,1.38052,0.0018,0.00192
22.09.2025 10:50:10.253 UTC,1.38066,1.38053,0.0024,0.00132
22.09.2025 10:50:10.354 UTC,1.38067,1.38052,0.0024,0.00132
22.09.2025 10:50:10.658 UTC,1.38066,1.38053,0.00249,0.00132
22.09.2025 10:50:11.967 UTC,1.38067,1.38052,0.00339,0.00132
22.09.2025 10:50:12.069 UTC,1.38067,1.38052,0.00315,0.00147
22.09.2025 10:50:12.171 UTC,1.38067,1.38052,0.0033,0.00132
22.09.2025 10:50:12.877 UTC,1.38066,1.38053,0.0024,0.00132
22.09.2025 10:50:14.286 UTC,1.38067,1.38052,0.0024,0.00132
22.09.2025 10:50:15.141 UTC,1.38067,1.38052,0.0033,0.00132
22.09.2025 10:50:15.646 UTC,1.38067,1.38052,0.0051,0.00132
22.09.2025 10:50:15.950 UTC,1.38066,1.38052,0.0018,0.00132
22.09.2025 10:50:23.043 UTC,1.38066,1.38052,0.00135,0.00147
22.09.2025 10:50:23.144 UTC,1.38067,1.38052,0.00429,0.00132
22.09.2025 10:50:23.598 UTC,1.38067,1.38052,0.00249,0.00147
22.09.2025 10:50:23.700 UTC,1.38067,1.38052,0.00249,0.00132
22.09.2025 10:50:26.128 UTC,1.38067,1.38052,0.0033,0.00147
22.09.2025 10:50:26.631 UTC,1.38066,1.38052,0.0018,0.00132
22.09.2025 10:50:28.039 UTC,1.38066,1.38052,0.00135,0.00132
22.09.2025 10:50:28.341 UTC,1.38066,1.38054,0.0018,0.00132
22.09.2025 10:50:28.393 UTC,1.38069,1.38055,0.0018,0.00132
22.09.2025 10:50:28.495 UTC,1.38068,1.38056,0.0012,0.00132
22.09.2025 10:50:30.108 UTC,1.38069,1.38057,0.00315,0.00132
22.09.2025 10:50:31.014 UTC,1.38069,1.38057,0.0012,0.00132
22.09.2025 10:50:37.748 UTC,1.3807,1.38056,0.0018,0.00132
22.09.2025 10:50:49.667 UTC,1.3807,1.38056,0.00192,0.0012
22.09.2025 10:50:52.281 UTC,1.38069,1.38055,0.00234,0.0012
22.09.2025 10:50:52.685 UTC,1.38069,1.38055,0.00339,0.0012
22.09.2025 10:50:53.292 UTC,1.38069,1.38055,0.00234,0.0012
22.09.2025 10:50:54.150 UTC,1.38068,1.38056,0.00192,0.0012
22.09.2025 10:50:54.503 UTC,1.38069,1.38055,0.00144,0.0012
22.09.2025 10:50:58.321 UTC,1.38069,1.38055,0.00252,0.0012
22.09.2025 10:50:58.576 UTC,1.38068,1.38055,0.00144,0.0012
22.09.2025 10:50:59.009 UTC,1.38068,1.38055,0.00192,0.0012
22.09.2025 10:51:00.216 UTC,1.38067,1.38055,0.00249,0.0012
22.09.2025 10:51:00.471 UTC,1.38067,1.38053,0.00234,0.0012
22.09.2025 10:51:01.228 UTC,1.38066,1.38054,0.00249,0.0012
22.09.2025 10:51:05.152 UTC,1.38067,1.38053,0.00234,0.0012
22.09.2025 10:51:05.556 UTC,1.38067,1.38053,0.00249,0.0012
22.09.2025 10:51:06.261 UTC,1.38065,1.38051,0.00297,0.0012
22.09.2025 10:51:06.313 UTC,1.38061,1.38047,0.00132,0.0018
22.09.2025 10:51:09.740 UTC,1.3806,1.38047,0.00132,0.0012
22.09.2025 10:51:09.843 UTC,1.3806,1.38045,0.00192,0.0012
22.09.2025 10:51:19.822 UTC,1.38061,1.38046,0.00282,0.0012
22.09.2025 10:51:20.027 UTC,1.38061,1.38048,0.00327,0.0012
22.09.2025 10:51:23.797 UTC,1.38061,1.38048,0.00225,0.0012
22.09.2025 10:51:24.454 UTC,1.38062,1.38047,0.0033,0.0012
22.09.2025 10:51:28.414 UTC,1.3806,1.38047,0.0024,0.00132
22.09.2025 10:51:31.639 UTC,1.38061,1.38047,0.0018,0.00132
22.09.2025 10:51:42.046 UTC,1.3806,1.38045,0.00144,0.00192
22.09.2025 10:51:42.101 UTC,1.38055,1.38044,0.0012,0.0018
22.09.2025 10:51:42.204 UTC,1.38057,1.38043,0.00132,0.0012
22.09.2025 10:51:46.771 UTC,1.38059,1.38044,0.0027,0.00252
22.09.2025 10:51:46.875 UTC,1.38061,1.38046,0.0018,0.00132
22.09.2025 10:51:47.030 UTC,1.3806,1.38047,0.00135,0.00132
22.09.2025 10:51:48.389 UTC,1.38061,1.38046,0.0018,0.00132
22.09.2025 10:51:49.044 UTC,1.38061,1.38046,0.00135,0.00132
22.09.2025 10:51:53.117 UTC,1.38061,1.38046,0.00132,0.00135
22.09.2025 10:51:55.589 UTC,1.38061,1.38046,0.00147,0.0018
22.09.2025 10:51:55.691 UTC,1.38061,1.38046,0.00192,0.00135
22.09.2025 10:51:56.696 UTC,1.38061,1.38046,0.00147,0.0018
22.09.2025 10:52:00.325 UTC,1.38061,1.38046,0.00192,0.00135
22.09.2025 10:52:00.477 UTC,1.3806,1.38047,0.00147,0.0018
22.09.2025 10:52:01.180 UTC,1.38061,1.38046,0.00192,0.00135
22.09.2025 10:52:02.089 UTC,1.38062,1.38047,0.00342,0.00135
22.09.2025 10:52:02.395 UTC,1.38061,1.38048,0.00144,0.0018
22.09.2025 10:52:02.498 UTC,1.38062,1.38047,0.00147,0.0018
22.09.2025 10:52:02.601 UTC,1.38061,1.38048,0.00192,0.00135
22.09.2025 10:52:20.803 UTC,1.3806,1.38047,0.00135,0.00192
22.09.2025 10:52:28.093 UTC,1.38061,1.38046,0.00225,0.00192
22.09.2025 10:52:29.249 UTC,1.3806,1.38047,0.00225,0.00192
22.09.2025 10:52:31.011 UTC,1.38061,1.38046,0.0024,0.00147
22.09.2025 10:52:31.866 UTC,1.3806,1.38045,0.0012,0.00432
22.09.2025 10:52:31.918 UTC,1.38054,1.38043,0.0012,0.00116
22.09.2025 10:52:32.020 UTC,1.38051,1.38037,0.0012,0.00192
22.09.2025 10:52:40.133 UTC,1.38052,1.38038,0.0012,0.00132
22.09.2025 10:52:40.285 UTC,1.38053,1.38038,0.0012,0.00192
22.09.2025 10:52:46.528 UTC,1.38054,1.3804,0.0018,0.00147
22.09.2025 10:52:46.580 UTC,1.38055,1.38042,0.0012,0.00237
22.09.2025 10:52:50.172 UTC,1.38054,1.38041,0.0018,0.00192
22.09.2025 10:52:51.083 UTC,1.38055,1.38045,0.0012,0.00132
22.09.2025 10:53:05.773 UTC,1.38058,1.38044,0.0018,0.00132
22.09.2025 10:53:05.875 UTC,1.38059,1.38044,0.0012,0.00189
22.09.2025 10:53:06.028 UTC,1.38058,1.38046,0.0018,0.0012
22.09.2025 10:53:06.482 UTC,1.38058,1.38046,0.0024,0.0012
22.09.2025 10:53:09.596 UTC,1.38058,1.38046,0.00225,0.0012
22.09.2025 10:53:13.863 UTC,1.38059,1.38045,0.0024,0.0012
22.09.2025 10:53:22.022 UTC,1.38058,1.38046,0.00225,0.00237
22.09.2025 10:53:22.181 UTC,1.3806,1.38046,0.00135,0.00237
22.09.2025 10:53:22.283 UTC,1.38061,1.38046,0.0018,0.00237
22.09.2025 10:53:26.260 UTC,1.38061,1.38046,0.0024,0.00147
22.09.2025 10:53:27.166 UTC,1.3806,1.38047,0.00225,0.00192
22.09.2025 10:53:27.570 UTC,1.38061,1.38046,0.0018,0.00147
22.09.2025 10:53:29.885 UTC,1.3806,1.38045,0.00135,0.00192
22.09.2025 10:53:32.197 UTC,1.3806,1.38045,0.0018,0.00237
22.09.2025 10:53:33.254 UTC,1.3806,1.38046,0.00225,0.00144
22.09.2025 10:53:34.257 UTC,1.38059,1.38047,0.0024,0.00132
22.09.2025 10:53:35.863 UTC,1.3806,1.38046,0.00225,0.00144
22.09.2025 10:53:42.949 UTC,1.3806,1.38048,0.0018,0.00192
22.09.2025 10:53:43.051 UTC,1.38064,1.38049,0.0012,0.00237
22.09.2025 10:53:43.153 UTC,1.38064,1.38049,0.0012,0.00192
22.09.2025 10:53:44.062 UTC,1.38063,1.38048,0.0018,0.00144
22.09.2025 10:53:44.164 UTC,1.38061,1.38046,0.00135,0.00324
22.09.2025 10:53:53.999 UTC,1.3806,1.38047,0.00225,0.00192
22.09.2025 10:53:54.054 UTC,1.38059,1.38046,0.0012,0.00132
22.09.2025 10:54:10.233 UTC,1.38059,1.38045,0.0024,0.00192
22.09.2025 10:54:10.440 UTC,1.38059,1.38045,0.0012,0.00132
22.09.2025 10:54:13.059 UTC,1.38059,1.38045,0.0018,0.00132
22.09.2025 10:54:13.364 UTC,1.38059,1.38045,0.0012,0.00132
22.09.2025 10:54:15.476 UTC,1.38058,1.38046,0.0018,0.00132
22.09.2025 10:54:15.781 UTC,1.38058,1.38046,0.0012,0.00147
22.09.2025 10:54:15.983 UTC,1.38059,1.38045,0.00225,0.00189
22.09.2025 10:54:16.086 UTC,1.38058,1.38046,0.0024,0.00132
22.09.2025 10:54:17.498 UTC,1.38059,1.38045,0.00135,0.00144
22.09.2025 10:54:20.312 UTC,1.38059,1.38045,0.0018,0.00132
22.09.2025 10:54:21.269 UTC,1.38058,1.38046,0.00135,0.00144
22.09.2025 10:54:26.227 UTC,1.38059,1.38045,0.0018,0.00132
22.09.2025 10:54:26.632 UTC,1.38059,1.38045,0.0012,0.00132
22.09.2025 10:54:28.594 UTC,1.38059,1.38045,0.0012,0.00192
22.09.2025 10:54:30.758 UTC,1.38059,1.38045,0.0012,0.00132
22.09.2025 10:54:30.961 UTC,1.38059,1.38046,0.0012,0.00144
22.09.2025 10:54:32.019 UTC,1.3806,1.38045,0.0024,0.00144
22.09.2025 10:54:33.077 UTC,1.38059,1.38045,0.00135,0.00147
22.09.2025 10:54:38.501 UTC,1.3806,1.38045,0.00225,0.00192
22.09.2025 10:54:38.603 UTC,1.38059,1.38045,0.0012,0.00192
22.09.2025 10:54:39.255 UTC,1.38059,1.38046,0.00225,0.00192
22.09.2025 10:54:40.712 UTC,1.3806,1.38045,0.0024,0.00147
22.09.2025 10:54:40.964 UTC,1.38059,1.38046,0.00225,0.00192
22.09.2025 10:54:41.671 UTC,1.3806,1.38045,0.0024,0.00147
22.09.2025 10:54:47.757 UTC,1.3806,1.38045,0.00225,0.00192
22.09.2025 10:54:50.976 UTC,1.3806,1.38045,0.0024,0.00147
22.09.2025 10:54:52.437 UTC,1.38061,1.38046,0.00225,0.00147
22.09.2025 10:54:53.275 UTC,1.38061,1.38046,0.0024,0.00147
22.09.2025 10:55:00.005 UTC,1.38059,1.38046,0.00225,0.00192
22.09.2025 10:55:00.107 UTC,1.3806,1.38045,0.0024,0.00132
22.09.2025 10:55:00.260 UTC,1.38059,1.38046,0.00225,0.00147
22.09.2025 10:55:02.726 UTC,1.3806,1.38045,0.0024,0.00132
22.09.2025 10:55:02.827 UTC,1.3806,1.38045,0.00225,0.00132
22.09.2025 10:55:04.636 UTC,1.38059,1.38046,0.0024,0.00147
22.09.2025 10:55:04.738 UTC,1.3806,1.38045,0.00225,0.00192
22.09.2025 10:55:04.840 UTC,1.38059,1.38046,0.0024,0.00147
22.09.2025 10:55:08.360 UTC,1.38059,1.38045,0.0018,0.00132
22.09.2025 10:55:08.613 UTC,1.38058,1.38046,0.00135,0.00132
22.09.2025 10:55:13.132 UTC,1.38058,1.38046,0.0018,0.00132
22.09.2025 10:55:13.284 UTC,1.38059,1.38045,0.00135,0.00147
22.09.2025 10:55:16.450 UTC,1.38058,1.38046,0.00234,0.00135
22.09.2025 10:55:16.754 UTC,1.38057,1.38046,0.00144,0.0012
22.09.2025 10:55:16.805 UTC,1.38057,1.38043,0.00135,0.00135
22.09.2025 10:55:17.110 UTC,1.38058,1.38044,0.00249,0.0012
22.09.2025 10:55:17.364 UTC,1.38057,1.38044,0.00192,0.00225
22.09.2025 10:55:17.716 UTC,1.38058,1.38043,0.00144,0.0024
22.09.2025 10:55:17.869 UTC,1.38057,1.38044,0.00249,0.00225
22.09.2025 10:55:17.971 UTC,1.38057,1.38044,0.00144,0.0024
22.09.2025 10:55:18.223 UTC,1.38057,1.38044,0.00192,0.00225
22.09.2025 10:55:19.178 UTC,1.38057,1.38044,0.00144,0.0024
22.09.2025 10:55:19.734 UTC,1.38058,1.38043,0.00192,0.00225
22.09.2025 10:55:20.239 UTC,1.38054,1.38041,0.0012,0.0018
22.09.2025 10:55:20.341 UTC,1.38054,1.3804,0.0012,0.0012
22.09.2025 10:55:20.745 UTC,1.38054,1.38042,0.00132,0.0012
22.09.2025 10:55:31.682 UTC,1.38055,1.38042,0.00189,0.0033
22.09.2025 10:55:32.037 UTC,1.38055,1.38042,0.00144,0.0033
22.09.2025 10:55:33.246 UTC,1.38056,1.38041,0.00132,0.0018
22.09.2025 10:55:33.399 UTC,1.38056,1.38041,0.00144,0.0018
22.09.2025 10:55:33.550 UTC,1.38056,1.38041,0.00132,0.0018
22.09.2025 10:55:34.104 UTC,1.38056,1.38044,0.00144,0.00135
22.09.2025 10:55:34.206 UTC,1.38056,1.38044,0.00132,0.0024
22.09.2025 10:55:34.308 UTC,1.38057,1.38045,0.0012,0.0018
22.09.2025 10:55:34.714 UTC,1.38057,1.38045,0.0012,0.0033
22.09.2025 10:55:34.816 UTC,1.38058,1.38044,0.0012,0.0033
22.09.2025 10:55:35.223 UTC,1.38059,1.38045,0.0012,0.0018
22.09.2025 10:55:39.174 UTC,1.38061,1.38046,0.00135,0.00192
22.09.2025 10:55:40.638 UTC,1.38061,1.38046,0.0024,0.00282
22.09.2025 10:55:44.014 UTC,1.3806,1.38047,0.0024,0.00132
22.09.2025 10:55:44.116 UTC,1.3806,1.38047,0.0024,0.00147
22.09.2025 10:55:51.450 UTC,1.3806,1.38046,0.0018,0.00132
22.09.2025 10:55:51.702 UTC,1.3806,1.38046,0.00135,0.00147
22.09.2025 10:55:51.954 UTC,1.3806,1.38046,0.0012,0.00192
22.09.2025 10:55:55.490 UTC,1.38059,1.38047,0.0018,0.00192
22.09.2025 10:55:55.642 UTC,1.38059,1.38047,0.00135,0.00237
22.09.2025 10:56:00.064 UTC,1.3806,1.38046,0.00135,0.00144
22.09.2025 10:56:00.166 UTC,1.3806,1.38046,0.0012,0.00192
22.09.2025 10:56:00.367 UTC,1.38059,1.38047,0.00135,0.00144
22.09.2025 10:56:00.820 UTC,1.3806,1.38046,0.0012,0.00192
22.09.2025 10:56:01.272 UTC,1.3806,1.38046,0.00135,0.00144
22.09.2025 10:56:05.797 UTC,1.38059,1.38047,0.0012,0.00192
22.09.2025 10:56:09.316 UTC,1.3806,1.38046,0.00135,0.00234
22.09.2025 10:56:09.719 UTC,1.3806,1.38046,0.0012,0.00249
22.09.2025 10:56:10.626 UTC,1.3806,1.38046,0.00135,0.00234
22.09.2025 10:56:10.780 UTC,1.38058,1.38047,0.0012,0.00144
22.09.2025 10:56:10.885 UTC,1.38058,1.38044,0.0012,0.00252
22.09.2025 10:56:11.910 UTC,1.38057,1.38045,0.0012,0.00252
22.09.2025 10:56:16.181 UTC,1.3806,1.38045,0.00225,0.00249
22.09.2025 10:56:16.283 UTC,1.3806,1.38045,0.0012,0.00297
22.09.2025 10:56:33.107 UTC,1.38059,1.38046,0.00135,0.00252
22.09.2025 10:56:33.659 UTC,1.3806,1.38045,0.00135,0.00252
22.09.2025 10:56:33.761 UTC,1.3806,1.38045,0.00135,0.0024
22.09.2025 10:56:36.073 UTC,1.38058,1.38046,0.0012,0.0024
22.09.2025 10:56:36.528 UTC,1.38059,1.38045,0.0012,0.0042
22.09.2025 10:56:38.087 UTC,1.38058,1.38046,0.0012,0.00252
22.09.2025 10:56:38.289 UTC,1.38061,1.38046,0.0018,0.00237
22.09.2025 10:56:38.493 UTC,1.3806,1.38048,0.0012,0.00432
22.09.2025 10:56:40.509 UTC,1.3806,1.38048,0.0018,0.00192
22.09.2025 10:56:40.661 UTC,1.3806,1.38048,0.0012,0.00252
22.09.2025 10:56:42.879 UTC,1.38061,1.38047,0.0018,0.00135
22.09.2025 10:56:43.132 UTC,1.38061,1.38047,0.0018,0.0018
22.09.2025 10:56:45.094 UTC,1.38061,1.38047,0.0012,0.00315
22.09.2025 10:56:45.803 UTC,1.38061,1.38047,0.0012,0.0018
22.09.2025 10:56:46.005 UTC,1.3806,1.38048,0.00135,0.00135
22.09.2025 10:56:50.075 UTC,1.38061,1.38047,0.0018,0.0018
22.09.2025 10:56:50.176 UTC,1.3806,1.38048,0.00225,0.00135
22.09.2025 10:56:56.658 UTC,1.3806,1.38048,0.00249,0.0012
22.09.2025 10:56:56.760 UTC,1.38059,1.38047,0.00132,0.0012
22.09.2025 10:56:56.862 UTC,1.38054,1.38042,0.00189,0.00225
22.09.2025 10:56:56.964 UTC,1.38054,1.38041,0.00189,0.0018
22.09.2025 10:56:57.270 UTC,1.38055,1.38041,0.00189,0.0012
22.09.2025 10:56:57.392 UTC,1.38055,1.3804,0.00132,0.00315
22.09.2025 10:56:57.596 UTC,1.38055,1.38041,0.00189,0.0018
22.09.2025 10:56:58.606 UTC,1.38055,1.38041,0.00234,0.00135
22.09.2025 10:56:58.809 UTC,1.38055,1.38041,0.00189,0.0018
22.09.2025 10:56:58.911 UTC,1.38055,1.3804,0.00234,0.0024
22.09.2025 10:57:02.382 UTC,1.38055,1.3804,0.00144,0.00225
22.09.2025 10:57:02.884 UTC,1.38055,1.3804,0.00144,0.0024
22.09.2025 10:57:04.492 UTC,1.38055,1.3804,0.00132,0.0024
22.09.2025 10:57:06.855 UTC,1.38056,1.38042,0.0018,0.00192
22.09.2025 10:57:06.957 UTC,1.38056,1.38045,0.0012,0.00144
22.09.2025 10:57:08.166 UTC,1.38056,1.38045,0.0012,0.0018
22.09.2025 10:57:08.268 UTC,1.38056,1.38045,0.0012,0.00135
22.09.2025 10:57:08.471 UTC,1.38056,1.38044,0.00132,0.0012
22.09.2025 10:57:08.573 UTC,1.38055,1.38042,0.00189,0.00135
22.09.2025 10:57:10.234 UTC,1.38055,1.38041,0.00132,0.00234
22.09.2025 10:57:10.587 UTC,1.38055,1.38041,0.00132,0.00249
22.09.2025 10:57:16.802 UTC,1.38055,1.38041,0.0012,0.00249
22.09.2025 10:57:18.863 UTC,1.38055,1.38041,0.0012,0.00192
22.09.2025 10:57:19.870 UTC,1.38055,1.3804,0.0012,0.0042
22.09.2025 10:57:20.576 UTC,1.38054,1.38041,0.0012,0.0042
22.09.2025 10:57:20.880 UTC,1.38055,1.3804,0.0012,0.0042
22.09.2025 10:57:24.296 UTC,1.38054,1.38041,0.0012,0.0042
22.09.2025 10:57:25.505 UTC,1.38055,1.38041,0.0012,0.0018
22.09.2025 10:57:27.540 UTC,1.38055,1.38041,0.0012,0.0033
22.09.2025 10:57:30.058 UTC,1.38055,1.38041,0.00249,0.0018
22.09.2025 10:57:30.160 UTC,1.38053,1.38041,0.0012,0.00135
22.09.2025 10:57:30.263 UTC,1.38053,1.38039,0.0012,0.0042
22.09.2025 10:57:30.416 UTC,1.38053,1.38039,0.0012,0.0033
22.09.2025 10:57:32.637 UTC,1.38053,1.3804,0.0012,0.0024
22.09.2025 10:57:32.739 UTC,1.38054,1.38041,0.00132,0.0042
22.09.2025 10:57:37.970 UTC,1.38054,1.38041,0.00144,0.0042
22.09.2025 10:57:38.123 UTC,1.38055,1.3804,0.00132,0.0033
22.09.2025 10:57:38.225 UTC,1.38053,1.38041,0.0012,0.0033
22.09.2025 10:57:40.947 UTC,1.38054,1.3804,0.00135,0.00135
22.09.2025 10:57:41.049 UTC,1.38053,1.3804,0.0012,0.0024
22.09.2025 10:57:43.572 UTC,1.38054,1.3804,0.0012,0.0018
22.09.2025 10:57:44.026 UTC,1.38054,1.38041,0.00132,0.0024
22.09.2025 10:57:44.483 UTC,1.38054,1.38041,0.00144,0.0024
22.09.2025 10:57:45.543 UTC,1.38055,1.38041,0.00189,0.0018
22.09.2025 10:57:45.645 UTC,1.38055,1.38041,0.00234,0.00135
22.09.2025 10:57:46.200 UTC,1.38054,1.38042,0.00225,0.00147
22.09.2025 10:57:46.454 UTC,1.38055,1.38041,0.00234,0.00135
22.09.2025 10:57:47.813 UTC,1.38054,1.38039,0.00192,0.00315
22.09.2025 10:57:48.973 UTC,1.38053,1.3804,0.0012,0.006
22.09.2025 10:57:49.683 UTC,1.38054,1.38039,0.0024,0.00225
22.09.2025 10:57:49.734 UTC,1.38054,1.3804,0.0012,0.0018
22.09.2025 10:57:50.039 UTC,1.38055,1.38041,0.0012,0.0018
22.09.2025 10:57:50.444 UTC,1.38053,1.38041,0.00234,0.00135
22.09.2025 10:57:59.132 UTC,1.38055,1.38041,0.0012,0.0018
22.09.2025 10:57:59.234 UTC,1.38054,1.38041,0.00132,0.0018
22.09.2025 10:58:00.260 UTC,1.38055,1.3804,0.0012,0.00252
22.09.2025 10:58:00.717 UTC,1.38055,1.3804,0.00135,0.00252
22.09.2025 10:58:00.870 UTC,1.38054,1.3804,0.0012,0.00252
22.09.2025 10:58:01.273 UTC,1.38055,1.3804,0.00135,0.00252
22.09.2025 10:58:07.555 UTC,1.38054,1.3804,0.0012,0.00252
22.09.2025 10:58:07.708 UTC,1.38053,1.38039,0.0012,0.00252
22.09.2025 10:58:08.163 UTC,1.38054,1.3804,0.00225,0.00147
22.09.2025 10:58:14.732 UTC,1.38054,1.38041,0.0012,0.00192
22.09.2025 10:58:15.336 UTC,1.38054,1.38041,0.0012,0.00144
22.09.2025 10:58:15.840 UTC,1.38053,1.38042,0.0012,0.00192
22.09.2025 10:58:16.091 UTC,1.38053,1.38042,0.0012,0.00144
22.09.2025 10:58:17.248 UTC,1.38054,1.3804,0.0012,0.00252
22.09.2025 10:58:17.702 UTC,1.38054,1.38041,0.0012,0.00144
22.09.2025 10:58:18.310 UTC,1.38054,1.3804,0.0012,0.00252
22.09.2025 10:58:18.362 UTC,1.38053,1.38041,0.0012,0.00252
22.09.2025 10:58:20.025 UTC,1.38054,1.38041,0.0012,0.00192
22.09.2025 10:58:20.128 UTC,1.38056,1.38041,0.00225,0.00252
22.09.2025 10:58:21.439 UTC,1.38056,1.38041,0.0012,0.00192
22.09.2025 10:58:21.490 UTC,1.38054,1.3804,0.0012,0.00342
22.09.2025 10:58:21.542 UTC,1.38055,1.38042,0.00135,0.00237
22.09.2025 10:58:21.644 UTC,1.38056,1.38041,0.00135,0.00327
22.09.2025 10:58:21.747 UTC,1.38055,1.38042,0.00135,0.00327
22.09.2025 10:58:27.024 UTC,1.38055,1.38041,0.0012,0.00147
22.09.2025 10:58:36.701 UTC,1.38055,1.38042,0.0018,0.00192
22.09.2025 10:58:36.753 UTC,1.38057,1.38044,0.00225,0.00252
22.09.2025 10:58:37.360 UTC,1.38058,1.38046,0.00225,0.00132
22.09.2025 10:58:39.883 UTC,1.38059,1.38045,0.0018,0.00192
22.09.2025 10:58:40.743 UTC,1.3806,1.38046,0.00225,0.00147
22.09.2025 10:58:40.845 UTC,1.38063,1.38049,0.0018,0.00132
22.09.2025 10:58:40.947 UTC,1.38063,1.38051,0.0012,0.00132
22.09.2025 10:58:44.021 UTC,1.38065,1.38051,0.0018,0.00132
22.09.2025 10:58:49.415 UTC,1.38066,1.38052,0.0012,0.00132
22.09.2025 10:58:53.743 UTC,1.38066,1.38052,0.00135,0.00147
22.09.2025 10:58:59.095 UTC,1.38066,1.38053,0.0012,0.00147
22.09.2025 10:58:59.147 UTC,1.38067,1.38054,0.0018,0.00252
22.09.2025 10:58:59.250 UTC,1.38068,1.38055,0.00225,0.00237
22.09.2025 10:59:06.895 UTC,1.38068,1.38055,0.0012,0.00132
22.09.2025 10:59:06.997 UTC,1.38067,1.38053,0.0012,0.00192
22.09.2025 10:59:10.242 UTC,1.38066,1.38051,0.00135,0.00237
22.09.2025 10:59:11.251 UTC,1.38066,1.38051,0.00147,0.0018
22.09.2025 10:59:17.787 UTC,1.38065,1.3805,0.00144,0.00225
22.09.2025 10:59:18.040 UTC,1.38064,1.38051,0.00192,0.00135
22.09.2025 10:59:18.394 UTC,1.38065,1.3805,0.00132,0.0018
22.09.2025 10:59:18.897 UTC,1.38065,1.3805,0.00144,0.0024
22.09.2025 10:59:19.150 UTC,1.38064,1.38051,0.00144,0.00225
22.09.2025 10:59:20.055 UTC,1.38065,1.3805,0.00144,0.0024
22.09.2025 10:59:21.211 UTC,1.38065,1.3805,0.00132,0.0024
22.09.2025 10:59:23.172 UTC,1.38064,1.38052,0.00144,0.00135
22.09.2025 10:59:23.274 UTC,1.38065,1.38051,0.00192,0.0012
22.09.2025 10:59:23.527 UTC,1.38065,1.38051,0.00144,0.00135
22.09.2025 10:59:25.910 UTC,1.38065,1.3805,0.00192,0.00234
22.09.2025 10:59:26.315 UTC,1.38065,1.38053,0.00144,0.00135
22.09.2025 10:59:26.417 UTC,1.38065,1.38053,0.00147,0.00135
22.09.2025 10:59:29.637 UTC,1.38066,1.38052,0.00132,0.0024
22.09.2025 10:59:30.242 UTC,1.38065,1.38053,0.00147,0.00225
22.09.2025 10:59:34.621 UTC,1.38066,1.38052,0.00132,0.0024
22.09.2025 10:59:34.723 UTC,1.38067,1.38053,0.00132,0.0024
22.09.2025 10:59:34.825 UTC,1.38069,1.38055,0.0012,0.00192
22.09.2025 10:59:34.927 UTC,1.38069,1.38055,0.0012,0.0018
22.09.2025 10:59:36.343 UTC,1.38069,1.38056,0.0012,0.0024
22.09.2025 10:59:36.696 UTC,1.3807,1.38055,0.0012,0.00225
22.09.2025 10:59:36.999 UTC,1.3807,1.38055,0.0012,0.0024
22.09.2025 10:59:37.353 UTC,1.3807,1.38055,0.0012,0.00225
22.09.2025 10:59:40.443 UTC,1.3807,1.38055,0.00225,0.0024
22.09.2025 10:59:45.217 UTC,1.3807,1.38055,0.00225,0.00225
22.09.2025 10:59:46.826 UTC,1.3807,1.38055,0.0012,0.00252
22.09.2025 10:59:47.080 UTC,1.3807,1.38057,0.0012,0.00192
22.09.2025 10:59:47.131 UTC,1.38072,1.38057,0.00225,0.00252
22.09.2025 10:59:47.436 UTC,1.38071,1.38056,0.0012,0.00405
22.09.2025 10:59:47.588 UTC,1.38071,1.38057,0.00225,0.00135
22.09.2025 10:59:48.547 UTC,1.3807,1.38056,0.00135,0.00225
22.09.2025 10:59:49.204 UTC,1.38073,1.38058,0.00225,0.00252
22.09.2025 10:59:49.963 UTC,1.38072,1.38059,0.0024,0.00189
22.09.2025 10:59:50.969 UTC,1.38071,1.38059,0.0018,0.00132
22.09.2025 10:59:51.475 UTC,1.38073,1.38058,0.00285,0.00132
22.09.2025 10:59:51.714 UTC,1.38072,1.38059,0.00225,0.00144
22.09.2025 10:59:51.816 UTC,1.38073,1.38058,0.00135,0.00147
22.09.2025 10:59:54.033 UTC,1.38072,1.38058,0.0012,0.00237
22.09.2025 10:59:54.135 UTC,1.38072,1.38059,0.00225,0.00147
22.09.2025 10:59:54.287 UTC,1.38073,1.38058,0.0024,0.00147
22.09.2025 10:59:55.043 UTC,1.38073,1.38058,0.00225,0.00192
22.09.2025 10:59:56.051 UTC,1.38073,1.38058,0.0024,0.00147
22.09.2025 10:59:59.371 UTC,1.38073,1.38058,0.0018,0.00144
22.09.2025 10:59:59.473 UTC,1.38071,1.38057,0.00135,0.00135