UTC,Ask,Bid,Ask Volume,Bid Volume
27.10.2025 10:00:00.066 UTC,1.39744,1.39731,0.0012,0.00192
27.10.2025 10:00:00.219 UTC,1.39744,1.39731,0.0018,0.00192
27.10.2025 10:00:02.090 UTC,1.3974,1.39731,0.0012,0.0012
27.10.2025 10:00:02.195 UTC,1.39737,1.39724,0.0018,0.00147
27.10.2025 10:00:02.351 UTC,1.39739,1.39725,0.0024,0.00189
27.10.2025 10:00:02.453 UTC,1.39738,1.39726,0.0024,0.00189
27.10.2025 10:00:02.505 UTC,1.39739,1.39726,0.0018,0.0018
27.10.2025 10:00:02.608 UTC,1.3974,1.39726,0.0024,0.00252
27.10.2025 10:00:04.683 UTC,1.3974,1.39727,0.0018,0.00192
27.10.2025 10:00:04.838 UTC,1.39742,1.39728,0.0018,0.00249
27.10.2025 10:00:04.942 UTC,1.39742,1.39728,0.0018,0.00342
27.10.2025 10:00:05.046 UTC,1.39742,1.39729,0.0018,0.00249
27.10.2025 10:00:05.352 UTC,1.39744,1.3973,0.00192,0.0024
27.10.2025 10:00:05.405 UTC,1.39745,1.39733,0.0018,0.00237
27.10.2025 10:00:05.457 UTC,1.39747,1.39735,0.0012,0.0012
27.10.2025 10:00:05.561 UTC,1.39747,1.39735,0.00249,0.00189
27.10.2025 10:00:05.713 UTC,1.39748,1.39734,0.00192,0.00234
27.10.2025 10:00:06.019 UTC,1.39748,1.39734,0.00192,0.00192
27.10.2025 10:00:06.121 UTC,1.39748,1.39734,0.00204,0.00144
27.10.2025 10:00:06.275 UTC,1.39744,1.39734,0.00135,0.0012
27.10.2025 10:00:06.378 UTC,1.39745,1.39732,0.0018,0.00234
27.10.2025 10:00:06.784 UTC,1.39744,1.39733,0.0018,0.00192
27.10.2025 10:00:08.395 UTC,1.39744,1.39733,0.0018,0.00144
27.10.2025 10:00:09.102 UTC,1.39744,1.39731,0.0018,0.0012
27.10.2025 10:00:09.714 UTC,1.39744,1.39731,0.0018,0.00192
27.10.2025 10:00:11.991 UTC,1.39744,1.39731,0.0018,0.00294
27.10.2025 10:00:12.093 UTC,1.39744,1.39731,0.0018,0.00249
27.10.2025 10:00:12.965 UTC,1.39743,1.39732,0.0018,0.00294
27.10.2025 10:00:14.231 UTC,1.39745,1.39731,0.0018,0.00339
27.10.2025 10:00:14.487 UTC,1.39744,1.39731,0.0018,0.00204
27.10.2025 10:00:14.640 UTC,1.39744,1.39731,0.0018,0.00192
27.10.2025 10:00:16.807 UTC,1.39745,1.39731,0.0018,0.00294
27.10.2025 10:00:16.910 UTC,1.39744,1.39732,0.0018,0.00339
27.10.2025 10:00:18.269 UTC,1.39747,1.39733,0.0024,0.00192
27.10.2025 10:00:18.374 UTC,1.39747,1.39734,0.0018,0.00225
27.10.2025 10:00:18.884 UTC,1.39748,1.39734,0.0024,0.00249
27.10.2025 10:00:18.988 UTC,1.39747,1.39734,0.0018,0.00234
27.10.2025 10:00:19.093 UTC,1.39748,1.39736,0.0018,0.00237
27.10.2025 10:00:19.146 UTC,1.39749,1.39737,0.00192,0.00144
27.10.2025 10:00:19.250 UTC,1.3975,1.39737,0.0018,0.00132
27.10.2025 10:00:20.724 UTC,1.39747,1.39734,0.0012,0.00225
27.10.2025 10:00:20.827 UTC,1.39747,1.39734,0.0018,0.0018
27.10.2025 10:00:21.194 UTC,1.39746,1.39735,0.0018,0.0012
27.10.2025 10:00:21.297 UTC,1.39746,1.39734,0.0018,0.00234
27.10.2025 10:00:21.553 UTC,1.39748,1.39733,0.00249,0.00339
27.10.2025 10:00:21.757 UTC,1.39748,1.39733,0.00249,0.00324
27.10.2025 10:00:21.860 UTC,1.39748,1.39733,0.00249,0.00339
27.10.2025 10:00:22.067 UTC,1.39745,1.39734,0.0012,0.0012
27.10.2025 10:00:22.170 UTC,1.39745,1.39734,0.0018,0.0012
27.10.2025 10:00:22.221 UTC,1.39745,1.39732,0.0018,0.00144
27.10.2025 10:00:22.781 UTC,1.39745,1.39732,0.00192,0.00192
27.10.2025 10:00:24.546 UTC,1.39745,1.39732,0.0018,0.00144
27.10.2025 10:00:28.161 UTC,1.39745,1.39732,0.0018,0.0018
27.10.2025 10:00:28.263 UTC,1.39744,1.39733,0.0018,0.00135
27.10.2025 10:00:30.125 UTC,1.39744,1.39733,0.0018,0.0018
27.10.2025 10:00:30.228 UTC,1.39745,1.39732,0.0018,0.00135
27.10.2025 10:00:30.331 UTC,1.39744,1.39731,0.00135,0.00144
27.10.2025 10:00:30.435 UTC,1.39743,1.39731,0.0018,0.0012
27.10.2025 10:00:31.882 UTC,1.39745,1.39732,0.0018,0.00135
27.10.2025 10:00:31.986 UTC,1.39746,1.39732,0.00204,0.00135
27.10.2025 10:00:33.068 UTC,1.39743,1.39733,0.0018,0.00135
27.10.2025 10:00:34.380 UTC,1.39746,1.39733,0.0018,0.00144
27.10.2025 10:00:40.319 UTC,1.39749,1.39736,0.0018,0.0012
27.10.2025 10:00:40.423 UTC,1.39749,1.39737,0.0018,0.0012
27.10.2025 10:00:40.527 UTC,1.39749,1.39739,0.0018,0.0012
27.10.2025 10:00:42.175 UTC,1.39751,1.39739,0.0018,0.0012
27.10.2025 10:00:42.227 UTC,1.3975,1.3974,0.00135,0.0012
27.10.2025 10:00:42.483 UTC,1.39752,1.39739,0.0018,0.0012
27.10.2025 10:00:43.897 UTC,1.39751,1.39739,0.00192,0.0012
27.10.2025 10:00:44.304 UTC,1.39751,1.39739,0.0018,0.00135
27.10.2025 10:00:45.420 UTC,1.39751,1.3974,0.0018,0.0018
27.10.2025 10:00:45.524 UTC,1.39754,1.3974,0.0024,0.00249
27.10.2025 10:00:45.576 UTC,1.39752,1.39741,0.0012,0.0018
27.10.2025 10:00:46.138 UTC,1.39753,1.3974,0.00135,0.0012
27.10.2025 10:00:46.291 UTC,1.39752,1.39741,0.0018,0.0012
27.10.2025 10:00:46.393 UTC,1.39753,1.3974,0.0018,0.0012
27.10.2025 10:00:48.156 UTC,1.39753,1.3974,0.0018,0.0024
27.10.2025 10:00:48.260 UTC,1.39752,1.3974,0.0018,0.0018
27.10.2025 10:00:48.820 UTC,1.39752,1.3974,0.00135,0.0018
27.10.2025 10:00:48.922 UTC,1.39751,1.39741,0.0018,0.0018
27.10.2025 10:00:49.378 UTC,1.39752,1.3974,0.0018,0.00135
27.10.2025 10:00:49.739 UTC,1.39752,1.3974,0.0018,0.0018
27.10.2025 10:00:49.842 UTC,1.39752,1.3974,0.0018,0.00135
27.10.2025 10:00:50.653 UTC,1.39753,1.3974,0.00135,0.00135
27.10.2025 10:00:50.756 UTC,1.39752,1.3974,0.0012,0.0012
27.10.2025 10:00:50.859 UTC,1.39752,1.3974,0.0018,0.0012
27.10.2025 10:00:51.113 UTC,1.39752,1.3974,0.0018,0.0018
27.10.2025 10:00:51.216 UTC,1.39752,1.3974,0.0018,0.00135
27.10.2025 10:00:52.538 UTC,1.39752,1.3974,0.0018,0.0018
27.10.2025 10:00:52.641 UTC,1.39751,1.39741,0.0018,0.0012
27.10.2025 10:01:00.152 UTC,1.39754,1.39741,0.0018,0.00135
27.10.2025 10:01:00.256 UTC,1.39753,1.39741,0.0012,0.00135
27.10.2025 10:01:00.409 UTC,1.39752,1.39742,0.0018,0.0012
27.10.2025 10:01:02.074 UTC,1.39752,1.3974,0.0018,0.00135
27.10.2025 10:01:13.889 UTC,1.39751,1.39741,0.00135,0.00135
27.10.2025 10:01:14.244 UTC,1.39752,1.3974,0.0018,0.0012
27.10.2025 10:01:23.490 UTC,1.39755,1.39741,0.00285,0.00225
27.10.2025 10:01:23.594 UTC,1.39755,1.39741,0.0024,0.00225
27.10.2025 10:01:23.951 UTC,1.39755,1.39743,0.0018,0.0012
27.10.2025 10:01:24.056 UTC,1.39757,1.39745,0.0024,0.0012
27.10.2025 10:01:24.108 UTC,1.39756,1.39746,0.0018,0.0012
27.10.2025 10:01:24.871 UTC,1.39758,1.39747,0.0018,0.00225
27.10.2025 10:01:29.559 UTC,1.39757,1.39746,0.00144,0.0012
27.10.2025 10:01:29.612 UTC,1.39755,1.39743,0.0012,0.0018
27.10.2025 10:01:29.715 UTC,1.39755,1.39743,0.0018,0.0012
27.10.2025 10:01:29.817 UTC,1.39755,1.39742,0.0018,0.00189
27.10.2025 10:01:31.353 UTC,1.39756,1.39744,0.0018,0.0012
27.10.2025 10:01:33.024 UTC,1.39757,1.39744,0.00195,0.0012
27.10.2025 10:01:34.335 UTC,1.39755,1.39743,0.0018,0.0012
27.10.2025 10:01:34.541 UTC,1.39754,1.39743,0.0018,0.00234
27.10.2025 10:01:35.100 UTC,1.39754,1.39741,0.0018,0.00225
27.10.2025 10:01:35.557 UTC,1.39753,1.39741,0.0018,0.00135
27.10.2025 10:01:35.660 UTC,1.39753,1.3974,0.0018,0.0012
27.10.2025 10:01:39.935 UTC,1.39748,1.39739,0.0012,0.00225
27.10.2025 10:01:40.040 UTC,1.39748,1.39737,0.0018,0.0012
27.10.2025 10:01:40.142 UTC,1.39747,1.39736,0.0018,0.0018
27.10.2025 10:01:40.296 UTC,1.39749,1.39735,0.0024,0.0012
27.10.2025 10:01:42.160 UTC,1.39747,1.39735,0.0018,0.0012
27.10.2025 10:01:42.263 UTC,1.39746,1.39735,0.0018,0.0012
27.10.2025 10:01:43.267 UTC,1.39749,1.39735,0.00195,0.00225
27.10.2025 10:01:43.371 UTC,1.3975,1.39735,0.00195,0.0033
27.10.2025 10:01:44.028 UTC,1.39749,1.39735,0.00192,0.00135
27.10.2025 10:01:44.132 UTC,1.3975,1.39736,0.00144,0.00135
27.10.2025 10:01:44.443 UTC,1.39749,1.39736,0.00144,0.00135
27.10.2025 10:01:44.803 UTC,1.39751,1.39736,0.00306,0.00144
27.10.2025 10:01:44.956 UTC,1.39751,1.39736,0.00216,0.00192
27.10.2025 10:01:45.714 UTC,1.39751,1.39736,0.00204,0.00294
27.10.2025 10:01:45.868 UTC,1.39751,1.39736,0.00192,0.00339
27.10.2025 10:01:46.021 UTC,1.39751,1.39736,0.00207,0.00339
27.10.2025 10:01:46.173 UTC,1.39751,1.39736,0.00192,0.00294
27.10.2025 10:01:46.277 UTC,1.39753,1.39738,0.00192,0.00249
27.10.2025 10:01:46.381 UTC,1.39753,1.39738,0.0024,0.00249
27.10.2025 10:01:48.403 UTC,1.39752,1.39739,0.00192,0.00294
27.10.2025 10:01:48.806 UTC,1.39752,1.39739,0.00216,0.00339
27.10.2025 10:01:48.959 UTC,1.39753,1.39738,0.00204,0.00294
27.10.2025 10:01:49.863 UTC,1.39753,1.39738,0.00216,0.00339
27.10.2025 10:01:49.966 UTC,1.39753,1.39738,0.00204,0.00294
27.10.2025 10:01:50.521 UTC,1.39753,1.39739,0.00144,0.00135
27.10.2025 10:01:50.622 UTC,1.39754,1.39739,0.00271,0.0018
27.10.2025 10:01:51.332 UTC,1.39752,1.3974,0.00144,0.00135
27.10.2025 10:01:51.487 UTC,1.39753,1.39738,0.00252,0.0024
27.10.2025 10:01:51.785 UTC,1.39752,1.39738,0.00192,0.00315
27.10.2025 10:01:52.647 UTC,1.39753,1.39738,0.00249,0.00294
27.10.2025 10:01:52.750 UTC,1.39753,1.39738,0.00297,0.0033
27.10.2025 10:01:53.056 UTC,1.39751,1.39739,0.00192,0.00285
27.10.2025 10:01:54.214 UTC,1.39752,1.39738,0.00192,0.0033
27.10.2025 10:01:54.570 UTC,1.39753,1.39738,0.00234,0.0018
27.10.2025 10:01:54.675 UTC,1.3975,1.39737,0.00204,0.00135
27.10.2025 10:01:54.727 UTC,1.3975,1.39737,0.00184,0.00135
27.10.2025 10:01:57.107 UTC,1.39751,1.39737,0.00204,0.0012
27.10.2025 10:01:57.817 UTC,1.3975,1.39737,0.00204,0.00339
27.10.2025 10:01:58.272 UTC,1.3975,1.39738,0.00204,0.0012
27.10.2025 10:01:59.078 UTC,1.39749,1.39737,0.0018,0.00294
27.10.2025 10:01:59.941 UTC,1.39749,1.39736,0.00192,0.0018
27.10.2025 10:02:00.094 UTC,1.39749,1.39736,0.0018,0.0012
27.10.2025 10:02:00.197 UTC,1.39749,1.39736,0.0018,0.0018
27.10.2025 10:02:00.810 UTC,1.39751,1.39736,0.00192,0.00429
27.10.2025 10:02:03.122 UTC,1.39752,1.39737,0.00252,0.0018
27.10.2025 10:02:09.716 UTC,1.39751,1.39736,0.00264,0.0024
27.10.2025 10:02:09.819 UTC,1.3975,1.39736,0.00192,0.0024
27.10.2025 10:02:11.584 UTC,1.39747,1.39733,0.00168,0.00285
27.10.2025 10:02:11.637 UTC,1.39747,1.39735,0.00249,0.0012
27.10.2025 10:02:11.692 UTC,1.39748,1.39734,0.00168,0.0012
27.10.2025 10:02:11.846 UTC,1.39749,1.39734,0.00219,0.0012
27.10.2025 10:02:12.202 UTC,1.39748,1.39734,0.00192,0.0012
27.10.2025 10:02:12.305 UTC,1.39747,1.39733,0.00204,0.0012
27.10.2025 10:02:12.409 UTC,1.39747,1.39732,0.00252,0.00315
27.10.2025 10:02:12.543 UTC,1.39747,1.39732,0.00252,0.0033
27.10.2025 10:02:16.616 UTC,1.39745,1.39733,0.0018,0.00195
27.10.2025 10:02:16.771 UTC,1.39748,1.39734,0.00192,0.0024
27.10.2025 10:02:17.025 UTC,1.39747,1.39735,0.00192,0.0033
27.10.2025 10:02:17.683 UTC,1.39747,1.39734,0.0018,0.00135
27.10.2025 10:02:17.836 UTC,1.39747,1.39734,0.0018,0.0018
27.10.2025 10:02:20.201 UTC,1.39749,1.39738,0.00249,0.00135
27.10.2025 10:02:21.873 UTC,1.39748,1.39736,0.00252,0.00135
27.10.2025 10:02:21.976 UTC,1.39749,1.39735,0.00192,0.0018
27.10.2025 10:02:24.128 UTC,1.39749,1.39735,0.00252,0.00135
27.10.2025 10:02:24.739 UTC,1.39749,1.39735,0.00192,0.0018
27.10.2025 10:02:24.893 UTC,1.3975,1.39735,0.00387,0.0018
27.10.2025 10:02:25.251 UTC,1.3975,1.39735,0.00252,0.00135
27.10.2025 10:02:25.557 UTC,1.39749,1.39735,0.00192,0.0018
27.10.2025 10:02:26.915 UTC,1.39749,1.39735,0.00207,0.00135
27.10.2025 10:02:27.069 UTC,1.39749,1.39735,0.00252,0.00135
27.10.2025 10:02:27.427 UTC,1.3975,1.39736,0.0018,0.0018
27.10.2025 10:02:32.109 UTC,1.3975,1.39737,0.00249,0.0024
27.10.2025 10:02:32.213 UTC,1.39752,1.39738,0.0018,0.00225
27.10.2025 10:02:32.317 UTC,1.39754,1.3974,0.00249,0.0018
27.10.2025 10:02:32.424 UTC,1.39754,1.39743,0.0018,0.0012
27.10.2025 10:02:32.476 UTC,1.39755,1.39743,0.0018,0.0012
27.10.2025 10:02:34.932 UTC,1.39757,1.39744,0.00204,0.0012
27.10.2025 10:02:34.985 UTC,1.39758,1.39744,0.00261,0.0018
27.10.2025 10:02:35.088 UTC,1.39757,1.39746,0.00192,0.00135
27.10.2025 10:02:35.192 UTC,1.39758,1.39743,0.00309,0.0024
27.10.2025 10:02:35.346 UTC,1.39757,1.39742,0.00204,0.0024
27.10.2025 10:02:35.448 UTC,1.39757,1.39742,0.00216,0.0024
27.10.2025 10:02:35.805 UTC,1.39755,1.39742,0.0018,0.00195
27.10.2025 10:02:35.908 UTC,1.39755,1.39742,0.0018,0.0024
27.10.2025 10:02:36.877 UTC,1.39756,1.39745,0.0018,0.00144
27.10.2025 10:02:36.980 UTC,1.39758,1.39744,0.0033,0.00192
27.10.2025 10:02:37.438 UTC,1.39756,1.39745,0.0018,0.00144
27.10.2025 10:02:37.540 UTC,1.39757,1.39744,0.0018,0.00192
27.10.2025 10:02:37.744 UTC,1.39756,1.39745,0.0018,0.00144
27.10.2025 10:02:38.857 UTC,1.39756,1.39742,0.0018,0.00192
27.10.2025 10:02:38.909 UTC,1.39755,1.39743,0.0018,0.00249
27.10.2025 10:02:40.378 UTC,1.39757,1.39745,0.0024,0.00192
27.10.2025 10:02:40.485 UTC,1.39758,1.39745,0.0018,0.00135
27.10.2025 10:02:41.501 UTC,1.39759,1.39745,0.00192,0.00192
27.10.2025 10:02:41.604 UTC,1.39759,1.39745,0.00192,0.00144
27.10.2025 10:02:41.859 UTC,1.39759,1.39745,0.00216,0.0012
27.10.2025 10:02:42.113 UTC,1.39759,1.39745,0.00241,0.00135
27.10.2025 10:02:42.217 UTC,1.39756,1.39745,0.00264,0.0012
27.10.2025 10:02:42.270 UTC,1.39756,1.39743,0.00204,0.0012
27.10.2025 10:02:42.375 UTC,1.39758,1.39744,0.00249,0.0018
27.10.2025 10:02:42.479 UTC,1.39757,1.39745,0.00306,0.00135
27.10.2025 10:02:42.582 UTC,1.39758,1.39744,0.00261,0.00135
27.10.2025 10:02:43.795 UTC,1.39758,1.39744,0.00204,0.0018
27.10.2025 10:02:44.649 UTC,1.39758,1.39744,0.00219,0.00135
27.10.2025 10:02:44.752 UTC,1.39758,1.39744,0.00204,0.0018
27.10.2025 10:02:45.005 UTC,1.39758,1.39744,0.00219,0.00135
27.10.2025 10:02:46.171 UTC,1.39758,1.39744,0.00249,0.00195
27.10.2025 10:02:46.374 UTC,1.39758,1.39744,0.00213,0.00135
27.10.2025 10:02:47.078 UTC,1.39757,1.39745,0.00168,0.0018
27.10.2025 10:02:47.383 UTC,1.39757,1.39744,0.00192,0.0018
27.10.2025 10:02:47.485 UTC,1.39758,1.39744,0.00204,0.0012
27.10.2025 10:02:47.640 UTC,1.39756,1.39744,0.00196,0.00135
27.10.2025 10:02:47.947 UTC,1.39757,1.39743,0.00216,0.0018
27.10.2025 10:02:48.653 UTC,1.39756,1.39744,0.00216,0.00135
27.10.2025 10:02:50.622 UTC,1.39757,1.39743,0.00204,0.0018
27.10.2025 10:02:50.725 UTC,1.39756,1.39744,0.00204,0.0018
27.10.2025 10:02:53.196 UTC,1.39757,1.39743,0.00184,0.0018
27.10.2025 10:02:53.501 UTC,1.39757,1.39743,0.00196,0.00135
27.10.2025 10:02:53.604 UTC,1.39757,1.39743,0.00184,0.0018
27.10.2025 10:02:53.756 UTC,1.39757,1.39743,0.00196,0.00135
27.10.2025 10:02:55.429 UTC,1.39757,1.39743,0.00192,0.0024
27.10.2025 10:02:55.534 UTC,1.39758,1.39744,0.00192,0.0018
27.10.2025 10:02:55.586 UTC,1.39758,1.39744,0.00192,0.0024
27.10.2025 10:02:55.690 UTC,1.39759,1.39745,0.00204,0.00192
27.10.2025 10:02:55.794 UTC,1.39759,1.39745,0.00192,0.00135
27.10.2025 10:02:55.948 UTC,1.39759,1.39745,0.00204,0.0018
27.10.2025 10:03:02.246 UTC,1.39759,1.39746,0.0018,0.00192
27.10.2025 10:03:02.349 UTC,1.3976,1.39748,0.0024,0.00135
27.10.2025 10:03:02.504 UTC,1.3976,1.39749,0.0018,0.00144
27.10.2025 10:03:02.658 UTC,1.39761,1.39748,0.0018,0.00144
27.10.2025 10:03:03.214 UTC,1.39762,1.39748,0.0018,0.00192
27.10.2025 10:03:03.317 UTC,1.39762,1.39748,0.0018,0.00144
27.10.2025 10:03:04.023 UTC,1.39762,1.39748,0.00192,0.00339
27.10.2025 10:03:04.177 UTC,1.39762,1.39748,0.0018,0.00342
27.10.2025 10:03:04.281 UTC,1.39762,1.39749,0.0018,0.00192
27.10.2025 10:03:05.106 UTC,1.39762,1.39749,0.0018,0.00144
27.10.2025 10:03:05.359 UTC,1.39762,1.39749,0.0018,0.00192
27.10.2025 10:03:05.712 UTC,1.39762,1.39749,0.0018,0.00144
27.10.2025 10:03:07.523 UTC,1.39762,1.39749,0.0018,0.00192
27.10.2025 10:03:07.625 UTC,1.39762,1.39749,0.0018,0.00144
27.10.2025 10:03:10.087 UTC,1.3976,1.39749,0.0018,0.00135
27.10.2025 10:03:21.206 UTC,1.39761,1.39747,0.00195,0.00144
27.10.2025 10:03:21.310 UTC,1.39758,1.39746,0.0012,0.00135
27.10.2025 10:03:21.362 UTC,1.39757,1.39747,0.0018,0.00135
27.10.2025 10:03:21.415 UTC,1.39755,1.39742,0.0027,0.00195
27.10.2025 10:03:21.520 UTC,1.39755,1.39742,0.0024,0.0012
27.10.2025 10:03:21.623 UTC,1.39754,1.39742,0.00195,0.0012
27.10.2025 10:03:21.727 UTC,1.39758,1.39747,0.0018,0.0012
27.10.2025 10:03:21.881 UTC,1.39758,1.39746,0.0018,0.0012
27.10.2025 10:03:23.599 UTC,1.39757,1.39745,0.00429,0.00135
27.10.2025 10:03:23.702 UTC,1.39757,1.39744,0.0018,0.00135
27.10.2025 10:03:23.807 UTC,1.39759,1.39744,0.00207,0.0033
27.10.2025 10:03:23.859 UTC,1.39759,1.39746,0.00192,0.0012
27.10.2025 10:03:24.116 UTC,1.39757,1.39746,0.0018,0.0012
27.10.2025 10:03:30.428 UTC,1.39758,1.39747,0.0018,0.00135
27.10.2025 10:03:30.583 UTC,1.39759,1.39748,0.0018,0.00135
27.10.2025 10:03:34.153 UTC,1.3976,1.39748,0.0018,0.0012
27.10.2025 10:03:34.359 UTC,1.39761,1.39748,0.0018,0.00132
27.10.2025 10:03:34.464 UTC,1.39762,1.39751,0.00192,0.0012
27.10.2025 10:03:34.567 UTC,1.39762,1.3975,0.0018,0.0012
27.10.2025 10:03:41.560 UTC,1.39764,1.3975,0.00195,0.00225
27.10.2025 10:03:41.665 UTC,1.39769,1.39756,0.0012,0.00189
27.10.2025 10:03:41.717 UTC,1.3977,1.39756,0.00249,0.00132
27.10.2025 10:03:41.820 UTC,1.39768,1.39756,0.0018,0.00132
27.10.2025 10:03:41.924 UTC,1.39769,1.39755,0.00204,0.0012
27.10.2025 10:03:42.180 UTC,1.39767,1.39752,0.00294,0.00278
27.10.2025 10:03:42.284 UTC,1.39766,1.39752,0.00192,0.0012
27.10.2025 10:03:42.335 UTC,1.39765,1.39753,0.00192,0.0012
27.10.2025 10:03:43.299 UTC,1.39765,1.39753,0.00192,0.0018
27.10.2025 10:03:43.701 UTC,1.39767,1.39752,0.00252,0.00195
27.10.2025 10:03:43.853 UTC,1.39767,1.39752,0.00297,0.0018
27.10.2025 10:03:44.005 UTC,1.39765,1.39753,0.00132,0.00135
27.10.2025 10:03:46.317 UTC,1.39766,1.39753,0.00216,0.00192
27.10.2025 10:03:50.187 UTC,1.39767,1.39752,0.00204,0.00144
27.10.2025 10:03:50.492 UTC,1.39766,1.39753,0.00204,0.00192
27.10.2025 10:03:50.595 UTC,1.39767,1.39753,0.00204,0.0012
27.10.2025 10:03:50.697 UTC,1.39767,1.39752,0.00204,0.00192
27.10.2025 10:03:50.798 UTC,1.39766,1.39752,0.00132,0.00144
27.10.2025 10:03:50.902 UTC,1.39766,1.39754,0.00195,0.00144
27.10.2025 10:03:51.006 UTC,1.39767,1.39755,0.0018,0.00144
27.10.2025 10:03:51.057 UTC,1.39768,1.39754,0.0018,0.00234
27.10.2025 10:03:51.312 UTC,1.39767,1.39755,0.0018,0.00192
27.10.2025 10:03:51.516 UTC,1.39767,1.39755,0.00204,0.00135
27.10.2025 10:03:54.288 UTC,1.39769,1.39754,0.00213,0.0018
27.10.2025 10:03:54.548 UTC,1.39768,1.39754,0.00204,0.00135
27.10.2025 10:03:57.268 UTC,1.39769,1.39756,0.0018,0.00192
27.10.2025 10:03:57.320 UTC,1.3977,1.39758,0.0012,0.0024
27.10.2025 10:03:57.424 UTC,1.39772,1.39758,0.00192,0.00135
27.10.2025 10:03:57.548 UTC,1.39773,1.39759,0.00196,0.0012
27.10.2025 10:03:57.652 UTC,1.39772,1.39758,0.00144,0.00135
27.10.2025 10:03:58.059 UTC,1.39773,1.39759,0.0012,0.00135
27.10.2025 10:03:58.163 UTC,1.39773,1.39759,0.00132,0.00135
27.10.2025 10:03:58.265 UTC,1.39774,1.39759,0.00522,0.0018
27.10.2025 10:03:58.368 UTC,1.39773,1.39759,0.00192,0.00135
27.10.2025 10:03:58.573 UTC,1.39772,1.3976,0.0012,0.00249
27.10.2025 10:03:58.676 UTC,1.39773,1.39759,0.00192,0.00225
27.10.2025 10:03:59.588 UTC,1.39771,1.3976,0.00195,0.0012
27.10.2025 10:04:00.354 UTC,1.39772,1.39759,0.0018,0.00234
27.10.2025 10:04:00.459 UTC,1.39774,1.39763,0.0018,0.0012
27.10.2025 10:04:02.280 UTC,1.39777,1.39762,0.00204,0.00192
27.10.2025 10:04:02.383 UTC,1.39778,1.39764,0.00204,0.0012
27.10.2025 10:04:02.435 UTC,1.39776,1.39765,0.0018,0.00135
27.10.2025 10:04:05.810 UTC,1.39778,1.39764,0.00216,0.0012
27.10.2025 10:04:05.913 UTC,1.39776,1.39765,0.0018,0.0018
27.10.2025 10:04:07.024 UTC,1.39779,1.39764,0.00534,0.00135
27.10.2025 10:04:10.046 UTC,1.39778,1.39762,0.00486,0.00135
27.10.2025 10:04:10.302 UTC,1.39778,1.39762,0.00486,0.0018
27.10.2025 10:04:11.870 UTC,1.39777,1.39764,0.0018,0.00135
27.10.2025 10:04:11.973 UTC,1.39776,1.39765,0.0018,0.00135
27.10.2025 10:04:12.076 UTC,1.39777,1.39765,0.00192,0.00204
27.10.2025 10:04:12.128 UTC,1.39777,1.39764,0.0018,0.00135
27.10.2025 10:04:12.232 UTC,1.39778,1.39764,0.00207,0.00135
27.10.2025 10:04:12.335 UTC,1.39779,1.39764,0.00204,0.0018
27.10.2025 10:04:12.588 UTC,1.39777,1.39764,0.0018,0.00135
27.10.2025 10:04:12.691 UTC,1.39779,1.39764,0.00204,0.00192
27.10.2025 10:04:12.845 UTC,1.39777,1.39764,0.0018,0.00135
27.10.2025 10:04:12.998 UTC,1.39777,1.39765,0.0018,0.0018
27.10.2025 10:04:15.867 UTC,1.39778,1.39764,0.00204,0.00135
27.10.2025 10:04:16.023 UTC,1.39777,1.39764,0.0018,0.00135
27.10.2025 10:04:20.035 UTC,1.39777,1.39765,0.00192,0.0018
27.10.2025 10:04:21.091 UTC,1.39778,1.39764,0.00204,0.00135
27.10.2025 10:04:24.070 UTC,1.39779,1.39765,0.00261,0.00135
27.10.2025 10:04:24.174 UTC,1.3978,1.39768,0.00249,0.0012
27.10.2025 10:04:24.279 UTC,1.39781,1.39768,0.00204,0.0012
27.10.2025 10:04:24.331 UTC,1.3978,1.39769,0.00192,0.0012
27.10.2025 10:04:24.434 UTC,1.3978,1.39768,0.00135,0.0012
27.10.2025 10:04:26.450 UTC,1.3978,1.39769,0.00132,0.0012
27.10.2025 10:04:26.605 UTC,1.39779,1.39769,0.0018,0.0012
27.10.2025 10:04:26.708 UTC,1.39781,1.39768,0.0018,0.0012
27.10.2025 10:04:28.068 UTC,1.39781,1.39768,0.00192,0.00135
27.10.2025 10:04:30.328 UTC,1.39781,1.39768,0.00195,0.0012
27.10.2025 10:04:30.431 UTC,1.39782,1.39769,0.00192,0.00135
27.10.2025 10:04:30.534 UTC,1.39781,1.3977,0.0018,0.00135
27.10.2025 10:04:31.806 UTC,1.39781,1.39769,0.0018,0.0012
27.10.2025 10:04:31.909 UTC,1.39781,1.39768,0.00144,0.0012
27.10.2025 10:04:32.012 UTC,1.39781,1.39769,0.0018,0.0012
27.10.2025 10:04:32.115 UTC,1.39782,1.39769,0.0018,0.0012
27.10.2025 10:04:36.097 UTC,1.3978,1.39769,0.00195,0.0012
27.10.2025 10:04:36.200 UTC,1.3978,1.39768,0.0018,0.0012
27.10.2025 10:04:36.303 UTC,1.39779,1.39769,0.00192,0.00135
27.10.2025 10:04:36.407 UTC,1.39779,1.39768,0.00144,0.0012
27.10.2025 10:04:47.686 UTC,1.39778,1.39766,0.00132,0.0012
27.10.2025 10:04:47.739 UTC,1.39775,1.39763,0.00135,0.0012
27.10.2025 10:04:47.847 UTC,1.39774,1.39763,0.0018,0.0012
27.10.2025 10:04:47.949 UTC,1.39774,1.39762,0.0018,0.0012
27.10.2025 10:04:49.917 UTC,1.39772,1.39761,0.0012,0.0012
27.10.2025 10:04:50.019 UTC,1.39773,1.39761,0.00135,0.0012
27.10.2025 10:04:50.122 UTC,1.39773,1.39761,0.0018,0.0012
27.10.2025 10:04:52.088 UTC,1.39775,1.39761,0.00249,0.0012
27.10.2025 10:04:52.242 UTC,1.39773,1.39762,0.00135,0.0012
27.10.2025 10:04:53.150 UTC,1.39773,1.39762,0.0018,0.0012
27.10.2025 10:04:53.253 UTC,1.39773,1.39761,0.0018,0.0012
27.10.2025 10:04:53.885 UTC,1.39772,1.39762,0.00195,0.0012
27.10.2025 10:04:53.988 UTC,1.39773,1.39761,0.00195,0.0012
27.10.2025 10:05:00.035 UTC,1.39773,1.39762,0.0012,0.0012
27.10.2025 10:05:01.600 UTC,1.39774,1.39762,0.00384,0.0012
27.10.2025 10:05:01.753 UTC,1.39773,1.39762,0.0018,0.0012
27.10.2025 10:05:02.007 UTC,1.39773,1.3976,0.0024,0.0012
27.10.2025 10:05:02.111 UTC,1.39769,1.39759,0.0012,0.0012
27.10.2025 10:05:02.215 UTC,1.3977,1.39757,0.0024,0.0012
27.10.2025 10:05:08.809 UTC,1.3977,1.39758,0.0024,0.0012
27.10.2025 10:05:08.963 UTC,1.3977,1.39758,0.0018,0.0012
27.10.2025 10:05:09.218 UTC,1.39768,1.39758,0.00294,0.0012
27.10.2025 10:05:09.320 UTC,1.39769,1.39758,0.00195,0.0012
27.10.2025 10:05:13.100 UTC,1.3977,1.39758,0.0018,0.0012
27.10.2025 10:05:14.360 UTC,1.3977,1.39759,0.00192,0.00135
27.10.2025 10:05:15.095 UTC,1.39768,1.39757,0.00135,0.0012
27.10.2025 10:05:15.147 UTC,1.39765,1.39757,0.00189,0.0012
27.10.2025 10:05:15.253 UTC,1.39765,1.39754,0.0018,0.0012
27.10.2025 10:05:15.661 UTC,1.39762,1.39754,0.00135,0.0012
27.10.2025 10:05:15.712 UTC,1.39763,1.39751,0.00135,0.0012
27.10.2025 10:05:15.865 UTC,1.39763,1.39751,0.0018,0.0012
27.10.2025 10:05:16.673 UTC,1.39766,1.39753,0.0024,0.00339
27.10.2025 10:05:16.777 UTC,1.39766,1.39755,0.0018,0.0012
27.10.2025 10:05:18.546 UTC,1.39766,1.39756,0.0018,0.0012
27.10.2025 10:05:18.700 UTC,1.39767,1.39756,0.00192,0.0012
27.10.2025 10:05:19.157 UTC,1.39766,1.39756,0.00192,0.0012
27.10.2025 10:05:19.310 UTC,1.39766,1.39755,0.00192,0.0012
27.10.2025 10:05:19.616 UTC,1.39766,1.39755,0.00135,0.0012
27.10.2025 10:05:22.043 UTC,1.39766,1.39756,0.00204,0.0012
27.10.2025 10:05:31.985 UTC,1.39767,1.39756,0.00207,0.0012
27.10.2025 10:05:33.354 UTC,1.39765,1.39754,0.00204,0.0012
27.10.2025 10:05:37.217 UTC,1.39764,1.39756,0.0018,0.0012
27.10.2025 10:05:37.373 UTC,1.39766,1.39754,0.0018,0.0012
27.10.2025 10:05:40.855 UTC,1.39762,1.39752,0.0012,0.0012
27.10.2025 10:05:40.959 UTC,1.39762,1.39752,0.0018,0.0012
27.10.2025 10:05:46.691 UTC,1.39762,1.39751,0.0018,0.0012
27.10.2025 10:05:46.795 UTC,1.39762,1.39751,0.00135,0.0012
27.10.2025 10:05:47.106 UTC,1.39763,1.39752,0.0018,0.0012
27.10.2025 10:05:47.209 UTC,1.39763,1.39752,0.0012,0.0012
27.10.2025 10:05:55.713 UTC,1.39763,1.39753,0.00135,0.0012
27.10.2025 10:05:59.134 UTC,1.39762,1.39752,0.00135,0.0012
27.10.2025 10:06:03.272 UTC,1.39764,1.39752,0.0018,0.0012
27.10.2025 10:06:03.375 UTC,1.39764,1.39753,0.00168,0.0012
27.10.2025 10:06:05.338 UTC,1.39763,1.39752,0.0012,0.0012
27.10.2025 10:06:05.441 UTC,1.39762,1.39753,0.0012,0.0012
27.10.2025 10:06:05.543 UTC,1.39762,1.39752,0.0012,0.0012
27.10.2025 10:06:08.057 UTC,1.39763,1.39752,0.00393,0.0012
27.10.2025 10:06:08.158 UTC,1.39764,1.39751,0.00393,0.0012
27.10.2025 10:06:09.018 UTC,1.39765,1.39752,0.00294,0.0012
27.10.2025 10:06:09.172 UTC,1.39766,1.39752,0.00393,0.0012
27.10.2025 10:06:09.378 UTC,1.39764,1.39752,0.00213,0.0012
27.10.2025 10:06:09.532 UTC,1.39764,1.39751,0.00213,0.0012
27.10.2025 10:06:10.439 UTC,1.39763,1.39751,0.00132,0.0012
27.10.2025 10:06:15.009 UTC,1.39764,1.39752,0.00285,0.0012
27.10.2025 10:06:15.112 UTC,1.39764,1.39752,0.0018,0.0012
27.10.2025 10:06:15.215 UTC,1.39764,1.39751,0.00393,0.0012
27.10.2025 10:06:15.318 UTC,1.39763,1.39751,0.00132,0.0012
27.10.2025 10:06:17.230 UTC,1.39761,1.39752,0.0018,0.0012
27.10.2025 10:06:17.384 UTC,1.39761,1.39752,0.00135,0.0012
27.10.2025 10:06:22.422 UTC,1.39762,1.39753,0.0018,0.0012
27.10.2025 10:06:22.576 UTC,1.39764,1.39752,0.00369,0.0012
27.10.2025 10:06:22.680 UTC,1.39762,1.39751,0.0012,0.0012
27.10.2025 10:06:24.448 UTC,1.39763,1.39751,0.00144,0.0012
27.10.2025 10:06:24.550 UTC,1.39762,1.39752,0.00249,0.0012
27.10.2025 10:06:24.703 UTC,1.39762,1.39752,0.00144,0.0012
27.10.2025 10:06:25.058 UTC,1.39761,1.39752,0.00135,0.0012
27.10.2025 10:06:25.715 UTC,1.39762,1.39751,0.0018,0.0012
27.10.2025 10:06:33.450 UTC,1.39763,1.39752,0.0018,0.0012
27.10.2025 10:06:33.553 UTC,1.39764,1.39752,0.00225,0.0012
27.10.2025 10:06:34.363 UTC,1.39761,1.39752,0.0012,0.0012
27.10.2025 10:06:40.410 UTC,1.39764,1.39754,0.0018,0.0012
27.10.2025 10:06:40.514 UTC,1.39765,1.39753,0.00249,0.0012
27.10.2025 10:06:43.094 UTC,1.39765,1.39753,0.00189,0.0012
27.10.2025 10:06:48.741 UTC,1.39764,1.39751,0.00279,0.0012
27.10.2025 10:06:48.844 UTC,1.39764,1.39751,0.00195,0.0012
27.10.2025 10:06:48.948 UTC,1.39764,1.39753,0.00204,0.0012
27.10.2025 10:06:49.100 UTC,1.39766,1.39752,0.00219,0.0012
27.10.2025 10:06:50.962 UTC,1.39763,1.39752,0.00153,0.0012
27.10.2025 10:06:51.064 UTC,1.39763,1.39751,0.0012,0.0012
27.10.2025 10:06:51.167 UTC,1.39763,1.39751,0.0018,0.0012
27.10.2025 10:07:00.266 UTC,1.39761,1.39752,0.0018,0.0012
27.10.2025 10:07:00.521 UTC,1.39762,1.39751,0.00135,0.0012
27.10.2025 10:07:07.588 UTC,1.39762,1.3975,0.00135,0.0012
27.10.2025 10:07:08.193 UTC,1.3976,1.39749,0.0012,0.0012
27.10.2025 10:07:08.297 UTC,1.39758,1.39749,0.0012,0.0012
27.10.2025 10:07:12.321 UTC,1.39758,1.39747,0.0012,0.0012
27.10.2025 10:07:12.373 UTC,1.39758,1.39745,0.0018,0.00135
27.10.2025 10:07:19.249 UTC,1.39753,1.39744,0.0012,0.0018
27.10.2025 10:07:19.758 UTC,1.39754,1.39744,0.00144,0.0012
27.10.2025 10:07:20.267 UTC,1.39755,1.39745,0.00135,0.00135
27.10.2025 10:07:20.370 UTC,1.39758,1.39744,0.00195,0.00135
27.10.2025 10:07:22.237 UTC,1.39755,1.39743,0.0012,0.00225
27.10.2025 10:07:22.341 UTC,1.39754,1.39743,0.0012,0.0012
27.10.2025 10:07:22.445 UTC,1.39753,1.3974,0.0018,0.0012
27.10.2025 10:07:22.497 UTC,1.39753,1.3974,0.0024,0.0012
27.10.2025 10:07:22.600 UTC,1.39752,1.39739,0.00135,0.0012
27.10.2025 10:07:22.753 UTC,1.39751,1.3974,0.0018,0.0012
27.10.2025 10:07:55.289 UTC,1.39752,1.39738,0.00132,0.00249
27.10.2025 10:07:55.745 UTC,1.39751,1.39737,0.00132,0.00249
27.10.2025 10:07:55.849 UTC,1.3975,1.39737,0.0012,0.00192
27.10.2025 10:07:59.721 UTC,1.39752,1.39737,0.0024,0.00339
27.10.2025 10:07:59.875 UTC,1.39752,1.39737,0.00234,0.00339
27.10.2025 10:08:04.811 UTC,1.39752,1.39738,0.00192,0.0024
27.10.2025 10:08:12.670 UTC,1.39752,1.39738,0.00144,0.0024
27.10.2025 10:08:12.825 UTC,1.39749,1.39738,0.0012,0.00285
27.10.2025 10:08:12.929 UTC,1.39749,1.39738,0.00144,0.0024
27.10.2025 10:08:18.754 UTC,1.3975,1.39737,0.00135,0.00135
27.10.2025 10:08:18.857 UTC,1.3975,1.39738,0.00192,0.0018
27.10.2025 10:08:18.960 UTC,1.39751,1.39737,0.00192,0.00135
27.10.2025 10:08:19.916 UTC,1.3975,1.39738,0.00192,0.0024
27.10.2025 10:08:21.778 UTC,1.39752,1.39738,0.00192,0.0018
27.10.2025 10:08:24.122 UTC,1.39751,1.39738,0.00294,0.00339
27.10.2025 10:08:24.228 UTC,1.39748,1.39738,0.00144,0.0012
27.10.2025 10:08:24.333 UTC,1.39747,1.39735,0.00339,0.0018
27.10.2025 10:08:24.487 UTC,1.39747,1.39736,0.00135,0.00135
27.10.2025 10:08:24.641 UTC,1.39748,1.39735,0.00225,0.0024
27.10.2025 10:08:24.744 UTC,1.39747,1.39734,0.00135,0.00135
27.10.2025 10:08:24.897 UTC,1.39746,1.39735,0.00135,0.0018
27.10.2025 10:08:25.101 UTC,1.39747,1.39734,0.00135,0.00225
27.10.2025 10:08:25.254 UTC,1.39747,1.39734,0.00135,0.0024
27.10.2025 10:08:27.667 UTC,1.39748,1.39734,0.00285,0.00315
27.10.2025 10:08:29.980 UTC,1.39747,1.39736,0.0018,0.0018
27.10.2025 10:08:33.053 UTC,1.39748,1.39735,0.00135,0.0018
27.10.2025 10:08:34.216 UTC,1.39748,1.39737,0.00135,0.0024
27.10.2025 10:08:34.319 UTC,1.39751,1.39737,0.00252,0.0018
27.10.2025 10:08:34.474 UTC,1.39749,1.39738,0.00135,0.0024
27.10.2025 10:08:35.432 UTC,1.3975,1.39737,0.00135,0.00225
27.10.2025 10:08:43.385 UTC,1.39749,1.39738,0.00135,0.0018
27.10.2025 10:08:44.144 UTC,1.3975,1.39737,0.00135,0.00135
27.10.2025 10:08:51.362 UTC,1.3975,1.39736,0.00144,0.00225
27.10.2025 10:08:51.515 UTC,1.3975,1.39737,0.00192,0.0012
27.10.2025 10:08:51.671 UTC,1.39749,1.39738,0.00144,0.00135
27.10.2025 10:08:56.440 UTC,1.39747,1.39737,0.0012,0.0012
27.10.2025 10:08:56.543 UTC,1.39748,1.39735,0.0012,0.0012
27.10.2025 10:08:56.646 UTC,1.39748,1.39735,0.0018,0.0012
27.10.2025 10:09:00.593 UTC,1.39747,1.39733,0.00342,0.0018
27.10.2025 10:09:00.802 UTC,1.39745,1.39731,0.00144,0.00324
27.10.2025 10:09:01.511 UTC,1.39745,1.39731,0.00234,0.00339
27.10.2025 10:09:01.614 UTC,1.39744,1.39732,0.00279,0.00324
27.10.2025 10:09:01.767 UTC,1.39745,1.39731,0.00225,0.00339
27.10.2025 10:09:01.869 UTC,1.39745,1.39731,0.0027,0.00324
27.10.2025 10:09:02.173 UTC,1.39745,1.39731,0.00225,0.00339
27.10.2025 10:09:02.727 UTC,1.39744,1.39732,0.00225,0.00294
27.10.2025 10:09:03.082 UTC,1.39745,1.39731,0.00225,0.00339
27.10.2025 10:09:03.688 UTC,1.39745,1.39731,0.00225,0.00324
27.10.2025 10:09:03.990 UTC,1.39745,1.39731,0.00225,0.00339
27.10.2025 10:09:04.443 UTC,1.39744,1.39731,0.0012,0.00339
27.10.2025 10:09:05.449 UTC,1.39744,1.39732,0.00225,0.00339
27.10.2025 10:09:05.551 UTC,1.39744,1.39731,0.0012,0.00339
27.10.2025 10:09:06.356 UTC,1.39745,1.39731,0.00225,0.00339
27.10.2025 10:09:06.507 UTC,1.39744,1.39731,0.0012,0.00339
27.10.2025 10:09:07.214 UTC,1.39745,1.39731,0.00225,0.00339
27.10.2025 10:09:07.622 UTC,1.39744,1.39732,0.00225,0.00324
27.10.2025 10:09:08.429 UTC,1.39744,1.39731,0.0012,0.00324
27.10.2025 10:09:08.531 UTC,1.39745,1.39731,0.00225,0.00324
27.10.2025 10:09:09.590 UTC,1.39745,1.39731,0.00225,0.00339
27.10.2025 10:09:09.994 UTC,1.39745,1.39731,0.00225,0.00324
27.10.2025 10:09:10.347 UTC,1.39745,1.39731,0.00225,0.00339
27.10.2025 10:09:10.752 UTC,1.39745,1.39731,0.0024,0.00339
27.10.2025 10:09:10.956 UTC,1.39745,1.39731,0.00225,0.00339
27.10.2025 10:09:12.693 UTC,1.39745,1.39731,0.0033,0.00249
27.10.2025 10:09:12.794 UTC,1.39745,1.39731,0.00315,0.00249
27.10.2025 10:09:15.465 UTC,1.39744,1.3973,0.0012,0.00384
27.10.2025 10:09:15.568 UTC,1.39744,1.3973,0.0036,0.00234
27.10.2025 10:09:15.671 UTC,1.39744,1.3973,0.00375,0.00234
27.10.2025 10:09:21.013 UTC,1.39742,1.39729,0.0012,0.00135
27.10.2025 10:09:27.257 UTC,1.39744,1.39729,0.00429,0.00339
27.10.2025 10:09:27.412 UTC,1.39743,1.39729,0.00135,0.00339
27.10.2025 10:09:38.628 UTC,1.39745,1.39731,0.00285,0.00144
27.10.2025 10:09:40.098 UTC,1.39745,1.39731,0.0024,0.00249
27.10.2025 10:09:40.550 UTC,1.39745,1.39731,0.00285,0.00234
27.10.2025 10:09:40.703 UTC,1.39745,1.39731,0.00315,0.00249
27.10.2025 10:09:40.805 UTC,1.39745,1.39731,0.00375,0.00234
27.10.2025 10:09:43.314 UTC,1.39744,1.39732,0.0033,0.00249
27.10.2025 10:09:43.717 UTC,1.39744,1.39732,0.0033,0.00234
27.10.2025 10:09:44.020 UTC,1.39745,1.39731,0.0033,0.00249
27.10.2025 10:09:45.079 UTC,1.39745,1.39732,0.0024,0.00339
27.10.2025 10:09:45.131 UTC,1.39747,1.39733,0.0024,0.00252
27.10.2025 10:09:45.236 UTC,1.39749,1.39736,0.0012,0.00132
27.10.2025 10:09:47.381 UTC,1.3975,1.39737,0.0018,0.0012
27.10.2025 10:10:02.158 UTC,1.3975,1.39736,0.00192,0.00144
27.10.2025 10:10:02.613 UTC,1.39747,1.39735,0.0012,0.00144
27.10.2025 10:10:02.819 UTC,1.39748,1.39735,0.0024,0.00249
27.10.2025 10:10:02.921 UTC,1.39749,1.39734,0.00225,0.00249
27.10.2025 10:10:06.654 UTC,1.39749,1.39737,0.0024,0.0018
27.10.2025 10:10:06.756 UTC,1.39749,1.39737,0.00285,0.00135
27.10.2025 10:10:06.858 UTC,1.3975,1.39736,0.0024,0.0018
27.10.2025 10:10:06.960 UTC,1.39749,1.39737,0.0024,0.00135
27.10.2025 10:10:12.510 UTC,1.39746,1.39734,0.0012,0.00387
27.10.2025 10:10:12.613 UTC,1.39747,1.39733,0.0012,0.00387
27.10.2025 10:10:12.768 UTC,1.39745,1.39732,0.0012,0.0018
27.10.2025 10:10:13.024 UTC,1.39745,1.39731,0.00135,0.00234
27.10.2025 10:10:15.095 UTC,1.39744,1.39731,0.0012,0.00132
27.10.2025 10:10:15.452 UTC,1.39744,1.39732,0.00315,0.00189
27.10.2025 10:10:24.394 UTC,1.39745,1.39731,0.00225,0.00249
27.10.2025 10:10:24.496 UTC,1.39745,1.39731,0.0027,0.00234
27.10.2025 10:10:25.402 UTC,1.39745,1.39731,0.00315,0.00249
27.10.2025 10:10:25.503 UTC,1.39744,1.39732,0.0036,0.00234
27.10.2025 10:10:26.409 UTC,1.39745,1.39731,0.00225,0.00249
27.10.2025 10:10:26.712 UTC,1.39745,1.39731,0.0027,0.00234
27.10.2025 10:10:27.721 UTC,1.39745,1.39731,0.0018,0.00237
27.10.2025 10:10:27.825 UTC,1.39749,1.39735,0.00225,0.0012
27.10.2025 10:10:29.485 UTC,1.3975,1.39735,0.00339,0.00192
27.10.2025 10:10:29.992 UTC,1.39749,1.39735,0.00135,0.00144
27.10.2025 10:10:30.697 UTC,1.39747,1.39736,0.0012,0.00135
27.10.2025 10:10:30.850 UTC,1.39749,1.39735,0.0018,0.00135
27.10.2025 10:10:30.953 UTC,1.39748,1.39736,0.00135,0.0018
27.10.2025 10:10:31.054 UTC,1.39748,1.39736,0.0018,0.00135
27.10.2025 10:10:31.608 UTC,1.39749,1.39735,0.00135,0.0018
27.10.2025 10:10:32.714 UTC,1.39748,1.39735,0.0012,0.0018
27.10.2025 10:10:32.869 UTC,1.39749,1.39735,0.0018,0.00135
27.10.2025 10:10:33.023 UTC,1.39749,1.39735,0.00135,0.0018
27.10.2025 10:10:33.901 UTC,1.39748,1.39736,0.0018,0.00135
27.10.2025 10:10:34.953 UTC,1.39749,1.39735,0.00135,0.0018
27.10.2025 10:10:35.756 UTC,1.39747,1.39736,0.0012,0.00135
27.10.2025 10:10:35.859 UTC,1.39748,1.39737,0.00135,0.00135
27.10.2025 10:10:35.963 UTC,1.3975,1.39736,0.0018,0.00192
27.10.2025 10:10:36.065 UTC,1.39749,1.39737,0.0018,0.00144
27.10.2025 10:10:41.711 UTC,1.3975,1.39736,0.0018,0.0024
27.10.2025 10:10:42.735 UTC,1.3975,1.39737,0.00135,0.0018
27.10.2025 10:10:42.839 UTC,1.39752,1.39738,0.00135,0.0024
27.10.2025 10:10:42.994 UTC,1.39752,1.3974,0.00135,0.0012
27.10.2025 10:10:48.231 UTC,1.39754,1.3974,0.0042,0.00192
27.10.2025 10:10:48.334 UTC,1.39754,1.39741,0.00135,0.00132
27.10.2025 10:10:54.162 UTC,1.39757,1.39744,0.0012,0.00225
27.10.2025 10:10:54.216 UTC,1.39758,1.39746,0.00192,0.0012
27.10.2025 10:10:54.321 UTC,1.39758,1.39745,0.0012,0.0018
27.10.2025 10:10:54.424 UTC,1.39758,1.39747,0.00135,0.0012
27.10.2025 10:10:56.551 UTC,1.39757,1.39745,0.0012,0.0012
27.10.2025 10:10:56.654 UTC,1.39757,1.39744,0.00135,0.0012
27.10.2025 10:10:58.165 UTC,1.39756,1.39745,0.00135,0.0018
27.10.2025 10:11:01.229 UTC,1.39757,1.39744,0.00135,0.00135
27.10.2025 10:11:05.851 UTC,1.39757,1.39744,0.00192,0.00135
27.10.2025 10:11:06.004 UTC,1.39756,1.39745,0.00144,0.00135
27.10.2025 10:11:07.398 UTC,1.39757,1.39746,0.0018,0.00192
27.10.2025 10:11:07.450 UTC,1.3976,1.39746,0.00192,0.00135
27.10.2025 10:11:08.817 UTC,1.39759,1.39747,0.00192,0.0024
27.10.2025 10:11:09.220 UTC,1.3976,1.39746,0.00192,0.00225
27.10.2025 10:11:09.423 UTC,1.3976,1.39746,0.00192,0.0024
27.10.2025 10:11:10.129 UTC,1.39759,1.39747,0.00192,0.00135
27.10.2025 10:11:10.233 UTC,1.39756,1.39745,0.0012,0.0024
27.10.2025 10:11:10.337 UTC,1.39756,1.39743,0.00189,0.0012
27.10.2025 10:11:10.439 UTC,1.39756,1.39743,0.00249,0.0012
27.10.2025 10:11:10.999 UTC,1.39756,1.39743,0.00144,0.0012
27.10.2025 10:11:14.762 UTC,1.39756,1.39743,0.00135,0.0018
27.10.2025 10:11:17.641 UTC,1.39756,1.39743,0.00135,0.00135
27.10.2025 10:11:17.743 UTC,1.39756,1.39743,0.00135,0.0018
27.10.2025 10:11:18.546 UTC,1.39758,1.39745,0.0018,0.00135
27.10.2025 10:11:18.599 UTC,1.39758,1.39747,0.00195,0.0012
27.10.2025 10:11:18.702 UTC,1.3976,1.39746,0.0024,0.0012
27.10.2025 10:11:19.060 UTC,1.3976,1.39746,0.0024,0.00192
27.10.2025 10:11:19.163 UTC,1.3976,1.39746,0.0024,0.00144
27.10.2025 10:11:19.215 UTC,1.3976,1.39747,0.0018,0.00192
27.10.2025 10:11:19.369 UTC,1.39759,1.39748,0.00135,0.0018
27.10.2025 10:11:19.471 UTC,1.3976,1.39747,0.00135,0.00135
27.10.2025 10:11:20.282 UTC,1.3976,1.39747,0.00135,0.00192
27.10.2025 10:11:20.386 UTC,1.3976,1.39747,0.00135,0.00135
27.10.2025 10:11:20.943 UTC,1.39759,1.39747,0.0012,0.0018
27.10.2025 10:11:21.698 UTC,1.39758,1.39748,0.0012,0.00135
27.10.2025 10:11:21.850 UTC,1.39758,1.39748,0.0012,0.00192
27.10.2025 10:11:21.954 UTC,1.3976,1.39748,0.00135,0.0018
27.10.2025 10:11:35.376 UTC,1.39761,1.39749,0.0012,0.0018
27.10.2025 10:11:35.478 UTC,1.3976,1.39749,0.0012,0.0018
27.10.2025 10:11:35.631 UTC,1.3976,1.39749,0.0012,0.00135
27.10.2025 10:11:35.915 UTC,1.39762,1.39749,0.00135,0.00135
27.10.2025 10:11:47.217 UTC,1.39759,1.39748,0.00135,0.0012
27.10.2025 10:11:47.321 UTC,1.39758,1.39747,0.0012,0.0012
27.10.2025 10:11:47.424 UTC,1.39758,1.39746,0.0012,0.0012
27.10.2025 10:11:48.082 UTC,1.39759,1.39746,0.00135,0.0012
27.10.2025 10:11:56.854 UTC,1.39758,1.39747,0.0018,0.0033
27.10.2025 10:11:57.796 UTC,1.39756,1.39745,0.0012,0.0012
27.10.2025 10:11:57.950 UTC,1.39757,1.39744,0.0018,0.0012
27.10.2025 10:11:58.052 UTC,1.39757,1.39744,0.00135,0.0012
27.10.2025 10:12:07.694 UTC,1.39759,1.39745,0.0018,0.00234
27.10.2025 10:12:07.797 UTC,1.39758,1.39745,0.0012,0.00249
27.10.2025 10:12:08.956 UTC,1.39758,1.39745,0.0012,0.00324
27.10.2025 10:12:10.013 UTC,1.39758,1.39745,0.00135,0.00339
27.10.2025 10:12:11.053 UTC,1.39758,1.39745,0.00135,0.00324
27.10.2025 10:12:13.913 UTC,1.39758,1.39745,0.00135,0.00339
27.10.2025 10:12:14.318 UTC,1.39757,1.39744,0.0012,0.00225
27.10.2025 10:12:14.471 UTC,1.39757,1.39744,0.0018,0.00225
27.10.2025 10:12:14.574 UTC,1.39756,1.39745,0.00135,0.00135
27.10.2025 10:12:15.837 UTC,1.39756,1.39743,0.00132,0.00135
27.10.2025 10:12:15.939 UTC,1.39755,1.39744,0.00249,0.00135
27.10.2025 10:12:16.245 UTC,1.39756,1.39743,0.0012,0.00225
27.10.2025 10:12:17.002 UTC,1.39756,1.39743,0.0012,0.0024
27.10.2025 10:12:17.254 UTC,1.39756,1.39743,0.0012,0.00225
27.10.2025 10:12:18.258 UTC,1.39756,1.39743,0.0012,0.0024
27.10.2025 10:12:18.861 UTC,1.39756,1.39743,0.0012,0.00225
27.10.2025 10:12:19.616 UTC,1.39756,1.39743,0.0012,0.0024
27.10.2025 10:12:21.527 UTC,1.39759,1.39744,0.00375,0.00249
27.10.2025 10:12:21.632 UTC,1.39757,1.39744,0.0012,0.00225
27.10.2025 10:12:21.838 UTC,1.39756,1.39745,0.0012,0.0018
27.10.2025 10:12:22.577 UTC,1.39757,1.39744,0.0012,0.00135
27.10.2025 10:12:22.886 UTC,1.39757,1.39744,0.0012,0.0018
27.10.2025 10:12:27.349 UTC,1.39756,1.39745,0.0012,0.00135
27.10.2025 10:12:27.451 UTC,1.39756,1.39745,0.0012,0.0018
27.10.2025 10:12:28.458 UTC,1.39757,1.39744,0.00135,0.00135
27.10.2025 10:12:30.727 UTC,1.39756,1.39745,0.00135,0.0018
27.10.2025 10:12:30.879 UTC,1.39757,1.39744,0.00135,0.00135
27.10.2025 10:12:45.130 UTC,1.39756,1.39745,0.00135,0.0018
27.10.2025 10:12:51.553 UTC,1.39757,1.39744,0.00135,0.00135
27.10.2025 10:12:57.802 UTC,1.39758,1.39745,0.00135,0.0018
27.10.2025 10:12:57.954 UTC,1.39758,1.39745,0.00135,0.00135
27.10.2025 10:12:59.669 UTC,1.39756,1.39746,0.0012,0.0012
27.10.2025 10:12:59.772 UTC,1.39758,1.39745,0.0018,0.0012
27.10.2025 10:13:09.734 UTC,1.39755,1.39744,0.0012,0.0012
27.10.2025 10:13:09.788 UTC,1.39755,1.39742,0.0012,0.0027
27.10.2025 10:13:09.993 UTC,1.39754,1.39742,0.00135,0.00324
27.10.2025 10:13:10.196 UTC,1.39755,1.39741,0.00135,0.00339
27.10.2025 10:13:10.350 UTC,1.39756,1.39743,0.00339,0.00249
27.10.2025 10:13:10.453 UTC,1.39756,1.39743,0.00279,0.00249
27.10.2025 10:13:10.556 UTC,1.39757,1.39743,0.00234,0.0018
27.10.2025 10:13:11.662 UTC,1.39757,1.39743,0.00234,0.00135
27.10.2025 10:13:12.315 UTC,1.39757,1.39743,0.00234,0.0018
27.10.2025 10:13:13.785 UTC,1.39756,1.39744,0.00279,0.00234
27.10.2025 10:13:13.887 UTC,1.39757,1.39743,0.00234,0.00249
27.10.2025 10:13:20.127 UTC,1.39757,1.39744,0.0024,0.00249
27.10.2025 10:13:21.576 UTC,1.39754,1.39743,0.0012,0.0012
27.10.2025 10:13:21.730 UTC,1.39754,1.39742,0.0012,0.00135
27.10.2025 10:13:23.598 UTC,1.39754,1.39743,0.0012,0.00135
27.10.2025 10:13:28.228 UTC,1.39754,1.39741,0.0012,0.00144
27.10.2025 10:13:28.331 UTC,1.39752,1.39741,0.0012,0.00135
27.10.2025 10:13:31.311 UTC,1.39751,1.3974,0.0012,0.00135
27.10.2025 10:13:31.414 UTC,1.39753,1.39739,0.00315,0.00135
27.10.2025 10:13:36.681 UTC,1.39752,1.3974,0.00225,0.0024
27.10.2025 10:13:36.835 UTC,1.39753,1.39741,0.0018,0.00135
27.10.2025 10:13:37.692 UTC,1.39753,1.3974,0.0012,0.00135
27.10.2025 10:13:38.302 UTC,1.39752,1.39739,0.0012,0.00132
27.10.2025 10:13:54.616 UTC,1.39749,1.39739,0.0012,0.00192
27.10.2025 10:13:55.025 UTC,1.39752,1.39738,0.0024,0.00144
27.10.2025 10:13:56.282 UTC,1.39752,1.39738,0.0024,0.00192
27.10.2025 10:14:02.698 UTC,1.3975,1.39737,0.00135,0.00204
27.10.2025 10:14:04.915 UTC,1.3975,1.39737,0.00135,0.00192
27.10.2025 10:14:09.829 UTC,1.3975,1.39737,0.00225,0.00204
27.10.2025 10:14:13.850 UTC,1.39751,1.39739,0.0018,0.0012
27.10.2025 10:14:13.902 UTC,1.39752,1.39738,0.00225,0.0018
27.10.2025 10:14:17.628 UTC,1.39751,1.39739,0.0027,0.00135
27.10.2025 10:14:17.981 UTC,1.39752,1.39738,0.00225,0.0018
27.10.2025 10:14:18.287 UTC,1.3975,1.39737,0.00135,0.0024
27.10.2025 10:14:18.847 UTC,1.3975,1.39737,0.00135,0.00225
27.10.2025 10:14:19.301 UTC,1.39752,1.39737,0.00225,0.00249
27.10.2025 10:14:23.786 UTC,1.39751,1.39739,0.0027,0.00135
27.10.2025 10:14:23.887 UTC,1.39752,1.39738,0.00225,0.0018
27.10.2025 10:14:25.995 UTC,1.39752,1.39738,0.0027,0.00135
27.10.2025 10:14:26.398 UTC,1.39752,1.39738,0.00225,0.0018
27.10.2025 10:14:28.260 UTC,1.39752,1.39738,0.0027,0.00135
27.10.2025 10:14:29.815 UTC,1.39752,1.39738,0.00234,0.0018
27.10.2025 10:14:30.670 UTC,1.39751,1.39739,0.00234,0.00135
27.10.2025 10:14:31.173 UTC,1.39751,1.39739,0.00234,0.0018
27.10.2025 10:14:38.291 UTC,1.3975,1.39737,0.0012,0.0024
27.10.2025 10:14:49.884 UTC,1.39749,1.39738,0.00135,0.00195
27.10.2025 10:14:49.987 UTC,1.3975,1.39737,0.00135,0.0018
27.10.2025 10:14:53.411 UTC,1.39749,1.39737,0.00135,0.0033
27.10.2025 10:14:57.414 UTC,1.3975,1.39736,0.00135,0.00195
27.10.2025 10:14:58.773 UTC,1.39749,1.39736,0.0012,0.00225
27.10.2025 10:14:58.878 UTC,1.3975,1.39737,0.00294,0.00315
27.10.2025 10:14:59.083 UTC,1.39751,1.39736,0.00249,0.0018
27.10.2025 10:14:59.187 UTC,1.39751,1.39739,0.00249,0.0012
27.10.2025 10:14:59.289 UTC,1.39751,1.39739,0.00234,0.0012
27.10.2025 10:15:00.300 UTC,1.39752,1.39738,0.00225,0.0018
27.10.2025 10:15:00.858 UTC,1.39752,1.39738,0.00225,0.00135
27.10.2025 10:15:01.820 UTC,1.39754,1.39739,0.00429,0.0018
27.10.2025 10:15:01.924 UTC,1.39754,1.39739,0.00324,0.00135
27.10.2025 10:15:02.078 UTC,1.39753,1.3974,0.00429,0.00225
27.10.2025 10:15:03.593 UTC,1.39753,1.39739,0.00225,0.0018
27.10.2025 10:15:03.695 UTC,1.39753,1.39739,0.00225,0.00135
27.10.2025 10:15:04.199 UTC,1.39753,1.39739,0.0024,0.00135
27.10.2025 10:15:05.809 UTC,1.39753,1.39739,0.0024,0.0018
27.10.2025 10:15:06.312 UTC,1.39753,1.39739,0.00285,0.00135
27.10.2025 10:15:06.414 UTC,1.39752,1.3974,0.0024,0.0018
27.10.2025 10:15:07.425 UTC,1.39751,1.39739,0.00135,0.0033
27.10.2025 10:15:08.654 UTC,1.39752,1.39738,0.00135,0.00285
27.10.2025 10:15:09.718 UTC,1.39752,1.3974,0.00189,0.0018
27.10.2025 10:15:11.832 UTC,1.39751,1.39739,0.00201,0.0018
27.10.2025 10:15:11.936 UTC,1.39752,1.39738,0.00246,0.00135
27.10.2025 10:15:12.038 UTC,1.39751,1.39738,0.00246,0.00144
27.10.2025 10:15:12.900 UTC,1.39752,1.39737,0.00156,0.00192
27.10.2025 10:15:13.305 UTC,1.39752,1.39737,0.00156,0.00204
27.10.2025 10:15:14.059 UTC,1.39751,1.39738,0.00201,0.00192
27.10.2025 10:15:14.662 UTC,1.39751,1.39738,0.00279,0.00192
27.10.2025 10:15:15.066 UTC,1.3975,1.39738,0.0012,0.00192
27.10.2025 10:15:15.168 UTC,1.3975,1.39738,0.0012,0.00132
27.10.2025 10:15:15.870 UTC,1.39751,1.39738,0.00279,0.00132
27.10.2025 10:15:16.122 UTC,1.39751,1.39737,0.0012,0.00132
27.10.2025 10:15:16.374 UTC,1.39752,1.39737,0.00234,0.00204
27.10.2025 10:15:17.328 UTC,1.3975,1.39736,0.00144,0.00225
27.10.2025 10:15:17.519 UTC,1.39749,1.39736,0.00279,0.00144
27.10.2025 10:15:18.478 UTC,1.3975,1.39735,0.00279,0.00192
27.10.2025 10:15:19.032 UTC,1.39749,1.39735,0.00189,0.0018
27.10.2025 10:15:19.234 UTC,1.39748,1.39735,0.0012,0.0018
27.10.2025 10:15:32.719 UTC,1.39745,1.39735,0.00132,0.0012
27.10.2025 10:15:32.825 UTC,1.39744,1.39734,0.0012,0.0012
27.10.2025 10:15:32.928 UTC,1.39744,1.39731,0.0012,0.00195
27.10.2025 10:15:33.387 UTC,1.39743,1.39731,0.00189,0.00195
27.10.2025 10:15:33.489 UTC,1.39744,1.39729,0.00279,0.00285
27.10.2025 10:15:33.642 UTC,1.39744,1.39729,0.00279,0.00225
27.10.2025 10:15:34.099 UTC,1.39743,1.39729,0.0012,0.00225
27.10.2025 10:15:36.968 UTC,1.39742,1.39729,0.0012,0.00225
27.10.2025 10:15:37.071 UTC,1.39742,1.3973,0.00369,0.0027
27.10.2025 10:15:37.174 UTC,1.39742,1.39729,0.0012,0.00135
27.10.2025 10:15:38.230 UTC,1.39743,1.39729,0.00189,0.0012
27.10.2025 10:15:38.333 UTC,1.39745,1.39734,0.0018,0.0012
27.10.2025 10:15:38.437 UTC,1.39748,1.39733,0.00324,0.0018
27.10.2025 10:15:42.751 UTC,1.39747,1.39734,0.00198,0.00465
27.10.2025 10:15:43.206 UTC,1.39748,1.39733,0.00198,0.0045
27.10.2025 10:15:43.711 UTC,1.39748,1.39733,0.00198,0.00465
27.10.2025 10:15:45.568 UTC,1.39747,1.39734,0.00279,0.0045
27.10.2025 10:15:46.073 UTC,1.39747,1.39734,0.00189,0.00465
27.10.2025 10:15:51.598 UTC,1.39748,1.39733,0.00279,0.0042
27.10.2025 10:15:52.205 UTC,1.39748,1.39735,0.00474,0.00285
27.10.2025 10:15:53.806 UTC,1.39749,1.39735,0.00135,0.0033
27.10.2025 10:16:04.340 UTC,1.39749,1.39735,0.0012,0.00225
27.10.2025 10:16:04.694 UTC,1.39748,1.39736,0.0012,0.00195
27.10.2025 10:16:05.046 UTC,1.39749,1.39735,0.0012,0.0024
27.10.2025 10:16:05.149 UTC,1.39749,1.39735,0.0018,0.00135
27.10.2025 10:16:08.619 UTC,1.39748,1.39735,0.00324,0.00315
27.10.2025 10:16:08.721 UTC,1.39748,1.39734,0.0012,0.00315
27.10.2025 10:16:08.825 UTC,1.39748,1.39734,0.0012,0.00285
27.10.2025 10:16:08.980 UTC,1.39749,1.39734,0.00279,0.00375
27.10.2025 10:16:09.082 UTC,1.39748,1.39735,0.00279,0.0042
27.10.2025 10:16:09.940 UTC,1.39749,1.39736,0.0018,0.00135
27.10.2025 10:16:10.748 UTC,1.39748,1.39737,0.00135,0.0018
27.10.2025 10:16:12.258 UTC,1.39749,1.39737,0.00135,0.0033
27.10.2025 10:16:12.361 UTC,1.39749,1.39738,0.00135,0.0018
27.10.2025 10:16:12.515 UTC,1.39752,1.39737,0.00657,0.0024
27.10.2025 10:16:12.618 UTC,1.39752,1.39738,0.00249,0.0018
27.10.2025 10:16:12.721 UTC,1.39752,1.39738,0.00234,0.0012
27.10.2025 10:16:13.327 UTC,1.39752,1.39739,0.00339,0.0033
27.10.2025 10:16:13.429 UTC,1.39752,1.39739,0.00339,0.00315
27.10.2025 10:16:16.369 UTC,1.39752,1.39738,0.00294,0.0012
27.10.2025 10:16:36.736 UTC,1.3975,1.39738,0.00234,0.00195
27.10.2025 10:16:36.889 UTC,1.39751,1.39737,0.00144,0.0024
27.10.2025 10:16:43.426 UTC,1.39751,1.39739,0.00135,0.00225
27.10.2025 10:16:43.529 UTC,1.39753,1.39738,0.00504,0.0024
27.10.2025 10:16:43.632 UTC,1.39752,1.39739,0.00549,0.00225
27.10.2025 10:16:43.734 UTC,1.39753,1.39738,0.00564,0.00225
27.10.2025 10:16:43.988 UTC,1.39753,1.39738,0.00474,0.0024
27.10.2025 10:16:44.596 UTC,1.39751,1.39739,0.0012,0.00225
27.10.2025 10:16:47.421 UTC,1.39751,1.39739,0.00324,0.0024
27.10.2025 10:16:49.082 UTC,1.39752,1.39738,0.00324,0.00285
27.10.2025 10:16:49.636 UTC,1.39752,1.39738,0.00324,0.0024
27.10.2025 10:16:49.848 UTC,1.39752,1.39739,0.00429,0.0033
27.10.2025 10:16:49.951 UTC,1.39753,1.39738,0.00414,0.0033
27.10.2025 10:16:50.003 UTC,1.39753,1.39738,0.00549,0.00315
27.10.2025 10:16:50.908 UTC,1.39753,1.39738,0.00504,0.0033
27.10.2025 10:16:51.060 UTC,1.39753,1.39738,0.00549,0.00315
27.10.2025 10:16:52.354 UTC,1.39753,1.39738,0.00549,0.0033
27.10.2025 10:16:52.606 UTC,1.39753,1.39738,0.00549,0.00315
27.10.2025 10:16:53.259 UTC,1.39753,1.39738,0.00549,0.0033
27.10.2025 10:16:53.661 UTC,1.39753,1.39738,0.00549,0.00315
27.10.2025 10:16:55.268 UTC,1.39752,1.39739,0.00549,0.0033
27.10.2025 10:16:56.373 UTC,1.39753,1.39738,0.00549,0.00315
27.10.2025 10:16:56.626 UTC,1.39753,1.39738,0.00549,0.0033
27.10.2025 10:16:57.481 UTC,1.39753,1.39738,0.00564,0.0033
27.10.2025 10:16:58.342 UTC,1.39752,1.39739,0.00519,0.00285
27.10.2025 10:16:58.394 UTC,1.39753,1.39738,0.00564,0.00225
27.10.2025 10:16:58.796 UTC,1.39753,1.39738,0.00564,0.0024
27.10.2025 10:16:59.301 UTC,1.39753,1.3974,0.0018,0.0012
27.10.2025 10:16:59.404 UTC,1.39754,1.3974,0.00339,0.0012
27.10.2025 10:16:59.506 UTC,1.39754,1.3974,0.00279,0.0012
27.10.2025 10:17:00.164 UTC,1.39753,1.39739,0.0012,0.0036
27.10.2025 10:17:00.572 UTC,1.39752,1.39738,0.00135,0.00135
27.10.2025 10:17:00.776 UTC,1.39752,1.39738,0.00135,0.0024
27.10.2025 10:17:02.568 UTC,1.39752,1.39738,0.0012,0.0024
27.10.2025 10:17:03.778 UTC,1.39753,1.39738,0.00369,0.0033
27.10.2025 10:17:08.454 UTC,1.39753,1.39738,0.00369,0.00315
27.10.2025 10:17:09.661 UTC,1.39752,1.39738,0.0012,0.00315
27.10.2025 10:17:09.763 UTC,1.39752,1.39738,0.0012,0.0033
27.10.2025 10:17:11.268 UTC,1.39753,1.39738,0.00369,0.0033
27.10.2025 10:17:12.372 UTC,1.39753,1.39738,0.00369,0.00315
27.10.2025 10:17:13.576 UTC,1.39752,1.39739,0.00369,0.0033
27.10.2025 10:17:14.875 UTC,1.39752,1.39739,0.00294,0.00315
27.10.2025 10:17:15.077 UTC,1.39753,1.39738,0.00279,0.0033
27.10.2025 10:17:15.682 UTC,1.39752,1.39739,0.00294,0.0033
27.10.2025 10:17:16.340 UTC,1.39751,1.39737,0.00204,0.00225
27.10.2025 10:17:16.444 UTC,1.39751,1.39737,0.00192,0.0024
27.10.2025 10:17:16.597 UTC,1.39751,1.39737,0.00204,0.00135
27.10.2025 10:17:16.850 UTC,1.39751,1.39737,0.00192,0.0018
27.10.2025 10:17:17.103 UTC,1.3975,1.39738,0.00204,0.00135
27.10.2025 10:17:17.255 UTC,1.39751,1.39737,0.00192,0.0018
27.10.2025 10:17:17.358 UTC,1.3975,1.39738,0.00204,0.00135
27.10.2025 10:17:20.531 UTC,1.39752,1.39737,0.00387,0.0018
27.10.2025 10:17:21.434 UTC,1.39751,1.39738,0.00387,0.00135
27.10.2025 10:17:22.138 UTC,1.39751,1.39738,0.00387,0.0018
27.10.2025 10:17:22.341 UTC,1.3975,1.39738,0.00192,0.00135
27.10.2025 10:17:22.545 UTC,1.39752,1.39737,0.00432,0.0018
27.10.2025 10:17:23.553 UTC,1.39751,1.39738,0.00477,0.00135
27.10.2025 10:17:23.958 UTC,1.39753,1.39739,0.00384,0.00135
27.10.2025 10:17:24.062 UTC,1.39753,1.3974,0.00132,0.0012
27.10.2025 10:17:24.216 UTC,1.39753,1.3974,0.00192,0.0012
27.10.2025 10:17:24.993 UTC,1.39754,1.3974,0.00324,0.00135
27.10.2025 10:17:25.098 UTC,1.39755,1.39743,0.00429,0.0012
27.10.2025 10:17:25.202 UTC,1.39757,1.39744,0.00234,0.0012
27.10.2025 10:17:26.112 UTC,1.39754,1.39743,0.00132,0.0012
27.10.2025 10:17:26.215 UTC,1.39754,1.39742,0.00132,0.0018
27.10.2025 10:17:30.906 UTC,1.39753,1.3974,0.00279,0.0012
27.10.2025 10:17:36.598 UTC,1.39754,1.3974,0.00324,0.0018
27.10.2025 10:17:36.701 UTC,1.39754,1.3974,0.00327,0.0018
27.10.2025 10:17:37.206 UTC,1.39754,1.3974,0.00462,0.00135
27.10.2025 10:17:38.468 UTC,1.39754,1.3974,0.00417,0.0018
27.10.2025 10:17:38.621 UTC,1.39754,1.3974,0.00462,0.00135
27.10.2025 10:17:41.137 UTC,1.39754,1.3974,0.00459,0.00135
27.10.2025 10:17:41.240 UTC,1.39754,1.3974,0.00372,0.00135
27.10.2025 10:17:44.662 UTC,1.39753,1.39738,0.00279,0.0033
27.10.2025 10:17:44.765 UTC,1.39751,1.39739,0.00279,0.0024
27.10.2025 10:17:52.074 UTC,1.39752,1.39738,0.00234,0.00225
27.10.2025 10:17:52.226 UTC,1.39752,1.39738,0.00189,0.0024
27.10.2025 10:17:57.248 UTC,1.39752,1.39738,0.00279,0.00225
27.10.2025 10:17:57.702 UTC,1.39751,1.39739,0.00189,0.0024
27.10.2025 10:17:59.116 UTC,1.39752,1.39738,0.00369,0.00225
27.10.2025 10:17:59.369 UTC,1.39751,1.39739,0.00324,0.0024
27.10.2025 10:17:59.572 UTC,1.39751,1.39737,0.00282,0.00315
27.10.2025 10:18:00.836 UTC,1.39751,1.39737,0.00342,0.0024
27.10.2025 10:18:01.738 UTC,1.39749,1.39735,0.00417,0.00225
27.10.2025 10:18:01.842 UTC,1.39749,1.39736,0.00567,0.0018
27.10.2025 10:18:01.999 UTC,1.39748,1.39735,0.00189,0.0018
27.10.2025 10:18:03.364 UTC,1.39747,1.39733,0.0012,0.00465
27.10.2025 10:18:07.788 UTC,1.39747,1.39734,0.0012,0.0018
27.10.2025 10:18:07.891 UTC,1.39747,1.39734,0.0012,0.00195
27.10.2025 10:18:08.095 UTC,1.39746,1.39735,0.0012,0.00135
27.10.2025 10:18:08.447 UTC,1.39746,1.39735,0.0012,0.00195
27.10.2025 10:18:09.100 UTC,1.39746,1.39735,0.0012,0.00135
27.10.2025 10:18:09.152 UTC,1.39746,1.39735,0.0012,0.00195
27.10.2025 10:18:09.253 UTC,1.39747,1.39734,0.0012,0.00135
27.10.2025 10:18:10.256 UTC,1.39747,1.39734,0.0012,0.0018
27.10.2025 10:18:10.458 UTC,1.39747,1.39734,0.0012,0.00135
27.10.2025 10:18:11.861 UTC,1.39746,1.39735,0.0012,0.00195
27.10.2025 10:18:12.015 UTC,1.39746,1.39736,0.0012,0.00225
27.10.2025 10:18:12.118 UTC,1.39746,1.39735,0.0012,0.0024
27.10.2025 10:18:12.221 UTC,1.39747,1.39735,0.0012,0.00135
27.10.2025 10:18:13.665 UTC,1.39746,1.39736,0.0012,0.0033
27.10.2025 10:18:14.169 UTC,1.39747,1.39735,0.0012,0.00315
27.10.2025 10:18:18.190 UTC,1.39747,1.39736,0.0012,0.00225
27.10.2025 10:18:23.007 UTC,1.39748,1.39735,0.0012,0.0018
27.10.2025 10:18:32.206 UTC,1.39748,1.39737,0.0012,0.00225
27.10.2025 10:18:32.310 UTC,1.3975,1.39737,0.0012,0.0024
27.10.2025 10:18:32.413 UTC,1.39751,1.39738,0.0012,0.00135
27.10.2025 10:18:37.241 UTC,1.39751,1.39738,0.0012,0.0024
27.10.2025 10:18:37.765 UTC,1.39751,1.39738,0.0012,0.00225
27.10.2025 10:18:38.920 UTC,1.39751,1.39738,0.0012,0.0024
27.10.2025 10:18:55.325 UTC,1.3975,1.39737,0.0012,0.0018
27.10.2025 10:18:55.482 UTC,1.39749,1.39736,0.0012,0.00195
27.10.2025 10:18:55.740 UTC,1.39749,1.39736,0.0012,0.00315
27.10.2025 10:18:55.842 UTC,1.39749,1.39736,0.0012,0.0033
27.10.2025 10:18:56.198 UTC,1.39749,1.39736,0.0012,0.00285
27.10.2025 10:18:56.754 UTC,1.39749,1.39737,0.0012,0.0012
27.10.2025 10:19:00.979 UTC,1.39748,1.39737,0.0012,0.00135
27.10.2025 10:19:01.082 UTC,1.39749,1.39737,0.0012,0.0018
27.10.2025 10:19:01.185 UTC,1.39749,1.39738,0.0012,0.0018
27.10.2025 10:19:01.288 UTC,1.3975,1.39738,0.0012,0.0018
27.10.2025 10:19:06.038 UTC,1.3975,1.39737,0.0012,0.0033
27.10.2025 10:19:07.098 UTC,1.39749,1.39739,0.0012,0.0018
27.10.2025 10:19:10.619 UTC,1.3975,1.39737,0.0012,0.0033
27.10.2025 10:19:11.528 UTC,1.3975,1.39738,0.0012,0.0018
27.10.2025 10:19:12.742 UTC,1.39751,1.39739,0.0012,0.00135
27.10.2025 10:19:16.952 UTC,1.39753,1.3974,0.00135,0.00135
27.10.2025 10:19:17.565 UTC,1.39753,1.3974,0.0012,0.0024
27.10.2025 10:19:17.819 UTC,1.39752,1.39741,0.0012,0.00225
27.10.2025 10:19:19.085 UTC,1.39751,1.39738,0.0012,0.00285
27.10.2025 10:19:26.544 UTC,1.3975,1.39739,0.0012,0.00225
27.10.2025 10:19:26.800 UTC,1.3975,1.39739,0.0012,0.0024
27.10.2025 10:19:28.154 UTC,1.3975,1.39739,0.0012,0.00225
27.10.2025 10:19:29.010 UTC,1.3975,1.39737,0.00132,0.0027
27.10.2025 10:19:29.114 UTC,1.39749,1.39737,0.00369,0.0012
27.10.2025 10:19:29.217 UTC,1.39748,1.39736,0.00144,0.00405
27.10.2025 10:19:29.322 UTC,1.39747,1.39736,0.00132,0.00135
27.10.2025 10:19:36.549 UTC,1.39742,1.39733,0.0012,0.0012
27.10.2025 10:19:36.704 UTC,1.39743,1.39729,0.0018,0.00189
27.10.2025 10:19:36.960 UTC,1.39742,1.39728,0.0012,0.00405
27.10.2025 10:19:37.063 UTC,1.39742,1.39729,0.0012,0.0012
27.10.2025 10:19:37.164 UTC,1.39742,1.39728,0.0012,0.00405
27.10.2025 10:19:37.620 UTC,1.39742,1.39729,0.0012,0.0012
27.10.2025 10:19:38.176 UTC,1.39742,1.39728,0.0012,0.00315
27.10.2025 10:19:39.433 UTC,1.39742,1.39729,0.0012,0.0012
27.10.2025 10:19:39.939 UTC,1.39742,1.39728,0.0012,0.00225
27.10.2025 10:19:40.042 UTC,1.39741,1.3973,0.0012,0.0012
27.10.2025 10:19:40.945 UTC,1.39742,1.39728,0.0012,0.00225
27.10.2025 10:19:41.047 UTC,1.39742,1.39729,0.0012,0.0012
27.10.2025 10:19:42.053 UTC,1.39741,1.39729,0.0012,0.00225
27.10.2025 10:19:44.573 UTC,1.39742,1.39729,0.0012,0.0012
27.10.2025 10:19:45.793 UTC,1.39741,1.39729,0.0012,0.00225
27.10.2025 10:19:46.097 UTC,1.39742,1.39728,0.0012,0.0024
27.10.2025 10:19:49.842 UTC,1.39742,1.39729,0.0012,0.0018
27.10.2025 10:19:50.097 UTC,1.39742,1.39733,0.0012,0.0024
27.10.2025 10:19:50.200 UTC,1.39746,1.39734,0.00135,0.00225
27.10.2025 10:19:56.603 UTC,1.39745,1.39733,0.0012,0.00285
27.10.2025 10:19:57.309 UTC,1.39746,1.39732,0.0012,0.00225
27.10.2025 10:19:57.563 UTC,1.39744,1.39732,0.0018,0.00135
27.10.2025 10:19:57.615 UTC,1.39743,1.39731,0.0012,0.00135
27.10.2025 10:19:57.720 UTC,1.39742,1.39731,0.0012,0.0012
27.10.2025 10:19:57.822 UTC,1.39741,1.39728,0.0012,0.0018
27.10.2025 10:19:57.977 UTC,1.39741,1.39728,0.0012,0.0024
27.10.2025 10:20:02.961 UTC,1.39741,1.39728,0.0012,0.00195
27.10.2025 10:20:03.065 UTC,1.39741,1.39729,0.0012,0.0012
27.10.2025 10:20:03.169 UTC,1.39741,1.39728,0.0012,0.00375
27.10.2025 10:20:04.431 UTC,1.39741,1.39728,0.0012,0.00285
27.10.2025 10:20:04.583 UTC,1.3974,1.39729,0.0012,0.0033
27.10.2025 10:20:05.087 UTC,1.39741,1.39729,0.0012,0.0018
27.10.2025 10:20:09.433 UTC,1.39741,1.39729,0.0012,0.00195
27.10.2025 10:20:09.785 UTC,1.39741,1.39729,0.0012,0.0024
27.10.2025 10:20:10.340 UTC,1.39741,1.39729,0.0012,0.00195
27.10.2025 10:20:12.454 UTC,1.39741,1.39728,0.0012,0.0024
27.10.2025 10:20:14.270 UTC,1.39741,1.39728,0.0012,0.00195
27.10.2025 10:20:14.372 UTC,1.39741,1.39728,0.0012,0.0018
27.10.2025 10:20:18.003 UTC,1.39741,1.39728,0.0012,0.0012
27.10.2025 10:20:18.208 UTC,1.3974,1.39728,0.0012,0.00294
27.10.2025 10:20:20.966 UTC,1.39742,1.39727,0.00225,0.00339
27.10.2025 10:20:25.737 UTC,1.39739,1.39727,0.00189,0.00195
27.10.2025 10:20:25.842 UTC,1.39738,1.39726,0.0012,0.00195
27.10.2025 10:20:25.946 UTC,1.39739,1.39727,0.0012,0.0012
27.10.2025 10:20:28.566 UTC,1.39739,1.39727,0.0012,0.0024
27.10.2025 10:20:28.769 UTC,1.39739,1.39727,0.0012,0.00225
27.10.2025 10:20:30.242 UTC,1.39738,1.39728,0.0012,0.0018
27.10.2025 10:20:31.096 UTC,1.39739,1.39726,0.0012,0.0024
27.10.2025 10:20:34.013 UTC,1.39739,1.39726,0.0012,0.00225
27.10.2025 10:20:36.078 UTC,1.39739,1.39727,0.0012,0.0012
27.10.2025 10:20:37.388 UTC,1.39739,1.39727,0.0012,0.0024
27.10.2025 10:20:38.000 UTC,1.3974,1.39727,0.0012,0.0024
27.10.2025 10:20:40.673 UTC,1.3974,1.39727,0.0012,0.00225
27.10.2025 10:20:41.726 UTC,1.39739,1.39728,0.0012,0.0024
27.10.2025 10:20:41.930 UTC,1.39739,1.39729,0.0012,0.0018
27.10.2025 10:20:42.084 UTC,1.39739,1.39729,0.0012,0.00135
27.10.2025 10:20:42.336 UTC,1.3974,1.39728,0.0012,0.0018
27.10.2025 10:20:42.939 UTC,1.39739,1.39729,0.0012,0.00135
27.10.2025 10:20:43.291 UTC,1.3974,1.39728,0.0012,0.0018
27.10.2025 10:20:43.743 UTC,1.39739,1.39729,0.0012,0.0012
27.10.2025 10:20:44.345 UTC,1.3974,1.39728,0.0012,0.0018
27.10.2025 10:20:47.009 UTC,1.3974,1.39727,0.0012,0.0024
27.10.2025 10:20:47.614 UTC,1.3974,1.39728,0.0012,0.00135
27.10.2025 10:20:49.071 UTC,1.3974,1.39728,0.0012,0.0018
27.10.2025 10:20:49.475 UTC,1.3974,1.39727,0.0012,0.0024
27.10.2025 10:20:49.982 UTC,1.39739,1.39728,0.0012,0.00225
27.10.2025 10:20:50.384 UTC,1.3974,1.39727,0.0012,0.0024
27.10.2025 10:20:52.997 UTC,1.3974,1.39727,0.0012,0.00135
27.10.2025 10:20:53.525 UTC,1.3974,1.39727,0.0012,0.0024
27.10.2025 10:20:53.827 UTC,1.3974,1.39727,0.0012,0.00225
27.10.2025 10:20:54.480 UTC,1.39739,1.39728,0.0012,0.0024
27.10.2025 10:20:55.788 UTC,1.39739,1.39728,0.0012,0.00135
27.10.2025 10:20:59.105 UTC,1.3974,1.39727,0.0012,0.0024
27.10.2025 10:20:59.814 UTC,1.39739,1.39728,0.0012,0.00195
27.10.2025 10:21:00.821 UTC,1.39742,1.39728,0.00234,0.0012
27.10.2025 10:21:00.927 UTC,1.39742,1.39728,0.0012,0.0024
27.10.2025 10:21:01.032 UTC,1.39743,1.39729,0.00189,0.00135
27.10.2025 10:21:02.043 UTC,1.39743,1.39728,0.00234,0.0033
27.10.2025 10:21:02.146 UTC,1.39743,1.39728,0.00234,0.00315
27.10.2025 10:21:03.025 UTC,1.39743,1.39728,0.00234,0.0024
27.10.2025 10:21:04.082 UTC,1.39743,1.39728,0.00234,0.00195
27.10.2025 10:21:06.640 UTC,1.39743,1.39728,0.00279,0.0024
27.10.2025 10:21:07.547 UTC,1.39742,1.39728,0.0012,0.0018
27.10.2025 10:21:08.051 UTC,1.39741,1.39729,0.0012,0.0018
27.10.2025 10:21:10.714 UTC,1.39742,1.39728,0.0012,0.0018
27.10.2025 10:21:10.917 UTC,1.39742,1.39728,0.0012,0.00135
27.10.2025 10:21:11.269 UTC,1.39742,1.39728,0.0012,0.0018
27.10.2025 10:21:12.932 UTC,1.39742,1.39728,0.0018,0.0012
27.10.2025 10:21:13.084 UTC,1.39742,1.39728,0.0018,0.0018
27.10.2025 10:21:15.085 UTC,1.39741,1.39729,0.0018,0.0018
27.10.2025 10:21:17.396 UTC,1.39741,1.39729,0.00315,0.0012
27.10.2025 10:21:17.500 UTC,1.39742,1.39728,0.00234,0.0018
27.10.2025 10:21:19.867 UTC,1.3974,1.39726,0.00189,0.0024
27.10.2025 10:21:19.973 UTC,1.3974,1.39726,0.00144,0.00225
27.10.2025 10:21:20.075 UTC,1.39738,1.39727,0.0012,0.00135
27.10.2025 10:21:20.228 UTC,1.39738,1.39727,0.0012,0.0018
27.10.2025 10:21:20.330 UTC,1.3974,1.39726,0.00234,0.0024
27.10.2025 10:21:20.486 UTC,1.3974,1.39727,0.0018,0.0018
27.10.2025 10:21:21.094 UTC,1.3974,1.39727,0.0012,0.00135
27.10.2025 10:21:21.548 UTC,1.3974,1.39727,0.0012,0.0018
27.10.2025 10:21:21.902 UTC,1.39739,1.39728,0.0012,0.00135
27.10.2025 10:21:22.359 UTC,1.39738,1.39727,0.0012,0.00225
27.10.2025 10:21:22.462 UTC,1.39738,1.39727,0.0012,0.0018
27.10.2025 10:21:23.173 UTC,1.39739,1.39727,0.00189,0.0024
27.10.2025 10:21:25.609 UTC,1.3974,1.39726,0.0018,0.00225
27.10.2025 10:21:25.964 UTC,1.3974,1.39726,0.0012,0.0033
27.10.2025 10:21:27.728 UTC,1.39739,1.39727,0.00189,0.00285
27.10.2025 10:21:27.831 UTC,1.3974,1.39726,0.00189,0.0033
27.10.2025 10:21:30.347 UTC,1.3974,1.39727,0.0012,0.0018
27.10.2025 10:21:30.450 UTC,1.39741,1.39727,0.00132,0.0033
27.10.2025 10:21:31.513 UTC,1.39741,1.39727,0.00192,0.00195
27.10.2025 10:21:31.616 UTC,1.39741,1.39727,0.00192,0.0018
27.10.2025 10:21:32.371 UTC,1.39741,1.39727,0.00132,0.00225
27.10.2025 10:21:33.225 UTC,1.3974,1.39728,0.00132,0.0018
27.10.2025 10:21:33.782 UTC,1.39741,1.39727,0.00147,0.00135
27.10.2025 10:21:50.127 UTC,1.39739,1.39727,0.00234,0.0012
27.10.2025 10:21:50.179 UTC,1.39738,1.39725,0.00132,0.00135
27.10.2025 10:21:54.159 UTC,1.39739,1.39727,0.00249,0.0018
27.10.2025 10:21:54.263 UTC,1.39741,1.39727,0.00294,0.00135
27.10.2025 10:21:54.365 UTC,1.39741,1.39727,0.00279,0.00135
27.10.2025 10:21:54.620 UTC,1.3974,1.39729,0.00135,0.00135
27.10.2025 10:21:54.727 UTC,1.39744,1.39729,0.00339,0.00225
27.10.2025 10:21:54.831 UTC,1.39744,1.39729,0.00324,0.00315
27.10.2025 10:21:54.934 UTC,1.39743,1.39729,0.00132,0.00225
27.10.2025 10:21:55.037 UTC,1.39742,1.39729,0.00135,0.0012
27.10.2025 10:21:56.954 UTC,1.39742,1.3973,0.00132,0.00315
27.10.2025 10:21:57.057 UTC,1.39742,1.3973,0.00132,0.0033
27.10.2025 10:21:58.080 UTC,1.39742,1.3973,0.00132,0.00315
27.10.2025 10:22:02.048 UTC,1.39742,1.3973,0.00132,0.0033
27.10.2025 10:22:02.150 UTC,1.39743,1.39729,0.00132,0.00315
27.10.2025 10:22:02.252 UTC,1.39742,1.3973,0.00132,0.0024
27.10.2025 10:22:02.907 UTC,1.39743,1.39729,0.00132,0.00225
27.10.2025 10:22:03.919 UTC,1.39744,1.39729,0.00234,0.0033
27.10.2025 10:22:04.177 UTC,1.39743,1.39731,0.0012,0.0012
27.10.2025 10:22:04.280 UTC,1.39743,1.3973,0.00132,0.00225
27.10.2025 10:22:08.209 UTC,1.39744,1.39731,0.0024,0.00192
27.10.2025 10:22:08.315 UTC,1.39744,1.39734,0.0012,0.0018
27.10.2025 10:22:08.367 UTC,1.39748,1.39734,0.00237,0.0018
27.10.2025 10:22:08.471 UTC,1.39749,1.39735,0.00132,0.00225
27.10.2025 10:22:08.523 UTC,1.39749,1.39737,0.0012,0.00225
27.10.2025 10:22:08.627 UTC,1.39752,1.39739,0.00192,0.0012
27.10.2025 10:22:08.730 UTC,1.39752,1.39739,0.00144,0.0012
27.10.2025 10:22:30.829 UTC,1.39751,1.39739,0.00144,0.0012
27.10.2025 10:22:36.736 UTC,1.39748,1.39738,0.00132,0.0012
27.10.2025 10:22:36.788 UTC,1.39747,1.39737,0.00132,0.0012
27.10.2025 10:22:36.942 UTC,1.39748,1.39735,0.00144,0.0012
27.10.2025 10:22:41.093 UTC,1.3975,1.39737,0.0018,0.00135
27.10.2025 10:22:41.198 UTC,1.3975,1.39738,0.00234,0.00135
27.10.2025 10:22:41.304 UTC,1.39752,1.39739,0.0024,0.00135
27.10.2025 10:22:41.407 UTC,1.39752,1.39739,0.00135,0.00135
27.10.2025 10:22:49.143 UTC,1.39752,1.3974,0.00234,0.0012
27.10.2025 10:22:49.247 UTC,1.39754,1.3974,0.00249,0.0012
27.10.2025 10:22:49.350 UTC,1.39753,1.39741,0.00189,0.0012
27.10.2025 10:22:51.174 UTC,1.39753,1.39741,0.00132,0.0012
27.10.2025 10:22:56.823 UTC,1.39753,1.39741,0.00234,0.0012
27.10.2025 10:22:56.927 UTC,1.39755,1.3974,0.00132,0.0024
27.10.2025 10:22:57.384 UTC,1.39756,1.39743,0.0012,0.00135
27.10.2025 10:22:57.488 UTC,1.39756,1.39743,0.00147,0.0012
27.10.2025 10:22:57.540 UTC,1.39755,1.39741,0.00189,0.00135
27.10.2025 10:22:57.643 UTC,1.39755,1.39741,0.00192,0.00135
27.10.2025 10:22:57.747 UTC,1.39755,1.39743,0.00249,0.00135
27.10.2025 10:23:00.230 UTC,1.39753,1.39742,0.00189,0.00135
27.10.2025 10:23:01.273 UTC,1.39752,1.39741,0.00132,0.00135
27.10.2025 10:23:12.292 UTC,1.39753,1.3974,0.00192,0.0012
27.10.2025 10:23:13.206 UTC,1.39753,1.3974,0.00144,0.0012
27.10.2025 10:23:22.210 UTC,1.3975,1.3974,0.0012,0.0012
27.10.2025 10:23:27.050 UTC,1.3975,1.3974,0.0012,0.0018
27.10.2025 10:23:27.204 UTC,1.39751,1.3974,0.0012,0.0018
27.10.2025 10:23:27.409 UTC,1.3975,1.39741,0.0012,0.00135
27.10.2025 10:23:28.366 UTC,1.39749,1.39741,0.0012,0.00135
27.10.2025 10:23:34.849 UTC,1.39749,1.39741,0.0012,0.0018
27.10.2025 10:23:34.978 UTC,1.39751,1.3974,0.0012,0.0018
27.10.2025 10:23:36.109 UTC,1.3975,1.39741,0.0012,0.00135
27.10.2025 10:23:37.166 UTC,1.39753,1.3974,0.00132,0.00135
27.10.2025 10:23:37.268 UTC,1.39752,1.39741,0.00189,0.0018
27.10.2025 10:23:37.620 UTC,1.39753,1.3974,0.00132,0.00135
27.10.2025 10:23:37.874 UTC,1.39753,1.3974,0.00132,0.0018
27.10.2025 10:23:39.186 UTC,1.39752,1.39741,0.00132,0.00135
27.10.2025 10:23:40.898 UTC,1.39753,1.3974,0.00132,0.0018
27.10.2025 10:23:42.459 UTC,1.39753,1.3974,0.00132,0.00135
27.10.2025 10:23:42.611 UTC,1.39753,1.3974,0.00132,0.0018
27.10.2025 10:23:42.814 UTC,1.39752,1.39741,0.00132,0.0012
27.10.2025 10:23:42.918 UTC,1.39753,1.3974,0.00237,0.0012
27.10.2025 10:23:43.474 UTC,1.39752,1.39741,0.00279,0.0012
27.10.2025 10:23:52.507 UTC,1.39753,1.3974,0.00135,0.0018
27.10.2025 10:23:52.611 UTC,1.39753,1.3974,0.00192,0.0012
27.10.2025 10:23:55.565 UTC,1.39752,1.39741,0.00234,0.00135
27.10.2025 10:23:56.728 UTC,1.39754,1.39741,0.0033,0.00135
27.10.2025 10:23:56.780 UTC,1.39756,1.39743,0.0018,0.0012
27.10.2025 10:23:57.893 UTC,1.39757,1.39743,0.00234,0.0018
27.10.2025 10:23:58.146 UTC,1.39755,1.39744,0.00144,0.0012
27.10.2025 10:23:59.608 UTC,1.39755,1.39742,0.00372,0.0012
27.10.2025 10:24:00.018 UTC,1.39754,1.39741,0.00132,0.0012
27.10.2025 10:24:06.246 UTC,1.39753,1.39741,0.0012,0.00135
27.10.2025 10:24:06.958 UTC,1.39754,1.3974,0.00279,0.00135
27.10.2025 10:24:09.778 UTC,1.39753,1.39741,0.00279,0.0018
27.10.2025 10:24:10.082 UTC,1.39753,1.39739,0.0018,0.00339
27.10.2025 10:24:11.293 UTC,1.39752,1.39741,0.0018,0.0018
27.10.2025 10:24:12.501 UTC,1.39752,1.39739,0.00132,0.00225
27.10.2025 10:24:12.758 UTC,1.39752,1.3974,0.0027,0.0018
27.10.2025 10:24:12.911 UTC,1.39753,1.39739,0.0027,0.00135
27.10.2025 10:24:14.375 UTC,1.39753,1.39739,0.0027,0.0018
27.10.2025 10:24:14.478 UTC,1.39753,1.39739,0.00315,0.00135
27.10.2025 10:24:16.928 UTC,1.39751,1.3974,0.0012,0.0018
27.10.2025 10:24:17.281 UTC,1.39752,1.3974,0.0018,0.0018
27.10.2025 10:24:17.435 UTC,1.39753,1.39739,0.0018,0.00135
27.10.2025 10:24:19.842 UTC,1.39752,1.3974,0.0012,0.0018
27.10.2025 10:24:22.101 UTC,1.39753,1.39739,0.00225,0.00135
27.10.2025 10:24:26.874 UTC,1.39754,1.39739,0.00459,0.00135
27.10.2025 10:24:27.277 UTC,1.39753,1.3974,0.00459,0.0018
27.10.2025 10:24:30.981 UTC,1.39753,1.3974,0.00384,0.00135
27.10.2025 10:24:31.186 UTC,1.39753,1.3974,0.00369,0.0018
27.10.2025 10:24:31.589 UTC,1.39753,1.3974,0.00369,0.00135
27.10.2025 10:24:31.641 UTC,1.39754,1.39742,0.00249,0.0018
27.10.2025 10:24:31.748 UTC,1.39755,1.39744,0.0018,0.00135
27.10.2025 10:24:31.800 UTC,1.39756,1.39744,0.0012,0.0012
27.10.2025 10:24:31.904 UTC,1.39757,1.39745,0.00192,0.0012
27.10.2025 10:24:32.868 UTC,1.39756,1.39744,0.0012,0.00135
27.10.2025 10:24:32.971 UTC,1.39755,1.39744,0.0012,0.00135
27.10.2025 10:24:33.628 UTC,1.39757,1.39743,0.00225,0.0018
27.10.2025 10:24:33.880 UTC,1.39756,1.39743,0.0012,0.0018
27.10.2025 10:24:34.483 UTC,1.39757,1.39743,0.00225,0.0018
27.10.2025 10:24:35.137 UTC,1.39756,1.39744,0.0027,0.00135
27.10.2025 10:24:35.290 UTC,1.39755,1.39742,0.0012,0.00135
27.10.2025 10:24:35.393 UTC,1.39757,1.39743,0.0036,0.00135
27.10.2025 10:24:36.409 UTC,1.39756,1.39744,0.00225,0.0024
27.10.2025 10:24:40.585 UTC,1.39757,1.39743,0.00249,0.00135
27.10.2025 10:24:40.689 UTC,1.39758,1.39744,0.0018,0.0018
27.10.2025 10:24:40.742 UTC,1.39758,1.39745,0.00135,0.0024
27.10.2025 10:24:41.000 UTC,1.39759,1.39746,0.00144,0.00135
27.10.2025 10:24:42.161 UTC,1.39755,1.39747,0.0012,0.00135
27.10.2025 10:24:42.717 UTC,1.39756,1.39745,0.0012,0.0012
27.10.2025 10:24:42.821 UTC,1.39755,1.39745,0.0012,0.0012
27.10.2025 10:24:48.303 UTC,1.39754,1.39745,0.0012,0.00135
27.10.2025 10:24:48.407 UTC,1.39752,1.39744,0.0012,0.0012
27.10.2025 10:24:49.779 UTC,1.39754,1.39743,0.0012,0.0018
27.10.2025 10:24:49.882 UTC,1.39754,1.39743,0.0012,0.00135
27.10.2025 10:24:50.337 UTC,1.39754,1.39743,0.0012,0.0018
27.10.2025 10:24:51.445 UTC,1.39754,1.39746,0.00135,0.00135
27.10.2025 10:24:52.111 UTC,1.39756,1.39745,0.0012,0.0018
27.10.2025 10:24:52.261 UTC,1.39756,1.39745,0.0012,0.00135
27.10.2025 10:24:52.364 UTC,1.39754,1.39746,0.0012,0.00135
27.10.2025 10:24:52.469 UTC,1.39756,1.39746,0.0012,0.00135
27.10.2025 10:24:52.675 UTC,1.39755,1.39745,0.0012,0.00135
27.10.2025 10:24:52.779 UTC,1.39756,1.39745,0.0012,0.00135
27.10.2025 10:24:52.933 UTC,1.39756,1.39746,0.0012,0.0012
27.10.2025 10:24:54.447 UTC,1.39756,1.39747,0.0012,0.00225
27.10.2025 10:24:55.156 UTC,1.39756,1.39747,0.0012,0.0024
27.10.2025 10:24:55.260 UTC,1.39758,1.39748,0.0012,0.0012
27.10.2025 10:24:55.363 UTC,1.39758,1.3975,0.00135,0.00135
27.10.2025 10:25:00.695 UTC,1.3976,1.3975,0.0018,0.00135
27.10.2025 10:25:06.763 UTC,1.39763,1.3975,0.00189,0.0012
27.10.2025 10:25:07.067 UTC,1.39762,1.3975,0.00135,0.0012
27.10.2025 10:25:22.730 UTC,1.39761,1.39751,0.0018,0.0012
27.10.2025 10:25:24.224 UTC,1.39763,1.3975,0.00249,0.00135
27.10.2025 10:25:35.812 UTC,1.39763,1.3975,0.00192,0.0018
27.10.2025 10:25:36.067 UTC,1.39762,1.39751,0.00249,0.00135
27.10.2025 10:25:36.470 UTC,1.39763,1.3975,0.00132,0.0012
27.10.2025 10:25:48.399 UTC,1.39764,1.3975,0.00342,0.0018
27.10.2025 10:25:48.501 UTC,1.39763,1.3975,0.00192,0.0012
27.10.2025 10:25:51.382 UTC,1.39763,1.3975,0.00204,0.0012
27.10.2025 10:25:59.613 UTC,1.39763,1.39751,0.00429,0.0018
27.10.2025 10:25:59.716 UTC,1.39764,1.3975,0.00369,0.00135
27.10.2025 10:26:00.123 UTC,1.39764,1.39751,0.00189,0.0012
27.10.2025 10:26:01.644 UTC,1.39765,1.39754,0.0018,0.00132
27.10.2025 10:26:01.748 UTC,1.39766,1.39758,0.0012,0.0012
27.10.2025 10:26:01.800 UTC,1.39769,1.39757,0.00132,0.0012
27.10.2025 10:26:01.903 UTC,1.39769,1.39758,0.00144,0.0012
27.10.2025 10:26:02.006 UTC,1.39768,1.39758,0.00135,0.0012
27.10.2025 10:26:09.620 UTC,1.3977,1.39757,0.00192,0.0012
27.10.2025 10:26:31.716 UTC,1.39768,1.39757,0.00192,0.00135
27.10.2025 10:26:33.032 UTC,1.39769,1.39756,0.00192,0.00135
27.10.2025 10:26:36.112 UTC,1.3977,1.39757,0.00249,0.00135
27.10.2025 10:26:36.214 UTC,1.39769,1.39758,0.00192,0.00135
27.10.2025 10:26:38.150 UTC,1.39771,1.39757,0.00192,0.0018
27.10.2025 10:26:38.254 UTC,1.39772,1.39758,0.00135,0.00249
27.10.2025 10:26:38.356 UTC,1.39772,1.3976,0.00144,0.0012
27.10.2025 10:26:38.459 UTC,1.39773,1.3976,0.00249,0.0012
27.10.2025 10:26:57.338 UTC,1.39774,1.3976,0.00249,0.0012
27.10.2025 10:26:57.441 UTC,1.39774,1.39762,0.00249,0.0012
27.10.2025 10:27:00.702 UTC,1.39774,1.39761,0.00135,0.0012
27.10.2025 10:27:00.804 UTC,1.39773,1.39762,0.0018,0.00135
27.10.2025 10:27:03.379 UTC,1.39775,1.39762,0.00477,0.0018
27.10.2025 10:27:03.834 UTC,1.39775,1.39761,0.00204,0.00135
27.10.2025 10:27:07.907 UTC,1.39774,1.3976,0.00189,0.00135
27.10.2025 10:27:07.959 UTC,1.39772,1.3976,0.0012,0.00135
27.10.2025 10:27:18.300 UTC,1.39774,1.3976,0.00249,0.0018
27.10.2025 10:27:19.256 UTC,1.39774,1.3976,0.00294,0.00135
27.10.2025 10:27:19.359 UTC,1.39774,1.3976,0.00249,0.0018
27.10.2025 10:27:20.014 UTC,1.39773,1.39761,0.00384,0.00135
27.10.2025 10:27:21.490 UTC,1.39773,1.39761,0.00249,0.0018
27.10.2025 10:27:21.592 UTC,1.39773,1.39761,0.00294,0.00135
27.10.2025 10:27:29.970 UTC,1.3977,1.39761,0.00135,0.0012
27.10.2025 10:27:30.076 UTC,1.39771,1.39759,0.0018,0.00135
27.10.2025 10:27:30.331 UTC,1.39773,1.39759,0.00192,0.00135
27.10.2025 10:27:30.435 UTC,1.39772,1.39761,0.0018,0.0012
27.10.2025 10:27:36.193 UTC,1.39775,1.39761,0.00429,0.0012
27.10.2025 10:27:36.803 UTC,1.39774,1.39761,0.00135,0.00135
27.10.2025 10:27:37.008 UTC,1.39773,1.39761,0.0012,0.0012
27.10.2025 10:27:37.111 UTC,1.39773,1.3976,0.0012,0.0012
27.10.2025 10:27:37.366 UTC,1.39774,1.3976,0.00384,0.0012
27.10.2025 10:27:40.691 UTC,1.39773,1.39761,0.00249,0.0018
27.10.2025 10:27:40.793 UTC,1.39772,1.39761,0.0018,0.00135
27.10.2025 10:27:41.705 UTC,1.39774,1.3976,0.00249,0.0018
27.10.2025 10:27:42.159 UTC,1.39773,1.39761,0.00294,0.00135
27.10.2025 10:27:42.312 UTC,1.39774,1.3976,0.00249,0.0018
27.10.2025 10:27:42.716 UTC,1.39774,1.3976,0.00294,0.00135
27.10.2025 10:27:49.639 UTC,1.39774,1.3976,0.00339,0.0018
27.10.2025 10:27:49.790 UTC,1.39774,1.3976,0.00294,0.00135
27.10.2025 10:27:49.893 UTC,1.39774,1.3976,0.00192,0.0018
27.10.2025 10:27:50.247 UTC,1.39774,1.3976,0.00204,0.00135
27.10.2025 10:27:51.357 UTC,1.39774,1.3976,0.00192,0.0018
27.10.2025 10:27:52.264 UTC,1.39774,1.3976,0.00195,0.00144
27.10.2025 10:27:52.366 UTC,1.39774,1.3976,0.0018,0.00192
27.10.2025 10:27:56.289 UTC,1.39774,1.3976,0.00384,0.00135
27.10.2025 10:27:56.544 UTC,1.39774,1.3976,0.00339,0.0018
27.10.2025 10:27:56.746 UTC,1.39774,1.3976,0.00384,0.00135
27.10.2025 10:27:57.147 UTC,1.39773,1.3976,0.00195,0.0012
27.10.2025 10:28:02.294 UTC,1.39774,1.39761,0.0018,0.00135
27.10.2025 10:28:02.398 UTC,1.39774,1.39761,0.00135,0.00135
27.10.2025 10:28:02.602 UTC,1.39774,1.39761,0.0024,0.00135
27.10.2025 10:28:03.360 UTC,1.39774,1.39761,0.0018,0.0018
27.10.2025 10:28:03.463 UTC,1.39774,1.39762,0.00294,0.00135
27.10.2025 10:28:03.618 UTC,1.39778,1.39765,0.00181,0.0012
27.10.2025 10:28:03.721 UTC,1.39776,1.39768,0.0018,0.0012
27.10.2025 10:28:03.773 UTC,1.39778,1.39765,0.00249,0.0012
27.10.2025 10:28:03.877 UTC,1.39778,1.39765,0.00192,0.0012
27.10.2025 10:28:08.373 UTC,1.39773,1.39764,0.0012,0.0012
27.10.2025 10:28:08.476 UTC,1.39774,1.39763,0.00249,0.0012
27.10.2025 10:28:08.579 UTC,1.39773,1.3976,0.00225,0.00132
27.10.2025 10:28:08.682 UTC,1.39773,1.3976,0.0024,0.00132
27.10.2025 10:28:12.719 UTC,1.39774,1.39761,0.0024,0.00144
27.10.2025 10:28:12.822 UTC,1.39775,1.39761,0.00249,0.00144
27.10.2025 10:28:14.136 UTC,1.39773,1.39763,0.0018,0.0012
27.10.2025 10:28:15.097 UTC,1.39774,1.39763,0.0012,0.0012
27.10.2025 10:28:15.150 UTC,1.39777,1.39764,0.00225,0.0012
27.10.2025 10:28:15.254 UTC,1.39776,1.39764,0.00234,0.0012
27.10.2025 10:28:15.710 UTC,1.39776,1.39763,0.00234,0.0012
27.10.2025 10:28:16.166 UTC,1.39775,1.39763,0.0012,0.0018
27.10.2025 10:28:16.419 UTC,1.39776,1.39763,0.00234,0.0018
27.10.2025 10:28:16.975 UTC,1.39775,1.39766,0.0012,0.0012
27.10.2025 10:28:17.079 UTC,1.39775,1.39765,0.00189,0.00135
27.10.2025 10:28:17.182 UTC,1.39776,1.39763,0.00279,0.0012
27.10.2025 10:28:18.904 UTC,1.39774,1.39764,0.0012,0.00225
27.10.2025 10:28:19.057 UTC,1.39776,1.39763,0.00279,0.0018
27.10.2025 10:28:19.459 UTC,1.39775,1.39763,0.0012,0.0018
27.10.2025 10:28:19.565 UTC,1.39773,1.39763,0.0018,0.0012
27.10.2025 10:28:24.001 UTC,1.39775,1.39762,0.00234,0.0012
27.10.2025 10:28:25.611 UTC,1.39774,1.39762,0.0012,0.0012
27.10.2025 10:28:25.765 UTC,1.39774,1.39761,0.0012,0.00135
27.10.2025 10:28:29.086 UTC,1.39773,1.39761,0.0012,0.00135
27.10.2025 10:28:29.289 UTC,1.39774,1.39761,0.0018,0.00135
27.10.2025 10:28:29.893 UTC,1.39774,1.39762,0.00324,0.00135
27.10.2025 10:28:30.599 UTC,1.39774,1.39763,0.00279,0.0012
27.10.2025 10:28:34.041 UTC,1.39773,1.39761,0.0012,0.0012
27.10.2025 10:28:34.144 UTC,1.39773,1.3976,0.00135,0.00234
27.10.2025 10:28:34.603 UTC,1.39774,1.3976,0.0036,0.00225
27.10.2025 10:28:35.559 UTC,1.39774,1.3976,0.00375,0.0018
27.10.2025 10:28:35.762 UTC,1.39774,1.3976,0.0036,0.00225
27.10.2025 10:28:37.523 UTC,1.39773,1.3976,0.00135,0.00225
27.10.2025 10:28:39.282 UTC,1.39773,1.39761,0.0012,0.0012
27.10.2025 10:28:40.745 UTC,1.39773,1.39762,0.0036,0.0012
27.10.2025 10:28:42.685 UTC,1.39773,1.39763,0.00135,0.00132
27.10.2025 10:28:42.840 UTC,1.39775,1.39763,0.0018,0.00234
27.10.2025 10:28:42.942 UTC,1.39776,1.39763,0.0018,0.0012
27.10.2025 10:28:43.348 UTC,1.39775,1.39763,0.00132,0.0012
27.10.2025 10:28:44.052 UTC,1.39776,1.39762,0.00147,0.00225
27.10.2025 10:28:47.367 UTC,1.39775,1.39763,0.00135,0.00225
27.10.2025 10:28:49.082 UTC,1.39775,1.39763,0.0012,0.0018
27.10.2025 10:28:49.386 UTC,1.39775,1.39763,0.00225,0.00135
27.10.2025 10:28:49.539 UTC,1.39776,1.39762,0.0018,0.0018
27.10.2025 10:28:50.098 UTC,1.39777,1.39762,0.00369,0.0018
27.10.2025 10:28:50.199 UTC,1.39775,1.39763,0.0012,0.0018
27.10.2025 10:28:50.301 UTC,1.39777,1.39762,0.00369,0.0018
27.10.2025 10:28:50.653 UTC,1.39776,1.39762,0.0012,0.0018
27.10.2025 10:28:51.207 UTC,1.39774,1.39762,0.0012,0.0018
27.10.2025 10:28:52.026 UTC,1.39774,1.39762,0.0012,0.00195
27.10.2025 10:28:52.128 UTC,1.39774,1.39762,0.0012,0.00135
27.10.2025 10:28:52.230 UTC,1.39774,1.39762,0.0012,0.0018
27.10.2025 10:28:52.735 UTC,1.39774,1.39762,0.0012,0.00135
27.10.2025 10:29:00.891 UTC,1.39773,1.39761,0.0012,0.0018
27.10.2025 10:29:00.943 UTC,1.39772,1.39761,0.00135,0.0018
27.10.2025 10:29:01.148 UTC,1.39773,1.39761,0.0012,0.0012
27.10.2025 10:29:09.634 UTC,1.39774,1.39761,0.0012,0.0018
27.10.2025 10:29:09.737 UTC,1.39775,1.39762,0.0012,0.00135
27.10.2025 10:29:10.243 UTC,1.39774,1.39762,0.0012,0.00135
27.10.2025 10:29:12.256 UTC,1.39775,1.39762,0.0012,0.00192
27.10.2025 10:29:12.360 UTC,1.39776,1.39765,0.00135,0.0012
27.10.2025 10:29:13.223 UTC,1.39773,1.39764,0.0012,0.0012
27.10.2025 10:29:13.351 UTC,1.39774,1.39762,0.0012,0.0012
27.10.2025 10:29:13.456 UTC,1.39775,1.39761,0.0012,0.00294
27.10.2025 10:29:14.523 UTC,1.39775,1.39761,0.00135,0.00225
27.10.2025 10:29:14.626 UTC,1.39774,1.39762,0.0012,0.0024
27.10.2025 10:29:15.081 UTC,1.39773,1.39761,0.0012,0.0012
27.10.2025 10:29:15.184 UTC,1.39772,1.39761,0.0012,0.00225
27.10.2025 10:29:16.246 UTC,1.39774,1.39761,0.0012,0.00135
27.10.2025 10:29:17.507 UTC,1.39774,1.39761,0.0012,0.0018
27.10.2025 10:29:17.611 UTC,1.39773,1.3976,0.0012,0.00135
27.10.2025 10:29:17.713 UTC,1.39771,1.39761,0.0012,0.00135
27.10.2025 10:29:19.326 UTC,1.39773,1.39762,0.0012,0.00135
27.10.2025 10:29:19.479 UTC,1.39773,1.39761,0.0012,0.0012
27.10.2025 10:29:19.583 UTC,1.39772,1.3976,0.0012,0.00135
27.10.2025 10:29:21.901 UTC,1.39772,1.39762,0.00135,0.00135
27.10.2025 10:29:24.565 UTC,1.39773,1.3976,0.0012,0.00135
27.10.2025 10:29:25.284 UTC,1.39773,1.39761,0.00135,0.00135
27.10.2025 10:29:25.391 UTC,1.39775,1.39762,0.0012,0.0012
27.10.2025 10:29:25.443 UTC,1.39775,1.39763,0.00285,0.00135
27.10.2025 10:29:26.505 UTC,1.39773,1.39763,0.0012,0.00135
27.10.2025 10:29:30.029 UTC,1.39775,1.39762,0.00135,0.00144
27.10.2025 10:29:30.081 UTC,1.39776,1.39764,0.0018,0.00135
27.10.2025 10:29:30.185 UTC,1.39776,1.39765,0.0018,0.0012
27.10.2025 10:29:35.860 UTC,1.39777,1.39763,0.0018,0.00315
27.10.2025 10:29:35.912 UTC,1.39775,1.39762,0.0012,0.0018
27.10.2025 10:29:36.017 UTC,1.39775,1.39762,0.00225,0.00135
27.10.2025 10:29:36.120 UTC,1.39774,1.39761,0.0012,0.00192
27.10.2025 10:29:36.223 UTC,1.39774,1.39762,0.00225,0.00192
27.10.2025 10:29:36.325 UTC,1.39774,1.39761,0.0012,0.00192
27.10.2025 10:29:36.730 UTC,1.39774,1.39762,0.00225,0.00192
27.10.2025 10:29:36.933 UTC,1.39773,1.39762,0.0012,0.00192
27.10.2025 10:29:37.086 UTC,1.39775,1.39761,0.00225,0.00192
27.10.2025 10:29:37.188 UTC,1.39773,1.39762,0.0012,0.00192
27.10.2025 10:29:37.340 UTC,1.39775,1.39761,0.00225,0.00192
27.10.2025 10:29:37.542 UTC,1.39774,1.39761,0.0012,0.00192
27.10.2025 10:29:39.562 UTC,1.39775,1.39761,0.00225,0.00192
27.10.2025 10:29:39.663 UTC,1.39774,1.39761,0.0012,0.00192
27.10.2025 10:29:39.865 UTC,1.39774,1.39762,0.00225,0.00192
27.10.2025 10:29:40.068 UTC,1.39774,1.39761,0.0012,0.00192
27.10.2025 10:29:40.373 UTC,1.39774,1.39762,0.00225,0.00192
27.10.2025 10:29:40.526 UTC,1.39775,1.39761,0.0018,0.00204
27.10.2025 10:29:40.629 UTC,1.39774,1.39762,0.0012,0.00135
27.10.2025 10:29:45.346 UTC,1.39776,1.39762,0.00249,0.00144
27.10.2025 10:29:55.296 UTC,1.39776,1.39761,0.00249,0.00252
27.10.2025 10:29:55.448 UTC,1.39776,1.39761,0.00294,0.00252
27.10.2025 10:29:58.872 UTC,1.39774,1.3976,0.0012,0.00342
27.10.2025 10:29:58.975 UTC,1.39775,1.39761,0.00225,0.00192
27.10.2025 10:29:59.127 UTC,1.39774,1.3976,0.0012,0.00252
27.10.2025 10:29:59.230 UTC,1.39774,1.39762,0.00225,0.00192
27.10.2025 10:29:59.332 UTC,1.39774,1.3976,0.0012,0.00252
27.10.2025 10:29:59.435 UTC,1.39775,1.3976,0.0027,0.00252
27.10.2025 10:29:59.588 UTC,1.39773,1.39761,0.0012,0.00207
27.10.2025 10:30:00.349 UTC,1.39775,1.39763,0.00132,0.00339
27.10.2025 10:30:00.451 UTC,1.39776,1.39763,0.00324,0.00342
27.10.2025 10:30:00.860 UTC,1.39776,1.39762,0.0018,0.00192
27.10.2025 10:30:00.963 UTC,1.39775,1.39763,0.0024,0.00192
27.10.2025 10:30:01.520 UTC,1.39775,1.39761,0.00135,0.00252
27.10.2025 10:30:02.481 UTC,1.39775,1.39762,0.00225,0.00252
27.10.2025 10:30:11.011 UTC,1.39775,1.39761,0.0012,0.00249
27.10.2025 10:30:15.079 UTC,1.39774,1.39762,0.0018,0.00339
27.10.2025 10:30:15.182 UTC,1.39775,1.39761,0.0018,0.00294
27.10.2025 10:30:15.234 UTC,1.39777,1.39763,0.0036,0.00147
27.10.2025 10:30:15.287 UTC,1.39779,1.39764,0.00474,0.00339
27.10.2025 10:30:15.339 UTC,1.39779,1.39764,0.0018,0.00342
27.10.2025 10:30:15.544 UTC,1.39779,1.39765,0.0018,0.00144
27.10.2025 10:30:15.747 UTC,1.3978,1.39765,0.00189,0.00234
27.10.2025 10:30:15.850 UTC,1.39779,1.39765,0.0012,0.00324
27.10.2025 10:30:17.969 UTC,1.39779,1.39765,0.0012,0.00429
27.10.2025 10:30:18.323 UTC,1.39779,1.39765,0.0012,0.00414
27.10.2025 10:30:18.426 UTC,1.39777,1.39765,0.0012,0.00132
27.10.2025 10:30:18.734 UTC,1.39778,1.39765,0.0018,0.00192
27.10.2025 10:30:18.786 UTC,1.39779,1.39765,0.00144,0.00249
27.10.2025 10:30:18.888 UTC,1.39777,1.39766,0.0012,0.00249
27.10.2025 10:30:20.759 UTC,1.39777,1.39764,0.0012,0.00234
27.10.2025 10:30:21.810 UTC,1.39777,1.39764,0.00135,0.00192
27.10.2025 10:30:22.168 UTC,1.39777,1.39765,0.0027,0.00339
27.10.2025 10:30:22.273 UTC,1.39778,1.39764,0.00225,0.00339
27.10.2025 10:30:22.377 UTC,1.39778,1.39764,0.0018,0.00192
27.10.2025 10:30:22.480 UTC,1.39777,1.39764,0.0012,0.00192
27.10.2025 10:30:22.582 UTC,1.39778,1.39764,0.00225,0.00192
27.10.2025 10:30:22.786 UTC,1.39777,1.39764,0.0012,0.00192
27.10.2025 10:30:23.647 UTC,1.39778,1.39764,0.00225,0.00297
27.10.2025 10:30:23.850 UTC,1.39777,1.39765,0.0018,0.00252
27.10.2025 10:30:26.216 UTC,1.39777,1.39764,0.00135,0.00192
27.10.2025 10:30:26.319 UTC,1.39777,1.39765,0.0018,0.00192
27.10.2025 10:30:26.574 UTC,1.39777,1.39764,0.0012,0.00249
27.10.2025 10:30:26.727 UTC,1.39777,1.39764,0.0012,0.00294
27.10.2025 10:30:27.183 UTC,1.39777,1.39764,0.0012,0.00192
27.10.2025 10:30:27.536 UTC,1.39776,1.39765,0.0012,0.00294
27.10.2025 10:30:28.046 UTC,1.39777,1.39766,0.0018,0.0018
27.10.2025 10:30:28.504 UTC,1.39776,1.39766,0.0012,0.0018
27.10.2025 10:30:28.607 UTC,1.39777,1.39765,0.0018,0.00339
27.10.2025 10:30:28.861 UTC,1.39777,1.39766,0.0018,0.00135
27.10.2025 10:30:29.015 UTC,1.39778,1.39764,0.0018,0.00429
27.10.2025 10:30:29.167 UTC,1.39777,1.39765,0.0012,0.0018
27.10.2025 10:30:29.271 UTC,1.39778,1.39765,0.0018,0.0018
27.10.2025 10:30:29.829 UTC,1.39777,1.39764,0.0012,0.00339
27.10.2025 10:30:29.931 UTC,1.39778,1.39765,0.0012,0.0018
27.10.2025 10:30:30.035 UTC,1.39779,1.39766,0.00135,0.0024
27.10.2025 10:30:30.772 UTC,1.39781,1.39768,0.0012,0.00327
27.10.2025 10:30:30.880 UTC,1.39782,1.39769,0.0024,0.00237
27.10.2025 10:30:30.984 UTC,1.39782,1.39768,0.00135,0.00324
27.10.2025 10:30:31.339 UTC,1.39782,1.39768,0.00135,0.00339
27.10.2025 10:30:32.899 UTC,1.39782,1.39768,0.00135,0.00324
27.10.2025 10:30:37.013 UTC,1.39781,1.39769,0.00135,0.00327
27.10.2025 10:30:39.783 UTC,1.3978,1.39768,0.00135,0.00252
27.10.2025 10:30:39.886 UTC,1.3978,1.39768,0.0018,0.00249
27.10.2025 10:30:42.782 UTC,1.39781,1.39769,0.0018,0.00144
27.10.2025 10:30:42.885 UTC,1.39782,1.39768,0.0018,0.00234
27.10.2025 10:30:59.723 UTC,1.39782,1.39768,0.00135,0.00249
27.10.2025 10:31:03.193 UTC,1.39783,1.39768,0.00225,0.00342
27.10.2025 10:31:03.295 UTC,1.39783,1.39769,0.0027,0.00144
27.10.2025 10:31:03.447 UTC,1.39783,1.39768,0.00285,0.00342
27.10.2025 10:31:11.755 UTC,1.3978,1.3977,0.0012,0.0012
27.10.2025 10:31:14.319 UTC,1.39781,1.39769,0.0012,0.0018
27.10.2025 10:31:14.471 UTC,1.39781,1.39769,0.0012,0.00225
27.10.2025 10:31:14.824 UTC,1.39782,1.39769,0.0012,0.00225
27.10.2025 10:31:14.927 UTC,1.39782,1.3977,0.0027,0.00225
27.10.2025 10:31:15.280 UTC,1.39782,1.39769,0.0012,0.0018
27.10.2025 10:31:16.407 UTC,1.39781,1.3977,0.0012,0.00225
27.10.2025 10:31:20.483 UTC,1.39782,1.39772,0.00135,0.00144
27.10.2025 10:31:20.535 UTC,1.39786,1.39772,0.00135,0.00147
27.10.2025 10:31:20.638 UTC,1.39786,1.39771,0.00249,0.00252
27.10.2025 10:31:21.195 UTC,1.39785,1.39771,0.00234,0.00144
27.10.2025 10:31:21.298 UTC,1.39783,1.39771,0.00144,0.00234
27.10.2025 10:31:21.402 UTC,1.39782,1.3977,0.0012,0.00342
27.10.2025 10:31:23.619 UTC,1.39785,1.39772,0.0018,0.00144
27.10.2025 10:31:23.724 UTC,1.39786,1.39773,0.00249,0.0012
27.10.2025 10:31:23.776 UTC,1.39786,1.39772,0.00315,0.00147
27.10.2025 10:31:26.549 UTC,1.39787,1.39774,0.0018,0.00135
27.10.2025 10:31:26.652 UTC,1.39786,1.39775,0.00135,0.00135
27.10.2025 10:31:27.008 UTC,1.39787,1.39774,0.00135,0.0024
27.10.2025 10:31:27.361 UTC,1.39786,1.39775,0.00135,0.00225
27.10.2025 10:31:28.480 UTC,1.39787,1.39774,0.00135,0.0024
27.10.2025 10:31:28.582 UTC,1.39787,1.39774,0.00135,0.00225
27.10.2025 10:31:28.684 UTC,1.39786,1.39775,0.00225,0.0024
27.10.2025 10:31:28.890 UTC,1.39787,1.39774,0.00135,0.00225
27.10.2025 10:31:28.993 UTC,1.39787,1.39774,0.00135,0.0024
27.10.2025 10:31:29.318 UTC,1.39787,1.39774,0.00135,0.00225
27.10.2025 10:31:29.421 UTC,1.39786,1.39775,0.00135,0.0024
27.10.2025 10:31:29.474 UTC,1.39786,1.39773,0.00234,0.0012
27.10.2025 10:31:29.681 UTC,1.39786,1.39771,0.00369,0.00327
27.10.2025 10:31:31.641 UTC,1.39785,1.39771,0.0012,0.00237
27.10.2025 10:31:31.895 UTC,1.39785,1.39771,0.00135,0.00237
27.10.2025 10:31:44.350 UTC,1.39786,1.39772,0.00339,0.00294
27.10.2025 10:31:44.452 UTC,1.39786,1.39772,0.00339,0.00249
27.10.2025 10:31:44.656 UTC,1.39786,1.39772,0.00294,0.00144
27.10.2025 10:31:49.132 UTC,1.39785,1.39773,0.00249,0.00192
27.10.2025 10:31:49.235 UTC,1.39786,1.39772,0.00294,0.00144
27.10.2025 10:31:49.741 UTC,1.39786,1.39772,0.00285,0.00147
27.10.2025 10:31:50.194 UTC,1.39786,1.39772,0.00294,0.00144
27.10.2025 10:31:51.796 UTC,1.39786,1.39772,0.00192,0.00192
27.10.2025 10:31:52.100 UTC,1.39785,1.39773,0.00204,0.00144
27.10.2025 10:31:53.771 UTC,1.39785,1.39773,0.00195,0.00147
27.10.2025 10:31:54.174 UTC,1.39786,1.39772,0.00204,0.00144
27.10.2025 10:31:58.255 UTC,1.39786,1.39774,0.00225,0.00339
27.10.2025 10:31:58.360 UTC,1.39789,1.39775,0.0012,0.00417
27.10.2025 10:31:58.412 UTC,1.39788,1.39776,0.0012,0.00327
27.10.2025 10:31:58.516 UTC,1.3979,1.39775,0.00135,0.00417
27.10.2025 10:31:58.771 UTC,1.39789,1.39776,0.00135,0.00327
27.10.2025 10:31:59.627 UTC,1.39789,1.39776,0.00144,0.00327
27.10.2025 10:32:00.080 UTC,1.3979,1.39776,0.00135,0.00132
27.10.2025 10:32:00.335 UTC,1.39791,1.39776,0.0033,0.00417
27.10.2025 10:32:00.437 UTC,1.39791,1.39776,0.00315,0.00417
27.10.2025 10:32:05.442 UTC,1.3979,1.39777,0.0012,0.00132
27.10.2025 10:32:07.610 UTC,1.3979,1.39776,0.0012,0.00189
27.10.2025 10:32:07.915 UTC,1.39789,1.39777,0.00135,0.00339
27.10.2025 10:32:11.690 UTC,1.3979,1.39776,0.00135,0.00294
27.10.2025 10:32:17.391 UTC,1.39791,1.39777,0.00225,0.0018
27.10.2025 10:32:24.068 UTC,1.39791,1.39778,0.00225,0.00192
27.10.2025 10:32:24.222 UTC,1.39792,1.39778,0.00189,0.00249
27.10.2025 10:32:24.375 UTC,1.39792,1.39778,0.00249,0.00249
27.10.2025 10:32:29.893 UTC,1.39792,1.39778,0.00234,0.00252
27.10.2025 10:32:38.153 UTC,1.39793,1.39779,0.00234,0.00252
27.10.2025 10:32:38.256 UTC,1.39793,1.39779,0.00132,0.00297
27.10.2025 10:32:38.359 UTC,1.39793,1.39779,0.00132,0.00252
27.10.2025 10:32:38.512 UTC,1.39793,1.39779,0.00132,0.00132
27.10.2025 10:32:41.301 UTC,1.39793,1.39778,0.00279,0.00342
27.10.2025 10:32:43.366 UTC,1.39792,1.39779,0.00291,0.00249
27.10.2025 10:32:43.470 UTC,1.39789,1.39778,0.00132,0.00192
27.10.2025 10:32:43.573 UTC,1.3979,1.39776,0.0012,0.00207
27.10.2025 10:32:43.779 UTC,1.39789,1.39777,0.0012,0.00207
27.10.2025 10:32:45.437 UTC,1.39791,1.39777,0.0012,0.00207
27.10.2025 10:32:49.766 UTC,1.3979,1.39778,0.0012,0.00297
27.10.2025 10:32:55.407 UTC,1.3979,1.39777,0.0012,0.00192
27.10.2025 10:32:55.561 UTC,1.39791,1.39778,0.0018,0.00135
27.10.2025 10:32:56.700 UTC,1.39791,1.39778,0.0012,0.0024
27.10.2025 10:32:56.859 UTC,1.3979,1.39779,0.0012,0.00135
27.10.2025 10:32:57.263 UTC,1.39791,1.39778,0.0012,0.0018
27.10.2025 10:32:57.417 UTC,1.39791,1.39778,0.0012,0.00135
27.10.2025 10:32:57.519 UTC,1.39791,1.39778,0.0012,0.0018
27.10.2025 10:32:57.622 UTC,1.39791,1.39778,0.0012,0.00135
27.10.2025 10:33:00.288 UTC,1.39791,1.39777,0.00225,0.00144
27.10.2025 10:33:00.392 UTC,1.3979,1.39777,0.0012,0.00144
27.10.2025 10:33:00.494 UTC,1.3979,1.39776,0.0012,0.00207
27.10.2025 10:33:02.515 UTC,1.39789,1.39777,0.0012,0.00192
27.10.2025 10:33:03.782 UTC,1.39789,1.39778,0.0012,0.00249
27.10.2025 10:33:03.886 UTC,1.39792,1.39778,0.0012,0.00204
27.10.2025 10:33:04.041 UTC,1.39792,1.39779,0.0012,0.00135
27.10.2025 10:33:04.500 UTC,1.39791,1.39779,0.0012,0.00204
27.10.2025 10:33:04.754 UTC,1.39792,1.39778,0.0012,0.00249
27.10.2025 10:33:20.395 UTC,1.39792,1.39779,0.0012,0.00192
27.10.2025 10:33:20.804 UTC,1.39791,1.3978,0.0012,0.00132
27.10.2025 10:33:22.825 UTC,1.39791,1.39778,0.0018,0.00144
27.10.2025 10:33:23.132 UTC,1.39791,1.39779,0.0012,0.00135
27.10.2025 10:33:30.728 UTC,1.39791,1.39779,0.00225,0.00252
27.10.2025 10:33:31.486 UTC,1.39794,1.3978,0.0024,0.00144
27.10.2025 10:33:31.640 UTC,1.39794,1.39779,0.00135,0.00387
27.10.2025 10:33:32.909 UTC,1.39794,1.39779,0.00132,0.00252
27.10.2025 10:33:33.162 UTC,1.39794,1.39779,0.00144,0.00297
27.10.2025 10:33:33.920 UTC,1.39793,1.39781,0.0018,0.00192
27.10.2025 10:33:34.023 UTC,1.39794,1.39779,0.00234,0.00297
27.10.2025 10:33:38.697 UTC,1.39792,1.3978,0.0012,0.00207
27.10.2025 10:33:39.000 UTC,1.39794,1.39779,0.00234,0.00207
27.10.2025 10:33:40.549 UTC,1.39794,1.39781,0.00135,0.00192
27.10.2025 10:33:40.654 UTC,1.39796,1.39782,0.0033,0.00144
27.10.2025 10:33:41.925 UTC,1.39796,1.39782,0.0033,0.00192
27.10.2025 10:33:42.029 UTC,1.39796,1.39782,0.0027,0.00192
27.10.2025 10:33:42.131 UTC,1.39796,1.39782,0.00315,0.00135
27.10.2025 10:33:43.994 UTC,1.39796,1.39782,0.00282,0.00135
27.10.2025 10:33:46.765 UTC,1.39793,1.39781,0.0012,0.00297
27.10.2025 10:33:46.868 UTC,1.39795,1.39781,0.0018,0.00144
27.10.2025 10:33:47.375 UTC,1.39794,1.39781,0.0018,0.00252
27.10.2025 10:33:49.411 UTC,1.39795,1.3978,0.0018,0.00285
27.10.2025 10:33:49.665 UTC,1.39794,1.39781,0.0012,0.00285
27.10.2025 10:33:50.874 UTC,1.39795,1.39782,0.00324,0.0024
27.10.2025 10:33:50.977 UTC,1.39795,1.39782,0.00246,0.0024
27.10.2025 10:33:51.380 UTC,1.39795,1.39782,0.00246,0.00285
27.10.2025 10:33:53.042 UTC,1.39796,1.39781,0.00291,0.0024
27.10.2025 10:33:54.353 UTC,1.39796,1.39781,0.00246,0.00285
27.10.2025 10:33:54.607 UTC,1.39795,1.39782,0.00246,0.0033
27.10.2025 10:33:54.811 UTC,1.39796,1.39781,0.00234,0.0042
27.10.2025 10:33:54.914 UTC,1.39796,1.39781,0.00246,0.0033
27.10.2025 10:33:55.066 UTC,1.39796,1.39781,0.00291,0.0033
27.10.2025 10:33:55.622 UTC,1.39794,1.39781,0.00246,0.00375
27.10.2025 10:33:55.729 UTC,1.39793,1.3978,0.0012,0.0027
27.10.2025 10:33:56.138 UTC,1.39794,1.39779,0.00339,0.0018
27.10.2025 10:34:00.320 UTC,1.39792,1.3978,0.00234,0.0012
27.10.2025 10:34:00.422 UTC,1.39791,1.3978,0.0012,0.00135
27.10.2025 10:34:00.625 UTC,1.39793,1.39779,0.00234,0.00135
27.10.2025 10:34:00.778 UTC,1.39792,1.39779,0.0012,0.00135
27.10.2025 10:34:01.486 UTC,1.39792,1.3978,0.00132,0.00135
27.10.2025 10:34:01.843 UTC,1.39794,1.39779,0.00417,0.0018
27.10.2025 10:34:02.594 UTC,1.39794,1.39779,0.00462,0.00135
27.10.2025 10:34:02.846 UTC,1.39794,1.39779,0.00372,0.0024
27.10.2025 10:34:05.816 UTC,1.39795,1.39782,0.00279,0.0012
27.10.2025 10:34:05.921 UTC,1.39796,1.39785,0.0018,0.0018
27.10.2025 10:34:06.024 UTC,1.398,1.39785,0.00192,0.00315
27.10.2025 10:34:06.178 UTC,1.398,1.39786,0.00237,0.0012
27.10.2025 10:34:06.280 UTC,1.398,1.39785,0.00237,0.0018
27.10.2025 10:34:06.382 UTC,1.39799,1.39787,0.00192,0.0012
27.10.2025 10:34:06.484 UTC,1.398,1.39786,0.00132,0.0012
27.10.2025 10:34:06.587 UTC,1.398,1.39785,0.00237,0.0036
27.10.2025 10:34:06.690 UTC,1.39799,1.39785,0.00192,0.00225
27.10.2025 10:34:06.946 UTC,1.39798,1.39784,0.00132,0.00135
27.10.2025 10:34:07.203 UTC,1.39799,1.39784,0.00417,0.0024
27.10.2025 10:34:08.729 UTC,1.39799,1.39784,0.00432,0.00225
27.10.2025 10:34:08.831 UTC,1.39798,1.39785,0.00417,0.0024
27.10.2025 10:34:08.935 UTC,1.39797,1.39785,0.00192,0.00135
27.10.2025 10:34:09.038 UTC,1.39799,1.39784,0.00432,0.00249
27.10.2025 10:34:09.192 UTC,1.39799,1.39784,0.00417,0.0018
27.10.2025 10:34:09.294 UTC,1.39797,1.39785,0.00132,0.00192
27.10.2025 10:34:10.008 UTC,1.39798,1.39784,0.00132,0.0018
27.10.2025 10:34:10.110 UTC,1.39798,1.39784,0.00144,0.0018
27.10.2025 10:34:10.315 UTC,1.39798,1.39784,0.00132,0.0018
27.10.2025 10:34:10.468 UTC,1.39799,1.39784,0.00432,0.0024
27.10.2025 10:34:10.570 UTC,1.39799,1.39784,0.00417,0.0018
27.10.2025 10:34:10.724 UTC,1.39798,1.39785,0.00432,0.0024
27.10.2025 10:34:10.878 UTC,1.39799,1.39784,0.00432,0.00135
27.10.2025 10:34:11.031 UTC,1.39797,1.39785,0.00147,0.0018
27.10.2025 10:34:11.134 UTC,1.39799,1.39784,0.00417,0.0024
27.10.2025 10:34:11.236 UTC,1.39798,1.39784,0.00192,0.00135
27.10.2025 10:34:11.389 UTC,1.39798,1.39785,0.00372,0.0024
27.10.2025 10:34:11.492 UTC,1.39798,1.39784,0.00192,0.00135
27.10.2025 10:34:11.595 UTC,1.39799,1.39784,0.00432,0.0024
27.10.2025 10:34:11.798 UTC,1.39798,1.39784,0.00147,0.00135
27.10.2025 10:34:11.951 UTC,1.39799,1.39784,0.00432,0.0024
27.10.2025 10:34:12.155 UTC,1.39798,1.39784,0.00132,0.0018
27.10.2025 10:34:12.258 UTC,1.39799,1.39784,0.00432,0.0024
27.10.2025 10:34:12.411 UTC,1.39797,1.39785,0.00132,0.0018
27.10.2025 10:34:12.514 UTC,1.39799,1.39784,0.00432,0.0024
27.10.2025 10:34:12.925 UTC,1.39798,1.39786,0.00132,0.0024
27.10.2025 10:34:13.028 UTC,1.39799,1.39785,0.00147,0.00225
27.10.2025 10:34:13.130 UTC,1.39798,1.39786,0.00132,0.0024
27.10.2025 10:34:13.234 UTC,1.39799,1.39785,0.00147,0.00225
27.10.2025 10:34:13.453 UTC,1.39799,1.39785,0.00132,0.0018
27.10.2025 10:34:15.070 UTC,1.39798,1.39785,0.00372,0.00285
27.10.2025 10:34:15.173 UTC,1.39798,1.39785,0.00192,0.0042
27.10.2025 10:34:16.633 UTC,1.39799,1.39784,0.00192,0.00465
27.10.2025 10:34:16.936 UTC,1.39799,1.39785,0.00132,0.0018
27.10.2025 10:34:17.039 UTC,1.39798,1.39786,0.00387,0.0012
27.10.2025 10:34:17.144 UTC,1.39795,1.39784,0.00189,0.0012
27.10.2025 10:34:17.248 UTC,1.39795,1.39782,0.00132,0.0024
27.10.2025 10:34:17.351 UTC,1.39796,1.39781,0.00324,0.00429
27.10.2025 10:34:17.454 UTC,1.39795,1.39782,0.00234,0.00339
27.10.2025 10:34:21.323 UTC,1.39798,1.39788,0.0012,0.00252
27.10.2025 10:34:21.375 UTC,1.39803,1.39789,0.00279,0.00132
27.10.2025 10:34:21.479 UTC,1.39801,1.39789,0.00189,0.00144
27.10.2025 10:34:27.544 UTC,1.39801,1.39789,0.00234,0.00192
27.10.2025 10:34:28.152 UTC,1.39802,1.39788,0.00144,0.00234
27.10.2025 10:34:28.304 UTC,1.39802,1.39788,0.00132,0.00192
27.10.2025 10:34:29.762 UTC,1.39801,1.39789,0.00144,0.00144
27.10.2025 10:34:29.864 UTC,1.39802,1.39788,0.00132,0.00192
27.10.2025 10:34:30.168 UTC,1.39802,1.39788,0.00234,0.00324
27.10.2025 10:34:30.270 UTC,1.39802,1.39789,0.00234,0.0012
27.10.2025 10:34:30.424 UTC,1.39802,1.39789,0.00189,0.0018
27.10.2025 10:34:31.790 UTC,1.39802,1.3979,0.00327,0.00135
27.10.2025 10:34:32.403 UTC,1.39802,1.3979,0.00237,0.0018
27.10.2025 10:34:32.505 UTC,1.39803,1.39788,0.00282,0.00384
27.10.2025 10:34:32.658 UTC,1.39802,1.3979,0.00237,0.0018
27.10.2025 10:34:32.761 UTC,1.39803,1.39789,0.00279,0.00144
27.10.2025 10:34:32.864 UTC,1.39803,1.39788,0.00237,0.00384
27.10.2025 10:34:33.576 UTC,1.39802,1.39788,0.00132,0.00339
27.10.2025 10:34:33.678 UTC,1.39802,1.39788,0.00132,0.00384
27.10.2025 10:34:34.234 UTC,1.39802,1.39788,0.00132,0.00339
27.10.2025 10:34:34.388 UTC,1.39801,1.39789,0.00132,0.00384
27.10.2025 10:34:38.046 UTC,1.39803,1.39794,0.00135,0.00132
27.10.2025 10:34:38.201 UTC,1.39805,1.39793,0.0012,0.0012
27.10.2025 10:34:38.305 UTC,1.39807,1.39792,0.00342,0.0012
27.10.2025 10:34:39.062 UTC,1.39805,1.39793,0.00147,0.0024
27.10.2025 10:34:39.416 UTC,1.39806,1.39792,0.00147,0.00225
27.10.2025 10:34:40.425 UTC,1.39805,1.39793,0.00237,0.0024
27.10.2025 10:34:40.528 UTC,1.39805,1.39793,0.00192,0.00135
27.10.2025 10:34:40.730 UTC,1.39805,1.39792,0.00132,0.0018
27.10.2025 10:34:40.832 UTC,1.39804,1.39793,0.00132,0.00135
27.10.2025 10:34:40.935 UTC,1.39805,1.39792,0.00132,0.0018
27.10.2025 10:34:43.201 UTC,1.39804,1.39793,0.00132,0.00135
27.10.2025 10:34:48.224 UTC,1.39802,1.39791,0.00132,0.0018
27.10.2025 10:34:48.329 UTC,1.39802,1.3979,0.0012,0.0012
27.10.2025 10:34:48.438 UTC,1.39803,1.39788,0.00234,0.00375
27.10.2025 10:34:48.900 UTC,1.39801,1.3979,0.0012,0.0012
27.10.2025 10:34:56.257 UTC,1.39801,1.39787,0.0012,0.0018
27.10.2025 10:34:57.486 UTC,1.39801,1.39786,0.00225,0.00285
27.10.2025 10:34:59.443 UTC,1.398,1.39788,0.00135,0.0012
27.10.2025 10:35:00.353 UTC,1.398,1.39788,0.00237,0.0012
27.10.2025 10:35:00.608 UTC,1.398,1.39785,0.00189,0.0042
27.10.2025 10:35:01.214 UTC,1.39798,1.39785,0.0012,0.00135
27.10.2025 10:35:01.420 UTC,1.39797,1.39785,0.00132,0.00225
27.10.2025 10:35:01.624 UTC,1.39798,1.39783,0.00189,0.0045
27.10.2025 10:35:01.727 UTC,1.39797,1.39784,0.00189,0.00465
27.10.2025 10:35:01.829 UTC,1.39797,1.39784,0.00189,0.0036
27.10.2025 10:35:02.084 UTC,1.39797,1.39784,0.00189,0.00375
27.10.2025 10:35:02.189 UTC,1.39795,1.39783,0.00132,0.0012
27.10.2025 10:35:02.293 UTC,1.39796,1.39784,0.00135,0.00405
27.10.2025 10:35:02.396 UTC,1.39799,1.39784,0.00132,0.00225
27.10.2025 10:35:02.755 UTC,1.39799,1.39784,0.00237,0.0042
27.10.2025 10:35:02.907 UTC,1.39798,1.39785,0.00282,0.00375
27.10.2025 10:35:03.059 UTC,1.39799,1.39784,0.00327,0.0042
27.10.2025 10:35:03.161 UTC,1.39799,1.39784,0.00372,0.00375
27.10.2025 10:35:03.264 UTC,1.39799,1.39784,0.00237,0.0042
27.10.2025 10:35:03.366 UTC,1.39799,1.39784,0.00282,0.00375
27.10.2025 10:35:03.469 UTC,1.39799,1.39784,0.00237,0.0042
27.10.2025 10:35:03.826 UTC,1.39798,1.39784,0.00189,0.00315
27.10.2025 10:35:03.981 UTC,1.39799,1.39784,0.00327,0.0024
27.10.2025 10:35:04.083 UTC,1.39798,1.39784,0.00132,0.00285
27.10.2025 10:35:04.135 UTC,1.39797,1.39785,0.00132,0.00225
27.10.2025 10:35:04.288 UTC,1.39799,1.39784,0.00282,0.0024
27.10.2025 10:35:04.948 UTC,1.39798,1.39784,0.00189,0.00225
27.10.2025 10:35:05.051 UTC,1.39797,1.39783,0.00132,0.00285
27.10.2025 10:35:05.462 UTC,1.39796,1.39784,0.0012,0.00285
27.10.2025 10:35:05.615 UTC,1.39797,1.39783,0.0012,0.0024
27.10.2025 10:35:05.717 UTC,1.39796,1.39784,0.0018,0.00375
27.10.2025 10:35:06.074 UTC,1.39798,1.39784,0.00189,0.0018
27.10.2025 10:35:06.278 UTC,1.39796,1.39785,0.0012,0.0024
27.10.2025 10:35:06.381 UTC,1.39798,1.39784,0.00189,0.0024
27.10.2025 10:35:06.483 UTC,1.39797,1.39784,0.0012,0.0018
27.10.2025 10:35:06.637 UTC,1.39798,1.39784,0.00189,0.0018
27.10.2025 10:35:06.740 UTC,1.39797,1.39785,0.00234,0.00225
27.10.2025 10:35:06.842 UTC,1.39797,1.39784,0.0012,0.0024
27.10.2025 10:35:06.944 UTC,1.39798,1.39784,0.00189,0.0018
27.10.2025 10:35:07.118 UTC,1.39796,1.39785,0.0012,0.00135
27.10.2025 10:35:07.221 UTC,1.39797,1.39785,0.00234,0.00135
27.10.2025 10:35:07.323 UTC,1.39798,1.39784,0.00189,0.0018
27.10.2025 10:35:07.425 UTC,1.39797,1.39784,0.0012,0.0018
27.10.2025 10:35:07.529 UTC,1.39798,1.39784,0.00279,0.0018
27.10.2025 10:35:07.631 UTC,1.39797,1.39784,0.0012,0.0018
27.10.2025 10:35:07.783 UTC,1.39798,1.39784,0.00279,0.0018
27.10.2025 10:35:07.885 UTC,1.39797,1.39784,0.0012,0.0018
27.10.2025 10:35:07.987 UTC,1.39798,1.39784,0.00279,0.0018
27.10.2025 10:35:08.496 UTC,1.39796,1.39785,0.0012,0.00135
27.10.2025 10:35:08.649 UTC,1.39798,1.39784,0.00279,0.0018
27.10.2025 10:35:08.751 UTC,1.39797,1.39784,0.0012,0.00135
27.10.2025 10:35:08.903 UTC,1.39798,1.39784,0.00279,0.0018
27.10.2025 10:35:09.107 UTC,1.39797,1.39784,0.0012,0.00135
27.10.2025 10:35:09.209 UTC,1.39798,1.39784,0.00279,0.0018
27.10.2025 10:35:09.363 UTC,1.39797,1.39785,0.00324,0.00135
27.10.2025 10:35:09.516 UTC,1.39797,1.39785,0.00189,0.0018
27.10.2025 10:35:09.618 UTC,1.39797,1.39784,0.0012,0.00135
27.10.2025 10:35:09.771 UTC,1.39798,1.39784,0.00279,0.0018
27.10.2025 10:35:09.925 UTC,1.39796,1.39785,0.0012,0.00225
27.10.2025 10:35:10.027 UTC,1.39797,1.39785,0.00414,0.00225
27.10.2025 10:35:10.179 UTC,1.39798,1.39784,0.00369,0.0024
27.10.2025 10:35:10.281 UTC,1.39797,1.39784,0.0012,0.00135
27.10.2025 10:35:10.383 UTC,1.39798,1.39784,0.00279,0.0018
27.10.2025 10:35:11.398 UTC,1.39797,1.39785,0.00324,0.00135
27.10.2025 10:35:11.653 UTC,1.39797,1.39784,0.0012,0.00135
27.10.2025 10:35:11.756 UTC,1.39797,1.39784,0.0012,0.0018
27.10.2025 10:35:11.858 UTC,1.39798,1.39784,0.00189,0.0018
27.10.2025 10:35:12.163 UTC,1.39798,1.39784,0.00324,0.00135
27.10.2025 10:35:12.873 UTC,1.39798,1.39784,0.00189,0.0024
27.10.2025 10:35:12.975 UTC,1.39796,1.39785,0.0012,0.0024
27.10.2025 10:35:13.077 UTC,1.39798,1.39784,0.00189,0.0024
27.10.2025 10:35:13.230 UTC,1.39796,1.39785,0.0012,0.0024
27.10.2025 10:35:13.835 UTC,1.39797,1.39784,0.0012,0.00225
27.10.2025 10:35:14.037 UTC,1.39798,1.39784,0.00189,0.0024
27.10.2025 10:35:14.140 UTC,1.39797,1.39784,0.0012,0.0024
27.10.2025 10:35:14.243 UTC,1.39796,1.39785,0.0012,0.00225
27.10.2025 10:35:15.050 UTC,1.39796,1.39786,0.0012,0.00135
27.10.2025 10:35:15.104 UTC,1.39796,1.39785,0.00132,0.0012
27.10.2025 10:35:15.157 UTC,1.39793,1.3978,0.00132,0.0012
27.10.2025 10:35:15.413 UTC,1.39793,1.39781,0.00132,0.0012
27.10.2025 10:35:15.617 UTC,1.39793,1.3978,0.00132,0.0012
27.10.2025 10:35:16.176 UTC,1.39792,1.3978,0.00279,0.0012
27.10.2025 10:35:16.279 UTC,1.39792,1.39779,0.0012,0.0012
27.10.2025 10:35:16.432 UTC,1.39793,1.39779,0.00279,0.0012
27.10.2025 10:35:17.137 UTC,1.39793,1.39778,0.00279,0.00315
27.10.2025 10:35:21.412 UTC,1.39793,1.39779,0.00132,0.0012
27.10.2025 10:35:22.525 UTC,1.39793,1.39779,0.00189,0.0018
27.10.2025 10:35:28.099 UTC,1.39792,1.3978,0.00189,0.00135
27.10.2025 10:35:28.753 UTC,1.39792,1.39779,0.0012,0.00135
27.10.2025 10:35:35.250 UTC,1.39793,1.39778,0.00369,0.0018
27.10.2025 10:35:38.923 UTC,1.39792,1.3978,0.00234,0.0018
27.10.2025 10:35:39.827 UTC,1.39792,1.3978,0.00369,0.00135
27.10.2025 10:35:40.621 UTC,1.39792,1.3978,0.00324,0.0018
27.10.2025 10:35:40.724 UTC,1.39793,1.39779,0.00369,0.00135
27.10.2025 10:35:40.877 UTC,1.39791,1.3978,0.0012,0.0018
27.10.2025 10:35:41.029 UTC,1.39791,1.3978,0.0012,0.00135
27.10.2025 10:35:41.231 UTC,1.39793,1.39779,0.00369,0.00135
27.10.2025 10:35:41.284 UTC,1.39794,1.3978,0.00204,0.0024
27.10.2025 10:35:41.389 UTC,1.39794,1.3978,0.00135,0.00225
27.10.2025 10:35:41.493 UTC,1.39795,1.39781,0.00504,0.00135
27.10.2025 10:35:43.262 UTC,1.39793,1.3978,0.0012,0.0024
27.10.2025 10:35:43.564 UTC,1.39795,1.3978,0.00369,0.0024
27.10.2025 10:35:46.573 UTC,1.39793,1.39781,0.0012,0.0024
27.10.2025 10:35:47.329 UTC,1.39793,1.39781,0.00225,0.00135
27.10.2025 10:35:47.431 UTC,1.39792,1.39781,0.0012,0.00135
27.10.2025 10:35:51.476 UTC,1.39793,1.3978,0.0012,0.0018
27.10.2025 10:35:51.681 UTC,1.39793,1.3978,0.00132,0.00135
27.10.2025 10:35:53.891 UTC,1.39792,1.3978,0.00132,0.0033
27.10.2025 10:35:57.408 UTC,1.39793,1.39781,0.00132,0.0012
27.10.2025 10:35:59.121 UTC,1.39793,1.39779,0.00279,0.0018
27.10.2025 10:35:59.224 UTC,1.39792,1.3978,0.00324,0.0012
27.10.2025 10:35:59.327 UTC,1.39792,1.39778,0.0012,0.00339
27.10.2025 10:35:59.883 UTC,1.39791,1.39779,0.0012,0.00285
27.10.2025 10:36:00.088 UTC,1.39791,1.39779,0.0012,0.00249
27.10.2025 10:36:00.292 UTC,1.39792,1.39779,0.00369,0.00249
27.10.2025 10:36:00.646 UTC,1.39791,1.3978,0.0012,0.0018
27.10.2025 10:36:00.764 UTC,1.39793,1.39779,0.00189,0.0018
27.10.2025 10:36:04.286 UTC,1.39793,1.39781,0.00132,0.0018
27.10.2025 10:36:04.338 UTC,1.39795,1.39782,0.00135,0.00249
27.10.2025 10:36:04.442 UTC,1.39796,1.39782,0.00132,0.00189
27.10.2025 10:36:04.544 UTC,1.39797,1.39783,0.00417,0.0012
27.10.2025 10:36:08.721 UTC,1.39794,1.39782,0.0027,0.0012
27.10.2025 10:36:11.153 UTC,1.39794,1.39781,0.0018,0.0012
27.10.2025 10:36:12.716 UTC,1.39795,1.39781,0.0018,0.00195
27.10.2025 10:36:12.819 UTC,1.39794,1.39782,0.0012,0.00474
27.10.2025 10:36:13.308 UTC,1.39794,1.39783,0.0012,0.0012
27.10.2025 10:36:14.064 UTC,1.39795,1.39781,0.0012,0.0042
27.10.2025 10:36:14.571 UTC,1.39795,1.39783,0.0012,0.0012
27.10.2025 10:36:14.673 UTC,1.39794,1.39783,0.0012,0.0033
27.10.2025 10:36:15.730 UTC,1.39795,1.39782,0.0012,0.0033
27.10.2025 10:36:17.088 UTC,1.39796,1.39783,0.00135,0.0042
27.10.2025 10:36:17.140 UTC,1.39797,1.39783,0.00135,0.0012
27.10.2025 10:36:17.242 UTC,1.39797,1.39782,0.0018,0.00465
27.10.2025 10:36:17.899 UTC,1.39797,1.39782,0.00189,0.00465
27.10.2025 10:36:20.313 UTC,1.39797,1.39786,0.00225,0.0012
27.10.2025 10:36:20.417 UTC,1.39799,1.39788,0.0018,0.0012
27.10.2025 10:36:20.469 UTC,1.398,1.39788,0.00189,0.00225
27.10.2025 10:36:27.478 UTC,1.398,1.39787,0.0012,0.00135
27.10.2025 10:36:37.703 UTC,1.39802,1.39787,0.00279,0.00375
27.10.2025 10:36:37.806 UTC,1.39801,1.39788,0.0012,0.0012
27.10.2025 10:36:58.950 UTC,1.39802,1.39788,0.00315,0.0012
27.10.2025 10:36:59.054 UTC,1.39802,1.39788,0.0018,0.00285
27.10.2025 10:37:01.182 UTC,1.398,1.39789,0.0012,0.0012
27.10.2025 10:37:01.290 UTC,1.39801,1.39787,0.0012,0.00474
27.10.2025 10:37:01.394 UTC,1.398,1.39787,0.0012,0.00375
27.10.2025 10:37:05.911 UTC,1.398,1.39787,0.0012,0.0018
27.10.2025 10:37:06.567 UTC,1.398,1.39787,0.0012,0.00195
27.10.2025 10:37:07.876 UTC,1.39801,1.39787,0.00132,0.00195
27.10.2025 10:37:15.062 UTC,1.398,1.39787,0.0012,0.00195
27.10.2025 10:37:15.415 UTC,1.398,1.39787,0.0012,0.0018
27.10.2025 10:37:16.118 UTC,1.398,1.39787,0.0012,0.00195
27.10.2025 10:37:16.271 UTC,1.398,1.39788,0.00132,0.00195
27.10.2025 10:37:18.078 UTC,1.39799,1.39788,0.0012,0.00195
27.10.2025 10:37:18.183 UTC,1.398,1.39787,0.0012,0.0018
27.10.2025 10:37:19.089 UTC,1.398,1.39787,0.0012,0.00195
27.10.2025 10:37:25.952 UTC,1.39799,1.39788,0.0012,0.0012
27.10.2025 10:37:27.212 UTC,1.398,1.39787,0.0012,0.0012
27.10.2025 10:37:31.682 UTC,1.398,1.39786,0.0018,0.00249
27.10.2025 10:37:33.637 UTC,1.39796,1.39787,0.00132,0.00135
27.10.2025 10:37:33.744 UTC,1.39794,1.39781,0.00189,0.0018
27.10.2025 10:37:33.796 UTC,1.39793,1.39781,0.0018,0.0012
27.10.2025 10:37:33.851 UTC,1.3979,1.39779,0.0012,0.0018
27.10.2025 10:37:33.905 UTC,1.39791,1.39778,0.0012,0.0012
27.10.2025 10:37:34.112 UTC,1.3979,1.39778,0.0012,0.00234
27.10.2025 10:37:34.214 UTC,1.39791,1.39778,0.0012,0.0012
27.10.2025 10:37:37.488 UTC,1.3979,1.39776,0.00189,0.00285
27.10.2025 10:37:37.643 UTC,1.39789,1.39777,0.0018,0.00279
27.10.2025 10:37:41.884 UTC,1.3979,1.39776,0.00189,0.0018
27.10.2025 10:37:42.139 UTC,1.3979,1.39776,0.00189,0.00135
27.10.2025 10:37:42.543 UTC,1.3979,1.39776,0.00189,0.0018
27.10.2025 10:37:45.536 UTC,1.3979,1.39775,0.00234,0.00474
27.10.2025 10:37:45.840 UTC,1.3979,1.39775,0.00189,0.00474
27.10.2025 10:37:46.194 UTC,1.39788,1.39777,0.00189,0.0018
27.10.2025 10:37:46.399 UTC,1.39789,1.39775,0.00207,0.0033
27.10.2025 10:37:46.503 UTC,1.39788,1.39775,0.00189,0.00135
27.10.2025 10:37:46.607 UTC,1.39787,1.39775,0.0018,0.0033
27.10.2025 10:37:46.710 UTC,1.39788,1.39774,0.0012,0.00465
27.10.2025 10:37:54.501 UTC,1.39788,1.39775,0.0012,0.00195
27.10.2025 10:37:55.351 UTC,1.39788,1.39775,0.0012,0.0018
27.10.2025 10:37:56.057 UTC,1.39789,1.39776,0.0012,0.00135
27.10.2025 10:37:56.159 UTC,1.39789,1.39776,0.0012,0.0018
27.10.2025 10:37:56.415 UTC,1.39788,1.39777,0.0012,0.00135
27.10.2025 10:37:56.617 UTC,1.39788,1.39777,0.0012,0.0018
27.10.2025 10:38:01.488 UTC,1.39789,1.39775,0.00192,0.0018
27.10.2025 10:38:01.540 UTC,1.39786,1.39775,0.0012,0.00195
27.10.2025 10:38:01.746 UTC,1.39788,1.39774,0.0018,0.0024
27.10.2025 10:38:01.850 UTC,1.39789,1.39775,0.00189,0.0012
27.10.2025 10:38:02.004 UTC,1.39789,1.39776,0.0012,0.00135
27.10.2025 10:38:02.107 UTC,1.39787,1.39777,0.0012,0.00135
27.10.2025 10:38:02.208 UTC,1.39787,1.39777,0.0012,0.0018
27.10.2025 10:38:08.357 UTC,1.39788,1.39776,0.0012,0.00135
27.10.2025 10:38:11.329 UTC,1.39788,1.39776,0.0012,0.0018
27.10.2025 10:38:11.433 UTC,1.39788,1.39777,0.0012,0.0024
27.10.2025 10:38:16.154 UTC,1.39789,1.39776,0.0018,0.00195
27.10.2025 10:38:16.258 UTC,1.39788,1.39775,0.0012,0.00285
27.10.2025 10:38:16.720 UTC,1.39787,1.39776,0.0012,0.0033
27.10.2025 10:38:17.376 UTC,1.39788,1.39775,0.0012,0.00285
27.10.2025 10:38:18.093 UTC,1.39787,1.39776,0.0012,0.00339
27.10.2025 10:38:19.208 UTC,1.39784,1.39771,0.0012,0.0012
27.10.2025 10:38:19.312 UTC,1.39784,1.3977,0.0012,0.0018
27.10.2025 10:38:20.120 UTC,1.39783,1.39769,0.0012,0.00315
27.10.2025 10:38:20.376 UTC,1.39783,1.39769,0.0018,0.0033
27.10.2025 10:38:21.081 UTC,1.39782,1.39768,0.0012,0.00369
27.10.2025 10:38:21.390 UTC,1.39781,1.39768,0.0012,0.00225
27.10.2025 10:38:21.544 UTC,1.3978,1.39769,0.0012,0.0018
27.10.2025 10:38:21.799 UTC,1.39781,1.39768,0.0012,0.00135
27.10.2025 10:38:22.556 UTC,1.39781,1.39768,0.0012,0.0012
27.10.2025 10:38:22.660 UTC,1.39782,1.39769,0.0018,0.0024
27.10.2025 10:38:22.764 UTC,1.39783,1.3977,0.0012,0.0018
27.10.2025 10:38:23.674 UTC,1.39781,1.39771,0.0018,0.0012
27.10.2025 10:38:24.631 UTC,1.39781,1.39769,0.00225,0.00315
27.10.2025 10:38:24.734 UTC,1.39782,1.39769,0.0018,0.0012
27.10.2025 10:38:24.938 UTC,1.39782,1.39769,0.0027,0.0012
27.10.2025 10:38:27.762 UTC,1.39781,1.3977,0.0027,0.0012
27.10.2025 10:38:28.721 UTC,1.3978,1.3977,0.0012,0.0012
27.10.2025 10:38:30.936 UTC,1.39783,1.39769,0.0018,0.00339
27.10.2025 10:38:35.009 UTC,1.39781,1.3977,0.00189,0.00195
27.10.2025 10:38:35.112 UTC,1.39781,1.39768,0.0012,0.0024
27.10.2025 10:38:36.074 UTC,1.39781,1.39769,0.0012,0.0018
27.10.2025 10:38:42.659 UTC,1.39781,1.39768,0.0012,0.00225
27.10.2025 10:38:42.861 UTC,1.39781,1.39768,0.0012,0.0024
27.10.2025 10:38:44.777 UTC,1.39783,1.39769,0.0012,0.00429
27.10.2025 10:38:45.790 UTC,1.39783,1.39769,0.0012,0.00384
27.10.2025 10:38:46.345 UTC,1.39784,1.3977,0.00279,0.00225
27.10.2025 10:38:46.649 UTC,1.39783,1.39771,0.00189,0.0024
27.10.2025 10:38:47.002 UTC,1.39783,1.39769,0.0012,0.00384
27.10.2025 10:38:50.567 UTC,1.39781,1.3977,0.0018,0.00195
27.10.2025 10:38:50.872 UTC,1.39782,1.39768,0.0018,0.00375
27.10.2025 10:38:58.076 UTC,1.39781,1.3977,0.0027,0.0012
27.10.2025 10:39:04.562 UTC,1.39784,1.3977,0.00324,0.0018
27.10.2025 10:39:04.665 UTC,1.39781,1.3977,0.0012,0.00285
27.10.2025 10:39:09.781 UTC,1.39782,1.39769,0.0018,0.0018
27.10.2025 10:39:15.953 UTC,1.39781,1.39768,0.0012,0.0027
27.10.2025 10:39:16.108 UTC,1.3978,1.39767,0.0012,0.00285
27.10.2025 10:39:16.211 UTC,1.3978,1.39768,0.00132,0.00285
27.10.2025 10:39:17.123 UTC,1.3978,1.39767,0.0012,0.0018
27.10.2025 10:39:17.326 UTC,1.3978,1.39768,0.00189,0.0018
27.10.2025 10:39:17.528 UTC,1.39779,1.39768,0.0012,0.0018
27.10.2025 10:39:18.282 UTC,1.39781,1.39767,0.00189,0.0018
27.10.2025 10:39:19.034 UTC,1.3978,1.39767,0.0012,0.0024
27.10.2025 10:39:19.137 UTC,1.3978,1.39767,0.0012,0.00195
27.10.2025 10:39:19.289 UTC,1.3978,1.39768,0.00189,0.00195
27.10.2025 10:39:21.964 UTC,1.39781,1.39767,0.00189,0.0024
27.10.2025 10:39:22.265 UTC,1.3978,1.39768,0.00189,0.00195
27.10.2025 10:39:22.971 UTC,1.3978,1.39768,0.00189,0.0024
27.10.2025 10:39:30.636 UTC,1.3978,1.39768,0.0018,0.00384
27.10.2025 10:39:31.498 UTC,1.39782,1.39768,0.00189,0.00375
27.10.2025 10:39:31.651 UTC,1.39781,1.39769,0.0018,0.00384
27.10.2025 10:39:32.809 UTC,1.39781,1.3977,0.0018,0.0012
27.10.2025 10:39:36.677 UTC,1.39781,1.39768,0.00132,0.0027
27.10.2025 10:39:36.832 UTC,1.39781,1.39768,0.00189,0.0018
27.10.2025 10:39:36.985 UTC,1.39781,1.39767,0.00189,0.00375
27.10.2025 10:39:39.606 UTC,1.39781,1.39767,0.00189,0.0033
27.10.2025 10:39:45.034 UTC,1.39781,1.39767,0.00189,0.00285
27.10.2025 10:39:48.445 UTC,1.3978,1.39767,0.00132,0.0018
27.10.2025 10:39:49.557 UTC,1.3978,1.39766,0.00189,0.0024
27.10.2025 10:39:50.213 UTC,1.39779,1.39767,0.00189,0.00195
27.10.2025 10:39:50.315 UTC,1.39779,1.39767,0.00189,0.0024
27.10.2025 10:39:50.517 UTC,1.3978,1.39766,0.00132,0.00195
27.10.2025 10:39:50.620 UTC,1.39779,1.39766,0.0012,0.00195
27.10.2025 10:39:50.722 UTC,1.39778,1.39767,0.0012,0.0024
27.10.2025 10:39:50.875 UTC,1.39779,1.39766,0.0012,0.00195
27.10.2025 10:39:51.180 UTC,1.3978,1.39766,0.00189,0.00195
27.10.2025 10:39:56.817 UTC,1.3978,1.39767,0.00189,0.00384
27.10.2025 10:40:02.991 UTC,1.39779,1.39768,0.0012,0.0012
27.10.2025 10:40:04.198 UTC,1.39781,1.39767,0.0018,0.0012
27.10.2025 10:40:05.809 UTC,1.39778,1.39768,0.0018,0.0012
27.10.2025 10:40:05.963 UTC,1.39779,1.39766,0.0012,0.00285
27.10.2025 10:40:07.174 UTC,1.39779,1.39766,0.0012,0.0024
27.10.2025 10:40:08.083 UTC,1.39779,1.39766,0.0012,0.00285
27.10.2025 10:40:08.188 UTC,1.39776,1.39766,0.0012,0.00195
27.10.2025 10:40:08.320 UTC,1.39779,1.39765,0.0012,0.00249
27.10.2025 10:40:08.424 UTC,1.39779,1.39768,0.0012,0.0018
27.10.2025 10:40:13.250 UTC,1.3978,1.39767,0.0012,0.00285
27.10.2025 10:40:15.062 UTC,1.3978,1.39767,0.0012,0.0033
27.10.2025 10:40:16.975 UTC,1.39779,1.39767,0.0012,0.0012
27.10.2025 10:40:17.079 UTC,1.39777,1.39768,0.0012,0.00135
27.10.2025 10:40:17.422 UTC,1.39778,1.39766,0.0012,0.00135
27.10.2025 10:40:17.525 UTC,1.39777,1.39767,0.0012,0.0018
27.10.2025 10:40:17.677 UTC,1.39778,1.39766,0.0012,0.00135
27.10.2025 10:40:17.831 UTC,1.39777,1.39767,0.0012,0.0018
27.10.2025 10:40:18.036 UTC,1.39775,1.39765,0.0012,0.0018
27.10.2025 10:40:20.308 UTC,1.39776,1.39763,0.0012,0.0024
27.10.2025 10:40:20.961 UTC,1.39775,1.39764,0.0012,0.00285
27.10.2025 10:40:21.466 UTC,1.39776,1.39763,0.0012,0.0027
27.10.2025 10:40:22.421 UTC,1.39776,1.39763,0.0012,0.00285
27.10.2025 10:40:22.674 UTC,1.39776,1.39763,0.0012,0.0027
27.10.2025 10:40:22.976 UTC,1.39776,1.39763,0.0012,0.00285
27.10.2025 10:40:23.078 UTC,1.39776,1.39763,0.0012,0.0027
27.10.2025 10:40:26.464 UTC,1.39773,1.39762,0.0018,0.00195
27.10.2025 10:40:26.569 UTC,1.39773,1.39762,0.0012,0.0018
27.10.2025 10:40:26.723 UTC,1.39773,1.39762,0.0012,0.00195
27.10.2025 10:40:26.826 UTC,1.39774,1.39761,0.0012,0.0018
27.10.2025 10:40:26.930 UTC,1.39774,1.39761,0.0012,0.0012
27.10.2025 10:40:27.896 UTC,1.39774,1.3976,0.00225,0.0018
27.10.2025 10:40:29.013 UTC,1.39774,1.3976,0.0012,0.00195
27.10.2025 10:40:29.166 UTC,1.39774,1.3976,0.0012,0.0018
27.10.2025 10:40:29.600 UTC,1.39774,1.3976,0.0012,0.00195
27.10.2025 10:40:32.489 UTC,1.39774,1.3976,0.0012,0.0024
27.10.2025 10:40:32.992 UTC,1.39774,1.3976,0.0012,0.00204
27.10.2025 10:40:33.195 UTC,1.39774,1.3976,0.0012,0.0024
27.10.2025 10:40:35.307 UTC,1.39774,1.3976,0.0012,0.00204
27.10.2025 10:40:35.509 UTC,1.39773,1.39761,0.0012,0.0024
27.10.2025 10:40:36.265 UTC,1.39774,1.3976,0.0012,0.00204
27.10.2025 10:40:36.367 UTC,1.39774,1.3976,0.0012,0.0024
27.10.2025 10:40:37.483 UTC,1.39775,1.3976,0.0018,0.0042
27.10.2025 10:40:38.822 UTC,1.39775,1.3976,0.00279,0.00387
27.10.2025 10:40:38.979 UTC,1.39774,1.3976,0.0012,0.00384
27.10.2025 10:40:39.082 UTC,1.39775,1.39761,0.00279,0.0012
27.10.2025 10:40:39.184 UTC,1.39774,1.39761,0.00279,0.00465
27.10.2025 10:40:39.389 UTC,1.39774,1.3976,0.0012,0.00384
27.10.2025 10:40:39.492 UTC,1.39774,1.39761,0.00279,0.00465
27.10.2025 10:40:40.607 UTC,1.39774,1.3976,0.0012,0.00465
27.10.2025 10:40:40.710 UTC,1.39775,1.3976,0.00189,0.00465
27.10.2025 10:40:41.067 UTC,1.39774,1.39761,0.0012,0.0018
27.10.2025 10:40:41.170 UTC,1.39775,1.3976,0.00189,0.00465
27.10.2025 10:40:41.933 UTC,1.39773,1.39761,0.0012,0.00465
27.10.2025 10:40:42.035 UTC,1.39775,1.3976,0.00189,0.00465
27.10.2025 10:40:42.238 UTC,1.39774,1.3976,0.0012,0.00465
27.10.2025 10:40:42.441 UTC,1.39774,1.39761,0.00189,0.00465
27.10.2025 10:40:48.827 UTC,1.39774,1.3976,0.0012,0.00465
27.10.2025 10:40:49.133 UTC,1.39776,1.39763,0.0012,0.00195
27.10.2025 10:40:49.186 UTC,1.39776,1.39763,0.0012,0.00225
27.10.2025 10:40:49.291 UTC,1.39775,1.39761,0.0018,0.00285
27.10.2025 10:40:55.154 UTC,1.39778,1.39765,0.0018,0.00135
27.10.2025 10:40:55.262 UTC,1.39779,1.39765,0.0027,0.0012
27.10.2025 10:40:56.327 UTC,1.39779,1.39766,0.0012,0.0012
27.10.2025 10:40:59.299 UTC,1.39778,1.39766,0.0012,0.00135
27.10.2025 10:40:59.452 UTC,1.39777,1.39766,0.0012,0.00135
27.10.2025 10:40:59.556 UTC,1.39776,1.39764,0.0012,0.0012
27.10.2025 10:40:59.659 UTC,1.39775,1.39762,0.0012,0.00375
27.10.2025 10:41:00.770 UTC,1.39776,1.39765,0.0012,0.00135
27.10.2025 10:41:00.872 UTC,1.39777,1.39765,0.0012,0.00135
27.10.2025 10:41:00.975 UTC,1.39777,1.39766,0.0012,0.0012
27.10.2025 10:41:02.617 UTC,1.39776,1.39765,0.0012,0.0012
27.10.2025 10:41:02.771 UTC,1.39776,1.39764,0.0012,0.0018
27.10.2025 10:41:09.803 UTC,1.39774,1.39762,0.0018,0.0012
27.10.2025 10:41:09.906 UTC,1.39774,1.39761,0.0012,0.0018
27.10.2025 10:41:10.009 UTC,1.39773,1.39762,0.0012,0.00135
27.10.2025 10:41:13.806 UTC,1.39773,1.39762,0.00132,0.00195
27.10.2025 10:41:22.441 UTC,1.39773,1.39761,0.0012,0.00195
27.10.2025 10:41:23.596 UTC,1.39773,1.39762,0.0012,0.00339
27.10.2025 10:41:23.700 UTC,1.39771,1.39761,0.0012,0.00135
27.10.2025 10:41:24.525 UTC,1.39771,1.3976,0.0012,0.0018
27.10.2025 10:41:25.381 UTC,1.39771,1.3976,0.0012,0.00195
27.10.2025 10:41:26.887 UTC,1.39771,1.3976,0.0012,0.0018
27.10.2025 10:41:27.090 UTC,1.39771,1.3976,0.0012,0.00195
27.10.2025 10:41:27.242 UTC,1.39771,1.3976,0.0012,0.0018
27.10.2025 10:41:31.567 UTC,1.39771,1.3976,0.0012,0.00195
27.10.2025 10:41:31.669 UTC,1.39771,1.3976,0.0012,0.0018
27.10.2025 10:41:32.071 UTC,1.39771,1.3976,0.0012,0.00195
27.10.2025 10:41:32.726 UTC,1.3977,1.39761,0.0012,0.0018
27.10.2025 10:41:32.828 UTC,1.39771,1.3976,0.0012,0.00195
27.10.2025 10:41:34.919 UTC,1.39771,1.39761,0.0018,0.00285
27.10.2025 10:41:36.580 UTC,1.39772,1.39761,0.0012,0.0012
27.10.2025 10:41:37.344 UTC,1.39771,1.39762,0.0012,0.0012
27.10.2025 10:41:37.447 UTC,1.39773,1.39761,0.0012,0.00195
27.10.2025 10:41:41.929 UTC,1.39773,1.39761,0.0012,0.0018
27.10.2025 10:41:42.883 UTC,1.39774,1.39761,0.0012,0.0042
27.10.2025 10:41:42.987 UTC,1.39775,1.39763,0.0012,0.0018
27.10.2025 10:41:43.039 UTC,1.39776,1.39764,0.0012,0.00294
27.10.2025 10:41:43.142 UTC,1.39776,1.39765,0.0012,0.00195
27.10.2025 10:41:44.634 UTC,1.39776,1.39764,0.00189,0.00195
27.10.2025 10:41:44.688 UTC,1.39774,1.39764,0.0012,0.0012
27.10.2025 10:41:44.741 UTC,1.39774,1.39762,0.0012,0.0012
27.10.2025 10:41:50.284 UTC,1.39774,1.39761,0.0012,0.0012
27.10.2025 10:42:00.293 UTC,1.39775,1.39761,0.00279,0.0012
27.10.2025 10:42:00.902 UTC,1.39774,1.39763,0.00279,0.0018
27.10.2025 10:42:01.005 UTC,1.39774,1.39763,0.00279,0.00135
27.10.2025 10:42:03.370 UTC,1.39771,1.39762,0.0012,0.00135
27.10.2025 10:42:03.577 UTC,1.39772,1.39759,0.0012,0.0012
27.10.2025 10:42:05.091 UTC,1.39771,1.39761,0.0018,0.0012
27.10.2025 10:42:05.293 UTC,1.39771,1.39759,0.0018,0.00285
27.10.2025 10:42:09.084 UTC,1.39772,1.3976,0.0018,0.00135
27.10.2025 10:42:09.697 UTC,1.39772,1.39761,0.0012,0.0012
27.10.2025 10:42:09.802 UTC,1.39771,1.39761,0.00189,0.0012
27.10.2025 10:42:15.509 UTC,1.3977,1.39759,0.00189,0.0018
27.10.2025 10:42:15.612 UTC,1.3977,1.39758,0.0012,0.00135
27.10.2025 10:42:15.717 UTC,1.3977,1.39759,0.00132,0.00135
27.10.2025 10:42:17.577 UTC,1.3977,1.39758,0.0012,0.0012
27.10.2025 10:42:17.682 UTC,1.39772,1.39758,0.0012,0.00249
27.10.2025 10:42:17.786 UTC,1.39773,1.3976,0.0018,0.00135
27.10.2025 10:42:17.889 UTC,1.39772,1.3976,0.0018,0.0012
27.10.2025 10:42:21.317 UTC,1.39772,1.39761,0.0018,0.0012
27.10.2025 10:42:24.679 UTC,1.39772,1.3976,0.0018,0.00135
27.10.2025 10:42:24.781 UTC,1.39772,1.39761,0.0018,0.0012
27.10.2025 10:42:26.187 UTC,1.39773,1.39763,0.00225,0.0012
27.10.2025 10:42:27.751 UTC,1.39778,1.39765,0.0024,0.0012
27.10.2025 10:42:27.853 UTC,1.39778,1.39766,0.0018,0.0012
27.10.2025 10:42:27.958 UTC,1.39778,1.39766,0.0012,0.0012
27.10.2025 10:42:30.779 UTC,1.39778,1.39768,0.0012,0.0012
27.10.2025 10:42:31.236 UTC,1.39779,1.39768,0.00132,0.0012
27.10.2025 10:42:35.463 UTC,1.39778,1.39768,0.0012,0.00135
27.10.2025 10:42:37.675 UTC,1.39778,1.39766,0.0018,0.0018
27.10.2025 10:42:39.764 UTC,1.39778,1.39768,0.00132,0.00135
27.10.2025 10:42:43.889 UTC,1.3978,1.39767,0.0012,0.00135
27.10.2025 10:42:46.560 UTC,1.39779,1.39769,0.0012,0.00135
27.10.2025 10:42:47.473 UTC,1.39781,1.39768,0.0018,0.00135
27.10.2025 10:42:47.833 UTC,1.39781,1.39769,0.0012,0.0024
27.10.2025 10:42:47.936 UTC,1.39781,1.39769,0.0012,0.00225
27.10.2025 10:42:49.935 UTC,1.39781,1.39769,0.0012,0.0033
27.10.2025 10:42:50.037 UTC,1.39781,1.39769,0.0012,0.00225
27.10.2025 10:42:51.396 UTC,1.39781,1.3977,0.0012,0.0024
27.10.2025 10:42:51.499 UTC,1.39781,1.3977,0.0012,0.00225
27.10.2025 10:42:57.523 UTC,1.39782,1.39769,0.0012,0.0024
27.10.2025 10:42:57.625 UTC,1.39781,1.3977,0.0012,0.00225
27.10.2025 10:42:57.729 UTC,1.39783,1.39771,0.0012,0.00135
27.10.2025 10:42:57.832 UTC,1.39781,1.39772,0.0012,0.0012
27.10.2025 10:42:57.987 UTC,1.39782,1.3977,0.0012,0.00135
27.10.2025 10:43:15.129 UTC,1.39783,1.39773,0.00135,0.00144
27.10.2025 10:43:15.235 UTC,1.39784,1.39771,0.0012,0.00144
27.10.2025 10:43:15.337 UTC,1.39784,1.39772,0.0012,0.00279
27.10.2025 10:43:15.442 UTC,1.39785,1.39777,0.0012,0.0012
27.10.2025 10:43:15.669 UTC,1.39789,1.39777,0.0012,0.0012
27.10.2025 10:43:16.283 UTC,1.39788,1.39777,0.0012,0.0012
27.10.2025 10:43:21.328 UTC,1.39789,1.39779,0.0012,0.0012
27.10.2025 10:43:27.151 UTC,1.39788,1.39779,0.0012,0.0012
27.10.2025 10:43:28.060 UTC,1.39791,1.39778,0.00225,0.0012
27.10.2025 10:43:41.485 UTC,1.39791,1.39778,0.00147,0.0012
27.10.2025 10:43:44.553 UTC,1.39789,1.39778,0.0012,0.0012
27.10.2025 10:43:47.067 UTC,1.3979,1.39778,0.0012,0.0012
27.10.2025 10:43:47.827 UTC,1.39791,1.39778,0.00189,0.0012
27.10.2025 10:43:50.849 UTC,1.39791,1.3978,0.0018,0.00135
27.10.2025 10:43:50.953 UTC,1.39792,1.3978,0.0012,0.00135
27.10.2025 10:43:52.086 UTC,1.39792,1.39781,0.0012,0.00144
27.10.2025 10:43:52.190 UTC,1.39792,1.3978,0.0012,0.00144
27.10.2025 10:44:09.803 UTC,1.39791,1.39779,0.0012,0.0012
27.10.2025 10:44:09.908 UTC,1.39789,1.39779,0.0012,0.00135
27.10.2025 10:44:09.965 UTC,1.39787,1.39779,0.0012,0.0012
27.10.2025 10:44:11.031 UTC,1.39788,1.39777,0.0012,0.0012
27.10.2025 10:44:11.736 UTC,1.39787,1.39776,0.0012,0.00135
27.10.2025 10:44:11.840 UTC,1.39787,1.39778,0.0012,0.0012
27.10.2025 10:44:20.303 UTC,1.3979,1.39777,0.00132,0.0012
27.10.2025 10:44:20.406 UTC,1.39791,1.39777,0.00234,0.00135
27.10.2025 10:44:24.330 UTC,1.39792,1.39778,0.00306,0.0012
27.10.2025 10:44:29.787 UTC,1.3979,1.39777,0.00204,0.0012
27.10.2025 10:44:29.890 UTC,1.39789,1.39777,0.00144,0.0012
27.10.2025 10:44:30.147 UTC,1.39789,1.39778,0.00132,0.00135
27.10.2025 10:44:30.250 UTC,1.39791,1.39777,0.0012,0.00135
27.10.2025 10:44:31.716 UTC,1.3979,1.39779,0.00135,0.0012
27.10.2025 10:44:31.819 UTC,1.39791,1.39779,0.00246,0.00135
27.10.2025 10:44:40.331 UTC,1.3979,1.39779,0.00144,0.0012
27.10.2025 10:44:45.561 UTC,1.39791,1.3978,0.00153,0.0012
27.10.2025 10:44:55.255 UTC,1.39792,1.3978,0.00306,0.0012
27.10.2025 10:45:00.332 UTC,1.39793,1.3978,0.00234,0.00135
27.10.2025 10:45:00.436 UTC,1.3979,1.3978,0.0012,0.0012
27.10.2025 10:45:00.539 UTC,1.39792,1.39778,0.00189,0.00135
27.10.2025 10:45:00.794 UTC,1.39791,1.39779,0.00237,0.00135
27.10.2025 10:45:01.052 UTC,1.3979,1.39779,0.00192,0.0012
27.10.2025 10:45:01.154 UTC,1.39791,1.39778,0.00132,0.0012
27.10.2025 10:45:01.256 UTC,1.3979,1.39778,0.00135,0.0012
27.10.2025 10:45:01.410 UTC,1.3979,1.39779,0.00132,0.0012
27.10.2025 10:45:01.513 UTC,1.39792,1.39778,0.00294,0.0012
27.10.2025 10:45:06.446 UTC,1.39792,1.39777,0.00309,0.00135
27.10.2025 10:45:06.601 UTC,1.39792,1.39778,0.00147,0.00135
27.10.2025 10:45:07.514 UTC,1.39792,1.39778,0.0027,0.0012
27.10.2025 10:45:20.354 UTC,1.3979,1.39779,0.00144,0.0012
27.10.2025 10:45:26.693 UTC,1.39791,1.39779,0.0012,0.00135
27.10.2025 10:45:26.848 UTC,1.39791,1.3978,0.0012,0.00225
27.10.2025 10:45:28.164 UTC,1.39792,1.39779,0.0012,0.0018
27.10.2025 10:45:28.292 UTC,1.39792,1.39781,0.0012,0.0012
27.10.2025 10:45:28.549 UTC,1.39792,1.39782,0.0018,0.0012
27.10.2025 10:45:29.867 UTC,1.39792,1.3978,0.0012,0.00135
27.10.2025 10:45:32.098 UTC,1.39793,1.3978,0.0012,0.00135
27.10.2025 10:45:32.202 UTC,1.39795,1.39782,0.00195,0.0012
27.10.2025 10:45:32.708 UTC,1.39794,1.39783,0.0018,0.0012
27.10.2025 10:45:32.812 UTC,1.39792,1.39783,0.0012,0.0012
27.10.2025 10:45:32.915 UTC,1.39794,1.39782,0.00144,0.0012
27.10.2025 10:45:35.829 UTC,1.39792,1.39781,0.00132,0.00135
27.10.2025 10:45:43.626 UTC,1.39793,1.3978,0.00192,0.0012
27.10.2025 10:45:43.730 UTC,1.39792,1.39778,0.00147,0.00135
27.10.2025 10:45:43.988 UTC,1.39792,1.39778,0.00144,0.00135
27.10.2025 10:45:44.292 UTC,1.39791,1.39779,0.00204,0.0012
27.10.2025 10:45:44.698 UTC,1.39792,1.39778,0.00144,0.0012
27.10.2025 10:45:45.502 UTC,1.39792,1.39778,0.00204,0.0012
27.10.2025 10:45:45.705 UTC,1.39791,1.39779,0.00234,0.0012
27.10.2025 10:45:45.807 UTC,1.39792,1.39778,0.00294,0.0012
27.10.2025 10:45:46.966 UTC,1.39792,1.39778,0.00234,0.0012
27.10.2025 10:45:47.118 UTC,1.39792,1.39778,0.00294,0.0012
27.10.2025 10:45:47.271 UTC,1.39792,1.39778,0.00234,0.0012
27.10.2025 10:45:47.473 UTC,1.39791,1.39779,0.00294,0.0012
27.10.2025 10:45:47.576 UTC,1.39792,1.39778,0.00234,0.00135
27.10.2025 10:45:48.481 UTC,1.39792,1.39778,0.00294,0.0012
27.10.2025 10:45:55.071 UTC,1.39792,1.39778,0.00279,0.00135
27.10.2025 10:45:56.527 UTC,1.39791,1.39778,0.0012,0.00135
27.10.2025 10:46:02.456 UTC,1.3979,1.39778,0.0012,0.0012
27.10.2025 10:46:16.903 UTC,1.39788,1.39776,0.0012,0.0012
27.10.2025 10:46:17.013 UTC,1.39786,1.39777,0.0012,0.0012
27.10.2025 10:46:17.116 UTC,1.39787,1.39775,0.0012,0.00135
27.10.2025 10:46:17.220 UTC,1.39788,1.39775,0.0012,0.0018
27.10.2025 10:46:29.714 UTC,1.39785,1.39775,0.00189,0.00135
27.10.2025 10:46:29.856 UTC,1.39785,1.39774,0.0012,0.0012
27.10.2025 10:46:56.239 UTC,1.39785,1.39773,0.0012,0.0012
27.10.2025 10:46:58.001 UTC,1.39786,1.39773,0.0012,0.0018
27.10.2025 10:46:58.105 UTC,1.39788,1.39777,0.00144,0.00135
27.10.2025 10:46:58.209 UTC,1.3979,1.39777,0.00132,0.0012
27.10.2025 10:46:58.567 UTC,1.39789,1.39777,0.0012,0.0012
27.10.2025 10:46:59.325 UTC,1.3979,1.39777,0.00132,0.00135
27.10.2025 10:46:59.428 UTC,1.39789,1.39777,0.0012,0.00135
27.10.2025 10:46:59.631 UTC,1.3979,1.39777,0.00132,0.00135
27.10.2025 10:46:59.835 UTC,1.39788,1.39778,0.0012,0.00135
27.10.2025 10:46:59.989 UTC,1.3979,1.39777,0.00132,0.00135
27.10.2025 10:47:00.092 UTC,1.39789,1.39777,0.0012,0.00135
27.10.2025 10:47:00.297 UTC,1.3979,1.39777,0.00132,0.00135
27.10.2025 10:47:00.501 UTC,1.39789,1.39777,0.0012,0.00135
27.10.2025 10:47:01.359 UTC,1.39789,1.39778,0.00132,0.00135
27.10.2025 10:47:01.462 UTC,1.39789,1.39777,0.0012,0.00135
27.10.2025 10:47:03.222 UTC,1.3979,1.39777,0.00132,0.0012
27.10.2025 10:47:03.525 UTC,1.39789,1.39777,0.0012,0.00135
27.10.2025 10:47:04.739 UTC,1.3979,1.39777,0.00132,0.00135
27.10.2025 10:47:04.944 UTC,1.39789,1.39777,0.0012,0.00135
27.10.2025 10:47:15.623 UTC,1.3979,1.39777,0.00189,0.00135
27.10.2025 10:47:15.726 UTC,1.3979,1.39777,0.00192,0.00135
27.10.2025 10:47:26.366 UTC,1.39787,1.39776,0.0012,0.0012
27.10.2025 10:47:26.470 UTC,1.39786,1.39775,0.00132,0.0018
27.10.2025 10:47:26.625 UTC,1.39787,1.39775,0.0012,0.0012
27.10.2025 10:47:28.944 UTC,1.39787,1.39776,0.0012,0.0012
27.10.2025 10:47:29.403 UTC,1.39787,1.39777,0.00132,0.0012
27.10.2025 10:47:29.759 UTC,1.39789,1.39778,0.0012,0.00144
27.10.2025 10:47:29.863 UTC,1.39792,1.3978,0.00195,0.0012
27.10.2025 10:47:29.966 UTC,1.39792,1.3978,0.0018,0.0012
27.10.2025 10:47:40.725 UTC,1.3979,1.39779,0.0012,0.0012
27.10.2025 10:47:40.878 UTC,1.39789,1.39779,0.0012,0.0012
27.10.2025 10:47:49.186 UTC,1.39792,1.39779,0.00225,0.00135
27.10.2025 10:47:49.289 UTC,1.39792,1.3978,0.0018,0.00135
27.10.2025 10:47:49.394 UTC,1.39795,1.39781,0.00375,0.00135
27.10.2025 10:47:49.497 UTC,1.39792,1.39781,0.0012,0.0012
27.10.2025 10:47:49.600 UTC,1.39792,1.3978,0.0012,0.0012
27.10.2025 10:47:52.831 UTC,1.39791,1.39779,0.0018,0.0012
27.10.2025 10:47:53.790 UTC,1.39792,1.3978,0.0018,0.00135
27.10.2025 10:47:53.944 UTC,1.3979,1.39781,0.0012,0.0012
27.10.2025 10:47:54.881 UTC,1.39792,1.3978,0.0012,0.00135
27.10.2025 10:47:58.405 UTC,1.39793,1.3978,0.0018,0.00135
27.10.2025 10:47:58.559 UTC,1.39792,1.3978,0.0012,0.0018
27.10.2025 10:48:00.179 UTC,1.39794,1.39782,0.0018,0.00189
27.10.2025 10:48:00.283 UTC,1.39792,1.39781,0.0018,0.0012
27.10.2025 10:48:00.387 UTC,1.39792,1.3978,0.0018,0.0012
27.10.2025 10:48:01.148 UTC,1.39792,1.39781,0.0018,0.00135
27.10.2025 10:48:01.250 UTC,1.39793,1.3978,0.0018,0.00195
27.10.2025 10:48:01.355 UTC,1.39793,1.3978,0.00225,0.00135
27.10.2025 10:48:01.458 UTC,1.39792,1.3978,0.0012,0.00135
27.10.2025 10:48:18.574 UTC,1.39794,1.39781,0.0012,0.00144
27.10.2025 10:48:18.728 UTC,1.39795,1.39783,0.00225,0.00132
27.10.2025 10:48:18.831 UTC,1.39794,1.39783,0.0012,0.00144
27.10.2025 10:48:22.488 UTC,1.39794,1.39782,0.0012,0.00144
27.10.2025 10:48:24.508 UTC,1.39793,1.39783,0.0012,0.00192
27.10.2025 10:48:24.609 UTC,1.39793,1.39783,0.0012,0.00144
27.10.2025 10:48:26.582 UTC,1.39794,1.39783,0.0012,0.00135
27.10.2025 10:48:27.344 UTC,1.39797,1.39784,0.0027,0.0012
27.10.2025 10:48:27.500 UTC,1.39798,1.39786,0.0012,0.0012
27.10.2025 10:48:28.611 UTC,1.39796,1.39787,0.0012,0.0012
27.10.2025 10:48:28.764 UTC,1.39796,1.39784,0.0012,0.00189
27.10.2025 10:48:30.374 UTC,1.39796,1.39783,0.0012,0.0012
27.10.2025 10:48:30.476 UTC,1.39797,1.39783,0.00144,0.0012
27.10.2025 10:48:30.579 UTC,1.39797,1.39784,0.00144,0.0012
27.10.2025 10:48:31.682 UTC,1.39797,1.39785,0.0018,0.00135
27.10.2025 10:48:31.988 UTC,1.39797,1.39784,0.0012,0.0018
27.10.2025 10:48:32.344 UTC,1.39797,1.39784,0.0012,0.00135
27.10.2025 10:48:32.447 UTC,1.39796,1.39785,0.0012,0.0018
27.10.2025 10:48:33.504 UTC,1.39797,1.39784,0.0012,0.00135
27.10.2025 10:48:33.607 UTC,1.39797,1.39784,0.0012,0.0018
27.10.2025 10:48:35.166 UTC,1.39798,1.39784,0.0012,0.0018
27.10.2025 10:48:35.268 UTC,1.39797,1.39784,0.0012,0.0018
27.10.2025 10:48:36.727 UTC,1.39797,1.39785,0.0012,0.00192
27.10.2025 10:48:36.830 UTC,1.39797,1.39787,0.0012,0.00135
27.10.2025 10:48:36.934 UTC,1.39797,1.39785,0.0012,0.00135
27.10.2025 10:48:38.144 UTC,1.39799,1.39786,0.0012,0.00249
27.10.2025 10:48:38.248 UTC,1.398,1.39786,0.00192,0.00249
27.10.2025 10:48:38.351 UTC,1.398,1.39786,0.00132,0.00384
27.10.2025 10:48:42.479 UTC,1.39799,1.39786,0.0012,0.00369
27.10.2025 10:48:42.582 UTC,1.39796,1.39786,0.0012,0.0024
27.10.2025 10:48:42.685 UTC,1.39797,1.39785,0.0012,0.0018
27.10.2025 10:48:42.787 UTC,1.39798,1.39786,0.0012,0.00135
27.10.2025 10:48:42.839 UTC,1.398,1.39786,0.00189,0.00135
27.10.2025 10:48:42.941 UTC,1.398,1.39786,0.00249,0.00135
27.10.2025 10:48:43.094 UTC,1.398,1.39786,0.00189,0.00135
27.10.2025 10:48:43.197 UTC,1.39798,1.39785,0.0012,0.00204
27.10.2025 10:48:43.300 UTC,1.39797,1.39785,0.0012,0.00135
27.10.2025 10:48:43.404 UTC,1.39798,1.39786,0.0012,0.00135
27.10.2025 10:48:43.506 UTC,1.398,1.39786,0.00225,0.00135
27.10.2025 10:48:44.583 UTC,1.39799,1.39786,0.0012,0.00135
27.10.2025 10:48:45.850 UTC,1.39796,1.39786,0.0012,0.00135
27.10.2025 10:48:46.107 UTC,1.39793,1.39784,0.0012,0.00225
27.10.2025 10:48:46.312 UTC,1.39794,1.39781,0.0012,0.0012
27.10.2025 10:48:47.474 UTC,1.39796,1.39783,0.0012,0.0012
27.10.2025 10:48:47.577 UTC,1.39795,1.39782,0.0012,0.00189
27.10.2025 10:48:47.680 UTC,1.39793,1.39783,0.0012,0.00279
27.10.2025 10:48:48.285 UTC,1.39794,1.39782,0.0012,0.00339
27.10.2025 10:48:48.840 UTC,1.39794,1.39782,0.0012,0.00324
27.10.2025 10:48:48.941 UTC,1.39794,1.39782,0.0012,0.00339
27.10.2025 10:48:49.093 UTC,1.39794,1.39782,0.0012,0.00324
27.10.2025 10:48:49.244 UTC,1.39795,1.39782,0.0012,0.00339
27.10.2025 10:48:50.604 UTC,1.39795,1.39782,0.0012,0.00234
27.10.2025 10:48:50.857 UTC,1.39795,1.39782,0.0012,0.00249
27.10.2025 10:48:52.612 UTC,1.39795,1.39782,0.0012,0.00234
27.10.2025 10:48:52.814 UTC,1.39795,1.39783,0.0012,0.0012
27.10.2025 10:48:55.375 UTC,1.39795,1.39782,0.0012,0.00234
27.10.2025 10:48:55.476 UTC,1.39795,1.39783,0.0012,0.0012
27.10.2025 10:48:56.431 UTC,1.39795,1.39782,0.0012,0.00234
27.10.2025 10:48:56.634 UTC,1.39794,1.39782,0.00135,0.0012
27.10.2025 10:48:56.738 UTC,1.39793,1.39781,0.0012,0.00135
27.10.2025 10:48:56.842 UTC,1.39791,1.3978,0.0012,0.00132
27.10.2025 10:48:56.975 UTC,1.39793,1.39779,0.00135,0.00144
27.10.2025 10:48:57.079 UTC,1.39792,1.39779,0.0018,0.0012
27.10.2025 10:49:19.648 UTC,1.39793,1.39779,0.00135,0.00339
27.10.2025 10:49:19.855 UTC,1.39792,1.39782,0.0012,0.00135
27.10.2025 10:49:20.310 UTC,1.39795,1.39781,0.00249,0.0012
27.10.2025 10:49:20.416 UTC,1.39797,1.39784,0.0024,0.0012
27.10.2025 10:49:20.520 UTC,1.398,1.39786,0.00225,0.0012
27.10.2025 10:49:20.624 UTC,1.39801,1.39787,0.00132,0.0012
27.10.2025 10:49:20.777 UTC,1.39802,1.39787,0.00327,0.0012
27.10.2025 10:49:21.752 UTC,1.39801,1.39788,0.00324,0.00132
27.10.2025 10:49:22.356 UTC,1.39802,1.39787,0.00246,0.00132
27.10.2025 10:49:25.573 UTC,1.39802,1.39787,0.00249,0.0018
27.10.2025 10:49:26.231 UTC,1.39802,1.39788,0.00159,0.0012
27.10.2025 10:49:29.300 UTC,1.39801,1.39788,0.00219,0.00135
27.10.2025 10:49:29.404 UTC,1.39802,1.39787,0.00219,0.0012
27.10.2025 10:49:32.333 UTC,1.39801,1.39787,0.00264,0.00135
27.10.2025 10:49:32.434 UTC,1.398,1.39788,0.00309,0.00135
27.10.2025 10:49:32.536 UTC,1.398,1.39787,0.00108,0.0012
27.10.2025 10:49:32.740 UTC,1.39799,1.39788,0.00144,0.0012
27.10.2025 10:49:34.041 UTC,1.398,1.39786,0.00309,0.0012
27.10.2025 10:49:34.150 UTC,1.39798,1.39786,0.00132,0.0012
27.10.2025 10:49:34.254 UTC,1.39798,1.39787,0.00108,0.00135
27.10.2025 10:49:34.512 UTC,1.39798,1.39786,0.00147,0.00135
27.10.2025 10:49:34.616 UTC,1.39797,1.39786,0.00147,0.0012
27.10.2025 10:49:34.719 UTC,1.39798,1.39786,0.00192,0.00135
27.10.2025 10:49:38.905 UTC,1.39798,1.39785,0.00192,0.0012
27.10.2025 10:49:43.159 UTC,1.39798,1.39785,0.00132,0.0012
27.10.2025 10:49:44.515 UTC,1.39799,1.39785,0.00252,0.00135
27.10.2025 10:49:46.761 UTC,1.39794,1.39784,0.00147,0.0012
27.10.2025 10:49:46.918 UTC,1.39795,1.39781,0.00252,0.0018
27.10.2025 10:49:47.022 UTC,1.39794,1.39782,0.00252,0.00135
27.10.2025 10:49:48.836 UTC,1.39795,1.39782,0.0018,0.00234
27.10.2025 10:49:48.941 UTC,1.39797,1.39784,0.00387,0.0012
27.10.2025 10:49:49.044 UTC,1.39797,1.39783,0.00252,0.00135
27.10.2025 10:49:53.132 UTC,1.39796,1.39782,0.00477,0.00249
27.10.2025 10:49:55.399 UTC,1.39797,1.39782,0.00297,0.0018
27.10.2025 10:49:55.551 UTC,1.39796,1.39782,0.00132,0.00135
27.10.2025 10:49:56.305 UTC,1.39796,1.39784,0.00252,0.0012
27.10.2025 10:49:56.809 UTC,1.39797,1.39782,0.00249,0.00234
27.10.2025 10:49:56.913 UTC,1.39797,1.39785,0.00192,0.0018
27.10.2025 10:49:57.017 UTC,1.39798,1.39784,0.00132,0.00135
27.10.2025 10:49:57.421 UTC,1.39799,1.39784,0.00477,0.0024
27.10.2025 10:49:58.581 UTC,1.398,1.39786,0.00285,0.0012
27.10.2025 10:49:58.685 UTC,1.39799,1.39788,0.0012,0.0012
27.10.2025 10:49:58.966 UTC,1.398,1.39788,0.00324,0.0012
27.10.2025 10:50:00.683 UTC,1.39799,1.39785,0.00132,0.00135
27.10.2025 10:50:00.786 UTC,1.398,1.39785,0.00297,0.0018
27.10.2025 10:50:03.155 UTC,1.39798,1.39785,0.00369,0.00192
27.10.2025 10:50:03.258 UTC,1.39796,1.39784,0.0012,0.00249
27.10.2025 10:50:03.515 UTC,1.39798,1.39784,0.0018,0.00204
27.10.2025 10:50:03.618 UTC,1.398,1.39785,0.00342,0.0024
27.10.2025 10:50:03.723 UTC,1.39799,1.39786,0.00249,0.00249
27.10.2025 10:50:04.883 UTC,1.39799,1.39785,0.0012,0.00144
27.10.2025 10:50:04.986 UTC,1.39798,1.39785,0.00324,0.00192
27.10.2025 10:50:05.089 UTC,1.39799,1.39784,0.00339,0.00249
27.10.2025 10:50:08.174 UTC,1.39795,1.39783,0.00144,0.00234
27.10.2025 10:50:08.278 UTC,1.39796,1.39782,0.00192,0.00234
27.10.2025 10:50:10.149 UTC,1.39795,1.39783,0.00192,0.00192
27.10.2025 10:50:20.058 UTC,1.39796,1.39782,0.00207,0.00234
27.10.2025 10:50:23.461 UTC,1.39796,1.39783,0.00192,0.00135
27.10.2025 10:50:25.424 UTC,1.39795,1.39783,0.00204,0.00234
27.10.2025 10:50:25.526 UTC,1.39795,1.39784,0.00192,0.00135
27.10.2025 10:50:26.485 UTC,1.39794,1.39783,0.0018,0.00234
27.10.2025 10:50:31.013 UTC,1.39795,1.39782,0.0018,0.00249
27.10.2025 10:50:31.618 UTC,1.39795,1.39782,0.0018,0.00234
27.10.2025 10:50:31.721 UTC,1.39795,1.39782,0.0018,0.00249
27.10.2025 10:50:31.874 UTC,1.39794,1.39783,0.0018,0.00234
27.10.2025 10:50:34.046 UTC,1.39794,1.39783,0.0018,0.00249
27.10.2025 10:50:35.240 UTC,1.39795,1.39782,0.0018,0.00144
27.10.2025 10:50:35.392 UTC,1.39795,1.39782,0.0018,0.00249
27.10.2025 10:50:35.493 UTC,1.39795,1.39782,0.0018,0.00234
27.10.2025 10:50:35.799 UTC,1.39796,1.39782,0.00192,0.00249
27.10.2025 10:50:36.762 UTC,1.39794,1.39783,0.0018,0.00234
27.10.2025 10:50:37.418 UTC,1.39795,1.39782,0.0018,0.00249
27.10.2025 10:50:38.424 UTC,1.39794,1.39783,0.0018,0.00234
27.10.2025 10:50:39.787 UTC,1.39795,1.39782,0.0018,0.00192
27.10.2025 10:50:39.890 UTC,1.39795,1.39782,0.0018,0.00144
27.10.2025 10:50:40.245 UTC,1.39795,1.39782,0.0018,0.00192
27.10.2025 10:50:40.398 UTC,1.39795,1.39782,0.0018,0.00144
27.10.2025 10:50:40.499 UTC,1.39795,1.39782,0.0018,0.00192
27.10.2025 10:50:40.803 UTC,1.39795,1.39782,0.0018,0.00132
27.10.2025 10:50:41.057 UTC,1.39795,1.39782,0.0018,0.00192
27.10.2025 10:50:41.309 UTC,1.39794,1.39783,0.0018,0.00144
27.10.2025 10:50:41.462 UTC,1.39794,1.39783,0.0018,0.00192
27.10.2025 10:50:41.616 UTC,1.39796,1.39782,0.00294,0.00144
27.10.2025 10:50:41.768 UTC,1.39794,1.39783,0.0018,0.00147
27.10.2025 10:50:41.871 UTC,1.39795,1.39782,0.0018,0.00144
27.10.2025 10:50:42.023 UTC,1.39796,1.39782,0.00249,0.00249
27.10.2025 10:50:42.226 UTC,1.39795,1.39782,0.0018,0.00144
27.10.2025 10:50:42.328 UTC,1.39796,1.39782,0.00249,0.00192
27.10.2025 10:50:42.585 UTC,1.39799,1.39784,0.0024,0.00234
27.10.2025 10:50:42.689 UTC,1.39798,1.39785,0.00135,0.00225
27.10.2025 10:50:44.608 UTC,1.39797,1.39785,0.00135,0.0012
27.10.2025 10:50:44.712 UTC,1.39797,1.39784,0.00135,0.0012
27.10.2025 10:50:44.763 UTC,1.39797,1.39784,0.0018,0.0012
27.10.2025 10:50:45.068 UTC,1.39796,1.39785,0.0018,0.0024
27.10.2025 10:50:45.852 UTC,1.39797,1.39786,0.0018,0.00192
27.10.2025 10:50:46.005 UTC,1.39797,1.39785,0.0012,0.0018
27.10.2025 10:50:46.211 UTC,1.39799,1.39785,0.0018,0.00249
27.10.2025 10:50:46.315 UTC,1.39799,1.39786,0.0018,0.0018
27.10.2025 10:50:46.417 UTC,1.39798,1.39786,0.00135,0.00339
27.10.2025 10:50:46.722 UTC,1.39799,1.39785,0.00135,0.00339
27.10.2025 10:50:48.281 UTC,1.39798,1.39785,0.00135,0.00249
27.10.2025 10:50:48.485 UTC,1.39797,1.39786,0.0012,0.00144
27.10.2025 10:50:50.043 UTC,1.39798,1.39785,0.0012,0.00192
27.10.2025 10:50:53.107 UTC,1.39796,1.39785,0.0012,0.0024
27.10.2025 10:50:53.210 UTC,1.39797,1.39783,0.0018,0.00192
27.10.2025 10:50:57.062 UTC,1.39796,1.39786,0.0012,0.0012
27.10.2025 10:50:57.167 UTC,1.39798,1.39786,0.00225,0.0018
27.10.2025 10:50:57.219 UTC,1.39797,1.39785,0.0012,0.00225
27.10.2025 10:50:58.078 UTC,1.39798,1.39785,0.00135,0.00135
27.10.2025 10:50:58.280 UTC,1.39797,1.39785,0.0012,0.00135
27.10.2025 10:50:58.939 UTC,1.39797,1.39784,0.00135,0.00144
27.10.2025 10:51:02.859 UTC,1.39797,1.39784,0.00225,0.00192
27.10.2025 10:51:02.960 UTC,1.39797,1.39784,0.00225,0.00144
27.10.2025 10:51:05.470 UTC,1.39795,1.39784,0.0012,0.0018
27.10.2025 10:51:05.572 UTC,1.39796,1.39782,0.0012,0.00192
27.10.2025 10:51:05.676 UTC,1.39793,1.39781,0.0012,0.00252
27.10.2025 10:51:05.933 UTC,1.39794,1.39781,0.0012,0.00144
27.10.2025 10:51:06.236 UTC,1.39794,1.39781,0.0012,0.00249
27.10.2025 10:51:06.340 UTC,1.39793,1.39782,0.0012,0.00234
27.10.2025 10:51:07.201 UTC,1.39795,1.39781,0.00225,0.00144
27.10.2025 10:51:07.304 UTC,1.39794,1.39783,0.00135,0.0012
27.10.2025 10:51:16.159 UTC,1.39795,1.39782,0.00135,0.0018
27.10.2025 10:51:17.920 UTC,1.39796,1.39783,0.0018,0.0018
27.10.2025 10:51:18.076 UTC,1.39796,1.39783,0.0012,0.0018
27.10.2025 10:51:18.179 UTC,1.39796,1.39783,0.0012,0.00135
27.10.2025 10:51:18.282 UTC,1.39796,1.39782,0.0024,0.00339
27.10.2025 10:51:18.890 UTC,1.39796,1.39782,0.0024,0.00294
27.10.2025 10:51:18.993 UTC,1.39796,1.39782,0.0024,0.00342
27.10.2025 10:51:19.197 UTC,1.39796,1.39782,0.0024,0.00294
27.10.2025 10:51:19.299 UTC,1.39796,1.39782,0.0024,0.00339
27.10.2025 10:51:20.055 UTC,1.39796,1.39783,0.0018,0.00192
27.10.2025 10:51:20.109 UTC,1.39797,1.39785,0.00135,0.00135
27.10.2025 10:51:20.212 UTC,1.39797,1.39786,0.00225,0.00135
27.10.2025 10:51:20.365 UTC,1.39796,1.39785,0.0012,0.00249
27.10.2025 10:51:20.471 UTC,1.39797,1.39783,0.00225,0.00252
27.10.2025 10:51:20.574 UTC,1.39797,1.39783,0.00225,0.00207
27.10.2025 10:51:20.929 UTC,1.39795,1.39784,0.0012,0.00249
27.10.2025 10:51:20.981 UTC,1.39795,1.39784,0.00135,0.00135
27.10.2025 10:51:21.107 UTC,1.39796,1.39783,0.0018,0.00144
27.10.2025 10:51:21.462 UTC,1.39796,1.39782,0.0018,0.00297
27.10.2025 10:51:23.123 UTC,1.39796,1.39782,0.0018,0.00249
27.10.2025 10:51:27.941 UTC,1.39796,1.39784,0.0018,0.0012
27.10.2025 10:51:28.295 UTC,1.39795,1.39783,0.0018,0.00249
27.10.2025 10:51:29.706 UTC,1.39797,1.39783,0.0024,0.0024
27.10.2025 10:51:29.810 UTC,1.39796,1.39785,0.0024,0.00135
27.10.2025 10:51:29.861 UTC,1.39797,1.39784,0.0018,0.00135
27.10.2025 10:51:30.877 UTC,1.39797,1.39783,0.00294,0.00135
27.10.2025 10:51:30.980 UTC,1.39796,1.39785,0.00234,0.00135
27.10.2025 10:51:32.886 UTC,1.39795,1.39782,0.0012,0.00249
27.10.2025 10:51:35.253 UTC,1.39795,1.39782,0.00135,0.00234
27.10.2025 10:51:36.356 UTC,1.39795,1.39782,0.00135,0.00249
27.10.2025 10:51:38.521 UTC,1.39795,1.39782,0.00135,0.00144
27.10.2025 10:51:41.033 UTC,1.39794,1.39783,0.00135,0.00168
27.10.2025 10:51:41.136 UTC,1.39793,1.3978,0.0012,0.00249
27.10.2025 10:51:41.240 UTC,1.39794,1.3978,0.00234,0.00249
27.10.2025 10:51:41.645 UTC,1.39793,1.39781,0.00234,0.00132
27.10.2025 10:51:43.158 UTC,1.39793,1.3978,0.00279,0.00342
27.10.2025 10:51:43.311 UTC,1.39793,1.3978,0.00234,0.00297
27.10.2025 10:51:43.966 UTC,1.39794,1.39779,0.00234,0.00342
27.10.2025 10:51:44.168 UTC,1.39793,1.3978,0.00234,0.00342
27.10.2025 10:51:44.521 UTC,1.39793,1.39781,0.00279,0.00132
27.10.2025 10:51:45.129 UTC,1.39794,1.3978,0.00234,0.00249
27.10.2025 10:51:46.740 UTC,1.39792,1.39781,0.0012,0.0018
27.10.2025 10:51:46.844 UTC,1.39792,1.39779,0.00132,0.0018
27.10.2025 10:51:46.947 UTC,1.39792,1.39779,0.00192,0.0018
27.10.2025 10:51:47.050 UTC,1.39792,1.39779,0.00144,0.00195
27.10.2025 10:51:47.152 UTC,1.39792,1.39779,0.00144,0.0018
27.10.2025 10:51:47.659 UTC,1.39795,1.3978,0.00339,0.00192
27.10.2025 10:51:47.762 UTC,1.39795,1.39781,0.00324,0.00135
27.10.2025 10:51:47.965 UTC,1.39793,1.39782,0.0012,0.00135
27.10.2025 10:51:48.569 UTC,1.39793,1.39782,0.0012,0.0018
27.10.2025 10:51:50.382 UTC,1.39794,1.39782,0.00234,0.0018
27.10.2025 10:51:50.587 UTC,1.39796,1.39781,0.0024,0.00264
27.10.2025 10:51:50.691 UTC,1.39798,1.39784,0.00249,0.0012
27.10.2025 10:51:50.742 UTC,1.39798,1.39785,0.0024,0.0012
27.10.2025 10:51:51.351 UTC,1.39799,1.39785,0.00249,0.0018
27.10.2025 10:51:53.665 UTC,1.39797,1.39784,0.00132,0.00135
27.10.2025 10:51:53.769 UTC,1.39796,1.39784,0.00249,0.0024
27.10.2025 10:51:56.288 UTC,1.39797,1.39783,0.00234,0.0033
27.10.2025 10:51:56.746 UTC,1.39797,1.39783,0.00225,0.00339
27.10.2025 10:51:56.847 UTC,1.39797,1.39784,0.00225,0.00135
27.10.2025 10:51:57.000 UTC,1.39797,1.39784,0.00225,0.0018
27.10.2025 10:51:57.102 UTC,1.39797,1.39784,0.00225,0.00135
27.10.2025 10:51:57.304 UTC,1.39797,1.39784,0.00225,0.0018
27.10.2025 10:51:58.780 UTC,1.39797,1.39786,0.00135,0.0018
27.10.2025 10:51:59.840 UTC,1.39797,1.39786,0.0012,0.00135
27.10.2025 10:52:01.552 UTC,1.39799,1.39785,0.00234,0.00135
27.10.2025 10:52:01.655 UTC,1.39799,1.39785,0.00234,0.0018
27.10.2025 10:52:04.321 UTC,1.398,1.39789,0.0018,0.00144
27.10.2025 10:52:04.424 UTC,1.39801,1.39789,0.00189,0.00144
27.10.2025 10:52:05.233 UTC,1.39801,1.39787,0.0012,0.00252
27.10.2025 10:52:13.310 UTC,1.39801,1.39788,0.0012,0.0018
27.10.2025 10:52:13.464 UTC,1.398,1.39789,0.0012,0.00135
27.10.2025 10:52:15.077 UTC,1.398,1.39788,0.0024,0.0024
27.10.2025 10:52:18.092 UTC,1.39801,1.39787,0.00285,0.00225
27.10.2025 10:52:18.194 UTC,1.39801,1.39787,0.0024,0.0024
27.10.2025 10:52:23.999 UTC,1.39801,1.39787,0.00285,0.00135
27.10.2025 10:52:24.101 UTC,1.39801,1.39787,0.0024,0.0012
27.10.2025 10:52:24.204 UTC,1.398,1.39788,0.0024,0.0012
27.10.2025 10:52:24.406 UTC,1.398,1.39788,0.0024,0.0018
27.10.2025 10:52:26.266 UTC,1.398,1.39787,0.00135,0.00135
27.10.2025 10:52:27.825 UTC,1.39801,1.39788,0.0018,0.0012
27.10.2025 10:52:27.877 UTC,1.39801,1.39788,0.0018,0.0018
27.10.2025 10:52:27.980 UTC,1.39801,1.39788,0.0012,0.0024
27.10.2025 10:52:28.083 UTC,1.39801,1.39788,0.00135,0.0018
27.10.2025 10:52:28.889 UTC,1.39801,1.39787,0.00135,0.0024
27.10.2025 10:52:28.993 UTC,1.398,1.39786,0.00135,0.0024
27.10.2025 10:52:29.249 UTC,1.39799,1.39787,0.00135,0.00195
27.10.2025 10:52:29.553 UTC,1.39799,1.39787,0.00135,0.0024
27.10.2025 10:52:33.172 UTC,1.398,1.39786,0.00234,0.00135
27.10.2025 10:52:33.325 UTC,1.398,1.39786,0.00234,0.0018
27.10.2025 10:52:34.566 UTC,1.398,1.39786,0.00234,0.00135
27.10.2025 10:52:35.823 UTC,1.398,1.39786,0.00234,0.0018
27.10.2025 10:52:35.929 UTC,1.39799,1.39788,0.0018,0.0012
27.10.2025 10:52:36.082 UTC,1.398,1.39787,0.0018,0.0018
27.10.2025 10:52:37.039 UTC,1.398,1.39787,0.0018,0.0024
27.10.2025 10:52:40.249 UTC,1.39799,1.39788,0.00135,0.0024
27.10.2025 10:52:42.106 UTC,1.39801,1.39787,0.00249,0.00225
27.10.2025 10:52:42.358 UTC,1.398,1.39788,0.00249,0.0024
27.10.2025 10:52:45.669 UTC,1.398,1.39788,0.00249,0.00225
27.10.2025 10:52:49.124 UTC,1.39801,1.39787,0.00249,0.0024
27.10.2025 10:52:54.752 UTC,1.39801,1.39788,0.00135,0.00225
27.10.2025 10:52:55.157 UTC,1.39804,1.3979,0.00249,0.00135
27.10.2025 10:52:55.211 UTC,1.39804,1.3979,0.00237,0.00225
27.10.2025 10:52:55.314 UTC,1.39804,1.3979,0.00297,0.00135
27.10.2025 10:52:55.781 UTC,1.39801,1.3979,0.00192,0.0012
27.10.2025 10:52:59.499 UTC,1.39801,1.39788,0.00159,0.0012
27.10.2025 10:52:59.602 UTC,1.398,1.39787,0.00192,0.0012
27.10.2025 10:52:59.706 UTC,1.39799,1.39787,0.00192,0.00135
27.10.2025 10:53:01.218 UTC,1.39801,1.39788,0.0018,0.00135
27.10.2025 10:53:01.271 UTC,1.39802,1.39789,0.00192,0.0012
27.10.2025 10:53:01.374 UTC,1.39802,1.39788,0.00216,0.0012
27.10.2025 10:53:01.477 UTC,1.398,1.39789,0.00168,0.00135
27.10.2025 10:53:01.885 UTC,1.39801,1.39788,0.00156,0.00135
27.10.2025 10:53:03.251 UTC,1.39801,1.39788,0.00198,0.0012
27.10.2025 10:53:03.405 UTC,1.39801,1.39788,0.00201,0.0012
27.10.2025 10:53:03.557 UTC,1.39801,1.39788,0.00198,0.0012
27.10.2025 10:53:03.710 UTC,1.39801,1.39788,0.00201,0.0012
27.10.2025 10:53:04.516 UTC,1.39802,1.39788,0.0018,0.0018
27.10.2025 10:53:04.621 UTC,1.39803,1.39789,0.00291,0.00225
27.10.2025 10:53:04.674 UTC,1.39801,1.39789,0.00213,0.0012
27.10.2025 10:53:07.552 UTC,1.39802,1.3979,0.00261,0.00225
27.10.2025 10:53:07.655 UTC,1.39803,1.39789,0.00264,0.00135
27.10.2025 10:53:11.149 UTC,1.398,1.39789,0.00144,0.0012
27.10.2025 10:53:11.305 UTC,1.39801,1.39788,0.00192,0.0012
27.10.2025 10:53:11.618 UTC,1.39801,1.3979,0.0018,0.0018
27.10.2025 10:53:11.720 UTC,1.39802,1.39789,0.00135,0.00225
27.10.2025 10:53:12.329 UTC,1.39801,1.3979,0.00135,0.0024
27.10.2025 10:53:12.631 UTC,1.39801,1.3979,0.00135,0.00225
27.10.2025 10:53:12.933 UTC,1.39801,1.3979,0.0018,0.00225
27.10.2025 10:53:16.752 UTC,1.39801,1.3979,0.0012,0.00225
27.10.2025 10:53:16.855 UTC,1.39801,1.3979,0.0012,0.0024
27.10.2025 10:53:17.209 UTC,1.39802,1.39789,0.0012,0.00225
27.10.2025 10:53:18.265 UTC,1.39803,1.3979,0.00144,0.0012
27.10.2025 10:53:18.369 UTC,1.39805,1.39792,0.00132,0.0012
27.10.2025 10:53:18.471 UTC,1.39805,1.39792,0.00204,0.0012
27.10.2025 10:53:18.625 UTC,1.39804,1.39792,0.00192,0.00315
27.10.2025 10:53:18.777 UTC,1.39805,1.39792,0.00192,0.0012
27.10.2025 10:53:19.532 UTC,1.39805,1.39791,0.00192,0.00315
27.10.2025 10:53:19.785 UTC,1.39805,1.39792,0.00192,0.0012
27.10.2025 10:53:20.545 UTC,1.39805,1.39791,0.00192,0.00315
27.10.2025 10:53:21.062 UTC,1.39805,1.39791,0.00192,0.0033
27.10.2025 10:53:21.163 UTC,1.39805,1.39791,0.00204,0.00315
27.10.2025 10:53:25.125 UTC,1.39804,1.39792,0.00144,0.0033
27.10.2025 10:53:30.642 UTC,1.39805,1.39791,0.00189,0.00315
27.10.2025 10:53:31.395 UTC,1.39805,1.39792,0.00144,0.00135
27.10.2025 10:53:35.096 UTC,1.39801,1.39792,0.0012,0.0018
27.10.2025 10:53:35.302 UTC,1.39802,1.3979,0.0012,0.0012
27.10.2025 10:53:36.513 UTC,1.39803,1.3979,0.00132,0.00135
27.10.2025 10:53:36.666 UTC,1.39802,1.3979,0.0012,0.0012
27.10.2025 10:53:43.457 UTC,1.39801,1.39789,0.0012,0.0012
27.10.2025 10:53:43.562 UTC,1.39801,1.39788,0.00132,0.00135
27.10.2025 10:53:43.665 UTC,1.398,1.39788,0.0012,0.0012
27.10.2025 10:53:49.831 UTC,1.39801,1.39788,0.00189,0.0012
27.10.2025 10:54:01.092 UTC,1.39801,1.3979,0.0012,0.00135
27.10.2025 10:54:01.220 UTC,1.39803,1.39789,0.00204,0.00225
27.10.2025 10:54:01.373 UTC,1.39803,1.39789,0.00108,0.0018
27.10.2025 10:54:01.779 UTC,1.39802,1.3979,0.00192,0.0012
27.10.2025 10:54:02.186 UTC,1.39802,1.39788,0.00144,0.00135
27.10.2025 10:54:02.796 UTC,1.39803,1.39789,0.00198,0.0012
27.10.2025 10:54:02.900 UTC,1.39802,1.3979,0.00132,0.0024
27.10.2025 10:54:03.104 UTC,1.39803,1.39789,0.00108,0.00225
27.10.2025 10:54:07.322 UTC,1.39803,1.39789,0.00144,0.0012
27.10.2025 10:54:11.188 UTC,1.39803,1.39789,0.00189,0.00225
27.10.2025 10:54:11.644 UTC,1.39802,1.39789,0.0012,0.00135
27.10.2025 10:54:12.152 UTC,1.39802,1.39789,0.0018,0.00225
27.10.2025 10:54:12.255 UTC,1.39802,1.39789,0.00135,0.00135
27.10.2025 10:54:13.101 UTC,1.39801,1.3979,0.0018,0.00135
27.10.2025 10:54:15.218 UTC,1.39802,1.39789,0.0012,0.00135
27.10.2025 10:54:23.337 UTC,1.39802,1.3979,0.00189,0.00225
27.10.2025 10:54:25.847 UTC,1.39803,1.39792,0.0012,0.0012
27.10.2025 10:54:25.951 UTC,1.39804,1.39793,0.00204,0.0012
27.10.2025 10:54:26.002 UTC,1.39804,1.39793,0.00144,0.0012
27.10.2025 10:54:26.358 UTC,1.39804,1.39791,0.00132,0.00135
27.10.2025 10:54:26.919 UTC,1.39802,1.3979,0.0012,0.0018
27.10.2025 10:54:27.124 UTC,1.39802,1.39789,0.0012,0.00135
27.10.2025 10:54:27.279 UTC,1.39803,1.39789,0.00132,0.00315
27.10.2025 10:54:30.658 UTC,1.39804,1.39789,0.00264,0.0018
27.10.2025 10:54:30.760 UTC,1.39803,1.39789,0.00108,0.00135
27.10.2025 10:54:31.065 UTC,1.39805,1.39792,0.00204,0.0012
27.10.2025 10:54:31.168 UTC,1.39806,1.39794,0.00441,0.0018
27.10.2025 10:54:31.219 UTC,1.39806,1.39794,0.00426,0.0018
27.10.2025 10:54:31.323 UTC,1.39806,1.39794,0.00261,0.0012
27.10.2025 10:54:32.079 UTC,1.39804,1.39792,0.00354,0.0012
27.10.2025 10:54:32.182 UTC,1.39804,1.3979,0.00192,0.00225
27.10.2025 10:54:32.286 UTC,1.39803,1.39789,0.00189,0.0012
27.10.2025 10:54:40.593 UTC,1.39803,1.39789,0.00144,0.00225
27.10.2025 10:54:41.604 UTC,1.39803,1.39789,0.00108,0.00225
27.10.2025 10:54:42.661 UTC,1.39802,1.3979,0.00144,0.00135
27.10.2025 10:54:44.279 UTC,1.39802,1.39789,0.0012,0.0018
27.10.2025 10:54:44.481 UTC,1.39801,1.3979,0.0012,0.00225
27.10.2025 10:54:44.935 UTC,1.39802,1.39789,0.0012,0.0024
27.10.2025 10:54:46.397 UTC,1.39802,1.39789,0.0012,0.0018
27.10.2025 10:54:47.554 UTC,1.39801,1.39789,0.00132,0.0012
27.10.2025 10:54:50.351 UTC,1.398,1.39789,0.0012,0.0012
27.10.2025 10:54:51.307 UTC,1.398,1.39787,0.0012,0.00225
27.10.2025 10:54:51.911 UTC,1.39801,1.39787,0.00189,0.00315
27.10.2025 10:54:52.065 UTC,1.39801,1.39789,0.00192,0.0018
27.10.2025 10:54:52.168 UTC,1.39802,1.39791,0.00249,0.0012
27.10.2025 10:54:52.272 UTC,1.39803,1.39792,0.00204,0.0012
27.10.2025 10:54:52.375 UTC,1.39802,1.39791,0.00132,0.0018
27.10.2025 10:55:00.017 UTC,1.39802,1.3979,0.00219,0.00135
27.10.2025 10:55:00.390 UTC,1.39804,1.39789,0.00399,0.0024
27.10.2025 10:55:00.493 UTC,1.39804,1.39789,0.00309,0.00315
27.10.2025 10:55:00.900 UTC,1.39803,1.39792,0.00204,0.0012
27.10.2025 10:55:01.003 UTC,1.39803,1.39792,0.00213,0.0012
27.10.2025 10:55:01.257 UTC,1.39804,1.3979,0.00261,0.00225
27.10.2025 10:55:03.628 UTC,1.39803,1.3979,0.00144,0.0012
27.10.2025 10:55:06.455 UTC,1.39803,1.39789,0.00144,0.0012
27.10.2025 10:55:09.888 UTC,1.39803,1.39789,0.00192,0.0024
27.10.2025 10:55:09.989 UTC,1.39802,1.3979,0.00204,0.00225
27.10.2025 10:55:11.995 UTC,1.39802,1.39791,0.00204,0.0012
27.10.2025 10:55:19.937 UTC,1.39801,1.39789,0.00132,0.0012
27.10.2025 10:55:19.989 UTC,1.398,1.39788,0.00147,0.00315
27.10.2025 10:55:20.093 UTC,1.39799,1.39786,0.00135,0.00225
27.10.2025 10:55:20.145 UTC,1.39799,1.39787,0.0018,0.00285
27.10.2025 10:55:20.247 UTC,1.398,1.39786,0.0018,0.0033
27.10.2025 10:55:20.452 UTC,1.39799,1.39787,0.0018,0.00315
27.10.2025 10:55:20.654 UTC,1.39799,1.39787,0.0018,0.0042
27.10.2025 10:55:21.059 UTC,1.398,1.39786,0.0018,0.00405
27.10.2025 10:55:21.767 UTC,1.398,1.39787,0.00192,0.0012
27.10.2025 10:55:22.376 UTC,1.398,1.39789,0.00192,0.0012
27.10.2025 10:55:26.129 UTC,1.39797,1.39786,0.00132,0.0012
27.10.2025 10:55:26.233 UTC,1.39798,1.39785,0.00192,0.0018
27.10.2025 10:55:29.271 UTC,1.39798,1.39785,0.00192,0.0033
27.10.2025 10:55:29.424 UTC,1.39798,1.39785,0.00192,0.00315
27.10.2025 10:55:30.133 UTC,1.39798,1.39785,0.00192,0.0024
27.10.2025 10:55:31.042 UTC,1.39798,1.39785,0.00192,0.00135
27.10.2025 10:55:33.089 UTC,1.39797,1.39784,0.00192,0.00135
27.10.2025 10:55:34.507 UTC,1.39797,1.39786,0.00204,0.0018
27.10.2025 10:55:58.667 UTC,1.39797,1.39784,0.00234,0.0012
27.10.2025 10:55:58.822 UTC,1.39797,1.39784,0.00249,0.0012
27.10.2025 10:55:58.925 UTC,1.39797,1.39783,0.00249,0.0018
27.10.2025 10:55:59.078 UTC,1.39797,1.39784,0.00279,0.0012
27.10.2025 10:55:59.181 UTC,1.39797,1.39784,0.0018,0.00135
27.10.2025 10:56:00.242 UTC,1.39797,1.39785,0.00135,0.00135
27.10.2025 10:56:01.002 UTC,1.39797,1.39784,0.00135,0.00135
27.10.2025 10:56:02.162 UTC,1.39797,1.39785,0.00135,0.0012
27.10.2025 10:56:04.732 UTC,1.39797,1.39784,0.00285,0.0012
27.10.2025 10:56:08.119 UTC,1.39797,1.39784,0.00225,0.00135
27.10.2025 10:56:08.727 UTC,1.39797,1.39784,0.00135,0.0033
27.10.2025 10:56:09.133 UTC,1.39797,1.39785,0.0012,0.0024
27.10.2025 10:56:09.590 UTC,1.39797,1.39785,0.0012,0.00225
27.10.2025 10:56:14.078 UTC,1.39796,1.39785,0.00135,0.00315
27.10.2025 10:56:15.085 UTC,1.39797,1.39784,0.00135,0.0033
27.10.2025 10:56:18.326 UTC,1.39796,1.39787,0.00135,0.0012
27.10.2025 10:56:21.545 UTC,1.39797,1.39785,0.0012,0.00225
27.10.2025 10:56:22.299 UTC,1.39797,1.39785,0.0012,0.0024
27.10.2025 10:56:24.309 UTC,1.39796,1.39786,0.0012,0.00225
27.10.2025 10:56:24.411 UTC,1.39797,1.39785,0.0012,0.0018
27.10.2025 10:56:24.913 UTC,1.39796,1.39786,0.0012,0.00135
27.10.2025 10:56:26.628 UTC,1.39797,1.39785,0.0012,0.0018
27.10.2025 10:56:28.562 UTC,1.39798,1.39786,0.00135,0.0018
27.10.2025 10:56:28.667 UTC,1.39798,1.39787,0.00135,0.0018
27.10.2025 10:56:28.771 UTC,1.39798,1.39787,0.0018,0.00135
27.10.2025 10:56:28.874 UTC,1.39797,1.39787,0.0018,0.00135
27.10.2025 10:56:28.978 UTC,1.39798,1.39787,0.0012,0.00135
27.10.2025 10:56:30.150 UTC,1.39798,1.39786,0.0012,0.0024
27.10.2025 10:56:32.018 UTC,1.39797,1.39787,0.0012,0.00195
27.10.2025 10:56:32.777 UTC,1.39798,1.39787,0.0012,0.00135
27.10.2025 10:56:32.930 UTC,1.39798,1.39788,0.0012,0.00135
27.10.2025 10:56:33.484 UTC,1.39799,1.39787,0.0012,0.0018
27.10.2025 10:56:33.587 UTC,1.39798,1.39789,0.0012,0.00135
27.10.2025 10:56:33.792 UTC,1.39799,1.39787,0.0012,0.00195
27.10.2025 10:56:33.945 UTC,1.39799,1.39787,0.0012,0.00225
27.10.2025 10:56:34.098 UTC,1.39799,1.39787,0.0012,0.0024
27.10.2025 10:56:34.401 UTC,1.39799,1.39787,0.0012,0.0012
27.10.2025 10:56:37.268 UTC,1.39799,1.39787,0.0012,0.00135
27.10.2025 10:56:37.470 UTC,1.39799,1.39787,0.0012,0.0018
27.10.2025 10:56:37.723 UTC,1.39799,1.39787,0.0012,0.00195
27.10.2025 10:56:38.178 UTC,1.39799,1.39787,0.0012,0.00225
27.10.2025 10:56:42.201 UTC,1.39799,1.39787,0.0012,0.0024
27.10.2025 10:56:43.258 UTC,1.39799,1.39787,0.0012,0.00225
27.10.2025 10:56:43.361 UTC,1.39799,1.39787,0.0012,0.0018
27.10.2025 10:56:47.530 UTC,1.398,1.39787,0.00135,0.00225
27.10.2025 10:56:48.637 UTC,1.398,1.39788,0.00135,0.0012
27.10.2025 10:56:49.090 UTC,1.39799,1.39788,0.00135,0.00135
27.10.2025 10:56:53.579 UTC,1.39799,1.39788,0.00135,0.0024
27.10.2025 10:56:53.731 UTC,1.398,1.39787,0.00135,0.00225
27.10.2025 10:56:59.453 UTC,1.398,1.39788,0.00135,0.0012
27.10.2025 10:57:00.157 UTC,1.39799,1.39788,0.00135,0.00225
27.10.2025 10:57:00.259 UTC,1.39799,1.39789,0.00135,0.0012
27.10.2025 10:57:00.362 UTC,1.398,1.39787,0.00135,0.0024
27.10.2025 10:57:00.465 UTC,1.398,1.39788,0.00135,0.0012
27.10.2025 10:57:01.122 UTC,1.398,1.39787,0.00135,0.00135
27.10.2025 10:57:01.174 UTC,1.398,1.39787,0.00135,0.0012
27.10.2025 10:57:02.483 UTC,1.39799,1.39789,0.00135,0.00135
27.10.2025 10:57:02.611 UTC,1.39802,1.39789,0.0024,0.00135
27.10.2025 10:57:02.876 UTC,1.39802,1.39789,0.00225,0.00225
27.10.2025 10:57:02.981 UTC,1.39803,1.39791,0.00339,0.0018
27.10.2025 10:57:03.034 UTC,1.39803,1.39791,0.00414,0.00135
27.10.2025 10:57:03.139 UTC,1.39803,1.39791,0.00384,0.0018
27.10.2025 10:57:03.294 UTC,1.39802,1.39792,0.0024,0.00135
27.10.2025 10:57:08.074 UTC,1.39803,1.3979,0.0024,0.00225
27.10.2025 10:57:09.080 UTC,1.39803,1.39791,0.0024,0.0012
27.10.2025 10:57:09.132 UTC,1.39803,1.39789,0.00285,0.00234
27.10.2025 10:57:09.235 UTC,1.39802,1.39791,0.0024,0.0018
27.10.2025 10:57:09.388 UTC,1.39802,1.3979,0.00135,0.00135
27.10.2025 10:57:11.951 UTC,1.39802,1.3979,0.00135,0.0018
27.10.2025 10:57:12.054 UTC,1.39801,1.39791,0.00135,0.00135
27.10.2025 10:57:12.259 UTC,1.39802,1.39789,0.00135,0.00195
27.10.2025 10:57:12.462 UTC,1.39801,1.3979,0.00135,0.00135
27.10.2025 10:57:12.716 UTC,1.39802,1.39789,0.00135,0.0018
27.10.2025 10:57:14.805 UTC,1.39802,1.3979,0.00135,0.0018
27.10.2025 10:57:15.057 UTC,1.39802,1.3979,0.00135,0.00135
27.10.2025 10:57:15.259 UTC,1.39802,1.3979,0.00135,0.0018
27.10.2025 10:57:15.361 UTC,1.39802,1.3979,0.00135,0.00135
27.10.2025 10:57:18.272 UTC,1.39802,1.3979,0.00135,0.0018
27.10.2025 10:57:19.126 UTC,1.39802,1.3979,0.00135,0.00135
27.10.2025 10:57:20.183 UTC,1.39801,1.39791,0.00135,0.0018
27.10.2025 10:57:21.387 UTC,1.39802,1.3979,0.00135,0.00135
27.10.2025 10:57:23.069 UTC,1.39802,1.3979,0.00135,0.0018
27.10.2025 10:57:23.874 UTC,1.39803,1.3979,0.0018,0.00135
27.10.2025 10:57:24.927 UTC,1.39803,1.3979,0.0018,0.0018
27.10.2025 10:57:25.786 UTC,1.39803,1.39792,0.0024,0.0018
27.10.2025 10:57:25.888 UTC,1.39803,1.39792,0.0024,0.00135
27.10.2025 10:57:26.746 UTC,1.39802,1.3979,0.00132,0.0012
27.10.2025 10:57:26.849 UTC,1.39801,1.3979,0.00192,0.0012
27.10.2025 10:57:26.952 UTC,1.398,1.39788,0.00192,0.00204
27.10.2025 10:57:27.004 UTC,1.39801,1.39787,0.00192,0.00234
27.10.2025 10:57:27.105 UTC,1.398,1.39788,0.00192,0.00249
27.10.2025 10:57:27.208 UTC,1.39801,1.39788,0.0018,0.00249
27.10.2025 10:57:27.311 UTC,1.39802,1.39788,0.00249,0.00249
27.10.2025 10:57:28.522 UTC,1.39802,1.39788,0.00249,0.00234
27.10.2025 10:57:29.731 UTC,1.398,1.39788,0.00225,0.00135
27.10.2025 10:57:29.838 UTC,1.398,1.39787,0.00144,0.00135
27.10.2025 10:57:30.099 UTC,1.39798,1.39786,0.0012,0.0012
27.10.2025 10:57:30.203 UTC,1.39799,1.39786,0.00225,0.00135
27.10.2025 10:57:30.409 UTC,1.39798,1.39786,0.00225,0.00225
27.10.2025 10:57:30.562 UTC,1.39798,1.39787,0.00225,0.0012
27.10.2025 10:57:30.717 UTC,1.39798,1.39785,0.00189,0.00135
27.10.2025 10:57:30.820 UTC,1.39797,1.39784,0.00132,0.00135
27.10.2025 10:57:31.281 UTC,1.39798,1.39786,0.0018,0.0012
27.10.2025 10:57:31.385 UTC,1.39798,1.39784,0.00237,0.0033
27.10.2025 10:57:31.487 UTC,1.39797,1.39785,0.00234,0.0024
27.10.2025 10:57:31.589 UTC,1.39797,1.39785,0.00294,0.00225
27.10.2025 10:57:31.693 UTC,1.39797,1.39786,0.0024,0.0018
27.10.2025 10:57:31.795 UTC,1.39798,1.39785,0.0024,0.00135
27.10.2025 10:57:32.253 UTC,1.39797,1.39786,0.00135,0.0018
27.10.2025 10:57:32.558 UTC,1.39798,1.39785,0.00135,0.0012
27.10.2025 10:57:32.711 UTC,1.39797,1.39786,0.0018,0.0012
27.10.2025 10:57:34.205 UTC,1.39798,1.39785,0.00135,0.00135
27.10.2025 10:57:36.517 UTC,1.39798,1.39787,0.00297,0.0012
27.10.2025 10:57:36.620 UTC,1.39798,1.39785,0.00189,0.0018
27.10.2025 10:57:38.631 UTC,1.39799,1.39786,0.00285,0.0012
27.10.2025 10:57:39.086 UTC,1.39799,1.39787,0.0024,0.0012
27.10.2025 10:57:39.189 UTC,1.39797,1.39787,0.00135,0.00135
27.10.2025 10:57:42.863 UTC,1.398,1.39787,0.00249,0.0012
27.10.2025 10:57:42.967 UTC,1.39799,1.39788,0.00192,0.00135
27.10.2025 10:57:43.173 UTC,1.39803,1.3979,0.0024,0.0018
27.10.2025 10:57:43.253 UTC,1.39803,1.39789,0.00195,0.00339
27.10.2025 10:57:43.459 UTC,1.39803,1.39792,0.0018,0.0012
27.10.2025 10:57:43.764 UTC,1.39802,1.39791,0.0018,0.00315
27.10.2025 10:57:44.423 UTC,1.39802,1.39792,0.0018,0.0012
27.10.2025 10:57:44.575 UTC,1.39803,1.3979,0.0018,0.0018
27.10.2025 10:57:44.979 UTC,1.39804,1.39792,0.0012,0.00192
27.10.2025 10:57:45.083 UTC,1.39809,1.39795,0.00189,0.0018
27.10.2025 10:57:45.187 UTC,1.3981,1.39796,0.00342,0.0012
27.10.2025 10:57:45.290 UTC,1.39808,1.39795,0.00135,0.0012
27.10.2025 10:57:45.392 UTC,1.39808,1.39795,0.0018,0.0018
27.10.2025 10:57:50.041 UTC,1.39808,1.39795,0.00192,0.0012
27.10.2025 10:57:50.296 UTC,1.39808,1.39795,0.0018,0.0012
27.10.2025 10:57:50.804 UTC,1.39807,1.39794,0.00135,0.00225
27.10.2025 10:57:51.367 UTC,1.39805,1.39794,0.00147,0.00135
27.10.2025 10:57:51.471 UTC,1.39804,1.39793,0.00207,0.0012
27.10.2025 10:57:51.523 UTC,1.39803,1.3979,0.00132,0.00189
27.10.2025 10:57:51.627 UTC,1.39802,1.3979,0.00144,0.0012
27.10.2025 10:57:51.730 UTC,1.39802,1.39789,0.0012,0.0012
27.10.2025 10:57:51.882 UTC,1.39802,1.39789,0.0018,0.0012
27.10.2025 10:57:51.985 UTC,1.39802,1.39789,0.00135,0.0012
27.10.2025 10:57:52.087 UTC,1.39801,1.39789,0.00144,0.00315
27.10.2025 10:57:52.141 UTC,1.39799,1.39789,0.00132,0.0012
27.10.2025 10:57:52.550 UTC,1.398,1.39787,0.00144,0.0018
27.10.2025 10:57:53.209 UTC,1.398,1.39786,0.00144,0.0027
27.10.2025 10:57:53.311 UTC,1.398,1.39786,0.00144,0.0033
27.10.2025 10:57:54.730 UTC,1.39801,1.39787,0.0018,0.0033
27.10.2025 10:57:54.881 UTC,1.398,1.39787,0.0012,0.0033
27.10.2025 10:57:54.984 UTC,1.39801,1.39788,0.00192,0.00135
27.10.2025 10:57:55.189 UTC,1.39802,1.39788,0.00192,0.0024
27.10.2025 10:57:55.240 UTC,1.39801,1.39789,0.00192,0.0024
27.10.2025 10:57:55.344 UTC,1.39801,1.3979,0.00339,0.00132
27.10.2025 10:57:55.448 UTC,1.39802,1.3979,0.00192,0.0024
27.10.2025 10:57:55.500 UTC,1.39803,1.39789,0.00192,0.0024
27.10.2025 10:57:55.603 UTC,1.39803,1.39789,0.00207,0.00135
27.10.2025 10:57:55.706 UTC,1.39802,1.3979,0.00192,0.0018
27.10.2025 10:57:59.331 UTC,1.39804,1.39791,0.00204,0.00234
27.10.2025 10:57:59.435 UTC,1.39804,1.39792,0.00192,0.00252
27.10.2025 10:57:59.538 UTC,1.39805,1.39791,0.0018,0.00252
27.10.2025 10:58:00.751 UTC,1.39806,1.39793,0.00192,0.00135
27.10.2025 10:58:00.854 UTC,1.39806,1.39793,0.00144,0.00135
27.10.2025 10:58:01.463 UTC,1.39806,1.39793,0.00147,0.00135
27.10.2025 10:58:03.333 UTC,1.39805,1.39794,0.00144,0.00135
27.10.2025 10:58:04.423 UTC,1.39805,1.39794,0.00147,0.00135
27.10.2025 10:58:04.777 UTC,1.39805,1.39794,0.00144,0.00135
27.10.2025 10:58:04.830 UTC,1.39802,1.39792,0.0012,0.0024
27.10.2025 10:58:05.693 UTC,1.39804,1.39791,0.0018,0.00135
27.10.2025 10:58:06.601 UTC,1.39804,1.39791,0.0018,0.0018
27.10.2025 10:58:07.593 UTC,1.39804,1.39791,0.0018,0.00135
27.10.2025 10:58:10.253 UTC,1.39803,1.39792,0.0018,0.0018
27.10.2025 10:58:11.407 UTC,1.39804,1.39791,0.00192,0.00135
27.10.2025 10:58:20.228 UTC,1.39803,1.39792,0.0018,0.0018
27.10.2025 10:58:20.330 UTC,1.39804,1.39791,0.0018,0.00135
27.10.2025 10:58:32.004 UTC,1.39803,1.39792,0.00135,0.00285
27.10.2025 10:58:32.159 UTC,1.39806,1.39793,0.00294,0.0012
27.10.2025 10:58:41.447 UTC,1.39804,1.39793,0.00324,0.00225
27.10.2025 10:58:41.602 UTC,1.39803,1.39792,0.00324,0.00315
27.10.2025 10:58:41.707 UTC,1.39803,1.39791,0.00144,0.0012
27.10.2025 10:58:41.810 UTC,1.39804,1.3979,0.00342,0.00315
27.10.2025 10:58:42.114 UTC,1.39804,1.39791,0.00342,0.0012
27.10.2025 10:58:43.973 UTC,1.39805,1.39792,0.00249,0.0012
27.10.2025 10:58:44.884 UTC,1.39804,1.39791,0.00339,0.00225
27.10.2025 10:58:45.294 UTC,1.39805,1.39792,0.00252,0.00225
27.10.2025 10:58:52.070 UTC,1.39805,1.39792,0.00192,0.00135
27.10.2025 10:58:52.977 UTC,1.39803,1.39791,0.00132,0.0012
27.10.2025 10:58:53.134 UTC,1.39804,1.3979,0.00387,0.00315
27.10.2025 10:58:53.638 UTC,1.39804,1.3979,0.00387,0.0033
27.10.2025 10:58:54.595 UTC,1.39803,1.39789,0.00144,0.0033
27.10.2025 10:58:54.699 UTC,1.39801,1.3979,0.00342,0.00225
27.10.2025 10:58:54.958 UTC,1.39802,1.39788,0.00195,0.00327
27.10.2025 10:58:55.062 UTC,1.39802,1.39791,0.0033,0.00135
27.10.2025 10:58:57.083 UTC,1.39801,1.39789,0.00327,0.0012
27.10.2025 10:58:57.291 UTC,1.398,1.39787,0.00135,0.00144
27.10.2025 10:59:00.709 UTC,1.39799,1.39787,0.0012,0.00135
27.10.2025 10:59:00.811 UTC,1.398,1.39787,0.00234,0.00135
27.10.2025 10:59:09.246 UTC,1.39798,1.39786,0.0012,0.00135
27.10.2025 10:59:09.298 UTC,1.398,1.39786,0.00234,0.00234
27.10.2025 10:59:09.401 UTC,1.398,1.39787,0.00249,0.0012
27.10.2025 10:59:09.756 UTC,1.39799,1.39787,0.00249,0.00324
27.10.2025 10:59:09.858 UTC,1.398,1.39787,0.00249,0.0012
27.10.2025 10:59:11.013 UTC,1.398,1.39786,0.00249,0.00324
27.10.2025 10:59:18.025 UTC,1.398,1.39787,0.00294,0.0012
27.10.2025 10:59:18.277 UTC,1.398,1.39786,0.00294,0.00324
27.10.2025 10:59:18.530 UTC,1.398,1.39787,0.00294,0.0012
27.10.2025 10:59:19.033 UTC,1.39799,1.39786,0.00135,0.00324
27.10.2025 10:59:20.496 UTC,1.39799,1.39786,0.00234,0.0024
27.10.2025 10:59:20.798 UTC,1.39798,1.39787,0.00234,0.00225
27.10.2025 10:59:24.905 UTC,1.39799,1.39787,0.0012,0.0012
27.10.2025 10:59:26.266 UTC,1.398,1.39787,0.0027,0.0012
27.10.2025 10:59:26.668 UTC,1.398,1.39787,0.00285,0.0012
27.10.2025 10:59:28.374 UTC,1.39799,1.39786,0.00135,0.00225
27.10.2025 10:59:39.098 UTC,1.398,1.39787,0.00144,0.0012
27.10.2025 10:59:39.202 UTC,1.398,1.39786,0.00399,0.00225
27.10.2025 10:59:39.356 UTC,1.39799,1.39786,0.00291,0.0012
27.10.2025 10:59:39.811 UTC,1.39798,1.39786,0.00108,0.0033
27.10.2025 10:59:40.115 UTC,1.39798,1.39786,0.00378,0.00225
27.10.2025 10:59:40.419 UTC,1.39799,1.39785,0.00378,0.0024
27.10.2025 10:59:40.973 UTC,1.39797,1.39786,0.00189,0.0024
27.10.2025 10:59:43.083 UTC,1.39797,1.39786,0.00189,0.00225
27.10.2025 10:59:43.337 UTC,1.39798,1.39785,0.00189,0.0024
27.10.2025 10:59:43.540 UTC,1.39799,1.39785,0.00378,0.0024
27.10.2025 10:59:48.733 UTC,1.39798,1.39786,0.00423,0.00225
27.10.2025 10:59:49.235 UTC,1.39798,1.39786,0.00378,0.0024
27.10.2025 10:59:49.738 UTC,1.39799,1.39785,0.00471,0.00225
27.10.2025 10:59:50.142 UTC,1.398,1.39785,0.00489,0.00375
27.10.2025 10:59:50.295 UTC,1.39799,1.39788,0.00441,0.00135
27.10.2025 10:59:50.397 UTC,1.39799,1.39787,0.00441,0.00225
27.10.2025 10:59:50.701 UTC,1.39799,1.39785,0.00108,0.00405
27.10.2025 10:59:50.804 UTC,1.39798,1.39787,0.00153,0.0012
27.10.2025 10:59:51.609 UTC,1.39798,1.39786,0.00153,0.00405
27.10.2025 10:59:51.862 UTC,1.39799,1.39785,0.00153,0.0042
27.10.2025 10:59:53.170 UTC,1.39799,1.39786,0.00144,0.0018
27.10.2025 10:59:53.374 UTC,1.39798,1.39787,0.00234,0.0012
27.10.2025 10:59:53.680 UTC,1.39799,1.39786,0.00234,0.0018
27.10.2025 10:59:58.284 UTC,1.39798,1.39787,0.00225,0.00135