UTC,Ask,Bid,Ask Volume,Bid Volume
28.10.2025 11:00:00.042 UTC,1.39955,1.39942,0.00225,0.0012
28.10.2025 11:00:00.145 UTC,1.39953,1.3994,0.00135,0.0018
28.10.2025 11:00:00.248 UTC,1.39952,1.39939,0.0012,0.0018
28.10.2025 11:00:00.358 UTC,1.39951,1.3994,0.0012,0.00135
28.10.2025 11:00:00.460 UTC,1.39951,1.3994,0.0012,0.0024
28.10.2025 11:00:01.925 UTC,1.3995,1.39938,0.0012,0.0018
28.10.2025 11:00:01.976 UTC,1.3995,1.39936,0.0012,0.0024
28.10.2025 11:00:02.586 UTC,1.39949,1.39935,0.0012,0.0018
28.10.2025 11:00:03.299 UTC,1.39948,1.39936,0.0033,0.0024
28.10.2025 11:00:03.655 UTC,1.39951,1.39937,0.0024,0.00225
28.10.2025 11:00:06.075 UTC,1.39951,1.39937,0.0012,0.00225
28.10.2025 11:00:07.681 UTC,1.3995,1.39938,0.0018,0.00135
28.10.2025 11:00:15.282 UTC,1.39951,1.39937,0.00225,0.0027
28.10.2025 11:00:15.585 UTC,1.39951,1.39937,0.0024,0.00135
28.10.2025 11:00:15.686 UTC,1.3995,1.39938,0.00225,0.0018
28.10.2025 11:00:15.838 UTC,1.3995,1.39937,0.0033,0.00375
28.10.2025 11:00:16.192 UTC,1.3995,1.39938,0.00315,0.0012
28.10.2025 11:00:16.394 UTC,1.39951,1.39936,0.0033,0.00375
28.10.2025 11:00:16.496 UTC,1.39951,1.39937,0.00315,0.0012
28.10.2025 11:00:16.597 UTC,1.3995,1.39937,0.0033,0.00465
28.10.2025 11:00:17.151 UTC,1.39952,1.39938,0.0033,0.00132
28.10.2025 11:00:17.254 UTC,1.39951,1.3994,0.00225,0.0012
28.10.2025 11:00:17.357 UTC,1.39951,1.3994,0.00135,0.0018
28.10.2025 11:00:17.662 UTC,1.39953,1.39939,0.00135,0.00249
28.10.2025 11:00:18.824 UTC,1.39954,1.3994,0.0027,0.00135
28.10.2025 11:00:18.927 UTC,1.39954,1.3994,0.0018,0.00249
28.10.2025 11:00:19.185 UTC,1.39955,1.39943,0.0012,0.0012
28.10.2025 11:00:25.675 UTC,1.39956,1.39943,0.00135,0.0012
28.10.2025 11:00:33.519 UTC,1.39955,1.39946,0.00135,0.0012
28.10.2025 11:00:33.571 UTC,1.39955,1.39944,0.00135,0.0012
28.10.2025 11:00:35.478 UTC,1.39956,1.39945,0.00135,0.0012
28.10.2025 11:00:35.529 UTC,1.39956,1.39943,0.00135,0.0012
28.10.2025 11:00:36.736 UTC,1.39953,1.39941,0.00132,0.0018
28.10.2025 11:00:36.840 UTC,1.39955,1.39941,0.00234,0.00339
28.10.2025 11:00:38.404 UTC,1.39955,1.39943,0.0018,0.0012
28.10.2025 11:00:39.157 UTC,1.39955,1.39941,0.0018,0.00342
28.10.2025 11:00:41.323 UTC,1.39955,1.39943,0.00135,0.0012
28.10.2025 11:00:41.675 UTC,1.39954,1.39942,0.00135,0.00432
28.10.2025 11:00:44.932 UTC,1.39956,1.39942,0.00144,0.00234
28.10.2025 11:00:45.036 UTC,1.39957,1.39943,0.00324,0.00192
28.10.2025 11:00:45.191 UTC,1.39955,1.39943,0.00135,0.00252
28.10.2025 11:00:45.293 UTC,1.39957,1.39943,0.00324,0.00192
28.10.2025 11:00:45.447 UTC,1.39957,1.39942,0.00324,0.00387
28.10.2025 11:00:46.256 UTC,1.39957,1.39942,0.00324,0.00252
28.10.2025 11:00:46.358 UTC,1.39956,1.39943,0.00339,0.00252
28.10.2025 11:00:47.163 UTC,1.39956,1.39943,0.00324,0.00252
28.10.2025 11:00:49.269 UTC,1.39956,1.39943,0.00339,0.00252
28.10.2025 11:00:51.080 UTC,1.39955,1.39942,0.0012,0.00252
28.10.2025 11:00:51.282 UTC,1.39957,1.39942,0.00339,0.00252
28.10.2025 11:00:59.124 UTC,1.39957,1.39942,0.0024,0.00252
28.10.2025 11:01:00.229 UTC,1.39956,1.39943,0.0018,0.00297
28.10.2025 11:01:00.432 UTC,1.39956,1.39943,0.0024,0.00252
28.10.2025 11:01:00.834 UTC,1.39956,1.39943,0.00225,0.00297
28.10.2025 11:01:00.992 UTC,1.39958,1.39944,0.00225,0.00132
28.10.2025 11:01:01.098 UTC,1.39958,1.39943,0.0024,0.00432
28.10.2025 11:01:02.308 UTC,1.39958,1.39943,0.00225,0.00297
28.10.2025 11:01:02.662 UTC,1.39958,1.39943,0.0024,0.00297
28.10.2025 11:01:03.166 UTC,1.39958,1.39943,0.0018,0.00342
28.10.2025 11:01:03.270 UTC,1.39956,1.39944,0.00285,0.00192
28.10.2025 11:01:03.373 UTC,1.39956,1.39942,0.00135,0.00324
28.10.2025 11:01:04.385 UTC,1.39956,1.39942,0.0018,0.00234
28.10.2025 11:01:04.592 UTC,1.39953,1.39942,0.0012,0.0024
28.10.2025 11:01:05.048 UTC,1.39954,1.39942,0.00135,0.0033
28.10.2025 11:01:07.396 UTC,1.39955,1.39941,0.00135,0.00225
28.10.2025 11:01:08.104 UTC,1.39956,1.39942,0.00249,0.0012
28.10.2025 11:01:08.257 UTC,1.39954,1.39942,0.00135,0.0036
28.10.2025 11:01:09.115 UTC,1.39953,1.39941,0.0012,0.0036
28.10.2025 11:01:11.080 UTC,1.39954,1.39942,0.00135,0.0036
28.10.2025 11:01:14.553 UTC,1.39955,1.39942,0.00135,0.0012
28.10.2025 11:01:16.323 UTC,1.39955,1.39942,0.0018,0.0012
28.10.2025 11:01:19.579 UTC,1.39954,1.39944,0.0018,0.0012
28.10.2025 11:01:19.783 UTC,1.39955,1.39942,0.0018,0.0012
28.10.2025 11:01:25.305 UTC,1.39953,1.3994,0.0012,0.0018
28.10.2025 11:01:25.357 UTC,1.39951,1.39939,0.0012,0.0024
28.10.2025 11:01:25.562 UTC,1.39951,1.3994,0.0012,0.00339
28.10.2025 11:01:25.967 UTC,1.39949,1.39937,0.0012,0.00192
28.10.2025 11:01:26.122 UTC,1.39948,1.39939,0.0012,0.00135
28.10.2025 11:01:26.225 UTC,1.3995,1.39937,0.0012,0.00339
28.10.2025 11:01:27.090 UTC,1.39949,1.39937,0.0012,0.0033
28.10.2025 11:01:27.371 UTC,1.39949,1.39937,0.0012,0.00429
28.10.2025 11:01:27.980 UTC,1.3995,1.39938,0.0012,0.0018
28.10.2025 11:01:33.315 UTC,1.39952,1.39938,0.00225,0.00195
28.10.2025 11:01:36.582 UTC,1.39951,1.39941,0.00225,0.0012
28.10.2025 11:01:36.684 UTC,1.39951,1.39939,0.00225,0.00195
28.10.2025 11:01:37.087 UTC,1.39952,1.39938,0.0033,0.0018
28.10.2025 11:01:37.341 UTC,1.39952,1.39938,0.00315,0.00195
28.10.2025 11:01:38.503 UTC,1.39952,1.39938,0.0033,0.0018
28.10.2025 11:01:38.706 UTC,1.39951,1.39939,0.00315,0.00195
28.10.2025 11:01:39.011 UTC,1.39952,1.39938,0.0033,0.0018
28.10.2025 11:01:39.113 UTC,1.39952,1.39938,0.00315,0.00195
28.10.2025 11:01:39.266 UTC,1.39952,1.39938,0.0033,0.0018
28.10.2025 11:01:39.571 UTC,1.39951,1.39939,0.00315,0.00195
28.10.2025 11:01:39.673 UTC,1.39951,1.39939,0.0033,0.0018
28.10.2025 11:01:39.875 UTC,1.39951,1.39939,0.00315,0.00195
28.10.2025 11:01:40.028 UTC,1.39952,1.39938,0.0033,0.0018
28.10.2025 11:01:40.130 UTC,1.39952,1.39938,0.00315,0.00195
28.10.2025 11:01:40.232 UTC,1.39952,1.39938,0.0033,0.0018
28.10.2025 11:01:40.335 UTC,1.39952,1.39938,0.00315,0.00195
28.10.2025 11:01:40.437 UTC,1.39951,1.39939,0.0033,0.0018
28.10.2025 11:01:40.540 UTC,1.39952,1.39938,0.00315,0.00195
28.10.2025 11:01:40.643 UTC,1.39952,1.39938,0.0033,0.0018
28.10.2025 11:01:40.795 UTC,1.39952,1.39938,0.00315,0.00195
28.10.2025 11:01:40.897 UTC,1.39952,1.39938,0.0033,0.0018
28.10.2025 11:01:41.252 UTC,1.39952,1.39938,0.00315,0.00195
28.10.2025 11:01:41.557 UTC,1.39952,1.39938,0.0033,0.0018
28.10.2025 11:01:41.709 UTC,1.39952,1.39938,0.00315,0.00195
28.10.2025 11:01:42.013 UTC,1.39952,1.39938,0.0033,0.0018
28.10.2025 11:01:42.115 UTC,1.39951,1.39939,0.00315,0.00195
28.10.2025 11:01:42.319 UTC,1.39952,1.39938,0.0033,0.0018
28.10.2025 11:01:42.522 UTC,1.39952,1.39938,0.00315,0.00195
28.10.2025 11:01:42.675 UTC,1.39951,1.39938,0.00135,0.0018
28.10.2025 11:01:42.880 UTC,1.3995,1.39938,0.0018,0.00432
28.10.2025 11:01:42.982 UTC,1.39951,1.39938,0.0012,0.00132
28.10.2025 11:01:43.288 UTC,1.39951,1.39937,0.0018,0.00432
28.10.2025 11:01:43.441 UTC,1.3995,1.39938,0.00135,0.00477
28.10.2025 11:01:43.945 UTC,1.39951,1.39938,0.0012,0.00132
28.10.2025 11:01:45.353 UTC,1.3995,1.39938,0.0012,0.00132
28.10.2025 11:01:45.906 UTC,1.3995,1.39939,0.0012,0.00132
28.10.2025 11:01:50.961 UTC,1.39952,1.39938,0.00135,0.00204
28.10.2025 11:01:52.368 UTC,1.39951,1.39938,0.0012,0.00294
28.10.2025 11:01:53.729 UTC,1.39951,1.39938,0.00135,0.00234
28.10.2025 11:01:53.882 UTC,1.39951,1.39938,0.0018,0.00234
28.10.2025 11:01:54.034 UTC,1.39951,1.39938,0.00135,0.00234
28.10.2025 11:01:54.290 UTC,1.39951,1.39938,0.00135,0.0024
28.10.2025 11:01:54.444 UTC,1.39953,1.39938,0.00339,0.0027
28.10.2025 11:01:54.546 UTC,1.39953,1.39938,0.00294,0.00225
28.10.2025 11:01:57.213 UTC,1.39953,1.39938,0.00339,0.0027
28.10.2025 11:01:57.366 UTC,1.39952,1.39938,0.0018,0.0024
28.10.2025 11:01:57.519 UTC,1.39952,1.39938,0.0018,0.00315
28.10.2025 11:01:58.425 UTC,1.3995,1.39938,0.0018,0.0024
28.10.2025 11:01:58.529 UTC,1.3995,1.39937,0.00135,0.00135
28.10.2025 11:02:00.446 UTC,1.39948,1.39937,0.0012,0.0018
28.10.2025 11:02:00.549 UTC,1.39949,1.39935,0.0012,0.0033
28.10.2025 11:02:00.653 UTC,1.3995,1.39936,0.00315,0.00225
28.10.2025 11:02:00.705 UTC,1.3995,1.39936,0.00315,0.0024
28.10.2025 11:02:01.235 UTC,1.3995,1.39936,0.0033,0.0024
28.10.2025 11:02:01.338 UTC,1.3995,1.39936,0.0033,0.0018
28.10.2025 11:02:01.642 UTC,1.39949,1.39935,0.0024,0.0024
28.10.2025 11:02:01.899 UTC,1.39949,1.39938,0.0033,0.00135
28.10.2025 11:02:02.052 UTC,1.3995,1.39937,0.00225,0.00135
28.10.2025 11:02:02.257 UTC,1.3995,1.39937,0.0024,0.00135
28.10.2025 11:02:03.366 UTC,1.3995,1.39936,0.0033,0.0018
28.10.2025 11:02:03.469 UTC,1.3995,1.39937,0.00225,0.0018
28.10.2025 11:02:03.572 UTC,1.3995,1.39937,0.00225,0.00135
28.10.2025 11:02:03.676 UTC,1.39949,1.39937,0.00249,0.0024
28.10.2025 11:02:05.736 UTC,1.3995,1.39937,0.00132,0.00135
28.10.2025 11:02:05.889 UTC,1.3995,1.39937,0.00132,0.0018
28.10.2025 11:02:06.194 UTC,1.3995,1.39937,0.00144,0.00135
28.10.2025 11:02:06.598 UTC,1.39951,1.39937,0.00252,0.0018
28.10.2025 11:02:07.126 UTC,1.39951,1.39937,0.00234,0.00195
28.10.2025 11:02:07.280 UTC,1.3995,1.39939,0.00249,0.0018
28.10.2025 11:02:07.483 UTC,1.3995,1.39937,0.00144,0.0018
28.10.2025 11:02:07.586 UTC,1.39951,1.39937,0.00144,0.00285
28.10.2025 11:02:08.092 UTC,1.39949,1.39937,0.0012,0.00285
28.10.2025 11:02:08.144 UTC,1.39951,1.39937,0.00324,0.00285
28.10.2025 11:02:08.900 UTC,1.3995,1.39938,0.00339,0.0024
28.10.2025 11:02:14.081 UTC,1.3995,1.39939,0.00144,0.00135
28.10.2025 11:02:15.091 UTC,1.39951,1.39938,0.00249,0.00135
28.10.2025 11:02:15.623 UTC,1.3995,1.39939,0.00234,0.00135
28.10.2025 11:02:15.775 UTC,1.39951,1.39938,0.00249,0.00135
28.10.2025 11:02:15.930 UTC,1.39951,1.39937,0.00324,0.00285
28.10.2025 11:02:16.084 UTC,1.3995,1.39939,0.00249,0.00135
28.10.2025 11:02:16.187 UTC,1.39951,1.39938,0.00234,0.0018
28.10.2025 11:02:20.560 UTC,1.39951,1.39938,0.00249,0.0018
28.10.2025 11:02:20.662 UTC,1.39951,1.39938,0.00234,0.0018
28.10.2025 11:02:22.071 UTC,1.3995,1.39938,0.0012,0.0018
28.10.2025 11:02:22.223 UTC,1.3995,1.39939,0.00234,0.0018
28.10.2025 11:02:23.581 UTC,1.39951,1.39938,0.00132,0.00195
28.10.2025 11:02:23.685 UTC,1.39955,1.39942,0.00144,0.0012
28.10.2025 11:02:23.789 UTC,1.39956,1.39942,0.00189,0.00225
28.10.2025 11:02:23.841 UTC,1.39956,1.39943,0.00189,0.0018
28.10.2025 11:02:25.102 UTC,1.39957,1.39943,0.00132,0.0024
28.10.2025 11:02:26.179 UTC,1.39957,1.39943,0.00189,0.0024
28.10.2025 11:02:26.336 UTC,1.39957,1.39943,0.0018,0.0024
28.10.2025 11:02:27.606 UTC,1.39957,1.39946,0.00132,0.0012
28.10.2025 11:02:27.708 UTC,1.39957,1.39944,0.00132,0.0018
28.10.2025 11:02:29.726 UTC,1.39957,1.39944,0.00192,0.0018
28.10.2025 11:02:30.179 UTC,1.39957,1.39944,0.00144,0.0018
28.10.2025 11:02:40.298 UTC,1.39958,1.39951,0.0012,0.0012
28.10.2025 11:02:40.353 UTC,1.39962,1.39951,0.0033,0.0012
28.10.2025 11:02:40.456 UTC,1.39964,1.39951,0.0012,0.00135
28.10.2025 11:02:40.558 UTC,1.39965,1.39951,0.0027,0.00144
28.10.2025 11:02:41.267 UTC,1.39964,1.39953,0.0012,0.0012
28.10.2025 11:02:41.370 UTC,1.39965,1.39951,0.0018,0.00144
28.10.2025 11:02:41.675 UTC,1.39964,1.39951,0.0012,0.00144
28.10.2025 11:02:42.282 UTC,1.39965,1.39951,0.0018,0.00234
28.10.2025 11:02:47.115 UTC,1.39964,1.39951,0.0012,0.00135
28.10.2025 11:02:47.217 UTC,1.39965,1.39951,0.0018,0.00135
28.10.2025 11:02:47.470 UTC,1.39964,1.39951,0.0012,0.00135
28.10.2025 11:02:47.621 UTC,1.39965,1.39951,0.0018,0.00135
28.10.2025 11:02:49.644 UTC,1.39964,1.39951,0.0012,0.00135
28.10.2025 11:02:50.298 UTC,1.39965,1.39951,0.0027,0.00135
28.10.2025 11:02:50.404 UTC,1.39964,1.39951,0.0012,0.00135
28.10.2025 11:02:54.585 UTC,1.39965,1.39951,0.0018,0.00324
28.10.2025 11:03:01.071 UTC,1.39963,1.39951,0.0012,0.00414
28.10.2025 11:03:01.124 UTC,1.39965,1.39951,0.00225,0.00414
28.10.2025 11:03:03.597 UTC,1.39964,1.39951,0.0012,0.00135
28.10.2025 11:03:07.025 UTC,1.39965,1.39952,0.0012,0.00144
28.10.2025 11:03:07.128 UTC,1.39965,1.39953,0.0012,0.0012
28.10.2025 11:03:08.289 UTC,1.39966,1.39952,0.00135,0.00294
28.10.2025 11:03:10.096 UTC,1.39967,1.39953,0.00315,0.00147
28.10.2025 11:03:10.255 UTC,1.39966,1.39955,0.0012,0.00192
28.10.2025 11:03:10.613 UTC,1.39966,1.39954,0.00315,0.00132
28.10.2025 11:03:11.167 UTC,1.39966,1.39954,0.0027,0.00192
28.10.2025 11:03:16.239 UTC,1.39967,1.39953,0.0024,0.00192
28.10.2025 11:03:16.342 UTC,1.39967,1.39953,0.00225,0.00204
28.10.2025 11:03:16.745 UTC,1.39967,1.39953,0.00135,0.00294
28.10.2025 11:03:16.848 UTC,1.39966,1.39954,0.0018,0.00249
28.10.2025 11:03:16.900 UTC,1.39967,1.39953,0.0024,0.00234
28.10.2025 11:03:17.003 UTC,1.39966,1.39954,0.00225,0.00294
28.10.2025 11:03:20.491 UTC,1.39967,1.39953,0.0018,0.00249
28.10.2025 11:03:20.846 UTC,1.39967,1.39954,0.00168,0.00294
28.10.2025 11:03:21.000 UTC,1.39968,1.39953,0.00261,0.00192
28.10.2025 11:03:21.102 UTC,1.39967,1.39953,0.00192,0.00144
28.10.2025 11:03:22.106 UTC,1.39967,1.39953,0.00144,0.00144
28.10.2025 11:03:22.208 UTC,1.39967,1.39953,0.00135,0.00249
28.10.2025 11:03:22.414 UTC,1.39966,1.39954,0.0018,0.00234
28.10.2025 11:03:24.174 UTC,1.39968,1.39953,0.00168,0.00294
28.10.2025 11:03:24.276 UTC,1.39968,1.39953,0.00204,0.00249
28.10.2025 11:03:24.429 UTC,1.39968,1.39953,0.00294,0.00234
28.10.2025 11:03:25.787 UTC,1.39967,1.39954,0.00204,0.00249
28.10.2025 11:03:26.042 UTC,1.39966,1.39954,0.00192,0.00144
28.10.2025 11:03:26.144 UTC,1.39967,1.39954,0.00168,0.00249
28.10.2025 11:03:26.247 UTC,1.39967,1.39954,0.00153,0.00249
28.10.2025 11:03:26.350 UTC,1.39967,1.39953,0.00132,0.00192
28.10.2025 11:03:26.856 UTC,1.39968,1.39953,0.00108,0.00249
28.10.2025 11:03:27.009 UTC,1.39967,1.39953,0.0012,0.00249
28.10.2025 11:03:33.784 UTC,1.39968,1.39953,0.00384,0.00192
28.10.2025 11:03:33.886 UTC,1.39968,1.39953,0.00339,0.00294
28.10.2025 11:03:35.544 UTC,1.39967,1.39953,0.0018,0.00249
28.10.2025 11:03:37.152 UTC,1.39966,1.39954,0.0018,0.00234
28.10.2025 11:03:41.200 UTC,1.39967,1.39953,0.00135,0.00279
28.10.2025 11:03:41.903 UTC,1.39966,1.39954,0.0024,0.00144
28.10.2025 11:03:53.138 UTC,1.39967,1.39954,0.00384,0.00249
28.10.2025 11:03:53.394 UTC,1.39967,1.39953,0.0018,0.00234
28.10.2025 11:03:53.496 UTC,1.39967,1.39953,0.00135,0.00294
28.10.2025 11:03:53.599 UTC,1.39968,1.39953,0.00294,0.00249
28.10.2025 11:03:53.650 UTC,1.39967,1.39954,0.00294,0.00234
28.10.2025 11:03:55.191 UTC,1.39967,1.39956,0.00294,0.0012
28.10.2025 11:04:00.358 UTC,1.39968,1.39953,0.00294,0.00144
28.10.2025 11:04:05.383 UTC,1.39968,1.39953,0.00249,0.00294
28.10.2025 11:04:05.586 UTC,1.39968,1.39953,0.00204,0.00192
28.10.2025 11:04:05.689 UTC,1.39966,1.39956,0.00135,0.0012
28.10.2025 11:04:05.790 UTC,1.39967,1.39955,0.0018,0.0012
28.10.2025 11:04:08.724 UTC,1.39966,1.39956,0.0012,0.0012
28.10.2025 11:04:08.827 UTC,1.39968,1.39954,0.00294,0.0012
28.10.2025 11:04:10.484 UTC,1.39968,1.39953,0.00294,0.00144
28.10.2025 11:04:14.056 UTC,1.39966,1.39952,0.0018,0.0024
28.10.2025 11:04:14.158 UTC,1.39965,1.39953,0.0018,0.0018
28.10.2025 11:04:16.272 UTC,1.39966,1.39953,0.0018,0.0012
28.10.2025 11:04:16.377 UTC,1.39966,1.39953,0.00135,0.0012
28.10.2025 11:04:16.479 UTC,1.39965,1.39954,0.00135,0.0018
28.10.2025 11:04:16.582 UTC,1.39966,1.39953,0.0012,0.00135
28.10.2025 11:04:23.046 UTC,1.39967,1.39954,0.0018,0.0012
28.10.2025 11:04:23.201 UTC,1.39966,1.39956,0.0018,0.0012
28.10.2025 11:04:24.714 UTC,1.39966,1.39954,0.0018,0.00225
28.10.2025 11:04:26.722 UTC,1.39967,1.39953,0.00195,0.00135
28.10.2025 11:04:28.226 UTC,1.39966,1.39954,0.0024,0.00135
28.10.2025 11:04:35.743 UTC,1.39967,1.39953,0.0018,0.0018
28.10.2025 11:04:38.653 UTC,1.39965,1.39952,0.0018,0.00387
28.10.2025 11:04:38.704 UTC,1.39964,1.39952,0.0012,0.00249
28.10.2025 11:04:38.807 UTC,1.39966,1.39951,0.00204,0.00192
28.10.2025 11:04:42.236 UTC,1.39965,1.3995,0.00204,0.00249
28.10.2025 11:04:42.391 UTC,1.39964,1.3995,0.0012,0.00234
28.10.2025 11:04:42.495 UTC,1.39965,1.3995,0.00252,0.00135
28.10.2025 11:04:42.775 UTC,1.39965,1.3995,0.00195,0.00135
28.10.2025 11:04:46.498 UTC,1.39965,1.3995,0.0024,0.00225
28.10.2025 11:04:54.979 UTC,1.39962,1.3995,0.0012,0.00135
28.10.2025 11:04:55.137 UTC,1.39962,1.39948,0.0018,0.00282
28.10.2025 11:04:55.191 UTC,1.39961,1.39951,0.0012,0.0012
28.10.2025 11:04:55.344 UTC,1.39964,1.3995,0.00195,0.00135
28.10.2025 11:04:55.497 UTC,1.39962,1.3995,0.0012,0.00135
28.10.2025 11:04:55.678 UTC,1.39964,1.3995,0.0018,0.00135
28.10.2025 11:04:57.140 UTC,1.39964,1.3995,0.00135,0.00315
28.10.2025 11:05:01.217 UTC,1.39964,1.3995,0.0018,0.00315
28.10.2025 11:05:02.721 UTC,1.39964,1.39951,0.0018,0.0012
28.10.2025 11:05:03.425 UTC,1.39964,1.39951,0.00135,0.0012
28.10.2025 11:05:03.677 UTC,1.39963,1.39952,0.0018,0.0012
28.10.2025 11:05:05.534 UTC,1.39963,1.39952,0.00135,0.0012
28.10.2025 11:05:06.188 UTC,1.39964,1.3995,0.0018,0.00315
28.10.2025 11:05:06.553 UTC,1.39963,1.39951,0.00135,0.00315
28.10.2025 11:05:06.806 UTC,1.39963,1.39951,0.0018,0.00315
28.10.2025 11:05:07.158 UTC,1.39964,1.3995,0.00135,0.00315
28.10.2025 11:05:08.915 UTC,1.39964,1.3995,0.0018,0.00315
28.10.2025 11:05:09.017 UTC,1.39962,1.39951,0.00285,0.00135
28.10.2025 11:05:09.121 UTC,1.39963,1.39949,0.0018,0.0018
28.10.2025 11:05:09.428 UTC,1.39963,1.39949,0.00135,0.00225
28.10.2025 11:05:09.531 UTC,1.39964,1.3995,0.00204,0.00135
28.10.2025 11:05:09.735 UTC,1.39962,1.39951,0.0018,0.0012
28.10.2025 11:05:10.042 UTC,1.39963,1.39951,0.0018,0.00225
28.10.2025 11:05:10.144 UTC,1.39964,1.3995,0.0018,0.0024
28.10.2025 11:05:10.247 UTC,1.39964,1.3995,0.00135,0.00285
28.10.2025 11:05:14.673 UTC,1.39964,1.3995,0.00384,0.00225
28.10.2025 11:05:14.780 UTC,1.39964,1.3995,0.00195,0.00225
28.10.2025 11:05:20.089 UTC,1.39963,1.39951,0.00249,0.00135
28.10.2025 11:05:20.244 UTC,1.39964,1.3995,0.00204,0.00135
28.10.2025 11:05:22.458 UTC,1.39964,1.3995,0.00189,0.0018
28.10.2025 11:05:22.711 UTC,1.39964,1.3995,0.00204,0.00135
28.10.2025 11:05:26.434 UTC,1.39964,1.3995,0.00249,0.00135
28.10.2025 11:05:26.538 UTC,1.39966,1.39952,0.0024,0.00192
28.10.2025 11:05:26.644 UTC,1.39968,1.3996,0.0012,0.0018
28.10.2025 11:05:26.696 UTC,1.39971,1.39961,0.00135,0.0012
28.10.2025 11:05:26.748 UTC,1.39969,1.3996,0.0018,0.0012
28.10.2025 11:05:27.055 UTC,1.3997,1.39961,0.0012,0.00135
28.10.2025 11:05:27.258 UTC,1.39973,1.39961,0.00135,0.00135
28.10.2025 11:05:32.963 UTC,1.39974,1.39961,0.00189,0.00225
28.10.2025 11:05:36.485 UTC,1.39974,1.3996,0.0012,0.00315
28.10.2025 11:05:41.204 UTC,1.39975,1.39964,0.0012,0.0018
28.10.2025 11:05:41.307 UTC,1.39976,1.39963,0.0018,0.00135
28.10.2025 11:05:41.461 UTC,1.39976,1.39962,0.00225,0.00135
28.10.2025 11:05:42.474 UTC,1.39975,1.39963,0.0024,0.00225
28.10.2025 11:05:44.631 UTC,1.39976,1.39962,0.0024,0.0024
28.10.2025 11:05:45.636 UTC,1.39974,1.39963,0.0018,0.00135
28.10.2025 11:05:57.709 UTC,1.39973,1.39961,0.0012,0.00135
28.10.2025 11:05:57.864 UTC,1.39973,1.3996,0.00315,0.0012
28.10.2025 11:05:57.967 UTC,1.39973,1.39958,0.00225,0.00339
28.10.2025 11:06:03.199 UTC,1.39972,1.3996,0.0024,0.00135
28.10.2025 11:06:03.552 UTC,1.39973,1.39959,0.00225,0.00135
28.10.2025 11:06:04.111 UTC,1.39973,1.39958,0.0024,0.00339
28.10.2025 11:06:08.307 UTC,1.3997,1.39957,0.0012,0.0018
28.10.2025 11:06:08.416 UTC,1.3997,1.39956,0.00225,0.00192
28.10.2025 11:06:08.519 UTC,1.3997,1.39956,0.00225,0.00249
28.10.2025 11:06:10.482 UTC,1.39971,1.39957,0.0012,0.00324
28.10.2025 11:06:10.585 UTC,1.39972,1.39958,0.00135,0.00249
28.10.2025 11:06:10.941 UTC,1.39972,1.39959,0.0012,0.0018
28.10.2025 11:06:11.044 UTC,1.39971,1.3996,0.00135,0.0012
28.10.2025 11:06:11.197 UTC,1.39971,1.3996,0.0012,0.0018
28.10.2025 11:06:11.300 UTC,1.39972,1.39958,0.00135,0.00324
28.10.2025 11:06:11.453 UTC,1.39971,1.3996,0.00135,0.0012
28.10.2025 11:06:11.657 UTC,1.39972,1.39958,0.00135,0.00324
28.10.2025 11:06:11.811 UTC,1.39971,1.39959,0.0018,0.00324
28.10.2025 11:06:11.913 UTC,1.39972,1.39959,0.0018,0.0012
28.10.2025 11:06:12.018 UTC,1.39972,1.39959,0.00135,0.00135
28.10.2025 11:06:12.325 UTC,1.39973,1.3996,0.00135,0.0012
28.10.2025 11:06:12.428 UTC,1.39973,1.3996,0.00135,0.0018
28.10.2025 11:06:18.588 UTC,1.39975,1.3996,0.00294,0.00285
28.10.2025 11:06:18.742 UTC,1.39974,1.39961,0.00195,0.00192
28.10.2025 11:06:18.951 UTC,1.39975,1.39961,0.0018,0.00135
28.10.2025 11:06:20.211 UTC,1.39974,1.39962,0.00195,0.00135
28.10.2025 11:06:20.314 UTC,1.39974,1.39962,0.0018,0.00135
28.10.2025 11:06:21.426 UTC,1.39975,1.3996,0.00195,0.00249
28.10.2025 11:06:21.883 UTC,1.39975,1.3996,0.0018,0.00294
28.10.2025 11:06:22.842 UTC,1.39975,1.39961,0.00285,0.00135
28.10.2025 11:06:23.044 UTC,1.39975,1.39961,0.0024,0.00135
28.10.2025 11:06:23.145 UTC,1.39975,1.39961,0.00285,0.00135
28.10.2025 11:06:23.400 UTC,1.39975,1.39961,0.0024,0.00135
28.10.2025 11:06:23.756 UTC,1.39975,1.39961,0.0024,0.0024
28.10.2025 11:06:26.221 UTC,1.39975,1.39961,0.00135,0.0024
28.10.2025 11:06:26.624 UTC,1.39974,1.39962,0.0018,0.0024
28.10.2025 11:06:26.777 UTC,1.39975,1.39961,0.0018,0.00225
28.10.2025 11:06:28.089 UTC,1.39975,1.39961,0.00285,0.00225
28.10.2025 11:06:28.394 UTC,1.39974,1.39962,0.0024,0.00135
28.10.2025 11:06:28.547 UTC,1.39975,1.39961,0.00285,0.00225
28.10.2025 11:06:28.852 UTC,1.39975,1.3996,0.0024,0.00249
28.10.2025 11:06:29.307 UTC,1.39974,1.39962,0.00249,0.0018
28.10.2025 11:06:30.620 UTC,1.39975,1.39961,0.00294,0.0018
28.10.2025 11:06:31.273 UTC,1.39975,1.39961,0.00249,0.0018
28.10.2025 11:06:31.577 UTC,1.39975,1.3996,0.00294,0.00249
28.10.2025 11:06:31.981 UTC,1.39975,1.39961,0.00249,0.0024
28.10.2025 11:06:32.335 UTC,1.39975,1.39961,0.00294,0.0018
28.10.2025 11:06:32.537 UTC,1.39975,1.39961,0.00249,0.0018
28.10.2025 11:06:32.689 UTC,1.39974,1.39962,0.00294,0.0018
28.10.2025 11:06:32.891 UTC,1.39975,1.39961,0.00249,0.0018
28.10.2025 11:06:34.155 UTC,1.39974,1.39962,0.00249,0.00135
28.10.2025 11:06:35.624 UTC,1.39975,1.39961,0.00285,0.00135
28.10.2025 11:06:35.928 UTC,1.39974,1.39962,0.00225,0.00135
28.10.2025 11:06:36.232 UTC,1.39975,1.39961,0.00285,0.00225
28.10.2025 11:06:36.334 UTC,1.39974,1.39962,0.0024,0.00225
28.10.2025 11:06:36.445 UTC,1.39975,1.39961,0.00285,0.00225
28.10.2025 11:06:36.550 UTC,1.39975,1.39961,0.0024,0.00135
28.10.2025 11:06:36.954 UTC,1.39975,1.39961,0.00285,0.00135
28.10.2025 11:06:37.106 UTC,1.39975,1.39961,0.0024,0.00135
28.10.2025 11:06:37.209 UTC,1.39975,1.39961,0.00285,0.00135
28.10.2025 11:06:37.413 UTC,1.39975,1.3996,0.0024,0.00249
28.10.2025 11:06:43.253 UTC,1.39976,1.39962,0.00135,0.00237
28.10.2025 11:06:43.357 UTC,1.39977,1.39963,0.0018,0.00135
28.10.2025 11:06:43.613 UTC,1.39976,1.39963,0.00285,0.00339
28.10.2025 11:06:43.867 UTC,1.39977,1.39962,0.0033,0.00339
28.10.2025 11:06:44.423 UTC,1.39976,1.39963,0.00285,0.00339
28.10.2025 11:06:44.625 UTC,1.39975,1.39962,0.00135,0.00324
28.10.2025 11:06:46.019 UTC,1.39976,1.39963,0.0033,0.00339
28.10.2025 11:06:46.473 UTC,1.39977,1.39962,0.00285,0.00339
28.10.2025 11:06:48.031 UTC,1.39977,1.39962,0.00285,0.00324
28.10.2025 11:06:50.395 UTC,1.39975,1.39964,0.0018,0.0012
28.10.2025 11:06:52.708 UTC,1.39976,1.39962,0.0018,0.00324
28.10.2025 11:06:52.811 UTC,1.39975,1.39963,0.0012,0.00324
28.10.2025 11:06:52.915 UTC,1.39977,1.39964,0.00315,0.00135
28.10.2025 11:06:53.068 UTC,1.39977,1.39963,0.00315,0.00135
28.10.2025 11:06:53.221 UTC,1.39976,1.39964,0.0033,0.00135
28.10.2025 11:06:53.527 UTC,1.39976,1.39964,0.0033,0.0018
28.10.2025 11:06:53.631 UTC,1.39976,1.39964,0.00285,0.00135
28.10.2025 11:06:54.136 UTC,1.39974,1.39962,0.0012,0.00249
28.10.2025 11:06:54.290 UTC,1.39974,1.39962,0.0012,0.00135
28.10.2025 11:07:00.127 UTC,1.39974,1.39963,0.0012,0.00135
28.10.2025 11:07:06.397 UTC,1.39974,1.39963,0.00135,0.0018
28.10.2025 11:07:08.567 UTC,1.39976,1.39963,0.00135,0.00135
28.10.2025 11:07:09.224 UTC,1.39975,1.39962,0.00135,0.00249
28.10.2025 11:07:14.559 UTC,1.39975,1.39962,0.0012,0.00294
28.10.2025 11:07:18.704 UTC,1.39975,1.39962,0.0012,0.00384
28.10.2025 11:07:25.028 UTC,1.39975,1.39962,0.00135,0.00192
28.10.2025 11:07:25.181 UTC,1.39975,1.39962,0.00135,0.00249
28.10.2025 11:07:28.553 UTC,1.39976,1.39964,0.0012,0.00144
28.10.2025 11:07:28.655 UTC,1.39976,1.39964,0.0012,0.00192
28.10.2025 11:07:29.250 UTC,1.39975,1.39965,0.0012,0.0018
28.10.2025 11:07:35.288 UTC,1.39977,1.39963,0.0018,0.00192
28.10.2025 11:07:35.491 UTC,1.39976,1.39963,0.00135,0.00192
28.10.2025 11:07:35.696 UTC,1.39976,1.39965,0.00135,0.0018
28.10.2025 11:07:35.799 UTC,1.39976,1.39964,0.00135,0.0012
28.10.2025 11:07:35.902 UTC,1.39976,1.39963,0.00135,0.00135
28.10.2025 11:07:36.055 UTC,1.39976,1.39963,0.0012,0.0018
28.10.2025 11:07:36.764 UTC,1.39975,1.39965,0.0012,0.0018
28.10.2025 11:07:36.866 UTC,1.39976,1.39964,0.00135,0.00249
28.10.2025 11:07:45.478 UTC,1.39977,1.39964,0.00135,0.0018
28.10.2025 11:07:45.732 UTC,1.39978,1.39968,0.0012,0.00192
28.10.2025 11:07:45.784 UTC,1.39981,1.39968,0.0018,0.00192
28.10.2025 11:07:45.990 UTC,1.3998,1.39967,0.0012,0.00252
28.10.2025 11:07:49.112 UTC,1.39979,1.39964,0.0012,0.00522
28.10.2025 11:07:49.214 UTC,1.39978,1.39966,0.0012,0.00192
28.10.2025 11:07:49.627 UTC,1.39976,1.39965,0.0012,0.00192
28.10.2025 11:07:49.730 UTC,1.39977,1.39966,0.00135,0.00192
28.10.2025 11:07:51.542 UTC,1.39977,1.39963,0.0012,0.00249
28.10.2025 11:07:58.294 UTC,1.39977,1.39964,0.00135,0.0018
28.10.2025 11:07:58.699 UTC,1.39978,1.39964,0.00135,0.00294
28.10.2025 11:08:00.211 UTC,1.39978,1.39964,0.00135,0.00204
28.10.2025 11:08:03.043 UTC,1.39976,1.39965,0.0012,0.00285
28.10.2025 11:08:03.150 UTC,1.39975,1.39964,0.0012,0.0018
28.10.2025 11:08:03.202 UTC,1.39975,1.39964,0.0012,0.00135
28.10.2025 11:08:03.305 UTC,1.39976,1.39965,0.00135,0.00135
28.10.2025 11:08:03.460 UTC,1.39976,1.39965,0.00135,0.0018
28.10.2025 11:08:04.115 UTC,1.39977,1.39964,0.00135,0.00135
28.10.2025 11:08:04.369 UTC,1.39975,1.39963,0.0012,0.00294
28.10.2025 11:08:05.633 UTC,1.39975,1.39963,0.0012,0.00234
28.10.2025 11:08:06.591 UTC,1.39974,1.39964,0.0012,0.00249
28.10.2025 11:08:09.612 UTC,1.39975,1.39963,0.0012,0.00234
28.10.2025 11:08:09.763 UTC,1.39975,1.39963,0.0012,0.00249
28.10.2025 11:08:15.224 UTC,1.39975,1.39963,0.0012,0.00144
28.10.2025 11:08:15.376 UTC,1.39974,1.39965,0.0012,0.0012
28.10.2025 11:08:15.579 UTC,1.39974,1.39964,0.0012,0.00144
28.10.2025 11:08:15.732 UTC,1.39975,1.39963,0.0012,0.00249
28.10.2025 11:08:15.834 UTC,1.39975,1.39963,0.0012,0.00144
28.10.2025 11:08:15.937 UTC,1.39975,1.39964,0.0012,0.00135
28.10.2025 11:08:16.089 UTC,1.39974,1.39964,0.0012,0.00234
28.10.2025 11:08:20.010 UTC,1.39974,1.39964,0.0012,0.00192
28.10.2025 11:08:20.162 UTC,1.39974,1.39964,0.0012,0.00234
28.10.2025 11:08:28.288 UTC,1.39975,1.39963,0.0012,0.00249
28.10.2025 11:08:28.543 UTC,1.39975,1.39963,0.0012,0.00234
28.10.2025 11:08:29.706 UTC,1.39974,1.39964,0.0012,0.00249
28.10.2025 11:08:29.808 UTC,1.39974,1.39964,0.0012,0.00234
28.10.2025 11:08:30.769 UTC,1.39975,1.39967,0.0012,0.0012
28.10.2025 11:08:30.872 UTC,1.39976,1.39966,0.0012,0.00189
28.10.2025 11:08:30.975 UTC,1.39977,1.39966,0.0012,0.00225
28.10.2025 11:08:31.431 UTC,1.39978,1.39966,0.0012,0.00144
28.10.2025 11:08:33.296 UTC,1.39976,1.39964,0.0012,0.00249
28.10.2025 11:08:33.398 UTC,1.39976,1.39964,0.0012,0.00252
28.10.2025 11:08:40.174 UTC,1.39975,1.39963,0.0012,0.00249
28.10.2025 11:08:42.294 UTC,1.39976,1.39963,0.00135,0.0018
28.10.2025 11:08:43.102 UTC,1.39975,1.39962,0.0012,0.00339
28.10.2025 11:08:43.205 UTC,1.39975,1.39962,0.0012,0.00249
28.10.2025 11:08:45.419 UTC,1.39975,1.39962,0.0012,0.0024
28.10.2025 11:08:45.525 UTC,1.39975,1.39962,0.0012,0.00294
28.10.2025 11:08:45.678 UTC,1.39974,1.39963,0.0012,0.00294
28.10.2025 11:08:50.857 UTC,1.39976,1.39964,0.0012,0.00135
28.10.2025 11:08:50.963 UTC,1.39976,1.39964,0.0012,0.0018
28.10.2025 11:08:51.168 UTC,1.39976,1.39964,0.0012,0.00285
28.10.2025 11:08:53.980 UTC,1.39977,1.39963,0.00135,0.00384
28.10.2025 11:08:57.651 UTC,1.39976,1.39964,0.00144,0.0018
28.10.2025 11:08:59.479 UTC,1.39977,1.39964,0.00192,0.0018
28.10.2025 11:09:00.135 UTC,1.39975,1.39965,0.00135,0.00135
28.10.2025 11:09:02.463 UTC,1.39976,1.39965,0.00135,0.0012
28.10.2025 11:09:04.933 UTC,1.39975,1.39967,0.0012,0.0012
28.10.2025 11:09:05.137 UTC,1.39976,1.39965,0.0012,0.0012
28.10.2025 11:09:07.352 UTC,1.39976,1.39966,0.0012,0.0012
28.10.2025 11:09:07.506 UTC,1.39976,1.39965,0.0012,0.00135
28.10.2025 11:09:07.609 UTC,1.39976,1.39963,0.0012,0.00192
28.10.2025 11:09:08.214 UTC,1.39976,1.39963,0.0012,0.00294
28.10.2025 11:09:08.418 UTC,1.39974,1.39964,0.0012,0.00294
28.10.2025 11:09:10.266 UTC,1.39975,1.39963,0.0012,0.0018
28.10.2025 11:09:21.893 UTC,1.39974,1.39962,0.0012,0.0024
28.10.2025 11:09:21.997 UTC,1.39974,1.39962,0.0012,0.00315
28.10.2025 11:09:23.818 UTC,1.39974,1.39963,0.0012,0.0012
28.10.2025 11:09:23.921 UTC,1.39975,1.39962,0.0012,0.00249
28.10.2025 11:09:38.419 UTC,1.39975,1.39963,0.0012,0.00225
28.10.2025 11:09:52.720 UTC,1.39975,1.39963,0.0012,0.0024
28.10.2025 11:10:15.006 UTC,1.39976,1.39964,0.0012,0.00414
28.10.2025 11:10:15.059 UTC,1.39978,1.39965,0.00135,0.00189
28.10.2025 11:10:15.161 UTC,1.39979,1.39965,0.0012,0.00249
28.10.2025 11:10:15.618 UTC,1.39979,1.39969,0.0012,0.0012
28.10.2025 11:10:15.722 UTC,1.39981,1.3997,0.0018,0.0012
28.10.2025 11:10:15.825 UTC,1.3998,1.3997,0.0012,0.00135
28.10.2025 11:10:16.332 UTC,1.39982,1.39968,0.0012,0.00519
28.10.2025 11:10:17.444 UTC,1.39981,1.3997,0.0012,0.00429
28.10.2025 11:10:18.763 UTC,1.39982,1.39969,0.0012,0.00135
28.10.2025 11:10:19.853 UTC,1.39983,1.3997,0.0012,0.00135
28.10.2025 11:10:26.479 UTC,1.39983,1.39971,0.00132,0.00225
28.10.2025 11:10:32.691 UTC,1.39985,1.39971,0.0012,0.00429
28.10.2025 11:10:32.796 UTC,1.39986,1.39978,0.0012,0.0018
28.10.2025 11:10:33.055 UTC,1.39987,1.39975,0.0012,0.0024
28.10.2025 11:10:34.165 UTC,1.39989,1.39975,0.00144,0.0024
28.10.2025 11:10:37.384 UTC,1.3999,1.39976,0.0012,0.0033
28.10.2025 11:10:37.488 UTC,1.39991,1.39977,0.0018,0.0024
28.10.2025 11:10:44.092 UTC,1.3999,1.3998,0.0012,0.0012
28.10.2025 11:10:47.756 UTC,1.39993,1.39979,0.00327,0.0018
28.10.2025 11:10:47.809 UTC,1.39994,1.39979,0.00132,0.0033
28.10.2025 11:10:47.912 UTC,1.39995,1.39981,0.00132,0.00135
28.10.2025 11:10:50.934 UTC,1.39995,1.39981,0.00387,0.00135
28.10.2025 11:10:56.132 UTC,1.39991,1.3998,0.0012,0.0018
28.10.2025 11:10:57.990 UTC,1.39991,1.3998,0.00135,0.0018
28.10.2025 11:10:58.093 UTC,1.39992,1.39979,0.0018,0.00135
28.10.2025 11:10:58.245 UTC,1.39992,1.39979,0.00135,0.00135
28.10.2025 11:10:58.347 UTC,1.39992,1.39979,0.00135,0.0018
28.10.2025 11:11:02.177 UTC,1.39991,1.39978,0.0012,0.0018
28.10.2025 11:11:02.280 UTC,1.39991,1.39979,0.0012,0.00315
28.10.2025 11:11:02.433 UTC,1.39992,1.39979,0.0012,0.0033
28.10.2025 11:11:15.619 UTC,1.39993,1.39979,0.0018,0.0018
28.10.2025 11:11:19.554 UTC,1.39992,1.39979,0.00135,0.0018
28.10.2025 11:11:19.656 UTC,1.39993,1.39979,0.00234,0.00195
28.10.2025 11:11:25.074 UTC,1.39993,1.39979,0.00249,0.0024
28.10.2025 11:11:25.630 UTC,1.39993,1.39979,0.00144,0.00285
28.10.2025 11:11:37.059 UTC,1.39994,1.3998,0.00135,0.00384
28.10.2025 11:11:37.163 UTC,1.39994,1.3998,0.0018,0.00429
28.10.2025 11:11:46.447 UTC,1.39994,1.39981,0.00135,0.0018
28.10.2025 11:11:46.550 UTC,1.39995,1.39981,0.00234,0.00195
28.10.2025 11:11:47.056 UTC,1.39994,1.39982,0.00249,0.0018
28.10.2025 11:11:49.515 UTC,1.39995,1.39984,0.0018,0.00132
28.10.2025 11:11:49.567 UTC,1.39997,1.39982,0.00234,0.00342
28.10.2025 11:11:49.619 UTC,1.39997,1.39982,0.00234,0.00339
28.10.2025 11:11:50.178 UTC,1.39997,1.39984,0.0018,0.00135
28.10.2025 11:11:52.184 UTC,1.39997,1.39984,0.00249,0.00135
28.10.2025 11:11:52.786 UTC,1.39996,1.39984,0.00234,0.0018
28.10.2025 11:11:53.040 UTC,1.39997,1.39984,0.0018,0.0018
28.10.2025 11:11:53.142 UTC,1.39997,1.39984,0.0018,0.00192
28.10.2025 11:11:53.296 UTC,1.39997,1.39985,0.00135,0.0018
28.10.2025 11:11:55.358 UTC,1.39996,1.39985,0.00144,0.00135
28.10.2025 11:11:57.017 UTC,1.39997,1.39983,0.00192,0.0018
28.10.2025 11:11:57.121 UTC,1.39996,1.39982,0.00192,0.0024
28.10.2025 11:11:57.224 UTC,1.39995,1.39983,0.00192,0.0018
28.10.2025 11:11:57.831 UTC,1.39997,1.39983,0.00192,0.0024
28.10.2025 11:11:57.934 UTC,1.39997,1.39983,0.00204,0.0024
28.10.2025 11:11:58.086 UTC,1.39997,1.39983,0.00204,0.00225
28.10.2025 11:11:58.990 UTC,1.39996,1.39984,0.00249,0.00225
28.10.2025 11:12:00.095 UTC,1.39997,1.39983,0.00294,0.00225
28.10.2025 11:12:01.254 UTC,1.39995,1.39983,0.0018,0.00135
28.10.2025 11:12:01.357 UTC,1.39995,1.39981,0.0018,0.00249
28.10.2025 11:12:02.319 UTC,1.39995,1.39981,0.00135,0.00252
28.10.2025 11:12:03.329 UTC,1.39995,1.39981,0.0018,0.00249
28.10.2025 11:12:03.934 UTC,1.39995,1.39981,0.00135,0.00249
28.10.2025 11:12:06.142 UTC,1.39995,1.39981,0.00192,0.0024
28.10.2025 11:12:06.747 UTC,1.39993,1.39981,0.0012,0.0024
28.10.2025 11:12:07.099 UTC,1.39994,1.39982,0.00192,0.0024
28.10.2025 11:12:10.015 UTC,1.39995,1.39983,0.00225,0.00189
28.10.2025 11:12:10.169 UTC,1.39995,1.39983,0.00225,0.00192
28.10.2025 11:12:10.272 UTC,1.39995,1.39983,0.0012,0.00135
28.10.2025 11:12:17.894 UTC,1.39997,1.39982,0.0033,0.00258
28.10.2025 11:12:21.870 UTC,1.39997,1.39983,0.00285,0.0018
28.10.2025 11:12:22.277 UTC,1.39996,1.39983,0.0018,0.0018
28.10.2025 11:12:22.529 UTC,1.39995,1.39984,0.00135,0.0018
28.10.2025 11:12:22.681 UTC,1.39996,1.39983,0.0018,0.0018
28.10.2025 11:12:22.933 UTC,1.39996,1.39983,0.00135,0.0018
28.10.2025 11:12:23.338 UTC,1.39996,1.39984,0.0012,0.0018
28.10.2025 11:12:25.268 UTC,1.39995,1.39984,0.00225,0.0018
28.10.2025 11:12:26.326 UTC,1.39996,1.39983,0.0024,0.0018
28.10.2025 11:12:26.429 UTC,1.39995,1.39985,0.00135,0.0018
28.10.2025 11:12:27.437 UTC,1.39996,1.39983,0.00225,0.0018
28.10.2025 11:12:29.598 UTC,1.39995,1.39985,0.00135,0.0018
28.10.2025 11:12:30.456 UTC,1.39997,1.39984,0.0027,0.0018
28.10.2025 11:12:30.559 UTC,1.39996,1.39983,0.0012,0.0018
28.10.2025 11:12:41.271 UTC,1.39997,1.39984,0.00315,0.0018
28.10.2025 11:12:41.424 UTC,1.39997,1.39984,0.0033,0.0018
28.10.2025 11:12:42.432 UTC,1.39996,1.39984,0.0033,0.00249
28.10.2025 11:12:43.495 UTC,1.39997,1.39984,0.00225,0.0018
28.10.2025 11:12:43.597 UTC,1.39996,1.39984,0.0024,0.00249
28.10.2025 11:12:44.855 UTC,1.39996,1.39984,0.0033,0.00249
28.10.2025 11:12:45.109 UTC,1.39996,1.39985,0.00315,0.0018
28.10.2025 11:12:45.363 UTC,1.39997,1.39983,0.0033,0.00249
28.10.2025 11:12:49.977 UTC,1.39994,1.39984,0.0012,0.00249
28.10.2025 11:12:50.081 UTC,1.39997,1.39983,0.0033,0.00192
28.10.2025 11:12:50.184 UTC,1.39995,1.39983,0.00225,0.0018
28.10.2025 11:12:50.287 UTC,1.39993,1.39982,0.00135,0.00192
28.10.2025 11:12:57.766 UTC,1.39994,1.39983,0.0012,0.0012
28.10.2025 11:12:58.269 UTC,1.39994,1.3998,0.0012,0.00168
28.10.2025 11:13:13.368 UTC,1.39993,1.39984,0.00135,0.0012
28.10.2025 11:13:13.670 UTC,1.39994,1.39981,0.00135,0.0018
28.10.2025 11:13:25.571 UTC,1.39994,1.39981,0.0018,0.0024
28.10.2025 11:13:25.673 UTC,1.39994,1.39981,0.00135,0.0024
28.10.2025 11:13:26.727 UTC,1.39991,1.3998,0.0012,0.0027
28.10.2025 11:13:26.831 UTC,1.3999,1.39976,0.0018,0.00252
28.10.2025 11:13:27.037 UTC,1.3999,1.39979,0.0012,0.00135
28.10.2025 11:13:27.141 UTC,1.39992,1.39979,0.0018,0.0018
28.10.2025 11:13:27.244 UTC,1.39992,1.39978,0.0027,0.00192
28.10.2025 11:13:27.653 UTC,1.39991,1.39978,0.0012,0.00192
28.10.2025 11:13:39.052 UTC,1.39991,1.3998,0.00225,0.0012
28.10.2025 11:13:39.704 UTC,1.3999,1.39979,0.00225,0.00192
28.10.2025 11:13:44.323 UTC,1.3999,1.39978,0.0018,0.0024
28.10.2025 11:13:44.427 UTC,1.39984,1.39973,0.0018,0.00135
28.10.2025 11:13:57.578 UTC,1.39985,1.39974,0.0012,0.0012
28.10.2025 11:13:57.629 UTC,1.39984,1.39973,0.0012,0.00225
28.10.2025 11:14:10.031 UTC,1.39987,1.39973,0.0012,0.00135
28.10.2025 11:14:10.135 UTC,1.39986,1.39974,0.0012,0.0018
28.10.2025 11:14:10.240 UTC,1.39988,1.39973,0.0036,0.00339
28.10.2025 11:14:10.443 UTC,1.39986,1.39974,0.0012,0.00249
28.10.2025 11:14:14.778 UTC,1.39986,1.39974,0.0018,0.00249
28.10.2025 11:14:15.181 UTC,1.39986,1.39974,0.0018,0.00144
28.10.2025 11:14:15.385 UTC,1.39984,1.39972,0.00225,0.00387
28.10.2025 11:14:24.742 UTC,1.39985,1.39972,0.0012,0.00225
28.10.2025 11:14:42.065 UTC,1.39984,1.39972,0.0012,0.00225
28.10.2025 11:14:42.167 UTC,1.39985,1.39972,0.0012,0.00225
28.10.2025 11:14:49.652 UTC,1.39983,1.39973,0.0012,0.00225
28.10.2025 11:14:54.875 UTC,1.39984,1.39974,0.0012,0.0012
28.10.2025 11:14:54.926 UTC,1.39984,1.39972,0.0012,0.00225
28.10.2025 11:15:02.334 UTC,1.39983,1.39971,0.0012,0.00192
28.10.2025 11:15:02.790 UTC,1.39979,1.39967,0.0012,0.00162
28.10.2025 11:15:02.894 UTC,1.39979,1.39967,0.0012,0.00192
28.10.2025 11:15:02.997 UTC,1.39979,1.39967,0.0012,0.00135
28.10.2025 11:15:03.101 UTC,1.39978,1.39966,0.0012,0.00249
28.10.2025 11:15:03.308 UTC,1.39976,1.39967,0.0012,0.0018
28.10.2025 11:15:04.473 UTC,1.39977,1.39963,0.0012,0.00192
28.10.2025 11:15:05.938 UTC,1.39976,1.39962,0.0012,0.00192
28.10.2025 11:15:08.205 UTC,1.39977,1.39965,0.0012,0.00192
28.10.2025 11:15:08.308 UTC,1.39976,1.39966,0.0012,0.00192
28.10.2025 11:15:13.878 UTC,1.39976,1.39965,0.0012,0.0018
28.10.2025 11:15:13.980 UTC,1.39976,1.39966,0.0012,0.0018
28.10.2025 11:15:17.849 UTC,1.39976,1.39965,0.0012,0.0018
28.10.2025 11:15:18.807 UTC,1.39977,1.39965,0.0012,0.0018
28.10.2025 11:15:35.052 UTC,1.39972,1.3996,0.0012,0.00192
28.10.2025 11:15:35.156 UTC,1.39972,1.3996,0.00189,0.0012
28.10.2025 11:15:35.462 UTC,1.39966,1.39955,0.00207,0.0018
28.10.2025 11:15:35.515 UTC,1.39964,1.3995,0.00282,0.00517
28.10.2025 11:15:35.567 UTC,1.3996,1.39947,0.00192,0.0099
28.10.2025 11:15:35.671 UTC,1.39956,1.39951,0.0012,0.0012
28.10.2025 11:15:35.775 UTC,1.39958,1.3995,0.0012,0.0015
28.10.2025 11:15:35.827 UTC,1.39957,1.39951,0.0012,0.0012
28.10.2025 11:15:35.879 UTC,1.39957,1.39945,0.0012,0.00222
28.10.2025 11:15:35.983 UTC,1.39959,1.39945,0.0018,0.00204
28.10.2025 11:15:36.137 UTC,1.39959,1.39947,0.00225,0.00249
28.10.2025 11:15:36.241 UTC,1.3996,1.39947,0.00135,0.0018
28.10.2025 11:15:36.548 UTC,1.39959,1.39946,0.0012,0.0018
28.10.2025 11:15:36.651 UTC,1.3996,1.39947,0.00135,0.0018
28.10.2025 11:15:37.213 UTC,1.3996,1.39945,0.0024,0.00429
28.10.2025 11:15:37.316 UTC,1.3996,1.39946,0.00225,0.0012
28.10.2025 11:15:37.472 UTC,1.39961,1.39947,0.00135,0.0042
28.10.2025 11:15:37.935 UTC,1.39963,1.39949,0.0018,0.00225
28.10.2025 11:15:37.987 UTC,1.39962,1.3995,0.0018,0.0024
28.10.2025 11:15:38.112 UTC,1.39963,1.39949,0.0018,0.00249
28.10.2025 11:15:38.267 UTC,1.39962,1.39949,0.0012,0.00192
28.10.2025 11:15:38.370 UTC,1.39961,1.3995,0.0012,0.00192
28.10.2025 11:15:38.422 UTC,1.39964,1.39951,0.0012,0.0012
28.10.2025 11:15:38.526 UTC,1.39963,1.39951,0.0012,0.00249
28.10.2025 11:15:39.493 UTC,1.39961,1.3995,0.0012,0.00192
28.10.2025 11:15:39.545 UTC,1.39964,1.3995,0.00135,0.00192
28.10.2025 11:15:40.103 UTC,1.39963,1.39951,0.0012,0.00192
28.10.2025 11:15:40.770 UTC,1.39963,1.39951,0.0012,0.00384
28.10.2025 11:15:42.140 UTC,1.39965,1.39951,0.00225,0.00249
28.10.2025 11:15:44.515 UTC,1.39965,1.39951,0.00135,0.00384
28.10.2025 11:15:45.095 UTC,1.39965,1.39951,0.0018,0.00339
28.10.2025 11:15:45.150 UTC,1.39961,1.39951,0.0012,0.0012
28.10.2025 11:15:45.257 UTC,1.39963,1.39949,0.0012,0.00294
28.10.2025 11:15:45.361 UTC,1.39964,1.3995,0.00144,0.0033
28.10.2025 11:15:46.226 UTC,1.39964,1.39951,0.0018,0.0024
28.10.2025 11:15:47.087 UTC,1.39963,1.3995,0.00144,0.0018
28.10.2025 11:15:47.190 UTC,1.39961,1.3995,0.0012,0.00195
28.10.2025 11:15:47.242 UTC,1.39962,1.39949,0.0012,0.00195
28.10.2025 11:15:47.650 UTC,1.39964,1.3995,0.00135,0.00459
28.10.2025 11:15:47.753 UTC,1.39964,1.3995,0.00135,0.00465
28.10.2025 11:15:48.464 UTC,1.39964,1.3995,0.0018,0.0033
28.10.2025 11:15:48.617 UTC,1.39963,1.39951,0.00135,0.0033
28.10.2025 11:15:49.629 UTC,1.39964,1.39952,0.00135,0.00204
28.10.2025 11:15:49.731 UTC,1.39964,1.39952,0.0018,0.00249
28.10.2025 11:15:50.641 UTC,1.39965,1.39951,0.00135,0.00294
28.10.2025 11:15:56.611 UTC,1.39965,1.39951,0.0018,0.00249
28.10.2025 11:15:57.818 UTC,1.39966,1.39954,0.00135,0.0012
28.10.2025 11:15:57.924 UTC,1.39967,1.39954,0.0012,0.00339
28.10.2025 11:15:58.030 UTC,1.39968,1.39955,0.00132,0.0018
28.10.2025 11:15:58.239 UTC,1.39966,1.39956,0.0012,0.0018
28.10.2025 11:15:58.343 UTC,1.39966,1.39954,0.00132,0.0033
28.10.2025 11:15:59.308 UTC,1.39967,1.39954,0.00135,0.0018
28.10.2025 11:15:59.412 UTC,1.39966,1.39954,0.00135,0.00339
28.10.2025 11:15:59.668 UTC,1.39967,1.39954,0.0012,0.0018
28.10.2025 11:16:00.103 UTC,1.39967,1.39953,0.00249,0.0033
28.10.2025 11:16:00.306 UTC,1.39966,1.39954,0.00249,0.0033
28.10.2025 11:16:00.408 UTC,1.39967,1.39953,0.00249,0.0033
28.10.2025 11:16:00.913 UTC,1.39966,1.39954,0.00234,0.0033
28.10.2025 11:16:02.178 UTC,1.39967,1.39953,0.00249,0.0033
28.10.2025 11:16:02.336 UTC,1.39967,1.39953,0.00234,0.00375
28.10.2025 11:16:02.797 UTC,1.39967,1.39954,0.00135,0.0018
28.10.2025 11:16:06.563 UTC,1.39967,1.39954,0.00192,0.0018
28.10.2025 11:16:06.966 UTC,1.39967,1.39954,0.00144,0.0018
28.10.2025 11:16:09.469 UTC,1.39968,1.39957,0.0018,0.0018
28.10.2025 11:16:09.522 UTC,1.39972,1.39959,0.00225,0.0012
28.10.2025 11:16:09.628 UTC,1.39973,1.39959,0.0012,0.0018
28.10.2025 11:16:09.733 UTC,1.39974,1.39959,0.0012,0.0024
28.10.2025 11:16:09.937 UTC,1.39974,1.3996,0.00132,0.00135
28.10.2025 11:16:10.392 UTC,1.39972,1.39959,0.00132,0.00135
28.10.2025 11:16:10.597 UTC,1.39972,1.39958,0.00132,0.00339
28.10.2025 11:16:13.175 UTC,1.39972,1.3996,0.0012,0.00135
28.10.2025 11:16:13.278 UTC,1.39973,1.3996,0.00192,0.00465
28.10.2025 11:16:14.793 UTC,1.39974,1.3996,0.0018,0.00225
28.10.2025 11:16:14.896 UTC,1.39973,1.39961,0.0018,0.00237
28.10.2025 11:16:15.049 UTC,1.39973,1.39961,0.00135,0.00252
28.10.2025 11:16:18.602 UTC,1.39974,1.39959,0.00147,0.00297
28.10.2025 11:16:18.704 UTC,1.39974,1.39959,0.00192,0.00252
28.10.2025 11:16:18.808 UTC,1.39973,1.39961,0.00261,0.00135
28.10.2025 11:16:19.716 UTC,1.39974,1.3996,0.00135,0.0018
28.10.2025 11:16:20.271 UTC,1.39974,1.3996,0.00135,0.00375
28.10.2025 11:16:20.373 UTC,1.39974,1.3996,0.00135,0.0036
28.10.2025 11:16:20.726 UTC,1.39974,1.3996,0.00147,0.00135
28.10.2025 11:16:25.817 UTC,1.39973,1.39962,0.0018,0.00132
28.10.2025 11:16:25.920 UTC,1.39973,1.39962,0.00135,0.00132
28.10.2025 11:16:26.022 UTC,1.39974,1.39961,0.0018,0.00132
28.10.2025 11:16:27.498 UTC,1.39974,1.39961,0.00135,0.00132
28.10.2025 11:16:27.905 UTC,1.39974,1.39961,0.00225,0.00387
28.10.2025 11:16:28.059 UTC,1.39974,1.39962,0.00225,0.00204
28.10.2025 11:16:29.424 UTC,1.39975,1.39961,0.0024,0.00249
28.10.2025 11:16:30.733 UTC,1.39975,1.39961,0.00315,0.00294
28.10.2025 11:16:31.239 UTC,1.39974,1.39962,0.0033,0.00249
28.10.2025 11:16:31.692 UTC,1.39974,1.39962,0.00315,0.00294
28.10.2025 11:16:33.148 UTC,1.39975,1.39961,0.0033,0.00249
28.10.2025 11:16:33.552 UTC,1.39975,1.39961,0.00315,0.00294
28.10.2025 11:16:34.255 UTC,1.39975,1.39961,0.0033,0.00249
28.10.2025 11:16:34.610 UTC,1.39974,1.39962,0.00315,0.00294
28.10.2025 11:16:35.315 UTC,1.39975,1.39961,0.0024,0.00249
28.10.2025 11:16:35.418 UTC,1.39974,1.39961,0.00135,0.00192
28.10.2025 11:16:35.526 UTC,1.39973,1.39962,0.00225,0.0018
28.10.2025 11:16:35.629 UTC,1.39972,1.39961,0.00135,0.00192
28.10.2025 11:16:35.731 UTC,1.39974,1.3996,0.0024,0.00249
28.10.2025 11:16:37.535 UTC,1.39973,1.39961,0.00225,0.00294
28.10.2025 11:16:41.559 UTC,1.39974,1.3996,0.0024,0.00249
28.10.2025 11:16:41.762 UTC,1.39974,1.3996,0.00225,0.00297
28.10.2025 11:16:41.865 UTC,1.39974,1.39961,0.0012,0.00132
28.10.2025 11:16:46.679 UTC,1.39975,1.39963,0.0012,0.00192
28.10.2025 11:16:46.783 UTC,1.39976,1.39967,0.0012,0.0012
28.10.2025 11:16:46.890 UTC,1.39977,1.39966,0.0012,0.0024
28.10.2025 11:16:47.096 UTC,1.39979,1.39967,0.0012,0.00132
28.10.2025 11:16:48.007 UTC,1.39978,1.39967,0.0012,0.0018
28.10.2025 11:16:51.783 UTC,1.39977,1.39965,0.00189,0.0018
28.10.2025 11:16:51.939 UTC,1.39978,1.39964,0.00132,0.00324
28.10.2025 11:16:52.042 UTC,1.39978,1.39965,0.0012,0.0024
28.10.2025 11:16:52.800 UTC,1.39977,1.39966,0.00192,0.0018
28.10.2025 11:16:52.956 UTC,1.39977,1.39963,0.00189,0.00375
28.10.2025 11:16:53.066 UTC,1.39978,1.39964,0.00234,0.0033
28.10.2025 11:16:54.125 UTC,1.39977,1.39965,0.00234,0.00465
28.10.2025 11:16:56.083 UTC,1.39978,1.39964,0.00249,0.0024
28.10.2025 11:16:56.285 UTC,1.39978,1.39964,0.00234,0.00285
28.10.2025 11:16:56.791 UTC,1.39979,1.39965,0.00225,0.0051
28.10.2025 11:16:56.894 UTC,1.39979,1.39965,0.00225,0.00522
28.10.2025 11:17:04.432 UTC,1.39977,1.39965,0.00135,0.0018
28.10.2025 11:17:04.484 UTC,1.39977,1.39965,0.00135,0.0012
28.10.2025 11:17:04.639 UTC,1.39977,1.39964,0.0012,0.00144
28.10.2025 11:17:04.741 UTC,1.39976,1.39965,0.0012,0.00192
28.10.2025 11:17:06.250 UTC,1.39978,1.39966,0.00135,0.0027
28.10.2025 11:17:06.404 UTC,1.39979,1.39965,0.00135,0.00294
28.10.2025 11:17:09.930 UTC,1.39978,1.39964,0.00339,0.0024
28.10.2025 11:17:10.083 UTC,1.39977,1.39964,0.00135,0.00135
28.10.2025 11:17:10.186 UTC,1.39977,1.39964,0.00135,0.0018
28.10.2025 11:17:10.491 UTC,1.39977,1.39964,0.0018,0.0018
28.10.2025 11:17:10.896 UTC,1.39978,1.39966,0.00195,0.00237
28.10.2025 11:17:10.999 UTC,1.39979,1.39965,0.0018,0.00387
28.10.2025 11:17:11.908 UTC,1.39978,1.39966,0.00285,0.00192
28.10.2025 11:17:12.516 UTC,1.39979,1.39965,0.00135,0.00285
28.10.2025 11:17:12.617 UTC,1.39976,1.39966,0.0012,0.00285
28.10.2025 11:17:12.669 UTC,1.39978,1.39966,0.00135,0.00285
28.10.2025 11:17:12.770 UTC,1.39978,1.39965,0.0012,0.00195
28.10.2025 11:17:13.279 UTC,1.39978,1.39964,0.0012,0.00294
28.10.2025 11:17:13.381 UTC,1.39979,1.39965,0.00225,0.0024
28.10.2025 11:17:13.750 UTC,1.39978,1.39967,0.00285,0.0018
28.10.2025 11:17:13.853 UTC,1.39979,1.39965,0.0027,0.00195
28.10.2025 11:17:14.211 UTC,1.39976,1.39964,0.00135,0.0018
28.10.2025 11:17:14.315 UTC,1.39977,1.39964,0.0024,0.00135
28.10.2025 11:17:14.418 UTC,1.39977,1.39963,0.0018,0.00204
28.10.2025 11:17:14.924 UTC,1.39977,1.39964,0.0024,0.0018
28.10.2025 11:17:15.278 UTC,1.39977,1.39964,0.00135,0.0018
28.10.2025 11:17:15.584 UTC,1.39977,1.39965,0.00135,0.00375
28.10.2025 11:17:15.686 UTC,1.39979,1.39965,0.00339,0.00135
28.10.2025 11:17:15.738 UTC,1.39978,1.39966,0.00285,0.0018
28.10.2025 11:17:15.841 UTC,1.39978,1.39965,0.00135,0.0018
28.10.2025 11:17:15.943 UTC,1.39977,1.39966,0.0018,0.0018
28.10.2025 11:17:18.259 UTC,1.39977,1.39963,0.00285,0.00192
28.10.2025 11:17:18.363 UTC,1.39977,1.39963,0.00195,0.00192
28.10.2025 11:17:18.969 UTC,1.39976,1.39962,0.00135,0.00297
28.10.2025 11:17:20.027 UTC,1.39976,1.39962,0.0018,0.00252
28.10.2025 11:17:20.731 UTC,1.39976,1.39962,0.00135,0.00252
28.10.2025 11:17:21.689 UTC,1.39976,1.39962,0.0018,0.00252
28.10.2025 11:17:23.762 UTC,1.39977,1.39963,0.00375,0.00144
28.10.2025 11:17:26.574 UTC,1.39975,1.39963,0.0012,0.00144
28.10.2025 11:17:28.730 UTC,1.39976,1.39963,0.00135,0.00144
28.10.2025 11:17:29.338 UTC,1.39976,1.39965,0.0024,0.00135
28.10.2025 11:17:29.696 UTC,1.39977,1.39964,0.00135,0.0018
28.10.2025 11:17:29.799 UTC,1.39977,1.39964,0.0024,0.00135
28.10.2025 11:17:30.860 UTC,1.39977,1.39963,0.00315,0.00294
28.10.2025 11:17:31.013 UTC,1.39977,1.39963,0.0033,0.00249
28.10.2025 11:17:31.671 UTC,1.39977,1.39964,0.00135,0.0018
28.10.2025 11:17:35.368 UTC,1.39978,1.39967,0.0012,0.00135
28.10.2025 11:17:35.482 UTC,1.39978,1.39965,0.00135,0.0024
28.10.2025 11:17:35.587 UTC,1.39977,1.39964,0.0018,0.0018
28.10.2025 11:17:35.691 UTC,1.39978,1.39964,0.00225,0.0018
28.10.2025 11:17:35.793 UTC,1.39978,1.39963,0.0024,0.00474
28.10.2025 11:17:35.897 UTC,1.39979,1.39966,0.00135,0.0012
28.10.2025 11:17:36.860 UTC,1.39977,1.39963,0.0012,0.00432
28.10.2025 11:17:37.014 UTC,1.39978,1.39963,0.0027,0.00477
28.10.2025 11:17:42.738 UTC,1.39979,1.39966,0.0012,0.00135
28.10.2025 11:17:42.842 UTC,1.39981,1.39967,0.00285,0.00135
28.10.2025 11:17:42.946 UTC,1.39981,1.39967,0.00375,0.0018
28.10.2025 11:17:45.417 UTC,1.3998,1.39969,0.00135,0.0024
28.10.2025 11:17:45.470 UTC,1.39984,1.39969,0.0024,0.00234
28.10.2025 11:17:45.573 UTC,1.39982,1.3997,0.00225,0.0018
28.10.2025 11:17:46.433 UTC,1.39983,1.39969,0.00237,0.0018
28.10.2025 11:17:48.463 UTC,1.39983,1.39969,0.00192,0.0018
28.10.2025 11:17:49.473 UTC,1.39983,1.39968,0.00252,0.00339
28.10.2025 11:17:56.872 UTC,1.39984,1.3997,0.00249,0.00315
28.10.2025 11:17:56.976 UTC,1.39984,1.39971,0.00249,0.00135
28.10.2025 11:17:57.077 UTC,1.39983,1.39972,0.00234,0.00135
28.10.2025 11:18:00.250 UTC,1.39983,1.39971,0.00237,0.0024
28.10.2025 11:18:00.352 UTC,1.39984,1.3997,0.00234,0.0024
28.10.2025 11:18:00.454 UTC,1.39984,1.3997,0.00249,0.0024
28.10.2025 11:18:01.613 UTC,1.39984,1.3997,0.00315,0.0024
28.10.2025 11:18:02.773 UTC,1.39983,1.39971,0.0033,0.0033
28.10.2025 11:18:03.831 UTC,1.39984,1.3997,0.00135,0.00387
28.10.2025 11:18:08.867 UTC,1.39983,1.39973,0.00135,0.0012
28.10.2025 11:18:09.070 UTC,1.39983,1.39971,0.0024,0.00249
28.10.2025 11:18:10.317 UTC,1.39981,1.3997,0.00135,0.00192
28.10.2025 11:18:10.419 UTC,1.39982,1.39969,0.00135,0.00192
28.10.2025 11:18:15.496 UTC,1.39983,1.3997,0.00135,0.00135
28.10.2025 11:18:15.599 UTC,1.39983,1.3997,0.0012,0.00195
28.10.2025 11:18:24.479 UTC,1.39982,1.39969,0.00135,0.00192
28.10.2025 11:18:25.843 UTC,1.39981,1.39969,0.00135,0.0018
28.10.2025 11:18:25.895 UTC,1.39979,1.39967,0.0012,0.00192
28.10.2025 11:18:25.947 UTC,1.39979,1.39968,0.0012,0.00144
28.10.2025 11:18:26.050 UTC,1.39981,1.39967,0.00225,0.00189
28.10.2025 11:18:26.203 UTC,1.39981,1.39967,0.0024,0.00192
28.10.2025 11:18:26.307 UTC,1.39975,1.39966,0.0012,0.0018
28.10.2025 11:18:26.359 UTC,1.39975,1.39964,0.00132,0.0018
28.10.2025 11:18:26.463 UTC,1.39974,1.39964,0.0012,0.0012
28.10.2025 11:18:26.719 UTC,1.39974,1.3996,0.0012,0.00414
28.10.2025 11:18:27.441 UTC,1.39973,1.3996,0.0012,0.00234
28.10.2025 11:18:28.055 UTC,1.39972,1.3996,0.0018,0.00135
28.10.2025 11:18:28.210 UTC,1.39971,1.39959,0.00135,0.00384
28.10.2025 11:18:28.312 UTC,1.39971,1.39958,0.0012,0.00195
28.10.2025 11:18:28.517 UTC,1.39971,1.39959,0.00234,0.00285
28.10.2025 11:18:29.429 UTC,1.39972,1.39958,0.0024,0.00249
28.10.2025 11:18:30.942 UTC,1.39974,1.3996,0.00339,0.0012
28.10.2025 11:18:31.046 UTC,1.39974,1.3996,0.00135,0.00192
28.10.2025 11:18:31.149 UTC,1.39973,1.39961,0.00135,0.00252
28.10.2025 11:18:32.156 UTC,1.39974,1.39963,0.00135,0.0012
28.10.2025 11:18:32.259 UTC,1.39974,1.3996,0.00135,0.00252
28.10.2025 11:18:34.977 UTC,1.39968,1.3996,0.0012,0.0024
28.10.2025 11:18:35.029 UTC,1.39966,1.39954,0.0012,0.0024
28.10.2025 11:18:35.133 UTC,1.39967,1.39954,0.0012,0.00375
28.10.2025 11:18:35.389 UTC,1.39967,1.39955,0.00225,0.00384
28.10.2025 11:18:35.493 UTC,1.39966,1.39956,0.0012,0.0012
28.10.2025 11:18:36.807 UTC,1.39964,1.39956,0.0012,0.0012
28.10.2025 11:18:36.859 UTC,1.39966,1.39956,0.00135,0.0012
28.10.2025 11:18:37.970 UTC,1.39963,1.39955,0.0012,0.00285
28.10.2025 11:18:38.022 UTC,1.39966,1.39954,0.00135,0.00285
28.10.2025 11:18:40.005 UTC,1.39966,1.39957,0.0018,0.0012
28.10.2025 11:18:42.369 UTC,1.39966,1.39955,0.00225,0.00249
28.10.2025 11:18:44.786 UTC,1.39968,1.39955,0.00234,0.00135
28.10.2025 11:18:44.890 UTC,1.39967,1.39955,0.0018,0.00135
28.10.2025 11:18:46.500 UTC,1.39964,1.39955,0.0012,0.0024
28.10.2025 11:18:46.552 UTC,1.39967,1.39954,0.00225,0.0024
28.10.2025 11:18:47.258 UTC,1.39968,1.39955,0.00234,0.00135
28.10.2025 11:18:48.016 UTC,1.39968,1.39955,0.00339,0.00135
28.10.2025 11:18:48.167 UTC,1.39968,1.39955,0.00324,0.00135
28.10.2025 11:18:48.470 UTC,1.39968,1.39955,0.00339,0.00135
28.10.2025 11:18:49.575 UTC,1.39967,1.39956,0.00249,0.0018
28.10.2025 11:18:59.204 UTC,1.39967,1.39954,0.0024,0.0024
28.10.2025 11:18:59.307 UTC,1.39966,1.39955,0.0033,0.00135
28.10.2025 11:18:59.561 UTC,1.39967,1.39953,0.00225,0.00249
28.10.2025 11:19:00.066 UTC,1.39967,1.39953,0.0024,0.00249
28.10.2025 11:19:00.320 UTC,1.39967,1.39954,0.0012,0.0012
28.10.2025 11:19:01.260 UTC,1.39967,1.39953,0.0033,0.00339
28.10.2025 11:19:01.463 UTC,1.39967,1.39953,0.00315,0.00384
28.10.2025 11:19:03.624 UTC,1.39967,1.39953,0.00315,0.0018
28.10.2025 11:19:03.776 UTC,1.39967,1.39953,0.00315,0.00135
28.10.2025 11:19:04.079 UTC,1.39967,1.39953,0.0033,0.00234
28.10.2025 11:19:04.835 UTC,1.39967,1.39953,0.00285,0.00225
28.10.2025 11:19:05.992 UTC,1.39965,1.39952,0.00189,0.00135
28.10.2025 11:19:09.011 UTC,1.39966,1.39952,0.00324,0.00144
28.10.2025 11:19:09.113 UTC,1.39965,1.39953,0.00339,0.00192
28.10.2025 11:19:11.061 UTC,1.39963,1.39952,0.0012,0.0024
28.10.2025 11:19:11.164 UTC,1.39962,1.39951,0.0012,0.00429
28.10.2025 11:19:11.267 UTC,1.39963,1.3995,0.0012,0.00339
28.10.2025 11:19:12.524 UTC,1.39964,1.39951,0.00135,0.00135
28.10.2025 11:19:14.834 UTC,1.39964,1.39952,0.0012,0.0012
28.10.2025 11:19:15.087 UTC,1.39964,1.39951,0.0012,0.00135
28.10.2025 11:19:19.965 UTC,1.39961,1.39951,0.0012,0.00135
28.10.2025 11:19:20.121 UTC,1.3996,1.39948,0.0018,0.00342
28.10.2025 11:19:23.226 UTC,1.39962,1.39948,0.00225,0.00324
28.10.2025 11:19:23.329 UTC,1.39962,1.3995,0.00315,0.00249
28.10.2025 11:19:23.432 UTC,1.39962,1.39952,0.00135,0.00192
28.10.2025 11:19:23.635 UTC,1.39963,1.39952,0.0012,0.00192
28.10.2025 11:19:24.241 UTC,1.39965,1.39951,0.00315,0.00192
28.10.2025 11:19:27.905 UTC,1.39965,1.39953,0.00144,0.00225
28.10.2025 11:19:28.009 UTC,1.39967,1.39953,0.0024,0.00132
28.10.2025 11:19:28.112 UTC,1.39966,1.39955,0.0012,0.00249
28.10.2025 11:19:28.214 UTC,1.39967,1.39954,0.0012,0.00249
28.10.2025 11:19:29.775 UTC,1.39966,1.39953,0.0012,0.00192
28.10.2025 11:19:33.979 UTC,1.39967,1.39954,0.00135,0.0012
28.10.2025 11:19:34.082 UTC,1.39967,1.39954,0.00135,0.0018
28.10.2025 11:19:35.994 UTC,1.39967,1.39953,0.0033,0.00339
28.10.2025 11:19:36.897 UTC,1.39967,1.39953,0.00225,0.00294
28.10.2025 11:19:38.105 UTC,1.39965,1.39953,0.0012,0.00294
28.10.2025 11:19:38.157 UTC,1.39967,1.39953,0.00225,0.00294
28.10.2025 11:19:39.662 UTC,1.39964,1.39954,0.0012,0.00294
28.10.2025 11:19:39.714 UTC,1.39967,1.39953,0.00225,0.00294
28.10.2025 11:19:40.172 UTC,1.39966,1.39953,0.00135,0.00192
28.10.2025 11:19:44.987 UTC,1.39966,1.39953,0.0012,0.00294
28.10.2025 11:19:45.190 UTC,1.39966,1.39953,0.00135,0.00249
28.10.2025 11:19:45.951 UTC,1.39967,1.39955,0.00225,0.00387
28.10.2025 11:19:46.160 UTC,1.39969,1.39955,0.0033,0.00339
28.10.2025 11:19:46.364 UTC,1.39969,1.39955,0.00135,0.00384
28.10.2025 11:19:50.398 UTC,1.39969,1.39955,0.0024,0.00429
28.10.2025 11:19:50.950 UTC,1.39969,1.39955,0.00225,0.00429
28.10.2025 11:19:58.820 UTC,1.39969,1.39955,0.0024,0.00429
28.10.2025 11:19:59.026 UTC,1.39967,1.39956,0.00135,0.0018
28.10.2025 11:20:01.090 UTC,1.39969,1.39955,0.00135,0.00387
28.10.2025 11:20:01.194 UTC,1.3997,1.39958,0.0018,0.00189
28.10.2025 11:20:01.247 UTC,1.39971,1.39958,0.0036,0.00342
28.10.2025 11:20:01.350 UTC,1.3997,1.39956,0.0018,0.00192
28.10.2025 11:20:01.453 UTC,1.39969,1.39957,0.0012,0.00252
28.10.2025 11:20:01.857 UTC,1.3997,1.39956,0.00135,0.00192
28.10.2025 11:20:02.092 UTC,1.3997,1.39957,0.00135,0.00144
28.10.2025 11:20:02.196 UTC,1.39971,1.39958,0.00135,0.00132
28.10.2025 11:20:02.351 UTC,1.39971,1.39958,0.0018,0.00192
28.10.2025 11:20:02.505 UTC,1.39971,1.39957,0.00135,0.00342
28.10.2025 11:20:06.279 UTC,1.39972,1.39958,0.00225,0.00294
28.10.2025 11:20:06.384 UTC,1.39968,1.39956,0.0012,0.0018
28.10.2025 11:20:06.437 UTC,1.3997,1.39955,0.00198,0.00294
28.10.2025 11:20:06.540 UTC,1.39969,1.39956,0.0018,0.00249
28.10.2025 11:20:07.860 UTC,1.3997,1.39955,0.0024,0.00339
28.10.2025 11:20:13.086 UTC,1.3997,1.39955,0.00135,0.00249
28.10.2025 11:20:16.526 UTC,1.39968,1.39955,0.0012,0.00249
28.10.2025 11:20:16.577 UTC,1.3997,1.39955,0.00135,0.00249
28.10.2025 11:20:18.913 UTC,1.39973,1.39958,0.00375,0.00279
28.10.2025 11:20:18.964 UTC,1.39972,1.39959,0.00339,0.00339
28.10.2025 11:20:20.686 UTC,1.39971,1.39959,0.00192,0.00192
28.10.2025 11:20:20.789 UTC,1.39971,1.39957,0.00195,0.00249
28.10.2025 11:20:21.799 UTC,1.39969,1.39958,0.00135,0.00192
28.10.2025 11:20:22.702 UTC,1.3997,1.39957,0.0018,0.00192
28.10.2025 11:20:23.757 UTC,1.3997,1.39957,0.00135,0.00192
28.10.2025 11:20:31.276 UTC,1.39972,1.3996,0.0024,0.00144
28.10.2025 11:20:31.380 UTC,1.39973,1.39959,0.00225,0.00237
28.10.2025 11:20:31.484 UTC,1.39974,1.3996,0.0012,0.00192
28.10.2025 11:20:31.587 UTC,1.39974,1.39961,0.00234,0.00249
28.10.2025 11:20:31.841 UTC,1.39975,1.3996,0.0024,0.00249
28.10.2025 11:20:32.093 UTC,1.39975,1.3996,0.00225,0.00249
28.10.2025 11:20:35.156 UTC,1.39973,1.3996,0.0012,0.00192
28.10.2025 11:20:35.258 UTC,1.39973,1.39961,0.0012,0.00192
28.10.2025 11:20:37.662 UTC,1.39973,1.3996,0.00135,0.0018
28.10.2025 11:20:37.816 UTC,1.39973,1.39959,0.00135,0.00249
28.10.2025 11:20:38.628 UTC,1.39972,1.3996,0.0018,0.00249
28.10.2025 11:20:38.780 UTC,1.39973,1.39959,0.00135,0.00285
28.10.2025 11:20:42.798 UTC,1.39975,1.39961,0.00417,0.00225
28.10.2025 11:20:42.901 UTC,1.39975,1.39961,0.0024,0.0018
28.10.2025 11:20:46.185 UTC,1.39974,1.3996,0.00135,0.0033
28.10.2025 11:20:46.287 UTC,1.39974,1.3996,0.0018,0.0024
28.10.2025 11:20:46.792 UTC,1.39974,1.3996,0.00135,0.0033
28.10.2025 11:20:47.344 UTC,1.39974,1.3996,0.0018,0.0033
28.10.2025 11:20:48.687 UTC,1.39974,1.3996,0.00135,0.0033
28.10.2025 11:20:48.938 UTC,1.39973,1.39961,0.0018,0.0033
28.10.2025 11:20:49.191 UTC,1.39973,1.39961,0.00135,0.0033
28.10.2025 11:20:50.347 UTC,1.39974,1.3996,0.0018,0.0033
28.10.2025 11:20:51.252 UTC,1.39974,1.3996,0.0012,0.0033
28.10.2025 11:21:03.773 UTC,1.39973,1.39961,0.00135,0.0033
28.10.2025 11:21:20.107 UTC,1.39974,1.3996,0.0018,0.00339
28.10.2025 11:21:22.564 UTC,1.39974,1.3996,0.00135,0.00339
28.10.2025 11:21:23.922 UTC,1.39974,1.3996,0.0018,0.00249
28.10.2025 11:21:25.778 UTC,1.39974,1.3996,0.00135,0.00249
28.10.2025 11:21:26.033 UTC,1.39973,1.39961,0.0018,0.00339
28.10.2025 11:21:28.443 UTC,1.39973,1.39961,0.00135,0.00339
28.10.2025 11:21:33.369 UTC,1.39974,1.3996,0.0018,0.00249
28.10.2025 11:21:33.471 UTC,1.39973,1.3996,0.0018,0.00249
28.10.2025 11:21:33.574 UTC,1.39972,1.39961,0.00135,0.00249
28.10.2025 11:21:39.624 UTC,1.39973,1.39961,0.00225,0.00192
28.10.2025 11:21:40.629 UTC,1.39973,1.3996,0.0012,0.00249
28.10.2025 11:21:52.263 UTC,1.39973,1.3996,0.0018,0.00249
28.10.2025 11:21:53.166 UTC,1.39973,1.3996,0.00135,0.00249
28.10.2025 11:21:54.221 UTC,1.39973,1.3996,0.0018,0.00249
28.10.2025 11:21:54.322 UTC,1.39972,1.39961,0.00135,0.00249
28.10.2025 11:21:54.430 UTC,1.39971,1.39959,0.0024,0.0018
28.10.2025 11:21:54.537 UTC,1.3997,1.39959,0.0012,0.0012
28.10.2025 11:21:54.641 UTC,1.39969,1.39956,0.0012,0.00192
28.10.2025 11:21:59.371 UTC,1.3997,1.39958,0.0012,0.00315
28.10.2025 11:21:59.473 UTC,1.3997,1.39958,0.0012,0.00249
28.10.2025 11:21:59.676 UTC,1.39971,1.39957,0.0018,0.00249
28.10.2025 11:22:00.231 UTC,1.3997,1.39958,0.00135,0.00384
28.10.2025 11:22:00.434 UTC,1.39971,1.39957,0.0024,0.00339
28.10.2025 11:22:01.439 UTC,1.39971,1.39957,0.00225,0.00384
28.10.2025 11:22:02.789 UTC,1.39973,1.39959,0.00144,0.0018
28.10.2025 11:22:02.907 UTC,1.39973,1.39959,0.00144,0.0033
28.10.2025 11:22:11.303 UTC,1.39972,1.39959,0.0012,0.0018
28.10.2025 11:22:14.674 UTC,1.39972,1.3996,0.0012,0.0033
28.10.2025 11:22:16.453 UTC,1.39972,1.39959,0.00135,0.0018
28.10.2025 11:22:16.608 UTC,1.39972,1.39958,0.00135,0.0018
28.10.2025 11:22:16.963 UTC,1.39973,1.3996,0.00135,0.0018
28.10.2025 11:22:17.066 UTC,1.39973,1.3996,0.0012,0.0018
28.10.2025 11:22:19.078 UTC,1.39973,1.39961,0.00315,0.0033
28.10.2025 11:22:19.182 UTC,1.39976,1.39962,0.00249,0.00225
28.10.2025 11:22:19.287 UTC,1.39976,1.39964,0.0012,0.0033
28.10.2025 11:22:19.391 UTC,1.39977,1.39963,0.0012,0.0033
28.10.2025 11:22:20.151 UTC,1.39978,1.39964,0.00135,0.00249
28.10.2025 11:22:20.455 UTC,1.39978,1.39964,0.0018,0.00249
28.10.2025 11:22:21.061 UTC,1.39977,1.39965,0.00135,0.00249
28.10.2025 11:22:21.164 UTC,1.39977,1.39966,0.00135,0.00192
28.10.2025 11:22:29.606 UTC,1.39975,1.39966,0.0012,0.00192
28.10.2025 11:22:29.657 UTC,1.39978,1.39965,0.00135,0.00192
28.10.2025 11:22:33.424 UTC,1.39977,1.39965,0.00144,0.00249
28.10.2025 11:22:33.475 UTC,1.39977,1.39964,0.0018,0.00249
28.10.2025 11:22:33.578 UTC,1.39977,1.39964,0.00249,0.00135
28.10.2025 11:22:33.834 UTC,1.39977,1.39963,0.00339,0.00324
28.10.2025 11:22:36.245 UTC,1.39977,1.39963,0.00339,0.00339
28.10.2025 11:22:45.691 UTC,1.39978,1.39964,0.0024,0.00237
28.10.2025 11:22:45.745 UTC,1.3998,1.39966,0.0012,0.00189
28.10.2025 11:22:45.850 UTC,1.39978,1.39964,0.0018,0.0033
28.10.2025 11:22:45.953 UTC,1.39977,1.39964,0.00225,0.0012
28.10.2025 11:22:46.055 UTC,1.39977,1.39963,0.00315,0.00324
28.10.2025 11:22:46.260 UTC,1.39976,1.39963,0.0012,0.00234
28.10.2025 11:22:48.612 UTC,1.39976,1.39964,0.0012,0.0012
28.10.2025 11:22:48.816 UTC,1.39976,1.39962,0.00315,0.00234
28.10.2025 11:22:51.734 UTC,1.39976,1.39963,0.0012,0.00189
28.10.2025 11:22:54.903 UTC,1.39976,1.39963,0.0024,0.00234
28.10.2025 11:23:00.309 UTC,1.39975,1.39964,0.00225,0.00234
28.10.2025 11:23:00.561 UTC,1.39976,1.39963,0.0024,0.00234
28.10.2025 11:23:03.725 UTC,1.39979,1.39967,0.0018,0.00189
28.10.2025 11:23:03.828 UTC,1.3998,1.39966,0.0018,0.00339
28.10.2025 11:23:03.982 UTC,1.39981,1.39967,0.0018,0.00135
28.10.2025 11:23:04.035 UTC,1.39976,1.39965,0.0018,0.00204
28.10.2025 11:23:04.138 UTC,1.39977,1.39963,0.0018,0.00237
28.10.2025 11:23:04.241 UTC,1.39977,1.39963,0.0018,0.00234
28.10.2025 11:23:05.149 UTC,1.39977,1.39963,0.0024,0.00234
28.10.2025 11:23:06.506 UTC,1.39977,1.39963,0.00225,0.00324
28.10.2025 11:23:07.060 UTC,1.39977,1.39963,0.0024,0.00324
28.10.2025 11:23:07.414 UTC,1.39976,1.39963,0.0018,0.00234
28.10.2025 11:23:10.459 UTC,1.39976,1.39964,0.0012,0.00132
28.10.2025 11:23:10.562 UTC,1.39977,1.39965,0.0018,0.00249
28.10.2025 11:23:10.665 UTC,1.39978,1.39965,0.0018,0.0018
28.10.2025 11:23:13.382 UTC,1.39976,1.39965,0.0012,0.00249
28.10.2025 11:23:13.837 UTC,1.39975,1.39964,0.0012,0.00192
28.10.2025 11:23:13.889 UTC,1.39977,1.39964,0.00135,0.00192
28.10.2025 11:23:16.606 UTC,1.3998,1.39966,0.00195,0.00132
28.10.2025 11:23:16.658 UTC,1.3998,1.39967,0.00135,0.00132
28.10.2025 11:23:16.763 UTC,1.3998,1.39968,0.0018,0.00144
28.10.2025 11:23:16.867 UTC,1.39979,1.39966,0.0033,0.00249
28.10.2025 11:23:16.969 UTC,1.3998,1.39965,0.0024,0.00252
28.10.2025 11:23:20.057 UTC,1.3998,1.39966,0.00195,0.00147
28.10.2025 11:23:20.210 UTC,1.3998,1.39966,0.0018,0.00147
28.10.2025 11:23:22.022 UTC,1.39979,1.39966,0.0018,0.00144
28.10.2025 11:23:22.124 UTC,1.39979,1.39966,0.00135,0.00144
28.10.2025 11:23:22.376 UTC,1.39979,1.39967,0.00135,0.0012
28.10.2025 11:23:22.779 UTC,1.39979,1.39966,0.00135,0.00144
28.10.2025 11:23:27.296 UTC,1.39979,1.39966,0.00192,0.00225
28.10.2025 11:23:27.752 UTC,1.39977,1.39964,0.00144,0.0018
28.10.2025 11:23:27.855 UTC,1.39977,1.39964,0.00144,0.00135
28.10.2025 11:23:28.461 UTC,1.39976,1.39964,0.00249,0.00339
28.10.2025 11:23:32.737 UTC,1.39977,1.39963,0.00234,0.00339
28.10.2025 11:23:35.102 UTC,1.39976,1.39964,0.00249,0.00339
28.10.2025 11:23:35.204 UTC,1.39976,1.39964,0.00249,0.00324
28.10.2025 11:23:36.765 UTC,1.39976,1.39965,0.00249,0.0012
28.10.2025 11:23:37.471 UTC,1.39975,1.39964,0.00135,0.00135
28.10.2025 11:23:37.574 UTC,1.39975,1.39962,0.00135,0.0024
28.10.2025 11:23:38.081 UTC,1.39974,1.39963,0.00135,0.00135
28.10.2025 11:23:39.640 UTC,1.39975,1.39963,0.00135,0.00225
28.10.2025 11:23:39.743 UTC,1.39976,1.39964,0.00249,0.0024
28.10.2025 11:23:39.846 UTC,1.39976,1.39964,0.00249,0.00315
28.10.2025 11:23:40.000 UTC,1.39977,1.39963,0.00234,0.00315
28.10.2025 11:23:40.757 UTC,1.39977,1.39963,0.00249,0.00315
28.10.2025 11:23:41.436 UTC,1.39977,1.39963,0.00294,0.00315
28.10.2025 11:23:45.450 UTC,1.39977,1.39963,0.00249,0.00315
28.10.2025 11:23:45.603 UTC,1.39977,1.39963,0.00204,0.00315
28.10.2025 11:23:46.009 UTC,1.39975,1.39962,0.00135,0.00135
28.10.2025 11:23:46.111 UTC,1.39975,1.39961,0.0018,0.0033
28.10.2025 11:23:46.364 UTC,1.39974,1.39962,0.00135,0.00375
28.10.2025 11:23:49.189 UTC,1.39971,1.39961,0.00189,0.0018
28.10.2025 11:23:49.342 UTC,1.39971,1.3996,0.00279,0.0012
28.10.2025 11:23:49.445 UTC,1.39972,1.39958,0.00279,0.00135
28.10.2025 11:23:49.548 UTC,1.39971,1.39957,0.00189,0.0024
28.10.2025 11:23:58.770 UTC,1.39973,1.39961,0.0012,0.0012
28.10.2025 11:23:58.873 UTC,1.39974,1.39962,0.00315,0.00192
28.10.2025 11:23:58.976 UTC,1.39974,1.39962,0.00225,0.00249
28.10.2025 11:24:01.342 UTC,1.39974,1.39961,0.0012,0.00192
28.10.2025 11:24:03.115 UTC,1.39971,1.3996,0.00135,0.00249
28.10.2025 11:24:03.229 UTC,1.39971,1.3996,0.00135,0.00192
28.10.2025 11:24:03.382 UTC,1.39972,1.39958,0.0018,0.00432
28.10.2025 11:24:05.845 UTC,1.39971,1.39957,0.0018,0.00249
28.10.2025 11:24:22.784 UTC,1.39973,1.39958,0.00339,0.00429
28.10.2025 11:24:25.854 UTC,1.39972,1.39958,0.00249,0.0024
28.10.2025 11:24:25.985 UTC,1.39971,1.39959,0.00249,0.0024
28.10.2025 11:24:35.026 UTC,1.39971,1.39959,0.00204,0.0024
28.10.2025 11:24:35.484 UTC,1.39971,1.39959,0.00249,0.0024
28.10.2025 11:24:38.844 UTC,1.39972,1.39958,0.00204,0.0024
28.10.2025 11:24:40.842 UTC,1.39971,1.39957,0.00339,0.0024
28.10.2025 11:24:41.802 UTC,1.39971,1.39957,0.00135,0.00474
28.10.2025 11:24:42.006 UTC,1.39971,1.39958,0.00135,0.0018
28.10.2025 11:24:42.109 UTC,1.39971,1.39958,0.0018,0.0018
28.10.2025 11:24:42.263 UTC,1.39971,1.39958,0.0018,0.00135
28.10.2025 11:24:45.433 UTC,1.3997,1.39957,0.0018,0.00249
28.10.2025 11:24:52.607 UTC,1.39969,1.39958,0.00135,0.00249
28.10.2025 11:25:04.475 UTC,1.3997,1.39958,0.00195,0.00339
28.10.2025 11:25:06.184 UTC,1.3997,1.39958,0.0024,0.00339
28.10.2025 11:25:10.733 UTC,1.39972,1.39958,0.0018,0.00144
28.10.2025 11:25:10.837 UTC,1.39973,1.39958,0.00204,0.00249
28.10.2025 11:25:10.940 UTC,1.39973,1.39958,0.00204,0.00339
28.10.2025 11:25:11.244 UTC,1.39972,1.39958,0.00192,0.0024
28.10.2025 11:25:12.507 UTC,1.39972,1.39958,0.00135,0.00294
28.10.2025 11:25:13.667 UTC,1.39974,1.39959,0.00297,0.00375
28.10.2025 11:25:15.079 UTC,1.39972,1.39958,0.0018,0.0024
28.10.2025 11:25:15.181 UTC,1.39971,1.39959,0.00144,0.00285
28.10.2025 11:25:15.233 UTC,1.39972,1.39958,0.00144,0.00285
28.10.2025 11:25:16.440 UTC,1.39973,1.39958,0.00339,0.0042
28.10.2025 11:25:17.699 UTC,1.39972,1.3996,0.00234,0.0018
28.10.2025 11:25:18.002 UTC,1.39969,1.3996,0.0012,0.0018
28.10.2025 11:25:18.054 UTC,1.39973,1.39959,0.00234,0.0018
28.10.2025 11:25:18.558 UTC,1.39972,1.39958,0.0018,0.0024
28.10.2025 11:25:18.660 UTC,1.39971,1.39959,0.0018,0.0024
28.10.2025 11:25:18.763 UTC,1.39973,1.39958,0.00249,0.00375
28.10.2025 11:25:18.865 UTC,1.39972,1.39959,0.00249,0.00465
28.10.2025 11:25:19.270 UTC,1.39972,1.39959,0.0018,0.00135
28.10.2025 11:25:19.422 UTC,1.39972,1.39958,0.00135,0.00465
28.10.2025 11:25:20.403 UTC,1.39973,1.3996,0.00135,0.00135
28.10.2025 11:25:20.507 UTC,1.39973,1.39962,0.0012,0.0012
28.10.2025 11:25:20.610 UTC,1.39974,1.39961,0.0012,0.0018
28.10.2025 11:25:22.823 UTC,1.39974,1.3996,0.0012,0.0033
28.10.2025 11:25:26.290 UTC,1.39976,1.39962,0.00279,0.00135
28.10.2025 11:25:26.393 UTC,1.39976,1.39963,0.00135,0.0012
28.10.2025 11:25:26.496 UTC,1.39976,1.39964,0.0018,0.0012
28.10.2025 11:25:26.600 UTC,1.39976,1.39964,0.0012,0.0024
28.10.2025 11:25:27.159 UTC,1.39978,1.39964,0.00234,0.00135
28.10.2025 11:25:27.865 UTC,1.39978,1.39964,0.00237,0.00135
28.10.2025 11:25:27.995 UTC,1.39978,1.39964,0.00234,0.00135
28.10.2025 11:25:28.096 UTC,1.39977,1.39964,0.0012,0.00135
28.10.2025 11:25:30.607 UTC,1.39978,1.39964,0.00234,0.00135
28.10.2025 11:25:34.677 UTC,1.39976,1.39964,0.0012,0.00225
28.10.2025 11:25:34.729 UTC,1.39977,1.39965,0.00153,0.00225
28.10.2025 11:25:35.032 UTC,1.3998,1.39966,0.00132,0.0012
28.10.2025 11:25:35.135 UTC,1.3998,1.39967,0.00144,0.0018
28.10.2025 11:25:35.238 UTC,1.39981,1.39966,0.00144,0.0033
28.10.2025 11:25:37.022 UTC,1.39981,1.39969,0.00108,0.0012
28.10.2025 11:25:37.129 UTC,1.39983,1.39968,0.00339,0.0012
28.10.2025 11:25:37.233 UTC,1.39981,1.39967,0.00144,0.0018
28.10.2025 11:25:37.336 UTC,1.3998,1.39968,0.00207,0.0018
28.10.2025 11:25:37.590 UTC,1.39982,1.39968,0.00132,0.00135
28.10.2025 11:25:41.463 UTC,1.39981,1.39968,0.00153,0.00135
28.10.2025 11:25:41.565 UTC,1.39981,1.39968,0.00168,0.00135
28.10.2025 11:25:41.921 UTC,1.39983,1.3997,0.00237,0.0012
28.10.2025 11:25:41.973 UTC,1.39983,1.39972,0.00135,0.0012
28.10.2025 11:25:42.025 UTC,1.39984,1.39971,0.0012,0.0024
28.10.2025 11:25:42.179 UTC,1.39985,1.39972,0.00204,0.00135
28.10.2025 11:25:48.306 UTC,1.39984,1.39971,0.00192,0.00225
28.10.2025 11:25:51.372 UTC,1.39984,1.39972,0.00192,0.0012
28.10.2025 11:25:51.924 UTC,1.39984,1.39971,0.00192,0.00225
28.10.2025 11:25:57.951 UTC,1.39984,1.39971,0.00144,0.00225
28.10.2025 11:25:58.656 UTC,1.39984,1.39971,0.0018,0.00414
28.10.2025 11:26:03.472 UTC,1.39983,1.3997,0.0018,0.00429
28.10.2025 11:26:03.579 UTC,1.39981,1.39971,0.0012,0.00414
28.10.2025 11:26:03.682 UTC,1.39982,1.3997,0.0018,0.00189
28.10.2025 11:26:03.784 UTC,1.39981,1.39971,0.00135,0.00189
28.10.2025 11:26:03.987 UTC,1.39982,1.3997,0.0018,0.00189
28.10.2025 11:26:04.090 UTC,1.39982,1.3997,0.00135,0.00189
28.10.2025 11:26:07.816 UTC,1.39984,1.3997,0.0018,0.00279
28.10.2025 11:26:07.968 UTC,1.39984,1.3997,0.0018,0.00249
28.10.2025 11:26:11.900 UTC,1.39982,1.39971,0.0018,0.0018
28.10.2025 11:26:12.003 UTC,1.39983,1.3997,0.0018,0.0012
28.10.2025 11:26:12.509 UTC,1.39983,1.3997,0.00135,0.00135
28.10.2025 11:26:12.611 UTC,1.39982,1.39971,0.0024,0.00135
28.10.2025 11:26:12.714 UTC,1.39983,1.3997,0.00225,0.00135
28.10.2025 11:26:13.679 UTC,1.39983,1.3997,0.0018,0.00135
28.10.2025 11:26:14.694 UTC,1.39982,1.39971,0.00135,0.0012
28.10.2025 11:26:14.999 UTC,1.39983,1.3997,0.0024,0.0012
28.10.2025 11:26:16.359 UTC,1.39983,1.39969,0.0024,0.00144
28.10.2025 11:26:26.222 UTC,1.39983,1.39969,0.0024,0.00192
28.10.2025 11:26:31.754 UTC,1.39983,1.3997,0.00135,0.00144
28.10.2025 11:26:31.958 UTC,1.39984,1.3997,0.00195,0.00234
28.10.2025 11:26:32.212 UTC,1.39983,1.39971,0.0024,0.00234
28.10.2025 11:26:37.285 UTC,1.39983,1.39971,0.00225,0.00234
28.10.2025 11:26:37.889 UTC,1.39983,1.39971,0.0024,0.00234
28.10.2025 11:26:39.050 UTC,1.39983,1.39971,0.00135,0.00234
28.10.2025 11:26:39.454 UTC,1.39984,1.3997,0.0018,0.00234
28.10.2025 11:26:39.607 UTC,1.39985,1.39972,0.00195,0.0018
28.10.2025 11:26:39.712 UTC,1.39989,1.39975,0.0027,0.00144
28.10.2025 11:26:39.764 UTC,1.39988,1.39976,0.0027,0.00192
28.10.2025 11:26:39.867 UTC,1.39988,1.39975,0.0018,0.0024
28.10.2025 11:26:41.066 UTC,1.39987,1.39975,0.0012,0.0018
28.10.2025 11:26:44.185 UTC,1.39985,1.39974,0.0012,0.00249
28.10.2025 11:26:47.761 UTC,1.39985,1.39973,0.0012,0.0018
28.10.2025 11:26:48.218 UTC,1.39984,1.39973,0.00135,0.00144
28.10.2025 11:26:53.545 UTC,1.39984,1.39973,0.0024,0.00144
28.10.2025 11:26:53.698 UTC,1.39985,1.39972,0.00225,0.00144
28.10.2025 11:26:54.154 UTC,1.39985,1.39972,0.0024,0.00144
28.10.2025 11:26:55.408 UTC,1.39984,1.39973,0.00225,0.00144
28.10.2025 11:26:56.711 UTC,1.39984,1.39973,0.0024,0.00144
28.10.2025 11:26:56.813 UTC,1.39985,1.39972,0.00225,0.00144
28.10.2025 11:26:56.967 UTC,1.39985,1.39973,0.0024,0.0033
28.10.2025 11:26:57.425 UTC,1.39986,1.39973,0.00135,0.00234
28.10.2025 11:26:57.529 UTC,1.39985,1.39975,0.00135,0.0012
28.10.2025 11:26:57.633 UTC,1.39986,1.39975,0.0024,0.0024
28.10.2025 11:26:57.736 UTC,1.39987,1.39974,0.0024,0.0024
28.10.2025 11:26:57.839 UTC,1.39987,1.39974,0.0024,0.0018
28.10.2025 11:26:57.942 UTC,1.39987,1.39974,0.00195,0.0012
28.10.2025 11:27:02.158 UTC,1.39986,1.39973,0.0018,0.00234
28.10.2025 11:27:02.687 UTC,1.39985,1.39973,0.0018,0.00135
28.10.2025 11:27:02.793 UTC,1.39985,1.39972,0.00195,0.00135
28.10.2025 11:27:02.999 UTC,1.39983,1.39972,0.00135,0.00249
28.10.2025 11:27:09.749 UTC,1.39984,1.39971,0.0024,0.00249
28.10.2025 11:27:10.053 UTC,1.39983,1.39972,0.00225,0.00192
28.10.2025 11:27:11.664 UTC,1.39984,1.3997,0.0018,0.00342
28.10.2025 11:27:13.045 UTC,1.39982,1.39969,0.0018,0.00339
28.10.2025 11:27:13.148 UTC,1.39979,1.39966,0.0012,0.00192
28.10.2025 11:27:13.303 UTC,1.39978,1.39966,0.0012,0.00192
28.10.2025 11:27:13.457 UTC,1.39977,1.39966,0.0012,0.00192
28.10.2025 11:27:14.869 UTC,1.39977,1.39965,0.0012,0.00192
28.10.2025 11:27:14.971 UTC,1.39978,1.39964,0.0012,0.00192
28.10.2025 11:27:19.998 UTC,1.39978,1.39964,0.0012,0.00252
28.10.2025 11:27:21.648 UTC,1.39977,1.39965,0.0012,0.00252
28.10.2025 11:27:27.123 UTC,1.39977,1.39967,0.00135,0.00192
28.10.2025 11:27:27.225 UTC,1.39978,1.39966,0.00135,0.00144
28.10.2025 11:27:36.987 UTC,1.39978,1.39966,0.00135,0.00192
28.10.2025 11:27:38.041 UTC,1.39978,1.39966,0.00135,0.00144
28.10.2025 11:27:41.563 UTC,1.39978,1.39967,0.00135,0.0012
28.10.2025 11:27:42.116 UTC,1.39977,1.39966,0.00135,0.00252
28.10.2025 11:27:42.319 UTC,1.39978,1.39965,0.00135,0.00252
28.10.2025 11:27:53.700 UTC,1.39977,1.39967,0.00225,0.0018
28.10.2025 11:27:56.304 UTC,1.39976,1.39967,0.0012,0.0018
28.10.2025 11:27:56.457 UTC,1.39977,1.39967,0.00135,0.0018
28.10.2025 11:28:10.324 UTC,1.3998,1.39968,0.00249,0.00294
28.10.2025 11:28:10.478 UTC,1.39982,1.39968,0.0027,0.0018
28.10.2025 11:28:10.581 UTC,1.39981,1.39969,0.0027,0.0024
28.10.2025 11:28:10.935 UTC,1.39981,1.39968,0.00135,0.0018
28.10.2025 11:28:15.958 UTC,1.3998,1.39967,0.0012,0.0024
28.10.2025 11:28:16.061 UTC,1.39981,1.39968,0.0012,0.0018
28.10.2025 11:28:16.620 UTC,1.39981,1.39968,0.0024,0.0018
28.10.2025 11:28:16.925 UTC,1.39981,1.39967,0.00225,0.00339
28.10.2025 11:28:42.773 UTC,1.39979,1.39969,0.0012,0.0018
28.10.2025 11:28:47.751 UTC,1.39978,1.39967,0.00135,0.0024
28.10.2025 11:28:47.854 UTC,1.39979,1.39966,0.00135,0.0024
28.10.2025 11:28:49.313 UTC,1.39979,1.39966,0.0024,0.0024
28.10.2025 11:28:49.516 UTC,1.39979,1.39966,0.00225,0.0024
28.10.2025 11:28:52.352 UTC,1.39979,1.39966,0.0024,0.0024
28.10.2025 11:28:52.904 UTC,1.39979,1.39966,0.00225,0.0024
28.10.2025 11:28:55.662 UTC,1.39978,1.39967,0.0024,0.0024
28.10.2025 11:28:56.466 UTC,1.39979,1.39966,0.00225,0.0024
28.10.2025 11:28:57.469 UTC,1.39978,1.39967,0.0024,0.0024
28.10.2025 11:28:58.574 UTC,1.39978,1.39967,0.00225,0.0024
28.10.2025 11:28:58.677 UTC,1.39979,1.39968,0.0012,0.0012
28.10.2025 11:28:58.781 UTC,1.39981,1.39967,0.00237,0.00279
28.10.2025 11:28:58.833 UTC,1.39981,1.39967,0.00237,0.00294
28.10.2025 11:28:59.187 UTC,1.39981,1.39968,0.00225,0.0018
28.10.2025 11:29:03.604 UTC,1.39981,1.39967,0.0024,0.00429
28.10.2025 11:29:04.149 UTC,1.39981,1.39967,0.00225,0.00474
28.10.2025 11:29:09.425 UTC,1.39982,1.39968,0.0012,0.00429
28.10.2025 11:29:09.529 UTC,1.3998,1.39968,0.00135,0.0018
28.10.2025 11:29:09.632 UTC,1.3998,1.39967,0.00135,0.0033
28.10.2025 11:29:09.786 UTC,1.39979,1.39967,0.00234,0.0024
28.10.2025 11:29:10.543 UTC,1.39979,1.39967,0.00249,0.0018
28.10.2025 11:29:15.994 UTC,1.39979,1.39966,0.00225,0.0018
28.10.2025 11:29:16.598 UTC,1.39978,1.39967,0.0018,0.0024
28.10.2025 11:29:16.855 UTC,1.3998,1.39966,0.00234,0.0033
28.10.2025 11:29:18.012 UTC,1.3998,1.39966,0.00249,0.0033
28.10.2025 11:29:30.180 UTC,1.3998,1.39966,0.00234,0.0024
28.10.2025 11:29:30.632 UTC,1.3998,1.39966,0.00249,0.0024
28.10.2025 11:29:31.238 UTC,1.39979,1.39965,0.0024,0.0033
28.10.2025 11:29:31.598 UTC,1.39978,1.39966,0.00225,0.0033
28.10.2025 11:29:32.354 UTC,1.39978,1.39966,0.0024,0.0033
28.10.2025 11:29:36.293 UTC,1.39979,1.39966,0.00234,0.0018
28.10.2025 11:29:37.748 UTC,1.39978,1.39966,0.00249,0.00249
28.10.2025 11:29:41.474 UTC,1.39979,1.39966,0.00234,0.0018
28.10.2025 11:29:42.883 UTC,1.39979,1.39967,0.0012,0.0018
28.10.2025 11:29:42.987 UTC,1.39981,1.39968,0.00132,0.00432
28.10.2025 11:29:43.695 UTC,1.39984,1.39971,0.00132,0.0012
28.10.2025 11:29:43.798 UTC,1.39985,1.39972,0.00192,0.0012
28.10.2025 11:29:43.901 UTC,1.39985,1.39972,0.00189,0.00135
28.10.2025 11:29:46.074 UTC,1.39985,1.39973,0.00189,0.0012
28.10.2025 11:29:50.399 UTC,1.39985,1.39972,0.0012,0.00144
28.10.2025 11:29:50.501 UTC,1.39985,1.39971,0.0012,0.00342
28.10.2025 11:29:51.059 UTC,1.39986,1.39972,0.00234,0.00192
28.10.2025 11:29:51.618 UTC,1.39986,1.39974,0.00189,0.0012
28.10.2025 11:29:51.772 UTC,1.39985,1.39974,0.0012,0.0012
28.10.2025 11:29:52.327 UTC,1.39984,1.39973,0.00135,0.00249
28.10.2025 11:29:52.932 UTC,1.39985,1.39973,0.00234,0.00339
28.10.2025 11:29:53.789 UTC,1.39985,1.39972,0.0012,0.00249
28.10.2025 11:29:53.892 UTC,1.39985,1.39973,0.00234,0.00339
28.10.2025 11:29:54.246 UTC,1.39986,1.39972,0.00249,0.00249
28.10.2025 11:30:35.992 UTC,1.39985,1.39972,0.00135,0.0042
28.10.2025 11:30:36.696 UTC,1.39983,1.39973,0.00135,0.0018
28.10.2025 11:30:36.799 UTC,1.39984,1.39972,0.0018,0.00135
28.10.2025 11:30:37.053 UTC,1.39984,1.39972,0.00135,0.00135
28.10.2025 11:30:37.309 UTC,1.39984,1.39972,0.0018,0.0012
28.10.2025 11:30:37.664 UTC,1.39984,1.39972,0.00135,0.00135
28.10.2025 11:30:38.975 UTC,1.39983,1.39973,0.0018,0.00135
28.10.2025 11:30:39.227 UTC,1.39985,1.39972,0.00249,0.00135
28.10.2025 11:30:40.531 UTC,1.39985,1.39972,0.00204,0.00135
28.10.2025 11:30:40.786 UTC,1.39984,1.39973,0.00249,0.00135
28.10.2025 11:30:42.794 UTC,1.39982,1.3997,0.00135,0.0018
28.10.2025 11:30:42.902 UTC,1.39981,1.39968,0.00279,0.0024
28.10.2025 11:30:42.953 UTC,1.39981,1.39968,0.00279,0.00225
28.10.2025 11:30:43.417 UTC,1.39981,1.39968,0.0012,0.0024
28.10.2025 11:30:43.570 UTC,1.39981,1.39968,0.0027,0.00135
28.10.2025 11:30:48.649 UTC,1.39981,1.39968,0.00339,0.00135
28.10.2025 11:30:49.406 UTC,1.39981,1.39968,0.0033,0.0018
28.10.2025 11:30:50.019 UTC,1.3998,1.39966,0.00249,0.0024
28.10.2025 11:30:50.321 UTC,1.39979,1.39967,0.00234,0.0024
28.10.2025 11:30:50.774 UTC,1.3998,1.39966,0.00339,0.0024
28.10.2025 11:30:51.227 UTC,1.39979,1.39967,0.00324,0.00285
28.10.2025 11:30:51.379 UTC,1.3998,1.39966,0.00339,0.0024
28.10.2025 11:30:54.788 UTC,1.3998,1.39966,0.00249,0.0024
28.10.2025 11:30:56.545 UTC,1.39977,1.39965,0.00144,0.0018
28.10.2025 11:30:56.648 UTC,1.39975,1.39966,0.0012,0.0012
28.10.2025 11:30:56.751 UTC,1.39976,1.39963,0.00189,0.0024
28.10.2025 11:30:56.854 UTC,1.39975,1.39963,0.0018,0.00135
28.10.2025 11:30:57.111 UTC,1.39974,1.39962,0.0012,0.0024
28.10.2025 11:30:57.214 UTC,1.39974,1.39963,0.00132,0.0033
28.10.2025 11:30:57.317 UTC,1.39975,1.39962,0.0012,0.00414
28.10.2025 11:30:57.419 UTC,1.39974,1.39964,0.0012,0.0018
28.10.2025 11:30:57.522 UTC,1.39975,1.39963,0.0012,0.0012
28.10.2025 11:30:57.625 UTC,1.39975,1.39962,0.00132,0.00225
28.10.2025 11:30:59.747 UTC,1.39974,1.39963,0.00249,0.00225
28.10.2025 11:31:00.049 UTC,1.39974,1.39963,0.00234,0.00225
28.10.2025 11:31:01.311 UTC,1.39975,1.39962,0.00204,0.00135
28.10.2025 11:31:01.464 UTC,1.39975,1.39962,0.00234,0.00135
28.10.2025 11:31:01.577 UTC,1.39974,1.39963,0.00249,0.00135
28.10.2025 11:31:02.751 UTC,1.39975,1.39962,0.00144,0.00135
28.10.2025 11:31:04.158 UTC,1.39975,1.39962,0.00192,0.00135
28.10.2025 11:31:05.729 UTC,1.39975,1.39962,0.00135,0.00225
28.10.2025 11:31:05.882 UTC,1.39974,1.39962,0.00135,0.00135
28.10.2025 11:31:10.050 UTC,1.39975,1.39962,0.00135,0.00225
28.10.2025 11:31:10.153 UTC,1.39976,1.39963,0.00144,0.0018
28.10.2025 11:31:10.763 UTC,1.39976,1.39963,0.00192,0.0018
28.10.2025 11:31:10.864 UTC,1.39976,1.39963,0.00192,0.00135
28.10.2025 11:31:31.024 UTC,1.39973,1.39961,0.0012,0.0024
28.10.2025 11:31:31.287 UTC,1.39973,1.39962,0.00135,0.0024
28.10.2025 11:31:32.649 UTC,1.39974,1.39961,0.00252,0.0024
28.10.2025 11:31:32.802 UTC,1.39973,1.39962,0.00135,0.0024
28.10.2025 11:31:37.101 UTC,1.39974,1.39961,0.00132,0.0024
28.10.2025 11:31:37.206 UTC,1.3997,1.39961,0.00189,0.0018
28.10.2025 11:31:37.258 UTC,1.39971,1.3996,0.00189,0.0012
28.10.2025 11:31:37.361 UTC,1.39971,1.39958,0.0018,0.0018
28.10.2025 11:31:41.135 UTC,1.39972,1.39959,0.0018,0.0024
28.10.2025 11:31:53.313 UTC,1.39971,1.39961,0.0012,0.0012
28.10.2025 11:31:55.232 UTC,1.39972,1.39959,0.00234,0.00135
28.10.2025 11:31:55.487 UTC,1.39972,1.39959,0.00249,0.00135
28.10.2025 11:31:56.341 UTC,1.39971,1.3996,0.00234,0.00135
28.10.2025 11:31:56.797 UTC,1.39971,1.3996,0.00249,0.00135
28.10.2025 11:31:56.999 UTC,1.39971,1.3996,0.00234,0.00135
28.10.2025 11:32:01.118 UTC,1.39971,1.39958,0.00225,0.0024
28.10.2025 11:32:05.472 UTC,1.39971,1.39958,0.00315,0.00135
28.10.2025 11:32:05.829 UTC,1.3997,1.39959,0.00225,0.0018
28.10.2025 11:32:09.053 UTC,1.39971,1.39959,0.0012,0.0018
28.10.2025 11:32:13.274 UTC,1.39973,1.3996,0.00189,0.0012
28.10.2025 11:32:13.379 UTC,1.39971,1.3996,0.00132,0.0024
28.10.2025 11:32:17.982 UTC,1.39971,1.39958,0.0012,0.00285
28.10.2025 11:32:33.256 UTC,1.39972,1.3996,0.0012,0.0012
28.10.2025 11:32:33.360 UTC,1.39973,1.3996,0.0012,0.0033
28.10.2025 11:32:36.081 UTC,1.39973,1.39961,0.0012,0.00225
28.10.2025 11:32:37.035 UTC,1.39974,1.39962,0.0012,0.00225
28.10.2025 11:32:37.138 UTC,1.39974,1.39963,0.0012,0.00135
28.10.2025 11:32:37.240 UTC,1.39974,1.39963,0.0012,0.0024
28.10.2025 11:32:42.994 UTC,1.39975,1.39962,0.00156,0.0018
28.10.2025 11:32:43.098 UTC,1.39972,1.39963,0.0012,0.0018
28.10.2025 11:32:43.251 UTC,1.39973,1.3996,0.0012,0.00384
28.10.2025 11:32:51.959 UTC,1.39971,1.39961,0.0012,0.00285
28.10.2025 11:32:52.213 UTC,1.39973,1.3996,0.0012,0.00195
28.10.2025 11:32:57.291 UTC,1.39974,1.39961,0.0012,0.00285
28.10.2025 11:32:57.602 UTC,1.39974,1.39962,0.0012,0.0018
28.10.2025 11:33:03.048 UTC,1.39974,1.39964,0.0012,0.0018
28.10.2025 11:33:03.203 UTC,1.39975,1.39963,0.0012,0.00285
28.10.2025 11:33:03.458 UTC,1.39977,1.39964,0.00234,0.00135
28.10.2025 11:33:07.879 UTC,1.39976,1.39964,0.00135,0.00135
28.10.2025 11:33:10.191 UTC,1.39974,1.39964,0.0012,0.00135
28.10.2025 11:33:10.242 UTC,1.39976,1.39964,0.0012,0.00135
28.10.2025 11:33:13.985 UTC,1.39976,1.39963,0.00144,0.00135
28.10.2025 11:33:14.339 UTC,1.39976,1.39963,0.00192,0.00135
28.10.2025 11:33:15.594 UTC,1.39975,1.39964,0.00144,0.00135
28.10.2025 11:33:16.199 UTC,1.39976,1.39963,0.0012,0.0018
28.10.2025 11:33:17.962 UTC,1.39977,1.39963,0.00315,0.00375
28.10.2025 11:33:18.065 UTC,1.39977,1.39965,0.00135,0.0012
28.10.2025 11:33:19.280 UTC,1.39976,1.39965,0.0012,0.0012
28.10.2025 11:33:20.039 UTC,1.39976,1.39964,0.00135,0.00135
28.10.2025 11:33:20.295 UTC,1.39975,1.39965,0.0018,0.0012
28.10.2025 11:33:23.457 UTC,1.39975,1.39965,0.00135,0.0012
28.10.2025 11:33:25.145 UTC,1.39976,1.39964,0.0018,0.0012
28.10.2025 11:33:25.297 UTC,1.39975,1.39965,0.00135,0.0012
28.10.2025 11:33:27.153 UTC,1.39975,1.39963,0.0012,0.00135
28.10.2025 11:33:27.658 UTC,1.39976,1.39963,0.00225,0.00135
28.10.2025 11:33:29.817 UTC,1.39975,1.39962,0.0012,0.00249
28.10.2025 11:33:31.274 UTC,1.39975,1.39962,0.0018,0.00144
28.10.2025 11:33:33.085 UTC,1.39973,1.39962,0.0012,0.00144
28.10.2025 11:33:33.136 UTC,1.39974,1.39963,0.0018,0.00144
28.10.2025 11:33:36.272 UTC,1.39973,1.39961,0.00135,0.0018
28.10.2025 11:33:36.377 UTC,1.39973,1.39962,0.00225,0.0018
28.10.2025 11:33:36.480 UTC,1.39973,1.39962,0.00225,0.00135
28.10.2025 11:33:36.582 UTC,1.39973,1.39961,0.0012,0.00135
28.10.2025 11:33:36.938 UTC,1.39971,1.39958,0.0012,0.0024
28.10.2025 11:33:36.991 UTC,1.3997,1.39958,0.0012,0.00135
28.10.2025 11:33:37.094 UTC,1.39971,1.39959,0.00225,0.00324
28.10.2025 11:33:37.247 UTC,1.39971,1.39958,0.0012,0.00249
28.10.2025 11:33:37.350 UTC,1.39971,1.39958,0.0012,0.00192
28.10.2025 11:33:38.415 UTC,1.39969,1.39958,0.0012,0.00249
28.10.2025 11:33:38.517 UTC,1.39969,1.39958,0.0012,0.0024
28.10.2025 11:33:48.358 UTC,1.3997,1.39957,0.0012,0.00474
28.10.2025 11:33:48.461 UTC,1.3997,1.39959,0.00225,0.0024
28.10.2025 11:33:49.420 UTC,1.39972,1.39959,0.00225,0.00135
28.10.2025 11:33:50.280 UTC,1.39971,1.39957,0.0033,0.0033
28.10.2025 11:33:50.382 UTC,1.3997,1.39958,0.00315,0.00384
28.10.2025 11:33:50.485 UTC,1.39971,1.39957,0.00315,0.00384
28.10.2025 11:33:50.686 UTC,1.3997,1.39957,0.0012,0.00294
28.10.2025 11:33:55.664 UTC,1.3997,1.39958,0.00135,0.00384
28.10.2025 11:33:58.056 UTC,1.39972,1.39959,0.00225,0.00135
28.10.2025 11:33:58.311 UTC,1.39973,1.39961,0.0018,0.00429
28.10.2025 11:33:58.413 UTC,1.39974,1.39963,0.00195,0.0012
28.10.2025 11:34:00.188 UTC,1.39973,1.39963,0.00135,0.00135
28.10.2025 11:34:00.445 UTC,1.39975,1.39963,0.00135,0.0012
28.10.2025 11:34:01.654 UTC,1.39976,1.39963,0.0018,0.00225
28.10.2025 11:34:01.757 UTC,1.39976,1.39963,0.0027,0.0018
28.10.2025 11:34:01.910 UTC,1.39975,1.39964,0.00315,0.00225
28.10.2025 11:34:06.832 UTC,1.39975,1.39964,0.0033,0.00225
28.10.2025 11:34:07.234 UTC,1.39975,1.39964,0.00315,0.00225
28.10.2025 11:34:07.538 UTC,1.39976,1.39963,0.0024,0.00225
28.10.2025 11:34:08.244 UTC,1.39975,1.39964,0.00225,0.00225
28.10.2025 11:34:08.398 UTC,1.39973,1.39963,0.0012,0.00225
28.10.2025 11:34:08.502 UTC,1.39973,1.39962,0.00225,0.0024
28.10.2025 11:34:08.604 UTC,1.39974,1.39961,0.00225,0.0024
28.10.2025 11:34:08.707 UTC,1.39974,1.39961,0.0024,0.0018
28.10.2025 11:34:08.860 UTC,1.39973,1.39962,0.00135,0.0018
28.10.2025 11:34:09.518 UTC,1.39973,1.39961,0.00225,0.0024
28.10.2025 11:34:09.674 UTC,1.39973,1.39962,0.0018,0.0018
28.10.2025 11:34:10.692 UTC,1.39974,1.39963,0.0012,0.0018
28.10.2025 11:34:10.795 UTC,1.39974,1.39963,0.0012,0.00195
28.10.2025 11:34:22.881 UTC,1.39976,1.39962,0.00315,0.00384
28.10.2025 11:34:23.339 UTC,1.39975,1.39962,0.00135,0.0024
28.10.2025 11:34:23.646 UTC,1.39974,1.39963,0.00135,0.00135
28.10.2025 11:34:25.256 UTC,1.39975,1.39963,0.00234,0.00225
28.10.2025 11:34:25.410 UTC,1.39974,1.39963,0.0012,0.00135
28.10.2025 11:34:26.453 UTC,1.39975,1.39962,0.0018,0.00135
28.10.2025 11:34:26.607 UTC,1.39975,1.39962,0.00135,0.00135
28.10.2025 11:34:27.409 UTC,1.39972,1.39963,0.0012,0.00135
28.10.2025 11:34:27.461 UTC,1.39975,1.39962,0.00135,0.00135
28.10.2025 11:34:28.263 UTC,1.39974,1.39963,0.00135,0.0018
28.10.2025 11:34:29.667 UTC,1.39975,1.39962,0.00135,0.00135
28.10.2025 11:34:30.970 UTC,1.39975,1.39963,0.00135,0.0012
28.10.2025 11:34:34.484 UTC,1.39976,1.39963,0.00315,0.0012
28.10.2025 11:34:34.587 UTC,1.39976,1.39963,0.0033,0.00135
28.10.2025 11:34:35.942 UTC,1.39974,1.39963,0.0012,0.00135
28.10.2025 11:34:36.195 UTC,1.39976,1.39963,0.00315,0.00135
28.10.2025 11:34:37.500 UTC,1.39974,1.39963,0.0012,0.00135
28.10.2025 11:34:37.551 UTC,1.39976,1.39963,0.00315,0.00135
28.10.2025 11:34:42.148 UTC,1.39973,1.39964,0.0012,0.00135
28.10.2025 11:34:42.200 UTC,1.39976,1.39963,0.00315,0.00135
28.10.2025 11:34:43.858 UTC,1.39975,1.39963,0.00135,0.00135
28.10.2025 11:34:44.311 UTC,1.39976,1.39963,0.00315,0.00135
28.10.2025 11:34:44.412 UTC,1.39976,1.39963,0.0033,0.00135
28.10.2025 11:34:45.918 UTC,1.39976,1.39963,0.00315,0.00135
28.10.2025 11:34:48.531 UTC,1.39976,1.39963,0.0033,0.00135
28.10.2025 11:34:49.134 UTC,1.39975,1.39964,0.00315,0.00135
28.10.2025 11:34:49.238 UTC,1.39977,1.39964,0.00225,0.0012
28.10.2025 11:34:49.341 UTC,1.39976,1.39964,0.0012,0.00135
28.10.2025 11:34:53.010 UTC,1.39974,1.39964,0.0012,0.0012
28.10.2025 11:34:53.062 UTC,1.39975,1.39965,0.00135,0.0012
28.10.2025 11:34:54.728 UTC,1.39973,1.39963,0.0012,0.0024
28.10.2025 11:34:54.831 UTC,1.39973,1.39963,0.0012,0.00225
28.10.2025 11:34:59.007 UTC,1.39973,1.39962,0.0012,0.00135
28.10.2025 11:34:59.211 UTC,1.39974,1.39962,0.00135,0.00135
28.10.2025 11:35:00.326 UTC,1.39974,1.39963,0.00324,0.00135
28.10.2025 11:35:00.478 UTC,1.39975,1.39962,0.00339,0.00135
28.10.2025 11:35:03.009 UTC,1.39975,1.39962,0.00324,0.00135
28.10.2025 11:35:03.462 UTC,1.39975,1.39962,0.00339,0.00135
28.10.2025 11:35:03.713 UTC,1.39975,1.39962,0.00324,0.00135
28.10.2025 11:35:05.822 UTC,1.39971,1.39963,0.0012,0.00135
28.10.2025 11:35:05.873 UTC,1.39975,1.39962,0.00324,0.00135
28.10.2025 11:35:06.980 UTC,1.39972,1.39962,0.0012,0.00135
28.10.2025 11:35:07.031 UTC,1.39974,1.39963,0.00324,0.00135
28.10.2025 11:35:09.693 UTC,1.39972,1.39962,0.0012,0.00135
28.10.2025 11:35:09.744 UTC,1.39974,1.39963,0.00324,0.00135
28.10.2025 11:35:13.563 UTC,1.39975,1.39962,0.00339,0.00135
28.10.2025 11:35:14.438 UTC,1.39973,1.39962,0.00135,0.00135
28.10.2025 11:35:20.533 UTC,1.3997,1.3996,0.00315,0.0024
28.10.2025 11:35:20.637 UTC,1.39971,1.39959,0.0012,0.0012
28.10.2025 11:35:20.740 UTC,1.39971,1.39958,0.0012,0.00225
28.10.2025 11:35:20.993 UTC,1.39971,1.39958,0.0012,0.0024
28.10.2025 11:35:24.266 UTC,1.39972,1.39959,0.0012,0.00135
28.10.2025 11:35:24.425 UTC,1.3997,1.39959,0.0012,0.00135
28.10.2025 11:35:24.579 UTC,1.3997,1.39958,0.0012,0.00225
28.10.2025 11:35:30.510 UTC,1.39969,1.39957,0.00339,0.0018
28.10.2025 11:35:31.923 UTC,1.39972,1.39959,0.00135,0.0012
28.10.2025 11:35:35.598 UTC,1.39972,1.39959,0.0024,0.00135
28.10.2025 11:35:51.573 UTC,1.39971,1.39959,0.0018,0.00135
28.10.2025 11:35:51.677 UTC,1.39971,1.39958,0.0024,0.00135
28.10.2025 11:35:54.542 UTC,1.39972,1.39959,0.00315,0.00135
28.10.2025 11:35:54.746 UTC,1.39971,1.39959,0.0012,0.00135
28.10.2025 11:36:00.235 UTC,1.39972,1.39959,0.00195,0.00135
28.10.2025 11:36:00.539 UTC,1.39972,1.39959,0.00225,0.00135
28.10.2025 11:36:01.142 UTC,1.39972,1.39959,0.0024,0.00135
28.10.2025 11:36:01.244 UTC,1.39972,1.39959,0.00225,0.00135
28.10.2025 11:36:02.901 UTC,1.39971,1.3996,0.0024,0.00135
28.10.2025 11:36:04.156 UTC,1.39971,1.3996,0.00225,0.00135
28.10.2025 11:36:04.583 UTC,1.39972,1.39959,0.0024,0.00135
28.10.2025 11:36:05.038 UTC,1.39972,1.39959,0.00225,0.00135
28.10.2025 11:36:22.150 UTC,1.39972,1.39959,0.0012,0.0024
28.10.2025 11:36:22.254 UTC,1.39971,1.3996,0.0033,0.00225
28.10.2025 11:36:22.358 UTC,1.39971,1.39959,0.0018,0.00135
28.10.2025 11:36:23.062 UTC,1.3997,1.3996,0.00135,0.00135
28.10.2025 11:36:23.467 UTC,1.39971,1.39959,0.0018,0.00135
28.10.2025 11:36:24.071 UTC,1.39971,1.39959,0.00135,0.00135
28.10.2025 11:36:25.678 UTC,1.39969,1.39959,0.00135,0.0018
28.10.2025 11:36:25.785 UTC,1.3997,1.39958,0.00225,0.00135
28.10.2025 11:36:25.940 UTC,1.39972,1.39959,0.00135,0.0012
28.10.2025 11:36:26.043 UTC,1.39971,1.3996,0.0033,0.0012
28.10.2025 11:36:26.500 UTC,1.3997,1.39958,0.00135,0.0018
28.10.2025 11:36:26.653 UTC,1.3997,1.39958,0.0012,0.00135
28.10.2025 11:36:27.207 UTC,1.39971,1.39958,0.00315,0.00135
28.10.2025 11:36:27.610 UTC,1.39969,1.39959,0.0012,0.00135
28.10.2025 11:36:28.416 UTC,1.39969,1.39958,0.0012,0.00135
28.10.2025 11:36:35.375 UTC,1.39969,1.39956,0.0033,0.0018
28.10.2025 11:36:35.528 UTC,1.39969,1.39956,0.0033,0.00135
28.10.2025 11:36:39.094 UTC,1.39969,1.39956,0.00225,0.00144
28.10.2025 11:36:40.351 UTC,1.39969,1.39956,0.0024,0.00144
28.10.2025 11:36:40.453 UTC,1.39969,1.39956,0.00315,0.00144
28.10.2025 11:36:40.554 UTC,1.39969,1.39956,0.0033,0.00144
28.10.2025 11:36:41.256 UTC,1.39969,1.39956,0.00225,0.00144
28.10.2025 11:36:42.161 UTC,1.39968,1.39955,0.0024,0.00249
28.10.2025 11:36:42.263 UTC,1.39968,1.39955,0.00225,0.00249
28.10.2025 11:36:56.721 UTC,1.39966,1.39955,0.00225,0.0024
28.10.2025 11:36:56.825 UTC,1.39964,1.39954,0.0018,0.0018
28.10.2025 11:36:56.929 UTC,1.39964,1.39952,0.0012,0.00135
28.10.2025 11:36:57.369 UTC,1.39965,1.39952,0.00189,0.00135
28.10.2025 11:36:57.524 UTC,1.39963,1.39953,0.0012,0.00135
28.10.2025 11:36:57.728 UTC,1.39964,1.39953,0.00234,0.00135
28.10.2025 11:36:57.831 UTC,1.39964,1.39952,0.0012,0.00135
28.10.2025 11:36:58.035 UTC,1.39965,1.39952,0.00234,0.00135
28.10.2025 11:36:58.189 UTC,1.39964,1.39952,0.0012,0.00135
28.10.2025 11:36:58.393 UTC,1.39964,1.39953,0.0012,0.00369
28.10.2025 11:36:58.496 UTC,1.39965,1.39954,0.00234,0.0012
28.10.2025 11:36:58.650 UTC,1.39966,1.39953,0.0024,0.00135
28.10.2025 11:36:59.055 UTC,1.39966,1.39953,0.00225,0.00135
28.10.2025 11:36:59.307 UTC,1.39965,1.39954,0.0024,0.00135
28.10.2025 11:37:00.363 UTC,1.39965,1.39954,0.00225,0.00135
28.10.2025 11:37:00.516 UTC,1.39964,1.39954,0.0012,0.00135
28.10.2025 11:37:00.721 UTC,1.39964,1.39952,0.0012,0.0018
28.10.2025 11:37:00.825 UTC,1.39964,1.39952,0.00192,0.0012
28.10.2025 11:37:00.980 UTC,1.39964,1.39952,0.00135,0.00135
28.10.2025 11:37:09.142 UTC,1.39964,1.39953,0.00225,0.00135
28.10.2025 11:37:09.345 UTC,1.39963,1.39953,0.0012,0.00135
28.10.2025 11:37:09.447 UTC,1.39965,1.39952,0.00225,0.00135
28.10.2025 11:37:09.650 UTC,1.39964,1.39952,0.0012,0.00135
28.10.2025 11:37:09.752 UTC,1.39965,1.39952,0.00135,0.00135
28.10.2025 11:37:09.904 UTC,1.39964,1.39952,0.0012,0.00135
28.10.2025 11:37:10.060 UTC,1.39965,1.39952,0.0012,0.00225
28.10.2025 11:37:10.620 UTC,1.39964,1.39952,0.0012,0.00135
28.10.2025 11:37:10.875 UTC,1.39965,1.39952,0.00225,0.00135
28.10.2025 11:37:11.080 UTC,1.39965,1.39952,0.0024,0.00135
28.10.2025 11:37:11.288 UTC,1.39964,1.39953,0.00135,0.00135
28.10.2025 11:37:11.645 UTC,1.39964,1.39953,0.0018,0.00225
28.10.2025 11:37:12.255 UTC,1.39965,1.39952,0.00135,0.00225
28.10.2025 11:37:12.460 UTC,1.39963,1.39953,0.0012,0.00135
28.10.2025 11:37:12.562 UTC,1.39965,1.39952,0.0012,0.0027
28.10.2025 11:37:12.715 UTC,1.39964,1.39952,0.0012,0.00135
28.10.2025 11:37:13.071 UTC,1.39965,1.39952,0.00135,0.00225
28.10.2025 11:37:13.575 UTC,1.39964,1.39952,0.0012,0.00135
28.10.2025 11:37:13.677 UTC,1.39965,1.39952,0.00225,0.00135
28.10.2025 11:37:13.930 UTC,1.39964,1.39952,0.0012,0.00135
28.10.2025 11:37:14.032 UTC,1.39965,1.39952,0.00225,0.00135
28.10.2025 11:37:14.691 UTC,1.39965,1.39952,0.0018,0.00225
28.10.2025 11:37:15.094 UTC,1.39965,1.39952,0.00135,0.00225
28.10.2025 11:37:16.049 UTC,1.39964,1.39953,0.0018,0.00225
28.10.2025 11:37:18.713 UTC,1.39965,1.39952,0.00135,0.00225
28.10.2025 11:37:18.865 UTC,1.39964,1.39953,0.0018,0.00315
28.10.2025 11:37:19.118 UTC,1.39964,1.39953,0.00225,0.00135
28.10.2025 11:37:19.220 UTC,1.39965,1.39952,0.0018,0.00135
28.10.2025 11:37:20.028 UTC,1.39965,1.39952,0.00135,0.00135
28.10.2025 11:37:21.088 UTC,1.39965,1.39953,0.00135,0.0012
28.10.2025 11:37:25.105 UTC,1.39964,1.39952,0.00225,0.00339
28.10.2025 11:37:27.817 UTC,1.39964,1.39951,0.0012,0.00375
28.10.2025 11:37:27.921 UTC,1.39965,1.39952,0.0012,0.0027
28.10.2025 11:37:27.973 UTC,1.39966,1.39953,0.00225,0.0018
28.10.2025 11:37:28.783 UTC,1.39964,1.39954,0.0012,0.00135
28.10.2025 11:37:29.240 UTC,1.39965,1.39951,0.0024,0.0024
28.10.2025 11:37:29.345 UTC,1.39961,1.39951,0.0018,0.00135
28.10.2025 11:37:29.457 UTC,1.3996,1.39948,0.0018,0.00135
28.10.2025 11:37:30.215 UTC,1.39961,1.39947,0.0012,0.00249
28.10.2025 11:37:30.368 UTC,1.3996,1.39948,0.0012,0.00249
28.10.2025 11:37:34.857 UTC,1.3996,1.39948,0.0024,0.0018
28.10.2025 11:37:36.569 UTC,1.39961,1.39947,0.00135,0.00249
28.10.2025 11:37:38.238 UTC,1.39962,1.3995,0.0012,0.0018
28.10.2025 11:37:38.291 UTC,1.39964,1.39953,0.0027,0.0012
28.10.2025 11:37:38.394 UTC,1.39964,1.39952,0.0012,0.00135
28.10.2025 11:37:38.498 UTC,1.39962,1.39952,0.00225,0.0018
28.10.2025 11:37:38.600 UTC,1.39963,1.39951,0.00225,0.00135
28.10.2025 11:37:38.853 UTC,1.39963,1.3995,0.0024,0.0024
28.10.2025 11:37:39.561 UTC,1.39963,1.3995,0.00225,0.0018
28.10.2025 11:37:43.093 UTC,1.39962,1.3995,0.0018,0.0018
28.10.2025 11:37:43.196 UTC,1.39962,1.3995,0.00135,0.00135
28.10.2025 11:37:46.613 UTC,1.39962,1.39952,0.0012,0.00135
28.10.2025 11:37:46.716 UTC,1.39964,1.39951,0.00225,0.00135
28.10.2025 11:37:46.868 UTC,1.39964,1.39951,0.0024,0.00135
28.10.2025 11:37:48.028 UTC,1.39963,1.39952,0.00225,0.00135
28.10.2025 11:37:48.180 UTC,1.39963,1.39951,0.0012,0.00135
28.10.2025 11:37:49.493 UTC,1.39962,1.39952,0.0012,0.0024
28.10.2025 11:37:53.076 UTC,1.39962,1.39952,0.0012,0.00135
28.10.2025 11:37:56.525 UTC,1.39964,1.39951,0.00135,0.00135
28.10.2025 11:37:56.628 UTC,1.39964,1.39951,0.00135,0.0018
28.10.2025 11:37:59.747 UTC,1.39966,1.39953,0.00225,0.0012
28.10.2025 11:37:59.850 UTC,1.39966,1.39953,0.0024,0.0012
28.10.2025 11:38:02.418 UTC,1.39965,1.39954,0.00135,0.00144
28.10.2025 11:38:02.521 UTC,1.39966,1.39953,0.00135,0.00249
28.10.2025 11:38:03.873 UTC,1.39966,1.39953,0.0018,0.0024
28.10.2025 11:38:03.977 UTC,1.39967,1.39956,0.00339,0.0012
28.10.2025 11:38:05.847 UTC,1.39965,1.39955,0.0012,0.0012
28.10.2025 11:38:06.050 UTC,1.39967,1.39955,0.0018,0.0012
28.10.2025 11:38:07.512 UTC,1.39967,1.39956,0.00249,0.00135
28.10.2025 11:38:12.191 UTC,1.39967,1.39955,0.00204,0.00135
28.10.2025 11:38:12.294 UTC,1.39967,1.39955,0.00249,0.0012
28.10.2025 11:38:12.446 UTC,1.39967,1.39955,0.00204,0.0012
28.10.2025 11:38:12.749 UTC,1.39967,1.39955,0.00249,0.0012
28.10.2025 11:38:12.850 UTC,1.39967,1.39955,0.00204,0.0012
28.10.2025 11:38:13.053 UTC,1.39966,1.39956,0.00249,0.0012
28.10.2025 11:38:26.748 UTC,1.39966,1.39956,0.00189,0.00135
28.10.2025 11:38:27.354 UTC,1.39967,1.39955,0.00249,0.0012
28.10.2025 11:38:27.949 UTC,1.39967,1.39955,0.00204,0.0012
28.10.2025 11:38:28.302 UTC,1.39966,1.39956,0.00249,0.0012
28.10.2025 11:38:29.205 UTC,1.39967,1.39955,0.00204,0.0012
28.10.2025 11:38:30.762 UTC,1.39967,1.39955,0.00249,0.0012
28.10.2025 11:38:31.266 UTC,1.39967,1.39955,0.00204,0.0012
28.10.2025 11:38:31.669 UTC,1.39967,1.39955,0.00249,0.0012
28.10.2025 11:38:35.845 UTC,1.39969,1.39956,0.0042,0.0012
28.10.2025 11:38:35.999 UTC,1.39969,1.39956,0.00225,0.0018
28.10.2025 11:38:36.557 UTC,1.39969,1.39956,0.0024,0.0018
28.10.2025 11:38:36.710 UTC,1.39969,1.39956,0.0024,0.00135
28.10.2025 11:38:37.064 UTC,1.39969,1.39956,0.00225,0.00135
28.10.2025 11:38:37.720 UTC,1.3997,1.39957,0.00195,0.00135
28.10.2025 11:38:37.823 UTC,1.39968,1.39956,0.0018,0.0024
28.10.2025 11:38:37.955 UTC,1.39968,1.39956,0.0018,0.00135
28.10.2025 11:38:38.057 UTC,1.39968,1.39956,0.0024,0.00135
28.10.2025 11:38:42.282 UTC,1.39966,1.39956,0.00225,0.00135
28.10.2025 11:38:42.789 UTC,1.39966,1.39956,0.0024,0.00135
28.10.2025 11:38:51.979 UTC,1.39966,1.39956,0.00225,0.00135
28.10.2025 11:38:52.682 UTC,1.39967,1.39955,0.0024,0.00135
28.10.2025 11:38:53.487 UTC,1.39967,1.39955,0.00225,0.00135
28.10.2025 11:38:53.838 UTC,1.39966,1.39956,0.0024,0.00135
28.10.2025 11:38:56.092 UTC,1.39966,1.39955,0.00315,0.0018
28.10.2025 11:39:02.107 UTC,1.39964,1.39955,0.0012,0.0018
28.10.2025 11:39:02.158 UTC,1.39967,1.39954,0.00315,0.0018
28.10.2025 11:39:06.967 UTC,1.39966,1.39955,0.00285,0.0018
28.10.2025 11:39:07.019 UTC,1.39967,1.39954,0.00315,0.0018
28.10.2025 11:39:10.379 UTC,1.39967,1.39954,0.0033,0.0018
28.10.2025 11:39:10.783 UTC,1.39966,1.39955,0.0027,0.0024
28.10.2025 11:39:11.545 UTC,1.39966,1.39955,0.0033,0.0018
28.10.2025 11:39:14.205 UTC,1.39967,1.39954,0.00225,0.0018
28.10.2025 11:39:14.460 UTC,1.39966,1.39954,0.0012,0.0018
28.10.2025 11:39:15.215 UTC,1.39967,1.39954,0.00315,0.0018
28.10.2025 11:39:15.592 UTC,1.39966,1.39955,0.0033,0.0018
28.10.2025 11:39:15.845 UTC,1.39967,1.39954,0.00315,0.0018
28.10.2025 11:39:19.258 UTC,1.39966,1.39954,0.0018,0.0018
28.10.2025 11:39:19.360 UTC,1.39966,1.39954,0.0012,0.00135
28.10.2025 11:39:30.435 UTC,1.39964,1.39954,0.0012,0.00135
28.10.2025 11:39:30.486 UTC,1.39966,1.39954,0.00135,0.00135
28.10.2025 11:39:31.092 UTC,1.39967,1.39954,0.0018,0.00315
28.10.2025 11:39:31.144 UTC,1.39967,1.39954,0.00225,0.0024
28.10.2025 11:39:31.349 UTC,1.39967,1.39954,0.0024,0.00135
28.10.2025 11:39:31.503 UTC,1.39966,1.39955,0.00225,0.00135
28.10.2025 11:39:31.956 UTC,1.39967,1.39954,0.0024,0.00135
28.10.2025 11:39:32.410 UTC,1.39967,1.39954,0.00225,0.00135
28.10.2025 11:39:36.273 UTC,1.39966,1.39955,0.0018,0.00195
28.10.2025 11:39:36.630 UTC,1.39966,1.39954,0.00135,0.00135
28.10.2025 11:39:39.607 UTC,1.39967,1.39954,0.00225,0.0018
28.10.2025 11:39:40.062 UTC,1.39967,1.39954,0.0024,0.00135
28.10.2025 11:39:40.314 UTC,1.39967,1.39954,0.00225,0.00135
28.10.2025 11:39:41.370 UTC,1.39967,1.39954,0.00249,0.0012
28.10.2025 11:39:41.573 UTC,1.39967,1.39954,0.00234,0.0012
28.10.2025 11:39:41.774 UTC,1.39966,1.39955,0.00249,0.0012
28.10.2025 11:39:43.483 UTC,1.39966,1.39955,0.00234,0.0012
28.10.2025 11:39:44.889 UTC,1.39966,1.39953,0.0012,0.0018
28.10.2025 11:39:46.954 UTC,1.39966,1.39953,0.0012,0.00294
28.10.2025 11:39:47.861 UTC,1.39965,1.39954,0.0012,0.00279
28.10.2025 11:40:11.550 UTC,1.39965,1.39954,0.00135,0.0033
28.10.2025 11:40:11.652 UTC,1.39966,1.39953,0.00135,0.00315
28.10.2025 11:40:20.965 UTC,1.39963,1.39952,0.00132,0.0024
28.10.2025 11:40:21.075 UTC,1.3996,1.39949,0.0012,0.0033
28.10.2025 11:40:21.128 UTC,1.39961,1.39949,0.0012,0.00135
28.10.2025 11:40:21.282 UTC,1.39961,1.39949,0.0012,0.0024
28.10.2025 11:40:23.729 UTC,1.39961,1.39949,0.0012,0.00234
28.10.2025 11:40:25.236 UTC,1.39963,1.39951,0.0012,0.0012
28.10.2025 11:40:27.704 UTC,1.39962,1.39952,0.0012,0.00339
28.10.2025 11:40:35.685 UTC,1.39964,1.39951,0.0012,0.00249
28.10.2025 11:40:43.790 UTC,1.39965,1.39952,0.0012,0.00414
28.10.2025 11:40:51.912 UTC,1.39965,1.39953,0.00135,0.0012
28.10.2025 11:40:52.114 UTC,1.39965,1.39952,0.00135,0.00315
28.10.2025 11:40:58.266 UTC,1.39965,1.39952,0.00135,0.0033
28.10.2025 11:41:00.325 UTC,1.39966,1.39953,0.00144,0.00135
28.10.2025 11:41:01.833 UTC,1.39967,1.39954,0.0012,0.00135
28.10.2025 11:41:01.938 UTC,1.39972,1.39961,0.0018,0.00135
28.10.2025 11:41:01.989 UTC,1.39974,1.39961,0.00234,0.00135
28.10.2025 11:41:03.155 UTC,1.39974,1.39963,0.00192,0.0012
28.10.2025 11:41:03.258 UTC,1.39973,1.39962,0.0012,0.0012
28.10.2025 11:41:03.412 UTC,1.39974,1.39962,0.00132,0.0012
28.10.2025 11:41:08.951 UTC,1.39973,1.39963,0.00192,0.0012
28.10.2025 11:41:10.801 UTC,1.39973,1.39962,0.0018,0.0012
28.10.2025 11:41:10.853 UTC,1.39972,1.3996,0.0012,0.0012
28.10.2025 11:41:12.015 UTC,1.39972,1.39961,0.00135,0.0012
28.10.2025 11:41:12.169 UTC,1.39972,1.39962,0.00135,0.0012
28.10.2025 11:41:12.273 UTC,1.39974,1.39962,0.00249,0.00225
28.10.2025 11:41:12.931 UTC,1.39974,1.39962,0.00234,0.00315
28.10.2025 11:41:14.390 UTC,1.39974,1.39962,0.00249,0.00315
28.10.2025 11:41:14.644 UTC,1.39975,1.39964,0.00204,0.0012
28.10.2025 11:41:14.898 UTC,1.39976,1.39963,0.00234,0.0012
28.10.2025 11:41:18.668 UTC,1.39975,1.39964,0.0024,0.0012
28.10.2025 11:41:20.774 UTC,1.39976,1.39963,0.00225,0.00132
28.10.2025 11:41:21.028 UTC,1.39975,1.39964,0.0033,0.0012
28.10.2025 11:41:25.357 UTC,1.39976,1.39965,0.00225,0.0012
28.10.2025 11:41:26.164 UTC,1.39976,1.39967,0.0012,0.0012
28.10.2025 11:41:26.217 UTC,1.39981,1.39968,0.0018,0.0012
28.10.2025 11:41:26.320 UTC,1.39981,1.39969,0.0012,0.0012
28.10.2025 11:41:26.775 UTC,1.3998,1.39969,0.0012,0.0012
28.10.2025 11:41:30.844 UTC,1.39979,1.39969,0.0018,0.0012
28.10.2025 11:41:38.799 UTC,1.39981,1.39968,0.0018,0.0012
28.10.2025 11:41:42.349 UTC,1.39981,1.39968,0.00135,0.0012
28.10.2025 11:41:42.501 UTC,1.39981,1.39968,0.0018,0.0012
28.10.2025 11:41:48.440 UTC,1.3998,1.39968,0.0018,0.0012
28.10.2025 11:41:50.054 UTC,1.39982,1.39968,0.00465,0.00132
28.10.2025 11:41:50.157 UTC,1.39981,1.39969,0.00135,0.0012
28.10.2025 11:41:51.468 UTC,1.39981,1.39969,0.00195,0.0012
28.10.2025 11:41:51.624 UTC,1.39981,1.39969,0.00225,0.0012
28.10.2025 11:41:51.879 UTC,1.39981,1.39969,0.0024,0.0012
28.10.2025 11:41:52.184 UTC,1.39981,1.39969,0.00195,0.0012
28.10.2025 11:41:53.329 UTC,1.3998,1.3997,0.0024,0.0012
28.10.2025 11:41:55.244 UTC,1.3998,1.39969,0.0018,0.0012
28.10.2025 11:41:55.346 UTC,1.3998,1.39969,0.00135,0.0012
28.10.2025 11:41:55.750 UTC,1.39979,1.3997,0.0018,0.0012
28.10.2025 11:41:56.102 UTC,1.3998,1.39969,0.00135,0.0012
28.10.2025 11:42:02.284 UTC,1.39982,1.3997,0.0012,0.00132
28.10.2025 11:42:02.337 UTC,1.39984,1.39971,0.00135,0.0012
28.10.2025 11:42:02.440 UTC,1.39985,1.39971,0.00279,0.0012
28.10.2025 11:42:03.452 UTC,1.39986,1.39972,0.00204,0.0012
28.10.2025 11:42:05.267 UTC,1.39987,1.39973,0.00309,0.0012
28.10.2025 11:42:17.695 UTC,1.39985,1.39973,0.00195,0.0012
28.10.2025 11:42:18.051 UTC,1.39982,1.39973,0.0012,0.0012
28.10.2025 11:42:18.102 UTC,1.39984,1.39974,0.0024,0.0012
28.10.2025 11:42:21.360 UTC,1.39984,1.39974,0.00195,0.0012
28.10.2025 11:42:24.717 UTC,1.39985,1.39973,0.0024,0.0012
28.10.2025 11:42:30.080 UTC,1.39982,1.39973,0.0012,0.0012
28.10.2025 11:42:30.132 UTC,1.39985,1.39973,0.0024,0.0012
28.10.2025 11:42:30.635 UTC,1.39982,1.39972,0.00135,0.00135
28.10.2025 11:42:30.738 UTC,1.39982,1.3997,0.00135,0.0018
28.10.2025 11:42:30.943 UTC,1.39983,1.3997,0.00234,0.0012
28.10.2025 11:42:31.850 UTC,1.39983,1.39971,0.0027,0.0012
28.10.2025 11:42:31.953 UTC,1.39981,1.39972,0.0012,0.0012
28.10.2025 11:42:32.056 UTC,1.39983,1.39971,0.00225,0.0012
28.10.2025 11:42:32.964 UTC,1.39982,1.39971,0.0012,0.0012
28.10.2025 11:42:33.067 UTC,1.39982,1.39972,0.00225,0.0012
28.10.2025 11:42:33.169 UTC,1.39982,1.39971,0.0012,0.0012
28.10.2025 11:42:33.322 UTC,1.39983,1.39971,0.00225,0.0012
28.10.2025 11:42:34.332 UTC,1.39982,1.39972,0.0018,0.0012
28.10.2025 11:42:34.435 UTC,1.39982,1.39971,0.0018,0.0012
28.10.2025 11:42:34.589 UTC,1.39981,1.39972,0.00135,0.0012
28.10.2025 11:42:38.850 UTC,1.39983,1.39971,0.00144,0.0012
28.10.2025 11:42:47.992 UTC,1.39983,1.39971,0.0018,0.0012
28.10.2025 11:42:48.146 UTC,1.39982,1.39972,0.00135,0.0012
28.10.2025 11:42:48.349 UTC,1.39982,1.39972,0.0018,0.0012
28.10.2025 11:42:48.452 UTC,1.39983,1.39971,0.00135,0.0012
28.10.2025 11:42:48.606 UTC,1.39983,1.39971,0.0018,0.0012
28.10.2025 11:42:49.367 UTC,1.39983,1.39971,0.00135,0.0012
28.10.2025 11:42:49.519 UTC,1.39983,1.39971,0.0018,0.0012
28.10.2025 11:42:49.973 UTC,1.39983,1.39971,0.00135,0.0012
28.10.2025 11:42:54.418 UTC,1.39982,1.39972,0.0018,0.0012
28.10.2025 11:42:54.570 UTC,1.39983,1.39971,0.00135,0.0012
28.10.2025 11:42:54.823 UTC,1.39983,1.39971,0.0018,0.0012
28.10.2025 11:42:54.926 UTC,1.39982,1.39972,0.00135,0.0012
28.10.2025 11:43:02.557 UTC,1.39985,1.39973,0.0018,0.0012
28.10.2025 11:43:03.569 UTC,1.39986,1.39974,0.00204,0.0012
28.10.2025 11:43:14.098 UTC,1.39985,1.39974,0.0012,0.0012
28.10.2025 11:43:14.401 UTC,1.39986,1.39974,0.00204,0.0012
28.10.2025 11:43:14.605 UTC,1.39984,1.39975,0.0012,0.0012
28.10.2025 11:43:15.057 UTC,1.39986,1.39974,0.00132,0.0012
28.10.2025 11:43:20.879 UTC,1.39984,1.39973,0.0012,0.0012
28.10.2025 11:43:20.983 UTC,1.39983,1.39972,0.00135,0.0012
28.10.2025 11:43:23.251 UTC,1.39982,1.39973,0.0018,0.0012
28.10.2025 11:43:24.146 UTC,1.39983,1.39972,0.00135,0.0012
28.10.2025 11:43:24.551 UTC,1.39982,1.39973,0.0018,0.0012
28.10.2025 11:43:25.461 UTC,1.39983,1.39972,0.00135,0.0012
28.10.2025 11:43:25.866 UTC,1.39982,1.39973,0.0018,0.0012
28.10.2025 11:43:25.968 UTC,1.39982,1.39973,0.00135,0.0012
28.10.2025 11:43:26.724 UTC,1.39982,1.39973,0.0018,0.0012
28.10.2025 11:43:29.450 UTC,1.39981,1.39971,0.0024,0.0012
28.10.2025 11:43:30.810 UTC,1.39978,1.3997,0.00189,0.0012
28.10.2025 11:43:30.862 UTC,1.39977,1.39966,0.0012,0.00135
28.10.2025 11:43:31.016 UTC,1.39978,1.39966,0.0018,0.0012
28.10.2025 11:43:31.322 UTC,1.39981,1.39968,0.00285,0.0012
28.10.2025 11:43:31.428 UTC,1.39982,1.39968,0.0027,0.0012
28.10.2025 11:43:31.939 UTC,1.3998,1.39968,0.0012,0.0012
28.10.2025 11:43:35.307 UTC,1.3998,1.39968,0.0024,0.0012
28.10.2025 11:43:38.872 UTC,1.3998,1.39968,0.0012,0.0012
28.10.2025 11:43:39.728 UTC,1.3998,1.3997,0.0018,0.0012
28.10.2025 11:43:39.832 UTC,1.39982,1.39969,0.00135,0.0012
28.10.2025 11:43:39.986 UTC,1.39982,1.39969,0.00204,0.0012
28.10.2025 11:43:40.239 UTC,1.39982,1.39969,0.00249,0.0012
28.10.2025 11:43:40.694 UTC,1.39982,1.3997,0.00249,0.0012
28.10.2025 11:43:40.796 UTC,1.39981,1.3997,0.00249,0.0012
28.10.2025 11:43:40.951 UTC,1.3998,1.39968,0.0018,0.0012
28.10.2025 11:43:41.054 UTC,1.3998,1.39968,0.0024,0.0012
28.10.2025 11:43:41.207 UTC,1.39979,1.39969,0.0024,0.0012
28.10.2025 11:43:42.064 UTC,1.39979,1.39969,0.00195,0.0012
28.10.2025 11:43:42.216 UTC,1.3998,1.39968,0.0024,0.0012
28.10.2025 11:43:42.318 UTC,1.3998,1.39968,0.00195,0.0012
28.10.2025 11:43:44.029 UTC,1.39979,1.39969,0.00135,0.0012
28.10.2025 11:43:44.344 UTC,1.3998,1.39968,0.0018,0.0012
28.10.2025 11:43:47.858 UTC,1.3998,1.39968,0.0012,0.0012
28.10.2025 11:43:47.961 UTC,1.3998,1.39968,0.0018,0.0012
28.10.2025 11:43:49.572 UTC,1.39981,1.39969,0.00195,0.0012
28.10.2025 11:43:49.675 UTC,1.39981,1.39969,0.0018,0.0012
28.10.2025 11:43:50.937 UTC,1.3998,1.3997,0.00195,0.0012
28.10.2025 11:43:52.295 UTC,1.3998,1.39969,0.00135,0.0012
28.10.2025 11:43:57.722 UTC,1.39981,1.39969,0.00195,0.0012
28.10.2025 11:43:59.079 UTC,1.39981,1.3997,0.0024,0.0012
28.10.2025 11:43:59.335 UTC,1.39982,1.39969,0.0027,0.0012
28.10.2025 11:44:00.540 UTC,1.39982,1.3997,0.00225,0.0012
28.10.2025 11:44:01.398 UTC,1.39982,1.3997,0.0024,0.0012
28.10.2025 11:44:12.822 UTC,1.39982,1.39971,0.0018,0.0012
28.10.2025 11:44:12.924 UTC,1.39982,1.39971,0.00135,0.0012
28.10.2025 11:44:13.677 UTC,1.3998,1.39971,0.0012,0.0012
28.10.2025 11:44:13.729 UTC,1.39982,1.39971,0.00135,0.0012
28.10.2025 11:44:15.291 UTC,1.3998,1.39972,0.0012,0.0012
28.10.2025 11:44:35.408 UTC,1.39979,1.39972,0.0012,0.0012
28.10.2025 11:44:35.961 UTC,1.3998,1.39972,0.00135,0.0012
28.10.2025 11:44:40.226 UTC,1.39978,1.3997,0.0018,0.0012
28.10.2025 11:44:40.278 UTC,1.39978,1.39967,0.0018,0.0012
28.10.2025 11:44:40.380 UTC,1.39976,1.39968,0.0018,0.0012
28.10.2025 11:44:40.586 UTC,1.39977,1.39968,0.0018,0.0012
28.10.2025 11:44:45.070 UTC,1.39977,1.39966,0.0012,0.00135
28.10.2025 11:44:55.639 UTC,1.39978,1.39968,0.00225,0.0012
28.10.2025 11:44:55.742 UTC,1.39978,1.39967,0.0012,0.0012
28.10.2025 11:44:56.147 UTC,1.39978,1.39967,0.0024,0.0012
28.10.2025 11:44:59.159 UTC,1.3998,1.39969,0.0012,0.00132
28.10.2025 11:44:59.211 UTC,1.39981,1.39972,0.0012,0.0012
28.10.2025 11:44:59.365 UTC,1.39982,1.39972,0.00135,0.0012
28.10.2025 11:44:59.468 UTC,1.39982,1.39971,0.0012,0.0012
28.10.2025 11:44:59.745 UTC,1.39982,1.39972,0.0012,0.0012
28.10.2025 11:44:59.849 UTC,1.39981,1.39973,0.0012,0.0012
28.10.2025 11:44:59.901 UTC,1.39983,1.39973,0.0012,0.0012
28.10.2025 11:45:00.055 UTC,1.39984,1.39973,0.00132,0.0012
28.10.2025 11:45:00.260 UTC,1.39982,1.39973,0.0012,0.0012
28.10.2025 11:45:00.312 UTC,1.39984,1.39973,0.0012,0.0012
28.10.2025 11:45:00.569 UTC,1.39985,1.39974,0.0018,0.0012
28.10.2025 11:45:03.541 UTC,1.39984,1.39974,0.00189,0.0012
28.10.2025 11:45:03.597 UTC,1.39983,1.39972,0.0012,0.0012
28.10.2025 11:45:03.703 UTC,1.39982,1.39972,0.0012,0.0012
28.10.2025 11:45:03.807 UTC,1.39981,1.39971,0.0012,0.0012
28.10.2025 11:45:04.567 UTC,1.39982,1.39971,0.0012,0.0012
28.10.2025 11:45:04.670 UTC,1.39981,1.3997,0.00135,0.0012
28.10.2025 11:45:05.077 UTC,1.39981,1.39971,0.0018,0.0012
28.10.2025 11:45:07.040 UTC,1.39982,1.39971,0.0012,0.0012
28.10.2025 11:45:08.430 UTC,1.39981,1.39971,0.0012,0.0012
28.10.2025 11:45:08.533 UTC,1.39982,1.3997,0.00135,0.0012
28.10.2025 11:45:09.792 UTC,1.39983,1.39971,0.00285,0.0012
28.10.2025 11:45:09.895 UTC,1.39982,1.39972,0.0018,0.0012
28.10.2025 11:45:10.150 UTC,1.39983,1.39971,0.00285,0.0012
28.10.2025 11:45:11.661 UTC,1.39983,1.39971,0.0027,0.0012
28.10.2025 11:45:11.814 UTC,1.39981,1.39972,0.0012,0.0012
28.10.2025 11:45:11.916 UTC,1.3998,1.39972,0.0012,0.0012
28.10.2025 11:45:12.019 UTC,1.39982,1.39972,0.00285,0.0012
28.10.2025 11:45:13.030 UTC,1.39982,1.3997,0.0024,0.0012
28.10.2025 11:45:13.938 UTC,1.39981,1.39972,0.0018,0.0012
28.10.2025 11:45:13.991 UTC,1.39983,1.39972,0.0012,0.0012
28.10.2025 11:45:15.099 UTC,1.39984,1.39972,0.00135,0.0018
28.10.2025 11:45:15.203 UTC,1.39984,1.39974,0.00249,0.0018
28.10.2025 11:45:33.596 UTC,1.39983,1.39973,0.0012,0.0012
28.10.2025 11:45:34.799 UTC,1.39985,1.39973,0.00192,0.0012
28.10.2025 11:45:39.417 UTC,1.39983,1.39973,0.0012,0.0012
28.10.2025 11:45:39.570 UTC,1.39985,1.39973,0.00192,0.0012
28.10.2025 11:46:00.087 UTC,1.39985,1.39973,0.00135,0.0012
28.10.2025 11:46:00.288 UTC,1.39984,1.39974,0.0018,0.0012
28.10.2025 11:46:05.760 UTC,1.39984,1.39974,0.00135,0.0012
28.10.2025 11:46:20.726 UTC,1.39986,1.39973,0.00225,0.0012
28.10.2025 11:46:21.429 UTC,1.39986,1.39973,0.0024,0.0012
28.10.2025 11:46:26.181 UTC,1.39987,1.39974,0.0036,0.00234
28.10.2025 11:46:26.285 UTC,1.39989,1.39976,0.00384,0.0012
28.10.2025 11:46:29.105 UTC,1.39989,1.39976,0.00189,0.0012
28.10.2025 11:46:29.208 UTC,1.39988,1.39976,0.0012,0.0012
28.10.2025 11:46:31.425 UTC,1.39988,1.39976,0.0018,0.0012
28.10.2025 11:46:31.678 UTC,1.39988,1.39976,0.00135,0.0012
28.10.2025 11:46:31.931 UTC,1.39987,1.39977,0.0018,0.0012
28.10.2025 11:46:32.184 UTC,1.39988,1.39976,0.00135,0.0012
28.10.2025 11:46:32.739 UTC,1.39988,1.39976,0.0024,0.0012
28.10.2025 11:46:32.943 UTC,1.39987,1.39974,0.0024,0.00135
28.10.2025 11:46:41.045 UTC,1.39987,1.39974,0.00195,0.0012
28.10.2025 11:46:41.150 UTC,1.39985,1.39973,0.00135,0.0012
28.10.2025 11:46:50.817 UTC,1.39983,1.39973,0.0012,0.0012
28.10.2025 11:46:50.869 UTC,1.39985,1.39973,0.00135,0.0012
28.10.2025 11:46:53.927 UTC,1.39986,1.39973,0.00225,0.0012
28.10.2025 11:46:54.231 UTC,1.39985,1.39974,0.0024,0.0012
28.10.2025 11:46:54.384 UTC,1.39985,1.39974,0.00225,0.0012
28.10.2025 11:46:54.487 UTC,1.39985,1.39973,0.00135,0.0012
28.10.2025 11:46:54.639 UTC,1.39985,1.39974,0.00225,0.0012
28.10.2025 11:46:54.741 UTC,1.39985,1.39973,0.0012,0.0012
28.10.2025 11:46:56.249 UTC,1.39983,1.39973,0.0012,0.0012
28.10.2025 11:46:56.301 UTC,1.39984,1.39974,0.0012,0.0012
28.10.2025 11:47:04.551 UTC,1.39985,1.39974,0.00135,0.0012
28.10.2025 11:47:08.368 UTC,1.39985,1.39974,0.0018,0.0012
28.10.2025 11:47:09.134 UTC,1.39983,1.39974,0.0012,0.0012
28.10.2025 11:47:10.442 UTC,1.39985,1.39973,0.0012,0.0012
28.10.2025 11:47:10.494 UTC,1.39986,1.39976,0.0027,0.0012
28.10.2025 11:47:10.699 UTC,1.39985,1.39976,0.0012,0.0012
28.10.2025 11:47:22.621 UTC,1.39986,1.39976,0.00225,0.0012
28.10.2025 11:47:22.874 UTC,1.39987,1.39975,0.0024,0.0012
28.10.2025 11:47:31.491 UTC,1.39985,1.39974,0.00135,0.0012
28.10.2025 11:47:32.756 UTC,1.39986,1.39974,0.00135,0.0012
28.10.2025 11:47:33.209 UTC,1.39984,1.39975,0.0012,0.0012
28.10.2025 11:47:36.078 UTC,1.39986,1.39974,0.0012,0.0012
28.10.2025 11:47:37.611 UTC,1.39987,1.39975,0.0018,0.0012
28.10.2025 11:47:54.080 UTC,1.39985,1.39975,0.00135,0.0012
28.10.2025 11:47:54.185 UTC,1.39982,1.39972,0.0012,0.0012
28.10.2025 11:47:54.290 UTC,1.39979,1.39967,0.0018,0.0012
28.10.2025 11:47:54.393 UTC,1.3998,1.39969,0.0027,0.0012
28.10.2025 11:48:03.375 UTC,1.39978,1.39969,0.0012,0.00135
28.10.2025 11:48:03.426 UTC,1.39981,1.39968,0.0012,0.00135
28.10.2025 11:48:06.595 UTC,1.3998,1.39971,0.00135,0.0012
28.10.2025 11:48:10.111 UTC,1.3998,1.39969,0.00135,0.00315
28.10.2025 11:48:13.182 UTC,1.3998,1.39969,0.0024,0.0012
28.10.2025 11:48:14.774 UTC,1.39981,1.39968,0.00315,0.0012
28.10.2025 11:48:14.877 UTC,1.3998,1.39968,0.0012,0.0012
28.10.2025 11:48:34.107 UTC,1.39979,1.39967,0.0012,0.0012
28.10.2025 11:48:34.210 UTC,1.3998,1.39967,0.00135,0.0012
28.10.2025 11:48:34.319 UTC,1.3998,1.39968,0.0012,0.00249
28.10.2025 11:48:34.429 UTC,1.3998,1.39967,0.0012,0.00189
28.10.2025 11:48:34.531 UTC,1.39981,1.39967,0.00225,0.00279
28.10.2025 11:48:35.041 UTC,1.39982,1.39969,0.00135,0.0012
28.10.2025 11:48:35.401 UTC,1.39983,1.3997,0.00135,0.0018
28.10.2025 11:48:35.504 UTC,1.39983,1.39972,0.00135,0.0012
28.10.2025 11:48:37.811 UTC,1.39986,1.39973,0.0024,0.0012
28.10.2025 11:48:43.742 UTC,1.39985,1.39974,0.00225,0.0012
28.10.2025 11:48:44.499 UTC,1.39985,1.39975,0.0012,0.0012
28.10.2025 11:48:49.658 UTC,1.39986,1.39972,0.00225,0.00279
28.10.2025 11:48:56.533 UTC,1.39984,1.39972,0.0012,0.0027
28.10.2025 11:48:56.584 UTC,1.39986,1.39972,0.00225,0.0027
28.10.2025 11:48:59.129 UTC,1.39985,1.39974,0.00135,0.0012
28.10.2025 11:48:59.233 UTC,1.39987,1.39975,0.00234,0.0018
28.10.2025 11:48:59.336 UTC,1.39986,1.39975,0.00132,0.0012
28.10.2025 11:49:01.798 UTC,1.39987,1.39974,0.0018,0.0012
28.10.2025 11:49:02.352 UTC,1.39987,1.39974,0.0012,0.0012
28.10.2025 11:49:05.060 UTC,1.39984,1.39975,0.0012,0.0012
28.10.2025 11:49:05.112 UTC,1.39986,1.39975,0.00135,0.0012
28.10.2025 11:49:07.324 UTC,1.39987,1.39974,0.0018,0.0012
28.10.2025 11:49:14.737 UTC,1.39986,1.39975,0.00225,0.00132
28.10.2025 11:49:17.096 UTC,1.39986,1.39976,0.00225,0.0012
28.10.2025 11:49:20.004 UTC,1.39986,1.39975,0.00225,0.00132
28.10.2025 11:49:22.007 UTC,1.39985,1.39973,0.0012,0.0012
28.10.2025 11:49:22.112 UTC,1.39985,1.39973,0.0018,0.0012
28.10.2025 11:49:23.972 UTC,1.39985,1.39973,0.00135,0.0012
28.10.2025 11:49:25.233 UTC,1.39983,1.39973,0.0012,0.0012
28.10.2025 11:49:25.284 UTC,1.39984,1.39974,0.0012,0.0012
28.10.2025 11:49:38.087 UTC,1.39987,1.39974,0.0024,0.0012
28.10.2025 11:49:40.866 UTC,1.39986,1.39975,0.00225,0.0012
28.10.2025 11:49:41.920 UTC,1.39987,1.39975,0.00225,0.0012
28.10.2025 11:49:42.073 UTC,1.39987,1.39974,0.00225,0.0012
28.10.2025 11:49:43.281 UTC,1.39987,1.39974,0.0018,0.0012
28.10.2025 11:49:43.483 UTC,1.39987,1.39974,0.00135,0.0012
28.10.2025 11:49:57.585 UTC,1.39986,1.39975,0.0018,0.0012
28.10.2025 11:49:57.689 UTC,1.39988,1.39974,0.00225,0.00144
28.10.2025 11:49:57.848 UTC,1.39986,1.39974,0.0012,0.00135
28.10.2025 11:49:58.604 UTC,1.39988,1.39974,0.00252,0.0012
28.10.2025 11:50:00.164 UTC,1.39987,1.39974,0.00192,0.0012
28.10.2025 11:50:00.468 UTC,1.39986,1.39975,0.00144,0.0012
28.10.2025 11:50:00.872 UTC,1.39987,1.39974,0.00192,0.0012
28.10.2025 11:50:01.779 UTC,1.39987,1.39975,0.00192,0.0012
28.10.2025 11:50:03.286 UTC,1.39987,1.39975,0.00144,0.0012
28.10.2025 11:50:03.439 UTC,1.39987,1.39975,0.00192,0.0012
28.10.2025 11:50:03.541 UTC,1.39987,1.39975,0.00135,0.0012
28.10.2025 11:50:10.788 UTC,1.39987,1.39975,0.0018,0.0012
28.10.2025 11:50:15.149 UTC,1.39987,1.39975,0.00135,0.0012
28.10.2025 11:50:15.403 UTC,1.39985,1.39976,0.0012,0.0012
28.10.2025 11:50:16.765 UTC,1.39989,1.39977,0.00135,0.0012
28.10.2025 11:50:16.971 UTC,1.39988,1.39977,0.0012,0.0012
28.10.2025 11:50:19.036 UTC,1.39991,1.39978,0.00135,0.00132
28.10.2025 11:50:19.191 UTC,1.3999,1.39979,0.0018,0.00132
28.10.2025 11:50:19.321 UTC,1.39989,1.39978,0.0012,0.0012
28.10.2025 11:50:19.374 UTC,1.39988,1.39976,0.00135,0.0018
28.10.2025 11:50:19.683 UTC,1.39987,1.39976,0.0012,0.0012
28.10.2025 11:50:20.694 UTC,1.39989,1.39976,0.00135,0.0012
28.10.2025 11:50:20.798 UTC,1.39989,1.39978,0.00135,0.00132
28.10.2025 11:50:20.901 UTC,1.39988,1.39978,0.0012,0.0012
28.10.2025 11:50:21.861 UTC,1.39988,1.39977,0.0012,0.0012
28.10.2025 11:50:21.964 UTC,1.39989,1.39977,0.0012,0.00132
28.10.2025 11:50:22.725 UTC,1.39987,1.39978,0.0012,0.0012
28.10.2025 11:50:23.634 UTC,1.39987,1.39975,0.0012,0.0012
28.10.2025 11:50:23.790 UTC,1.39987,1.39974,0.00135,0.00132
28.10.2025 11:50:27.704 UTC,1.39985,1.39974,0.0012,0.00132
28.10.2025 11:50:27.755 UTC,1.39987,1.39974,0.00135,0.00132
28.10.2025 11:50:29.967 UTC,1.39985,1.39975,0.00135,0.0012
28.10.2025 11:50:34.476 UTC,1.39986,1.39973,0.0018,0.00132
28.10.2025 11:50:40.900 UTC,1.39986,1.39974,0.0018,0.0012
28.10.2025 11:50:41.552 UTC,1.39986,1.39973,0.0018,0.00132
28.10.2025 11:50:46.242 UTC,1.39982,1.39973,0.0012,0.0012
28.10.2025 11:50:46.347 UTC,1.39981,1.39972,0.0012,0.0012
28.10.2025 11:50:46.450 UTC,1.39982,1.3997,0.0012,0.0012
28.10.2025 11:50:52.111 UTC,1.39983,1.3997,0.00225,0.0012
28.10.2025 11:50:52.214 UTC,1.39981,1.39971,0.0012,0.0012
28.10.2025 11:50:52.318 UTC,1.39984,1.39971,0.0018,0.0012
28.10.2025 11:50:53.128 UTC,1.39984,1.39971,0.0018,0.00132
28.10.2025 11:50:53.532 UTC,1.39984,1.39971,0.00135,0.00132
28.10.2025 11:51:00.569 UTC,1.39984,1.39972,0.0012,0.00135
28.10.2025 11:51:00.923 UTC,1.39983,1.39973,0.0018,0.0012
28.10.2025 11:51:01.025 UTC,1.39983,1.39973,0.00135,0.0012
28.10.2025 11:51:01.482 UTC,1.39984,1.39972,0.0018,0.0012
28.10.2025 11:51:01.584 UTC,1.39984,1.39972,0.00135,0.0012
28.10.2025 11:51:02.741 UTC,1.39984,1.39972,0.0018,0.0012
28.10.2025 11:51:02.843 UTC,1.39984,1.39972,0.00135,0.0012
28.10.2025 11:51:03.097 UTC,1.39983,1.39972,0.00135,0.0012
28.10.2025 11:51:03.200 UTC,1.3998,1.39972,0.0012,0.0012
28.10.2025 11:51:03.304 UTC,1.39982,1.39971,0.00135,0.0012
28.10.2025 11:51:04.424 UTC,1.39982,1.39972,0.00135,0.0012
28.10.2025 11:51:04.678 UTC,1.39983,1.39971,0.0018,0.0012
28.10.2025 11:51:04.780 UTC,1.39981,1.39971,0.0012,0.0012
28.10.2025 11:51:05.285 UTC,1.39983,1.39971,0.00135,0.0012
28.10.2025 11:51:05.746 UTC,1.39982,1.39973,0.0012,0.0012
28.10.2025 11:51:05.850 UTC,1.39985,1.39972,0.0018,0.0012
28.10.2025 11:51:06.002 UTC,1.39984,1.39973,0.00135,0.0012
28.10.2025 11:51:06.256 UTC,1.39984,1.39972,0.00135,0.0012
28.10.2025 11:51:08.439 UTC,1.39983,1.39973,0.0018,0.0012
28.10.2025 11:51:08.541 UTC,1.39983,1.39973,0.00135,0.0012
28.10.2025 11:51:10.504 UTC,1.39984,1.39975,0.00135,0.0012
28.10.2025 11:51:11.814 UTC,1.39985,1.39976,0.0018,0.0012
28.10.2025 11:51:12.167 UTC,1.39986,1.39975,0.00135,0.0012
28.10.2025 11:51:12.320 UTC,1.39986,1.39975,0.0018,0.0012
28.10.2025 11:51:16.243 UTC,1.39985,1.39976,0.00135,0.0012
28.10.2025 11:51:16.847 UTC,1.39986,1.39975,0.0018,0.0012
28.10.2025 11:51:26.761 UTC,1.39985,1.39976,0.00135,0.0012
28.10.2025 11:51:28.960 UTC,1.39986,1.39974,0.0012,0.0012
28.10.2025 11:51:29.267 UTC,1.39986,1.39974,0.0018,0.0012
28.10.2025 11:51:30.274 UTC,1.39986,1.39974,0.00135,0.0012
28.10.2025 11:51:31.079 UTC,1.39986,1.39974,0.0018,0.0012
28.10.2025 11:51:35.000 UTC,1.39985,1.39975,0.00132,0.0012
28.10.2025 11:51:35.103 UTC,1.39985,1.39974,0.00135,0.0012
28.10.2025 11:51:38.618 UTC,1.39986,1.39974,0.00135,0.0012
28.10.2025 11:51:39.674 UTC,1.39986,1.39974,0.0018,0.0012
28.10.2025 11:51:40.911 UTC,1.39986,1.39973,0.0018,0.0012
28.10.2025 11:51:41.765 UTC,1.39986,1.39973,0.00135,0.0012
28.10.2025 11:51:45.983 UTC,1.39986,1.39973,0.0018,0.0012
28.10.2025 11:51:50.454 UTC,1.39986,1.39973,0.00135,0.00132
28.10.2025 11:51:50.998 UTC,1.39986,1.39974,0.00135,0.0012
28.10.2025 11:51:57.118 UTC,1.39986,1.39974,0.0018,0.0012
28.10.2025 11:52:05.100 UTC,1.39985,1.39975,0.00135,0.0012
28.10.2025 11:52:05.202 UTC,1.39986,1.39974,0.0018,0.0012
28.10.2025 11:52:05.304 UTC,1.39986,1.39974,0.0012,0.0012
28.10.2025 11:52:05.406 UTC,1.39986,1.39974,0.0018,0.0012
28.10.2025 11:52:05.508 UTC,1.39986,1.39974,0.0012,0.0012
28.10.2025 11:52:05.810 UTC,1.39986,1.39975,0.0018,0.0012
28.10.2025 11:52:08.183 UTC,1.39986,1.39975,0.0012,0.0012
28.10.2025 11:52:08.286 UTC,1.39986,1.39975,0.0018,0.0012
28.10.2025 11:52:08.991 UTC,1.39986,1.39975,0.0012,0.0012
28.10.2025 11:52:09.093 UTC,1.39986,1.39975,0.0018,0.0012
28.10.2025 11:52:09.195 UTC,1.39986,1.39975,0.0012,0.0012
28.10.2025 11:52:09.798 UTC,1.39986,1.39975,0.0018,0.0012
28.10.2025 11:52:11.905 UTC,1.39984,1.39976,0.0018,0.0012
28.10.2025 11:52:12.062 UTC,1.39985,1.39975,0.00135,0.0012
28.10.2025 11:52:12.366 UTC,1.39986,1.39975,0.00135,0.0012
28.10.2025 11:52:12.568 UTC,1.39985,1.39976,0.0018,0.0012
28.10.2025 11:52:12.669 UTC,1.39985,1.39975,0.00135,0.0012
28.10.2025 11:52:13.162 UTC,1.39982,1.39973,0.00135,0.0012
28.10.2025 11:52:13.265 UTC,1.39981,1.39972,0.0012,0.0012
28.10.2025 11:52:13.674 UTC,1.39982,1.39972,0.00135,0.0012
28.10.2025 11:52:13.880 UTC,1.39983,1.39972,0.00225,0.0012
28.10.2025 11:52:15.794 UTC,1.39984,1.39972,0.0018,0.0012
28.10.2025 11:52:15.898 UTC,1.39984,1.39972,0.0012,0.0012
28.10.2025 11:52:16.154 UTC,1.39985,1.39972,0.00135,0.0012
28.10.2025 11:52:17.460 UTC,1.3998,1.39972,0.0012,0.0012
28.10.2025 11:52:17.563 UTC,1.39981,1.39972,0.00135,0.0012
28.10.2025 11:52:17.667 UTC,1.39983,1.39972,0.0012,0.0012
28.10.2025 11:52:17.770 UTC,1.39983,1.39973,0.00135,0.0012
28.10.2025 11:52:20.838 UTC,1.39985,1.39972,0.00135,0.0012
28.10.2025 11:52:21.140 UTC,1.39984,1.39973,0.0018,0.0012
28.10.2025 11:52:21.496 UTC,1.39985,1.39974,0.00135,0.0012
28.10.2025 11:52:22.106 UTC,1.3998,1.3997,0.00195,0.00135
28.10.2025 11:52:22.158 UTC,1.39982,1.3997,0.00144,0.0012
28.10.2025 11:52:22.261 UTC,1.39983,1.39971,0.00192,0.0012
28.10.2025 11:52:22.518 UTC,1.39983,1.39972,0.00144,0.0012
28.10.2025 11:52:22.673 UTC,1.39983,1.39971,0.00144,0.0012
28.10.2025 11:52:22.776 UTC,1.39982,1.39972,0.00192,0.0012
28.10.2025 11:52:23.769 UTC,1.39983,1.39971,0.00144,0.0012
28.10.2025 11:52:23.922 UTC,1.39983,1.39971,0.00192,0.0012
28.10.2025 11:52:24.879 UTC,1.39983,1.39971,0.00144,0.0012
28.10.2025 11:52:30.662 UTC,1.39981,1.39972,0.0012,0.0012
28.10.2025 11:52:33.330 UTC,1.39978,1.39968,0.0012,0.0012
28.10.2025 11:52:35.707 UTC,1.39978,1.39967,0.00132,0.0012
28.10.2025 11:52:35.812 UTC,1.39977,1.39967,0.00132,0.0012
28.10.2025 11:52:39.030 UTC,1.39977,1.39966,0.00132,0.0012
28.10.2025 11:52:46.513 UTC,1.39976,1.39967,0.00132,0.0012
28.10.2025 11:52:46.565 UTC,1.39976,1.39964,0.00132,0.0012
28.10.2025 11:52:46.871 UTC,1.39974,1.39963,0.00132,0.0012
28.10.2025 11:52:46.925 UTC,1.39973,1.39962,0.00132,0.0012
28.10.2025 11:52:46.977 UTC,1.39972,1.3996,0.00132,0.0018
28.10.2025 11:52:47.233 UTC,1.39971,1.39959,0.00132,0.0012
28.10.2025 11:52:47.337 UTC,1.3997,1.39957,0.00192,0.0012
28.10.2025 11:52:48.999 UTC,1.3997,1.39957,0.00189,0.0012
28.10.2025 11:52:49.804 UTC,1.3997,1.39958,0.0012,0.0012
28.10.2025 11:52:49.959 UTC,1.3997,1.39957,0.00132,0.0012
28.10.2025 11:52:51.426 UTC,1.39969,1.39958,0.00192,0.0012
28.10.2025 11:52:51.984 UTC,1.3997,1.39957,0.00204,0.0012
28.10.2025 11:52:52.086 UTC,1.39969,1.39957,0.00135,0.0012
28.10.2025 11:52:52.290 UTC,1.39969,1.39957,0.0018,0.0012
28.10.2025 11:52:52.594 UTC,1.39969,1.39957,0.0012,0.0012
28.10.2025 11:52:52.697 UTC,1.3997,1.39957,0.00192,0.0012
28.10.2025 11:52:53.003 UTC,1.39969,1.39957,0.0012,0.0012
28.10.2025 11:52:53.354 UTC,1.39969,1.39958,0.00132,0.0012
28.10.2025 11:52:54.310 UTC,1.39969,1.39957,0.0012,0.0012
28.10.2025 11:52:55.220 UTC,1.39969,1.39957,0.0018,0.0012
28.10.2025 11:52:55.322 UTC,1.39968,1.39958,0.0012,0.0012
28.10.2025 11:52:59.111 UTC,1.39968,1.39957,0.00195,0.0012
28.10.2025 11:52:59.719 UTC,1.39969,1.39956,0.0024,0.0018
28.10.2025 11:53:00.276 UTC,1.39968,1.39957,0.00195,0.0012
28.10.2025 11:53:00.379 UTC,1.39969,1.39956,0.0024,0.0012
28.10.2025 11:53:09.750 UTC,1.39969,1.39956,0.00195,0.00132
28.10.2025 11:53:09.935 UTC,1.39968,1.39957,0.0024,0.00189
28.10.2025 11:53:10.339 UTC,1.39969,1.39957,0.0018,0.0012
28.10.2025 11:53:14.019 UTC,1.39971,1.39962,0.00225,0.0012
28.10.2025 11:53:14.124 UTC,1.39977,1.39965,0.00279,0.00132
28.10.2025 11:53:14.176 UTC,1.39978,1.39964,0.00315,0.00132
28.10.2025 11:53:14.330 UTC,1.39977,1.39964,0.0012,0.00132
28.10.2025 11:53:15.696 UTC,1.39979,1.3997,0.0012,0.0012
28.10.2025 11:53:15.799 UTC,1.39979,1.39971,0.0012,0.0012
28.10.2025 11:53:16.105 UTC,1.39983,1.39971,0.0012,0.00132
28.10.2025 11:53:16.207 UTC,1.39984,1.39971,0.0012,0.00132
28.10.2025 11:53:16.309 UTC,1.39984,1.39974,0.0012,0.0012
28.10.2025 11:53:18.424 UTC,1.39986,1.39973,0.0018,0.0012
28.10.2025 11:53:19.559 UTC,1.39985,1.39973,0.0012,0.0012
28.10.2025 11:53:19.712 UTC,1.39984,1.39975,0.0012,0.0012
28.10.2025 11:53:20.720 UTC,1.39986,1.39974,0.0012,0.0012
28.10.2025 11:53:20.974 UTC,1.39986,1.39973,0.0018,0.00132
28.10.2025 11:53:23.086 UTC,1.39985,1.39973,0.0012,0.0012
28.10.2025 11:53:23.238 UTC,1.39986,1.39973,0.0018,0.0012
28.10.2025 11:53:23.392 UTC,1.39984,1.39974,0.0012,0.0012
28.10.2025 11:53:29.088 UTC,1.39986,1.39973,0.0018,0.0018
28.10.2025 11:53:29.192 UTC,1.39986,1.39974,0.0012,0.0012
28.10.2025 11:53:33.101 UTC,1.39985,1.39975,0.0018,0.0012
28.10.2025 11:53:33.253 UTC,1.39985,1.39975,0.00135,0.0012
28.10.2025 11:53:39.582 UTC,1.39985,1.39975,0.0018,0.0012
28.10.2025 11:53:40.840 UTC,1.39986,1.39974,0.00135,0.0012
28.10.2025 11:53:40.941 UTC,1.39985,1.39975,0.0018,0.0012
28.10.2025 11:53:41.344 UTC,1.39985,1.39975,0.00135,0.0012
28.10.2025 11:53:45.744 UTC,1.39986,1.39974,0.0018,0.0012
28.10.2025 11:53:47.101 UTC,1.39986,1.39974,0.00135,0.0012
28.10.2025 11:53:47.153 UTC,1.39986,1.39972,0.00225,0.00324
28.10.2025 11:53:47.459 UTC,1.39983,1.39973,0.00225,0.00135
28.10.2025 11:53:47.563 UTC,1.39982,1.39972,0.0012,0.0012
28.10.2025 11:53:47.667 UTC,1.39982,1.39971,0.0018,0.0018
28.10.2025 11:53:51.704 UTC,1.39982,1.39971,0.0024,0.0012
28.10.2025 11:53:51.856 UTC,1.39983,1.3997,0.00225,0.0012
28.10.2025 11:53:52.713 UTC,1.39983,1.3997,0.0024,0.0012
28.10.2025 11:53:52.814 UTC,1.39983,1.3997,0.00225,0.0012
28.10.2025 11:53:53.919 UTC,1.39981,1.3997,0.0012,0.00369
28.10.2025 11:53:54.223 UTC,1.39981,1.39971,0.0012,0.0018
28.10.2025 11:53:54.426 UTC,1.39982,1.39969,0.0012,0.00279
28.10.2025 11:54:00.278 UTC,1.39981,1.3997,0.0018,0.00225
28.10.2025 11:54:00.381 UTC,1.39981,1.39971,0.0012,0.0012
28.10.2025 11:54:01.085 UTC,1.39981,1.3997,0.0012,0.00225
28.10.2025 11:54:07.676 UTC,1.39982,1.39968,0.00135,0.00369
28.10.2025 11:54:10.059 UTC,1.39981,1.3997,0.00135,0.0012
28.10.2025 11:54:11.270 UTC,1.39981,1.39969,0.0012,0.0012
28.10.2025 11:54:12.126 UTC,1.39981,1.39968,0.0012,0.00459
28.10.2025 11:54:12.279 UTC,1.39979,1.39968,0.0012,0.00279
28.10.2025 11:54:12.383 UTC,1.3998,1.39969,0.0012,0.0012
28.10.2025 11:54:12.689 UTC,1.39981,1.39969,0.0012,0.0027
28.10.2025 11:54:13.702 UTC,1.39981,1.3997,0.0012,0.0012
28.10.2025 11:54:14.006 UTC,1.39981,1.39969,0.0012,0.00414
28.10.2025 11:54:20.252 UTC,1.3998,1.39971,0.0012,0.0012
28.10.2025 11:54:20.356 UTC,1.39982,1.3997,0.0012,0.00189
28.10.2025 11:54:20.459 UTC,1.39982,1.39971,0.0012,0.00189
28.10.2025 11:54:39.039 UTC,1.39982,1.39969,0.00135,0.00519
28.10.2025 11:54:39.145 UTC,1.3998,1.39969,0.0012,0.00225
28.10.2025 11:54:39.248 UTC,1.39981,1.39969,0.0012,0.00225
28.10.2025 11:54:39.552 UTC,1.39981,1.39968,0.00135,0.00234
28.10.2025 11:54:40.111 UTC,1.39976,1.39967,0.0012,0.0018
28.10.2025 11:54:40.215 UTC,1.39975,1.39968,0.0012,0.0012
28.10.2025 11:54:40.317 UTC,1.39976,1.39964,0.0012,0.00135
28.10.2025 11:54:40.472 UTC,1.39976,1.39963,0.0012,0.00234
28.10.2025 11:54:40.626 UTC,1.39976,1.39964,0.0012,0.0012
28.10.2025 11:54:41.634 UTC,1.39976,1.39963,0.0012,0.00234
28.10.2025 11:54:52.101 UTC,1.39976,1.39966,0.0012,0.0012
28.10.2025 11:54:53.964 UTC,1.39977,1.39966,0.0012,0.00225
28.10.2025 11:55:00.882 UTC,1.39977,1.39965,0.0012,0.00135
28.10.2025 11:55:01.541 UTC,1.39978,1.39965,0.00225,0.00225
28.10.2025 11:55:08.969 UTC,1.39977,1.39964,0.0012,0.00285
28.10.2025 11:55:09.125 UTC,1.39977,1.39964,0.00135,0.00144
28.10.2025 11:55:14.870 UTC,1.39977,1.39964,0.0024,0.00324
28.10.2025 11:55:15.373 UTC,1.39977,1.39964,0.00225,0.00324
28.10.2025 11:55:16.176 UTC,1.39977,1.39964,0.0018,0.00405
28.10.2025 11:55:16.684 UTC,1.39976,1.39965,0.00225,0.00225
28.10.2025 11:55:16.938 UTC,1.39977,1.39964,0.0024,0.00135
28.10.2025 11:55:17.039 UTC,1.39977,1.39964,0.00225,0.00135
28.10.2025 11:55:17.141 UTC,1.39977,1.39964,0.0024,0.00135
28.10.2025 11:55:17.544 UTC,1.39976,1.39966,0.0024,0.0012
28.10.2025 11:55:17.747 UTC,1.39977,1.39964,0.00225,0.00135
28.10.2025 11:55:20.008 UTC,1.39976,1.39963,0.0012,0.00474
28.10.2025 11:55:25.063 UTC,1.39976,1.39963,0.00135,0.0018
28.10.2025 11:55:26.120 UTC,1.39976,1.39968,0.0012,0.00132
28.10.2025 11:55:26.173 UTC,1.3998,1.39967,0.0018,0.00279
28.10.2025 11:55:26.227 UTC,1.39981,1.3997,0.0018,0.0012
28.10.2025 11:55:26.279 UTC,1.39981,1.3997,0.0012,0.0012
28.10.2025 11:55:26.484 UTC,1.39983,1.3997,0.0012,0.0018
28.10.2025 11:55:29.255 UTC,1.39982,1.3997,0.0012,0.00135
28.10.2025 11:55:29.615 UTC,1.3998,1.39968,0.00225,0.0018
28.10.2025 11:55:29.825 UTC,1.39981,1.3997,0.0018,0.0012
28.10.2025 11:55:30.733 UTC,1.39982,1.39971,0.0018,0.0012
28.10.2025 11:55:30.785 UTC,1.39981,1.3997,0.0018,0.0012
28.10.2025 11:55:30.987 UTC,1.39982,1.39969,0.00135,0.0012
28.10.2025 11:55:32.790 UTC,1.39982,1.39969,0.0018,0.0012
28.10.2025 11:55:32.894 UTC,1.39982,1.39968,0.0024,0.00234
28.10.2025 11:55:33.048 UTC,1.39982,1.39968,0.00225,0.00234
28.10.2025 11:55:33.957 UTC,1.39981,1.3997,0.00135,0.0012
28.10.2025 11:55:34.109 UTC,1.39982,1.39968,0.00225,0.00324
28.10.2025 11:55:34.312 UTC,1.39982,1.39968,0.0024,0.00279
28.10.2025 11:55:34.664 UTC,1.39981,1.39969,0.00225,0.00279
28.10.2025 11:55:34.815 UTC,1.39982,1.39969,0.00135,0.0012
28.10.2025 11:55:35.119 UTC,1.39982,1.39968,0.00225,0.00279
28.10.2025 11:55:35.877 UTC,1.39981,1.39968,0.0018,0.00135
28.10.2025 11:55:35.980 UTC,1.39982,1.39968,0.00249,0.00225
28.10.2025 11:55:38.997 UTC,1.3998,1.39969,0.0018,0.0012
28.10.2025 11:55:39.100 UTC,1.3998,1.39969,0.00135,0.0012
28.10.2025 11:55:39.204 UTC,1.39982,1.3997,0.0012,0.0012
28.10.2025 11:55:43.274 UTC,1.39984,1.39972,0.00135,0.0012
28.10.2025 11:55:44.086 UTC,1.39986,1.39973,0.0018,0.0012
28.10.2025 11:55:44.263 UTC,1.39986,1.39974,0.0012,0.0012
28.10.2025 11:55:44.923 UTC,1.39987,1.39974,0.0018,0.0012
28.10.2025 11:55:45.327 UTC,1.39985,1.39975,0.0012,0.0012
28.10.2025 11:55:48.992 UTC,1.39985,1.39974,0.0018,0.00225
28.10.2025 11:55:49.497 UTC,1.39986,1.39974,0.0012,0.0012
28.10.2025 11:55:49.600 UTC,1.39987,1.39976,0.00225,0.0012
28.10.2025 11:55:54.809 UTC,1.39987,1.39976,0.00225,0.00132
28.10.2025 11:55:55.270 UTC,1.39989,1.39976,0.0012,0.00279
28.10.2025 11:55:59.054 UTC,1.39987,1.39976,0.0012,0.00189
28.10.2025 11:55:59.106 UTC,1.39989,1.39976,0.00225,0.00189
28.10.2025 11:56:03.324 UTC,1.39986,1.39977,0.0012,0.00189
28.10.2025 11:56:03.375 UTC,1.39989,1.39976,0.00225,0.00189
28.10.2025 11:56:06.078 UTC,1.39989,1.39978,0.00135,0.0012
28.10.2025 11:56:08.418 UTC,1.39989,1.39977,0.0018,0.0012
28.10.2025 11:56:08.572 UTC,1.39988,1.39978,0.00135,0.0012
28.10.2025 11:56:08.675 UTC,1.39989,1.39977,0.0018,0.0012
28.10.2025 11:56:09.988 UTC,1.39989,1.39977,0.00135,0.0012
28.10.2025 11:56:11.153 UTC,1.39989,1.39977,0.0018,0.0012
28.10.2025 11:56:11.709 UTC,1.39989,1.39977,0.00135,0.0012
28.10.2025 11:56:11.962 UTC,1.39988,1.39977,0.00135,0.0012
28.10.2025 11:56:12.067 UTC,1.39989,1.39977,0.00135,0.0012
28.10.2025 11:56:12.320 UTC,1.39989,1.39977,0.0018,0.0012
28.10.2025 11:56:13.827 UTC,1.39989,1.3998,0.0018,0.0012
28.10.2025 11:56:13.983 UTC,1.3999,1.39979,0.0018,0.0012
28.10.2025 11:56:15.065 UTC,1.3999,1.39979,0.00135,0.0012
28.10.2025 11:56:15.218 UTC,1.3999,1.39979,0.0018,0.0012
28.10.2025 11:56:15.370 UTC,1.3999,1.39979,0.00135,0.0012
28.10.2025 11:56:15.823 UTC,1.3999,1.39979,0.0018,0.0012
28.10.2025 11:56:17.682 UTC,1.39988,1.39979,0.0012,0.0012
28.10.2025 11:56:18.336 UTC,1.39989,1.3998,0.00135,0.0012
28.10.2025 11:56:18.789 UTC,1.39989,1.3998,0.0018,0.0012
28.10.2025 11:56:18.990 UTC,1.3999,1.39979,0.00135,0.0012
28.10.2025 11:56:20.395 UTC,1.39988,1.39979,0.0012,0.0012
28.10.2025 11:56:20.798 UTC,1.3999,1.39979,0.0018,0.0012
28.10.2025 11:56:21.053 UTC,1.39989,1.3998,0.00135,0.0012
28.10.2025 11:56:21.205 UTC,1.3999,1.39979,0.0018,0.0012
28.10.2025 11:56:21.307 UTC,1.3999,1.39979,0.00135,0.0012
28.10.2025 11:56:21.561 UTC,1.3999,1.39979,0.0018,0.0012
28.10.2025 11:56:23.133 UTC,1.39989,1.39978,0.00135,0.0012
28.10.2025 11:56:24.391 UTC,1.39988,1.39978,0.00135,0.0012
28.10.2025 11:56:25.047 UTC,1.39991,1.39978,0.0012,0.00132
28.10.2025 11:56:25.151 UTC,1.39991,1.39979,0.0018,0.00279
28.10.2025 11:56:25.304 UTC,1.39992,1.39978,0.00195,0.00279
28.10.2025 11:56:25.609 UTC,1.39989,1.39979,0.00135,0.0018
28.10.2025 11:56:27.895 UTC,1.3999,1.39981,0.0012,0.0012
28.10.2025 11:56:28.055 UTC,1.39992,1.39981,0.0012,0.0012
28.10.2025 11:56:28.158 UTC,1.39993,1.39981,0.00135,0.0012
28.10.2025 11:56:30.432 UTC,1.39993,1.39982,0.00135,0.0012
28.10.2025 11:56:30.737 UTC,1.39994,1.39982,0.00135,0.0012
28.10.2025 11:56:30.840 UTC,1.39994,1.39984,0.0018,0.0012
28.10.2025 11:56:31.042 UTC,1.39995,1.39983,0.00135,0.0012
28.10.2025 11:56:33.107 UTC,1.39994,1.39984,0.00195,0.0012
28.10.2025 11:56:38.428 UTC,1.39997,1.39987,0.0018,0.0012
28.10.2025 11:56:38.532 UTC,1.39997,1.39987,0.0012,0.0012
28.10.2025 11:56:38.738 UTC,1.39997,1.39986,0.00225,0.0012
28.10.2025 11:56:38.894 UTC,1.39996,1.39985,0.0018,0.0012
28.10.2025 11:56:38.996 UTC,1.39997,1.39984,0.00204,0.0012
28.10.2025 11:56:39.759 UTC,1.39996,1.39984,0.00195,0.0012
28.10.2025 11:56:40.469 UTC,1.39996,1.39984,0.0018,0.0012
28.10.2025 11:56:41.482 UTC,1.39996,1.39984,0.00204,0.0012
28.10.2025 11:56:47.357 UTC,1.39996,1.39984,0.0012,0.0012
28.10.2025 11:56:47.965 UTC,1.39995,1.39985,0.0018,0.0012
28.10.2025 11:56:53.204 UTC,1.39995,1.39983,0.0012,0.0012
28.10.2025 11:56:53.306 UTC,1.39994,1.39984,0.0018,0.0012
28.10.2025 11:56:53.409 UTC,1.39994,1.39984,0.00135,0.0012
28.10.2025 11:56:54.418 UTC,1.39995,1.39983,0.0018,0.0012
28.10.2025 11:56:59.334 UTC,1.39995,1.39983,0.00135,0.0012
28.10.2025 11:56:59.886 UTC,1.39994,1.39985,0.00135,0.0012
28.10.2025 11:57:00.288 UTC,1.39995,1.39984,0.0018,0.0012
28.10.2025 11:57:00.542 UTC,1.39995,1.39983,0.0018,0.0018
28.10.2025 11:57:03.084 UTC,1.39994,1.39985,0.00135,0.0012
28.10.2025 11:57:03.235 UTC,1.39995,1.39984,0.0018,0.0012
28.10.2025 11:57:04.249 UTC,1.39994,1.39985,0.00135,0.0012
28.10.2025 11:57:12.967 UTC,1.39995,1.39984,0.0018,0.0012
28.10.2025 11:57:13.121 UTC,1.39995,1.39984,0.00135,0.0012
28.10.2025 11:57:15.631 UTC,1.39995,1.39982,0.00135,0.00189
28.10.2025 11:57:16.837 UTC,1.39997,1.39983,0.00339,0.0012
28.10.2025 11:57:22.931 UTC,1.39997,1.39983,0.00195,0.0012
28.10.2025 11:57:25.256 UTC,1.39997,1.39983,0.0024,0.0012
28.10.2025 11:57:25.962 UTC,1.39997,1.39983,0.00195,0.0012
28.10.2025 11:57:26.314 UTC,1.39997,1.39983,0.0024,0.0012
28.10.2025 11:57:26.816 UTC,1.39996,1.39985,0.0024,0.0012
28.10.2025 11:57:27.118 UTC,1.39997,1.39984,0.00195,0.0012
28.10.2025 11:57:27.372 UTC,1.39997,1.39984,0.0024,0.0012
28.10.2025 11:57:27.575 UTC,1.39997,1.39984,0.00285,0.0012
28.10.2025 11:57:28.233 UTC,1.39995,1.39985,0.00249,0.0012
28.10.2025 11:57:28.285 UTC,1.39993,1.39982,0.0012,0.0012
28.10.2025 11:57:28.389 UTC,1.39991,1.39981,0.0012,0.0012
28.10.2025 11:57:28.492 UTC,1.39992,1.39979,0.00132,0.0012
28.10.2025 11:57:28.596 UTC,1.39991,1.39978,0.00132,0.0012
28.10.2025 11:57:29.666 UTC,1.39992,1.3998,0.00429,0.0012
28.10.2025 11:57:29.924 UTC,1.39992,1.39979,0.00192,0.0012
28.10.2025 11:57:30.282 UTC,1.39992,1.39979,0.00135,0.0012
28.10.2025 11:57:30.486 UTC,1.39992,1.39979,0.0018,0.0012
28.10.2025 11:57:31.041 UTC,1.39992,1.39979,0.00135,0.0018
28.10.2025 11:57:31.644 UTC,1.39992,1.3998,0.00135,0.0018
28.10.2025 11:57:32.505 UTC,1.39991,1.39982,0.0012,0.0012
28.10.2025 11:57:32.759 UTC,1.39992,1.39982,0.00225,0.0012
28.10.2025 11:57:33.818 UTC,1.39992,1.39981,0.0012,0.0012
28.10.2025 11:57:35.405 UTC,1.39992,1.39979,0.0012,0.00234
28.10.2025 11:57:36.059 UTC,1.3999,1.3998,0.0012,0.00324
28.10.2025 11:57:36.212 UTC,1.39991,1.3998,0.0012,0.00324
28.10.2025 11:57:43.441 UTC,1.39992,1.39981,0.0012,0.0012
28.10.2025 11:57:45.127 UTC,1.39991,1.3998,0.00315,0.0018
28.10.2025 11:57:45.487 UTC,1.39992,1.3998,0.0018,0.0012
28.10.2025 11:57:45.594 UTC,1.39991,1.3998,0.0018,0.00135
28.10.2025 11:57:50.511 UTC,1.39992,1.3998,0.0018,0.0012
28.10.2025 11:57:51.919 UTC,1.39991,1.39982,0.0012,0.0012
28.10.2025 11:57:52.221 UTC,1.39993,1.39981,0.00135,0.0012
28.10.2025 11:57:52.928 UTC,1.39991,1.39981,0.00135,0.0018
28.10.2025 11:57:55.887 UTC,1.39992,1.39979,0.0012,0.00135
28.10.2025 11:57:56.089 UTC,1.39992,1.39981,0.0012,0.0012
28.10.2025 11:57:56.994 UTC,1.39992,1.39982,0.00135,0.0012
28.10.2025 11:57:57.605 UTC,1.39993,1.39981,0.00285,0.0012
28.10.2025 11:57:59.968 UTC,1.39993,1.39983,0.0018,0.0012
28.10.2025 11:58:07.877 UTC,1.39991,1.39983,0.0012,0.0012
28.10.2025 11:58:07.929 UTC,1.39994,1.39982,0.0018,0.0012
28.10.2025 11:58:10.148 UTC,1.39994,1.39983,0.0018,0.00252
28.10.2025 11:58:10.254 UTC,1.39996,1.39983,0.0012,0.00279
28.10.2025 11:58:12.079 UTC,1.39994,1.39981,0.0012,0.00507
28.10.2025 11:58:12.333 UTC,1.39993,1.39982,0.0018,0.00189
28.10.2025 11:58:12.487 UTC,1.39993,1.3998,0.0018,0.00234
28.10.2025 11:58:12.642 UTC,1.39992,1.39981,0.0018,0.00192
28.10.2025 11:58:13.295 UTC,1.39993,1.3998,0.0018,0.00279
28.10.2025 11:58:13.498 UTC,1.39993,1.3998,0.0018,0.00192
28.10.2025 11:58:13.854 UTC,1.39992,1.39981,0.0018,0.00279
28.10.2025 11:58:16.670 UTC,1.39992,1.3998,0.0012,0.00189
28.10.2025 11:58:27.339 UTC,1.39992,1.39979,0.0018,0.00279
28.10.2025 11:58:28.800 UTC,1.39991,1.39981,0.0018,0.0012
28.10.2025 11:58:29.002 UTC,1.39992,1.39979,0.0018,0.00279
28.10.2025 11:58:29.706 UTC,1.3999,1.39981,0.0012,0.0012
28.10.2025 11:58:33.072 UTC,1.39992,1.3998,0.0012,0.0012
28.10.2025 11:58:35.784 UTC,1.39992,1.39979,0.0018,0.00324
28.10.2025 11:58:36.292 UTC,1.39992,1.3998,0.0012,0.0012
28.10.2025 11:58:36.497 UTC,1.39992,1.39979,0.0018,0.00369
28.10.2025 11:58:37.366 UTC,1.39992,1.3998,0.0018,0.0012
28.10.2025 11:58:45.162 UTC,1.39992,1.39979,0.0018,0.00189
28.10.2025 11:58:48.346 UTC,1.39992,1.3998,0.0012,0.0012
28.10.2025 11:58:52.322 UTC,1.39992,1.39981,0.0012,0.0012
28.10.2025 11:58:52.476 UTC,1.39992,1.3998,0.0012,0.00144
28.10.2025 11:58:52.680 UTC,1.39992,1.39981,0.0012,0.0012
28.10.2025 11:58:54.194 UTC,1.39992,1.3998,0.0012,0.00132
28.10.2025 11:59:00.863 UTC,1.39993,1.39981,0.00225,0.00234
28.10.2025 11:59:03.371 UTC,1.39994,1.3998,0.0024,0.0018
28.10.2025 11:59:05.891 UTC,1.39992,1.3998,0.0012,0.0018
28.10.2025 11:59:05.994 UTC,1.39992,1.39981,0.00225,0.0012
28.10.2025 11:59:06.146 UTC,1.39991,1.39981,0.00135,0.0012
28.10.2025 11:59:10.081 UTC,1.39992,1.39982,0.0012,0.0012
28.10.2025 11:59:11.889 UTC,1.39989,1.39983,0.0012,0.0012
28.10.2025 11:59:11.940 UTC,1.39992,1.39982,0.0012,0.0012
28.10.2025 11:59:16.108 UTC,1.39992,1.3998,0.0018,0.0012
28.10.2025 11:59:17.099 UTC,1.39991,1.3998,0.0024,0.0012
28.10.2025 11:59:17.202 UTC,1.39992,1.39979,0.00225,0.0012
28.10.2025 11:59:20.825 UTC,1.39992,1.3998,0.00225,0.0012
28.10.2025 11:59:21.227 UTC,1.39992,1.39979,0.00225,0.0012
28.10.2025 11:59:21.982 UTC,1.3999,1.39979,0.0012,0.0012
28.10.2025 11:59:22.034 UTC,1.39992,1.39979,0.00225,0.0012
28.10.2025 11:59:25.304 UTC,1.39992,1.39979,0.0024,0.0012
28.10.2025 11:59:25.808 UTC,1.39992,1.39979,0.00225,0.0012
28.10.2025 11:59:25.961 UTC,1.39992,1.39979,0.0024,0.0012
28.10.2025 11:59:26.720 UTC,1.39992,1.39979,0.00225,0.0012
28.10.2025 11:59:30.491 UTC,1.39992,1.39979,0.0024,0.0012
28.10.2025 11:59:32.049 UTC,1.39991,1.3998,0.00225,0.0012
28.10.2025 11:59:35.266 UTC,1.39991,1.39978,0.00135,0.0012
28.10.2025 11:59:35.370 UTC,1.3999,1.39977,0.0012,0.0018
28.10.2025 11:59:35.422 UTC,1.39991,1.3998,0.00192,0.0012
28.10.2025 11:59:35.576 UTC,1.39992,1.39979,0.00204,0.0012
28.10.2025 11:59:36.431 UTC,1.39992,1.39979,0.0024,0.0012
28.10.2025 11:59:37.388 UTC,1.39992,1.39979,0.00195,0.0012
28.10.2025 11:59:37.490 UTC,1.39992,1.39979,0.0018,0.0012
28.10.2025 11:59:40.278 UTC,1.39991,1.3998,0.0012,0.0018
28.10.2025 11:59:40.480 UTC,1.39993,1.3998,0.00315,0.0012
28.10.2025 11:59:41.233 UTC,1.39993,1.3998,0.0033,0.0012
28.10.2025 11:59:41.335 UTC,1.39993,1.3998,0.00315,0.0012
28.10.2025 11:59:42.039 UTC,1.39993,1.3998,0.0033,0.0012
28.10.2025 11:59:46.009 UTC,1.39993,1.3998,0.00324,0.0012
28.10.2025 11:59:48.223 UTC,1.39992,1.3998,0.0012,0.0012
28.10.2025 11:59:48.678 UTC,1.39992,1.39979,0.0018,0.00135
28.10.2025 11:59:48.830 UTC,1.39992,1.39978,0.00249,0.0036
28.10.2025 11:59:48.932 UTC,1.39992,1.39978,0.00234,0.00405
28.10.2025 11:59:50.305 UTC,1.39991,1.39981,0.00225,0.0012
28.10.2025 11:59:50.356 UTC,1.39992,1.39978,0.00225,0.00315
28.10.2025 11:59:54.173 UTC,1.3999,1.39977,0.0012,0.00225
28.10.2025 11:59:58.288 UTC,1.39989,1.39976,0.00135,0.0027
28.10.2025 11:59:58.842 UTC,1.39988,1.39979,0.0012,0.0012
28.10.2025 11:59:58.893 UTC,1.39989,1.39976,0.0012,0.00315