UTC,Ask,Bid,Ask Volume,Bid Volume
21.10.2025 11:00:00.174 UTC,1.40527,1.40512,0.0018,0.0033
21.10.2025 11:00:00.429 UTC,1.40527,1.40514,0.00135,0.00135
21.10.2025 11:00:04.924 UTC,1.40528,1.40514,0.00135,0.00189
21.10.2025 11:00:04.976 UTC,1.40528,1.40514,0.00135,0.00204
21.10.2025 11:00:08.150 UTC,1.40527,1.40515,0.0012,0.00132
21.10.2025 11:00:08.303 UTC,1.40529,1.40516,0.0018,0.00132
21.10.2025 11:00:08.407 UTC,1.4053,1.40516,0.00135,0.00297
21.10.2025 11:00:08.863 UTC,1.40531,1.40517,0.00225,0.00192
21.10.2025 11:00:09.165 UTC,1.4053,1.40518,0.0024,0.00192
21.10.2025 11:00:09.417 UTC,1.4053,1.40518,0.00225,0.00207
21.10.2025 11:00:11.431 UTC,1.40531,1.40517,0.0024,0.00192
21.10.2025 11:00:11.583 UTC,1.40531,1.40517,0.00225,0.00207
21.10.2025 11:00:14.758 UTC,1.40529,1.40516,0.0012,0.00207
21.10.2025 11:00:14.861 UTC,1.40529,1.40516,0.00135,0.00192
21.10.2025 11:00:17.251 UTC,1.40529,1.40516,0.00135,0.00252
21.10.2025 11:00:31.792 UTC,1.40528,1.40515,0.0012,0.00207
21.10.2025 11:00:32.097 UTC,1.40528,1.40516,0.00135,0.00207
21.10.2025 11:00:32.500 UTC,1.4053,1.40516,0.00405,0.00132
21.10.2025 11:00:32.602 UTC,1.40529,1.40516,0.0042,0.00207
21.10.2025 11:00:41.466 UTC,1.40529,1.40517,0.00225,0.00132
21.10.2025 11:00:41.568 UTC,1.40529,1.40516,0.0024,0.00297
21.10.2025 11:00:52.995 UTC,1.4053,1.40516,0.00315,0.00132
21.10.2025 11:00:54.652 UTC,1.4053,1.40515,0.0033,0.00297
21.10.2025 11:00:58.672 UTC,1.40525,1.40515,0.00225,0.00192
21.10.2025 11:00:58.776 UTC,1.40524,1.40513,0.0012,0.00132
21.10.2025 11:00:58.828 UTC,1.40525,1.40511,0.0012,0.00192
21.10.2025 11:00:59.133 UTC,1.40525,1.40511,0.0012,0.00252
21.10.2025 11:01:00.347 UTC,1.40526,1.40514,0.0012,0.00132
21.10.2025 11:01:00.399 UTC,1.40529,1.40516,0.0024,0.00132
21.10.2025 11:01:00.502 UTC,1.40529,1.40516,0.0018,0.00147
21.10.2025 11:01:00.757 UTC,1.40529,1.40515,0.0018,0.00252
21.10.2025 11:01:02.506 UTC,1.40529,1.40516,0.0012,0.00192
21.10.2025 11:01:03.166 UTC,1.40529,1.40516,0.0012,0.0018
21.10.2025 11:01:03.268 UTC,1.40528,1.40517,0.0012,0.00195
21.10.2025 11:01:04.479 UTC,1.40531,1.40518,0.0027,0.00132
21.10.2025 11:01:05.945 UTC,1.40531,1.40518,0.0018,0.00144
21.10.2025 11:01:06.149 UTC,1.40531,1.40516,0.00195,0.00339
21.10.2025 11:01:06.252 UTC,1.40531,1.40516,0.00285,0.00294
21.10.2025 11:01:07.008 UTC,1.4053,1.40518,0.0027,0.0012
21.10.2025 11:01:07.061 UTC,1.40532,1.40518,0.00195,0.00282
21.10.2025 11:01:07.215 UTC,1.40533,1.40521,0.0018,0.0018
21.10.2025 11:01:07.519 UTC,1.40536,1.40521,0.0027,0.0018
21.10.2025 11:01:07.875 UTC,1.40534,1.40523,0.0012,0.00144
21.10.2025 11:01:07.979 UTC,1.40536,1.40523,0.00189,0.00192
21.10.2025 11:01:08.084 UTC,1.40537,1.40522,0.00189,0.00192
21.10.2025 11:01:17.365 UTC,1.40536,1.40522,0.0012,0.0018
21.10.2025 11:01:17.567 UTC,1.40537,1.40522,0.00324,0.0018
21.10.2025 11:01:17.668 UTC,1.40536,1.40522,0.0012,0.0018
21.10.2025 11:01:18.221 UTC,1.40536,1.40523,0.00324,0.0024
21.10.2025 11:01:19.325 UTC,1.40537,1.40523,0.00249,0.0018
21.10.2025 11:01:20.834 UTC,1.40539,1.40523,0.00507,0.0018
21.10.2025 11:01:20.937 UTC,1.40539,1.40523,0.00522,0.0024
21.10.2025 11:01:21.039 UTC,1.40539,1.40524,0.00522,0.0012
21.10.2025 11:01:21.192 UTC,1.40539,1.40523,0.00465,0.00249
21.10.2025 11:01:21.997 UTC,1.40539,1.40524,0.0051,0.0012
21.10.2025 11:01:22.249 UTC,1.40539,1.40523,0.0051,0.0018
21.10.2025 11:01:22.859 UTC,1.40538,1.40524,0.00135,0.0012
21.10.2025 11:01:23.011 UTC,1.40538,1.40523,0.0018,0.0018
21.10.2025 11:01:23.515 UTC,1.40537,1.40525,0.00135,0.0012
21.10.2025 11:01:23.668 UTC,1.40537,1.40524,0.0018,0.0018
21.10.2025 11:01:23.879 UTC,1.40537,1.40525,0.00135,0.00195
21.10.2025 11:01:24.080 UTC,1.40538,1.40524,0.0018,0.0018
21.10.2025 11:01:24.335 UTC,1.40537,1.40525,0.00135,0.00195
21.10.2025 11:01:24.439 UTC,1.40538,1.40526,0.0042,0.00135
21.10.2025 11:01:24.844 UTC,1.40539,1.40525,0.0042,0.00135
21.10.2025 11:01:24.947 UTC,1.40537,1.40525,0.00135,0.00135
21.10.2025 11:01:25.101 UTC,1.40536,1.40525,0.00135,0.00135
21.10.2025 11:01:25.204 UTC,1.40538,1.40524,0.0018,0.0018
21.10.2025 11:01:27.931 UTC,1.40537,1.40523,0.0024,0.0024
21.10.2025 11:01:28.135 UTC,1.40536,1.40524,0.00225,0.00285
21.10.2025 11:01:28.638 UTC,1.40537,1.40523,0.0024,0.0024
21.10.2025 11:01:29.242 UTC,1.40539,1.40524,0.0051,0.0012
21.10.2025 11:01:29.446 UTC,1.40539,1.40523,0.00465,0.00294
21.10.2025 11:01:29.548 UTC,1.40539,1.40524,0.0051,0.0012
21.10.2025 11:01:29.650 UTC,1.40538,1.40523,0.0018,0.00204
21.10.2025 11:01:29.854 UTC,1.40537,1.40524,0.0012,0.00192
21.10.2025 11:01:30.057 UTC,1.40537,1.40524,0.0018,0.00192
21.10.2025 11:01:30.159 UTC,1.40538,1.40523,0.0012,0.00249
21.10.2025 11:01:30.312 UTC,1.40539,1.40523,0.0051,0.00294
21.10.2025 11:01:33.589 UTC,1.40538,1.40524,0.00135,0.0018
21.10.2025 11:01:33.693 UTC,1.40538,1.40524,0.0018,0.0018
21.10.2025 11:01:33.845 UTC,1.40537,1.40525,0.00135,0.00195
21.10.2025 11:01:36.313 UTC,1.40538,1.40527,0.00135,0.0018
21.10.2025 11:01:36.364 UTC,1.40539,1.40527,0.00195,0.0018
21.10.2025 11:01:37.626 UTC,1.4054,1.40526,0.0012,0.0018
21.10.2025 11:01:37.778 UTC,1.4054,1.40526,0.00195,0.0018
21.10.2025 11:01:37.981 UTC,1.4054,1.40526,0.0018,0.00195
21.10.2025 11:01:38.586 UTC,1.40539,1.40527,0.00207,0.0018
21.10.2025 11:01:39.093 UTC,1.40537,1.40527,0.00144,0.00135
21.10.2025 11:01:39.196 UTC,1.40537,1.40525,0.0018,0.0018
21.10.2025 11:01:39.298 UTC,1.40538,1.40525,0.00249,0.0012
21.10.2025 11:01:39.703 UTC,1.40538,1.40525,0.00234,0.0012
21.10.2025 11:01:40.006 UTC,1.40536,1.40526,0.00225,0.0012
21.10.2025 11:01:40.109 UTC,1.40537,1.40524,0.00225,0.00135
21.10.2025 11:01:40.664 UTC,1.40537,1.40524,0.00252,0.00135
21.10.2025 11:01:40.768 UTC,1.40533,1.40521,0.00132,0.0018
21.10.2025 11:01:40.872 UTC,1.40533,1.40521,0.00282,0.0012
21.10.2025 11:01:41.126 UTC,1.40533,1.40518,0.00282,0.00522
21.10.2025 11:01:41.868 UTC,1.40532,1.40521,0.00132,0.00135
21.10.2025 11:01:42.477 UTC,1.4053,1.40519,0.00144,0.00249
21.10.2025 11:01:42.581 UTC,1.40531,1.40517,0.00132,0.00339
21.10.2025 11:01:43.089 UTC,1.4053,1.40517,0.00132,0.00225
21.10.2025 11:01:57.227 UTC,1.40529,1.40517,0.0012,0.00135
21.10.2025 11:02:03.697 UTC,1.4053,1.40517,0.00144,0.00135
21.10.2025 11:02:17.472 UTC,1.40531,1.40517,0.00252,0.00135
21.10.2025 11:02:20.540 UTC,1.40529,1.40518,0.00144,0.00135
21.10.2025 11:02:20.792 UTC,1.40529,1.40518,0.00192,0.00135
21.10.2025 11:02:21.649 UTC,1.40529,1.40516,0.00192,0.0018
21.10.2025 11:02:21.805 UTC,1.40527,1.40517,0.00144,0.00135
21.10.2025 11:02:21.910 UTC,1.4053,1.40518,0.00234,0.00195
21.10.2025 11:02:22.013 UTC,1.4053,1.40517,0.00144,0.0018
21.10.2025 11:02:24.380 UTC,1.4053,1.40517,0.00237,0.00135
21.10.2025 11:02:24.433 UTC,1.40528,1.40516,0.00192,0.0018
21.10.2025 11:02:24.488 UTC,1.40529,1.40515,0.00169,0.00135
21.10.2025 11:02:24.647 UTC,1.40529,1.40516,0.00154,0.00135
21.10.2025 11:02:24.903 UTC,1.40529,1.40515,0.00262,0.0018
21.10.2025 11:02:25.005 UTC,1.40528,1.40515,0.00144,0.00135
21.10.2025 11:02:25.159 UTC,1.40527,1.40516,0.00144,0.0018
21.10.2025 11:02:25.413 UTC,1.40525,1.40514,0.0012,0.0018
21.10.2025 11:02:25.516 UTC,1.40527,1.40513,0.00249,0.0024
21.10.2025 11:02:25.705 UTC,1.40527,1.40515,0.00249,0.00135
21.10.2025 11:02:25.808 UTC,1.40528,1.40514,0.00169,0.0018
21.10.2025 11:02:26.520 UTC,1.40527,1.40515,0.00144,0.00195
21.10.2025 11:02:26.823 UTC,1.40527,1.40515,0.00192,0.0018
21.10.2025 11:02:28.733 UTC,1.40529,1.40515,0.00192,0.00315
21.10.2025 11:02:28.835 UTC,1.40529,1.40516,0.00144,0.0012
21.10.2025 11:02:28.937 UTC,1.40528,1.40517,0.00135,0.0018
21.10.2025 11:02:31.448 UTC,1.40529,1.40516,0.0018,0.0018
21.10.2025 11:02:31.700 UTC,1.40529,1.40516,0.00135,0.0018
21.10.2025 11:02:31.853 UTC,1.40529,1.40516,0.00339,0.0018
21.10.2025 11:02:31.955 UTC,1.40528,1.40517,0.00339,0.00135
21.10.2025 11:02:32.660 UTC,1.40529,1.40516,0.00324,0.00135
21.10.2025 11:02:32.762 UTC,1.40528,1.40517,0.00339,0.00135
21.10.2025 11:02:32.915 UTC,1.40526,1.40515,0.00147,0.0018
21.10.2025 11:02:34.326 UTC,1.40527,1.40514,0.0012,0.00285
21.10.2025 11:02:34.428 UTC,1.40528,1.40514,0.00234,0.00285
21.10.2025 11:02:34.530 UTC,1.40527,1.40515,0.00249,0.0024
21.10.2025 11:02:34.883 UTC,1.40528,1.40514,0.00234,0.00285
21.10.2025 11:02:34.985 UTC,1.40527,1.40514,0.00135,0.0024
21.10.2025 11:02:35.163 UTC,1.40528,1.40514,0.00234,0.00285
21.10.2025 11:02:38.887 UTC,1.40529,1.40515,0.00234,0.0018
21.10.2025 11:02:39.040 UTC,1.40529,1.40515,0.00249,0.00135
21.10.2025 11:02:39.849 UTC,1.40529,1.40515,0.00144,0.0018
21.10.2025 11:02:40.000 UTC,1.40529,1.40515,0.00192,0.00135
21.10.2025 11:02:41.359 UTC,1.40529,1.40515,0.00144,0.0018
21.10.2025 11:02:41.561 UTC,1.40529,1.40515,0.00192,0.00135
21.10.2025 11:02:43.671 UTC,1.40529,1.40515,0.00144,0.0018
21.10.2025 11:02:45.307 UTC,1.40531,1.40516,0.00294,0.00225
21.10.2025 11:02:45.410 UTC,1.4053,1.40518,0.0018,0.00225
21.10.2025 11:02:45.512 UTC,1.40531,1.40518,0.00339,0.00285
21.10.2025 11:02:46.521 UTC,1.40533,1.40518,0.00192,0.00135
21.10.2025 11:02:48.042 UTC,1.40533,1.40518,0.00297,0.00135
21.10.2025 11:02:48.801 UTC,1.40531,1.40519,0.00234,0.0018
21.10.2025 11:02:49.005 UTC,1.40532,1.40519,0.00297,0.00135
21.10.2025 11:02:49.108 UTC,1.40532,1.40518,0.00144,0.0018
21.10.2025 11:02:49.211 UTC,1.40531,1.40519,0.00192,0.00135
21.10.2025 11:02:49.415 UTC,1.40531,1.40517,0.00249,0.0018
21.10.2025 11:02:49.518 UTC,1.4053,1.40517,0.00192,0.0018
21.10.2025 11:02:49.620 UTC,1.4053,1.40517,0.00144,0.00135
21.10.2025 11:02:50.730 UTC,1.40529,1.40518,0.00192,0.00135
21.10.2025 11:02:52.136 UTC,1.4053,1.40517,0.00144,0.00135
21.10.2025 11:02:56.074 UTC,1.40531,1.40518,0.00135,0.00135
21.10.2025 11:02:56.227 UTC,1.40531,1.40518,0.0018,0.0018
21.10.2025 11:02:58.048 UTC,1.40531,1.40519,0.00234,0.00195
21.10.2025 11:02:58.151 UTC,1.40531,1.40518,0.0012,0.00195
21.10.2025 11:03:00.326 UTC,1.40532,1.40518,0.00234,0.00195
21.10.2025 11:03:00.429 UTC,1.40531,1.40518,0.0012,0.00195
21.10.2025 11:03:12.823 UTC,1.40532,1.40518,0.00234,0.00285
21.10.2025 11:03:12.926 UTC,1.40531,1.40518,0.00135,0.0024
21.10.2025 11:03:14.393 UTC,1.4053,1.40517,0.00225,0.0018
21.10.2025 11:03:14.445 UTC,1.40529,1.40517,0.0012,0.00135
21.10.2025 11:03:16.802 UTC,1.40528,1.40515,0.00135,0.0018
21.10.2025 11:03:16.910 UTC,1.40528,1.40515,0.00135,0.0024
21.10.2025 11:03:17.417 UTC,1.40529,1.40516,0.00249,0.00285
21.10.2025 11:03:17.672 UTC,1.40528,1.40515,0.0012,0.00285
21.10.2025 11:03:17.824 UTC,1.40529,1.40515,0.00135,0.00285
21.10.2025 11:03:19.737 UTC,1.40528,1.40515,0.0012,0.00285
21.10.2025 11:03:19.839 UTC,1.40529,1.40515,0.00135,0.00285
21.10.2025 11:03:19.941 UTC,1.40527,1.40516,0.0012,0.00285
21.10.2025 11:03:20.093 UTC,1.40529,1.40515,0.00135,0.00285
21.10.2025 11:03:20.296 UTC,1.40528,1.40515,0.0012,0.00195
21.10.2025 11:03:20.702 UTC,1.40528,1.40516,0.00135,0.00195
21.10.2025 11:03:20.804 UTC,1.40527,1.40516,0.0012,0.00195
21.10.2025 11:03:21.161 UTC,1.40523,1.40511,0.0027,0.0018
21.10.2025 11:03:21.265 UTC,1.40522,1.40509,0.0012,0.0018
21.10.2025 11:03:21.367 UTC,1.40523,1.40509,0.00189,0.0018
21.10.2025 11:03:21.976 UTC,1.40522,1.4051,0.00249,0.0018
21.10.2025 11:03:22.231 UTC,1.40523,1.40509,0.00234,0.00195
21.10.2025 11:03:23.339 UTC,1.40523,1.40509,0.00249,0.0018
21.10.2025 11:03:23.492 UTC,1.40523,1.40509,0.00234,0.00195
21.10.2025 11:03:23.995 UTC,1.40523,1.40509,0.00249,0.0018
21.10.2025 11:03:24.647 UTC,1.40523,1.40509,0.00234,0.00195
21.10.2025 11:03:25.356 UTC,1.40523,1.40511,0.00225,0.0027
21.10.2025 11:03:25.459 UTC,1.40524,1.40512,0.00249,0.0012
21.10.2025 11:03:25.561 UTC,1.40525,1.40511,0.00234,0.00195
21.10.2025 11:03:25.714 UTC,1.40524,1.40511,0.0012,0.00195
21.10.2025 11:03:25.816 UTC,1.40525,1.40511,0.00144,0.00195
21.10.2025 11:03:25.919 UTC,1.40524,1.40511,0.0012,0.00195
21.10.2025 11:03:27.417 UTC,1.40523,1.40511,0.00135,0.0018
21.10.2025 11:03:27.523 UTC,1.40525,1.40512,0.0012,0.00195
21.10.2025 11:03:27.781 UTC,1.40525,1.40514,0.00135,0.00225
21.10.2025 11:03:30.301 UTC,1.40529,1.40515,0.00567,0.0018
21.10.2025 11:03:31.761 UTC,1.40528,1.40515,0.00144,0.0024
21.10.2025 11:03:33.025 UTC,1.40528,1.40515,0.00249,0.0018
21.10.2025 11:03:33.329 UTC,1.40528,1.40515,0.00234,0.0018
21.10.2025 11:03:34.537 UTC,1.40527,1.40515,0.00144,0.00135
21.10.2025 11:03:34.642 UTC,1.40523,1.40511,0.00132,0.0027
21.10.2025 11:03:34.745 UTC,1.40524,1.40512,0.0012,0.0012
21.10.2025 11:03:35.303 UTC,1.40525,1.40512,0.00189,0.00135
21.10.2025 11:03:37.958 UTC,1.40525,1.40513,0.0012,0.0012
21.10.2025 11:03:38.163 UTC,1.40524,1.40513,0.0012,0.00135
21.10.2025 11:03:39.929 UTC,1.40525,1.40513,0.00234,0.00135
21.10.2025 11:03:40.030 UTC,1.40524,1.40513,0.0012,0.00135
21.10.2025 11:03:40.936 UTC,1.40523,1.40508,0.00234,0.0033
21.10.2025 11:03:41.040 UTC,1.40522,1.40511,0.00225,0.0012
21.10.2025 11:03:42.960 UTC,1.40522,1.40508,0.00135,0.0024
21.10.2025 11:03:43.063 UTC,1.40522,1.40508,0.00192,0.0024
21.10.2025 11:03:43.266 UTC,1.40522,1.40508,0.00234,0.00285
21.10.2025 11:03:45.090 UTC,1.40523,1.40508,0.00342,0.0024
21.10.2025 11:03:45.192 UTC,1.40523,1.40508,0.00387,0.00285
21.10.2025 11:03:45.995 UTC,1.40523,1.40508,0.00342,0.0024
21.10.2025 11:03:47.291 UTC,1.40522,1.40509,0.00342,0.0024
21.10.2025 11:03:50.777 UTC,1.40522,1.40508,0.00144,0.00285
21.10.2025 11:03:50.879 UTC,1.40522,1.40508,0.00192,0.0024
21.10.2025 11:03:50.982 UTC,1.40522,1.40508,0.00144,0.00285
21.10.2025 11:03:56.587 UTC,1.40522,1.40508,0.00294,0.0018
21.10.2025 11:03:57.492 UTC,1.40522,1.40507,0.00297,0.00285
21.10.2025 11:03:57.545 UTC,1.40518,1.40507,0.00135,0.0033
21.10.2025 11:03:57.698 UTC,1.4052,1.40506,0.00144,0.0033
21.10.2025 11:03:57.904 UTC,1.40521,1.40508,0.00249,0.00375
21.10.2025 11:03:58.125 UTC,1.40522,1.40509,0.0018,0.0012
21.10.2025 11:03:58.178 UTC,1.40525,1.40511,0.00189,0.0018
21.10.2025 11:04:00.398 UTC,1.40524,1.40511,0.0012,0.0018
21.10.2025 11:04:00.549 UTC,1.40525,1.40511,0.00144,0.0018
21.10.2025 11:04:01.256 UTC,1.40524,1.40511,0.0012,0.0018
21.10.2025 11:04:05.225 UTC,1.40525,1.40511,0.00144,0.00195
21.10.2025 11:04:05.427 UTC,1.40524,1.40512,0.00192,0.0018
21.10.2025 11:04:05.630 UTC,1.40525,1.40511,0.00144,0.00195
21.10.2025 11:04:06.337 UTC,1.40525,1.40512,0.00249,0.0024
21.10.2025 11:04:06.591 UTC,1.40526,1.40512,0.00234,0.0012
21.10.2025 11:04:07.112 UTC,1.40525,1.40512,0.00249,0.0018
21.10.2025 11:04:07.926 UTC,1.40526,1.40511,0.00342,0.0018
21.10.2025 11:04:08.134 UTC,1.40524,1.40512,0.00144,0.00195
21.10.2025 11:04:08.788 UTC,1.40525,1.40512,0.00387,0.0018
21.10.2025 11:04:10.098 UTC,1.40526,1.40511,0.00384,0.00195
21.10.2025 11:04:10.601 UTC,1.40526,1.40512,0.00279,0.0012
21.10.2025 11:04:10.702 UTC,1.40526,1.40511,0.00294,0.00195
21.10.2025 11:04:11.106 UTC,1.40526,1.40513,0.0012,0.0018
21.10.2025 11:04:11.209 UTC,1.40527,1.40513,0.00144,0.0036
21.10.2025 11:04:11.311 UTC,1.40527,1.40513,0.00144,0.00375
21.10.2025 11:04:13.680 UTC,1.40526,1.40513,0.0012,0.00285
21.10.2025 11:04:13.783 UTC,1.40525,1.40514,0.0018,0.0024
21.10.2025 11:04:14.788 UTC,1.40526,1.40513,0.00135,0.0024
21.10.2025 11:04:15.395 UTC,1.40525,1.40514,0.00189,0.0018
21.10.2025 11:04:20.670 UTC,1.40527,1.40514,0.0012,0.0012
21.10.2025 11:04:22.285 UTC,1.40527,1.40514,0.0012,0.00195
21.10.2025 11:04:23.594 UTC,1.40526,1.40515,0.0012,0.0018
21.10.2025 11:04:23.747 UTC,1.40527,1.40514,0.0012,0.00195
21.10.2025 11:04:23.849 UTC,1.40527,1.40514,0.0012,0.0018
21.10.2025 11:04:29.269 UTC,1.40527,1.40514,0.0012,0.00195
21.10.2025 11:04:30.977 UTC,1.40528,1.40515,0.00279,0.0012
21.10.2025 11:04:35.884 UTC,1.40526,1.40514,0.00132,0.00195
21.10.2025 11:04:36.087 UTC,1.40527,1.40515,0.00324,0.0012
21.10.2025 11:04:36.542 UTC,1.40528,1.40513,0.00339,0.00285
21.10.2025 11:04:36.893 UTC,1.40527,1.40515,0.00324,0.0012
21.10.2025 11:04:37.446 UTC,1.40528,1.40513,0.00339,0.00285
21.10.2025 11:04:40.362 UTC,1.40527,1.40515,0.00234,0.0012
21.10.2025 11:04:41.219 UTC,1.40528,1.40514,0.00249,0.00135
21.10.2025 11:04:41.574 UTC,1.40526,1.40513,0.00135,0.00225
21.10.2025 11:04:45.581 UTC,1.40522,1.40513,0.00294,0.0012
21.10.2025 11:04:45.685 UTC,1.40519,1.40509,0.00189,0.0012
21.10.2025 11:04:45.737 UTC,1.4052,1.40506,0.00189,0.00195
21.10.2025 11:04:45.992 UTC,1.40521,1.40507,0.0012,0.0033
21.10.2025 11:04:46.095 UTC,1.40522,1.40507,0.00279,0.0042
21.10.2025 11:04:46.807 UTC,1.40522,1.40507,0.00192,0.0042
21.10.2025 11:04:47.111 UTC,1.40522,1.40508,0.00144,0.0012
21.10.2025 11:04:48.532 UTC,1.40515,1.40508,0.00315,0.00135
21.10.2025 11:04:48.636 UTC,1.40515,1.40501,0.00189,0.0012
21.10.2025 11:04:48.740 UTC,1.40515,1.40501,0.00189,0.00375
21.10.2025 11:04:48.844 UTC,1.40518,1.40505,0.0024,0.0012
21.10.2025 11:04:48.948 UTC,1.40517,1.40505,0.0012,0.0024
21.10.2025 11:04:49.050 UTC,1.40517,1.40507,0.00195,0.0018
21.10.2025 11:04:49.203 UTC,1.40519,1.40506,0.0018,0.0018
21.10.2025 11:04:56.157 UTC,1.40516,1.40504,0.00189,0.00465
21.10.2025 11:04:56.260 UTC,1.40516,1.40503,0.00132,0.0018
21.10.2025 11:04:56.312 UTC,1.40516,1.40504,0.00237,0.0018
21.10.2025 11:04:56.716 UTC,1.40517,1.40503,0.00207,0.0018
21.10.2025 11:04:56.969 UTC,1.40517,1.40503,0.0024,0.0018
21.10.2025 11:04:57.272 UTC,1.40517,1.40503,0.00225,0.00195
21.10.2025 11:04:58.285 UTC,1.40516,1.40504,0.00135,0.00285
21.10.2025 11:05:01.105 UTC,1.40514,1.40502,0.0018,0.0018
21.10.2025 11:05:01.258 UTC,1.40514,1.40501,0.00225,0.0018
21.10.2025 11:05:02.724 UTC,1.40515,1.40502,0.00297,0.0024
21.10.2025 11:05:03.235 UTC,1.40514,1.40502,0.00192,0.0033
21.10.2025 11:05:04.799 UTC,1.40515,1.40502,0.00432,0.00465
21.10.2025 11:05:05.052 UTC,1.40514,1.40502,0.00192,0.0033
21.10.2025 11:05:05.154 UTC,1.40514,1.40502,0.00144,0.00375
21.10.2025 11:05:09.634 UTC,1.40514,1.40502,0.00249,0.0033
21.10.2025 11:05:10.188 UTC,1.40515,1.40501,0.00135,0.00285
21.10.2025 11:05:10.343 UTC,1.40516,1.40502,0.00135,0.0012
21.10.2025 11:05:10.496 UTC,1.40515,1.40504,0.0012,0.0012
21.10.2025 11:05:11.105 UTC,1.40515,1.40503,0.00135,0.00195
21.10.2025 11:05:12.066 UTC,1.40516,1.40503,0.0012,0.00195
21.10.2025 11:05:12.169 UTC,1.40516,1.40502,0.0018,0.0018
21.10.2025 11:05:12.323 UTC,1.40514,1.40503,0.00225,0.0018
21.10.2025 11:05:14.391 UTC,1.40515,1.40502,0.00135,0.0018
21.10.2025 11:05:16.005 UTC,1.40514,1.405,0.00315,0.00375
21.10.2025 11:05:21.915 UTC,1.40512,1.40501,0.00135,0.0018
21.10.2025 11:05:22.018 UTC,1.40511,1.40499,0.00234,0.0024
21.10.2025 11:05:22.070 UTC,1.40511,1.40499,0.00234,0.0018
21.10.2025 11:05:22.980 UTC,1.40511,1.40498,0.0012,0.00285
21.10.2025 11:05:23.133 UTC,1.40511,1.40498,0.00135,0.0018
21.10.2025 11:05:25.099 UTC,1.40511,1.40497,0.00339,0.0024
21.10.2025 11:05:25.201 UTC,1.40509,1.40497,0.0012,0.0024
21.10.2025 11:05:27.472 UTC,1.40509,1.40496,0.00225,0.00181
21.10.2025 11:05:27.577 UTC,1.40508,1.40496,0.00144,0.00181
21.10.2025 11:05:27.680 UTC,1.40508,1.40496,0.00135,0.00181
21.10.2025 11:05:28.546 UTC,1.40508,1.40496,0.00135,0.00172
21.10.2025 11:05:48.027 UTC,1.40505,1.40494,0.00195,0.0018
21.10.2025 11:05:48.080 UTC,1.40505,1.40493,0.00234,0.0012
21.10.2025 11:05:48.133 UTC,1.40499,1.40489,0.0012,0.0021
21.10.2025 11:05:48.184 UTC,1.405,1.40488,0.0012,0.0018
21.10.2025 11:05:48.287 UTC,1.405,1.40487,0.0012,0.0033
21.10.2025 11:05:51.781 UTC,1.40501,1.4049,0.0012,0.00135
21.10.2025 11:05:51.883 UTC,1.40502,1.4049,0.0012,0.00135
21.10.2025 11:05:51.986 UTC,1.40502,1.4049,0.0012,0.0018
21.10.2025 11:06:00.104 UTC,1.40503,1.4049,0.00135,0.0024
21.10.2025 11:06:02.978 UTC,1.40502,1.40489,0.0012,0.0018
21.10.2025 11:06:03.116 UTC,1.405,1.40486,0.00132,0.00397
21.10.2025 11:06:03.220 UTC,1.40499,1.40487,0.0012,0.0018
21.10.2025 11:06:06.552 UTC,1.40497,1.40484,0.00192,0.0018
21.10.2025 11:06:06.604 UTC,1.40495,1.40483,0.0012,0.0012
21.10.2025 11:06:06.656 UTC,1.40493,1.40481,0.0012,0.0012
21.10.2025 11:06:06.759 UTC,1.40492,1.40481,0.0012,0.0018
21.10.2025 11:06:07.269 UTC,1.40494,1.40481,0.0012,0.0024
21.10.2025 11:06:07.475 UTC,1.40495,1.40484,0.0012,0.0018
21.10.2025 11:06:07.578 UTC,1.40496,1.40484,0.0012,0.0018
21.10.2025 11:06:11.304 UTC,1.40495,1.40482,0.00135,0.0024
21.10.2025 11:06:11.407 UTC,1.40493,1.4048,0.0012,0.0018
21.10.2025 11:06:13.276 UTC,1.40494,1.40481,0.0012,0.0018
21.10.2025 11:06:13.429 UTC,1.40495,1.40485,0.0012,0.0012
21.10.2025 11:06:13.533 UTC,1.40498,1.40487,0.0012,0.0018
21.10.2025 11:06:13.637 UTC,1.40499,1.40487,0.0012,0.0024
21.10.2025 11:06:13.841 UTC,1.40499,1.40487,0.0012,0.0018
21.10.2025 11:06:14.248 UTC,1.40498,1.40486,0.0012,0.0018
21.10.2025 11:06:14.351 UTC,1.40498,1.40485,0.0012,0.0024
21.10.2025 11:06:15.059 UTC,1.40497,1.40485,0.0012,0.0018
21.10.2025 11:06:15.397 UTC,1.4049,1.40483,0.0012,0.0012
21.10.2025 11:06:15.451 UTC,1.40489,1.40476,0.0012,0.0018
21.10.2025 11:06:15.555 UTC,1.40488,1.40476,0.0012,0.0018
21.10.2025 11:06:15.711 UTC,1.40487,1.40476,0.0012,0.0018
21.10.2025 11:06:16.779 UTC,1.40486,1.40473,0.00237,0.0018
21.10.2025 11:06:16.934 UTC,1.40485,1.40475,0.0012,0.0018
21.10.2025 11:06:17.139 UTC,1.40486,1.40475,0.0012,0.0018
21.10.2025 11:06:17.951 UTC,1.40486,1.40474,0.0012,0.00135
21.10.2025 11:06:18.053 UTC,1.40485,1.40475,0.0012,0.0018
21.10.2025 11:06:19.519 UTC,1.40487,1.40475,0.0012,0.00144
21.10.2025 11:06:19.571 UTC,1.40487,1.40475,0.0012,0.0018
21.10.2025 11:06:20.688 UTC,1.40485,1.40473,0.00234,0.00285
21.10.2025 11:06:20.791 UTC,1.40483,1.40472,0.0012,0.00204
21.10.2025 11:06:22.205 UTC,1.40483,1.40473,0.0012,0.0018
21.10.2025 11:06:26.271 UTC,1.40487,1.40475,0.0012,0.0012
21.10.2025 11:06:26.375 UTC,1.40487,1.40475,0.0012,0.00207
21.10.2025 11:06:29.000 UTC,1.40488,1.40475,0.00135,0.00192
21.10.2025 11:06:39.105 UTC,1.40489,1.40476,0.0012,0.00195
21.10.2025 11:06:39.158 UTC,1.4049,1.40479,0.00135,0.0024
21.10.2025 11:06:43.390 UTC,1.40489,1.40477,0.0012,0.00195
21.10.2025 11:06:43.899 UTC,1.40488,1.40475,0.0012,0.00195
21.10.2025 11:06:44.002 UTC,1.40488,1.40476,0.0012,0.0018
21.10.2025 11:06:46.833 UTC,1.40487,1.40475,0.0012,0.0018
21.10.2025 11:06:55.713 UTC,1.40488,1.40476,0.0012,0.0018
21.10.2025 11:07:00.048 UTC,1.40489,1.40475,0.00135,0.00285
21.10.2025 11:07:01.055 UTC,1.40489,1.40477,0.0012,0.0018
21.10.2025 11:07:01.159 UTC,1.4049,1.40477,0.00135,0.0018
21.10.2025 11:07:01.416 UTC,1.40489,1.40478,0.0018,0.0018
21.10.2025 11:07:01.520 UTC,1.40488,1.40475,0.00135,0.0024
21.10.2025 11:07:01.623 UTC,1.40488,1.40475,0.00135,0.0018
21.10.2025 11:07:08.507 UTC,1.40489,1.40477,0.0012,0.00135
21.10.2025 11:07:08.662 UTC,1.40488,1.40477,0.00135,0.0018
21.10.2025 11:07:08.764 UTC,1.40489,1.40475,0.00135,0.00195
21.10.2025 11:07:10.379 UTC,1.40487,1.40475,0.0012,0.0024
21.10.2025 11:07:17.068 UTC,1.40486,1.40474,0.0012,0.0018
21.10.2025 11:07:17.171 UTC,1.40485,1.40475,0.0012,0.0018
21.10.2025 11:07:19.240 UTC,1.40486,1.40473,0.0012,0.00249
21.10.2025 11:07:20.099 UTC,1.40487,1.40475,0.0012,0.00135
21.10.2025 11:07:20.202 UTC,1.40488,1.40475,0.0012,0.00285
21.10.2025 11:07:21.417 UTC,1.40489,1.40476,0.0012,0.00204
21.10.2025 11:07:21.572 UTC,1.4049,1.40477,0.0012,0.00192
21.10.2025 11:07:27.443 UTC,1.40491,1.40482,0.0012,0.00132
21.10.2025 11:07:27.496 UTC,1.40494,1.40483,0.0012,0.0018
21.10.2025 11:07:27.600 UTC,1.40494,1.40483,0.0012,0.0024
21.10.2025 11:07:36.766 UTC,1.40497,1.40483,0.0018,0.00249
21.10.2025 11:07:42.097 UTC,1.40497,1.40484,0.0012,0.00249
21.10.2025 11:07:46.785 UTC,1.40497,1.40484,0.00225,0.0018
21.10.2025 11:07:48.901 UTC,1.40497,1.40482,0.0024,0.00339
21.10.2025 11:07:50.968 UTC,1.40496,1.40484,0.0027,0.0012
21.10.2025 11:07:51.470 UTC,1.40496,1.40483,0.00285,0.00294
21.10.2025 11:07:51.773 UTC,1.40497,1.40483,0.0027,0.0012
21.10.2025 11:07:52.527 UTC,1.40497,1.40482,0.00285,0.00294
21.10.2025 11:07:54.132 UTC,1.40497,1.40482,0.0024,0.00249
21.10.2025 11:07:54.785 UTC,1.40497,1.40482,0.00285,0.00249
21.10.2025 11:07:56.748 UTC,1.40496,1.40482,0.0012,0.00249
21.10.2025 11:07:56.799 UTC,1.40496,1.40483,0.00375,0.00249
21.10.2025 11:07:57.255 UTC,1.40496,1.40481,0.00285,0.00297
21.10.2025 11:07:57.309 UTC,1.40495,1.40483,0.00225,0.00204
21.10.2025 11:08:00.163 UTC,1.40496,1.40483,0.0018,0.00192
21.10.2025 11:08:04.533 UTC,1.40497,1.40483,0.00225,0.00294
21.10.2025 11:08:05.040 UTC,1.40497,1.40484,0.0012,0.00195
21.10.2025 11:08:06.053 UTC,1.40496,1.40484,0.0012,0.0018
21.10.2025 11:08:07.464 UTC,1.40496,1.40484,0.0012,0.0024
21.10.2025 11:08:09.745 UTC,1.4049,1.40481,0.0012,0.00135
21.10.2025 11:08:09.849 UTC,1.40493,1.40483,0.0012,0.0018
21.10.2025 11:08:09.900 UTC,1.40494,1.40482,0.0012,0.00135
21.10.2025 11:08:12.264 UTC,1.40492,1.40478,0.00225,0.0018
21.10.2025 11:08:12.368 UTC,1.40487,1.40477,0.0012,0.0012
21.10.2025 11:08:14.237 UTC,1.40487,1.40475,0.0012,0.0018
21.10.2025 11:08:22.584 UTC,1.40486,1.40476,0.0012,0.00135
21.10.2025 11:08:23.036 UTC,1.40487,1.40476,0.0012,0.0012
21.10.2025 11:08:23.143 UTC,1.4049,1.40478,0.0012,0.0012
21.10.2025 11:08:24.205 UTC,1.4049,1.40477,0.0024,0.00135
21.10.2025 11:08:25.167 UTC,1.40489,1.40478,0.00135,0.0012
21.10.2025 11:08:26.281 UTC,1.4049,1.40478,0.0012,0.00135
21.10.2025 11:08:27.092 UTC,1.40489,1.40476,0.0012,0.00192
21.10.2025 11:08:27.195 UTC,1.40488,1.40475,0.0012,0.0024
21.10.2025 11:08:27.502 UTC,1.40488,1.40477,0.00135,0.0012
21.10.2025 11:08:27.605 UTC,1.40488,1.40478,0.0012,0.0012
21.10.2025 11:08:32.553 UTC,1.40489,1.40478,0.0012,0.0012
21.10.2025 11:08:32.655 UTC,1.4049,1.40478,0.00135,0.0012
21.10.2025 11:08:34.017 UTC,1.4049,1.40477,0.00135,0.0012
21.10.2025 11:08:34.119 UTC,1.40489,1.40478,0.0024,0.0012
21.10.2025 11:08:34.576 UTC,1.40489,1.40478,0.00225,0.0012
21.10.2025 11:08:35.388 UTC,1.40489,1.40476,0.0012,0.00234
21.10.2025 11:08:35.745 UTC,1.40489,1.40475,0.00135,0.00324
21.10.2025 11:08:35.848 UTC,1.40488,1.40475,0.0012,0.00135
21.10.2025 11:08:52.669 UTC,1.40488,1.40476,0.00135,0.00279
21.10.2025 11:08:53.582 UTC,1.40487,1.40476,0.0012,0.00135
21.10.2025 11:09:12.726 UTC,1.40487,1.40475,0.0018,0.00225
21.10.2025 11:09:12.829 UTC,1.40486,1.40475,0.0018,0.00135
21.10.2025 11:09:28.517 UTC,1.40488,1.40476,0.0012,0.00132
21.10.2025 11:09:28.569 UTC,1.4049,1.40477,0.0027,0.0012
21.10.2025 11:09:28.672 UTC,1.4049,1.40477,0.0024,0.0012
21.10.2025 11:09:28.775 UTC,1.4049,1.40475,0.0033,0.00297
21.10.2025 11:09:28.878 UTC,1.40489,1.40476,0.0033,0.0027
21.10.2025 11:09:29.082 UTC,1.40489,1.40476,0.00135,0.0012
21.10.2025 11:09:33.338 UTC,1.40489,1.40478,0.00225,0.0012
21.10.2025 11:09:33.441 UTC,1.4049,1.40475,0.0033,0.00297
21.10.2025 11:09:33.595 UTC,1.4049,1.40477,0.00225,0.00135
21.10.2025 11:09:33.698 UTC,1.40489,1.40477,0.0033,0.00135
21.10.2025 11:09:33.800 UTC,1.4049,1.40476,0.00315,0.0018
21.10.2025 11:09:34.657 UTC,1.4049,1.40476,0.0033,0.00135
21.10.2025 11:09:35.112 UTC,1.4049,1.40476,0.00135,0.00372
21.10.2025 11:09:35.165 UTC,1.40496,1.40483,0.0012,0.0012
21.10.2025 11:09:35.217 UTC,1.40497,1.40483,0.00378,0.0018
21.10.2025 11:09:35.319 UTC,1.40497,1.40483,0.0018,0.0024
21.10.2025 11:09:40.860 UTC,1.40496,1.40484,0.0018,0.0027
21.10.2025 11:09:40.963 UTC,1.40495,1.40482,0.0012,0.0018
21.10.2025 11:09:46.375 UTC,1.40495,1.40483,0.00225,0.0036
21.10.2025 11:09:46.928 UTC,1.40495,1.40484,0.00225,0.0012
21.10.2025 11:09:48.185 UTC,1.40498,1.40484,0.0018,0.00132
21.10.2025 11:09:53.057 UTC,1.40498,1.40484,0.00225,0.00132
21.10.2025 11:09:55.017 UTC,1.40497,1.40484,0.0033,0.00372
21.10.2025 11:09:56.751 UTC,1.40495,1.40483,0.0024,0.00282
21.10.2025 11:09:59.221 UTC,1.40494,1.40481,0.00135,0.00147
21.10.2025 11:09:59.324 UTC,1.40496,1.40482,0.00135,0.00237
21.10.2025 11:10:00.388 UTC,1.40497,1.40483,0.0024,0.00192
21.10.2025 11:10:00.541 UTC,1.40497,1.40483,0.00135,0.00372
21.10.2025 11:10:02.964 UTC,1.40496,1.40484,0.0018,0.00327
21.10.2025 11:10:10.073 UTC,1.40496,1.40484,0.00135,0.00327
21.10.2025 11:10:31.459 UTC,1.40497,1.40483,0.0018,0.00192
21.10.2025 11:10:31.661 UTC,1.40497,1.40483,0.0012,0.00252
21.10.2025 11:10:32.816 UTC,1.40497,1.40483,0.0018,0.00192
21.10.2025 11:10:33.620 UTC,1.40497,1.40483,0.00135,0.00237
21.10.2025 11:10:34.174 UTC,1.40497,1.40483,0.0018,0.00192
21.10.2025 11:10:35.981 UTC,1.40497,1.40483,0.00135,0.00237
21.10.2025 11:10:36.885 UTC,1.40496,1.40485,0.00135,0.00132
21.10.2025 11:10:46.183 UTC,1.40496,1.40485,0.0018,0.00132
21.10.2025 11:10:46.636 UTC,1.40497,1.40484,0.00135,0.00132
21.10.2025 11:10:47.240 UTC,1.40497,1.40484,0.0018,0.00132
21.10.2025 11:10:49.149 UTC,1.40497,1.40484,0.00135,0.00132
21.10.2025 11:10:49.653 UTC,1.40496,1.40484,0.00135,0.00132
21.10.2025 11:10:49.755 UTC,1.40496,1.40483,0.00135,0.00132
21.10.2025 11:10:51.617 UTC,1.40496,1.40483,0.00195,0.00132
21.10.2025 11:10:55.264 UTC,1.40495,1.40484,0.0018,0.00132
21.10.2025 11:10:56.170 UTC,1.40496,1.40483,0.00195,0.00132
21.10.2025 11:10:57.025 UTC,1.40495,1.40484,0.0018,0.00132
21.10.2025 11:10:59.685 UTC,1.40496,1.40483,0.0018,0.00132
21.10.2025 11:10:59.990 UTC,1.40496,1.40484,0.0018,0.00192
21.10.2025 11:11:15.026 UTC,1.40497,1.40483,0.0018,0.00192
21.10.2025 11:11:15.332 UTC,1.40495,1.40483,0.00135,0.00282
21.10.2025 11:11:15.687 UTC,1.40497,1.40483,0.0027,0.00147
21.10.2025 11:11:16.442 UTC,1.40495,1.40483,0.0012,0.00387
21.10.2025 11:11:20.528 UTC,1.40495,1.40483,0.00135,0.00237
21.10.2025 11:11:20.631 UTC,1.40495,1.40481,0.00135,0.00192
21.10.2025 11:11:33.560 UTC,1.40494,1.4048,0.0018,0.00192
21.10.2025 11:11:33.665 UTC,1.40495,1.40482,0.00285,0.00192
21.10.2025 11:11:33.970 UTC,1.40495,1.40481,0.0024,0.00252
21.10.2025 11:11:36.085 UTC,1.40495,1.40481,0.0024,0.00192
21.10.2025 11:11:39.751 UTC,1.40494,1.4048,0.00285,0.00147
21.10.2025 11:11:39.803 UTC,1.4049,1.4048,0.0012,0.00192
21.10.2025 11:11:40.009 UTC,1.4049,1.40479,0.0012,0.00132
21.10.2025 11:11:40.215 UTC,1.40491,1.40479,0.0012,0.00147
21.10.2025 11:11:40.318 UTC,1.40493,1.40479,0.0024,0.00147
21.10.2025 11:11:40.523 UTC,1.40492,1.4048,0.0024,0.00252
21.10.2025 11:11:42.086 UTC,1.40492,1.4048,0.00225,0.00252
21.10.2025 11:11:44.114 UTC,1.40492,1.40478,0.0012,0.00132
21.10.2025 11:11:44.166 UTC,1.40489,1.40477,0.0018,0.00237
21.10.2025 11:11:44.268 UTC,1.4049,1.40476,0.0018,0.00237
21.10.2025 11:11:47.746 UTC,1.40492,1.40478,0.00285,0.00132
21.10.2025 11:11:47.899 UTC,1.40491,1.40479,0.00285,0.00132
21.10.2025 11:11:49.512 UTC,1.4049,1.40479,0.00195,0.00132
21.10.2025 11:11:51.479 UTC,1.4049,1.40479,0.00135,0.00237
21.10.2025 11:11:51.583 UTC,1.40492,1.4048,0.00195,0.00147
21.10.2025 11:11:52.091 UTC,1.40492,1.4048,0.00135,0.00192
21.10.2025 11:11:53.859 UTC,1.40492,1.40477,0.0036,0.00432
21.10.2025 11:11:53.963 UTC,1.40491,1.40477,0.0018,0.00252
21.10.2025 11:11:54.066 UTC,1.40491,1.40478,0.00195,0.00132
21.10.2025 11:12:00.695 UTC,1.40491,1.40481,0.00135,0.00237
21.10.2025 11:12:00.798 UTC,1.40493,1.4048,0.0018,0.00147
21.10.2025 11:12:11.385 UTC,1.40492,1.40478,0.0012,0.00327
21.10.2025 11:12:12.743 UTC,1.40491,1.40477,0.0018,0.00132
21.10.2025 11:12:13.956 UTC,1.40491,1.40477,0.00195,0.00237
21.10.2025 11:12:15.970 UTC,1.40491,1.40477,0.0018,0.00237
21.10.2025 11:12:16.926 UTC,1.40491,1.40477,0.0018,0.00252
21.10.2025 11:12:17.179 UTC,1.40491,1.40477,0.00135,0.00252
21.10.2025 11:12:18.188 UTC,1.40491,1.40477,0.00195,0.00237
21.10.2025 11:12:18.291 UTC,1.40489,1.40476,0.00135,0.00237
21.10.2025 11:12:19.435 UTC,1.4049,1.40477,0.00135,0.00147
21.10.2025 11:12:23.316 UTC,1.40489,1.40478,0.00135,0.00192
21.10.2025 11:12:25.029 UTC,1.4049,1.40477,0.00135,0.00147
21.10.2025 11:12:26.094 UTC,1.40489,1.40478,0.0027,0.00132
21.10.2025 11:12:28.766 UTC,1.4049,1.40477,0.0027,0.00132
21.10.2025 11:12:32.416 UTC,1.40489,1.40477,0.0027,0.00237
21.10.2025 11:12:32.622 UTC,1.40489,1.40476,0.00135,0.00147
21.10.2025 11:12:35.990 UTC,1.40489,1.40477,0.00135,0.00132
21.10.2025 11:12:38.558 UTC,1.40488,1.40474,0.00135,0.00207
21.10.2025 11:12:38.661 UTC,1.40487,1.40477,0.00135,0.00132
21.10.2025 11:12:39.219 UTC,1.40488,1.40477,0.0018,0.00132
21.10.2025 11:12:40.577 UTC,1.40489,1.40476,0.0018,0.00132
21.10.2025 11:12:44.552 UTC,1.40489,1.40476,0.00135,0.00147
21.10.2025 11:12:48.471 UTC,1.40488,1.40477,0.00135,0.00147
21.10.2025 11:12:49.380 UTC,1.40488,1.40477,0.00135,0.00135
21.10.2025 11:12:55.347 UTC,1.40488,1.40474,0.00252,0.0018
21.10.2025 11:12:55.399 UTC,1.40486,1.40472,0.00189,0.00225
21.10.2025 11:12:55.503 UTC,1.40483,1.40471,0.00135,0.00195
21.10.2025 11:12:55.610 UTC,1.4048,1.40469,0.00135,0.0036
21.10.2025 11:12:55.714 UTC,1.40481,1.4047,0.0018,0.0018
21.10.2025 11:12:56.121 UTC,1.40482,1.40469,0.0018,0.0018
21.10.2025 11:12:57.130 UTC,1.40481,1.4047,0.0018,0.00195
21.10.2025 11:12:57.233 UTC,1.40482,1.4047,0.00225,0.00195
21.10.2025 11:12:58.294 UTC,1.40483,1.40472,0.0018,0.0024
21.10.2025 11:12:58.396 UTC,1.40483,1.40472,0.00135,0.0024
21.10.2025 11:12:58.650 UTC,1.40484,1.40471,0.00135,0.00225
21.10.2025 11:13:00.457 UTC,1.40484,1.40471,0.00135,0.0024
21.10.2025 11:13:00.608 UTC,1.40483,1.40472,0.00135,0.00315
21.10.2025 11:13:07.432 UTC,1.40483,1.4047,0.0012,0.00225
21.10.2025 11:13:07.535 UTC,1.40484,1.40471,0.00225,0.00135
21.10.2025 11:13:08.640 UTC,1.40484,1.40471,0.00135,0.0018
21.10.2025 11:13:08.841 UTC,1.40484,1.40471,0.00135,0.00135
21.10.2025 11:13:10.501 UTC,1.40483,1.40472,0.00135,0.0018
21.10.2025 11:13:10.604 UTC,1.40485,1.40472,0.0018,0.0024
21.10.2025 11:13:10.706 UTC,1.40485,1.40472,0.00135,0.0024
21.10.2025 11:13:10.808 UTC,1.40485,1.40472,0.00135,0.00225
21.10.2025 11:13:10.910 UTC,1.40484,1.40473,0.00135,0.0024
21.10.2025 11:13:11.012 UTC,1.40485,1.40472,0.00135,0.00225
21.10.2025 11:13:11.916 UTC,1.40485,1.40472,0.00135,0.00237
21.10.2025 11:13:17.256 UTC,1.40485,1.40474,0.00135,0.00144
21.10.2025 11:13:24.188 UTC,1.40486,1.40473,0.00135,0.00237
21.10.2025 11:13:27.100 UTC,1.40484,1.40472,0.00315,0.00132
21.10.2025 11:13:27.203 UTC,1.40483,1.40472,0.00225,0.00132
21.10.2025 11:13:28.913 UTC,1.40484,1.4047,0.00225,0.00192
21.10.2025 11:13:35.598 UTC,1.40484,1.40471,0.00135,0.00147
21.10.2025 11:13:35.750 UTC,1.40483,1.40472,0.00135,0.00147
21.10.2025 11:13:35.952 UTC,1.40484,1.40471,0.00135,0.00147
21.10.2025 11:13:36.961 UTC,1.40487,1.40472,0.00375,0.00342
21.10.2025 11:13:37.063 UTC,1.40486,1.40473,0.00375,0.00342
21.10.2025 11:13:39.856 UTC,1.40485,1.40472,0.00135,0.00132
21.10.2025 11:13:39.910 UTC,1.40481,1.40472,0.0012,0.00132
21.10.2025 11:13:39.965 UTC,1.40481,1.4047,0.0018,0.00144
21.10.2025 11:13:40.067 UTC,1.40482,1.40468,0.0024,0.00132
21.10.2025 11:13:41.833 UTC,1.40481,1.40467,0.0018,0.00132
21.10.2025 11:13:45.258 UTC,1.4048,1.40467,0.0024,0.00282
21.10.2025 11:13:47.078 UTC,1.4048,1.40466,0.00285,0.00282
21.10.2025 11:13:47.179 UTC,1.4048,1.40466,0.0027,0.00282
21.10.2025 11:13:49.794 UTC,1.40479,1.40467,0.00225,0.00342
21.10.2025 11:13:49.897 UTC,1.4048,1.40467,0.0027,0.00132
21.10.2025 11:13:59.727 UTC,1.40478,1.40468,0.00135,0.00144
21.10.2025 11:13:59.881 UTC,1.4048,1.40466,0.00225,0.00192
21.10.2025 11:14:01.496 UTC,1.4048,1.40466,0.0024,0.00192
21.10.2025 11:14:04.500 UTC,1.40479,1.40466,0.0018,0.00192
21.10.2025 11:14:05.053 UTC,1.4048,1.40466,0.00285,0.00147
21.10.2025 11:14:08.780 UTC,1.40481,1.40467,0.0018,0.00192
21.10.2025 11:14:08.883 UTC,1.40481,1.40467,0.0024,0.00132
21.10.2025 11:14:08.985 UTC,1.40481,1.40467,0.0018,0.00132
21.10.2025 11:14:14.364 UTC,1.40481,1.40466,0.00135,0.00354
21.10.2025 11:14:15.920 UTC,1.40481,1.40466,0.0018,0.00354
21.10.2025 11:14:16.022 UTC,1.40481,1.40466,0.00135,0.00264
21.10.2025 11:14:18.180 UTC,1.40481,1.40466,0.0024,0.00441
21.10.2025 11:14:18.787 UTC,1.40481,1.40466,0.0018,0.00384
21.10.2025 11:14:20.948 UTC,1.40481,1.40467,0.0018,0.00192
21.10.2025 11:14:21.052 UTC,1.40484,1.4047,0.0012,0.00144
21.10.2025 11:14:21.155 UTC,1.40483,1.40472,0.0012,0.00192
21.10.2025 11:14:23.278 UTC,1.40485,1.40472,0.0018,0.00132
21.10.2025 11:14:23.583 UTC,1.40485,1.40472,0.0018,0.00192
21.10.2025 11:14:23.685 UTC,1.40485,1.40472,0.0018,0.0018
21.10.2025 11:14:24.243 UTC,1.40485,1.40472,0.00135,0.00189
21.10.2025 11:14:26.718 UTC,1.40485,1.40471,0.0018,0.0018
21.10.2025 11:14:26.821 UTC,1.40483,1.4047,0.0024,0.0012
21.10.2025 11:14:26.874 UTC,1.40482,1.40468,0.00324,0.0012
21.10.2025 11:14:26.925 UTC,1.4048,1.40467,0.0012,0.0027
21.10.2025 11:14:35.215 UTC,1.4048,1.40466,0.0012,0.0027
21.10.2025 11:14:35.420 UTC,1.4048,1.40467,0.00135,0.0012
21.10.2025 11:14:35.523 UTC,1.4048,1.40467,0.0018,0.0012
21.10.2025 11:14:36.179 UTC,1.4048,1.40468,0.0018,0.0012
21.10.2025 11:14:36.466 UTC,1.4048,1.40467,0.0018,0.00135
21.10.2025 11:14:36.618 UTC,1.4048,1.40467,0.00135,0.00135
21.10.2025 11:14:36.719 UTC,1.4048,1.40467,0.0018,0.00135
21.10.2025 11:14:39.835 UTC,1.40481,1.40468,0.0018,0.0012
21.10.2025 11:14:46.976 UTC,1.40482,1.40467,0.00249,0.00285
21.10.2025 11:14:47.620 UTC,1.40482,1.40467,0.00249,0.0033
21.10.2025 11:14:57.967 UTC,1.4048,1.40467,0.0012,0.00135
21.10.2025 11:14:58.070 UTC,1.40479,1.40466,0.00135,0.00135
21.10.2025 11:14:58.577 UTC,1.40479,1.40467,0.00135,0.0012
21.10.2025 11:14:58.831 UTC,1.40479,1.40466,0.00135,0.00135
21.10.2025 11:14:59.134 UTC,1.40478,1.40467,0.00135,0.0024
21.10.2025 11:14:59.789 UTC,1.40479,1.40466,0.00135,0.00225
21.10.2025 11:14:59.941 UTC,1.40479,1.40466,0.00135,0.0024
21.10.2025 11:15:02.477 UTC,1.4048,1.40466,0.00225,0.0024
21.10.2025 11:15:09.152 UTC,1.40479,1.40466,0.0012,0.0018
21.10.2025 11:15:09.354 UTC,1.40478,1.40467,0.0012,0.00135
21.10.2025 11:15:10.356 UTC,1.40479,1.40466,0.0012,0.0018
21.10.2025 11:15:11.360 UTC,1.40478,1.40467,0.0012,0.00135
21.10.2025 11:15:11.663 UTC,1.40479,1.40466,0.0012,0.0018
21.10.2025 11:15:12.518 UTC,1.40478,1.40467,0.0012,0.00135
21.10.2025 11:15:12.923 UTC,1.40479,1.40466,0.0012,0.0024
21.10.2025 11:15:16.257 UTC,1.40478,1.40467,0.0012,0.00225
21.10.2025 11:15:17.062 UTC,1.40479,1.40467,0.0012,0.00225
21.10.2025 11:15:17.576 UTC,1.40479,1.40467,0.0012,0.0024
21.10.2025 11:15:18.780 UTC,1.40479,1.40467,0.0012,0.0012
21.10.2025 11:15:28.150 UTC,1.40479,1.40467,0.0012,0.0018
21.10.2025 11:15:28.552 UTC,1.40479,1.40467,0.0012,0.00135
21.10.2025 11:15:29.156 UTC,1.40481,1.40467,0.0018,0.00135
21.10.2025 11:15:30.067 UTC,1.40481,1.40466,0.00324,0.0027
21.10.2025 11:15:30.172 UTC,1.4048,1.40467,0.00339,0.0027
21.10.2025 11:15:30.479 UTC,1.40481,1.40466,0.00384,0.0024
21.10.2025 11:15:31.588 UTC,1.40479,1.40467,0.0018,0.00135
21.10.2025 11:15:31.943 UTC,1.40478,1.40466,0.00144,0.00225
21.10.2025 11:15:34.514 UTC,1.40479,1.40465,0.00135,0.0024
21.10.2025 11:15:35.116 UTC,1.40478,1.40466,0.0018,0.00225
21.10.2025 11:15:35.268 UTC,1.40479,1.40465,0.00135,0.0024
21.10.2025 11:15:35.419 UTC,1.40478,1.40466,0.0018,0.00225
21.10.2025 11:15:36.273 UTC,1.40478,1.40466,0.00135,0.0024
21.10.2025 11:15:37.707 UTC,1.40477,1.40466,0.0018,0.0018
21.10.2025 11:15:37.859 UTC,1.40478,1.40466,0.0012,0.0012
21.10.2025 11:15:38.112 UTC,1.40478,1.40465,0.0018,0.0018
21.10.2025 11:15:38.214 UTC,1.40477,1.40465,0.00225,0.0018
21.10.2025 11:15:38.618 UTC,1.40477,1.40464,0.0012,0.0018
21.10.2025 11:15:38.920 UTC,1.40476,1.40465,0.0012,0.0024
21.10.2025 11:15:39.022 UTC,1.40476,1.40465,0.0012,0.00225
21.10.2025 11:15:40.285 UTC,1.40476,1.40463,0.0012,0.00135
21.10.2025 11:15:40.389 UTC,1.40471,1.40463,0.0012,0.00135
21.10.2025 11:15:40.493 UTC,1.4047,1.40463,0.0012,0.0012
21.10.2025 11:15:40.545 UTC,1.4047,1.40458,0.0012,0.0012
21.10.2025 11:15:40.596 UTC,1.4047,1.40456,0.0012,0.0036
21.10.2025 11:15:41.252 UTC,1.40469,1.40457,0.0012,0.00282
21.10.2025 11:15:41.303 UTC,1.40469,1.40462,0.0012,0.0024
21.10.2025 11:15:45.072 UTC,1.40469,1.40461,0.0012,0.0024
21.10.2025 11:15:47.141 UTC,1.4047,1.40462,0.00135,0.0024
21.10.2025 11:15:49.926 UTC,1.40471,1.40457,0.0012,0.00192
21.10.2025 11:15:50.333 UTC,1.4047,1.40458,0.0012,0.00195
21.10.2025 11:15:50.991 UTC,1.4047,1.40458,0.0012,0.0024
21.10.2025 11:15:54.009 UTC,1.4047,1.40458,0.0012,0.0018
21.10.2025 11:15:54.061 UTC,1.40471,1.40457,0.0012,0.0024
21.10.2025 11:15:54.112 UTC,1.4047,1.40458,0.0012,0.00225
21.10.2025 11:15:54.164 UTC,1.40471,1.40457,0.0012,0.00195
21.10.2025 11:15:54.819 UTC,1.4047,1.40458,0.0012,0.00225
21.10.2025 11:15:55.071 UTC,1.4047,1.40458,0.0012,0.00195
21.10.2025 11:15:56.929 UTC,1.4047,1.40458,0.0012,0.0024
21.10.2025 11:16:00.243 UTC,1.4047,1.40458,0.0012,0.00195
21.10.2025 11:16:03.312 UTC,1.40471,1.40457,0.00234,0.0018
21.10.2025 11:16:03.465 UTC,1.4047,1.40457,0.0012,0.0018
21.10.2025 11:16:03.871 UTC,1.40469,1.40458,0.0012,0.00195
21.10.2025 11:16:03.973 UTC,1.40469,1.40458,0.0012,0.0018
21.10.2025 11:16:04.327 UTC,1.4047,1.40457,0.0012,0.00195
21.10.2025 11:16:04.930 UTC,1.40469,1.40458,0.0012,0.0018
21.10.2025 11:16:05.134 UTC,1.40469,1.40458,0.00135,0.00135
21.10.2025 11:16:05.645 UTC,1.4047,1.40457,0.00135,0.0018
21.10.2025 11:16:07.509 UTC,1.40471,1.40457,0.00135,0.00195
21.10.2025 11:16:07.561 UTC,1.4047,1.40458,0.00135,0.00144
21.10.2025 11:16:07.663 UTC,1.40471,1.40457,0.00135,0.00195
21.10.2025 11:16:08.168 UTC,1.4047,1.40458,0.00135,0.0018
21.10.2025 11:16:10.625 UTC,1.4047,1.40458,0.00135,0.00195
21.10.2025 11:16:10.726 UTC,1.40471,1.40457,0.00135,0.0018
21.10.2025 11:16:10.928 UTC,1.40471,1.40457,0.00135,0.00195
21.10.2025 11:16:11.030 UTC,1.40471,1.40457,0.00135,0.0018
21.10.2025 11:16:11.384 UTC,1.4047,1.40458,0.00135,0.00195
21.10.2025 11:16:11.636 UTC,1.40471,1.40457,0.00135,0.0018
21.10.2025 11:16:13.495 UTC,1.40471,1.40457,0.00135,0.00195
21.10.2025 11:16:13.748 UTC,1.4047,1.40458,0.0012,0.0018
21.10.2025 11:16:15.910 UTC,1.40471,1.40457,0.0012,0.00195
21.10.2025 11:16:16.012 UTC,1.40471,1.40457,0.0012,0.0018
21.10.2025 11:16:16.215 UTC,1.40471,1.40457,0.0012,0.00195
21.10.2025 11:16:16.968 UTC,1.40471,1.40457,0.0012,0.0018
21.10.2025 11:16:17.973 UTC,1.4047,1.40458,0.0012,0.00195
21.10.2025 11:16:19.433 UTC,1.4047,1.40458,0.0012,0.0018
21.10.2025 11:16:19.688 UTC,1.40471,1.40457,0.0012,0.00195
21.10.2025 11:16:20.292 UTC,1.4047,1.40458,0.0012,0.0018
21.10.2025 11:16:21.451 UTC,1.4047,1.40457,0.0012,0.0018
21.10.2025 11:16:21.604 UTC,1.4047,1.40456,0.0012,0.00294
21.10.2025 11:16:24.127 UTC,1.40468,1.40456,0.0012,0.00225
21.10.2025 11:16:24.231 UTC,1.40469,1.40457,0.00225,0.00285
21.10.2025 11:16:24.334 UTC,1.4047,1.40456,0.0018,0.00225
21.10.2025 11:16:24.386 UTC,1.4047,1.40456,0.0018,0.00285
21.10.2025 11:16:30.061 UTC,1.4047,1.40457,0.0018,0.00135
21.10.2025 11:16:30.315 UTC,1.4047,1.40455,0.00234,0.0012
21.10.2025 11:16:30.417 UTC,1.40469,1.40454,0.0012,0.0033
21.10.2025 11:16:30.468 UTC,1.40469,1.40454,0.0012,0.00279
21.10.2025 11:16:30.520 UTC,1.40469,1.40454,0.0012,0.0033
21.10.2025 11:16:30.572 UTC,1.40469,1.40454,0.00234,0.00234
21.10.2025 11:16:30.675 UTC,1.40467,1.40453,0.0018,0.00225
21.10.2025 11:16:30.830 UTC,1.40467,1.40453,0.0012,0.00195
21.10.2025 11:16:30.882 UTC,1.40467,1.40453,0.0012,0.00225
21.10.2025 11:16:30.983 UTC,1.40467,1.40453,0.0012,0.00195
21.10.2025 11:16:31.389 UTC,1.40467,1.40453,0.00225,0.00135
21.10.2025 11:16:31.492 UTC,1.40466,1.40453,0.0012,0.0018
21.10.2025 11:16:32.402 UTC,1.40465,1.40453,0.00234,0.0012
21.10.2025 11:16:32.505 UTC,1.40464,1.40453,0.00135,0.0012
21.10.2025 11:16:35.509 UTC,1.40464,1.40449,0.0012,0.00237
21.10.2025 11:16:35.912 UTC,1.40464,1.40449,0.0012,0.00144
21.10.2025 11:16:36.117 UTC,1.40461,1.40449,0.0012,0.00315
21.10.2025 11:16:36.522 UTC,1.40462,1.40448,0.0012,0.00327
21.10.2025 11:16:36.724 UTC,1.40462,1.40448,0.0012,0.00324
21.10.2025 11:16:36.877 UTC,1.40461,1.40448,0.0012,0.00135
21.10.2025 11:16:37.336 UTC,1.4046,1.40449,0.0012,0.0018
21.10.2025 11:16:37.438 UTC,1.40461,1.40448,0.0012,0.0012
21.10.2025 11:16:38.749 UTC,1.40461,1.40448,0.0012,0.0024
21.10.2025 11:16:39.002 UTC,1.40461,1.40448,0.0012,0.0018
21.10.2025 11:16:39.358 UTC,1.40461,1.40448,0.00135,0.00189
21.10.2025 11:16:40.421 UTC,1.40461,1.40448,0.0018,0.0012
21.10.2025 11:16:40.523 UTC,1.4046,1.40449,0.0012,0.00135
21.10.2025 11:16:43.147 UTC,1.4046,1.40448,0.0012,0.00135
21.10.2025 11:16:51.278 UTC,1.40459,1.40446,0.0012,0.0018
21.10.2025 11:16:52.291 UTC,1.40459,1.40445,0.0012,0.00192
21.10.2025 11:16:55.155 UTC,1.4046,1.40447,0.0012,0.0018
21.10.2025 11:16:55.362 UTC,1.40459,1.40448,0.0012,0.00135
21.10.2025 11:16:56.880 UTC,1.40459,1.40447,0.0012,0.00135
21.10.2025 11:16:57.887 UTC,1.40458,1.40447,0.0012,0.0012
21.10.2025 11:16:58.039 UTC,1.40459,1.40446,0.0012,0.0018
21.10.2025 11:16:58.496 UTC,1.40459,1.40446,0.0012,0.0024
21.10.2025 11:16:58.598 UTC,1.40459,1.40446,0.0012,0.00225
21.10.2025 11:16:59.307 UTC,1.40459,1.40446,0.0012,0.00195
21.10.2025 11:16:59.459 UTC,1.40459,1.40446,0.0012,0.00192
21.10.2025 11:16:59.562 UTC,1.4046,1.40446,0.0012,0.00192
21.10.2025 11:17:01.531 UTC,1.40459,1.40447,0.0012,0.00342
21.10.2025 11:17:01.633 UTC,1.40459,1.40447,0.0012,0.00405
21.10.2025 11:17:01.734 UTC,1.4046,1.40446,0.0012,0.00327
21.10.2025 11:17:01.837 UTC,1.4046,1.40446,0.0012,0.0042
21.10.2025 11:17:04.859 UTC,1.40461,1.4045,0.0012,0.0012
21.10.2025 11:17:04.962 UTC,1.40462,1.40449,0.00285,0.00192
21.10.2025 11:17:05.065 UTC,1.40463,1.40448,0.0027,0.00192
21.10.2025 11:17:05.201 UTC,1.40461,1.40447,0.0018,0.0024
21.10.2025 11:17:05.307 UTC,1.4046,1.40446,0.0012,0.0033
21.10.2025 11:17:05.410 UTC,1.4046,1.40446,0.0012,0.0024
21.10.2025 11:17:06.164 UTC,1.40459,1.40447,0.0012,0.00285
21.10.2025 11:17:06.215 UTC,1.40459,1.40447,0.0012,0.00225
21.10.2025 11:17:07.117 UTC,1.4046,1.40446,0.0012,0.00285
21.10.2025 11:17:10.987 UTC,1.40459,1.40447,0.0012,0.00225
21.10.2025 11:17:11.139 UTC,1.4046,1.40446,0.0012,0.0033
21.10.2025 11:17:11.190 UTC,1.4046,1.40446,0.0012,0.0027
21.10.2025 11:17:11.243 UTC,1.4046,1.40451,0.0012,0.00135
21.10.2025 11:17:11.346 UTC,1.40463,1.4045,0.0018,0.00135
21.10.2025 11:17:13.157 UTC,1.40462,1.40448,0.0012,0.00225
21.10.2025 11:17:13.261 UTC,1.40462,1.40448,0.0012,0.0033
21.10.2025 11:17:13.363 UTC,1.40463,1.40449,0.0027,0.00135
21.10.2025 11:17:13.720 UTC,1.40464,1.4045,0.00195,0.0012
21.10.2025 11:17:14.128 UTC,1.40463,1.40448,0.00339,0.0018
21.10.2025 11:17:14.230 UTC,1.40463,1.40448,0.00369,0.0024
21.10.2025 11:17:14.282 UTC,1.40462,1.40449,0.00339,0.0018
21.10.2025 11:17:14.333 UTC,1.40463,1.40448,0.00369,0.0024
21.10.2025 11:17:14.736 UTC,1.40462,1.40449,0.00384,0.0018
21.10.2025 11:17:15.744 UTC,1.40462,1.40448,0.0018,0.0012
21.10.2025 11:17:15.846 UTC,1.40461,1.40449,0.00135,0.00135
21.10.2025 11:17:16.050 UTC,1.40461,1.40449,0.00294,0.0012
21.10.2025 11:17:16.153 UTC,1.40462,1.40448,0.0018,0.00135
21.10.2025 11:17:17.363 UTC,1.40462,1.40448,0.00135,0.0018
21.10.2025 11:17:17.482 UTC,1.40462,1.40448,0.0018,0.00135
21.10.2025 11:17:25.253 UTC,1.40463,1.40448,0.00369,0.0018
21.10.2025 11:17:25.908 UTC,1.40463,1.40448,0.00369,0.0024
21.10.2025 11:17:26.414 UTC,1.40463,1.40448,0.00369,0.0018
21.10.2025 11:17:26.918 UTC,1.40463,1.40448,0.00369,0.0024
21.10.2025 11:17:27.071 UTC,1.40463,1.40448,0.00369,0.0018
21.10.2025 11:17:27.123 UTC,1.40463,1.40448,0.00384,0.0018
21.10.2025 11:17:27.225 UTC,1.40463,1.40448,0.00369,0.0024
21.10.2025 11:17:27.430 UTC,1.40462,1.40449,0.00369,0.0027
21.10.2025 11:17:27.583 UTC,1.40463,1.40448,0.00369,0.0033
21.10.2025 11:17:27.685 UTC,1.40463,1.40448,0.00369,0.0027
21.10.2025 11:17:27.788 UTC,1.40462,1.40449,0.00294,0.00315
21.10.2025 11:17:27.889 UTC,1.40462,1.40449,0.00279,0.0033
21.10.2025 11:17:28.092 UTC,1.40462,1.40449,0.00294,0.0027
21.10.2025 11:17:28.345 UTC,1.40463,1.40448,0.00294,0.0027
21.10.2025 11:17:28.948 UTC,1.40462,1.40449,0.00279,0.0033
21.10.2025 11:17:29.408 UTC,1.40463,1.40448,0.0036,0.0027
21.10.2025 11:17:29.512 UTC,1.40463,1.40449,0.0036,0.00135
21.10.2025 11:17:29.871 UTC,1.40463,1.40448,0.00369,0.0027
21.10.2025 11:17:29.974 UTC,1.40463,1.40449,0.0036,0.00135
21.10.2025 11:17:30.229 UTC,1.40462,1.40448,0.00135,0.0027
21.10.2025 11:17:30.331 UTC,1.40462,1.4045,0.00375,0.0012
21.10.2025 11:17:30.433 UTC,1.40462,1.4045,0.0033,0.0012
21.10.2025 11:17:30.536 UTC,1.40463,1.40449,0.00375,0.0012
21.10.2025 11:17:31.125 UTC,1.40462,1.40448,0.00225,0.00135
21.10.2025 11:17:31.279 UTC,1.40462,1.40449,0.0018,0.0012
21.10.2025 11:17:31.383 UTC,1.40462,1.40448,0.00225,0.0018
21.10.2025 11:17:31.637 UTC,1.40462,1.40448,0.0018,0.0024
21.10.2025 11:17:32.044 UTC,1.40462,1.40448,0.00225,0.0018
21.10.2025 11:17:32.145 UTC,1.40461,1.40449,0.0018,0.0024
21.10.2025 11:17:32.248 UTC,1.40462,1.40448,0.00225,0.0018
21.10.2025 11:17:32.351 UTC,1.40462,1.40448,0.0018,0.0024
21.10.2025 11:17:32.454 UTC,1.40461,1.40449,0.00225,0.00225
21.10.2025 11:17:32.556 UTC,1.40462,1.40448,0.0018,0.0024
21.10.2025 11:17:32.660 UTC,1.40461,1.40449,0.00225,0.00225
21.10.2025 11:17:32.862 UTC,1.40462,1.40448,0.0018,0.0024
21.10.2025 11:17:33.719 UTC,1.40462,1.40448,0.00225,0.0018
21.10.2025 11:17:33.822 UTC,1.40462,1.40448,0.0018,0.0024
21.10.2025 11:17:35.706 UTC,1.40461,1.4045,0.0012,0.0018
21.10.2025 11:17:35.808 UTC,1.40462,1.40449,0.0012,0.0012
21.10.2025 11:17:36.520 UTC,1.40462,1.40449,0.0012,0.0018
21.10.2025 11:17:36.673 UTC,1.40462,1.40449,0.0012,0.00135
21.10.2025 11:17:37.993 UTC,1.40462,1.4045,0.00225,0.0024
21.10.2025 11:17:38.197 UTC,1.40462,1.40448,0.00225,0.0027
21.10.2025 11:17:38.350 UTC,1.40462,1.40448,0.00315,0.0024
21.10.2025 11:17:38.605 UTC,1.40462,1.4045,0.00369,0.00135
21.10.2025 11:17:38.811 UTC,1.40464,1.40449,0.00369,0.0033
21.10.2025 11:17:38.962 UTC,1.40464,1.40449,0.00384,0.00315
21.10.2025 11:17:39.215 UTC,1.40463,1.4045,0.00369,0.0033
21.10.2025 11:17:39.618 UTC,1.40464,1.40449,0.00369,0.00315
21.10.2025 11:17:43.824 UTC,1.40463,1.4045,0.00369,0.0033
21.10.2025 11:17:44.328 UTC,1.40465,1.40451,0.0024,0.00315
21.10.2025 11:17:44.431 UTC,1.40465,1.40452,0.0012,0.0012
21.10.2025 11:17:44.535 UTC,1.40465,1.40453,0.00294,0.00135
21.10.2025 11:17:55.834 UTC,1.40464,1.40452,0.00279,0.00225
21.10.2025 11:17:55.987 UTC,1.40464,1.4045,0.00132,0.00135
21.10.2025 11:17:56.090 UTC,1.40461,1.4045,0.00189,0.00135
21.10.2025 11:17:56.193 UTC,1.40462,1.40448,0.00132,0.0012
21.10.2025 11:17:56.598 UTC,1.4046,1.40447,0.0012,0.0012
21.10.2025 11:18:00.836 UTC,1.40459,1.40448,0.0012,0.0018
21.10.2025 11:18:01.140 UTC,1.4046,1.40447,0.0012,0.00135
21.10.2025 11:18:01.392 UTC,1.4046,1.40447,0.0012,0.0018
21.10.2025 11:18:05.209 UTC,1.4046,1.40451,0.0018,0.0012
21.10.2025 11:18:05.353 UTC,1.40466,1.40452,0.00192,0.0018
21.10.2025 11:18:05.406 UTC,1.40466,1.40452,0.0012,0.0012
21.10.2025 11:18:12.148 UTC,1.40466,1.40452,0.00135,0.00192
21.10.2025 11:18:12.351 UTC,1.40465,1.40453,0.0018,0.00144
21.10.2025 11:18:12.504 UTC,1.40465,1.40451,0.0012,0.00192
21.10.2025 11:18:14.673 UTC,1.40465,1.40453,0.0012,0.0012
21.10.2025 11:18:22.280 UTC,1.40466,1.40453,0.0018,0.0012
21.10.2025 11:18:22.383 UTC,1.40467,1.40455,0.00195,0.00225
21.10.2025 11:18:22.486 UTC,1.40467,1.40456,0.00195,0.0012
21.10.2025 11:18:24.302 UTC,1.40465,1.40454,0.00324,0.0012
21.10.2025 11:18:24.405 UTC,1.40464,1.40454,0.0012,0.0012
21.10.2025 11:18:24.508 UTC,1.40463,1.40453,0.0012,0.0012
21.10.2025 11:18:24.610 UTC,1.40464,1.40451,0.0012,0.00135
21.10.2025 11:18:25.265 UTC,1.40464,1.40452,0.0012,0.0012
21.10.2025 11:18:27.276 UTC,1.40464,1.4045,0.0012,0.0033
21.10.2025 11:18:32.378 UTC,1.40464,1.40451,0.0012,0.0018
21.10.2025 11:18:32.780 UTC,1.40464,1.40451,0.0012,0.00135
21.10.2025 11:18:33.837 UTC,1.40464,1.40451,0.0012,0.0018
21.10.2025 11:18:34.190 UTC,1.40464,1.40451,0.0012,0.00135
21.10.2025 11:18:38.264 UTC,1.40463,1.40452,0.0012,0.0018
21.10.2025 11:18:38.366 UTC,1.40463,1.40449,0.0027,0.00225
21.10.2025 11:18:38.470 UTC,1.4046,1.40449,0.0012,0.00135
21.10.2025 11:18:38.573 UTC,1.4046,1.40447,0.0012,0.00225
21.10.2025 11:18:39.127 UTC,1.4046,1.40448,0.0012,0.0012
21.10.2025 11:18:49.305 UTC,1.40462,1.40449,0.0012,0.0012
21.10.2025 11:18:49.358 UTC,1.40464,1.40451,0.0024,0.0012
21.10.2025 11:18:49.461 UTC,1.40464,1.40451,0.0018,0.0012
21.10.2025 11:18:49.563 UTC,1.40464,1.40452,0.0018,0.0012
21.10.2025 11:18:49.715 UTC,1.40464,1.40451,0.0012,0.0012
21.10.2025 11:18:59.646 UTC,1.40463,1.40453,0.0012,0.0012
21.10.2025 11:18:59.749 UTC,1.40464,1.40454,0.0012,0.0012
21.10.2025 11:18:59.852 UTC,1.40466,1.40452,0.00135,0.0018
21.10.2025 11:19:00.662 UTC,1.40466,1.40452,0.0012,0.0024
21.10.2025 11:19:01.117 UTC,1.40465,1.40453,0.00135,0.0018
21.10.2025 11:19:02.025 UTC,1.40466,1.40452,0.0012,0.0024
21.10.2025 11:19:02.550 UTC,1.40465,1.40451,0.0012,0.00315
21.10.2025 11:19:02.653 UTC,1.40464,1.40451,0.0012,0.00225
21.10.2025 11:19:04.464 UTC,1.40463,1.40452,0.0012,0.0033
21.10.2025 11:19:04.567 UTC,1.40464,1.40452,0.0012,0.0018
21.10.2025 11:19:04.923 UTC,1.40465,1.40453,0.00135,0.0018
21.10.2025 11:19:05.227 UTC,1.40465,1.40453,0.0012,0.0024
21.10.2025 11:19:05.985 UTC,1.40467,1.40453,0.0012,0.0018
21.10.2025 11:19:06.088 UTC,1.40467,1.40456,0.00135,0.0012
21.10.2025 11:19:07.804 UTC,1.40469,1.40457,0.0012,0.00135
21.10.2025 11:19:07.907 UTC,1.40469,1.40458,0.0012,0.0012
21.10.2025 11:19:08.111 UTC,1.40469,1.40457,0.0012,0.00135
21.10.2025 11:19:08.616 UTC,1.40469,1.40458,0.0012,0.0012
21.10.2025 11:19:08.821 UTC,1.40469,1.40457,0.0012,0.00135
21.10.2025 11:19:09.073 UTC,1.40469,1.40457,0.0012,0.0018
21.10.2025 11:19:09.680 UTC,1.40469,1.40457,0.0012,0.00135
21.10.2025 11:19:09.782 UTC,1.40469,1.40457,0.0012,0.0018
21.10.2025 11:19:14.055 UTC,1.4047,1.40457,0.0012,0.0024
21.10.2025 11:19:19.402 UTC,1.4047,1.40457,0.0012,0.00135
21.10.2025 11:19:20.414 UTC,1.40469,1.40458,0.0012,0.0018
21.10.2025 11:19:20.616 UTC,1.4047,1.40458,0.0012,0.0018
21.10.2025 11:19:20.871 UTC,1.4047,1.40457,0.0012,0.00315
21.10.2025 11:19:20.972 UTC,1.40469,1.40458,0.0012,0.00285
21.10.2025 11:19:21.276 UTC,1.4047,1.40457,0.0012,0.0033
21.10.2025 11:19:21.833 UTC,1.4047,1.40457,0.0012,0.00285
21.10.2025 11:19:21.885 UTC,1.4047,1.40457,0.0012,0.00315
21.10.2025 11:19:22.088 UTC,1.4047,1.40458,0.0012,0.0012
21.10.2025 11:19:23.452 UTC,1.4047,1.40457,0.0012,0.00315
21.10.2025 11:19:23.555 UTC,1.40469,1.40459,0.0012,0.0012
21.10.2025 11:19:23.909 UTC,1.4047,1.40458,0.0012,0.0018
21.10.2025 11:19:23.962 UTC,1.40473,1.40459,0.00135,0.0012
21.10.2025 11:19:24.014 UTC,1.40473,1.40464,0.0024,0.0012
21.10.2025 11:19:24.118 UTC,1.40473,1.40464,0.0012,0.0012
21.10.2025 11:19:24.272 UTC,1.40473,1.40466,0.0012,0.0012
21.10.2025 11:19:24.324 UTC,1.40477,1.40465,0.0027,0.0012
21.10.2025 11:19:24.671 UTC,1.40476,1.40467,0.0012,0.0012
21.10.2025 11:19:24.774 UTC,1.40477,1.40467,0.0012,0.0012
21.10.2025 11:19:25.031 UTC,1.40479,1.40467,0.0012,0.0012
21.10.2025 11:19:25.693 UTC,1.40482,1.40467,0.00324,0.0027
21.10.2025 11:19:28.472 UTC,1.40481,1.40468,0.00369,0.0033
21.10.2025 11:19:28.676 UTC,1.40482,1.40467,0.00384,0.0027
21.10.2025 11:19:28.877 UTC,1.40482,1.40467,0.00369,0.0033
21.10.2025 11:19:30.185 UTC,1.40482,1.40467,0.00384,0.0027
21.10.2025 11:19:30.287 UTC,1.40481,1.40468,0.00369,0.0033
21.10.2025 11:19:30.592 UTC,1.40481,1.40468,0.00384,0.00315
21.10.2025 11:19:30.744 UTC,1.40481,1.40468,0.00369,0.0033
21.10.2025 11:19:30.948 UTC,1.40481,1.40468,0.00384,0.0027
21.10.2025 11:19:31.152 UTC,1.40481,1.40468,0.00369,0.0033
21.10.2025 11:19:31.356 UTC,1.40482,1.40467,0.00384,0.00315
21.10.2025 11:19:31.458 UTC,1.40481,1.40468,0.00369,0.0033
21.10.2025 11:19:32.569 UTC,1.40479,1.40467,0.0012,0.0033
21.10.2025 11:19:33.225 UTC,1.4048,1.40466,0.0012,0.0027
21.10.2025 11:19:36.209 UTC,1.40481,1.40467,0.00324,0.00135
21.10.2025 11:19:36.363 UTC,1.4048,1.40468,0.00279,0.0018
21.10.2025 11:19:36.465 UTC,1.40481,1.40467,0.00324,0.00135
21.10.2025 11:19:36.920 UTC,1.4048,1.40468,0.0018,0.0018
21.10.2025 11:19:38.230 UTC,1.40481,1.40469,0.0018,0.00225
21.10.2025 11:19:38.587 UTC,1.40482,1.40468,0.00195,0.0018
21.10.2025 11:19:38.789 UTC,1.40481,1.40469,0.0018,0.00225
21.10.2025 11:19:39.647 UTC,1.40482,1.40473,0.0012,0.0012
21.10.2025 11:19:39.752 UTC,1.40489,1.40476,0.0012,0.0012
21.10.2025 11:19:39.855 UTC,1.40489,1.40477,0.0012,0.0012
21.10.2025 11:19:40.565 UTC,1.40491,1.40477,0.00279,0.0012
21.10.2025 11:19:41.526 UTC,1.4049,1.40477,0.0012,0.0012
21.10.2025 11:19:42.131 UTC,1.40488,1.40476,0.00252,0.00132
21.10.2025 11:19:42.184 UTC,1.40486,1.40473,0.0012,0.00279
21.10.2025 11:19:43.150 UTC,1.40486,1.40473,0.0024,0.0012
21.10.2025 11:19:43.304 UTC,1.40485,1.40474,0.00225,0.0012
21.10.2025 11:19:45.669 UTC,1.40486,1.40473,0.00249,0.0012
21.10.2025 11:19:47.729 UTC,1.40485,1.40474,0.00135,0.0012
21.10.2025 11:19:48.083 UTC,1.40486,1.40473,0.0018,0.0012
21.10.2025 11:19:50.807 UTC,1.40486,1.40473,0.00135,0.0012
21.10.2025 11:19:51.011 UTC,1.40486,1.40473,0.0018,0.0012
21.10.2025 11:19:51.520 UTC,1.40486,1.40473,0.00132,0.0012
21.10.2025 11:19:51.822 UTC,1.40486,1.40473,0.00192,0.0012
21.10.2025 11:19:52.980 UTC,1.40485,1.40473,0.00195,0.0012
21.10.2025 11:19:53.133 UTC,1.40484,1.40474,0.00225,0.0012
21.10.2025 11:19:53.335 UTC,1.40485,1.40473,0.00195,0.0012
21.10.2025 11:19:53.386 UTC,1.40484,1.40474,0.00135,0.0012
21.10.2025 11:19:53.639 UTC,1.40484,1.40474,0.0024,0.0012
21.10.2025 11:19:53.992 UTC,1.40484,1.40474,0.00135,0.0012
21.10.2025 11:19:54.094 UTC,1.40485,1.4047,0.00225,0.00252
21.10.2025 11:19:54.599 UTC,1.40483,1.40469,0.0012,0.00477
21.10.2025 11:19:54.725 UTC,1.40481,1.40469,0.00135,0.0018
21.10.2025 11:19:54.831 UTC,1.40481,1.40466,0.0012,0.00327
21.10.2025 11:19:54.934 UTC,1.4048,1.40467,0.0018,0.00324
21.10.2025 11:19:57.406 UTC,1.40481,1.40466,0.00135,0.00465
21.10.2025 11:19:57.659 UTC,1.4048,1.40468,0.0012,0.0012
21.10.2025 11:19:57.862 UTC,1.4048,1.40468,0.00135,0.0012
21.10.2025 11:19:58.869 UTC,1.40481,1.40467,0.0012,0.00195
21.10.2025 11:19:59.223 UTC,1.40481,1.40467,0.0012,0.0018
21.10.2025 11:19:59.879 UTC,1.40481,1.40469,0.0012,0.00225
21.10.2025 11:19:59.983 UTC,1.40482,1.40469,0.0012,0.0018
21.10.2025 11:20:00.397 UTC,1.40483,1.40469,0.00135,0.0018
21.10.2025 11:20:01.012 UTC,1.40482,1.40468,0.00135,0.00375
21.10.2025 11:20:01.115 UTC,1.40482,1.4047,0.00225,0.0012
21.10.2025 11:20:01.218 UTC,1.40483,1.40468,0.0024,0.00315
21.10.2025 11:20:01.321 UTC,1.40483,1.4047,0.0024,0.0036
21.10.2025 11:20:01.424 UTC,1.40484,1.4047,0.0024,0.0012
21.10.2025 11:20:01.526 UTC,1.40483,1.40471,0.00225,0.00135
21.10.2025 11:20:01.980 UTC,1.40482,1.4047,0.0012,0.00465
21.10.2025 11:20:02.183 UTC,1.40483,1.40469,0.00135,0.0027
21.10.2025 11:20:02.489 UTC,1.40484,1.40469,0.00234,0.0036
21.10.2025 11:20:02.831 UTC,1.40483,1.4047,0.00249,0.0027
21.10.2025 11:20:02.934 UTC,1.40484,1.4047,0.00339,0.0012
21.10.2025 11:20:03.188 UTC,1.40483,1.40469,0.00234,0.0027
21.10.2025 11:20:03.393 UTC,1.40483,1.40468,0.00339,0.00369
21.10.2025 11:20:03.500 UTC,1.4048,1.40469,0.00135,0.0018
21.10.2025 11:20:04.108 UTC,1.40482,1.40468,0.00135,0.0027
21.10.2025 11:20:04.160 UTC,1.40481,1.40466,0.00252,0.00522
21.10.2025 11:20:04.314 UTC,1.4048,1.40466,0.00144,0.00369
21.10.2025 11:20:05.323 UTC,1.40477,1.40467,0.00132,0.0018
21.10.2025 11:20:05.579 UTC,1.40478,1.40467,0.00135,0.0027
21.10.2025 11:20:05.834 UTC,1.40478,1.40467,0.0018,0.0027
21.10.2025 11:20:07.145 UTC,1.40478,1.40467,0.00135,0.0018
21.10.2025 11:20:07.450 UTC,1.40479,1.40466,0.0018,0.0018
21.10.2025 11:20:08.155 UTC,1.40478,1.40467,0.00135,0.0018
21.10.2025 11:20:10.668 UTC,1.40479,1.40466,0.0018,0.0018
21.10.2025 11:20:11.072 UTC,1.40479,1.40466,0.00135,0.0018
21.10.2025 11:20:11.676 UTC,1.40479,1.40466,0.0018,0.0018
21.10.2025 11:20:12.181 UTC,1.40479,1.40466,0.00225,0.0018
21.10.2025 11:20:14.146 UTC,1.40479,1.40465,0.0012,0.00315
21.10.2025 11:20:14.706 UTC,1.40479,1.40465,0.0012,0.00285
21.10.2025 11:20:15.414 UTC,1.40478,1.40466,0.00135,0.0036
21.10.2025 11:20:16.574 UTC,1.40473,1.40463,0.0012,0.00195
21.10.2025 11:20:16.677 UTC,1.40473,1.40459,0.0012,0.0042
21.10.2025 11:20:16.729 UTC,1.40473,1.40461,0.0012,0.0012
21.10.2025 11:20:16.781 UTC,1.40473,1.40459,0.0012,0.0018
21.10.2025 11:20:19.005 UTC,1.40472,1.40458,0.00135,0.00225
21.10.2025 11:20:19.110 UTC,1.40471,1.40458,0.0012,0.00135
21.10.2025 11:20:19.212 UTC,1.4047,1.40458,0.0012,0.0018
21.10.2025 11:20:19.316 UTC,1.4047,1.40456,0.00189,0.00225
21.10.2025 11:20:20.580 UTC,1.4047,1.40455,0.00189,0.00225
21.10.2025 11:20:20.885 UTC,1.40469,1.40455,0.00189,0.0012
21.10.2025 11:20:21.038 UTC,1.40469,1.40456,0.00132,0.0012
21.10.2025 11:20:23.683 UTC,1.40468,1.40456,0.00189,0.0012
21.10.2025 11:20:23.935 UTC,1.40469,1.40456,0.00144,0.0012
21.10.2025 11:20:28.065 UTC,1.40469,1.40457,0.00234,0.0012
21.10.2025 11:20:28.871 UTC,1.4047,1.40456,0.00249,0.0012
21.10.2025 11:20:40.034 UTC,1.40467,1.40455,0.00135,0.0027
21.10.2025 11:20:40.292 UTC,1.40469,1.40455,0.00135,0.0012
21.10.2025 11:20:42.754 UTC,1.4047,1.40456,0.0027,0.00135
21.10.2025 11:20:42.856 UTC,1.40469,1.40456,0.00285,0.00315
21.10.2025 11:20:43.010 UTC,1.4047,1.40455,0.00225,0.00375
21.10.2025 11:20:44.807 UTC,1.40469,1.40458,0.00135,0.0012
21.10.2025 11:20:44.960 UTC,1.4047,1.40458,0.00135,0.00225
21.10.2025 11:20:45.414 UTC,1.40471,1.40457,0.0018,0.0018
21.10.2025 11:20:45.619 UTC,1.40471,1.40457,0.00135,0.00315
21.10.2025 11:20:45.838 UTC,1.40471,1.40457,0.0018,0.0018
21.10.2025 11:20:46.696 UTC,1.40471,1.40457,0.00135,0.00225
21.10.2025 11:20:46.799 UTC,1.4047,1.40456,0.0018,0.0018
21.10.2025 11:20:47.154 UTC,1.4047,1.40456,0.00135,0.00225
21.10.2025 11:20:49.567 UTC,1.40471,1.40458,0.00135,0.0012
21.10.2025 11:20:50.685 UTC,1.4047,1.40456,0.00225,0.0036
21.10.2025 11:20:50.890 UTC,1.40469,1.40455,0.0012,0.00375
21.10.2025 11:20:51.042 UTC,1.4047,1.40455,0.0018,0.0036
21.10.2025 11:20:52.098 UTC,1.40469,1.40456,0.00135,0.00375
21.10.2025 11:20:52.502 UTC,1.40469,1.40456,0.00135,0.0036
21.10.2025 11:20:54.107 UTC,1.4047,1.40456,0.00135,0.0018
21.10.2025 11:20:54.159 UTC,1.4047,1.40459,0.00135,0.0012
21.10.2025 11:20:55.192 UTC,1.40472,1.40458,0.00315,0.00135
21.10.2025 11:20:56.152 UTC,1.40473,1.4046,0.0012,0.0012
21.10.2025 11:20:56.256 UTC,1.40474,1.40462,0.0018,0.0012
21.10.2025 11:20:56.364 UTC,1.40476,1.40463,0.0012,0.0012
21.10.2025 11:20:58.083 UTC,1.40475,1.40463,0.0018,0.0012
21.10.2025 11:20:58.388 UTC,1.40476,1.40463,0.0012,0.0012
21.10.2025 11:20:58.490 UTC,1.40475,1.40463,0.0018,0.0012
21.10.2025 11:20:59.598 UTC,1.40476,1.40463,0.00135,0.0012
21.10.2025 11:20:59.700 UTC,1.40475,1.40463,0.00135,0.0018
21.10.2025 11:20:59.803 UTC,1.40475,1.40464,0.0012,0.0012
21.10.2025 11:21:00.206 UTC,1.40475,1.40463,0.00135,0.0018
21.10.2025 11:21:00.762 UTC,1.40476,1.40463,0.0018,0.0012
21.10.2025 11:21:00.865 UTC,1.40476,1.40463,0.00135,0.0012
21.10.2025 11:21:01.218 UTC,1.40475,1.40463,0.00135,0.0018
21.10.2025 11:21:02.929 UTC,1.40476,1.40461,0.00339,0.00405
21.10.2025 11:21:03.032 UTC,1.40475,1.40462,0.0018,0.0012
21.10.2025 11:21:03.085 UTC,1.40471,1.4046,0.0012,0.0012
21.10.2025 11:21:03.137 UTC,1.40469,1.40457,0.00189,0.0033
21.10.2025 11:21:03.240 UTC,1.4047,1.40456,0.0018,0.0012
21.10.2025 11:21:03.343 UTC,1.4047,1.40455,0.0018,0.00225
21.10.2025 11:21:06.075 UTC,1.4047,1.40456,0.0012,0.0012
21.10.2025 11:21:06.178 UTC,1.40471,1.40457,0.0018,0.0018
21.10.2025 11:21:06.280 UTC,1.40471,1.40458,0.0012,0.00135
21.10.2025 11:21:06.383 UTC,1.40471,1.40459,0.0012,0.00225
21.10.2025 11:21:08.048 UTC,1.40472,1.40458,0.0033,0.00135
21.10.2025 11:21:08.303 UTC,1.40473,1.40459,0.00225,0.00135
21.10.2025 11:21:08.406 UTC,1.40473,1.40462,0.00195,0.0012
21.10.2025 11:21:08.509 UTC,1.40475,1.40461,0.0024,0.0012
21.10.2025 11:21:09.976 UTC,1.40475,1.40461,0.00225,0.0012
21.10.2025 11:21:10.129 UTC,1.40472,1.40459,0.00135,0.0012
21.10.2025 11:21:10.181 UTC,1.40472,1.40458,0.00225,0.0018
21.10.2025 11:21:10.787 UTC,1.40471,1.40459,0.0024,0.0012
21.10.2025 11:21:11.040 UTC,1.40472,1.40457,0.0024,0.0036
21.10.2025 11:21:11.746 UTC,1.40472,1.40458,0.00225,0.00135
21.10.2025 11:21:11.849 UTC,1.40472,1.40458,0.0033,0.0012
21.10.2025 11:21:14.519 UTC,1.40472,1.40457,0.0024,0.0036
21.10.2025 11:21:21.911 UTC,1.40472,1.40458,0.0018,0.0012
21.10.2025 11:21:21.963 UTC,1.4047,1.40456,0.00135,0.0045
21.10.2025 11:21:22.117 UTC,1.40469,1.40456,0.00135,0.0018
21.10.2025 11:21:24.188 UTC,1.40471,1.40456,0.0024,0.0027
21.10.2025 11:21:24.240 UTC,1.40471,1.40458,0.00135,0.0012
21.10.2025 11:21:24.394 UTC,1.4047,1.40458,0.00192,0.00135
21.10.2025 11:21:24.497 UTC,1.4047,1.40456,0.00135,0.00135
21.10.2025 11:21:24.601 UTC,1.40469,1.40455,0.00135,0.0036
21.10.2025 11:21:24.803 UTC,1.40469,1.40456,0.00135,0.0012
21.10.2025 11:21:25.447 UTC,1.40468,1.40457,0.0018,0.0012
21.10.2025 11:21:25.551 UTC,1.40469,1.40455,0.00135,0.00315
21.10.2025 11:21:28.972 UTC,1.40468,1.40457,0.00135,0.0012
21.10.2025 11:21:29.124 UTC,1.40469,1.40455,0.00135,0.00225
21.10.2025 11:21:46.777 UTC,1.4047,1.40458,0.00135,0.0012
21.10.2025 11:21:47.789 UTC,1.40471,1.40457,0.0018,0.00135
21.10.2025 11:21:48.752 UTC,1.40471,1.40457,0.00135,0.0018
21.10.2025 11:21:56.579 UTC,1.4047,1.40458,0.0018,0.00135
21.10.2025 11:21:58.038 UTC,1.4047,1.40458,0.00135,0.0018
21.10.2025 11:21:58.793 UTC,1.4047,1.40458,0.0018,0.00135
21.10.2025 11:21:58.897 UTC,1.40469,1.40456,0.00135,0.0024
21.10.2025 11:21:58.999 UTC,1.40469,1.40456,0.00135,0.0012
21.10.2025 11:22:11.139 UTC,1.40469,1.40455,0.00135,0.00225
21.10.2025 11:22:13.083 UTC,1.40469,1.40456,0.00135,0.0012
21.10.2025 11:22:13.639 UTC,1.40469,1.40455,0.00135,0.00135
21.10.2025 11:22:16.910 UTC,1.40468,1.40454,0.0018,0.0012
21.10.2025 11:22:17.014 UTC,1.40464,1.40454,0.0012,0.00135
21.10.2025 11:22:17.117 UTC,1.40465,1.40454,0.0018,0.0012
21.10.2025 11:22:17.827 UTC,1.40467,1.40454,0.0012,0.0012
21.10.2025 11:22:17.930 UTC,1.40466,1.40456,0.0012,0.0012
21.10.2025 11:22:20.046 UTC,1.40467,1.40454,0.0012,0.00132
21.10.2025 11:22:23.418 UTC,1.40467,1.40453,0.0012,0.00132
21.10.2025 11:22:24.589 UTC,1.40466,1.40451,0.00234,0.00315
21.10.2025 11:22:24.692 UTC,1.40465,1.40451,0.00135,0.00132
21.10.2025 11:22:25.756 UTC,1.40462,1.4045,0.0012,0.00324
21.10.2025 11:22:25.860 UTC,1.4046,1.40449,0.0012,0.00135
21.10.2025 11:22:25.963 UTC,1.4046,1.40447,0.0012,0.00192
21.10.2025 11:22:27.025 UTC,1.4046,1.40451,0.0012,0.00132
21.10.2025 11:22:31.197 UTC,1.40461,1.40449,0.0012,0.00189
21.10.2025 11:22:32.353 UTC,1.40461,1.40448,0.0012,0.00189
21.10.2025 11:22:33.115 UTC,1.40461,1.4045,0.0012,0.00189
21.10.2025 11:22:34.952 UTC,1.4046,1.40449,0.0012,0.00414
21.10.2025 11:22:38.029 UTC,1.40461,1.40449,0.0012,0.00234
21.10.2025 11:22:38.234 UTC,1.4046,1.4045,0.0012,0.00237
21.10.2025 11:22:38.388 UTC,1.4046,1.4045,0.0012,0.0012
21.10.2025 11:22:42.664 UTC,1.4046,1.40448,0.0012,0.0012
21.10.2025 11:22:44.737 UTC,1.40459,1.40447,0.0012,0.00132
21.10.2025 11:22:48.655 UTC,1.40458,1.40447,0.00135,0.00121
21.10.2025 11:22:48.759 UTC,1.40458,1.40446,0.00135,0.00121
21.10.2025 11:22:52.982 UTC,1.40457,1.40443,0.0018,0.00369
21.10.2025 11:22:53.035 UTC,1.40454,1.40441,0.0012,0.00262
21.10.2025 11:22:53.138 UTC,1.40452,1.40439,0.0012,0.00132
21.10.2025 11:22:53.293 UTC,1.40451,1.40439,0.0012,0.00132
21.10.2025 11:22:53.396 UTC,1.4045,1.40439,0.0012,0.00324
21.10.2025 11:22:53.550 UTC,1.4045,1.4044,0.0012,0.00135
21.10.2025 11:22:53.856 UTC,1.4045,1.40438,0.0012,0.00132
21.10.2025 11:22:57.627 UTC,1.40451,1.40439,0.0012,0.00144
21.10.2025 11:22:57.780 UTC,1.40452,1.40441,0.0012,0.0012
21.10.2025 11:22:57.831 UTC,1.40453,1.40442,0.00225,0.0018
21.10.2025 11:22:58.440 UTC,1.40454,1.40442,0.0012,0.00189
21.10.2025 11:22:59.449 UTC,1.40455,1.40441,0.0012,0.00237
21.10.2025 11:23:03.980 UTC,1.40454,1.40442,0.0018,0.00234
21.10.2025 11:23:05.187 UTC,1.40455,1.40441,0.00135,0.00372
21.10.2025 11:23:05.390 UTC,1.40455,1.40441,0.00135,0.00369
21.10.2025 11:23:08.602 UTC,1.40455,1.40441,0.00135,0.00282
21.10.2025 11:23:10.207 UTC,1.40453,1.40442,0.0012,0.00369
21.10.2025 11:23:15.319 UTC,1.40453,1.40444,0.0012,0.00234
21.10.2025 11:23:15.423 UTC,1.40457,1.40444,0.00135,0.00192
21.10.2025 11:23:15.526 UTC,1.40457,1.40446,0.0012,0.0012
21.10.2025 11:23:19.223 UTC,1.40455,1.40444,0.0012,0.00294
21.10.2025 11:23:23.096 UTC,1.40456,1.40445,0.0012,0.00132
21.10.2025 11:23:23.198 UTC,1.40457,1.40445,0.0012,0.00144
21.10.2025 11:23:23.555 UTC,1.40457,1.40447,0.0012,0.00132
21.10.2025 11:23:25.981 UTC,1.40457,1.40448,0.0012,0.0012
21.10.2025 11:23:26.286 UTC,1.40458,1.40448,0.0012,0.00144
21.10.2025 11:23:27.095 UTC,1.40459,1.40447,0.0012,0.00192
21.10.2025 11:23:31.137 UTC,1.4046,1.40447,0.0012,0.00132
21.10.2025 11:23:32.699 UTC,1.4046,1.40446,0.00135,0.00144
21.10.2025 11:23:33.553 UTC,1.40461,1.40447,0.0024,0.0012
21.10.2025 11:23:33.755 UTC,1.40461,1.40447,0.00225,0.00135
21.10.2025 11:23:39.149 UTC,1.4046,1.40447,0.0012,0.00135
21.10.2025 11:23:42.064 UTC,1.40461,1.40447,0.00225,0.00144
21.10.2025 11:23:42.267 UTC,1.4046,1.40448,0.0024,0.00132
21.10.2025 11:23:42.469 UTC,1.40459,1.40447,0.0012,0.00144
21.10.2025 11:23:50.730 UTC,1.40459,1.40446,0.0012,0.00324
21.10.2025 11:23:52.041 UTC,1.40458,1.40445,0.0012,0.00192
21.10.2025 11:23:53.051 UTC,1.40457,1.40446,0.0012,0.00144
21.10.2025 11:23:55.262 UTC,1.40454,1.40444,0.0012,0.0027
21.10.2025 11:23:55.366 UTC,1.4045,1.40442,0.0012,0.0012
21.10.2025 11:23:55.470 UTC,1.40451,1.4044,0.0012,0.00279
21.10.2025 11:23:55.574 UTC,1.40451,1.40438,0.0012,0.00189
21.10.2025 11:23:55.779 UTC,1.40449,1.40439,0.0012,0.00132
21.10.2025 11:23:57.004 UTC,1.4045,1.40437,0.0012,0.00189
21.10.2025 11:23:57.260 UTC,1.40448,1.40438,0.0012,0.00135
21.10.2025 11:23:57.363 UTC,1.40448,1.40436,0.0018,0.0018
21.10.2025 11:23:57.465 UTC,1.40447,1.40437,0.0018,0.0012
21.10.2025 11:23:57.821 UTC,1.40449,1.40438,0.0012,0.0012
21.10.2025 11:23:57.974 UTC,1.40449,1.40437,0.0012,0.00132
21.10.2025 11:23:58.127 UTC,1.40449,1.40438,0.0012,0.0012
21.10.2025 11:23:58.580 UTC,1.40448,1.40438,0.0012,0.00132
21.10.2025 11:24:02.105 UTC,1.40447,1.40438,0.0012,0.0012
21.10.2025 11:24:02.208 UTC,1.40447,1.40435,0.0012,0.00339
21.10.2025 11:24:02.310 UTC,1.40448,1.40434,0.0012,0.00339
21.10.2025 11:24:03.323 UTC,1.40448,1.40436,0.0012,0.0012
21.10.2025 11:24:06.089 UTC,1.40448,1.40435,0.0012,0.00189
21.10.2025 11:24:09.508 UTC,1.40448,1.40436,0.0012,0.00135
21.10.2025 11:24:10.113 UTC,1.40448,1.40435,0.0012,0.00234
21.10.2025 11:24:10.215 UTC,1.40448,1.40435,0.0012,0.00249
21.10.2025 11:24:11.275 UTC,1.40449,1.40436,0.00135,0.00282
21.10.2025 11:24:11.379 UTC,1.40449,1.40438,0.0012,0.0012
21.10.2025 11:24:14.101 UTC,1.4045,1.40438,0.0012,0.0012
21.10.2025 11:24:14.555 UTC,1.40448,1.40438,0.0012,0.0012
21.10.2025 11:24:15.113 UTC,1.40448,1.40437,0.0012,0.00279
21.10.2025 11:24:16.119 UTC,1.40449,1.40436,0.0012,0.00297
21.10.2025 11:24:28.887 UTC,1.40448,1.40436,0.0012,0.00135
21.10.2025 11:24:28.991 UTC,1.40447,1.40434,0.0012,0.00192
21.10.2025 11:24:29.042 UTC,1.40447,1.40434,0.0012,0.0012
21.10.2025 11:24:29.297 UTC,1.40447,1.40433,0.0012,0.00234
21.10.2025 11:24:29.399 UTC,1.40447,1.40434,0.0012,0.0012
21.10.2025 11:24:29.501 UTC,1.40447,1.40433,0.0012,0.00234
21.10.2025 11:24:30.194 UTC,1.40447,1.40434,0.0012,0.00132
21.10.2025 11:24:32.917 UTC,1.40446,1.40437,0.0012,0.0012
21.10.2025 11:24:33.169 UTC,1.40447,1.40434,0.0012,0.0012
21.10.2025 11:24:33.370 UTC,1.40447,1.40436,0.0012,0.0012
21.10.2025 11:24:33.622 UTC,1.40447,1.40434,0.0012,0.0012
21.10.2025 11:24:33.824 UTC,1.40447,1.40436,0.00135,0.0012
21.10.2025 11:24:34.026 UTC,1.40446,1.40435,0.00135,0.0012
21.10.2025 11:24:34.227 UTC,1.40447,1.40436,0.00135,0.0012
21.10.2025 11:24:34.429 UTC,1.40447,1.40434,0.00135,0.0012
21.10.2025 11:24:34.582 UTC,1.40447,1.40435,0.0012,0.00132
21.10.2025 11:24:34.735 UTC,1.40448,1.40435,0.0012,0.00144
21.10.2025 11:24:44.911 UTC,1.40447,1.40434,0.0012,0.00135
21.10.2025 11:24:45.220 UTC,1.40447,1.40433,0.0012,0.00144
21.10.2025 11:24:45.322 UTC,1.40447,1.40433,0.0012,0.00192
21.10.2025 11:24:45.725 UTC,1.40446,1.40434,0.0012,0.00234
21.10.2025 11:24:49.192 UTC,1.40447,1.40434,0.0012,0.0012
21.10.2025 11:24:49.896 UTC,1.40447,1.40435,0.0012,0.0012
21.10.2025 11:24:50.000 UTC,1.40448,1.40436,0.0012,0.00147
21.10.2025 11:24:52.537 UTC,1.40448,1.40437,0.0012,0.00372
21.10.2025 11:24:53.159 UTC,1.4045,1.40438,0.0012,0.00144
21.10.2025 11:24:53.263 UTC,1.40451,1.40439,0.0012,0.00144
21.10.2025 11:24:53.369 UTC,1.40449,1.40439,0.0012,0.0012
21.10.2025 11:24:53.472 UTC,1.4045,1.40437,0.0012,0.00279
21.10.2025 11:25:03.128 UTC,1.40449,1.40437,0.0012,0.00189
21.10.2025 11:25:05.108 UTC,1.40449,1.40438,0.0012,0.00132
21.10.2025 11:25:07.723 UTC,1.4045,1.40438,0.00135,0.0012
21.10.2025 11:25:18.304 UTC,1.4045,1.40437,0.00135,0.00189
21.10.2025 11:25:18.610 UTC,1.40449,1.40438,0.0018,0.00132
21.10.2025 11:25:18.913 UTC,1.4045,1.40437,0.00135,0.00132
21.10.2025 11:25:28.277 UTC,1.4045,1.40436,0.00135,0.00132
21.10.2025 11:25:28.732 UTC,1.4045,1.40436,0.0012,0.00192
21.10.2025 11:25:30.988 UTC,1.40449,1.40436,0.0012,0.00249
21.10.2025 11:25:39.045 UTC,1.40449,1.40437,0.0012,0.00147
21.10.2025 11:25:39.150 UTC,1.40451,1.40438,0.0012,0.00132
21.10.2025 11:25:39.306 UTC,1.40451,1.40437,0.0012,0.00132
21.10.2025 11:25:39.714 UTC,1.40451,1.40437,0.0012,0.00192
21.10.2025 11:25:44.094 UTC,1.40449,1.40438,0.00135,0.00132
21.10.2025 11:25:45.052 UTC,1.40449,1.40438,0.0012,0.00192
21.10.2025 11:25:45.305 UTC,1.40449,1.40438,0.0012,0.00144
21.10.2025 11:25:48.495 UTC,1.40448,1.40437,0.00225,0.0012
21.10.2025 11:25:49.654 UTC,1.40448,1.40437,0.0018,0.0012
21.10.2025 11:25:50.057 UTC,1.40449,1.40436,0.00135,0.0012
21.10.2025 11:25:57.243 UTC,1.40449,1.40435,0.00135,0.0012
21.10.2025 11:25:58.802 UTC,1.40449,1.40434,0.0018,0.00294
21.10.2025 11:25:58.854 UTC,1.40449,1.40434,0.00225,0.00279
21.10.2025 11:25:59.108 UTC,1.40449,1.40434,0.0018,0.0033
21.10.2025 11:25:59.362 UTC,1.40449,1.40434,0.00225,0.0036
21.10.2025 11:25:59.463 UTC,1.40449,1.40435,0.00135,0.0012
21.10.2025 11:25:59.818 UTC,1.40448,1.40435,0.0018,0.00297
21.10.2025 11:25:59.920 UTC,1.40449,1.40435,0.00225,0.0012
21.10.2025 11:26:00.023 UTC,1.40449,1.40435,0.0018,0.0018
21.10.2025 11:26:00.276 UTC,1.40449,1.40435,0.00225,0.0012
21.10.2025 11:26:00.632 UTC,1.40449,1.40434,0.0018,0.00297
21.10.2025 11:26:01.368 UTC,1.40449,1.40435,0.00225,0.0012
21.10.2025 11:26:05.148 UTC,1.40448,1.40436,0.0018,0.00132
21.10.2025 11:26:06.055 UTC,1.40448,1.40436,0.00225,0.00135
21.10.2025 11:26:07.514 UTC,1.40449,1.40436,0.0012,0.0012
21.10.2025 11:26:07.769 UTC,1.40448,1.40436,0.0012,0.0018
21.10.2025 11:26:08.122 UTC,1.40448,1.40436,0.0012,0.00195
21.10.2025 11:26:08.977 UTC,1.40449,1.40435,0.0012,0.0018
21.10.2025 11:26:10.037 UTC,1.40449,1.40436,0.0012,0.00135
21.10.2025 11:26:10.141 UTC,1.40449,1.40438,0.0012,0.00135
21.10.2025 11:26:10.244 UTC,1.40454,1.40442,0.0024,0.00237
21.10.2025 11:26:10.297 UTC,1.40457,1.40445,0.00225,0.0012
21.10.2025 11:26:10.350 UTC,1.40459,1.40445,0.0012,0.00189
21.10.2025 11:26:10.606 UTC,1.40459,1.40446,0.0012,0.0012
21.10.2025 11:26:16.117 UTC,1.40459,1.40447,0.0012,0.0012
21.10.2025 11:26:18.978 UTC,1.40458,1.40447,0.0012,0.00225
21.10.2025 11:26:19.836 UTC,1.40459,1.40446,0.0012,0.00285
21.10.2025 11:26:20.341 UTC,1.40458,1.40447,0.0012,0.00225
21.10.2025 11:26:24.007 UTC,1.4046,1.40447,0.0012,0.0018
21.10.2025 11:26:29.279 UTC,1.40459,1.40448,0.0012,0.0012
21.10.2025 11:26:30.033 UTC,1.40459,1.40448,0.0012,0.0024
21.10.2025 11:26:30.235 UTC,1.40459,1.40448,0.0012,0.00225
21.10.2025 11:26:35.840 UTC,1.40461,1.40447,0.00324,0.0018
21.10.2025 11:26:35.942 UTC,1.40459,1.40448,0.0012,0.00135
21.10.2025 11:26:36.045 UTC,1.40459,1.40447,0.00135,0.00225
21.10.2025 11:26:38.859 UTC,1.4046,1.40446,0.0012,0.00285
21.10.2025 11:26:46.181 UTC,1.40459,1.40447,0.0012,0.0033
21.10.2025 11:26:46.484 UTC,1.4046,1.40446,0.0012,0.00375
21.10.2025 11:26:49.063 UTC,1.4046,1.40448,0.00234,0.00135
21.10.2025 11:26:49.166 UTC,1.40461,1.40447,0.00189,0.0018
21.10.2025 11:26:50.022 UTC,1.40461,1.40447,0.00234,0.00135
21.10.2025 11:26:51.027 UTC,1.4046,1.40448,0.00189,0.0018
21.10.2025 11:26:52.131 UTC,1.4046,1.40448,0.00234,0.00135
21.10.2025 11:27:00.492 UTC,1.4046,1.40446,0.00135,0.0033
21.10.2025 11:27:01.098 UTC,1.40461,1.40447,0.0012,0.00195
21.10.2025 11:27:06.086 UTC,1.40461,1.40447,0.00315,0.0027
21.10.2025 11:27:06.944 UTC,1.4046,1.40448,0.0027,0.00285
21.10.2025 11:27:07.849 UTC,1.40461,1.40447,0.00225,0.00225
21.10.2025 11:27:07.951 UTC,1.40461,1.40447,0.0018,0.00285
21.10.2025 11:27:10.066 UTC,1.40461,1.40447,0.00225,0.00225
21.10.2025 11:27:10.220 UTC,1.40461,1.40447,0.0018,0.00285
21.10.2025 11:27:10.525 UTC,1.40462,1.40449,0.0012,0.0012
21.10.2025 11:27:10.924 UTC,1.40461,1.40448,0.00315,0.00324
21.10.2025 11:27:11.030 UTC,1.40461,1.40447,0.0012,0.00375
21.10.2025 11:27:11.437 UTC,1.40461,1.40447,0.00135,0.0027
21.10.2025 11:27:12.244 UTC,1.40461,1.40447,0.0012,0.00285
21.10.2025 11:27:12.346 UTC,1.40461,1.40447,0.00135,0.00225
21.10.2025 11:27:12.447 UTC,1.40461,1.40447,0.0012,0.00285
21.10.2025 11:27:12.599 UTC,1.4046,1.40448,0.00135,0.00225
21.10.2025 11:27:13.004 UTC,1.40461,1.40447,0.0012,0.00384
21.10.2025 11:27:13.106 UTC,1.40461,1.40447,0.0012,0.00324
21.10.2025 11:27:13.259 UTC,1.4046,1.40448,0.0012,0.00384
21.10.2025 11:27:13.362 UTC,1.40461,1.4045,0.0012,0.00132
21.10.2025 11:27:14.476 UTC,1.40462,1.40448,0.00225,0.0027
21.10.2025 11:27:14.579 UTC,1.40462,1.40449,0.0012,0.00135
21.10.2025 11:27:15.285 UTC,1.40462,1.40448,0.00225,0.00135
21.10.2025 11:27:15.490 UTC,1.40462,1.40449,0.00135,0.0012
21.10.2025 11:27:16.448 UTC,1.40462,1.40448,0.0024,0.00135
21.10.2025 11:27:16.655 UTC,1.40461,1.40447,0.00249,0.00135
21.10.2025 11:27:16.960 UTC,1.40461,1.40447,0.00234,0.00135
21.10.2025 11:27:19.436 UTC,1.40461,1.40447,0.0018,0.00195
21.10.2025 11:27:19.539 UTC,1.40461,1.40447,0.00225,0.00135
21.10.2025 11:27:20.146 UTC,1.40461,1.40447,0.0018,0.00195
21.10.2025 11:27:22.037 UTC,1.40461,1.40447,0.00225,0.0018
21.10.2025 11:27:22.190 UTC,1.40461,1.40447,0.0018,0.00195
21.10.2025 11:27:24.100 UTC,1.40461,1.40447,0.00225,0.0018
21.10.2025 11:27:24.253 UTC,1.40461,1.40447,0.0018,0.00195
21.10.2025 11:27:26.261 UTC,1.40461,1.40447,0.00225,0.0018
21.10.2025 11:27:26.363 UTC,1.40461,1.40447,0.0018,0.00195
21.10.2025 11:27:27.117 UTC,1.40461,1.40447,0.00225,0.0018
21.10.2025 11:27:28.376 UTC,1.40461,1.40447,0.0018,0.00195
21.10.2025 11:27:28.478 UTC,1.40461,1.40447,0.00225,0.00135
21.10.2025 11:27:32.455 UTC,1.4046,1.40448,0.0024,0.00135
21.10.2025 11:27:32.708 UTC,1.40459,1.40447,0.00135,0.00189
21.10.2025 11:27:32.811 UTC,1.40458,1.40446,0.0018,0.0018
21.10.2025 11:27:33.318 UTC,1.40458,1.40448,0.0012,0.0012
21.10.2025 11:27:34.084 UTC,1.40461,1.40447,0.00135,0.00135
21.10.2025 11:27:44.230 UTC,1.40461,1.40447,0.00132,0.0012
21.10.2025 11:27:44.281 UTC,1.4046,1.40447,0.00132,0.00384
21.10.2025 11:27:44.434 UTC,1.40461,1.40446,0.00144,0.00369
21.10.2025 11:27:45.180 UTC,1.40461,1.40446,0.00153,0.00375
21.10.2025 11:27:45.384 UTC,1.40461,1.40447,0.0012,0.0018
21.10.2025 11:27:45.537 UTC,1.40461,1.40447,0.00135,0.0012
21.10.2025 11:27:46.495 UTC,1.4046,1.40447,0.00144,0.00315
21.10.2025 11:27:46.598 UTC,1.40461,1.40447,0.00135,0.00135
21.10.2025 11:27:47.003 UTC,1.4046,1.40447,0.0012,0.0012
21.10.2025 11:27:47.256 UTC,1.40459,1.40447,0.0012,0.0027
21.10.2025 11:27:47.610 UTC,1.4046,1.40446,0.0012,0.0024
21.10.2025 11:27:48.719 UTC,1.40459,1.40447,0.0012,0.00189
21.10.2025 11:27:48.872 UTC,1.40459,1.40447,0.0012,0.0024
21.10.2025 11:27:49.325 UTC,1.4046,1.40446,0.0012,0.00207
21.10.2025 11:27:49.882 UTC,1.40459,1.40447,0.0012,0.0027
21.10.2025 11:27:50.187 UTC,1.4046,1.40446,0.0012,0.0024
21.10.2025 11:27:50.540 UTC,1.40461,1.40446,0.00135,0.00297
21.10.2025 11:27:51.248 UTC,1.40461,1.40446,0.00225,0.00279
21.10.2025 11:27:53.415 UTC,1.40462,1.4045,0.00135,0.0012
21.10.2025 11:27:53.518 UTC,1.40463,1.40449,0.00225,0.00192
21.10.2025 11:28:00.115 UTC,1.40462,1.40449,0.00252,0.00135
21.10.2025 11:28:00.220 UTC,1.40459,1.40449,0.00132,0.0012
21.10.2025 11:28:00.424 UTC,1.40458,1.40445,0.00234,0.0024
21.10.2025 11:28:01.132 UTC,1.40455,1.40444,0.00132,0.0024
21.10.2025 11:28:01.235 UTC,1.40454,1.40443,0.00189,0.0012
21.10.2025 11:28:01.338 UTC,1.40455,1.40443,0.00135,0.00192
21.10.2025 11:28:01.441 UTC,1.40456,1.40444,0.0012,0.00192
21.10.2025 11:28:01.594 UTC,1.40457,1.40444,0.0012,0.0018
21.10.2025 11:28:01.749 UTC,1.40456,1.40444,0.0018,0.00249
21.10.2025 11:28:01.852 UTC,1.40457,1.40444,0.0012,0.00132
21.10.2025 11:28:04.335 UTC,1.40457,1.40445,0.00135,0.0024
21.10.2025 11:28:04.638 UTC,1.40455,1.40443,0.00135,0.0033
21.10.2025 11:28:04.742 UTC,1.40454,1.40439,0.0018,0.0033
21.10.2025 11:28:06.529 UTC,1.40454,1.40441,0.0012,0.0018
21.10.2025 11:28:06.786 UTC,1.40454,1.4044,0.00225,0.0018
21.10.2025 11:28:07.498 UTC,1.40454,1.40443,0.0018,0.00135
21.10.2025 11:28:07.602 UTC,1.40456,1.40443,0.00135,0.0012
21.10.2025 11:28:07.858 UTC,1.40457,1.40443,0.00225,0.0027
21.10.2025 11:28:07.961 UTC,1.40457,1.40444,0.00135,0.0012
21.10.2025 11:28:09.623 UTC,1.40456,1.40443,0.0018,0.0018
21.10.2025 11:28:09.778 UTC,1.40456,1.40444,0.0018,0.00225
21.10.2025 11:28:13.599 UTC,1.40454,1.40441,0.00135,0.0024
21.10.2025 11:28:13.703 UTC,1.40451,1.40439,0.0018,0.00195
21.10.2025 11:28:13.755 UTC,1.4045,1.40438,0.0018,0.0018
21.10.2025 11:28:14.162 UTC,1.4045,1.40438,0.0018,0.00135
21.10.2025 11:28:18.057 UTC,1.40451,1.40437,0.0024,0.00135
21.10.2025 11:28:19.068 UTC,1.40451,1.40437,0.00225,0.00285
21.10.2025 11:28:19.522 UTC,1.40451,1.40437,0.0018,0.0018
21.10.2025 11:28:19.624 UTC,1.40451,1.40437,0.00135,0.00195
21.10.2025 11:28:20.180 UTC,1.40451,1.40437,0.0018,0.00135
21.10.2025 11:28:21.242 UTC,1.40451,1.40437,0.00135,0.0027
21.10.2025 11:28:28.333 UTC,1.40453,1.40444,0.0012,0.0012
21.10.2025 11:28:28.409 UTC,1.40457,1.40446,0.00285,0.0012
21.10.2025 11:28:28.462 UTC,1.4046,1.40446,0.0012,0.0018
21.10.2025 11:28:28.869 UTC,1.40458,1.40446,0.0012,0.00339
21.10.2025 11:28:30.083 UTC,1.40458,1.40446,0.0012,0.00135
21.10.2025 11:28:30.489 UTC,1.40459,1.40445,0.00135,0.00147
21.10.2025 11:28:30.593 UTC,1.4046,1.40448,0.00285,0.00132
21.10.2025 11:28:30.695 UTC,1.40459,1.40447,0.00135,0.00252
21.10.2025 11:28:32.610 UTC,1.40459,1.40447,0.0018,0.00192
21.10.2025 11:28:32.762 UTC,1.40459,1.40447,0.0018,0.00144
21.10.2025 11:28:38.636 UTC,1.40456,1.40445,0.0012,0.00135
21.10.2025 11:28:38.739 UTC,1.40455,1.40443,0.0027,0.00249
21.10.2025 11:28:38.791 UTC,1.40456,1.40442,0.0027,0.00234
21.10.2025 11:28:42.646 UTC,1.40456,1.40442,0.0012,0.00327
21.10.2025 11:28:42.750 UTC,1.40457,1.40443,0.0036,0.0018
21.10.2025 11:28:43.305 UTC,1.40457,1.40443,0.0033,0.0018
21.10.2025 11:28:43.810 UTC,1.40457,1.40443,0.0036,0.0018
21.10.2025 11:28:44.163 UTC,1.40457,1.40443,0.00285,0.0018
21.10.2025 11:28:45.720 UTC,1.40457,1.40443,0.0027,0.0018
21.10.2025 11:28:46.274 UTC,1.40456,1.40444,0.00285,0.0018
21.10.2025 11:28:48.695 UTC,1.40457,1.40443,0.0027,0.0018
21.10.2025 11:28:48.998 UTC,1.40456,1.40444,0.00285,0.0018
21.10.2025 11:28:49.100 UTC,1.40459,1.40446,0.00375,0.0012
21.10.2025 11:28:49.203 UTC,1.4046,1.40446,0.0012,0.0018
21.10.2025 11:28:49.852 UTC,1.4046,1.40447,0.00279,0.00252
21.10.2025 11:28:50.764 UTC,1.40461,1.40446,0.00249,0.00252
21.10.2025 11:28:51.470 UTC,1.40459,1.40448,0.0012,0.00237
21.10.2025 11:28:57.156 UTC,1.40461,1.40451,0.00135,0.0012
21.10.2025 11:28:57.311 UTC,1.4046,1.40448,0.0012,0.0018
21.10.2025 11:28:57.414 UTC,1.4046,1.40447,0.00135,0.00234
21.10.2025 11:29:00.169 UTC,1.40463,1.40451,0.0033,0.0012
21.10.2025 11:29:00.935 UTC,1.40464,1.40451,0.0012,0.00234
21.10.2025 11:29:01.191 UTC,1.40465,1.40452,0.0012,0.00132
21.10.2025 11:29:01.295 UTC,1.40464,1.40452,0.0012,0.00132
21.10.2025 11:29:02.556 UTC,1.40463,1.40452,0.0012,0.00135
21.10.2025 11:29:02.710 UTC,1.40463,1.4045,0.0012,0.0024
21.10.2025 11:29:02.813 UTC,1.4046,1.4045,0.0012,0.0018
21.10.2025 11:29:02.916 UTC,1.4046,1.40449,0.0012,0.0012
21.10.2025 11:29:15.075 UTC,1.4046,1.4045,0.00195,0.0012
21.10.2025 11:29:15.376 UTC,1.40461,1.40447,0.00195,0.00144
21.10.2025 11:29:15.528 UTC,1.40461,1.40447,0.0024,0.00144
21.10.2025 11:29:17.282 UTC,1.40461,1.40447,0.00195,0.00144
21.10.2025 11:29:18.441 UTC,1.40461,1.40447,0.0024,0.00144
21.10.2025 11:29:18.995 UTC,1.40461,1.40447,0.00195,0.00144
21.10.2025 11:29:19.397 UTC,1.4046,1.40448,0.0024,0.00144
21.10.2025 11:29:19.501 UTC,1.40459,1.40446,0.00135,0.0018
21.10.2025 11:29:20.109 UTC,1.40459,1.40447,0.00225,0.00195
21.10.2025 11:29:20.210 UTC,1.4046,1.40446,0.0024,0.0018
21.10.2025 11:29:20.363 UTC,1.4046,1.40446,0.00225,0.00195
21.10.2025 11:29:25.465 UTC,1.40459,1.40446,0.0012,0.0024
21.10.2025 11:29:30.149 UTC,1.4046,1.40445,0.00225,0.00258
21.10.2025 11:29:30.754 UTC,1.4046,1.40445,0.0024,0.00303
21.10.2025 11:29:32.509 UTC,1.40459,1.40446,0.00225,0.00258
21.10.2025 11:29:35.940 UTC,1.40459,1.40447,0.0024,0.0018
21.10.2025 11:29:36.095 UTC,1.40454,1.40443,0.0012,0.00135
21.10.2025 11:29:36.201 UTC,1.40451,1.40443,0.0012,0.00135
21.10.2025 11:29:38.873 UTC,1.4045,1.40443,0.0012,0.00135
21.10.2025 11:29:39.378 UTC,1.40449,1.40438,0.0012,0.00204
21.10.2025 11:29:46.493 UTC,1.40451,1.40438,0.00135,0.00192
21.10.2025 11:29:48.359 UTC,1.40451,1.40437,0.0024,0.00249
21.10.2025 11:29:48.463 UTC,1.40449,1.40438,0.0024,0.0018
21.10.2025 11:29:48.566 UTC,1.4045,1.40437,0.00135,0.00135
21.10.2025 11:29:52.546 UTC,1.4045,1.40436,0.0018,0.00249
21.10.2025 11:29:54.985 UTC,1.4045,1.40436,0.00135,0.00294
21.10.2025 11:29:59.971 UTC,1.40449,1.40436,0.0012,0.00285
21.10.2025 11:30:01.687 UTC,1.4045,1.40436,0.00135,0.00195
21.10.2025 11:30:02.749 UTC,1.40452,1.40437,0.0024,0.0018
21.10.2025 11:30:03.256 UTC,1.40451,1.40439,0.0024,0.00135
21.10.2025 11:30:04.417 UTC,1.40452,1.40438,0.00225,0.0018
21.10.2025 11:30:04.569 UTC,1.40451,1.40438,0.0024,0.00195
21.10.2025 11:30:08.586 UTC,1.40452,1.40437,0.00204,0.0024
21.10.2025 11:30:08.687 UTC,1.40452,1.40437,0.00249,0.00285
21.10.2025 11:30:09.142 UTC,1.40452,1.4044,0.00279,0.0012
21.10.2025 11:30:10.302 UTC,1.40453,1.40438,0.00249,0.00285
21.10.2025 11:30:11.110 UTC,1.4045,1.40438,0.0012,0.00195
21.10.2025 11:30:15.231 UTC,1.40448,1.40438,0.0012,0.00195
21.10.2025 11:30:15.384 UTC,1.40449,1.40437,0.0012,0.0018
21.10.2025 11:30:15.487 UTC,1.40448,1.40437,0.0012,0.00135
21.10.2025 11:30:15.591 UTC,1.40449,1.40437,0.0012,0.00135
21.10.2025 11:30:19.763 UTC,1.40448,1.40436,0.0012,0.00285
21.10.2025 11:30:20.571 UTC,1.40446,1.40436,0.0012,0.0024
21.10.2025 11:30:20.674 UTC,1.40446,1.40437,0.0012,0.00225
21.10.2025 11:30:20.777 UTC,1.40448,1.40436,0.0012,0.0027
21.10.2025 11:30:26.144 UTC,1.40449,1.40437,0.0018,0.00225
21.10.2025 11:30:26.296 UTC,1.40449,1.40437,0.00135,0.0027
21.10.2025 11:30:27.604 UTC,1.4045,1.40436,0.0018,0.00225
21.10.2025 11:30:27.956 UTC,1.4045,1.40436,0.00135,0.00225
21.10.2025 11:30:28.309 UTC,1.40449,1.40437,0.00192,0.00225
21.10.2025 11:30:29.216 UTC,1.40449,1.40437,0.00135,0.0027
21.10.2025 11:30:29.869 UTC,1.4045,1.40436,0.0018,0.00225
21.10.2025 11:30:30.021 UTC,1.40449,1.40437,0.00135,0.0027
21.10.2025 11:30:30.373 UTC,1.4045,1.40436,0.0018,0.00225
21.10.2025 11:30:30.979 UTC,1.40449,1.40437,0.00135,0.0027
21.10.2025 11:30:32.692 UTC,1.4045,1.40436,0.00135,0.00285
21.10.2025 11:30:36.973 UTC,1.40451,1.40436,0.00192,0.00285
21.10.2025 11:30:39.735 UTC,1.4045,1.40437,0.00249,0.0024
21.10.2025 11:30:40.139 UTC,1.40451,1.40436,0.00294,0.00285
21.10.2025 11:30:43.157 UTC,1.40451,1.40436,0.00249,0.0024
21.10.2025 11:30:43.610 UTC,1.40451,1.40436,0.00294,0.0024
21.10.2025 11:30:45.672 UTC,1.40451,1.40436,0.00204,0.0024
21.10.2025 11:30:45.774 UTC,1.40451,1.40436,0.00249,0.00285
21.10.2025 11:30:46.126 UTC,1.40451,1.40436,0.00204,0.0024
21.10.2025 11:30:47.031 UTC,1.40451,1.40436,0.00249,0.00285
21.10.2025 11:30:48.258 UTC,1.40451,1.40436,0.00192,0.0024
21.10.2025 11:30:50.418 UTC,1.40451,1.40437,0.00135,0.0012
21.10.2025 11:30:50.521 UTC,1.40453,1.40437,0.00265,0.00195
21.10.2025 11:30:50.573 UTC,1.40454,1.40441,0.00135,0.0012
21.10.2025 11:30:50.676 UTC,1.40453,1.40444,0.00135,0.0018
21.10.2025 11:30:50.932 UTC,1.40454,1.40441,0.00135,0.0024
21.10.2025 11:30:51.136 UTC,1.40456,1.40442,0.00132,0.0018
21.10.2025 11:30:51.645 UTC,1.40456,1.40442,0.00192,0.0018
21.10.2025 11:30:52.504 UTC,1.40456,1.40441,0.00204,0.0018
21.10.2025 11:30:53.260 UTC,1.40456,1.40441,0.00168,0.00195
21.10.2025 11:30:55.371 UTC,1.40452,1.4044,0.0012,0.0024
21.10.2025 11:30:55.423 UTC,1.40451,1.4044,0.00156,0.0012
21.10.2025 11:30:55.526 UTC,1.40452,1.40439,0.00153,0.00135
21.10.2025 11:30:55.628 UTC,1.40452,1.40437,0.00156,0.0018
21.10.2025 11:30:55.931 UTC,1.40452,1.40437,0.00153,0.0018
21.10.2025 11:30:56.385 UTC,1.40452,1.40437,0.00132,0.0018
21.10.2025 11:30:56.538 UTC,1.40452,1.40437,0.00108,0.0018
21.10.2025 11:30:56.891 UTC,1.40451,1.40438,0.00168,0.0018
21.10.2025 11:30:59.712 UTC,1.40454,1.40442,0.00135,0.0012
21.10.2025 11:30:59.764 UTC,1.40456,1.40443,0.0012,0.00135
21.10.2025 11:30:59.844 UTC,1.40456,1.40445,0.0012,0.0018
21.10.2025 11:30:59.897 UTC,1.40458,1.40445,0.0018,0.0024
21.10.2025 11:31:00.207 UTC,1.40459,1.40443,0.00264,0.0018
21.10.2025 11:31:00.360 UTC,1.40458,1.40445,0.00264,0.0024
21.10.2025 11:31:00.565 UTC,1.40459,1.40444,0.00204,0.0024
21.10.2025 11:31:00.667 UTC,1.40457,1.40443,0.00168,0.0018
21.10.2025 11:31:00.770 UTC,1.40457,1.40442,0.00204,0.0024
21.10.2025 11:31:00.923 UTC,1.40457,1.40443,0.00153,0.0018
21.10.2025 11:31:01.075 UTC,1.40456,1.40444,0.00153,0.0018
21.10.2025 11:31:01.176 UTC,1.40457,1.40443,0.00168,0.0018
21.10.2025 11:31:02.438 UTC,1.4046,1.40445,0.00132,0.0024
21.10.2025 11:31:02.591 UTC,1.4046,1.40446,0.00189,0.0024
21.10.2025 11:31:04.054 UTC,1.4046,1.40446,0.00108,0.0024
21.10.2025 11:31:06.575 UTC,1.4046,1.40447,0.0018,0.0018
21.10.2025 11:31:07.732 UTC,1.4046,1.40446,0.0012,0.0024
21.10.2025 11:31:07.885 UTC,1.4046,1.40446,0.0018,0.0024
21.10.2025 11:31:11.050 UTC,1.40459,1.40447,0.00135,0.00195
21.10.2025 11:31:11.603 UTC,1.40459,1.40446,0.0012,0.0018
21.10.2025 11:31:12.057 UTC,1.40459,1.40447,0.00144,0.0012
21.10.2025 11:31:12.409 UTC,1.40459,1.40446,0.00192,0.00285
21.10.2025 11:31:12.763 UTC,1.4046,1.40446,0.00144,0.00195
21.10.2025 11:31:14.677 UTC,1.4046,1.40446,0.00192,0.0018
21.10.2025 11:31:15.232 UTC,1.40459,1.40447,0.00144,0.00285
21.10.2025 11:31:16.087 UTC,1.4046,1.40446,0.00192,0.0024
21.10.2025 11:31:16.390 UTC,1.40459,1.40447,0.00144,0.0024
21.10.2025 11:31:17.096 UTC,1.4046,1.40446,0.00192,0.0018
21.10.2025 11:31:17.198 UTC,1.40459,1.40447,0.00144,0.00195
21.10.2025 11:31:17.301 UTC,1.40459,1.40447,0.00192,0.0018
21.10.2025 11:31:17.553 UTC,1.4046,1.40446,0.00144,0.0018
21.10.2025 11:31:17.957 UTC,1.4046,1.40446,0.00192,0.0018
21.10.2025 11:31:18.615 UTC,1.40459,1.40447,0.00144,0.0018
21.10.2025 11:31:18.920 UTC,1.40459,1.40447,0.00192,0.0018
21.10.2025 11:31:19.123 UTC,1.4046,1.40446,0.00132,0.0024
21.10.2025 11:31:19.276 UTC,1.40459,1.40447,0.00192,0.0024
21.10.2025 11:31:20.131 UTC,1.40459,1.40447,0.00144,0.00285
21.10.2025 11:31:20.233 UTC,1.40459,1.40447,0.00192,0.0024
21.10.2025 11:31:20.688 UTC,1.40459,1.40447,0.00144,0.00195
21.10.2025 11:31:21.738 UTC,1.4046,1.40446,0.00192,0.0018
21.10.2025 11:31:26.026 UTC,1.4046,1.40446,0.00135,0.0018
21.10.2025 11:31:27.689 UTC,1.40459,1.40447,0.0018,0.0018
21.10.2025 11:31:32.613 UTC,1.40459,1.40446,0.0018,0.0018
21.10.2025 11:31:32.715 UTC,1.40459,1.40446,0.00135,0.0018
21.10.2025 11:31:32.816 UTC,1.40459,1.40446,0.0018,0.0018
21.10.2025 11:31:33.519 UTC,1.40458,1.40447,0.00135,0.0018
21.10.2025 11:31:35.928 UTC,1.4046,1.40445,0.00204,0.00285
21.10.2025 11:31:36.080 UTC,1.4046,1.40446,0.00144,0.0012
21.10.2025 11:31:36.334 UTC,1.4046,1.40446,0.00192,0.0018
21.10.2025 11:31:38.959 UTC,1.4046,1.40446,0.00144,0.00285
21.10.2025 11:31:39.111 UTC,1.4046,1.40446,0.00192,0.0024
21.10.2025 11:31:39.263 UTC,1.4046,1.40446,0.00144,0.00285
21.10.2025 11:31:39.466 UTC,1.4046,1.40446,0.00192,0.0018
21.10.2025 11:31:39.618 UTC,1.4046,1.40446,0.00144,0.00195
21.10.2025 11:31:40.525 UTC,1.40459,1.40445,0.00135,0.0018
21.10.2025 11:31:40.718 UTC,1.40458,1.40446,0.0018,0.0018
21.10.2025 11:31:41.077 UTC,1.40454,1.40443,0.00132,0.0024
21.10.2025 11:31:41.183 UTC,1.40453,1.40443,0.00189,0.0018
21.10.2025 11:31:41.288 UTC,1.40453,1.40441,0.00132,0.00285
21.10.2025 11:31:41.744 UTC,1.40454,1.40441,0.00132,0.00285
21.10.2025 11:31:41.846 UTC,1.40454,1.40441,0.00192,0.00285
21.10.2025 11:31:45.230 UTC,1.40453,1.40443,0.00135,0.0012
21.10.2025 11:31:45.331 UTC,1.40454,1.40442,0.0018,0.0012
21.10.2025 11:31:45.587 UTC,1.40452,1.40442,0.0018,0.00285
21.10.2025 11:31:46.294 UTC,1.40454,1.40441,0.0018,0.00285
21.10.2025 11:31:49.437 UTC,1.40454,1.4044,0.0024,0.0018
21.10.2025 11:31:50.142 UTC,1.40453,1.40438,0.0018,0.00339
21.10.2025 11:31:50.447 UTC,1.40454,1.40439,0.00375,0.0024
21.10.2025 11:31:50.550 UTC,1.40454,1.40439,0.0024,0.00249
21.10.2025 11:31:50.755 UTC,1.40452,1.4044,0.0018,0.0018
21.10.2025 11:31:51.213 UTC,1.40453,1.40438,0.0024,0.00294
21.10.2025 11:31:51.770 UTC,1.40452,1.40437,0.0024,0.00294
21.10.2025 11:31:52.325 UTC,1.40452,1.40438,0.00225,0.0012
21.10.2025 11:31:52.831 UTC,1.40452,1.40437,0.0024,0.00294
21.10.2025 11:31:53.837 UTC,1.40452,1.40437,0.00225,0.00294
21.10.2025 11:31:55.646 UTC,1.40452,1.40437,0.0024,0.00294
21.10.2025 11:31:55.897 UTC,1.40452,1.40437,0.00225,0.00294
21.10.2025 11:31:57.405 UTC,1.40453,1.40438,0.0024,0.00252
21.10.2025 11:31:57.457 UTC,1.40454,1.40439,0.0018,0.00297
21.10.2025 11:31:57.662 UTC,1.40452,1.40438,0.00135,0.0018
21.10.2025 11:31:59.924 UTC,1.40453,1.40438,0.0024,0.0018
21.10.2025 11:32:00.226 UTC,1.40453,1.40438,0.00285,0.00195
21.10.2025 11:32:00.328 UTC,1.40453,1.40438,0.0024,0.0018
21.10.2025 11:32:01.085 UTC,1.40454,1.40439,0.0018,0.00294
21.10.2025 11:32:01.188 UTC,1.40455,1.4044,0.0024,0.00297
21.10.2025 11:32:03.100 UTC,1.40453,1.40439,0.0027,0.00192
21.10.2025 11:32:03.203 UTC,1.40452,1.40438,0.0012,0.00192
21.10.2025 11:32:03.254 UTC,1.40451,1.40439,0.0012,0.00192
21.10.2025 11:32:03.356 UTC,1.40452,1.40437,0.0018,0.00387
21.10.2025 11:32:03.960 UTC,1.40452,1.40439,0.00195,0.00249
21.10.2025 11:32:04.466 UTC,1.40452,1.4044,0.0018,0.0018
21.10.2025 11:32:05.828 UTC,1.40452,1.40441,0.0012,0.00195
21.10.2025 11:32:05.880 UTC,1.40455,1.40442,0.0012,0.0018
21.10.2025 11:32:05.932 UTC,1.40457,1.40442,0.0012,0.00189
21.10.2025 11:32:05.984 UTC,1.40456,1.40443,0.00135,0.00192
21.10.2025 11:32:06.187 UTC,1.40456,1.40443,0.0018,0.00192
21.10.2025 11:32:06.440 UTC,1.40457,1.40442,0.0018,0.00192
21.10.2025 11:32:06.493 UTC,1.40457,1.40444,0.00135,0.00135
21.10.2025 11:32:06.595 UTC,1.40456,1.40444,0.00135,0.00249
21.10.2025 11:32:06.647 UTC,1.40459,1.40445,0.0018,0.00135
21.10.2025 11:32:06.750 UTC,1.40459,1.40445,0.0018,0.0018
21.10.2025 11:32:13.367 UTC,1.40457,1.40444,0.0012,0.00192
21.10.2025 11:32:13.420 UTC,1.40457,1.40446,0.0012,0.00135
21.10.2025 11:32:13.523 UTC,1.40459,1.40445,0.0012,0.00249
21.10.2025 11:32:13.625 UTC,1.40459,1.40445,0.0018,0.00249
21.10.2025 11:32:13.879 UTC,1.40458,1.40446,0.00135,0.00249
21.10.2025 11:32:14.534 UTC,1.40458,1.40446,0.0018,0.00249
21.10.2025 11:32:14.887 UTC,1.40459,1.40445,0.00135,0.00249
21.10.2025 11:32:15.993 UTC,1.40459,1.40445,0.0018,0.0018
21.10.2025 11:32:16.095 UTC,1.40459,1.40444,0.00135,0.00249
21.10.2025 11:32:16.248 UTC,1.40458,1.40445,0.0012,0.00249
21.10.2025 11:32:16.501 UTC,1.40459,1.40444,0.00135,0.00249
21.10.2025 11:32:16.654 UTC,1.40459,1.40444,0.0018,0.00249
21.10.2025 11:32:16.807 UTC,1.40458,1.40444,0.0012,0.0018
21.10.2025 11:32:16.912 UTC,1.40455,1.40443,0.0018,0.0018
21.10.2025 11:32:16.963 UTC,1.40456,1.40442,0.0018,0.0018
21.10.2025 11:32:17.928 UTC,1.40454,1.40442,0.0018,0.00192
21.10.2025 11:32:18.438 UTC,1.40455,1.40441,0.00135,0.00192
21.10.2025 11:32:20.357 UTC,1.40456,1.40442,0.0024,0.0018
21.10.2025 11:32:20.511 UTC,1.40456,1.40442,0.00285,0.0018
21.10.2025 11:32:20.564 UTC,1.40455,1.40446,0.0012,0.0012
21.10.2025 11:32:20.667 UTC,1.40456,1.40446,0.0012,0.0012
21.10.2025 11:32:22.079 UTC,1.40456,1.40446,0.0018,0.0012
21.10.2025 11:32:22.231 UTC,1.40456,1.40446,0.00195,0.0012
21.10.2025 11:32:22.684 UTC,1.40456,1.40446,0.0012,0.0012
21.10.2025 11:32:22.837 UTC,1.40455,1.40447,0.00195,0.0012
21.10.2025 11:32:23.190 UTC,1.40456,1.40446,0.0018,0.0012
21.10.2025 11:32:24.094 UTC,1.40455,1.40447,0.0012,0.0012
21.10.2025 11:32:24.648 UTC,1.40456,1.40446,0.0012,0.0012
21.10.2025 11:32:24.800 UTC,1.40455,1.40447,0.0012,0.0012
21.10.2025 11:32:25.153 UTC,1.40456,1.40446,0.0012,0.0012
21.10.2025 11:32:25.406 UTC,1.40458,1.40447,0.00285,0.0012
21.10.2025 11:32:25.864 UTC,1.40457,1.40449,0.0024,0.0012
21.10.2025 11:32:26.422 UTC,1.40457,1.40447,0.0012,0.00135
21.10.2025 11:32:26.626 UTC,1.40457,1.40446,0.0012,0.0012
21.10.2025 11:32:31.626 UTC,1.40457,1.40448,0.00285,0.0012
21.10.2025 11:32:32.534 UTC,1.40458,1.40447,0.00135,0.0012
21.10.2025 11:32:39.216 UTC,1.40458,1.40448,0.0012,0.00135
21.10.2025 11:32:39.369 UTC,1.40459,1.40447,0.00135,0.00135
21.10.2025 11:32:39.672 UTC,1.40459,1.40447,0.0018,0.00135
21.10.2025 11:32:40.024 UTC,1.40459,1.40447,0.0012,0.00135
21.10.2025 11:32:40.326 UTC,1.40459,1.40447,0.0018,0.00135
21.10.2025 11:32:43.212 UTC,1.4046,1.40446,0.00315,0.0018
21.10.2025 11:32:43.868 UTC,1.40459,1.40446,0.00135,0.0018
21.10.2025 11:32:44.875 UTC,1.40461,1.40448,0.0025,0.0012
21.10.2025 11:32:44.977 UTC,1.40461,1.40448,0.00295,0.0012
21.10.2025 11:32:45.537 UTC,1.40461,1.40448,0.00285,0.0012
21.10.2025 11:32:46.241 UTC,1.4046,1.40448,0.00195,0.0012
21.10.2025 11:32:48.102 UTC,1.4046,1.40448,0.0018,0.0012
21.10.2025 11:32:51.315 UTC,1.4046,1.40448,0.00195,0.0012
21.10.2025 11:32:51.471 UTC,1.4046,1.40447,0.00192,0.00135
21.10.2025 11:32:51.575 UTC,1.40458,1.40445,0.0012,0.0018
21.10.2025 11:32:51.677 UTC,1.40458,1.40446,0.0012,0.0012
21.10.2025 11:32:52.323 UTC,1.40458,1.40446,0.00132,0.0012
21.10.2025 11:32:54.996 UTC,1.40458,1.40446,0.0024,0.0012
21.10.2025 11:32:56.805 UTC,1.40458,1.40446,0.00204,0.0012
21.10.2025 11:33:00.569 UTC,1.40456,1.40447,0.0018,0.0012
21.10.2025 11:33:00.823 UTC,1.40456,1.40445,0.00135,0.00135
21.10.2025 11:33:00.875 UTC,1.40455,1.40444,0.0024,0.0018
21.10.2025 11:33:00.927 UTC,1.40455,1.40443,0.00225,0.00135
21.10.2025 11:33:01.081 UTC,1.40456,1.40444,0.0018,0.0012
21.10.2025 11:33:01.183 UTC,1.40455,1.40445,0.00195,0.0012
21.10.2025 11:33:01.336 UTC,1.40456,1.40444,0.0018,0.0012
21.10.2025 11:33:04.049 UTC,1.40457,1.40445,0.00225,0.0012
21.10.2025 11:33:04.356 UTC,1.40458,1.40446,0.0018,0.0012
21.10.2025 11:33:04.491 UTC,1.40458,1.40447,0.00135,0.0012
21.10.2025 11:33:08.165 UTC,1.40458,1.40446,0.00135,0.00135
21.10.2025 11:33:09.678 UTC,1.40456,1.40446,0.0018,0.0018
21.10.2025 11:33:09.831 UTC,1.40456,1.40446,0.0018,0.00135
21.10.2025 11:33:09.933 UTC,1.40457,1.40445,0.00135,0.00135
21.10.2025 11:33:12.249 UTC,1.40456,1.40446,0.0018,0.00135
21.10.2025 11:33:12.754 UTC,1.40457,1.40445,0.00135,0.00135
21.10.2025 11:33:13.558 UTC,1.40457,1.40445,0.0018,0.00135
21.10.2025 11:33:13.660 UTC,1.40457,1.40444,0.00135,0.0018
21.10.2025 11:33:14.062 UTC,1.40457,1.40444,0.0018,0.0018
21.10.2025 11:33:14.667 UTC,1.40456,1.40445,0.00135,0.0018
21.10.2025 11:33:14.969 UTC,1.40457,1.40444,0.0018,0.0018
21.10.2025 11:33:15.525 UTC,1.40457,1.40444,0.00135,0.0018
21.10.2025 11:33:16.228 UTC,1.40457,1.40444,0.0018,0.0018
21.10.2025 11:33:17.533 UTC,1.40456,1.40445,0.00135,0.0018
21.10.2025 11:33:17.838 UTC,1.40456,1.40445,0.0018,0.0018
21.10.2025 11:33:18.641 UTC,1.40457,1.40444,0.00135,0.0018
21.10.2025 11:33:19.997 UTC,1.40458,1.40447,0.00135,0.00135
21.10.2025 11:33:20.100 UTC,1.40459,1.40448,0.0042,0.0012
21.10.2025 11:33:20.756 UTC,1.40459,1.40447,0.0018,0.00135
21.10.2025 11:33:20.858 UTC,1.40458,1.40448,0.00135,0.00135
21.10.2025 11:33:24.278 UTC,1.40457,1.40447,0.0018,0.0018
21.10.2025 11:33:24.832 UTC,1.40458,1.40446,0.00135,0.0018
21.10.2025 11:33:25.940 UTC,1.40457,1.40445,0.0018,0.0018
21.10.2025 11:33:26.096 UTC,1.40455,1.40444,0.0018,0.0018
21.10.2025 11:33:26.249 UTC,1.40456,1.40443,0.00135,0.0018
21.10.2025 11:33:26.707 UTC,1.40458,1.40445,0.0033,0.0012
21.10.2025 11:33:27.566 UTC,1.40457,1.40445,0.00342,0.00135
21.10.2025 11:33:27.668 UTC,1.40457,1.40445,0.00192,0.00144
21.10.2025 11:33:27.770 UTC,1.40457,1.40445,0.0018,0.00135
21.10.2025 11:33:29.674 UTC,1.40457,1.40445,0.0018,0.00147
21.10.2025 11:33:29.780 UTC,1.40457,1.40445,0.00135,0.00147
21.10.2025 11:33:31.142 UTC,1.40457,1.40445,0.0018,0.00147
21.10.2025 11:33:32.853 UTC,1.40457,1.40445,0.00135,0.00147
21.10.2025 11:33:34.212 UTC,1.40457,1.40445,0.0018,0.00147
21.10.2025 11:33:35.118 UTC,1.40456,1.40447,0.00135,0.00132
21.10.2025 11:33:35.170 UTC,1.40459,1.40447,0.00225,0.00132
21.10.2025 11:33:37.789 UTC,1.40459,1.40447,0.00225,0.00135
21.10.2025 11:33:41.399 UTC,1.4046,1.40447,0.00195,0.00135
21.10.2025 11:33:41.501 UTC,1.4046,1.40447,0.0018,0.00135
21.10.2025 11:33:43.513 UTC,1.40458,1.40448,0.0018,0.00135
21.10.2025 11:33:45.974 UTC,1.40459,1.40447,0.00144,0.00135
21.10.2025 11:33:48.634 UTC,1.40459,1.40449,0.00192,0.0012
21.10.2025 11:33:49.490 UTC,1.40459,1.40449,0.00144,0.0012
21.10.2025 11:33:49.643 UTC,1.4046,1.40448,0.00192,0.0012
21.10.2025 11:33:54.331 UTC,1.4046,1.40448,0.00144,0.0012
21.10.2025 11:33:54.434 UTC,1.4046,1.40448,0.00147,0.0012
21.10.2025 11:34:00.765 UTC,1.4046,1.40448,0.00225,0.0012
21.10.2025 11:34:00.867 UTC,1.40458,1.40449,0.0012,0.0012
21.10.2025 11:34:02.879 UTC,1.40458,1.40448,0.0024,0.00135
21.10.2025 11:34:02.982 UTC,1.40456,1.40447,0.0012,0.0018
21.10.2025 11:34:03.084 UTC,1.40457,1.40446,0.0012,0.0012
21.10.2025 11:34:03.237 UTC,1.40457,1.40446,0.0018,0.0012
21.10.2025 11:34:03.797 UTC,1.40457,1.40446,0.00135,0.0012
21.10.2025 11:34:04.598 UTC,1.40459,1.40447,0.0033,0.0012
21.10.2025 11:34:12.563 UTC,1.40459,1.40447,0.00135,0.0012
21.10.2025 11:34:15.109 UTC,1.4046,1.40447,0.00195,0.0012
21.10.2025 11:34:16.566 UTC,1.4046,1.40448,0.0024,0.0012
21.10.2025 11:34:19.088 UTC,1.4046,1.40448,0.00195,0.0012
21.10.2025 11:34:22.080 UTC,1.4046,1.40448,0.00285,0.0012
21.10.2025 11:34:22.233 UTC,1.4046,1.40448,0.0024,0.0012
21.10.2025 11:34:23.790 UTC,1.4046,1.40448,0.00195,0.0012
21.10.2025 11:34:25.696 UTC,1.40458,1.40447,0.0027,0.00135
21.10.2025 11:34:27.667 UTC,1.4046,1.40447,0.00225,0.00135
21.10.2025 11:34:27.769 UTC,1.4046,1.40447,0.0024,0.00135
21.10.2025 11:34:29.482 UTC,1.40458,1.40449,0.00135,0.0012
21.10.2025 11:34:32.503 UTC,1.40461,1.40448,0.0024,0.0012
21.10.2025 11:34:33.705 UTC,1.4046,1.40449,0.0012,0.0012
21.10.2025 11:34:36.821 UTC,1.40461,1.40448,0.00192,0.0012
21.10.2025 11:34:49.115 UTC,1.40461,1.40449,0.0024,0.0012
21.10.2025 11:34:49.217 UTC,1.40462,1.40448,0.00192,0.0012
21.10.2025 11:34:49.470 UTC,1.40461,1.40449,0.00192,0.0012
21.10.2025 11:34:52.137 UTC,1.40462,1.40448,0.00204,0.0012
21.10.2025 11:34:52.844 UTC,1.40461,1.40448,0.00192,0.0012
21.10.2025 11:34:53.398 UTC,1.40462,1.4045,0.00192,0.0012
21.10.2025 11:34:53.450 UTC,1.40463,1.40451,0.00132,0.0012
21.10.2025 11:34:53.554 UTC,1.40461,1.4045,0.00192,0.0012
21.10.2025 11:34:53.659 UTC,1.4046,1.40449,0.00135,0.0012
21.10.2025 11:34:54.016 UTC,1.40461,1.40449,0.00192,0.0012
21.10.2025 11:34:54.221 UTC,1.4046,1.40449,0.00132,0.0012
21.10.2025 11:34:57.122 UTC,1.4046,1.40448,0.00132,0.0012
21.10.2025 11:34:59.833 UTC,1.40459,1.40448,0.00147,0.00135
21.10.2025 11:35:00.439 UTC,1.40461,1.40448,0.00252,0.0012
21.10.2025 11:35:01.199 UTC,1.4046,1.40448,0.00192,0.0012
21.10.2025 11:35:02.613 UTC,1.40458,1.40446,0.00192,0.0018
21.10.2025 11:35:02.716 UTC,1.40457,1.40444,0.00147,0.00135
21.10.2025 11:35:07.350 UTC,1.40457,1.40444,0.00135,0.00135
21.10.2025 11:35:07.453 UTC,1.40457,1.40445,0.0033,0.0018
21.10.2025 11:35:07.654 UTC,1.40457,1.40444,0.0018,0.0018
21.10.2025 11:35:10.793 UTC,1.40457,1.40444,0.00195,0.0018
21.10.2025 11:35:11.096 UTC,1.40456,1.40445,0.0024,0.0018
21.10.2025 11:35:11.548 UTC,1.40456,1.40445,0.00195,0.0018
21.10.2025 11:35:11.801 UTC,1.40456,1.40445,0.0024,0.0018
21.10.2025 11:35:13.109 UTC,1.40456,1.40444,0.0024,0.0018
21.10.2025 11:35:13.215 UTC,1.40451,1.40441,0.0012,0.0018
21.10.2025 11:35:13.369 UTC,1.40451,1.40441,0.0018,0.0012
21.10.2025 11:35:16.847 UTC,1.40451,1.40438,0.0012,0.0018
21.10.2025 11:35:16.899 UTC,1.40449,1.40436,0.0012,0.00339
21.10.2025 11:35:17.002 UTC,1.40449,1.40436,0.0012,0.00249
21.10.2025 11:35:18.267 UTC,1.4045,1.40437,0.0012,0.00249
21.10.2025 11:35:18.563 UTC,1.40452,1.40438,0.00225,0.00249
21.10.2025 11:35:21.557 UTC,1.40453,1.40441,0.0012,0.00189
21.10.2025 11:35:21.609 UTC,1.40455,1.40442,0.0012,0.00132
21.10.2025 11:35:21.660 UTC,1.40455,1.40442,0.0012,0.00192
21.10.2025 11:35:24.933 UTC,1.40453,1.40442,0.00225,0.0024
21.10.2025 11:35:25.038 UTC,1.40452,1.40439,0.0027,0.0012
21.10.2025 11:35:25.140 UTC,1.40452,1.40438,0.0027,0.00192
21.10.2025 11:35:27.408 UTC,1.40452,1.40438,0.00225,0.00249
21.10.2025 11:35:29.304 UTC,1.40452,1.40439,0.0024,0.0018
21.10.2025 11:35:29.709 UTC,1.40452,1.40439,0.00315,0.0018
21.10.2025 11:35:29.914 UTC,1.4045,1.40438,0.00135,0.00339
21.10.2025 11:35:29.966 UTC,1.40449,1.40437,0.0012,0.0018
21.10.2025 11:35:30.069 UTC,1.40448,1.40436,0.0012,0.00135
21.10.2025 11:35:30.122 UTC,1.40446,1.40436,0.0012,0.00135
21.10.2025 11:35:30.225 UTC,1.40443,1.40431,0.0027,0.0018
21.10.2025 11:35:30.328 UTC,1.40442,1.40429,0.0027,0.0018
21.10.2025 11:35:30.835 UTC,1.40442,1.40428,0.0024,0.00249
21.10.2025 11:35:31.592 UTC,1.40441,1.40429,0.00225,0.00294
21.10.2025 11:35:31.694 UTC,1.40442,1.40428,0.0024,0.00249
21.10.2025 11:35:32.855 UTC,1.40442,1.40429,0.00225,0.0018
21.10.2025 11:35:33.213 UTC,1.40442,1.4043,0.0018,0.0018
21.10.2025 11:35:35.536 UTC,1.40442,1.40429,0.0024,0.0018
21.10.2025 11:35:35.638 UTC,1.40442,1.40429,0.00225,0.0018
21.10.2025 11:35:36.494 UTC,1.40442,1.40429,0.0024,0.0018
21.10.2025 11:35:36.647 UTC,1.40442,1.40428,0.00225,0.00294
21.10.2025 11:35:37.404 UTC,1.40442,1.40429,0.00225,0.0018
21.10.2025 11:35:37.658 UTC,1.40442,1.40428,0.00195,0.0024
21.10.2025 11:35:37.799 UTC,1.40442,1.40428,0.0024,0.0024
21.10.2025 11:35:38.153 UTC,1.40442,1.40428,0.00225,0.0024
21.10.2025 11:35:38.256 UTC,1.40441,1.40429,0.0033,0.0024
21.10.2025 11:35:47.170 UTC,1.40444,1.40433,0.0012,0.0012
21.10.2025 11:35:47.275 UTC,1.40446,1.40435,0.00135,0.0018
21.10.2025 11:35:47.378 UTC,1.40447,1.40434,0.0012,0.0024
21.10.2025 11:35:51.628 UTC,1.40446,1.40434,0.0024,0.00339
21.10.2025 11:35:51.831 UTC,1.40447,1.40433,0.00225,0.00384
21.10.2025 11:35:51.934 UTC,1.40446,1.40434,0.0033,0.00192
21.10.2025 11:35:52.087 UTC,1.40447,1.40433,0.0024,0.00339
21.10.2025 11:35:52.493 UTC,1.40446,1.40433,0.0018,0.0018
21.10.2025 11:35:54.711 UTC,1.40446,1.40434,0.0033,0.0033
21.10.2025 11:36:00.247 UTC,1.40447,1.40434,0.00294,0.00135
21.10.2025 11:36:00.350 UTC,1.40447,1.40434,0.00339,0.00135
21.10.2025 11:36:00.753 UTC,1.40446,1.40435,0.00294,0.00135
21.10.2025 11:36:00.856 UTC,1.40446,1.40435,0.00249,0.00135
21.10.2025 11:36:03.660 UTC,1.40447,1.40434,0.0024,0.0018
21.10.2025 11:36:03.865 UTC,1.40447,1.40434,0.00225,0.0018
21.10.2025 11:36:07.699 UTC,1.40446,1.40435,0.0024,0.0018
21.10.2025 11:36:07.852 UTC,1.40447,1.40434,0.00225,0.0018
21.10.2025 11:36:13.653 UTC,1.40447,1.40434,0.0024,0.0018
21.10.2025 11:36:13.806 UTC,1.40446,1.40435,0.00225,0.0018
21.10.2025 11:36:22.387 UTC,1.40446,1.40435,0.0024,0.0018
21.10.2025 11:36:22.590 UTC,1.40446,1.40435,0.00225,0.0018
21.10.2025 11:36:23.547 UTC,1.40447,1.40434,0.00339,0.0018
21.10.2025 11:36:23.652 UTC,1.40445,1.40434,0.0033,0.0018
21.10.2025 11:36:23.755 UTC,1.40446,1.40433,0.0024,0.00135
21.10.2025 11:36:23.859 UTC,1.40445,1.40432,0.00294,0.0018
21.10.2025 11:36:23.963 UTC,1.40442,1.40431,0.00189,0.0012
21.10.2025 11:36:24.138 UTC,1.40442,1.40429,0.00189,0.0024
21.10.2025 11:36:24.594 UTC,1.40442,1.40431,0.00189,0.0012
21.10.2025 11:36:24.846 UTC,1.40442,1.40429,0.00189,0.0018
21.10.2025 11:36:25.402 UTC,1.40442,1.40429,0.00189,0.00135
21.10.2025 11:36:25.862 UTC,1.40442,1.40429,0.0018,0.0024
21.10.2025 11:36:29.743 UTC,1.40442,1.40429,0.00249,0.0018
21.10.2025 11:36:29.795 UTC,1.40439,1.40427,0.0012,0.0018
21.10.2025 11:36:30.253 UTC,1.40439,1.40427,0.0012,0.00135
21.10.2025 11:36:30.809 UTC,1.40436,1.40427,0.00192,0.0024
21.10.2025 11:36:30.912 UTC,1.40436,1.40426,0.00189,0.0012
21.10.2025 11:36:38.617 UTC,1.40436,1.40425,0.0033,0.00135
21.10.2025 11:36:41.832 UTC,1.40436,1.40425,0.00285,0.00135
21.10.2025 11:36:42.988 UTC,1.40436,1.40425,0.0033,0.00135
21.10.2025 11:36:43.844 UTC,1.40436,1.40425,0.00285,0.00135
21.10.2025 11:36:45.052 UTC,1.40436,1.40425,0.0033,0.0012
21.10.2025 11:36:45.454 UTC,1.40437,1.40424,0.00285,0.0012
21.10.2025 11:36:45.557 UTC,1.40435,1.40423,0.00249,0.00135
21.10.2025 11:36:45.609 UTC,1.40431,1.40421,0.0012,0.0018
21.10.2025 11:36:45.712 UTC,1.40432,1.40419,0.0012,0.0024
21.10.2025 11:36:45.970 UTC,1.40431,1.4042,0.0012,0.0024
21.10.2025 11:36:50.002 UTC,1.40431,1.4042,0.0024,0.0018
21.10.2025 11:36:51.209 UTC,1.40432,1.40421,0.00135,0.00225
21.10.2025 11:36:51.262 UTC,1.40434,1.40422,0.0012,0.00132
21.10.2025 11:36:51.419 UTC,1.40435,1.40424,0.0012,0.0024
21.10.2025 11:36:51.927 UTC,1.40436,1.40423,0.0018,0.0018
21.10.2025 11:36:55.206 UTC,1.40438,1.40428,0.0012,0.0012
21.10.2025 11:36:55.515 UTC,1.40438,1.40427,0.0012,0.00135
21.10.2025 11:36:55.617 UTC,1.40437,1.40428,0.0012,0.00249
21.10.2025 11:37:00.491 UTC,1.40445,1.40434,0.00294,0.0012
21.10.2025 11:37:00.595 UTC,1.40446,1.40435,0.00189,0.0018
21.10.2025 11:37:02.308 UTC,1.40446,1.40433,0.0018,0.00192
21.10.2025 11:37:06.484 UTC,1.40442,1.40433,0.0036,0.00132
21.10.2025 11:37:06.639 UTC,1.40447,1.40434,0.0012,0.00342
21.10.2025 11:37:06.742 UTC,1.40448,1.40436,0.00249,0.00324
21.10.2025 11:37:06.845 UTC,1.40449,1.40435,0.00249,0.00339
21.10.2025 11:37:06.947 UTC,1.40449,1.40435,0.00234,0.00339
21.10.2025 11:37:07.200 UTC,1.40449,1.40435,0.00249,0.00339
21.10.2025 11:37:08.879 UTC,1.40449,1.40436,0.00225,0.00144
21.10.2025 11:37:08.983 UTC,1.40449,1.40435,0.00249,0.00339
21.10.2025 11:37:11.549 UTC,1.40449,1.40435,0.00225,0.00249
21.10.2025 11:37:11.905 UTC,1.40448,1.40436,0.0024,0.00249
21.10.2025 11:37:12.208 UTC,1.40449,1.40435,0.00225,0.00294
21.10.2025 11:37:12.615 UTC,1.40449,1.40435,0.0024,0.00252
21.10.2025 11:37:12.968 UTC,1.40449,1.40435,0.00225,0.00252
21.10.2025 11:37:13.874 UTC,1.40448,1.40436,0.0012,0.00192
21.10.2025 11:37:15.583 UTC,1.40448,1.40437,0.00135,0.00249
21.10.2025 11:37:21.151 UTC,1.40445,1.40435,0.00225,0.0018
21.10.2025 11:37:21.204 UTC,1.40445,1.40432,0.0012,0.0018
21.10.2025 11:37:23.319 UTC,1.40445,1.40434,0.0012,0.00135
21.10.2025 11:37:23.372 UTC,1.40448,1.40435,0.0012,0.0024
21.10.2025 11:37:24.737 UTC,1.40449,1.40437,0.0012,0.00144
21.10.2025 11:37:24.840 UTC,1.4045,1.40437,0.0012,0.00234
21.10.2025 11:37:24.942 UTC,1.4045,1.40437,0.0012,0.00249
21.10.2025 11:37:25.498 UTC,1.40448,1.40437,0.0012,0.00339
21.10.2025 11:37:37.055 UTC,1.4045,1.40437,0.0012,0.00339
21.10.2025 11:37:37.209 UTC,1.40449,1.40439,0.0012,0.0018
21.10.2025 11:37:41.137 UTC,1.4045,1.40437,0.00135,0.00249
21.10.2025 11:37:43.767 UTC,1.40449,1.40436,0.0012,0.00375
21.10.2025 11:37:45.441 UTC,1.4045,1.40437,0.00135,0.0024
21.10.2025 11:37:49.876 UTC,1.4045,1.40438,0.0018,0.0018
21.10.2025 11:37:49.979 UTC,1.40449,1.40438,0.00135,0.0033
21.10.2025 11:37:59.063 UTC,1.40451,1.40438,0.00135,0.0018
21.10.2025 11:38:01.635 UTC,1.40452,1.40438,0.00195,0.0018
21.10.2025 11:38:01.737 UTC,1.4045,1.40436,0.00135,0.00285
21.10.2025 11:38:02.400 UTC,1.4045,1.40436,0.0018,0.0024
21.10.2025 11:38:11.151 UTC,1.4045,1.40436,0.00135,0.00285
21.10.2025 11:38:11.654 UTC,1.40448,1.40437,0.0012,0.00375
21.10.2025 11:38:11.807 UTC,1.40448,1.40437,0.0012,0.00285
21.10.2025 11:38:17.988 UTC,1.40449,1.40436,0.00135,0.0024
21.10.2025 11:38:19.899 UTC,1.40448,1.40437,0.00135,0.0018
21.10.2025 11:38:21.289 UTC,1.40449,1.40436,0.0018,0.0018
21.10.2025 11:38:28.537 UTC,1.40448,1.40437,0.0012,0.00285
21.10.2025 11:38:28.640 UTC,1.4045,1.40438,0.0012,0.0012
21.10.2025 11:38:28.743 UTC,1.4045,1.4044,0.00135,0.0018
21.10.2025 11:38:29.353 UTC,1.4045,1.40437,0.00225,0.0024
21.10.2025 11:38:29.456 UTC,1.40449,1.40436,0.0012,0.00375
21.10.2025 11:38:30.063 UTC,1.40448,1.40437,0.0012,0.00375
21.10.2025 11:38:34.350 UTC,1.40449,1.40436,0.00135,0.0018
21.10.2025 11:38:34.905 UTC,1.40446,1.40434,0.00189,0.00195
21.10.2025 11:38:35.008 UTC,1.40445,1.40433,0.0012,0.0012
21.10.2025 11:38:43.797 UTC,1.40445,1.40435,0.0012,0.0012
21.10.2025 11:38:45.812 UTC,1.40448,1.40436,0.00135,0.0012
21.10.2025 11:39:02.352 UTC,1.40448,1.4044,0.0012,0.0012
21.10.2025 11:39:02.404 UTC,1.40454,1.40441,0.0018,0.0018
21.10.2025 11:39:02.457 UTC,1.40456,1.40443,0.0018,0.0012
21.10.2025 11:39:02.509 UTC,1.40456,1.40443,0.0012,0.0033
21.10.2025 11:39:03.169 UTC,1.40457,1.40444,0.0018,0.00135
21.10.2025 11:39:03.273 UTC,1.40458,1.40445,0.0012,0.0018
21.10.2025 11:39:03.375 UTC,1.40458,1.40445,0.0012,0.0024
21.10.2025 11:39:03.936 UTC,1.4046,1.40446,0.00315,0.00135
21.10.2025 11:39:04.039 UTC,1.40458,1.40447,0.0012,0.00135
21.10.2025 11:39:06.203 UTC,1.40455,1.40444,0.0012,0.0033
21.10.2025 11:39:06.308 UTC,1.40456,1.40443,0.0012,0.0024
21.10.2025 11:39:10.833 UTC,1.40457,1.40444,0.0018,0.0024
21.10.2025 11:39:11.843 UTC,1.40459,1.40446,0.00135,0.0018
21.10.2025 11:39:15.166 UTC,1.40459,1.40446,0.00135,0.0024
21.10.2025 11:39:22.656 UTC,1.40458,1.40447,0.00225,0.00135
21.10.2025 11:39:22.810 UTC,1.40459,1.40446,0.0012,0.0024
21.10.2025 11:39:27.032 UTC,1.40458,1.40447,0.00135,0.00225
21.10.2025 11:39:31.681 UTC,1.40459,1.40446,0.00135,0.00249
21.10.2025 11:39:32.087 UTC,1.4046,1.40447,0.00135,0.00225
21.10.2025 11:39:33.902 UTC,1.40461,1.40448,0.0018,0.0012
21.10.2025 11:39:34.307 UTC,1.40461,1.40448,0.00135,0.0018
21.10.2025 11:39:34.359 UTC,1.40461,1.4045,0.00135,0.0012
21.10.2025 11:39:36.083 UTC,1.40461,1.40451,0.00135,0.0012
21.10.2025 11:39:36.391 UTC,1.40462,1.4045,0.0018,0.0012
21.10.2025 11:39:36.493 UTC,1.40462,1.4045,0.00135,0.0012
21.10.2025 11:39:36.948 UTC,1.40462,1.4045,0.0018,0.0012
21.10.2025 11:39:37.049 UTC,1.40462,1.4045,0.00135,0.0012
21.10.2025 11:39:37.634 UTC,1.40462,1.4045,0.0018,0.0012
21.10.2025 11:39:37.786 UTC,1.40461,1.40451,0.00135,0.0012
21.10.2025 11:39:39.194 UTC,1.40462,1.40451,0.00135,0.0012
21.10.2025 11:39:39.299 UTC,1.40464,1.40453,0.00135,0.0018
21.10.2025 11:39:39.403 UTC,1.40464,1.40455,0.00135,0.0018
21.10.2025 11:39:39.456 UTC,1.4047,1.40458,0.0012,0.0012
21.10.2025 11:39:39.508 UTC,1.40466,1.40459,0.0027,0.0012
21.10.2025 11:39:48.793 UTC,1.40469,1.40459,0.00249,0.0012
21.10.2025 11:39:57.582 UTC,1.40469,1.40459,0.00135,0.0012
21.10.2025 11:39:58.566 UTC,1.40471,1.4046,0.0018,0.0012
21.10.2025 11:39:58.821 UTC,1.40471,1.4046,0.00135,0.0012
21.10.2025 11:39:59.826 UTC,1.40471,1.4046,0.0018,0.0012
21.10.2025 11:40:00.077 UTC,1.40471,1.4046,0.00135,0.0012
21.10.2025 11:40:00.379 UTC,1.4047,1.40461,0.0018,0.0012
21.10.2025 11:40:00.882 UTC,1.40471,1.4046,0.00135,0.0012
21.10.2025 11:40:00.983 UTC,1.40471,1.4046,0.0018,0.0012
21.10.2025 11:40:02.993 UTC,1.40471,1.4046,0.00135,0.0012
21.10.2025 11:40:10.550 UTC,1.40471,1.4046,0.0018,0.0012
21.10.2025 11:40:11.055 UTC,1.40473,1.40461,0.0018,0.0012
21.10.2025 11:40:11.363 UTC,1.40473,1.40461,0.0012,0.0012
21.10.2025 11:40:15.546 UTC,1.40472,1.40461,0.00135,0.0012
21.10.2025 11:40:17.419 UTC,1.40472,1.40461,0.0018,0.0012
21.10.2025 11:40:17.622 UTC,1.40472,1.40461,0.00135,0.0012
21.10.2025 11:40:17.826 UTC,1.40471,1.40462,0.0018,0.0012
21.10.2025 11:40:17.979 UTC,1.40471,1.40462,0.00135,0.0012
21.10.2025 11:40:18.081 UTC,1.40472,1.40461,0.0018,0.0012
21.10.2025 11:40:21.789 UTC,1.40471,1.40461,0.0018,0.0012
21.10.2025 11:40:24.613 UTC,1.40472,1.4046,0.0012,0.0012
21.10.2025 11:40:25.571 UTC,1.40471,1.40461,0.0018,0.0012
21.10.2025 11:40:26.532 UTC,1.40471,1.40461,0.0012,0.0012
21.10.2025 11:40:26.684 UTC,1.40472,1.4046,0.0018,0.0012
21.10.2025 11:40:27.806 UTC,1.4047,1.40461,0.0018,0.0012
21.10.2025 11:40:27.973 UTC,1.4047,1.40461,0.00135,0.0012
21.10.2025 11:40:28.481 UTC,1.4047,1.40461,0.0018,0.0012
21.10.2025 11:40:28.638 UTC,1.40471,1.4046,0.00135,0.0012
21.10.2025 11:40:29.142 UTC,1.40469,1.4046,0.00135,0.0012
21.10.2025 11:40:29.245 UTC,1.4047,1.40458,0.00192,0.00135
21.10.2025 11:40:29.851 UTC,1.40469,1.40459,0.00144,0.0012
21.10.2025 11:40:30.254 UTC,1.4047,1.40458,0.00192,0.0012
21.10.2025 11:40:31.159 UTC,1.40469,1.40457,0.00135,0.00135
21.10.2025 11:40:42.585 UTC,1.4047,1.40457,0.00144,0.00135
21.10.2025 11:40:42.789 UTC,1.4047,1.40457,0.0024,0.00135
21.10.2025 11:40:43.342 UTC,1.4047,1.40457,0.00234,0.00135
21.10.2025 11:40:44.198 UTC,1.4047,1.40457,0.00249,0.00135
21.10.2025 11:40:46.615 UTC,1.4047,1.40457,0.00225,0.00135
21.10.2025 11:40:49.538 UTC,1.40469,1.40458,0.0024,0.00135
21.10.2025 11:40:50.251 UTC,1.4047,1.40457,0.00234,0.0012
21.10.2025 11:40:50.906 UTC,1.4047,1.40457,0.00249,0.0012
21.10.2025 11:40:51.310 UTC,1.4047,1.40457,0.00225,0.00132
21.10.2025 11:40:52.467 UTC,1.4047,1.40457,0.0024,0.00132
21.10.2025 11:40:54.077 UTC,1.4047,1.40457,0.00225,0.00132
21.10.2025 11:40:54.279 UTC,1.4047,1.40457,0.0024,0.00132
21.10.2025 11:40:54.833 UTC,1.4047,1.40457,0.00225,0.00132
21.10.2025 11:40:55.686 UTC,1.4047,1.40457,0.0024,0.00132
21.10.2025 11:40:56.090 UTC,1.40469,1.40457,0.0018,0.00132
21.10.2025 11:40:56.193 UTC,1.40467,1.40455,0.00135,0.00192
21.10.2025 11:40:56.297 UTC,1.40467,1.40454,0.00225,0.00147
21.10.2025 11:40:56.549 UTC,1.40467,1.40454,0.0024,0.00147
21.10.2025 11:40:57.807 UTC,1.40466,1.40455,0.00225,0.00147
21.10.2025 11:40:58.316 UTC,1.40467,1.40454,0.0024,0.00147
21.10.2025 11:40:59.223 UTC,1.40466,1.40455,0.00225,0.00147
21.10.2025 11:41:00.120 UTC,1.40466,1.40455,0.0024,0.00147
21.10.2025 11:41:00.473 UTC,1.40467,1.40454,0.00225,0.00147
21.10.2025 11:41:00.675 UTC,1.40467,1.40454,0.00225,0.00135
21.10.2025 11:41:00.778 UTC,1.40467,1.40454,0.00417,0.00135
21.10.2025 11:41:01.884 UTC,1.40467,1.40454,0.00417,0.0018
21.10.2025 11:41:01.987 UTC,1.40467,1.40454,0.00225,0.00135
21.10.2025 11:41:02.088 UTC,1.40466,1.40455,0.00225,0.00147
21.10.2025 11:41:02.190 UTC,1.40466,1.40455,0.00225,0.00327
21.10.2025 11:41:02.391 UTC,1.40467,1.40454,0.00225,0.00147
21.10.2025 11:41:02.593 UTC,1.40467,1.40454,0.00225,0.00327
21.10.2025 11:41:04.205 UTC,1.40466,1.40456,0.0012,0.00327
21.10.2025 11:41:04.257 UTC,1.40468,1.40457,0.00225,0.00282
21.10.2025 11:41:05.168 UTC,1.40469,1.40458,0.0024,0.00192
21.10.2025 11:41:05.271 UTC,1.4047,1.40457,0.00225,0.00192
21.10.2025 11:41:05.374 UTC,1.40469,1.40458,0.0024,0.00192
21.10.2025 11:41:07.093 UTC,1.4047,1.40457,0.0012,0.00372
21.10.2025 11:41:07.899 UTC,1.40471,1.4046,0.00135,0.00132
21.10.2025 11:41:11.981 UTC,1.40471,1.4046,0.00135,0.0012
21.10.2025 11:41:13.742 UTC,1.40472,1.40461,0.0012,0.00132
21.10.2025 11:41:13.795 UTC,1.40474,1.40463,0.0012,0.00132
21.10.2025 11:41:13.898 UTC,1.40474,1.40466,0.0012,0.0012
21.10.2025 11:41:14.354 UTC,1.40475,1.40467,0.0012,0.0012
21.10.2025 11:41:15.163 UTC,1.40477,1.40466,0.0012,0.0012
21.10.2025 11:41:15.824 UTC,1.40478,1.40466,0.0012,0.0012
21.10.2025 11:41:16.533 UTC,1.40477,1.40466,0.0012,0.0012
21.10.2025 11:41:19.257 UTC,1.40476,1.40465,0.0012,0.0012
21.10.2025 11:41:20.920 UTC,1.40476,1.40465,0.0018,0.0012
21.10.2025 11:41:21.022 UTC,1.40476,1.40465,0.00135,0.0012
21.10.2025 11:41:24.097 UTC,1.40475,1.40465,0.0018,0.00135
21.10.2025 11:41:24.302 UTC,1.40474,1.40465,0.0018,0.0012
21.10.2025 11:41:24.404 UTC,1.40475,1.40464,0.00135,0.0012
21.10.2025 11:41:25.162 UTC,1.40472,1.40463,0.00135,0.00192
21.10.2025 11:41:25.265 UTC,1.40472,1.40463,0.00135,0.00132
21.10.2025 11:41:25.421 UTC,1.40472,1.40463,0.0018,0.0012
21.10.2025 11:41:25.525 UTC,1.40472,1.40463,0.00135,0.0012
21.10.2025 11:41:26.030 UTC,1.40472,1.40463,0.0018,0.0012
21.10.2025 11:41:26.988 UTC,1.40473,1.40462,0.00135,0.0012
21.10.2025 11:41:28.644 UTC,1.40473,1.40461,0.0018,0.0012
21.10.2025 11:41:34.564 UTC,1.40475,1.40462,0.00135,0.00192
21.10.2025 11:41:34.670 UTC,1.40477,1.40464,0.00135,0.00189
21.10.2025 11:41:34.773 UTC,1.40476,1.40465,0.0018,0.00192
21.10.2025 11:41:34.876 UTC,1.40476,1.40465,0.0018,0.00144
21.10.2025 11:41:35.684 UTC,1.40476,1.40465,0.0024,0.00135
21.10.2025 11:41:36.847 UTC,1.40476,1.40465,0.00225,0.00135
21.10.2025 11:41:42.222 UTC,1.40477,1.40464,0.0024,0.00135
21.10.2025 11:41:42.380 UTC,1.40476,1.40465,0.00225,0.00135
21.10.2025 11:41:42.632 UTC,1.40477,1.40464,0.0024,0.00135
21.10.2025 11:41:48.901 UTC,1.40476,1.40465,0.00225,0.00135
21.10.2025 11:41:50.011 UTC,1.40477,1.40464,0.0024,0.00135
21.10.2025 11:41:50.717 UTC,1.40477,1.40467,0.0018,0.0012
21.10.2025 11:41:50.820 UTC,1.40476,1.40466,0.0018,0.00135
21.10.2025 11:41:55.693 UTC,1.40476,1.40466,0.00135,0.0012
21.10.2025 11:41:59.106 UTC,1.40473,1.40464,0.0012,0.0018
21.10.2025 11:41:59.210 UTC,1.40476,1.40464,0.00135,0.00135
21.10.2025 11:41:59.619 UTC,1.40476,1.40465,0.00225,0.0012
21.10.2025 11:41:59.721 UTC,1.40477,1.40464,0.0024,0.0012
21.10.2025 11:41:59.823 UTC,1.40477,1.40464,0.00225,0.0012
21.10.2025 11:42:01.440 UTC,1.40477,1.40464,0.0024,0.0012
21.10.2025 11:42:01.645 UTC,1.40476,1.40465,0.00225,0.0012
21.10.2025 11:42:01.797 UTC,1.40477,1.40464,0.0024,0.0012
21.10.2025 11:42:01.950 UTC,1.40476,1.40465,0.00225,0.0012
21.10.2025 11:42:02.054 UTC,1.40477,1.40464,0.0024,0.0012
21.10.2025 11:42:05.209 UTC,1.40477,1.40464,0.00225,0.00135
21.10.2025 11:42:06.871 UTC,1.40477,1.40464,0.0024,0.00135
21.10.2025 11:42:09.185 UTC,1.40477,1.40464,0.00225,0.00135
21.10.2025 11:42:10.842 UTC,1.40477,1.40466,0.0012,0.00315
21.10.2025 11:42:10.945 UTC,1.40477,1.40467,0.00135,0.0012
21.10.2025 11:42:15.290 UTC,1.40481,1.40468,0.0024,0.0012
21.10.2025 11:42:15.445 UTC,1.40481,1.4047,0.00315,0.00135
21.10.2025 11:42:17.109 UTC,1.40481,1.40468,0.0018,0.0018
21.10.2025 11:42:17.261 UTC,1.40481,1.40468,0.0018,0.00135
21.10.2025 11:42:17.515 UTC,1.4048,1.40469,0.0018,0.0018
21.10.2025 11:42:17.768 UTC,1.4048,1.40469,0.00225,0.00135
21.10.2025 11:42:27.116 UTC,1.40479,1.40468,0.00225,0.0024
21.10.2025 11:42:27.167 UTC,1.40478,1.40467,0.00135,0.0018
21.10.2025 11:42:27.269 UTC,1.40478,1.40466,0.00135,0.0012
21.10.2025 11:42:35.628 UTC,1.40475,1.40464,0.0012,0.00135
21.10.2025 11:42:35.732 UTC,1.40474,1.40464,0.0012,0.00135
21.10.2025 11:42:35.937 UTC,1.40476,1.40463,0.00135,0.00135
21.10.2025 11:42:36.845 UTC,1.40476,1.40463,0.0018,0.00135
21.10.2025 11:42:37.147 UTC,1.40476,1.40463,0.00135,0.00135
21.10.2025 11:42:38.658 UTC,1.40476,1.40464,0.0012,0.0012
21.10.2025 11:42:41.250 UTC,1.40476,1.40464,0.0018,0.0012
21.10.2025 11:42:41.453 UTC,1.40476,1.40464,0.0012,0.0012
21.10.2025 11:42:50.149 UTC,1.40477,1.40464,0.00135,0.00135
21.10.2025 11:42:50.752 UTC,1.40476,1.40464,0.0012,0.00135
21.10.2025 11:42:52.797 UTC,1.40477,1.40466,0.0012,0.0012
21.10.2025 11:42:52.901 UTC,1.40478,1.40467,0.00135,0.0012
21.10.2025 11:42:55.022 UTC,1.40479,1.40468,0.0018,0.0012
21.10.2025 11:42:58.941 UTC,1.40479,1.40469,0.0018,0.0012
21.10.2025 11:42:59.798 UTC,1.4048,1.4047,0.0012,0.0012
21.10.2025 11:43:01.264 UTC,1.4048,1.40469,0.0012,0.0012
21.10.2025 11:43:11.213 UTC,1.40482,1.40471,0.0018,0.00189
21.10.2025 11:43:11.318 UTC,1.40482,1.40472,0.0012,0.00132
21.10.2025 11:43:11.420 UTC,1.40483,1.40471,0.0012,0.00192
21.10.2025 11:43:11.573 UTC,1.40484,1.40471,0.0012,0.00192
21.10.2025 11:43:13.170 UTC,1.40486,1.40473,0.0012,0.0012
21.10.2025 11:43:13.274 UTC,1.40487,1.40475,0.00135,0.0012
21.10.2025 11:43:16.710 UTC,1.40487,1.40475,0.0018,0.0012
21.10.2025 11:43:17.313 UTC,1.40487,1.40475,0.00135,0.0012
21.10.2025 11:43:23.418 UTC,1.40487,1.40475,0.00195,0.0012
21.10.2025 11:43:23.521 UTC,1.40486,1.40474,0.0018,0.0012
21.10.2025 11:43:23.623 UTC,1.40486,1.40474,0.00135,0.0012
21.10.2025 11:43:24.681 UTC,1.40485,1.40475,0.0018,0.0012
21.10.2025 11:43:24.783 UTC,1.40485,1.40475,0.00135,0.0012
21.10.2025 11:43:28.313 UTC,1.40486,1.40474,0.0018,0.0012
21.10.2025 11:43:28.718 UTC,1.40486,1.40474,0.00135,0.00135
21.10.2025 11:43:28.920 UTC,1.40485,1.40475,0.0018,0.00135
21.10.2025 11:43:29.072 UTC,1.40486,1.40474,0.00135,0.00135
21.10.2025 11:43:33.449 UTC,1.40486,1.40474,0.0018,0.00135
21.10.2025 11:43:33.551 UTC,1.40486,1.40474,0.00135,0.00135
21.10.2025 11:43:35.385 UTC,1.40486,1.40474,0.00135,0.0018
21.10.2025 11:43:39.362 UTC,1.40488,1.40475,0.0012,0.0036
21.10.2025 11:43:39.465 UTC,1.40489,1.40476,0.00315,0.0012
21.10.2025 11:43:39.567 UTC,1.40489,1.40476,0.00225,0.0018
21.10.2025 11:43:39.670 UTC,1.40487,1.40477,0.0012,0.0018
21.10.2025 11:43:40.077 UTC,1.40487,1.40477,0.0018,0.00135
21.10.2025 11:43:40.284 UTC,1.40488,1.40476,0.00135,0.0012
21.10.2025 11:43:40.788 UTC,1.40487,1.40477,0.0018,0.0012
21.10.2025 11:43:40.940 UTC,1.40488,1.40476,0.00135,0.0012
21.10.2025 11:43:41.043 UTC,1.40487,1.40477,0.0018,0.0012
21.10.2025 11:43:41.145 UTC,1.40487,1.40477,0.00135,0.0012
21.10.2025 11:43:41.448 UTC,1.40487,1.40477,0.0018,0.0012
21.10.2025 11:43:42.056 UTC,1.40488,1.40475,0.00297,0.00135
21.10.2025 11:43:42.210 UTC,1.40488,1.40475,0.00261,0.0012
21.10.2025 11:43:42.819 UTC,1.40487,1.40474,0.00342,0.00135
21.10.2025 11:43:42.945 UTC,1.40485,1.40472,0.00144,0.0018
21.10.2025 11:43:43.099 UTC,1.40485,1.40472,0.0018,0.0018
21.10.2025 11:43:43.353 UTC,1.40484,1.40473,0.00144,0.0018
21.10.2025 11:43:44.110 UTC,1.40485,1.40472,0.00195,0.0018
21.10.2025 11:43:44.214 UTC,1.40485,1.40472,0.00192,0.0018
21.10.2025 11:43:44.316 UTC,1.40485,1.40473,0.00249,0.0018
21.10.2025 11:43:44.923 UTC,1.40486,1.40473,0.00135,0.00225
21.10.2025 11:43:45.077 UTC,1.40484,1.40473,0.0012,0.0024
21.10.2025 11:43:48.741 UTC,1.40485,1.40473,0.0012,0.0024
21.10.2025 11:43:49.699 UTC,1.40486,1.40473,0.0018,0.00384
21.10.2025 11:43:53.019 UTC,1.40484,1.40474,0.0012,0.00195
21.10.2025 11:43:53.122 UTC,1.40485,1.40472,0.0018,0.0018
21.10.2025 11:43:53.174 UTC,1.40484,1.40473,0.0018,0.0018
21.10.2025 11:43:53.428 UTC,1.40485,1.40472,0.00135,0.0018
21.10.2025 11:43:59.101 UTC,1.40485,1.40473,0.0012,0.0018
21.10.2025 11:44:00.409 UTC,1.40484,1.40473,0.0012,0.0018
21.10.2025 11:44:01.817 UTC,1.40485,1.40473,0.0012,0.0018
21.10.2025 11:44:05.570 UTC,1.40483,1.40471,0.0012,0.00285
21.10.2025 11:44:06.233 UTC,1.40483,1.40473,0.0012,0.0012
21.10.2025 11:44:08.404 UTC,1.40484,1.40474,0.0012,0.00135
21.10.2025 11:44:08.507 UTC,1.40484,1.40474,0.0012,0.00195
21.10.2025 11:44:13.888 UTC,1.40485,1.40472,0.0012,0.0024
21.10.2025 11:44:20.706 UTC,1.40486,1.40472,0.00225,0.00285
21.10.2025 11:44:22.616 UTC,1.40485,1.40473,0.0024,0.0024
21.10.2025 11:44:22.869 UTC,1.40485,1.40473,0.00225,0.00285
21.10.2025 11:44:23.373 UTC,1.40488,1.40474,0.0018,0.0027
21.10.2025 11:44:23.425 UTC,1.40489,1.40476,0.0018,0.0018
21.10.2025 11:44:27.822 UTC,1.4049,1.40477,0.0012,0.0018
21.10.2025 11:44:27.927 UTC,1.4049,1.40477,0.0012,0.0024
21.10.2025 11:44:29.294 UTC,1.4049,1.40479,0.0012,0.0018
21.10.2025 11:44:34.179 UTC,1.4049,1.40477,0.0018,0.0018
21.10.2025 11:44:34.284 UTC,1.4049,1.40477,0.00225,0.0018
21.10.2025 11:44:34.386 UTC,1.4049,1.40477,0.00225,0.00135
21.10.2025 11:44:35.245 UTC,1.40489,1.40478,0.00249,0.00135
21.10.2025 11:44:37.008 UTC,1.4049,1.40477,0.00234,0.00135
21.10.2025 11:44:39.712 UTC,1.40489,1.40478,0.00249,0.00135
21.10.2025 11:44:41.776 UTC,1.40488,1.40475,0.00135,0.0018
21.10.2025 11:44:41.930 UTC,1.40488,1.40475,0.0012,0.0033
21.10.2025 11:44:43.041 UTC,1.40487,1.40476,0.0012,0.0033
21.10.2025 11:44:44.100 UTC,1.40489,1.40476,0.0018,0.0024
21.10.2025 11:44:46.470 UTC,1.40491,1.40477,0.00225,0.00225
21.10.2025 11:44:46.572 UTC,1.40491,1.40477,0.00225,0.0024
21.10.2025 11:44:49.262 UTC,1.40489,1.40478,0.00135,0.0018
21.10.2025 11:44:49.415 UTC,1.40489,1.40476,0.0012,0.00375
21.10.2025 11:44:51.052 UTC,1.40489,1.40476,0.0012,0.00384
21.10.2025 11:45:00.333 UTC,1.40489,1.40476,0.0012,0.00369
21.10.2025 11:45:00.635 UTC,1.40489,1.40479,0.0012,0.0012
21.10.2025 11:45:00.740 UTC,1.40496,1.40485,0.00195,0.0012
21.10.2025 11:45:00.869 UTC,1.40497,1.40484,0.0018,0.00135
21.10.2025 11:45:01.023 UTC,1.40496,1.40485,0.0018,0.0018
21.10.2025 11:45:01.280 UTC,1.40497,1.40486,0.0018,0.00225
21.10.2025 11:45:01.382 UTC,1.40498,1.40485,0.0018,0.0024
21.10.2025 11:45:02.094 UTC,1.40497,1.40486,0.0018,0.00135
21.10.2025 11:45:04.262 UTC,1.40497,1.40485,0.00135,0.00135
21.10.2025 11:45:08.546 UTC,1.40496,1.40486,0.0012,0.00195
21.10.2025 11:45:08.649 UTC,1.40497,1.40485,0.0012,0.0018
21.10.2025 11:45:08.752 UTC,1.40497,1.40485,0.0012,0.00195
21.10.2025 11:45:15.152 UTC,1.40498,1.40485,0.00192,0.00135
21.10.2025 11:45:19.683 UTC,1.40497,1.40486,0.00153,0.00135
21.10.2025 11:45:19.887 UTC,1.40493,1.40484,0.0012,0.0012
21.10.2025 11:45:19.990 UTC,1.40493,1.40483,0.00135,0.0018
21.10.2025 11:45:20.092 UTC,1.40495,1.40482,0.00135,0.0018
21.10.2025 11:45:20.296 UTC,1.40494,1.40483,0.0012,0.0024
21.10.2025 11:45:22.107 UTC,1.40496,1.40483,0.00234,0.0018
21.10.2025 11:45:26.261 UTC,1.40492,1.40483,0.0012,0.0018
21.10.2025 11:45:26.363 UTC,1.40492,1.40481,0.0012,0.00135
21.10.2025 11:45:26.466 UTC,1.40492,1.40479,0.0012,0.0018
21.10.2025 11:45:29.192 UTC,1.40493,1.40481,0.00225,0.00135
21.10.2025 11:45:29.346 UTC,1.40493,1.4048,0.0024,0.0018
21.10.2025 11:45:29.449 UTC,1.40493,1.40479,0.0033,0.0018
21.10.2025 11:45:29.701 UTC,1.40493,1.40479,0.00315,0.00195
21.10.2025 11:45:30.156 UTC,1.40493,1.40479,0.0033,0.0018
21.10.2025 11:45:30.811 UTC,1.40493,1.40479,0.00285,0.0018
21.10.2025 11:45:35.105 UTC,1.40495,1.40483,0.00135,0.00132
21.10.2025 11:45:35.209 UTC,1.40496,1.40483,0.0012,0.00144
21.10.2025 11:45:35.312 UTC,1.40495,1.40484,0.0012,0.00192
21.10.2025 11:45:38.993 UTC,1.40497,1.40484,0.0012,0.00135
21.10.2025 11:45:39.095 UTC,1.40497,1.40484,0.0018,0.0018
21.10.2025 11:45:39.249 UTC,1.40496,1.40485,0.00135,0.00135
21.10.2025 11:45:39.353 UTC,1.40498,1.40486,0.0012,0.0018
21.10.2025 11:45:41.020 UTC,1.40498,1.40486,0.00135,0.00135
21.10.2025 11:45:42.378 UTC,1.40497,1.40486,0.0018,0.00192
21.10.2025 11:45:42.481 UTC,1.40496,1.40484,0.00144,0.00195
21.10.2025 11:45:42.533 UTC,1.40496,1.40483,0.00324,0.0012
21.10.2025 11:45:42.638 UTC,1.40493,1.40483,0.00189,0.0012
21.10.2025 11:45:42.741 UTC,1.40491,1.40483,0.0012,0.0012
21.10.2025 11:45:43.199 UTC,1.4049,1.40477,0.0012,0.0018
21.10.2025 11:45:45.103 UTC,1.40491,1.40478,0.00189,0.0018
21.10.2025 11:45:49.679 UTC,1.40489,1.40477,0.0012,0.0018
21.10.2025 11:45:49.832 UTC,1.40489,1.40477,0.0012,0.00135
21.10.2025 11:45:49.934 UTC,1.40489,1.40477,0.0012,0.00195
21.10.2025 11:45:52.901 UTC,1.40489,1.40476,0.0012,0.0024
21.10.2025 11:45:53.006 UTC,1.40488,1.40476,0.0012,0.0018
21.10.2025 11:45:53.110 UTC,1.40487,1.40477,0.0012,0.00225
21.10.2025 11:46:00.752 UTC,1.40486,1.40475,0.0018,0.0018
21.10.2025 11:46:00.906 UTC,1.40487,1.40474,0.0018,0.0024
21.10.2025 11:46:01.460 UTC,1.40487,1.40474,0.00135,0.0024
21.10.2025 11:46:02.116 UTC,1.40486,1.40473,0.0018,0.0024
21.10.2025 11:46:02.219 UTC,1.40486,1.40473,0.0012,0.00375
21.10.2025 11:46:04.852 UTC,1.40486,1.40476,0.0018,0.0012
21.10.2025 11:46:04.959 UTC,1.40489,1.40476,0.00249,0.0018
21.10.2025 11:46:05.062 UTC,1.40488,1.40477,0.00234,0.00225
21.10.2025 11:46:05.163 UTC,1.40487,1.40477,0.0012,0.00225
21.10.2025 11:46:08.370 UTC,1.40488,1.40477,0.00225,0.0024
21.10.2025 11:46:13.059 UTC,1.40491,1.4048,0.0018,0.0012
21.10.2025 11:46:13.161 UTC,1.40492,1.40479,0.0012,0.0018
21.10.2025 11:46:14.120 UTC,1.40491,1.4048,0.0018,0.0018
21.10.2025 11:46:14.272 UTC,1.40492,1.40479,0.00135,0.0018
21.10.2025 11:46:14.375 UTC,1.40491,1.40477,0.00135,0.00249
21.10.2025 11:46:15.384 UTC,1.4049,1.40478,0.0018,0.00249
21.10.2025 11:46:16.039 UTC,1.40491,1.40477,0.00135,0.00294
21.10.2025 11:46:17.961 UTC,1.40491,1.40477,0.0018,0.00249
21.10.2025 11:46:18.465 UTC,1.40491,1.40477,0.00135,0.00294
21.10.2025 11:46:21.326 UTC,1.40491,1.40477,0.0018,0.00249
21.10.2025 11:46:22.832 UTC,1.40491,1.40477,0.00135,0.00294
21.10.2025 11:46:22.936 UTC,1.40492,1.40479,0.00135,0.00279
21.10.2025 11:46:23.038 UTC,1.40492,1.40479,0.0012,0.00339
21.10.2025 11:46:24.357 UTC,1.40491,1.4048,0.00132,0.00285
21.10.2025 11:46:24.659 UTC,1.40492,1.40479,0.00132,0.00285
21.10.2025 11:46:27.271 UTC,1.40491,1.4048,0.00252,0.0018
21.10.2025 11:46:27.424 UTC,1.40491,1.40478,0.00147,0.00225
21.10.2025 11:46:28.651 UTC,1.4049,1.4048,0.00144,0.00135
21.10.2025 11:46:28.754 UTC,1.4049,1.4048,0.00144,0.0018
21.10.2025 11:46:29.307 UTC,1.40491,1.40478,0.00147,0.0024
21.10.2025 11:46:29.460 UTC,1.4049,1.40479,0.00147,0.0024
21.10.2025 11:46:31.124 UTC,1.4049,1.40477,0.00285,0.0018
21.10.2025 11:46:31.228 UTC,1.40485,1.40476,0.00132,0.0012
21.10.2025 11:46:32.191 UTC,1.40487,1.40475,0.00132,0.00135
21.10.2025 11:46:32.295 UTC,1.40487,1.40475,0.00147,0.00135
21.10.2025 11:46:32.399 UTC,1.40486,1.40473,0.00147,0.0018
21.10.2025 11:46:34.170 UTC,1.40484,1.4047,0.00225,0.0018
21.10.2025 11:46:34.273 UTC,1.40483,1.4047,0.00132,0.0018
21.10.2025 11:46:34.376 UTC,1.40482,1.40469,0.00192,0.0024
21.10.2025 11:46:34.428 UTC,1.4048,1.4047,0.00132,0.00135
21.10.2025 11:46:34.985 UTC,1.4048,1.40472,0.00132,0.0018
21.10.2025 11:46:35.844 UTC,1.40481,1.40471,0.00132,0.0018
21.10.2025 11:46:43.400 UTC,1.4048,1.40472,0.00132,0.0018
21.10.2025 11:46:44.363 UTC,1.4048,1.40471,0.0012,0.0018
21.10.2025 11:46:47.331 UTC,1.40481,1.40471,0.00132,0.0018
21.10.2025 11:46:47.938 UTC,1.4048,1.40469,0.00132,0.00375
21.10.2025 11:47:00.914 UTC,1.4048,1.40469,0.00147,0.0024
21.10.2025 11:47:01.067 UTC,1.4048,1.40468,0.00132,0.0018
21.10.2025 11:47:03.143 UTC,1.4048,1.40469,0.0012,0.0033
21.10.2025 11:47:03.246 UTC,1.4048,1.4047,0.0012,0.0018
21.10.2025 11:47:08.580 UTC,1.40481,1.40469,0.00132,0.0018
21.10.2025 11:47:13.113 UTC,1.40481,1.40469,0.0012,0.0018
21.10.2025 11:47:15.174 UTC,1.40482,1.4047,0.00135,0.0024
21.10.2025 11:47:19.825 UTC,1.40481,1.40468,0.00192,0.0018
21.10.2025 11:47:19.877 UTC,1.40478,1.40467,0.00132,0.00315
21.10.2025 11:47:19.929 UTC,1.40475,1.40466,0.0012,0.0012
21.10.2025 11:47:20.032 UTC,1.40475,1.40465,0.0012,0.00135
21.10.2025 11:47:20.491 UTC,1.40475,1.40463,0.0012,0.0018
21.10.2025 11:47:21.202 UTC,1.40473,1.40462,0.00132,0.0024
21.10.2025 11:47:22.315 UTC,1.40473,1.40461,0.0012,0.0033
21.10.2025 11:47:22.367 UTC,1.40475,1.40462,0.00135,0.0018
21.10.2025 11:47:22.469 UTC,1.40475,1.40462,0.0012,0.00195
21.10.2025 11:47:22.572 UTC,1.40476,1.40462,0.00234,0.00285
21.10.2025 11:47:24.188 UTC,1.40476,1.40462,0.00249,0.0033
21.10.2025 11:47:24.741 UTC,1.40474,1.40462,0.0012,0.0018
21.10.2025 11:47:25.097 UTC,1.40475,1.40465,0.0012,0.00135
21.10.2025 11:47:25.200 UTC,1.40477,1.40464,0.00135,0.0018
21.10.2025 11:47:25.405 UTC,1.40474,1.40462,0.00144,0.0018
21.10.2025 11:47:25.458 UTC,1.40471,1.4046,0.0012,0.0018
21.10.2025 11:47:25.561 UTC,1.40471,1.40459,0.0012,0.0042
21.10.2025 11:47:26.273 UTC,1.40469,1.40459,0.0012,0.00285
21.10.2025 11:47:26.931 UTC,1.40469,1.40459,0.0012,0.0024
21.10.2025 11:47:27.722 UTC,1.4047,1.40459,0.0012,0.0024
21.10.2025 11:47:27.832 UTC,1.40474,1.40461,0.0012,0.00279
21.10.2025 11:47:27.885 UTC,1.40473,1.40463,0.0012,0.0024
21.10.2025 11:47:27.988 UTC,1.40474,1.40463,0.0012,0.0033
21.10.2025 11:47:28.090 UTC,1.40475,1.40462,0.0012,0.0033
21.10.2025 11:47:28.902 UTC,1.40477,1.40466,0.0012,0.00135
21.10.2025 11:47:29.006 UTC,1.40478,1.40465,0.0018,0.0018
21.10.2025 11:47:32.625 UTC,1.40479,1.40466,0.0012,0.00225
21.10.2025 11:47:32.677 UTC,1.40479,1.40467,0.0012,0.0024
21.10.2025 11:47:32.779 UTC,1.40479,1.40468,0.0012,0.0033
21.10.2025 11:47:32.882 UTC,1.40481,1.40469,0.0012,0.00135
21.10.2025 11:47:49.157 UTC,1.4048,1.40467,0.00234,0.0018
21.10.2025 11:47:49.260 UTC,1.40478,1.40466,0.0012,0.00195
21.10.2025 11:47:49.363 UTC,1.40478,1.40465,0.0012,0.0018
21.10.2025 11:47:51.198 UTC,1.40478,1.40465,0.00249,0.0018
21.10.2025 11:47:51.300 UTC,1.40478,1.40465,0.00249,0.00135
21.10.2025 11:47:51.757 UTC,1.40478,1.40465,0.00234,0.00135
21.10.2025 11:47:52.112 UTC,1.40476,1.40463,0.0012,0.0018
21.10.2025 11:47:52.215 UTC,1.40475,1.40462,0.0012,0.00249
21.10.2025 11:47:52.318 UTC,1.40476,1.40463,0.0012,0.00285
21.10.2025 11:47:52.524 UTC,1.40476,1.40463,0.0024,0.0018
21.10.2025 11:47:53.334 UTC,1.40475,1.40464,0.00225,0.0018
21.10.2025 11:47:54.596 UTC,1.40476,1.40463,0.0012,0.00294
21.10.2025 11:47:54.852 UTC,1.40476,1.40463,0.00315,0.00135
21.10.2025 11:47:56.060 UTC,1.40476,1.40463,0.0033,0.00135
21.10.2025 11:47:58.119 UTC,1.40476,1.40463,0.00195,0.00135
21.10.2025 11:47:58.271 UTC,1.40476,1.40463,0.0024,0.00135
21.10.2025 11:48:00.385 UTC,1.40475,1.40464,0.00135,0.0033
21.10.2025 11:48:00.591 UTC,1.40477,1.40464,0.00225,0.00135
21.10.2025 11:48:01.397 UTC,1.40476,1.40465,0.0024,0.00135
21.10.2025 11:48:01.588 UTC,1.40477,1.40464,0.0018,0.00135
21.10.2025 11:48:01.740 UTC,1.40476,1.40465,0.0024,0.00135
21.10.2025 11:48:01.892 UTC,1.40476,1.40465,0.00225,0.00135
21.10.2025 11:48:02.596 UTC,1.40477,1.40464,0.0024,0.00135
21.10.2025 11:48:02.798 UTC,1.40477,1.40464,0.00225,0.00135
21.10.2025 11:48:03.902 UTC,1.40477,1.40464,0.00135,0.0018
21.10.2025 11:48:04.766 UTC,1.40475,1.40463,0.00225,0.0018
21.10.2025 11:48:04.869 UTC,1.40473,1.40462,0.0012,0.0018
21.10.2025 11:48:05.023 UTC,1.40475,1.40462,0.00135,0.0033
21.10.2025 11:48:05.126 UTC,1.40474,1.40463,0.00135,0.0033
21.10.2025 11:48:18.847 UTC,1.40476,1.40463,0.00135,0.0018
21.10.2025 11:48:23.299 UTC,1.40476,1.40464,0.0012,0.0018
21.10.2025 11:48:23.504 UTC,1.40478,1.40464,0.0024,0.0024
21.10.2025 11:48:24.617 UTC,1.40476,1.40463,0.0018,0.00375
21.10.2025 11:48:24.669 UTC,1.40478,1.40466,0.00225,0.0012
21.10.2025 11:48:25.126 UTC,1.40478,1.40467,0.00225,0.00225
21.10.2025 11:48:25.279 UTC,1.40478,1.40467,0.00135,0.0033
21.10.2025 11:48:36.969 UTC,1.40479,1.40467,0.00135,0.0018
21.10.2025 11:48:39.432 UTC,1.40478,1.40465,0.0012,0.00285
21.10.2025 11:48:39.535 UTC,1.40477,1.40466,0.0012,0.00195
21.10.2025 11:48:39.638 UTC,1.40475,1.40465,0.0018,0.0012
21.10.2025 11:48:39.691 UTC,1.40474,1.40464,0.0012,0.00135
21.10.2025 11:48:39.793 UTC,1.40473,1.40464,0.0012,0.0012
21.10.2025 11:48:39.896 UTC,1.40472,1.40463,0.0012,0.0012
21.10.2025 11:48:39.999 UTC,1.40471,1.40462,0.00225,0.00195
21.10.2025 11:48:40.353 UTC,1.40472,1.40461,0.00225,0.00135
21.10.2025 11:48:41.063 UTC,1.40471,1.4046,0.0024,0.0018
21.10.2025 11:48:44.130 UTC,1.40471,1.40461,0.00135,0.00135
21.10.2025 11:48:44.232 UTC,1.40472,1.4046,0.00135,0.0018
21.10.2025 11:48:44.586 UTC,1.40471,1.40461,0.0018,0.0018
21.10.2025 11:48:44.840 UTC,1.40471,1.40461,0.00135,0.0018
21.10.2025 11:48:47.603 UTC,1.40472,1.40459,0.0018,0.0024
21.10.2025 11:48:48.759 UTC,1.40472,1.40459,0.00135,0.0024
21.10.2025 11:48:49.971 UTC,1.40472,1.40459,0.00192,0.0024
21.10.2025 11:48:50.023 UTC,1.40469,1.40458,0.00144,0.0012
21.10.2025 11:48:50.126 UTC,1.40467,1.40456,0.00189,0.00225
21.10.2025 11:48:50.229 UTC,1.40464,1.40457,0.0012,0.00135
21.10.2025 11:48:53.099 UTC,1.40465,1.40452,0.0012,0.0024
21.10.2025 11:49:05.430 UTC,1.40464,1.40453,0.0024,0.0024
21.10.2025 11:49:06.083 UTC,1.40465,1.40452,0.00225,0.0024
21.10.2025 11:49:06.235 UTC,1.40464,1.40452,0.0012,0.0018
21.10.2025 11:49:06.489 UTC,1.40463,1.40452,0.00135,0.0018
21.10.2025 11:49:06.592 UTC,1.40463,1.4045,0.0012,0.0024
21.10.2025 11:49:10.060 UTC,1.40463,1.40452,0.0012,0.00294
21.10.2025 11:49:10.162 UTC,1.40465,1.40452,0.0012,0.00225
21.10.2025 11:49:10.214 UTC,1.40464,1.40453,0.0012,0.0024
21.10.2025 11:49:15.516 UTC,1.40465,1.40454,0.0012,0.00204
21.10.2025 11:49:18.242 UTC,1.40465,1.40454,0.0012,0.00135
21.10.2025 11:49:23.509 UTC,1.40463,1.40451,0.0012,0.00195
21.10.2025 11:49:23.611 UTC,1.40463,1.40451,0.0012,0.0012
21.10.2025 11:49:44.247 UTC,1.40463,1.40452,0.0012,0.0012
21.10.2025 11:49:44.604 UTC,1.40465,1.40454,0.0012,0.0012
21.10.2025 11:49:44.713 UTC,1.40465,1.40454,0.0012,0.0018
21.10.2025 11:49:55.259 UTC,1.40467,1.40455,0.0012,0.00189
21.10.2025 11:49:55.364 UTC,1.40467,1.40456,0.0012,0.00132
21.10.2025 11:49:55.468 UTC,1.40468,1.40457,0.0012,0.00132
21.10.2025 11:49:55.520 UTC,1.40468,1.40457,0.0012,0.00192
21.10.2025 11:49:55.622 UTC,1.40469,1.40458,0.0012,0.0018
21.10.2025 11:50:00.188 UTC,1.4047,1.40458,0.0012,0.0018
21.10.2025 11:50:04.918 UTC,1.40468,1.40459,0.0012,0.0018
21.10.2025 11:50:05.273 UTC,1.4047,1.40458,0.0012,0.0018
21.10.2025 11:50:07.693 UTC,1.40471,1.40458,0.00135,0.0024
21.10.2025 11:50:11.111 UTC,1.4047,1.40459,0.00135,0.00285
21.10.2025 11:50:17.308 UTC,1.40471,1.40462,0.0012,0.00132
21.10.2025 11:50:17.411 UTC,1.40473,1.40461,0.0012,0.00294
21.10.2025 11:50:18.229 UTC,1.40475,1.40463,0.0012,0.00147
21.10.2025 11:50:18.281 UTC,1.40475,1.40465,0.0012,0.00192
21.10.2025 11:50:22.108 UTC,1.40476,1.40463,0.0012,0.00204
21.10.2025 11:50:24.582 UTC,1.40475,1.40463,0.0012,0.0018
21.10.2025 11:50:24.736 UTC,1.40475,1.40462,0.00135,0.0018
21.10.2025 11:50:25.643 UTC,1.40474,1.40461,0.0012,0.00384
21.10.2025 11:50:25.849 UTC,1.40475,1.40463,0.0012,0.0018
21.10.2025 11:50:30.085 UTC,1.40474,1.40464,0.0012,0.0018
21.10.2025 11:50:31.143 UTC,1.40476,1.40466,0.0012,0.00135
21.10.2025 11:50:31.246 UTC,1.40476,1.40466,0.0012,0.00294
21.10.2025 11:50:39.397 UTC,1.40477,1.40465,0.0012,0.00339
21.10.2025 11:50:41.436 UTC,1.40477,1.40467,0.0012,0.0018
21.10.2025 11:50:44.252 UTC,1.40477,1.40466,0.0012,0.00339
21.10.2025 11:50:47.560 UTC,1.40479,1.40468,0.0012,0.0012
21.10.2025 11:50:47.714 UTC,1.40478,1.40469,0.0012,0.0018
21.10.2025 11:50:52.084 UTC,1.40478,1.40467,0.0012,0.00195
21.10.2025 11:50:59.814 UTC,1.40476,1.40466,0.0012,0.0018
21.10.2025 11:50:59.866 UTC,1.40469,1.4046,0.0012,0.0012
21.10.2025 11:51:02.419 UTC,1.40469,1.40457,0.0012,0.00195
21.10.2025 11:51:02.521 UTC,1.40467,1.40458,0.0012,0.0018
21.10.2025 11:51:02.573 UTC,1.40468,1.40457,0.0012,0.00135
21.10.2025 11:51:03.534 UTC,1.40467,1.40458,0.0012,0.0018
21.10.2025 11:51:07.458 UTC,1.40468,1.40456,0.0012,0.0018
21.10.2025 11:51:13.538 UTC,1.40466,1.40455,0.0012,0.0024
21.10.2025 11:51:13.645 UTC,1.40463,1.40453,0.0012,0.00189
21.10.2025 11:51:13.807 UTC,1.40463,1.40453,0.0012,0.00249
21.10.2025 11:51:15.069 UTC,1.40462,1.40453,0.0012,0.0018
21.10.2025 11:51:15.425 UTC,1.40462,1.4045,0.0012,0.00192
21.10.2025 11:51:18.210 UTC,1.40462,1.40454,0.0012,0.00132
21.10.2025 11:51:18.313 UTC,1.40464,1.40453,0.0012,0.00324
21.10.2025 11:51:23.781 UTC,1.40465,1.40453,0.0012,0.00324
21.10.2025 11:51:23.885 UTC,1.40465,1.40454,0.0012,0.0012
21.10.2025 11:51:23.987 UTC,1.40464,1.40455,0.0012,0.0018
21.10.2025 11:51:25.705 UTC,1.40466,1.40454,0.0012,0.00204
21.10.2025 11:51:27.068 UTC,1.40464,1.40453,0.0012,0.00387
21.10.2025 11:51:27.475 UTC,1.40465,1.40453,0.0012,0.00192
21.10.2025 11:51:37.065 UTC,1.40464,1.40453,0.0012,0.00339
21.10.2025 11:51:37.321 UTC,1.40463,1.40452,0.0012,0.0018
21.10.2025 11:51:37.476 UTC,1.40463,1.40451,0.0012,0.00144
21.10.2025 11:51:37.732 UTC,1.40461,1.40452,0.0012,0.00135
21.10.2025 11:51:39.095 UTC,1.40461,1.4045,0.0012,0.00192
21.10.2025 11:51:39.351 UTC,1.4046,1.40448,0.0012,0.00249
21.10.2025 11:51:40.719 UTC,1.40458,1.40448,0.0012,0.00192
21.10.2025 11:51:42.035 UTC,1.40459,1.40447,0.0012,0.00192
21.10.2025 11:51:43.041 UTC,1.40459,1.40449,0.0012,0.0018
21.10.2025 11:51:45.535 UTC,1.4046,1.40448,0.0012,0.0018
21.10.2025 11:51:47.247 UTC,1.4046,1.40449,0.0012,0.00294
21.10.2025 11:51:54.094 UTC,1.40461,1.40447,0.00135,0.00384
21.10.2025 11:51:54.296 UTC,1.4046,1.40447,0.00135,0.00192
21.10.2025 11:51:54.400 UTC,1.4046,1.40447,0.0018,0.0018
21.10.2025 11:51:54.654 UTC,1.4046,1.40447,0.00135,0.0018
21.10.2025 11:51:55.260 UTC,1.4046,1.40447,0.00135,0.00135
21.10.2025 11:52:01.607 UTC,1.40459,1.40449,0.0018,0.00135
21.10.2025 11:52:01.711 UTC,1.4046,1.40448,0.0012,0.00135
21.10.2025 11:52:02.375 UTC,1.4046,1.40447,0.0018,0.0018
21.10.2025 11:52:03.028 UTC,1.4046,1.40447,0.0012,0.0018
21.10.2025 11:52:07.997 UTC,1.4046,1.40447,0.00135,0.00135
21.10.2025 11:52:08.099 UTC,1.4046,1.40447,0.0018,0.00135
21.10.2025 11:52:08.352 UTC,1.40459,1.40448,0.00135,0.00135
21.10.2025 11:52:08.505 UTC,1.4046,1.40447,0.0018,0.00135
21.10.2025 11:52:08.622 UTC,1.40459,1.40448,0.00135,0.00135
21.10.2025 11:52:09.128 UTC,1.40459,1.40448,0.0012,0.0018
21.10.2025 11:52:10.036 UTC,1.40462,1.40452,0.00135,0.0012
21.10.2025 11:52:10.088 UTC,1.40467,1.40454,0.0015,0.00132
21.10.2025 11:52:10.192 UTC,1.40468,1.40457,0.0012,0.00135
21.10.2025 11:52:10.295 UTC,1.4047,1.40457,0.0012,0.00192
21.10.2025 11:52:10.652 UTC,1.40471,1.40458,0.0012,0.00249
21.10.2025 11:52:11.164 UTC,1.40472,1.4046,0.0012,0.00135
21.10.2025 11:52:11.316 UTC,1.40472,1.4046,0.0012,0.0018
21.10.2025 11:52:15.099 UTC,1.40472,1.40459,0.00135,0.00285
21.10.2025 11:52:15.201 UTC,1.40471,1.40459,0.0012,0.0012
21.10.2025 11:52:22.975 UTC,1.40471,1.40459,0.0018,0.0012
21.10.2025 11:52:23.681 UTC,1.40469,1.40458,0.0012,0.0012
21.10.2025 11:52:24.236 UTC,1.4047,1.40458,0.0012,0.00195
21.10.2025 11:52:24.340 UTC,1.40471,1.40459,0.0012,0.00135
21.10.2025 11:52:24.442 UTC,1.40471,1.40459,0.0012,0.0012
21.10.2025 11:52:25.958 UTC,1.4047,1.40459,0.0012,0.0012
21.10.2025 11:52:26.061 UTC,1.4047,1.40459,0.00135,0.0012
21.10.2025 11:52:29.329 UTC,1.40471,1.4046,0.0012,0.00135
21.10.2025 11:52:29.442 UTC,1.40471,1.4046,0.0012,0.00192
21.10.2025 11:52:30.555 UTC,1.40471,1.40458,0.0012,0.00339
21.10.2025 11:52:32.526 UTC,1.40471,1.40461,0.0012,0.0012
21.10.2025 11:52:34.650 UTC,1.40471,1.40458,0.0012,0.00294
21.10.2025 11:52:36.115 UTC,1.40471,1.40461,0.0012,0.00135
21.10.2025 11:52:36.166 UTC,1.40473,1.40461,0.0012,0.00135
21.10.2025 11:52:36.268 UTC,1.40472,1.40461,0.0012,0.00339
21.10.2025 11:52:42.834 UTC,1.40474,1.4046,0.0018,0.00432
21.10.2025 11:52:42.937 UTC,1.40472,1.40461,0.0012,0.0018
21.10.2025 11:52:43.294 UTC,1.40473,1.40461,0.0012,0.00192
21.10.2025 11:52:54.019 UTC,1.40472,1.40459,0.00135,0.0018
21.10.2025 11:52:54.122 UTC,1.40472,1.40459,0.0018,0.0018
21.10.2025 11:52:54.224 UTC,1.40471,1.4046,0.0018,0.0018
21.10.2025 11:52:54.779 UTC,1.40472,1.40459,0.00135,0.0018
21.10.2025 11:52:55.234 UTC,1.40471,1.40458,0.0012,0.00192
21.10.2025 11:52:55.388 UTC,1.40469,1.40459,0.0012,0.00192
21.10.2025 11:52:55.491 UTC,1.4047,1.40458,0.0012,0.0018
21.10.2025 11:52:55.643 UTC,1.40468,1.40459,0.0012,0.0018
21.10.2025 11:52:59.065 UTC,1.40469,1.40458,0.0012,0.00249
21.10.2025 11:53:11.094 UTC,1.4047,1.40458,0.00135,0.0024
21.10.2025 11:53:13.002 UTC,1.4047,1.40459,0.00135,0.0024
21.10.2025 11:53:16.927 UTC,1.4047,1.4046,0.0012,0.0018
21.10.2025 11:53:17.182 UTC,1.40472,1.4046,0.0012,0.00135
21.10.2025 11:53:17.285 UTC,1.40472,1.4046,0.00135,0.0018
21.10.2025 11:53:18.910 UTC,1.40472,1.40462,0.00135,0.0012
21.10.2025 11:53:19.163 UTC,1.40472,1.4046,0.00135,0.0018
21.10.2025 11:53:19.367 UTC,1.40472,1.40462,0.00135,0.0012
21.10.2025 11:53:19.569 UTC,1.40471,1.40461,0.00135,0.0018
21.10.2025 11:53:19.772 UTC,1.40471,1.40463,0.00135,0.0012
21.10.2025 11:53:19.975 UTC,1.40471,1.40461,0.00135,0.0018
21.10.2025 11:53:20.129 UTC,1.40473,1.40462,0.0012,0.00132
21.10.2025 11:53:20.233 UTC,1.40475,1.40466,0.0012,0.0012
21.10.2025 11:53:22.425 UTC,1.40475,1.40463,0.0012,0.00339
21.10.2025 11:53:22.627 UTC,1.40476,1.40464,0.0012,0.0018
21.10.2025 11:53:22.829 UTC,1.40475,1.40464,0.0012,0.0018
21.10.2025 11:53:23.031 UTC,1.40476,1.40464,0.0012,0.0018
21.10.2025 11:53:23.233 UTC,1.40475,1.40464,0.0012,0.0018
21.10.2025 11:53:23.435 UTC,1.40476,1.40464,0.0012,0.0018
21.10.2025 11:53:23.686 UTC,1.40475,1.40464,0.0012,0.0018
21.10.2025 11:53:23.889 UTC,1.40476,1.40463,0.0012,0.00339
21.10.2025 11:53:29.162 UTC,1.40475,1.40463,0.0012,0.0018
21.10.2025 11:53:29.214 UTC,1.40475,1.40462,0.0012,0.00294
21.10.2025 11:53:30.123 UTC,1.40475,1.40463,0.0012,0.00294
21.10.2025 11:53:34.698 UTC,1.40476,1.40464,0.0012,0.00249
21.10.2025 11:53:34.800 UTC,1.40475,1.40466,0.0012,0.0024
21.10.2025 11:53:35.107 UTC,1.40475,1.40463,0.0012,0.0024
21.10.2025 11:53:35.260 UTC,1.40474,1.40464,0.0012,0.00234
21.10.2025 11:53:36.621 UTC,1.40474,1.40461,0.0012,0.00429
21.10.2025 11:53:36.725 UTC,1.40475,1.40462,0.0012,0.0033
21.10.2025 11:53:36.827 UTC,1.40474,1.40463,0.0012,0.0033
21.10.2025 11:53:42.013 UTC,1.40474,1.40461,0.0012,0.00384
21.10.2025 11:53:42.117 UTC,1.40474,1.40461,0.0012,0.00204
21.10.2025 11:53:42.675 UTC,1.40473,1.40463,0.0012,0.00192
21.10.2025 11:53:42.778 UTC,1.40475,1.40462,0.0012,0.00339
21.10.2025 11:53:45.472 UTC,1.40475,1.40463,0.0012,0.00249
21.10.2025 11:53:48.635 UTC,1.40475,1.40464,0.0012,0.0012
21.10.2025 11:53:49.093 UTC,1.40477,1.40466,0.0012,0.00135
21.10.2025 11:53:49.349 UTC,1.40478,1.40466,0.0012,0.00192
21.10.2025 11:53:49.605 UTC,1.40479,1.40468,0.0012,0.00339
21.10.2025 11:53:58.857 UTC,1.40481,1.40469,0.0012,0.0018
21.10.2025 11:54:03.109 UTC,1.4048,1.40471,0.0012,0.0018
21.10.2025 11:54:03.920 UTC,1.4048,1.40469,0.0012,0.0018
21.10.2025 11:54:06.121 UTC,1.40481,1.4047,0.0012,0.00135
21.10.2025 11:54:06.428 UTC,1.40481,1.40471,0.0012,0.00144
21.10.2025 11:54:06.479 UTC,1.40481,1.40471,0.0012,0.00204
21.10.2025 11:54:06.582 UTC,1.40481,1.4047,0.0012,0.0012
21.10.2025 11:54:06.736 UTC,1.40481,1.40469,0.00135,0.0012
21.10.2025 11:54:14.331 UTC,1.40482,1.40469,0.0012,0.00279
21.10.2025 11:54:14.437 UTC,1.40481,1.4047,0.0012,0.00297
21.10.2025 11:54:14.585 UTC,1.40481,1.4047,0.0012,0.00342
21.10.2025 11:54:17.128 UTC,1.40483,1.4047,0.0012,0.00297
21.10.2025 11:54:19.498 UTC,1.40485,1.40472,0.00135,0.00234
21.10.2025 11:54:19.601 UTC,1.40486,1.40473,0.0012,0.0012
21.10.2025 11:54:19.704 UTC,1.40486,1.40473,0.0012,0.0018
21.10.2025 11:54:20.514 UTC,1.40485,1.40472,0.00135,0.0012
21.10.2025 11:54:25.096 UTC,1.40485,1.40473,0.00135,0.00135
21.10.2025 11:54:28.720 UTC,1.40485,1.40473,0.0012,0.0024
21.10.2025 11:54:28.823 UTC,1.40486,1.40473,0.00135,0.00249
21.10.2025 11:54:29.129 UTC,1.40486,1.40473,0.0012,0.00339
21.10.2025 11:54:38.741 UTC,1.40487,1.40476,0.0012,0.0018
21.10.2025 11:54:38.845 UTC,1.40489,1.40477,0.0012,0.00189
21.10.2025 11:54:38.950 UTC,1.40489,1.40477,0.0012,0.00249
21.10.2025 11:54:46.362 UTC,1.40488,1.40477,0.0012,0.00135
21.10.2025 11:54:48.274 UTC,1.40488,1.40476,0.00225,0.00135
21.10.2025 11:54:48.377 UTC,1.40486,1.40476,0.0012,0.0018
21.10.2025 11:54:50.247 UTC,1.40487,1.40475,0.0012,0.00135
21.10.2025 11:54:55.636 UTC,1.40487,1.40474,0.0018,0.0018
21.10.2025 11:54:55.739 UTC,1.40487,1.40475,0.0012,0.00132
21.10.2025 11:54:55.841 UTC,1.40486,1.40476,0.0012,0.00192
21.10.2025 11:54:57.401 UTC,1.40487,1.40475,0.0012,0.00279
21.10.2025 11:54:57.554 UTC,1.40487,1.40475,0.0012,0.00294
21.10.2025 11:54:59.455 UTC,1.40487,1.40474,0.0012,0.0033
21.10.2025 11:55:00.063 UTC,1.40488,1.40476,0.00225,0.0012
21.10.2025 11:55:00.116 UTC,1.40488,1.40477,0.0018,0.00237
21.10.2025 11:55:00.219 UTC,1.40489,1.40479,0.0012,0.00192
21.10.2025 11:55:00.776 UTC,1.40491,1.40479,0.0012,0.00147
21.10.2025 11:55:02.703 UTC,1.40493,1.40481,0.0012,0.00132
21.10.2025 11:55:03.411 UTC,1.40493,1.40484,0.0012,0.00132
21.10.2025 11:55:03.515 UTC,1.40496,1.40484,0.0012,0.00192
21.10.2025 11:55:03.924 UTC,1.40493,1.40481,0.0012,0.00192
21.10.2025 11:55:04.028 UTC,1.40492,1.40482,0.0012,0.00192
21.10.2025 11:55:06.443 UTC,1.40492,1.40479,0.0012,0.00132
21.10.2025 11:55:06.650 UTC,1.4049,1.4048,0.0012,0.0012
21.10.2025 11:55:06.752 UTC,1.40491,1.40479,0.0012,0.0012
21.10.2025 11:55:11.236 UTC,1.4049,1.40479,0.00135,0.0012
21.10.2025 11:55:11.690 UTC,1.40491,1.40479,0.0012,0.00189
21.10.2025 11:55:11.792 UTC,1.4049,1.4048,0.0012,0.00204
21.10.2025 11:55:12.199 UTC,1.40491,1.40479,0.0018,0.0012
21.10.2025 11:55:17.734 UTC,1.40491,1.40481,0.0012,0.0012
21.10.2025 11:55:17.836 UTC,1.40492,1.4048,0.0012,0.0018
21.10.2025 11:55:20.766 UTC,1.40492,1.40479,0.00135,0.00195
21.10.2025 11:55:21.020 UTC,1.40492,1.40479,0.0024,0.00195
21.10.2025 11:55:21.223 UTC,1.4049,1.4048,0.00135,0.0012
21.10.2025 11:55:21.325 UTC,1.4049,1.40479,0.0012,0.0012
21.10.2025 11:55:21.781 UTC,1.40489,1.4048,0.0012,0.0012
21.10.2025 11:55:24.682 UTC,1.40491,1.40479,0.00135,0.0012
21.10.2025 11:55:25.892 UTC,1.40491,1.4048,0.00234,0.0018
21.10.2025 11:55:26.495 UTC,1.40492,1.40479,0.00249,0.0018
21.10.2025 11:55:30.763 UTC,1.40491,1.4048,0.00225,0.0018
21.10.2025 11:55:31.619 UTC,1.40492,1.40479,0.00249,0.00135
21.10.2025 11:55:31.721 UTC,1.40491,1.4048,0.00234,0.00135
21.10.2025 11:55:32.827 UTC,1.40492,1.40479,0.00249,0.00135
21.10.2025 11:55:33.182 UTC,1.40492,1.40479,0.00234,0.00135
21.10.2025 11:55:34.088 UTC,1.40492,1.40479,0.00249,0.00135
21.10.2025 11:55:35.889 UTC,1.40492,1.40479,0.00225,0.00135
21.10.2025 11:55:36.043 UTC,1.40492,1.40479,0.0024,0.00135
21.10.2025 11:55:36.195 UTC,1.40491,1.4048,0.00225,0.00135
21.10.2025 11:55:36.550 UTC,1.40492,1.40479,0.0012,0.00285
21.10.2025 11:55:36.602 UTC,1.40494,1.40483,0.00135,0.0012
21.10.2025 11:55:36.706 UTC,1.40494,1.40485,0.00135,0.0012
21.10.2025 11:55:37.013 UTC,1.40494,1.40484,0.00135,0.0012
21.10.2025 11:55:44.241 UTC,1.40494,1.40484,0.00135,0.0018
21.10.2025 11:55:44.343 UTC,1.40493,1.40485,0.00135,0.00135
21.10.2025 11:55:46.413 UTC,1.40493,1.40485,0.00135,0.0018
21.10.2025 11:55:48.129 UTC,1.40494,1.40484,0.00135,0.00135
21.10.2025 11:55:50.290 UTC,1.40496,1.40484,0.00135,0.00135
21.10.2025 11:55:50.797 UTC,1.40495,1.40482,0.00192,0.0018
21.10.2025 11:55:51.110 UTC,1.40494,1.40481,0.00249,0.0024
21.10.2025 11:55:51.161 UTC,1.40494,1.40481,0.00192,0.0024
21.10.2025 11:55:51.624 UTC,1.40492,1.4048,0.0012,0.0012
21.10.2025 11:55:51.728 UTC,1.4049,1.40481,0.00132,0.0012
21.10.2025 11:55:51.779 UTC,1.40491,1.40478,0.00132,0.00285
21.10.2025 11:55:51.882 UTC,1.4049,1.40479,0.00132,0.00135
21.10.2025 11:55:52.944 UTC,1.40489,1.40477,0.00132,0.0018
21.10.2025 11:55:53.047 UTC,1.40488,1.40476,0.00132,0.0018
21.10.2025 11:55:53.151 UTC,1.40485,1.40474,0.00132,0.0012
21.10.2025 11:55:53.203 UTC,1.40484,1.40473,0.00132,0.0012
21.10.2025 11:55:53.305 UTC,1.40484,1.40472,0.00132,0.0018
21.10.2025 11:55:53.408 UTC,1.40485,1.40473,0.00189,0.0018
21.10.2025 11:55:53.663 UTC,1.40485,1.40473,0.00189,0.0012
21.10.2025 11:55:55.935 UTC,1.40484,1.40472,0.00132,0.0018
21.10.2025 11:55:57.046 UTC,1.40483,1.40472,0.00144,0.0018
21.10.2025 11:55:57.552 UTC,1.40484,1.40471,0.00249,0.0018
21.10.2025 11:55:57.855 UTC,1.40483,1.40472,0.00234,0.0018
21.10.2025 11:55:58.409 UTC,1.40483,1.40472,0.00249,0.0018
21.10.2025 11:55:59.113 UTC,1.40484,1.40471,0.00234,0.0018
21.10.2025 11:56:00.368 UTC,1.40484,1.40471,0.00249,0.0018
21.10.2025 11:56:00.570 UTC,1.40483,1.40471,0.00342,0.0018
21.10.2025 11:56:00.723 UTC,1.40483,1.4047,0.00192,0.00135
21.10.2025 11:56:00.876 UTC,1.40483,1.4047,0.00132,0.00135
21.10.2025 11:56:00.979 UTC,1.40483,1.40472,0.00192,0.0012
21.10.2025 11:56:01.132 UTC,1.40483,1.40472,0.00192,0.0018
21.10.2025 11:56:01.887 UTC,1.40484,1.40471,0.00144,0.0018
21.10.2025 11:56:02.388 UTC,1.40484,1.40471,0.00192,0.0018
21.10.2025 11:56:04.097 UTC,1.40484,1.40473,0.00135,0.0012
21.10.2025 11:56:04.252 UTC,1.40485,1.40473,0.00135,0.00135
21.10.2025 11:56:04.606 UTC,1.40483,1.40474,0.0012,0.00135
21.10.2025 11:56:05.561 UTC,1.40484,1.40474,0.00135,0.00135
21.10.2025 11:56:05.664 UTC,1.40485,1.40472,0.00294,0.0018
21.10.2025 11:56:05.969 UTC,1.40484,1.40472,0.00135,0.0018
21.10.2025 11:56:06.221 UTC,1.40483,1.40473,0.0018,0.0018
21.10.2025 11:56:06.323 UTC,1.40484,1.40472,0.0018,0.00135
21.10.2025 11:56:07.228 UTC,1.40484,1.40472,0.00135,0.00135
21.10.2025 11:56:07.582 UTC,1.40484,1.40472,0.0018,0.00135
21.10.2025 11:56:08.237 UTC,1.40484,1.40472,0.0012,0.00135
21.10.2025 11:56:09.093 UTC,1.40484,1.40472,0.0018,0.00135
21.10.2025 11:56:09.951 UTC,1.40484,1.40472,0.0012,0.00135
21.10.2025 11:56:10.205 UTC,1.40483,1.4047,0.00195,0.0018
21.10.2025 11:56:10.306 UTC,1.40483,1.4047,0.00195,0.00135
21.10.2025 11:56:10.510 UTC,1.40481,1.40471,0.00135,0.00135
21.10.2025 11:56:10.612 UTC,1.40482,1.4047,0.0018,0.00135
21.10.2025 11:56:10.915 UTC,1.40481,1.40471,0.00135,0.00135
21.10.2025 11:56:14.378 UTC,1.40482,1.40471,0.00225,0.00135
21.10.2025 11:56:14.635 UTC,1.40484,1.4047,0.0024,0.00339
21.10.2025 11:56:20.229 UTC,1.40481,1.4047,0.0018,0.0018
21.10.2025 11:56:21.241 UTC,1.40482,1.40469,0.00135,0.0018
21.10.2025 11:56:21.665 UTC,1.40481,1.4047,0.0018,0.0018
21.10.2025 11:56:22.219 UTC,1.40482,1.40469,0.00135,0.0018
21.10.2025 11:56:23.497 UTC,1.40481,1.4047,0.0018,0.0018
21.10.2025 11:56:25.159 UTC,1.40481,1.40469,0.0024,0.00249
21.10.2025 11:56:26.322 UTC,1.40481,1.40469,0.0024,0.00339
21.10.2025 11:56:26.524 UTC,1.40482,1.40468,0.00195,0.00339
21.10.2025 11:56:26.678 UTC,1.40481,1.40469,0.0018,0.00339
21.10.2025 11:56:26.883 UTC,1.40482,1.40469,0.00135,0.00234
21.10.2025 11:56:26.986 UTC,1.40482,1.40469,0.0012,0.00384
21.10.2025 11:56:29.455 UTC,1.40483,1.40469,0.00225,0.00339
21.10.2025 11:56:29.659 UTC,1.40482,1.4047,0.0024,0.00339
21.10.2025 11:56:29.761 UTC,1.40483,1.40469,0.00225,0.00384
21.10.2025 11:56:31.123 UTC,1.40483,1.40471,0.0012,0.0018
21.10.2025 11:56:34.737 UTC,1.40483,1.4047,0.00225,0.0018
21.10.2025 11:56:34.839 UTC,1.40481,1.4047,0.0012,0.00339
21.10.2025 11:56:35.846 UTC,1.40482,1.40469,0.00135,0.00192
21.10.2025 11:56:36.102 UTC,1.40482,1.40469,0.0012,0.0024
21.10.2025 11:56:36.205 UTC,1.40481,1.4047,0.0018,0.0018
21.10.2025 11:56:37.263 UTC,1.40481,1.40468,0.0018,0.00294
21.10.2025 11:56:37.817 UTC,1.40481,1.40468,0.00135,0.00294
21.10.2025 11:56:39.431 UTC,1.40481,1.40469,0.0012,0.00192
21.10.2025 11:56:40.139 UTC,1.40482,1.40469,0.0018,0.00249
21.10.2025 11:56:42.231 UTC,1.40482,1.40468,0.0018,0.00294
21.10.2025 11:56:42.486 UTC,1.40482,1.40469,0.0018,0.00249
21.10.2025 11:56:43.406 UTC,1.40481,1.40469,0.00135,0.00339
21.10.2025 11:56:43.559 UTC,1.40481,1.40468,0.00135,0.00192
21.10.2025 11:56:50.061 UTC,1.4048,1.40469,0.0018,0.0024
21.10.2025 11:56:50.214 UTC,1.40481,1.40468,0.00135,0.0024
21.10.2025 11:56:50.367 UTC,1.40481,1.40468,0.0018,0.0024
21.10.2025 11:56:51.433 UTC,1.40481,1.40468,0.00135,0.0024
21.10.2025 11:56:51.701 UTC,1.40481,1.40468,0.0018,0.0024
21.10.2025 11:56:52.769 UTC,1.40476,1.40464,0.0012,0.0018
21.10.2025 11:56:53.834 UTC,1.40473,1.40462,0.0012,0.0042
21.10.2025 11:56:53.937 UTC,1.40472,1.40461,0.0012,0.0018
21.10.2025 11:56:54.090 UTC,1.40473,1.40462,0.0012,0.0024
21.10.2025 11:56:55.256 UTC,1.40473,1.40463,0.0012,0.0018
21.10.2025 11:56:55.359 UTC,1.40475,1.40463,0.0012,0.00135
21.10.2025 11:56:55.665 UTC,1.40474,1.4046,0.00414,0.0018
21.10.2025 11:56:55.717 UTC,1.40472,1.40459,0.0012,0.0018
21.10.2025 11:56:55.769 UTC,1.40472,1.40459,0.0012,0.0024
21.10.2025 11:56:59.150 UTC,1.40471,1.4046,0.0018,0.0024
21.10.2025 11:57:00.210 UTC,1.40471,1.40458,0.00135,0.0024
21.10.2025 11:57:00.417 UTC,1.40471,1.40461,0.0012,0.0024
21.10.2025 11:57:01.228 UTC,1.40473,1.40461,0.0012,0.00135
21.10.2025 11:57:01.280 UTC,1.40473,1.40461,0.0012,0.0018
21.10.2025 11:57:02.644 UTC,1.40474,1.40462,0.0012,0.00249
21.10.2025 11:57:02.747 UTC,1.40474,1.40462,0.0012,0.00192
21.10.2025 11:57:06.125 UTC,1.40474,1.40462,0.00135,0.0018
21.10.2025 11:57:06.227 UTC,1.40473,1.4046,0.0012,0.00384
21.10.2025 11:57:08.290 UTC,1.40474,1.40464,0.0012,0.0012
21.10.2025 11:57:08.342 UTC,1.40476,1.40465,0.0012,0.0012
21.10.2025 11:57:08.394 UTC,1.40477,1.40467,0.00225,0.0012
21.10.2025 11:57:08.497 UTC,1.40477,1.40467,0.0018,0.0018
21.10.2025 11:57:08.802 UTC,1.40477,1.40465,0.0012,0.00135
21.10.2025 11:57:09.109 UTC,1.40477,1.40466,0.0027,0.00225
21.10.2025 11:57:09.239 UTC,1.40477,1.40466,0.0018,0.0033
21.10.2025 11:57:10.361 UTC,1.40478,1.40468,0.0012,0.00189
21.10.2025 11:57:10.464 UTC,1.40482,1.40469,0.0012,0.00249
21.10.2025 11:57:11.121 UTC,1.40483,1.4047,0.0012,0.00339
21.10.2025 11:57:11.275 UTC,1.40483,1.40471,0.0012,0.0024
21.10.2025 11:57:13.542 UTC,1.40483,1.40471,0.0012,0.00249
21.10.2025 11:57:16.109 UTC,1.40484,1.40472,0.0027,0.0018
21.10.2025 11:57:16.367 UTC,1.40481,1.4047,0.0012,0.00465
21.10.2025 11:57:17.480 UTC,1.40484,1.40472,0.0012,0.0018
21.10.2025 11:57:19.151 UTC,1.40485,1.40471,0.00135,0.00285
21.10.2025 11:57:19.657 UTC,1.40484,1.40472,0.0018,0.0018
21.10.2025 11:57:19.759 UTC,1.40484,1.40472,0.00135,0.00195
21.10.2025 11:57:20.649 UTC,1.40486,1.40473,0.00135,0.00225
21.10.2025 11:57:20.751 UTC,1.40485,1.40474,0.00135,0.0024
21.10.2025 11:57:21.159 UTC,1.40485,1.40474,0.0012,0.0024
21.10.2025 11:57:21.262 UTC,1.40486,1.40474,0.00135,0.0018
21.10.2025 11:57:21.364 UTC,1.40484,1.40474,0.0012,0.0018
21.10.2025 11:57:23.137 UTC,1.40486,1.40474,0.0012,0.0018
21.10.2025 11:57:23.391 UTC,1.40485,1.40473,0.0012,0.0012
21.10.2025 11:57:23.547 UTC,1.40485,1.40471,0.00225,0.0033
21.10.2025 11:57:25.112 UTC,1.40485,1.40471,0.0018,0.0033
21.10.2025 11:57:28.374 UTC,1.40485,1.40472,0.00135,0.0033
21.10.2025 11:57:28.680 UTC,1.40483,1.40472,0.00135,0.0024
21.10.2025 11:57:28.732 UTC,1.40485,1.40472,0.00135,0.00324
21.10.2025 11:57:28.836 UTC,1.40487,1.40475,0.0012,0.00135
21.10.2025 11:57:28.990 UTC,1.40486,1.40476,0.0012,0.0018
21.10.2025 11:57:29.199 UTC,1.40487,1.40473,0.0024,0.00192
21.10.2025 11:57:30.263 UTC,1.40487,1.40473,0.00225,0.00207
21.10.2025 11:57:30.365 UTC,1.40487,1.40474,0.00135,0.00237
21.10.2025 11:57:30.470 UTC,1.40487,1.40473,0.00225,0.00387
21.10.2025 11:57:30.573 UTC,1.40487,1.40474,0.00135,0.0024
21.10.2025 11:57:31.185 UTC,1.40485,1.40474,0.0012,0.0018
21.10.2025 11:57:31.440 UTC,1.40487,1.40474,0.0012,0.0033
21.10.2025 11:57:32.758 UTC,1.40488,1.40474,0.00234,0.0018
21.10.2025 11:57:35.128 UTC,1.40486,1.40474,0.0012,0.0012
21.10.2025 11:57:35.231 UTC,1.40486,1.40474,0.0012,0.00132
21.10.2025 11:57:36.847 UTC,1.40486,1.40473,0.0012,0.00192
21.10.2025 11:57:37.905 UTC,1.40486,1.40473,0.0012,0.00207
21.10.2025 11:57:38.109 UTC,1.40486,1.40475,0.00135,0.00192
21.10.2025 11:57:38.161 UTC,1.40487,1.40474,0.00135,0.0018
21.10.2025 11:57:38.869 UTC,1.40486,1.40476,0.0012,0.0018
21.10.2025 11:57:39.074 UTC,1.40489,1.40476,0.00234,0.0018
21.10.2025 11:57:39.176 UTC,1.40487,1.40476,0.00135,0.00192
21.10.2025 11:57:39.332 UTC,1.40488,1.40474,0.00225,0.00387
21.10.2025 11:57:39.586 UTC,1.40487,1.40475,0.00225,0.00375
21.10.2025 11:57:39.790 UTC,1.40488,1.40474,0.00225,0.00387
21.10.2025 11:57:40.194 UTC,1.40488,1.40475,0.00135,0.0018
21.10.2025 11:57:40.298 UTC,1.40489,1.40475,0.00135,0.00285
21.10.2025 11:57:40.755 UTC,1.40487,1.40476,0.0012,0.00192
21.10.2025 11:57:40.858 UTC,1.40487,1.40476,0.0012,0.0018
21.10.2025 11:57:43.126 UTC,1.40487,1.40475,0.0012,0.0024
21.10.2025 11:57:43.281 UTC,1.40485,1.40474,0.00132,0.0018
21.10.2025 11:57:43.384 UTC,1.40485,1.40473,0.0012,0.00342
21.10.2025 11:57:43.690 UTC,1.40486,1.40472,0.00315,0.00192
21.10.2025 11:57:43.793 UTC,1.40485,1.40472,0.0018,0.00192
21.10.2025 11:57:45.126 UTC,1.40484,1.40471,0.0012,0.00252
21.10.2025 11:57:46.993 UTC,1.40485,1.40473,0.0012,0.00147
21.10.2025 11:57:47.044 UTC,1.40486,1.40473,0.0012,0.00225
21.10.2025 11:57:47.096 UTC,1.40486,1.40473,0.0012,0.00252
21.10.2025 11:57:51.027 UTC,1.40485,1.40474,0.0018,0.00342
21.10.2025 11:57:51.130 UTC,1.40485,1.40474,0.00135,0.00252
21.10.2025 11:57:55.450 UTC,1.40486,1.40473,0.0018,0.00252
21.10.2025 11:57:55.802 UTC,1.40486,1.40473,0.00135,0.00252
21.10.2025 11:58:00.428 UTC,1.40487,1.40474,0.00339,0.00135
21.10.2025 11:58:00.479 UTC,1.40486,1.40475,0.00342,0.00135
21.10.2025 11:58:04.669 UTC,1.40485,1.40474,0.00522,0.0012
21.10.2025 11:58:04.773 UTC,1.40483,1.40471,0.00132,0.0012
21.10.2025 11:58:04.875 UTC,1.40483,1.40471,0.00147,0.0018
21.10.2025 11:58:05.331 UTC,1.40482,1.40468,0.00132,0.00465
21.10.2025 11:58:05.383 UTC,1.40481,1.40469,0.0018,0.0033
21.10.2025 11:58:05.435 UTC,1.4048,1.40468,0.00132,0.0024
21.10.2025 11:58:05.538 UTC,1.4048,1.40467,0.0012,0.0024
21.10.2025 11:58:05.640 UTC,1.40479,1.40468,0.00132,0.0024
21.10.2025 11:58:05.692 UTC,1.4048,1.40469,0.00189,0.0018
21.10.2025 11:58:05.998 UTC,1.40479,1.40466,0.0012,0.0033
21.10.2025 11:58:06.101 UTC,1.4048,1.40466,0.00132,0.0042
21.10.2025 11:58:07.016 UTC,1.4048,1.40468,0.0012,0.0018
21.10.2025 11:58:08.330 UTC,1.40476,1.40465,0.00132,0.0012
21.10.2025 11:58:08.433 UTC,1.40475,1.40463,0.0018,0.0012
21.10.2025 11:58:08.537 UTC,1.40473,1.40463,0.0012,0.0012
21.10.2025 11:58:10.158 UTC,1.40472,1.40461,0.0012,0.00375
21.10.2025 11:58:12.362 UTC,1.4047,1.40458,0.0012,0.0018
21.10.2025 11:58:19.908 UTC,1.40471,1.40461,0.0012,0.0033
21.10.2025 11:58:20.012 UTC,1.40471,1.40462,0.0012,0.0042
21.10.2025 11:58:20.574 UTC,1.40472,1.4046,0.0012,0.00315
21.10.2025 11:58:21.321 UTC,1.40471,1.40462,0.0012,0.0012
21.10.2025 11:58:21.624 UTC,1.40471,1.40461,0.0012,0.0036
21.10.2025 11:58:21.829 UTC,1.40471,1.40462,0.0012,0.0018
21.10.2025 11:58:23.142 UTC,1.40473,1.40461,0.0012,0.0018
21.10.2025 11:58:24.002 UTC,1.40472,1.40462,0.0012,0.00135
21.10.2025 11:58:25.363 UTC,1.40474,1.40463,0.0012,0.00135
21.10.2025 11:58:25.467 UTC,1.40475,1.40464,0.0012,0.0018
21.10.2025 11:58:28.950 UTC,1.40473,1.40462,0.00135,0.0042
21.10.2025 11:58:29.054 UTC,1.40474,1.40461,0.0012,0.00375
21.10.2025 11:58:30.366 UTC,1.40474,1.40463,0.00135,0.0024
21.10.2025 11:58:31.071 UTC,1.40474,1.40463,0.0018,0.0024
21.10.2025 11:58:32.286 UTC,1.40474,1.40461,0.0012,0.00465
21.10.2025 11:58:32.489 UTC,1.40473,1.40461,0.0012,0.00195
21.10.2025 11:58:32.593 UTC,1.40472,1.4046,0.0012,0.0018
21.10.2025 11:58:33.252 UTC,1.40473,1.4046,0.00225,0.0024
21.10.2025 11:58:35.822 UTC,1.40475,1.40464,0.00135,0.0012
21.10.2025 11:58:35.926 UTC,1.40477,1.40464,0.0018,0.0012
21.10.2025 11:58:35.977 UTC,1.40477,1.40464,0.00225,0.0018
21.10.2025 11:58:36.080 UTC,1.40476,1.40465,0.00315,0.0018
21.10.2025 11:58:37.540 UTC,1.40477,1.40466,0.0012,0.00135
21.10.2025 11:58:37.694 UTC,1.40477,1.40466,0.0012,0.0018
21.10.2025 11:58:41.029 UTC,1.40476,1.40466,0.00249,0.0018
21.10.2025 11:58:41.183 UTC,1.40477,1.40464,0.0033,0.00135
21.10.2025 11:58:41.890 UTC,1.40477,1.40464,0.00285,0.00135
21.10.2025 11:58:42.041 UTC,1.40477,1.40464,0.00285,0.0018
21.10.2025 11:58:42.494 UTC,1.40476,1.40465,0.0033,0.0018
21.10.2025 11:58:42.748 UTC,1.40476,1.40465,0.00324,0.0018
21.10.2025 11:58:42.800 UTC,1.40476,1.40463,0.00195,0.0018
21.10.2025 11:58:42.903 UTC,1.40476,1.40463,0.0018,0.0024
21.10.2025 11:58:43.361 UTC,1.40476,1.40465,0.0042,0.00135
21.10.2025 11:58:43.463 UTC,1.40477,1.40464,0.0033,0.0018
21.10.2025 11:58:45.477 UTC,1.40476,1.40467,0.0012,0.00135
21.10.2025 11:58:45.631 UTC,1.40477,1.40466,0.0012,0.0024
21.10.2025 11:58:50.403 UTC,1.4048,1.40469,0.00135,0.00225
21.10.2025 11:58:52.559 UTC,1.40481,1.40468,0.0018,0.00225
21.10.2025 11:58:56.132 UTC,1.4048,1.40468,0.0018,0.00135
21.10.2025 11:58:56.539 UTC,1.4048,1.40468,0.00135,0.00135
21.10.2025 11:58:57.094 UTC,1.40479,1.40468,0.0018,0.0018
21.10.2025 11:58:57.957 UTC,1.4048,1.40467,0.00135,0.0018
21.10.2025 11:58:58.787 UTC,1.40479,1.40468,0.0033,0.0018
21.10.2025 11:59:00.047 UTC,1.4048,1.40467,0.00285,0.0018
21.10.2025 11:59:00.351 UTC,1.4048,1.40467,0.0024,0.0018
21.10.2025 11:59:00.604 UTC,1.4048,1.40467,0.0018,0.0018
21.10.2025 11:59:01.165 UTC,1.4048,1.40467,0.00195,0.0018
21.10.2025 11:59:01.419 UTC,1.4048,1.40467,0.0024,0.0018
21.10.2025 11:59:04.087 UTC,1.40477,1.40467,0.00135,0.0018
21.10.2025 11:59:04.189 UTC,1.40478,1.40466,0.00135,0.0018
21.10.2025 11:59:05.447 UTC,1.40478,1.40467,0.00225,0.0024
21.10.2025 11:59:13.053 UTC,1.40479,1.40466,0.0024,0.0018
21.10.2025 11:59:14.114 UTC,1.40479,1.40466,0.00225,0.0018
21.10.2025 11:59:14.215 UTC,1.40479,1.40466,0.0024,0.0018
21.10.2025 11:59:14.317 UTC,1.40479,1.40466,0.00225,0.0018
21.10.2025 11:59:17.030 UTC,1.40479,1.40466,0.0024,0.0018
21.10.2025 11:59:17.234 UTC,1.40479,1.40466,0.00225,0.0018
21.10.2025 11:59:17.335 UTC,1.40479,1.40466,0.0024,0.0018
21.10.2025 11:59:17.797 UTC,1.40479,1.40466,0.00204,0.0024
21.10.2025 11:59:18.355 UTC,1.40479,1.40466,0.00249,0.0018
21.10.2025 11:59:18.658 UTC,1.40479,1.40466,0.00234,0.0018
21.10.2025 11:59:27.380 UTC,1.40479,1.40466,0.0024,0.0018
21.10.2025 11:59:27.582 UTC,1.40479,1.40466,0.00225,0.0018
21.10.2025 11:59:30.903 UTC,1.40479,1.40466,0.0024,0.0018
21.10.2025 11:59:31.206 UTC,1.40479,1.40466,0.00225,0.0018
21.10.2025 11:59:31.509 UTC,1.40478,1.40467,0.0024,0.0018
21.10.2025 11:59:34.125 UTC,1.40478,1.40466,0.0024,0.0018
21.10.2025 11:59:34.278 UTC,1.40478,1.40466,0.0018,0.00135
21.10.2025 11:59:34.986 UTC,1.40477,1.40466,0.00225,0.0018
21.10.2025 11:59:35.391 UTC,1.40478,1.40465,0.0024,0.0018
21.10.2025 11:59:43.390 UTC,1.40477,1.40468,0.00192,0.0012
21.10.2025 11:59:45.955 UTC,1.40475,1.40467,0.00144,0.00135
21.10.2025 11:59:46.008 UTC,1.40475,1.40464,0.0018,0.0018
21.10.2025 11:59:46.110 UTC,1.40475,1.40464,0.0018,0.0012
21.10.2025 11:59:48.150 UTC,1.40476,1.40464,0.0018,0.0012
21.10.2025 11:59:50.962 UTC,1.40475,1.40466,0.0018,0.0012
21.10.2025 11:59:51.266 UTC,1.40477,1.40466,0.00204,0.0012
21.10.2025 11:59:51.523 UTC,1.40477,1.40465,0.0012,0.0012
21.10.2025 11:59:51.680 UTC,1.40477,1.40467,0.0012,0.0012
21.10.2025 11:59:51.984 UTC,1.40479,1.40466,0.00384,0.0012
21.10.2025 11:59:54.056 UTC,1.40478,1.40466,0.00195,0.0012
21.10.2025 11:59:54.261 UTC,1.40477,1.40466,0.0012,0.0012
21.10.2025 11:59:54.363 UTC,1.40477,1.40467,0.00204,0.0012
21.10.2025 11:59:55.424 UTC,1.40477,1.40467,0.00195,0.0012
21.10.2025 11:59:55.983 UTC,1.40476,1.40467,0.0018,0.0012
21.10.2025 11:59:56.291 UTC,1.40477,1.40467,0.0018,0.0012
21.10.2025 11:59:59.260 UTC,1.40476,1.40466,0.0018,0.0012
21.10.2025 11:59:59.363 UTC,1.40476,1.40466,0.00135,0.0012
21.10.2025 11:59:59.663 UTC,1.40479,1.40466,0.00285,0.0012
21.10.2025 11:59:59.816 UTC,1.40476,1.40467,0.0018,0.0012