UTC,Ask,Bid,Ask Volume,Bid Volume
14.10.2025 11:00:00.034 UTC,1.40768,1.40759,0.0018,0.0012
14.10.2025 11:00:00.136 UTC,1.40764,1.40757,0.0012,0.0012
14.10.2025 11:00:00.187 UTC,1.40764,1.40753,0.0012,0.00177
14.10.2025 11:00:00.240 UTC,1.40761,1.40752,0.0012,0.00132
14.10.2025 11:00:00.294 UTC,1.4076,1.40751,0.0012,0.0012
14.10.2025 11:00:00.448 UTC,1.4076,1.4075,0.0018,0.0012
14.10.2025 11:00:00.550 UTC,1.4076,1.40748,0.0012,0.00177
14.10.2025 11:00:02.222 UTC,1.40759,1.40748,0.0012,0.0012
14.10.2025 11:00:04.021 UTC,1.40759,1.40747,0.0018,0.0012
14.10.2025 11:00:04.124 UTC,1.40758,1.40746,0.0012,0.0012
14.10.2025 11:00:05.089 UTC,1.4076,1.40746,0.00234,0.0012
14.10.2025 11:00:05.191 UTC,1.40759,1.40746,0.0012,0.0012
14.10.2025 11:00:05.293 UTC,1.40759,1.40746,0.00192,0.0012
14.10.2025 11:00:05.799 UTC,1.40759,1.40747,0.00189,0.0012
14.10.2025 11:00:10.589 UTC,1.40759,1.40747,0.00204,0.0012
14.10.2025 11:00:10.642 UTC,1.40757,1.40745,0.00189,0.0012
14.10.2025 11:00:10.694 UTC,1.40754,1.40744,0.0012,0.0012
14.10.2025 11:00:10.746 UTC,1.40755,1.40742,0.00189,0.0012
14.10.2025 11:00:11.353 UTC,1.40754,1.40742,0.0012,0.0012
14.10.2025 11:00:12.767 UTC,1.40754,1.40741,0.00135,0.0012
14.10.2025 11:00:13.120 UTC,1.40753,1.40743,0.0012,0.0012
14.10.2025 11:00:13.689 UTC,1.40753,1.40742,0.0012,0.0012
14.10.2025 11:00:14.195 UTC,1.40754,1.40742,0.00234,0.0018
14.10.2025 11:00:14.852 UTC,1.40754,1.40741,0.0012,0.00225
14.10.2025 11:00:16.159 UTC,1.40754,1.40742,0.00315,0.00315
14.10.2025 11:00:17.424 UTC,1.40755,1.40743,0.00225,0.00225
14.10.2025 11:00:17.476 UTC,1.40755,1.40745,0.0012,0.0012
14.10.2025 11:00:18.284 UTC,1.40757,1.40745,0.00132,0.0012
14.10.2025 11:00:19.144 UTC,1.40758,1.40743,0.00324,0.0027
14.10.2025 11:00:19.447 UTC,1.40758,1.40743,0.00339,0.00315
14.10.2025 11:00:19.850 UTC,1.40757,1.40744,0.00324,0.00315
14.10.2025 11:00:20.452 UTC,1.40758,1.40743,0.00327,0.00315
14.10.2025 11:00:20.555 UTC,1.40755,1.40744,0.00234,0.0012
14.10.2025 11:00:20.708 UTC,1.40756,1.40742,0.00234,0.00135
14.10.2025 11:00:21.114 UTC,1.40757,1.40744,0.0012,0.0012
14.10.2025 11:00:21.425 UTC,1.40755,1.40743,0.0012,0.00234
14.10.2025 11:00:22.129 UTC,1.40754,1.40744,0.0012,0.00249
14.10.2025 11:00:23.684 UTC,1.40756,1.40744,0.0012,0.00237
14.10.2025 11:00:23.735 UTC,1.40758,1.40744,0.0012,0.00237
14.10.2025 11:00:23.888 UTC,1.40757,1.40747,0.0012,0.0012
14.10.2025 11:00:23.990 UTC,1.40757,1.40745,0.0018,0.0018
14.10.2025 11:00:24.093 UTC,1.40755,1.40744,0.0012,0.0012
14.10.2025 11:00:29.324 UTC,1.40756,1.40744,0.0012,0.0024
14.10.2025 11:00:30.234 UTC,1.40757,1.40744,0.0012,0.0024
14.10.2025 11:00:30.388 UTC,1.40756,1.40746,0.0012,0.00135
14.10.2025 11:00:30.490 UTC,1.40756,1.40746,0.0012,0.0018
14.10.2025 11:00:31.427 UTC,1.40757,1.40746,0.0012,0.00147
14.10.2025 11:00:31.479 UTC,1.40757,1.40745,0.0012,0.00192
14.10.2025 11:00:32.040 UTC,1.40756,1.40746,0.0012,0.00144
14.10.2025 11:00:32.143 UTC,1.40759,1.40746,0.0012,0.00237
14.10.2025 11:00:32.298 UTC,1.4076,1.40751,0.0012,0.00132
14.10.2025 11:00:32.401 UTC,1.40761,1.40751,0.00225,0.00132
14.10.2025 11:00:32.856 UTC,1.40761,1.40751,0.0012,0.00132
14.10.2025 11:00:33.160 UTC,1.40762,1.40755,0.0012,0.00132
14.10.2025 11:00:33.212 UTC,1.40766,1.40754,0.0012,0.00192
14.10.2025 11:00:33.622 UTC,1.40767,1.40755,0.0012,0.00132
14.10.2025 11:00:33.725 UTC,1.40768,1.40755,0.0012,0.00132
14.10.2025 11:00:33.828 UTC,1.40768,1.40756,0.0012,0.00132
14.10.2025 11:00:34.636 UTC,1.40768,1.40755,0.0012,0.00132
14.10.2025 11:00:36.701 UTC,1.40767,1.40754,0.0012,0.00234
14.10.2025 11:00:38.172 UTC,1.40764,1.40753,0.0018,0.002
14.10.2025 11:00:38.275 UTC,1.40762,1.4075,0.0012,0.00128
14.10.2025 11:00:42.091 UTC,1.40765,1.40753,0.0012,0.00189
14.10.2025 11:00:42.145 UTC,1.40766,1.40755,0.0012,0.0012
14.10.2025 11:00:42.248 UTC,1.40767,1.40755,0.0012,0.0012
14.10.2025 11:00:44.371 UTC,1.40767,1.40754,0.0012,0.0018
14.10.2025 11:00:44.473 UTC,1.40767,1.40755,0.0012,0.0012
14.10.2025 11:00:46.393 UTC,1.40766,1.40755,0.0012,0.0012
14.10.2025 11:00:46.448 UTC,1.40764,1.40752,0.0012,0.0012
14.10.2025 11:00:48.873 UTC,1.40765,1.40753,0.0012,0.00375
14.10.2025 11:00:48.963 UTC,1.40766,1.40755,0.0012,0.00135
14.10.2025 11:00:50.075 UTC,1.40765,1.40755,0.0012,0.0018
14.10.2025 11:00:50.178 UTC,1.40765,1.40754,0.0012,0.00267
14.10.2025 11:00:51.593 UTC,1.40765,1.40755,0.0012,0.0012
14.10.2025 11:00:51.695 UTC,1.40766,1.40753,0.0012,0.00225
14.10.2025 11:00:53.456 UTC,1.40766,1.40754,0.0012,0.00135
14.10.2025 11:00:56.532 UTC,1.40766,1.40754,0.0012,0.00195
14.10.2025 11:00:56.635 UTC,1.40767,1.40753,0.0012,0.00147
14.10.2025 11:00:57.568 UTC,1.40767,1.40752,0.0012,0.00387
14.10.2025 11:00:57.671 UTC,1.40766,1.40752,0.0012,0.00297
14.10.2025 11:01:00.441 UTC,1.40766,1.40752,0.0012,0.00207
14.10.2025 11:01:03.465 UTC,1.40766,1.40753,0.0012,0.00135
14.10.2025 11:01:04.774 UTC,1.40766,1.40753,0.0012,0.0024
14.10.2025 11:01:05.028 UTC,1.40766,1.40753,0.0012,0.00225
14.10.2025 11:01:08.155 UTC,1.40765,1.40751,0.00132,0.00474
14.10.2025 11:01:08.207 UTC,1.40762,1.40751,0.0012,0.00237
14.10.2025 11:01:08.310 UTC,1.4076,1.40752,0.0012,0.0018
14.10.2025 11:01:09.220 UTC,1.4076,1.40751,0.0012,0.0018
14.10.2025 11:01:12.148 UTC,1.40758,1.40752,0.0012,0.0018
14.10.2025 11:01:12.200 UTC,1.40758,1.40748,0.0018,0.0012
14.10.2025 11:01:12.252 UTC,1.40758,1.40752,0.0012,0.0018
14.10.2025 11:01:15.220 UTC,1.40758,1.40746,0.0012,0.0012
14.10.2025 11:01:15.474 UTC,1.40758,1.40747,0.0012,0.0012
14.10.2025 11:01:16.232 UTC,1.40758,1.40746,0.0012,0.0012
14.10.2025 11:01:16.334 UTC,1.40758,1.40747,0.0012,0.0012
14.10.2025 11:01:24.755 UTC,1.40757,1.40744,0.00132,0.0012
14.10.2025 11:01:24.910 UTC,1.40757,1.40743,0.0012,0.0018
14.10.2025 11:01:25.064 UTC,1.40757,1.40744,0.0012,0.00135
14.10.2025 11:01:25.774 UTC,1.4075,1.40743,0.0012,0.0012
14.10.2025 11:01:25.826 UTC,1.40749,1.4074,0.0012,0.00105
14.10.2025 11:01:25.929 UTC,1.40749,1.40737,0.0012,0.0012
14.10.2025 11:01:26.031 UTC,1.40749,1.40736,0.0012,0.0027
14.10.2025 11:01:26.134 UTC,1.40749,1.40737,0.0012,0.0012
14.10.2025 11:01:26.845 UTC,1.40749,1.40738,0.0012,0.0012
14.10.2025 11:01:26.897 UTC,1.40751,1.40738,0.0012,0.0012
14.10.2025 11:01:30.313 UTC,1.40748,1.40739,0.0012,0.0012
14.10.2025 11:01:30.668 UTC,1.40749,1.40737,0.0012,0.0012
14.10.2025 11:01:32.387 UTC,1.40748,1.40739,0.0012,0.0012
14.10.2025 11:01:32.995 UTC,1.40749,1.40737,0.0012,0.00225
14.10.2025 11:01:33.097 UTC,1.40748,1.40739,0.0012,0.0012
14.10.2025 11:01:34.004 UTC,1.40748,1.40738,0.0012,0.00135
14.10.2025 11:01:34.506 UTC,1.40749,1.40737,0.0012,0.0018
14.10.2025 11:01:35.918 UTC,1.40749,1.40737,0.0012,0.00135
14.10.2025 11:01:37.903 UTC,1.40748,1.40739,0.0012,0.0012
14.10.2025 11:01:38.408 UTC,1.40749,1.40737,0.0012,0.00135
14.10.2025 11:01:38.662 UTC,1.40749,1.40737,0.0012,0.0018
14.10.2025 11:01:38.764 UTC,1.40748,1.40738,0.0012,0.00135
14.10.2025 11:01:38.917 UTC,1.40749,1.40737,0.0012,0.0018
14.10.2025 11:01:43.989 UTC,1.40748,1.40738,0.0012,0.00225
14.10.2025 11:01:44.142 UTC,1.40749,1.40738,0.0012,0.0012
14.10.2025 11:01:44.947 UTC,1.40749,1.40737,0.0012,0.00225
14.10.2025 11:01:45.049 UTC,1.40749,1.40738,0.0012,0.0012
14.10.2025 11:01:46.109 UTC,1.40748,1.40738,0.0012,0.0018
14.10.2025 11:01:47.559 UTC,1.40748,1.40739,0.0012,0.0018
14.10.2025 11:01:47.661 UTC,1.40749,1.40738,0.0012,0.00135
14.10.2025 11:01:48.622 UTC,1.40748,1.40738,0.0012,0.00225
14.10.2025 11:01:49.576 UTC,1.40749,1.40737,0.0012,0.0024
14.10.2025 11:01:50.081 UTC,1.40749,1.40737,0.0012,0.00225
14.10.2025 11:01:50.133 UTC,1.40751,1.40738,0.0018,0.00135
14.10.2025 11:01:51.448 UTC,1.40749,1.40737,0.0012,0.0024
14.10.2025 11:01:53.869 UTC,1.40749,1.40738,0.0012,0.0018
14.10.2025 11:01:54.173 UTC,1.40748,1.40739,0.0012,0.00225
14.10.2025 11:01:54.476 UTC,1.40748,1.40739,0.0012,0.0024
14.10.2025 11:01:54.578 UTC,1.4075,1.40739,0.0018,0.0024
14.10.2025 11:01:54.775 UTC,1.40751,1.40738,0.0012,0.00135
14.10.2025 11:01:55.033 UTC,1.40751,1.40738,0.0012,0.0018
14.10.2025 11:01:55.386 UTC,1.40751,1.4074,0.0012,0.0012
14.10.2025 11:01:58.111 UTC,1.40749,1.4074,0.0012,0.0012
14.10.2025 11:02:00.735 UTC,1.4075,1.4074,0.0012,0.0012
14.10.2025 11:02:03.062 UTC,1.4075,1.40741,0.0012,0.0012
14.10.2025 11:02:03.166 UTC,1.40752,1.40742,0.0012,0.0012
14.10.2025 11:02:03.523 UTC,1.4075,1.4074,0.0012,0.0012
14.10.2025 11:02:06.863 UTC,1.40752,1.40741,0.0012,0.0012
14.10.2025 11:02:06.966 UTC,1.4075,1.40741,0.0012,0.0012
14.10.2025 11:02:08.083 UTC,1.40751,1.40741,0.0012,0.0012
14.10.2025 11:02:08.186 UTC,1.40751,1.4074,0.0012,0.0012
14.10.2025 11:02:10.051 UTC,1.4075,1.40742,0.0012,0.0012
14.10.2025 11:02:10.203 UTC,1.40751,1.4074,0.0012,0.0012
14.10.2025 11:02:10.355 UTC,1.40751,1.40741,0.0012,0.0012
14.10.2025 11:02:10.406 UTC,1.40751,1.40739,0.0012,0.0012
14.10.2025 11:02:11.667 UTC,1.4075,1.40741,0.0012,0.0012
14.10.2025 11:02:11.719 UTC,1.40753,1.4074,0.0012,0.0024
14.10.2025 11:02:13.340 UTC,1.40753,1.40744,0.0012,0.0012
14.10.2025 11:02:13.392 UTC,1.40752,1.4074,0.0012,0.00135
14.10.2025 11:02:13.444 UTC,1.40757,1.40745,0.0012,0.0018
14.10.2025 11:02:13.649 UTC,1.40756,1.40744,0.0012,0.0012
14.10.2025 11:02:13.753 UTC,1.40755,1.40743,0.00189,0.0027
14.10.2025 11:02:14.883 UTC,1.40755,1.40742,0.0012,0.00225
14.10.2025 11:02:14.935 UTC,1.40751,1.4074,0.0012,0.00116
14.10.2025 11:02:15.039 UTC,1.4075,1.40738,0.0012,0.0012
14.10.2025 11:02:18.114 UTC,1.40751,1.40739,0.0012,0.0018
14.10.2025 11:02:18.217 UTC,1.40751,1.4074,0.0012,0.0012
14.10.2025 11:02:18.521 UTC,1.4075,1.40738,0.0012,0.0018
14.10.2025 11:02:22.602 UTC,1.4075,1.40739,0.0012,0.0012
14.10.2025 11:02:23.194 UTC,1.4075,1.40738,0.0012,0.0018
14.10.2025 11:02:23.298 UTC,1.40749,1.40738,0.0012,0.0012
14.10.2025 11:02:23.402 UTC,1.40749,1.40737,0.0012,0.0012
14.10.2025 11:02:23.505 UTC,1.40749,1.40736,0.00132,0.0012
14.10.2025 11:02:27.631 UTC,1.40747,1.40736,0.0012,0.00135
14.10.2025 11:02:27.805 UTC,1.40748,1.40736,0.0012,0.0012
14.10.2025 11:02:28.362 UTC,1.40749,1.40737,0.0012,0.0018
14.10.2025 11:02:28.870 UTC,1.4075,1.40739,0.0012,0.00157
14.10.2025 11:02:28.973 UTC,1.40752,1.40738,0.0012,0.00225
14.10.2025 11:02:29.783 UTC,1.40752,1.40738,0.0012,0.0024
14.10.2025 11:02:32.194 UTC,1.40752,1.40739,0.0012,0.0018
14.10.2025 11:02:33.301 UTC,1.40752,1.40739,0.0012,0.00135
14.10.2025 11:02:33.753 UTC,1.40752,1.40739,0.0012,0.0018
14.10.2025 11:02:33.855 UTC,1.40751,1.4074,0.0012,0.00135
14.10.2025 11:02:34.209 UTC,1.40752,1.40739,0.0012,0.0018
14.10.2025 11:02:34.766 UTC,1.40752,1.40738,0.0012,0.0033
14.10.2025 11:02:35.068 UTC,1.40752,1.40738,0.0012,0.00315
14.10.2025 11:02:35.422 UTC,1.40751,1.40738,0.0012,0.00225
14.10.2025 11:02:38.347 UTC,1.40748,1.40735,0.0012,0.00312
14.10.2025 11:02:38.451 UTC,1.40745,1.40734,0.00147,0.0012
14.10.2025 11:02:38.555 UTC,1.40739,1.40731,0.0012,0.00116
14.10.2025 11:02:38.607 UTC,1.40738,1.40727,0.0012,0.0012
14.10.2025 11:02:38.710 UTC,1.40737,1.40727,0.0012,0.0012
14.10.2025 11:02:40.912 UTC,1.40738,1.40727,0.0012,0.0012
14.10.2025 11:02:41.015 UTC,1.40739,1.40728,0.0012,0.0012
14.10.2025 11:02:42.023 UTC,1.40741,1.40727,0.0012,0.00225
14.10.2025 11:02:42.177 UTC,1.4074,1.40728,0.0012,0.0024
14.10.2025 11:02:42.786 UTC,1.40741,1.40728,0.0012,0.0018
14.10.2025 11:02:42.887 UTC,1.40741,1.40728,0.0012,0.00135
14.10.2025 11:02:45.156 UTC,1.4074,1.40727,0.0012,0.0018
14.10.2025 11:02:45.868 UTC,1.4074,1.40727,0.0012,0.00135
14.10.2025 11:02:49.140 UTC,1.40739,1.40729,0.0012,0.0012
14.10.2025 11:02:53.630 UTC,1.4074,1.40727,0.0012,0.0018
14.10.2025 11:02:55.088 UTC,1.4074,1.40728,0.0012,0.0012
14.10.2025 11:03:00.335 UTC,1.4074,1.40727,0.0012,0.00225
14.10.2025 11:03:00.690 UTC,1.40739,1.40728,0.0012,0.0024
14.10.2025 11:03:01.345 UTC,1.40739,1.40728,0.0012,0.00225
14.10.2025 11:03:02.600 UTC,1.40739,1.40728,0.0012,0.0024
14.10.2025 11:03:03.653 UTC,1.40741,1.40727,0.0012,0.0024
14.10.2025 11:03:04.270 UTC,1.40741,1.40727,0.0012,0.00225
14.10.2025 11:03:06.282 UTC,1.4074,1.40728,0.0012,0.0018
14.10.2025 11:03:09.402 UTC,1.40741,1.40727,0.00135,0.00225
14.10.2025 11:03:10.183 UTC,1.4074,1.40728,0.0012,0.0024
14.10.2025 11:03:12.349 UTC,1.40741,1.40727,0.0012,0.00225
14.10.2025 11:03:12.453 UTC,1.40741,1.40728,0.0012,0.0012
14.10.2025 11:03:12.556 UTC,1.40741,1.40727,0.00234,0.0012
14.10.2025 11:03:13.015 UTC,1.40741,1.40728,0.00234,0.0012
14.10.2025 11:03:14.824 UTC,1.4074,1.40729,0.00249,0.0012
14.10.2025 11:03:14.927 UTC,1.40741,1.40728,0.00234,0.0012
14.10.2025 11:03:15.482 UTC,1.40742,1.40728,0.00315,0.00135
14.10.2025 11:03:33.029 UTC,1.4074,1.40729,0.0012,0.0012
14.10.2025 11:03:35.190 UTC,1.40742,1.40728,0.00324,0.00135
14.10.2025 11:03:35.744 UTC,1.40743,1.40729,0.00135,0.00225
14.10.2025 11:03:35.847 UTC,1.40743,1.4073,0.00135,0.0012
14.10.2025 11:03:36.556 UTC,1.40743,1.40729,0.00324,0.0012
14.10.2025 11:03:36.808 UTC,1.40742,1.40728,0.0018,0.00135
14.10.2025 11:03:39.579 UTC,1.40742,1.4073,0.00324,0.0012
14.10.2025 11:03:46.118 UTC,1.40743,1.40729,0.00339,0.0012
14.10.2025 11:03:48.127 UTC,1.40743,1.40729,0.00234,0.00135
14.10.2025 11:03:48.179 UTC,1.40745,1.40731,0.0036,0.0018
14.10.2025 11:03:48.282 UTC,1.40745,1.40732,0.0018,0.0012
14.10.2025 11:03:48.384 UTC,1.40744,1.40732,0.0027,0.0027
14.10.2025 11:03:48.487 UTC,1.40745,1.40735,0.0012,0.0012
14.10.2025 11:03:48.590 UTC,1.40744,1.40738,0.0012,0.0012
14.10.2025 11:03:48.744 UTC,1.40745,1.40736,0.0012,0.0012
14.10.2025 11:03:54.025 UTC,1.40749,1.40737,0.00279,0.0012
14.10.2025 11:03:54.280 UTC,1.40749,1.40738,0.00189,0.0012
14.10.2025 11:03:54.584 UTC,1.4075,1.40736,0.00234,0.00225
14.10.2025 11:03:54.738 UTC,1.4075,1.40737,0.0018,0.00135
14.10.2025 11:03:55.649 UTC,1.40749,1.40739,0.0018,0.0012
14.10.2025 11:03:56.404 UTC,1.40749,1.40738,0.0012,0.0012
14.10.2025 11:03:56.808 UTC,1.40749,1.40737,0.0012,0.0012
14.10.2025 11:04:06.052 UTC,1.40748,1.40735,0.00135,0.0012
14.10.2025 11:04:06.155 UTC,1.40747,1.40736,0.0012,0.0012
14.10.2025 11:04:06.258 UTC,1.40748,1.40736,0.0012,0.0012
14.10.2025 11:04:08.775 UTC,1.40749,1.40736,0.0018,0.0012
14.10.2025 11:04:10.590 UTC,1.40748,1.40736,0.00225,0.0018
14.10.2025 11:04:10.845 UTC,1.40749,1.40735,0.00249,0.0012
14.10.2025 11:04:11.919 UTC,1.40748,1.40737,0.0012,0.0018
14.10.2025 11:04:12.022 UTC,1.40749,1.40737,0.0012,0.0012
14.10.2025 11:04:13.335 UTC,1.40749,1.40736,0.0012,0.00135
14.10.2025 11:04:14.443 UTC,1.40749,1.40737,0.0012,0.0012
14.10.2025 11:04:16.254 UTC,1.40748,1.40736,0.00135,0.0027
14.10.2025 11:04:17.114 UTC,1.40749,1.40736,0.0012,0.00135
14.10.2025 11:04:17.368 UTC,1.40749,1.40735,0.0012,0.00315
14.10.2025 11:04:18.627 UTC,1.40748,1.40737,0.0012,0.00135
14.10.2025 11:04:21.087 UTC,1.40748,1.40738,0.0012,0.0012
14.10.2025 11:04:23.413 UTC,1.40749,1.40736,0.0012,0.00135
14.10.2025 11:04:23.666 UTC,1.40749,1.40735,0.0018,0.00225
14.10.2025 11:04:23.768 UTC,1.40748,1.40737,0.0012,0.0012
14.10.2025 11:04:28.201 UTC,1.40748,1.40736,0.0027,0.00225
14.10.2025 11:04:28.353 UTC,1.40749,1.40735,0.0027,0.0024
14.10.2025 11:04:28.655 UTC,1.40749,1.40735,0.00315,0.00225
14.10.2025 11:04:28.758 UTC,1.40749,1.40735,0.0027,0.0024
14.10.2025 11:04:29.916 UTC,1.40749,1.40736,0.0024,0.0012
14.10.2025 11:04:30.069 UTC,1.40749,1.40736,0.00315,0.0012
14.10.2025 11:04:30.273 UTC,1.40749,1.40735,0.00225,0.00315
14.10.2025 11:04:30.625 UTC,1.40748,1.40736,0.0018,0.0033
14.10.2025 11:04:31.482 UTC,1.40748,1.40736,0.00225,0.00225
14.10.2025 11:04:31.834 UTC,1.40749,1.40735,0.0018,0.0018
14.10.2025 11:04:35.570 UTC,1.40749,1.40735,0.0018,0.00225
14.10.2025 11:04:36.825 UTC,1.40749,1.40735,0.0018,0.0024
14.10.2025 11:04:37.279 UTC,1.40748,1.40736,0.0018,0.00225
14.10.2025 11:04:37.931 UTC,1.40749,1.40735,0.0018,0.0024
14.10.2025 11:04:41.774 UTC,1.4075,1.40736,0.0018,0.0033
14.10.2025 11:04:42.432 UTC,1.40749,1.40738,0.0012,0.0018
14.10.2025 11:04:42.484 UTC,1.40752,1.40739,0.00135,0.0012
14.10.2025 11:04:42.636 UTC,1.40752,1.40738,0.00225,0.00135
14.10.2025 11:04:43.595 UTC,1.40752,1.40739,0.0012,0.0012
14.10.2025 11:04:55.378 UTC,1.40752,1.40738,0.00144,0.00135
14.10.2025 11:04:57.888 UTC,1.40752,1.40738,0.00192,0.0012
14.10.2025 11:04:59.193 UTC,1.40752,1.40738,0.00225,0.0012
14.10.2025 11:04:59.798 UTC,1.40753,1.40746,0.0012,0.0018
14.10.2025 11:04:59.850 UTC,1.40756,1.40745,0.0012,0.0018
14.10.2025 11:04:59.902 UTC,1.4076,1.40746,0.0018,0.0012
14.10.2025 11:05:00.005 UTC,1.4076,1.40745,0.00132,0.0012
14.10.2025 11:05:00.362 UTC,1.40759,1.40747,0.00132,0.0012
14.10.2025 11:05:01.602 UTC,1.40761,1.40747,0.0012,0.0012
14.10.2025 11:05:03.869 UTC,1.4076,1.40748,0.0012,0.00132
14.10.2025 11:05:10.901 UTC,1.40761,1.40748,0.0012,0.00192
14.10.2025 11:05:11.257 UTC,1.40761,1.40749,0.00132,0.00192
14.10.2025 11:05:15.154 UTC,1.4076,1.40746,0.0012,0.00132
14.10.2025 11:05:28.901 UTC,1.40761,1.40747,0.0012,0.00237
14.10.2025 11:05:29.003 UTC,1.40761,1.40748,0.0012,0.00132
14.10.2025 11:05:29.914 UTC,1.4076,1.40748,0.0018,0.00192
14.10.2025 11:05:31.267 UTC,1.40761,1.40747,0.00225,0.00192
14.10.2025 11:05:31.420 UTC,1.4076,1.40747,0.0018,0.00132
14.10.2025 11:05:33.340 UTC,1.40758,1.40746,0.00132,0.00147
14.10.2025 11:05:34.254 UTC,1.40756,1.40743,0.0012,0.00192
14.10.2025 11:05:34.356 UTC,1.40756,1.40744,0.00132,0.00282
14.10.2025 11:05:36.623 UTC,1.40759,1.40744,0.00225,0.00327
14.10.2025 11:05:37.132 UTC,1.40756,1.40745,0.0012,0.00147
14.10.2025 11:05:37.236 UTC,1.40757,1.40743,0.0012,0.00327
14.10.2025 11:05:37.339 UTC,1.40754,1.40741,0.00192,0.00132
14.10.2025 11:05:38.155 UTC,1.40755,1.40743,0.0012,0.00132
14.10.2025 11:05:38.312 UTC,1.40755,1.40744,0.0012,0.00192
14.10.2025 11:05:38.616 UTC,1.40755,1.40744,0.0012,0.00189
14.10.2025 11:05:41.114 UTC,1.40758,1.40745,0.00144,0.00132
14.10.2025 11:05:41.269 UTC,1.40757,1.40746,0.0012,0.00132
14.10.2025 11:05:41.421 UTC,1.40759,1.40745,0.00189,0.00132
14.10.2025 11:05:42.230 UTC,1.40758,1.40746,0.00249,0.00132
14.10.2025 11:05:42.733 UTC,1.40759,1.40745,0.00234,0.00132
14.10.2025 11:05:42.785 UTC,1.40758,1.40744,0.00132,0.00144
14.10.2025 11:05:42.837 UTC,1.40756,1.40742,0.0012,0.00432
14.10.2025 11:05:43.797 UTC,1.40755,1.40741,0.0012,0.00132
14.10.2025 11:05:43.899 UTC,1.40754,1.40741,0.0012,0.00327
14.10.2025 11:05:44.206 UTC,1.40752,1.40743,0.0012,0.00132
14.10.2025 11:05:44.258 UTC,1.40754,1.40743,0.0012,0.00192
14.10.2025 11:05:44.361 UTC,1.40758,1.40744,0.00135,0.00147
14.10.2025 11:05:44.667 UTC,1.40759,1.40745,0.0024,0.00192
14.10.2025 11:05:44.770 UTC,1.40758,1.40746,0.0012,0.00282
14.10.2025 11:05:45.124 UTC,1.40758,1.40745,0.0012,0.00192
14.10.2025 11:05:45.226 UTC,1.40758,1.40744,0.00135,0.00192
14.10.2025 11:05:45.481 UTC,1.40759,1.40745,0.00192,0.00132
14.10.2025 11:05:45.583 UTC,1.40759,1.40745,0.00144,0.00147
14.10.2025 11:05:46.340 UTC,1.40759,1.40745,0.0024,0.00132
14.10.2025 11:05:46.442 UTC,1.40759,1.40745,0.00225,0.00147
14.10.2025 11:05:47.802 UTC,1.40759,1.40745,0.0012,0.00252
14.10.2025 11:05:47.904 UTC,1.4076,1.40746,0.00225,0.00327
14.10.2025 11:05:51.908 UTC,1.4076,1.40746,0.00237,0.00237
14.10.2025 11:05:53.971 UTC,1.4076,1.40746,0.00147,0.00132
14.10.2025 11:05:54.377 UTC,1.40759,1.40747,0.00147,0.00132
14.10.2025 11:05:58.598 UTC,1.40757,1.40745,0.0012,0.00342
14.10.2025 11:05:58.701 UTC,1.40755,1.40741,0.00132,0.00192
14.10.2025 11:05:59.515 UTC,1.40752,1.40741,0.0012,0.00132
14.10.2025 11:05:59.733 UTC,1.40753,1.4074,0.0012,0.00132
14.10.2025 11:06:00.038 UTC,1.40754,1.4074,0.00132,0.00327
14.10.2025 11:06:02.857 UTC,1.40754,1.40741,0.0018,0.00147
14.10.2025 11:06:03.062 UTC,1.40758,1.40744,0.0018,0.00192
14.10.2025 11:06:03.165 UTC,1.40758,1.40747,0.0012,0.00132
14.10.2025 11:06:05.837 UTC,1.40759,1.40747,0.0012,0.00132
14.10.2025 11:06:05.890 UTC,1.4076,1.40749,0.0012,0.00132
14.10.2025 11:06:06.296 UTC,1.4076,1.40746,0.00225,0.00237
14.10.2025 11:06:06.399 UTC,1.4076,1.40746,0.00225,0.00132
14.10.2025 11:06:07.613 UTC,1.4076,1.40746,0.00135,0.00237
14.10.2025 11:06:11.484 UTC,1.40761,1.40748,0.0018,0.00147
14.10.2025 11:06:11.993 UTC,1.40761,1.40747,0.00285,0.00192
14.10.2025 11:06:12.148 UTC,1.4076,1.40748,0.00225,0.00237
14.10.2025 11:06:14.815 UTC,1.4076,1.40749,0.0018,0.00147
14.10.2025 11:06:24.653 UTC,1.40761,1.40747,0.0018,0.00339
14.10.2025 11:06:26.071 UTC,1.40762,1.40749,0.0018,0.00189
14.10.2025 11:06:26.174 UTC,1.40762,1.40749,0.00135,0.00189
14.10.2025 11:06:26.628 UTC,1.40765,1.40754,0.0012,0.0018
14.10.2025 11:06:26.985 UTC,1.40765,1.40752,0.0027,0.0018
14.10.2025 11:06:27.037 UTC,1.40764,1.4075,0.0018,0.0018
14.10.2025 11:06:27.140 UTC,1.40762,1.40749,0.0012,0.0018
14.10.2025 11:06:27.243 UTC,1.40762,1.40748,0.00405,0.0018
14.10.2025 11:06:27.601 UTC,1.40762,1.40748,0.0018,0.0012
14.10.2025 11:06:32.399 UTC,1.40761,1.40748,0.0018,0.0012
14.10.2025 11:06:32.553 UTC,1.40761,1.40748,0.00135,0.0018
14.10.2025 11:06:44.887 UTC,1.40761,1.40749,0.00135,0.0012
14.10.2025 11:06:46.350 UTC,1.40766,1.40754,0.0012,0.0012
14.10.2025 11:06:46.452 UTC,1.40767,1.40754,0.0012,0.0012
14.10.2025 11:06:46.960 UTC,1.40767,1.40752,0.00315,0.0018
14.10.2025 11:06:47.922 UTC,1.40766,1.40753,0.0033,0.0018
14.10.2025 11:06:49.034 UTC,1.40767,1.40752,0.00252,0.00225
14.10.2025 11:06:53.656 UTC,1.40767,1.40752,0.00234,0.0018
14.10.2025 11:06:53.759 UTC,1.40766,1.40753,0.00252,0.0018
14.10.2025 11:06:53.914 UTC,1.40767,1.40752,0.00204,0.0018
14.10.2025 11:06:56.435 UTC,1.40767,1.40752,0.00321,0.0012
14.10.2025 11:06:56.939 UTC,1.40765,1.40753,0.00459,0.0012
14.10.2025 11:06:57.042 UTC,1.40765,1.40751,0.00159,0.0018
14.10.2025 11:07:00.365 UTC,1.40765,1.40753,0.00204,0.0012
14.10.2025 11:07:00.417 UTC,1.40768,1.40754,0.00216,0.0012
14.10.2025 11:07:00.521 UTC,1.40769,1.40755,0.00192,0.0012
14.10.2025 11:07:01.132 UTC,1.40769,1.40755,0.00132,0.0012
14.10.2025 11:07:02.392 UTC,1.40769,1.40755,0.00132,0.0018
14.10.2025 11:07:02.744 UTC,1.40767,1.40756,0.00147,0.0012
14.10.2025 11:07:02.847 UTC,1.40766,1.40755,0.00144,0.0012
14.10.2025 11:07:03.756 UTC,1.40767,1.40754,0.00192,0.0012
14.10.2025 11:07:06.029 UTC,1.40767,1.40754,0.00144,0.0012
14.10.2025 11:07:07.837 UTC,1.40767,1.40754,0.00249,0.0012
14.10.2025 11:07:07.889 UTC,1.40768,1.40756,0.0012,0.0018
14.10.2025 11:07:07.992 UTC,1.4077,1.40756,0.0018,0.0018
14.10.2025 11:07:08.145 UTC,1.4077,1.40756,0.00135,0.0018
14.10.2025 11:07:09.203 UTC,1.4077,1.40758,0.0012,0.0012
14.10.2025 11:07:09.761 UTC,1.40771,1.4076,0.00234,0.0012
14.10.2025 11:07:09.965 UTC,1.4077,1.4076,0.0012,0.0012
14.10.2025 11:07:16.449 UTC,1.4077,1.40759,0.00132,0.0012
14.10.2025 11:07:21.113 UTC,1.40774,1.40761,0.00144,0.0018
14.10.2025 11:07:21.216 UTC,1.40775,1.40763,0.00237,0.0012
14.10.2025 11:07:21.673 UTC,1.40773,1.40761,0.00132,0.0012
14.10.2025 11:07:21.775 UTC,1.40773,1.4076,0.00132,0.0012
14.10.2025 11:07:21.878 UTC,1.40772,1.40758,0.00132,0.0018
14.10.2025 11:07:28.803 UTC,1.40772,1.40758,0.00147,0.0012
14.10.2025 11:07:28.958 UTC,1.4077,1.40758,0.00132,0.0012
14.10.2025 11:07:29.112 UTC,1.40771,1.40756,0.00132,0.0018
14.10.2025 11:07:30.124 UTC,1.4077,1.40757,0.00132,0.00144
14.10.2025 11:07:30.227 UTC,1.40767,1.40754,0.00132,0.0012
14.10.2025 11:07:30.330 UTC,1.40764,1.40751,0.00132,0.0012
14.10.2025 11:07:30.432 UTC,1.40764,1.40751,0.00192,0.0012
14.10.2025 11:07:32.805 UTC,1.40764,1.40752,0.00192,0.0012
14.10.2025 11:07:36.174 UTC,1.40762,1.40751,0.00192,0.0012
14.10.2025 11:07:36.277 UTC,1.40761,1.4075,0.00132,0.0012
14.10.2025 11:07:36.581 UTC,1.40762,1.40748,0.00132,0.0012
14.10.2025 11:07:37.186 UTC,1.40761,1.40748,0.00282,0.0027
14.10.2025 11:07:38.606 UTC,1.40761,1.40747,0.00132,0.00132
14.10.2025 11:07:54.525 UTC,1.4076,1.40748,0.00327,0.00315
14.10.2025 11:07:58.693 UTC,1.40763,1.40751,0.00144,0.0012
14.10.2025 11:07:58.898 UTC,1.40766,1.40752,0.00192,0.0012
14.10.2025 11:07:59.001 UTC,1.40764,1.40752,0.00132,0.0018
14.10.2025 11:07:59.307 UTC,1.40766,1.40751,0.00249,0.0012
14.10.2025 11:08:00.667 UTC,1.40767,1.40754,0.0018,0.0018
14.10.2025 11:08:00.719 UTC,1.40769,1.40755,0.00132,0.0018
14.10.2025 11:08:00.844 UTC,1.4077,1.40756,0.00192,0.0012
14.10.2025 11:08:02.009 UTC,1.40771,1.40757,0.00144,0.0018
14.10.2025 11:08:03.319 UTC,1.40771,1.40759,0.00192,0.0012
14.10.2025 11:08:05.895 UTC,1.40771,1.40757,0.00147,0.0012
14.10.2025 11:08:14.104 UTC,1.4077,1.40758,0.00234,0.00135
14.10.2025 11:08:14.810 UTC,1.4077,1.40758,0.00249,0.0012
14.10.2025 11:08:15.517 UTC,1.4077,1.40756,0.00249,0.0018
14.10.2025 11:08:15.822 UTC,1.4077,1.40756,0.00132,0.0012
14.10.2025 11:08:16.528 UTC,1.40771,1.40756,0.0034,0.0012
14.10.2025 11:08:17.691 UTC,1.40769,1.40757,0.00132,0.00132
14.10.2025 11:08:18.397 UTC,1.40768,1.40754,0.00282,0.0012
14.10.2025 11:08:19.209 UTC,1.40767,1.40754,0.00252,0.00234
14.10.2025 11:08:19.414 UTC,1.40768,1.40754,0.00144,0.00132
14.10.2025 11:08:20.732 UTC,1.40768,1.40755,0.0018,0.00132
14.10.2025 11:08:21.235 UTC,1.40767,1.40756,0.0012,0.00144
14.10.2025 11:08:21.338 UTC,1.40769,1.40755,0.00132,0.00132
14.10.2025 11:08:21.490 UTC,1.40769,1.40755,0.00192,0.00132
14.10.2025 11:08:22.110 UTC,1.4077,1.40755,0.00327,0.00189
14.10.2025 11:08:22.214 UTC,1.40769,1.40757,0.00327,0.0012
14.10.2025 11:08:23.169 UTC,1.4077,1.40756,0.00297,0.0012
14.10.2025 11:08:24.523 UTC,1.4077,1.40756,0.00342,0.0012
14.10.2025 11:08:25.532 UTC,1.40767,1.40757,0.0012,0.00132
14.10.2025 11:08:28.556 UTC,1.40768,1.40755,0.0012,0.0012
14.10.2025 11:08:29.816 UTC,1.40768,1.40755,0.00132,0.0012
14.10.2025 11:08:32.055 UTC,1.40765,1.40753,0.00132,0.0012
14.10.2025 11:08:32.108 UTC,1.40765,1.40751,0.00192,0.00267
14.10.2025 11:08:32.818 UTC,1.40763,1.4075,0.00132,0.0012
14.10.2025 11:08:33.024 UTC,1.40762,1.40751,0.00189,0.0012
14.10.2025 11:08:33.228 UTC,1.40764,1.4075,0.0012,0.0018
14.10.2025 11:08:33.382 UTC,1.40763,1.40749,0.00135,0.00225
14.10.2025 11:08:33.484 UTC,1.40763,1.40749,0.0012,0.0024
14.10.2025 11:08:33.637 UTC,1.40763,1.40749,0.0012,0.0018
14.10.2025 11:08:34.496 UTC,1.40761,1.4075,0.00132,0.0012
14.10.2025 11:08:35.156 UTC,1.40764,1.40751,0.0012,0.00225
14.10.2025 11:08:37.173 UTC,1.40765,1.40751,0.00279,0.0012
14.10.2025 11:08:41.295 UTC,1.40763,1.40751,0.00132,0.0012
14.10.2025 11:08:41.348 UTC,1.40762,1.40747,0.00327,0.0027
14.10.2025 11:08:42.695 UTC,1.40761,1.40748,0.00132,0.0012
14.10.2025 11:08:43.902 UTC,1.40761,1.40748,0.00252,0.0018
14.10.2025 11:08:44.960 UTC,1.40762,1.40749,0.00147,0.0012
14.10.2025 11:08:45.915 UTC,1.4076,1.40749,0.00132,0.0012
14.10.2025 11:08:46.018 UTC,1.4076,1.40748,0.00237,0.0012
14.10.2025 11:08:46.271 UTC,1.4076,1.40747,0.00237,0.0027
14.10.2025 11:08:51.723 UTC,1.40759,1.40747,0.00132,0.0033
14.10.2025 11:08:56.792 UTC,1.4076,1.40746,0.00132,0.00315
14.10.2025 11:09:00.056 UTC,1.4076,1.40746,0.00132,0.0033
14.10.2025 11:09:00.659 UTC,1.40759,1.40747,0.00132,0.00225
14.10.2025 11:09:03.123 UTC,1.4076,1.40746,0.00132,0.0024
14.10.2025 11:09:04.425 UTC,1.4076,1.40746,0.00132,0.00225
14.10.2025 11:09:07.191 UTC,1.4076,1.40746,0.00192,0.0018
14.10.2025 11:09:07.293 UTC,1.40759,1.40747,0.00132,0.0018
14.10.2025 11:09:10.403 UTC,1.40759,1.40747,0.00132,0.0024
14.10.2025 11:09:10.505 UTC,1.4076,1.40746,0.00132,0.0018
14.10.2025 11:09:11.111 UTC,1.40759,1.40746,0.00132,0.0012
14.10.2025 11:09:11.213 UTC,1.40759,1.40745,0.00189,0.00225
14.10.2025 11:09:12.226 UTC,1.40758,1.40746,0.00192,0.00135
14.10.2025 11:09:12.278 UTC,1.40756,1.40743,0.00132,0.00315
14.10.2025 11:09:12.381 UTC,1.40758,1.40745,0.0012,0.0012
14.10.2025 11:09:12.484 UTC,1.40759,1.40746,0.0012,0.0012
14.10.2025 11:09:14.162 UTC,1.40756,1.40746,0.0012,0.0012
14.10.2025 11:09:14.414 UTC,1.40759,1.40746,0.00135,0.0012
14.10.2025 11:09:15.822 UTC,1.40758,1.40746,0.0012,0.0018
14.10.2025 11:09:16.880 UTC,1.40759,1.40746,0.00132,0.0012
14.10.2025 11:09:17.033 UTC,1.40759,1.40745,0.00144,0.0018
14.10.2025 11:09:19.497 UTC,1.40759,1.40746,0.00132,0.0012
14.10.2025 11:09:19.600 UTC,1.40758,1.40747,0.00147,0.0012
14.10.2025 11:09:19.752 UTC,1.40758,1.40747,0.00132,0.0018
14.10.2025 11:09:22.018 UTC,1.40759,1.40746,0.00192,0.00135
14.10.2025 11:09:22.374 UTC,1.40759,1.40746,0.00144,0.0012
14.10.2025 11:09:29.414 UTC,1.40759,1.40748,0.00234,0.0012
14.10.2025 11:09:31.525 UTC,1.4076,1.40746,0.00192,0.00225
14.10.2025 11:09:32.285 UTC,1.40759,1.40746,0.00132,0.0012
14.10.2025 11:09:32.387 UTC,1.40758,1.40747,0.00132,0.0012
14.10.2025 11:09:32.841 UTC,1.40759,1.40746,0.00132,0.00135
14.10.2025 11:09:33.094 UTC,1.40758,1.40747,0.00132,0.00135
14.10.2025 11:09:35.855 UTC,1.40759,1.40746,0.00132,0.00135
14.10.2025 11:09:39.803 UTC,1.40759,1.40747,0.00327,0.0012
14.10.2025 11:09:40.056 UTC,1.4076,1.40746,0.00327,0.0012
14.10.2025 11:09:49.336 UTC,1.40758,1.40745,0.00192,0.0012
14.10.2025 11:09:49.438 UTC,1.40757,1.40745,0.00192,0.00135
14.10.2025 11:09:50.046 UTC,1.40757,1.40743,0.00147,0.00225
14.10.2025 11:09:50.152 UTC,1.40754,1.4074,0.0018,0.00128
14.10.2025 11:09:50.356 UTC,1.40753,1.4074,0.0012,0.00132
14.10.2025 11:09:50.459 UTC,1.40753,1.40741,0.0018,0.00189
14.10.2025 11:09:52.672 UTC,1.40754,1.40741,0.0012,0.0018
14.10.2025 11:09:53.529 UTC,1.40755,1.40745,0.0012,0.0012
14.10.2025 11:09:53.581 UTC,1.40758,1.40746,0.00384,0.0018
14.10.2025 11:09:53.632 UTC,1.40759,1.40745,0.00189,0.0018
14.10.2025 11:09:53.837 UTC,1.40759,1.40745,0.00132,0.0018
14.10.2025 11:09:54.140 UTC,1.40759,1.40746,0.00132,0.0012
14.10.2025 11:09:54.393 UTC,1.40759,1.40745,0.00132,0.0018
14.10.2025 11:09:54.598 UTC,1.40758,1.40746,0.00144,0.0018
14.10.2025 11:09:54.951 UTC,1.40759,1.40746,0.00144,0.0012
14.10.2025 11:09:55.504 UTC,1.40759,1.40745,0.00234,0.00225
14.10.2025 11:09:57.209 UTC,1.40758,1.40746,0.00132,0.0024
14.10.2025 11:09:57.861 UTC,1.40758,1.40746,0.00234,0.00225
14.10.2025 11:09:58.163 UTC,1.40759,1.40745,0.00189,0.0024
14.10.2025 11:10:04.523 UTC,1.40759,1.40745,0.0012,0.00225
14.10.2025 11:10:04.625 UTC,1.40758,1.40746,0.0012,0.0024
14.10.2025 11:10:06.996 UTC,1.4076,1.40746,0.00234,0.00225
14.10.2025 11:10:08.860 UTC,1.40758,1.40745,0.00144,0.0018
14.10.2025 11:10:11.488 UTC,1.40759,1.40745,0.00147,0.0018
14.10.2025 11:10:12.142 UTC,1.40757,1.40744,0.00132,0.00225
14.10.2025 11:10:12.245 UTC,1.40757,1.40744,0.00147,0.0018
14.10.2025 11:10:13.458 UTC,1.40756,1.40744,0.00237,0.00315
14.10.2025 11:10:16.024 UTC,1.40757,1.40743,0.00192,0.0033
14.10.2025 11:10:16.330 UTC,1.40757,1.40743,0.00192,0.00315
14.10.2025 11:10:16.483 UTC,1.40758,1.40746,0.00237,0.00135
14.10.2025 11:10:18.752 UTC,1.40759,1.40744,0.00342,0.0027
14.10.2025 11:10:19.360 UTC,1.40757,1.40743,0.00192,0.0018
14.10.2025 11:10:21.417 UTC,1.40754,1.40742,0.00147,0.0018
14.10.2025 11:10:21.521 UTC,1.40755,1.4074,0.00237,0.00222
14.10.2025 11:10:21.877 UTC,1.40755,1.4074,0.00189,0.0018
14.10.2025 11:10:22.232 UTC,1.40755,1.40741,0.00189,0.0012
14.10.2025 11:10:25.045 UTC,1.40755,1.4074,0.00234,0.00315
14.10.2025 11:10:25.197 UTC,1.40755,1.4074,0.00237,0.00315
14.10.2025 11:10:27.507 UTC,1.40755,1.40741,0.00237,0.0012
14.10.2025 11:10:27.810 UTC,1.40753,1.40741,0.00132,0.00315
14.10.2025 11:10:27.963 UTC,1.40755,1.40741,0.00327,0.0012
14.10.2025 11:10:28.216 UTC,1.40754,1.40741,0.00237,0.00315
14.10.2025 11:10:38.173 UTC,1.40755,1.40741,0.00252,0.0012
14.10.2025 11:10:39.384 UTC,1.40752,1.40739,0.00132,0.0018
14.10.2025 11:10:39.436 UTC,1.4075,1.40738,0.00132,0.00267
14.10.2025 11:10:40.294 UTC,1.40751,1.40737,0.00132,0.0018
14.10.2025 11:10:46.146 UTC,1.40752,1.40738,0.00189,0.0018
14.10.2025 11:10:49.162 UTC,1.40751,1.40737,0.0012,0.0018
14.10.2025 11:11:00.034 UTC,1.40751,1.40737,0.0018,0.0018
14.10.2025 11:11:00.186 UTC,1.40751,1.40737,0.00135,0.00225
14.10.2025 11:11:02.496 UTC,1.40748,1.40735,0.00207,0.0027
14.10.2025 11:11:02.600 UTC,1.40747,1.40735,0.00327,0.0012
14.10.2025 11:11:02.702 UTC,1.40746,1.40734,0.00132,0.0018
14.10.2025 11:11:02.805 UTC,1.40747,1.40735,0.00189,0.0012
14.10.2025 11:11:02.908 UTC,1.40749,1.40735,0.00225,0.0012
14.10.2025 11:11:03.213 UTC,1.40748,1.40735,0.0024,0.00315
14.10.2025 11:11:03.516 UTC,1.40749,1.40734,0.00135,0.00315
14.10.2025 11:11:04.585 UTC,1.40749,1.40735,0.00135,0.00135
14.10.2025 11:11:04.688 UTC,1.4075,1.40737,0.00225,0.0012
14.10.2025 11:11:16.645 UTC,1.40751,1.40737,0.0012,0.0018
14.10.2025 11:11:16.900 UTC,1.40751,1.40737,0.0012,0.0012
14.10.2025 11:11:18.291 UTC,1.40751,1.40737,0.0012,0.0024
14.10.2025 11:11:19.804 UTC,1.40751,1.40737,0.0012,0.00225
14.10.2025 11:11:20.757 UTC,1.40751,1.40737,0.0012,0.00237
14.10.2025 11:11:48.099 UTC,1.40751,1.40739,0.0018,0.00132
14.10.2025 11:11:49.987 UTC,1.40751,1.40738,0.00315,0.0012
14.10.2025 11:11:50.089 UTC,1.40751,1.40738,0.0033,0.0012
14.10.2025 11:11:51.452 UTC,1.4075,1.40739,0.0012,0.00132
14.10.2025 11:11:51.556 UTC,1.40753,1.40744,0.0012,0.0012
14.10.2025 11:11:51.658 UTC,1.40755,1.40743,0.0027,0.0012
14.10.2025 11:11:51.761 UTC,1.40754,1.40743,0.0027,0.00132
14.10.2025 11:11:54.082 UTC,1.40754,1.40742,0.00135,0.0012
14.10.2025 11:11:54.187 UTC,1.40753,1.40742,0.0018,0.00132
14.10.2025 11:11:54.290 UTC,1.40753,1.40743,0.00135,0.0012
14.10.2025 11:11:54.945 UTC,1.40755,1.40742,0.00315,0.00132
14.10.2025 11:11:55.048 UTC,1.40758,1.40744,0.00225,0.00192
14.10.2025 11:11:55.504 UTC,1.40759,1.40745,0.0027,0.00132
14.10.2025 11:11:56.711 UTC,1.40759,1.40746,0.0024,0.0012
14.10.2025 11:11:56.814 UTC,1.40758,1.40747,0.0012,0.00132
14.10.2025 11:12:06.219 UTC,1.40758,1.40745,0.00135,0.0012
14.10.2025 11:12:08.886 UTC,1.40758,1.40747,0.0012,0.0012
14.10.2025 11:12:09.895 UTC,1.40757,1.40746,0.0012,0.0012
14.10.2025 11:12:09.999 UTC,1.40752,1.40738,0.0027,0.0012
14.10.2025 11:12:10.302 UTC,1.40752,1.40739,0.0027,0.0012
14.10.2025 11:12:13.704 UTC,1.40753,1.40743,0.0027,0.00195
14.10.2025 11:12:13.758 UTC,1.40758,1.40744,0.00189,0.0012
14.10.2025 11:12:13.812 UTC,1.40759,1.40746,0.0018,0.0012
14.10.2025 11:12:13.918 UTC,1.40761,1.40748,0.0018,0.0012
14.10.2025 11:12:14.072 UTC,1.40761,1.40749,0.0018,0.0012
14.10.2025 11:12:15.792 UTC,1.40761,1.40748,0.00189,0.0012
14.10.2025 11:12:15.997 UTC,1.40759,1.40748,0.00135,0.0012
14.10.2025 11:12:16.100 UTC,1.4076,1.40747,0.00195,0.0012
14.10.2025 11:12:16.202 UTC,1.4076,1.40747,0.0018,0.0012
14.10.2025 11:12:18.062 UTC,1.40759,1.40748,0.00135,0.0012
14.10.2025 11:12:18.215 UTC,1.40759,1.40748,0.0018,0.0012
14.10.2025 11:12:19.169 UTC,1.4076,1.40747,0.00135,0.0012
14.10.2025 11:12:20.331 UTC,1.40759,1.40747,0.0012,0.0012
14.10.2025 11:12:20.435 UTC,1.40756,1.40744,0.0018,0.0012
14.10.2025 11:12:20.538 UTC,1.40753,1.40742,0.0012,0.0012
14.10.2025 11:12:20.641 UTC,1.40755,1.40741,0.0018,0.00132
14.10.2025 11:12:20.743 UTC,1.40755,1.40742,0.0018,0.0012
14.10.2025 11:12:22.044 UTC,1.40757,1.40744,0.0018,0.0012
14.10.2025 11:12:22.148 UTC,1.40758,1.40745,0.0012,0.00132
14.10.2025 11:12:22.304 UTC,1.40758,1.40746,0.0012,0.0012
14.10.2025 11:12:25.228 UTC,1.40757,1.40746,0.0018,0.0018
14.10.2025 11:12:25.483 UTC,1.40757,1.40747,0.00135,0.0012
14.10.2025 11:12:28.410 UTC,1.40758,1.40748,0.0012,0.0012
14.10.2025 11:12:30.376 UTC,1.40761,1.40747,0.0027,0.00132
14.10.2025 11:12:30.580 UTC,1.40761,1.40748,0.0018,0.0012
14.10.2025 11:12:32.398 UTC,1.40762,1.40749,0.0027,0.0012
14.10.2025 11:12:38.000 UTC,1.40762,1.40749,0.00201,0.0012
14.10.2025 11:12:50.079 UTC,1.40762,1.40749,0.00225,0.0012
14.10.2025 11:12:50.184 UTC,1.40763,1.40749,0.00234,0.00135
14.10.2025 11:12:50.288 UTC,1.40766,1.40756,0.0012,0.0018
14.10.2025 11:12:50.340 UTC,1.40769,1.40755,0.0012,0.0018
14.10.2025 11:12:50.443 UTC,1.40769,1.40756,0.0012,0.0012
14.10.2025 11:12:50.646 UTC,1.4077,1.40756,0.0018,0.0012
14.10.2025 11:12:51.356 UTC,1.4077,1.4076,0.0027,0.0012
14.10.2025 11:12:51.560 UTC,1.40771,1.40758,0.0027,0.0012
14.10.2025 11:12:52.770 UTC,1.4077,1.4076,0.0012,0.0012
14.10.2025 11:12:52.874 UTC,1.40772,1.40759,0.00279,0.0012
14.10.2025 11:12:52.978 UTC,1.4077,1.40757,0.0018,0.0012
14.10.2025 11:12:57.639 UTC,1.4077,1.40756,0.00225,0.0012
14.10.2025 11:12:57.844 UTC,1.40765,1.40754,0.0012,0.0012
14.10.2025 11:12:57.947 UTC,1.40767,1.40753,0.0027,0.0012
14.10.2025 11:12:58.153 UTC,1.40768,1.40754,0.00189,0.0012
14.10.2025 11:13:02.980 UTC,1.40768,1.40755,0.00279,0.0012
14.10.2025 11:13:05.057 UTC,1.40768,1.40756,0.0012,0.0012
14.10.2025 11:13:09.615 UTC,1.40768,1.40757,0.00225,0.0012
14.10.2025 11:13:14.647 UTC,1.40769,1.40757,0.00315,0.0027
14.10.2025 11:13:14.849 UTC,1.40769,1.40758,0.00315,0.0012
14.10.2025 11:13:15.505 UTC,1.40769,1.40757,0.00225,0.00315
14.10.2025 11:13:17.344 UTC,1.4077,1.40758,0.0012,0.0012
14.10.2025 11:13:17.451 UTC,1.40771,1.40758,0.00225,0.0012
14.10.2025 11:13:17.553 UTC,1.4077,1.4076,0.00225,0.0012
14.10.2025 11:13:37.013 UTC,1.4077,1.40757,0.00225,0.0012
14.10.2025 11:13:38.679 UTC,1.4077,1.40756,0.00225,0.00135
14.10.2025 11:13:43.637 UTC,1.40769,1.40756,0.00225,0.0012
14.10.2025 11:13:44.046 UTC,1.40769,1.40757,0.00315,0.00225
14.10.2025 11:13:44.148 UTC,1.4077,1.40757,0.00315,0.0012
14.10.2025 11:13:46.112 UTC,1.40769,1.40758,0.0024,0.0012
14.10.2025 11:13:46.715 UTC,1.4077,1.40757,0.00225,0.0012
14.10.2025 11:13:57.138 UTC,1.40769,1.40757,0.00237,0.0012
14.10.2025 11:13:57.945 UTC,1.4077,1.40755,0.00225,0.0024
14.10.2025 11:14:00.508 UTC,1.4077,1.40755,0.00225,0.00225
14.10.2025 11:14:03.844 UTC,1.4077,1.40755,0.00225,0.0024
14.10.2025 11:14:27.701 UTC,1.40769,1.40756,0.0018,0.00225
14.10.2025 11:14:27.753 UTC,1.40767,1.40756,0.00225,0.0012
14.10.2025 11:14:27.804 UTC,1.40767,1.40753,0.0018,0.00315
14.10.2025 11:14:27.909 UTC,1.40766,1.40753,0.0012,0.0012
14.10.2025 11:14:28.164 UTC,1.40767,1.40753,0.0012,0.00225
14.10.2025 11:14:30.389 UTC,1.40766,1.40755,0.0012,0.00225
14.10.2025 11:14:33.413 UTC,1.40766,1.40754,0.0024,0.0027
14.10.2025 11:14:34.018 UTC,1.40766,1.40754,0.00225,0.0027
14.10.2025 11:14:35.526 UTC,1.40767,1.40754,0.0012,0.00189
14.10.2025 11:14:35.578 UTC,1.40769,1.40755,0.0012,0.0012
14.10.2025 11:14:36.688 UTC,1.40769,1.40755,0.0018,0.0033
14.10.2025 11:14:37.246 UTC,1.40769,1.40755,0.0012,0.00225
14.10.2025 11:14:37.600 UTC,1.4077,1.40756,0.0012,0.0024
14.10.2025 11:14:42.212 UTC,1.40769,1.40757,0.0018,0.00225
14.10.2025 11:14:42.569 UTC,1.4077,1.40756,0.0018,0.0024
14.10.2025 11:14:42.872 UTC,1.40769,1.40757,0.0018,0.00225
14.10.2025 11:14:43.276 UTC,1.4077,1.40756,0.0027,0.0024
14.10.2025 11:14:44.181 UTC,1.40769,1.40757,0.00315,0.00225
14.10.2025 11:14:44.684 UTC,1.40769,1.40757,0.0027,0.0018
14.10.2025 11:14:44.885 UTC,1.4077,1.40756,0.00315,0.00135
14.10.2025 11:14:47.196 UTC,1.4077,1.40757,0.00225,0.0012
14.10.2025 11:14:55.396 UTC,1.40771,1.40757,0.00135,0.00225
14.10.2025 11:14:56.205 UTC,1.40771,1.40757,0.0012,0.0024
14.10.2025 11:14:56.911 UTC,1.40771,1.40757,0.00225,0.00225
14.10.2025 11:15:00.327 UTC,1.40771,1.40757,0.0024,0.0018
14.10.2025 11:15:00.429 UTC,1.40771,1.40757,0.00225,0.00225
14.10.2025 11:15:02.211 UTC,1.40769,1.40758,0.0012,0.00135
14.10.2025 11:15:04.820 UTC,1.40769,1.40758,0.0012,0.0018
14.10.2025 11:15:05.774 UTC,1.4077,1.40757,0.0012,0.00135
14.10.2025 11:15:13.096 UTC,1.40769,1.40757,0.0027,0.0018
14.10.2025 11:15:13.204 UTC,1.4076,1.4075,0.0012,0.0033
14.10.2025 11:15:13.308 UTC,1.4076,1.40746,0.0012,0.0018
14.10.2025 11:15:19.594 UTC,1.4076,1.40747,0.00225,0.0012
14.10.2025 11:15:27.781 UTC,1.40757,1.40745,0.0018,0.00135
14.10.2025 11:15:27.833 UTC,1.40757,1.40743,0.0018,0.0027
14.10.2025 11:15:27.885 UTC,1.40752,1.40741,0.0018,0.00116
14.10.2025 11:15:27.988 UTC,1.40752,1.40742,0.0012,0.0012
14.10.2025 11:15:28.547 UTC,1.40753,1.4074,0.0012,0.00225
14.10.2025 11:15:29.153 UTC,1.40753,1.4074,0.0012,0.0024
14.10.2025 11:15:29.255 UTC,1.40753,1.4074,0.0012,0.00225
14.10.2025 11:15:30.116 UTC,1.40753,1.4074,0.0012,0.0024
14.10.2025 11:15:31.679 UTC,1.40753,1.4074,0.0012,0.00225
14.10.2025 11:15:31.781 UTC,1.40753,1.4074,0.0012,0.0024
14.10.2025 11:15:31.884 UTC,1.40752,1.40741,0.0012,0.00225
14.10.2025 11:15:32.489 UTC,1.40753,1.4074,0.0012,0.0024
14.10.2025 11:15:33.293 UTC,1.40753,1.40742,0.0012,0.00135
14.10.2025 11:15:41.236 UTC,1.40753,1.40741,0.00225,0.00225
14.10.2025 11:15:41.491 UTC,1.40754,1.4074,0.0012,0.0024
14.10.2025 11:15:44.559 UTC,1.40754,1.4074,0.00135,0.00225
14.10.2025 11:15:44.661 UTC,1.40754,1.40741,0.0012,0.00135
14.10.2025 11:15:47.075 UTC,1.40754,1.4074,0.00315,0.00135
14.10.2025 11:15:48.034 UTC,1.40751,1.4074,0.0012,0.00144
14.10.2025 11:15:48.138 UTC,1.4075,1.40737,0.0012,0.00116
14.10.2025 11:15:56.444 UTC,1.40752,1.40738,0.0027,0.0012
14.10.2025 11:15:58.160 UTC,1.4075,1.40738,0.0012,0.00135
14.10.2025 11:16:10.185 UTC,1.40751,1.40738,0.0012,0.0012
14.10.2025 11:16:10.891 UTC,1.40752,1.40738,0.00315,0.0012
14.10.2025 11:16:11.046 UTC,1.4075,1.40738,0.00225,0.0012
14.10.2025 11:16:13.163 UTC,1.40751,1.40736,0.00234,0.00405
14.10.2025 11:16:13.317 UTC,1.40751,1.40737,0.00249,0.0012
14.10.2025 11:16:14.372 UTC,1.4075,1.40738,0.00234,0.00135
14.10.2025 11:16:15.127 UTC,1.40751,1.40737,0.0024,0.0012
14.10.2025 11:16:15.229 UTC,1.40751,1.40737,0.00234,0.00135
14.10.2025 11:16:22.175 UTC,1.40751,1.40737,0.0018,0.0018
14.10.2025 11:16:22.327 UTC,1.40751,1.40737,0.00135,0.00225
14.10.2025 11:16:24.141 UTC,1.40751,1.40737,0.0018,0.0018
14.10.2025 11:16:24.294 UTC,1.40751,1.40737,0.00135,0.00225
14.10.2025 11:16:24.446 UTC,1.40751,1.40737,0.00192,0.0018
14.10.2025 11:16:34.588 UTC,1.4075,1.40737,0.0012,0.0024
14.10.2025 11:16:37.657 UTC,1.4075,1.40737,0.0012,0.00225
14.10.2025 11:16:40.308 UTC,1.40749,1.40738,0.0012,0.0018
14.10.2025 11:16:40.410 UTC,1.40749,1.40738,0.0012,0.00135
14.10.2025 11:16:41.922 UTC,1.4075,1.40736,0.00135,0.00225
14.10.2025 11:16:42.626 UTC,1.4075,1.40736,0.0012,0.0024
14.10.2025 11:16:42.829 UTC,1.40749,1.40737,0.00225,0.00225
14.10.2025 11:16:42.931 UTC,1.40749,1.40737,0.0012,0.0033
14.10.2025 11:16:43.887 UTC,1.4075,1.40736,0.00135,0.00315
14.10.2025 11:16:45.898 UTC,1.40749,1.40737,0.0018,0.0027
14.10.2025 11:16:46.000 UTC,1.4075,1.40736,0.00135,0.00315
14.10.2025 11:16:46.102 UTC,1.4075,1.40736,0.0012,0.0033
14.10.2025 11:16:46.755 UTC,1.40749,1.40737,0.00135,0.00315
14.10.2025 11:16:47.884 UTC,1.4075,1.40736,0.0012,0.0033
14.10.2025 11:16:48.188 UTC,1.4075,1.40736,0.0012,0.00315
14.10.2025 11:16:48.641 UTC,1.4075,1.40736,0.0012,0.0033
14.10.2025 11:16:49.043 UTC,1.4075,1.40736,0.00135,0.00315
14.10.2025 11:16:49.146 UTC,1.40749,1.40738,0.00135,0.0012
14.10.2025 11:16:50.251 UTC,1.40748,1.40738,0.0012,0.00135
14.10.2025 11:17:00.118 UTC,1.40749,1.40737,0.0012,0.0018
14.10.2025 11:17:00.221 UTC,1.40748,1.40738,0.0012,0.00135
14.10.2025 11:17:05.502 UTC,1.40748,1.40737,0.0012,0.00135
14.10.2025 11:17:05.605 UTC,1.40748,1.40738,0.0012,0.0018
14.10.2025 11:17:12.243 UTC,1.40749,1.40736,0.00132,0.0012
14.10.2025 11:17:12.347 UTC,1.40742,1.40728,0.00192,0.00335
14.10.2025 11:17:12.451 UTC,1.4074,1.40725,0.00147,0.0018
14.10.2025 11:17:12.875 UTC,1.40736,1.40726,0.0012,0.0012
14.10.2025 11:17:12.978 UTC,1.40738,1.40725,0.00132,0.0018
14.10.2025 11:17:13.386 UTC,1.40738,1.40725,0.00132,0.0012
14.10.2025 11:17:13.994 UTC,1.40737,1.40725,0.00192,0.0012
14.10.2025 11:17:36.603 UTC,1.40735,1.40724,0.0012,0.0012
14.10.2025 11:17:37.058 UTC,1.40735,1.40723,0.0012,0.00315
14.10.2025 11:17:37.111 UTC,1.40735,1.40722,0.00327,0.0027
14.10.2025 11:17:37.216 UTC,1.40736,1.40722,0.00189,0.0018
14.10.2025 11:17:37.320 UTC,1.40737,1.40723,0.00132,0.00252
14.10.2025 11:17:38.384 UTC,1.40737,1.40725,0.00132,0.00249
14.10.2025 11:17:38.538 UTC,1.40737,1.40725,0.00192,0.00249
14.10.2025 11:17:38.892 UTC,1.40738,1.40724,0.00192,0.00234
14.10.2025 11:17:40.854 UTC,1.40738,1.40724,0.00132,0.00234
14.10.2025 11:17:41.006 UTC,1.40738,1.40724,0.00132,0.00249
14.10.2025 11:17:41.711 UTC,1.40737,1.40725,0.00132,0.00249
14.10.2025 11:17:41.763 UTC,1.40737,1.40723,0.00132,0.00189
14.10.2025 11:17:44.728 UTC,1.40736,1.40722,0.00132,0.00234
14.10.2025 11:17:45.634 UTC,1.40735,1.40723,0.00192,0.00135
14.10.2025 11:17:45.738 UTC,1.40734,1.40719,0.00132,0.00147
14.10.2025 11:17:45.841 UTC,1.40734,1.40719,0.00132,0.00237
14.10.2025 11:17:46.093 UTC,1.40733,1.4072,0.00132,0.00252
14.10.2025 11:17:46.246 UTC,1.40734,1.40719,0.00132,0.00252
14.10.2025 11:17:46.779 UTC,1.40734,1.40722,0.00132,0.00132
14.10.2025 11:17:46.983 UTC,1.40735,1.40722,0.00132,0.00144
14.10.2025 11:17:47.136 UTC,1.40734,1.40723,0.00132,0.00192
14.10.2025 11:17:47.238 UTC,1.40734,1.40723,0.00132,0.00144
14.10.2025 11:17:47.441 UTC,1.40735,1.40722,0.00132,0.00144
14.10.2025 11:17:47.543 UTC,1.40734,1.40723,0.00132,0.00192
14.10.2025 11:17:47.795 UTC,1.40734,1.40723,0.00132,0.00144
14.10.2025 11:17:48.901 UTC,1.40734,1.40723,0.00132,0.0018
14.10.2025 11:17:49.355 UTC,1.40734,1.40722,0.00132,0.0024
14.10.2025 11:17:49.559 UTC,1.40735,1.40721,0.00132,0.00249
14.10.2025 11:17:53.077 UTC,1.40734,1.40723,0.00132,0.0018
14.10.2025 11:17:53.279 UTC,1.40737,1.40724,0.00132,0.00135
14.10.2025 11:17:53.432 UTC,1.40738,1.40724,0.00132,0.00225
14.10.2025 11:17:54.249 UTC,1.40737,1.40726,0.00132,0.0012
14.10.2025 11:17:55.308 UTC,1.40737,1.40725,0.00132,0.00225
14.10.2025 11:17:56.875 UTC,1.40738,1.40724,0.00132,0.0018
14.10.2025 11:17:57.081 UTC,1.40736,1.40724,0.00189,0.00225
14.10.2025 11:17:57.186 UTC,1.40736,1.40722,0.00237,0.00225
14.10.2025 11:17:57.390 UTC,1.40736,1.40722,0.00234,0.00225
14.10.2025 11:17:57.642 UTC,1.40735,1.40723,0.00189,0.0024
14.10.2025 11:17:57.795 UTC,1.40736,1.40722,0.00234,0.00225
14.10.2025 11:17:58.048 UTC,1.40736,1.40722,0.00189,0.0033
14.10.2025 11:18:02.417 UTC,1.40735,1.40723,0.00234,0.00225
14.10.2025 11:18:02.569 UTC,1.40736,1.40722,0.00189,0.0024
14.10.2025 11:18:03.729 UTC,1.40736,1.40722,0.00234,0.00225
14.10.2025 11:18:03.932 UTC,1.40735,1.40723,0.00189,0.0024
14.10.2025 11:18:04.537 UTC,1.40736,1.40722,0.00192,0.0024
14.10.2025 11:18:04.739 UTC,1.40736,1.40722,0.00237,0.00225
14.10.2025 11:18:04.842 UTC,1.40735,1.40723,0.00189,0.0024
14.10.2025 11:18:05.347 UTC,1.40736,1.40722,0.00234,0.00315
14.10.2025 11:18:05.600 UTC,1.40736,1.40722,0.00189,0.0033
14.10.2025 11:18:07.006 UTC,1.40736,1.40722,0.00192,0.0024
14.10.2025 11:18:07.109 UTC,1.40734,1.40722,0.00132,0.00285
14.10.2025 11:18:07.213 UTC,1.40733,1.40719,0.00132,0.0024
14.10.2025 11:18:11.758 UTC,1.40732,1.4072,0.00132,0.00135
14.10.2025 11:18:12.965 UTC,1.40733,1.4072,0.00132,0.00135
14.10.2025 11:18:17.732 UTC,1.40734,1.40725,0.0012,0.0012
14.10.2025 11:18:17.784 UTC,1.40738,1.40724,0.00192,0.0018
14.10.2025 11:18:17.836 UTC,1.40737,1.40723,0.00192,0.0012
14.10.2025 11:18:17.939 UTC,1.40736,1.40722,0.00192,0.0018
14.10.2025 11:18:19.255 UTC,1.40736,1.40721,0.00192,0.00147
14.10.2025 11:18:19.370 UTC,1.40735,1.40722,0.00132,0.00147
14.10.2025 11:18:24.244 UTC,1.40736,1.40721,0.00237,0.00192
14.10.2025 11:18:25.051 UTC,1.40736,1.40721,0.00225,0.00192
14.10.2025 11:18:25.455 UTC,1.40736,1.40721,0.00237,0.00192
14.10.2025 11:18:27.269 UTC,1.40733,1.40721,0.00132,0.00192
14.10.2025 11:18:28.128 UTC,1.40734,1.40721,0.00132,0.0018
14.10.2025 11:18:29.690 UTC,1.40733,1.40722,0.00132,0.00135
14.10.2025 11:18:30.296 UTC,1.40734,1.40721,0.00132,0.0018
14.10.2025 11:18:30.499 UTC,1.40734,1.40721,0.00132,0.00135
14.10.2025 11:18:30.753 UTC,1.40734,1.40721,0.00132,0.0018
14.10.2025 11:18:30.989 UTC,1.40735,1.40722,0.00132,0.00135
14.10.2025 11:18:33.457 UTC,1.40734,1.40723,0.0012,0.0018
14.10.2025 11:18:33.710 UTC,1.40735,1.40724,0.0012,0.0012
14.10.2025 11:18:34.014 UTC,1.40735,1.40722,0.0012,0.0024
14.10.2025 11:18:34.116 UTC,1.40736,1.40723,0.00327,0.0033
14.10.2025 11:18:34.218 UTC,1.40735,1.40723,0.00132,0.0033
14.10.2025 11:18:35.178 UTC,1.40737,1.40722,0.00237,0.0024
14.10.2025 11:18:36.137 UTC,1.40737,1.40723,0.00192,0.0018
14.10.2025 11:18:36.239 UTC,1.40737,1.40723,0.00237,0.00135
14.10.2025 11:18:38.850 UTC,1.40737,1.40723,0.00192,0.0024
14.10.2025 11:18:44.826 UTC,1.40736,1.40724,0.00237,0.00225
14.10.2025 11:18:46.788 UTC,1.40737,1.40723,0.00192,0.0018
14.10.2025 11:18:47.895 UTC,1.40737,1.40723,0.00237,0.00135
14.10.2025 11:18:48.349 UTC,1.40737,1.40723,0.00192,0.0018
14.10.2025 11:18:48.450 UTC,1.40737,1.40723,0.00237,0.00135
14.10.2025 11:18:48.753 UTC,1.40737,1.40723,0.00192,0.0018
14.10.2025 11:18:48.955 UTC,1.40736,1.40724,0.00237,0.00135
14.10.2025 11:18:49.207 UTC,1.40736,1.40724,0.00192,0.0018
14.10.2025 11:18:49.359 UTC,1.40737,1.40723,0.00237,0.00135
14.10.2025 11:18:50.265 UTC,1.40737,1.40723,0.00192,0.0018
14.10.2025 11:18:50.417 UTC,1.40736,1.40724,0.00237,0.00135
14.10.2025 11:18:51.322 UTC,1.40737,1.40723,0.00192,0.0018
14.10.2025 11:18:51.424 UTC,1.40736,1.40724,0.00237,0.00135
14.10.2025 11:18:52.329 UTC,1.40737,1.40723,0.00192,0.0018
14.10.2025 11:18:52.481 UTC,1.40736,1.40724,0.00237,0.00135
14.10.2025 11:18:54.148 UTC,1.40737,1.40723,0.00192,0.0018
14.10.2025 11:18:55.722 UTC,1.40737,1.40723,0.00237,0.00135
14.10.2025 11:18:57.285 UTC,1.40737,1.40723,0.00192,0.0018
14.10.2025 11:18:58.293 UTC,1.40736,1.40724,0.00237,0.00135
14.10.2025 11:18:58.396 UTC,1.40737,1.40722,0.00252,0.00225
14.10.2025 11:18:58.499 UTC,1.40737,1.40722,0.00237,0.0024
14.10.2025 11:18:58.601 UTC,1.40737,1.40722,0.00252,0.00225
14.10.2025 11:18:59.511 UTC,1.40736,1.40723,0.00237,0.0024
14.10.2025 11:19:00.420 UTC,1.40737,1.40722,0.00237,0.0024
14.10.2025 11:19:13.653 UTC,1.40733,1.40722,0.00147,0.0018
14.10.2025 11:19:13.756 UTC,1.40733,1.40721,0.00132,0.0024
14.10.2025 11:19:16.878 UTC,1.40735,1.40722,0.0012,0.00135
14.10.2025 11:19:16.980 UTC,1.40736,1.40723,0.00132,0.00135
14.10.2025 11:19:17.118 UTC,1.40738,1.40724,0.00252,0.0012
14.10.2025 11:19:18.131 UTC,1.40736,1.40723,0.00132,0.00135
14.10.2025 11:19:18.235 UTC,1.40736,1.40722,0.00237,0.00135
14.10.2025 11:19:18.541 UTC,1.40735,1.40723,0.00189,0.00135
14.10.2025 11:19:19.298 UTC,1.40736,1.40722,0.00192,0.00135
14.10.2025 11:19:19.501 UTC,1.40736,1.40722,0.00189,0.0018
14.10.2025 11:19:19.652 UTC,1.40736,1.40722,0.00234,0.00135
14.10.2025 11:19:19.754 UTC,1.40736,1.40722,0.00237,0.00135
14.10.2025 11:19:22.621 UTC,1.40736,1.40722,0.00234,0.00135
14.10.2025 11:19:22.724 UTC,1.40736,1.40723,0.00132,0.00135
14.10.2025 11:19:22.827 UTC,1.40736,1.40722,0.00237,0.00225
14.10.2025 11:19:29.666 UTC,1.40736,1.40722,0.00192,0.0024
14.10.2025 11:19:33.131 UTC,1.40736,1.40722,0.00237,0.00225
14.10.2025 11:19:33.233 UTC,1.40736,1.40722,0.00192,0.0024
14.10.2025 11:19:33.739 UTC,1.40729,1.40717,0.00132,0.0021
14.10.2025 11:19:33.791 UTC,1.40728,1.40714,0.00192,0.00195
14.10.2025 11:19:33.894 UTC,1.40726,1.40712,0.00132,0.0018
14.10.2025 11:19:34.202 UTC,1.40728,1.40713,0.00192,0.0018
14.10.2025 11:19:34.253 UTC,1.40728,1.40715,0.00132,0.0012
14.10.2025 11:19:34.356 UTC,1.40729,1.40715,0.00282,0.0012
14.10.2025 11:19:34.561 UTC,1.40727,1.40715,0.00132,0.0012
14.10.2025 11:19:34.714 UTC,1.40727,1.40714,0.00132,0.0018
14.10.2025 11:19:35.776 UTC,1.40729,1.40715,0.00327,0.0012
14.10.2025 11:19:36.031 UTC,1.40729,1.40716,0.00234,0.0012
14.10.2025 11:19:37.894 UTC,1.4073,1.40716,0.00189,0.0018
14.10.2025 11:19:39.301 UTC,1.40729,1.40717,0.00132,0.00135
14.10.2025 11:19:39.704 UTC,1.4073,1.40716,0.00132,0.0018
14.10.2025 11:19:39.957 UTC,1.4073,1.40718,0.00234,0.00135
14.10.2025 11:19:48.221 UTC,1.4073,1.40717,0.00132,0.00135
14.10.2025 11:19:48.324 UTC,1.40727,1.40718,0.0012,0.0018
14.10.2025 11:19:48.426 UTC,1.40727,1.40718,0.0012,0.0012
14.10.2025 11:19:48.929 UTC,1.4073,1.40717,0.00132,0.0012
14.10.2025 11:19:50.440 UTC,1.4073,1.40716,0.00234,0.00135
14.10.2025 11:19:51.043 UTC,1.40729,1.40717,0.00189,0.0018
14.10.2025 11:19:52.079 UTC,1.4073,1.40716,0.00132,0.00135
14.10.2025 11:19:55.949 UTC,1.4073,1.40716,0.00132,0.0018
14.10.2025 11:19:57.459 UTC,1.4073,1.40716,0.00144,0.00135
14.10.2025 11:19:57.911 UTC,1.40729,1.40717,0.00132,0.0018
14.10.2025 11:19:58.714 UTC,1.4073,1.40716,0.00132,0.0018
14.10.2025 11:19:59.369 UTC,1.40729,1.40716,0.0012,0.0018
14.10.2025 11:19:59.823 UTC,1.40729,1.40717,0.00189,0.0018
14.10.2025 11:20:00.277 UTC,1.40729,1.40716,0.00132,0.00135
14.10.2025 11:20:00.379 UTC,1.4073,1.40716,0.00147,0.0012
14.10.2025 11:20:00.734 UTC,1.4073,1.40716,0.00237,0.00135
14.10.2025 11:20:00.837 UTC,1.40727,1.40714,0.00192,0.0012
14.10.2025 11:20:00.941 UTC,1.40723,1.40711,0.00132,0.0018
14.10.2025 11:20:00.993 UTC,1.40725,1.40712,0.00132,0.0012
14.10.2025 11:20:01.096 UTC,1.40725,1.40711,0.00132,0.0012
14.10.2025 11:20:01.199 UTC,1.40724,1.4071,0.00132,0.0012
14.10.2025 11:20:01.301 UTC,1.40724,1.40711,0.00132,0.0012
14.10.2025 11:20:01.453 UTC,1.40724,1.4071,0.00132,0.00135
14.10.2025 11:20:01.758 UTC,1.40724,1.4071,0.00132,0.0018
14.10.2025 11:20:02.684 UTC,1.40724,1.4071,0.00132,0.0012
14.10.2025 11:20:02.788 UTC,1.40725,1.40713,0.0012,0.00135
14.10.2025 11:20:02.891 UTC,1.40726,1.40714,0.00132,0.0033
14.10.2025 11:20:04.004 UTC,1.40727,1.40713,0.00132,0.00315
14.10.2025 11:20:04.511 UTC,1.40726,1.40712,0.00192,0.00135
14.10.2025 11:20:04.614 UTC,1.40725,1.40711,0.00192,0.0024
14.10.2025 11:20:06.028 UTC,1.40725,1.40711,0.00192,0.00135
14.10.2025 11:20:06.583 UTC,1.40725,1.40711,0.00192,0.0018
14.10.2025 11:20:06.886 UTC,1.40724,1.40712,0.00282,0.00225
14.10.2025 11:20:07.993 UTC,1.40725,1.40711,0.00282,0.0024
14.10.2025 11:20:10.503 UTC,1.40724,1.40712,0.00282,0.00225
14.10.2025 11:20:10.855 UTC,1.40725,1.40711,0.00282,0.0024
14.10.2025 11:20:12.416 UTC,1.40725,1.40712,0.00132,0.00135
14.10.2025 11:20:13.423 UTC,1.40725,1.40712,0.00192,0.00135
14.10.2025 11:20:13.526 UTC,1.40725,1.4071,0.00327,0.00405
14.10.2025 11:20:13.628 UTC,1.40725,1.40711,0.00282,0.00135
14.10.2025 11:20:13.931 UTC,1.40725,1.40711,0.00282,0.0018
14.10.2025 11:20:14.587 UTC,1.40724,1.40712,0.00327,0.00135
14.10.2025 11:20:14.872 UTC,1.40725,1.4071,0.00327,0.0033
14.10.2025 11:20:14.976 UTC,1.40725,1.4071,0.00327,0.00315
14.10.2025 11:20:15.028 UTC,1.40725,1.4071,0.00282,0.00285
14.10.2025 11:20:15.286 UTC,1.40724,1.4071,0.00192,0.0018
14.10.2025 11:20:15.391 UTC,1.40723,1.4071,0.00237,0.0033
14.10.2025 11:20:15.493 UTC,1.40724,1.40709,0.00192,0.00285
14.10.2025 11:20:15.595 UTC,1.40724,1.40709,0.00237,0.0033
14.10.2025 11:20:16.606 UTC,1.40724,1.40709,0.00192,0.00285
14.10.2025 11:20:16.658 UTC,1.40722,1.40708,0.00282,0.00135
14.10.2025 11:20:16.913 UTC,1.40721,1.40708,0.00132,0.00135
14.10.2025 11:20:17.269 UTC,1.40721,1.40707,0.00132,0.00315
14.10.2025 11:20:17.573 UTC,1.40721,1.40708,0.00132,0.0012
14.10.2025 11:20:19.691 UTC,1.40721,1.40713,0.0012,0.0012
14.10.2025 11:20:19.743 UTC,1.40724,1.40713,0.0012,0.0018
14.10.2025 11:20:19.845 UTC,1.40725,1.40712,0.00282,0.00405
14.10.2025 11:20:19.948 UTC,1.40725,1.40712,0.00192,0.00327
14.10.2025 11:20:20.051 UTC,1.40726,1.40713,0.00147,0.00252
14.10.2025 11:20:20.153 UTC,1.40726,1.40713,0.00132,0.00252
14.10.2025 11:20:20.863 UTC,1.40725,1.40713,0.00132,0.00237
14.10.2025 11:20:22.126 UTC,1.40727,1.40713,0.00132,0.00249
14.10.2025 11:20:23.849 UTC,1.40727,1.40713,0.00132,0.00234
14.10.2025 11:20:24.001 UTC,1.40728,1.40714,0.00132,0.0012
14.10.2025 11:20:24.509 UTC,1.40728,1.40715,0.00132,0.0012
14.10.2025 11:20:24.663 UTC,1.40729,1.40715,0.00234,0.0012
14.10.2025 11:20:25.170 UTC,1.40729,1.40714,0.00192,0.0018
14.10.2025 11:20:25.272 UTC,1.40728,1.40713,0.00252,0.0027
14.10.2025 11:20:26.737 UTC,1.40726,1.40713,0.00132,0.0018
14.10.2025 11:20:26.890 UTC,1.40726,1.40713,0.00132,0.00135
14.10.2025 11:20:28.599 UTC,1.40725,1.40713,0.00132,0.0033
14.10.2025 11:20:29.154 UTC,1.40726,1.40712,0.00132,0.0033
14.10.2025 11:20:31.419 UTC,1.40726,1.40714,0.00132,0.0012
14.10.2025 11:20:31.570 UTC,1.40726,1.40713,0.00132,0.00135
14.10.2025 11:20:32.075 UTC,1.40726,1.40712,0.00234,0.00315
14.10.2025 11:20:32.181 UTC,1.40722,1.4071,0.00132,0.0012
14.10.2025 11:20:32.233 UTC,1.40722,1.40707,0.00282,0.0027
14.10.2025 11:20:32.386 UTC,1.40721,1.40709,0.00132,0.0012
14.10.2025 11:20:32.743 UTC,1.40722,1.40708,0.00132,0.0012
14.10.2025 11:20:32.997 UTC,1.40723,1.40711,0.0012,0.0012
14.10.2025 11:20:33.114 UTC,1.40726,1.40714,0.0012,0.0018
14.10.2025 11:20:33.168 UTC,1.40727,1.40715,0.00132,0.0018
14.10.2025 11:20:34.282 UTC,1.40727,1.40713,0.00192,0.0018
14.10.2025 11:20:34.334 UTC,1.40725,1.40711,0.00192,0.0018
14.10.2025 11:20:36.699 UTC,1.40725,1.40712,0.00192,0.0012
14.10.2025 11:20:38.005 UTC,1.40725,1.40713,0.00132,0.0012
14.10.2025 11:20:38.108 UTC,1.40724,1.40713,0.00132,0.0012
14.10.2025 11:20:40.678 UTC,1.40725,1.40712,0.00189,0.00135
14.10.2025 11:20:44.462 UTC,1.40723,1.4071,0.00132,0.0018
14.10.2025 11:20:44.514 UTC,1.4072,1.40709,0.00132,0.0012
14.10.2025 11:20:45.020 UTC,1.40721,1.40709,0.00132,0.0012
14.10.2025 11:20:45.271 UTC,1.4072,1.40709,0.00132,0.0012
14.10.2025 11:20:45.425 UTC,1.40722,1.40709,0.00132,0.0012
14.10.2025 11:20:45.882 UTC,1.40721,1.40709,0.00132,0.00135
14.10.2025 11:20:46.134 UTC,1.40722,1.40709,0.00132,0.0012
14.10.2025 11:20:47.842 UTC,1.40722,1.40708,0.00132,0.00135
14.10.2025 11:20:48.295 UTC,1.40722,1.40709,0.0012,0.0012
14.10.2025 11:20:48.447 UTC,1.40722,1.40708,0.0012,0.00135
14.10.2025 11:20:48.749 UTC,1.40722,1.40709,0.0012,0.0012
14.10.2025 11:20:48.850 UTC,1.40722,1.40708,0.0012,0.00135
14.10.2025 11:20:49.503 UTC,1.40721,1.4071,0.0012,0.0012
14.10.2025 11:20:49.906 UTC,1.40721,1.40709,0.0012,0.0012
14.10.2025 11:20:50.009 UTC,1.4072,1.40709,0.0012,0.0012
14.10.2025 11:20:50.313 UTC,1.40721,1.40709,0.0012,0.0012
14.10.2025 11:20:52.127 UTC,1.40721,1.40708,0.0012,0.00135
14.10.2025 11:20:53.237 UTC,1.40721,1.40707,0.0012,0.00135
14.10.2025 11:20:53.442 UTC,1.40721,1.40707,0.0012,0.0018
14.10.2025 11:20:54.798 UTC,1.40719,1.40706,0.00132,0.0018
14.10.2025 11:20:54.900 UTC,1.40718,1.40707,0.00132,0.00135
14.10.2025 11:20:57.468 UTC,1.40718,1.40706,0.0012,0.0012
14.10.2025 11:21:05.127 UTC,1.40717,1.40706,0.00147,0.0012
14.10.2025 11:21:05.273 UTC,1.40708,1.407,0.0012,0.0027
14.10.2025 11:21:05.327 UTC,1.40708,1.40697,0.0012,0.0018
14.10.2025 11:21:05.836 UTC,1.40709,1.40696,0.0012,0.00147
14.10.2025 11:21:07.349 UTC,1.40708,1.40696,0.0012,0.00327
14.10.2025 11:21:07.803 UTC,1.40707,1.40696,0.0012,0.00144
14.10.2025 11:21:08.009 UTC,1.40706,1.40694,0.0012,0.00192
14.10.2025 11:21:12.184 UTC,1.40706,1.40693,0.0012,0.00342
14.10.2025 11:21:12.991 UTC,1.40706,1.40692,0.0012,0.00237
14.10.2025 11:21:13.247 UTC,1.40705,1.40691,0.00192,0.0012
14.10.2025 11:21:13.350 UTC,1.40705,1.4069,0.00132,0.00282
14.10.2025 11:21:13.807 UTC,1.40706,1.40692,0.0012,0.00147
14.10.2025 11:21:14.256 UTC,1.40705,1.40692,0.00234,0.00252
14.10.2025 11:21:14.359 UTC,1.40706,1.40691,0.00132,0.00192
14.10.2025 11:21:15.474 UTC,1.40706,1.40691,0.00147,0.00252
14.10.2025 11:21:15.576 UTC,1.40706,1.40691,0.00132,0.00252
14.10.2025 11:21:16.434 UTC,1.40706,1.40691,0.00237,0.0033
14.10.2025 11:21:16.537 UTC,1.40704,1.40689,0.00147,0.00144
14.10.2025 11:21:16.640 UTC,1.40703,1.4069,0.00132,0.00192
14.10.2025 11:21:16.892 UTC,1.40704,1.40689,0.00132,0.00285
14.10.2025 11:21:16.994 UTC,1.40704,1.40689,0.00147,0.0033
14.10.2025 11:21:17.097 UTC,1.40704,1.40689,0.00132,0.00252
14.10.2025 11:21:17.352 UTC,1.40705,1.4069,0.00132,0.00237
14.10.2025 11:21:17.455 UTC,1.40705,1.4069,0.0012,0.00327
14.10.2025 11:21:17.607 UTC,1.40705,1.4069,0.0012,0.00342
14.10.2025 11:21:20.471 UTC,1.40705,1.4069,0.00135,0.00342
14.10.2025 11:21:20.623 UTC,1.40705,1.4069,0.0012,0.00342
14.10.2025 11:21:22.238 UTC,1.40704,1.40691,0.00192,0.00282
14.10.2025 11:21:22.443 UTC,1.40703,1.4069,0.00132,0.00234
14.10.2025 11:21:23.805 UTC,1.40703,1.4069,0.00132,0.00144
14.10.2025 11:21:23.908 UTC,1.40704,1.40689,0.00147,0.00192
14.10.2025 11:21:24.009 UTC,1.40704,1.40689,0.00192,0.00132
14.10.2025 11:21:24.264 UTC,1.40704,1.40689,0.00132,0.00147
14.10.2025 11:21:24.620 UTC,1.40704,1.40689,0.00132,0.00192
14.10.2025 11:21:26.327 UTC,1.40702,1.40688,0.00132,0.0018
14.10.2025 11:21:26.429 UTC,1.40701,1.40689,0.00132,0.00192
14.10.2025 11:21:27.083 UTC,1.40702,1.40688,0.00132,0.00144
14.10.2025 11:21:31.052 UTC,1.407,1.40688,0.0012,0.00144
14.10.2025 11:21:31.156 UTC,1.40699,1.40686,0.00132,0.00135
14.10.2025 11:21:33.025 UTC,1.407,1.40685,0.00132,0.00342
14.10.2025 11:21:34.033 UTC,1.40699,1.40687,0.00132,0.00135
14.10.2025 11:21:34.561 UTC,1.407,1.40686,0.00132,0.0018
14.10.2025 11:21:35.823 UTC,1.40699,1.40685,0.00132,0.00192
14.10.2025 11:21:35.925 UTC,1.40699,1.40684,0.00132,0.00192
14.10.2025 11:21:36.130 UTC,1.40697,1.40684,0.00132,0.00396
14.10.2025 11:21:36.437 UTC,1.40697,1.40684,0.00132,0.00306
14.10.2025 11:21:40.461 UTC,1.40698,1.40683,0.00132,0.00297
14.10.2025 11:21:40.565 UTC,1.40697,1.40682,0.00282,0.00279
14.10.2025 11:21:40.770 UTC,1.40695,1.40681,0.00132,0.00132
14.10.2025 11:21:41.378 UTC,1.40695,1.40681,0.00132,0.0033
14.10.2025 11:21:41.632 UTC,1.40695,1.40682,0.00132,0.0018
14.10.2025 11:21:41.988 UTC,1.40694,1.40683,0.00132,0.00135
14.10.2025 11:21:42.090 UTC,1.40695,1.40681,0.00132,0.00285
14.10.2025 11:21:43.602 UTC,1.40695,1.40681,0.00132,0.0033
14.10.2025 11:21:43.755 UTC,1.40694,1.40682,0.00132,0.00285
14.10.2025 11:21:43.898 UTC,1.40695,1.40681,0.00132,0.0024
14.10.2025 11:21:44.002 UTC,1.40692,1.4068,0.00132,0.0018
14.10.2025 11:21:44.156 UTC,1.40692,1.40679,0.00192,0.0027
14.10.2025 11:21:44.308 UTC,1.40693,1.40678,0.00132,0.00237
14.10.2025 11:21:45.170 UTC,1.4069,1.40679,0.00132,0.00132
14.10.2025 11:21:45.222 UTC,1.4069,1.40676,0.00132,0.00339
14.10.2025 11:21:45.325 UTC,1.40688,1.40677,0.0012,0.00192
14.10.2025 11:21:45.884 UTC,1.40688,1.40677,0.0012,0.00252
14.10.2025 11:21:47.547 UTC,1.40689,1.40676,0.0012,0.00252
14.10.2025 11:21:47.900 UTC,1.40688,1.40677,0.0012,0.00252
14.10.2025 11:21:49.111 UTC,1.40689,1.40676,0.0012,0.00252
14.10.2025 11:21:50.070 UTC,1.40691,1.40677,0.00132,0.00192
14.10.2025 11:21:50.325 UTC,1.40691,1.4068,0.00132,0.00132
14.10.2025 11:21:50.378 UTC,1.40693,1.40682,0.00112,0.0027
14.10.2025 11:21:50.481 UTC,1.40691,1.40678,0.00132,0.00132
14.10.2025 11:21:51.289 UTC,1.40691,1.40677,0.00132,0.00405
14.10.2025 11:21:52.548 UTC,1.4069,1.40678,0.00132,0.00237
14.10.2025 11:21:52.701 UTC,1.40692,1.40679,0.0012,0.0018
14.10.2025 11:21:58.687 UTC,1.40691,1.40678,0.00132,0.00144
14.10.2025 11:22:00.451 UTC,1.4069,1.40676,0.00297,0.0018
14.10.2025 11:22:00.555 UTC,1.40684,1.40674,0.0012,0.00116
14.10.2025 11:22:00.607 UTC,1.40685,1.40675,0.00132,0.0012
14.10.2025 11:22:00.709 UTC,1.40686,1.40673,0.00132,0.00132
14.10.2025 11:22:02.379 UTC,1.40686,1.40674,0.00132,0.00135
14.10.2025 11:22:03.088 UTC,1.40686,1.40673,0.0012,0.00195
14.10.2025 11:22:03.240 UTC,1.40686,1.40673,0.0012,0.0024
14.10.2025 11:22:04.496 UTC,1.40688,1.40673,0.00189,0.0033
14.10.2025 11:22:06.994 UTC,1.40687,1.40675,0.00132,0.00192
14.10.2025 11:22:07.397 UTC,1.40691,1.40681,0.0012,0.0012
14.10.2025 11:22:07.449 UTC,1.40695,1.40683,0.00144,0.00132
14.10.2025 11:22:07.603 UTC,1.40695,1.40682,0.00132,0.00132
14.10.2025 11:22:07.756 UTC,1.40695,1.40683,0.00132,0.0012
14.10.2025 11:22:07.908 UTC,1.40696,1.40684,0.00132,0.00132
14.10.2025 11:22:08.720 UTC,1.40695,1.40683,0.00192,0.0012
14.10.2025 11:22:08.974 UTC,1.40696,1.40682,0.00192,0.00135
14.10.2025 11:22:09.327 UTC,1.40695,1.40682,0.00147,0.0012
14.10.2025 11:22:09.481 UTC,1.40693,1.40681,0.0012,0.00135
14.10.2025 11:22:09.938 UTC,1.40693,1.4068,0.00132,0.0012
14.10.2025 11:22:10.243 UTC,1.40692,1.4068,0.00192,0.00315
14.10.2025 11:22:11.658 UTC,1.40691,1.4068,0.0012,0.0018
14.10.2025 11:22:11.961 UTC,1.40694,1.40681,0.00147,0.0012
14.10.2025 11:22:12.064 UTC,1.40692,1.4068,0.00132,0.0018
14.10.2025 11:22:12.166 UTC,1.40693,1.40679,0.00132,0.00135
14.10.2025 11:22:16.162 UTC,1.40693,1.40681,0.0012,0.0012
14.10.2025 11:22:16.264 UTC,1.40694,1.40682,0.0012,0.0012
14.10.2025 11:22:16.720 UTC,1.40693,1.4068,0.0012,0.0012
14.10.2025 11:22:16.821 UTC,1.40692,1.40681,0.0012,0.0018
14.10.2025 11:22:17.526 UTC,1.40693,1.4068,0.0012,0.00135
14.10.2025 11:22:17.780 UTC,1.40692,1.40681,0.0012,0.0018
14.10.2025 11:22:18.287 UTC,1.40692,1.40681,0.0012,0.00135
14.10.2025 11:22:19.093 UTC,1.40692,1.40681,0.0012,0.0018
14.10.2025 11:22:20.198 UTC,1.40693,1.40679,0.00132,0.00225
14.10.2025 11:22:20.301 UTC,1.40693,1.4068,0.0012,0.0012
14.10.2025 11:22:23.569 UTC,1.40692,1.40681,0.0012,0.0018
14.10.2025 11:22:23.922 UTC,1.40693,1.4068,0.0012,0.00135
14.10.2025 11:22:28.252 UTC,1.40693,1.40681,0.0012,0.0012
14.10.2025 11:22:29.313 UTC,1.40693,1.40679,0.00132,0.00315
14.10.2025 11:22:29.721 UTC,1.40693,1.40679,0.00192,0.00135
14.10.2025 11:22:29.923 UTC,1.40693,1.40679,0.00132,0.00135
14.10.2025 11:22:30.126 UTC,1.40692,1.40681,0.00132,0.0012
14.10.2025 11:22:31.998 UTC,1.40693,1.40683,0.00147,0.0012
14.10.2025 11:22:32.101 UTC,1.40694,1.40682,0.00132,0.0012
14.10.2025 11:22:33.460 UTC,1.40696,1.40683,0.00132,0.0012
14.10.2025 11:22:33.566 UTC,1.40697,1.40684,0.00132,0.0018
14.10.2025 11:22:35.133 UTC,1.40693,1.4068,0.00132,0.00135
14.10.2025 11:22:35.236 UTC,1.40691,1.40679,0.00132,0.00116
14.10.2025 11:22:35.288 UTC,1.40691,1.40677,0.00132,0.00135
14.10.2025 11:22:35.390 UTC,1.40692,1.40679,0.00132,0.0012
14.10.2025 11:22:35.645 UTC,1.40692,1.40679,0.00132,0.00135
14.10.2025 11:22:36.099 UTC,1.40691,1.4068,0.00132,0.0018
14.10.2025 11:22:36.202 UTC,1.40692,1.40678,0.00132,0.0018
14.10.2025 11:22:36.557 UTC,1.40691,1.40679,0.00132,0.00135
14.10.2025 11:22:37.144 UTC,1.40691,1.4068,0.00132,0.00225
14.10.2025 11:22:37.250 UTC,1.40693,1.4068,0.00132,0.00135
14.10.2025 11:22:40.980 UTC,1.40692,1.40678,0.00192,0.0012
14.10.2025 11:22:41.084 UTC,1.40691,1.40679,0.00237,0.00135
14.10.2025 11:22:41.590 UTC,1.40691,1.40678,0.00132,0.0018
14.10.2025 11:22:41.692 UTC,1.40691,1.40678,0.00132,0.00135
14.10.2025 11:22:43.656 UTC,1.40693,1.40683,0.00132,0.0012
14.10.2025 11:22:46.666 UTC,1.40695,1.40684,0.00132,0.0018
14.10.2025 11:22:46.770 UTC,1.40697,1.40684,0.00132,0.0012
14.10.2025 11:22:48.128 UTC,1.40696,1.40685,0.00132,0.0012
14.10.2025 11:22:48.435 UTC,1.40695,1.40683,0.00132,0.0012
14.10.2025 11:22:48.487 UTC,1.40694,1.4068,0.00132,0.00417
14.10.2025 11:22:48.590 UTC,1.40693,1.40681,0.00147,0.0018
14.10.2025 11:22:48.692 UTC,1.40694,1.4068,0.00132,0.0024
14.10.2025 11:22:49.046 UTC,1.40694,1.40681,0.00132,0.00135
14.10.2025 11:22:49.250 UTC,1.40694,1.40681,0.00132,0.0018
14.10.2025 11:22:49.655 UTC,1.40694,1.40681,0.00132,0.00135
14.10.2025 11:22:52.420 UTC,1.40692,1.40682,0.00132,0.00135
14.10.2025 11:22:52.573 UTC,1.40694,1.40682,0.00132,0.0012
14.10.2025 11:22:59.320 UTC,1.40693,1.40681,0.00132,0.00135
14.10.2025 11:22:59.372 UTC,1.40691,1.40679,0.00132,0.0024
14.10.2025 11:22:59.475 UTC,1.40691,1.40677,0.00132,0.0018
14.10.2025 11:23:00.133 UTC,1.40692,1.40679,0.0012,0.00135
14.10.2025 11:23:00.236 UTC,1.40693,1.40679,0.00132,0.0024
14.10.2025 11:23:00.490 UTC,1.40693,1.40679,0.00132,0.00225
14.10.2025 11:23:00.743 UTC,1.40693,1.40679,0.00132,0.0024
14.10.2025 11:23:02.864 UTC,1.40693,1.40679,0.00132,0.00225
14.10.2025 11:23:03.119 UTC,1.40693,1.40679,0.00132,0.0024
14.10.2025 11:23:04.126 UTC,1.40693,1.40679,0.00132,0.00315
14.10.2025 11:23:04.481 UTC,1.40693,1.40682,0.00132,0.0012
14.10.2025 11:23:04.584 UTC,1.40693,1.40683,0.00132,0.00135
14.10.2025 11:23:06.605 UTC,1.40693,1.40681,0.00144,0.0018
14.10.2025 11:23:11.659 UTC,1.40692,1.40681,0.0012,0.00135
14.10.2025 11:23:12.115 UTC,1.40692,1.40683,0.0012,0.0012
14.10.2025 11:23:12.421 UTC,1.40691,1.40679,0.00132,0.00285
14.10.2025 11:23:12.524 UTC,1.4069,1.40676,0.00132,0.0033
14.10.2025 11:23:12.779 UTC,1.40689,1.40677,0.00132,0.00315
14.10.2025 11:23:12.880 UTC,1.4069,1.40677,0.00132,0.0012
14.10.2025 11:23:14.746 UTC,1.40689,1.40677,0.0012,0.0012
14.10.2025 11:23:18.217 UTC,1.40688,1.40675,0.0012,0.00135
14.10.2025 11:23:18.268 UTC,1.40685,1.40675,0.0012,0.0012
14.10.2025 11:23:20.818 UTC,1.40685,1.40672,0.00132,0.0012
14.10.2025 11:23:20.921 UTC,1.40684,1.40671,0.00132,0.0012
14.10.2025 11:23:21.025 UTC,1.40683,1.40674,0.0012,0.0012
14.10.2025 11:23:21.128 UTC,1.40684,1.40674,0.00132,0.0012
14.10.2025 11:23:24.956 UTC,1.40684,1.40672,0.00132,0.00135
14.10.2025 11:23:27.023 UTC,1.40683,1.40669,0.00192,0.0012
14.10.2025 11:23:27.126 UTC,1.40681,1.4067,0.00132,0.0012
14.10.2025 11:23:27.229 UTC,1.40681,1.4067,0.0012,0.00135
14.10.2025 11:23:27.331 UTC,1.40682,1.4067,0.0012,0.00135
14.10.2025 11:23:31.452 UTC,1.40683,1.40672,0.0012,0.0012
14.10.2025 11:23:34.473 UTC,1.40683,1.40671,0.0012,0.0012
14.10.2025 11:23:34.727 UTC,1.40682,1.40671,0.0012,0.0012
14.10.2025 11:23:34.779 UTC,1.40683,1.40669,0.00147,0.0012
14.10.2025 11:23:34.882 UTC,1.40682,1.40668,0.00132,0.00225
14.10.2025 11:23:34.934 UTC,1.40678,1.40668,0.0012,0.00135
14.10.2025 11:23:35.796 UTC,1.40678,1.40668,0.0012,0.0018
14.10.2025 11:23:36.555 UTC,1.4068,1.40667,0.0012,0.0018
14.10.2025 11:23:41.734 UTC,1.40678,1.40668,0.0012,0.0018
14.10.2025 11:23:44.358 UTC,1.4068,1.40668,0.0012,0.00135
14.10.2025 11:23:44.510 UTC,1.4068,1.40668,0.0012,0.0018
14.10.2025 11:23:44.612 UTC,1.40679,1.40669,0.0012,0.00135
14.10.2025 11:23:45.921 UTC,1.4068,1.40668,0.0012,0.0018
14.10.2025 11:23:45.973 UTC,1.40681,1.40671,0.0012,0.0012
14.10.2025 11:23:46.076 UTC,1.40682,1.40666,0.0012,0.00204
14.10.2025 11:23:46.280 UTC,1.40681,1.40667,0.00144,0.00204
14.10.2025 11:23:46.383 UTC,1.40681,1.40666,0.0012,0.00204
14.10.2025 11:23:50.007 UTC,1.40677,1.40664,0.0012,0.00192
14.10.2025 11:23:50.139 UTC,1.40676,1.40664,0.00132,0.0012
14.10.2025 11:23:51.400 UTC,1.40676,1.40664,0.0012,0.00132
14.10.2025 11:23:56.274 UTC,1.40675,1.40664,0.0012,0.00207
14.10.2025 11:24:00.349 UTC,1.40674,1.40664,0.0012,0.0012
14.10.2025 11:24:00.452 UTC,1.40675,1.40661,0.00189,0.0024
14.10.2025 11:24:00.554 UTC,1.40674,1.40662,0.00189,0.00285
14.10.2025 11:24:00.758 UTC,1.40675,1.40662,0.00189,0.0012
14.10.2025 11:24:00.861 UTC,1.40675,1.40661,0.00189,0.00285
14.10.2025 11:24:01.417 UTC,1.40674,1.40663,0.00189,0.0012
14.10.2025 11:24:01.519 UTC,1.40674,1.40662,0.00189,0.00195
14.10.2025 11:24:01.758 UTC,1.40675,1.40661,0.00189,0.00192
14.10.2025 11:24:01.862 UTC,1.40674,1.40661,0.0012,0.00192
14.10.2025 11:24:02.271 UTC,1.40674,1.40661,0.0012,0.00285
14.10.2025 11:24:02.423 UTC,1.40674,1.40661,0.0012,0.00192
14.10.2025 11:24:02.525 UTC,1.40673,1.40662,0.0012,0.0012
14.10.2025 11:24:02.627 UTC,1.40674,1.40662,0.00189,0.00195
14.10.2025 11:24:02.730 UTC,1.40674,1.40661,0.0012,0.00192
14.10.2025 11:24:03.133 UTC,1.40673,1.40662,0.0012,0.00195
14.10.2025 11:24:03.236 UTC,1.40674,1.4066,0.0012,0.00192
14.10.2025 11:24:03.589 UTC,1.40674,1.40661,0.0012,0.0012
14.10.2025 11:24:03.943 UTC,1.40673,1.40661,0.0012,0.00192
14.10.2025 11:24:04.396 UTC,1.40674,1.40661,0.0012,0.0012
14.10.2025 11:24:04.598 UTC,1.40673,1.40661,0.0012,0.00192
14.10.2025 11:24:06.055 UTC,1.40674,1.40663,0.0018,0.0018
14.10.2025 11:24:07.112 UTC,1.40676,1.40662,0.0018,0.00195
14.10.2025 11:24:07.216 UTC,1.40677,1.40666,0.00237,0.0012
14.10.2025 11:24:07.319 UTC,1.40674,1.40663,0.0012,0.0012
14.10.2025 11:24:07.371 UTC,1.40674,1.40659,0.00132,0.00252
14.10.2025 11:24:09.432 UTC,1.4067,1.40659,0.00189,0.0012
14.10.2025 11:24:09.535 UTC,1.40669,1.40659,0.0018,0.0012
14.10.2025 11:24:10.899 UTC,1.40667,1.4066,0.0012,0.0012
14.10.2025 11:24:11.051 UTC,1.40668,1.4066,0.0018,0.0012
14.10.2025 11:24:11.154 UTC,1.40668,1.40659,0.0012,0.0012
14.10.2025 11:24:11.757 UTC,1.40669,1.40659,0.00132,0.0012
14.10.2025 11:24:14.950 UTC,1.4067,1.40659,0.0012,0.0018
14.10.2025 11:24:15.002 UTC,1.40673,1.40659,0.0012,0.00192
14.10.2025 11:24:15.105 UTC,1.40671,1.40659,0.0012,0.0012
14.10.2025 11:24:15.912 UTC,1.40672,1.4066,0.0012,0.00144
14.10.2025 11:24:15.964 UTC,1.40673,1.40659,0.0012,0.00252
14.10.2025 11:24:16.117 UTC,1.40674,1.4066,0.0012,0.00147
14.10.2025 11:24:18.484 UTC,1.40675,1.40661,0.0012,0.0018
14.10.2025 11:24:20.202 UTC,1.40675,1.40661,0.0012,0.0042
14.10.2025 11:24:20.306 UTC,1.40676,1.40665,0.0012,0.00132
14.10.2025 11:24:21.618 UTC,1.40678,1.40664,0.0012,0.00147
14.10.2025 11:24:21.771 UTC,1.40678,1.40666,0.0012,0.0012
14.10.2025 11:24:23.656 UTC,1.40677,1.40666,0.0012,0.0012
14.10.2025 11:24:26.927 UTC,1.40677,1.40665,0.0012,0.00135
14.10.2025 11:24:27.029 UTC,1.40677,1.40666,0.0012,0.0012
14.10.2025 11:24:32.213 UTC,1.40675,1.40664,0.00132,0.0024
14.10.2025 11:24:32.316 UTC,1.40676,1.40663,0.00132,0.00135
14.10.2025 11:24:32.418 UTC,1.40676,1.40664,0.00132,0.00135
14.10.2025 11:24:35.388 UTC,1.40677,1.40665,0.0012,0.0012
14.10.2025 11:24:35.491 UTC,1.40678,1.40665,0.0012,0.00135
14.10.2025 11:24:35.795 UTC,1.40678,1.40665,0.0012,0.0018
14.10.2025 11:24:36.592 UTC,1.40678,1.40665,0.0012,0.0012
14.10.2025 11:24:37.398 UTC,1.40678,1.40665,0.0012,0.0018
14.10.2025 11:24:39.356 UTC,1.40677,1.40666,0.0012,0.00195
14.10.2025 11:24:39.408 UTC,1.40678,1.40665,0.0012,0.00135
14.10.2025 11:24:39.509 UTC,1.40677,1.40667,0.0012,0.0012
14.10.2025 11:24:42.624 UTC,1.40677,1.40667,0.0012,0.0018
14.10.2025 11:24:43.278 UTC,1.40679,1.40667,0.00132,0.00135
14.10.2025 11:24:43.330 UTC,1.40681,1.40667,0.00132,0.00315
14.10.2025 11:24:43.586 UTC,1.4068,1.40668,0.00132,0.0018
14.10.2025 11:24:43.688 UTC,1.40679,1.40667,0.0012,0.0018
14.10.2025 11:24:43.943 UTC,1.40679,1.40667,0.00132,0.00135
14.10.2025 11:24:44.147 UTC,1.40679,1.40667,0.0012,0.0018
14.10.2025 11:24:44.300 UTC,1.40679,1.40667,0.0012,0.00135
14.10.2025 11:24:44.704 UTC,1.40678,1.40668,0.0012,0.0018
14.10.2025 11:24:49.428 UTC,1.40678,1.40666,0.0012,0.0012
14.10.2025 11:24:49.630 UTC,1.40678,1.40667,0.0012,0.0012
14.10.2025 11:24:56.773 UTC,1.40677,1.40667,0.00132,0.00135
14.10.2025 11:24:57.078 UTC,1.40677,1.40665,0.00192,0.0012
14.10.2025 11:24:57.130 UTC,1.40671,1.40662,0.00132,0.00116
14.10.2025 11:24:57.254 UTC,1.40669,1.40659,0.0012,0.0012
14.10.2025 11:24:57.518 UTC,1.4067,1.40657,0.0012,0.0018
14.10.2025 11:24:58.076 UTC,1.40671,1.40662,0.0012,0.0012
14.10.2025 11:24:58.127 UTC,1.40671,1.40658,0.00132,0.0018
14.10.2025 11:24:58.230 UTC,1.4067,1.40658,0.00132,0.00135
14.10.2025 11:24:59.643 UTC,1.40673,1.4066,0.00144,0.0018
14.10.2025 11:24:59.746 UTC,1.4067,1.40661,0.0012,0.00135
14.10.2025 11:24:59.849 UTC,1.40671,1.40659,0.0012,0.00195
14.10.2025 11:24:59.951 UTC,1.4067,1.4066,0.0012,0.0018
14.10.2025 11:25:00.156 UTC,1.4067,1.4066,0.0012,0.0012
14.10.2025 11:25:00.258 UTC,1.40671,1.40659,0.0012,0.0018
14.10.2025 11:25:00.510 UTC,1.40671,1.40659,0.0012,0.00135
14.10.2025 11:25:03.432 UTC,1.40671,1.40659,0.0012,0.0018
14.10.2025 11:25:03.835 UTC,1.4067,1.4066,0.0012,0.0012
14.10.2025 11:25:03.938 UTC,1.4067,1.40659,0.0012,0.00135
14.10.2025 11:25:04.594 UTC,1.40671,1.40659,0.0012,0.00135
14.10.2025 11:25:05.180 UTC,1.40669,1.40656,0.0012,0.0018
14.10.2025 11:25:05.385 UTC,1.40668,1.40657,0.0012,0.00135
14.10.2025 11:25:05.587 UTC,1.40669,1.40657,0.0012,0.0012
14.10.2025 11:25:05.690 UTC,1.40668,1.40656,0.0012,0.00135
14.10.2025 11:25:05.792 UTC,1.40669,1.40657,0.0012,0.00135
14.10.2025 11:25:06.097 UTC,1.40669,1.40657,0.0012,0.0018
14.10.2025 11:25:06.299 UTC,1.40668,1.40658,0.0012,0.00135
14.10.2025 11:25:06.501 UTC,1.40668,1.40658,0.0012,0.0024
14.10.2025 11:25:08.015 UTC,1.40668,1.40658,0.0012,0.00225
14.10.2025 11:25:08.117 UTC,1.40667,1.40658,0.0012,0.0012
14.10.2025 11:25:08.221 UTC,1.40667,1.40655,0.00192,0.0012
14.10.2025 11:25:08.324 UTC,1.40666,1.40653,0.00192,0.00315
14.10.2025 11:25:10.090 UTC,1.40666,1.40653,0.00132,0.00375
14.10.2025 11:25:10.293 UTC,1.40665,1.40654,0.00132,0.0036
14.10.2025 11:25:10.446 UTC,1.40665,1.40654,0.00237,0.00225
14.10.2025 11:25:10.498 UTC,1.40659,1.40648,0.00132,0.00285
14.10.2025 11:25:10.600 UTC,1.40659,1.40645,0.0012,0.0027
14.10.2025 11:25:10.652 UTC,1.40658,1.40648,0.0012,0.0012
14.10.2025 11:25:10.755 UTC,1.40659,1.40646,0.0012,0.0012
14.10.2025 11:25:10.858 UTC,1.4066,1.40653,0.0012,0.00225
14.10.2025 11:25:10.960 UTC,1.4066,1.40647,0.00132,0.0012
14.10.2025 11:25:11.062 UTC,1.40659,1.40646,0.0012,0.00135
14.10.2025 11:25:11.164 UTC,1.40658,1.40648,0.0012,0.0018
14.10.2025 11:25:12.070 UTC,1.40658,1.40648,0.0012,0.0024
14.10.2025 11:25:12.122 UTC,1.4066,1.40653,0.0012,0.00225
14.10.2025 11:25:12.327 UTC,1.4066,1.40648,0.00132,0.00135
14.10.2025 11:25:12.430 UTC,1.40659,1.40648,0.00132,0.00135
14.10.2025 11:25:12.818 UTC,1.40659,1.40647,0.0012,0.0024
14.10.2025 11:25:13.121 UTC,1.40659,1.40647,0.0012,0.00225
14.10.2025 11:25:13.675 UTC,1.40659,1.40647,0.0012,0.0024
14.10.2025 11:25:13.777 UTC,1.40659,1.40646,0.0012,0.0024
14.10.2025 11:25:14.031 UTC,1.40659,1.40646,0.0012,0.00225
14.10.2025 11:25:14.232 UTC,1.40659,1.40647,0.0012,0.0012
14.10.2025 11:25:17.158 UTC,1.40658,1.40648,0.0012,0.0024
14.10.2025 11:25:17.261 UTC,1.40659,1.40647,0.0012,0.00225
14.10.2025 11:25:17.665 UTC,1.40659,1.40647,0.0012,0.0024
14.10.2025 11:25:18.273 UTC,1.4066,1.40651,0.0012,0.0012
14.10.2025 11:25:18.325 UTC,1.40662,1.4065,0.0012,0.0012
14.10.2025 11:25:18.377 UTC,1.40663,1.40653,0.0012,0.0018
14.10.2025 11:25:18.633 UTC,1.40667,1.40655,0.0012,0.0018
14.10.2025 11:25:18.736 UTC,1.40668,1.40656,0.0012,0.0012
14.10.2025 11:25:18.889 UTC,1.40669,1.40661,0.0018,0.0012
14.10.2025 11:25:18.992 UTC,1.40671,1.40659,0.0012,0.0012
14.10.2025 11:25:19.298 UTC,1.40671,1.40658,0.0012,0.0027
14.10.2025 11:25:19.402 UTC,1.40669,1.40657,0.0012,0.0018
14.10.2025 11:25:20.196 UTC,1.40671,1.40657,0.00132,0.00192
14.10.2025 11:25:20.303 UTC,1.40672,1.40658,0.00132,0.00225
14.10.2025 11:25:20.559 UTC,1.40672,1.40659,0.0012,0.0012
14.10.2025 11:25:20.712 UTC,1.40672,1.40658,0.0012,0.00225
14.10.2025 11:25:20.814 UTC,1.40672,1.40659,0.00135,0.0012
14.10.2025 11:25:21.018 UTC,1.40671,1.40659,0.00135,0.00225
14.10.2025 11:25:21.170 UTC,1.40672,1.40659,0.0012,0.0012
14.10.2025 11:25:21.272 UTC,1.40671,1.40659,0.0012,0.0012
14.10.2025 11:25:21.375 UTC,1.40671,1.40658,0.0012,0.00405
14.10.2025 11:25:22.289 UTC,1.40671,1.40659,0.0012,0.0012
14.10.2025 11:25:23.353 UTC,1.40671,1.40658,0.0012,0.0012
14.10.2025 11:25:23.505 UTC,1.4067,1.40658,0.0012,0.0012
14.10.2025 11:25:25.014 UTC,1.40669,1.40658,0.00132,0.00135
14.10.2025 11:25:25.267 UTC,1.4067,1.40657,0.00132,0.0018
14.10.2025 11:25:26.933 UTC,1.40668,1.40658,0.00132,0.0012
14.10.2025 11:25:26.985 UTC,1.40667,1.40655,0.00132,0.0012
14.10.2025 11:25:27.037 UTC,1.40665,1.40653,0.0012,0.00225
14.10.2025 11:25:29.157 UTC,1.40664,1.40654,0.0012,0.00285
14.10.2025 11:25:29.309 UTC,1.40665,1.40653,0.0012,0.0027
14.10.2025 11:25:30.166 UTC,1.40664,1.40654,0.0012,0.00375
14.10.2025 11:25:32.323 UTC,1.40665,1.40653,0.0012,0.0036
14.10.2025 11:25:33.233 UTC,1.40665,1.40653,0.00132,0.00285
14.10.2025 11:25:33.386 UTC,1.40664,1.40654,0.00132,0.0027
14.10.2025 11:25:34.241 UTC,1.40665,1.40653,0.00132,0.00285
14.10.2025 11:25:34.393 UTC,1.40665,1.40653,0.00132,0.0027
14.10.2025 11:25:35.701 UTC,1.40664,1.40654,0.0012,0.0018
14.10.2025 11:25:40.553 UTC,1.40664,1.40654,0.0012,0.0012
14.10.2025 11:25:40.913 UTC,1.40665,1.40653,0.0012,0.0018
14.10.2025 11:25:41.015 UTC,1.40664,1.40654,0.0012,0.00135
14.10.2025 11:25:51.893 UTC,1.40663,1.40651,0.00207,0.0012
14.10.2025 11:25:51.945 UTC,1.40659,1.40648,0.0012,0.00285
14.10.2025 11:25:52.048 UTC,1.40657,1.40645,0.0012,0.0012
14.10.2025 11:25:52.151 UTC,1.40656,1.40645,0.00132,0.0018
14.10.2025 11:25:52.708 UTC,1.40657,1.40645,0.00132,0.0012
14.10.2025 11:25:52.811 UTC,1.40658,1.40646,0.00132,0.00135
14.10.2025 11:25:54.376 UTC,1.40659,1.40646,0.00189,0.00135
14.10.2025 11:25:56.041 UTC,1.40659,1.40647,0.00189,0.00135
14.10.2025 11:25:56.448 UTC,1.40658,1.40647,0.00192,0.00135
14.10.2025 11:25:57.054 UTC,1.40659,1.40646,0.00132,0.00135
14.10.2025 11:25:58.670 UTC,1.40659,1.40647,0.00132,0.0012
14.10.2025 11:25:59.785 UTC,1.40659,1.40646,0.00192,0.00135
14.10.2025 11:26:00.140 UTC,1.40659,1.40646,0.00189,0.00135
14.10.2025 11:26:00.242 UTC,1.40659,1.40647,0.00189,0.00135
14.10.2025 11:26:00.396 UTC,1.40659,1.40647,0.00192,0.0012
14.10.2025 11:26:00.868 UTC,1.40659,1.40646,0.00192,0.00135
14.10.2025 11:26:01.021 UTC,1.40659,1.40646,0.00189,0.00135
14.10.2025 11:26:01.123 UTC,1.40658,1.40647,0.00192,0.00135
14.10.2025 11:26:01.225 UTC,1.40659,1.40646,0.00189,0.0018
14.10.2025 11:26:01.987 UTC,1.40658,1.40648,0.00132,0.0018
14.10.2025 11:26:02.140 UTC,1.40659,1.40647,0.00132,0.00135
14.10.2025 11:26:03.600 UTC,1.40658,1.40646,0.00132,0.00225
14.10.2025 11:26:03.652 UTC,1.40659,1.40651,0.0012,0.0012
14.10.2025 11:26:03.705 UTC,1.40663,1.4065,0.00147,0.0012
14.10.2025 11:26:03.858 UTC,1.40663,1.40649,0.00132,0.0018
14.10.2025 11:26:03.960 UTC,1.40662,1.40651,0.00132,0.0012
14.10.2025 11:26:04.518 UTC,1.40663,1.4065,0.00132,0.0018
14.10.2025 11:26:06.435 UTC,1.40664,1.4065,0.00192,0.0012
14.10.2025 11:26:06.489 UTC,1.40666,1.40652,0.00132,0.00225
14.10.2025 11:26:06.695 UTC,1.40665,1.40654,0.00132,0.0012
14.10.2025 11:26:08.613 UTC,1.40668,1.40653,0.00192,0.0018
14.10.2025 11:26:08.754 UTC,1.40669,1.40656,0.00132,0.0012
14.10.2025 11:26:10.478 UTC,1.4067,1.40657,0.00132,0.0018
14.10.2025 11:26:10.580 UTC,1.4067,1.40658,0.00132,0.0012
14.10.2025 11:26:11.993 UTC,1.40671,1.40658,0.00132,0.0012
14.10.2025 11:26:17.032 UTC,1.40671,1.40658,0.00132,0.0024
14.10.2025 11:26:17.538 UTC,1.40676,1.40663,0.00342,0.0018
14.10.2025 11:26:17.641 UTC,1.40676,1.40664,0.00192,0.0018
14.10.2025 11:26:17.693 UTC,1.40676,1.40662,0.00192,0.0018
14.10.2025 11:26:17.795 UTC,1.40675,1.40661,0.00132,0.0012
14.10.2025 11:26:19.042 UTC,1.40674,1.40661,0.00192,0.0012
14.10.2025 11:26:21.155 UTC,1.40673,1.40662,0.00132,0.0012
14.10.2025 11:26:22.611 UTC,1.40674,1.40662,0.00132,0.0012
14.10.2025 11:26:22.816 UTC,1.40675,1.40661,0.00147,0.0012
14.10.2025 11:26:23.018 UTC,1.40675,1.40661,0.00132,0.0024
14.10.2025 11:26:23.171 UTC,1.40675,1.40661,0.00147,0.0012
14.10.2025 11:26:24.030 UTC,1.40677,1.40663,0.00237,0.0012
14.10.2025 11:26:24.839 UTC,1.40679,1.40665,0.00192,0.0027
14.10.2025 11:26:24.942 UTC,1.40679,1.40666,0.00132,0.0018
14.10.2025 11:26:25.655 UTC,1.4068,1.40668,0.00132,0.0012
14.10.2025 11:26:26.210 UTC,1.4068,1.40669,0.00132,0.0018
14.10.2025 11:26:36.377 UTC,1.4068,1.40666,0.00132,0.0024
14.10.2025 11:26:36.479 UTC,1.4068,1.40666,0.00147,0.00225
14.10.2025 11:26:37.238 UTC,1.40679,1.40666,0.00147,0.0012
14.10.2025 11:26:37.341 UTC,1.40679,1.40665,0.00147,0.0012
14.10.2025 11:26:37.443 UTC,1.40678,1.40665,0.00237,0.0018
14.10.2025 11:26:49.480 UTC,1.4068,1.40665,0.00327,0.0024
14.10.2025 11:26:49.532 UTC,1.4068,1.40666,0.00144,0.00225
14.10.2025 11:26:49.635 UTC,1.4068,1.40667,0.00327,0.0024
14.10.2025 11:26:51.599 UTC,1.4068,1.40666,0.0012,0.0024
14.10.2025 11:26:52.180 UTC,1.4068,1.40666,0.0012,0.00195
14.10.2025 11:26:52.381 UTC,1.40681,1.40667,0.00189,0.0024
14.10.2025 11:26:52.537 UTC,1.40681,1.40668,0.00132,0.0024
14.10.2025 11:26:54.049 UTC,1.4068,1.40669,0.00132,0.00225
14.10.2025 11:26:55.205 UTC,1.4068,1.40668,0.0012,0.00135
14.10.2025 11:26:55.814 UTC,1.40681,1.40669,0.00132,0.0012
14.10.2025 11:26:55.917 UTC,1.4068,1.4067,0.00132,0.0018
14.10.2025 11:26:56.019 UTC,1.4068,1.4067,0.00132,0.00135
14.10.2025 11:27:00.595 UTC,1.40681,1.40669,0.00132,0.0018
14.10.2025 11:27:00.746 UTC,1.4068,1.4067,0.00132,0.00135
14.10.2025 11:27:01.202 UTC,1.40681,1.40669,0.00132,0.0018
14.10.2025 11:27:04.079 UTC,1.4068,1.4067,0.00132,0.00135
14.10.2025 11:27:14.122 UTC,1.40681,1.40667,0.00189,0.00315
14.10.2025 11:27:14.225 UTC,1.40681,1.40667,0.00132,0.00225
14.10.2025 11:27:16.040 UTC,1.4068,1.40667,0.00342,0.00225
14.10.2025 11:27:17.198 UTC,1.40681,1.40666,0.00327,0.0024
14.10.2025 11:27:17.651 UTC,1.40681,1.40666,0.00342,0.00225
14.10.2025 11:27:18.308 UTC,1.40681,1.40666,0.00327,0.0024
14.10.2025 11:27:18.410 UTC,1.40681,1.40666,0.00342,0.00225
14.10.2025 11:27:18.864 UTC,1.40681,1.40666,0.00237,0.0042
14.10.2025 11:27:20.073 UTC,1.40681,1.40667,0.00189,0.0024
14.10.2025 11:27:20.531 UTC,1.40681,1.40667,0.00234,0.00225
14.10.2025 11:27:22.198 UTC,1.40681,1.40667,0.00189,0.0033
14.10.2025 11:27:23.462 UTC,1.40681,1.40669,0.0012,0.0012
14.10.2025 11:27:24.927 UTC,1.40688,1.40673,0.00192,0.0027
14.10.2025 11:27:25.011 UTC,1.40691,1.40676,0.0027,0.0012
14.10.2025 11:27:25.319 UTC,1.40692,1.40677,0.00282,0.0012
14.10.2025 11:27:25.825 UTC,1.4069,1.40678,0.00132,0.0012
14.10.2025 11:27:27.343 UTC,1.40691,1.40676,0.00252,0.00225
14.10.2025 11:27:27.597 UTC,1.40689,1.40676,0.00252,0.00225
14.10.2025 11:27:29.969 UTC,1.40689,1.40676,0.00147,0.0018
14.10.2025 11:27:30.071 UTC,1.40691,1.40676,0.00342,0.00225
14.10.2025 11:27:31.683 UTC,1.4069,1.40677,0.00237,0.0024
14.10.2025 11:27:32.087 UTC,1.4069,1.40677,0.00204,0.00225
14.10.2025 11:27:32.443 UTC,1.4069,1.40676,0.00144,0.0018
14.10.2025 11:27:32.744 UTC,1.4069,1.40676,0.00147,0.0018
14.10.2025 11:27:32.846 UTC,1.4069,1.40676,0.00144,0.0018
14.10.2025 11:27:33.453 UTC,1.40691,1.40676,0.00204,0.00225
14.10.2025 11:27:34.214 UTC,1.4069,1.40677,0.00156,0.0024
14.10.2025 11:27:34.316 UTC,1.4069,1.40677,0.00204,0.00225
14.10.2025 11:27:36.053 UTC,1.4069,1.40677,0.00252,0.00225
14.10.2025 11:27:37.057 UTC,1.40691,1.40676,0.00159,0.0024
14.10.2025 11:27:37.159 UTC,1.4069,1.40677,0.00204,0.00225
14.10.2025 11:27:37.362 UTC,1.40691,1.40676,0.00159,0.0024
14.10.2025 11:27:37.464 UTC,1.40691,1.40676,0.00204,0.00225
14.10.2025 11:27:37.665 UTC,1.40691,1.40676,0.00159,0.0024
14.10.2025 11:27:39.623 UTC,1.4069,1.40677,0.00252,0.00225
14.10.2025 11:27:40.278 UTC,1.40691,1.40676,0.00159,0.0024
14.10.2025 11:27:40.380 UTC,1.4069,1.40677,0.00204,0.00225
14.10.2025 11:27:41.236 UTC,1.4069,1.40677,0.00159,0.0024
14.10.2025 11:27:41.640 UTC,1.40689,1.40675,0.00147,0.00225
14.10.2025 11:27:41.743 UTC,1.40687,1.40674,0.0012,0.00135
14.10.2025 11:27:41.846 UTC,1.40687,1.40675,0.00225,0.00225
14.10.2025 11:27:43.210 UTC,1.40687,1.40674,0.0012,0.0012
14.10.2025 11:27:43.464 UTC,1.40685,1.40675,0.0012,0.0012
14.10.2025 11:27:43.567 UTC,1.40688,1.40675,0.00132,0.0012
14.10.2025 11:27:44.631 UTC,1.40688,1.40674,0.00132,0.00225
14.10.2025 11:27:44.834 UTC,1.40689,1.40676,0.00252,0.0018
14.10.2025 11:27:45.619 UTC,1.40688,1.40674,0.00237,0.00225
14.10.2025 11:27:46.229 UTC,1.40687,1.40675,0.00192,0.0024
14.10.2025 11:27:46.332 UTC,1.40689,1.40675,0.00147,0.00225
14.10.2025 11:27:49.461 UTC,1.40686,1.40673,0.00132,0.00225
14.10.2025 11:27:49.513 UTC,1.40687,1.40673,0.0018,0.00135
14.10.2025 11:27:49.565 UTC,1.40689,1.40675,0.00192,0.0012
14.10.2025 11:27:50.076 UTC,1.40684,1.40671,0.00234,0.00116
14.10.2025 11:27:50.179 UTC,1.40683,1.40671,0.00189,0.0012
14.10.2025 11:27:54.615 UTC,1.40683,1.40671,0.00189,0.0024
14.10.2025 11:27:54.718 UTC,1.40687,1.40675,0.00144,0.00315
14.10.2025 11:27:54.821 UTC,1.40688,1.40674,0.00132,0.0027
14.10.2025 11:27:54.924 UTC,1.40687,1.40676,0.00132,0.0012
14.10.2025 11:27:55.028 UTC,1.40687,1.40674,0.00132,0.0012
14.10.2025 11:27:55.080 UTC,1.40684,1.40672,0.00132,0.0012
14.10.2025 11:27:55.148 UTC,1.40684,1.4067,0.00234,0.00135
14.10.2025 11:27:55.254 UTC,1.40683,1.40671,0.00189,0.0018
14.10.2025 11:27:56.012 UTC,1.40683,1.4067,0.00132,0.0012
14.10.2025 11:27:56.068 UTC,1.4068,1.40669,0.00132,0.0012
14.10.2025 11:27:56.473 UTC,1.40681,1.40667,0.00192,0.0018
14.10.2025 11:27:56.576 UTC,1.4068,1.40667,0.00132,0.0012
14.10.2025 11:27:56.628 UTC,1.40679,1.40665,0.00132,0.0018
14.10.2025 11:27:57.589 UTC,1.40681,1.40666,0.00279,0.0018
14.10.2025 11:27:57.692 UTC,1.40681,1.4067,0.0012,0.0012
14.10.2025 11:27:58.249 UTC,1.40683,1.40669,0.0018,0.0012
14.10.2025 11:27:58.705 UTC,1.40682,1.40669,0.0012,0.0012
14.10.2025 11:27:59.562 UTC,1.40681,1.40669,0.0027,0.0018
14.10.2025 11:28:00.123 UTC,1.40681,1.40667,0.0012,0.0018
14.10.2025 11:28:00.175 UTC,1.4068,1.40667,0.0024,0.00225
14.10.2025 11:28:00.278 UTC,1.4068,1.40667,0.00225,0.0024
14.10.2025 11:28:01.137 UTC,1.40681,1.40666,0.0024,0.00225
14.10.2025 11:28:01.239 UTC,1.40681,1.40666,0.00225,0.0024
14.10.2025 11:28:04.764 UTC,1.40682,1.40668,0.0018,0.0012
14.10.2025 11:28:05.717 UTC,1.40683,1.40673,0.0012,0.0018
14.10.2025 11:28:05.770 UTC,1.40687,1.40674,0.0018,0.0012
14.10.2025 11:28:05.873 UTC,1.40687,1.40673,0.0012,0.0012
14.10.2025 11:28:08.999 UTC,1.40686,1.40674,0.0012,0.0018
14.10.2025 11:28:09.100 UTC,1.40686,1.40674,0.00135,0.00135
14.10.2025 11:28:10.007 UTC,1.40686,1.40674,0.0012,0.0018
14.10.2025 11:28:10.110 UTC,1.40686,1.40674,0.00135,0.00225
14.10.2025 11:28:10.415 UTC,1.40687,1.40673,0.00237,0.0012
14.10.2025 11:28:10.467 UTC,1.40683,1.40669,0.00132,0.00222
14.10.2025 11:28:10.572 UTC,1.40682,1.40667,0.00189,0.0018
14.10.2025 11:28:11.784 UTC,1.40683,1.40668,0.00192,0.0018
14.10.2025 11:28:11.937 UTC,1.40682,1.4067,0.0027,0.0012
14.10.2025 11:28:12.946 UTC,1.40684,1.40673,0.0012,0.0012
14.10.2025 11:28:12.998 UTC,1.40687,1.40673,0.0012,0.0018
14.10.2025 11:28:13.356 UTC,1.40687,1.40673,0.00192,0.0012
14.10.2025 11:28:13.408 UTC,1.40684,1.40671,0.00414,0.00225
14.10.2025 11:28:13.511 UTC,1.40684,1.4067,0.0012,0.00315
14.10.2025 11:28:14.070 UTC,1.40683,1.40669,0.0012,0.00225
14.10.2025 11:28:14.527 UTC,1.40684,1.40669,0.00225,0.0027
14.10.2025 11:28:14.852 UTC,1.40683,1.40669,0.0012,0.0024
14.10.2025 11:28:14.955 UTC,1.40684,1.40669,0.00189,0.0018
14.10.2025 11:28:15.109 UTC,1.40683,1.40669,0.0012,0.0018
14.10.2025 11:28:15.363 UTC,1.40684,1.40669,0.00189,0.0018
14.10.2025 11:28:15.767 UTC,1.40684,1.40669,0.00234,0.0033
14.10.2025 11:28:18.238 UTC,1.40684,1.40669,0.0018,0.00315
14.10.2025 11:28:19.247 UTC,1.40684,1.40672,0.00315,0.0012
14.10.2025 11:28:19.350 UTC,1.40684,1.40673,0.0012,0.0018
14.10.2025 11:28:20.309 UTC,1.40685,1.4067,0.00315,0.0033
14.10.2025 11:28:20.613 UTC,1.40685,1.4067,0.0027,0.00315
14.10.2025 11:28:23.221 UTC,1.40685,1.40672,0.0012,0.00225
14.10.2025 11:28:24.633 UTC,1.40685,1.40673,0.0012,0.0033
14.10.2025 11:28:25.040 UTC,1.40686,1.40674,0.00135,0.00225
14.10.2025 11:28:25.996 UTC,1.40688,1.40674,0.00225,0.00135
14.10.2025 11:28:26.882 UTC,1.40688,1.40674,0.0027,0.0033
14.10.2025 11:28:27.087 UTC,1.40687,1.40675,0.0027,0.0033
14.10.2025 11:28:27.289 UTC,1.40688,1.40674,0.0027,0.0033
14.10.2025 11:28:27.441 UTC,1.40688,1.40674,0.0027,0.00315
14.10.2025 11:28:27.944 UTC,1.40689,1.40677,0.0018,0.00315
14.10.2025 11:28:28.047 UTC,1.40691,1.40677,0.00225,0.0018
14.10.2025 11:28:31.767 UTC,1.40691,1.40678,0.00132,0.0012
14.10.2025 11:28:31.870 UTC,1.4069,1.40676,0.00225,0.0027
14.10.2025 11:28:32.727 UTC,1.4069,1.40677,0.0012,0.00135
14.10.2025 11:28:36.801 UTC,1.40689,1.40677,0.0012,0.0012
14.10.2025 11:28:42.312 UTC,1.40687,1.40676,0.0012,0.00135
14.10.2025 11:28:42.568 UTC,1.40687,1.40675,0.0012,0.00225
14.10.2025 11:28:43.021 UTC,1.40686,1.40676,0.0012,0.0024
14.10.2025 11:28:47.850 UTC,1.40686,1.40676,0.0012,0.00225
14.10.2025 11:28:49.661 UTC,1.40687,1.40675,0.0012,0.0024
14.10.2025 11:28:49.762 UTC,1.40688,1.40675,0.0012,0.0024
14.10.2025 11:28:50.086 UTC,1.40688,1.40675,0.0012,0.00225
14.10.2025 11:28:51.794 UTC,1.40688,1.40676,0.00132,0.00225
14.10.2025 11:28:51.895 UTC,1.40689,1.40675,0.00132,0.0024
14.10.2025 11:28:56.061 UTC,1.40688,1.40676,0.00132,0.00225
14.10.2025 11:28:56.164 UTC,1.40689,1.40675,0.00132,0.00225
14.10.2025 11:28:56.766 UTC,1.40689,1.40675,0.00132,0.0024
14.10.2025 11:28:58.170 UTC,1.4069,1.40675,0.00132,0.0024
14.10.2025 11:28:58.273 UTC,1.4069,1.40676,0.0012,0.0033
14.10.2025 11:28:58.376 UTC,1.40691,1.40678,0.00252,0.00135
14.10.2025 11:28:58.478 UTC,1.40692,1.40677,0.00192,0.0018
14.10.2025 11:28:58.682 UTC,1.40692,1.40677,0.00192,0.00135
14.10.2025 11:28:59.086 UTC,1.40689,1.40677,0.00132,0.00375
14.10.2025 11:29:00.400 UTC,1.4069,1.40676,0.00132,0.0018
14.10.2025 11:29:00.553 UTC,1.40689,1.40677,0.00132,0.00135
14.10.2025 11:29:03.090 UTC,1.40689,1.40677,0.00132,0.0018
14.10.2025 11:29:03.743 UTC,1.40689,1.40677,0.00147,0.00135
14.10.2025 11:29:05.308 UTC,1.40687,1.40674,0.00147,0.00285
14.10.2025 11:29:05.663 UTC,1.40688,1.40673,0.00132,0.00225
14.10.2025 11:29:05.966 UTC,1.40687,1.40672,0.00192,0.0018
14.10.2025 11:29:06.018 UTC,1.40684,1.40669,0.00132,0.0018
14.10.2025 11:29:06.172 UTC,1.40684,1.40669,0.00132,0.0012
14.10.2025 11:29:07.388 UTC,1.40684,1.40669,0.00192,0.0012
14.10.2025 11:29:07.440 UTC,1.4068,1.40669,0.00132,0.0012
14.10.2025 11:29:07.492 UTC,1.4068,1.40666,0.00132,0.0012
14.10.2025 11:29:07.544 UTC,1.40679,1.40664,0.00132,0.0027
14.10.2025 11:29:12.482 UTC,1.40679,1.40664,0.00147,0.0024
14.10.2025 11:29:17.185 UTC,1.40678,1.40665,0.00132,0.00285
14.10.2025 11:29:19.498 UTC,1.40679,1.40664,0.00147,0.0024
14.10.2025 11:29:19.650 UTC,1.40679,1.40664,0.00135,0.0024
14.10.2025 11:29:19.752 UTC,1.40678,1.40665,0.0012,0.00285
14.10.2025 11:29:20.812 UTC,1.40679,1.40665,0.0018,0.00144
14.10.2025 11:29:22.418 UTC,1.40679,1.40665,0.0018,0.00192
14.10.2025 11:29:23.124 UTC,1.40679,1.40665,0.0024,0.0012
14.10.2025 11:29:23.226 UTC,1.40678,1.40663,0.00225,0.00294
14.10.2025 11:29:23.329 UTC,1.40678,1.40665,0.00225,0.0012
14.10.2025 11:29:29.573 UTC,1.40678,1.40664,0.00225,0.0012
14.10.2025 11:29:38.780 UTC,1.40678,1.40664,0.0018,0.00192
14.10.2025 11:29:39.032 UTC,1.40678,1.40664,0.0018,0.00144
14.10.2025 11:29:40.141 UTC,1.40677,1.40664,0.0012,0.00144
14.10.2025 11:29:43.411 UTC,1.40677,1.40664,0.0012,0.00192
14.10.2025 11:29:43.613 UTC,1.40677,1.40664,0.0012,0.00144
14.10.2025 11:29:44.568 UTC,1.40677,1.40664,0.0012,0.00192
14.10.2025 11:29:45.680 UTC,1.40676,1.40665,0.0012,0.00144
14.10.2025 11:29:47.991 UTC,1.40676,1.40665,0.0012,0.00204
14.10.2025 11:29:48.144 UTC,1.40676,1.40665,0.0012,0.00132
14.10.2025 11:29:56.640 UTC,1.40677,1.40664,0.0012,0.00192
14.10.2025 11:29:56.741 UTC,1.40677,1.40664,0.0012,0.00144
14.10.2025 11:29:59.754 UTC,1.40677,1.40664,0.00132,0.0018
14.10.2025 11:29:59.856 UTC,1.40677,1.40663,0.00132,0.00195
14.10.2025 11:30:00.110 UTC,1.40676,1.40665,0.00132,0.00135
14.10.2025 11:30:00.212 UTC,1.40676,1.40665,0.00132,0.0024
14.10.2025 11:30:00.416 UTC,1.40677,1.40664,0.00132,0.00225
14.10.2025 11:30:02.877 UTC,1.40676,1.40665,0.00132,0.0024
14.10.2025 11:30:03.008 UTC,1.40677,1.40664,0.00132,0.00225
14.10.2025 11:30:03.166 UTC,1.40678,1.40666,0.0012,0.00135
14.10.2025 11:30:03.270 UTC,1.40678,1.40668,0.0012,0.00135
14.10.2025 11:30:04.228 UTC,1.40679,1.40668,0.0012,0.0012
14.10.2025 11:30:04.583 UTC,1.40679,1.40666,0.00132,0.0018
14.10.2025 11:30:04.685 UTC,1.40677,1.40666,0.0012,0.00225
14.10.2025 11:30:06.196 UTC,1.40678,1.40667,0.0012,0.00375
14.10.2025 11:30:06.299 UTC,1.40679,1.40668,0.0012,0.00135
14.10.2025 11:30:07.156 UTC,1.40679,1.40667,0.0012,0.00135
14.10.2025 11:30:07.259 UTC,1.40678,1.40667,0.0012,0.0036
14.10.2025 11:30:07.662 UTC,1.40679,1.40666,0.0012,0.00372
14.10.2025 11:30:08.064 UTC,1.40679,1.40666,0.0012,0.0036
14.10.2025 11:30:08.816 UTC,1.40679,1.40666,0.0012,0.00375
14.10.2025 11:30:09.770 UTC,1.40679,1.40666,0.0012,0.0036
14.10.2025 11:30:10.422 UTC,1.40678,1.40667,0.0012,0.00285
14.10.2025 11:30:10.525 UTC,1.40681,1.40668,0.00132,0.00135
14.10.2025 11:30:11.234 UTC,1.40675,1.40662,0.0012,0.0027
14.10.2025 11:30:11.640 UTC,1.40674,1.40664,0.0012,0.0012
14.10.2025 11:30:18.914 UTC,1.40673,1.4066,0.0012,0.00249
14.10.2025 11:30:19.016 UTC,1.40673,1.4066,0.0012,0.0012
14.10.2025 11:30:19.170 UTC,1.40672,1.40659,0.0012,0.0018
14.10.2025 11:30:20.737 UTC,1.40672,1.4066,0.00132,0.0012
14.10.2025 11:30:24.310 UTC,1.40675,1.40663,0.00132,0.0012
14.10.2025 11:30:25.317 UTC,1.40674,1.40663,0.00132,0.0012
14.10.2025 11:30:25.369 UTC,1.40671,1.40662,0.0012,0.0012
14.10.2025 11:30:26.774 UTC,1.40672,1.40659,0.0012,0.0012
14.10.2025 11:30:28.992 UTC,1.40672,1.40659,0.0012,0.0024
14.10.2025 11:30:29.145 UTC,1.40671,1.4066,0.0012,0.0024
14.10.2025 11:30:33.212 UTC,1.40672,1.4066,0.0012,0.0018
14.10.2025 11:30:33.264 UTC,1.40672,1.4066,0.0012,0.0012
14.10.2025 11:30:34.924 UTC,1.40673,1.4066,0.0012,0.0027
14.10.2025 11:30:34.976 UTC,1.40673,1.40662,0.0012,0.0012
14.10.2025 11:30:35.028 UTC,1.40675,1.40665,0.0012,0.0012
14.10.2025 11:30:35.080 UTC,1.40676,1.40666,0.0012,0.0012
14.10.2025 11:30:35.132 UTC,1.40678,1.40664,0.00132,0.00315
14.10.2025 11:30:35.183 UTC,1.40676,1.40664,0.0012,0.0018
14.10.2025 11:30:37.501 UTC,1.40675,1.40665,0.0012,0.0018
14.10.2025 11:30:39.227 UTC,1.40675,1.40664,0.0012,0.0018
14.10.2025 11:30:39.532 UTC,1.40675,1.40664,0.0012,0.00135
14.10.2025 11:30:40.034 UTC,1.40675,1.40664,0.0012,0.0018
14.10.2025 11:30:42.363 UTC,1.40675,1.40664,0.0012,0.00135
14.10.2025 11:30:44.877 UTC,1.40674,1.40661,0.0012,0.00561
14.10.2025 11:30:44.980 UTC,1.40673,1.40662,0.0012,0.0018
14.10.2025 11:30:45.183 UTC,1.40672,1.40663,0.0012,0.00195
14.10.2025 11:30:46.293 UTC,1.40674,1.40663,0.0012,0.00135
14.10.2025 11:30:48.440 UTC,1.40675,1.40663,0.0012,0.00135
14.10.2025 11:30:48.743 UTC,1.40675,1.40665,0.0012,0.00192
14.10.2025 11:30:48.798 UTC,1.4068,1.40667,0.0012,0.00132
14.10.2025 11:30:49.057 UTC,1.4068,1.4067,0.0012,0.0012
14.10.2025 11:30:49.160 UTC,1.4068,1.40667,0.0012,0.00144
14.10.2025 11:30:49.263 UTC,1.40678,1.40667,0.0012,0.00147
14.10.2025 11:31:05.546 UTC,1.40678,1.40667,0.0012,0.00207
14.10.2025 11:31:05.648 UTC,1.40679,1.40666,0.0012,0.00192
14.10.2025 11:31:08.464 UTC,1.40677,1.40665,0.0012,0.00132
14.10.2025 11:31:08.567 UTC,1.40676,1.40664,0.0012,0.0012
14.10.2025 11:31:08.922 UTC,1.40676,1.40663,0.0012,0.00234
14.10.2025 11:31:11.540 UTC,1.40675,1.40665,0.0012,0.0012
14.10.2025 11:31:15.334 UTC,1.40674,1.40665,0.0012,0.00135
14.10.2025 11:31:15.539 UTC,1.40674,1.40664,0.0012,0.0012
14.10.2025 11:31:18.415 UTC,1.40674,1.40662,0.0012,0.00135
14.10.2025 11:31:18.517 UTC,1.40674,1.40662,0.0012,0.00192
14.10.2025 11:31:20.080 UTC,1.40673,1.40663,0.0012,0.00144
14.10.2025 11:31:20.334 UTC,1.40673,1.40663,0.0012,0.00192
14.10.2025 11:31:23.604 UTC,1.40674,1.40662,0.0012,0.00132
14.10.2025 11:31:25.713 UTC,1.40674,1.40663,0.0012,0.0012
14.10.2025 11:31:27.476 UTC,1.40674,1.40663,0.0012,0.0018
14.10.2025 11:31:27.577 UTC,1.40673,1.40664,0.0012,0.00135
14.10.2025 11:31:28.481 UTC,1.40674,1.40663,0.0012,0.0018
14.10.2025 11:31:28.584 UTC,1.40674,1.40663,0.0012,0.00135
14.10.2025 11:31:29.539 UTC,1.40674,1.40663,0.0012,0.0018
14.10.2025 11:31:29.690 UTC,1.40674,1.40663,0.0012,0.00135
14.10.2025 11:31:30.444 UTC,1.40674,1.40663,0.0012,0.0018
14.10.2025 11:31:30.546 UTC,1.40673,1.40664,0.0012,0.00135
14.10.2025 11:31:30.648 UTC,1.40673,1.40663,0.0012,0.00135
14.10.2025 11:31:33.115 UTC,1.40673,1.40662,0.0012,0.00144
14.10.2025 11:31:33.418 UTC,1.40673,1.40662,0.0012,0.00192
14.10.2025 11:31:33.974 UTC,1.40673,1.40662,0.0012,0.00135
14.10.2025 11:31:34.278 UTC,1.40673,1.40662,0.0012,0.0018
14.10.2025 11:31:34.380 UTC,1.40672,1.40663,0.0012,0.00135
14.10.2025 11:31:34.434 UTC,1.40671,1.40661,0.00132,0.0018
14.10.2025 11:31:34.489 UTC,1.4067,1.40659,0.00132,0.00135
14.10.2025 11:31:34.794 UTC,1.40669,1.40658,0.0012,0.0012
14.10.2025 11:31:34.897 UTC,1.40669,1.40657,0.0012,0.00225
14.10.2025 11:31:35.099 UTC,1.40669,1.40657,0.0012,0.0024
14.10.2025 11:31:35.402 UTC,1.40669,1.40657,0.00132,0.00135
14.10.2025 11:31:35.505 UTC,1.40667,1.40658,0.0012,0.0012
14.10.2025 11:31:36.484 UTC,1.40666,1.40656,0.00132,0.00135
14.10.2025 11:31:36.539 UTC,1.40665,1.40653,0.00132,0.0018
14.10.2025 11:31:37.901 UTC,1.40665,1.40654,0.00132,0.0012
14.10.2025 11:31:42.489 UTC,1.40664,1.40656,0.0012,0.0012
14.10.2025 11:31:42.994 UTC,1.40665,1.40654,0.0012,0.00135
14.10.2025 11:31:48.773 UTC,1.40664,1.40653,0.00132,0.0012
14.10.2025 11:31:48.878 UTC,1.40653,1.40645,0.0012,0.0012
14.10.2025 11:31:51.291 UTC,1.40655,1.40644,0.0012,0.0012
14.10.2025 11:31:51.393 UTC,1.40657,1.40644,0.00132,0.0018
14.10.2025 11:31:51.445 UTC,1.40659,1.40646,0.00132,0.00225
14.10.2025 11:31:51.497 UTC,1.4066,1.40648,0.0012,0.0018
14.10.2025 11:31:51.549 UTC,1.40665,1.40652,0.00132,0.0018
14.10.2025 11:31:51.652 UTC,1.40666,1.40653,0.00132,0.0018
14.10.2025 11:31:51.704 UTC,1.40669,1.40655,0.00192,0.0012
14.10.2025 11:31:52.514 UTC,1.4067,1.40656,0.00132,0.0012
14.10.2025 11:31:52.616 UTC,1.4067,1.40656,0.00132,0.00225
14.10.2025 11:31:52.718 UTC,1.40671,1.40658,0.00132,0.0012
14.10.2025 11:31:55.531 UTC,1.4067,1.40659,0.00132,0.0012
14.10.2025 11:32:00.041 UTC,1.40671,1.4066,0.00192,0.0012
14.10.2025 11:32:00.649 UTC,1.40671,1.40658,0.00192,0.0012
14.10.2025 11:32:03.576 UTC,1.40669,1.40656,0.00132,0.0018
14.10.2025 11:32:03.879 UTC,1.40669,1.40656,0.00132,0.00135
14.10.2025 11:32:05.289 UTC,1.40669,1.40656,0.00132,0.0018
14.10.2025 11:32:05.442 UTC,1.40668,1.40655,0.00147,0.0012
14.10.2025 11:32:08.661 UTC,1.40668,1.40654,0.00192,0.0018
14.10.2025 11:32:08.915 UTC,1.40668,1.40654,0.00297,0.0012
14.10.2025 11:32:09.270 UTC,1.40666,1.40653,0.00132,0.0018
14.10.2025 11:32:11.190 UTC,1.40667,1.40654,0.00132,0.00225
14.10.2025 11:32:13.116 UTC,1.40667,1.40654,0.00132,0.0012
14.10.2025 11:32:14.124 UTC,1.40666,1.40653,0.00132,0.0018
14.10.2025 11:32:14.227 UTC,1.40666,1.40653,0.00132,0.00135
14.10.2025 11:32:15.038 UTC,1.40665,1.40652,0.00237,0.0012
14.10.2025 11:32:15.140 UTC,1.40663,1.40652,0.00132,0.0018
14.10.2025 11:32:16.807 UTC,1.40663,1.40652,0.00192,0.00135
14.10.2025 11:32:19.234 UTC,1.40663,1.40649,0.00132,0.0024
14.10.2025 11:32:19.337 UTC,1.40664,1.40651,0.00132,0.00135
14.10.2025 11:32:19.492 UTC,1.40672,1.40659,0.00162,0.0012
14.10.2025 11:32:19.595 UTC,1.40676,1.40663,0.00192,0.0012
14.10.2025 11:32:19.698 UTC,1.40675,1.40662,0.00132,0.0018
14.10.2025 11:32:19.801 UTC,1.40675,1.40664,0.00132,0.0018
14.10.2025 11:32:20.056 UTC,1.40675,1.40662,0.00192,0.0012
14.10.2025 11:32:21.750 UTC,1.40675,1.40662,0.00132,0.0024
14.10.2025 11:32:21.907 UTC,1.40675,1.40662,0.00132,0.00135
14.10.2025 11:32:22.010 UTC,1.40674,1.40664,0.00132,0.0012
14.10.2025 11:32:22.213 UTC,1.40677,1.40664,0.00132,0.0012
14.10.2025 11:32:22.265 UTC,1.40678,1.40665,0.00132,0.0018
14.10.2025 11:32:22.367 UTC,1.40677,1.40666,0.00192,0.0012
14.10.2025 11:32:22.471 UTC,1.40681,1.40669,0.00132,0.0012
14.10.2025 11:32:22.574 UTC,1.40686,1.40672,0.00282,0.0012
14.10.2025 11:32:22.625 UTC,1.40686,1.40672,0.00192,0.0018
14.10.2025 11:32:22.728 UTC,1.40687,1.40673,0.00192,0.0018
14.10.2025 11:32:22.983 UTC,1.40687,1.40675,0.00192,0.0018
14.10.2025 11:32:23.086 UTC,1.40687,1.40676,0.00132,0.0012
14.10.2025 11:32:23.493 UTC,1.40688,1.40675,0.00192,0.0012
14.10.2025 11:32:24.551 UTC,1.40684,1.40675,0.00132,0.0012
14.10.2025 11:32:29.080 UTC,1.40684,1.40673,0.00132,0.0012
14.10.2025 11:32:29.182 UTC,1.40685,1.40672,0.00147,0.0012
14.10.2025 11:32:33.076 UTC,1.40684,1.40673,0.00147,0.0012
14.10.2025 11:32:33.329 UTC,1.40685,1.40672,0.00147,0.0012
14.10.2025 11:32:35.742 UTC,1.40684,1.40671,0.00147,0.0012
14.10.2025 11:32:35.845 UTC,1.40681,1.40671,0.00132,0.0012
14.10.2025 11:32:35.948 UTC,1.40681,1.40669,0.00132,0.0012
14.10.2025 11:32:36.754 UTC,1.40679,1.40669,0.00132,0.0012
14.10.2025 11:32:36.806 UTC,1.40679,1.40667,0.00132,0.0012
14.10.2025 11:32:40.077 UTC,1.40678,1.40666,0.00132,0.0012
14.10.2025 11:32:40.180 UTC,1.40679,1.40665,0.00372,0.0012
14.10.2025 11:32:40.282 UTC,1.40678,1.40666,0.00282,0.0012
14.10.2025 11:32:44.595 UTC,1.40676,1.40666,0.00132,0.0012
14.10.2025 11:32:46.512 UTC,1.40676,1.40663,0.00132,0.0012
14.10.2025 11:32:49.389 UTC,1.40676,1.40662,0.00282,0.0012
14.10.2025 11:32:53.973 UTC,1.40676,1.40664,0.00204,0.0012
14.10.2025 11:32:54.729 UTC,1.40676,1.40664,0.00144,0.0012
14.10.2025 11:32:55.082 UTC,1.40676,1.40664,0.00204,0.0012
14.10.2025 11:32:57.819 UTC,1.40675,1.40665,0.00144,0.0012
14.10.2025 11:32:58.623 UTC,1.40676,1.40664,0.00192,0.0012
14.10.2025 11:32:59.627 UTC,1.40675,1.40665,0.00144,0.0012
14.10.2025 11:33:00.232 UTC,1.40677,1.40666,0.00144,0.0012
14.10.2025 11:33:00.790 UTC,1.40675,1.40667,0.0012,0.0012
14.10.2025 11:33:00.892 UTC,1.40676,1.40667,0.00144,0.0012
14.10.2025 11:33:01.248 UTC,1.40679,1.40666,0.00207,0.0012
14.10.2025 11:33:03.062 UTC,1.40679,1.40666,0.00147,0.0012
14.10.2025 11:33:04.327 UTC,1.40678,1.40666,0.00192,0.0012
14.10.2025 11:33:04.429 UTC,1.40677,1.40665,0.00135,0.0012
14.10.2025 11:33:06.391 UTC,1.40679,1.40666,0.00192,0.0012
14.10.2025 11:33:07.397 UTC,1.40677,1.40666,0.00135,0.0012
14.10.2025 11:33:09.338 UTC,1.40678,1.40664,0.00207,0.0012
14.10.2025 11:33:12.304 UTC,1.40679,1.40664,0.00342,0.00135
14.10.2025 11:33:12.355 UTC,1.40679,1.40666,0.00192,0.0012
14.10.2025 11:33:19.249 UTC,1.40679,1.40666,0.00144,0.0012
14.10.2025 11:33:19.553 UTC,1.40678,1.40668,0.00135,0.0012
14.10.2025 11:33:20.108 UTC,1.40682,1.4067,0.00144,0.0012
14.10.2025 11:33:20.211 UTC,1.40681,1.40668,0.0012,0.0012
14.10.2025 11:33:26.736 UTC,1.40679,1.40669,0.00144,0.0012
14.10.2025 11:33:26.788 UTC,1.40677,1.40668,0.00132,0.0012
14.10.2025 11:33:26.890 UTC,1.40679,1.40666,0.00327,0.0012
14.10.2025 11:33:27.648 UTC,1.40679,1.40666,0.00132,0.0012
14.10.2025 11:33:27.750 UTC,1.40678,1.40667,0.00147,0.0012
14.10.2025 11:33:27.852 UTC,1.40679,1.40666,0.00132,0.0012
14.10.2025 11:33:30.621 UTC,1.40678,1.40667,0.00192,0.0012
14.10.2025 11:33:30.824 UTC,1.40678,1.40667,0.00144,0.0012
14.10.2025 11:33:31.128 UTC,1.40677,1.40665,0.00252,0.0012
14.10.2025 11:33:31.261 UTC,1.40674,1.40663,0.0012,0.0012
14.10.2025 11:33:32.573 UTC,1.40675,1.40663,0.0012,0.0012
14.10.2025 11:33:33.730 UTC,1.40676,1.40663,0.00132,0.0012
14.10.2025 11:33:35.389 UTC,1.40677,1.40666,0.00324,0.0012
14.10.2025 11:33:35.492 UTC,1.40679,1.40667,0.00342,0.0012
14.10.2025 11:33:35.695 UTC,1.40679,1.40667,0.00315,0.0012
14.10.2025 11:33:35.948 UTC,1.40679,1.40667,0.0033,0.0012
14.10.2025 11:33:36.552 UTC,1.40678,1.40668,0.00315,0.0012
14.10.2025 11:33:38.013 UTC,1.40679,1.40668,0.0018,0.00132
14.10.2025 11:33:38.116 UTC,1.40679,1.40672,0.0018,0.0012
14.10.2025 11:33:45.626 UTC,1.40678,1.40671,0.0018,0.0012
14.10.2025 11:33:46.586 UTC,1.40678,1.40673,0.0018,0.0012
14.10.2025 11:33:48.913 UTC,1.40684,1.40672,0.00132,0.0012
14.10.2025 11:33:49.267 UTC,1.40685,1.40674,0.00135,0.0012
14.10.2025 11:33:49.369 UTC,1.40687,1.40674,0.00192,0.0012
14.10.2025 11:33:53.993 UTC,1.40686,1.40674,0.00147,0.0012
14.10.2025 11:33:55.004 UTC,1.40686,1.40674,0.0012,0.0012
14.10.2025 11:33:55.057 UTC,1.40688,1.40675,0.00132,0.0012
14.10.2025 11:33:56.705 UTC,1.40687,1.40674,0.0012,0.0012
14.10.2025 11:34:03.146 UTC,1.40688,1.40675,0.0012,0.00135
14.10.2025 11:34:06.143 UTC,1.4069,1.40677,0.00135,0.0012
14.10.2025 11:34:06.246 UTC,1.40691,1.40678,0.00135,0.0012
14.10.2025 11:34:10.771 UTC,1.40692,1.40679,0.00234,0.0012
14.10.2025 11:34:17.718 UTC,1.4069,1.40678,0.00132,0.0012
14.10.2025 11:34:17.770 UTC,1.4069,1.40676,0.00189,0.0012
14.10.2025 11:34:18.902 UTC,1.40691,1.40678,0.0012,0.0012
14.10.2025 11:34:19.161 UTC,1.40691,1.4068,0.00225,0.0012
14.10.2025 11:34:21.586 UTC,1.40691,1.40679,0.0012,0.0012
14.10.2025 11:34:23.703 UTC,1.40691,1.4068,0.00234,0.0012
14.10.2025 11:34:24.459 UTC,1.40691,1.4068,0.0012,0.0018
14.10.2025 11:34:25.268 UTC,1.40692,1.40679,0.0012,0.00225
14.10.2025 11:34:41.600 UTC,1.40692,1.40679,0.0012,0.0018
14.10.2025 11:34:42.807 UTC,1.40692,1.40679,0.0012,0.00135
14.10.2025 11:34:48.442 UTC,1.40691,1.40678,0.00147,0.0012
14.10.2025 11:34:48.544 UTC,1.40689,1.40678,0.00144,0.0012
14.10.2025 11:34:48.698 UTC,1.40691,1.40678,0.00135,0.0012
14.10.2025 11:34:49.255 UTC,1.40691,1.4068,0.00225,0.0012
14.10.2025 11:34:49.357 UTC,1.40693,1.4068,0.00144,0.0012
14.10.2025 11:34:49.711 UTC,1.40692,1.40679,0.00135,0.0012
14.10.2025 11:34:56.111 UTC,1.40691,1.4068,0.00192,0.0012
14.10.2025 11:34:56.213 UTC,1.40692,1.40679,0.00144,0.0012
14.10.2025 11:35:00.234 UTC,1.40692,1.40679,0.00192,0.0012
14.10.2025 11:35:00.636 UTC,1.40692,1.40679,0.00144,0.0012
14.10.2025 11:35:04.165 UTC,1.40691,1.40677,0.00144,0.00135
14.10.2025 11:35:04.217 UTC,1.40689,1.40677,0.00147,0.0018
14.10.2025 11:35:04.726 UTC,1.40688,1.40675,0.00237,0.0012
14.10.2025 11:35:04.778 UTC,1.40686,1.40673,0.00132,0.0012
14.10.2025 11:35:04.880 UTC,1.40685,1.40671,0.0012,0.0012
14.10.2025 11:35:05.336 UTC,1.40686,1.40673,0.0012,0.00225
14.10.2025 11:35:05.439 UTC,1.40689,1.40676,0.00132,0.0018
14.10.2025 11:35:05.627 UTC,1.40689,1.40678,0.00189,0.0012
14.10.2025 11:35:06.233 UTC,1.40688,1.40677,0.0012,0.0018
14.10.2025 11:35:11.673 UTC,1.4069,1.40677,0.0012,0.00225
14.10.2025 11:35:14.039 UTC,1.4069,1.40677,0.0012,0.0024
14.10.2025 11:35:18.950 UTC,1.40689,1.40677,0.0012,0.0012
14.10.2025 11:35:22.275 UTC,1.4069,1.40677,0.0012,0.00225
14.10.2025 11:35:22.428 UTC,1.40689,1.40679,0.0012,0.0012
14.10.2025 11:35:23.083 UTC,1.40691,1.4068,0.0012,0.00135
14.10.2025 11:35:29.090 UTC,1.40692,1.40679,0.0012,0.0024
14.10.2025 11:35:29.443 UTC,1.40692,1.40679,0.0012,0.00225
14.10.2025 11:35:29.546 UTC,1.40692,1.40679,0.0012,0.0024
14.10.2025 11:35:30.208 UTC,1.40692,1.40679,0.0012,0.0012
14.10.2025 11:35:33.288 UTC,1.40691,1.4068,0.0012,0.0018
14.10.2025 11:35:33.390 UTC,1.40692,1.40679,0.0012,0.00135
14.10.2025 11:35:36.308 UTC,1.40692,1.40679,0.0012,0.0024
14.10.2025 11:35:36.861 UTC,1.40691,1.4068,0.0012,0.00225
14.10.2025 11:35:38.166 UTC,1.40692,1.40679,0.0012,0.0024
14.10.2025 11:35:38.217 UTC,1.40692,1.40679,0.0012,0.00225
14.10.2025 11:35:41.928 UTC,1.40691,1.40678,0.00132,0.0012
14.10.2025 11:35:42.132 UTC,1.40691,1.40678,0.0012,0.0018
14.10.2025 11:35:42.937 UTC,1.4069,1.40679,0.0012,0.00135
14.10.2025 11:35:45.951 UTC,1.40689,1.40677,0.0012,0.0018
14.10.2025 11:35:47.309 UTC,1.40689,1.40677,0.0012,0.00135
14.10.2025 11:35:47.762 UTC,1.40688,1.40679,0.0012,0.0012
14.10.2025 11:35:54.560 UTC,1.40687,1.40677,0.0012,0.0012
14.10.2025 11:35:54.612 UTC,1.40685,1.40675,0.0012,0.0012
14.10.2025 11:35:54.715 UTC,1.40685,1.40674,0.0012,0.0012
14.10.2025 11:35:54.817 UTC,1.40685,1.40673,0.0012,0.00135
14.10.2025 11:35:54.919 UTC,1.40685,1.40674,0.0012,0.0012
14.10.2025 11:35:55.929 UTC,1.40685,1.40675,0.0012,0.0012
14.10.2025 11:35:56.587 UTC,1.40685,1.40676,0.0012,0.0012
14.10.2025 11:35:56.740 UTC,1.40685,1.40677,0.0012,0.0012
14.10.2025 11:35:58.450 UTC,1.40686,1.40675,0.0012,0.0012
14.10.2025 11:35:58.907 UTC,1.40685,1.40674,0.0012,0.00135
14.10.2025 11:35:59.060 UTC,1.40685,1.40675,0.0012,0.0012
14.10.2025 11:36:00.354 UTC,1.40684,1.40675,0.0012,0.0012
14.10.2025 11:36:00.456 UTC,1.40685,1.40675,0.0012,0.0012
14.10.2025 11:36:03.626 UTC,1.40685,1.40674,0.0012,0.00135
14.10.2025 11:36:03.778 UTC,1.40685,1.40675,0.0012,0.0012
14.10.2025 11:36:08.057 UTC,1.40685,1.40673,0.0012,0.0018
14.10.2025 11:36:10.522 UTC,1.40685,1.40675,0.0012,0.0012
14.10.2025 11:36:10.779 UTC,1.40685,1.40676,0.0012,0.00135
14.10.2025 11:36:11.037 UTC,1.40686,1.40676,0.0012,0.0012
14.10.2025 11:36:12.948 UTC,1.40685,1.40676,0.0012,0.0012
14.10.2025 11:36:13.000 UTC,1.40684,1.40674,0.0012,0.00135
14.10.2025 11:36:13.103 UTC,1.40681,1.40671,0.0012,0.00177
14.10.2025 11:36:13.206 UTC,1.40681,1.4067,0.0012,0.0012
14.10.2025 11:36:14.698 UTC,1.40679,1.40668,0.0012,0.00297
14.10.2025 11:36:15.404 UTC,1.40678,1.40666,0.0012,0.00132
14.10.2025 11:36:15.507 UTC,1.4067,1.40661,0.0012,0.0012
14.10.2025 11:36:15.560 UTC,1.4067,1.40658,0.0012,0.00132
14.10.2025 11:36:15.765 UTC,1.4067,1.4066,0.0012,0.00132
14.10.2025 11:36:18.240 UTC,1.40669,1.4066,0.0012,0.0012
14.10.2025 11:36:18.595 UTC,1.40669,1.40659,0.0012,0.0012
14.10.2025 11:36:19.150 UTC,1.40668,1.40659,0.0012,0.0012
14.10.2025 11:36:20.261 UTC,1.40667,1.40658,0.0012,0.00144
14.10.2025 11:36:20.613 UTC,1.40668,1.40657,0.0012,0.00192
14.10.2025 11:36:20.816 UTC,1.40667,1.40658,0.0012,0.00144
14.10.2025 11:36:22.820 UTC,1.40667,1.40656,0.0012,0.0012
14.10.2025 11:36:26.743 UTC,1.40667,1.40657,0.0012,0.0012
14.10.2025 11:36:29.257 UTC,1.40667,1.40656,0.0012,0.00132
14.10.2025 11:36:40.706 UTC,1.40667,1.40657,0.0012,0.00135
14.10.2025 11:36:40.808 UTC,1.40668,1.40657,0.0012,0.00225
14.10.2025 11:36:40.910 UTC,1.40668,1.40658,0.0012,0.0012
14.10.2025 11:36:42.468 UTC,1.40669,1.40658,0.0012,0.0012
14.10.2025 11:36:42.571 UTC,1.40669,1.40657,0.0012,0.00189
14.10.2025 11:36:42.924 UTC,1.40668,1.40658,0.0012,0.00204
14.10.2025 11:36:43.327 UTC,1.40667,1.40658,0.0012,0.00204
14.10.2025 11:36:44.084 UTC,1.40669,1.40658,0.0012,0.00135
14.10.2025 11:36:55.261 UTC,1.40668,1.40658,0.00132,0.00135
14.10.2025 11:36:55.616 UTC,1.40668,1.40658,0.00132,0.0018
14.10.2025 11:36:55.719 UTC,1.40665,1.40655,0.00132,0.00177
14.10.2025 11:36:55.823 UTC,1.40663,1.40654,0.0012,0.0012
14.10.2025 11:36:55.925 UTC,1.40663,1.40653,0.0012,0.00135
14.10.2025 11:36:56.077 UTC,1.40662,1.40653,0.0012,0.0012
14.10.2025 11:36:56.130 UTC,1.40661,1.4065,0.0012,0.00357
14.10.2025 11:36:56.283 UTC,1.40662,1.4065,0.00132,0.0012
14.10.2025 11:36:56.939 UTC,1.40661,1.40648,0.00132,0.0018
14.10.2025 11:36:57.042 UTC,1.4066,1.40648,0.00132,0.0012
14.10.2025 11:36:57.145 UTC,1.40661,1.40649,0.0012,0.00225
14.10.2025 11:36:57.248 UTC,1.4066,1.4065,0.0012,0.0018
14.10.2025 11:36:58.922 UTC,1.40661,1.40651,0.0012,0.0012
14.10.2025 11:36:59.024 UTC,1.40663,1.40651,0.0012,0.00135
14.10.2025 11:37:05.315 UTC,1.40663,1.4065,0.00132,0.0018
14.10.2025 11:37:05.418 UTC,1.40663,1.40649,0.00132,0.0018
14.10.2025 11:37:05.570 UTC,1.40663,1.40649,0.0012,0.0018
14.10.2025 11:37:05.673 UTC,1.40661,1.40649,0.0012,0.00135
14.10.2025 11:37:05.775 UTC,1.40661,1.4065,0.0012,0.00135
14.10.2025 11:37:06.029 UTC,1.4066,1.4065,0.0012,0.00135
14.10.2025 11:37:08.394 UTC,1.40661,1.40648,0.0012,0.0018
14.10.2025 11:37:09.447 UTC,1.4066,1.40649,0.0012,0.0018
14.10.2025 11:37:10.802 UTC,1.40662,1.40648,0.0012,0.0024
14.10.2025 11:37:11.422 UTC,1.40661,1.40649,0.00132,0.0024
14.10.2025 11:37:11.524 UTC,1.40662,1.40648,0.0012,0.0024
14.10.2025 11:37:11.626 UTC,1.40662,1.40648,0.00132,0.0024
14.10.2025 11:37:11.828 UTC,1.40662,1.40648,0.00132,0.00225
14.10.2025 11:37:15.043 UTC,1.40662,1.40648,0.00132,0.0024
14.10.2025 11:37:15.146 UTC,1.4066,1.40649,0.0012,0.00135
14.10.2025 11:37:16.455 UTC,1.4066,1.40649,0.0012,0.0018
14.10.2025 11:37:17.059 UTC,1.40661,1.40648,0.0012,0.00135
14.10.2025 11:37:18.520 UTC,1.4066,1.40648,0.0012,0.0018
14.10.2025 11:37:18.722 UTC,1.40658,1.40648,0.0012,0.00135
14.10.2025 11:37:18.825 UTC,1.40658,1.40647,0.0012,0.00135
14.10.2025 11:37:18.928 UTC,1.40657,1.40648,0.0012,0.0018
14.10.2025 11:37:19.081 UTC,1.40658,1.40645,0.0012,0.00195
14.10.2025 11:37:19.393 UTC,1.40657,1.40647,0.0012,0.0018
14.10.2025 11:37:19.598 UTC,1.40658,1.40646,0.0012,0.00195
14.10.2025 11:37:19.801 UTC,1.40658,1.40646,0.0012,0.0012
14.10.2025 11:37:20.409 UTC,1.40658,1.40645,0.0012,0.00195
14.10.2025 11:37:21.318 UTC,1.40658,1.40646,0.0012,0.0018
14.10.2025 11:37:21.923 UTC,1.40658,1.40647,0.0012,0.0018
14.10.2025 11:37:22.554 UTC,1.40658,1.40647,0.0012,0.00135
14.10.2025 11:37:23.961 UTC,1.40661,1.40651,0.0012,0.0012
14.10.2025 11:37:24.064 UTC,1.40663,1.40651,0.00132,0.0012
14.10.2025 11:37:25.124 UTC,1.40663,1.4065,0.00132,0.0012
14.10.2025 11:37:25.577 UTC,1.40664,1.40651,0.0012,0.00135
14.10.2025 11:37:25.730 UTC,1.40664,1.40652,0.0012,0.0012
14.10.2025 11:37:27.397 UTC,1.40664,1.40653,0.0012,0.00135
14.10.2025 11:37:27.601 UTC,1.40665,1.40653,0.0012,0.00135
14.10.2025 11:37:30.334 UTC,1.40664,1.40655,0.0012,0.0012
14.10.2025 11:37:30.991 UTC,1.40665,1.40653,0.0012,0.00135
14.10.2025 11:37:31.597 UTC,1.40665,1.40654,0.0012,0.0012
14.10.2025 11:37:31.950 UTC,1.40665,1.40653,0.0012,0.00135
14.10.2025 11:37:34.119 UTC,1.40666,1.40652,0.00132,0.00195
14.10.2025 11:37:34.624 UTC,1.40666,1.40652,0.00132,0.0018
14.10.2025 11:37:34.727 UTC,1.40666,1.40652,0.00132,0.00195
14.10.2025 11:37:36.755 UTC,1.40666,1.40656,0.0012,0.0012
14.10.2025 11:37:37.013 UTC,1.40668,1.40655,0.0012,0.0024
14.10.2025 11:37:45.406 UTC,1.40668,1.40656,0.0012,0.00285
14.10.2025 11:37:47.008 UTC,1.4067,1.40656,0.0012,0.00465
14.10.2025 11:37:48.069 UTC,1.40669,1.40658,0.00132,0.00135
14.10.2025 11:37:52.186 UTC,1.4067,1.40656,0.00132,0.00375
14.10.2025 11:37:52.640 UTC,1.40671,1.40658,0.0012,0.0033
14.10.2025 11:37:52.747 UTC,1.40673,1.4066,0.0012,0.00225
14.10.2025 11:37:52.901 UTC,1.40672,1.40659,0.00132,0.00225
14.10.2025 11:37:53.003 UTC,1.40672,1.40659,0.00132,0.00135
14.10.2025 11:37:53.359 UTC,1.4067,1.40657,0.00132,0.0024
14.10.2025 11:37:54.369 UTC,1.40669,1.40658,0.00132,0.00135
14.10.2025 11:37:54.872 UTC,1.4067,1.40657,0.00132,0.0018
14.10.2025 11:37:57.440 UTC,1.4067,1.40657,0.0012,0.0024
14.10.2025 11:37:57.545 UTC,1.4067,1.40659,0.0012,0.0018
14.10.2025 11:38:00.555 UTC,1.40672,1.40661,0.0012,0.00135
14.10.2025 11:38:00.658 UTC,1.40674,1.40661,0.0012,0.00315
14.10.2025 11:38:01.014 UTC,1.40673,1.40661,0.0012,0.00135
14.10.2025 11:38:01.167 UTC,1.40673,1.4066,0.00132,0.0012
14.10.2025 11:38:02.024 UTC,1.4067,1.40659,0.0012,0.00225
14.10.2025 11:38:03.787 UTC,1.40671,1.40658,0.0012,0.0018
14.10.2025 11:38:03.939 UTC,1.40671,1.40658,0.0012,0.00135
14.10.2025 11:38:04.393 UTC,1.40671,1.40658,0.0012,0.0018
14.10.2025 11:38:06.159 UTC,1.40672,1.40659,0.00132,0.0018
14.10.2025 11:38:06.766 UTC,1.4067,1.40659,0.0012,0.0018
14.10.2025 11:38:07.371 UTC,1.40671,1.40658,0.0012,0.0018
14.10.2025 11:38:08.831 UTC,1.4067,1.40659,0.00132,0.0024
14.10.2025 11:38:11.878 UTC,1.40671,1.40658,0.00132,0.00135
14.10.2025 11:38:18.924 UTC,1.40669,1.40658,0.0012,0.0018
14.10.2025 11:38:21.440 UTC,1.4067,1.40657,0.00132,0.0024
14.10.2025 11:38:21.558 UTC,1.4067,1.40657,0.00132,0.00225
14.10.2025 11:38:22.626 UTC,1.40669,1.40658,0.00132,0.0018
14.10.2025 11:38:23.581 UTC,1.4067,1.40657,0.00132,0.00135
14.10.2025 11:38:23.883 UTC,1.4067,1.40657,0.00132,0.0018
14.10.2025 11:38:24.944 UTC,1.40669,1.40658,0.00132,0.0018
14.10.2025 11:38:26.152 UTC,1.4067,1.40657,0.00132,0.00135
14.10.2025 11:38:27.418 UTC,1.40669,1.40656,0.00132,0.0018
14.10.2025 11:38:27.621 UTC,1.40668,1.40657,0.00132,0.0018
14.10.2025 11:38:27.774 UTC,1.40668,1.40655,0.0012,0.0012
14.10.2025 11:38:27.878 UTC,1.40667,1.40654,0.0012,0.0018
14.10.2025 11:38:28.083 UTC,1.40666,1.40656,0.0012,0.0012
14.10.2025 11:38:28.288 UTC,1.40667,1.40654,0.00132,0.00552
14.10.2025 11:38:28.440 UTC,1.40668,1.40653,0.00132,0.00552
14.10.2025 11:38:28.593 UTC,1.40667,1.40654,0.00132,0.00552
14.10.2025 11:38:28.846 UTC,1.40668,1.40653,0.00132,0.00357
14.10.2025 11:38:29.050 UTC,1.40668,1.40653,0.00132,0.00417
14.10.2025 11:38:29.405 UTC,1.40667,1.40654,0.00192,0.00321
14.10.2025 11:38:29.508 UTC,1.40667,1.40654,0.00132,0.00426
14.10.2025 11:38:29.659 UTC,1.40668,1.40653,0.00132,0.00426
14.10.2025 11:38:30.169 UTC,1.40668,1.40653,0.00132,0.00336
14.10.2025 11:38:30.272 UTC,1.40668,1.40653,0.00132,0.00192
14.10.2025 11:38:30.375 UTC,1.40665,1.40654,0.00132,0.00135
14.10.2025 11:38:30.831 UTC,1.40666,1.40653,0.00132,0.0018
14.10.2025 11:38:31.238 UTC,1.40666,1.40653,0.00132,0.00135
14.10.2025 11:38:31.642 UTC,1.40666,1.40653,0.00132,0.0018
14.10.2025 11:38:32.148 UTC,1.40666,1.40653,0.00132,0.00135
14.10.2025 11:38:32.404 UTC,1.40666,1.40653,0.00132,0.0024
14.10.2025 11:38:32.658 UTC,1.40665,1.40654,0.00132,0.0012
14.10.2025 11:38:32.709 UTC,1.40665,1.40654,0.0012,0.0024
14.10.2025 11:38:32.963 UTC,1.40666,1.40653,0.0012,0.0024
14.10.2025 11:38:33.167 UTC,1.40665,1.40654,0.0012,0.00285
14.10.2025 11:38:33.269 UTC,1.40666,1.40653,0.0012,0.00285
14.10.2025 11:38:33.571 UTC,1.40665,1.40654,0.0012,0.00285
14.10.2025 11:38:34.193 UTC,1.40666,1.40653,0.0012,0.00285
14.10.2025 11:38:34.348 UTC,1.40666,1.40655,0.0012,0.0012
14.10.2025 11:38:34.449 UTC,1.40667,1.40654,0.0012,0.0012
14.10.2025 11:38:35.156 UTC,1.40666,1.40655,0.0012,0.0012
14.10.2025 11:38:35.411 UTC,1.40667,1.40654,0.0012,0.0012
14.10.2025 11:38:35.715 UTC,1.40668,1.40656,0.0012,0.0018
14.10.2025 11:38:35.767 UTC,1.4067,1.40658,0.0012,0.0018
14.10.2025 11:38:35.820 UTC,1.40673,1.4066,0.00189,0.0018
14.10.2025 11:38:35.872 UTC,1.40672,1.4066,0.0012,0.00135
14.10.2025 11:38:36.379 UTC,1.40671,1.40657,0.00132,0.00267
14.10.2025 11:38:36.482 UTC,1.40669,1.40657,0.0012,0.00116
14.10.2025 11:38:36.584 UTC,1.40669,1.40656,0.00132,0.0012
14.10.2025 11:38:36.939 UTC,1.40669,1.40654,0.00132,0.00375
14.10.2025 11:38:37.897 UTC,1.40668,1.40654,0.0012,0.00195
14.10.2025 11:38:39.458 UTC,1.40668,1.40655,0.0012,0.0012
14.10.2025 11:38:43.126 UTC,1.40668,1.40657,0.00132,0.0018
14.10.2025 11:38:43.578 UTC,1.40669,1.40656,0.00132,0.00135
14.10.2025 11:38:43.780 UTC,1.4067,1.40657,0.00132,0.0018
14.10.2025 11:38:43.883 UTC,1.4067,1.40657,0.00132,0.00135
14.10.2025 11:38:44.136 UTC,1.4067,1.40657,0.00132,0.0018
14.10.2025 11:38:45.167 UTC,1.40669,1.40658,0.00132,0.00135
14.10.2025 11:38:46.426 UTC,1.40671,1.40657,0.00132,0.00285
14.10.2025 11:38:46.734 UTC,1.4067,1.40657,0.00132,0.00135
14.10.2025 11:38:47.442 UTC,1.4067,1.40656,0.00132,0.00285
14.10.2025 11:38:47.545 UTC,1.40669,1.40656,0.00132,0.00135
14.10.2025 11:38:48.502 UTC,1.40668,1.40654,0.00132,0.0018
14.10.2025 11:38:48.554 UTC,1.40668,1.40654,0.00132,0.00195
14.10.2025 11:38:49.261 UTC,1.40668,1.40654,0.00132,0.00135
14.10.2025 11:38:49.464 UTC,1.40667,1.40655,0.00132,0.00135
14.10.2025 11:38:49.616 UTC,1.40667,1.40655,0.00132,0.0018
14.10.2025 11:38:50.320 UTC,1.40668,1.40654,0.00132,0.0018
14.10.2025 11:38:51.123 UTC,1.40668,1.40653,0.00132,0.00375
14.10.2025 11:38:51.225 UTC,1.40668,1.40653,0.00132,0.00285
14.10.2025 11:38:55.037 UTC,1.40666,1.40654,0.00132,0.00195
14.10.2025 11:38:55.562 UTC,1.40667,1.40653,0.00132,0.00195
14.10.2025 11:38:56.320 UTC,1.40666,1.40655,0.00132,0.0018
14.10.2025 11:39:01.243 UTC,1.40666,1.40655,0.0012,0.0018
14.10.2025 11:39:01.395 UTC,1.40667,1.40654,0.0012,0.0018
14.10.2025 11:39:03.455 UTC,1.40666,1.40655,0.00132,0.0018
14.10.2025 11:39:03.557 UTC,1.40667,1.40654,0.00132,0.0018
14.10.2025 11:39:05.270 UTC,1.40667,1.40653,0.00132,0.0024
14.10.2025 11:39:05.890 UTC,1.40667,1.40654,0.00132,0.0018
14.10.2025 11:39:06.098 UTC,1.40666,1.40655,0.00132,0.0018
14.10.2025 11:39:06.302 UTC,1.40665,1.40654,0.0012,0.00135
14.10.2025 11:39:06.559 UTC,1.40665,1.40653,0.00132,0.0018
14.10.2025 11:39:07.615 UTC,1.40664,1.40654,0.0012,0.0018
14.10.2025 11:39:09.884 UTC,1.40665,1.40654,0.0012,0.00135
14.10.2025 11:39:10.037 UTC,1.40665,1.40654,0.0012,0.0018
14.10.2025 11:39:10.239 UTC,1.40665,1.40654,0.0012,0.00135
14.10.2025 11:39:10.794 UTC,1.40665,1.40654,0.0012,0.0018
14.10.2025 11:39:11.648 UTC,1.40665,1.40654,0.0012,0.00135
14.10.2025 11:39:12.504 UTC,1.40665,1.40654,0.0012,0.0018
14.10.2025 11:39:12.808 UTC,1.40665,1.40654,0.0012,0.00135
14.10.2025 11:39:14.162 UTC,1.40664,1.40655,0.0012,0.0018
14.10.2025 11:39:14.264 UTC,1.40665,1.40654,0.0012,0.00135
14.10.2025 11:39:17.228 UTC,1.40664,1.40655,0.0012,0.0018
14.10.2025 11:39:17.660 UTC,1.40668,1.40655,0.00132,0.00135
14.10.2025 11:39:17.816 UTC,1.40667,1.40656,0.00132,0.00135
14.10.2025 11:39:19.076 UTC,1.40668,1.40655,0.00132,0.00135
14.10.2025 11:39:19.430 UTC,1.40669,1.40656,0.00147,0.0012
14.10.2025 11:39:24.572 UTC,1.4067,1.40657,0.00132,0.00135
14.10.2025 11:39:24.675 UTC,1.40672,1.40661,0.00192,0.0012
14.10.2025 11:39:27.495 UTC,1.4067,1.40661,0.0012,0.0012
14.10.2025 11:39:28.101 UTC,1.40671,1.40661,0.00132,0.0012
14.10.2025 11:39:28.606 UTC,1.40672,1.4066,0.00192,0.0012
14.10.2025 11:39:28.708 UTC,1.40672,1.40661,0.00237,0.0012
14.10.2025 11:39:29.115 UTC,1.40672,1.40659,0.00237,0.0012
14.10.2025 11:39:30.678 UTC,1.40672,1.40659,0.00144,0.0012
14.10.2025 11:39:31.813 UTC,1.40671,1.40661,0.00132,0.0012
14.10.2025 11:39:33.272 UTC,1.40673,1.4066,0.00144,0.0012
14.10.2025 11:39:36.231 UTC,1.40671,1.4066,0.0018,0.0012
14.10.2025 11:39:36.735 UTC,1.40672,1.40659,0.00135,0.0012
14.10.2025 11:39:41.300 UTC,1.40672,1.40659,0.00192,0.0012
14.10.2025 11:39:45.899 UTC,1.40671,1.4066,0.00144,0.0012
14.10.2025 11:39:48.076 UTC,1.40672,1.40659,0.00249,0.0012
14.10.2025 11:39:48.230 UTC,1.40671,1.40658,0.00249,0.0012
14.10.2025 11:39:48.333 UTC,1.4067,1.40656,0.00147,0.00135
14.10.2025 11:39:48.687 UTC,1.4067,1.40656,0.00132,0.0018
14.10.2025 11:39:48.989 UTC,1.40669,1.40657,0.00147,0.00135
14.10.2025 11:39:58.673 UTC,1.40667,1.40655,0.00132,0.0012
14.10.2025 11:39:58.726 UTC,1.40664,1.40651,0.00132,0.00267
14.10.2025 11:40:00.449 UTC,1.40662,1.40651,0.00132,0.00135
14.10.2025 11:40:00.551 UTC,1.40663,1.4065,0.00144,0.0012
14.10.2025 11:40:01.006 UTC,1.40664,1.40651,0.00132,0.00135
14.10.2025 11:40:13.400 UTC,1.40662,1.40651,0.00132,0.00135
14.10.2025 11:40:13.504 UTC,1.4066,1.40649,0.0012,0.0036
14.10.2025 11:40:14.060 UTC,1.40661,1.40648,0.0012,0.00375
14.10.2025 11:40:14.164 UTC,1.40659,1.40646,0.00132,0.00177
14.10.2025 11:40:20.518 UTC,1.40661,1.40647,0.00135,0.0018
14.10.2025 11:40:20.571 UTC,1.40666,1.40653,0.00285,0.0012
14.10.2025 11:40:20.624 UTC,1.40664,1.4065,0.00189,0.0012
14.10.2025 11:40:20.676 UTC,1.40662,1.40649,0.0018,0.0018
14.10.2025 11:40:21.740 UTC,1.40661,1.40648,0.0012,0.0018
14.10.2025 11:40:23.910 UTC,1.4066,1.40647,0.0012,0.0012
14.10.2025 11:40:30.046 UTC,1.4066,1.40649,0.0012,0.00135
14.10.2025 11:40:33.718 UTC,1.40661,1.40648,0.0018,0.0024
14.10.2025 11:40:33.875 UTC,1.40661,1.40648,0.0018,0.00225
14.10.2025 11:40:45.601 UTC,1.40661,1.40648,0.0012,0.0018
14.10.2025 11:40:50.163 UTC,1.40661,1.40648,0.0012,0.00135
14.10.2025 11:40:57.476 UTC,1.4066,1.40647,0.0012,0.00135
14.10.2025 11:40:57.629 UTC,1.4066,1.40647,0.0012,0.0018
14.10.2025 11:40:58.183 UTC,1.4066,1.40647,0.0012,0.00135
14.10.2025 11:41:01.912 UTC,1.4066,1.40647,0.0012,0.0024
14.10.2025 11:41:04.272 UTC,1.4066,1.40647,0.0012,0.00225
14.10.2025 11:41:06.454 UTC,1.4066,1.40647,0.0012,0.0024
14.10.2025 11:41:06.756 UTC,1.40659,1.40648,0.0012,0.00225
14.10.2025 11:41:06.858 UTC,1.4066,1.40647,0.0012,0.0024
14.10.2025 11:41:07.061 UTC,1.4066,1.40647,0.0012,0.00225
14.10.2025 11:41:07.314 UTC,1.4066,1.40647,0.0012,0.0024
14.10.2025 11:41:08.272 UTC,1.4066,1.40649,0.0012,0.00135
14.10.2025 11:41:08.378 UTC,1.40662,1.40649,0.0018,0.0012
14.10.2025 11:41:08.481 UTC,1.40661,1.40648,0.0012,0.0018
14.10.2025 11:41:22.919 UTC,1.40661,1.40648,0.0012,0.00135
14.10.2025 11:41:23.321 UTC,1.40661,1.40648,0.0012,0.0018
14.10.2025 11:41:24.577 UTC,1.40661,1.40648,0.0012,0.00135
14.10.2025 11:41:25.682 UTC,1.40662,1.40649,0.0012,0.0018
14.10.2025 11:41:25.784 UTC,1.40662,1.40649,0.0012,0.00135
14.10.2025 11:41:26.842 UTC,1.4066,1.40649,0.0012,0.00225
14.10.2025 11:41:26.944 UTC,1.4066,1.40649,0.0012,0.0024
14.10.2025 11:41:27.951 UTC,1.40661,1.40648,0.0012,0.00225
14.10.2025 11:41:31.053 UTC,1.40662,1.4065,0.00225,0.0012
14.10.2025 11:41:31.407 UTC,1.40663,1.40649,0.0024,0.0012
14.10.2025 11:41:41.507 UTC,1.40662,1.4065,0.00135,0.0012
14.10.2025 11:41:43.894 UTC,1.40664,1.40652,0.0027,0.0012
14.10.2025 11:41:43.999 UTC,1.40671,1.40657,0.0012,0.00192
14.10.2025 11:41:44.051 UTC,1.40673,1.40661,0.0012,0.0012
14.10.2025 11:41:44.153 UTC,1.40672,1.40661,0.0012,0.0012
14.10.2025 11:41:45.771 UTC,1.40673,1.40662,0.0012,0.0012
14.10.2025 11:41:46.934 UTC,1.40675,1.40662,0.0018,0.0012
14.10.2025 11:41:49.951 UTC,1.40679,1.40667,0.0012,0.00132
14.10.2025 11:41:50.003 UTC,1.40681,1.40668,0.0018,0.0012
14.10.2025 11:41:50.209 UTC,1.40682,1.40669,0.0027,0.0012
14.10.2025 11:41:50.915 UTC,1.4068,1.4067,0.0012,0.0012
14.10.2025 11:41:58.591 UTC,1.40681,1.40668,0.00189,0.0012
14.10.2025 11:41:58.693 UTC,1.4068,1.40668,0.0012,0.0012
14.10.2025 11:41:58.795 UTC,1.40679,1.40668,0.0018,0.0012
14.10.2025 11:42:00.712 UTC,1.40681,1.40668,0.0018,0.0012
14.10.2025 11:42:07.138 UTC,1.40682,1.40669,0.00225,0.0012
14.10.2025 11:42:14.638 UTC,1.40681,1.4067,0.0024,0.0012
14.10.2025 11:42:14.740 UTC,1.40682,1.40669,0.00225,0.0012
14.10.2025 11:42:24.613 UTC,1.40681,1.40668,0.00225,0.0012
14.10.2025 11:42:33.002 UTC,1.40681,1.40668,0.00249,0.0012
14.10.2025 11:42:34.615 UTC,1.4068,1.40668,0.00249,0.0012
14.10.2025 11:42:38.431 UTC,1.40681,1.40667,0.00234,0.00135
14.10.2025 11:42:38.533 UTC,1.40681,1.40667,0.0012,0.00249
14.10.2025 11:42:39.039 UTC,1.40682,1.40669,0.00225,0.0012
14.10.2025 11:42:50.319 UTC,1.40682,1.40669,0.00249,0.0012
14.10.2025 11:42:50.421 UTC,1.40681,1.4067,0.00234,0.0012
14.10.2025 11:43:03.575 UTC,1.40682,1.40669,0.00249,0.0012
14.10.2025 11:43:03.678 UTC,1.40682,1.40669,0.00234,0.0012
14.10.2025 11:43:13.982 UTC,1.40682,1.40669,0.00132,0.0012
14.10.2025 11:43:20.689 UTC,1.40682,1.40669,0.00147,0.0012
14.10.2025 11:43:25.665 UTC,1.40682,1.40669,0.00132,0.0018
14.10.2025 11:43:25.767 UTC,1.40682,1.40669,0.00132,0.00135
14.10.2025 11:43:27.076 UTC,1.40681,1.4067,0.00132,0.0018
14.10.2025 11:43:27.178 UTC,1.40681,1.4067,0.00132,0.00135
14.10.2025 11:43:43.079 UTC,1.40681,1.4067,0.00132,0.0018
14.10.2025 11:43:43.436 UTC,1.40681,1.4067,0.00132,0.00135
14.10.2025 11:43:43.889 UTC,1.40682,1.40669,0.0012,0.0018
14.10.2025 11:43:43.991 UTC,1.40681,1.4067,0.0012,0.00135
14.10.2025 11:43:47.512 UTC,1.4068,1.40668,0.00135,0.00135
14.10.2025 11:43:47.615 UTC,1.4068,1.40666,0.00132,0.0012
14.10.2025 11:43:53.013 UTC,1.40679,1.40666,0.0012,0.00135
14.10.2025 11:43:54.826 UTC,1.40679,1.40666,0.0012,0.0018
14.10.2025 11:43:54.928 UTC,1.40679,1.40665,0.0012,0.00285
14.10.2025 11:43:55.737 UTC,1.40677,1.40666,0.0012,0.00285
14.10.2025 11:43:57.855 UTC,1.40672,1.40664,0.00132,0.0012
14.10.2025 11:43:57.907 UTC,1.4067,1.40663,0.0012,0.00116
14.10.2025 11:43:57.959 UTC,1.40669,1.40656,0.00132,0.0018
14.10.2025 11:44:01.243 UTC,1.40667,1.40656,0.0012,0.0012
14.10.2025 11:44:02.100 UTC,1.40667,1.40655,0.0012,0.00225
14.10.2025 11:44:02.657 UTC,1.40668,1.40653,0.00132,0.00402
14.10.2025 11:44:02.760 UTC,1.40668,1.40653,0.00132,0.00462
14.10.2025 11:44:02.862 UTC,1.40668,1.40655,0.0012,0.0012
14.10.2025 11:44:03.165 UTC,1.40668,1.40654,0.0012,0.00135
14.10.2025 11:44:03.668 UTC,1.40667,1.40656,0.0012,0.0012
14.10.2025 11:44:07.780 UTC,1.40668,1.40654,0.0012,0.00225
14.10.2025 11:44:08.284 UTC,1.40668,1.40655,0.0012,0.0012
14.10.2025 11:44:13.664 UTC,1.40667,1.40656,0.0012,0.0018
14.10.2025 11:44:14.117 UTC,1.40668,1.40655,0.0012,0.00135
14.10.2025 11:44:15.852 UTC,1.40668,1.40655,0.0012,0.0018
14.10.2025 11:44:16.506 UTC,1.40668,1.40655,0.0012,0.00135
14.10.2025 11:44:18.164 UTC,1.40667,1.40656,0.0012,0.0018
14.10.2025 11:44:20.477 UTC,1.40668,1.40655,0.0012,0.00225
14.10.2025 11:44:20.785 UTC,1.40668,1.40655,0.0012,0.0024
14.10.2025 11:44:21.691 UTC,1.40668,1.40656,0.0012,0.0018
14.10.2025 11:44:21.946 UTC,1.40668,1.40655,0.0012,0.0018
14.10.2025 11:44:23.711 UTC,1.40667,1.40656,0.0012,0.0024
14.10.2025 11:44:24.064 UTC,1.40668,1.40655,0.0012,0.00225
14.10.2025 11:44:26.752 UTC,1.40667,1.40655,0.0012,0.0012
14.10.2025 11:44:26.956 UTC,1.40667,1.40654,0.0012,0.00135
14.10.2025 11:44:27.108 UTC,1.40666,1.40655,0.0012,0.0018
14.10.2025 11:44:27.211 UTC,1.40663,1.40651,0.0012,0.0012
14.10.2025 11:44:27.262 UTC,1.40662,1.4065,0.0012,0.0036
14.10.2025 11:44:27.366 UTC,1.40664,1.4065,0.0012,0.0024
14.10.2025 11:44:27.519 UTC,1.40664,1.40651,0.0012,0.0012
14.10.2025 11:44:28.023 UTC,1.40663,1.40652,0.0012,0.0012
14.10.2025 11:44:28.124 UTC,1.40664,1.40651,0.0012,0.0012
14.10.2025 11:44:28.226 UTC,1.40663,1.40652,0.0012,0.0012
14.10.2025 11:44:28.328 UTC,1.40664,1.40651,0.0012,0.0012
14.10.2025 11:44:28.431 UTC,1.40664,1.40653,0.0012,0.0012
14.10.2025 11:44:28.584 UTC,1.40664,1.40653,0.0012,0.00195
14.10.2025 11:44:33.051 UTC,1.40664,1.4065,0.00132,0.00327
14.10.2025 11:44:33.154 UTC,1.40662,1.4065,0.00132,0.00417
14.10.2025 11:44:33.561 UTC,1.40663,1.40649,0.00132,0.00285
14.10.2025 11:44:34.520 UTC,1.40662,1.40647,0.00192,0.00372
14.10.2025 11:44:34.660 UTC,1.40657,1.40644,0.00132,0.0018
14.10.2025 11:44:34.763 UTC,1.40657,1.40643,0.00132,0.00135
14.10.2025 11:44:36.630 UTC,1.40656,1.40645,0.00132,0.0012
14.10.2025 11:44:36.731 UTC,1.40659,1.40646,0.00147,0.0012
14.10.2025 11:44:38.191 UTC,1.40659,1.40646,0.00135,0.00132
14.10.2025 11:44:38.496 UTC,1.40659,1.40648,0.00135,0.00132
14.10.2025 11:44:38.599 UTC,1.40661,1.40648,0.00135,0.00132
14.10.2025 11:44:50.190 UTC,1.4066,1.40649,0.00135,0.0012
14.10.2025 11:44:50.745 UTC,1.40661,1.40648,0.0018,0.0012
14.10.2025 11:44:51.197 UTC,1.4066,1.40649,0.00135,0.0012
14.10.2025 11:44:52.100 UTC,1.40661,1.40648,0.0018,0.0012
14.10.2025 11:44:53.355 UTC,1.40661,1.40648,0.00135,0.0012
14.10.2025 11:44:56.217 UTC,1.4066,1.40647,0.00192,0.0012
14.10.2025 11:44:56.472 UTC,1.4066,1.40647,0.00189,0.0012
14.10.2025 11:44:57.520 UTC,1.4066,1.40647,0.00204,0.0012
14.10.2025 11:45:00.185 UTC,1.4066,1.40647,0.00189,0.0012
14.10.2025 11:45:00.439 UTC,1.40659,1.40648,0.00204,0.0012
14.10.2025 11:45:00.691 UTC,1.40659,1.40648,0.00189,0.0012
14.10.2025 11:45:02.300 UTC,1.4066,1.40647,0.00204,0.0012
14.10.2025 11:45:04.218 UTC,1.4066,1.40647,0.00144,0.0012
14.10.2025 11:45:04.925 UTC,1.40659,1.40648,0.00204,0.0012
14.10.2025 11:45:06.339 UTC,1.4066,1.40647,0.00189,0.0012
14.10.2025 11:45:07.395 UTC,1.4066,1.40647,0.00294,0.0012
14.10.2025 11:45:10.171 UTC,1.40658,1.40647,0.00135,0.0012
14.10.2025 11:45:12.635 UTC,1.40659,1.40646,0.0018,0.0012
14.10.2025 11:45:13.541 UTC,1.40659,1.40646,0.00135,0.0012
14.10.2025 11:45:16.961 UTC,1.40656,1.40645,0.0012,0.0012
14.10.2025 11:45:17.013 UTC,1.40658,1.40645,0.00225,0.0012
14.10.2025 11:45:17.318 UTC,1.40657,1.40646,0.00249,0.0012
14.10.2025 11:45:20.849 UTC,1.40657,1.40644,0.00135,0.0012
14.10.2025 11:45:21.056 UTC,1.40657,1.40646,0.0012,0.00147
14.10.2025 11:45:21.162 UTC,1.40659,1.40646,0.0012,0.00132
14.10.2025 11:45:21.668 UTC,1.40656,1.40646,0.0012,0.0012
14.10.2025 11:45:25.642 UTC,1.40658,1.40645,0.00135,0.0012
14.10.2025 11:45:27.356 UTC,1.40658,1.40647,0.0027,0.0012
14.10.2025 11:45:33.192 UTC,1.40656,1.40646,0.00135,0.0012
14.10.2025 11:45:33.244 UTC,1.40655,1.40643,0.0012,0.00189
14.10.2025 11:45:33.550 UTC,1.40657,1.40644,0.0018,0.0012
14.10.2025 11:45:35.315 UTC,1.40654,1.40641,0.0012,0.00144
14.10.2025 11:45:37.337 UTC,1.40653,1.4064,0.0012,0.00132
14.10.2025 11:45:42.983 UTC,1.40655,1.40642,0.00135,0.0018
14.10.2025 11:45:43.087 UTC,1.40654,1.40641,0.0018,0.00132
14.10.2025 11:45:47.062 UTC,1.40653,1.4064,0.00144,0.0012
14.10.2025 11:45:47.165 UTC,1.40652,1.40639,0.00225,0.0012
14.10.2025 11:45:50.488 UTC,1.40651,1.40637,0.00135,0.00147
14.10.2025 11:45:50.590 UTC,1.40649,1.40636,0.0012,0.00252
14.10.2025 11:45:50.694 UTC,1.40647,1.40636,0.0012,0.0012
14.10.2025 11:45:50.848 UTC,1.40646,1.40635,0.0012,0.00132
14.10.2025 11:45:53.532 UTC,1.40647,1.40633,0.0012,0.00147
14.10.2025 11:46:04.598 UTC,1.40647,1.40634,0.0012,0.00192
14.10.2025 11:46:09.941 UTC,1.40647,1.40635,0.0012,0.00192
14.10.2025 11:46:11.601 UTC,1.40648,1.40634,0.0012,0.00144
14.10.2025 11:46:13.261 UTC,1.40648,1.40634,0.0012,0.00192
14.10.2025 11:46:14.018 UTC,1.40649,1.40636,0.0012,0.00252
14.10.2025 11:46:14.121 UTC,1.40649,1.40638,0.0012,0.00144
14.10.2025 11:46:15.280 UTC,1.4065,1.40637,0.0012,0.00192
14.10.2025 11:46:15.382 UTC,1.40649,1.40638,0.0012,0.00144
14.10.2025 11:46:20.548 UTC,1.4065,1.40637,0.0012,0.00249
14.10.2025 11:46:21.754 UTC,1.4065,1.40637,0.0012,0.00234
14.10.2025 11:46:21.955 UTC,1.4065,1.40637,0.0012,0.00249
14.10.2025 11:46:23.763 UTC,1.4065,1.40637,0.0012,0.00234
14.10.2025 11:46:24.018 UTC,1.4065,1.40637,0.0012,0.00249
14.10.2025 11:46:24.371 UTC,1.4065,1.40637,0.0012,0.00234
14.10.2025 11:46:24.873 UTC,1.4065,1.40637,0.0012,0.00249
14.10.2025 11:46:25.927 UTC,1.4065,1.40637,0.0012,0.00234
14.10.2025 11:46:27.307 UTC,1.40649,1.40638,0.0012,0.00249
14.10.2025 11:46:27.712 UTC,1.40651,1.40639,0.0012,0.00135
14.10.2025 11:46:27.814 UTC,1.40652,1.40639,0.0018,0.00135
14.10.2025 11:46:38.320 UTC,1.40651,1.40638,0.0012,0.00135
14.10.2025 11:46:39.733 UTC,1.4065,1.40636,0.00225,0.00225
14.10.2025 11:46:45.056 UTC,1.40648,1.40635,0.0012,0.0012
14.10.2025 11:46:45.261 UTC,1.40647,1.40636,0.00132,0.0012
14.10.2025 11:46:59.605 UTC,1.40647,1.40633,0.00147,0.00135
14.10.2025 11:46:59.809 UTC,1.40642,1.40629,0.00189,0.00267
14.10.2025 11:47:00.117 UTC,1.40644,1.40632,0.0012,0.00135
14.10.2025 11:47:00.220 UTC,1.40644,1.40633,0.0012,0.0012
14.10.2025 11:47:00.324 UTC,1.40646,1.40636,0.0012,0.0012
14.10.2025 11:47:00.681 UTC,1.40646,1.40635,0.0012,0.0012
14.10.2025 11:47:00.834 UTC,1.40645,1.40635,0.0012,0.0012
14.10.2025 11:47:03.658 UTC,1.40646,1.40633,0.0012,0.0012
14.10.2025 11:47:04.265 UTC,1.40645,1.40634,0.0012,0.0018
14.10.2025 11:47:04.518 UTC,1.40646,1.40633,0.0012,0.00135
14.10.2025 11:47:05.293 UTC,1.40646,1.40633,0.0012,0.0018
14.10.2025 11:47:05.547 UTC,1.40646,1.40633,0.0012,0.00135
14.10.2025 11:47:07.413 UTC,1.40645,1.40634,0.0012,0.0018
14.10.2025 11:47:10.839 UTC,1.40646,1.40633,0.0012,0.00135
14.10.2025 11:47:10.941 UTC,1.40644,1.40634,0.0012,0.00135
14.10.2025 11:47:11.144 UTC,1.40645,1.40633,0.0012,0.0018
14.10.2025 11:47:12.002 UTC,1.40643,1.40631,0.0012,0.00135
14.10.2025 11:47:12.105 UTC,1.40641,1.40629,0.0012,0.00195
14.10.2025 11:47:12.360 UTC,1.40641,1.40629,0.0012,0.00135
14.10.2025 11:47:12.664 UTC,1.40641,1.40629,0.0012,0.0018
14.10.2025 11:47:13.068 UTC,1.40641,1.40629,0.0012,0.00135
14.10.2025 11:47:13.170 UTC,1.40641,1.40628,0.0012,0.00285
14.10.2025 11:47:13.322 UTC,1.40641,1.40628,0.0012,0.00195
14.10.2025 11:47:13.677 UTC,1.40643,1.40632,0.0012,0.0018
14.10.2025 11:47:13.779 UTC,1.40644,1.40632,0.0012,0.00285
14.10.2025 11:47:17.469 UTC,1.40643,1.40632,0.0012,0.0018
14.10.2025 11:47:17.572 UTC,1.40643,1.40631,0.0012,0.00135
14.10.2025 11:47:17.725 UTC,1.40641,1.40629,0.0012,0.0024
14.10.2025 11:47:18.282 UTC,1.4064,1.4063,0.0012,0.0024
14.10.2025 11:47:18.385 UTC,1.40642,1.40629,0.0012,0.0024
14.10.2025 11:47:18.487 UTC,1.40641,1.4063,0.0012,0.0024
14.10.2025 11:47:18.590 UTC,1.4064,1.4063,0.0012,0.0024
14.10.2025 11:47:19.094 UTC,1.4064,1.4063,0.0012,0.0018
14.10.2025 11:47:19.698 UTC,1.40641,1.40629,0.0012,0.0018
14.10.2025 11:47:20.253 UTC,1.4064,1.40627,0.0012,0.0024
14.10.2025 11:47:20.660 UTC,1.40639,1.40628,0.0012,0.0024
14.10.2025 11:47:21.264 UTC,1.40639,1.40628,0.0012,0.0018
14.10.2025 11:47:21.367 UTC,1.40639,1.40627,0.0012,0.0018
14.10.2025 11:47:21.972 UTC,1.40639,1.40627,0.0012,0.00135
14.10.2025 11:47:22.173 UTC,1.40641,1.40627,0.0018,0.00225
14.10.2025 11:47:23.636 UTC,1.40641,1.40627,0.00132,0.0018
14.10.2025 11:47:24.292 UTC,1.40642,1.40633,0.0012,0.0012
14.10.2025 11:47:24.345 UTC,1.40645,1.40633,0.0012,0.0012
14.10.2025 11:47:24.905 UTC,1.40645,1.40632,0.0018,0.0018
14.10.2025 11:47:25.412 UTC,1.40644,1.40632,0.0012,0.0012
14.10.2025 11:47:25.515 UTC,1.40644,1.40631,0.0012,0.0012
14.10.2025 11:47:25.820 UTC,1.40644,1.4063,0.0012,0.00225
14.10.2025 11:47:27.934 UTC,1.40644,1.4063,0.0012,0.0024
14.10.2025 11:47:31.374 UTC,1.40644,1.4063,0.00135,0.00225
14.10.2025 11:47:31.576 UTC,1.40643,1.40631,0.0012,0.0024
14.10.2025 11:47:32.079 UTC,1.40644,1.4063,0.00135,0.00225
14.10.2025 11:47:32.181 UTC,1.40644,1.4063,0.0012,0.0024
14.10.2025 11:47:32.387 UTC,1.40644,1.40634,0.0012,0.00135
14.10.2025 11:47:32.489 UTC,1.40646,1.40633,0.0012,0.00225
14.10.2025 11:47:37.364 UTC,1.40647,1.40634,0.0012,0.00225
14.10.2025 11:47:40.035 UTC,1.40646,1.40635,0.0012,0.0024
14.10.2025 11:47:40.339 UTC,1.40647,1.40634,0.0012,0.00225
14.10.2025 11:47:42.656 UTC,1.40646,1.40635,0.0012,0.0024
14.10.2025 11:47:52.140 UTC,1.40646,1.40635,0.0012,0.0018
14.10.2025 11:47:53.502 UTC,1.40647,1.40634,0.0012,0.0024
14.10.2025 11:47:53.793 UTC,1.40646,1.40635,0.0012,0.0027
14.10.2025 11:47:54.496 UTC,1.40647,1.40634,0.0012,0.00285
14.10.2025 11:48:01.880 UTC,1.4065,1.40641,0.0012,0.0012
14.10.2025 11:48:01.983 UTC,1.40651,1.40638,0.0012,0.0012
14.10.2025 11:48:04.101 UTC,1.40652,1.40638,0.0018,0.0018
14.10.2025 11:48:05.199 UTC,1.40651,1.40638,0.0012,0.0018
14.10.2025 11:48:05.251 UTC,1.4065,1.40637,0.00144,0.0012
14.10.2025 11:48:05.354 UTC,1.40648,1.40635,0.0012,0.00177
14.10.2025 11:48:09.789 UTC,1.40647,1.40634,0.0012,0.00135
14.10.2025 11:48:13.463 UTC,1.40647,1.40634,0.0012,0.00195
14.10.2025 11:48:21.718 UTC,1.40646,1.40635,0.0012,0.00195
14.10.2025 11:48:22.222 UTC,1.40646,1.40635,0.0012,0.00135
14.10.2025 11:48:24.794 UTC,1.40647,1.40636,0.0012,0.00225
14.10.2025 11:48:24.896 UTC,1.40647,1.40636,0.0012,0.00285
14.10.2025 11:48:24.949 UTC,1.40649,1.40636,0.0012,0.00285
14.10.2025 11:48:25.002 UTC,1.40653,1.40642,0.0012,0.00135
14.10.2025 11:48:25.054 UTC,1.40654,1.4064,0.00315,0.00135
14.10.2025 11:48:25.107 UTC,1.40653,1.40641,0.0012,0.00375
14.10.2025 11:48:29.311 UTC,1.40652,1.40642,0.0012,0.0027
14.10.2025 11:48:29.815 UTC,1.40652,1.40642,0.0012,0.00285
14.10.2025 11:48:30.424 UTC,1.40652,1.40641,0.0012,0.0018
14.10.2025 11:48:30.475 UTC,1.40653,1.40638,0.00225,0.00237
14.10.2025 11:48:30.527 UTC,1.40651,1.40638,0.0012,0.0012
14.10.2025 11:48:31.033 UTC,1.4065,1.40639,0.0012,0.0012
14.10.2025 11:48:31.336 UTC,1.40649,1.40638,0.0012,0.0018
14.10.2025 11:48:31.590 UTC,1.4065,1.40637,0.0012,0.0012
14.10.2025 11:48:33.501 UTC,1.40649,1.40637,0.0012,0.0024
14.10.2025 11:48:34.205 UTC,1.40649,1.40637,0.0012,0.00249
14.10.2025 11:48:34.359 UTC,1.40647,1.40636,0.00132,0.00237
14.10.2025 11:48:34.462 UTC,1.40646,1.40634,0.0012,0.00116
14.10.2025 11:48:34.513 UTC,1.40646,1.40632,0.0012,0.0018
14.10.2025 11:48:38.849 UTC,1.40646,1.40632,0.0012,0.00237
14.10.2025 11:48:40.847 UTC,1.40646,1.40633,0.0012,0.00192
14.10.2025 11:48:40.999 UTC,1.40645,1.40634,0.0012,0.00144
14.10.2025 11:48:41.302 UTC,1.40645,1.40634,0.0012,0.00192
14.10.2025 11:48:41.404 UTC,1.40646,1.40632,0.0012,0.00252
14.10.2025 11:48:42.562 UTC,1.40645,1.40633,0.0012,0.00252
14.10.2025 11:48:42.866 UTC,1.40646,1.40633,0.0012,0.00192
14.10.2025 11:48:47.256 UTC,1.40646,1.40632,0.0012,0.00252
14.10.2025 11:48:47.913 UTC,1.40646,1.40634,0.0012,0.00207
14.10.2025 11:48:48.016 UTC,1.40647,1.40635,0.0012,0.00192
14.10.2025 11:48:49.524 UTC,1.40646,1.40637,0.0012,0.00252
14.10.2025 11:48:50.029 UTC,1.40648,1.40636,0.0012,0.00282
14.10.2025 11:48:50.132 UTC,1.40649,1.40636,0.0012,0.00297
14.10.2025 11:48:57.485 UTC,1.4065,1.40637,0.0012,0.00192
14.10.2025 11:48:59.898 UTC,1.40651,1.40643,0.0018,0.0012
14.10.2025 11:48:59.949 UTC,1.40656,1.40643,0.0012,0.00192
14.10.2025 11:49:00.053 UTC,1.40658,1.40647,0.0018,0.00132
14.10.2025 11:49:00.105 UTC,1.40661,1.40648,0.0012,0.00132
14.10.2025 11:49:00.208 UTC,1.40663,1.4065,0.0012,0.00192
14.10.2025 11:49:00.311 UTC,1.40662,1.40651,0.0012,0.00132
14.10.2025 11:49:00.414 UTC,1.40661,1.4065,0.0018,0.00132
14.10.2025 11:49:00.567 UTC,1.40661,1.40649,0.0012,0.00132
14.10.2025 11:49:03.479 UTC,1.40659,1.40648,0.0012,0.00189
14.10.2025 11:49:06.312 UTC,1.40658,1.40648,0.0012,0.00144
14.10.2025 11:49:07.169 UTC,1.40658,1.40648,0.0012,0.00192
14.10.2025 11:49:08.226 UTC,1.40659,1.40647,0.0012,0.00144
14.10.2025 11:49:09.790 UTC,1.40658,1.40648,0.0012,0.00192
14.10.2025 11:49:09.892 UTC,1.40659,1.40647,0.0012,0.00144
14.10.2025 11:49:10.095 UTC,1.40658,1.40648,0.0012,0.00192
14.10.2025 11:49:11.052 UTC,1.40658,1.40648,0.0012,0.00144
14.10.2025 11:49:12.905 UTC,1.40659,1.40647,0.0012,0.00192
14.10.2025 11:49:13.460 UTC,1.40659,1.40647,0.0012,0.00144
14.10.2025 11:49:15.921 UTC,1.40659,1.40646,0.0012,0.00342
14.10.2025 11:49:16.227 UTC,1.40659,1.40648,0.0012,0.0012
14.10.2025 11:49:19.394 UTC,1.4066,1.40648,0.0012,0.00132
14.10.2025 11:49:19.446 UTC,1.40662,1.40648,0.0012,0.00297
14.10.2025 11:49:19.549 UTC,1.40662,1.40648,0.00225,0.00144
14.10.2025 11:49:20.306 UTC,1.40661,1.4065,0.00225,0.0012
14.10.2025 11:49:20.559 UTC,1.4066,1.40649,0.0012,0.00144
14.10.2025 11:49:21.315 UTC,1.4066,1.40649,0.00135,0.00132
14.10.2025 11:49:21.668 UTC,1.40661,1.40648,0.00135,0.00132
14.10.2025 11:49:22.074 UTC,1.40659,1.40646,0.0012,0.00144
14.10.2025 11:49:22.178 UTC,1.40658,1.40645,0.0012,0.0012
14.10.2025 11:49:22.280 UTC,1.40656,1.40645,0.0012,0.00132
14.10.2025 11:49:22.532 UTC,1.40657,1.40644,0.0012,0.00132
14.10.2025 11:49:25.232 UTC,1.40658,1.40645,0.0012,0.00189
14.10.2025 11:49:25.334 UTC,1.40661,1.40647,0.00135,0.00144
14.10.2025 11:49:27.500 UTC,1.4066,1.40646,0.0012,0.00342
14.10.2025 11:49:31.529 UTC,1.40659,1.40651,0.0012,0.0012
14.10.2025 11:49:31.581 UTC,1.40667,1.40654,0.0012,0.00132
14.10.2025 11:49:31.684 UTC,1.40667,1.40656,0.0012,0.0012
14.10.2025 11:49:31.837 UTC,1.40668,1.40654,0.0012,0.00189
14.10.2025 11:49:34.155 UTC,1.40665,1.40655,0.0012,0.0012
14.10.2025 11:49:34.207 UTC,1.40664,1.40651,0.0012,0.00279
14.10.2025 11:49:34.310 UTC,1.40661,1.40647,0.0012,0.00192
14.10.2025 11:49:34.412 UTC,1.40661,1.40647,0.0012,0.00132
14.10.2025 11:49:35.996 UTC,1.40662,1.40649,0.0012,0.0012
14.10.2025 11:49:43.548 UTC,1.40659,1.40648,0.0012,0.00147
14.10.2025 11:49:45.563 UTC,1.40661,1.40648,0.0012,0.00192
14.10.2025 11:49:49.108 UTC,1.40659,1.40649,0.0012,0.00147
14.10.2025 11:49:50.420 UTC,1.4066,1.40647,0.0012,0.00192
14.10.2025 11:49:50.522 UTC,1.40659,1.40648,0.0012,0.00144
14.10.2025 11:49:50.825 UTC,1.4066,1.40647,0.0012,0.00192
14.10.2025 11:49:54.900 UTC,1.40666,1.40652,0.00135,0.0018
14.10.2025 11:49:54.953 UTC,1.40664,1.40651,0.0012,0.00279
14.10.2025 11:50:01.127 UTC,1.40662,1.40651,0.0012,0.00225
14.10.2025 11:50:01.233 UTC,1.40662,1.40649,0.0012,0.0012
14.10.2025 11:50:01.336 UTC,1.40661,1.40648,0.0012,0.00135
14.10.2025 11:50:03.756 UTC,1.40661,1.4065,0.0018,0.0012
14.10.2025 11:50:08.085 UTC,1.40661,1.40651,0.0012,0.0012
14.10.2025 11:50:14.094 UTC,1.40661,1.4065,0.00225,0.0012
14.10.2025 11:50:14.900 UTC,1.40662,1.40649,0.0024,0.0012
14.10.2025 11:50:15.003 UTC,1.4066,1.40649,0.00225,0.0012
14.10.2025 11:50:28.221 UTC,1.40659,1.40648,0.0012,0.00144
14.10.2025 11:50:36.997 UTC,1.40659,1.40648,0.0012,0.0018
14.10.2025 11:50:40.263 UTC,1.40659,1.40648,0.0012,0.00135
14.10.2025 11:50:56.369 UTC,1.4066,1.40647,0.0012,0.0018
14.10.2025 11:50:58.778 UTC,1.4066,1.40647,0.0012,0.00225
14.10.2025 11:51:01.846 UTC,1.40659,1.40646,0.00237,0.0012
14.10.2025 11:51:01.950 UTC,1.40654,1.40644,0.00147,0.00225
14.10.2025 11:51:02.052 UTC,1.40651,1.40644,0.0012,0.00225
14.10.2025 11:51:02.458 UTC,1.40652,1.40639,0.00132,0.0012
14.10.2025 11:51:02.510 UTC,1.40651,1.40637,0.0012,0.0012
14.10.2025 11:51:04.933 UTC,1.4065,1.40638,0.0018,0.0012
14.10.2025 11:51:05.336 UTC,1.40651,1.40637,0.00135,0.00135
14.10.2025 11:51:08.055 UTC,1.4065,1.40636,0.0012,0.0024
14.10.2025 11:51:08.192 UTC,1.4065,1.40636,0.0012,0.00225
14.10.2025 11:51:08.648 UTC,1.40649,1.40637,0.0012,0.0018
14.10.2025 11:51:08.902 UTC,1.4065,1.40636,0.0012,0.00135
14.10.2025 11:51:09.159 UTC,1.4065,1.40636,0.0012,0.0024
14.10.2025 11:51:17.151 UTC,1.4065,1.40637,0.0012,0.0024
14.10.2025 11:51:18.084 UTC,1.40649,1.40638,0.0012,0.00225
14.10.2025 11:51:21.096 UTC,1.4065,1.40637,0.0012,0.0024
14.10.2025 11:51:23.009 UTC,1.4065,1.40637,0.0012,0.00225
14.10.2025 11:51:23.762 UTC,1.4065,1.40637,0.0012,0.0024
14.10.2025 11:51:26.683 UTC,1.4065,1.40637,0.00135,0.0012
14.10.2025 11:51:31.736 UTC,1.40649,1.40638,0.0012,0.0018
14.10.2025 11:51:33.646 UTC,1.4065,1.40637,0.0012,0.00135
14.10.2025 11:51:36.568 UTC,1.40648,1.40637,0.0012,0.0012
14.10.2025 11:51:36.924 UTC,1.40649,1.40635,0.0012,0.00225
14.10.2025 11:51:37.178 UTC,1.40649,1.40635,0.0012,0.0018
14.10.2025 11:51:37.431 UTC,1.40649,1.40635,0.0012,0.00135
14.10.2025 11:51:38.086 UTC,1.40649,1.40635,0.0012,0.0018
14.10.2025 11:51:39.197 UTC,1.40649,1.40635,0.00144,0.00135
14.10.2025 11:51:39.250 UTC,1.40647,1.40633,0.0012,0.0024
14.10.2025 11:51:39.353 UTC,1.40642,1.40629,0.0012,0.0012
14.10.2025 11:51:39.455 UTC,1.40642,1.40631,0.0012,0.0012
14.10.2025 11:51:39.618 UTC,1.40642,1.40629,0.0012,0.0018
14.10.2025 11:51:40.277 UTC,1.40643,1.40632,0.0012,0.0027
14.10.2025 11:51:40.531 UTC,1.40644,1.40631,0.0012,0.0024
14.10.2025 11:51:41.241 UTC,1.40644,1.40631,0.0012,0.00225
14.10.2025 11:51:43.304 UTC,1.40644,1.40631,0.0012,0.0024
14.10.2025 11:51:46.975 UTC,1.40644,1.40631,0.0012,0.0033
14.10.2025 11:51:49.086 UTC,1.40644,1.40631,0.0012,0.00375
14.10.2025 11:51:49.137 UTC,1.40645,1.40634,0.0012,0.0024
14.10.2025 11:51:49.240 UTC,1.40647,1.40634,0.0012,0.0027
14.10.2025 11:51:49.494 UTC,1.40647,1.40634,0.0012,0.00285
14.10.2025 11:51:50.350 UTC,1.40647,1.40634,0.0012,0.0027
14.10.2025 11:51:51.659 UTC,1.40647,1.40635,0.0012,0.0012
14.10.2025 11:51:51.966 UTC,1.40646,1.40635,0.0012,0.0027
14.10.2025 11:51:52.119 UTC,1.40646,1.40635,0.0012,0.0024
14.10.2025 11:51:52.244 UTC,1.40647,1.40634,0.0012,0.00225
14.10.2025 11:51:52.447 UTC,1.40646,1.40635,0.0012,0.0024
14.10.2025 11:51:52.752 UTC,1.40646,1.40635,0.0012,0.00135
14.10.2025 11:51:54.062 UTC,1.40646,1.40635,0.0012,0.0018
14.10.2025 11:51:54.165 UTC,1.40645,1.40634,0.00132,0.0012
14.10.2025 11:51:54.217 UTC,1.40644,1.40632,0.0012,0.0012
14.10.2025 11:51:54.875 UTC,1.40644,1.40633,0.0012,0.00195
14.10.2025 11:51:55.181 UTC,1.40644,1.40632,0.0012,0.00135
14.10.2025 11:51:55.385 UTC,1.40644,1.40632,0.0012,0.0018
14.10.2025 11:51:55.837 UTC,1.40644,1.40632,0.0012,0.00135
14.10.2025 11:51:57.504 UTC,1.40645,1.40632,0.0012,0.0042
14.10.2025 11:51:57.607 UTC,1.40646,1.40633,0.0012,0.0012
14.10.2025 11:51:57.760 UTC,1.40646,1.40633,0.0012,0.00285
14.10.2025 11:51:57.812 UTC,1.40645,1.40632,0.0012,0.00135
14.10.2025 11:51:57.914 UTC,1.40643,1.40632,0.0012,0.0024
14.10.2025 11:51:58.821 UTC,1.40644,1.40631,0.0012,0.0024
14.10.2025 11:52:01.682 UTC,1.40643,1.40631,0.0012,0.0018
14.10.2025 11:52:01.785 UTC,1.4064,1.40631,0.0012,0.0012
14.10.2025 11:52:01.887 UTC,1.4064,1.40632,0.0012,0.0012
14.10.2025 11:52:10.557 UTC,1.40641,1.40628,0.0012,0.0018
14.10.2025 11:52:10.909 UTC,1.4064,1.40629,0.0012,0.00135
14.10.2025 11:52:11.971 UTC,1.40641,1.40629,0.00135,0.0036
14.10.2025 11:52:12.022 UTC,1.40642,1.40632,0.0012,0.0012
14.10.2025 11:52:12.125 UTC,1.40643,1.4063,0.0012,0.0012
14.10.2025 11:52:13.034 UTC,1.40644,1.40631,0.0012,0.00225
14.10.2025 11:52:14.120 UTC,1.40646,1.40633,0.0012,0.0012
14.10.2025 11:52:14.325 UTC,1.40648,1.40634,0.0012,0.0012
14.10.2025 11:52:14.982 UTC,1.40649,1.40636,0.0012,0.0012
14.10.2025 11:52:19.419 UTC,1.40648,1.40634,0.0012,0.0018
14.10.2025 11:52:19.924 UTC,1.40647,1.40635,0.0012,0.00135
14.10.2025 11:52:20.076 UTC,1.40648,1.40634,0.0012,0.0018
14.10.2025 11:52:20.731 UTC,1.40647,1.40635,0.0012,0.0018
14.10.2025 11:52:20.834 UTC,1.40647,1.40637,0.0012,0.0018
14.10.2025 11:52:21.842 UTC,1.40648,1.40636,0.0012,0.00135
14.10.2025 11:52:22.195 UTC,1.40648,1.40636,0.0012,0.0018
14.10.2025 11:52:23.093 UTC,1.40647,1.40637,0.0012,0.0024
14.10.2025 11:52:24.558 UTC,1.40648,1.40636,0.0012,0.0018
14.10.2025 11:52:24.761 UTC,1.40645,1.40634,0.0012,0.00135
14.10.2025 11:52:24.813 UTC,1.40644,1.40632,0.00132,0.0024
14.10.2025 11:52:24.916 UTC,1.40638,1.4063,0.0012,0.00116
14.10.2025 11:52:24.968 UTC,1.40638,1.40625,0.0012,0.00462
14.10.2025 11:52:25.222 UTC,1.40638,1.40624,0.0012,0.00327
14.10.2025 11:52:25.325 UTC,1.40637,1.40625,0.0012,0.0018
14.10.2025 11:52:26.033 UTC,1.40638,1.40624,0.0012,0.0024
14.10.2025 11:52:26.286 UTC,1.40638,1.40624,0.0012,0.00135
14.10.2025 11:52:26.589 UTC,1.40637,1.40625,0.0012,0.0018
14.10.2025 11:52:26.693 UTC,1.40638,1.40625,0.0012,0.0012
14.10.2025 11:52:32.175 UTC,1.40637,1.40626,0.0012,0.0012
14.10.2025 11:52:32.580 UTC,1.40638,1.40625,0.0012,0.0012
14.10.2025 11:52:35.880 UTC,1.40637,1.40626,0.0012,0.0012
14.10.2025 11:52:36.486 UTC,1.40638,1.40625,0.0012,0.0012
14.10.2025 11:52:37.849 UTC,1.40639,1.40626,0.0012,0.0018
14.10.2025 11:52:37.952 UTC,1.40644,1.40631,0.00135,0.0018
14.10.2025 11:52:38.055 UTC,1.40646,1.40633,0.0012,0.0012
14.10.2025 11:52:38.157 UTC,1.40646,1.40632,0.0012,0.00225
14.10.2025 11:52:38.917 UTC,1.40641,1.40633,0.0012,0.0012
14.10.2025 11:52:39.019 UTC,1.40639,1.40633,0.0012,0.0012
14.10.2025 11:52:39.427 UTC,1.4064,1.40631,0.0012,0.0012
14.10.2025 11:52:39.529 UTC,1.4064,1.40627,0.0012,0.00195
14.10.2025 11:52:39.631 UTC,1.4064,1.40627,0.0012,0.0018
14.10.2025 11:52:39.987 UTC,1.4064,1.40629,0.0012,0.0018
14.10.2025 11:52:40.038 UTC,1.40642,1.4063,0.0012,0.0018
14.10.2025 11:52:40.243 UTC,1.40643,1.40629,0.0012,0.00195
14.10.2025 11:52:40.496 UTC,1.40642,1.4063,0.0012,0.0012
14.10.2025 11:52:40.799 UTC,1.40643,1.40628,0.0012,0.00375
14.10.2025 11:52:41.053 UTC,1.40643,1.40629,0.0012,0.00195
14.10.2025 11:52:41.104 UTC,1.40642,1.4063,0.0012,0.00195
14.10.2025 11:52:41.206 UTC,1.40643,1.40629,0.0012,0.0018
14.10.2025 11:52:42.418 UTC,1.40641,1.40628,0.0012,0.0018
14.10.2025 11:52:43.877 UTC,1.40641,1.40627,0.0012,0.00195
14.10.2025 11:52:43.980 UTC,1.40642,1.40628,0.0012,0.0018
14.10.2025 11:52:44.967 UTC,1.40642,1.40628,0.0012,0.00465
14.10.2025 11:52:45.121 UTC,1.40642,1.40628,0.0012,0.00375
14.10.2025 11:52:45.629 UTC,1.40641,1.40629,0.0012,0.0033
14.10.2025 11:52:45.731 UTC,1.40641,1.40629,0.0012,0.00375
14.10.2025 11:52:46.589 UTC,1.40641,1.40629,0.0012,0.0027
14.10.2025 11:52:46.691 UTC,1.40641,1.40629,0.0012,0.0024
14.10.2025 11:52:46.896 UTC,1.40641,1.40629,0.0012,0.00285
14.10.2025 11:52:47.405 UTC,1.40642,1.40631,0.0012,0.00135
14.10.2025 11:52:47.508 UTC,1.40643,1.40629,0.0012,0.0042
14.10.2025 11:52:48.116 UTC,1.40643,1.40629,0.0012,0.00285
14.10.2025 11:52:48.722 UTC,1.40643,1.40629,0.0012,0.0018
14.10.2025 11:52:49.227 UTC,1.40643,1.40629,0.00135,0.00135
14.10.2025 11:52:49.279 UTC,1.4064,1.40629,0.0012,0.0018
14.10.2025 11:52:50.241 UTC,1.40641,1.40628,0.0012,0.0012
14.10.2025 11:52:52.410 UTC,1.40641,1.40627,0.0012,0.0042
14.10.2025 11:52:53.168 UTC,1.40641,1.40627,0.0012,0.0033
14.10.2025 11:52:53.825 UTC,1.40641,1.40627,0.0012,0.00285
14.10.2025 11:52:54.330 UTC,1.40641,1.40628,0.0012,0.0012
14.10.2025 11:52:54.968 UTC,1.4064,1.40629,0.0012,0.00195
14.10.2025 11:52:55.022 UTC,1.40641,1.40628,0.0012,0.00195
14.10.2025 11:52:55.586 UTC,1.40641,1.40628,0.0012,0.0018
14.10.2025 11:52:56.494 UTC,1.40639,1.40627,0.0012,0.00372
14.10.2025 11:52:56.596 UTC,1.4064,1.40626,0.0012,0.0024
14.10.2025 11:52:58.312 UTC,1.40639,1.40627,0.0012,0.00285
14.10.2025 11:52:59.221 UTC,1.4064,1.40626,0.0012,0.00285
14.10.2025 11:53:00.380 UTC,1.40639,1.40626,0.0012,0.0012
14.10.2025 11:53:01.039 UTC,1.40638,1.40627,0.0012,0.0012
14.10.2025 11:53:01.443 UTC,1.40639,1.40626,0.0012,0.0012
14.10.2025 11:53:04.059 UTC,1.40639,1.40627,0.0012,0.00195
14.10.2025 11:53:04.261 UTC,1.4064,1.40626,0.0012,0.00195
14.10.2025 11:53:06.150 UTC,1.4064,1.40626,0.0012,0.00285
14.10.2025 11:53:06.657 UTC,1.40638,1.40625,0.0012,0.0012
14.10.2025 11:53:12.755 UTC,1.40639,1.40626,0.0012,0.0012
14.10.2025 11:53:16.013 UTC,1.40639,1.40626,0.0012,0.0018
14.10.2025 11:53:17.173 UTC,1.40638,1.40625,0.0012,0.00132
14.10.2025 11:53:20.746 UTC,1.40637,1.40626,0.0012,0.00132
14.10.2025 11:53:21.000 UTC,1.40638,1.40625,0.0012,0.00132
14.10.2025 11:53:21.755 UTC,1.40635,1.40626,0.0012,0.0012
14.10.2025 11:53:21.808 UTC,1.40636,1.40622,0.0012,0.00474
14.10.2025 11:53:24.263 UTC,1.40635,1.40624,0.0012,0.00192
14.10.2025 11:53:24.365 UTC,1.40636,1.40622,0.0012,0.00477
14.10.2025 11:53:25.270 UTC,1.40636,1.40623,0.0012,0.00192
14.10.2025 11:53:25.876 UTC,1.40634,1.40624,0.0012,0.0018
14.10.2025 11:53:26.786 UTC,1.40636,1.40624,0.0012,0.00132
14.10.2025 11:53:28.901 UTC,1.40636,1.40623,0.00135,0.00387
14.10.2025 11:53:29.004 UTC,1.40635,1.40622,0.0012,0.0018
14.10.2025 11:53:29.107 UTC,1.40632,1.4062,0.0012,0.00249
14.10.2025 11:53:29.361 UTC,1.40633,1.40619,0.0012,0.00294
14.10.2025 11:53:29.614 UTC,1.40632,1.4062,0.0012,0.00294
14.10.2025 11:53:29.718 UTC,1.40634,1.40621,0.0012,0.00204
14.10.2025 11:53:30.727 UTC,1.40633,1.40622,0.0012,0.00132
14.10.2025 11:53:31.080 UTC,1.40636,1.40622,0.00135,0.00135
14.10.2025 11:53:32.085 UTC,1.40634,1.40621,0.0012,0.00204
14.10.2025 11:53:37.547 UTC,1.40633,1.40622,0.0012,0.0012
14.10.2025 11:53:38.200 UTC,1.40634,1.40621,0.0012,0.0012
14.10.2025 11:53:38.604 UTC,1.40634,1.40622,0.0012,0.00285
14.10.2025 11:53:38.707 UTC,1.40634,1.40621,0.0012,0.00315
14.10.2025 11:53:38.860 UTC,1.40634,1.40621,0.0012,0.0024
14.10.2025 11:53:38.962 UTC,1.40634,1.40621,0.0012,0.00225
14.10.2025 11:53:39.214 UTC,1.40634,1.40621,0.0012,0.0024
14.10.2025 11:53:39.719 UTC,1.40633,1.40621,0.0012,0.00285
14.10.2025 11:53:41.126 UTC,1.40634,1.4062,0.0012,0.00297
14.10.2025 11:53:41.731 UTC,1.40634,1.4062,0.0012,0.00207
14.10.2025 11:53:43.292 UTC,1.40633,1.4062,0.0012,0.00132
14.10.2025 11:53:43.445 UTC,1.40633,1.4062,0.0012,0.0012
14.10.2025 11:53:44.000 UTC,1.40632,1.40621,0.0012,0.0012
14.10.2025 11:53:44.555 UTC,1.40633,1.4062,0.0012,0.0012
14.10.2025 11:53:47.692 UTC,1.40632,1.4062,0.0012,0.00384
14.10.2025 11:53:47.795 UTC,1.40632,1.40619,0.0012,0.0018
14.10.2025 11:53:47.897 UTC,1.40632,1.40618,0.0012,0.00192
14.10.2025 11:53:47.999 UTC,1.40632,1.40618,0.0012,0.00204
14.10.2025 11:53:48.101 UTC,1.40629,1.40618,0.0012,0.00234
14.10.2025 11:53:48.255 UTC,1.40628,1.40617,0.0012,0.00132
14.10.2025 11:53:48.357 UTC,1.40629,1.40618,0.0012,0.0012
14.10.2025 11:53:49.722 UTC,1.4063,1.40617,0.0012,0.00192
14.10.2025 11:53:50.078 UTC,1.40629,1.40618,0.0012,0.00192
14.10.2025 11:53:50.230 UTC,1.4063,1.40617,0.0012,0.00192
14.10.2025 11:53:50.634 UTC,1.40629,1.40618,0.0012,0.00192
14.10.2025 11:53:51.089 UTC,1.4063,1.40617,0.0012,0.00192
14.10.2025 11:53:51.593 UTC,1.40632,1.40618,0.0018,0.0018
14.10.2025 11:53:51.695 UTC,1.40631,1.40619,0.00225,0.00135
14.10.2025 11:53:51.846 UTC,1.40632,1.40618,0.0018,0.0018
14.10.2025 11:53:52.048 UTC,1.40632,1.40618,0.00225,0.00135
14.10.2025 11:53:52.552 UTC,1.40631,1.40619,0.0018,0.0018
14.10.2025 11:53:52.654 UTC,1.40632,1.40618,0.00225,0.00135
14.10.2025 11:53:55.426 UTC,1.40631,1.40619,0.0024,0.0012
14.10.2025 11:53:55.842 UTC,1.40632,1.40618,0.00135,0.00135
14.10.2025 11:53:55.896 UTC,1.40633,1.40619,0.00135,0.00237
14.10.2025 11:53:55.999 UTC,1.40634,1.40621,0.0012,0.0012
14.10.2025 11:53:57.963 UTC,1.40632,1.4062,0.00225,0.00144
14.10.2025 11:53:58.015 UTC,1.40631,1.40618,0.0012,0.0012
14.10.2025 11:54:01.044 UTC,1.40632,1.40619,0.0012,0.00192
14.10.2025 11:54:01.300 UTC,1.40633,1.4062,0.0012,0.00135
14.10.2025 11:54:01.856 UTC,1.40632,1.40619,0.0012,0.0018
14.10.2025 11:54:02.009 UTC,1.40631,1.4062,0.0012,0.0012
14.10.2025 11:54:03.372 UTC,1.40634,1.4062,0.00189,0.0012
14.10.2025 11:54:04.026 UTC,1.40633,1.40619,0.0018,0.0012
14.10.2025 11:54:04.128 UTC,1.40633,1.40619,0.00294,0.0012
14.10.2025 11:54:07.068 UTC,1.40631,1.40618,0.0012,0.00135
14.10.2025 11:54:10.390 UTC,1.40632,1.40619,0.0012,0.00135
14.10.2025 11:54:10.442 UTC,1.40635,1.40622,0.0012,0.0012
14.10.2025 11:54:10.544 UTC,1.40634,1.40622,0.0012,0.0012
14.10.2025 11:54:13.166 UTC,1.40635,1.40622,0.00225,0.0012
14.10.2025 11:54:15.083 UTC,1.40635,1.40622,0.0024,0.0012
14.10.2025 11:54:15.285 UTC,1.40634,1.40623,0.00225,0.0012
14.10.2025 11:54:15.487 UTC,1.40632,1.40621,0.0012,0.00135
14.10.2025 11:54:18.710 UTC,1.40633,1.4062,0.0012,0.0018
14.10.2025 11:54:18.813 UTC,1.40633,1.4062,0.0012,0.0012
14.10.2025 11:54:20.581 UTC,1.40631,1.40621,0.00132,0.0012
14.10.2025 11:54:20.884 UTC,1.40632,1.40618,0.00234,0.00135
14.10.2025 11:54:23.000 UTC,1.40632,1.40618,0.00204,0.0012
14.10.2025 11:54:23.254 UTC,1.40632,1.40618,0.00207,0.0012
14.10.2025 11:54:24.818 UTC,1.4063,1.40618,0.00135,0.00135
14.10.2025 11:54:25.370 UTC,1.4063,1.40618,0.0012,0.0018
14.10.2025 11:54:26.725 UTC,1.4063,1.40618,0.00135,0.00135
14.10.2025 11:54:27.266 UTC,1.4063,1.40618,0.0018,0.0012
14.10.2025 11:54:27.423 UTC,1.4063,1.40618,0.00135,0.00144
14.10.2025 11:54:33.359 UTC,1.40631,1.40617,0.0012,0.0018
14.10.2025 11:54:33.461 UTC,1.40631,1.40617,0.00135,0.00135
14.10.2025 11:54:33.563 UTC,1.4063,1.40618,0.0012,0.0018
14.10.2025 11:54:33.614 UTC,1.40629,1.40616,0.0012,0.00285
14.10.2025 11:54:34.121 UTC,1.40629,1.40616,0.0012,0.0027
14.10.2025 11:54:34.375 UTC,1.40629,1.40616,0.0012,0.00285
14.10.2025 11:54:35.683 UTC,1.40628,1.40617,0.0012,0.0018
14.10.2025 11:54:35.837 UTC,1.40628,1.40618,0.0012,0.0012
14.10.2025 11:54:36.895 UTC,1.40629,1.40617,0.0012,0.0018
14.10.2025 11:54:38.149 UTC,1.40628,1.40618,0.0012,0.00135
14.10.2025 11:54:41.354 UTC,1.40628,1.40617,0.0012,0.0018
14.10.2025 11:54:41.506 UTC,1.40629,1.40616,0.0012,0.0018
14.10.2025 11:54:44.975 UTC,1.40628,1.40617,0.0012,0.0024
14.10.2025 11:54:50.070 UTC,1.40629,1.40615,0.0012,0.0042
14.10.2025 11:54:50.678 UTC,1.40628,1.40618,0.0012,0.0012
14.10.2025 11:54:54.298 UTC,1.40628,1.40616,0.0012,0.0033
14.10.2025 11:54:54.400 UTC,1.40629,1.40615,0.0012,0.0024
14.10.2025 11:54:58.874 UTC,1.4063,1.40616,0.0012,0.0018
14.10.2025 11:54:58.978 UTC,1.40631,1.40619,0.0012,0.0018
14.10.2025 11:54:59.283 UTC,1.40631,1.40619,0.0012,0.00135
14.10.2025 11:54:59.839 UTC,1.40631,1.40618,0.0012,0.0012
14.10.2025 11:54:59.942 UTC,1.4063,1.40618,0.0012,0.0012
14.10.2025 11:55:00.044 UTC,1.4063,1.40617,0.0012,0.0018
14.10.2025 11:55:00.146 UTC,1.40629,1.40616,0.0012,0.0018
14.10.2025 11:55:00.400 UTC,1.40629,1.40615,0.0012,0.0042
14.10.2025 11:55:02.877 UTC,1.40628,1.40617,0.0012,0.0018
14.10.2025 11:55:03.781 UTC,1.40629,1.40616,0.0012,0.0018
14.10.2025 11:55:06.095 UTC,1.40628,1.40617,0.0012,0.0018
14.10.2025 11:55:07.100 UTC,1.40628,1.40616,0.0012,0.0033
14.10.2025 11:55:07.303 UTC,1.40629,1.40615,0.0012,0.0042
14.10.2025 11:55:07.806 UTC,1.4063,1.40616,0.0012,0.0018
14.10.2025 11:55:08.160 UTC,1.40629,1.40617,0.0012,0.0018
14.10.2025 11:55:10.525 UTC,1.40629,1.40617,0.0012,0.0024
14.10.2025 11:55:10.828 UTC,1.4063,1.40617,0.0012,0.00135
14.10.2025 11:55:11.030 UTC,1.40629,1.40618,0.0012,0.0018
14.10.2025 11:55:16.386 UTC,1.40629,1.40617,0.0012,0.0024
14.10.2025 11:55:16.889 UTC,1.4063,1.40616,0.0012,0.0024
14.10.2025 11:55:17.893 UTC,1.40629,1.40617,0.0012,0.0024
14.10.2025 11:55:18.146 UTC,1.4063,1.40616,0.0012,0.0024
14.10.2025 11:55:18.548 UTC,1.40629,1.40617,0.0012,0.0024
14.10.2025 11:55:19.252 UTC,1.4063,1.40616,0.0012,0.0024
14.10.2025 11:55:20.666 UTC,1.40629,1.40615,0.0012,0.0024
14.10.2025 11:55:29.154 UTC,1.40629,1.40615,0.0012,0.0018
14.10.2025 11:55:29.558 UTC,1.40628,1.40617,0.0012,0.0018
14.10.2025 11:55:30.111 UTC,1.40628,1.40617,0.0012,0.00135
14.10.2025 11:55:30.364 UTC,1.40629,1.40616,0.0012,0.0018
14.10.2025 11:55:30.466 UTC,1.40629,1.40616,0.0012,0.00135
14.10.2025 11:55:30.601 UTC,1.4063,1.40617,0.0012,0.00135
14.10.2025 11:55:32.477 UTC,1.4063,1.40617,0.0012,0.0018
14.10.2025 11:55:32.729 UTC,1.40629,1.40618,0.0012,0.00135
14.10.2025 11:55:33.386 UTC,1.40631,1.40619,0.00204,0.0012
14.10.2025 11:55:33.488 UTC,1.40631,1.40619,0.00234,0.0012
14.10.2025 11:55:36.510 UTC,1.40633,1.40619,0.0018,0.0018
14.10.2025 11:55:36.614 UTC,1.40639,1.40626,0.0012,0.0018
14.10.2025 11:55:36.718 UTC,1.40639,1.40628,0.0018,0.0012
14.10.2025 11:55:43.677 UTC,1.40639,1.40628,0.0012,0.0024
14.10.2025 11:55:43.778 UTC,1.40639,1.40628,0.0012,0.00225
14.10.2025 11:55:44.083 UTC,1.4064,1.40627,0.0012,0.0024
14.10.2025 11:55:45.908 UTC,1.4064,1.40627,0.0012,0.0012
14.10.2025 11:55:48.173 UTC,1.4064,1.40627,0.0012,0.0018
14.10.2025 11:55:48.276 UTC,1.4064,1.40627,0.0012,0.0024
14.10.2025 11:55:49.339 UTC,1.4064,1.40627,0.0012,0.0018
14.10.2025 11:55:56.873 UTC,1.40639,1.40628,0.0012,0.0018
14.10.2025 11:55:57.830 UTC,1.4064,1.40627,0.0012,0.00135
14.10.2025 11:55:58.885 UTC,1.4064,1.40627,0.0012,0.0018
14.10.2025 11:55:58.987 UTC,1.4064,1.40627,0.0012,0.00135
14.10.2025 11:56:03.324 UTC,1.40639,1.40628,0.0012,0.0024
14.10.2025 11:56:03.778 UTC,1.4064,1.40627,0.0012,0.00135
14.10.2025 11:56:03.881 UTC,1.40641,1.40628,0.0012,0.00135
14.10.2025 11:56:04.791 UTC,1.40642,1.4063,0.0012,0.00135
14.10.2025 11:56:04.843 UTC,1.40646,1.40633,0.0018,0.0012
14.10.2025 11:56:05.301 UTC,1.40647,1.40634,0.0012,0.00189
14.10.2025 11:56:05.353 UTC,1.40649,1.40635,0.0018,0.0018
14.10.2025 11:56:05.455 UTC,1.40649,1.40637,0.0018,0.0018
14.10.2025 11:56:13.667 UTC,1.4065,1.40637,0.0012,0.00132
14.10.2025 11:56:20.985 UTC,1.4065,1.40637,0.0012,0.00249
14.10.2025 11:56:21.087 UTC,1.4065,1.40637,0.0012,0.00234
14.10.2025 11:56:22.245 UTC,1.40649,1.40638,0.0012,0.00249
14.10.2025 11:56:22.548 UTC,1.4065,1.40637,0.0012,0.00234
14.10.2025 11:56:22.801 UTC,1.4065,1.40637,0.0012,0.00249
14.10.2025 11:56:22.903 UTC,1.4065,1.40637,0.0012,0.00234
14.10.2025 11:56:31.286 UTC,1.4065,1.40637,0.0018,0.0012
14.10.2025 11:56:31.740 UTC,1.4065,1.40637,0.00135,0.0012
14.10.2025 11:56:36.030 UTC,1.4065,1.40637,0.0018,0.0012
14.10.2025 11:56:36.133 UTC,1.4065,1.40637,0.00135,0.0012
14.10.2025 11:56:40.413 UTC,1.40649,1.40636,0.0012,0.0012
14.10.2025 11:56:40.516 UTC,1.40648,1.40635,0.0012,0.00144
14.10.2025 11:56:41.026 UTC,1.40648,1.40636,0.0012,0.0012
14.10.2025 11:56:41.128 UTC,1.40648,1.40635,0.0012,0.00135
14.10.2025 11:56:41.281 UTC,1.40648,1.40634,0.00135,0.0027
14.10.2025 11:56:41.384 UTC,1.40648,1.40634,0.0018,0.00225
14.10.2025 11:56:41.536 UTC,1.40648,1.40634,0.0012,0.00285
14.10.2025 11:56:42.090 UTC,1.40649,1.40635,0.0012,0.0018
14.10.2025 11:56:44.593 UTC,1.40646,1.40635,0.0012,0.00195
14.10.2025 11:56:45.354 UTC,1.40643,1.40633,0.0018,0.0012
14.10.2025 11:56:45.458 UTC,1.40634,1.40626,0.0012,0.0018
14.10.2025 11:56:45.964 UTC,1.40635,1.40624,0.0012,0.0012
14.10.2025 11:56:46.067 UTC,1.40635,1.40625,0.0012,0.0012
14.10.2025 11:56:46.221 UTC,1.40633,1.40621,0.00189,0.00267
14.10.2025 11:56:46.273 UTC,1.40629,1.4062,0.0012,0.00116
14.10.2025 11:56:46.376 UTC,1.40627,1.40618,0.0012,0.0012
14.10.2025 11:56:51.566 UTC,1.40628,1.40617,0.0012,0.0018
14.10.2025 11:56:51.618 UTC,1.40631,1.40622,0.0012,0.0012
14.10.2025 11:56:51.670 UTC,1.40628,1.40618,0.0012,0.0012
14.10.2025 11:56:51.923 UTC,1.40628,1.40621,0.0012,0.0012
14.10.2025 11:56:52.025 UTC,1.40628,1.4062,0.0012,0.0012
14.10.2025 11:56:52.077 UTC,1.40627,1.40619,0.0012,0.0012
14.10.2025 11:56:55.017 UTC,1.40629,1.40618,0.0012,0.0012
14.10.2025 11:56:56.377 UTC,1.40628,1.40618,0.0012,0.00144
14.10.2025 11:56:57.437 UTC,1.40628,1.40618,0.0012,0.00192
14.10.2025 11:56:57.691 UTC,1.40629,1.40617,0.0012,0.00192
14.10.2025 11:56:58.497 UTC,1.4063,1.40618,0.0012,0.0018
14.10.2025 11:56:59.556 UTC,1.4063,1.4062,0.0012,0.00132
14.10.2025 11:56:59.659 UTC,1.40632,1.40619,0.0012,0.00297
14.10.2025 11:56:59.761 UTC,1.40632,1.4062,0.0012,0.00132
14.10.2025 11:57:01.121 UTC,1.40631,1.4062,0.0012,0.00297
14.10.2025 11:57:02.127 UTC,1.40632,1.40619,0.0012,0.00297
14.10.2025 11:57:04.141 UTC,1.4063,1.40619,0.0012,0.00252
14.10.2025 11:57:04.496 UTC,1.4063,1.4062,0.0012,0.00147
14.10.2025 11:57:05.129 UTC,1.40631,1.40618,0.0012,0.00249
14.10.2025 11:57:06.387 UTC,1.40631,1.40619,0.0012,0.00192
14.10.2025 11:57:10.156 UTC,1.40631,1.40619,0.0012,0.00144
14.10.2025 11:57:11.814 UTC,1.4063,1.4062,0.0012,0.00192
14.10.2025 11:57:12.171 UTC,1.40631,1.40619,0.0012,0.00135
14.10.2025 11:57:12.880 UTC,1.40631,1.40619,0.0012,0.0018
14.10.2025 11:57:12.931 UTC,1.40631,1.40618,0.0012,0.00234
14.10.2025 11:57:13.033 UTC,1.4063,1.4062,0.0012,0.0012
14.10.2025 11:57:14.395 UTC,1.4063,1.4062,0.0012,0.00192
14.10.2025 11:57:14.797 UTC,1.4063,1.4062,0.0012,0.00135
14.10.2025 11:57:18.163 UTC,1.40628,1.4062,0.0012,0.0012
14.10.2025 11:57:18.266 UTC,1.40629,1.40618,0.0012,0.00144
14.10.2025 11:57:19.476 UTC,1.40628,1.40617,0.0012,0.0018
14.10.2025 11:57:19.578 UTC,1.40628,1.40617,0.0012,0.00135
14.10.2025 11:57:21.192 UTC,1.40628,1.40617,0.0012,0.0018
14.10.2025 11:57:21.345 UTC,1.40627,1.40618,0.0012,0.00135
14.10.2025 11:57:21.446 UTC,1.40628,1.40617,0.0012,0.0018
14.10.2025 11:57:21.698 UTC,1.40628,1.40617,0.0012,0.00135
14.10.2025 11:57:23.513 UTC,1.40628,1.40618,0.0012,0.00135
14.10.2025 11:57:25.271 UTC,1.40629,1.40617,0.0012,0.0018
14.10.2025 11:57:27.806 UTC,1.40629,1.40617,0.0012,0.00135
14.10.2025 11:57:30.214 UTC,1.40628,1.40618,0.0012,0.0018
14.10.2025 11:57:30.518 UTC,1.40629,1.40617,0.0012,0.00135
14.10.2025 11:57:31.624 UTC,1.4063,1.40617,0.0012,0.00225
14.10.2025 11:57:33.182 UTC,1.40629,1.40619,0.0012,0.00135
14.10.2025 11:57:33.234 UTC,1.40632,1.40619,0.00135,0.00225
14.10.2025 11:57:34.495 UTC,1.40633,1.4062,0.0018,0.00342
14.10.2025 11:57:34.547 UTC,1.40638,1.40627,0.0081,0.0012
14.10.2025 11:57:38.273 UTC,1.40639,1.40626,0.0081,0.00249
14.10.2025 11:57:38.929 UTC,1.40639,1.40626,0.00225,0.00249
14.10.2025 11:57:40.908 UTC,1.40639,1.40631,0.00135,0.00279
14.10.2025 11:57:40.960 UTC,1.40646,1.40632,0.00855,0.00192
14.10.2025 11:57:41.012 UTC,1.40649,1.40636,0.0063,0.00132
14.10.2025 11:57:41.165 UTC,1.40649,1.40637,0.0063,0.0012
14.10.2025 11:57:41.267 UTC,1.40646,1.40638,0.0018,0.0012
14.10.2025 11:57:41.924 UTC,1.40647,1.40636,0.0018,0.00132
14.10.2025 11:57:45.105 UTC,1.40647,1.40637,0.0018,0.0012
14.10.2025 11:57:47.812 UTC,1.40649,1.40637,0.0012,0.00135
14.10.2025 11:57:48.067 UTC,1.40649,1.40636,0.0012,0.00144
14.10.2025 11:57:48.171 UTC,1.40648,1.40637,0.0012,0.00192
14.10.2025 11:57:49.476 UTC,1.40648,1.40637,0.0012,0.00132
14.10.2025 11:57:51.138 UTC,1.40648,1.40637,0.0012,0.00192
14.10.2025 11:57:51.290 UTC,1.40649,1.40636,0.0012,0.00144
14.10.2025 11:57:51.946 UTC,1.40648,1.40638,0.0012,0.00135
14.10.2025 11:57:54.871 UTC,1.4065,1.40637,0.0012,0.00225
14.10.2025 11:57:54.974 UTC,1.4065,1.40639,0.00225,0.0012
14.10.2025 11:58:06.937 UTC,1.40649,1.40638,0.0012,0.00225
14.10.2025 11:58:09.085 UTC,1.40649,1.40636,0.0012,0.0024
14.10.2025 11:58:09.791 UTC,1.40649,1.40636,0.0012,0.00225
14.10.2025 11:58:10.649 UTC,1.40649,1.40636,0.0012,0.0024
14.10.2025 11:58:16.429 UTC,1.40649,1.40637,0.0012,0.00192
14.10.2025 11:58:19.661 UTC,1.40649,1.40638,0.0012,0.00249
14.10.2025 11:58:19.863 UTC,1.4065,1.40637,0.0012,0.00234
14.10.2025 11:58:20.366 UTC,1.4065,1.40637,0.0012,0.00249
14.10.2025 11:58:21.122 UTC,1.40649,1.40638,0.0012,0.00234
14.10.2025 11:58:21.574 UTC,1.40649,1.40638,0.0012,0.00249
14.10.2025 11:58:21.976 UTC,1.4065,1.40637,0.0012,0.00234
14.10.2025 11:58:25.591 UTC,1.4065,1.40637,0.0012,0.00249
14.10.2025 11:58:26.950 UTC,1.4065,1.40637,0.0012,0.00234
14.10.2025 11:58:27.352 UTC,1.4065,1.40637,0.0012,0.00249
14.10.2025 11:58:35.925 UTC,1.4065,1.40637,0.0012,0.00192
14.10.2025 11:58:37.593 UTC,1.4065,1.40637,0.0012,0.00144
14.10.2025 11:58:37.695 UTC,1.40649,1.40638,0.0012,0.00192
14.10.2025 11:58:38.180 UTC,1.4065,1.40637,0.0012,0.00144
14.10.2025 11:58:38.836 UTC,1.4065,1.4064,0.00144,0.0012
14.10.2025 11:58:42.868 UTC,1.40652,1.40639,0.00234,0.0012
14.10.2025 11:58:43.172 UTC,1.40652,1.40639,0.00249,0.0012
14.10.2025 11:58:43.525 UTC,1.40652,1.40639,0.00234,0.0012
14.10.2025 11:58:46.604 UTC,1.40649,1.40639,0.0018,0.0012
14.10.2025 11:58:46.808 UTC,1.4065,1.40639,0.00234,0.0012
14.10.2025 11:58:46.910 UTC,1.4065,1.40639,0.00249,0.0012
14.10.2025 11:58:47.613 UTC,1.4065,1.40639,0.00234,0.0012
14.10.2025 11:58:48.067 UTC,1.40651,1.40639,0.00144,0.0012
14.10.2025 11:58:51.635 UTC,1.4065,1.40641,0.0012,0.0012
14.10.2025 11:58:52.544 UTC,1.40652,1.4064,0.0012,0.0012
14.10.2025 11:58:52.800 UTC,1.40652,1.4064,0.0018,0.0012
14.10.2025 11:58:52.902 UTC,1.40652,1.4064,0.00135,0.0012
14.10.2025 11:58:56.785 UTC,1.40651,1.4064,0.00294,0.0012
14.10.2025 11:58:58.025 UTC,1.40651,1.4064,0.00234,0.0012
14.10.2025 11:58:59.537 UTC,1.40651,1.40639,0.0012,0.0012
14.10.2025 11:59:00.041 UTC,1.40652,1.40639,0.00144,0.0012
14.10.2025 11:59:00.144 UTC,1.40651,1.4064,0.00204,0.0012
14.10.2025 11:59:00.246 UTC,1.40652,1.40639,0.00189,0.0012
14.10.2025 11:59:00.348 UTC,1.40652,1.40639,0.00204,0.0012
14.10.2025 11:59:00.450 UTC,1.40652,1.40639,0.00144,0.0012
14.10.2025 11:59:00.552 UTC,1.40652,1.40639,0.00204,0.0012
14.10.2025 11:59:03.174 UTC,1.40651,1.4064,0.00279,0.0012
14.10.2025 11:59:04.984 UTC,1.40652,1.40639,0.00294,0.0012
14.10.2025 11:59:05.237 UTC,1.40651,1.4064,0.00279,0.0012
14.10.2025 11:59:06.762 UTC,1.40651,1.40639,0.00279,0.00135
14.10.2025 11:59:07.771 UTC,1.40653,1.40641,0.0018,0.00279
14.10.2025 11:59:07.876 UTC,1.40656,1.40645,0.0012,0.0012
14.10.2025 11:59:07.927 UTC,1.40658,1.40645,0.0012,0.0012
14.10.2025 11:59:08.637 UTC,1.40659,1.40646,0.00135,0.0012
14.10.2025 11:59:09.197 UTC,1.40659,1.40646,0.00192,0.0012
14.10.2025 11:59:09.300 UTC,1.40659,1.40646,0.00144,0.0012
14.10.2025 11:59:09.402 UTC,1.40659,1.40646,0.00249,0.0012
14.10.2025 11:59:09.605 UTC,1.40658,1.40647,0.00144,0.0012
14.10.2025 11:59:09.708 UTC,1.40659,1.40646,0.00192,0.0012
14.10.2025 11:59:09.910 UTC,1.40659,1.40646,0.00144,0.0012
14.10.2025 11:59:10.013 UTC,1.40659,1.40646,0.00192,0.0012
14.10.2025 11:59:10.166 UTC,1.40658,1.40647,0.00135,0.0012
14.10.2025 11:59:10.268 UTC,1.40659,1.40646,0.00192,0.0012
14.10.2025 11:59:10.523 UTC,1.40658,1.40647,0.00144,0.0012
14.10.2025 11:59:24.551 UTC,1.40659,1.40646,0.00147,0.0012
14.10.2025 11:59:24.905 UTC,1.40659,1.40646,0.00144,0.0012
14.10.2025 11:59:25.762 UTC,1.40659,1.40646,0.00297,0.0012
14.10.2025 11:59:25.814 UTC,1.40653,1.40641,0.0012,0.0012
14.10.2025 11:59:25.917 UTC,1.40651,1.40638,0.00132,0.0012
14.10.2025 11:59:26.172 UTC,1.4065,1.40637,0.0012,0.0012
14.10.2025 11:59:36.212 UTC,1.40648,1.40637,0.0012,0.0012
14.10.2025 11:59:41.693 UTC,1.40648,1.40636,0.0012,0.00135
14.10.2025 11:59:41.897 UTC,1.40649,1.40636,0.00144,0.0012
14.10.2025 11:59:43.464 UTC,1.40649,1.40636,0.00204,0.0012
14.10.2025 11:59:43.566 UTC,1.40649,1.40636,0.00189,0.0012
14.10.2025 11:59:55.936 UTC,1.40647,1.40636,0.00147,0.0012
14.10.2025 11:59:56.039 UTC,1.40647,1.40634,0.00249,0.0012
14.10.2025 11:59:56.141 UTC,1.40646,1.40635,0.00234,0.0012
14.10.2025 11:59:56.243 UTC,1.40648,1.40635,0.00144,0.0012